1634,25,35,13.858000,8.25,1,2,2
freq,site_01,site_02,site_03,site_04,site_05,site_06,site_07,site_08,site_09,site_10,site_11,site_12,site_13,site_14,site_15,site_16,site_17,site_18,site_19,site_20,site_21,site_22,site_23,site_24,site_25
0.097656,6.658871e-05,1.720639e-04,4.057929e-04,4.804107e-04,4.412011e-04,4.833464e-04,3.639266e-04,4.525430e-04,7.727988e-04,5.132094e-04,5.098770e-04,4.555619e-04,5.002759e-04,1.179511e-03,2.690537e-04,2.499811e-04,3.420529e-04,4.662991e-04,1.233037e-03,3.779982e-04,5.568506e-04,2.150959e-04,2.978264e-04,3.074750e-04,1.885024e-04
0.122070,9.510375e-05,2.718059e-04,4.719162e-04,5.748321e-04,5.197234e-04,5.122376e-04,4.878906e-04,5.059277e-04,8.126253e-04,6.390112e-04,4.063996e-04,5.255214e-04,6.229541e-04,1.463400e-03,3.301058e-04,4.314625e-04,4.933762e-04,7.715545e-04,8.782456e-04,4.467109e-04,7.001260e-04,2.296986e-04,3.959232e-04,3.149488e-04,2.671839e-04
0.146484,9.366023e-05,3.169727e-04,4.100414e-04,5.372236e-04,4.221590e-04,4.102518e-04,5.545359e-04,4.131799e-04,7.076901e-04,6.134840e-04,3.581591e-04,4.726590e-04,5.986179e-04,1.377489e-03,3.065724e-04,5.588832e-04,4.964403e-04,9.106468e-04,4.755294e-04,4.164030e-04,5.895732e-04,1.840164e-04,3.658179e-04,2.352641e-04,2.749338e-04
0.170898,1.003194e-04,3.983628e-04,4.395653e-04,5.661209e-04,4.360105e-04,4.036994e-04,6.811599e-04,3.969432e-04,7.896399e-04,6.949986e-04,4.381020e-04,5.092740e-04,6.209447e-04,1.510578e-03,3.230864e-04,6.648584e-04,4.864803e-04,9.079938e-04,3.173424e-04,4.342678e-04,5.201158e-04,1.857169e-04,3.328700e-04,2.029412e-04,2.944289e-04
0.195312,1.046945e-04,4.497878e-04,4.766059e-04,5.448757e-04,4.803719e-04,4.088605e-04,7.342588e-04,3.619080e-04,8.474103e-04,6.939324e-04,4.754867e-04,4.903343e-04,5.286183e-04,1.431386e-03,3.083888e-04,6.107638e-04,4.001711e-04,6.851373e-04,2.180200e-04,4.028712e-04,4.175235e-04,1.939304e-04,2.571767e-04,1.627338e-04,2.586278e-04
0.219727,1.334870e-04,5.562111e-04,6.175524e-04,5.945118e-04,6.521332e-04,5.385105e-04,9.186257e-04,4.122286e-04,1.098058e-03,7.968777e-04,5.689202e-04,5.154102e-04,4.626183e-04,1.395736e-03,3.317720e-04,5.967868e-04,3.822980e-04,5.735588e-04,1.980977e-04,4.281473e-04,3.816338e-04,2.370057e-04,2.137641e-04,1.468787e-04,2.283701e-04
0.244141,1.554679e-04,5.717497e-04,7.016603e-04,5.502225e-04,7.562298e-04,6.427947e-04,9.742481e-04,4.309016e-04,1.242693e-03,7.967908e-04,5.910308e-04,4.940026e-04,3.598633e-04,1.166005e-03,3.274402e-04,4.940899e-04,3.258358e-04,4.198619e-04,1.708920e-04,3.796322e-04,3.002211e-04,2.423985e-04,1.520262e-04,1.230671e-04,1.719061e-04
0.268555,2.704544e-04,8.304226e-04,1.162659e-03,7.443891e-04,1.235982e-03,1.126693e-03,1.467372e-03,6.569586e-04,1.928447e-03,1.108387e-03,8.562660e-04,7.066184e-04,4.420167e-04,1.474611e-03,5.217451e-04,5.973038e-04,3.847834e-04,4.103080e-04,2.051095e-04,4.615127e-04,3.511603e-04,3.450954e-04,1.587335e-04,1.537249e-04,1.824009e-04
0.292969,1.577045e-04,3.978527e-04,6.413550e-04,3.465327e-04,6.598668e-04,6.821021e-04,7.617747e-04,3.567445e-04,1.003800e-03,5.245511e-04,4.227346e-04,3.353654e-04,1.907282e-04,6.275202e-04,2.917322e-04,2.486094e-04,1.446582e-04,1.239347e-04,7.776202e-05,1.775225e-04,1.432665e-04,1.620434e-04,5.861604e-05,7.055372e-05,6.960370e-05
0.317383,2.088714e-04,4.382924e-04,8.032412e-04,3.799021e-04,7.857675e-04,9.459096e-04,9.208151e-04,4.742630e-04,1.222110e-03,5.859824e-04,5.038525e-04,3.611604e-04,1.893605e-04,5.861769e-04,3.519020e-04,2.423050e-04,1.224937e-04,8.142593e-05,5.989050e-05,1.503565e-04,1.520999e-04,1.893855e-04,5.705965e-05,8.488887e-05,6.940578e-05
0.341797,4.371825e-04,7.849466e-04,1.591816e-03,6.830791e-04,1.461980e-03,2.036154e-03,1.770734e-03,1.038850e-03,2.370154e-03,1.045491e-03,9.795581e-04,6.058023e-04,3.036088e-04,8.556319e-04,6.438189e-04,3.575774e-04,1.449338e-04,7.122876e-05,7.698844e-05,2.537946e-04,2.842963e-04,3.742188e-04,9.755551e-05,1.762274e-04,1.204194e-04
0.366211,4.930854e-04,7.841042e-04,1.702981e-03,6.832206e-04,1.452989e-03,2.219774e-03,1.767420e-03,1.212902e-03,2.410401e-03,9.814592e-04,1.039303e-03,5.406768e-04,2.639297e-04,6.633172e-04,6.107479e-04,2.671591e-04,4.343461e-05,7.333696e-06,9.532167e-05,2.780167e-04,2.966711e-04,4.091126e-04,9.585310e-05,1.901602e-04,1.083218e-04
0.390625,3.767747e-04,5.492054e-04,1.241871e-03,4.886136e-04,1.003817e-03,1.607909e-03,1.196319e-03,9.242384e-04,1.582393e-03,5.971249e-04,7.368833e-04,3.660771e-04,1.738401e-04,3.790277e-04,3.858592e-04,1.444206e-04,4.930982e-05,3.011995e-05,8.758809e-05,2.118866e-04,2.081921e-04,2.934309e-04,6.207913e-05,1.155196e-04,5.543653e-05
0.415039,4.730228e-04,6.502799e-04,1.483999e-03,5.885307e-04,1.145215e-03,1.928674e-03,1.382374e-03,1.210459e-03,1.768185e-03,6.206991e-04,8.581466e-04,4.471655e-04,2.386272e-04,4.562361e-04,4.870101e-04,1.606001e-04,1.157963e-04,5.739604e-05,1.290565e-04,2.753772e-04,2.132906e-04,2.984354e-04,5.705226e-05,9.394199e-05,3.852697e-05
0.439453,3.477286e-04,4.617099e-04,1.042087e-03,4.225012e-04,7.678289e-04,1.291974e-03,9.121533e-04,9.768975e-04,1.242810e-03,4.147002e-04,6.504032e-04,3.021954e-04,1.862824e-04,3.208423e-04,3.995851e-04,1.910853e-04,1.133921e-04,4.840578e-05,1.096595e-04,2.081125e-04,1.179644e-04,1.650920e-04,2.896016e-05,1.935546e-05,4.442197e-06
0.463867,3.727135e-04,4.871435e-04,1.079949e-03,4.639721e-04,7.833546e-04,1.276525e-03,8.978492e-04,1.140917e-03,1.285334e-03,4.177718e-04,7.688314e-04,3.158331e-04,1.977808e-04,3.044088e-04,4.205595e-04,3.130786e-04,1.715436e-04,6.555963e-05,1.212904e-04,2.141006e-04,9.575964e-05,1.339080e-04,2.245169e-05,5.012280e-05,1.956088e-05
0.488281,3.758649e-04,4.899544e-04,1.063695e-03,4.931278e-04,7.724798e-04,1.217494e-03,8.659082e-04,1.257000e-03,1.258355e-03,4.058214e-04,8.308139e-04,3.479040e-04,2.243127e-04,3.070790e-04,4.213237e-04,3.903899e-04,2.288893e-04,8.493529e-05,1.232574e-04,1.967781e-04,9.516211e-05,1.504791e-04,2.865653e-05,1.135725e-04,3.927748e-05
0.512695,5.185980e-04,6.800562e-04,1.449541e-03,7.305334e-04,1.062995e-03,1.569412e-03,1.135628e-03,1.817920e-03,1.639354e-03,5.371938e-04,1.180114e-03,4.919682e-04,3.532565e-04,4.440591e-04,6.131024e-04,5.365924e-04,3.299938e-04,1.256809e-04,1.631268e-04,2.182788e-04,1.306681e-04,2.271138e-04,4.630164e-05,1.942510e-04,6.213330e-05
0.537109,3.612440e-04,4.791881e-04,1.009725e-03,5.527414e-04,7.495630e-04,1.031223e-03,7.662988e-04,1.321738e-03,1.087265e-03,3.710409e-04,8.567307e-04,3.735376e-04,2.899087e-04,3.387104e-04,4.637767e-04,4.006219e-04,2.474128e-04,9.712953e-05,1.288409e-04,1.574072e-04,1.118953e-04,1.981632e-04,4.106823e-05,1.623228e-04,4.904738e-05
0.561523,4.559424e-04,6.137147e-04,1.294263e-03,7.695941e-04,9.770375e-04,1.199848e-03,9.184870e-04,1.742580e-03,1.335759e-03,4.871506e-04,1.153653e-03,5.049693e-04,4.233451e-04,4.663026e-04,6.165248e-04,5.391592e-04,3.463579e-04,1.374133e-04,1.751957e-04,2.292874e-04,1.698211e-04,2.925196e-04,6.071746e-05,2.207111e-04,6.418725e-05
0.585938,3.594621e-04,4.906341e-04,1.042412e-03,6.715752e-04,8.052062e-04,9.030469e-04,7.116837e-04,1.400826e-03,1.022435e-03,4.089807e-04,1.023389e-03,4.073056e-04,3.594217e-04,3.829016e-04,5.080541e-04,4.506699e-04,3.045376e-04,1.231010e-04,1.485711e-04,2.060228e-04,1.586409e-04,2.621291e-04,5.504843e-05,1.832034e-04,5.165313e-05
0.610352,3.489672e-04,4.825821e-04,1.042512e-03,7.058697e-04,8.040281e-04,8.515563e-04,7.025396e-04,1.381260e-03,9.518651e-04,4.206387e-04,1.051836e-03,4.224664e-04,3.534779e-04,3.632777e-04,4.740869e-04,4.700571e-04,3.084821e-04,1.311648e-04,1.584790e-04,2.166911e-04,1.793147e-04,2.861667e-04,6.199921e-05,1.809544e-04,4.999802e-05
0.634766,3.782751e-04,5.299914e-04,1.186388e-03,8.537018e-04,9.322853e-04,8.974952e-04,7.772320e-04,1.617726e-03,1.059073e-03,5.213997e-04,1.192008e-03,5.001536e-04,4.232281e-04,4.207684e-04,4.970631e-04,5.579116e-04,3.578529e-04,1.539574e-04,1.966765e-04,2.461478e-04,2.189843e-04,3.311950e-04,7.453073e-05,2.084939e-04,5.765599e-05
0.659180,2.801846e-04,3.966783e-04,9.280385e-04,7.115332e-04,7.543971e-04,6.758897e-04,6.081024e-04,1.258070e-03,8.013867e-04,4.479135e-04,9.798379e-04,3.767927e-04,3.578830e-04,3.577233e-04,3.904818e-04,4.317311e-04,3.050685e-04,1.312124e-04,1.574749e-04,1.966879e-04,1.753411e-04,2.517513e-04,5.990555e-05,1.650084e-04,4.637919e-05
0.683594,2.344546e-04,3.347503e-04,8.263515e-04,6.625870e-04,6.884113e-04,5.837694e-04,5.481716e-04,1.051507e-03,6.501505e-04,4.139466e-04,8.805358e-04,3.162357e-04,3.062984e-04,3.125808e-04,3.404149e-04,3.436878e-04,2.931400e-04,1.305048e-04,1.359211e-04,1.683534e-04,1.506996e-04,2.031620e-04,5.169675e-05,1.433508e-04,4.089312e-05
0.708008,2.231674e-04,3.206384e-04,8.413185e-04,6.954010e-04,7.149386e-04,5.674735e-04,5.562372e-04,1.001870e-03,6.030903e-04,4.378972e-04,8.791918e-04,3.138282e-04,2.852731e-04,2.936466e-04,3.081962e-04,3.123144e-04,2.856146e-04,1.379037e-04,1.281128e-04,1.531886e-04,1.452752e-04,1.823751e-04,4.954726e-05,1.330579e-04,3.892422e-05
0.732422,2.283233e-04,3.295215e-04,9.250310e-04,7.760330e-04,7.964137e-04,5.907889e-04,6.072133e-04,1.026165e-03,6.032195e-04,4.997087e-04,9.483198e-04,3.263937e-04,2.934926e-04,3.068770e-04,2.975000e-04,3.229901e-04,2.790124e-04,1.415148e-04,1.330387e-04,1.397961e-04,1.444762e-04,1.687819e-04,4.962154e-05,1.268124e-04,3.753211e-05
0.756836,2.804227e-04,4.050491e-04,1.214036e-03,1.035912e-03,1.075386e-03,7.399180e-04,7.932543e-04,1.312946e-03,7.527142e-04,7.071942e-04,1.210564e-03,4.137144e-04,3.612995e-04,3.887280e-04,3.578360e-04,3.972506e-04,3.413694e-04,1.679309e-04,1.684015e-04,1.521074e-04,1.710305e-04,1.851425e-04,5.864165e-05,1.397438e-04,4.228246e-05
0.781250,2.162911e-04,3.119669e-04,9.938205e-04,8.303247e-04,8.807505e-04,6.044019e-04,6.709751e-04,1.018430e-03,5.790371e-04,6.201208e-04,9.971301e-04,3.293939e-04,2.860704e-04,3.122945e-04,2.564509e-04,2.918024e-04,2.646184e-04,1.251445e-04,1.236696e-04,1.019130e-04,1.183977e-04,1.177730e-04,4.013951e-05,9.538495e-05,2.973254e-05
0.805664,1.788770e-04,2.579699e-04,8.834253e-04,7.188171e-04,7.840878e-04,5.393349e-04,6.286728e-04,8.118252e-04,4.525561e-04,5.482977e-04,8.764473e-04,2.700478e-04,2.425872e-04,2.751007e-04,2.070328e-04,2.454558e-04,1.946110e-04,9.452283e-05,8.307412e-05,6.883284e-05,7.834887e-05,7.384574e-05,2.816107e-05,6.854219e-05,2.183700e-05
0.830078,2.154707e-04,3.102038e-04,1.139975e-03,9.268460e-04,1.053428e-03,6.825005e-04,8.295145e-04,9.938679e-04,5.339556e-04,7.184592e-04,1.062651e-03,3.334451e-04,2.768317e-04,3.313229e-04,2.542380e-04,2.863780e-04,2.136112e-04,9.621265e-05,7.024627e-05,5.925534e-05,7.805370e-05,7.012472e-05,2.956224e-05,7.308034e-05,2.411037e-05
0.854492,2.846683e-04,4.091290e-04,1.609016e-03,1.276288e-03,1.524084e-03,9.433072e-04,1.178606e-03,1.339182e-03,7.132475e-04,1.071699e-03,1.456630e-03,4.810574e-04,3.371011e-04,4.091089e-04,3.124376e-04,3.220682e-04,2.735813e-04,1.128045e-04,5.486275e-05,3.854308e-05,9.556609e-05,8.256237e-05,3.842971e-05,9.275177e-05,3.240928e-05
0.878906,2.784810e-04,3.997565e-04,1.682582e-03,1.289570e-03,1.627155e-03,9.592499e-04,1.238913e-03,1.295970e-03,6.858538e-04,1.147617e-03,1.544547e-03,4.815193e-04,3.427254e-04,4.209371e-04,2.749292e-04,2.979412e-04,2.419372e-04,1.111017e-04,1.174727e-05,3.438401e-05,1.070545e-04,8.257618e-05,4.137101e-05,9.753976e-05,3.538436e-05
0.903320,1.933097e-04,2.771594e-04,1.241974e-03,9.090020e-04,1.220365e-03,6.854445e-04,9.138987e-04,8.951245e-04,4.665192e-04,8.582548e-04,1.125613e-03,3.266955e-04,2.446865e-04,3.173998e-04,1.948858e-04,2.507681e-04,1.278498e-04,6.455477e-05,3.853433e-05,4.491938e-05,9.825262e-05,6.642927e-05,3.399433e-05,7.706912e-05,2.946593e-05
0.927734,1.327660e-04,1.900723e-04,9.016915e-04,6.321952e-04,9.091585e-04,4.876241e-04,6.723150e-04,6.088616e-04,3.124565e-04,6.278590e-04,8.110048e-04,2.275736e-04,1.629627e-04,2.213428e-04,1.406818e-04,1.900346e-04,1.052161e-04,4.251268e-05,6.024047e-05,4.947508e-05,8.304719e-05,5.111920e-05,2.792756e-05,5.616431e-05,2.218376e-05
0.952148,1.625823e-04,2.324402e-04,1.157640e-03,7.713838e-04,1.197189e-03,6.146655e-04,8.683146e-04,7.427171e-04,3.725351e-04,8.079958e-04,1.020685e-03,2.795043e-04,1.939522e-04,2.733393e-04,1.733903e-04,2.299295e-04,1.836298e-04,8.277251e-05,1.046005e-04,9.063777e-05,1.240545e-04,6.953036e-05,3.938085e-05,7.351598e-05,3.001799e-05
0.976562,2.101234e-04,3.010409e-04,1.586612e-03,9.984768e-04,1.673322e-03,8.410667e-04,1.209465e-03,9.679487e-04,4.836763e-04,1.132626e-03,1.376129e-03,3.717655e-04,2.408111e-04,3.549820e-04,2.335876e-04,3.315811e-04,2.830087e-04,1.492228e-04,1.678763e-04,1.552970e-04,1.891751e-04,9.685676e-05,5.641269e-05,1.021795e-04,4.374037e-05
1.000977,1.716144e-04,2.462548e-04,1.364148e-03,8.430006e-04,1.532114e-03,7.160602e-04,1.065513e-03,7.725405e-04,3.864906e-04,9.787521e-04,1.247290e-03,3.238879e-04,1.922640e-04,2.894882e-04,1.952939e-04,3.155541e-04,2.637033e-04,1.395515e-04,1.693670e-04,1.501654e-04,1.749290e-04,8.389780e-05,5.127405e-05,8.681273e-05,3.934466e-05
1.025391,1.492157e-04,2.146874e-04,1.237044e-03,7.327205e-04,1.451493e-03,6.187004e-04,9.423788e-04,6.687800e-04,3.243336e-04,8.674474e-04,1.128503e-03,2.766095e-04,1.758728e-04,2.662066e-04,1.601304e-04,3.077378e-04,2.572858e-04,1.348227e-04,1.845820e-04,1.412292e-04,1.748277e-04,7.939085e-05,5.013317e-05,7.515410e-05,3.621907e-05
1.049805,1.370473e-04,1.982999e-04,1.192505e-03,6.598545e-04,1.420019e-03,5.751569e-04,8.889374e-04,6.343039e-04,3.014542e-04,8.450675e-04,1.021468e-03,2.476041e-04,1.627888e-04,2.580329e-04,1.499151e-04,3.266049e-04,2.560940e-04,1.395556e-04,1.952826e-04,1.434667e-04,1.832853e-04,8.123310e-05,5.447018e-05,6.881238e-05,3.517551e-05
1.074219,1.314297e-04,1.911353e-04,1.189818e-03,6.207799e-04,1.451310e-03,5.605101e-04,8.914087e-04,6.052872e-04,2.865506e-04,8.475499e-04,1.002081e-03,2.497451e-04,1.440291e-04,2.375177e-04,1.511493e-04,3.573069e-04,2.474498e-04,1.406366e-04,2.038326e-04,1.514224e-04,1.994340e-04,8.703229e-05,6.193717e-05,7.006367e-05,3.590681e-05
1.098633,1.209509e-04,1.768263e-04,1.131960e-03,5.576767e-04,1.417335e-03,5.215844e-04,8.528126e-04,5.471961e-04,2.547477e-04,7.875174e-04,9.552917e-04,2.386723e-04,1.254299e-04,2.056018e-04,1.349846e-04,3.390827e-04,2.402793e-04,1.275964e-04,1.939126e-04,1.518015e-04,1.957494e-04,8.717931e-05,6.786399e-05,7.404646e-05,3.836205e-05
1.123047,9.605141e-05,1.412078e-04,9.240669e-04,4.326063e-04,1.195417e-03,4.165584e-04,6.999939e-04,4.299455e-04,1.968894e-04,6.322859e-04,7.756269e-04,1.874204e-04,1.003963e-04,1.651124e-04,9.988528e-05,2.573403e-04,2.065471e-04,1.032254e-04,1.615566e-04,1.233701e-04,1.603822e-04,7.175878e-05,5.986914e-05,6.955800e-05,3.590700e-05
1.147461,1.113342e-04,1.651431e-04,1.112011e-03,4.883437e-04,1.462195e-03,4.823443e-04,8.271562e-04,5.005071e-04,2.239934e-04,7.415439e-04,9.166620e-04,2.179561e-04,1.142299e-04,1.913564e-04,1.133656e-04,2.976495e-04,2.452665e-04,1.272043e-04,1.945406e-04,1.408099e-04,1.822526e-04,8.320069e-05,7.491962e-05,9.186256e-05,4.843825e-05
1.171875,1.416018e-04,2.118369e-04,1.470723e-03,6.219304e-04,2.002797e-03,6.301943e-04,1.103876e-03,6.660866e-04,2.917392e-04,9.867952e-04,1.161731e-03,2.822502e-04,1.408652e-04,2.374909e-04,1.430959e-04,3.958543e-04,2.942824e-04,1.637046e-04,2.464112e-04,1.766943e-04,2.256038e-04,1.041070e-04,9.959861e-05,1.253822e-04,6.772931e-05
1.196289,1.677560e-04,2.527704e-04,1.781805e-03,7.304654e-04,2.533824e-03,7.395543e-04,1.355972e-03,7.830459e-04,3.432409e-04,1.199395e-03,1.381203e-03,3.347318e-04,1.597406e-04,2.740867e-04,1.634266e-04,4.645111e-04,3.168936e-04,1.740904e-04,2.657225e-04,2.035613e-04,2.530282e-04,1.172057e-04,1.167823e-04,1.511908e-04,8.317727e-05
1.220703,1.641890e-04,2.496651e-04,1.793181e-03,6.908620e-04,2.568807e-03,7.025013e-04,1.331844e-03,7.392967e-04,3.150545e-04,1.125298e-03,1.405094e-03,3.455950e-04,1.399440e-04,2.469630e-04,1.631504e-04,4.268729e-04,2.822997e-04,1.475444e-04,2.316708e-04,1.880770e-04,2.220278e-04,1.040875e-04,1.079147e-04,1.415946e-04,7.881094e-05
1.245117,1.529842e-04,2.342094e-04,1.702615e-03,6.282071e-04,2.488019e-03,6.586831e-04,1.277791e-03,7.013135e-04,2.869771e-04,1.028104e-03,1.297349e-03,3.258941e-04,1.227894e-04,2.102081e-04,1.474886e-04,3.919158e-04,2.408876e-04,1.238595e-04,1.981917e-04,1.496047e-04,1.759713e-04,8.310184e-05,8.977255e-05,1.208879e-04,6.862882e-05
1.269531,1.405347e-04,2.163908e-04,1.581219e-03,5.622641e-04,2.369517e-03,6.058142e-04,1.217035e-03,6.492997e-04,2.646064e-04,9.638242e-04,1.162659e-03,2.811838e-04,1.179058e-04,1.977698e-04,1.200839e-04,3.337444e-04,1.876607e-04,9.948515e-05,1.673666e-04,1.129608e-04,1.302640e-04,6.226290e-05,6.799887e-05,9.818345e-05,5.627204e-05
1.293945,1.266078e-04,1.959654e-04,1.439583e-03,4.970498e-04,2.217444e-03,5.452897e-04,1.127729e-03,5.826769e-04,2.353357e-04,8.716912e-04,1.075586e-03,2.568317e-04,1.043634e-04,1.831929e-04,1.059337e-04,2.534117e-04,1.485662e-04,7.156309e-05,1.243854e-04,7.975711e-05,8.821702e-05,4.006223e-05,4.467375e-05,7.206237e-05,4.294998e-05
1.318359,1.736744e-04,2.702252e-04,1.997526e-03,6.713329e-04,3.155449e-03,7.461579e-04,1.594849e-03,8.036274e-04,3.202476e-04,1.197246e-03,1.505537e-03,3.770149e-04,1.299831e-04,2.335359e-04,1.566967e-04,3.155117e-04,1.880803e-04,7.977232e-05,1.262817e-04,8.932341e-05,8.853661e-05,3.836238e-05,3.829697e-05,7.530342e-05,4.582028e-05
1.342773,2.164983e-04,3.380933e-04,2.517325e-03,8.293034e-04,4.071154e-03,9.319267e-04,2.047033e-03,9.973522e-04,3.914392e-04,1.475964e-03,1.929675e-03,4.860320e-04,1.562991e-04,2.744225e-04,1.955242e-04,4.192421e-04,1.947679e-04,9.117895e-05,1.154722e-04,7.958562e-05,7.019010e-05,2.664606e-05,2.318950e-05,7.805758e-05,4.876522e-05
1.367188,2.465343e-04,3.852643e-04,2.843822e-03,9.287546e-04,4.749793e-03,1.070199e-03,2.430754e-03,1.131624e-03,4.343896e-04,1.635289e-03,2.209727e-03,5.634390e-04,1.766872e-04,3.088606e-04,2.095383e-04,4.523132e-04,1.536011e-04,8.374572e-05,8.995328e-05,4.332240e-05,4.415173e-05,1.266052e-05,1.457721e-05,9.416748e-05,6.257051e-05
1.391602,2.298674e-04,3.602498e-04,2.655307e-03,8.289685e-04,4.407972e-03,9.828455e-04,2.348122e-03,1.030474e-03,3.991063e-04,1.516745e-03,2.028295e-03,5.173974e-04,1.643913e-04,2.808780e-04,1.893276e-04,3.545483e-04,1.242501e-04,4.959818e-05,3.226143e-05,5.672703e-06,4.799630e-05,2.101297e-05,2.894802e-05,1.094528e-04,7.385613e-05
1.416016,1.960466e-04,3.070925e-04,2.265353e-03,6.850604e-04,3.741221e-03,8.304680e-04,2.030834e-03,8.372365e-04,3.259430e-04,1.259592e-03,1.804146e-03,4.351939e-04,1.455835e-04,2.475370e-04,1.554867e-04,2.993781e-04,1.240836e-04,3.901817e-05,3.255858e-05,3.660208e-05,7.234592e-05,3.566518e-05,4.278063e-05,1.118504e-04,7.823554e-05
1.440430,1.690778e-04,2.639937e-04,1.927674e-03,5.819335e-04,3.257500e-03,7.289787e-04,1.816040e-03,7.235590e-04,2.715372e-04,1.037362e-03,1.613873e-03,3.998225e-04,1.233137e-04,2.189925e-04,1.366126e-04,2.746092e-04,1.068377e-04,4.590621e-05,6.782697e-05,4.874784e-05,8.769734e-05,4.640017e-05,5.481032e-05,1.081404e-04,7.812994e-05
1.464844,1.437594e-04,2.238147e-04,1.629298e-03,4.900573e-04,2.802834e-03,6.235043e-04,1.617406e-03,6.320418e-04,2.364174e-04,8.954268e-04,1.334987e-03,3.647975e-04,9.590891e-05,1.740802e-04,1.306281e-04,2.508778e-04,9.990001e-05,4.467241e-05,8.391751e-05,6.147679e-05,9.598204e-05,5.352232e-05,6.048394e-05,9.519703e-05,7.103036e-05
1.489258,1.216090e-04,1.886307e-04,1.374033e-03,4.151970e-04,2.410723e-03,5.285938e-04,1.422207e-03,5.308185e-04,1.999645e-04,7.607211e-04,1.126462e-03,3.029538e-04,8.216685e-05,1.411392e-04,1.138801e-04,2.419269e-04,1.001586e-04,4.407907e-05,8.300407e-05,7.356779e-05,9.532217e-05,5.518671e-05,6.475581e-05,8.053035e-05,6.209990e-05
1.513672,1.318338e-04,2.032902e-04,1.486245e-03,4.537423e-04,2.654167e-03,5.756763e-04,1.610252e-03,5.750663e-04,2.158108e-04,8.182943e-04,1.262618e-03,3.321027e-04,9.533514e-05,1.643050e-04,1.168024e-04,3.036540e-04,1.203512e-04,5.811363e-05,1.124722e-04,1.016394e-04,1.216091e-04,7.380850e-05,8.625586e-05,8.037938e-05,6.632831e-05
1.538086,1.577704e-04,2.408584e-04,1.739906e-03,5.497123e-04,3.225363e-03,6.944188e-04,1.987131e-03,6.749151e-04,2.525948e-04,9.568083e-04,1.541946e-03,4.224416e-04,1.101239e-04,1.984349e-04,1.429525e-04,3.652541e-04,1.475709e-04,7.676771e-05,1.660327e-04,1.343774e-04,1.588533e-04,1.017490e-04,1.258501e-04,8.355956e-05,7.141996e-05
1.562500,1.681011e-04,2.543424e-04,1.825252e-03,5.858618e-04,3.460219e-03,7.508606e-04,2.228201e-03,7.297084e-04,2.671448e-04,9.947764e-04,1.670619e-03,4.686494e-04,1.126850e-04,2.032337e-04,1.625835e-04,3.693783e-04,1.795791e-04,8.255661e-05,2.030325e-04,1.524034e-04,1.793727e-04,1.210696e-04,1.547400e-04,7.801502e-05,6.794219e-05
1.586914,1.754261e-04,2.617752e-04,1.867342e-03,6.124591e-04,3.607209e-03,7.724702e-04,2.402150e-03,7.872778e-04,2.915367e-04,1.071511e-03,1.705491e-03,5.155531e-04,1.153794e-04,2.105785e-04,1.739411e-04,4.186246e-04,2.209716e-04,9.246017e-05,2.218285e-04,1.731615e-04,1.903875e-04,1.364680e-04,1.844003e-04,9.789872e-05,7.279637e-05
1.611328,1.911725e-04,2.803464e-04,1.959090e-03,6.762564e-04,3.956679e-03,8.300836e-04,2.621861e-03,8.345980e-04,3.145619e-04,1.161361e-03,1.830708e-03,5.633068e-04,1.225496e-04,2.229798e-04,1.915797e-04,4.879661e-04,2.480262e-04,1.137996e-04,2.540994e-04,2.079781e-04,2.124043e-04,1.550279e-04,2.139595e-04,1.435281e-04,1.020956e-04
1.635742,1.965061e-04,2.832651e-04,1.955120e-03,7.028796e-04,4.085880e-03,8.599340e-04,2.784699e-03,8.558078e-04,3.130050e-04,1.135697e-03,1.969816e-03,5.575742e-04,1.315592e-04,2.289497e-04,1.939210e-04,5.062298e-04,2.437671e-04,1.199954e-04,2.848783e-04,2.221881e-04,2.281482e-04,1.657345e-04,2.278773e-04,1.903949e-04,1.395242e-04
1.660156,1.526632e-04,2.157216e-04,1.467277e-03,5.484669e-04,3.143829e-03,6.642968e-04,2.228933e-03,6.786591e-04,2.458787e-04,8.700907e-04,1.537277e-03,4.539645e-04,1.052707e-04,1.880612e-04,1.402204e-04,3.929292e-04,1.868922e-04,8.923815e-05,2.380672e-04,1.713788e-04,1.849467e-04,1.336071e-04,1.825084e-04,1.757566e-04,1.341108e-04
1.684570,1.203445e-04,1.664815e-04,1.112391e-03,4.296020e-04,2.419723e-03,5.207592e-04,1.791520e-03,5.274077e-04,1.943442e-04,6.820948e-04,1.170282e-03,3.809401e-04,7.674306e-05,1.450112e-04,1.106723e-04,3.076086e-04,1.469083e-04,6.638260e-05,1.774845e-04,1.266050e-04,1.511360e-04,1.100505e-04,1.435572e-04,1.495479e-04,1.187061e-04
1.708984,1.274225e-04,1.722909e-04,1.125664e-03,4.455151e-04,2.456819e-03,5.452254e-04,1.924956e-03,5.442635e-04,2.022606e-04,7.020302e-04,1.210799e-03,3.927568e-04,7.473631e-05,1.390189e-04,1.227141e-04,2.952712e-04,1.443947e-04,6.699510e-05,1.732207e-04,1.315162e-04,1.555065e-04,1.160617e-04,1.506216e-04,1.599977e-04,1.300628e-04
1.733398,1.362038e-04,1.801521e-04,1.153139e-03,4.643493e-04,2.504977e-03,5.734526e-04,2.065622e-03,5.617187e-04,2.112618e-04,7.245318e-04,1.259347e-03,3.982840e-04,8.042919e-05,1.429638e-04,1.250332e-04,2.771006e-04,1.419144e-04,6.433248e-05,1.727247e-04,1.333761e-04,1.570411e-04,1.199873e-04,1.517791e-04,1.639308e-04,1.375583e-04
1.757812,1.464126e-04,1.890910e-04,1.200548e-03,4.854776e-04,2.559512e-03,6.138366e-04,2.279389e-03,5.827355e-04,2.197872e-04,7.446935e-04,1.341570e-03,4.246352e-04,8.679387e-05,1.566561e-04,1.226169e-04,2.911609e-04,1.497158e-04,6.010483e-05,1.745768e-04,1.279822e-04,1.531288e-04,1.210725e-04,1.531601e-04,1.596921e-04,1.375394e-04
1.782227,1.584453e-04,1.990835e-04,1.236776e-03,5.130993e-04,2.611718e-03,6.403065e-04,2.481597e-03,6.166886e-04,2.322106e-04,7.673295e-04,1.452279e-03,4.566542e-04,8.921662e-05,1.657882e-04,1.278662e-04,3.141252e-04,1.535712e-04,5.879028e-05,1.647088e-04,1.121697e-04,1.476594e-04,1.168071e-04,1.454765e-04,1.478501e-04,1.326411e-04
1.806641,1.738764e-04,2.134729e-04,1.313374e-03,5.603762e-04,2.756388e-03,6.864255e-04,2.694013e-03,6.427340e-04,2.517745e-04,8.264617e-04,1.531318e-03,5.073608e-04,9.353350e-05,1.749533e-04,1.420496e-04,3.074329e-04,1.426227e-04,6.029007e-05,1.458571e-04,9.579479e-05,1.336651e-04,1.121834e-04,1.394792e-04,1.237786e-04,1.177557e-04
1.831055,1.877952e-04,2.250362e-04,1.392212e-03,5.981317e-04,2.844186e-03,7.517653e-04,3.007277e-03,6.507192e-04,2.599991e-04,8.543747e-04,1.624236e-03,5.653338e-04,9.541919e-05,1.860801e-04,1.515366e-04,2.836435e-04,1.246441e-04,5.648518e-05,1.278133e-04,8.320124e-05,1.088984e-04,9.880858e-05,1.257920e-04,9.033524e-05,9.161105e-05
1.855469,1.618991e-04,1.892269e-04,1.172239e-03,5.097447e-04,2.323099e-03,6.386262e-04,2.654353e-03,5.566480e-04,2.175097e-04,6.920606e-04,1.428805e-03,4.660003e-04,7.640629e-05,1.497883e-04,1.330066e-04,2.268220e-04,9.376965e-05,3.843142e-05,8.987288e-05,5.130585e-05,6.087100e-05,5.987655e-05,8.044556e-05,4.511959e-05,5.186059e-05
1.879883,1.345336e-04,1.532908e-04,9.551834e-04,4.218107e-04,1.843556e-03,5.225278e-04,2.215930e-03,4.598203e-04,1.841579e-04,5.716899e-04,1.150344e-03,3.645469e-04,6.482308e-05,1.191325e-04,1.110954e-04,1.831386e-04,7.612350e-05,2.481813e-05,5.566389e-05,2.381747e-05,2.749921e-05,3.078553e-05,4.251417e-05,2.787623e-05,3.254216e-05
1.904297,1.442282e-04,1.600277e-04,1.000691e-03,4.550973e-04,1.903655e-03,5.500558e-04,2.383563e-03,4.779638e-04,1.963444e-04,6.028406e-04,1.176273e-03,4.061987e-04,7.211551e-05,1.363811e-04,1.085895e-04,1.822884e-04,7.232790e-05,2.570838e-05,3.528707e-05,8.982324e-06,1.948502e-05,2.238073e-05,2.933362e-05,4.118223e-05,4.350094e-05
1.928711,1.608127e-04,1.733865e-04,1.097886e-03,5.173700e-04,2.079291e-03,6.119043e-04,2.681512e-03,5.229023e-04,2.196412e-04,6.638670e-04,1.302383e-03,4.615428e-04,7.571981e-05,1.543269e-04,1.159532e-04,2.055084e-04,7.692963e-05,2.753128e-05,3.412310e-05,2.707936e-05,3.356783e-05,3.203355e-05,3.922435e-05,5.905347e-05,6.029886e-05
1.953125,1.691648e-04,1.764776e-04,1.113933e-03,5.538503e-04,2.120437e-03,6.400737e-04,2.886395e-03,5.327836e-04,2.275413e-04,6.806319e-04,1.351863e-03,4.643568e-04,7.557496e-05,1.529220e-04,1.312672e-04,2.366984e-04,8.960883e-05,2.867148e-05,6.624511e-05,4.738534e-05,4.927745e-05,4.963569e-05,6.049508e-05,7.232648e-05,7.390323e-05
1.977539,1.709843e-04,1.731706e-04,1.093382e-03,5.792263e-04,2.114179e-03,6.271099e-04,2.909945e-03,5.422609e-04,2.306677e-04,6.675196e-04,1.376696e-03,4.582134e-04,7.800652e-05,1.541449e-04,1.341159e-04,2.283360e-04,9.413525e-05,3.489374e-05,8.728225e-05,5.952534e-05,6.116554e-05,5.922598e-05,7.936292e-05,7.391667e-05,7.710573e-05
2.001953,1.764257e-04,1.731603e-04,1.103628e-03,6.104904e-04,2.150639e-03,6.437220e-04,2.957120e-03,5.593578e-04,2.485212e-04,7.030633e-04,1.382781e-03,4.568305e-04,7.979008e-05,1.594653e-04,1.334356e-04,2.185378e-04,9.556530e-05,4.192527e-05,1.064271e-04,7.725247e-05,7.190296e-05,7.073568e-05,9.395438e-05,7.377192e-05,7.756070e-05
2.026367,1.977535e-04,1.877846e-04,1.188494e-03,6.849131e-04,2.334212e-03,7.121867e-04,3.296537e-03,5.926855e-04,2.732724e-04,7.717437e-04,1.441815e-03,5.137576e-04,8.864864e-05,1.765404e-04,1.479972e-04,2.659162e-04,1.256306e-04,4.565501e-05,1.446784e-04,1.111338e-04,8.759622e-05,8.274251e-05,1.115678e-04,6.843131e-05,7.706476e-05
2.050781,2.199733e-04,2.026366e-04,1.282663e-03,7.665364e-04,2.534207e-03,7.620574e-04,3.584260e-03,6.454743e-04,2.924191e-04,8.035217e-04,1.595484e-03,6.013563e-04,9.619200e-05,2.000520e-04,1.591614e-04,3.218561e-04,1.651379e-04,5.224627e-05,1.964298e-04,1.437516e-04,1.062559e-04,9.311181e-05,1.228843e-04,6.436800e-05,6.906346e-05
2.075195,2.190187e-04,1.953534e-04,1.239655e-03,7.620077e-04,2.449721e-03,7.419578e-04,3.467364e-03,6.390621e-04,2.942110e-04,7.803200e-04,1.595657e-03,5.795787e-04,8.695827e-05,1.918718e-04,1.560782e-04,3.196024e-04,1.657664e-04,6.144625e-05,2.053200e-04,1.506069e-04,1.154205e-04,9.713687e-05,1.201043e-04,6.735783e-05,5.597650e-05
2.099609,2.127938e-04,1.837945e-04,1.175142e-03,7.424257e-04,2.317199e-03,7.134858e-04,3.339162e-03,6.048154e-04,2.887677e-04,7.551625e-04,1.483979e-03,5.255234e-04,8.156655e-05,1.711940e-04,1.624710e-04,3.130396e-04,1.594706e-04,6.473538e-05,2.029219e-04,1.492545e-04,1.288029e-04,1.013530e-04,1.177786e-04,9.001256e-05,6.235395e-05
2.124023,2.213847e-04,1.846160e-04,1.180146e-03,7.665600e-04,2.313331e-03,7.411774e-04,3.445109e-03,6.165176e-04,3.018168e-04,7.729644e-04,1.485548e-03,5.613500e-04,9.046101e-05,1.808182e-04,1.707286e-04,3.279905e-04,1.737945e-04,6.621865e-05,2.173317e-04,1.676267e-04,1.518767e-04,1.216520e-04,1.265717e-04,1.270461e-04,9.115583e-05
2.148438,2.520879e-04,2.040276e-04,1.308427e-03,8.761232e-04,2.539877e-03,8.392394e-04,3.934067e-03,6.785234e-04,3.427646e-04,8.649122e-04,1.623673e-03,6.615540e-04,1.023539e-04,2.200854e-04,1.777653e-04,3.473726e-04,2.026241e-04,7.533377e-05,2.692132e-04,2.014755e-04,1.876051e-04,1.555145e-04,1.616252e-04,1.718261e-04,1.333595e-04
2.172852,2.804649e-04,2.200497e-04,1.443102e-03,9.854493e-04,2.775133e-03,9.258624e-04,4.315091e-03,7.458766e-04,3.781153e-04,9.321781e-04,1.786264e-03,7.430511e-04,1.076131e-04,2.412543e-04,1.952769e-04,3.630473e-04,2.203037e-04,8.738014e-05,3.105772e-04,2.271803e-04,2.159710e-04,1.938726e-04,1.990057e-04,2.157523e-04,1.742399e-04
2.197266,2.824196e-04,2.138467e-04,1.405149e-03,9.754895e-04,2.657045e-03,9.503011e-04,4.272240e-03,7.364087e-04,3.868750e-04,9.245087e-04,1.807618e-03,7.431726e-04,1.061882e-04,2.362055e-04,2.068044e-04,3.791753e-04,2.236818e-04,8.486834e-05,2.982822e-04,2.166777e-04,2.110086e-04,1.968422e-04,2.162761e-04,2.228599e-04,1.887790e-04
2.221680,2.802249e-04,2.052277e-04,1.350084e-03,9.673389e-04,2.535812e-03,9.498316e-04,4.318286e-03,6.773197e-04,3.799322e-04,9.116259e-04,1.700903e-03,6.990834e-04,1.046594e-04,2.341445e-04,2.063412e-04,3.924312e-04,2.325804e-04,7.689383e-05,2.788097e-04,2.065786e-04,1.999240e-04,1.905124e-04,2.143878e-04,2.176260e-04,1.847668e-04
2.246094,2.727648e-04,1.926619e-04,1.267046e-03,9.447291e-04,2.396938e-03,9.152194e-04,4.199707e-03,6.294728e-04,3.524893e-04,8.357224e-04,1.593629e-03,6.531858e-04,1.029701e-04,2.216496e-04,2.009159e-04,3.473310e-04,2.245994e-04,7.138105e-05,2.638416e-04,1.989535e-04,1.794415e-04,1.763238e-04,2.028461e-04,1.980709e-04,1.744118e-04
2.270508,2.524096e-04,1.718761e-04,1.124562e-03,8.774500e-04,2.152547e-03,8.477817e-04,3.865793e-03,5.779296e-04,3.255565e-04,7.414183e-04,1.490700e-03,6.340465e-04,1.011445e-04,2.149404e-04,1.865186e-04,2.866841e-04,1.793751e-04,6.962092e-05,2.297526e-04,1.795161e-04,1.476526e-04,1.467774e-04,1.735683e-04,1.630431e-04,1.467174e-04
2.294922,2.318455e-04,1.521314e-04,9.875048e-04,8.054244e-04,1.913022e-03,7.759317e-04,3.522227e-03,5.138610e-04,3.013419e-04,6.722409e-04,1.323741e-03,5.766183e-04,9.026744e-05,2.100378e-04,1.581313e-04,2.580490e-04,1.462359e-04,6.015538e-05,1.859141e-04,1.462121e-04,1.150936e-04,1.149611e-04,1.376707e-04,1.246898e-04,1.163128e-04
2.319336,2.638809e-04,1.674979e-04,1.075314e-03,9.099078e-04,2.086054e-03,8.778354e-04,3.944424e-03,5.614819e-04,3.392387e-04,7.432657e-04,1.420490e-03,6.048848e-04,9.328882e-05,2.268161e-04,1.763159e-04,2.763418e-04,1.638282e-04,5.801120e-05,1.669081e-04,1.423550e-04,1.045062e-04,1.025895e-04,1.275805e-04,1.052007e-04,1.056001e-04
2.343750,3.321542e-04,2.041849e-04,1.318521e-03,1.150557e-03,2.560662e-03,1.088884e-03,4.940806e-03,6.777392e-04,4.248191e-04,9.173868e-04,1.709070e-03,7.464948e-04,1.177443e-04,2.664730e-04,2.455629e-04,3.227545e-04,1.949854e-04,6.467214e-05,1.815043e-04,1.509654e-04,1.082878e-04,9.343819e-05,1.146820e-04,7.983514e-05,9.357444e-05
2.368164,4.069016e-04,2.414949e-04,1.544099e-03,1.377121e-03,2.993551e-03,1.287569e-03,5.808159e-03,7.965828e-04,5.037775e-04,1.073531e-03,1.971562e-03,9.051992e-04,1.459103e-04,3.295842e-04,3.049658e-04,4.045537e-04,2.132245e-04,7.659875e-05,1.987781e-04,1.652153e-04,1.061618e-04,7.617965e-05,8.848681e-05,4.503586e-05,6.873888e-05
2.392578,4.151248e-04,2.391606e-04,1.519656e-03,1.382123e-03,2.908155e-03,1.308181e-03,5.743352e-03,8.143386e-04,5.168524e-04,1.055758e-03,1.962745e-03,8.937743e-04,1.425042e-04,3.371338e-04,2.947538e-04,4.148374e-04,2.220454e-04,6.876690e-05,1.602972e-04,1.313187e-04,8.441873e-05,5.386106e-05,3.839220e-05,1.142387e-05,4.694883e-05
2.416992,4.053995e-04,2.261225e-04,1.447354e-03,1.351414e-03,2.769174e-03,1.267897e-03,5.622639e-03,7.786880e-04,5.268438e-04,1.055618e-03,1.869833e-03,8.679172e-04,1.348374e-04,3.206696e-04,2.829485e-04,3.609748e-04,2.231747e-04,6.252379e-05,1.017592e-04,7.930896e-05,5.253293e-05,3.539446e-05,1.165471e-05,2.491839e-05,4.597075e-05
2.441406,3.959671e-04,2.137499e-04,1.365261e-03,1.301021e-03,2.597098e-03,1.216355e-03,5.346527e-03,7.359912e-04,5.074232e-04,1.013241e-03,1.685546e-03,8.094971e-04,1.281881e-04,3.124841e-04,2.757043e-04,3.383815e-04,1.947483e-04,6.854449e-05,8.252136e-05,5.113627e-05,1.769254e-05,2.244934e-05,2.956549e-05,4.553376e-05,5.685952e-05
2.465820,3.557663e-04,1.862685e-04,1.193504e-03,1.158554e-03,2.241617e-03,1.094621e-03,4.695460e-03,6.701494e-04,4.560296e-04,8.770949e-04,1.472577e-03,6.745564e-04,1.095902e-04,2.724723e-04,2.425382e-04,3.327526e-04,1.695461e-04,6.744476e-05,8.440613e-05,6.010192e-05,1.925855e-05,2.211006e-05,4.279209e-05,5.512644e-05,6.055368e-05
2.490234,3.143661e-04,1.599185e-04,1.027801e-03,1.013059e-03,1.900811e-03,9.605769e-04,4.069452e-03,5.898106e-04,4.150136e-04,7.758911e-04,1.299024e-03,6.159697e-04,9.903118e-05,2.282064e-04,2.197386e-04,3.073548e-04,1.720000e-04,5.720881e-05,8.514236e-05,6.234173e-05,4.448634e-05,3.636274e-05,4.880366e-05,6.289141e-05,5.853573e-05
2.514648,2.769173e-04,1.369019e-04,8.941989e-04,8.971788e-04,1.632536e-03,8.488053e-04,3.537488e-03,5.175354e-04,3.743110e-04,6.873809e-04,1.108423e-03,5.649346e-04,9.198002e-05,2.143096e-04,1.971845e-04,2.647622e-04,1.698572e-04,5.137319e-05,9.209727e-05,7.085231e-05,6.046360e-05,4.931050e-05,5.244634e-05,6.735549e-05,5.532270e-05
2.539062,3.244628e-04,1.551617e-04,1.011618e-03,1.039850e-03,1.852247e-03,9.771429e-04,4.069862e-03,5.976941e-04,4.487456e-04,8.064581e-04,1.250243e-03,6.313056e-04,1.014499e-04,2.608580e-04,2.093221e-04,3.095785e-04,1.984967e-04,7.031953e-05,1.475992e-04,1.099498e-04,9.828254e-05,7.512563e-05,7.169979e-05,9.393528e-05,6.619652e-05
2.563477,3.749534e-04,1.742212e-04,1.122932e-03,1.179030e-03,2.040232e-03,1.118695e-03,4.507480e-03,6.721768e-04,5.157062e-04,9.166370e-04,1.368298e-03,7.045397e-04,1.091964e-04,2.832794e-04,2.301358e-04,3.568526e-04,2.330735e-04,9.073155e-05,1.993834e-04,1.660142e-04,1.370320e-04,1.112449e-04,9.446010e-05,1.330196e-04,8.004056e-05
2.587891,4.173235e-04,1.882556e-04,1.218464e-03,1.324516e-03,2.219787e-03,1.277493e-03,4.947066e-03,7.522111e-04,5.754094e-04,9.903362e-04,1.475279e-03,7.853348e-04,1.263795e-04,3.045332e-04,2.763333e-04,3.665020e-04,2.829097e-04,1.039014e-04,2.331745e-04,2.078024e-04,1.797423e-04,1.484954e-04,1.225776e-04,1.856609e-04,1.069736e-04
2.612305,3.828344e-04,1.676118e-04,1.076652e-03,1.209772e-03,1.980794e-03,1.163061e-03,4.513082e-03,6.723891e-04,5.418449e-04,9.089694e-04,1.347689e-03,7.200335e-04,1.175514e-04,2.854897e-04,2.571435e-04,3.261254e-04,2.663581e-04,9.940679e-05,2.173981e-04,2.015275e-04,1.743011e-04,1.566271e-04,1.286048e-04,2.040282e-04,1.187982e-04
2.636719,3.452092e-04,1.473900e-04,9.490320e-04,1.087173e-03,1.731148e-03,1.035828e-03,3.946815e-03,5.735012e-04,4.853557e-04,8.192032e-04,1.164516e-03,6.715786e-04,1.075036e-04,2.617474e-04,2.275920e-04,3.163887e-04,2.317477e-04,9.876263e-05,2.120896e-04,1.999482e-04,1.620008e-04,1.488684e-04,1.311985e-04,2.089449e-04,1.312012e-04
2.661133,3.065303e-04,1.276133e-04,8.265029e-04,9.640294e-04,1.498654e-03,9.192023e-04,3.413805e-03,5.033826e-04,4.193130e-04,6.947263e-04,9.703659e-04,5.949072e-04,9.684457e-05,2.417197e-04,2.024833e-04,2.871967e-04,2.153532e-04,8.772779e-05,2.021790e-04,1.979431e-04,1.431493e-04,1.354502e-04,1.231535e-04,1.956693e-04,1.309115e-04
2.685547,3.039559e-04,1.235086e-04,8.058801e-04,9.504054e-04,1.444352e-03,9.042593e-04,3.308029e-03,4.989635e-04,4.218649e-04,6.729782e-04,9.543309e-04,5.523820e-04,9.199999e-05,2.454263e-04,1.976969e-04,2.582369e-04,2.279770e-04,8.264232e-05,2.026212e-04,2.091461e-04,1.408072e-04,1.315570e-04,1.242809e-04,1.965297e-04,1.377991e-04
2.709961,3.035204e-04,1.200082e-04,7.830675e-04,9.403865e-04,1.402756e-03,8.969765e-04,3.212135e-03,4.874190e-04,4.244990e-04,6.642509e-04,9.324815e-04,5.398117e-04,8.835995e-05,2.309792e-04,1.979402e-04,2.420359e-04,2.175540e-04,8.117953e-05,1.884671e-04,2.045191e-04,1.411589e-04,1.246087e-04,1.203917e-04,1.867541e-04,1.366670e-04
2.734375,3.038699e-04,1.173728e-04,7.580640e-04,9.203816e-04,1.348352e-03,8.798771e-04,3.121204e-03,4.757971e-04,4.259752e-04,6.526562e-04,8.883355e-04,5.497918e-04,9.371483e-05,2.237854e-04,2.147054e-04,2.394304e-04,1.931315e-04,8.585602e-05,1.847814e-04,1.928414e-04,1.379582e-04,1.193475e-04,1.110584e-04,1.737586e-04,1.292210e-04
2.758789,3.543597e-04,1.336692e-04,8.716694e-04,1.068354e-03,1.522725e-03,1.018296e-03,3.494317e-03,5.376497e-04,4.988936e-04,7.586163e-04,9.901517e-04,6.202446e-04,1.140287e-04,2.819047e-04,2.607216e-04,2.669817e-04,2.156655e-04,9.853841e-05,2.113698e-04,2.196079e-04,1.584507e-04,1.293046e-04,1.192654e-04,1.840847e-04,1.386537e-04
2.783203,4.229888e-04,1.553724e-04,1.008698e-03,1.258638e-03,1.761184e-03,1.209800e-03,4.032250e-03,6.331911e-04,5.824321e-04,8.721031e-04,1.098153e-03,7.039581e-04,1.298943e-04,3.454319e-04,2.888320e-04,3.024663e-04,2.522514e-04,1.062728e-04,2.304813e-04,2.559166e-04,1.782471e-04,1.422785e-04,1.237961e-04,1.848634e-04,1.457518e-04
2.807617,4.940351e-04,1.780547e-04,1.148891e-03,1.428200e-03,1.963266e-03,1.371053e-03,4.593484e-03,7.425835e-04,6.941030e-04,9.964016e-04,1.232176e-03,7.933774e-04,1.475388e-04,3.913263e-04,3.235839e-04,3.640950e-04,2.742501e-04,1.144358e-04,2.208370e-04,2.739514e-04,1.967507e-04,1.482865e-04,1.239965e-04,1.728331e-04,1.364069e-04
2.832031,5.040192e-04,1.780484e-04,1.157472e-03,1.434786e-03,1.925218e-03,1.367011e-03,4.473546e-03,7.354795e-04,7.291068e-04,1.034221e-03,1.238368e-03,7.670103e-04,1.494983e-04,3.919907e-04,3.406100e-04,3.729080e-04,2.639435e-04,1.137698e-04,1.830049e-04,2.380816e-04,1.846217e-04,1.376440e-04,1.022196e-04,1.301813e-04,1.023096e-04
2.856445,4.591654e-04,1.589908e-04,1.031272e-03,1.282078e-03,1.692687e-03,1.231295e-03,3.915319e-03,6.561490e-04,6.494850e-04,9.171442e-04,1.052903e-03,6.812293e-04,1.307169e-04,3.444938e-04,3.103392e-04,3.035494e-04,2.413121e-04,9.267141e-05,1.485047e-04,1.751755e-04,1.470600e-04,1.096900e-04,7.657078e-05,8.486572e-05,5.555238e-05
2.880859,4.130006e-04,1.401920e-04,9.051933e-04,1.126928e-03,1.463840e-03,1.081052e-03,3.397583e-03,5.923742e-04,5.807783e-04,7.902991e-04,8.867049e-04,6.002348e-04,1.155383e-04,2.955939e-04,2.759400e-04,2.589258e-04,2.125931e-04,7.463032e-05,1.164095e-04,1.363907e-04,1.045184e-04,8.433690e-05,5.551010e-05,6.127182e-05,2.187433e-05
2.905273,3.751978e-04,1.251540e-04,7.977941e-04,9.947649e-04,1.275352e-03,9.571991e-04,2.943224e-03,5.265532e-04,5.330991e-04,7.086697e-04,7.857800e-04,4.914350e-04,1.016844e-04,2.671575e-04,2.476100e-04,2.466831e-04,1.654604e-04,6.974942e-05,8.099421e-05,9.982134e-05,6.511238e-05,5.905853e-05,4.062026e-05,4.850559e-05,9.874586e-06
2.929688,3.882674e-04,1.276966e-04,8.193112e-04,1.006049e-03,1.264413e-03,9.704237e-04,2.940669e-03,5.390507e-04,5.571421e-04,7.289181e-04,7.874639e-04,4.603441e-04,9.498287e-05,2.707619e-04,2.413860e-04,2.563380e-04,1.577350e-04,7.781836e-05,6.814781e-05,7.169274e-05,3.774064e-05,3.955963e-05,3.180032e-05,4.012820e-05,1.976997e-05
2.954102,4.027571e-04,1.301054e-04,8.401045e-04,1.031051e-03,1.270081e-03,9.934023e-04,2.898329e-03,5.510450e-04,5.859697e-04,7.508194e-04,7.840537e-04,4.754647e-04,9.013385e-05,2.478969e-04,2.294571e-04,2.520617e-04,1.779957e-04,7.638292e-05,7.054664e-05,4.409814e-05,1.179734e-05,1.913127e-05,1.978785e-05,2.570350e-05,2.488413e-05
2.978516,4.184540e-04,1.335771e-04,8.606979e-04,1.042692e-03,1.275223e-03,1.031919e-03,2.926886e-03,5.613857e-04,6.029095e-04,7.664629e-04,7.841138e-04,4.867929e-04,9.499016e-05,2.354480e-04,2.408223e-04,2.585961e-04,1.924687e-04,7.254736e-05,7.677446e-05,6.971675e-05,1.284433e-05,2.316541e-06,1.029249e-05,1.643171e-05,2.568409e-05
3.002930,4.539713e-04,1.429170e-04,9.341259e-04,1.105107e-03,1.330886e-03,1.093280e-03,3.135265e-03,6.151648e-04,6.518996e-04,8.009780e-04,8.089927e-04,5.044365e-04,1.015990e-04,2.597363e-04,2.613703e-04,2.773287e-04,2.039207e-04,8.416975e-05,8.140656e-05,1.054045e-04,3.454951e-05,2.408990e-05,1.344693e-05,3.500314e-05,2.894677e-05
3.027344,5.065447e-04,1.569236e-04,1.019528e-03,1.205236e-03,1.432537e-03,1.186981e-03,3.312945e-03,6.601407e-04,7.394642e-04,8.870780e-04,8.836521e-04,5.467976e-04,1.037890e-04,2.823014e-04,2.607923e-04,2.858537e-04,2.355028e-04,1.014159e-04,1.016830e-04,1.410169e-04,6.156948e-05,4.507386e-05,2.863046e-05,6.849040e-05,3.498771e-05
3.051758,5.624452e-04,1.721902e-04,1.105198e-03,1.292919e-03,1.523709e-03,1.296171e-03,3.504379e-03,6.904382e-04,7.990343e-04,9.697651e-04,9.491734e-04,5.769991e-04,1.099481e-04,2.948523e-04,2.562440e-04,3.043786e-04,2.725770e-04,1.147335e-04,1.385022e-04,1.823862e-04,8.219843e-05,6.856680e-05,4.509255e-05,1.066641e-04,4.836141e-05
3.076172,6.146722e-04,1.862489e-04,1.185856e-03,1.373959e-03,1.592816e-03,1.374127e-03,3.670285e-03,7.472104e-04,8.386905e-04,9.999737e-04,9.555440e-04,6.253822e-04,1.150919e-04,3.123230e-04,2.690319e-04,3.474174e-04,2.896585e-04,1.307497e-04,1.664789e-04,2.404254e-04,1.010042e-04,8.700973e-05,6.305373e-05,1.551926e-04,6.565631e-05
3.100586,6.244949e-04,1.878128e-04,1.197996e-03,1.366309e-03,1.558420e-03,1.371789e-03,3.567878e-03,7.554593e-04,8.577702e-04,9.845558e-04,9.331222e-04,6.786663e-04,1.165997e-04,2.987564e-04,2.608087e-04,3.524461e-04,2.794693e-04,1.495697e-04,1.647123e-04,2.770786e-04,1.051933e-04,9.638488e-05,7.330056e-05,1.922487e-04,8.952261e-05
3.125000,6.342073e-04,1.890219e-04,1.211989e-03,1.373238e-03,1.533790e-03,1.361353e-03,3.497682e-03,7.554447e-04,8.713193e-04,9.841363e-04,9.419309e-04,6.854122e-04,1.296505e-04,3.068596e-04,2.672345e-04,3.175660e-04,2.975396e-04,1.555971e-04,1.664505e-04,2.958235e-04,1.095895e-04,9.752124e-05,8.087719e-05,2.230750e-04,1.125599e-04
3.149414,6.438656e-04,1.916598e-04,1.222588e-03,1.379998e-03,1.531537e-03,1.364910e-03,3.387826e-03,7.558474e-04,8.889627e-04,9.806739e-04,9.247529e-04,6.605012e-04,1.341720e-04,3.505671e-04,2.857110e-04,2.880442e-04,3.201692e-04,1.488687e-04,1.731684e-04,2.969354e-04,1.220680e-04,9.390420e-05,8.259064e-05,2.401596e-04,1.339386e-04
3.173828,6.202337e-04,1.845241e-04,1.208466e-03,1.321740e-03,1.446817e-03,1.322493e-03,3.228897e-03,7.141201e-04,8.672225e-04,9.554542e-04,8.745428e-04,6.567846e-04,1.237364e-04,3.526710e-04,2.639681e-04,2.734455e-04,2.976316e-04,1.399671e-04,1.765577e-04,3.122532e-04,1.296359e-04,9.018223e-05,7.555618e-05,2.309511e-04,1.411928e-04
3.198242,5.681633e-04,1.681367e-04,1.116925e-03,1.227941e-03,1.318692e-03,1.174793e-03,2.885752e-03,6.648418e-04,7.827315e-04,8.500426e-04,7.581475e-04,6.153534e-04,1.178768e-04,3.070144e-04,2.335834e-04,2.332444e-04,2.433235e-04,1.363906e-04,1.568292e-04,3.083617e-04,1.313725e-04,8.184168e-05,6.573565e-05,2.011287e-04,1.311975e-04
3.222656,5.109345e-04,1.510423e-04,1.017467e-03,1.116515e-03,1.193140e-03,1.059447e-03,2.480316e-03,6.064380e-04,7.392583e-04,7.682399e-04,6.541783e-04,5.499166e-04,1.157578e-04,2.885312e-04,2.458121e-04,1.941498e-04,2.127520e-04,1.256423e-04,1.356222e-04,2.935411e-04,1.222690e-04,7.912416e-05,5.390513e-05,1.697617e-04,1.141923e-04
3.247070,4.510712e-04,1.328832e-04,9.117238e-04,9.966583e-04,1.052454e-03,9.413830e-04,2.164087e-03,5.287839e-04,6.751240e-04,7.055209e-04,5.930309e-04,4.932841e-04,1.060956e-04,2.758333e-04,2.455561e-04,1.831251e-04,1.892054e-04,1.044921e-04,1.215028e-04,2.557663e-04,1.125258e-04,7.280342e-05,4.606760e-05,1.366573e-04,9.551171e-05
3.271484,4.423997e-04,1.297966e-04,9.090950e-04,9.908438e-04,1.034338e-03,9.243062e-04,2.100509e-03,5.385027e-04,6.655863e-04,6.868800e-04,5.707286e-04,4.669296e-04,1.102462e-04,2.831790e-04,2.507812e-04,1.851916e-04,1.672075e-04,9.605278e-05,1.209670e-04,2.454423e-04,1.100641e-04,7.595970e-05,4.386726e-05,1.285038e-04,8.553592e-05
3.295898,4.642805e-04,1.349616e-04,9.595861e-04,1.055364e-03,1.080917e-03,9.717736e-04,2.170128e-03,5.800069e-04,7.231123e-04,7.206741e-04,5.768123e-04,4.744644e-04,1.184666e-04,3.196241e-04,2.805347e-04,1.749779e-04,1.686437e-04,1.026797e-04,1.185209e-04,2.620199e-04,1.144389e-04,8.101742e-05,4.735742e-05,1.252176e-04,8.222434e-05
3.320312,4.903393e-04,1.416030e-04,9.990454e-04,1.129287e-03,1.143708e-03,1.019942e-03,2.221003e-03,6.171222e-04,7.792707e-04,7.652468e-04,6.048565e-04,5.288840e-04,1.204670e-04,3.379388e-04,3.021613e-04,1.900712e-04,1.920093e-04,1.003793e-04,1.050620e-04,2.725892e-04,1.128594e-04,8.569575e-05,5.039924e-05,1.260689e-04,7.479830e-05
3.344727,5.155578e-04,1.480236e-04,1.042451e-03,1.193450e-03,1.198190e-03,1.085490e-03,2.262390e-03,6.533264e-04,8.440981e-04,8.116725e-04,6.262134e-04,5.550183e-04,1.331318e-04,3.384263e-04,3.154319e-04,2.366030e-04,1.996747e-04,9.320083e-05,8.997153e-05,2.655329e-04,1.047620e-04,8.614965e-05,5.400646e-05,1.284829e-04,6.776430e-05
3.369141,5.078352e-04,1.443025e-04,9.991023e-04,1.182237e-03,1.160713e-03,1.049083e-03,2.189205e-03,6.315151e-04,8.397890e-04,8.032402e-04,6.055086e-04,5.021307e-04,1.372571e-04,3.449239e-04,3.324354e-04,2.430495e-04,1.709223e-04,1.007105e-04,8.048289e-05,2.200443e-04,8.748792e-05,7.437690e-05,5.172613e-05,1.274090e-04,5.696439e-05
3.393555,4.870001e-04,1.380548e-04,9.274988e-04,1.145272e-03,1.110912e-03,9.658431e-04,2.032690e-03,6.099695e-04,7.917835e-04,7.495167e-04,5.634554e-04,4.569493e-04,1.235319e-04,3.463429e-04,3.336002e-04,2.359654e-04,1.698458e-04,1.130790e-04,6.689490e-05,1.746803e-04,6.657679e-05,5.935911e-05,4.360728e-05,1.218565e-04,5.198872e-05
3.417969,4.622181e-04,1.306142e-04,8.703402e-04,1.092256e-03,1.046081e-03,9.108309e-04,1.844590e-03,5.877481e-04,7.636875e-04,6.948401e-04,5.107590e-04,4.222457e-04,1.097286e-04,3.142623e-04,2.985501e-04,2.446707e-04,1.903044e-04,1.076122e-04,4.951107e-05,1.483285e-04,5.485567e-05,3.939203e-05,3.499596e-05,1.105183e-04,5.020729e-05
3.442383,4.386407e-04,1.235953e-04,8.147392e-04,1.046614e-03,9.854476e-04,8.542076e-04,1.710345e-03,5.374347e-04,7.414731e-04,6.696938e-04,4.780829e-04,3.926317e-04,1.013692e-04,2.766818e-04,2.697818e-04,2.350241e-04,1.879168e-04,9.861390e-05,4.434922e-05,1.194379e-04,4.035609e-05,2.441156e-05,2.248664e-05,9.208634e-05,4.520452e-05
3.466797,4.608716e-04,1.299091e-04,8.487833e-04,1.109225e-03,1.035267e-03,8.816462e-04,1.746093e-03,5.544373e-04,7.590085e-04,6.961605e-04,5.013639e-04,4.107494e-04,1.032145e-04,2.766382e-04,2.857295e-04,2.412105e-04,2.043417e-04,1.167401e-04,5.451456e-05,8.691818e-05,3.097630e-05,1.162215e-05,1.265131e-05,7.639392e-05,4.225742e-05
3.491211,4.996847e-04,1.415095e-04,9.142639e-04,1.209626e-03,1.121089e-03,9.498999e-04,1.830179e-03,6.093934e-04,8.093498e-04,7.232239e-04,5.137206e-04,4.238503e-04,1.094001e-04,2.855263e-04,3.044791e-04,2.806958e-04,2.395966e-04,1.349540e-04,6.040575e-05,8.995332e-05,1.720083e-05,8.892359e-06,3.937161e-06,5.879847e-05,3.418760e-05
3.515625,5.330065e-04,1.520794e-04,9.917703e-04,1.300002e-03,1.204656e-03,1.010542e-03,1.923423e-03,6.565796e-04,8.816668e-04,7.668636e-04,5.330202e-04,4.187459e-04,1.163237e-04,3.001391e-04,3.154586e-04,3.242627e-04,2.650501e-04,1.483165e-04,6.511531e-05,1.377561e-04,1.805055e-05,2.025031e-05,1.392103e-05,5.309329e-05,2.552737e-05
3.540039,5.679728e-04,1.621115e-04,1.071635e-03,1.381368e-03,1.267381e-03,1.081424e-03,2.005587e-03,7.089760e-04,9.478983e-04,8.093479e-04,5.697369e-04,4.570237e-04,1.153784e-04,3.218529e-04,3.262422e-04,3.381075e-04,2.655115e-04,1.706404e-04,8.110743e-05,1.833074e-04,3.559958e-05,3.629165e-05,2.779261e-05,6.761522e-05,2.604294e-05
3.564453,5.452720e-04,1.566261e-04,1.034960e-03,1.336057e-03,1.214331e-03,1.025753e-03,1.929371e-03,6.769336e-04,9.349771e-04,7.839049e-04,5.416781e-04,4.621540e-04,1.005904e-04,2.875097e-04,2.917515e-04,3.059852e-04,2.544282e-04,1.845990e-04,9.580174e-05,1.989550e-04,5.518031e-05,4.666995e-05,3.764043e-05,9.020087e-05,3.499638e-05
3.588867,4.828684e-04,1.392554e-04,9.416929e-04,1.180475e-03,1.075715e-03,9.052314e-04,1.690353e-03,6.060900e-04,8.353115e-04,7.076444e-04,4.866235e-04,4.041417e-04,9.456158e-05,2.290330e-04,2.289445e-04,2.682563e-04,2.478276e-04,1.689831e-04,8.967528e-05,2.120852e-04,6.883380e-05,5.094471e-05,4.079838e-05,1.066763e-04,4.582828e-05
3.613281,4.245140e-04,1.224908e-04,8.405272e-04,1.024866e-03,9.265634e-04,8.129522e-04,1.448394e-03,5.525419e-04,7.407533e-04,6.097100e-04,4.150462e-04,3.555171e-04,8.880926e-05,2.100309e-04,1.995256e-04,2.324890e-04,2.262434e-04,1.394075e-04,7.898308e-05,2.246158e-04,8.059054e-05,5.176669e-05,4.003446e-05,1.133705e-04,5.326942e-05
3.637695,3.672875e-04,1.063076e-04,7.343588e-04,8.792783e-04,7.888780e-04,7.048420e-04,1.249279e-03,4.757993e-04,6.736522e-04,5.394611e-04,3.432836e-04,3.106654e-04,7.515523e-05,1.960271e-04,1.819063e-04,1.902316e-04,1.870858e-04,1.172135e-04,7.019222e-05,2.118014e-04,8.524861e-05,5.126942e-05,3.644037e-05,1.087941e-04,5.621334e-05
3.662109,3.455566e-04,1.003023e-04,6.930664e-04,8.138194e-04,7.248677e-04,6.582550e-04,1.150014e-03,4.456051e-04,6.385845e-04,5.183096e-04,3.266341e-04,2.928744e-04,7.121158e-05,1.855165e-04,1.583412e-04,1.658036e-04,1.678475e-04,1.164065e-04,6.817400e-05,1.959922e-04,8.992964e-05,5.595276e-05,3.369228e-05,1.056404e-04,5.915033e-05
3.686523,3.793672e-04,1.107221e-04,7.598706e-04,8.826710e-04,7.786313e-04,7.247104e-04,1.234041e-03,5.040924e-04,6.993154e-04,5.583918e-04,3.543064e-04,3.388718e-04,7.882997e-05,2.091330e-04,1.623642e-04,1.798404e-04,1.784947e-04,1.297421e-04,7.322723e-05,2.151432e-04,1.028576e-04,6.828607e-05,3.749352e-05,1.104173e-04,6.782051e-05
3.710938,4.150283e-04,1.212348e-04,8.253758e-04,9.453453e-04,8.243428e-04,7.907856e-04,1.321712e-03,5.554419e-04,7.819598e-04,6.069202e-04,3.697561e-04,3.696123e-04,8.721863e-05,2.277179e-04,1.791636e-04,1.832269e-04,1.849841e-04,1.362688e-04,7.431035e-05,2.404175e-04,1.103144e-04,7.943316e-05,4.119417e-05,1.090325e-04,7.061961e-05
3.735352,4.519887e-04,1.329442e-04,8.838018e-04,1.019712e-03,8.684476e-04,8.664246e-04,1.409293e-03,6.053875e-04,8.618270e-04,6.634083e-04,3.956959e-04,3.719609e-04,1.040352e-04,2.470670e-04,1.982058e-04,1.582164e-04,1.755480e-04,1.398765e-04,7.728637e-05,2.720982e-04,1.152418e-04,8.590506e-05,4.598795e-05,1.081841e-04,6.903497e-05
3.759766,4.836368e-04,1.433453e-04,9.531200e-04,1.099311e-03,9.267705e-04,9.260111e-04,1.520543e-03,6.535085e-04,9.505224e-04,7.190511e-04,4.224732e-04,3.970671e-04,1.170303e-04,2.956033e-04,2.391246e-04,1.445969e-04,1.706541e-04,1.483404e-04,8.719111e-05,2.806774e-04,1.155889e-04,8.918389e-05,4.944084e-05,1.065938e-04,6.498724e-05
3.784180,4.787985e-04,1.422122e-04,9.443571e-04,1.080397e-03,9.002089e-04,9.058742e-04,1.466447e-03,6.399217e-04,9.532086e-04,7.223124e-04,4.156081e-04,4.113778e-04,1.112559e-04,3.096362e-04,2.638041e-04,1.425965e-04,1.655509e-04,1.338236e-04,8.574721e-05,2.633765e-04,1.022341e-04,8.217756e-05,4.731140e-05,1.003384e-04,5.509885e-05
3.808594,4.739423e-04,1.424220e-04,9.283259e-04,1.084118e-03,8.851526e-04,9.047844e-04,1.403216e-03,6.502318e-04,9.302959e-04,6.991538e-04,4.135359e-04,4.026225e-04,1.111276e-04,2.939958e-04,2.595841e-04,1.315313e-04,1.418214e-04,1.029988e-04,7.797424e-05,2.474111e-04,8.771131e-05,7.149403e-05,4.462993e-05,9.580986e-05,4.624278e-05
3.833008,4.663884e-04,1.417237e-04,9.210057e-04,1.083799e-03,8.813715e-04,8.866125e-04,1.376923e-03,6.481995e-04,9.422853e-04,6.793385e-04,3.932788e-04,3.841878e-04,1.182321e-04,2.865573e-04,2.530256e-04,1.242538e-04,1.009720e-04,8.381818e-05,6.546703e-05,2.438505e-04,7.664765e-05,5.955237e-05,3.980145e-05,9.222012e-05,3.827204e-05
3.857422,4.585679e-04,1.407450e-04,9.142025e-04,1.074838e-03,8.689027e-04,8.738771e-04,1.332111e-03,6.226389e-04,9.507162e-04,6.882020e-04,3.813752e-04,3.681900e-04,1.189810e-04,3.012551e-04,2.735338e-04,1.351612e-04,8.506922e-05,8.386036e-05,5.634971e-05,2.259631e-04,7.301472e-05,4.583880e-05,3.453448e-05,9.056801e-05,3.218131e-05
3.881836,4.443870e-04,1.370993e-04,8.939318e-04,1.044470e-03,8.399468e-04,8.561253e-04,1.276516e-03,6.115786e-04,9.042232e-04,6.628381e-04,3.803485e-04,3.377383e-04,1.136899e-04,2.997101e-04,2.856212e-04,1.329346e-04,8.696147e-05,7.142795e-05,5.059163e-05,1.889736e-04,7.129094e-05,3.782133e-05,2.598513e-05,8.573838e-05,2.988290e-05
3.906250,4.249077e-04,1.321272e-04,8.513245e-04,9.972533e-04,7.937286e-04,8.206961e-04,1.209335e-03,5.927123e-04,8.657938e-04,6.182244e-04,3.557855e-04,3.236145e-04,1.075739e-04,2.855774e-04,2.694796e-04,1.330358e-04,8.267340e-05,5.481550e-05,3.843596e-05,1.420163e-04,6.793758e-05,3.379881e-05,1.882574e-05,7.850892e-05,2.973287e-05
3.930664,4.015131e-04,1.261130e-04,8.127665e-04,9.561089e-04,7.562834e-04,7.852385e-04,1.142486e-03,5.708155e-04,8.311816e-04,5.836018e-04,3.296492e-04,3.171636e-04,9.671573e-05,2.725208e-04,2.560339e-04,1.527306e-04,9.205514e-05,5.809251e-05,2.375316e-05,1.022940e-04,5.953950e-05,3.395257e-05,1.268182e-05,6.383405e-05,3.036907e-05
3.955078,3.820232e-04,1.202808e-04,7.771315e-04,8.993646e-04,7.135609e-04,7.344491e-04,1.085203e-03,5.495677e-04,7.978404e-04,5.470333e-04,3.111101e-04,2.812940e-04,8.892679e-05,2.433183e-04,2.418365e-04,1.690086e-04,1.039441e-04,6.484279e-05,1.767381e-05,7.736891e-05,4.856917e-05,3.151246e-05,1.030805e-05,4.815434e-05,2.690535e-05
3.979492,3.641138e-04,1.158302e-04,7.314380e-04,8.471311e-04,6.628781e-04,6.918789e-04,1.004233e-03,5.142249e-04,7.707751e-04,5.234424e-04,2.920053e-04,2.495944e-04,8.907400e-05,2.152949e-04,2.182384e-04,1.648247e-04,1.031220e-04,7.036084e-05,1.713824e-05,4.058324e-05,3.472709e-05,2.661500e-05,8.959985e-06,3.074858e-05,2.185566e-05
4.003906,3.732248e-04,1.198456e-04,7.496570e-04,8.698684e-04,6.744596e-04,7.142414e-04,1.008836e-03,5.310540e-04,7.805611e-04,5.358129e-04,3.034553e-04,2.599397e-04,8.976099e-05,2.312325e-04,2.233844e-04,1.705721e-04,1.069523e-04,9.006332e-05,1.818623e-05,9.475148e-06,2.087376e-05,2.042904e-05,8.379734e-06,2.013117e-05,1.637943e-05
4.028320,3.890155e-04,1.256464e-04,7.755560e-04,8.900989e-04,6.871750e-04,7.252238e-04,1.048352e-03,5.587985e-04,8.114978e-04,5.407002e-04,3.118493e-04,2.707644e-04,8.437473e-05,2.404010e-04,2.402431e-04,1.942926e-04,1.279725e-04,1.147097e-04,2.449806e-05,6.575411e-05,7.491331e-06,9.826613e-06,7.060506e-06,2.100354e-05,1.285441e-05
4.052734,4.048683e-04,1.319107e-04,7.995797e-04,9.131836e-04,6.959017e-04,7.366945e-04,1.065669e-03,5.657013e-04,8.674323e-04,5.675258e-04,3.082312e-04,2.808474e-04,8.429159e-05,2.272000e-04,2.321476e-04,2.113786e-04,1.570189e-04,1.291016e-04,3.720284e-05,1.074938e-04,1.307945e-05,1.926490e-06,5.609508e-06,3.148630e-05,1.571865e-05
4.077148,4.212292e-04,1.385661e-04,8.240774e-04,9.380640e-04,7.073006e-04,7.521145e-04,1.075630e-03,5.859435e-04,8.895247e-04,5.925734e-04,3.177955e-04,2.906373e-04,8.831492e-05,2.211686e-04,2.104704e-04,2.177523e-04,1.729459e-04,1.325619e-04,4.776405e-05,1.455234e-04,3.120563e-05,1.792353e-05,9.829884e-06,4.767382e-05,2.411058e-05
4.101562,4.296521e-04,1.432034e-04,8.435511e-04,9.605324e-04,7.141189e-04,7.510926e-04,1.075404e-03,6.124936e-04,9.023138e-04,5.896353e-04,3.268923e-04,2.865289e-04,9.113096e-05,2.227866e-04,2.068824e-04,2.279431e-04,1.733115e-04,1.373370e-04,5.392960e-05,1.855527e-04,5.078633e-05,3.368635e-05,1.663977e-05,6.432106e-05,3.507533e-05
4.125977,4.048022e-04,1.359162e-04,8.011844e-04,9.030584e-04,6.699903e-04,6.903547e-04,9.855618e-04,5.744612e-04,8.637117e-04,5.515501e-04,2.961584e-04,2.719900e-04,8.924251e-05,2.082555e-04,1.924801e-04,2.207770e-04,1.658209e-04,1.446672e-04,5.389414e-05,2.142606e-04,5.936036e-05,4.715912e-05,2.280641e-05,7.446165e-05,4.332435e-05
4.150391,3.794551e-04,1.296647e-04,7.483094e-04,8.401890e-04,6.172510e-04,6.210505e-04,9.062978e-04,5.381459e-04,8.139389e-04,5.160154e-04,2.714222e-04,2.725468e-04,8.422645e-05,2.050276e-04,1.741042e-04,1.937302e-04,1.583831e-04,1.435802e-04,5.510552e-05,2.275747e-04,6.411475e-05,5.529870e-05,2.854436e-05,7.638886e-05,4.896603e-05
4.174805,3.490319e-04,1.211914e-04,7.032886e-04,7.899807e-04,5.729445e-04,5.657518e-04,8.077823e-04,4.934235e-04,7.718615e-04,4.821504e-04,2.498772e-04,2.506803e-04,7.470354e-05,1.983130e-04,1.611126e-04,1.582080e-04,1.387677e-04,1.328025e-04,5.385161e-05,2.217171e-04,6.510318e-05,5.867537e-05,3.293264e-05,7.644362e-05,4.970670e-05
4.199219,3.209982e-04,1.122517e-04,6.586857e-04,7.248747e-04,5.286744e-04,5.195668e-04,7.194586e-04,4.526703e-04,7.116829e-04,4.508122e-04,2.294038e-04,2.164719e-04,7.290463e-05,1.747545e-04,1.444526e-04,1.366612e-04,1.192794e-04,1.240837e-04,4.931951e-05,2.034497e-04,6.477842e-05,5.771390e-05,3.484985e-05,7.237234e-05,4.755004e-05
4.223633,3.000941e-04,1.060633e-04,6.214337e-04,6.724004e-04,4.878542e-04,4.754275e-04,6.627877e-04,4.382819e-04,6.566296e-04,4.091657e-04,2.196426e-04,2.015428e-04,7.534339e-05,1.676164e-04,1.240532e-04,1.260834e-04,1.120663e-04,1.186640e-04,4.298471e-05,1.895166e-04,6.526069e-05,5.470677e-05,3.526881e-05,7.068133e-05,4.288934e-05
4.248047,3.053213e-04,1.089738e-04,6.385752e-04,6.863218e-04,4.942418e-04,4.841208e-04,6.513132e-04,4.424788e-04,6.914086e-04,4.137914e-04,2.183723e-04,2.064797e-04,7.671297e-05,1.909596e-04,1.344944e-04,1.169118e-04,1.131197e-04,1.135266e-04,4.329750e-05,1.962446e-04,6.831330e-05,5.471380e-05,3.700627e-05,7.523233e-05,4.088734e-05
4.272461,3.086353e-04,1.115955e-04,6.555569e-04,7.005561e-04,5.018779e-04,4.951657e-04,6.486857e-04,4.447051e-04,7.095451e-04,4.314323e-04,2.162928e-04,2.108041e-04,7.684957e-05,2.010060e-04,1.560950e-04,1.018727e-04,1.018085e-04,1.008316e-04,4.626542e-05,2.001037e-04,7.042092e-05,5.336909e-05,3.655973e-05,8.045325e-05,3.807165e-05
4.296875,3.128934e-04,1.138659e-04,6.769363e-04,7.155658e-04,5.124188e-04,5.031300e-04,6.530590e-04,4.623944e-04,7.101257e-04,4.335358e-04,2.275865e-04,2.189901e-04,8.073732e-05,2.021750e-04,1.625723e-04,9.478923e-05,8.507067e-05,9.001165e-05,4.639895e-05,1.928233e-04,6.958020e-05,4.951575e-05,3.525449e-05,8.326908e-05,3.578296e-05
4.321289,3.186063e-04,1.172933e-04,6.909313e-04,7.200631e-04,5.175791e-04,5.131095e-04,6.586736e-04,4.750851e-04,7.287887e-04,4.346342e-04,2.331206e-04,2.106970e-04,8.336056e-05,2.090674e-04,1.668087e-04,8.387975e-05,7.281959e-05,8.755436e-05,4.317641e-05,1.782863e-04,6.845155e-05,4.548533e-05,3.143425e-05,8.348489e-05,3.343877e-05
4.345703,3.182277e-04,1.185859e-04,6.991485e-04,7.257309e-04,5.144827e-04,5.153114e-04,6.602887e-04,4.878558e-04,7.361804e-04,4.337429e-04,2.305717e-04,2.000593e-04,8.804293e-05,2.077613e-04,1.793967e-04,6.492952e-05,6.498310e-05,8.052430e-05,3.947842e-05,1.745649e-04,6.452251e-05,3.989021e-05,2.682821e-05,8.041908e-05,3.062712e-05
4.370117,3.056664e-04,1.142851e-04,6.785803e-04,6.985531e-04,4.960374e-04,5.066074e-04,6.175937e-04,4.734560e-04,7.195268e-04,4.116227e-04,2.199574e-04,1.998371e-04,8.926969e-05,2.036534e-04,1.776335e-04,6.734024e-05,4.902938e-05,6.114823e-05,3.548115e-05,1.631326e-04,5.580873e-05,3.449132e-05,2.000538e-05,7.312751e-05,2.657916e-05
4.394531,2.930425e-04,1.107190e-04,6.498245e-04,6.632696e-04,4.720222e-04,4.922305e-04,5.918625e-04,4.514737e-04,7.017416e-04,4.023493e-04,2.076842e-04,1.938137e-04,8.198478e-05,2.086968e-04,1.786930e-04,7.789549e-05,3.672552e-05,4.329525e-05,3.100398e-05,1.454445e-04,4.599782e-05,2.986534e-05,1.433737e-05,6.296498e-05,2.452161e-05
4.418945,2.783767e-04,1.062707e-04,6.247857e-04,6.393239e-04,4.506206e-04,4.642278e-04,5.753902e-04,4.424315e-04,6.640514e-04,3.836482e-04,2.032085e-04,1.766238e-04,7.274079e-05,1.971870e-04,1.825781e-04,7.624417e-05,3.642383e-05,3.498791e-05,2.362164e-05,1.137096e-04,3.426282e-05,2.631564e-05,1.042449e-05,5.198792e-05,2.269555e-05
4.443359,2.641420e-04,1.018181e-04,6.012236e-04,6.159347e-04,4.343858e-04,4.441785e-04,5.444804e-04,4.228434e-04,6.494206e-04,3.615368e-04,1.989748e-04,1.646533e-04,7.179969e-05,1.719073e-04,1.714532e-04,7.827616e-05,3.205903e-05,2.497678e-05,1.509822e-05,8.824171e-05,2.431271e-05,2.263483e-05,8.660859e-06,3.701217e-05,2.062494e-05
4.467773,2.509116e-04,9.736195e-05,5.786455e-04,5.924312e-04,4.172749e-04,4.218897e-04,5.190040e-04,3.942040e-04,6.358943e-04,3.547209e-04,1.848395e-04,1.534414e-04,7.037762e-05,1.606493e-04,1.506299e-04,9.080257e-05,2.897757e-05,2.611953e-05,8.969858e-06,6.527235e-05,1.760093e-05,1.717195e-05,8.818207e-06,2.168081e-05,1.673699e-05
4.492188,2.522762e-04,9.882357e-05,5.833279e-04,5.975936e-04,4.228726e-04,4.195067e-04,5.199948e-04,4.020119e-04,6.293851e-04,3.577774e-04,1.855514e-04,1.522940e-04,6.820811e-05,1.650286e-04,1.518551e-04,1.010794e-04,4.298784e-05,4.364330e-05,5.177012e-06,4.792611e-05,1.409488e-05,1.350267e-05,8.222505e-06,8.579789e-06,1.220484e-05
4.516602,2.520611e-04,9.976516e-05,5.879126e-04,6.034499e-04,4.251908e-04,4.170862e-04,5.172411e-04,4.076140e-04,6.345267e-04,3.530407e-04,1.911506e-04,1.580732e-04,6.689340e-05,1.621828e-04,1.585027e-04,1.096254e-04,5.774814e-05,5.287320e-05,2.111292e-06,2.265647e-05,1.011930e-05,8.517379e-06,7.325190e-06,5.586351e-06,6.884154e-06
4.541016,2.543136e-04,1.005511e-04,5.985840e-04,6.154972e-04,4.336399e-04,4.108640e-04,5.122909e-04,4.078789e-04,6.450465e-04,3.552705e-04,1.896807e-04,1.543472e-04,6.396263e-05,1.614839e-04,1.537332e-04,1.243654e-04,6.365924e-05,5.499527e-05,9.015640e-06,1.558054e-05,5.392143e-06,4.999068e-06,5.209073e-06,1.271432e-05,1.521265e-06
4.565430,2.579561e-04,1.027980e-04,6.019264e-04,6.182923e-04,4.417607e-04,4.135620e-04,4.972906e-04,4.079588e-04,6.537258e-04,3.559149e-04,1.894712e-04,1.440663e-04,6.117810e-05,1.563233e-04,1.477651e-04,1.343506e-04,6.876511e-05,6.201822e-05,1.677670e-05,4.532605e-05,1.621461e-06,5.805086e-06,3.779127e-06,1.615038e-05,3.409182e-06
4.589844,2.589339e-04,1.043368e-04,6.052376e-04,6.241210e-04,4.435362e-04,4.132934e-04,4.913923e-04,4.000782e-04,6.691878e-04,3.625740e-04,1.905535e-04,1.501249e-04,6.524994e-05,1.431431e-04,1.411523e-04,1.303176e-04,7.589777e-05,7.502406e-05,2.215600e-05,7.045487e-05,8.187586e-06,1.114666e-05,6.047612e-06,1.799314e-05,7.556458e-06
4.614258,2.646093e-04,1.072953e-04,6.233544e-04,6.483842e-04,4.595526e-04,4.122434e-04,4.973198e-04,4.089988e-04,6.730495e-04,3.718467e-04,1.942137e-04,1.618263e-04,6.922697e-05,1.469500e-04,1.292481e-04,1.291402e-04,8.010232e-05,8.491563e-05,2.538089e-05,9.012966e-05,1.760610e-05,1.761012e-05,1.056402e-05,1.712688e-05,1.201303e-05
4.638672,2.730613e-04,1.116010e-04,6.462600e-04,6.714192e-04,4.801501e-04,4.261253e-04,4.945822e-04,4.266819e-04,6.817647e-04,3.689659e-04,2.053964e-04,1.636130e-04,6.713527e-05,1.616130e-04,1.275580e-04,1.399462e-04,8.066244e-05,9.176978e-05,3.106438e-05,1.198134e-04,3.033176e-05,2.379251e-05,1.594668e-05,1.813492e-05,1.704104e-05
4.663086,2.828992e-04,1.164912e-04,6.691970e-04,6.915934e-04,4.976515e-04,4.371994e-04,5.001158e-04,4.258589e-04,7.170681e-04,3.756115e-04,2.116484e-04,1.659456e-04,6.867885e-05,1.610764e-04,1.396821e-04,1.480846e-04,8.745939e-05,1.014179e-04,3.734613e-05,1.517246e-04,4.433714e-05,2.900856e-05,2.132559e-05,2.037018e-05,2.216791e-05
4.687500,2.918828e-04,1.214813e-04,6.892285e-04,7.076240e-04,5.125093e-04,4.437851e-04,5.093440e-04,4.330098e-04,7.294368e-04,3.911459e-04,2.098774e-04,1.665250e-04,7.639709e-05,1.583862e-04,1.406920e-04,1.440730e-04,9.770023e-05,1.116226e-04,4.102696e-05,1.744338e-04,5.853213e-05,3.547151e-05,2.556673e-05,2.638887e-05,2.597552e-05
4.711914,3.020039e-04,1.260471e-04,7.167709e-04,7.304917e-04,5.276641e-04,4.519936e-04,5.158577e-04,4.501397e-04,7.325530e-04,3.929601e-04,2.193558e-04,1.667275e-04,8.125105e-05,1.709235e-04,1.303943e-04,1.393101e-04,1.017088e-04,1.105744e-04,4.174394e-05,1.812226e-04,7.100005e-05,4.085737e-05,2.883873e-05,3.812775e-05,2.787256e-05
4.736328,3.133133e-04,1.321068e-04,7.402304e-04,7.522941e-04,5.499545e-04,4.598892e-04,5.223050e-04,4.606171e-04,7.526709e-04,3.952955e-04,2.304022e-04,1.784316e-04,8.509575e-05,1.827635e-04,1.354128e-04,1.361818e-04,9.455945e-05,1.023143e-04,4.219725e-05,1.838297e-04,7.915290e-05,4.766353e-05,3.092037e-05,5.263156e-05,2.895017e-05
4.760742,3.178853e-04,1.360565e-04,7.569046e-04,7.587789e-04,5.591435e-04,4.736767e-04,5.180061e-04,4.746474e-04,7.597871e-04,3.955016e-04,2.314532e-04,1.862022e-04,8.786150e-05,1.919810e-04,1.442296e-04,1.211670e-04,8.750349e-05,1.002373e-04,4.418533e-05,1.903456e-04,8.469278e-05,5.189393e-05,3.117999e-05,6.750304e-05,2.982378e-05
4.785156,3.246855e-04,1.397025e-04,7.865438e-04,7.791029e-04,5.701898e-04,4.770824e-04,5.284223e-04,4.833204e-04,7.789345e-04,3.947789e-04,2.344998e-04,1.784850e-04,8.533329e-05,2.058538e-04,1.493192e-04,1.003520e-04,8.456613e-05,1.050184e-04,4.669492e-05,1.960532e-04,8.590232e-05,5.507309e-05,3.121084e-05,7.782622e-05,3.269943e-05
4.809570,3.326199e-04,1.448619e-04,8.113901e-04,7.930117e-04,5.887382e-04,4.725853e-04,5.390316e-04,4.911914e-04,7.961775e-04,4.062248e-04,2.350538e-04,1.770531e-04,8.748460e-05,2.042975e-04,1.613039e-04,9.368039e-05,7.789498e-05,1.025447e-04,4.570236e-05,1.904262e-04,8.522459e-05,5.547982e-05,2.999644e-05,8.574282e-05,3.513087e-05
4.833984,3.387112e-04,1.496836e-04,8.349771e-04,7.975300e-04,5.979170e-04,4.791247e-04,5.325913e-04,5.121344e-04,7.957419e-04,4.067516e-04,2.388533e-04,1.870485e-04,9.813856e-05,1.964605e-04,1.696013e-04,9.366717e-05,6.796036e-05,9.231737e-05,4.366339e-05,1.756091e-04,7.968588e-05,5.431418e-05,2.834566e-05,8.766562e-05,3.753095e-05
4.858398,3.420640e-04,1.536042e-04,8.597124e-04,8.050449e-04,6.068710e-04,4.777938e-04,5.352417e-04,5.115744e-04,8.334345e-04,4.077252e-04,2.528293e-04,1.902361e-04,1.018803e-04,2.126952e-04,1.668881e-04,7.748174e-05,6.145668e-05,8.198800e-05,4.315870e-05,1.617479e-04,6.856563e-05,5.161348e-05,2.591623e-05,8.670636e-05,3.809352e-05
4.882812,3.450225e-04,1.563483e-04,8.950104e-04,8.171660e-04,6.173168e-04,4.759632e-04,5.371012e-04,5.115874e-04,8.621170e-04,4.290553e-04,2.544397e-04,1.923655e-04,9.813648e-05,2.309186e-04,1.783190e-04,6.257537e-05,5.601453e-05,7.280043e-05,4.347470e-05,1.601487e-04,5.731419e-05,4.604595e-05,2.325410e-05,8.173952e-05,3.776685e-05
4.907227,3.479285e-04,1.601436e-04,9.260872e-04,8.333323e-04,6.366819e-04,4.761520e-04,5.379077e-04,5.325972e-04,8.584616e-04,4.356486e-04,2.545756e-04,1.948291e-04,9.947366e-05,2.286892e-04,2.026868e-04,6.807275e-05,4.358796e-05,5.727974e-05,4.121504e-05,1.574726e-04,4.571223e-05,3.747581e-05,2.128824e-05,7.322905e-05,3.641418e-05
4.931641,3.449305e-04,1.614327e-04,9.554951e-04,8.357291e-04,6.481595e-04,4.802644e-04,5.350213e-04,5.436955e-04,8.761130e-04,4.366619e-04,2.668122e-04,1.881716e-04,1.032047e-04,2.257100e-04,2.089473e-04,7.466310e-05,2.503306e-05,3.537814e-05,3.392301e-05,1.407944e-04,4.205677e-05,2.758368e-05,1.805686e-05,5.995496e-05,3.413022e-05
4.956055,3.451692e-04,1.619302e-04,9.955634e-04,8.517638e-04,6.572637e-04,4.910013e-04,5.270992e-04,5.548319e-04,8.921837e-04,4.429917e-04,2.707426e-04,1.952352e-04,1.053730e-04,2.282004e-04,2.020164e-04,8.583523e-05,2.310387e-05,2.931947e-05,2.758423e-05,1.198172e-04,3.988785e-05,1.656484e-05,1.524286e-05,4.313812e-05,2.971567e-05
4.980469,3.477415e-04,1.639553e-04,1.023684e-03,8.668130e-04,6.779269e-04,4.876840e-04,5.355726e-04,5.531981e-04,9.229127e-04,4.468920e-04,2.739066e-04,2.087665e-04,1.131809e-04,2.228217e-04,2.061342e-04,1.121232e-04,3.244862e-05,3.350759e-05,2.273422e-05,9.782933e-05,4.035332e-05,1.142600e-05,1.082927e-05,2.314641e-05,2.372435e-05
5.004883,3.503154e-04,1.656828e-04,1.042404e-03,8.666968e-04,6.922394e-04,4.914992e-04,5.355397e-04,5.508538e-04,9.471347e-04,4.664993e-04,2.764250e-04,2.010431e-04,1.141590e-04,2.349817e-04,2.056465e-04,1.323227e-04,3.596377e-05,3.016596e-05,1.710079e-05,8.552452e-05,3.870680e-05,1.332117e-05,6.785083e-06,9.035478e-06,1.551557e-05
5.029297,3.408993e-04,1.613226e-04,1.017061e-03,8.370264e-04,6.757643e-04,4.836069e-04,5.111888e-04,5.477003e-04,9.003547e-04,4.534754e-04,2.658210e-04,1.870017e-04,1.016213e-04,2.417626e-04,1.970361e-04,1.308796e-04,4.262884e-05,3.576410e-05,7.372536e-06,5.748219e-05,3.558529e-05,1.565310e-05,3.066931e-06,1.648356e-05,8.382079e-06
5.053711,3.254568e-04,1.535832e-04,9.678047e-04,7.919457e-04,6.456704e-04,4.562970e-04,4.899575e-04,5.172204e-04,8.628178e-04,4.190529e-04,2.634911e-04,1.818776e-04,9.966168e-05,2.147861e-04,2.000341e-04,1.369450e-04,5.105522e-05,5.376247e-05,3.291053e-06,3.011788e-05,2.878535e-05,1.586034e-05,1.992976e-06,2.425517e-05,7.992599e-06
5.078125,3.123390e-04,1.472337e-04,9.178016e-04,7.520527e-04,6.180900e-04,4.323717e-04,4.651625e-04,4.792022e-04,8.335360e-04,4.018513e-04,2.546872e-04,1.748354e-04,1.014619e-04,1.931659e-04,1.860883e-04,1.552186e-04,5.492075e-05,6.505568e-05,1.178318e-05,3.477910e-05,1.717437e-05,1.358639e-05,3.252568e-06,2.647561e-05,1.000237e-05
5.102539,2.971171e-04,1.409032e-04,8.614279e-04,7.083982e-04,5.926267e-04,4.104385e-04,4.387554e-04,4.571543e-04,7.755013e-04,3.832743e-04,2.347627e-04,1.721667e-04,9.482873e-05,1.925272e-04,1.560548e-04,1.588874e-04,5.720638e-05,7.030832e-05,1.663352e-05,5.887806e-05,5.945203e-06,7.780179e-06,5.085503e-06,2.431337e-05,1.052547e-05
5.126953,2.842225e-04,1.342785e-04,8.146839e-04,6.629984e-04,5.589566e-04,3.896964e-04,4.128680e-04,4.333882e-04,7.258864e-04,3.560464e-04,2.243868e-04,1.627907e-04,8.880526e-05,1.847666e-04,1.423127e-04,1.498636e-04,6.505660e-05,7.913147e-05,2.175789e-05,8.055353e-05,1.295230e-05,1.738574e-06,6.672615e-06,1.850729e-05,8.857228e-06
5.151367,2.729159e-04,1.298098e-04,7.657432e-04,6.318581e-04,5.310405e-04,3.696028e-04,3.871471e-04,4.102195e-04,6.829694e-04,3.330811e-04,2.172081e-04,1.447633e-04,8.333183e-05,1.745791e-04,1.402453e-04,1.463097e-04,7.128357e-05,8.527399e-05,2.795055e-05,1.025580e-04,2.494002e-05,9.623321e-06,9.099178e-06,1.198683e-05,6.061220e-06
5.175781,2.792414e-04,1.346456e-04,7.725119e-04,6.442640e-04,5.517791e-04,3.690063e-04,4.041847e-04,4.240485e-04,6.925567e-04,3.333197e-04,2.216956e-04,1.476128e-04,8.583596e-05,1.780632e-04,1.416767e-04,1.514883e-04,7.384141e-05,8.972721e-05,3.674366e-05,1.364355e-04,3.987463e-05,2.142095e-05,1.226496e-05,1.533749e-05,2.686097e-06
5.200195,2.969781e-04,1.441431e-04,8.244337e-04,6.880947e-04,5.890506e-04,3.885131e-04,4.313719e-04,4.472970e-04,7.477490e-04,3.510433e-04,2.374013e-04,1.654426e-04,9.879714e-05,1.821676e-04,1.508466e-04,1.491660e-04,7.421476e-05,9.152805e-05,4.300790e-05,1.750356e-04,5.462528e-05,3.477190e-05,1.789943e-05,3.129355e-05,5.557121e-06
5.224609,3.137321e-04,1.532101e-04,8.833679e-04,7.451228e-04,6.351414e-04,4.147724e-04,4.496524e-04,4.810140e-04,7.873765e-04,3.780718e-04,2.486669e-04,1.733096e-04,1.113649e-04,1.950827e-04,1.587092e-04,1.521772e-04,7.909527e-05,1.001475e-04,4.744135e-05,2.029209e-04,7.046925e-05,4.871421e-05,2.483166e-05,5.103933e-05,1.382770e-05
5.249023,3.298960e-04,1.621476e-04,9.467627e-04,8.039369e-04,6.890346e-04,4.322928e-04,4.768994e-04,5.147891e-04,8.232175e-04,3.908849e-04,2.589240e-04,1.755855e-04,1.129604e-04,2.260849e-04,1.600202e-04,1.663849e-04,8.362106e-05,1.149290e-04,5.192300e-05,2.200509e-04,8.715345e-05,6.085067e-05,3.272427e-05,7.378760e-05,2.391262e-05
5.273438,3.430848e-04,1.700233e-04,1.007297e-03,8.623395e-04,7.472235e-04,4.540713e-04,4.979968e-04,5.263953e-04,8.973531e-04,4.119914e-04,2.851400e-04,1.862679e-04,1.127492e-04,2.457318e-04,1.732155e-04,1.714852e-04,8.199720e-05,1.200402e-04,5.914110e-05,2.394708e-04,1.013499e-04,7.097358e-05,4.077602e-05,9.271736e-05,3.560865e-05
5.297852,3.588397e-04,1.768289e-04,1.078281e-03,9.158047e-04,8.015241e-04,4.758647e-04,5.183976e-04,5.545190e-04,9.405952e-04,4.458347e-04,3.006220e-04,1.961111e-04,1.249278e-04,2.419915e-04,1.995590e-04,1.558760e-04,8.200941e-05,1.180513e-04,6.323267e-05,2.651257e-04,1.141428e-04,7.884353e-05,4.765171e-05,1.074454e-04,4.653946e-05
5.322266,3.627109e-04,1.783290e-04,1.098565e-03,9.419578e-04,8.219433e-04,4.798664e-04,5.146691e-04,5.642703e-04,9.288997e-04,4.438495e-04,2.966736e-04,1.983045e-04,1.304695e-04,2.381176e-04,2.011318e-04,1.344612e-04,8.159761e-05,1.153744e-04,5.945017e-05,2.695278e-04,1.160361e-04,7.876431e-05,5.083258e-05,1.106993e-04,5.275516e-05
5.346680,3.459651e-04,1.707627e-04,1.047283e-03,9.186423e-04,8.187559e-04,4.595327e-04,4.890526e-04,5.415913e-04,8.878733e-04,4.219515e-04,2.909588e-04,1.969192e-04,1.236894e-04,2.350506e-04,1.785133e-04,1.157839e-04,7.285806e-05,1.029310e-04,5.389499e-05,2.449057e-04,1.102384e-04,7.287884e-05,4.942132e-05,1.031571e-04,5.258790e-05
5.371094,3.314303e-04,1.625093e-04,1.003440e-03,8.806030e-04,8.001934e-04,4.311862e-04,4.725054e-04,5.173535e-04,8.466787e-04,3.997733e-04,2.798477e-04,1.809176e-04,1.193528e-04,2.239329e-04,1.728304e-04,9.579086e-05,5.584502e-05,8.289915e-05,5.114378e-05,2.104394e-04,1.036776e-04,6.199884e-05,4.548737e-05,9.088111e-05,4.909219e-05
5.395508,3.179617e-04,1.557099e-04,9.590253e-04,8.520889e-04,7.769491e-04,4.126645e-04,4.450310e-04,4.821593e-04,8.205205e-04,3.802610e-04,2.682961e-04,1.654708e-04,1.094509e-04,2.192181e-04,1.742022e-04,8.178552e-05,4.027939e-05,6.137251e-05,4.773323e-05,1.889627e-04,9.529229e-05,5.067615e-05,4.041880e-05,7.601734e-05,4.343592e-05
5.419922,3.039509e-04,1.490220e-04,9.111630e-04,8.197528e-04,7.581847e-04,3.953261e-04,4.153241e-04,4.548439e-04,7.836702e-04,3.710792e-04,2.557681e-04,1.656718e-04,9.995371e-05,2.096159e-04,1.648033e-04,8.243814e-05,3.269471e-05,5.015446e-05,4.024693e-05,1.745051e-04,8.432520e-05,3.938693e-05,3.292148e-05,5.816792e-05,3.667197e-05
5.444336,2.894274e-04,1.425861e-04,8.621376e-04,7.781504e-04,7.331628e-04,3.681915e-04,3.975561e-04,4.389407e-04,7.248105e-04,3.509836e-04,2.371219e-04,1.584356e-04,1.018453e-04,1.832793e-04,1.609954e-04,7.949253e-05,2.741543e-05,4.354014e-05,3.111329e-05,1.525635e-04,7.020996e-05,3.066820e-05,2.514754e-05,3.941258e-05,2.927387e-05
5.468750,2.781012e-04,1.371337e-04,8.247754e-04,7.386057e-04,7.103776e-04,3.497521e-04,3.790904e-04,4.123449e-04,6.986895e-04,3.269755e-04,2.300461e-04,1.458686e-04,1.012361e-04,1.708638e-04,1.547603e-04,6.765061e-05,2.024099e-05,3.273138e-05,2.516356e-05,1.211359e-04,5.493039e-05,2.473430e-05,1.714341e-05,2.067309e-05,2.168023e-05
5.493164,2.889880e-04,1.432947e-04,8.543133e-04,7.527847e-04,7.331443e-04,3.600857e-04,3.871659e-04,4.173835e-04,7.284454e-04,3.413457e-04,2.466540e-04,1.451316e-04,9.900802e-05,1.884752e-04,1.458986e-04,8.115645e-05,1.801748e-05,2.006130e-05,2.192021e-05,1.031440e-04,4.374024e-05,2.274607e-05,1.097831e-05,3.756331e-06,1.582757e-05
5.517578,2.951429e-04,1.481413e-04,8.747664e-04,7.727516e-04,7.602747e-04,3.715902e-04,3.949668e-04,4.346399e-04,7.330304e-04,3.534072e-04,2.510073e-04,1.435614e-04,9.971240e-05,1.943772e-04,1.465562e-04,1.075095e-04,1.994135e-05,1.669517e-05,1.572518e-05,9.169974e-05,3.387612e-05,2.119350e-05,6.653504e-06,1.154210e-05,1.022722e-05
5.541992,3.026252e-04,1.511829e-04,9.106048e-04,7.792588e-04,7.848177e-04,3.799019e-04,4.040074e-04,4.452307e-04,7.498565e-04,3.578538e-04,2.560323e-04,1.451889e-04,1.054421e-04,1.915498e-04,1.616170e-04,1.196804e-04,2.146720e-05,2.203370e-05,7.662792e-06,7.765294e-05,2.715698e-05,1.871279e-05,6.470524e-06,2.316279e-05,1.006632e-05
5.566406,3.120627e-04,1.557228e-04,9.549725e-04,7.917110e-04,7.951955e-04,3.796105e-04,4.212256e-04,4.592303e-04,7.680939e-04,3.666346e-04,2.692016e-04,1.553578e-04,1.090800e-04,1.950508e-04,1.663669e-04,1.291824e-04,2.889767e-05,2.885989e-05,1.166516e-06,5.122751e-05,1.974295e-05,1.729120e-05,8.879586e-06,3.018612e-05,1.406147e-05
5.590820,3.199039e-04,1.600592e-04,9.903245e-04,8.150841e-04,8.176289e-04,3.889842e-04,4.267192e-04,4.693237e-04,7.878151e-04,3.694579e-04,2.771818e-04,1.579005e-04,1.138700e-04,1.976949e-04,1.597798e-04,1.458279e-04,4.243298e-05,4.349139e-05,5.766492e-06,1.497114e-05,1.653853e-05,1.368661e-05,9.762056e-06,3.228808e-05,1.754523e-05
5.615234,3.289480e-04,1.643833e-04,1.025890e-03,8.286833e-04,8.420182e-04,3.982072e-04,4.298472e-04,4.786980e-04,8.153528e-04,3.811708e-04,2.893977e-04,1.501521e-04,1.168271e-04,2.026071e-04,1.590793e-04,1.570690e-04,5.054052e-05,5.789248e-05,1.147198e-05,2.176874e-05,1.650193e-05,8.333898e-06,1.005345e-05,3.043929e-05,1.860502e-05
5.639648,3.330033e-04,1.656599e-04,1.039484e-03,8.271223e-04,8.452383e-04,3.934695e-04,4.342936e-04,4.919376e-04,8.022608e-04,3.861664e-04,2.900616e-04,1.517765e-04,1.088739e-04,2.136332e-04,1.556881e-04,1.569281e-04,5.089737e-05,6.140090e-05,1.875060e-05,5.091340e-05,1.425212e-05,3.167857e-06,7.224295e-06,2.361935e-05,1.707674e-05
5.664062,3.354728e-04,1.660161e-04,1.039841e-03,8.194348e-04,8.385402e-04,3.916375e-04,4.257334e-04,4.833226e-04,7.961210e-04,3.738610e-04,2.823421e-04,1.569410e-04,1.065400e-04,2.079841e-04,1.476988e-04,1.680963e-04,5.223407e-05,6.246304e-05,2.810966e-05,7.600128e-05,4.730315e-06,7.997392e-06,3.920778e-06,1.187300e-05,1.336221e-05
5.688477,3.351880e-04,1.668463e-04,1.027552e-03,8.227733e-04,8.366847e-04,3.904608e-04,4.167361e-04,4.638924e-04,8.132749e-04,3.741653e-04,2.879584e-04,1.540767e-04,1.162911e-04,1.869614e-04,1.523085e-04,1.813766e-04,5.619624e-05,7.156977e-05,3.466764e-05,1.120445e-04,1.080387e-05,1.442157e-05,5.921951e-06,4.514323e-06,7.484536e-06
5.712891,3.354691e-04,1.659972e-04,1.017962e-03,8.231194e-04,8.496451e-04,3.874490e-04,4.119608e-04,4.613708e-04,7.985481e-04,3.818564e-04,2.906585e-04,1.545169e-04,1.173395e-04,1.863732e-04,1.543523e-04,1.787384e-04,5.850947e-05,8.008540e-05,3.783779e-05,1.420607e-04,2.891792e-05,1.982755e-05,1.248015e-05,2.465384e-05,1.157068e-06
5.737305,3.393054e-04,1.673260e-04,1.020797e-03,8.124134e-04,8.504968e-04,3.808695e-04,4.091418e-04,4.597272e-04,7.756647e-04,3.765422e-04,2.827460e-04,1.516110e-04,1.109583e-04,1.990799e-04,1.410375e-04,1.605334e-04,5.780255e-05,8.307521e-05,4.062224e-05,1.655004e-04,4.808782e-05,2.502482e-05,1.902919e-05,4.454533e-05,1.066519e-05
5.761719,3.391897e-04,1.686451e-04,1.009854e-03,8.163966e-04,8.492030e-04,3.705023e-04,4.125447e-04,4.541020e-04,7.663400e-04,3.710545e-04,2.834758e-04,1.495059e-04,1.096500e-04,1.971304e-04,1.367886e-04,1.480726e-04,6.028471e-05,8.184202e-05,4.533523e-05,1.749392e-04,6.410115e-05,3.026367e-05,2.496083e-05,6.349836e-05,2.127788e-05
5.786133,3.394975e-04,1.690220e-04,1.003792e-03,8.120128e-04,8.631013e-04,3.721380e-04,4.046574e-04,4.484005e-04,7.518764e-04,3.654818e-04,2.875453e-04,1.601520e-04,1.081315e-04,1.948769e-04,1.477567e-04,1.446801e-04,6.222947e-05,8.359874e-05,4.878845e-05,1.790778e-04,8.137728e-05,3.603571e-05,2.938575e-05,7.725736e-05,3.206180e-05
5.810547,3.341827e-04,1.669269e-04,9.851425e-04,7.825984e-04,8.509341e-04,3.631582e-04,3.899720e-04,4.245030e-04,7.415177e-04,3.536045e-04,2.807108e-04,1.625570e-04,1.074287e-04,1.876801e-04,1.458313e-04,1.316396e-04,5.750687e-05,8.088598e-05,4.730737e-05,1.897823e-04,9.174562e-05,3.908015e-05,3.186122e-05,8.536360e-05,3.992337e-05
5.834961,3.276297e-04,1.641119e-04,9.654367e-04,7.543455e-04,8.325617e-04,3.453154e-04,3.858714e-04,4.115149e-04,7.176295e-04,3.516903e-04,2.751405e-04,1.522246e-04,1.125600e-04,1.731220e-04,1.396985e-04,1.177498e-04,4.839283e-05,7.190807e-05,4.384400e-05,1.956291e-04,9.916808e-05,4.260402e-05,3.282515e-05,8.802735e-05,4.498639e-05
5.859375,3.182718e-04,1.605288e-04,9.432287e-04,7.268198e-04,8.102298e-04,3.364398e-04,3.718970e-04,4.023886e-04,6.753985e-04,3.383448e-04,2.608572e-04,1.477480e-04,1.090284e-04,1.756914e-04,1.375854e-04,1.139374e-04,4.156474e-05,6.174046e-05,4.378465e-05,1.919789e-04,9.911374e-05,4.427396e-05,3.165762e-05,8.770739e-05,4.666533e-05
5.883789,3.095077e-04,1.552694e-04,9.268651e-04,7.012468e-04,7.922694e-04,3.279221e-04,3.564879e-04,3.765597e-04,6.644595e-04,3.200024e-04,2.478644e-04,1.511382e-04,9.848902e-05,1.857928e-04,1.279360e-04,1.017530e-04,3.862343e-05,5.708693e-05,4.381910e-05,1.731279e-04,9.327166e-05,4.523308e-05,2.942820e-05,8.334130e-05,4.631303e-05
5.908203,3.038269e-04,1.520274e-04,9.199048e-04,6.666393e-04,7.676963e-04,3.202830e-04,3.427923e-04,3.625074e-04,6.428614e-04,3.166108e-04,2.507091e-04,1.488922e-04,9.890571e-05,1.771367e-04,1.219683e-04,7.600623e-05,3.443106e-05,5.453941e-05,4.179249e-05,1.583495e-04,8.221089e-05,4.463115e-05,2.614923e-05,7.681125e-05,4.341673e-05
5.932617,2.932189e-04,1.483931e-04,8.934559e-04,6.441067e-04,7.335578e-04,3.084385e-04,3.339089e-04,3.528382e-04,6.051307e-04,3.057899e-04,2.434957e-04,1.455575e-04,1.044021e-04,1.603525e-04,1.285765e-04,6.827628e-05,2.705022e-05,4.748727e-05,3.742765e-05,1.516945e-04,6.777170e-05,4.170174e-05,2.253366e-05,6.559911e-05,3.945443e-05
5.957031,2.831809e-04,1.431907e-04,8.685887e-04,6.256701e-04,7.186956e-04,2.975050e-04,3.279940e-04,3.391684e-04,5.817826e-04,2.922220e-04,2.312627e-04,1.399044e-04,1.017872e-04,1.611580e-04,1.302877e-04,7.702742e-05,2.178742e-05,3.542176e-05,3.261156e-05,1.428078e-04,5.576719e-05,3.696742e-05,1.920726e-05,5.459545e-05,3.324461e-05
5.981445,2.913891e-04,1.473895e-04,9.016204e-04,6.339114e-04,7.429593e-04,3.154089e-04,3.295195e-04,3.478861e-04,5.923751e-04,2.982690e-04,2.400769e-04,1.341795e-04,1.049503e-04,1.738523e-04,1.243037e-04,8.175597e-05,1.930416e-05,2.855372e-05,3.131154e-05,1.308863e-04,4.710732e-05,3.142030e-05,1.707665e-05,4.665232e-05,2.746825e-05
6.005859,3.000772e-04,1.519477e-04,9.342762e-04,6.545703e-04,7.637063e-04,3.271135e-04,3.385588e-04,3.510820e-04,6.133593e-04,3.016104e-04,2.473520e-04,1.369508e-04,1.104172e-04,1.803397e-04,1.233593e-04,8.674033e-05,1.380398e-05,2.371669e-05,2.861315e-05,1.155368e-04,4.332672e-05,2.525604e-05,1.580725e-05,4.175448e-05,1.998336e-05
6.030273,3.068085e-04,1.560249e-04,9.640835e-04,6.813353e-04,7.919824e-04,3.383573e-04,3.544621e-04,3.633182e-04,6.314373e-04,3.157503e-04,2.575740e-04,1.470271e-04,1.122875e-04,1.931165e-04,1.337427e-04,1.013264e-04,1.221914e-05,1.596838e-05,2.361308e-05,1.036581e-04,3.961950e-05,1.723658e-05,1.365244e-05,4.054216e-05,1.156436e-05
6.054688,3.130129e-04,1.585946e-04,9.947971e-04,7.096887e-04,8.282897e-04,3.560096e-04,3.631675e-04,3.815091e-04,6.273122e-04,3.252822e-04,2.672689e-04,1.449920e-04,1.216578e-04,1.970643e-04,1.376621e-04,1.136674e-04,1.900448e-05,1.577430e-05,1.621545e-05,9.518367e-05,3.939767e-05,1.137122e-05,1.214061e-05,3.904059e-05,4.341322e-06
6.079102,3.215711e-04,1.624031e-04,1.035006e-03,7.275359e-04,8.694803e-04,3.691680e-04,3.770294e-04,3.788994e-04,6.539741e-04,3.244021e-04,2.658946e-04,1.405428e-04,1.343478e-04,1.926839e-04,1.452927e-04,1.230054e-04,2.376359e-05,2.521104e-05,1.120338e-05,7.590878e-05,3.955589e-05,7.696622e-06,9.586134e-06,3.554875e-05,6.849406e-06
6.103516,3.257845e-04,1.658319e-04,1.060110e-03,7.438808e-04,8.942438e-04,3.800492e-04,3.932339e-04,3.800194e-04,6.864032e-04,3.413378e-04,2.770971e-04,1.422456e-04,1.323656e-04,2.121695e-04,1.568699e-04,1.468171e-04,2.500241e-05,3.093759e-05,8.230512e-06,4.758128e-05,3.784516e-05,8.297183e-06,7.538600e-06,3.015707e-05,1.147386e-05
6.127930,3.311825e-04,1.675846e-04,1.084920e-03,7.691935e-04,9.328178e-04,3.847183e-04,4.125034e-04,3.902152e-04,6.911840e-04,3.579322e-04,2.913943e-04,1.418990e-04,1.270202e-04,2.306295e-04,1.516507e-04,1.732107e-04,2.965798e-05,3.320805e-05,3.460697e-06,1.237044e-05,3.089518e-05,1.026806e-05,5.071026e-06,2.468190e-05,1.433263e-05
6.152344,3.270960e-04,1.646971e-04,1.076850e-03,7.503321e-04,9.384946e-04,3.799951e-04,4.132099e-04,3.838899e-04,6.728381e-04,3.533372e-04,2.821658e-04,1.423202e-04,1.276050e-04,2.184060e-04,1.443025e-04,1.719821e-04,3.489861e-05,4.112113e-05,9.643599e-06,2.787029e-05,1.622224e-05,9.832104e-06,2.704066e-06,1.810595e-05,1.463349e-05
6.176758,3.185370e-04,1.599868e-04,1.050610e-03,7.257076e-04,9.145946e-04,3.754610e-04,4.000531e-04,3.777834e-04,6.460522e-04,3.466272e-04,2.772916e-04,1.397253e-04,1.258201e-04,2.029551e-04,1.519538e-04,1.583579e-04,3.754571e-05,4.921963e-05,1.873002e-05,5.256499e-05,2.854130e-06,6.923588e-06,3.254963e-06,1.039547e-05,1.330172e-05
6.201172,3.101524e-04,1.550802e-04,1.024246e-03,7.092802e-04,8.958128e-04,3.586016e-04,3.967829e-04,3.615622e-04,6.303654e-04,3.335216e-04,2.757052e-04,1.250131e-04,1.232174e-04,1.936096e-04,1.532794e-04,1.600056e-04,3.925923e-05,5.324399e-05,2.508620e-05,8.327766e-05,1.790436e-05,2.038645e-06,6.816943e-06,4.141473e-06,1.031588e-05
6.225586,3.027156e-04,1.501463e-04,9.973285e-04,6.906404e-04,8.760897e-04,3.443813e-04,3.944467e-04,3.470354e-04,6.249533e-04,3.289917e-04,2.727019e-04,1.219908e-04,1.208407e-04,1.833812e-04,1.428204e-04,1.632767e-04,4.330463e-05,5.409613e-05,2.896693e-05,1.160121e-04,3.262828e-05,9.842332e-06,9.565485e-06,1.388374e-05,7.861566e-06
6.250000,2.967055e-04,1.463395e-04,9.737571e-04,6.731552e-04,8.580584e-04,3.358835e-04,3.811256e-04,3.440091e-04,5.967693e-04,3.294618e-04,2.731922e-04,1.292310e-04,1.085618e-04,1.826616e-04,1.364618e-04,1.560381e-04,4.563552e-05,5.724851e-05,3.447149e-05,1.499741e-04,4.681830e-05,2.056085e-05,1.316312e-05,2.713481e-05,9.168241e-06
6.274414,2.884026e-04,1.428551e-04,9.413417e-04,6.548656e-04,8.404121e-04,3.242811e-04,3.690325e-04,3.304972e-04,5.760502e-04,3.162500e-04,2.615993e-04,1.276699e-04,9.789658e-05,1.811682e-04,1.314476e-04,1.537498e-04,4.252034e-05,5.961469e-05,3.947694e-05,1.628050e-04,5.964659e-05,3.023200e-05,1.623297e-05,3.765461e-05,1.508467e-05
6.298828,2.815360e-04,1.379207e-04,9.049025e-04,6.479053e-04,8.226203e-04,3.128199e-04,3.573727e-04,3.153709e-04,5.713454e-04,3.082582e-04,2.490887e-04,1.233652e-04,1.010862e-04,1.588666e-04,1.235080e-04,1.524663e-04,3.785375e-05,5.616383e-05,4.239698e-05,1.689677e-04,7.030793e-05,3.909272e-05,1.960925e-05,4.745884e-05,2.119616e-05
6.323242,2.804164e-04,1.356460e-04,8.882137e-04,6.421564e-04,8.268785e-04,3.010531e-04,3.505622e-04,3.128827e-04,5.541159e-04,3.098798e-04,2.538206e-04,1.228119e-04,1.008880e-04,1.427580e-04,1.280223e-04,1.361351e-04,3.715911e-05,5.069196e-05,4.160020e-05,1.773173e-04,7.825337e-05,4.656395e-05,2.264721e-05,5.349049e-05,2.697824e-05
6.347656,2.799230e-04,1.350857e-04,8.745729e-04,6.337183e-04,8.286320e-04,2.987874e-04,3.445601e-04,3.089501e-04,5.403988e-04,3.062038e-04,2.557608e-04,1.235035e-04,9.261926e-05,1.483004e-04,1.289417e-04,1.117228e-04,3.742770e-05,5.161536e-05,4.022711e-05,1.919521e-04,8.318687e-05,5.259140e-05,2.544973e-05,6.177339e-05,3.077907e-05
6.372070,2.794873e-04,1.339498e-04,8.575184e-04,6.383260e-04,8.237764e-04,3.021351e-04,3.312158e-04,3.059585e-04,5.338672e-04,3.041106e-04,2.509610e-04,1.306457e-04,8.990718e-05,1.478693e-04,1.147524e-04,1.069499e-04,3.431395e-05,5.299415e-05,4.128034e-05,1.988764e-04,8.606450e-05,5.613302e-05,2.746770e-05,6.797851e-05,3.283089e-05
6.396484,2.798979e-04,1.333513e-04,8.442848e-04,6.411131e-04,8.363631e-04,2.984692e-04,3.261953e-04,3.014560e-04,5.256857e-04,3.000227e-04,2.518763e-04,1.378910e-04,9.072520e-05,1.420874e-04,1.043111e-04,1.097343e-04,3.140079e-05,4.895365e-05,4.299944e-05,1.943678e-04,8.698351e-05,5.694153e-05,2.873204e-05,7.394458e-05,3.333701e-05
6.420898,2.809362e-04,1.331728e-04,8.315511e-04,6.374469e-04,8.459821e-04,2.994302e-04,3.252193e-04,2.933535e-04,5.269805e-04,2.953112e-04,2.498662e-04,1.332501e-04,9.208711e-05,1.406978e-04,1.063670e-04,1.004989e-04,2.989817e-05,4.265799e-05,4.124232e-05,1.818090e-04,8.681692e-05,5.464379e-05,2.934018e-05,7.700330e-05,3.227703e-05
6.445312,2.806670e-04,1.336791e-04,8.181753e-04,6.319355e-04,8.535034e-04,3.047580e-04,3.175253e-04,2.944127e-04,5.197182e-04,2.994927e-04,2.511456e-04,1.265508e-04,9.874504e-05,1.367552e-04,1.057867e-04,8.972342e-05,2.604682e-05,3.859436e-05,3.738729e-05,1.714577e-04,8.706861e-05,4.993441e-05,2.886290e-05,7.722629e-05,3.007206e-05
6.469727,2.802817e-04,1.330352e-04,7.994236e-04,6.285906e-04,8.529607e-04,3.033510e-04,3.165666e-04,2.932196e-04,5.017359e-04,2.978477e-04,2.549693e-04,1.300936e-04,1.004259e-04,1.399111e-04,1.022949e-04,8.889806e-05,1.936656e-05,3.400340e-05,3.492220e-05,1.673766e-04,8.263194e-05,4.250349e-05,2.726936e-05,7.473090e-05,2.682545e-05
6.494141,2.821362e-04,1.334750e-04,7.933270e-04,6.309303e-04,8.618099e-04,3.012111e-04,3.190776e-04,2.799958e-04,5.068756e-04,2.896942e-04,2.479770e-04,1.302284e-04,9.606324e-05,1.532414e-04,1.015714e-04,8.016929e-05,1.538642e-05,2.552538e-05,3.415215e-05,1.572739e-04,7.521802e-05,3.589179e-05,2.483974e-05,7.366545e-05,2.190464e-05
6.518555,2.701264e-04,1.293916e-04,7.581770e-04,6.006204e-04,8.423295e-04,2.874891e-04,3.117171e-04,2.651605e-04,4.936608e-04,2.847644e-04,2.359237e-04,1.218650e-04,9.787353e-05,1.524936e-04,9.290777e-05,7.476009e-05,1.487557e-05,1.754944e-05,2.922026e-05,1.302229e-04,6.260719e-05,2.858386e-05,2.011550e-05,6.803090e-05,1.619447e-05
6.542969,2.566390e-04,1.231096e-04,7.184201e-04,5.751206e-04,8.024462e-04,2.783641e-04,2.998884e-04,2.536328e-04,4.614850e-04,2.771715e-04,2.331794e-04,1.146244e-04,1.054125e-04,1.384086e-04,8.566583e-05,8.776482e-05,1.319770e-05,1.617490e-05,2.171126e-05,1.046825e-04,5.037563e-05,2.302091e-05,1.517494e-05,6.180484e-05,1.143935e-05
6.567383,2.437609e-04,1.172360e-04,6.885484e-04,5.545399e-04,7.780112e-04,2.687700e-04,2.809478e-04,2.406480e-04,4.343059e-04,2.635007e-04,2.206181e-04,1.052867e-04,1.040420e-04,1.372689e-04,9.110560e-05,9.313584e-05,9.782122e-06,1.455001e-05,1.633695e-05,9.252933e-05,3.969812e-05,1.875729e-05,1.045147e-05,5.160912e-05,8.870273e-06
6.591797,2.298202e-04,1.110593e-04,6.584945e-04,5.265203e-04,7.542146e-04,2.494748e-04,2.722290e-04,2.296328e-04,4.051303e-04,2.513091e-04,2.080548e-04,9.809441e-05,9.768532e-05,1.435587e-04,9.329652e-05,8.462920e-05,9.845284e-06,9.763190e-06,1.318378e-05,8.140307e-05,2.847703e-05,1.590626e-05,6.382946e-06,4.018427e-05,7.978615e-06
6.616211,2.157241e-04,1.046857e-04,6.283027e-04,5.001498e-04,7.248253e-04,2.361396e-04,2.615795e-04,2.118789e-04,3.847374e-04,2.340658e-04,1.995686e-04,9.698398e-05,9.361806e-05,1.408519e-04,8.697442e-05,7.967974e-05,1.098441e-05,1.031126e-05,1.001065e-05,6.206104e-05,2.042929e-05,1.497360e-05,3.837167e-06,2.713576e-05,7.479754e-06
6.640625,2.024814e-04,9.766253e-05,5.957320e-04,4.740585e-04,6.953093e-04,2.245504e-04,2.437477e-04,1.995589e-04,3.678344e-04,2.244939e-04,1.880962e-04,9.116354e-05,8.756176e-05,1.362570e-04,8.465000e-05,8.551698e-05,1.154084e-05,1.384794e-05,4.368317e-06,3.708585e-05,1.490311e-05,1.320385e-05,3.265938e-06,1.682855e-05,6.224390e-06
6.665039,1.918847e-04,9.146656e-05,5.684681e-04,4.496222e-04,6.656548e-04,2.102953e-04,2.295616e-04,1.903972e-04,3.365699e-04,2.162067e-04,1.822003e-04,7.998490e-05,8.228246e-05,1.296052e-04,8.700616e-05,8.717176e-05,1.360982e-05,1.519628e-05,1.340583e-06,2.110002e-05,1.528892e-05,1.117795e-05,4.247269e-06,1.142330e-05,4.707567e-06
6.689453,1.830960e-04,8.753657e-05,5.482463e-04,4.280616e-04,6.501036e-04,2.003504e-04,2.198235e-04,1.763873e-04,3.221655e-04,2.020495e-04,1.741528e-04,7.716704e-05,8.306892e-05,1.178043e-04,8.687715e-05,8.679748e-05,1.602967e-05,1.725918e-05,5.333939e-06,8.738743e-06,1.539130e-05,7.378955e-06,4.630923e-06,1.255792e-05,3.194246e-06
6.713867,1.921262e-04,9.110703e-05,5.724261e-04,4.451751e-04,6.866706e-04,2.105059e-04,2.314622e-04,1.833244e-04,3.442652e-04,2.143222e-04,1.758815e-04,8.427310e-05,8.615765e-05,1.205320e-04,9.407978e-05,9.630474e-05,1.805900e-05,2.270419e-05,8.786804e-06,7.093941e-06,1.496419e-05,4.074304e-06,4.853312e-06,1.621136e-05,2.600320e-06
6.738281,2.034909e-04,9.534691e-05,5.996072e-04,4.700394e-04,7.240966e-04,2.252284e-04,2.410072e-04,1.942258e-04,3.550992e-04,2.299383e-04,1.871432e-04,8.909898e-05,8.248835e-05,1.333624e-04,1.035117e-04,1.029246e-04,1.829614e-05,2.672051e-05,1.458472e-05,3.178926e-05,1.040360e-05,1.356436e-06,3.631383e-06,1.832087e-05,2.817661e-06
6.762695,2.146054e-04,1.001748e-04,6.240833e-04,4.900410e-04,7.740394e-04,2.383220e-04,2.477825e-04,2.027023e-04,3.665409e-04,2.403870e-04,1.984828e-04,9.575091e-05,8.469379e-05,1.373824e-04,1.051625e-04,1.002468e-04,2.017155e-05,2.852010e-05,2.203868e-05,5.827760e-05,2.680108e-06,5.431190e-06,1.291482e-06,1.821427e-05,4.286122e-06
6.787109,2.268369e-04,1.052169e-04,6.440356e-04,5.050049e-04,8.149747e-04,2.461313e-04,2.631386e-04,2.116953e-04,3.814148e-04,2.515304e-04,2.047969e-04,9.790755e-05,8.958988e-05,1.306271e-04,1.044549e-04,9.793585e-05,2.348528e-05,3.073942e-05,2.869235e-05,8.161775e-05,6.847203e-06,1.022731e-05,2.317603e-06,1.214318e-05,6.827622e-06
6.811523,2.395208e-04,1.106856e-04,6.618386e-04,5.232042e-04,8.520674e-04,2.603351e-04,2.780144e-04,2.167444e-04,3.973928e-04,2.604622e-04,2.148541e-04,9.938454e-05,9.087087e-05,1.305654e-04,1.142649e-04,1.133543e-04,2.568054e-05,3.515768e-05,3.234791e-05,9.922428e-05,1.885249e-05,1.626074e-05,6.640007e-06,7.983161e-06,9.225242e-06
6.835938,2.530305e-04,1.165172e-04,6.793758e-04,5.413992e-04,8.889619e-04,2.745631e-04,2.868057e-04,2.216650e-04,4.215046e-04,2.707335e-04,2.239461e-04,1.120205e-04,9.331697e-05,1.308147e-04,1.221303e-04,1.263968e-04,2.634107e-05,3.925959e-05,3.558443e-05,1.191923e-04,3.155787e-05,2.267287e-05,1.119964e-05,2.367715e-05,1.178361e-05
6.860352,2.636289e-04,1.228321e-04,6.988597e-04,5.603636e-04,9.292789e-04,2.830085e-04,3.023465e-04,2.343853e-04,4.328018e-04,2.901862e-04,2.338255e-04,1.220669e-04,9.328918e-05,1.307766e-04,1.204639e-04,1.256779e-04,2.719225e-05,4.010501e-05,4.014069e-05,1.504384e-04,4.831943e-05,2.979653e-05,1.614504e-05,4.731581e-05,1.399234e-05
6.884766,2.699406e-04,1.260179e-04,7.028616e-04,5.652250e-04,9.615000e-04,2.903937e-04,3.155516e-04,2.374220e-04,4.342337e-04,2.981111e-04,2.477279e-04,1.227389e-04,8.908274e-05,1.384866e-04,1.175622e-04,1.216923e-04,2.807990e-05,3.921675e-05,4.567645e-05,1.728533e-04,6.143337e-05,3.488757e-05,2.036008e-05,7.244524e-05,1.674699e-05
6.909180,2.652750e-04,1.237433e-04,6.844815e-04,5.497181e-04,9.358188e-04,2.842565e-04,3.122755e-04,2.223910e-04,4.348962e-04,2.868460e-04,2.405120e-04,1.194440e-04,9.174951e-05,1.299900e-04,1.098593e-04,1.202343e-04,2.531254e-05,3.772678e-05,4.604483e-05,1.785799e-04,6.881319e-05,3.868072e-05,2.314425e-05,9.075578e-05,1.907369e-05
6.933594,2.576405e-04,1.213996e-04,6.696334e-04,5.346742e-04,9.266595e-04,2.842119e-04,3.033784e-04,2.157642e-04,4.275807e-04,2.887977e-04,2.305198e-04,1.187442e-04,9.597606e-05,1.162303e-04,9.857797e-05,1.107625e-04,2.076412e-05,3.564967e-05,4.417234e-05,1.723422e-04,7.086047e-05,4.223711e-05,2.430339e-05,1.060443e-04,2.127441e-05
6.958008,2.504081e-04,1.179496e-04,6.519841e-04,5.100810e-04,9.096698e-04,2.776084e-04,2.930846e-04,2.085704e-04,4.095901e-04,2.867166e-04,2.330119e-04,1.157600e-04,9.038198e-05,1.170762e-04,9.657436e-05,1.040100e-04,1.930514e-05,3.044117e-05,4.237294e-05,1.700206e-04,6.865391e-05,4.521577e-05,2.383125e-05,1.143748e-04,2.237605e-05
6.982422,2.442828e-04,1.145726e-04,6.395126e-04,4.917252e-04,8.813481e-04,2.667786e-04,2.938049e-04,2.030663e-04,3.928906e-04,2.815614e-04,2.292991e-04,1.141787e-04,8.525931e-05,1.251058e-04,9.633349e-05,1.141138e-04,1.925034e-05,2.528829e-05,4.105608e-05,1.670311e-04,6.442267e-05,4.689434e-05,2.230204e-05,1.190878e-04,2.280764e-05
7.006836,2.387231e-04,1.112665e-04,6.292966e-04,4.741591e-04,8.602717e-04,2.654336e-04,2.874304e-04,1.953349e-04,3.733835e-04,2.739158e-04,2.221115e-04,1.102727e-04,8.819737e-05,1.223347e-04,8.663534e-05,1.167700e-04,1.702514e-05,2.376996e-05,3.905036e-05,1.596434e-04,5.778697e-05,4.602282e-05,1.990138e-05,1.171402e-04,2.198076e-05
7.031250,2.325011e-04,1.084467e-04,6.199909e-04,4.560892e-04,8.375453e-04,2.609038e-04,2.761448e-04,1.844330e-04,3.666187e-04,2.619337e-04,2.175876e-04,1.003619e-04,9.070354e-05,1.160083e-04,7.628958e-05,1.045031e-04,1.432511e-05,2.234187e-05,3.353887e-05,1.410882e-04,5.082151e-05,4.310726e-05,1.700067e-05,1.098525e-04,2.104863e-05
7.055664,2.258442e-04,1.046868e-04,6.023635e-04,4.361764e-04,8.182750e-04,2.534089e-04,2.712831e-04,1.823200e-04,3.547820e-04,2.605851e-04,2.103613e-04,9.735543e-05,9.285568e-05,1.164568e-04,7.677890e-05,9.635542e-05,1.386142e-05,1.795566e-05,2.732354e-05,1.170073e-04,4.258427e-05,3.866848e-05,1.437708e-05,9.558960e-05,1.987851e-05
7.080078,2.225951e-04,1.017139e-04,5.875976e-04,4.196707e-04,7.905836e-04,2.485626e-04,2.651795e-04,1.773255e-04,3.328298e-04,2.558138e-04,2.113813e-04,9.952580e-05,9.565595e-05,1.148009e-04,7.846096e-05,1.023324e-04,1.329641e-05,1.433225e-05,2.304409e-05,9.899855e-05,3.495522e-05,3.268084e-05,1.172482e-05,7.632301e-05,1.857152e-05
7.104492,2.241343e-04,1.029465e-04,5.927131e-04,4.243014e-04,7.914539e-04,2.525095e-04,2.670785e-04,1.714404e-04,3.360403e-04,2.489458e-04,2.165318e-04,9.649779e-05,9.388736e-05,1.211427e-04,7.754973e-05,1.057745e-04,1.198023e-05,1.445199e-05,2.104979e-05,8.721935e-05,3.020872e-05,2.751469e-05,1.024011e-05,5.537590e-05,1.686844e-05
7.128906,2.259492e-04,1.036151e-04,5.893786e-04,4.231921e-04,8.085666e-04,2.602834e-04,2.665589e-04,1.733581e-04,3.412914e-04,2.533258e-04,2.114664e-04,9.317380e-05,9.058932e-05,1.329389e-04,8.192734e-05,1.079208e-04,1.320715e-05,1.398822e-05,1.766967e-05,7.508110e-05,2.742861e-05,2.054596e-05,8.858045e-06,3.443257e-05,1.415289e-05
7.153320,2.276278e-04,1.046690e-04,5.884338e-04,4.243868e-04,8.102625e-04,2.625012e-04,2.661133e-04,1.765948e-04,3.357858e-04,2.597922e-04,2.117806e-04,9.247522e-05,9.668597e-05,1.313911e-04,8.558764e-05,1.131298e-04,1.548348e-05,1.346465e-05,1.177219e-05,5.254268e-05,2.501370e-05,1.361848e-05,8.193570e-06,1.491087e-05,1.061650e-05
7.177734,2.278834e-04,1.052749e-04,5.867392e-04,4.333450e-04,8.219235e-04,2.635545e-04,2.751090e-04,1.783757e-04,3.345441e-04,2.613217e-04,2.170282e-04,9.141607e-05,9.955240e-05,1.254469e-04,8.561188e-05,1.123841e-04,1.591657e-05,1.704415e-05,7.449051e-06,2.873182e-05,2.097819e-05,6.563795e-06,7.190882e-06,9.261929e-06,6.925491e-06
7.202148,2.268327e-04,1.055337e-04,5.856112e-04,4.408244e-04,8.433831e-04,2.726141e-04,2.775767e-04,1.800375e-04,3.344045e-04,2.639354e-04,2.160794e-04,9.642815e-05,9.552126e-05,1.289898e-04,9.611754e-05,1.024194e-04,1.517416e-05,2.045477e-05,7.694365e-06,2.171877e-05,1.397640e-05,2.604761e-06,6.023855e-06,1.896807e-05,3.580113e-06
7.226562,2.253223e-04,1.048922e-04,5.837693e-04,4.474157e-04,8.721399e-04,2.748344e-04,2.782259e-04,1.765880e-04,3.400455e-04,2.626566e-04,2.179767e-04,1.003695e-04,9.361506e-05,1.314232e-04,1.058437e-04,9.744333e-05,1.633727e-05,2.051520e-05,7.170502e-06,2.252416e-05,6.013588e-06,4.989159e-06,4.431096e-06,2.825289e-05,1.417344e-06
7.250977,2.263502e-04,1.045789e-04,5.851325e-04,4.505761e-04,8.996426e-04,2.758897e-04,2.867265e-04,1.782509e-04,3.513109e-04,2.669162e-04,2.203062e-04,9.485266e-05,9.004108e-05,1.301911e-04,1.049801e-04,1.094848e-04,1.856778e-05,2.024780e-05,1.085787e-05,2.801498e-05,2.592126e-06,5.921647e-06,2.897733e-06,3.305267e-05,2.393792e-06
7.275391,2.254121e-04,1.049785e-04,5.922020e-04,4.566526e-04,9.246975e-04,2.805612e-04,2.922330e-04,1.832616e-04,3.453810e-04,2.801839e-04,2.202231e-04,9.454689e-05,8.679827e-05,1.282599e-04,1.044837e-04,1.151727e-04,1.943617e-05,2.257743e-05,1.865419e-05,5.008932e-05,9.663572e-06,5.208992e-06,2.758049e-06,3.356116e-05,4.265971e-06
7.299805,2.256223e-04,1.043178e-04,5.919829e-04,4.573847e-04,9.603936e-04,2.881947e-04,2.957544e-04,1.791840e-04,3.460878e-04,2.800217e-04,2.298749e-04,1.028350e-04,8.966807e-05,1.218008e-04,1.069879e-04,1.045348e-04,1.991176e-05,2.521115e-05,2.378108e-05,7.848906e-05,1.829080e-05,7.303958e-06,4.494437e-06,2.666713e-05,6.190251e-06
7.324219,2.288683e-04,1.044811e-04,5.964726e-04,4.526199e-04,9.817555e-04,2.968906e-04,2.964637e-04,1.771553e-04,3.591062e-04,2.825208e-04,2.320058e-04,1.067575e-04,9.013064e-05,1.111070e-04,1.085267e-04,9.758293e-05,2.127349e-05,2.589549e-05,2.666539e-05,9.485962e-05,2.500087e-05,1.100098e-05,6.122493e-06,1.432888e-05,7.022097e-06
7.348633,2.317973e-04,1.052818e-04,6.040058e-04,4.538645e-04,9.911701e-04,2.961466e-04,3.016418e-04,1.789830e-04,3.617549e-04,2.939487e-04,2.276717e-04,1.089328e-04,8.195721e-05,1.134107e-04,1.101242e-04,9.917133e-05,2.204788e-05,2.629564e-05,2.952682e-05,1.085210e-04,3.217412e-05,1.836259e-05,8.088228e-06,7.948280e-06,6.654938e-06
7.373047,2.350577e-04,1.060704e-04,6.063060e-04,4.522991e-04,1.015819e-03,2.975234e-04,3.140848e-04,1.797304e-04,3.612102e-04,3.007175e-04,2.346548e-04,1.127239e-04,8.002636e-05,1.171202e-04,1.145193e-04,9.475853e-05,2.010701e-05,2.802906e-05,3.419531e-05,1.264039e-04,3.744681e-05,2.620970e-05,9.382620e-06,2.790038e-05,5.191734e-06
7.397461,2.387850e-04,1.073070e-04,6.073775e-04,4.471297e-04,1.030201e-03,3.065468e-04,3.177599e-04,1.819831e-04,3.583700e-04,3.069027e-04,2.405393e-04,1.132485e-04,8.821637e-05,1.071981e-04,1.090022e-04,1.007505e-04,1.826880e-05,2.919621e-05,3.799219e-05,1.541366e-04,4.066094e-05,3.485634e-05,1.065384e-05,4.883874e-05,4.612525e-06
7.421875,2.442800e-04,1.090077e-04,6.051533e-04,4.440532e-04,1.037607e-03,3.092817e-04,3.184221e-04,1.803032e-04,3.553799e-04,3.087507e-04,2.419817e-04,1.179025e-04,9.052394e-05,1.010841e-04,9.699621e-05,1.196481e-04,1.951602e-05,2.667176e-05,3.857326e-05,1.734445e-04,4.389961e-05,4.362121e-05,1.197329e-05,6.710914e-05,7.625984e-06
7.446289,2.481750e-04,1.119724e-04,6.070265e-04,4.434743e-04,1.039444e-03,3.116296e-04,3.260419e-04,1.789311e-04,3.622149e-04,3.074995e-04,2.445033e-04,1.249444e-04,9.100271e-05,1.061303e-04,9.667734e-05,1.245062e-04,2.006696e-05,2.422358e-05,3.837753e-05,1.796084e-04,4.805539e-05,5.004490e-05,1.313342e-05,8.367339e-05,1.188744e-05
7.470703,2.505181e-04,1.136748e-04,6.005507e-04,4.479622e-04,1.049190e-03,3.183858e-04,3.300719e-04,1.835777e-04,3.613373e-04,3.173562e-04,2.427962e-04,1.217645e-04,9.391195e-05,1.098058e-04,9.934744e-05,1.185754e-04,1.817079e-05,2.549100e-05,3.968037e-05,1.852233e-04,5.573589e-05,5.478365e-05,1.477718e-05,9.702074e-05,1.618950e-05
7.495117,2.544700e-04,1.154168e-04,5.939743e-04,4.451858e-04,1.071164e-03,3.240747e-04,3.335826e-04,1.821593e-04,3.534262e-04,3.214735e-04,2.468006e-04,1.170915e-04,9.278343e-05,1.166240e-04,9.367012e-05,1.239925e-04,1.721508e-05,2.551649e-05,4.118855e-05,1.921737e-04,6.170311e-05,5.504243e-05,1.642857e-05,1.072662e-04,1.982789e-05
7.519531,2.497669e-04,1.145358e-04,5.806206e-04,4.384062e-04,1.046290e-03,3.224251e-04,3.271674e-04,1.733027e-04,3.521300e-04,3.086275e-04,2.525118e-04,1.187837e-04,9.708951e-05,1.205510e-04,8.736905e-05,1.379859e-04,1.722228e-05,2.183180e-05,3.979231e-05,1.975879e-04,6.595922e-05,5.300327e-05,1.778178e-05,1.099033e-04,2.253037e-05
7.543945,2.435484e-04,1.116827e-04,5.595460e-04,4.339844e-04,1.033295e-03,3.097872e-04,3.217864e-04,1.709052e-04,3.451807e-04,3.057236e-04,2.438424e-04,1.180980e-04,1.063000e-04,1.135087e-04,8.467120e-05,1.415477e-04,1.587275e-05,1.924894e-05,3.415500e-05,1.844704e-04,6.586310e-05,4.860366e-05,1.831719e-05,1.049961e-04,2.419862e-05
7.568359,2.378551e-04,1.092390e-04,5.435561e-04,4.233296e-04,1.030792e-03,3.033986e-04,3.219237e-04,1.677329e-04,3.290686e-04,3.038463e-04,2.312806e-04,1.142060e-04,1.064375e-04,1.102819e-04,7.908916e-05,1.420504e-04,1.438034e-05,1.875178e-05,2.934937e-05,1.654208e-04,6.552739e-05,4.470658e-05,1.797042e-05,9.453591e-05,2.507962e-05
7.592773,2.324785e-04,1.068929e-04,5.292719e-04,4.136772e-04,1.021697e-03,3.018571e-04,3.101956e-04,1.651477e-04,3.171861e-04,2.968146e-04,2.287651e-04,1.116240e-04,1.018516e-04,1.196864e-04,8.071910e-05,1.458054e-04,1.585450e-05,1.745427e-05,2.789441e-05,1.453504e-04,6.343309e-05,4.016749e-05,1.682421e-05,7.956201e-05,2.445050e-05
7.617188,2.263865e-04,1.049654e-04,5.179465e-04,4.026406e-04,1.010962e-03,2.906985e-04,3.002434e-04,1.594296e-04,3.037765e-04,2.898817e-04,2.210785e-04,1.046320e-04,1.026660e-04,1.232744e-04,8.713680e-05,1.417359e-04,1.757821e-05,1.588174e-05,2.535770e-05,1.311686e-04,5.802046e-05,3.590295e-05,1.503265e-05,6.407125e-05,2.259596e-05
7.641602,2.195953e-04,1.020311e-04,5.029353e-04,3.927871e-04,9.944921e-04,2.818392e-04,2.972401e-04,1.510014e-04,3.026088e-04,2.755149e-04,2.151696e-04,1.000154e-04,1.050243e-04,1.179426e-04,8.386883e-05,1.263986e-04,1.716643e-05,1.775426e-05,2.036441e-05,1.178981e-04,4.991105e-05,3.276899e-05,1.279573e-05,5.163341e-05,1.895225e-05
7.666016,2.154349e-04,9.937552e-05,4.880399e-04,3.788540e-04,9.849921e-04,2.768610e-04,2.885906e-04,1.505025e-04,2.995699e-04,2.738107e-04,2.090292e-04,1.039976e-04,1.031585e-04,1.161417e-04,7.957454e-05,1.257428e-04,1.626099e-05,2.022392e-05,1.539126e-05,9.727441e-05,3.903595e-05,3.059943e-05,1.034799e-05,4.360538e-05,1.472869e-05
7.690430,2.086393e-04,9.758589e-05,4.797205e-04,3.642929e-04,9.599858e-04,2.725705e-04,2.787634e-04,1.478192e-04,2.825263e-04,2.763443e-04,1.995081e-04,1.029791e-04,1.022443e-04,1.137051e-04,8.566625e-05,1.333020e-04,1.702685e-05,2.017400e-05,1.450676e-05,6.888238e-05,2.999434e-05,2.823618e-05,7.365655e-06,3.910631e-05,1.018237e-05
7.714844,2.008406e-04,9.465497e-05,4.648053e-04,3.565319e-04,9.377283e-04,2.657631e-04,2.672448e-04,1.391961e-04,2.760931e-04,2.641882e-04,2.003178e-04,9.491244e-05,9.828158e-05,1.092485e-04,9.158084e-05,1.273455e-04,1.789517e-05,1.869765e-05,1.316101e-05,5.309881e-05,2.131976e-05,2.345253e-05,4.706261e-06,3.643969e-05,6.419173e-06
7.739258,1.990510e-04,9.442089e-05,4.618648e-04,3.514445e-04,9.538148e-04,2.594376e-04,2.685989e-04,1.385238e-04,2.819878e-04,2.650862e-04,2.038443e-04,9.491290e-05,9.130252e-05,1.120131e-04,9.437714e-05,1.151257e-04,1.758863e-05,1.948556e-05,1.078105e-05,4.934527e-05,1.790247e-05,1.764867e-05,2.511518e-06,3.534317e-05,3.805982e-06
7.763672,1.980064e-04,9.472629e-05,4.634418e-04,3.487093e-04,9.577036e-04,2.628597e-04,2.760036e-04,1.396887e-04,2.824975e-04,2.739062e-04,1.981992e-04,9.690760e-05,9.252834e-05,1.143867e-04,9.860816e-05,1.065941e-04,1.820835e-05,2.122045e-05,1.389462e-05,4.270718e-05,1.484667e-05,9.977591e-06,1.887522e-06,3.473364e-05,3.034338e-06
7.788086,1.962857e-04,9.487423e-05,4.657792e-04,3.488561e-04,9.596535e-04,2.667647e-04,2.728485e-04,1.412118e-04,2.834437e-04,2.786735e-04,2.006240e-04,9.859642e-05,9.691937e-05,1.058772e-04,1.017846e-04,1.018958e-04,1.969025e-05,2.121809e-05,2.005610e-05,3.785471e-05,1.512515e-05,2.303654e-06,2.544204e-06,3.148649e-05,4.064825e-06
7.812500,1.941982e-04,9.410685e-05,4.670447e-04,3.499779e-04,9.648661e-04,2.633199e-04,2.739720e-04,1.427900e-04,2.793593e-04,2.857497e-04,2.056941e-04,1.025422e-04,9.233903e-05,1.002513e-04,9.821412e-05,9.452948e-05,1.965396e-05,2.131123e-05,2.422588e-05,6.101066e-05,1.664904e-05,8.246443e-06,3.215204e-06,2.708210e-05,5.186379e-06
7.836914,1.940333e-04,9.319577e-05,4.680388e-04,3.508238e-04,9.793278e-04,2.644634e-04,2.791829e-04,1.400901e-04,2.797733e-04,2.842607e-04,2.069807e-04,1.014101e-04,8.758820e-05,1.028481e-04,1.006872e-04,9.622313e-05,1.791218e-05,2.309072e-05,2.705957e-05,8.363268e-05,1.831082e-05,1.683809e-05,3.876565e-06,2.014660e-05,5.839852e-06
7.861328,1.928676e-04,9.303897e-05,4.750114e-04,3.497530e-04,9.898154e-04,2.657254e-04,2.799801e-04,1.428051e-04,2.866231e-04,2.849477e-04,2.105380e-04,9.865939e-05,8.646958e-05,1.000638e-04,1.080846e-04,1.046991e-04,1.743722e-05,2.386947e-05,3.090852e-05,9.845200e-05,2.079334e-05,2.514654e-05,4.771555e-06,1.995904e-05,5.122782e-06
7.885742,1.917639e-04,9.217500e-05,4.781228e-04,3.549252e-04,9.921453e-04,2.662868e-04,2.803174e-04,1.461374e-04,2.801250e-04,2.963264e-04,2.061376e-04,1.058289e-04,8.541880e-05,9.582035e-05,1.053644e-04,1.032323e-04,1.845393e-05,2.211175e-05,3.533934e-05,1.132308e-04,2.429944e-05,3.155023e-05,6.025091e-06,2.975898e-05,2.832319e-06
7.910156,1.922840e-04,9.185415e-05,4.792271e-04,3.584103e-04,1.014862e-03,2.639942e-04,2.801756e-04,1.426555e-04,2.783812e-04,2.940501e-04,2.055564e-04,1.105696e-04,8.977739e-05,9.274406e-05,9.903101e-05,8.919733e-05,1.841181e-05,2.040874e-05,3.846020e-05,1.384017e-04,3.181574e-05,3.734758e-05,7.863030e-06,4.136669e-05,6.020761e-07
7.934570,1.919986e-04,9.190707e-05,4.820991e-04,3.560265e-04,1.034715e-03,2.597956e-04,2.847837e-04,1.418874e-04,2.860085e-04,2.910147e-04,2.159948e-04,1.066330e-04,9.554527e-05,8.504511e-05,9.634895e-05,9.412064e-05,1.708396e-05,2.074045e-05,3.741185e-05,1.607890e-04,4.141249e-05,3.985210e-05,9.921430e-06,5.228380e-05,4.439486e-06
7.958984,1.891008e-04,9.002540e-05,4.724451e-04,3.503164e-04,1.024633e-03,2.594062e-04,2.832952e-04,1.415981e-04,2.819058e-04,2.932887e-04,2.118708e-04,1.039334e-04,8.912648e-05,8.322725e-05,9.022920e-05,1.108802e-04,1.625938e-05,2.067964e-05,3.573845e-05,1.724957e-04,4.981285e-05,4.098307e-05,1.209060e-05,5.862590e-05,8.164764e-06
7.983398,1.835835e-04,8.690014e-05,4.552203e-04,3.379153e-04,1.002358e-03,2.531790e-04,2.686084e-04,1.392234e-04,2.709200e-04,2.895767e-04,2.024150e-04,1.001042e-04,8.200056e-05,8.936984e-05,8.228998e-05,1.133193e-04,1.576783e-05,1.843105e-05,3.533312e-05,1.683415e-04,5.367932e-05,3.948057e-05,1.366727e-05,6.250479e-05,1.121338e-05
8.007812,1.791472e-04,8.393976e-05,4.371191e-04,3.249999e-04,9.765970e-04,2.424909e-04,2.596345e-04,1.366705e-04,2.592028e-04,2.843466e-04,1.984864e-04,9.695539e-05,8.683396e-05,8.712509e-05,8.020350e-05,1.166967e-04,1.372358e-05,1.653062e-05,3.465662e-05,1.641046e-04,5.503144e-05,3.967049e-05,1.478065e-05,6.203210e-05,1.333304e-05
8.032227,1.743227e-04,8.183221e-05,4.219077e-04,3.116921e-04,9.512983e-04,2.386846e-04,2.539827e-04,1.299450e-04,2.490903e-04,2.749432e-04,1.916324e-04,9.869638e-05,8.810849e-05,7.941199e-05,7.398262e-05,1.241060e-04,1.188561e-05,1.565954e-05,3.147587e-05,1.614396e-04,5.425125e-05,4.082589e-05,1.509129e-05,5.939356e-05,1.479168e-05
8.056641,1.685100e-04,7.916535e-05,4.050029e-04,2.987562e-04,9.178448e-04,2.361454e-04,2.431556e-04,1.244220e-04,2.481898e-04,2.614365e-04,1.854155e-04,9.436199e-05,8.551631e-05,7.827961e-05,6.224678e-05,1.229584e-04,1.329419e-05,1.425253e-05,2.644142e-05,1.568290e-04,5.207653e-05,4.141470e-05,1.453393e-05,5.179288e-05,1.542590e-05
8.081055,1.649518e-04,7.660106e-05,3.844790e-04,2.884795e-04,8.867256e-04,2.317903e-04,2.337116e-04,1.234765e-04,2.415814e-04,2.597379e-04,1.797260e-04,8.517787e-05,8.455367e-05,7.903572e-05,6.181672e-05,1.173039e-04,1.456743e-05,1.158707e-05,2.385050e-05,1.403356e-04,4.862686e-05,4.155953e-05,1.347064e-05,4.414344e-05,1.545910e-05
8.105469,1.608928e-04,7.485162e-05,3.684904e-04,2.734947e-04,8.654397e-04,2.254128e-04,2.258043e-04,1.185701e-04,2.278981e-04,2.581311e-04,1.695772e-04,8.361053e-05,8.071569e-05,7.814390e-05,6.476741e-05,1.254898e-04,1.360236e-05,1.164128e-05,2.253597e-05,1.146384e-04,4.316646e-05,3.998669e-05,1.215344e-05,3.769368e-05,1.422173e-05
8.129883,1.567119e-04,7.267236e-05,3.523813e-04,2.603197e-04,8.254333e-04,2.183159e-04,2.227411e-04,1.117404e-04,2.224843e-04,2.458580e-04,1.665280e-04,8.486647e-05,7.850204e-05,7.951199e-05,6.210179e-05,1.339187e-04,1.345469e-05,1.370521e-05,1.959732e-05,9.773372e-05,3.766971e-05,3.858216e-05,1.060249e-05,3.684390e-05,1.210969e-05
8.154297,1.529430e-04,7.085337e-05,3.368780e-04,2.517295e-04,7.891227e-04,2.176409e-04,2.197237e-04,1.083427e-04,2.179435e-04,2.388083e-04,1.663913e-04,8.165372e-05,8.170117e-05,7.561598e-05,6.000169e-05,1.282224e-04,1.444497e-05,1.362755e-05,1.602229e-05,8.486949e-05,3.340120e-05,3.504483e-05,9.083570e-06,3.873823e-05,9.122787e-06
8.178711,1.487960e-04,6.908113e-05,3.231481e-04,2.417102e-04,7.635119e-04,2.145364e-04,2.101213e-04,1.048142e-04,2.089069e-04,2.351365e-04,1.577279e-04,7.779808e-05,8.037198e-05,6.890021e-05,6.015737e-05,1.179364e-04,1.473361e-05,1.251939e-05,1.391675e-05,7.153739e-05,3.168931e-05,3.126535e-05,7.641978e-06,3.993151e-05,5.946805e-06
8.203125,1.487100e-04,6.983761e-05,3.210589e-04,2.405601e-04,7.613564e-04,2.141203e-04,2.126673e-04,1.056711e-04,2.071264e-04,2.363257e-04,1.555196e-04,7.772024e-05,7.487132e-05,7.109209e-05,6.041819e-05,1.160947e-04,1.468858e-05,1.355624e-05,1.385154e-05,5.222940e-05,2.942120e-05,2.578957e-05,6.773022e-06,4.017289e-05,3.502240e-06
8.227539,1.473644e-04,7.005040e-05,3.191421e-04,2.389310e-04,7.616200e-04,2.178983e-04,2.183015e-04,1.054599e-04,2.021329e-04,2.388593e-04,1.573170e-04,7.637605e-05,7.274548e-05,7.478941e-05,6.441559e-05,1.128497e-04,1.602796e-05,1.492413e-05,1.296041e-05,4.048053e-05,2.579799e-05,1.944136e-05,6.095168e-06,3.708825e-05,2.493678e-06
8.251953,1.472378e-04,7.002226e-05,3.146972e-04,2.399500e-04,7.549666e-04,2.193057e-04,2.192421e-04,1.030678e-04,2.015093e-04,2.344146e-04,1.565879e-04,7.891169e-05,7.581780e-05,7.267289e-05,7.148183e-05,1.043398e-04,1.761401e-05,1.509977e-05,1.040089e-05,4.446537e-05,2.028998e-05,1.305199e-05,5.573315e-06,3.227773e-05,3.301002e-06
8.276367,1.456725e-04,7.028928e-05,3.143175e-04,2.389722e-04,7.608526e-04,2.184550e-04,2.226062e-04,1.050037e-04,2.046228e-04,2.321443e-04,1.577988e-04,8.170431e-05,7.541773e-05,6.826522e-05,7.224689e-05,1.040764e-04,1.736738e-05,1.576142e-05,1.082113e-05,4.962474e-05,1.262225e-05,6.576907e-06,4.672730e-06,2.593593e-05,3.913750e-06
8.300781,1.442142e-04,6.964748e-05,3.143573e-04,2.363456e-04,7.598167e-04,2.153381e-04,2.257926e-04,1.062104e-04,1.984660e-04,2.391920e-04,1.558962e-04,7.795935e-05,7.388857e-05,6.735954e-05,6.892179e-05,1.032226e-04,1.627746e-05,1.764892e-05,1.384050e-05,4.880442e-05,4.803577e-06,1.315679e-06,3.398274e-06,1.749236e-05,4.599209e-06
8.325195,1.439818e-04,6.917134e-05,3.140387e-04,2.379582e-04,7.536412e-04,2.127905e-04,2.314398e-04,1.029414e-04,1.954917e-04,2.355544e-04,1.505706e-04,7.702555e-05,7.212795e-05,6.627375e-05,7.057242e-05,9.036893e-05,1.654588e-05,1.861299e-05,1.520359e-05,5.668272e-05,4.333136e-06,4.186292e-06,1.959947e-06,8.921601e-06,4.514198e-06
8.349609,1.435326e-04,6.886669e-05,3.174787e-04,2.377153e-04,7.617163e-04,2.148450e-04,2.331775e-04,1.023086e-04,1.994694e-04,2.300259e-04,1.542650e-04,8.262536e-05,6.723751e-05,6.543179e-05,7.361818e-05,6.897674e-05,1.700074e-05,1.743546e-05,1.661069e-05,7.107187e-05,1.252376e-05,8.638408e-06,2.512592e-07,7.959029e-06,3.882792e-06
8.374023,1.432732e-04,6.854702e-05,3.209796e-04,2.369944e-04,7.623265e-04,2.110322e-04,2.289325e-04,1.029250e-04,1.987993e-04,2.335099e-04,1.563338e-04,8.456124e-05,6.654525e-05,6.716482e-05,7.286117e-05,6.132962e-05,1.621051e-05,1.616146e-05,2.003671e-05,8.634372e-05,2.195513e-05,1.211853e-05,1.665453e-06,1.838172e-05,2.354631e-06
8.398438,1.433602e-04,6.831679e-05,3.238593e-04,2.370580e-04,7.621544e-04,2.056905e-04,2.314258e-04,1.046581e-04,1.974238e-04,2.361041e-04,1.521715e-04,8.522454e-05,7.271987e-05,6.360587e-05,7.204330e-05,6.328368e-05,1.507410e-05,1.608766e-05,2.390891e-05,9.133903e-05,2.903652e-05,1.503183e-05,3.511042e-06,2.795205e-05,7.712896e-07
8.422852,1.452807e-04,6.808474e-05,3.244077e-04,2.360482e-04,7.610485e-04,2.067765e-04,2.330878e-04,1.051353e-04,1.925077e-04,2.402706e-04,1.517183e-04,8.547892e-05,7.408083e-05,5.699537e-05,7.248453e-05,6.189715e-05,1.472178e-05,1.620044e-05,2.496677e-05,1.023210e-04,3.445995e-05,1.682887e-05,4.941049e-06,3.559708e-05,3.629626e-06
8.447266,1.469269e-04,6.874920e-05,3.251583e-04,2.351470e-04,7.587217e-04,2.058938e-04,2.283277e-04,1.017830e-04,1.903597e-04,2.365696e-04,1.504657e-04,8.253558e-05,7.050691e-05,5.862462e-05,6.775768e-05,6.428302e-05,1.353875e-05,1.472049e-05,2.389680e-05,1.228635e-04,3.600006e-05,1.921576e-05,6.281076e-06,3.964261e-05,6.731837e-06
8.471680,1.477411e-04,6.925397e-05,3.270786e-04,2.318558e-04,7.603697e-04,2.044760e-04,2.251389e-04,1.016819e-04,1.957005e-04,2.298473e-04,1.498541e-04,8.401898e-05,7.193921e-05,6.190880e-05,6.348859e-05,7.017092e-05,1.077946e-05,1.376224e-05,2.403504e-05,1.398725e-04,3.526069e-05,2.244666e-05,7.089428e-06,4.178802e-05,9.649770e-06
8.496094,1.497912e-04,6.992179e-05,3.246589e-04,2.313189e-04,7.509307e-04,2.032333e-04,2.231939e-04,1.037774e-04,1.939829e-04,2.360249e-04,1.492607e-04,8.984870e-05,7.388406e-05,6.143574e-05,6.585957e-05,7.303030e-05,8.951289e-06,1.335948e-05,2.458064e-05,1.447650e-04,3.440798e-05,2.625737e-05,7.469795e-06,4.214545e-05,1.158394e-05
8.520508,1.498739e-04,7.099753e-05,3.235001e-04,2.331700e-04,7.489872e-04,2.029659e-04,2.243437e-04,1.015103e-04,1.884421e-04,2.397933e-04,1.433692e-04,8.822298e-05,7.525292e-05,6.204165e-05,6.362981e-05,7.903028e-05,9.275816e-06,1.176960e-05,2.392251e-05,1.438656e-04,3.423503e-05,2.969223e-05,7.360758e-06,4.091293e-05,1.297220e-05
8.544922,1.494862e-04,7.152243e-05,3.201194e-04,2.309466e-04,7.532599e-04,2.080794e-04,2.245653e-04,9.980812e-05,1.906199e-04,2.346714e-04,1.411392e-04,8.416088e-05,7.994007e-05,6.239627e-05,5.773027e-05,9.780318e-05,9.593138e-06,9.015556e-06,2.154324e-05,1.441465e-04,3.489728e-05,3.113213e-05,7.064657e-06,3.829936e-05,1.359802e-05
8.569336,1.487545e-04,7.192249e-05,3.153164e-04,2.298413e-04,7.487695e-04,2.072020e-04,2.191696e-04,1.005535e-04,1.917144e-04,2.357110e-04,1.465639e-04,8.550662e-05,7.951717e-05,6.076342e-05,5.667828e-05,1.125790e-04,8.900447e-06,8.032612e-06,1.919396e-05,1.477471e-04,3.566239e-05,3.210706e-05,6.805273e-06,3.512536e-05,1.366205e-05
8.593750,1.484431e-04,7.194206e-05,3.107298e-04,2.284282e-04,7.467341e-04,2.066769e-04,2.220850e-04,1.004141e-04,1.894507e-04,2.382658e-04,1.462611e-04,8.661046e-05,7.527682e-05,6.476985e-05,5.739936e-05,1.137786e-04,9.702421e-06,8.961892e-06,1.865985e-05,1.393452e-04,3.847499e-05,3.169520e-05,6.918970e-06,3.444170e-05,1.306086e-05
8.618164,1.474784e-04,7.216684e-05,3.087603e-04,2.276165e-04,7.436793e-04,2.104010e-04,2.244385e-04,1.018389e-04,1.879996e-04,2.385257e-04,1.420460e-04,8.753145e-05,7.904403e-05,6.936444e-05,5.751216e-05,1.143049e-04,1.134742e-05,9.526421e-06,1.764104e-05,1.220229e-04,4.077937e-05,3.103587e-05,7.139663e-06,3.831460e-05,1.173464e-05
8.642578,1.459116e-04,7.165438e-05,3.101810e-04,2.252996e-04,7.493260e-04,2.098399e-04,2.230118e-04,9.991110e-05,1.821808e-04,2.413777e-04,1.425175e-04,8.905689e-05,8.374568e-05,6.632350e-05,6.205297e-05,1.227941e-04,1.225671e-05,9.428225e-06,1.456454e-05,1.032986e-04,4.298387e-05,2.843060e-05,7.457995e-06,4.448052e-05,9.616402e-06
8.666992,1.465108e-04,7.123820e-05,3.113231e-04,2.234056e-04,7.478649e-04,2.085573e-04,2.258474e-04,9.875841e-05,1.848728e-04,2.344432e-04,1.411629e-04,8.570738e-05,8.299610e-05,6.409445e-05,6.484532e-05,1.286488e-04,1.366414e-05,1.047423e-05,1.200229e-05,9.194296e-05,4.366037e-05,2.595011e-05,7.793594e-06,5.074030e-05,7.474668e-06
8.691406,1.476797e-04,7.225092e-05,3.210182e-04,2.265758e-04,7.530536e-04,2.089784e-04,2.321600e-04,1.036421e-04,1.889056e-04,2.377073e-04,1.447426e-04,8.376182e-05,8.188797e-05,6.726942e-05,6.218123e-05,1.293023e-04,1.657603e-05,1.245675e-05,1.209915e-05,8.315109e-05,4.104761e-05,2.311642e-05,8.049436e-06,5.325542e-05,6.069773e-06
8.715820,1.489477e-04,7.270398e-05,3.308340e-04,2.255182e-04,7.685208e-04,2.130715e-04,2.400870e-04,1.043624e-04,1.838018e-04,2.478647e-04,1.471762e-04,8.849249e-05,8.244625e-05,6.932606e-05,6.496843e-05,1.349685e-04,1.908884e-05,1.361158e-05,1.282153e-05,6.585100e-05,3.565212e-05,2.018803e-05,7.904734e-06,5.326031e-05,6.564841e-06
8.740234,1.512743e-04,7.347333e-05,3.385651e-04,2.241397e-04,7.716540e-04,2.182456e-04,2.418512e-04,1.033071e-04,1.856724e-04,2.448874e-04,1.425512e-04,8.968601e-05,8.201899e-05,6.990060e-05,7.285082e-05,1.387671e-04,1.947568e-05,1.496076e-05,1.219686e-05,5.036162e-05,2.841461e-05,1.884492e-05,7.305672e-06,4.879086e-05,7.452372e-06
8.764648,1.536741e-04,7.450103e-05,3.472219e-04,2.243291e-04,7.739910e-04,2.158230e-04,2.414436e-04,1.047106e-04,1.911596e-04,2.428357e-04,1.456461e-04,8.423752e-05,8.479021e-05,7.044905e-05,7.627243e-05,1.293803e-04,1.941480e-05,1.752057e-05,1.188918e-05,4.977513e-05,2.098599e-05,1.634698e-05,6.269781e-06,4.246912e-05,8.357779e-06
8.789062,1.554368e-04,7.590964e-05,3.557619e-04,2.230473e-04,7.789878e-04,2.172315e-04,2.500009e-04,1.072405e-04,1.936465e-04,2.479656e-04,1.507604e-04,8.320349e-05,9.016284e-05,6.808268e-05,7.708808e-05,1.147692e-04,2.070261e-05,1.969598e-05,1.428385e-05,5.940195e-05,1.294100e-05,1.332603e-05,4.446309e-06,3.416123e-05,8.260528e-06
8.813477,1.554618e-04,7.674860e-05,3.649953e-04,2.221350e-04,7.834911e-04,2.221581e-04,2.543107e-04,1.114266e-04,1.946536e-04,2.545837e-04,1.497961e-04,8.330349e-05,8.587765e-05,6.465035e-05,7.895748e-05,1.129360e-04,2.217364e-05,1.918852e-05,1.632613e-05,6.377016e-05,6.841596e-06,7.973591e-06,2.596327e-06,2.403056e-05,7.704602e-06
8.837891,1.563016e-04,7.712205e-05,3.682711e-04,2.199374e-04,7.857848e-04,2.224380e-04,2.543252e-04,1.121180e-04,1.908975e-04,2.632622e-04,1.507731e-04,8.433226e-05,7.886022e-05,6.909797e-05,7.911641e-05,1.126670e-04,2.175464e-05,1.829254e-05,1.750517e-05,6.838280e-05,1.142130e-05,3.141210e-06,8.340046e-07,1.130748e-05,6.743903e-06
8.862305,1.558720e-04,7.782621e-05,3.729913e-04,2.208320e-04,7.783837e-04,2.238738e-04,2.582382e-04,1.107516e-04,1.936043e-04,2.610740e-04,1.524982e-04,8.958924e-05,8.229033e-05,7.241133e-05,7.754581e-05,1.037273e-04,2.151372e-05,1.861195e-05,1.960684e-05,8.430566e-05,2.056074e-05,5.219717e-06,1.998848e-06,3.758197e-06,5.088085e-06
8.886719,1.553849e-04,7.766436e-05,3.782886e-04,2.191270e-04,7.853314e-04,2.251098e-04,2.624539e-04,1.149481e-04,2.022348e-04,2.580306e-04,1.541226e-04,8.761160e-05,8.437465e-05,6.750650e-05,8.240848e-05,9.393419e-05,2.226696e-05,1.949857e-05,2.317413e-05,1.006852e-04,2.740106e-05,1.178515e-05,3.972250e-06,1.635680e-05,2.544643e-06
8.911133,1.556837e-04,7.764371e-05,3.813911e-04,2.147798e-04,7.864268e-04,2.316047e-04,2.687944e-04,1.170643e-04,2.001845e-04,2.705554e-04,1.582669e-04,8.345753e-05,8.400491e-05,6.533926e-05,8.463814e-05,8.700550e-05,2.163924e-05,1.896207e-05,2.695889e-05,1.091387e-04,3.184638e-05,1.923877e-05,5.639156e-06,2.671624e-05,1.237393e-06
8.935547,1.523013e-04,7.607505e-05,3.805695e-04,2.098625e-04,7.612171e-04,2.316771e-04,2.625563e-04,1.136960e-04,1.959385e-04,2.693248e-04,1.523947e-04,8.710850e-05,8.413016e-05,6.314828e-05,7.639655e-05,7.202232e-05,1.848063e-05,1.786748e-05,2.804858e-05,1.125462e-04,3.524649e-05,2.638702e-05,6.794478e-06,3.441274e-05,5.274740e-06
8.959961,1.488946e-04,7.400934e-05,3.785069e-04,2.042919e-04,7.415590e-04,2.254677e-04,2.567747e-04,1.124700e-04,1.963485e-04,2.624410e-04,1.453268e-04,9.080555e-05,7.890132e-05,6.010368e-05,7.277219e-05,5.881327e-05,1.648299e-05,1.765027e-05,2.701387e-05,1.193336e-04,3.746265e-05,3.223190e-05,7.301555e-06,3.783525e-05,9.059687e-06
8.984375,1.456585e-04,7.191904e-05,3.769231e-04,2.001587e-04,7.221286e-04,2.243952e-04,2.588065e-04,1.116696e-04,1.940438e-04,2.609296e-04,1.483201e-04,8.885052e-05,7.523130e-05,6.206810e-05,7.262780e-05,6.954239e-05,1.586817e-05,1.675237e-05,2.696806e-05,1.348008e-04,4.088096e-05,3.554162e-05,7.300067e-06,4.024173e-05,1.251319e-05
9.008789,1.435422e-04,6.979126e-05,3.737882e-04,1.967625e-04,7.058061e-04,2.219626e-04,2.552040e-04,1.130796e-04,1.914761e-04,2.586216e-04,1.475694e-04,8.859895e-05,7.953151e-05,6.155781e-05,6.860340e-05,8.058251e-05,1.463562e-05,1.362109e-05,2.736841e-05,1.440904e-04,4.253528e-05,3.716022e-05,7.115750e-06,4.126706e-05,1.484860e-05
9.033203,1.413892e-04,6.848278e-05,3.702904e-04,1.943685e-04,6.895222e-04,2.153528e-04,2.516849e-04,1.122421e-04,1.838330e-04,2.603567e-04,1.440759e-04,8.761733e-05,8.074363e-05,5.577244e-05,6.665431e-05,7.819834e-05,1.208362e-05,1.103568e-05,2.613924e-05,1.458532e-04,4.447446e-05,3.647384e-05,7.047352e-06,4.161514e-05,1.636600e-05
9.057617,1.391877e-04,6.695888e-05,3.682648e-04,1.936789e-04,6.778883e-04,2.106941e-04,2.520008e-04,1.086466e-04,1.786590e-04,2.552561e-04,1.407909e-04,8.667116e-05,7.372208e-05,5.385113e-05,6.415521e-05,8.032590e-05,1.007314e-05,1.030320e-05,2.316267e-05,1.406226e-04,4.402615e-05,3.486380e-05,7.281710e-06,3.999474e-05,1.699061e-05
9.082031,1.389339e-04,6.560671e-05,3.617185e-04,1.906300e-04,6.770765e-04,2.062771e-04,2.508589e-04,1.100632e-04,1.810567e-04,2.438968e-04,1.361786e-04,9.175256e-05,7.104762e-05,5.760913e-05,5.703083e-05,9.494173e-05,8.919826e-06,9.490894e-06,2.064993e-05,1.375600e-04,4.352790e-05,3.215946e-05,7.619455e-06,3.772470e-05,1.693265e-05
9.106445,1.375480e-04,6.507346e-05,3.556103e-04,1.890004e-04,6.686008e-04,2.036990e-04,2.494357e-04,1.116648e-04,1.770084e-04,2.447960e-04,1.361409e-04,9.150194e-05,7.298707e-05,5.735924e-05,5.310536e-05,1.022374e-04,7.299185e-06,7.730680e-06,2.000314e-05,1.351762e-04,4.283022e-05,2.974809e-05,8.084611e-06,3.563049e-05,1.583541e-05
9.130859,1.359282e-04,6.421410e-05,3.505738e-04,1.882807e-04,6.667881e-04,1.988677e-04,2.438191e-04,1.084897e-04,1.694777e-04,2.456683e-04,1.353421e-04,8.623334e-05,7.289605e-05,5.471178e-05,5.829920e-05,1.081709e-04,7.735575e-06,6.432899e-06,1.827778e-05,1.242678e-04,3.977307e-05,2.752639e-05,8.353065e-06,3.658899e-05,1.398977e-05
9.155273,1.344394e-04,6.337760e-05,3.433190e-04,1.843125e-04,6.710540e-04,1.900825e-04,2.389035e-04,1.061983e-04,1.696526e-04,2.355608e-04,1.281422e-04,8.696749e-05,7.489689e-05,5.432298e-05,5.932802e-05,1.206727e-04,1.093420e-05,6.709944e-06,1.469271e-05,1.016059e-04,3.647944e-05,2.583240e-05,8.302418e-06,3.807280e-05,1.097104e-05
9.179688,1.344791e-04,6.301127e-05,3.378737e-04,1.821070e-04,6.714648e-04,1.890362e-04,2.425694e-04,1.063659e-04,1.713458e-04,2.324818e-04,1.257774e-04,8.956204e-05,7.431224e-05,5.253258e-05,5.618171e-05,1.245217e-04,1.321861e-05,6.767955e-06,1.150809e-05,8.118885e-05,3.151000e-05,2.619772e-05,8.116907e-06,4.034943e-05,8.125028e-06
9.204102,1.406654e-04,6.607123e-05,3.470338e-04,1.877025e-04,7.035648e-04,1.979029e-04,2.512936e-04,1.120565e-04,1.791344e-04,2.452801e-04,1.341630e-04,9.304584e-05,7.244139e-05,5.640100e-05,6.033139e-05,1.229820e-04,1.370614e-05,8.225447e-06,1.056950e-05,6.969408e-05,3.002702e-05,2.784303e-05,7.941165e-06,4.133018e-05,6.032919e-06
9.228516,1.461516e-04,6.895760e-05,3.595176e-04,1.929839e-04,7.317950e-04,2.038654e-04,2.573095e-04,1.191216e-04,1.857914e-04,2.595892e-04,1.380393e-04,9.501757e-05,7.816930e-05,6.372130e-05,6.496105e-05,1.259815e-04,1.599597e-05,1.179129e-05,1.002234e-05,6.109022e-05,2.883156e-05,2.986252e-05,7.359113e-06,3.951022e-05,6.210952e-06
9.252930,1.531248e-04,7.165073e-05,3.696235e-04,1.964813e-04,7.650147e-04,2.126344e-04,2.676444e-04,1.216127e-04,1.876117e-04,2.764938e-04,1.424449e-04,9.441018e-05,8.912541e-05,6.496500e-05,6.903582e-05,1.379030e-04,1.944062e-05,1.517565e-05,8.267782e-06,4.152789e-05,2.904602e-05,2.961235e-05,6.570489e-06,3.593293e-05,7.747300e-06
9.277344,1.593725e-04,7.500978e-05,3.806513e-04,1.986151e-04,7.902844e-04,2.213300e-04,2.767454e-04,1.241748e-04,1.960430e-04,2.814324e-04,1.480884e-04,9.311854e-05,9.373999e-05,6.309696e-05,7.759035e-05,1.422250e-04,2.139964e-05,1.601397e-05,7.258581e-06,2.474610e-05,2.734332e-05,2.782128e-05,5.616079e-06,2.978408e-05,8.983327e-06
9.301758,1.652643e-04,7.761716e-05,3.961002e-04,2.051005e-04,8.039815e-04,2.323709e-04,2.874519e-04,1.316384e-04,2.074275e-04,2.870724e-04,1.512758e-04,9.861194e-05,9.514805e-05,6.671842e-05,8.407453e-05,1.388705e-04,2.301747e-05,1.697979e-05,9.352175e-06,3.613706e-05,2.446685e-05,2.372802e-05,4.877390e-06,2.312181e-05,9.813292e-06
9.326172,1.728252e-04,8.027249e-05,4.074257e-04,2.101232e-04,8.323092e-04,2.412046e-04,2.936797e-04,1.354092e-04,2.093025e-04,3.061062e-04,1.599049e-04,1.051270e-04,9.830688e-05,7.285355e-05,8.339865e-05,1.343187e-04,2.600305e-05,1.967419e-05,1.073329e-05,5.013885e-05,1.958437e-05,1.811782e-05,4.228849e-06,1.460419e-05,9.558041e-06
9.350586,1.799175e-04,8.351742e-05,4.202954e-04,2.154576e-04,8.539656e-04,2.464531e-04,3.022806e-04,1.373865e-04,2.133893e-04,3.169625e-04,1.646788e-04,1.020674e-04,1.010413e-04,7.698775e-05,8.671079e-05,1.285976e-04,2.810772e-05,2.174819e-05,1.146179e-05,5.725251e-05,1.237282e-05,1.114883e-05,3.459654e-06,5.207359e-06,8.953512e-06
9.375000,1.870980e-04,8.706251e-05,4.353026e-04,2.228564e-04,8.764862e-04,2.581137e-04,3.193380e-04,1.423310e-04,2.223585e-04,3.218876e-04,1.627645e-04,1.001228e-04,1.057347e-04,8.102819e-05,9.454568e-05,1.100648e-04,2.771285e-05,2.250695e-05,1.508462e-05,7.572458e-05,4.783958e-06,4.538092e-06,2.594130e-06,4.618230e-06,7.701803e-06
9.399414,1.928067e-04,9.043354e-05,4.523895e-04,2.298359e-04,9.067622e-04,2.656010e-04,3.283795e-04,1.478954e-04,2.283044e-04,3.335311e-04,1.693524e-04,1.063881e-04,1.143824e-04,8.342959e-05,9.830108e-05,9.547708e-05,2.588990e-05,2.398435e-05,2.101509e-05,9.843822e-05,7.350497e-06,7.574058e-06,1.608679e-06,1.238227e-05,6.427660e-06
9.423828,1.997594e-04,9.339412e-05,4.668686e-04,2.377927e-04,9.402539e-04,2.689858e-04,3.391945e-04,1.562555e-04,2.343368e-04,3.432678e-04,1.794666e-04,1.094586e-04,1.152932e-04,8.141876e-05,9.923641e-05,1.036224e-04,2.610483e-05,2.546376e-05,2.598554e-05,1.220017e-04,1.821385e-05,1.613480e-05,1.774164e-06,1.660627e-05,6.720798e-06
9.448242,2.013892e-04,9.560560e-05,4.724798e-04,2.406583e-04,9.648874e-04,2.725734e-04,3.509209e-04,1.581203e-04,2.298789e-04,3.531921e-04,1.808714e-04,1.117964e-04,1.087534e-04,8.323477e-05,1.003083e-04,1.020707e-04,2.645286e-05,2.502506e-05,2.788502e-05,1.303336e-04,3.013781e-05,2.284483e-05,3.446981e-06,1.761286e-05,8.946892e-06
9.472656,1.876977e-04,8.980355e-05,4.507752e-04,2.296829e-04,9.101756e-04,2.570642e-04,3.337817e-04,1.456406e-04,2.123378e-04,3.302266e-04,1.710113e-04,1.065240e-04,1.038423e-04,8.300961e-05,9.289858e-05,8.048567e-05,2.288527e-05,2.060122e-05,2.766490e-05,1.337666e-04,3.595584e-05,2.603892e-05,4.888305e-06,1.792610e-05,1.158001e-05
9.497070,1.758210e-04,8.373377e-05,4.230939e-04,2.167887e-04,8.714488e-04,2.434159e-04,3.149634e-04,1.416343e-04,2.055159e-04,2.977681e-04,1.580697e-04,9.596720e-05,1.016972e-04,7.561901e-05,8.446713e-05,7.108114e-05,1.904359e-05,1.670378e-05,2.859138e-05,1.434887e-04,3.805859e-05,2.601442e-05,6.243521e-06,2.228912e-05,1.344097e-05
9.521484,1.627694e-04,7.797301e-05,3.965709e-04,2.004000e-04,8.343989e-04,2.239621e-04,2.904118e-04,1.354275e-04,1.896144e-04,2.824976e-04,1.476286e-04,9.064729e-05,9.102466e-05,6.545748e-05,8.236510e-05,7.641097e-05,1.638080e-05,1.496440e-05,2.764707e-05,1.530040e-04,3.744846e-05,2.523440e-05,7.137935e-06,3.009325e-05,1.446543e-05
9.545898,1.500794e-04,7.200527e-05,3.724722e-04,1.861997e-04,7.824417e-04,2.053572e-04,2.728898e-04,1.244129e-04,1.709752e-04,2.671884e-04,1.421361e-04,8.993796e-05,8.087774e-05,6.076794e-05,7.949599e-05,7.698532e-05,1.320384e-05,1.317512e-05,2.438574e-05,1.518019e-04,3.478131e-05,2.447088e-05,7.734734e-06,3.580305e-05,1.424276e-05
9.570312,1.375545e-04,6.607481e-05,3.486261e-04,1.707629e-04,7.341352e-04,1.923899e-04,2.585194e-04,1.152832e-04,1.597189e-04,2.411336e-04,1.285247e-04,8.268259e-05,7.224209e-05,5.571840e-05,6.815277e-05,8.158948e-05,8.954847e-06,1.046214e-05,2.077785e-05,1.385364e-04,3.128578e-05,2.359384e-05,7.677832e-06,4.013180e-05,1.360173e-05
9.594727,1.263299e-04,5.997722e-05,3.244592e-04,1.553315e-04,6.807219e-04,1.756638e-04,2.355225e-04,1.065772e-04,1.481580e-04,2.191009e-04,1.146282e-04,7.352856e-05,6.189931e-05,4.956854e-05,5.919370e-05,8.796339e-05,7.800017e-06,8.421909e-06,1.849388e-05,1.275955e-04,2.723604e-05,2.264078e-05,7.098132e-06,4.072009e-05,1.216566e-05
9.619141,1.150267e-04,5.439399e-05,2.987551e-04,1.397405e-04,6.248111e-04,1.592034e-04,2.145012e-04,1.003938e-04,1.373437e-04,1.988542e-04,1.069950e-04,6.895961e-05,5.647002e-05,4.525694e-05,5.505514e-05,8.477639e-05,8.495679e-06,7.085136e-06,1.634432e-05,1.178843e-04,2.250616e-05,2.154774e-05,6.274943e-06,4.034794e-05,1.044827e-05
9.643555,1.035462e-04,4.865164e-05,2.747253e-04,1.251379e-04,5.618070e-04,1.447401e-04,1.950982e-04,9.212268e-05,1.224055e-04,1.846492e-04,9.699884e-05,6.297142e-05,5.316957e-05,3.897596e-05,4.873815e-05,7.768758e-05,8.045072e-06,5.059688e-06,1.289572e-05,1.044239e-04,1.918886e-05,2.029329e-05,5.373597e-06,3.782967e-05,8.261101e-06
9.667969,9.336962e-05,4.300505e-05,2.475114e-04,1.122101e-04,4.976231e-04,1.295414e-04,1.739695e-04,8.039342e-05,1.062964e-04,1.690889e-04,8.643947e-05,5.692243e-05,4.409200e-05,3.113337e-05,4.301784e-05,7.471968e-05,6.901220e-06,3.656188e-06,9.094090e-06,8.210371e-05,1.695402e-05,1.894336e-05,4.441723e-06,3.350924e-05,6.076708e-06
9.692383,8.229545e-05,3.805121e-05,2.191571e-04,9.803605e-05,4.418475e-04,1.145044e-04,1.532618e-04,7.185572e-05,9.607154e-05,1.445937e-04,7.516502e-05,5.105388e-05,3.513087e-05,2.784393e-05,3.847374e-05,7.449609e-05,6.942672e-06,4.235261e-06,6.493087e-06,5.929720e-05,1.566280e-05,1.663839e-05,3.636158e-06,2.764058e-05,4.600587e-06
9.716797,7.112138e-05,3.288180e-05,1.920372e-04,8.459473e-05,3.820573e-04,9.777423e-05,1.313258e-04,6.355559e-05,8.385985e-05,1.247680e-04,6.367802e-05,4.127112e-05,3.147923e-05,2.544670e-05,3.168713e-05,6.626543e-05,7.125741e-06,4.658394e-06,4.616414e-06,4.237720e-05,1.394941e-05,1.377542e-05,2.887538e-06,2.086953e-05,4.040608e-06
9.741211,7.386305e-05,3.399445e-05,1.996010e-04,8.809923e-05,3.966368e-04,1.002105e-04,1.367413e-04,6.452535e-05,8.429593e-05,1.332132e-04,6.789839e-05,3.998845e-05,3.365578e-05,2.504926e-05,2.974260e-05,6.685430e-05,8.244023e-06,5.060839e-06,3.889639e-06,3.624987e-05,1.409887e-05,1.279062e-05,2.854155e-06,1.693357e-05,4.751755e-06
9.765625,7.833299e-05,3.589072e-05,2.107673e-04,9.267335e-05,4.237267e-04,1.069722e-04,1.468475e-04,6.741795e-05,8.913099e-05,1.398299e-04,7.293560e-05,4.380662e-05,3.670620e-05,2.541858e-05,3.276483e-05,7.021705e-05,9.839380e-06,5.663791e-06,3.317977e-06,2.720170e-05,1.366279e-05,1.140539e-05,2.948557e-06,1.344306e-05,5.654299e-06
9.790039,8.268167e-05,3.801079e-05,2.209365e-04,9.756288e-05,4.484164e-04,1.110063e-04,1.526773e-04,7.112459e-05,9.468743e-05,1.459655e-04,7.350478e-05,4.573417e-05,4.040698e-05,2.647605e-05,3.601815e-05,7.344377e-05,1.192707e-05,6.944508e-06,4.200393e-06,1.658620e-05,1.205903e-05,9.803676e-06,3.046958e-06,9.615253e-06,5.929853e-06
9.814453,8.644936e-05,4.000963e-05,2.324562e-04,1.020767e-04,4.747657e-04,1.152859e-04,1.609949e-04,7.527686e-05,9.920283e-05,1.538898e-04,7.622560e-05,4.578528e-05,4.122465e-05,2.744005e-05,3.545267e-05,7.136807e-05,1.358183e-05,8.468870e-06,5.702101e-06,1.480204e-05,1.020629e-05,7.877257e-06,3.084133e-06,7.076248e-06,5.897376e-06
9.838867,9.086456e-05,4.177624e-05,2.427596e-04,1.068237e-04,4.990694e-04,1.212899e-04,1.711284e-04,8.042400e-05,1.033538e-04,1.614113e-04,8.165961e-05,4.691608e-05,4.241874e-05,3.121507e-05,3.672757e-05,7.003388e-05,1.382380e-05,9.521570e-06,6.145899e-06,2.539600e-05,7.075602e-06,6.324578e-06,2.840615e-06,4.868322e-06,5.229162e-06
9.863281,9.423782e-05,4.402517e-05,2.509495e-04,1.101803e-04,5.295543e-04,1.259882e-04,1.786727e-04,8.217500e-05,1.038993e-04,1.722892e-04,8.571274e-05,4.790606e-05,4.873624e-05,3.550474e-05,3.869514e-05,7.395605e-05,1.419576e-05,1.075319e-05,6.352487e-06,3.216342e-05,3.978038e-06,4.064349e-06,2.443970e-06,5.304830e-06,4.377418e-06
9.887695,9.703440e-05,4.585378e-05,2.623933e-04,1.122151e-04,5.562420e-04,1.304482e-04,1.863255e-04,8.468087e-05,1.074151e-04,1.769806e-04,9.041498e-05,5.035675e-05,5.271617e-05,3.589347e-05,3.917503e-05,7.353994e-05,1.572912e-05,1.243245e-05,7.884646e-06,3.967574e-05,3.492037e-06,2.025764e-06,1.687715e-06,7.412082e-06,3.352163e-06
9.912109,1.001774e-04,4.753032e-05,2.722640e-04,1.159745e-04,5.745528e-04,1.323368e-04,1.920351e-04,9.158112e-05,1.148041e-04,1.770854e-04,9.344604e-05,5.524979e-05,5.274372e-05,3.693575e-05,4.231870e-05,6.421414e-05,1.723819e-05,1.339688e-05,1.001412e-05,5.025135e-05,7.324738e-06,9.364847e-07,1.020493e-06,9.075186e-06,2.851216e-06
9.936523,1.029122e-04,4.914478e-05,2.822526e-04,1.184866e-04,5.987550e-04,1.361982e-04,2.020716e-04,9.539449e-05,1.162288e-04,1.874796e-04,9.566493e-05,5.644100e-05,5.412644e-05,4.120681e-05,4.616287e-05,5.512540e-05,1.723525e-05,1.310064e-05,1.136278e-05,6.167009e-05,1.161568e-05,3.385280e-06,1.056815e-06,9.105094e-06,3.712971e-06
9.960938,1.054776e-04,5.062348e-05,2.931569e-04,1.207029e-04,6.167483e-04,1.417779e-04,2.119579e-04,9.791638e-05,1.176690e-04,1.954721e-04,1.029476e-04,5.625959e-05,5.674407e-05,4.433020e-05,4.505353e-05,5.138619e-05,1.706380e-05,1.268482e-05,1.246159e-05,6.729031e-05,1.518993e-05,6.914213e-06,2.040402e-06,6.751354e-06,5.514936e-06
9.985352,1.073460e-04,5.191659e-05,3.058493e-04,1.233533e-04,6.320226e-04,1.435616e-04,2.154973e-04,1.014452e-04,1.225112e-04,1.975768e-04,1.067762e-04,6.171178e-05,5.885580e-05,4.596749e-05,4.496012e-05,4.396723e-05,1.706437e-05,1.347070e-05,1.423400e-05,6.887266e-05,1.799057e-05,1.120424e-05,3.315494e-06,8.444774e-06,7.349356e-06
10.009770,1.091344e-04,5.250609e-05,3.167875e-04,1.252531e-04,6.410463e-04,1.460779e-04,2.213438e-04,1.049992e-04,1.265500e-04,2.002914e-04,1.057538e-04,6.684315e-05,6.228518e-05,4.743087e-05,5.082982e-05,3.817672e-05,1.615975e-05,1.406582e-05,1.631482e-05,7.092760e-05,2.130641e-05,1.557575e-05,4.438539e-06,1.599164e-05,8.474783e-06
10.034180,1.082201e-04,5.251729e-05,3.196493e-04,1.250629e-04,6.392340e-04,1.461162e-04,2.225903e-04,1.096974e-04,1.294606e-04,1.988327e-04,1.073534e-04,6.662370e-05,6.193593e-05,4.580748e-05,5.437233e-05,4.195882e-05,1.319741e-05,1.305956e-05,1.695894e-05,8.015706e-05,2.314657e-05,1.966104e-05,5.144899e-06,2.537794e-05,9.077973e-06
10.058590,1.071742e-04,5.215927e-05,3.267692e-04,1.233058e-04,6.445068e-04,1.449552e-04,2.215246e-04,1.101111e-04,1.269465e-04,2.060882e-04,1.089351e-04,6.744249e-05,5.623387e-05,4.417053e-05,5.485632e-05,4.139632e-05,1.124968e-05,1.183711e-05,1.687854e-05,8.669766e-05,2.458863e-05,2.194741e-05,5.570133e-06,3.441939e-05,9.203333e-06
10.083010,1.080497e-04,5.155199e-05,3.324142e-04,1.227922e-04,6.406446e-04,1.439495e-04,2.214708e-04,1.088130e-04,1.249114e-04,2.106521e-04,1.103425e-04,6.769321e-05,5.384249e-05,4.657201e-05,5.699837e-05,3.819773e-05,1.060094e-05,1.106108e-05,1.681236e-05,8.996031e-05,2.466112e-05,2.336265e-05,5.494456e-06,4.303559e-05,9.711524e-06
10.107420,1.089516e-04,5.165617e-05,3.347577e-04,1.227856e-04,6.390139e-04,1.414720e-04,2.200753e-04,1.128019e-04,1.295252e-04,2.049215e-04,1.112263e-04,6.792998e-05,5.727632e-05,4.752177e-05,5.756792e-05,4.979512e-05,8.976034e-06,9.550332e-06,1.722568e-05,9.046903e-05,2.472726e-05,2.333575e-05,5.179334e-06,5.037059e-05,1.019783e-05
10.131840,1.095102e-04,5.186515e-05,3.398087e-04,1.209370e-04,6.440682e-04,1.422715e-04,2.234492e-04,1.149422e-04,1.300178e-04,2.071265e-04,1.084828e-04,7.340906e-05,5.657938e-05,4.329747e-05,5.626698e-05,6.436225e-05,5.835473e-06,6.825586e-06,1.781598e-05,9.614917e-05,2.457878e-05,2.253581e-05,4.668242e-06,5.572283e-05,1.065804e-05
10.156250,1.099580e-04,5.221906e-05,3.449711e-04,1.204741e-04,6.416709e-04,1.435400e-04,2.255367e-04,1.138415e-04,1.274842e-04,2.137934e-04,1.111822e-04,7.497267e-05,5.317881e-05,4.064642e-05,5.976021e-05,6.958081e-05,4.145264e-06,4.592234e-06,1.652513e-05,1.019290e-04,2.436806e-05,2.063570e-05,4.059542e-06,5.899050e-05,1.089546e-05
10.180660,1.106994e-04,5.252616e-05,3.491637e-04,1.198511e-04,6.415987e-04,1.417741e-04,2.223123e-04,1.144101e-04,1.291230e-04,2.127908e-04,1.166173e-04,7.087946e-05,5.244415e-05,4.143838e-05,6.410055e-05,7.637256e-05,4.703168e-06,4.325546e-06,1.425320e-05,1.010660e-04,2.342447e-05,1.805672e-05,3.555688e-06,5.790562e-05,1.085907e-05
10.205080,1.109949e-04,5.342681e-05,3.493089e-04,1.189298e-04,6.426955e-04,1.442933e-04,2.249221e-04,1.155509e-04,1.307889e-04,2.131187e-04,1.148898e-04,7.056338e-05,5.001652e-05,4.061656e-05,6.132392e-05,8.508861e-05,5.994639e-06,3.719731e-06,1.243824e-05,9.334350e-05,2.165572e-05,1.563600e-05,3.489287e-06,5.267101e-05,1.110141e-05
10.229490,1.103704e-04,5.407611e-05,3.514968e-04,1.173777e-04,6.462176e-04,1.480273e-04,2.271404e-04,1.188526e-04,1.325575e-04,2.137239e-04,1.126181e-04,7.156517e-05,5.129742e-05,4.168786e-05,5.799226e-05,8.943851e-05,9.732740e-06,3.666901e-06,1.096494e-05,8.125135e-05,2.014367e-05,1.468839e-05,3.875200e-06,4.356049e-05,1.151931e-05
10.253910,1.105108e-04,5.429411e-05,3.532723e-04,1.162764e-04,6.420035e-04,1.501039e-04,2.252215e-04,1.210687e-04,1.322208e-04,2.166083e-04,1.146957e-04,7.067994e-05,5.675672e-05,4.227175e-05,5.986751e-05,9.096866e-05,1.302107e-05,5.692167e-06,8.538075e-06,7.165775e-05,1.887638e-05,1.569167e-05,4.443147e-06,3.249357e-05,1.171859e-05
10.278320,1.095141e-04,5.491762e-05,3.497949e-04,1.175853e-04,6.316302e-04,1.522456e-04,2.259755e-04,1.181853e-04,1.277790e-04,2.233083e-04,1.161645e-04,7.087878e-05,5.696417e-05,3.910239e-05,5.850040e-05,9.761696e-05,1.427296e-05,7.614481e-06,4.909487e-06,6.080022e-05,1.857964e-05,1.732735e-05,4.849290e-06,2.250254e-05,1.154240e-05
10.302730,1.074876e-04,5.467306e-05,3.472267e-04,1.161505e-04,6.314870e-04,1.519969e-04,2.252364e-04,1.189301e-04,1.285719e-04,2.182038e-04,1.180666e-04,6.838113e-05,5.480439e-05,3.884198e-05,5.644574e-05,1.036114e-04,1.455541e-05,9.041427e-06,2.250708e-06,4.531538e-05,1.808485e-05,1.861667e-05,4.948622e-06,1.766968e-05,1.070638e-05
10.327150,1.045232e-04,5.342964e-05,3.394878e-04,1.138780e-04,6.167847e-04,1.529249e-04,2.274278e-04,1.208783e-04,1.298101e-04,2.079172e-04,1.171461e-04,6.351904e-05,5.777585e-05,4.250745e-05,5.631005e-05,9.909204e-05,1.639474e-05,1.104359e-05,2.556892e-06,2.240292e-05,1.726180e-05,1.848403e-05,4.581904e-06,1.961698e-05,9.584856e-06
10.351560,1.021026e-04,5.216237e-05,3.323761e-04,1.128757e-04,6.025274e-04,1.515851e-04,2.267789e-04,1.181392e-04,1.244038e-04,2.091726e-04,1.129961e-04,6.390656e-05,6.054032e-05,4.301854e-05,5.288377e-05,8.758071e-05,1.865125e-05,1.339134e-05,3.090706e-06,3.367211e-06,1.531417e-05,1.709500e-05,3.967141e-06,2.382628e-05,8.459250e-06
10.375980,9.973521e-05,5.115261e-05,3.252751e-04,1.112709e-04,5.963755e-04,1.474882e-04,2.225011e-04,1.155956e-04,1.210428e-04,2.057010e-04,1.149388e-04,6.536207e-05,6.076712e-05,4.222101e-05,4.752416e-05,8.200479e-05,1.983938e-05,1.427829e-05,4.853321e-06,1.653947e-05,1.282515e-05,1.442069e-05,3.045019e-06,2.687343e-05,7.301709e-06
10.400390,9.719306e-05,5.014128e-05,3.209715e-04,1.100491e-04,5.881038e-04,1.461253e-04,2.248272e-04,1.129763e-04,1.191980e-04,1.990194e-04,1.160732e-04,6.142261e-05,6.062404e-05,4.304736e-05,4.920639e-05,8.011442e-05,1.991042e-05,1.393967e-05,7.792064e-06,2.658861e-05,1.002131e-05,1.090258e-05,1.967128e-06,2.851955e-05,6.046654e-06
10.424800,9.599544e-05,4.891461e-05,3.192759e-04,1.082308e-04,5.818368e-04,1.423832e-04,2.249956e-04,1.129487e-04,1.188978e-04,1.927832e-04,1.112252e-04,5.856601e-05,5.852816e-05,4.361436e-05,5.129874e-05,7.163139e-05,2.057304e-05,1.399990e-05,9.876371e-06,4.113177e-05,6.475409e-06,6.989377e-06,8.199093e-07,2.673501e-05,4.186031e-06
10.449220,9.394764e-05,4.861489e-05,3.143238e-04,1.076984e-04,5.692960e-04,1.370804e-04,2.232370e-04,1.144904e-04,1.188602e-04,1.870924e-04,1.094371e-04,5.964340e-05,5.514097e-05,4.436610e-05,4.840337e-05,6.541007e-05,2.045983e-05,1.483030e-05,1.104287e-05,5.718839e-05,3.315441e-06,4.508369e-06,4.650308e-07,2.319793e-05,2.141848e-06
10.473630,9.087258e-05,4.804349e-05,3.135945e-04,1.065611e-04,5.648774e-04,1.325343e-04,2.231507e-04,1.104795e-04,1.131063e-04,1.906576e-04,1.088314e-04,5.916102e-05,5.626845e-05,4.659176e-05,4.668156e-05,6.248459e-05,1.894930e-05,1.516646e-05,1.208345e-05,6.905762e-05,6.149052e-06,6.338824e-06,1.538352e-06,1.722273e-05,4.614631e-08
10.498050,8.833306e-05,4.716605e-05,3.128869e-04,1.043266e-04,5.611854e-04,1.278535e-04,2.217822e-04,1.080107e-04,1.097270e-04,1.889116e-04,1.085409e-04,5.938784e-05,5.799544e-05,4.589432e-05,4.711134e-05,5.488981e-05,1.685268e-05,1.468765e-05,1.382680e-05,7.242012e-05,1.087614e-05,1.005347e-05,2.618066e-06,1.399157e-05,1.737163e-06
10.522460,8.520528e-05,4.633619e-05,3.086847e-04,1.038477e-04,5.496235e-04,1.264298e-04,2.222575e-04,1.094972e-04,1.110522e-04,1.788900e-04,1.089024e-04,5.904707e-05,5.352611e-05,4.175595e-05,4.683663e-05,4.167122e-05,1.631719e-05,1.404433e-05,1.517265e-05,7.481550e-05,1.516971e-05,1.369725e-05,3.317739e-06,1.743189e-05,2.921468e-06
10.546880,8.186195e-05,4.544141e-05,3.034526e-04,1.020867e-04,5.455399e-04,1.229607e-04,2.173364e-04,1.073805e-04,1.076585e-04,1.776059e-04,1.039982e-04,5.455975e-05,4.803977e-05,4.078696e-05,4.869089e-05,3.919998e-05,1.619113e-05,1.372347e-05,1.494730e-05,7.983492e-05,1.863216e-05,1.603825e-05,4.005622e-06,2.451546e-05,3.864729e-06
10.571290,7.816941e-05,4.430760e-05,2.976591e-04,1.000237e-04,5.385115e-04,1.192178e-04,2.105645e-04,1.039907e-04,1.034598e-04,1.774964e-04,1.014430e-04,5.433980e-05,4.664838e-05,4.194837e-05,5.245878e-05,4.166734e-05,1.428983e-05,1.266441e-05,1.447299e-05,8.584031e-05,2.091756e-05,1.772816e-05,4.478214e-06,3.151267e-05,4.789127e-06
10.595700,7.527668e-05,4.275172e-05,2.928123e-04,9.804052e-05,5.292778e-04,1.189923e-04,2.092166e-04,1.016923e-04,1.022722e-04,1.715268e-04,1.048562e-04,5.731111e-05,4.480770e-05,3.992311e-05,5.155365e-05,3.914917e-05,1.135288e-05,1.040852e-05,1.457322e-05,8.745542e-05,2.206670e-05,1.830611e-05,4.905785e-06,3.796054e-05,5.867285e-06
10.620120,7.424858e-05,4.263150e-05,2.929005e-04,9.922224e-05,5.322458e-04,1.203856e-04,2.092403e-04,1.028822e-04,1.034418e-04,1.719239e-04,1.063426e-04,5.779982e-05,4.412820e-05,3.802025e-05,4.976522e-05,4.098801e-05,9.511143e-06,8.640928e-06,1.523637e-05,8.580872e-05,2.271952e-05,1.862288e-05,5.286990e-06,4.427069e-05,7.305127e-06
10.644530,7.318085e-05,4.227008e-05,2.959031e-04,1.004831e-04,5.368173e-04,1.217693e-04,2.086753e-04,1.072906e-04,1.063990e-04,1.702328e-04,1.043595e-04,5.704786e-05,4.456140e-05,3.678113e-05,5.351539e-05,4.629680e-05,7.892652e-06,8.369694e-06,1.518681e-05,8.664093e-05,2.204640e-05,1.827100e-05,5.526709e-06,4.818628e-05,8.247126e-06
10.668950,7.312888e-05,4.165380e-05,3.006777e-04,9.978721e-05,5.476412e-04,1.229932e-04,2.091968e-04,1.070832e-04,1.048681e-04,1.746918e-04,1.056524e-04,5.737328e-05,4.086557e-05,3.351422e-05,5.676231e-05,4.846124e-05,5.328738e-06,7.428029e-06,1.415307e-05,8.891820e-05,2.040369e-05,1.721911e-05,5.561005e-06,5.080196e-05,9.307671e-06
10.693360,7.300138e-05,4.155458e-05,3.027763e-04,9.965790e-05,5.495124e-04,1.247989e-04,2.110286e-04,1.052702e-04,1.017658e-04,1.804522e-04,1.058777e-04,5.659490e-05,3.764995e-05,3.288001e-05,5.585245e-05,5.017167e-05,4.816560e-06,5.504674e-06,1.317985e-05,9.291409e-05,1.722845e-05,1.597461e-05,5.408434e-06,4.937417e-05,9.970233e-06
10.717770,7.293031e-05,4.152111e-05,3.070151e-04,9.999985e-05,5.494197e-04,1.280062e-04,2.166280e-04,1.085798e-04,1.051104e-04,1.749233e-04,1.092374e-04,5.785786e-05,3.995460e-05,3.490263e-05,5.695642e-05,5.971076e-05,5.862205e-06,3.615147e-06,1.257410e-05,8.846832e-05,1.452007e-05,1.470632e-05,5.036231e-06,4.508502e-05,1.068080e-05
10.742190,7.307491e-05,4.156916e-05,3.127618e-04,9.898810e-05,5.526766e-04,1.284235e-04,2.186305e-04,1.106703e-04,1.070015e-04,1.723149e-04,1.112858e-04,5.965189e-05,4.120392e-05,3.375081e-05,5.682560e-05,6.664970e-05,5.767661e-06,2.785455e-06,1.147346e-05,8.028402e-05,1.241796e-05,1.438760e-05,4.568210e-06,3.748054e-05,1.111703e-05
10.766600,7.356371e-05,4.161064e-05,3.185944e-04,9.855807e-05,5.494319e-04,1.283555e-04,2.203231e-04,1.106172e-04,1.057601e-04,1.761266e-04,1.086272e-04,5.659967e-05,3.999216e-05,3.121497e-05,5.322802e-05,6.550191e-05,5.852350e-06,2.182413e-06,9.554090e-06,7.475563e-05,1.182443e-05,1.419330e-05,3.949195e-06,2.857761e-05,1.106075e-05
10.791020,7.391736e-05,4.207891e-05,3.217141e-04,9.847873e-05,5.455311e-04,1.300028e-04,2.277268e-04,1.105836e-04,1.060814e-04,1.767180e-04,1.115861e-04,5.434070e-05,4.112637e-05,3.195986e-05,5.227606e-05,6.321972e-05,8.449922e-06,3.911210e-06,6.582972e-06,7.010238e-05,1.137285e-05,1.399217e-05,3.302020e-06,2.011351e-05,1.020409e-05
10.815430,7.350549e-05,4.249336e-05,3.242291e-04,9.921801e-05,5.395962e-04,1.289070e-04,2.318401e-04,1.110542e-04,1.071801e-04,1.759085e-04,1.163676e-04,5.743104e-05,4.251563e-05,3.302226e-05,5.377678e-05,6.693834e-05,1.102453e-05,6.563121e-06,4.567923e-06,6.219314e-05,1.151919e-05,1.322979e-05,2.682111e-06,1.448243e-05,8.561161e-06
10.839840,7.399990e-05,4.242761e-05,3.285342e-04,9.962395e-05,5.391755e-04,1.277738e-04,2.357031e-04,1.145133e-04,1.099938e-04,1.738195e-04,1.155705e-04,5.805810e-05,4.485929e-05,3.423510e-05,5.063855e-05,7.091171e-05,1.256981e-05,8.027432e-06,3.374585e-06,4.776537e-05,1.213816e-05,1.274752e-05,2.424813e-06,1.358758e-05,6.174939e-06
10.864260,7.436347e-05,4.290924e-05,3.273391e-04,1.004193e-04,5.381867e-04,1.279808e-04,2.425208e-04,1.168416e-04,1.119017e-04,1.738547e-04,1.149123e-04,5.733171e-05,4.999782e-05,3.676101e-05,4.503203e-05,6.832891e-05,1.436947e-05,8.884700e-06,1.291455e-06,3.147987e-05,1.190779e-05,1.226593e-05,2.643347e-06,1.630676e-05,3.912049e-06
10.888670,7.436546e-05,4.336909e-05,3.250864e-04,1.033519e-04,5.327681e-04,1.284683e-04,2.473353e-04,1.150644e-04,1.095642e-04,1.806961e-04,1.158508e-04,5.778678e-05,5.146553e-05,3.685085e-05,4.459091e-05,6.922414e-05,1.625368e-05,1.015329e-05,1.962930e-06,1.702030e-05,1.143618e-05,1.114064e-05,2.884494e-06,2.051719e-05,2.009777e-06
10.913090,7.395621e-05,4.315564e-05,3.206842e-04,1.038658e-04,5.334952e-04,1.285900e-04,2.496017e-04,1.157356e-04,1.090907e-04,1.806029e-04,1.157732e-04,5.635877e-05,4.805625e-05,3.639621e-05,4.366900e-05,6.942134e-05,1.674563e-05,1.201010e-05,4.687428e-06,5.966740e-06,9.405066e-06,9.495385e-06,2.958370e-06,2.350057e-05,2.083027e-06
10.937500,7.200408e-05,4.189807e-05,3.077819e-04,1.017347e-04,5.206346e-04,1.235743e-04,2.407039e-04,1.150488e-04,1.088488e-04,1.702027e-04,1.148627e-04,5.679812e-05,4.777836e-05,3.991596e-05,4.221129e-05,6.105491e-05,1.553507e-05,1.277425e-05,6.137314e-06,6.796936e-06,7.067850e-06,7.424358e-06,2.735229e-06,2.389810e-05,2.730425e-06
10.961910,7.025869e-05,4.075295e-05,2.952010e-04,1.005853e-04,5.050542e-04,1.199353e-04,2.316000e-04,1.103234e-04,1.037526e-04,1.677974e-04,1.104128e-04,5.872991e-05,4.966506e-05,4.188904e-05,4.401158e-05,5.062251e-05,1.539879e-05,1.274065e-05,7.145065e-06,2.257920e-05,5.193348e-06,5.291389e-06,2.386099e-06,2.253195e-05,3.469895e-06
10.986330,6.813506e-05,3.976770e-05,2.821493e-04,9.889042e-05,4.944559e-04,1.184791e-04,2.277155e-04,1.062049e-04,9.960151e-05,1.643014e-04,1.031614e-04,5.577348e-05,4.818283e-05,3.987597e-05,4.205148e-05,5.019873e-05,1.645035e-05,1.303945e-05,8.958588e-06,3.734628e-05,4.843305e-06,3.774490e-06,1.767364e-06,1.956729e-05,3.706227e-06
11.010740,6.677687e-05,3.851979e-05,2.724379e-04,9.661188e-05,4.854119e-04,1.144564e-04,2.189292e-04,1.024607e-04,9.705914e-05,1.575341e-04,1.029757e-04,5.146614e-05,4.608354e-05,3.860752e-05,3.872853e-05,4.919926e-05,1.650308e-05,1.356429e-05,1.076106e-05,4.508720e-05,6.069519e-06,3.270639e-06,1.279617e-06,1.696525e-05,3.600750e-06
11.035160,6.517230e-05,3.793226e-05,2.609833e-04,9.283732e-05,4.782172e-04,1.106576e-04,2.097241e-04,1.007286e-04,9.478804e-05,1.513218e-04,1.018976e-04,5.112165e-05,4.312396e-05,3.785200e-05,4.168253e-05,4.349550e-05,1.453867e-05,1.291620e-05,1.165576e-05,4.879229e-05,7.864881e-06,4.532200e-06,1.307393e-06,1.713377e-05,3.189788e-06
11.059570,6.281960e-05,3.732510e-05,2.500127e-04,9.000993e-05,4.608616e-04,1.072480e-04,2.043254e-04,1.004697e-04,9.353459e-05,1.438701e-04,9.690550e-05,5.094169e-05,3.888009e-05,3.671369e-05,4.525351e-05,3.991028e-05,1.301871e-05,1.140797e-05,1.150697e-05,5.321615e-05,9.545654e-06,6.741018e-06,1.994964e-06,1.971783e-05,2.750082e-06
11.083980,6.101656e-05,3.632809e-05,2.434716e-04,8.726553e-05,4.435632e-04,1.033180e-04,1.984377e-04,9.543278e-05,8.836463e-05,1.416018e-04,9.274764e-05,4.919884e-05,3.717712e-05,3.657028e-05,4.494822e-05,3.867738e-05,1.188605e-05,1.033725e-05,1.169037e-05,6.212039e-05,1.108382e-05,9.159537e-06,2.783408e-06,2.227131e-05,3.138376e-06
11.108400,5.897587e-05,3.547060e-05,2.347447e-04,8.307937e-05,4.301118e-04,1.001785e-04,1.944782e-04,9.068210e-05,8.269482e-05,1.399921e-04,8.792422e-05,4.796872e-05,3.761304e-05,3.582415e-05,4.520574e-05,3.463677e-05,1.009979e-05,1.033486e-05,1.227871e-05,6.553724e-05,1.161365e-05,1.120024e-05,3.495767e-06,2.561819e-05,4.585393e-06
11.132810,5.655802e-05,3.453897e-05,2.248898e-04,8.024350e-05,4.086963e-04,9.475815e-05,1.873780e-04,8.974938e-05,8.222678e-05,1.302387e-04,8.499102e-05,4.578569e-05,3.500776e-05,3.196302e-05,4.588812e-05,3.180900e-05,7.884871e-06,9.477144e-06,1.254239e-05,6.431553e-05,1.195826e-05,1.276343e-05,3.897966e-06,2.778250e-05,6.002005e-06
11.157230,5.385467e-05,3.347007e-05,2.146495e-04,7.734073e-05,3.899123e-04,9.043806e-05,1.816697e-04,8.651752e-05,8.030534e-05,1.224858e-04,8.397975e-05,4.265695e-05,3.066109e-05,2.800810e-05,4.493547e-05,3.651577e-05,7.142473e-06,7.872305e-06,1.202501e-05,6.170812e-05,1.194713e-05,1.364936e-05,4.089552e-06,2.885485e-05,7.185933e-06
11.181640,5.165074e-05,3.205302e-05,2.061151e-04,7.421247e-05,3.724487e-04,8.673461e-05,1.791858e-04,8.242722e-05,7.624313e-05,1.199243e-04,7.870644e-05,4.271118e-05,2.923997e-05,2.742260e-05,4.479718e-05,3.846624e-05,6.495886e-06,6.512869e-06,1.109778e-05,6.146358e-05,1.192060e-05,1.419372e-05,3.970242e-06,2.809199e-05,8.090978e-06
11.206050,4.936123e-05,3.094234e-05,1.961615e-04,7.095942e-05,3.543749e-04,8.086678e-05,1.714714e-04,7.883704e-05,7.381910e-05,1.145533e-04,7.410830e-05,4.163143e-05,2.892789e-05,2.669173e-05,4.596584e-05,3.509601e-05,4.922886e-06,5.529984e-06,1.071347e-05,6.173561e-05,1.153146e-05,1.387006e-05,3.687298e-06,2.601735e-05,8.655341e-06
11.230470,4.735694e-05,3.019186e-05,1.886313e-04,6.928624e-05,3.390833e-04,7.766356e-05,1.678559e-04,7.642009e-05,7.180604e-05,1.114542e-04,7.527244e-05,3.812288e-05,2.746367e-05,2.446818e-05,4.472981e-05,3.503741e-05,3.187253e-06,3.886716e-06,1.044635e-05,5.938580e-05,1.091493e-05,1.301321e-05,3.211875e-06,2.349086e-05,8.936440e-06
11.254880,4.781929e-05,3.022329e-05,1.925071e-04,7.109614e-05,3.356998e-04,7.823638e-05,1.720583e-04,7.978869e-05,7.451868e-05,1.106836e-04,7.628402e-05,3.766706e-05,2.803976e-05,2.433981e-05,4.257190e-05,3.940813e-05,3.746863e-06,2.337174e-06,9.977799e-06,5.652639e-05,1.038209e-05,1.181228e-05,2.719263e-06,2.246663e-05,9.108084e-06
11.279300,4.838128e-05,3.044123e-05,1.955345e-04,7.174138e-05,3.394469e-04,7.897545e-05,1.740131e-04,8.034988e-05,7.592732e-05,1.109426e-04,7.575550e-05,3.852062e-05,2.814875e-05,2.448101e-05,4.281014e-05,4.091429e-05,4.848760e-06,2.213398e-06,8.586061e-06,5.238396e-05,9.352979e-06,1.008573e-05,2.139293e-06,2.188013e-05,8.520303e-06
11.303710,4.880994e-05,3.067646e-05,1.986190e-04,7.317626e-05,3.395793e-04,7.952176e-05,1.757251e-04,7.982207e-05,7.430282e-05,1.166673e-04,7.560302e-05,3.842124e-05,2.749860e-05,2.422178e-05,4.464845e-05,4.166891e-05,5.617598e-06,2.879218e-06,7.015188e-06,5.152553e-05,8.252282e-06,8.393547e-06,1.707008e-06,2.233437e-05,7.303303e-06
11.328120,4.934098e-05,3.094527e-05,2.030381e-04,7.539528e-05,3.382697e-04,7.862193e-05,1.738405e-04,8.289263e-05,7.631870e-05,1.168017e-04,7.470231e-05,3.890004e-05,3.008516e-05,2.616660e-05,4.292032e-05,4.450854e-05,7.026135e-06,3.114081e-06,6.023535e-06,4.898594e-05,7.447290e-06,7.064963e-06,1.597239e-06,2.164351e-05,5.445164e-06
11.352540,5.010397e-05,3.118199e-05,2.079712e-04,7.664457e-05,3.424004e-04,7.977097e-05,1.749734e-04,8.494538e-05,7.877680e-05,1.151145e-04,7.812560e-05,3.840230e-05,3.299880e-05,2.773690e-05,4.067446e-05,4.459668e-05,8.263794e-06,4.028658e-06,4.947115e-06,4.379538e-05,6.628712e-06,7.260477e-06,1.767481e-06,2.095667e-05,3.127485e-06
11.376950,5.091533e-05,3.164964e-05,2.127610e-04,7.771904e-05,3.460762e-04,8.105163e-05,1.780622e-04,8.543753e-05,7.830735e-05,1.182340e-04,7.932561e-05,3.624548e-05,3.298177e-05,2.682150e-05,3.948903e-05,4.149516e-05,8.495718e-06,5.507911e-06,2.884681e-06,3.376116e-05,6.052515e-06,7.736888e-06,2.048032e-06,1.931845e-05,8.642067e-07
11.401370,5.130214e-05,3.218268e-05,2.161492e-04,7.844137e-05,3.491788e-04,8.050816e-05,1.759109e-04,8.571648e-05,7.881127e-05,1.201399e-04,7.618459e-05,3.772031e-05,3.256480e-05,2.718587e-05,3.601424e-05,3.961452e-05,8.562801e-06,6.415232e-06,5.750030e-07,2.353419e-05,5.582706e-06,8.645154e-06,2.204613e-06,1.815598e-05,1.368928e-06
11.425780,5.239609e-05,3.231552e-05,2.221723e-04,8.014197e-05,3.476582e-04,8.148909e-05,1.763670e-04,8.603112e-05,7.966644e-05,1.210826e-04,7.657201e-05,4.016863e-05,3.374956e-05,2.998847e-05,3.424464e-05,4.222964e-05,1.034371e-05,7.111275e-06,1.225199e-06,1.616908e-05,5.497312e-06,9.079504e-06,2.162875e-06,1.693612e-05,3.185787e-06
11.450200,5.342274e-05,3.288183e-05,2.257810e-04,8.122421e-05,3.499409e-04,8.229217e-05,1.788863e-04,8.959377e-05,8.246075e-05,1.204055e-04,7.887848e-05,3.898767e-05,3.419068e-05,3.132829e-05,3.661480e-05,4.371330e-05,1.182846e-05,8.235516e-06,2.182310e-06,8.901699e-06,5.457726e-06,9.185774e-06,2.000256e-06,1.478068e-05,4.645756e-06
11.474610,5.376917e-05,3.349473e-05,2.266638e-04,8.135062e-05,3.551946e-04,8.323582e-05,1.803742e-04,9.210763e-05,8.556600e-05,1.190562e-04,7.892614e-05,3.830882e-05,3.541493e-05,3.235225e-05,3.726882e-05,4.137414e-05,1.225057e-05,9.665764e-06,3.961062e-06,9.398259e-06,4.823196e-06,8.269858e-06,1.641563e-06,1.220299e-05,5.709521e-06
11.499020,5.416335e-05,3.393070e-05,2.291856e-04,8.308936e-05,3.514484e-04,8.371036e-05,1.826612e-04,9.059129e-05,8.394030e-05,1.240953e-04,7.861840e-05,3.842356e-05,3.705511e-05,3.363978e-05,3.541652e-05,4.002216e-05,1.213102e-05,9.813832e-06,6.190694e-06,1.974452e-05,3.658801e-06,6.641273e-06,1.191088e-06,8.599354e-06,6.145113e-06
11.523440,5.452045e-05,3.428051e-05,2.312690e-04,8.400718e-05,3.521965e-04,8.319719e-05,1.825016e-04,9.215337e-05,8.378268e-05,1.281240e-04,7.722537e-05,3.802949e-05,3.495670e-05,3.238738e-05,3.743503e-05,4.130653e-05,1.229784e-05,9.557079e-06,8.079527e-06,2.935278e-05,2.173448e-06,4.646798e-06,8.534003e-07,5.432440e-06,5.808728e-06
11.547850,5.467421e-05,3.472770e-05,2.325527e-04,8.486575e-05,3.522032e-04,8.499637e-05,1.858909e-04,9.448330e-05,8.750062e-05,1.248358e-04,7.669195e-05,3.984704e-05,3.230211e-05,3.218154e-05,3.980898e-05,3.934900e-05,1.209130e-05,9.854079e-06,9.178385e-06,3.612577e-05,2.104653e-06,4.476444e-06,1.093488e-06,4.068866e-06,4.966806e-06
11.572270,5.335233e-05,3.445802e-05,2.287241e-04,8.494806e-05,3.445710e-04,8.394629e-05,1.864940e-04,9.276320e-05,8.716892e-05,1.230772e-04,7.779831e-05,4.016581e-05,3.301701e-05,3.470550e-05,4.082096e-05,3.754975e-05,1.115431e-05,1.040574e-05,9.988094e-06,4.224898e-05,3.812341e-06,6.244222e-06,1.577579e-06,3.394381e-06,3.409423e-06
11.596680,5.245509e-05,3.356156e-05,2.265023e-04,8.561571e-05,3.352854e-04,8.183238e-05,1.819438e-04,9.115303e-05,8.635933e-05,1.227088e-04,7.471938e-05,3.763199e-05,3.239602e-05,3.448101e-05,4.493870e-05,4.285314e-05,1.018577e-05,1.021338e-05,1.119200e-05,5.103752e-05,5.793847e-06,8.881641e-06,2.161994e-06,3.234795e-06,2.701305e-06
11.621090,5.155589e-05,3.294281e-05,2.228162e-04,8.624224e-05,3.291711e-04,8.210038e-05,1.824456e-04,8.841763e-05,8.575423e-05,1.213844e-04,7.082054e-05,3.762993e-05,3.070294e-05,3.189461e-05,4.665410e-05,4.498958e-05,9.967058e-06,9.588590e-06,1.244869e-05,5.868480e-05,7.908406e-06,1.133643e-05,2.616644e-06,5.690558e-06,4.064046e-06
11.645510,5.020494e-05,3.228322e-05,2.172056e-04,8.562852e-05,3.277416e-04,8.187498e-05,1.818581e-04,8.817047e-05,8.537603e-05,1.205369e-04,7.166761e-05,3.960480e-05,2.960190e-05,3.040404e-05,4.437156e-05,4.148201e-05,9.511588e-06,8.857853e-06,1.281730e-05,6.125049e-05,9.664915e-06,1.331624e-05,3.078088e-06,9.531721e-06,5.957824e-06
11.669920,4.927172e-05,3.141209e-05,2.142970e-04,8.634541e-05,3.207223e-04,8.148312e-05,1.794732e-04,8.884926e-05,8.733394e-05,1.160577e-04,7.164326e-05,3.897777e-05,2.781139e-05,2.900034e-05,4.594152e-05,3.962310e-05,7.780712e-06,8.409246e-06,1.254956e-05,6.018583e-05,1.093281e-05,1.460533e-05,3.386804e-06,1.360464e-05,7.814194e-06
11.694340,4.841740e-05,3.066532e-05,2.115730e-04,8.680394e-05,3.158441e-04,8.011757e-05,1.761073e-04,8.501371e-05,8.561191e-05,1.155360e-04,7.049034e-05,3.789377e-05,2.692178e-05,2.786934e-05,4.899466e-05,4.257057e-05,5.838441e-06,7.251009e-06,1.245406e-05,6.116144e-05,1.156002e-05,1.514789e-05,3.624817e-06,1.749024e-05,9.254814e-06
11.718750,4.771904e-05,2.993196e-05,2.094307e-04,8.578593e-05,3.150748e-04,7.895878e-05,1.717246e-04,8.341927e-05,8.258891e-05,1.184515e-04,6.832226e-05,3.771664e-05,2.862925e-05,2.835829e-05,4.807184e-05,4.216640e-05,5.405045e-06,5.648371e-06,1.299279e-05,6.185588e-05,1.126558e-05,1.488911e-05,3.754565e-06,2.059363e-05,1.041016e-05
11.743160,4.704212e-05,2.928068e-05,2.070793e-04,8.525180e-05,3.105555e-04,7.954243e-05,1.721158e-04,8.377210e-05,8.352212e-05,1.146764e-04,6.480382e-05,3.665186e-05,2.878061e-05,2.744959e-05,4.647409e-05,4.031348e-05,5.233864e-06,4.597543e-06,1.298933e-05,6.185544e-05,1.074513e-05,1.437383e-05,3.826033e-06,2.396722e-05,1.091972e-05
11.767580,4.679117e-05,2.850122e-05,2.054183e-04,8.489050e-05,3.060697e-04,7.845018e-05,1.713411e-04,8.231324e-05,8.293897e-05,1.115293e-04,6.536880e-05,3.732902e-05,2.601984e-05,2.462684e-05,4.608560e-05,4.193134e-05,4.597857e-06,4.501845e-06,1.187737e-05,5.780944e-05,9.760010e-06,1.364577e-05,3.826112e-06,2.685177e-05,1.101314e-05
11.791990,4.672153e-05,2.802657e-05,2.039367e-04,8.453922e-05,3.004570e-04,7.727636e-05,1.673656e-04,8.054577e-05,8.083983e-05,1.113774e-04,6.600727e-05,3.836440e-05,2.599330e-05,2.529511e-05,4.392867e-05,4.191266e-05,5.172539e-06,3.754039e-06,1.062399e-05,5.314849e-05,8.960069e-06,1.354277e-05,3.722357e-06,2.867299e-05,1.017366e-05
11.816410,4.602576e-05,2.782347e-05,1.997954e-04,8.337126e-05,2.962478e-04,7.756555e-05,1.674490e-04,7.817164e-05,7.919669e-05,1.100832e-04,6.243951e-05,3.606991e-05,2.824506e-05,2.787366e-05,4.202286e-05,3.691364e-05,5.667008e-06,2.785058e-06,9.586566e-06,5.004944e-05,8.104320e-06,1.317511e-05,3.582001e-06,2.907332e-05,8.791867e-06
11.840820,4.578668e-05,2.732261e-05,1.980868e-04,8.188447e-05,2.913481e-04,7.713155e-05,1.671074e-04,7.745501e-05,7.792624e-05,1.084542e-04,6.042157e-05,3.439290e-05,2.875361e-05,2.767500e-05,4.311614e-05,3.490121e-05,5.444496e-06,3.288711e-06,8.637519e-06,4.811044e-05,7.366715e-06,1.292076e-05,3.281499e-06,2.738205e-05,6.933096e-06
11.865230,4.559823e-05,2.705729e-05,1.965669e-04,8.170877e-05,2.818977e-04,7.660458e-05,1.650385e-04,7.908139e-05,7.920295e-05,1.041261e-04,6.074228e-05,3.509759e-05,2.946445e-05,2.731306e-05,4.154652e-05,3.782526e-05,5.398620e-06,3.678197e-06,6.956960e-06,4.516230e-05,6.901817e-06,1.234565e-05,2.856475e-06,2.406174e-05,5.025509e-06
11.889650,4.521373e-05,2.694258e-05,1.927938e-04,8.055243e-05,2.768618e-04,7.576052e-05,1.643423e-04,7.782016e-05,7.925540e-05,1.004898e-04,6.059847e-05,3.502768e-05,2.975155e-05,2.805016e-05,3.583121e-05,3.664995e-05,6.702303e-06,3.986916e-06,4.794931e-06,3.791473e-05,6.833310e-06,1.162201e-05,2.393274e-06,2.005579e-05,3.413598e-06
11.914060,4.619343e-05,2.768561e-05,1.949175e-04,8.216488e-05,2.801304e-04,7.729975e-05,1.676729e-04,7.807093e-05,7.830368e-05,1.057331e-04,6.217647e-05,3.562753e-05,2.928452e-05,2.889572e-05,3.454189e-05,3.477393e-05,8.024159e-06,4.976911e-06,3.195852e-06,3.155248e-05,7.191508e-06,1.131664e-05,2.039023e-06,1.571425e-05,2.542089e-06
11.938480,4.722731e-05,2.829401e-05,1.965985e-04,8.501530e-05,2.802667e-04,7.998563e-05,1.739350e-04,8.116002e-05,7.997027e-05,1.087940e-04,6.223029e-05,3.620264e-05,3.128417e-05,3.171978e-05,3.642283e-05,3.496698e-05,8.186299e-06,6.457227e-06,2.329879e-06,2.542008e-05,7.059974e-06,1.057810e-05,1.793147e-06,1.199079e-05,2.559308e-06
11.962890,4.831563e-05,2.898541e-05,1.984815e-04,8.745612e-05,2.828455e-04,8.091922e-05,1.788706e-04,8.314982e-05,8.404146e-05,1.072039e-04,6.223973e-05,3.490557e-05,3.451278e-05,3.536336e-05,3.587457e-05,3.465824e-05,8.388791e-06,7.098112e-06,1.328548e-06,2.136876e-05,6.602617e-06,9.585667e-06,1.708384e-06,7.701129e-06,3.270190e-06
11.987300,4.891265e-05,2.983894e-05,1.975395e-04,8.931974e-05,2.868422e-04,8.225257e-05,1.804509e-04,8.411399e-05,8.569784e-05,1.089146e-04,6.503844e-05,3.501418e-05,3.501326e-05,3.552698e-05,3.703238e-05,3.273403e-05,9.176496e-06,7.059884e-06,1.168110e-06,1.400508e-05,5.518919e-06,7.939597e-06,1.696274e-06,5.354797e-06,4.288789e-06
12.011720,5.001228e-05,3.030350e-05,1.972083e-04,9.022141e-05,2.925367e-04,8.530948e-05,1.866387e-04,8.541341e-05,8.828439e-05,1.110469e-04,6.646752e-05,3.681062e-05,3.426230e-05,3.492415e-05,3.940342e-05,3.555470e-05,9.285500e-06,7.484875e-06,3.787068e-06,5.860064e-06,4.360153e-06,6.708967e-06,1.720654e-06,6.647881e-06,5.188974e-06
12.036130,5.128152e-05,3.093125e-05,1.985129e-04,9.230496e-05,2.937930e-04,8.685239e-05,1.913072e-04,8.580940e-05,9.062890e-05,1.128721e-04,6.489567e-05,3.594030e-05,3.498269e-05,3.717830e-05,3.880370e-05,4.240174e-05,8.665559e-06,8.467222e-06,5.811316e-06,8.861045e-06,3.268761e-06,5.284405e-06,1.688225e-06,1.003896e-05,5.498724e-06
12.060550,5.227832e-05,3.172176e-05,1.974278e-04,9.411478e-05,2.960303e-04,8.803237e-05,1.927107e-04,8.892628e-05,9.354028e-05,1.154504e-04,6.678164e-05,3.408396e-05,3.520271e-05,3.909284e-05,4.160582e-05,4.380963e-05,9.404312e-06,8.553020e-06,7.156234e-06,1.594433e-05,2.388507e-06,4.359432e-06,1.491118e-06,1.267151e-05,5.223630e-06
12.084960,5.364815e-05,3.237143e-05,1.973824e-04,9.406847e-05,3.028653e-04,8.848792e-05,1.946682e-04,9.104744e-05,9.860723e-05,1.147435e-04,6.989605e-05,3.480867e-05,3.562527e-05,4.007839e-05,4.765661e-05,4.234347e-05,1.036582e-05,8.404830e-06,8.746629e-06,2.307300e-05,2.337880e-06,2.927247e-06,1.051941e-06,1.344756e-05,4.303641e-06
12.109380,5.504841e-05,3.317275e-05,1.983497e-04,9.559333e-05,3.041955e-04,8.927038e-05,1.964353e-04,8.968480e-05,9.942967e-05,1.182790e-04,7.165162e-05,3.585662e-05,3.679411e-05,4.151450e-05,5.034125e-05,4.552779e-05,1.017146e-05,8.896518e-06,1.134201e-05,3.117024e-05,3.265743e-06,1.848903e-06,5.023396e-07,1.254188e-05,3.057203e-06
12.133790,5.634333e-05,3.417805e-05,1.998392e-04,9.733291e-05,3.053324e-04,9.118756e-05,2.020523e-04,9.099422e-05,9.970381e-05,1.245007e-04,7.354613e-05,3.639286e-05,3.549078e-05,4.100246e-05,5.119485e-05,5.177189e-05,9.127450e-06,9.399619e-06,1.345553e-05,4.116466e-05,4.452036e-06,2.579856e-06,7.108620e-07,1.034609e-05,2.366883e-06
12.158200,5.696209e-05,3.545552e-05,2.003673e-04,9.842350e-05,3.079067e-04,9.089958e-05,2.058669e-04,9.307060e-05,1.043284e-04,1.242809e-04,7.289936e-05,3.719430e-05,3.323239e-05,3.931609e-05,5.439146e-05,5.323770e-05,8.698016e-06,8.680615e-06,1.423293e-05,4.938997e-05,5.979791e-06,4.878091e-06,1.641092e-06,8.305494e-06,3.104713e-06
12.182620,5.798694e-05,3.629854e-05,2.025113e-04,9.932053e-05,3.112999e-04,9.125002e-05,2.060344e-04,9.304684e-05,1.065744e-04,1.247429e-04,7.373215e-05,3.691237e-05,3.466734e-05,4.081546e-05,5.687755e-05,5.734525e-05,8.651578e-06,7.648676e-06,1.463413e-05,5.421879e-05,7.603129e-06,7.311994e-06,2.575262e-06,9.641693e-06,4.412503e-06
12.207030,5.885737e-05,3.745694e-05,2.070374e-04,1.013325e-04,3.131516e-04,9.343983e-05,2.118040e-04,9.318633e-05,1.073763e-04,1.280266e-04,7.843431e-05,3.661387e-05,3.688056e-05,4.282359e-05,5.793653e-05,6.405947e-05,8.252516e-06,7.545372e-06,1.567198e-05,5.556051e-05,9.536365e-06,1.044029e-05,3.543264e-06,1.333595e-05,6.199992e-06
12.231450,5.861526e-05,3.870547e-05,2.073286e-04,1.050624e-04,3.125171e-04,9.363987e-05,2.146209e-04,9.230166e-05,1.087351e-04,1.298905e-04,7.931640e-05,3.981745e-05,3.611451e-05,4.057437e-05,6.096754e-05,6.438029e-05,7.698724e-06,7.669176e-06,1.710606e-05,5.855530e-05,1.178234e-05,1.302517e-05,4.320561e-06,1.859169e-05,7.765596e-06
12.255860,5.704417e-05,3.846122e-05,2.033909e-04,1.043141e-04,3.120953e-04,9.226350e-05,2.095631e-04,9.131489e-05,1.070017e-04,1.288940e-04,7.636420e-05,4.105083e-05,3.378780e-05,3.700480e-05,6.037999e-05,5.923669e-05,8.256917e-06,6.848051e-06,1.688236e-05,6.178429e-05,1.346676e-05,1.509320e-05,4.919048e-06,2.369123e-05,8.744935e-06
12.280270,5.507777e-05,3.786310e-05,1.992314e-04,1.049174e-04,3.066280e-04,9.093839e-05,2.040043e-04,9.237432e-05,1.082265e-04,1.240668e-04,7.627475e-05,3.879107e-05,3.279000e-05,3.694375e-05,5.482107e-05,5.934537e-05,8.202077e-06,5.738012e-06,1.536529e-05,6.041195e-05,1.450184e-05,1.623751e-05,5.078819e-06,2.756552e-05,9.131700e-06
12.304690,5.318612e-05,3.712093e-05,1.939744e-04,1.059439e-04,3.016684e-04,9.111191e-05,1.977717e-04,8.877942e-05,1.073917e-04,1.181952e-04,7.630909e-05,3.831107e-05,3.154770e-05,3.668632e-05,5.102821e-05,6.178976e-05,7.162694e-06,5.382962e-06,1.400011e-05,5.510295e-05,1.491236e-05,1.637371e-05,5.038874e-06,2.965619e-05,8.759384e-06
12.329100,5.123324e-05,3.641477e-05,1.882533e-04,1.052392e-04,3.035505e-04,9.097065e-05,1.947869e-04,8.623845e-05,1.016725e-04,1.198371e-04,7.678273e-05,3.839653e-05,3.195622e-05,3.622278e-05,5.163087e-05,5.798046e-05,7.354258e-06,4.979015e-06,1.295832e-05,4.907127e-05,1.470143e-05,1.560533e-05,4.727242e-06,2.968285e-05,7.861602e-06
12.353520,4.976685e-05,3.541568e-05,1.831059e-04,1.045052e-04,3.049040e-04,8.888882e-05,1.871515e-04,8.608991e-05,1.008274e-04,1.175775e-04,7.661930e-05,3.810723e-05,3.327017e-05,3.667280e-05,4.990265e-05,5.272058e-05,8.882144e-06,4.298248e-06,1.141889e-05,4.713639e-05,1.425598e-05,1.436704e-05,4.205586e-06,2.710847e-05,6.953108e-06
12.377930,4.868816e-05,3.454764e-05,1.805013e-04,1.041187e-04,3.052076e-04,8.956448e-05,1.801402e-04,8.394221e-05,1.007752e-04,1.118509e-04,7.303496e-05,3.915051e-05,3.078802e-05,3.463434e-05,4.493850e-05,4.921765e-05,9.450254e-06,4.827079e-06,8.676243e-06,4.394602e-05,1.327534e-05,1.273960e-05,3.615217e-06,2.319624e-05,6.109592e-06
12.402340,4.727223e-05,3.401010e-05,1.764371e-04,1.046983e-04,3.033551e-04,8.994648e-05,1.789291e-04,8.232324e-05,9.937413e-05,1.090911e-04,7.373106e-05,3.876251e-05,2.895227e-05,3.262732e-05,4.177943e-05,4.474757e-05,9.299253e-06,6.291244e-06,5.771373e-06,3.857945e-05,1.192693e-05,1.118058e-05,3.106503e-06,1.849191e-05,5.889537e-06
12.426760,4.619569e-05,3.317930e-05,1.736567e-04,1.037919e-04,3.050221e-04,8.831539e-05,1.739819e-04,7.940123e-05,9.873301e-05,1.059491e-04,7.530712e-05,3.627595e-05,3.033528e-05,3.508861e-05,3.876845e-05,3.838125e-05,9.682078e-06,6.688992e-06,4.693393e-06,3.058467e-05,9.880120e-06,9.574044e-06,2.745172e-06,1.301184e-05,5.495640e-06
12.451170,4.510587e-05,3.260632e-05,1.729557e-04,1.020286e-04,3.082218e-04,8.677914e-05,1.685215e-04,7.791136e-05,9.672587e-05,1.049165e-04,7.258122e-05,3.628233e-05,3.078995e-05,3.647771e-05,3.384581e-05,3.716622e-05,9.771513e-06,6.526632e-06,3.733846e-06,2.277966e-05,8.315980e-06,8.280385e-06,2.561021e-06,8.188717e-06,5.228723e-06
12.475590,4.376704e-05,3.220604e-05,1.710623e-04,1.021857e-04,3.055724e-04,8.474125e-05,1.659607e-04,7.886710e-05,9.780997e-05,1.025410e-04,7.120979e-05,3.710302e-05,3.043778e-05,3.509140e-05,3.359854e-05,3.875874e-05,9.199726e-06,6.815950e-06,2.341561e-06,1.775076e-05,6.886498e-06,7.394212e-06,2.474303e-06,3.821959e-06,4.850196e-06
12.500000,4.242389e-05,3.178271e-05,1.695767e-04,1.011528e-04,3.050246e-04,8.351405e-05,1.641540e-04,7.628647e-05,9.873449e-05,9.769727e-05,7.114040e-05,3.500290e-05,3.060377e-05,3.450179e-05,3.372723e-05,3.593142e-05,8.582298e-06,7.448436e-06,2.440132e-06,1.172091e-05,6.018178e-06,7.052056e-06,2.417245e-06,4.501425e-06,4.438426e-06
12.524410,4.121246e-05,3.122812e-05,1.681154e-04,9.945948e-05,3.056256e-04,8.183660e-05,1.650440e-04,7.298247e-05,9.468915e-05,9.846249e-05,7.212051e-05,3.344986e-05,2.968862e-05,3.426417e-05,3.042533e-05,3.104532e-05,9.052960e-06,7.260631e-06,3.807117e-06,4.415461e-06,5.134576e-06,6.437318e-06,2.290816e-06,8.089069e-06,4.072958e-06
12.548830,4.010629e-05,3.073628e-05,1.670846e-04,9.829869e-05,3.034828e-04,7.849146e-05,1.622181e-04,7.250342e-05,9.304930e-05,9.876756e-05,7.403658e-05,3.275067e-05,2.870410e-05,3.353263e-05,2.941698e-05,3.149230e-05,9.268782e-06,7.043724e-06,4.657288e-06,5.286313e-06,3.953755e-06,5.441160e-06,2.011016e-06,1.059669e-05,3.518726e-06
12.573240,3.854132e-05,3.042910e-05,1.641449e-04,9.727863e-05,3.003635e-04,7.719549e-05,1.589726e-04,7.094726e-05,9.427229e-05,9.434180e-05,7.144316e-05,3.156051e-05,3.045935e-05,3.521353e-05,3.129524e-05,3.521252e-05,8.501036e-06,7.288756e-06,5.329549e-06,1.103037e-05,2.553281e-06,4.092754e-06,1.576272e-06,1.166336e-05,2.651254e-06
12.597660,3.734576e-05,2.967151e-05,1.600084e-04,9.615092e-05,2.963716e-04,7.548125e-05,1.589163e-04,6.884494e-05,9.259903e-05,9.182438e-05,6.876514e-05,3.235207e-05,3.089314e-05,3.639417e-05,3.178541e-05,3.647643e-05,7.361765e-06,7.427348e-06,6.866920e-06,1.492767e-05,8.082416e-07,2.465450e-06,1.132747e-06,1.051319e-05,1.959593e-06
12.622070,3.644935e-05,2.883335e-05,1.572066e-04,9.321779e-05,2.945882e-04,7.205241e-05,1.541322e-04,6.643050e-05,9.060290e-05,9.027475e-05,7.052254e-05,3.238977e-05,2.813305e-05,3.387789e-05,3.230737e-05,3.848519e-05,6.995788e-06,6.713283e-06,8.627767e-06,1.842995e-05,8.165480e-07,1.686811e-06,9.984958e-07,8.425109e-06,1.749015e-06
12.646480,3.534311e-05,2.822712e-05,1.527449e-04,9.137570e-05,2.883339e-04,7.002508e-05,1.488820e-04,6.324447e-05,8.813096e-05,8.843173e-05,7.020807e-05,3.017170e-05,2.764146e-05,3.317177e-05,3.414720e-05,4.224633e-05,6.454136e-06,5.744856e-06,9.497204e-06,2.356950e-05,2.692247e-06,2.664243e-06,1.322101e-06,5.362083e-06,2.016903e-06
12.670900,3.447828e-05,2.755164e-05,1.477608e-04,8.966039e-05,2.806774e-04,6.830715e-05,1.445112e-04,6.292148e-05,8.632055e-05,8.699606e-05,6.716332e-05,2.983956e-05,2.832319e-05,3.508265e-05,3.334649e-05,4.129180e-05,5.622773e-06,5.346786e-06,9.412434e-06,2.776735e-05,4.598673e-06,3.934507e-06,1.732185e-06,4.182976e-06,2.512791e-06
12.695310,3.364097e-05,2.702784e-05,1.433493e-04,8.668772e-05,2.773858e-04,6.727873e-05,1.399083e-04,6.198666e-05,8.764221e-05,8.196027e-05,6.624204e-05,3.124515e-05,2.808064e-05,3.475517e-05,3.246697e-05,3.860807e-05,5.293183e-06,5.170456e-06,9.746861e-06,2.904696e-05,6.558166e-06,5.481041e-06,2.130772e-06,7.006132e-06,2.670367e-06
12.719730,3.284724e-05,2.656663e-05,1.396060e-04,8.521107e-05,2.696609e-04,6.565760e-05,1.353313e-04,5.886489e-05,8.543523e-05,7.844808e-05,6.510467e-05,3.135198e-05,2.862788e-05,3.381153e-05,3.518877e-05,4.097770e-05,5.512820e-06,4.684578e-06,1.052528e-05,2.914357e-05,8.076644e-06,6.623863e-06,2.340331e-06,1.083576e-05,3.029298e-06
12.744140,3.172040e-05,2.634099e-05,1.357569e-04,8.449922e-05,2.603506e-04,6.344574e-05,1.280603e-04,5.778771e-05,8.136804e-05,7.891533e-05,6.502150e-05,3.121727e-05,2.778695e-05,3.320326e-05,3.551862e-05,4.394793e-05,5.276948e-06,4.073025e-06,1.100029e-05,2.956157e-05,8.904027e-06,7.313441e-06,2.517277e-06,1.491338e-05,3.443089e-06
12.768550,3.072621e-05,2.582157e-05,1.315588e-04,8.404365e-05,2.519495e-04,6.312952e-05,1.222096e-04,5.661352e-05,8.079924e-05,7.622651e-05,6.480417e-05,3.080807e-05,2.537915e-05,3.106466e-05,3.275774e-05,4.176338e-05,4.480776e-06,3.908545e-06,1.051012e-05,3.094119e-05,9.369651e-06,7.553047e-06,2.547880e-06,1.838540e-05,3.948064e-06
12.792970,2.970698e-05,2.538593e-05,1.295780e-04,8.266051e-05,2.474306e-04,6.176268e-05,1.196853e-04,5.465218e-05,7.939714e-05,7.280435e-05,6.122824e-05,2.959053e-05,2.462633e-05,3.060452e-05,3.143765e-05,3.901409e-05,4.597020e-06,3.649962e-06,9.857986e-06,3.161367e-05,9.600016e-06,7.463373e-06,2.480528e-06,2.086208e-05,4.401867e-06
12.817380,2.834475e-05,2.503258e-05,1.263791e-04,8.148890e-05,2.432038e-04,5.913066e-05,1.139002e-04,5.307681e-05,7.760508e-05,7.069909e-05,5.982277e-05,3.013116e-05,2.555876e-05,3.215733e-05,3.057997e-05,3.793234e-05,5.414500e-06,3.019655e-06,9.635516e-06,3.020474e-05,9.803283e-06,7.597656e-06,2.484866e-06,2.130346e-05,4.867603e-06
12.841800,2.725592e-05,2.437179e-05,1.228707e-04,8.135438e-05,2.355705e-04,5.737809e-05,1.088582e-04,5.076904e-05,7.615143e-05,6.806931e-05,6.072408e-05,3.127307e-05,2.478924e-05,3.146620e-05,2.888880e-05,3.556312e-05,5.678889e-06,2.738370e-06,9.038283e-06,2.763040e-05,9.576862e-06,7.797351e-06,2.575389e-06,2.062740e-05,5.427776e-06
12.866210,2.617839e-05,2.368964e-05,1.201241e-04,7.954917e-05,2.338376e-04,5.561767e-05,1.056085e-04,4.969713e-05,7.386292e-05,6.656489e-05,5.861431e-05,2.973793e-05,2.279782e-05,2.871987e-05,2.840640e-05,3.134822e-05,5.450582e-06,3.363952e-06,7.742779e-06,2.648165e-05,9.280799e-06,8.148592e-06,2.802073e-06,1.798253e-05,6.163705e-06
12.890620,2.511877e-05,2.294932e-05,1.168785e-04,7.798123e-05,2.308703e-04,5.432364e-05,1.031179e-04,4.947866e-05,7.386286e-05,6.410945e-05,5.583484e-05,2.834656e-05,2.170706e-05,2.750180e-05,2.795339e-05,3.025511e-05,5.913039e-06,3.630777e-06,5.875995e-06,2.596323e-05,8.832652e-06,8.243604e-06,2.930436e-06,1.503623e-05,6.653652e-06
12.915040,2.405802e-05,2.222076e-05,1.132330e-04,7.669537e-05,2.249470e-04,5.194273e-05,1.010039e-04,4.673515e-05,7.310101e-05,6.027113e-05,5.419343e-05,2.866411e-05,2.053770e-05,2.736773e-05,2.537852e-05,3.001544e-05,6.113010e-06,3.428786e-06,4.460865e-06,2.412766e-05,8.559950e-06,8.478228e-06,3.008218e-06,1.225934e-05,6.959789e-06
12.939450,2.320487e-05,2.133648e-05,1.091672e-04,7.456939e-05,2.202592e-04,4.987100e-05,9.653354e-05,4.473473e-05,6.893564e-05,6.008313e-05,5.304003e-05,2.821593e-05,1.986818e-05,2.656858e-05,2.283460e-05,2.618172e-05,5.711756e-06,3.343167e-06,3.684920e-06,2.018614e-05,8.481613e-06,8.492857e-06,2.917412e-06,1.013510e-05,6.679072e-06
12.963870,2.273856e-05,2.058580e-05,1.070427e-04,7.235343e-05,2.168012e-04,4.912791e-05,9.432694e-05,4.398106e-05,6.775668e-05,5.938881e-05,5.390470e-05,2.732536e-05,2.047715e-05,2.654720e-05,2.266352e-05,2.105061e-05,5.614814e-06,3.696313e-06,2.818704e-06,1.664936e-05,8.370291e-06,8.428864e-06,2.787731e-06,9.365583e-06,6.041663e-06
12.988280,2.305959e-05,2.107002e-05,1.097183e-04,7.290794e-05,2.229413e-04,4.914669e-05,9.667840e-05,4.446326e-05,7.024973e-05,5.911810e-05,5.517048e-05,2.765223e-05,2.026095e-05,2.708648e-05,2.310065e-05,2.148964e-05,6.308948e-06,3.916446e-06,2.148154e-06,1.416633e-05,8.300179e-06,8.435662e-06,2.619596e-06,1.010246e-05,5.462163e-06
13.012700,2.354596e-05,2.143477e-05,1.115484e-04,7.427579e-05,2.257233e-04,4.922354e-05,9.610006e-05,4.511349e-05,7.173030e-05,5.997936e-05,5.379337e-05,2.668314e-05,1.930298e-05,2.533650e-05,2.224026e-05,2.282488e-05,6.653073e-06,4.021700e-06,2.378514e-06,1.201215e-05,7.753097e-06,7.957248e-06,2.337495e-06,1.179036e-05,4.690880e-06
13.037110,2.410805e-05,2.188907e-05,1.152621e-04,7.531325e-05,2.278985e-04,5.036740e-05,9.657395e-05,4.483283e-05,7.298697e-05,6.079328e-05,5.552393e-05,2.639126e-05,2.074807e-05,2.582157e-05,2.229807e-05,2.328750e-05,6.366871e-06,4.499088e-06,3.146365e-06,7.642508e-06,6.827629e-06,6.978209e-06,1.933963e-06,1.358093e-05,3.891629e-06
13.061520,2.462116e-05,2.244602e-05,1.193807e-04,7.553566e-05,2.323075e-04,5.133390e-05,9.819954e-05,4.515620e-05,7.283630e-05,6.259369e-05,5.746264e-05,2.850563e-05,2.251683e-05,2.829404e-05,2.242062e-05,2.664222e-05,6.034235e-06,4.968467e-06,3.651852e-06,2.427741e-06,5.777335e-06,5.638752e-06,1.455464e-06,1.466715e-05,3.005643e-06
13.085940,2.518981e-05,2.299470e-05,1.237980e-04,7.755714e-05,2.315933e-04,5.241996e-05,9.893975e-05,4.704603e-05,7.500973e-05,6.393546e-05,5.751389e-05,2.875547e-05,2.283991e-05,2.832178e-05,2.158760e-05,2.926847e-05,6.108165e-06,4.866037e-06,4.136540e-06,3.787914e-06,4.376543e-06,4.131081e-06,9.595920e-07,1.446265e-05,1.962218e-06
13.110350,2.571154e-05,2.355699e-05,1.281933e-04,7.962460e-05,2.310219e-04,5.270405e-05,9.959741e-05,4.721850e-05,7.865637e-05,6.238359e-05,5.756742e-05,2.757182e-05,2.312318e-05,2.781292e-05,2.272519e-05,2.878749e-05,5.880666e-06,4.437267e-06,5.153284e-06,8.261857e-06,2.847972e-06,2.753059e-06,5.832074e-07,1.250111e-05,1.077409e-06
13.134770,2.629267e-05,2.414291e-05,1.330186e-04,8.119879e-05,2.333556e-04,5.335933e-05,9.838992e-05,4.704305e-05,7.862859e-05,6.314857e-05,5.742808e-05,2.843819e-05,2.354671e-05,2.909198e-05,2.410638e-05,3.063085e-05,5.203052e-06,4.312446e-06,6.504673e-06,1.148970e-05,1.206650e-06,1.394147e-06,5.188015e-07,9.468861e-06,1.063974e-06
13.159180,2.653094e-05,2.498389e-05,1.375584e-04,8.257386e-05,2.366623e-04,5.524140e-05,9.919536e-05,4.848976e-05,7.864674e-05,6.598486e-05,5.897486e-05,2.924322e-05,2.344742e-05,3.034374e-05,2.312063e-05,3.720260e-05,5.215843e-06,4.414229e-06,7.035868e-06,1.571485e-05,1.235122e-06,1.181698e-06,6.001330e-07,5.676838e-06,1.546597e-06
13.183590,2.692493e-05,2.552925e-05,1.403652e-04,8.455555e-05,2.393876e-04,5.542206e-05,1.010201e-04,4.909120e-05,8.124913e-05,6.636336e-05,6.128415e-05,3.050157e-05,2.565278e-05,3.202169e-05,2.269616e-05,4.243605e-05,5.544706e-06,4.179224e-06,7.067121e-06,1.993987e-05,2.483814e-06,2.214593e-06,8.861438e-07,2.342686e-06,1.686860e-06
13.208010,2.734220e-05,2.608773e-05,1.446584e-04,8.711963e-05,2.402812e-04,5.555796e-05,9.981791e-05,4.939536e-05,8.213404e-05,6.683170e-05,6.024426e-05,3.280463e-05,2.799422e-05,3.522516e-05,2.419950e-05,4.402843e-05,5.125794e-06,3.837201e-06,7.533164e-06,2.395255e-05,3.610548e-06,3.170222e-06,1.277231e-06,4.093456e-06,1.451673e-06
13.232420,2.747961e-05,2.675285e-05,1.480350e-04,8.779150e-05,2.464662e-04,5.651316e-05,1.004999e-04,4.990486e-05,8.335583e-05,6.819192e-05,5.931734e-05,3.267994e-05,2.729394e-05,3.557156e-05,2.513436e-05,4.594804e-05,4.374139e-06,3.924281e-06,8.490602e-06,2.567752e-05,4.396589e-06,3.776540e-06,1.720799e-06,8.537286e-06,1.158814e-06
13.256840,2.764193e-05,2.722793e-05,1.503383e-04,8.911879e-05,2.508861e-04,5.710267e-05,1.021314e-04,4.987053e-05,8.443695e-05,6.879784e-05,6.240767e-05,3.259357e-05,2.678060e-05,3.407104e-05,2.539817e-05,4.841652e-05,4.563061e-06,3.861303e-06,9.116057e-06,2.614813e-05,5.467344e-06,4.486902e-06,2.285337e-06,1.260778e-05,1.807129e-06
13.281250,2.775659e-05,2.763014e-05,1.527212e-04,9.048421e-05,2.537245e-04,5.751739e-05,1.036985e-04,5.205136e-05,8.504265e-05,7.088910e-05,6.357865e-05,3.503508e-05,2.816354e-05,3.659282e-05,2.680182e-05,4.876569e-05,4.789132e-06,3.267326e-06,8.951461e-06,2.686055e-05,6.599807e-06,5.414011e-06,2.869578e-06,1.659458e-05,2.797340e-06
13.305660,2.792186e-05,2.796913e-05,1.553029e-04,9.043385e-05,2.589559e-04,5.686919e-05,1.047233e-04,5.335940e-05,8.893655e-05,7.086034e-05,6.271388e-05,3.667038e-05,2.872945e-05,3.953664e-05,2.635004e-05,4.767787e-05,4.818012e-06,2.849175e-06,9.014675e-06,2.799471e-05,8.138411e-06,7.043838e-06,3.576696e-06,1.963021e-05,4.180320e-06
13.330080,2.788444e-05,2.845507e-05,1.581836e-04,9.087090e-05,2.622023e-04,5.721982e-05,1.041523e-04,5.260007e-05,8.982962e-05,7.044413e-05,6.257470e-05,3.637920e-05,2.917315e-05,3.997728e-05,2.465752e-05,5.029875e-05,5.283992e-06,3.330749e-06,9.574638e-06,2.880289e-05,9.412845e-06,8.701163e-06,4.187421e-06,2.079739e-05,5.566710e-06
13.354490,2.769986e-05,2.839123e-05,1.584005e-04,9.105401e-05,2.615771e-04,5.723079e-05,1.055380e-04,5.305441e-05,8.742693e-05,7.344553e-05,6.149363e-05,3.657525e-05,2.935673e-05,4.055776e-05,2.590858e-05,5.115745e-05,5.929559e-06,3.528388e-06,9.515116e-06,2.721148e-05,1.060060e-05,1.028219e-05,4.717143e-06,2.091104e-05,7.120905e-06
13.378910,2.760592e-05,2.802063e-05,1.596047e-04,9.180430e-05,2.567255e-04,5.506368e-05,1.052420e-04,5.314488e-05,8.800549e-05,7.398657e-05,6.312904e-05,3.686158e-05,2.752081e-05,3.972639e-05,2.707333e-05,4.608845e-05,6.117182e-06,3.411499e-06,8.495034e-06,2.477050e-05,1.171258e-05,1.127488e-05,4.973720e-06,2.000112e-05,8.617861e-06
13.403320,2.735988e-05,2.785794e-05,1.617571e-04,9.196402e-05,2.540091e-04,5.406213e-05,1.023472e-04,5.289113e-05,8.830551e-05,7.287448e-05,6.440473e-05,3.698709e-05,2.580635e-05,3.797466e-05,2.590470e-05,3.925535e-05,5.904668e-06,3.483753e-06,6.953654e-06,2.459767e-05,1.237888e-05,1.184023e-05,5.026597e-06,1.894444e-05,9.688921e-06
13.427730,2.734386e-05,2.751434e-05,1.628519e-04,9.248956e-05,2.532599e-04,5.374714e-05,1.020469e-04,5.253403e-05,8.829217e-05,7.280272e-05,6.164143e-05,3.827359e-05,2.697976e-05,3.893085e-05,2.555659e-05,3.644546e-05,6.221009e-06,3.738846e-06,5.836738e-06,2.491976e-05,1.269492e-05,1.204094e-05,4.846957e-06,1.852795e-05,1.017410e-05
13.452150,2.736395e-05,2.733108e-05,1.648273e-04,9.508130e-05,2.488463e-04,5.309250e-05,1.017700e-04,5.112072e-05,8.737327e-05,7.256171e-05,6.087372e-05,3.783398e-05,2.718988e-05,4.058602e-05,2.571908e-05,3.421158e-05,6.945495e-06,3.820898e-06,5.115634e-06,2.333343e-05,1.196410e-05,1.155957e-05,4.496620e-06,1.781910e-05,1.006809e-05
13.476560,2.736558e-05,2.726165e-05,1.666741e-04,9.622185e-05,2.490887e-04,5.232903e-05,1.007375e-04,5.145688e-05,8.511222e-05,7.399160e-05,6.169103e-05,3.490044e-05,2.499878e-05,3.870657e-05,2.526765e-05,2.959014e-05,7.174529e-06,3.936901e-06,3.775969e-06,1.986998e-05,1.083958e-05,1.064818e-05,4.049841e-06,1.761699e-05,9.228141e-06
13.500980,2.735053e-05,2.731702e-05,1.687141e-04,9.698265e-05,2.531030e-04,5.113710e-05,9.892121e-05,5.234102e-05,8.645720e-05,7.409264e-05,6.088001e-05,3.507514e-05,2.439199e-05,3.601911e-05,2.563246e-05,2.686173e-05,6.675316e-06,4.409758e-06,2.458667e-06,1.641616e-05,9.083131e-06,9.015944e-06,3.547187e-06,1.715187e-05,8.213065e-06
13.525390,2.740411e-05,2.731591e-05,1.704110e-04,9.855673e-05,2.552380e-04,5.107665e-05,9.646533e-05,5.123052e-05,8.764622e-05,7.128434e-05,6.019317e-05,3.594568e-05,2.526178e-05,3.683580e-05,2.670724e-05,2.454657e-05,6.542420e-06,4.965210e-06,2.652621e-06,1.451918e-05,7.599063e-06,7.535147e-06,3.031497e-06,1.753973e-05,6.904086e-06
13.549800,2.760105e-05,2.729396e-05,1.727508e-04,1.001822e-04,2.577653e-04,5.114891e-05,9.631570e-05,5.120678e-05,8.498255e-05,7.186222e-05,5.837951e-05,3.477287e-05,2.612370e-05,3.696968e-05,2.592888e-05,1.987260e-05,6.549495e-06,4.937103e-06,3.242222e-06,1.125103e-05,6.121022e-06,6.289610e-06,2.604223e-06,1.772504e-05,5.705458e-06
13.574220,2.750065e-05,2.761225e-05,1.759204e-04,1.017198e-04,2.607201e-04,4.978867e-05,9.570888e-05,5.183837e-05,8.411704e-05,7.325337e-05,5.746350e-05,3.435342e-05,2.811902e-05,3.642382e-05,2.432569e-05,1.905645e-05,5.957990e-06,4.475302e-06,3.476003e-06,6.345628e-06,4.785935e-06,5.611175e-06,2.399398e-06,1.734502e-05,4.428728e-06
13.598630,2.742777e-05,2.767826e-05,1.769372e-04,1.014871e-04,2.679987e-04,4.965933e-05,9.270400e-05,5.156128e-05,8.432886e-05,7.249207e-05,5.927571e-05,3.333268e-05,2.902838e-05,3.717809e-05,2.542319e-05,2.645396e-05,5.255723e-06,4.297324e-06,4.079076e-06,1.229165e-06,3.691012e-06,5.045798e-06,2.246817e-06,1.591750e-05,3.220319e-06
13.623050,2.742861e-05,2.772198e-05,1.784425e-04,1.023508e-04,2.724592e-04,4.994865e-05,9.241224e-05,5.143200e-05,8.331158e-05,7.238037e-05,5.816515e-05,3.230924e-05,2.744600e-05,3.566851e-05,2.625211e-05,3.123312e-05,5.323722e-06,4.369438e-06,5.396737e-06,5.668021e-06,2.759674e-06,4.402449e-06,2.030646e-06,1.315895e-05,2.493033e-06
13.647460,2.733859e-05,2.784420e-05,1.800488e-04,1.029323e-04,2.753271e-04,4.955202e-05,9.269067e-05,5.096329e-05,8.275194e-05,7.229099e-05,5.556042e-05,3.406662e-05,2.862818e-05,3.509303e-05,2.525109e-05,3.287808e-05,5.265319e-06,4.075192e-06,6.311636e-06,9.613808e-06,2.073344e-06,3.524080e-06,1.655791e-06,9.358092e-06,2.526187e-06
13.671880,2.739485e-05,2.785647e-05,1.802280e-04,1.021548e-04,2.820041e-04,4.906592e-05,9.232562e-05,5.094993e-05,8.149417e-05,7.233443e-05,5.615041e-05,3.495126e-05,3.181415e-05,3.972517e-05,2.474202e-05,3.748785e-05,4.537588e-06,3.701358e-06,6.431109e-06,1.307306e-05,1.036834e-06,2.377053e-06,1.194272e-06,6.291089e-06,2.939879e-06
13.696290,2.755405e-05,2.783268e-05,1.798786e-04,1.030385e-04,2.843523e-04,4.818449e-05,9.166885e-05,5.276006e-05,8.099584e-05,7.341228e-05,5.683400e-05,3.336433e-05,3.252847e-05,4.237310e-05,2.428979e-05,4.168497e-05,3.563496e-06,3.732748e-06,6.576884e-06,1.765003e-05,2.918061e-07,9.867683e-07,6.215887e-07,4.138154e-06,3.113572e-06
13.720700,2.796773e-05,2.771479e-05,1.786381e-04,1.040172e-04,2.862068e-04,4.831111e-05,9.047153e-05,5.274592e-05,8.295289e-05,7.191688e-05,5.596680e-05,3.333041e-05,3.270502e-05,4.169786e-05,2.265768e-05,4.376077e-05,3.443583e-06,3.557367e-06,7.248013e-06,2.262341e-05,2.206264e-06,9.368512e-07,5.892920e-07,4.435769e-06,2.785678e-06
13.745120,2.836085e-05,2.798283e-05,1.787269e-04,1.049737e-04,2.898538e-04,4.826180e-05,9.191446e-05,5.210390e-05,8.170928e-05,7.111259e-05,5.537334e-05,3.476120e-05,3.329310e-05,4.269497e-05,2.329331e-05,4.864315e-05,3.532385e-06,2.967637e-06,7.730095e-06,2.517829e-05,4.361525e-06,2.587258e-06,1.162319e-06,6.309211e-06,2.364182e-06
13.769530,2.891172e-05,2.828836e-05,1.771468e-04,1.057676e-04,2.947663e-04,4.730318e-05,9.253046e-05,5.320566e-05,7.946209e-05,7.403253e-05,5.384331e-05,3.478401e-05,3.276187e-05,4.442049e-05,2.505844e-05,5.574755e-05,3.500124e-06,2.267909e-06,7.764807e-06,2.588438e-05,6.530917e-06,4.403413e-06,1.779163e-06,7.548862e-06,1.885369e-06
13.793950,2.962159e-05,2.863852e-05,1.756933e-04,1.066071e-04,3.013853e-04,4.797320e-05,9.152365e-05,5.350973e-05,8.016033e-05,7.470471e-05,5.428794e-05,3.488126e-05,3.388514e-05,4.522892e-05,2.412259e-05,5.788496e-05,4.245970e-06,2.424895e-06,7.591607e-06,2.586318e-05,8.345668e-06,6.048556e-06,2.373989e-06,8.524438e-06,2.249901e-06
13.818360,3.003215e-05,2.937434e-05,1.758059e-04,1.087711e-04,3.036321e-04,4.899259e-05,9.342635e-05,5.374648e-05,8.030045e-05,7.425316e-05,5.653347e-05,3.476871e-05,3.576819e-05,4.844760e-05,2.317902e-05,5.569568e-05,5.072461e-06,2.720503e-06,7.959575e-06,2.726956e-05,9.934794e-06,7.209411e-06,2.806480e-06,9.137150e-06,3.350807e-06
13.842770,3.064475e-05,2.996636e-05,1.745648e-04,1.086172e-04,3.108268e-04,4.912179e-05,9.514206e-05,5.372746e-05,8.060980e-05,7.448425e-05,5.546265e-05,3.347484e-05,3.483034e-05,4.981452e-05,2.391773e-05,5.480363e-05,5.307921e-06,2.676492e-06,8.496562e-06,2.805319e-05,1.141258e-05,7.872898e-06,3.123965e-06,9.633585e-06,4.746388e-06
13.867190,3.107561e-05,3.065120e-05,1.749361e-04,1.084150e-04,3.194545e-04,4.946263e-05,9.502845e-05,5.305046e-05,8.032364e-05,7.429754e-05,5.427927e-05,3.434798e-05,3.239420e-05,4.700934e-05,2.407747e-05,5.679446e-05,5.470050e-06,2.836827e-06,8.408748e-06,2.717149e-05,1.287668e-05,8.513845e-06,3.246739e-06,1.180264e-05,6.201487e-06
13.891600,3.134590e-05,3.130095e-05,1.756549e-04,1.093064e-04,3.222243e-04,4.971879e-05,9.501538e-05,5.417155e-05,7.906024e-05,7.632125e-05,5.519508e-05,3.609512e-05,3.228087e-05,4.569051e-05,2.453159e-05,5.701835e-05,6.525818e-06,3.297013e-06,7.620660e-06,2.526831e-05,1.384097e-05,9.054714e-06,3.275680e-06,1.518274e-05,7.656176e-06
13.916020,3.124170e-05,3.204481e-05,1.771348e-04,1.092618e-04,3.268877e-04,5.127207e-05,9.468596e-05,5.489907e-05,8.084230e-05,7.696218e-05,5.510725e-05,3.498536e-05,3.283748e-05,4.738093e-05,2.590221e-05,5.396738e-05,7.334558e-06,3.420012e-06,6.788632e-06,2.503011e-05,1.431344e-05,9.882034e-06,3.416266e-06,1.936567e-05,8.541010e-06
13.940430,3.122089e-05,3.239332e-05,1.767484e-04,1.087491e-04,3.314803e-04,5.190667e-05,9.750659e-05,5.372515e-05,8.222831e-05,7.500257e-05,5.498389e-05,3.322624e-05,3.156980e-05,4.732432e-05,2.581641e-05,5.213916e-05,7.611605e-06,3.601142e-06,6.488172e-06,2.598641e-05,1.445107e-05,1.037626e-05,3.583390e-06,2.282290e-05,8.818460e-06
13.964840,3.141444e-05,3.248168e-05,1.763639e-04,1.074973e-04,3.374078e-04,5.162806e-05,9.831673e-05,5.437350e-05,8.008938e-05,7.633233e-05,5.408450e-05,3.341552e-05,3.042903e-05,4.481478e-05,2.472240e-05,4.911039e-05,7.810413e-06,4.291591e-06,5.902038e-06,2.595475e-05,1.480637e-05,1.095307e-05,3.843709e-06,2.500975e-05,8.494549e-06
13.989260,3.136361e-05,3.276195e-05,1.775792e-04,1.076239e-04,3.382194e-04,5.317444e-05,9.753742e-05,5.499065e-05,8.036204e-05,7.860478e-05,5.246921e-05,3.316989e-05,2.864370e-05,4.363154e-05,2.603908e-05,4.050590e-05,8.233358e-06,4.958597e-06,4.525791e-06,2.409313e-05,1.517512e-05,1.131092e-05,3.985900e-06,2.612851e-05,7.538906e-06
14.013670,3.155070e-05,3.274218e-05,1.758016e-04,1.069649e-04,3.384333e-04,5.410133e-05,1.004173e-04,5.463715e-05,8.082196e-05,7.808216e-05,5.362322e-05,3.298818e-05,2.648134e-05,4.192222e-05,2.793771e-05,3.345204e-05,8.326357e-06,5.060814e-06,3.685464e-06,2.171320e-05,1.512422e-05,1.165953e-05,4.098779e-06,2.595482e-05,6.585923e-06
14.038090,3.180588e-05,3.272071e-05,1.737437e-04,1.060361e-04,3.417224e-04,5.451868e-05,1.023140e-04,5.485460e-05,8.029385e-05,7.932977e-05,5.494004e-05,3.317111e-05,2.803381e-05,4.015308e-05,2.747994e-05,3.439033e-05,7.958417e-06,4.916019e-06,3.952582e-06,1.995267e-05,1.458290e-05,1.169353e-05,4.047989e-06,2.541604e-05,5.547160e-06
14.062500,3.205422e-05,3.273104e-05,1.719631e-04,1.073369e-04,3.384794e-04,5.491330e-05,1.033191e-04,5.376885e-05,8.064996e-05,7.927083e-05,5.259041e-05,3.151474e-05,3.039863e-05,4.186647e-05,2.664194e-05,3.322651e-05,7.694844e-06,4.937101e-06,3.990873e-06,1.879067e-05,1.319250e-05,1.082989e-05,3.832586e-06,2.415502e-05,4.833335e-06
14.086910,3.225522e-05,3.282588e-05,1.705950e-04,1.075308e-04,3.374433e-04,5.555855e-05,1.040500e-04,5.472011e-05,7.877259e-05,8.030175e-05,5.237072e-05,3.044367e-05,2.929814e-05,4.165868e-05,2.709250e-05,2.791025e-05,8.125361e-06,5.091275e-06,3.825756e-06,1.526334e-05,1.161997e-05,9.511273e-06,3.445731e-06,2.135378e-05,4.409381e-06
14.111330,3.246626e-05,3.290028e-05,1.696842e-04,1.073995e-04,3.402276e-04,5.672278e-05,1.055051e-04,5.608247e-05,7.985741e-05,8.236311e-05,5.322251e-05,3.239966e-05,2.854835e-05,3.727513e-05,2.690981e-05,2.594792e-05,8.121239e-06,5.029874e-06,4.332735e-06,1.036252e-05,9.533930e-06,7.484712e-06,2.793160e-06,1.772482e-05,4.291046e-06
14.135740,3.270479e-05,3.264747e-05,1.683968e-04,1.069549e-04,3.402149e-04,5.594399e-05,1.079692e-04,5.463562e-05,8.152691e-05,7.982424e-05,5.320847e-05,3.257160e-05,3.018943e-05,3.681814e-05,2.643075e-05,2.743628e-05,7.162448e-06,4.792973e-06,5.458596e-06,9.355226e-06,7.311288e-06,5.399212e-06,1.935678e-06,1.242909e-05,4.712439e-06
14.160160,3.195556e-05,3.203402e-05,1.667176e-04,1.052000e-04,3.321840e-04,5.420799e-05,1.053542e-04,5.315480e-05,7.755262e-05,7.808360e-05,5.262102e-05,3.077589e-05,3.071510e-05,3.878476e-05,2.645899e-05,2.977631e-05,6.029516e-06,4.809408e-06,6.022866e-06,1.146002e-05,4.337505e-06,3.117049e-06,1.063275e-06,7.109008e-06,4.855632e-06
14.184570,3.132324e-05,3.116289e-05,1.640360e-04,1.038218e-04,3.221365e-04,5.420165e-05,1.031954e-04,5.226877e-05,7.443583e-05,7.874761e-05,4.947507e-05,3.088978e-05,3.097660e-05,3.918815e-05,2.502904e-05,3.662242e-05,5.417455e-06,4.663197e-06,5.982495e-06,1.304493e-05,1.806346e-06,1.801808e-06,2.711986e-07,2.470609e-06,4.810817e-06
14.208980,3.067797e-05,3.031343e-05,1.619498e-04,1.008079e-04,3.192567e-04,5.300225e-05,1.041535e-04,5.086333e-05,7.272496e-05,7.695285e-05,4.764672e-05,3.068057e-05,3.177988e-05,3.972231e-05,2.157216e-05,4.393615e-05,4.508302e-06,3.999346e-06,6.138421e-06,1.541831e-05,1.955557e-06,2.471157e-06,6.742280e-07,1.813197e-06,4.045204e-06
14.233400,2.983747e-05,2.955570e-05,1.599515e-04,9.928049e-05,3.143235e-04,5.115720e-05,1.028183e-04,4.986638e-05,7.064340e-05,7.507692e-05,4.863408e-05,3.025132e-05,3.025485e-05,4.045944e-05,2.025950e-05,4.580119e-05,3.389964e-06,3.112811e-06,6.542309e-06,1.992955e-05,3.834701e-06,4.061452e-06,1.277100e-06,4.298112e-06,2.866910e-06
14.257810,2.909542e-05,2.864755e-05,1.564460e-04,9.776950e-05,3.056004e-04,4.933000e-05,1.002453e-04,4.812570e-05,6.919779e-05,7.289121e-05,4.747132e-05,3.087633e-05,2.857184e-05,3.903160e-05,1.992301e-05,4.523021e-05,3.134477e-06,2.758857e-06,6.627539e-06,2.436124e-05,4.973713e-06,5.322153e-06,1.732187e-06,6.179778e-06,1.737910e-06
14.282230,2.844213e-05,2.768019e-05,1.526815e-04,9.495299e-05,3.020577e-04,4.804838e-05,9.739153e-05,4.708129e-05,6.635310e-05,7.045816e-05,4.543642e-05,2.895161e-05,2.982694e-05,3.956769e-05,1.845492e-05,4.850849e-05,3.022713e-06,2.551370e-06,6.118684e-06,2.587082e-05,5.452399e-06,5.977370e-06,2.033865e-06,7.724220e-06,1.678644e-06
14.306640,2.800674e-05,2.661351e-05,1.483366e-04,9.259266e-05,2.973926e-04,4.728912e-05,9.551968e-05,4.734716e-05,6.382193e-05,7.038489e-05,4.475628e-05,2.701554e-05,2.981056e-05,4.302372e-05,1.741656e-05,5.288264e-05,2.478772e-06,2.143637e-06,5.540250e-06,2.567374e-05,5.596569e-06,6.078847e-06,2.152600e-06,7.854946e-06,2.625451e-06
14.331050,2.738905e-05,2.580194e-05,1.447285e-04,9.023985e-05,2.918243e-04,4.529010e-05,9.472643e-05,4.560150e-05,6.420756e-05,6.776390e-05,4.393774e-05,2.780775e-05,2.756010e-05,4.243287e-05,1.699639e-05,5.353161e-05,2.443877e-06,1.734681e-06,5.584271e-06,2.542046e-05,5.844167e-06,5.605473e-06,2.140126e-06,7.873743e-06,3.612824e-06
14.355470,2.686423e-05,2.489827e-05,1.398472e-04,8.817057e-05,2.848958e-04,4.408515e-05,9.096299e-05,4.394726e-05,6.225918e-05,6.431792e-05,4.330019e-05,2.765088e-05,2.630792e-05,3.989208e-05,1.565743e-05,5.313829e-05,3.365339e-06,1.748403e-06,5.507669e-06,2.528601e-05,6.063096e-06,5.380619e-06,2.126793e-06,7.836821e-06,4.608173e-06
14.379880,2.646703e-05,2.394585e-05,1.340413e-04,8.527917e-05,2.789233e-04,4.376327e-05,8.788930e-05,4.340878e-05,5.966907e-05,6.417994e-05,4.208408e-05,2.671633e-05,2.507387e-05,3.965739e-05,1.515417e-05,5.299724e-05,4.115817e-06,1.601940e-06,4.961380e-06,2.454188e-05,6.555715e-06,5.334849e-06,2.137449e-06,1.023216e-05,5.203836e-06
14.404300,2.580968e-05,2.323259e-05,1.298144e-04,8.205980e-05,2.752735e-04,4.241245e-05,8.666023e-05,4.226569e-05,5.884573e-05,6.300325e-05,3.941706e-05,2.588132e-05,2.359201e-05,3.830145e-05,1.659777e-05,5.027404e-05,4.559091e-06,1.577681e-06,4.362378e-06,2.139510e-05,7.437640e-06,5.819565e-06,2.368400e-06,1.350712e-05,5.654316e-06
14.428710,2.524003e-05,2.241885e-05,1.251585e-04,7.973974e-05,2.670108e-04,4.125427e-05,8.339146e-05,4.104603e-05,5.759984e-05,6.117640e-05,3.904972e-05,2.438170e-05,2.372449e-05,3.684253e-05,1.631499e-05,4.438804e-05,5.085811e-06,2.111604e-06,4.077613e-06,1.844737e-05,8.654961e-06,6.424194e-06,2.625395e-06,1.725823e-05,5.589014e-06
14.453120,2.460971e-05,2.168917e-05,1.207716e-04,7.599791e-05,2.614179e-04,4.045123e-05,7.989091e-05,3.910904e-05,5.637052e-05,6.004021e-05,3.935822e-05,2.348462e-05,2.261074e-05,3.677535e-05,1.528822e-05,4.065819e-05,5.533328e-06,2.675208e-06,3.828338e-06,1.693460e-05,9.855014e-06,7.320010e-06,2.922155e-06,1.968190e-05,5.140966e-06
14.477540,2.387398e-05,2.091729e-05,1.166309e-04,7.231355e-05,2.562073e-04,3.985609e-05,7.674912e-05,3.727042e-05,5.436695e-05,5.842686e-05,3.753759e-05,2.380295e-05,1.946925e-05,3.398877e-05,1.596600e-05,4.087351e-05,5.607331e-06,2.886297e-06,3.346636e-06,1.670912e-05,1.054312e-05,8.172688e-06,3.102355e-06,2.092131e-05,4.414830e-06
14.501950,2.296444e-05,2.022394e-05,1.129465e-04,6.940837e-05,2.468626e-04,3.941661e-05,7.407839e-05,3.689688e-05,5.180230e-05,5.823256e-05,3.581034e-05,2.272422e-05,1.815971e-05,2.996706e-05,1.619351e-05,3.777443e-05,5.397634e-06,2.912269e-06,2.469629e-06,1.529865e-05,1.054404e-05,8.590179e-06,3.213320e-06,2.104800e-05,3.683428e-06
14.526370,2.208440e-05,1.939925e-05,1.089843e-04,6.667584e-05,2.370404e-04,3.788554e-05,7.238597e-05,3.576710e-05,5.154178e-05,5.729428e-05,3.481621e-05,2.042074e-05,1.852921e-05,2.950762e-05,1.591236e-05,3.058239e-05,5.575289e-06,3.091108e-06,2.009304e-06,1.299489e-05,9.895055e-06,8.671703e-06,3.204094e-06,2.028654e-05,3.284884e-06
14.550780,2.174191e-05,1.881964e-05,1.063686e-04,6.531088e-05,2.314373e-04,3.790143e-05,7.031545e-05,3.437640e-05,5.189042e-05,5.503564e-05,3.480066e-05,2.023034e-05,1.856663e-05,3.043068e-05,1.668879e-05,2.548469e-05,5.937359e-06,3.295830e-06,2.070167e-06,1.183615e-05,8.968377e-06,8.167131e-06,3.062512e-06,1.898126e-05,3.323155e-06
14.575200,2.205251e-05,1.908156e-05,1.086702e-04,6.615651e-05,2.370395e-04,3.967882e-05,7.220658e-05,3.535951e-05,5.188516e-05,5.706106e-05,3.658624e-05,2.106617e-05,1.956396e-05,3.018375e-05,1.717368e-05,2.373926e-05,6.085621e-06,3.535347e-06,1.993945e-06,1.205100e-05,8.048809e-06,7.605047e-06,2.885483e-06,1.798445e-05,3.658786e-06
14.599610,2.255263e-05,1.915218e-05,1.102283e-04,6.832188e-05,2.403095e-04,4.013076e-05,7.589281e-05,3.597687e-05,5.289777e-05,6.027840e-05,3.695454e-05,2.072477e-05,2.013083e-05,3.013467e-05,1.662635e-05,2.128790e-05,5.761462e-06,3.647953e-06,1.987986e-06,1.094758e-05,6.820167e-06,6.481590e-06,2.555314e-06,1.572284e-05,4.201473e-06
14.624020,2.321602e-05,1.916566e-05,1.113049e-04,7.028405e-05,2.427070e-04,4.049041e-05,7.759681e-05,3.663428e-05,5.407662e-05,6.166920e-05,3.647873e-05,2.100972e-05,2.016175e-05,3.001118e-05,1.723836e-05,2.147676e-05,5.590255e-06,3.907077e-06,2.639022e-06,8.839412e-06,5.263062e-06,5.297983e-06,2.077052e-06,1.363211e-05,4.681260e-06
14.648440,2.386762e-05,1.927312e-05,1.135137e-04,7.155578e-05,2.497223e-04,4.097588e-05,7.920024e-05,3.733627e-05,5.509107e-05,6.380715e-05,3.844091e-05,2.083190e-05,2.211360e-05,2.986006e-05,1.878318e-05,2.535736e-05,5.533574e-06,4.090741e-06,3.506214e-06,7.450488e-06,3.421980e-06,3.874435e-06,1.552926e-06,1.164438e-05,5.260347e-06
14.672850,2.461186e-05,1.939407e-05,1.151696e-04,7.384095e-05,2.552705e-04,4.179970e-05,8.146182e-05,3.743476e-05,5.663956e-05,6.457959e-05,4.007533e-05,2.045316e-05,2.516550e-05,3.308878e-05,1.883566e-05,2.550058e-05,5.216921e-06,3.902146e-06,3.980791e-06,9.618187e-06,1.772709e-06,2.560142e-06,1.089361e-06,1.111199e-05,5.448079e-06
14.697270,2.542341e-05,1.956490e-05,1.168306e-04,7.593103e-05,2.606659e-04,4.233318e-05,8.481637e-05,3.897587e-05,5.661261e-05,6.579726e-05,4.022084e-05,2.166532e-05,2.566751e-05,3.693227e-05,1.838874e-05,2.430103e-05,4.609045e-06,3.403295e-06,4.488184e-06,1.181087e-05,1.288053e-06,1.662568e-06,7.407045e-07,1.134169e-05,5.287800e-06
14.721680,2.648456e-05,1.964231e-05,1.180775e-04,7.787802e-05,2.684912e-04,4.203979e-05,8.845734e-05,4.050266e-05,5.799740e-05,6.850799e-05,4.151528e-05,2.241303e-05,2.513229e-05,3.650730e-05,1.829825e-05,2.970692e-05,4.501026e-06,3.213112e-06,5.367186e-06,1.380850e-05,1.810107e-06,1.956491e-06,6.369039e-07,1.082354e-05,4.552953e-06
14.746090,2.745317e-05,1.996896e-05,1.204969e-04,7.960132e-05,2.778524e-04,4.261344e-05,8.964467e-05,4.052971e-05,6.080467e-05,6.847810e-05,4.255514e-05,2.146306e-05,2.684019e-05,3.634317e-05,1.743474e-05,3.700003e-05,4.337408e-06,3.153613e-06,6.199786e-06,1.741994e-05,2.061387e-06,2.778826e-06,7.309014e-07,9.623873e-06,3.268115e-06
14.770510,2.844416e-05,2.032920e-05,1.236549e-04,8.098316e-05,2.878488e-04,4.357967e-05,9.154428e-05,4.164474e-05,6.115006e-05,6.859321e-05,4.411242e-05,2.102725e-05,2.829325e-05,4.048863e-05,1.664680e-05,4.021948e-05,3.447286e-06,2.945290e-06,6.535995e-06,2.312191e-05,2.633265e-06,3.162867e-06,8.693498e-07,6.927187e-06,1.688946e-06
14.794920,2.947797e-05,2.070650e-05,1.259727e-04,8.277754e-05,2.945328e-04,4.343633e-05,9.485587e-05,4.311649e-05,6.171963e-05,7.148815e-05,4.556056e-05,2.177152e-05,2.889461e-05,4.339398e-05,1.741762e-05,4.501820e-05,2.339715e-06,2.531555e-06,6.566444e-06,2.775899e-05,3.236648e-06,3.390321e-06,1.050482e-06,3.753343e-06,8.116966e-07
14.819340,3.018557e-05,2.134164e-05,1.298179e-04,8.301849e-05,3.041400e-04,4.397883e-05,9.555345e-05,4.395150e-05,6.368399e-05,7.297693e-05,4.465003e-05,2.216274e-05,2.976040e-05,4.472234e-05,1.743591e-05,5.050695e-05,2.216443e-06,2.342171e-06,6.577312e-06,3.025859e-05,4.009117e-06,3.756943e-06,1.148487e-06,6.675732e-07,2.125868e-06
14.843750,3.095577e-05,2.185328e-05,1.331170e-04,8.383471e-05,3.139360e-04,4.497773e-05,9.618805e-05,4.482418e-05,6.497751e-05,7.421729e-05,4.469878e-05,2.305224e-05,2.894689e-05,4.667044e-05,1.560716e-05,5.083084e-05,2.503080e-06,2.086953e-06,6.701980e-06,3.151253e-05,4.809140e-06,4.412469e-06,1.440276e-06,3.581683e-06,3.492974e-06
14.868160,3.166279e-05,2.232885e-05,1.365446e-04,8.555425e-05,3.174775e-04,4.600357e-05,9.763343e-05,4.499746e-05,6.652679e-05,7.619709e-05,4.719602e-05,2.360095e-05,2.749648e-05,4.648743e-05,1.575174e-05,5.113889e-05,2.722027e-06,1.493079e-06,6.641456e-06,3.398896e-05,5.801164e-06,5.195887e-06,1.839293e-06,7.446354e-06,4.845435e-06
14.892580,3.239877e-05,2.271441e-05,1.398077e-04,8.621803e-05,3.235797e-04,4.693431e-05,9.924957e-05,4.554669e-05,6.751008e-05,7.734037e-05,4.803124e-05,2.282914e-05,2.864555e-05,4.585460e-05,1.717890e-05,5.660197e-05,3.679914e-06,1.240065e-06,6.089983e-06,3.576617e-05,7.130050e-06,6.078949e-06,2.302129e-06,1.185348e-05,5.812204e-06
14.916990,3.282113e-05,2.321612e-05,1.434268e-04,8.697629e-05,3.295922e-04,4.699343e-05,1.012488e-04,4.763117e-05,6.777598e-05,8.059679e-05,4.780425e-05,2.420644e-05,3.026881e-05,4.834290e-05,1.740823e-05,6.106544e-05,4.502095e-06,1.792350e-06,5.511986e-06,3.535566e-05,8.297542e-06,6.931663e-06,2.700152e-06,1.613041e-05,6.440167e-06
14.941410,3.329634e-05,2.356173e-05,1.470109e-04,8.751488e-05,3.358634e-04,4.863812e-05,1.002431e-04,4.823913e-05,7.115158e-05,8.316375e-05,4.863613e-05,2.610561e-05,2.880795e-05,4.960843e-05,1.815942e-05,5.978950e-05,4.847548e-06,2.164739e-06,5.211244e-06,3.228423e-05,9.339758e-06,7.700267e-06,3.002652e-06,1.922117e-05,6.519031e-06
14.965820,3.388586e-05,2.377606e-05,1.486182e-04,8.903102e-05,3.391135e-04,4.983242e-05,1.018775e-04,4.834180e-05,7.369423e-05,8.227832e-05,4.937923e-05,2.603287e-05,2.700980e-05,4.598776e-05,1.939204e-05,5.651062e-05,5.429922e-06,2.302378e-06,5.123283e-06,2.911020e-05,9.763425e-06,8.418356e-06,3.255601e-06,2.157025e-05,5.927608e-06
14.990230,3.310893e-05,2.352244e-05,1.472466e-04,8.741559e-05,3.323758e-04,4.805426e-05,1.022425e-04,4.835143e-05,7.138334e-05,8.234770e-05,4.991761e-05,2.555730e-05,2.614967e-05,4.182710e-05,1.931058e-05,5.305123e-05,6.588501e-06,2.882819e-06,4.364717e-06,2.709072e-05,9.790471e-06,8.467235e-06,3.239888e-06,2.104776e-05,4.769449e-06
15.014650,3.243356e-05,2.302660e-05,1.445698e-04,8.536440e-05,3.301890e-04,4.693592e-05,9.897881e-05,4.730662e-05,7.066629e-05,8.346441e-05,4.992482e-05,2.572568e-05,2.459720e-05,4.099106e-05,1.974005e-05,4.972802e-05,7.345925e-06,3.432463e-06,3.294848e-06,2.434020e-05,9.528022e-06,8.222764e-06,3.204958e-06,2.009549e-05,3.634774e-06
15.039060,3.180871e-05,2.245101e-05,1.407564e-04,8.454189e-05,3.230186e-04,4.599388e-05,9.662727e-05,4.666596e-05,6.957187e-05,8.240565e-05,4.719950e-05,2.548101e-05,2.485255e-05,3.884198e-05,2.177508e-05,4.493571e-05,7.385663e-06,3.680716e-06,2.873645e-06,2.090648e-05,9.509271e-06,7.794522e-06,3.065780e-06,1.836463e-05,3.125590e-06
15.063480,3.128193e-05,2.183709e-05,1.376854e-04,8.251525e-05,3.176498e-04,4.526750e-05,9.574793e-05,4.559922e-05,6.881377e-05,8.228180e-05,4.651859e-05,2.565050e-05,2.575317e-05,3.826086e-05,2.216332e-05,4.258724e-05,7.363490e-06,3.988755e-06,2.866704e-06,1.705681e-05,9.172482e-06,7.397841e-06,2.921165e-06,1.673575e-05,3.469455e-06
15.087890,3.063788e-05,2.131027e-05,1.351813e-04,8.024227e-05,3.150889e-04,4.397362e-05,9.626471e-05,4.442071e-05,6.835466e-05,8.015853e-05,4.729191e-05,2.552301e-05,2.405726e-05,3.817577e-05,2.075871e-05,4.197352e-05,7.622889e-06,4.586019e-06,2.519374e-06,1.534284e-05,8.556046e-06,7.218407e-06,2.742305e-06,1.512050e-05,4.033424e-06
15.112300,2.995667e-05,2.079017e-05,1.339218e-04,7.799890e-05,3.104770e-04,4.257239e-05,9.613264e-05,4.524309e-05,6.586954e-05,7.932228e-05,4.597850e-05,2.403275e-05,2.385587e-05,3.439815e-05,2.057277e-05,3.570097e-05,7.375635e-06,4.903662e-06,2.257363e-06,1.536608e-05,7.797564e-06,6.949439e-06,2.628793e-06,1.327972e-05,4.549769e-06
15.136720,2.949282e-05,2.014673e-05,1.317293e-04,7.552274e-05,3.063223e-04,4.254181e-05,9.383646e-05,4.465000e-05,6.605231e-05,7.969875e-05,4.530683e-05,2.315549e-05,2.632583e-05,3.317623e-05,2.060087e-05,2.664010e-05,6.957944e-06,4.787458e-06,2.809361e-06,1.460725e-05,6.724705e-06,6.388904e-06,2.489074e-06,1.235251e-05,4.791939e-06
15.161130,2.878974e-05,1.970654e-05,1.308149e-04,7.319868e-05,2.999099e-04,4.165915e-05,9.422700e-05,4.316994e-05,6.657423e-05,7.642116e-05,4.443372e-05,2.427133e-05,2.765096e-05,3.605024e-05,1.983456e-05,2.504793e-05,6.867111e-06,4.506829e-06,3.410497e-06,1.279510e-05,5.660959e-06,5.393469e-06,2.310443e-06,1.251095e-05,4.947158e-06
15.185550,2.830828e-05,1.914231e-05,1.306106e-04,7.017539e-05,2.957998e-04,4.044641e-05,9.411870e-05,4.324923e-05,6.431912e-05,7.477397e-05,4.406862e-05,2.420488e-05,2.772624e-05,3.705788e-05,1.991388e-05,2.689588e-05,6.941489e-06,4.565864e-06,3.509568e-06,1.365318e-05,4.191501e-06,4.254491e-06,1.994226e-06,1.308275e-05,4.856483e-06
15.209960,2.785142e-05,1.856784e-05,1.297053e-04,6.829965e-05,2.890607e-04,4.046413e-05,9.118650e-05,4.289992e-05,6.328093e-05,7.546973e-05,4.500383e-05,2.275053e-05,2.817984e-05,3.646972e-05,1.956761e-05,2.658745e-05,6.499027e-06,4.517283e-06,3.724003e-06,1.586618e-05,2.513171e-06,2.596807e-06,1.566699e-06,1.362141e-05,4.314206e-06
15.234380,2.718491e-05,1.814706e-05,1.304594e-04,6.648505e-05,2.785026e-04,4.042585e-05,9.001633e-05,4.245666e-05,6.269101e-05,7.398700e-05,4.330338e-05,2.231385e-05,2.872152e-05,3.722128e-05,1.758769e-05,2.748402e-05,5.487367e-06,4.250401e-06,4.594971e-06,1.708888e-05,4.929672e-07,9.192993e-07,1.039546e-06,1.240638e-05,3.567004e-06
15.258790,2.647145e-05,1.773770e-05,1.310554e-04,6.380226e-05,2.729979e-04,4.031856e-05,8.932118e-05,4.172366e-05,6.178442e-05,7.306983e-05,4.100433e-05,2.135438e-05,2.908371e-05,3.846868e-05,1.600394e-05,2.924867e-05,4.461376e-06,3.966107e-06,5.317479e-06,1.628993e-05,1.465201e-06,1.340504e-06,6.346443e-07,1.058255e-05,2.498174e-06
15.283200,2.575391e-05,1.731426e-05,1.316350e-04,6.209153e-05,2.657980e-04,3.960586e-05,8.863022e-05,4.024548e-05,6.134765e-05,7.176314e-05,4.148867e-05,2.076845e-05,3.095418e-05,3.902929e-05,1.613094e-05,2.818130e-05,3.904271e-06,3.815628e-06,5.538745e-06,1.789896e-05,3.153099e-06,3.363732e-06,6.589244e-07,7.498460e-06,1.469676e-06
15.307620,2.519481e-05,1.679106e-05,1.314299e-04,6.073641e-05,2.579000e-04,3.902435e-05,8.691784e-05,4.016614e-05,5.919086e-05,7.038428e-05,4.141534e-05,2.127965e-05,3.145104e-05,4.151110e-05,1.570148e-05,2.905241e-05,3.322518e-06,3.471139e-06,5.585592e-06,2.123586e-05,4.404179e-06,5.386794e-06,1.125067e-06,4.832330e-06,1.187550e-06
15.332030,2.444596e-05,1.640012e-05,1.316253e-04,6.007438e-05,2.500552e-04,3.923808e-05,8.404377e-05,4.003047e-05,5.788213e-05,7.122886e-05,4.057950e-05,2.030735e-05,2.864306e-05,4.243252e-05,1.420979e-05,3.425031e-05,2.482570e-06,2.843858e-06,5.757260e-06,2.335107e-05,5.273922e-06,6.921962e-06,1.610984e-06,4.197876e-06,1.740272e-06
15.356450,2.385905e-05,1.592251e-05,1.322667e-04,5.928213e-05,2.419130e-04,3.815930e-05,8.431697e-05,3.844451e-05,5.886478e-05,6.965484e-05,3.979548e-05,1.906283e-05,2.805976e-05,3.947782e-05,1.398047e-05,3.762004e-05,2.089138e-06,2.074912e-06,5.992513e-06,2.368112e-05,5.648347e-06,7.813384e-06,2.001034e-06,6.784492e-06,2.560929e-06
15.380860,2.352125e-05,1.532544e-05,1.312487e-04,5.873701e-05,2.367381e-04,3.686688e-05,8.379158e-05,3.787733e-05,5.773388e-05,6.663789e-05,3.853718e-05,1.959869e-05,2.911446e-05,4.006347e-05,1.400532e-05,3.559387e-05,1.849521e-06,1.692386e-06,5.719662e-06,2.438214e-05,5.755647e-06,8.106828e-06,2.217202e-06,1.031525e-05,3.339431e-06
15.405270,2.305703e-05,1.490593e-05,1.307622e-04,5.873263e-05,2.297661e-04,3.631943e-05,8.137317e-05,3.739099e-05,5.625742e-05,6.657267e-05,3.891069e-05,1.971699e-05,2.871208e-05,4.219634e-05,1.384928e-05,3.382982e-05,1.265604e-06,1.445837e-06,5.207716e-06,2.660075e-05,5.397441e-06,7.828438e-06,2.260049e-06,1.382392e-05,3.983824e-06
15.429690,2.279497e-05,1.449363e-05,1.306030e-04,5.770090e-05,2.262819e-04,3.557175e-05,8.123264e-05,3.650312e-05,5.566857e-05,6.595129e-05,3.960248e-05,1.962511e-05,2.829911e-05,4.109812e-05,1.527160e-05,3.473318e-05,1.692410e-06,9.801605e-07,4.931434e-06,2.801459e-05,4.722935e-06,7.122903e-06,2.074592e-06,1.647164e-05,4.301266e-06
15.454100,2.253457e-05,1.412183e-05,1.293977e-04,5.677599e-05,2.257030e-04,3.476629e-05,8.186322e-05,3.600890e-05,5.432560e-05,6.496746e-05,3.770630e-05,1.977711e-05,2.746766e-05,3.936963e-05,1.634379e-05,3.429289e-05,2.781443e-06,7.327204e-07,4.867567e-06,2.703247e-05,3.993783e-06,6.203666e-06,1.830268e-06,1.744306e-05,4.325723e-06
15.478520,2.235437e-05,1.376815e-05,1.279778e-04,5.615748e-05,2.223013e-04,3.362705e-05,8.247774e-05,3.480819e-05,5.376847e-05,6.432395e-05,3.680883e-05,1.921320e-05,2.515791e-05,3.768704e-05,1.554296e-05,3.295759e-05,3.404242e-06,9.915817e-07,4.507679e-06,2.508392e-05,3.903653e-06,5.247098e-06,1.544405e-06,1.728436e-05,3.861704e-06
15.502930,2.201821e-05,1.355449e-05,1.262700e-04,5.498049e-05,2.205495e-04,3.273325e-05,8.209743e-05,3.446308e-05,5.264393e-05,6.240046e-05,3.722043e-05,1.911725e-05,2.438467e-05,3.454993e-05,1.608314e-05,3.353122e-05,3.679427e-06,1.210235e-06,3.770475e-06,2.333409e-05,4.397555e-06,4.749727e-06,1.401671e-06,1.523755e-05,3.193026e-06
15.527340,2.163765e-05,1.338307e-05,1.255069e-04,5.389276e-05,2.181316e-04,3.249017e-05,8.055283e-05,3.497135e-05,5.073578e-05,6.170855e-05,3.656564e-05,2.005730e-05,2.533687e-05,3.310303e-05,1.775638e-05,3.271004e-05,4.031574e-06,1.630891e-06,2.916072e-06,2.272192e-05,5.130545e-06,5.292175e-06,1.465774e-06,1.265607e-05,2.505928e-06
15.551760,2.122525e-05,1.316742e-05,1.234227e-04,5.268833e-05,2.156734e-04,3.145960e-05,8.099253e-05,3.395661e-05,5.111411e-05,6.104503e-05,3.596596e-05,1.973909e-05,2.417847e-05,3.410144e-05,1.817491e-05,2.825395e-05,4.389751e-06,2.340676e-06,2.470597e-06,2.059990e-05,5.802407e-06,6.348904e-06,1.721624e-06,9.515647e-06,2.142178e-06
15.576170,2.047299e-05,1.311011e-05,1.223068e-04,5.224260e-05,2.108782e-04,3.060813e-05,8.026054e-05,3.309745e-05,5.080352e-05,5.787506e-05,3.519226e-05,1.829829e-05,2.233451e-05,3.218694e-05,1.835976e-05,2.395118e-05,4.516720e-06,2.783865e-06,1.797731e-06,1.666298e-05,6.141361e-06,7.325058e-06,2.046602e-06,6.668140e-06,2.158102e-06
15.600590,1.980396e-05,1.292956e-05,1.215932e-04,5.129303e-05,2.052551e-04,3.057477e-05,7.758354e-05,3.309374e-05,4.890989e-05,5.647953e-05,3.455844e-05,1.814911e-05,2.214807e-05,2.902788e-05,1.852843e-05,2.422476e-05,4.559842e-06,2.937430e-06,9.404661e-07,1.287631e-05,6.319343e-06,7.910028e-06,2.317170e-06,5.477022e-06,2.372416e-06
15.625000,1.920025e-05,1.264674e-05,1.201604e-04,5.022917e-05,2.031512e-04,3.010251e-05,7.691882e-05,3.259988e-05,4.823258e-05,5.633388e-05,3.547497e-05,1.829203e-05,2.173775e-05,2.839610e-05,1.755997e-05,2.537282e-05,4.842375e-06,3.014258e-06,5.142523e-07,9.959871e-06,6.074951e-06,8.023912e-06,2.444451e-06,6.480338e-06,2.665113e-06
15.649410,1.862214e-05,1.233534e-05,1.189736e-04,5.019962e-05,1.981031e-04,2.952031e-05,7.587605e-05,3.220624e-05,4.756937e-05,5.475755e-05,3.505604e-05,1.782261e-05,2.191209e-05,2.775311e-05,1.655039e-05,2.375221e-05,5.058050e-06,3.260382e-06,1.149742e-06,7.785999e-06,5.632208e-06,7.519256e-06,2.390385e-06,9.277686e-06,2.925766e-06
15.673830,1.803527e-05,1.202918e-05,1.177609e-04,4.984300e-05,1.928425e-04,2.850993e-05,7.464347e-05,3.141266e-05,4.674114e-05,5.380573e-05,3.299552e-05,1.777357e-05,2.274460e-05,2.729865e-05,1.667783e-05,2.206035e-05,4.768597e-06,3.458145e-06,1.633701e-06,4.100257e-06,4.785638e-06,6.685868e-06,2.194670e-06,1.164858e-05,3.053637e-06
15.698240,1.751049e-05,1.169564e-05,1.166660e-04,4.945558e-05,1.891346e-04,2.803571e-05,7.209560e-05,3.028813e-05,4.630856e-05,5.238175e-05,3.242757e-05,1.695121e-05,2.175032e-05,2.795243e-05,1.641800e-05,2.201168e-05,4.167909e-06,3.450863e-06,2.051274e-06,2.008290e-06,3.700033e-06,5.447603e-06,1.847736e-06,1.326720e-05,3.053366e-06
15.722660,1.717488e-05,1.126831e-05,1.143329e-04,4.883764e-05,1.858456e-04,2.759705e-05,6.969660e-05,3.046314e-05,4.427770e-05,5.107960e-05,3.251234e-05,1.565483e-05,2.026618e-05,2.696536e-05,1.482064e-05,2.042097e-05,3.959558e-06,3.347406e-06,2.690243e-06,5.628373e-06,2.495990e-06,3.966057e-06,1.398008e-06,1.353655e-05,2.659021e-06
15.747070,1.667581e-05,1.099842e-05,1.116208e-04,4.799773e-05,1.838572e-04,2.627975e-05,6.966049e-05,2.988872e-05,4.349829e-05,5.152613e-05,3.189118e-05,1.573225e-05,2.138305e-05,2.490281e-05,1.360393e-05,2.009283e-05,3.764434e-06,3.382694e-06,3.436732e-06,8.015976e-06,1.318696e-06,2.311489e-06,9.010357e-07,1.231369e-05,2.085366e-06
15.771480,1.626529e-05,1.072264e-05,1.098620e-04,4.716003e-05,1.805360e-04,2.539489e-05,6.801323e-05,2.871354e-05,4.397304e-05,4.973845e-05,3.163139e-05,1.560701e-05,2.264403e-05,2.585438e-05,1.268764e-05,2.365341e-05,3.401140e-06,3.271452e-06,3.914330e-06,9.765463e-06,4.314798e-07,5.674594e-07,4.264868e-07,1.005789e-05,1.311128e-06
15.795900,1.598362e-05,1.041274e-05,1.066973e-04,4.561109e-05,1.789073e-04,2.490847e-05,6.573676e-05,2.844276e-05,4.270184e-05,4.753880e-05,3.060447e-05,1.448596e-05,2.159436e-05,2.747201e-05,1.142237e-05,2.499715e-05,2.995213e-06,2.859986e-06,4.066222e-06,1.212039e-05,4.738931e-07,1.171333e-06,2.330469e-07,7.116787e-06,6.425509e-07
15.820310,1.555897e-05,1.019622e-05,1.039889e-04,4.460257e-05,1.766157e-04,2.413844e-05,6.550973e-05,2.778952e-05,4.176841e-05,4.705406e-05,3.012082e-05,1.393176e-05,2.054236e-05,2.603838e-05,1.082287e-05,2.280737e-05,2.699647e-06,2.442996e-06,4.239273e-06,1.490677e-05,1.175555e-06,2.544816e-06,6.043804e-07,4.042138e-06,6.925960e-07
15.844730,1.510714e-05,9.993211e-06,1.019384e-04,4.357538e-05,1.713314e-04,2.349108e-05,6.503075e-05,2.719454e-05,4.094979e-05,4.596821e-05,3.090279e-05,1.390813e-05,2.001777e-05,2.472229e-05,1.039028e-05,2.248573e-05,2.353869e-06,2.280927e-06,4.476727e-06,1.700749e-05,1.842992e-06,3.441642e-06,9.820453e-07,2.764165e-06,1.203604e-06
15.869140,1.472056e-05,9.860227e-06,1.010676e-04,4.230000e-05,1.688809e-04,2.284878e-05,6.476793e-05,2.651800e-05,4.031201e-05,4.544282e-05,3.021773e-05,1.378941e-05,1.938886e-05,2.524171e-05,9.106507e-06,2.359917e-05,1.717731e-06,2.113912e-06,4.560543e-06,1.786780e-05,2.227809e-06,4.307953e-06,1.222092e-06,5.216499e-06,1.739296e-06
15.893550,1.446158e-05,9.704199e-06,1.010218e-04,4.158053e-05,1.659561e-04,2.265833e-05,6.386180e-05,2.578601e-05,4.033801e-05,4.469850e-05,2.939338e-05,1.413524e-05,2.028570e-05,2.518425e-05,8.154342e-06,2.340092e-05,1.089983e-06,1.807342e-06,4.286651e-06,1.844675e-05,2.516710e-06,4.964017e-06,1.411314e-06,8.185169e-06,2.205312e-06
15.917970,1.411004e-05,9.608266e-06,1.009903e-04,4.094299e-05,1.621492e-04,2.246003e-05,6.264584e-05,2.632269e-05,3.923432e-05,4.345915e-05,2.964449e-05,1.438988e-05,2.096971e-05,2.601686e-05,8.820050e-06,2.315769e-05,1.300412e-06,1.422622e-06,3.952159e-06,1.946027e-05,2.724865e-06,5.491234e-06,1.479237e-06,1.120418e-05,2.646358e-06
15.942380,1.386389e-05,9.467783e-06,1.020460e-04,4.061840e-05,1.582813e-04,2.177867e-05,6.282062e-05,2.665427e-05,3.851224e-05,4.353890e-05,2.957340e-05,1.378202e-05,1.966803e-05,2.678399e-05,9.139065e-06,2.426077e-05,1.479367e-06,1.208761e-06,3.868521e-06,2.045677e-05,2.969278e-06,5.662117e-06,1.535888e-06,1.331077e-05,2.879326e-06
15.966800,1.380014e-05,9.221125e-06,1.021414e-04,4.012053e-05,1.541754e-04,2.181887e-05,6.127462e-05,2.591317e-05,3.943665e-05,4.277460e-05,2.963489e-05,1.430621e-05,1.877270e-05,2.524554e-05,8.768636e-06,2.340924e-05,1.430410e-06,1.010144e-06,3.776459e-06,2.060100e-05,3.240203e-06,5.722764e-06,1.556031e-06,1.430911e-05,3.018202e-06
15.991210,1.362369e-05,9.094729e-06,1.021874e-04,3.985650e-05,1.513101e-04,2.195962e-05,5.960551e-05,2.595802e-05,3.901048e-05,4.053149e-05,2.925738e-05,1.532240e-05,1.958932e-05,2.338968e-05,9.132863e-06,2.045112e-05,1.724853e-06,6.205366e-07,3.581050e-06,1.954643e-05,3.338493e-06,5.727263e-06,1.546621e-06,1.420528e-05,2.987121e-06
16.015620,1.349176e-05,8.976137e-06,1.029742e-04,4.033433e-05,1.463409e-04,2.169714e-05,5.959387e-05,2.606293e-05,3.789234e-05,4.015544e-05,2.854042e-05,1.502258e-05,1.984421e-05,2.400679e-05,9.334430e-06,1.916699e-05,2.014892e-06,7.932124e-07,3.111322e-06,1.803674e-05,3.322192e-06,5.734458e-06,1.524475e-06,1.313010e-05,2.973800e-06
16.040040,1.339830e-05,8.850861e-06,1.026568e-04,4.020460e-05,1.421490e-04,2.137556e-05,5.901952e-05,2.584590e-05,3.777139e-05,3.995401e-05,2.932991e-05,1.479173e-05,1.913247e-05,2.454741e-05,9.513257e-06,1.988457e-05,2.101105e-06,1.228994e-06,2.718449e-06,1.724969e-05,3.177865e-06,5.714622e-06,1.522029e-06,1.134892e-05,3.061380e-06
16.064450,1.333776e-05,8.735367e-06,1.017365e-04,4.004818e-05,1.403617e-04,2.105035e-05,5.789331e-05,2.581419e-05,3.728015e-05,3.904619e-05,3.007350e-05,1.470241e-05,1.900938e-05,2.333659e-05,1.050361e-05,1.975440e-05,2.375332e-06,1.371198e-06,2.451563e-06,1.639436e-05,3.079389e-06,5.465952e-06,1.543587e-06,9.677774e-06,3.169598e-06
16.088870,1.315045e-05,8.708487e-06,1.003001e-04,4.006857e-05,1.378166e-04,2.108011e-05,5.625108e-05,2.507945e-05,3.740743e-05,3.858570e-05,2.888850e-05,1.434187e-05,1.813812e-05,2.306208e-05,1.118250e-05,1.788445e-05,2.846870e-06,1.512171e-06,2.105169e-06,1.460541e-05,3.014691e-06,5.115228e-06,1.539767e-06,7.606879e-06,3.279748e-06
16.113280,1.294297e-05,8.701749e-06,9.973283e-05,3.989370e-05,1.362446e-04,2.091341e-05,5.522140e-05,2.491270e-05,3.727507e-05,3.735348e-05,2.825928e-05,1.465038e-05,1.743204e-05,2.241874e-05,1.076743e-05,1.691773e-05,2.979442e-06,1.902765e-06,1.515075e-06,1.171886e-05,3.000827e-06,4.720510e-06,1.528766e-06,6.074473e-06,3.179719e-06
16.137700,1.279265e-05,8.621033e-06,9.841096e-05,3.982727e-05,1.342206e-04,2.032589e-05,5.576303e-05,2.526607e-05,3.607930e-05,3.700817e-05,2.831260e-05,1.486158e-05,1.862387e-05,2.115129e-05,1.030628e-05,1.580864e-05,2.859612e-06,2.149844e-06,9.232548e-07,9.390813e-06,2.943354e-06,4.452835e-06,1.452964e-06,5.000658e-06,2.941387e-06
16.162110,1.246634e-05,8.623089e-06,9.707757e-05,3.964338e-05,1.329073e-04,2.033921e-05,5.475945e-05,2.469047e-05,3.649872e-05,3.741136e-05,2.814141e-05,1.404939e-05,1.837285e-05,2.222251e-05,1.067427e-05,1.368654e-05,2.729006e-06,2.210994e-06,6.188708e-07,7.793668e-06,2.889004e-06,4.290520e-06,1.376875e-06,5.352382e-06,2.673532e-06
16.186520,1.219857e-05,8.564333e-06,9.704742e-05,4.000217e-05,1.305791e-04,2.024195e-05,5.388486e-05,2.435120e-05,3.697424e-05,3.613444e-05,2.842146e-05,1.353151e-05,1.678267e-05,2.264907e-05,1.049675e-05,1.343847e-05,2.747083e-06,2.359186e-06,4.318628e-07,6.248079e-06,2.846603e-06,4.151553e-06,1.295251e-06,6.313839e-06,2.335114e-06
16.210940,1.197704e-05,8.441692e-06,9.641237e-05,3.983403e-05,1.275980e-04,1.988723e-05,5.453668e-05,2.453814e-05,3.627491e-05,3.506879e-05,2.783323e-05,1.363369e-05,1.646331e-05,2.099823e-05,1.005904e-05,1.573836e-05,2.690299e-06,2.574839e-06,3.055264e-07,3.820953e-06,2.774402e-06,3.923770e-06,1.220443e-06,7.231105e-06,2.031064e-06
16.235350,1.173327e-05,8.311566e-06,9.588866e-05,3.922170e-05,1.269146e-04,1.958840e-05,5.458841e-05,2.422978e-05,3.622028e-05,3.504058e-05,2.730369e-05,1.325659e-05,1.665543e-05,2.038679e-05,9.955861e-06,1.614835e-05,2.515087e-06,2.619823e-06,8.887656e-07,1.441013e-06,2.510718e-06,3.634926e-06,1.139378e-06,7.478382e-06,1.646789e-06
16.259770,1.151118e-05,8.167140e-06,9.542991e-05,3.905081e-05,1.251278e-04,1.922888e-05,5.447549e-05,2.395542e-05,3.611708e-05,3.440583e-05,2.817674e-05,1.260693e-05,1.668722e-05,2.083275e-05,9.197880e-06,1.423937e-05,2.413359e-06,2.448502e-06,1.472076e-06,1.742391e-06,2.075807e-06,3.172046e-06,1.033193e-06,7.012342e-06,1.236487e-06
16.284180,1.133328e-05,8.024768e-06,9.498822e-05,3.862480e-05,1.226165e-04,1.912148e-05,5.350562e-05,2.333421e-05,3.571710e-05,3.408255e-05,2.819114e-05,1.231051e-05,1.701554e-05,2.066540e-05,8.245952e-06,1.404787e-05,2.344700e-06,2.249061e-06,1.847627e-06,2.997584e-06,1.485681e-06,2.731165e-06,8.912162e-07,6.068738e-06,9.084632e-07
16.308590,1.129480e-05,7.817216e-06,9.419307e-05,3.807121e-05,1.205557e-04,1.859825e-05,5.317483e-05,2.279253e-05,3.591356e-05,3.357375e-05,2.724452e-05,1.165841e-05,1.670227e-05,2.039131e-05,8.283856e-06,1.514574e-05,2.035063e-06,2.186536e-06,2.162403e-06,3.957867e-06,9.366888e-07,2.101252e-06,7.348401e-07,4.876203e-06,8.078181e-07
16.333010,1.132479e-05,7.809939e-06,9.372915e-05,3.801713e-05,1.197896e-04,1.823488e-05,5.403449e-05,2.364933e-05,3.551592e-05,3.306958e-05,2.766217e-05,1.168897e-05,1.557081e-05,2.041365e-05,8.325110e-06,1.566330e-05,1.583987e-06,2.105857e-06,2.589495e-06,6.018021e-06,7.417728e-07,1.773042e-06,5.388201e-07,3.509850e-06,9.079782e-07
16.357420,1.147391e-05,7.895668e-06,9.485050e-05,3.824484e-05,1.201781e-04,1.851201e-05,5.373592e-05,2.392289e-05,3.634477e-05,3.399884e-05,2.821608e-05,1.238601e-05,1.586968e-05,1.917497e-05,7.664250e-06,1.636488e-05,1.384744e-06,1.889313e-06,3.064659e-06,8.461578e-06,1.157315e-06,2.088025e-06,4.039724e-07,2.376200e-06,8.717017e-07
16.381840,1.179939e-05,7.893932e-06,9.554437e-05,3.870360e-05,1.190385e-04,1.845665e-05,5.414851e-05,2.374944e-05,3.832977e-05,3.386191e-05,2.866764e-05,1.212257e-05,1.739724e-05,1.884018e-05,7.211769e-06,1.764416e-05,1.408205e-06,1.692988e-06,3.291364e-06,1.036250e-05,1.719074e-06,2.997576e-06,3.946724e-07,1.420425e-06,7.365186e-07
16.406250,1.207741e-05,7.972007e-06,9.520324e-05,3.858943e-05,1.183336e-04,1.807902e-05,5.566554e-05,2.412935e-05,3.881788e-05,3.306719e-05,2.925296e-05,1.182276e-05,1.735519e-05,2.074045e-05,7.304849e-06,1.736368e-05,1.298145e-06,1.576071e-06,3.201583e-06,1.134770e-05,2.270917e-06,3.925618e-06,5.835522e-07,2.083720e-06,4.174156e-07
16.430660,1.235979e-05,8.099960e-06,9.594272e-05,3.875707e-05,1.188406e-04,1.793138e-05,5.603552e-05,2.437355e-05,3.915478e-05,3.361534e-05,2.858332e-05,1.263607e-05,1.701443e-05,2.126237e-05,7.251397e-06,1.558149e-05,1.103442e-06,1.364207e-06,3.206953e-06,1.262178e-05,2.625710e-06,4.826702e-06,8.164990e-07,3.462217e-06,3.175778e-07
16.455080,1.264047e-05,8.273201e-06,9.724189e-05,3.954711e-05,1.170656e-04,1.785336e-05,5.622400e-05,2.471719e-05,3.971114e-05,3.417622e-05,2.914927e-05,1.326111e-05,1.768733e-05,2.037146e-05,7.626985e-06,1.572111e-05,1.123515e-06,9.594300e-07,3.412587e-06,1.457776e-05,2.870317e-06,5.425731e-06,1.056374e-06,4.677168e-06,7.508238e-07
16.479490,1.298718e-05,8.426002e-06,9.910099e-05,4.003747e-05,1.158468e-04,1.808049e-05,5.639265e-05,2.471825e-05,4.029181e-05,3.475822e-05,3.077224e-05,1.361021e-05,1.795486e-05,2.059438e-05,8.198301e-06,1.710708e-05,1.157027e-06,7.360716e-07,3.465942e-06,1.602076e-05,2.817346e-06,5.885036e-06,1.204115e-06,5.397623e-06,1.295104e-06
16.503910,1.320154e-05,8.664126e-06,1.001185e-04,4.102251e-05,1.149579e-04,1.816077e-05,5.689700e-05,2.449058e-05,4.152710e-05,3.499513e-05,3.079362e-05,1.404637e-05,1.867656e-05,2.086659e-05,7.924359e-06,1.692405e-05,1.178783e-06,8.549198e-07,3.222549e-06,1.656159e-05,2.747101e-06,5.862235e-06,1.304000e-06,6.090421e-06,1.894294e-06
16.528320,1.340419e-05,8.931223e-06,1.024398e-04,4.220173e-05,1.137498e-04,1.816690e-05,5.814148e-05,2.516055e-05,4.179857e-05,3.463629e-05,3.047390e-05,1.380994e-05,1.974319e-05,2.095328e-05,7.620265e-06,1.547794e-05,1.530444e-06,9.005128e-07,2.976613e-06,1.625111e-05,2.750192e-06,5.684628e-06,1.289505e-06,6.624909e-06,2.488189e-06
16.552730,1.371433e-05,9.089731e-06,1.049261e-04,4.359770e-05,1.127713e-04,1.881475e-05,5.756362e-05,2.582888e-05,4.150222e-05,3.521532e-05,3.058701e-05,1.367439e-05,1.933849e-05,2.207689e-05,8.455101e-06,1.536987e-05,2.030134e-06,9.116224e-07,2.878383e-06,1.598555e-05,2.973158e-06,5.205574e-06,1.240680e-06,7.150294e-06,3.076240e-06
16.577150,1.383651e-05,9.361388e-06,1.063042e-04,4.444257e-05,1.122675e-04,1.917890e-05,5.729047e-05,2.547948e-05,4.308746e-05,3.617645e-05,3.075483e-05,1.452798e-05,1.826203e-05,2.230053e-05,9.159536e-06,1.485570e-05,2.225654e-06,1.197400e-06,2.753801e-06,1.617572e-05,3.341712e-06,4.851832e-06,1.119430e-06,7.694930e-06,3.396577e-06
16.601560,1.395354e-05,9.619786e-06,1.089139e-04,4.508820e-05,1.146468e-04,1.932396e-05,5.832209e-05,2.591431e-05,4.421566e-05,3.546078e-05,3.144012e-05,1.471215e-05,1.903381e-05,2.089717e-05,9.184766e-06,1.381786e-05,2.208194e-06,1.461857e-06,2.267410e-06,1.556617e-05,3.686585e-06,4.938845e-06,1.029584e-06,7.830061e-06,3.583637e-06
16.625980,1.413309e-05,9.833507e-06,1.110348e-04,4.662360e-05,1.152737e-04,1.961752e-05,5.802303e-05,2.663514e-05,4.410180e-05,3.523141e-05,3.157236e-05,1.407781e-05,1.991475e-05,2.109245e-05,9.561340e-06,1.489792e-05,2.310187e-06,1.570583e-06,1.754140e-06,1.369369e-05,4.088207e-06,5.392648e-06,1.015203e-06,7.809244e-06,3.482596e-06
16.650390,1.427475e-05,1.001439e-05,1.124849e-04,4.737135e-05,1.163960e-04,1.983183e-05,5.769585e-05,2.679593e-05,4.538539e-05,3.591088e-05,3.094637e-05,1.430209e-05,1.922521e-05,2.248793e-05,9.735480e-06,1.672111e-05,2.538969e-06,1.818573e-06,1.373772e-06,1.107182e-05,4.370003e-06,6.077308e-06,1.110501e-06,7.719689e-06,3.215644e-06
16.674800,1.430670e-05,1.021571e-05,1.130593e-04,4.789513e-05,1.187563e-04,2.016301e-05,5.719067e-05,2.715586e-05,4.618270e-05,3.568141e-05,3.194879e-05,1.445929e-05,1.874526e-05,2.210046e-05,9.598612e-06,1.623405e-05,2.626408e-06,2.255977e-06,1.139196e-06,8.720428e-06,4.622033e-06,6.478999e-06,1.313993e-06,7.640856e-06,2.857593e-06
16.699220,1.434743e-05,1.040110e-05,1.139437e-04,4.846945e-05,1.203903e-04,1.998731e-05,5.782653e-05,2.687479e-05,4.698706e-05,3.606855e-05,3.326617e-05,1.432853e-05,1.809149e-05,2.145013e-05,9.985942e-06,1.478850e-05,2.629768e-06,2.499092e-06,7.504695e-07,7.217332e-06,4.568422e-06,6.810641e-06,1.486259e-06,7.629238e-06,2.483149e-06
16.723630,1.455591e-05,1.043033e-05,1.146057e-04,4.912664e-05,1.219861e-04,1.998516e-05,5.888990e-05,2.721571e-05,4.829411e-05,3.611425e-05,3.268290e-05,1.455926e-05,1.710433e-05,2.144085e-05,1.050665e-05,1.532464e-05,2.778273e-06,2.502621e-06,4.229028e-07,4.873671e-06,4.294972e-06,6.767319e-06,1.615176e-06,7.082870e-06,2.063469e-06
16.748050,1.456158e-05,1.058892e-05,1.134688e-04,4.970656e-05,1.226152e-04,2.033547e-05,5.832638e-05,2.847331e-05,4.790949e-05,3.594043e-05,3.298958e-05,1.418415e-05,1.796163e-05,2.074929e-05,1.011568e-05,1.627022e-05,2.827758e-06,2.501237e-06,9.314157e-07,1.838770e-06,3.696018e-06,6.428103e-06,1.606466e-06,6.385189e-06,1.673931e-06
16.772460,1.456219e-05,1.075686e-05,1.142931e-04,4.983499e-05,1.241867e-04,2.000043e-05,5.965248e-05,2.851128e-05,4.946760e-05,3.722262e-05,3.359708e-05,1.354176e-05,1.886830e-05,2.065293e-05,9.466440e-06,1.644123e-05,2.579541e-06,2.629318e-06,1.463928e-06,1.442683e-06,3.065696e-06,5.589772e-06,1.511306e-06,4.956773e-06,1.320748e-06
16.796880,1.461460e-05,1.083672e-05,1.148388e-04,5.104964e-05,1.248656e-04,1.968570e-05,6.149753e-05,2.839850e-05,5.223487e-05,3.698453e-05,3.393726e-05,1.408173e-05,1.779678e-05,2.180881e-05,9.793590e-06,1.716453e-05,2.231329e-06,2.683441e-06,1.863051e-06,3.212449e-06,2.350740e-06,4.426113e-06,1.324187e-06,3.688194e-06,1.296971e-06
16.821290,1.456745e-05,1.086323e-05,1.139182e-04,5.194791e-05,1.227458e-04,1.942310e-05,6.165130e-05,2.856734e-05,5.245228e-05,3.603489e-05,3.490960e-05,1.455391e-05,1.712970e-05,2.089270e-05,9.798323e-06,1.826514e-05,2.203047e-06,2.497138e-06,2.358468e-06,4.407078e-06,1.583385e-06,2.879590e-06,1.055691e-06,2.635432e-06,1.499906e-06
16.845700,1.446214e-05,1.089344e-05,1.130532e-04,5.239816e-05,1.225720e-04,1.926077e-05,6.194868e-05,2.851780e-05,5.285089e-05,3.656649e-05,3.415145e-05,1.411535e-05,1.796617e-05,1.872775e-05,9.421974e-06,1.742500e-05,2.189885e-06,2.367754e-06,3.020778e-06,6.427178e-06,8.355495e-07,1.589988e-06,7.502606e-07,1.919470e-06,1.795218e-06
16.870120,1.432290e-05,1.094582e-05,1.129442e-04,5.340446e-05,1.221182e-04,1.926340e-05,6.222358e-05,2.869330e-05,5.330198e-05,3.698031e-05,3.349659e-05,1.387772e-05,1.846097e-05,1.856623e-05,9.614273e-06,1.562780e-05,1.934694e-06,2.342382e-06,3.522375e-06,8.796475e-06,2.198353e-07,1.424788e-06,5.579786e-07,1.295159e-06,1.872670e-06
16.894530,1.427801e-05,1.089455e-05,1.137642e-04,5.401220e-05,1.218035e-04,1.887934e-05,6.375231e-05,2.795294e-05,5.406095e-05,3.760145e-05,3.499349e-05,1.426561e-05,1.886651e-05,1.899291e-05,9.237105e-06,1.576697e-05,1.687054e-06,2.168213e-06,3.678110e-06,1.094939e-05,6.805779e-07,2.505071e-06,6.296266e-07,4.522468e-07,1.790861e-06
16.918950,1.405267e-05,1.093955e-05,1.136180e-04,5.447365e-05,1.223000e-04,1.894317e-05,6.476839e-05,2.753277e-05,5.576943e-05,3.761898e-05,3.534635e-05,1.443117e-05,1.953629e-05,1.886075e-05,8.488919e-06,1.679072e-05,1.611808e-06,1.757917e-06,3.676842e-06,1.208824e-05,1.224351e-06,3.651124e-06,8.728844e-07,8.033658e-07,1.619215e-06
16.943360,1.385701e-05,1.097490e-05,1.150574e-04,5.437954e-05,1.232848e-04,1.917247e-05,6.387648e-05,2.829024e-05,5.510441e-05,3.695707e-05,3.491820e-05,1.522300e-05,1.938766e-05,1.914500e-05,9.053169e-06,1.579228e-05,1.360789e-06,1.448952e-06,3.849022e-06,1.338933e-05,1.622036e-06,4.588841e-06,1.139377e-06,1.997213e-06,1.535461e-06
16.967770,1.379065e-05,1.087485e-05,1.169525e-04,5.461868e-05,1.248096e-04,1.889987e-05,6.453080e-05,2.805385e-05,5.504100e-05,3.804322e-05,3.490974e-05,1.571760e-05,1.985051e-05,1.906993e-05,9.918572e-06,1.422366e-05,1.144383e-06,1.354618e-06,4.078761e-06,1.502226e-05,1.959456e-06,5.381266e-06,1.323547e-06,3.443922e-06,1.713009e-06
16.992190,1.366335e-05,1.081215e-05,1.178469e-04,5.508026e-05,1.241578e-04,1.889987e-05,6.475363e-05,2.744367e-05,5.722289e-05,3.861668e-05,3.427603e-05,1.508349e-05,2.210223e-05,1.854673e-05,9.843461e-06,1.369975e-05,1.341693e-06,1.216499e-06,4.020934e-06,1.694836e-05,2.338678e-06,5.790253e-06,1.460964e-06,4.908211e-06,2.251793e-06
17.016600,1.354916e-05,1.075148e-05,1.196445e-04,5.433275e-05,1.244255e-04,1.898801e-05,6.355441e-05,2.766850e-05,5.737051e-05,3.764997e-05,3.484842e-05,1.530459e-05,2.318384e-05,1.948312e-05,9.513552e-06,1.256163e-05,1.666753e-06,9.548172e-07,3.812862e-06,1.816858e-05,2.763675e-06,5.940067e-06,1.492026e-06,7.074354e-06,2.869308e-06
17.041020,1.349885e-05,1.068198e-05,1.217244e-04,5.370666e-05,1.259523e-04,1.904473e-05,6.275573e-05,2.779502e-05,5.713710e-05,3.776268e-05,3.504205e-05,1.597894e-05,2.227954e-05,2.111125e-05,9.827039e-06,1.119893e-05,1.711609e-06,9.190874e-07,3.641769e-06,1.835737e-05,3.074887e-06,6.050097e-06,1.488832e-06,9.205509e-06,3.595515e-06
17.065430,1.356008e-05,1.055003e-05,1.241568e-04,5.331228e-05,1.256619e-04,1.897057e-05,6.187202e-05,2.812178e-05,5.771740e-05,3.797597e-05,3.375333e-05,1.563790e-05,2.263320e-05,2.072824e-05,1.001299e-05,1.173893e-05,1.640331e-06,9.343321e-07,3.688474e-06,1.822295e-05,3.279915e-06,6.187312e-06,1.447571e-06,1.133940e-05,4.226352e-06
17.089840,1.352054e-05,1.048495e-05,1.254067e-04,5.257604e-05,1.252143e-04,1.865676e-05,6.193491e-05,2.780746e-05,5.788406e-05,3.796444e-05,3.425137e-05,1.550782e-05,2.357809e-05,2.008497e-05,1.016722e-05,1.272004e-05,1.824087e-06,8.819995e-07,3.545553e-06,1.868036e-05,3.337273e-06,6.574981e-06,1.389195e-06,1.285293e-05,4.579032e-06
17.114260,1.347324e-05,1.051233e-05,1.267904e-04,5.211038e-05,1.242929e-04,1.876472e-05,6.155328e-05,2.723135e-05,5.920095e-05,3.812232e-05,3.531314e-05,1.541062e-05,2.367314e-05,2.125044e-05,1.094746e-05,1.169601e-05,2.019090e-06,9.779696e-07,3.101123e-06,1.914210e-05,3.436517e-06,6.732825e-06,1.423710e-06,1.366576e-05,4.624292e-06
17.138670,1.364222e-05,1.040275e-05,1.290243e-04,5.161608e-05,1.232466e-04,1.874029e-05,6.056706e-05,2.819324e-05,5.887552e-05,3.727342e-05,3.488784e-05,1.482242e-05,2.451979e-05,2.140410e-05,1.098859e-05,1.047339e-05,2.085575e-06,1.346117e-06,2.565898e-06,1.806786e-05,3.482817e-06,6.886402e-06,1.512554e-06,1.374833e-05,4.336585e-06
17.163090,1.370538e-05,1.037147e-05,1.289951e-04,5.181026e-05,1.214925e-04,1.822052e-05,6.179191e-05,2.880846e-05,5.753516e-05,3.751921e-05,3.479841e-05,1.507054e-05,2.448270e-05,2.157195e-05,1.032089e-05,1.183592e-05,2.224666e-06,1.632982e-06,2.251290e-06,1.587216e-05,3.409518e-06,6.676519e-06,1.683160e-06,1.319052e-05,3.765287e-06
17.187500,1.373318e-05,1.042024e-05,1.293137e-04,5.180308e-05,1.184803e-04,1.806639e-05,6.273800e-05,2.857932e-05,5.948684e-05,3.856640e-05,3.458686e-05,1.536329e-05,2.236634e-05,2.213465e-05,1.088450e-05,1.347868e-05,2.545124e-06,1.665783e-06,1.897774e-06,1.363626e-05,3.262757e-06,6.516854e-06,1.772638e-06,1.211936e-05,3.029539e-06
17.211910,1.373480e-05,1.048361e-05,1.303465e-04,5.140049e-05,1.178573e-04,1.804049e-05,6.213963e-05,2.883002e-05,6.105214e-05,3.771424e-05,3.466056e-05,1.424426e-05,2.184474e-05,2.098874e-05,1.180626e-05,1.433412e-05,2.621004e-06,1.748335e-06,1.428099e-06,1.184875e-05,3.143597e-06,6.271035e-06,1.844114e-06,1.065641e-05,2.201390e-06
17.236330,1.372105e-05,1.055097e-05,1.312903e-04,5.197881e-05,1.167987e-04,1.805242e-05,6.249718e-05,2.894816e-05,6.093036e-05,3.695947e-05,3.577160e-05,1.353972e-05,2.265170e-05,1.980009e-05,1.155848e-05,1.570425e-05,2.416191e-06,1.934174e-06,6.628061e-07,9.863788e-06,3.160982e-06,5.894209e-06,1.825015e-06,8.424436e-06,1.428702e-06
17.260740,1.361039e-05,1.064924e-05,1.317503e-04,5.200368e-05,1.152569e-04,1.814203e-05,6.309116e-05,2.902160e-05,6.134125e-05,3.725938e-05,3.525173e-05,1.383218e-05,2.204068e-05,2.050062e-05,1.148980e-05,1.717495e-05,2.355194e-06,2.028161e-06,5.172110e-08,7.014518e-06,3.242074e-06,5.418725e-06,1.760610e-06,6.118131e-06,1.085297e-06
17.285160,1.346298e-05,1.077052e-05,1.320414e-04,5.170571e-05,1.155211e-04,1.802899e-05,6.423039e-05,2.890682e-05,6.140865e-05,3.747794e-05,3.413057e-05,1.359263e-05,2.146068e-05,2.069883e-05,1.167244e-05,1.664608e-05,2.527371e-06,1.973645e-06,4.304295e-07,3.318624e-06,3.288508e-06,4.945624e-06,1.661573e-06,4.038794e-06,1.679295e-06
17.309570,1.328817e-05,1.058310e-05,1.315313e-04,5.077239e-05,1.143187e-04,1.807711e-05,6.375548e-05,2.775970e-05,6.135590e-05,3.745506e-05,3.445833e-05,1.311055e-05,2.089597e-05,1.944672e-05,1.111417e-05,1.634703e-05,2.525013e-06,2.027839e-06,9.833706e-07,8.674398e-07,2.992017e-06,4.528107e-06,1.486040e-06,3.887053e-06,2.494254e-06
17.333980,1.297300e-05,1.044622e-05,1.294373e-04,5.007374e-05,1.130539e-04,1.794780e-05,6.194205e-05,2.744832e-05,6.181088e-05,3.689674e-05,3.449594e-05,1.264291e-05,1.969185e-05,1.852297e-05,1.134828e-05,1.784122e-05,2.322353e-06,2.160057e-06,1.715722e-06,1.807563e-06,2.635011e-06,4.081456e-06,1.261298e-06,5.263460e-06,3.176017e-06
17.358400,1.265308e-05,1.035044e-05,1.276878e-04,4.926283e-05,1.107104e-04,1.750511e-05,6.161110e-05,2.771295e-05,6.000300e-05,3.586566e-05,3.392229e-05,1.178620e-05,1.986669e-05,1.726131e-05,1.200542e-05,1.883329e-05,2.183263e-06,2.110593e-06,2.337607e-06,3.095622e-06,2.058173e-06,3.669039e-06,1.040679e-06,6.313552e-06,3.509948e-06
17.382810,1.246632e-05,1.015096e-05,1.269914e-04,4.757236e-05,1.096340e-04,1.746963e-05,6.032495e-05,2.678706e-05,5.965093e-05,3.643576e-05,3.346312e-05,1.174071e-05,2.115747e-05,1.569924e-05,1.152987e-05,1.813856e-05,2.099714e-06,1.833532e-06,2.655881e-06,5.538489e-06,1.563419e-06,2.963741e-06,8.034266e-07,6.831879e-06,3.484992e-06
17.407230,1.229755e-05,9.959026e-06,1.250524e-04,4.663243e-05,1.092194e-04,1.734138e-05,5.825655e-05,2.622490e-05,6.085952e-05,3.632699e-05,3.255441e-05,1.232840e-05,2.029786e-05,1.591903e-05,1.067862e-05,1.712142e-05,1.817322e-06,1.667096e-06,2.784543e-06,8.035100e-06,1.148085e-06,2.219573e-06,5.707665e-07,6.292207e-06,3.072925e-06
17.431640,1.213682e-05,9.781569e-06,1.226184e-04,4.616559e-05,1.066068e-04,1.710928e-05,5.723053e-05,2.626140e-05,5.953509e-05,3.504805e-05,3.203489e-05,1.197313e-05,1.896527e-05,1.602950e-05,1.066247e-05,1.674152e-05,1.518702e-06,1.628203e-06,2.986943e-06,9.800331e-06,1.250035e-06,1.792210e-06,3.065201e-07,5.517658e-06,2.528887e-06
17.456050,1.196995e-05,9.661875e-06,1.195113e-04,4.525627e-05,1.047203e-04,1.681228e-05,5.624529e-05,2.603273e-05,5.856947e-05,3.495351e-05,3.218851e-05,1.161653e-05,2.004764e-05,1.440349e-05,1.066871e-05,1.575366e-05,1.601567e-06,1.548150e-06,3.194688e-06,1.064051e-05,1.713968e-06,2.109340e-06,1.153564e-07,4.282139e-06,1.883661e-06
17.480470,1.194197e-05,9.464831e-06,1.169983e-04,4.480082e-05,1.028535e-04,1.642759e-05,5.589088e-05,2.600188e-05,5.795595e-05,3.460962e-05,3.083976e-05,1.188605e-05,2.103748e-05,1.377440e-05,1.050649e-05,1.396089e-05,1.748232e-06,1.325979e-06,3.260583e-06,1.181352e-05,2.279327e-06,2.890696e-06,3.579498e-07,3.198937e-06,1.579358e-06
17.504880,1.178964e-05,9.330534e-06,1.134635e-04,4.445455e-05,1.006392e-04,1.631721e-05,5.497717e-05,2.513921e-05,5.698282e-05,3.422252e-05,2.991482e-05,1.186304e-05,2.124865e-05,1.452054e-05,1.082498e-05,1.319475e-05,1.616066e-06,1.195772e-06,3.090211e-06,1.362873e-05,2.643218e-06,3.827152e-06,6.862337e-07,3.692300e-06,1.904001e-06
17.529300,1.159396e-05,9.316292e-06,1.095309e-04,4.421957e-05,9.879216e-05,1.593855e-05,5.395592e-05,2.458138e-05,5.716683e-05,3.393937e-05,3.042166e-05,1.179607e-05,2.151471e-05,1.474244e-05,1.055586e-05,1.311548e-05,1.513260e-06,1.139952e-06,2.875102e-06,1.486269e-05,2.908591e-06,4.617737e-06,9.566337e-07,5.694924e-06,2.569230e-06
17.553710,1.145016e-05,9.213440e-06,1.074990e-04,4.353868e-05,9.708467e-05,1.533875e-05,5.470488e-05,2.516015e-05,5.538974e-05,3.272728e-05,2.997248e-05,1.185057e-05,2.080187e-05,1.468627e-05,9.450051e-06,1.081321e-05,1.687392e-06,9.451366e-07,2.775552e-06,1.538127e-05,2.975905e-06,5.127884e-06,1.215223e-06,8.116237e-06,3.327792e-06
17.578120,1.124425e-05,9.144129e-06,1.047735e-04,4.278538e-05,9.722359e-05,1.515776e-05,5.442451e-05,2.498138e-05,5.332962e-05,3.261662e-05,2.951080e-05,1.128338e-05,2.007129e-05,1.482491e-05,9.332386e-06,8.357141e-06,1.786009e-06,7.404511e-07,2.709410e-06,1.499235e-05,2.963756e-06,5.307744e-06,1.379895e-06,1.014052e-05,3.911510e-06
17.602540,1.105621e-05,9.065932e-06,1.020182e-04,4.261982e-05,9.607097e-05,1.492719e-05,5.335848e-05,2.433029e-05,5.426981e-05,3.302613e-05,2.915785e-05,1.102981e-05,2.116499e-05,1.428968e-05,9.722365e-06,8.389894e-06,1.817919e-06,9.145745e-07,2.531915e-06,1.500069e-05,2.939713e-06,5.132028e-06,1.506045e-06,1.174928e-05,4.236126e-06
17.626950,1.089807e-05,8.966463e-06,9.982353e-05,4.159532e-05,9.468661e-05,1.468753e-05,5.344414e-05,2.417262e-05,5.431079e-05,3.171304e-05,2.846264e-05,1.155163e-05,2.182001e-05,1.431097e-05,9.235487e-06,8.303981e-06,1.976361e-06,1.129022e-06,2.137361e-06,1.513445e-05,2.952978e-06,4.760921e-06,1.519059e-06,1.235800e-05,4.146004e-06
17.651370,1.082924e-05,8.813971e-06,9.817047e-05,4.046046e-05,9.493280e-05,1.440001e-05,5.322857e-05,2.385710e-05,5.286852e-05,3.064869e-05,2.890241e-05,1.151900e-05,2.039642e-05,1.535548e-05,8.367183e-06,8.134379e-06,2.195217e-06,1.153509e-06,1.881608e-06,1.464696e-05,2.989022e-06,4.290211e-06,1.470519e-06,1.262224e-05,3.852397e-06
17.675780,1.071209e-05,8.677312e-06,9.665244e-05,3.963603e-05,9.411444e-05,1.404819e-05,5.328237e-05,2.359601e-05,5.212259e-05,3.052354e-05,2.882937e-05,1.083629e-05,1.890168e-05,1.526100e-05,8.158016e-06,9.151249e-06,2.170397e-06,1.208783e-06,1.697632e-06,1.305549e-05,3.037565e-06,3.846868e-06,1.348447e-06,1.204495e-05,3.287829e-06
17.700200,1.056918e-05,8.625228e-06,9.469150e-05,3.854086e-05,9.285485e-05,1.389748e-05,5.218756e-05,2.300560e-05,5.094888e-05,3.018760e-05,2.740891e-05,1.068168e-05,1.848736e-05,1.403015e-05,7.886686e-06,9.968816e-06,1.915753e-06,1.347201e-06,1.466431e-06,1.105744e-05,3.297131e-06,3.640229e-06,1.181807e-06,1.111285e-05,2.761826e-06
17.724610,1.059547e-05,8.451067e-06,9.418063e-05,3.728511e-05,9.133246e-05,1.345960e-05,5.070158e-05,2.201869e-05,5.073535e-05,3.022272e-05,2.698825e-05,1.059828e-05,1.773008e-05,1.353162e-05,7.721351e-06,9.633375e-06,1.841280e-06,1.441928e-06,1.049587e-06,9.449460e-06,3.434332e-06,3.504843e-06,1.044128e-06,9.632114e-06,2.181493e-06
17.749020,1.050273e-05,8.347817e-06,9.245526e-05,3.579538e-05,9.038790e-05,1.306555e-05,5.029319e-05,2.207733e-05,5.037491e-05,2.952587e-05,2.727325e-05,1.035079e-05,1.715028e-05,1.355226e-05,8.014900e-06,1.073178e-05,1.932051e-06,1.413585e-06,6.501102e-07,7.941840e-06,3.483448e-06,3.466658e-06,9.413891e-07,7.608351e-06,1.734619e-06
17.773440,1.033928e-05,8.337580e-06,9.020973e-05,3.501049e-05,8.926853e-05,1.302797e-05,4.885067e-05,2.197137e-05,4.814960e-05,2.865702e-05,2.680439e-05,1.046720e-05,1.683285e-05,1.319769e-05,7.763872e-06,1.289189e-05,1.830994e-06,1.468262e-06,4.426608e-07,6.181332e-06,3.242715e-06,3.455034e-06,9.399234e-07,5.326492e-06,1.486217e-06
17.797850,1.013711e-05,8.324490e-06,8.847233e-05,3.423388e-05,8.595468e-05,1.271307e-05,4.728277e-05,2.106009e-05,4.799185e-05,2.912038e-05,2.671543e-05,1.004971e-05,1.538898e-05,1.302235e-05,7.143700e-06,1.403692e-05,1.652102e-06,1.636225e-06,2.597032e-07,3.888719e-06,2.908895e-06,3.502695e-06,9.535051e-07,3.602397e-06,1.592746e-06
17.822270,9.926521e-06,8.283888e-06,8.670198e-05,3.311069e-05,8.417568e-05,1.238169e-05,4.685585e-05,2.068263e-05,4.840653e-05,2.867982e-05,2.619133e-05,9.307423e-06,1.460095e-05,1.275566e-05,7.312853e-06,1.404843e-05,1.675509e-06,1.687553e-06,2.103601e-07,1.611261e-06,2.511402e-06,3.308028e-06,9.789990e-07,3.378216e-06,1.986015e-06
17.846680,9.611952e-06,8.244310e-06,8.454415e-05,3.260126e-05,8.233590e-05,1.204223e-05,4.604837e-05,2.045110e-05,4.717135e-05,2.765882e-05,2.545858e-05,9.304592e-06,1.584049e-05,1.158197e-05,7.905516e-06,1.452769e-05,1.616670e-06,1.472935e-06,6.059031e-07,3.703218e-07,2.123099e-06,2.936870e-06,9.550888e-07,4.445751e-06,2.310266e-06
17.871090,9.264447e-06,8.216901e-06,8.209768e-05,3.198870e-05,7.997727e-05,1.170639e-05,4.545254e-05,2.043081e-05,4.619584e-05,2.740402e-05,2.572399e-05,9.302892e-06,1.609930e-05,1.100752e-05,7.942629e-06,1.504167e-05,1.323623e-06,1.323885e-06,9.647329e-07,8.838119e-07,1.664884e-06,2.355804e-06,9.287031e-07,5.462300e-06,2.493261e-06
17.895510,9.043107e-06,8.043031e-06,8.088605e-05,3.141486e-05,7.806150e-05,1.151511e-05,4.419756e-05,2.029485e-05,4.512171e-05,2.707908e-05,2.503100e-05,8.895837e-06,1.529761e-05,1.154779e-05,7.819019e-06,1.438463e-05,1.209271e-06,1.334053e-06,1.158677e-06,1.861096e-06,1.213307e-06,1.692853e-06,8.359218e-07,6.210857e-06,2.437968e-06
17.919920,8.783807e-06,7.849501e-06,7.933137e-05,3.080598e-05,7.655906e-05,1.097181e-05,4.335554e-05,1.936375e-05,4.452969e-05,2.695513e-05,2.389967e-05,8.698706e-06,1.553481e-05,1.109230e-05,7.878006e-06,1.414590e-05,1.352106e-06,1.245337e-06,1.324812e-06,3.441493e-06,8.168533e-07,1.112319e-06,6.945630e-07,6.360589e-06,2.193056e-06
17.944340,8.546842e-06,7.670033e-06,7.730785e-05,3.054449e-05,7.543037e-05,1.059400e-05,4.348563e-05,1.920742e-05,4.461575e-05,2.655305e-05,2.393282e-05,8.551618e-06,1.588797e-05,1.047941e-05,7.500094e-06,1.464965e-05,1.332865e-06,1.101549e-06,1.544567e-06,4.933420e-06,5.253135e-07,7.097927e-07,5.233469e-07,6.201196e-06,1.884901e-06
17.968750,8.400124e-06,7.424928e-06,7.626260e-05,3.043916e-05,7.334968e-05,1.039383e-05,4.215318e-05,1.957474e-05,4.237782e-05,2.536109e-05,2.380800e-05,8.273134e-06,1.628055e-05,1.061252e-05,7.375135e-06,1.434839e-05,1.234349e-06,1.117672e-06,1.742034e-06,5.511016e-06,3.454008e-07,7.578208e-07,4.055178e-07,5.818532e-06,1.492681e-06
17.993160,8.266375e-06,7.183123e-06,7.501166e-05,2.974128e-05,7.200738e-05,1.007556e-05,4.115645e-05,1.898554e-05,4.077149e-05,2.553386e-05,2.346086e-05,8.404173e-06,1.738968e-05,1.063379e-05,7.847204e-06,1.251576e-05,1.265324e-06,1.128195e-06,1.799918e-06,6.194451e-06,1.250840e-07,1.198232e-06,3.867146e-07,5.273987e-06,1.104914e-06
18.017580,8.156963e-06,6.950978e-06,7.354075e-05,2.928023e-05,7.187939e-05,9.820636e-06,4.066080e-05,1.861499e-05,4.140347e-05,2.576658e-05,2.321768e-05,8.329049e-06,1.751981e-05,1.093580e-05,7.727617e-06,1.094056e-05,1.356601e-06,9.674841e-07,1.698677e-06,7.378209e-06,3.506628e-07,1.553622e-06,4.970323e-07,4.887875e-06,7.762119e-07
18.041990,8.079456e-06,6.761781e-06,7.181100e-05,2.896396e-05,7.072785e-05,9.559074e-06,3.998690e-05,1.828889e-05,4.070084e-05,2.467525e-05,2.226278e-05,7.610430e-06,1.649637e-05,1.167042e-05,7.102833e-06,1.011961e-05,1.351066e-06,8.188402e-07,1.674228e-06,8.850828e-06,8.472678e-07,1.885588e-06,6.323462e-07,4.930943e-06,6.606012e-07
18.066410,8.090963e-06,6.542881e-06,7.025380e-05,2.824296e-05,6.987373e-05,9.346540e-06,3.927731e-05,1.793407e-05,3.987485e-05,2.404899e-05,2.227800e-05,7.506748e-06,1.645485e-05,1.163492e-05,6.944848e-06,9.150453e-06,1.381650e-06,8.922943e-07,1.683986e-06,9.614432e-06,1.319196e-06,2.116216e-06,7.353796e-07,5.149800e-06,8.092264e-07
18.090820,8.027577e-06,6.359923e-06,6.863090e-05,2.749257e-05,6.956004e-05,9.152720e-06,3.791073e-05,1.769465e-05,3.883190e-05,2.357029e-05,2.260467e-05,7.784993e-06,1.711570e-05,1.122963e-05,6.950882e-06,7.585652e-06,1.554531e-06,9.962046e-07,1.665819e-06,9.809090e-06,1.736292e-06,2.339304e-06,8.115525e-07,5.615005e-06,1.067827e-06
18.115230,7.903651e-06,6.289667e-06,6.631854e-05,2.671686e-05,6.918462e-05,8.817279e-06,3.667200e-05,1.673204e-05,3.784359e-05,2.343737e-05,2.157425e-05,7.595136e-06,1.685796e-05,1.172096e-05,6.670766e-06,6.746306e-06,1.646930e-06,9.857202e-07,1.501298e-06,1.001377e-05,2.069674e-06,2.616718e-06,8.245044e-07,5.761359e-06,1.192966e-06
18.139650,7.854474e-06,6.172262e-06,6.515348e-05,2.624817e-05,6.842844e-05,8.694947e-06,3.591103e-05,1.621488e-05,3.809804e-05,2.346202e-05,2.103633e-05,7.441842e-06,1.624880e-05,1.239231e-05,6.486487e-06,5.926509e-06,1.543484e-06,9.812886e-07,1.309340e-06,1.028436e-05,2.378450e-06,2.956133e-06,8.041627e-07,5.727587e-06,1.224837e-06
18.164060,7.765472e-06,6.067373e-06,6.409373e-05,2.545439e-05,6.677079e-05,8.661510e-06,3.432345e-05,1.639333e-05,3.683560e-05,2.252959e-05,2.083264e-05,7.356651e-06,1.579151e-05,1.217786e-05,6.262840e-06,4.715316e-06,1.397506e-06,1.052268e-06,1.207366e-06,1.051611e-05,2.559172e-06,3.202166e-06,7.891611e-07,5.544450e-06,1.192609e-06
18.188480,7.666477e-06,5.982940e-06,6.270736e-05,2.446795e-05,6.627216e-05,8.415961e-06,3.317901e-05,1.594553e-05,3.515355e-05,2.226520e-05,2.036577e-05,7.073646e-06,1.452820e-05,1.200998e-05,5.620293e-06,5.628936e-06,1.425649e-06,1.076725e-06,1.123921e-06,9.984395e-06,2.677494e-06,3.358019e-06,7.756829e-07,5.203876e-06,1.182259e-06
18.212890,7.556694e-06,5.905489e-06,6.165631e-05,2.393698e-05,6.527890e-05,8.271892e-06,3.290057e-05,1.525156e-05,3.531165e-05,2.262622e-05,2.027759e-05,7.198165e-06,1.368377e-05,1.175236e-05,5.321807e-06,7.689068e-06,1.420968e-06,1.030456e-06,9.247581e-07,8.925021e-06,2.585580e-06,3.435044e-06,8.363428e-07,4.714763e-06,1.230353e-06
18.237300,7.492531e-06,5.798245e-06,6.098417e-05,2.312617e-05,6.342563e-05,8.129029e-06,3.207933e-05,1.496076e-05,3.512797e-05,2.199548e-05,1.958289e-05,7.421648e-06,1.373772e-05,1.079348e-05,5.597289e-06,8.657504e-06,1.295760e-06,1.146604e-06,6.674499e-07,7.726637e-06,2.421569e-06,3.424788e-06,8.902800e-07,4.250489e-06,1.281077e-06
18.261720,7.399610e-06,5.677480e-06,6.066953e-05,2.228048e-05,6.223367e-05,8.045352e-06,3.135524e-05,1.470180e-05,3.385435e-05,2.114657e-05,1.887429e-05,7.028517e-06,1.258027e-05,1.052677e-05,5.523684e-06,9.080773e-06,1.240028e-06,1.326004e-06,4.780187e-07,6.838246e-06,2.214614e-06,3.330328e-06,9.503943e-07,3.807710e-06,1.277594e-06
18.286130,7.261556e-06,5.620972e-06,5.973567e-05,2.165710e-05,6.071664e-05,7.945045e-06,3.035620e-05,1.457722e-05,3.293836e-05,2.089368e-05,1.902427e-05,6.748824e-06,1.084774e-05,1.066725e-05,5.081640e-06,1.023877e-05,1.254192e-06,1.361135e-06,4.445334e-07,5.931046e-06,2.041466e-06,3.119434e-06,9.630939e-07,3.895081e-06,1.290646e-06
18.310550,7.225600e-06,5.517815e-06,5.958287e-05,2.122235e-05,5.932367e-05,7.721748e-06,2.986257e-05,1.422934e-05,3.207281e-05,2.058652e-05,1.861297e-05,6.783070e-06,1.038540e-05,9.912493e-06,5.009523e-06,1.156218e-05,1.148815e-06,1.246503e-06,2.964660e-07,4.462276e-06,1.974662e-06,2.801967e-06,9.601102e-07,4.164096e-06,1.284542e-06
18.334960,7.302496e-06,5.546688e-06,6.085212e-05,2.129522e-05,5.877567e-05,7.872141e-06,3.032727e-05,1.390254e-05,3.248697e-05,2.090215e-05,1.795013e-05,6.678240e-06,1.050146e-05,9.088970e-06,5.114300e-06,1.223689e-05,9.583285e-07,1.194861e-06,1.695293e-07,2.812367e-06,1.933659e-06,2.463880e-06,9.296316e-07,4.748693e-06,1.354219e-06
18.359380,7.367608e-06,5.606490e-06,6.125943e-05,2.109992e-05,5.859163e-05,7.979197e-06,2.994039e-05,1.432067e-05,3.302103e-05,2.091416e-05,1.809066e-05,6.778543e-06,1.035119e-05,9.072594e-06,5.200898e-06,1.342794e-05,8.667319e-07,1.223569e-06,3.376671e-07,1.738473e-06,1.908496e-06,2.184821e-06,8.588244e-07,5.043071e-06,1.328957e-06
18.383790,7.456641e-06,5.645899e-06,6.171236e-05,2.143473e-05,5.904380e-05,7.894180e-06,3.007439e-05,1.462332e-05,3.190592e-05,2.047028e-05,1.835285e-05,6.798656e-06,1.058664e-05,8.914036e-06,5.781614e-06,1.515112e-05,9.267179e-07,1.186471e-06,4.876404e-07,1.292845e-06,1.795984e-06,1.906921e-06,7.478211e-07,5.012105e-06,1.229957e-06
18.408200,7.554883e-06,5.682353e-06,6.181439e-05,2.186738e-05,5.818347e-05,7.896459e-06,3.059716e-05,1.448113e-05,3.174534e-05,2.114355e-05,1.839205e-05,6.503189e-06,1.022482e-05,8.541597e-06,6.034260e-06,1.564720e-05,9.214746e-07,1.111212e-06,5.727214e-07,1.115342e-06,1.710404e-06,1.751561e-06,5.942579e-07,4.707135e-06,1.023181e-06
18.432620,7.621784e-06,5.714318e-06,6.167910e-05,2.198682e-05,5.804963e-05,7.843708e-06,3.069072e-05,1.463460e-05,3.258777e-05,2.160142e-05,1.873621e-05,6.650630e-06,9.846856e-06,8.661565e-06,5.740216e-06,1.494588e-05,8.401503e-07,1.150564e-06,7.707191e-07,1.681377e-06,1.535814e-06,1.556624e-06,4.477586e-07,4.307439e-06,7.578094e-07
18.457030,7.649882e-06,5.794276e-06,6.094870e-05,2.236988e-05,5.866309e-05,7.817613e-06,3.099330e-05,1.467846e-05,3.256884e-05,2.128517e-05,1.839194e-05,7.010848e-06,1.102815e-05,8.253592e-06,5.725211e-06,1.514822e-05,8.808010e-07,1.221057e-06,1.015112e-06,2.974495e-06,1.295452e-06,1.364803e-06,3.188928e-07,3.711988e-06,5.240583e-07
18.481450,7.785947e-06,5.803979e-06,6.053161e-05,2.274810e-05,5.908662e-05,7.762019e-06,3.100555e-05,1.482515e-05,3.271388e-05,2.133770e-05,1.828778e-05,6.878303e-06,1.196382e-05,7.837630e-06,6.100371e-06,1.549870e-05,9.806229e-07,1.108238e-06,1.165809e-06,3.973897e-06,9.453955e-07,1.073802e-06,2.370046e-07,3.089260e-06,4.060478e-07
18.505860,7.868582e-06,5.800115e-06,6.055379e-05,2.309867e-05,5.945307e-05,7.660688e-06,3.149898e-05,1.484981e-05,3.245002e-05,2.128044e-05,1.901885e-05,6.640631e-06,1.174831e-05,8.771106e-06,6.088575e-06,1.508124e-05,1.006296e-06,9.173402e-07,1.213002e-06,4.386185e-06,6.438116e-07,7.801834e-07,1.877808e-07,2.208165e-06,2.826997e-07
18.530270,7.905455e-06,5.857218e-06,5.974782e-05,2.311105e-05,6.001850e-05,7.806965e-06,3.208721e-05,1.435633e-05,3.246600e-05,2.163843e-05,1.887529e-05,6.725570e-06,1.187887e-05,9.398627e-06,5.941577e-06,1.409725e-05,1.134321e-06,9.450449e-07,1.255438e-06,4.944472e-06,5.549347e-07,5.184518e-07,1.603393e-07,1.522826e-06,1.613802e-07
18.554690,7.972175e-06,5.884305e-06,5.931618e-05,2.318221e-05,6.178302e-05,7.830669e-06,3.185654e-05,1.454121e-05,3.343159e-05,2.211039e-05,1.861955e-05,6.823860e-06,1.215312e-05,9.315139e-06,5.929679e-06,1.361501e-05,1.396243e-06,1.112021e-06,1.336711e-06,6.251236e-06,7.999767e-07,6.397235e-07,1.520493e-07,1.415280e-06,8.688043e-08
18.579100,8.035868e-06,5.916577e-06,5.926535e-05,2.359053e-05,6.257694e-05,7.763409e-06,3.254653e-05,1.505529e-05,3.286838e-05,2.166536e-05,1.871812e-05,6.982709e-06,1.233352e-05,9.700437e-06,5.568841e-06,1.267320e-05,1.508633e-06,1.169212e-06,1.402630e-06,7.364747e-06,1.063349e-06,1.102050e-06,2.077781e-07,1.919820e-06,2.616218e-07
18.603520,8.059960e-06,5.938911e-06,5.926387e-05,2.360459e-05,6.298637e-05,7.862022e-06,3.321027e-05,1.483335e-05,3.233157e-05,2.197250e-05,1.864651e-05,7.286285e-06,1.308684e-05,1.022798e-05,5.252133e-06,1.073551e-05,1.489463e-06,1.195420e-06,1.388821e-06,7.959856e-06,1.423186e-06,1.713464e-06,3.407618e-07,2.559982e-06,4.544240e-07
18.627930,8.051612e-06,5.984377e-06,5.913912e-05,2.383909e-05,6.429866e-05,7.947143e-06,3.318462e-05,1.469623e-05,3.354988e-05,2.280053e-05,1.891968e-05,7.154593e-06,1.346756e-05,1.077137e-05,5.523499e-06,9.015002e-06,1.540080e-06,1.313087e-06,1.328722e-06,8.112214e-06,1.729674e-06,2.226996e-06,4.813910e-07,3.091355e-06,6.139106e-07
18.652340,8.119051e-06,5.979157e-06,5.914509e-05,2.427701e-05,6.478938e-05,8.114647e-06,3.319227e-05,1.477609e-05,3.400272e-05,2.253880e-05,1.892752e-05,7.082990e-06,1.285666e-05,1.170363e-05,5.430636e-06,8.830310e-06,1.690317e-06,1.426905e-06,1.273230e-06,8.736256e-06,1.999564e-06,2.694527e-06,6.766813e-07,3.505614e-06,8.435663e-07
18.676760,8.164601e-06,5.943368e-06,5.964646e-05,2.461390e-05,6.517449e-05,8.203983e-06,3.288693e-05,1.491938e-05,3.390861e-05,2.235216e-05,1.838765e-05,7.705302e-06,1.248499e-05,1.232285e-05,4.841998e-06,8.210595e-06,1.738693e-06,1.416691e-06,1.286518e-06,9.456313e-06,2.179801e-06,2.962738e-06,8.535959e-07,3.956566e-06,1.151751e-06
18.701170,8.180195e-06,5.958144e-06,5.943823e-05,2.493773e-05,6.583454e-05,8.299919e-06,3.311905e-05,1.520705e-05,3.382427e-05,2.250229e-05,1.891857e-05,7.936772e-06,1.308536e-05,1.199695e-05,4.631429e-06,6.463667e-06,1.676139e-06,1.569855e-06,1.194386e-06,9.581284e-06,2.332141e-06,3.186120e-06,1.021341e-06,4.397748e-06,1.482166e-06
18.725590,8.303509e-06,5.920241e-06,5.944519e-05,2.521820e-05,6.708046e-05,8.596995e-06,3.318483e-05,1.481351e-05,3.367281e-05,2.272646e-05,1.923545e-05,7.838725e-06,1.321843e-05,1.175014e-05,4.687545e-06,6.593229e-06,1.693614e-06,1.860171e-06,1.013399e-06,8.895740e-06,2.505691e-06,3.300594e-06,1.128183e-06,4.702664e-06,1.774938e-06
18.750000,8.417756e-06,5.879529e-06,5.999372e-05,2.595986e-05,6.819480e-05,8.686773e-06,3.255050e-05,1.463542e-05,3.470779e-05,2.332830e-05,1.855043e-05,8.066645e-06,1.243988e-05,1.233307e-05,4.775799e-06,7.081864e-06,1.723642e-06,1.985686e-06,8.207927e-07,8.129321e-06,2.699192e-06,3.266943e-06,1.183200e-06,5.061556e-06,2.002426e-06
18.774410,8.549491e-06,5.857531e-06,6.011578e-05,2.651988e-05,6.820348e-05,8.751784e-06,3.284480e-05,1.514294e-05,3.478436e-05,2.300061e-05,1.833262e-05,8.157425e-06,1.198543e-05,1.249546e-05,5.007929e-06,7.600967e-06,1.598952e-06,1.875876e-06,7.671501e-07,7.575030e-06,2.819900e-06,3.136137e-06,1.175272e-06,5.379784e-06,2.094697e-06
18.798830,8.708844e-06,5.838477e-06,6.043255e-05,2.673600e-05,6.943606e-05,8.931237e-06,3.310724e-05,1.513478e-05,3.352459e-05,2.269709e-05,1.834603e-05,8.148223e-06,1.146159e-05,1.199723e-05,5.204690e-06,9.884919e-06,1.350370e-06,1.788275e-06,7.179156e-07,6.765682e-06,2.813748e-06,2.926794e-06,1.115116e-06,5.954599e-06,2.159232e-06
18.823240,8.922515e-06,5.816550e-06,6.083279e-05,2.730836e-05,7.113581e-05,9.007060e-06,3.304859e-05,1.496835e-05,3.380670e-05,2.359901e-05,1.843023e-05,8.396036e-06,1.096584e-05,1.186527e-05,5.030391e-06,1.217748e-05,1.212279e-06,1.790690e-06,5.805246e-07,5.710254e-06,2.678185e-06,2.754162e-06,1.039982e-06,6.474705e-06,2.120711e-06
18.847660,9.089286e-06,5.787951e-06,6.156280e-05,2.765943e-05,7.196192e-05,9.084996e-06,3.325257e-05,1.503194e-05,3.440819e-05,2.385095e-05,1.883748e-05,8.208235e-06,1.161540e-05,1.146775e-05,5.174450e-06,1.293426e-05,1.167345e-06,1.715902e-06,4.585188e-07,4.134308e-06,2.433626e-06,2.631283e-06,9.070089e-07,6.711187e-06,2.056317e-06
18.872070,9.121250e-06,5.848868e-06,6.143706e-05,2.765828e-05,7.321529e-05,9.090380e-06,3.331806e-05,1.501664e-05,3.423207e-05,2.343850e-05,1.842794e-05,7.752587e-06,1.156521e-05,1.093039e-05,6.012538e-06,1.304331e-05,1.026691e-06,1.542579e-06,5.112848e-07,2.715030e-06,2.147532e-06,2.531668e-06,7.906706e-07,6.623316e-06,1.864919e-06
18.896480,9.226320e-06,5.883664e-06,6.133958e-05,2.744501e-05,7.465751e-05,9.129507e-06,3.386585e-05,1.522121e-05,3.419585e-05,2.330502e-05,1.804026e-05,7.896880e-06,1.045055e-05,1.138274e-05,6.476392e-06,1.463546e-05,8.355677e-07,1.460878e-06,5.303493e-07,1.964492e-06,1.834626e-06,2.358101e-06,6.715715e-07,6.036201e-06,1.530131e-06
18.920900,9.272156e-06,5.909048e-06,6.220984e-05,2.734561e-05,7.657948e-05,9.280487e-06,3.441186e-05,1.497944e-05,3.358115e-05,2.306936e-05,1.851498e-05,8.047410e-06,1.032561e-05,1.136646e-05,6.455354e-06,1.589838e-05,7.878634e-07,1.460639e-06,5.445009e-07,1.450708e-06,1.512889e-06,2.119500e-06,6.130244e-07,5.293290e-06,1.091349e-06
18.945310,9.296044e-06,5.957054e-06,6.225061e-05,2.743380e-05,7.718787e-05,9.177047e-06,3.461098e-05,1.458462e-05,3.379743e-05,2.347362e-05,1.847091e-05,7.815168e-06,1.095962e-05,1.031976e-05,6.794265e-06,1.617940e-05,7.222841e-07,1.302650e-06,6.801934e-07,1.084441e-06,1.150607e-06,1.781051e-06,5.767444e-07,4.391053e-06,6.311911e-07
18.969730,9.335346e-06,5.972365e-06,6.222595e-05,2.701231e-05,7.757549e-05,9.053565e-06,3.581231e-05,1.506671e-05,3.426101e-05,2.353943e-05,1.798802e-05,7.737442e-06,1.107157e-05,1.010071e-05,7.051565e-06,1.661450e-05,5.644449e-07,9.490347e-07,9.462765e-07,2.184994e-06,8.981938e-07,1.440075e-06,5.545027e-07,3.606676e-06,3.990403e-07
18.994140,9.372744e-06,5.974798e-06,6.229063e-05,2.696334e-05,7.868211e-05,9.118911e-06,3.653441e-05,1.544164e-05,3.316350e-05,2.288799e-05,1.789888e-05,7.466909e-06,1.123895e-05,1.060924e-05,7.022331e-06,1.732033e-05,6.611651e-07,7.801251e-07,1.122401e-06,3.473314e-06,8.602180e-07,1.056425e-06,5.101857e-07,2.823849e-06,5.748781e-07
19.018550,9.416248e-06,5.947047e-06,6.255172e-05,2.712003e-05,7.822559e-05,9.129170e-06,3.658001e-05,1.524696e-05,3.271378e-05,2.317379e-05,1.763984e-05,7.198910e-06,1.129047e-05,1.066282e-05,7.369514e-06,1.651240e-05,9.159497e-07,8.791483e-07,1.170771e-06,4.172463e-06,8.543236e-07,7.174506e-07,4.235888e-07,2.169214e-06,8.065625e-07
19.042970,9.416943e-06,5.952928e-06,6.280864e-05,2.697837e-05,7.770664e-05,9.197745e-06,3.690592e-05,1.530584e-05,3.371230e-05,2.368260e-05,1.763390e-05,7.608373e-06,1.080657e-05,1.095524e-05,7.555143e-06,1.499130e-05,1.022647e-06,8.584158e-07,1.187779e-06,4.552816e-06,7.151859e-07,4.255628e-07,3.118021e-07,1.802622e-06,9.018497e-07
19.067380,9.538099e-06,5.921018e-06,6.291386e-05,2.703902e-05,7.772671e-05,9.195655e-06,3.714404e-05,1.542904e-05,3.385380e-05,2.310741e-05,1.766698e-05,7.711303e-06,1.105979e-05,1.116649e-05,7.004412e-06,1.487335e-05,1.094050e-06,9.000932e-07,1.311618e-06,5.472120e-06,4.427215e-07,5.280922e-07,2.022692e-07,1.803816e-06,9.070862e-07
19.091800,9.644854e-06,5.855909e-06,6.378256e-05,2.726330e-05,7.755823e-05,9.308789e-06,3.780122e-05,1.571054e-05,3.377658e-05,2.269359e-05,1.710632e-05,7.302430e-06,1.179219e-05,1.071990e-05,6.538895e-06,1.474639e-05,1.311553e-06,1.101602e-06,1.369141e-06,6.857397e-06,1.077153e-07,7.991470e-07,1.288584e-07,1.955562e-06,8.012353e-07
19.116210,9.706916e-06,5.856211e-06,6.398000e-05,2.769830e-05,7.710969e-05,9.472998e-06,3.787946e-05,1.598874e-05,3.357185e-05,2.251776e-05,1.705797e-05,7.462094e-06,1.146453e-05,1.108200e-05,6.608312e-06,1.353086e-05,1.500630e-06,1.191391e-06,1.319666e-06,7.754591e-06,4.051824e-07,1.043775e-06,2.185170e-07,1.886654e-06,5.999262e-07
19.140620,9.868549e-06,5.825924e-06,6.382234e-05,2.773693e-05,7.602282e-05,9.380218e-06,3.755062e-05,1.557615e-05,3.330684e-05,2.247641e-05,1.754806e-05,7.807516e-06,1.092887e-05,1.226859e-05,6.472839e-06,1.173079e-05,1.606908e-06,1.186319e-06,1.221361e-06,8.231397e-06,8.607017e-07,1.370730e-06,3.595360e-07,1.366617e-06,2.723273e-07
19.165040,9.976947e-06,5.807963e-06,6.397872e-05,2.746002e-05,7.668673e-05,9.407822e-06,3.809499e-05,1.569755e-05,3.443101e-05,2.293872e-05,1.716164e-05,7.926234e-06,1.114805e-05,1.246905e-05,6.037909e-06,1.073184e-05,1.738188e-06,1.399748e-06,1.236087e-06,8.665001e-06,1.437365e-06,1.786139e-06,4.965338e-07,7.511220e-07,2.814971e-07
19.189450,1.004472e-05,5.813199e-06,6.365600e-05,2.762430e-05,7.760212e-05,9.543383e-06,3.800906e-05,1.612659e-05,3.427047e-05,2.234448e-05,1.671127e-05,8.231411e-06,1.116706e-05,1.226165e-05,5.771785e-06,9.729762e-06,1.954899e-06,1.735353e-06,1.238090e-06,9.378700e-06,1.972793e-06,2.280722e-06,6.031766e-07,7.198514e-07,7.989828e-07
19.213870,1.005983e-05,5.856253e-06,6.305049e-05,2.742204e-05,7.738869e-05,9.491298e-06,3.752069e-05,1.596175e-05,3.328503e-05,2.194951e-05,1.666088e-05,8.386984e-06,1.125911e-05,1.268645e-05,5.240309e-06,8.564480e-06,2.025563e-06,1.897095e-06,1.111485e-06,1.025574e-05,2.503973e-06,2.842824e-06,6.738402e-07,1.584512e-06,1.285095e-06
19.238280,1.015688e-05,5.879766e-06,6.210087e-05,2.707591e-05,7.822235e-05,9.465786e-06,3.773050e-05,1.581022e-05,3.375970e-05,2.260686e-05,1.643399e-05,8.336808e-06,1.146931e-05,1.272002e-05,4.655107e-06,8.585114e-06,1.937597e-06,1.901924e-06,8.763275e-07,1.014418e-05,2.846086e-06,3.286594e-06,7.262606e-07,2.615755e-06,1.742788e-06
19.262700,1.026029e-05,5.848226e-06,6.174465e-05,2.690277e-05,7.891335e-05,9.379173e-06,3.774704e-05,1.572389e-05,3.423126e-05,2.266331e-05,1.682235e-05,8.749934e-06,1.085480e-05,1.266358e-05,4.945492e-06,9.754373e-06,1.843824e-06,1.970344e-06,7.980515e-07,9.464214e-06,3.058304e-06,3.818352e-06,7.962919e-07,3.585211e-06,2.035668e-06
19.287110,1.029809e-05,5.874216e-06,6.114993e-05,2.686828e-05,7.931992e-05,9.372253e-06,3.815804e-05,1.577543e-05,3.446159e-05,2.240054e-05,1.691386e-05,9.110846e-06,9.962651e-06,1.312423e-05,5.263905e-06,9.461316e-06,1.867009e-06,2.091787e-06,8.040732e-07,8.638470e-06,3.056336e-06,4.193462e-06,8.444631e-07,4.502754e-06,2.218805e-06
19.311520,1.043837e-05,5.867303e-06,6.009833e-05,2.693111e-05,7.896128e-05,9.392062e-06,3.831392e-05,1.593966e-05,3.446200e-05,2.216596e-05,1.645030e-05,8.744319e-06,1.030587e-05,1.281450e-05,4.916536e-06,8.913543e-06,1.850543e-06,2.098707e-06,7.835131e-07,8.159813e-06,2.964077e-06,4.481058e-06,9.212879e-07,5.287188e-06,2.316009e-06
19.335940,1.054099e-05,5.854742e-06,6.012043e-05,2.674048e-05,7.847436e-05,9.123896e-06,3.838018e-05,1.545688e-05,3.397158e-05,2.195702e-05,1.675784e-05,8.482383e-06,1.066492e-05,1.176880e-05,4.882658e-06,1.076316e-05,1.708525e-06,2.046165e-06,6.993621e-07,7.482601e-06,2.819800e-06,4.532034e-06,9.549495e-07,5.801783e-06,2.339608e-06
19.360350,1.065582e-05,5.870423e-06,6.018719e-05,2.709868e-05,7.890404e-05,9.085174e-06,3.954554e-05,1.518781e-05,3.459588e-05,2.238230e-05,1.699064e-05,8.684376e-06,1.021949e-05,1.189220e-05,5.257988e-06,1.239663e-05,1.587836e-06,2.095058e-06,7.661929e-07,6.065040e-06,2.582530e-06,4.326144e-06,9.954351e-07,5.805904e-06,2.259738e-06
19.384770,1.080060e-05,5.877835e-06,6.038028e-05,2.753493e-05,7.773859e-05,9.206660e-06,3.978666e-05,1.589038e-05,3.508870e-05,2.234691e-05,1.671006e-05,8.608962e-06,9.895838e-06,1.243615e-05,5.581348e-06,1.308427e-05,1.512828e-06,2.145947e-06,8.738314e-07,4.554432e-06,2.278215e-06,3.906318e-06,9.981045e-07,5.464901e-06,2.109145e-06
19.409180,1.087894e-05,5.839448e-06,6.009879e-05,2.731794e-05,7.654499e-05,9.144144e-06,3.914515e-05,1.598398e-05,3.342205e-05,2.141553e-05,1.648536e-05,8.577227e-06,9.636714e-06,1.194885e-05,5.988671e-06,1.418451e-05,1.283890e-06,1.992011e-06,8.620084e-07,4.024547e-06,1.931195e-06,3.266493e-06,9.511116e-07,4.649129e-06,1.794015e-06
19.433590,1.082395e-05,5.774230e-06,5.981300e-05,2.739510e-05,7.613990e-05,9.131294e-06,3.899665e-05,1.569927e-05,3.276767e-05,2.155214e-05,1.609738e-05,8.533231e-06,9.278266e-06,1.137549e-05,6.417502e-06,1.519540e-05,9.610028e-07,1.661333e-06,8.131961e-07,4.051029e-06,1.723446e-06,2.615194e-06,8.604573e-07,3.860982e-06,1.467428e-06
19.458010,1.062702e-05,5.805250e-06,5.910879e-05,2.745354e-05,7.505207e-05,9.079922e-06,3.867470e-05,1.564523e-05,3.317036e-05,2.167102e-05,1.576456e-05,7.911797e-06,9.587307e-06,1.117378e-05,6.325109e-06,1.463514e-05,7.637784e-07,1.396099e-06,9.363232e-07,3.782031e-06,1.543075e-06,1.965073e-06,6.944287e-07,3.060653e-06,1.193459e-06
19.482420,1.047603e-05,5.788963e-06,5.786633e-05,2.738208e-05,7.410807e-05,9.128472e-06,3.851511e-05,1.556547e-05,3.273812e-05,2.085452e-05,1.582563e-05,7.713747e-06,9.877947e-06,1.075331e-05,6.324798e-06,1.402509e-05,7.587408e-07,1.244094e-06,1.120772e-06,3.632603e-06,1.437710e-06,1.418759e-06,5.111712e-07,2.545832e-06,1.115847e-06
19.506840,1.020587e-05,5.763122e-06,5.731304e-05,2.668421e-05,7.363292e-05,9.114306e-06,3.774101e-05,1.589481e-05,3.233334e-05,2.020530e-05,1.517366e-05,7.974385e-06,9.180867e-06,1.096976e-05,6.913929e-06,1.460168e-05,7.178708e-07,1.039254e-06,1.220854e-06,4.596745e-06,1.248925e-06,1.048130e-06,2.927096e-07,2.189782e-06,1.106299e-06
19.531250,9.896481e-06,5.745148e-06,5.614053e-05,2.617048e-05,7.491062e-05,8.916044e-06,3.687711e-05,1.575268e-05,3.124318e-05,1.945483e-05,1.459205e-05,7.765916e-06,8.714993e-06,1.168326e-05,7.185925e-06,1.482683e-05,6.206754e-07,8.265668e-07,1.233224e-06,5.476826e-06,1.018347e-06,1.054579e-06,1.017737e-07,1.955952e-06,1.102300e-06
19.555660,9.606677e-06,5.682540e-06,5.478761e-05,2.590190e-05,7.478960e-05,8.989705e-06,3.692549e-05,1.525218e-05,3.079386e-05,1.922203e-05,1.485814e-05,7.444685e-06,9.173523e-06,1.124805e-05,6.911137e-06,1.384004e-05,7.618798e-07,7.196843e-07,1.335168e-06,5.688509e-06,7.273062e-07,1.081401e-06,1.197855e-07,1.983295e-06,1.012607e-06
19.580080,9.344807e-06,5.589245e-06,5.365137e-05,2.514019e-05,7.417271e-05,8.963470e-06,3.586351e-05,1.550136e-05,3.138749e-05,1.920382e-05,1.451092e-05,7.440048e-06,9.144698e-06,1.045626e-05,6.655086e-06,1.268725e-05,8.948638e-07,6.572135e-07,1.457143e-06,5.740107e-06,4.380181e-07,1.048360e-06,2.681303e-07,1.896361e-06,8.789540e-07
19.604490,9.107392e-06,5.444816e-06,5.275796e-05,2.464233e-05,7.438473e-05,8.810436e-06,3.510461e-05,1.563826e-05,3.055902e-05,1.826485e-05,1.398644e-05,7.322235e-06,8.699568e-06,1.080928e-05,6.510809e-06,1.204467e-05,9.663932e-07,5.167444e-07,1.470194e-06,6.380037e-06,2.681952e-07,8.378219e-07,3.818084e-07,1.670185e-06,7.140732e-07
19.628910,8.832796e-06,5.320315e-06,5.206212e-05,2.430411e-05,7.351376e-05,8.672023e-06,3.495071e-05,1.525318e-05,2.946657e-05,1.767307e-05,1.365179e-05,7.411214e-06,8.607061e-06,1.105827e-05,6.129725e-06,1.087817e-05,1.167475e-06,5.169839e-07,1.366778e-06,7.199828e-06,2.970404e-07,4.838993e-07,4.425140e-07,1.161333e-06,5.850622e-07
19.653320,8.662507e-06,5.177063e-06,5.109191e-05,2.385761e-05,7.229188e-05,8.554168e-06,3.481621e-05,1.508949e-05,2.976248e-05,1.790713e-05,1.312063e-05,7.643269e-06,8.204898e-06,1.085111e-05,5.982816e-06,9.489384e-06,1.420013e-06,7.659481e-07,1.339633e-06,7.525901e-06,5.399039e-07,4.692197e-07,4.559090e-07,6.821520e-07,5.341797e-07
19.677730,8.515077e-06,4.998580e-06,5.068113e-05,2.342450e-05,7.098123e-05,8.527357e-06,3.474255e-05,1.482306e-05,2.958057e-05,1.751209e-05,1.308684e-05,7.416356e-06,8.097140e-06,1.105961e-05,6.051252e-06,8.939728e-06,1.493477e-06,9.312050e-07,1.349097e-06,7.449772e-06,8.355928e-07,9.388012e-07,4.285789e-07,1.128645e-06,6.947509e-07
19.702150,8.368956e-06,4.863837e-06,5.021574e-05,2.304123e-05,6.993037e-05,8.275816e-06,3.415218e-05,1.498865e-05,2.958422e-05,1.717694e-05,1.313348e-05,7.211468e-06,8.667445e-06,1.082627e-05,5.473720e-06,8.722720e-06,1.451340e-06,9.561174e-07,1.302078e-06,7.647609e-06,1.070948e-06,1.521722e-06,4.183128e-07,1.964982e-06,9.726714e-07
19.726560,8.319409e-06,4.703375e-06,4.916661e-05,2.306874e-05,6.890589e-05,8.023620e-06,3.432677e-05,1.488232e-05,2.895327e-05,1.669942e-05,1.247909e-05,7.618680e-06,8.669003e-06,1.039089e-05,4.635147e-06,7.254078e-06,1.515204e-06,1.038729e-06,1.091981e-06,8.207036e-06,1.207350e-06,2.008525e-06,4.402723e-07,2.729472e-06,1.238154e-06
19.750980,8.241616e-06,4.557762e-06,4.829126e-05,2.295321e-05,6.675882e-05,8.041620e-06,3.475199e-05,1.415305e-05,2.828091e-05,1.637933e-05,1.239219e-05,7.677633e-06,8.051012e-06,1.083039e-05,4.561573e-06,6.122700e-06,1.617586e-06,1.166115e-06,8.945495e-07,8.569361e-06,1.324714e-06,2.455425e-06,5.585315e-07,3.203055e-06,1.415253e-06
19.775390,8.184529e-06,4.442212e-06,4.711844e-05,2.272727e-05,6.557765e-05,7.976909e-06,3.409323e-05,1.420669e-05,2.899171e-05,1.662454e-05,1.248587e-05,7.339763e-06,7.918606e-06,1.109079e-05,4.557835e-06,6.614138e-06,1.628023e-06,1.192719e-06,7.362576e-07,8.151094e-06,1.474872e-06,2.815169e-06,6.988443e-07,3.635485e-06,1.491168e-06
19.799800,8.055118e-06,4.360121e-06,4.612174e-05,2.287544e-05,6.492769e-05,7.903202e-06,3.389870e-05,1.458758e-05,2.860536e-05,1.607927e-05,1.210579e-05,7.187348e-06,8.056157e-06,1.038344e-05,4.394346e-06,7.071038e-06,1.572844e-06,1.183655e-06,6.282759e-07,7.224963e-06,1.622644e-06,3.027664e-06,8.475195e-07,3.773484e-06,1.449635e-06
19.824220,7.968783e-06,4.292841e-06,4.491955e-05,2.280528e-05,6.352111e-05,7.899625e-06,3.401554e-05,1.460772e-05,2.738813e-05,1.548400e-05,1.194829e-05,6.855689e-06,7.988996e-06,9.932566e-06,4.422939e-06,7.421070e-06,1.546686e-06,1.274498e-06,4.832855e-07,6.662971e-06,1.752197e-06,3.049737e-06,9.482452e-07,3.844812e-06,1.367094e-06
19.848630,7.862706e-06,4.200158e-06,4.412296e-05,2.261864e-05,6.287639e-05,7.851660e-06,3.384639e-05,1.449019e-05,2.714254e-05,1.565291e-05,1.153546e-05,6.587840e-06,8.024624e-06,9.982048e-06,4.339244e-06,8.350414e-06,1.481964e-06,1.355827e-06,4.080966e-07,6.098498e-06,1.778488e-06,2.886603e-06,1.006829e-06,3.624930e-06,1.285605e-06
19.873050,7.693735e-06,4.158846e-06,4.356642e-05,2.244392e-05,6.268835e-05,7.829385e-06,3.378924e-05,1.435092e-05,2.728627e-05,1.564036e-05,1.128995e-05,6.707331e-06,7.882527e-06,9.769116e-06,4.198303e-06,9.129724e-06,1.305132e-06,1.289010e-06,5.105052e-07,5.143212e-06,1.766367e-06,2.709715e-06,1.025673e-06,3.294222e-06,1.177359e-06
19.897460,7.598531e-06,4.103005e-06,4.264749e-05,2.246152e-05,6.289079e-05,7.698304e-06,3.320747e-05,1.454177e-05,2.735947e-05,1.527032e-05,1.142277e-05,6.426566e-06,7.196101e-06,9.695338e-06,4.543456e-06,8.854124e-06,1.064151e-06,1.162956e-06,6.208949e-07,3.506259e-06,1.642305e-06,2.467696e-06,9.807463e-07,2.891954e-06,1.099769e-06
19.921880,7.482458e-06,4.029995e-06,4.231320e-05,2.254511e-05,6.223454e-05,7.544584e-06,3.274088e-05,1.476009e-05,2.686479e-05,1.472153e-05,1.097144e-05,5.864880e-06,7.002660e-06,9.785897e-06,4.953868e-06,9.094930e-06,9.639272e-07,1.067122e-06,6.195696e-07,2.275054e-06,1.519575e-06,2.278677e-06,8.947067e-07,2.690763e-06,1.064314e-06
19.946290,7.367625e-06,3.974254e-06,4.216707e-05,2.222028e-05,6.147524e-05,7.550764e-06,3.258991e-05,1.432727e-05,2.584127e-05,1.421354e-05,1.051620e-05,5.779096e-06,7.310914e-06,9.036125e-06,4.830340e-06,1.026611e-05,9.144121e-07,1.013186e-06,6.767094e-07,1.988677e-06,1.306474e-06,2.045363e-06,7.421588e-07,2.738941e-06,1.121318e-06
19.970700,7.354999e-06,3.950442e-06,4.242521e-05,2.229892e-05,6.248581e-05,7.464041e-06,3.194670e-05,1.430263e-05,2.616935e-05,1.445230e-05,1.059160e-05,5.775144e-06,7.040744e-06,8.500332e-06,4.770015e-06,1.114089e-05,7.871202e-07,9.332265e-07,8.076638e-07,1.934170e-06,1.041448e-06,1.869478e-06,5.926961e-07,2.928615e-06,1.253096e-06
19.995120,7.449646e-06,3.972405e-06,4.331327e-05,2.263115e-05,6.341530e-05,7.402132e-06,3.213807e-05,1.496967e-05,2.698263e-05,1.474226e-05,1.074196e-05,5.645586e-06,6.674294e-06,9.147227e-06,5.145872e-06,1.100762e-05,6.296874e-07,8.212449e-07,9.354598e-07,2.327589e-06,7.429449e-07,1.639236e-06,4.479866e-07,3.056904e-06,1.382257e-06
20.019530,7.572795e-06,3.971200e-06,4.420318e-05,2.263268e-05,6.438846e-05,7.412574e-06,3.277382e-05,1.511190e-05,2.643999e-05,1.432263e-05,1.073751e-05,5.756746e-06,6.644078e-06,9.360441e-06,5.385390e-06,1.093104e-05,5.845069e-07,7.428428e-07,9.748152e-07,3.584549e-06,4.688638e-07,1.413970e-06,3.446352e-07,3.076755e-06,1.430138e-06
20.043950,7.644965e-06,4.004728e-06,4.527455e-05,2.275352e-05,6.596993e-05,7.405329e-06,3.309037e-05,1.507991e-05,2.644231e-05,1.445651e-05,1.068499e-05,5.640798e-06,6.514225e-06,9.010542e-06,5.549771e-06,1.127833e-05,5.266003e-07,6.969743e-07,1.016041e-06,4.834493e-06,4.787394e-07,1.172746e-06,2.947837e-07,2.868754e-06,1.350963e-06
20.068360,7.782416e-06,4.040485e-06,4.575036e-05,2.280135e-05,6.717402e-05,7.422080e-06,3.353215e-05,1.522882e-05,2.725126e-05,1.491299e-05,1.043955e-05,5.560845e-06,6.512305e-06,8.959506e-06,5.856379e-06,1.096624e-05,5.163322e-07,5.342114e-07,1.096220e-06,5.869582e-06,5.804917e-07,8.398601e-07,3.003938e-07,2.650378e-06,1.183218e-06
20.092770,7.870683e-06,4.068368e-06,4.628932e-05,2.286995e-05,6.825019e-05,7.311402e-06,3.375994e-05,1.539417e-05,2.757624e-05,1.486834e-05,1.053943e-05,6.052690e-06,6.764340e-06,8.787002e-06,5.707935e-06,1.057181e-05,7.307462e-07,3.650174e-07,1.208247e-06,6.278736e-06,6.628444e-07,4.576794e-07,3.149860e-07,2.232045e-06,9.404525e-07
20.117190,7.921238e-06,4.145872e-06,4.681591e-05,2.266729e-05,6.863416e-05,7.284169e-06,3.445988e-05,1.589033e-05,2.799021e-05,1.493638e-05,1.084654e-05,6.178972e-06,6.339006e-06,8.427650e-06,5.258288e-06,1.080946e-05,9.506456e-07,3.839036e-07,1.196685e-06,6.823652e-06,6.956154e-07,5.730646e-08,3.025386e-07,1.657667e-06,6.753863e-07
20.141600,8.027663e-06,4.203742e-06,4.684373e-05,2.238800e-05,6.988936e-05,7.454663e-06,3.524597e-05,1.586776e-05,2.791680e-05,1.491211e-05,1.063936e-05,6.027323e-06,5.764741e-06,8.771151e-06,5.403989e-06,1.087707e-05,1.047629e-06,4.597966e-07,1.141538e-06,7.596213e-06,6.942093e-07,4.655744e-07,2.913518e-07,7.772711e-07,4.822880e-07
20.166020,8.117611e-06,4.259005e-06,4.702541e-05,2.253503e-05,7.080710e-05,7.448283e-06,3.494147e-05,1.555803e-05,2.805783e-05,1.503099e-05,1.064741e-05,6.320048e-06,6.143367e-06,8.734171e-06,5.671591e-06,9.661812e-06,1.096507e-06,4.884852e-07,1.123663e-06,8.072708e-06,6.663314e-07,7.948101e-07,2.400121e-07,3.446641e-07,5.116533e-07
20.190430,8.199278e-06,4.309063e-06,4.700392e-05,2.241693e-05,7.034127e-05,7.457286e-06,3.519155e-05,1.608283e-05,2.915687e-05,1.551333e-05,1.102627e-05,6.642792e-06,6.499491e-06,7.921484e-06,5.417103e-06,8.516057e-06,1.272009e-06,5.814541e-07,1.184364e-06,7.994740e-06,6.677319e-07,1.054037e-06,2.644226e-07,1.509963e-06,8.108723e-07
20.214840,8.217608e-06,4.392617e-06,4.692035e-05,2.236274e-05,7.062946e-05,7.568498e-06,3.591122e-05,1.665215e-05,2.913726e-05,1.536395e-05,1.105360e-05,6.912469e-06,6.502798e-06,7.921552e-06,5.056419e-06,8.484624e-06,1.441093e-06,7.071951e-07,1.149935e-06,7.681815e-06,8.161259e-07,1.310771e-06,3.645917e-07,2.562818e-06,1.170925e-06
20.239260,8.299282e-06,4.473181e-06,4.641401e-05,2.258326e-05,7.062737e-05,7.627103e-06,3.606194e-05,1.687403e-05,2.842932e-05,1.517127e-05,1.109355e-05,7.199945e-06,6.743351e-06,8.403959e-06,4.827169e-06,8.333638e-06,1.536848e-06,7.792433e-07,1.001917e-06,7.710116e-06,1.132564e-06,1.561034e-06,5.297123e-07,3.517610e-06,1.515241e-06
20.263670,8.362637e-06,4.510644e-06,4.613049e-05,2.287179e-05,7.023376e-05,7.724786e-06,3.630470e-05,1.715337e-05,2.889045e-05,1.575007e-05,1.107516e-05,7.177217e-06,6.671109e-06,8.310454e-06,4.404022e-06,7.674641e-06,1.607234e-06,8.338681e-07,8.568574e-07,8.084782e-06,1.506923e-06,1.830272e-06,6.786193e-07,4.133249e-06,1.701955e-06
20.288090,8.373403e-06,4.588718e-06,4.633611e-05,2.308512e-05,6.944213e-05,7.707512e-06,3.606258e-05,1.729220e-05,2.943369e-05,1.603413e-05,1.092762e-05,7.001144e-06,6.700562e-06,8.434428e-06,4.353357e-06,7.491582e-06,1.721461e-06,9.481836e-07,7.978867e-07,7.991579e-06,1.857018e-06,2.070567e-06,7.964062e-07,4.589498e-06,1.789370e-06
20.312500,8.444646e-06,4.641012e-06,4.602747e-05,2.294620e-05,6.908261e-05,7.852290e-06,3.625340e-05,1.778747e-05,3.000025e-05,1.602988e-05,1.119963e-05,7.176545e-06,7.466577e-06,8.449314e-06,4.628283e-06,7.460183e-06,1.738698e-06,1.106977e-06,6.532052e-07,7.521193e-06,2.078274e-06,2.379558e-06,8.996583e-07,4.777992e-06,1.746719e-06
20.336910,8.473911e-06,4.686937e-06,4.599495e-05,2.309920e-05,6.995141e-05,8.098143e-06,3.637506e-05,1.821944e-05,3.014773e-05,1.589681e-05,1.136233e-05,7.465152e-06,7.900113e-06,8.056174e-06,4.382617e-06,6.595078e-06,1.611527e-06,1.162764e-06,4.699099e-07,6.871494e-06,2.216449e-06,2.666245e-06,9.511474e-07,4.787220e-06,1.638092e-06
20.361330,8.506382e-06,4.744644e-06,4.605248e-05,2.313651e-05,6.984254e-05,8.069856e-06,3.553848e-05,1.787983e-05,2.952535e-05,1.564963e-05,1.097771e-05,7.206502e-06,7.656963e-06,8.461709e-06,4.082311e-06,6.658507e-06,1.491306e-06,1.135579e-06,3.391512e-07,6.719387e-06,2.251870e-06,2.981879e-06,9.987427e-07,4.483657e-06,1.502229e-06
20.385740,8.533951e-06,4.800573e-06,4.608024e-05,2.288233e-05,7.020702e-05,8.124955e-06,3.581899e-05,1.812659e-05,3.018973e-05,1.613175e-05,1.100383e-05,7.006442e-06,7.572191e-06,9.274655e-06,4.407378e-06,8.017057e-06,1.537135e-06,1.148612e-06,4.034502e-07,6.464202e-06,2.204469e-06,3.212056e-06,9.766349e-07,3.948012e-06,1.401485e-06
20.410160,8.612384e-06,4.854835e-06,4.609017e-05,2.296255e-05,7.125382e-05,8.272679e-06,3.630616e-05,1.867638e-05,3.088419e-05,1.647689e-05,1.124918e-05,7.094926e-06,7.943664e-06,9.331690e-06,4.669107e-06,8.868608e-06,1.525525e-06,1.196684e-06,4.540751e-07,5.574794e-06,2.052441e-06,3.303803e-06,9.529776e-07,3.380782e-06,1.329849e-06
20.434570,8.733087e-06,4.867787e-06,4.600932e-05,2.295096e-05,7.143507e-05,8.384818e-06,3.613721e-05,1.865741e-05,3.015455e-05,1.605616e-05,1.127436e-05,6.934711e-06,8.122587e-06,8.930079e-06,4.824235e-06,8.678525e-06,1.384880e-06,1.171511e-06,4.948658e-07,4.261823e-06,1.804598e-06,3.192579e-06,8.944826e-07,3.123284e-06,1.431685e-06
20.458980,8.821006e-06,4.920291e-06,4.639113e-05,2.287340e-05,7.142630e-05,8.465215e-06,3.611220e-05,1.867574e-05,3.020775e-05,1.629312e-05,1.136890e-05,6.942627e-06,8.116225e-06,9.099609e-06,5.095996e-06,9.104184e-06,1.207983e-06,1.110941e-06,5.906947e-07,3.321027e-06,1.461131e-06,2.899364e-06,8.359970e-07,3.425737e-06,1.688812e-06
20.483400,9.002977e-06,4.953378e-06,4.629022e-05,2.271803e-05,7.130263e-05,8.431958e-06,3.609744e-05,1.851670e-05,3.070066e-05,1.672789e-05,1.116501e-05,6.972379e-06,8.121102e-06,9.449597e-06,5.038328e-06,9.746571e-06,1.092327e-06,1.072830e-06,7.496297e-07,3.124466e-06,1.162897e-06,2.518321e-06,7.669483e-07,3.939996e-06,2.058800e-06
20.507810,9.124123e-06,4.969780e-06,4.630610e-05,2.275875e-05,7.177632e-05,8.606999e-06,3.690652e-05,1.869809e-05,3.118420e-05,1.686849e-05,1.099245e-05,6.583791e-06,7.749631e-06,9.594138e-06,4.962498e-06,9.502412e-06,8.997889e-07,1.062051e-06,8.460223e-07,2.491276e-06,9.457367e-07,1.974845e-06,6.902259e-07,4.322368e-06,2.333908e-06
20.532230,9.190010e-06,5.042926e-06,4.651925e-05,2.316002e-05,7.159096e-05,8.786843e-06,3.741210e-05,1.915046e-05,3.169682e-05,1.701144e-05,1.134982e-05,6.547339e-06,7.560597e-06,9.935733e-06,5.400855e-06,9.845738e-06,6.205239e-07,9.338663e-07,8.926145e-07,2.176495e-06,8.420580e-07,1.418756e-06,5.943255e-07,4.483233e-06,2.490476e-06
20.556640,9.212721e-06,5.116029e-06,4.623400e-05,2.310317e-05,7.020862e-05,8.685009e-06,3.698214e-05,1.859937e-05,3.107305e-05,1.674306e-05,1.124138e-05,6.787250e-06,8.204020e-06,9.942395e-06,5.964413e-06,1.091791e-05,5.304160e-07,7.196766e-07,9.723584e-07,3.373145e-06,7.970838e-07,7.304820e-07,4.430696e-07,4.391049e-06,2.397879e-06
20.581050,9.218631e-06,5.190664e-06,4.604280e-05,2.332248e-05,7.017072e-05,8.685402e-06,3.778229e-05,1.827233e-05,3.121573e-05,1.700121e-05,1.101893e-05,6.659875e-06,8.252075e-06,9.327544e-06,5.881077e-06,1.097130e-05,5.742118e-07,5.765027e-07,1.132688e-06,4.643885e-06,7.571920e-07,3.020378e-07,2.885230e-07,4.052122e-06,2.160541e-06
20.605470,9.198455e-06,5.231848e-06,4.598723e-05,2.370642e-05,6.951722e-05,8.688548e-06,3.848044e-05,1.879793e-05,3.225223e-05,1.758672e-05,1.128322e-05,6.454864e-06,7.602224e-06,9.517494e-06,5.550297e-06,9.802991e-06,5.394498e-07,5.113555e-07,1.221102e-06,5.466657e-06,7.621083e-07,6.905567e-07,1.155922e-07,3.539226e-06,1.783243e-06
20.629880,9.081639e-06,5.313804e-06,4.645434e-05,2.389545e-05,6.867987e-05,8.600909e-06,3.857517e-05,1.898928e-05,3.168689e-05,1.723325e-05,1.136384e-05,6.492860e-06,7.409458e-06,9.978244e-06,5.629481e-06,9.498273e-06,5.195858e-07,3.880593e-07,1.218318e-06,6.173991e-06,7.693176e-07,1.097517e-06,7.367812e-08,2.728939e-06,1.349913e-06
20.654300,9.030197e-06,5.379270e-06,4.647811e-05,2.402007e-05,6.829326e-05,8.534353e-06,3.891205e-05,1.904528e-05,3.090889e-05,1.704998e-05,1.143345e-05,6.419282e-06,7.553559e-06,9.512554e-06,5.763539e-06,9.851978e-06,7.262888e-07,2.792471e-07,1.218640e-06,7.170992e-06,7.012174e-07,1.317370e-06,2.466442e-07,1.918967e-06,8.638076e-07
20.678710,8.946469e-06,5.397003e-06,4.650400e-05,2.407342e-05,6.866845e-05,8.428234e-06,3.887760e-05,1.903240e-05,3.114181e-05,1.758398e-05,1.147227e-05,6.595609e-06,7.639903e-06,8.893272e-06,5.806729e-06,9.687050e-06,9.182378e-07,3.248100e-07,1.290822e-06,8.165401e-06,6.200260e-07,1.313116e-06,4.159863e-07,1.363027e-06,4.898930e-07
20.703120,8.846874e-06,5.438481e-06,4.704304e-05,2.432127e-05,6.951912e-05,8.617233e-06,3.943813e-05,1.899435e-05,3.138278e-05,1.778446e-05,1.111941e-05,7.034998e-06,7.972899e-06,8.829919e-06,6.063256e-06,9.312589e-06,1.056789e-06,3.643834e-07,1.317246e-06,8.459687e-06,5.947963e-07,1.170321e-06,5.515739e-07,1.580167e-06,5.451110e-07
20.727540,8.836085e-06,5.436285e-06,4.730745e-05,2.425946e-05,6.943983e-05,8.673969e-06,3.920390e-05,1.953446e-05,3.192388e-05,1.783400e-05,1.129522e-05,6.880738e-06,8.081852e-06,8.690095e-06,5.963569e-06,9.447861e-06,1.270238e-06,4.182331e-07,1.267921e-06,8.363151e-06,7.465192e-07,9.644534e-07,6.321474e-07,2.251518e-06,9.163261e-07
20.751950,8.831895e-06,5.411997e-06,4.785884e-05,2.407637e-05,7.026436e-05,8.548469e-06,3.862973e-05,1.935262e-05,3.146800e-05,1.749124e-05,1.157643e-05,6.630313e-06,7.764248e-06,8.724918e-06,5.412586e-06,9.011495e-06,1.478305e-06,5.793639e-07,1.119942e-06,8.100304e-06,9.111049e-07,9.166791e-07,6.675514e-07,2.783229e-06,1.261371e-06
20.776370,8.846822e-06,5.379268e-06,4.853188e-05,2.414005e-05,7.119220e-05,8.697240e-06,3.944753e-05,1.881588e-05,3.074001e-05,1.715559e-05,1.117901e-05,6.922092e-06,8.118036e-06,9.054893e-06,5.424818e-06,8.025055e-06,1.492474e-06,7.746962e-07,1.035965e-06,8.096175e-06,1.111930e-06,1.252699e-06,6.476986e-07,3.158024e-06,1.424218e-06
20.800780,8.820513e-06,5.360932e-06,4.944882e-05,2.385371e-05,7.109980e-05,8.878493e-06,3.962421e-05,1.931217e-05,3.157249e-05,1.776202e-05,1.101521e-05,6.990815e-06,8.832161e-06,8.731942e-06,5.802037e-06,8.338640e-06,1.452669e-06,8.791054e-07,9.462426e-07,8.118050e-06,1.278352e-06,1.845868e-06,6.553845e-07,3.285745e-06,1.409378e-06
20.825200,8.849178e-06,5.355473e-06,5.000681e-05,2.353567e-05,7.162723e-05,9.041952e-06,3.916494e-05,1.948342e-05,3.156814e-05,1.783602e-05,1.119730e-05,6.833759e-06,8.858823e-06,8.308623e-06,5.682166e-06,9.530521e-06,1.546876e-06,9.345891e-07,8.180864e-07,7.685971e-06,1.464931e-06,2.543434e-06,6.887810e-07,3.253634e-06,1.252235e-06
20.849610,8.835323e-06,5.323296e-06,5.027626e-05,2.335027e-05,7.194984e-05,9.167202e-06,3.886699e-05,1.934306e-05,3.070293e-05,1.736965e-05,1.118973e-05,6.865598e-06,8.852202e-06,8.808124e-06,5.419878e-06,9.674117e-06,1.666876e-06,1.036658e-06,5.789364e-07,6.822140e-06,1.675064e-06,3.127103e-06,8.114131e-07,2.935793e-06,1.057596e-06
20.874020,8.751881e-06,5.360158e-06,5.096260e-05,2.332167e-05,7.201891e-05,9.313138e-06,3.863934e-05,1.913257e-05,3.081975e-05,1.765752e-05,1.137803e-05,6.665877e-06,9.115029e-06,9.205993e-06,5.411751e-06,9.137650e-06,1.660799e-06,1.157257e-06,3.794211e-07,6.250530e-06,1.836786e-06,3.545047e-06,9.598875e-07,2.507629e-06,9.020910e-07
20.898440,8.760928e-06,5.385737e-06,5.111281e-05,2.337345e-05,7.124062e-05,9.621073e-06,3.895614e-05,1.882684e-05,3.107123e-05,1.788385e-05,1.121283e-05,6.626527e-06,8.909930e-06,9.087659e-06,5.345541e-06,9.363305e-06,1.571584e-06,1.163714e-06,3.579179e-07,5.978499e-06,1.946124e-06,3.751606e-06,1.121711e-06,1.993807e-06,8.679649e-07
20.922850,8.754867e-06,5.382953e-06,5.120829e-05,2.313648e-05,7.020625e-05,9.721507e-06,3.844598e-05,1.927492e-05,3.171124e-05,1.804165e-05,1.091061e-05,6.908270e-06,8.976389e-06,9.390815e-06,5.458566e-06,9.515573e-06,1.526730e-06,1.162596e-06,3.749930e-07,5.532273e-06,1.950144e-06,3.735726e-06,1.261127e-06,2.185564e-06,1.032572e-06
20.947270,8.746341e-06,5.390723e-06,5.161951e-05,2.323139e-05,7.023065e-05,9.655955e-06,3.777508e-05,1.932156e-05,3.169187e-05,1.798516e-05,1.124180e-05,6.745591e-06,9.360400e-06,9.395452e-06,5.859508e-06,9.539229e-06,1.431446e-06,1.235688e-06,4.028176e-07,4.290754e-06,1.921044e-06,3.509297e-06,1.347482e-06,2.891714e-06,1.363997e-06
20.971680,8.742257e-06,5.397795e-06,5.176258e-05,2.334835e-05,6.938489e-05,9.796537e-06,3.838230e-05,1.856169e-05,3.083944e-05,1.761828e-05,1.120874e-05,6.434213e-06,8.912059e-06,9.000988e-06,5.805523e-06,1.032863e-05,1.233290e-06,1.272950e-06,5.816416e-07,3.026270e-06,1.829350e-06,3.227612e-06,1.358588e-06,3.798183e-06,1.822658e-06
20.996090,8.791719e-06,5.416447e-06,5.181717e-05,2.321720e-05,6.854573e-05,9.799527e-06,3.837983e-05,1.854463e-05,3.156139e-05,1.811794e-05,1.092997e-05,6.577082e-06,8.021536e-06,9.352581e-06,5.278787e-06,1.131759e-05,1.045296e-06,1.190512e-06,7.565258e-07,2.367618e-06,1.695074e-06,2.761444e-06,1.267335e-06,4.499859e-06,2.249353e-06
21.020510,8.904299e-06,5.388229e-06,5.164771e-05,2.320408e-05,6.860136e-05,9.755891e-06,3.812952e-05,1.883069e-05,3.250748e-05,1.861001e-05,1.108194e-05,6.665700e-06,8.081761e-06,9.793419e-06,5.344586e-06,1.133615e-05,1.036766e-06,1.061345e-06,8.398025e-07,2.000288e-06,1.398805e-06,2.300799e-06,1.118744e-06,4.889328e-06,2.545567e-06
21.044920,8.980994e-06,5.391584e-06,5.208755e-05,2.312822e-05,6.848580e-05,9.724828e-06,3.830270e-05,1.877714e-05,3.186205e-05,1.810933e-05,1.117774e-05,6.594805e-06,8.192194e-06,9.233006e-06,5.621211e-06,1.023760e-05,9.878900e-07,9.877576e-07,8.862773e-07,1.792053e-06,1.012230e-06,1.773066e-06,8.642332e-07,4.969217e-06,2.641559e-06
21.069340,9.175893e-06,5.400466e-06,5.257595e-05,2.306759e-05,6.856412e-05,9.767939e-06,3.852926e-05,1.874883e-05,3.152691e-05,1.805148e-05,1.136318e-05,6.626186e-06,7.914963e-06,8.884189e-06,5.511062e-06,1.005220e-05,8.161738e-07,9.256671e-07,1.024750e-06,2.874945e-06,5.718707e-07,1.362567e-06,5.930436e-07,4.730772e-06,2.550583e-06
21.093750,9.293509e-06,5.381443e-06,5.287881e-05,2.283758e-05,6.816755e-05,9.973591e-06,3.917116e-05,1.850410e-05,3.176929e-05,1.852008e-05,1.147995e-05,6.397177e-06,7.818184e-06,9.094458e-06,5.575229e-06,1.074881e-05,6.328869e-07,7.956525e-07,1.174243e-06,4.536714e-06,1.910055e-07,1.139319e-06,2.991391e-07,4.233017e-06,2.273984e-06
21.118160,9.322737e-06,5.453668e-06,5.381807e-05,2.250954e-05,6.830953e-05,9.916899e-06,3.923197e-05,1.853280e-05,3.223713e-05,1.878534e-05,1.109905e-05,6.107054e-06,7.424494e-06,8.957377e-06,5.497406e-06,1.075485e-05,5.962759e-07,6.559654e-07,1.254642e-06,6.091283e-06,3.237844e-07,9.746767e-07,3.643121e-08,3.581056e-06,1.901084e-06
21.142580,9.312773e-06,5.553750e-06,5.436381e-05,2.250330e-05,6.849871e-05,9.844899e-06,3.955511e-05,1.882356e-05,3.288609e-05,1.893933e-05,1.110032e-05,6.450155e-06,6.920509e-06,8.759475e-06,4.990345e-06,1.018410e-05,5.808316e-07,5.850894e-07,1.232458e-06,6.939449e-06,6.372757e-07,8.250012e-07,2.406440e-07,2.716327e-06,1.439642e-06
21.166990,9.219207e-06,5.655736e-06,5.472550e-05,2.202911e-05,6.731013e-05,1.007393e-05,4.079877e-05,1.810280e-05,3.218631e-05,1.848630e-05,1.144409e-05,6.546485e-06,7.384777e-06,8.673929e-06,4.928222e-06,1.040220e-05,6.684873e-07,5.062528e-07,1.273815e-06,7.889896e-06,9.322458e-07,6.901182e-07,4.495807e-07,2.038562e-06,9.371612e-07
21.191410,9.107770e-06,5.733294e-06,5.497327e-05,2.181572e-05,6.711828e-05,1.018220e-05,4.086118e-05,1.768931e-05,3.174863e-05,1.828972e-05,1.122184e-05,6.219158e-06,7.880468e-06,7.978553e-06,5.428422e-06,9.932008e-06,8.811824e-07,3.509079e-07,1.316800e-06,8.979301e-06,1.125251e-06,7.571230e-07,6.121053e-07,1.874536e-06,5.554292e-07
21.215820,8.905093e-06,5.839927e-06,5.544797e-05,2.185970e-05,6.645458e-05,1.023680e-05,4.036773e-05,1.799301e-05,3.250104e-05,1.892232e-05,1.094416e-05,6.263194e-06,7.555676e-06,7.389740e-06,5.411175e-06,8.997718e-06,1.018409e-06,2.872606e-07,1.326541e-06,9.975254e-06,1.220333e-06,8.930216e-07,6.779178e-07,2.270129e-06,5.903778e-07
21.240230,8.777014e-06,5.907030e-06,5.555802e-05,2.194296e-05,6.534501e-05,1.026246e-05,4.043622e-05,1.789063e-05,3.206013e-05,1.881039e-05,1.095205e-05,6.272026e-06,7.567964e-06,7.979719e-06,5.026219e-06,9.607979e-06,1.051300e-06,4.245704e-07,1.223754e-06,1.015309e-05,1.148126e-06,1.073382e-06,6.981435e-07,2.740626e-06,9.628084e-07
21.264650,8.628631e-06,5.887248e-06,5.507977e-05,2.194951e-05,6.393687e-05,1.028544e-05,4.031286e-05,1.767211e-05,3.118694e-05,1.842203e-05,1.083450e-05,6.188684e-06,8.137875e-06,8.168344e-06,5.112193e-06,1.076371e-05,1.078885e-06,5.020020e-07,1.121926e-06,9.662390e-06,9.968786e-07,1.246801e-06,6.467584e-07,3.010212e-06,1.252217e-06
21.289060,8.438234e-06,5.892034e-06,5.505220e-05,2.185699e-05,6.303246e-05,1.039787e-05,4.062074e-05,1.739354e-05,3.122376e-05,1.872732e-05,1.095528e-05,6.310827e-06,8.454855e-06,7.726578e-06,5.220933e-06,1.077481e-05,1.246733e-06,5.788780e-07,1.079947e-06,9.375583e-06,9.701333e-07,1.386840e-06,6.266429e-07,3.084456e-06,1.391472e-06
21.313480,8.332279e-06,5.868398e-06,5.478702e-05,2.212618e-05,6.299378e-05,1.014455e-05,3.971669e-05,1.722428e-05,3.135643e-05,1.888739e-05,1.092425e-05,6.146303e-06,8.952923e-06,7.873152e-06,5.227345e-06,9.957240e-06,1.417069e-06,6.922660e-07,1.036070e-06,9.184147e-06,1.121549e-06,1.529271e-06,6.209020e-07,2.982540e-06,1.329872e-06
21.337890,8.248265e-06,5.805749e-06,5.432736e-05,2.217576e-05,6.210677e-05,9.970903e-06,3.915872e-05,1.772270e-05,3.181198e-05,1.892569e-05,1.057175e-05,5.869564e-06,9.353259e-06,8.159446e-06,5.499486e-06,1.014810e-05,1.461315e-06,8.008833e-07,8.820231e-07,8.810402e-06,1.437449e-06,1.620812e-06,6.725627e-07,2.791333e-06,1.183227e-06
21.362300,8.203233e-06,5.729222e-06,5.420727e-05,2.199601e-05,6.183526e-05,9.960097e-06,3.949925e-05,1.756929e-05,3.155962e-05,1.877772e-05,1.068660e-05,5.994468e-06,9.025382e-06,8.410409e-06,5.472251e-06,1.061517e-05,1.444730e-06,8.597266e-07,6.886652e-07,7.679824e-06,1.730554e-06,1.656262e-06,7.806250e-07,2.526723e-06,1.037002e-06
21.386720,8.137326e-06,5.656898e-06,5.429311e-05,2.205027e-05,6.238813e-05,9.777690e-06,3.885191e-05,1.700374e-05,3.054210e-05,1.823594e-05,1.079586e-05,6.145381e-06,9.212235e-06,9.218504e-06,4.964193e-06,1.066262e-05,1.506569e-06,9.062998e-07,5.371748e-07,6.547933e-06,2.033542e-06,1.766231e-06,8.916557e-07,2.384629e-06,1.015264e-06
21.411130,8.120205e-06,5.606659e-06,5.452881e-05,2.187520e-05,6.226195e-05,9.591503e-06,3.825643e-05,1.731339e-05,3.139220e-05,1.868893e-05,1.044809e-05,5.945605e-06,9.877475e-06,9.554997e-06,5.021029e-06,1.122315e-05,1.484753e-06,1.013822e-06,4.691565e-07,6.008338e-06,2.276699e-06,1.952387e-06,1.017764e-06,2.514180e-06,1.072472e-06
21.435550,8.082891e-06,5.523441e-06,5.417217e-05,2.160048e-05,6.246857e-05,9.474675e-06,3.825091e-05,1.742221e-05,3.188861e-05,1.898770e-05,1.038457e-05,5.825767e-06,9.869606e-06,9.283931e-06,5.509124e-06,1.222796e-05,1.362131e-06,1.127093e-06,3.127345e-07,5.638521e-06,2.404499e-06,2.204286e-06,1.095680e-06,2.992623e-06,1.221123e-06
21.459960,7.967485e-06,5.514823e-06,5.408897e-05,2.123257e-05,6.262550e-05,9.493498e-06,3.828222e-05,1.748670e-05,3.118845e-05,1.833756e-05,1.041416e-05,5.855558e-06,9.354579e-06,9.546671e-06,5.504925e-06,1.164914e-05,1.289488e-06,1.143461e-06,2.042098e-07,4.972407e-06,2.395322e-06,2.409361e-06,1.149510e-06,3.628615e-06,1.428139e-06
21.484380,7.937858e-06,5.512535e-06,5.375740e-05,2.088955e-05,6.313169e-05,9.504636e-06,3.830026e-05,1.737892e-05,3.105172e-05,1.827798e-05,1.045789e-05,5.764241e-06,8.985132e-06,1.012796e-05,5.271401e-06,1.026133e-05,1.362955e-06,1.081101e-06,3.204238e-07,4.017738e-06,2.238032e-06,2.504475e-06,1.120290e-06,4.094952e-06,1.678708e-06
21.508790,7.873994e-06,5.475958e-06,5.284366e-05,2.065532e-05,6.326217e-05,9.259660e-06,3.780000e-05,1.706268e-05,3.096641e-05,1.841065e-05,1.076381e-05,5.905322e-06,8.543238e-06,1.006442e-05,5.221030e-06,1.036629e-05,1.331322e-06,1.068689e-06,4.260204e-07,3.287232e-06,1.961658e-06,2.480622e-06,1.061448e-06,4.387705e-06,1.872942e-06
21.533200,7.780277e-06,5.470993e-06,5.230973e-05,2.018194e-05,6.278879e-05,9.243572e-06,3.790460e-05,1.733652e-05,3.181436e-05,1.873131e-05,1.049043e-05,5.973674e-06,8.230163e-06,9.877456e-06,4.938613e-06,1.065380e-05,1.142571e-06,1.082014e-06,4.485874e-07,3.179952e-06,1.543479e-06,2.359062e-06,9.601220e-07,4.326953e-06,1.973665e-06
21.557620,7.679958e-06,5.466806e-06,5.155684e-05,2.008017e-05,6.312694e-05,9.445196e-06,3.859886e-05,1.718373e-05,3.226398e-05,1.882357e-05,1.021209e-05,5.554658e-06,8.336508e-06,9.785930e-06,4.926038e-06,1.010398e-05,9.441205e-07,1.004116e-06,5.666413e-07,2.542276e-06,1.171783e-06,2.076212e-06,8.298826e-07,4.200579e-06,1.866950e-06
21.582030,7.610426e-06,5.465617e-06,5.069406e-05,2.009671e-05,6.249867e-05,9.435946e-06,3.786173e-05,1.643406e-05,3.148443e-05,1.817997e-05,1.050202e-05,5.383902e-06,8.023987e-06,9.382494e-06,5.321516e-06,9.555510e-06,8.273276e-07,8.848372e-07,7.416395e-07,1.716688e-06,7.889644e-07,1.710379e-06,6.890359e-07,3.886453e-06,1.681652e-06
21.606450,7.559940e-06,5.412806e-06,4.967963e-05,1.994347e-05,6.137194e-05,9.455889e-06,3.712875e-05,1.631725e-05,3.170740e-05,1.816854e-05,1.047001e-05,5.537742e-06,7.054465e-06,9.205048e-06,5.275953e-06,9.452088e-06,6.836020e-07,8.394279e-07,8.958881e-07,2.194644e-06,5.018771e-07,1.221860e-06,5.241479e-07,3.498924e-06,1.378030e-06
21.630860,7.446155e-06,5.390453e-06,4.915357e-05,1.994991e-05,6.075536e-05,9.441572e-06,3.680635e-05,1.645641e-05,3.249056e-05,1.875235e-05,1.033468e-05,5.394133e-06,6.727106e-06,9.440255e-06,4.785946e-06,8.412895e-06,5.650540e-07,7.900963e-07,9.789201e-07,3.525314e-06,3.179686e-07,7.351232e-07,3.671798e-07,2.954662e-06,1.153612e-06
21.655270,7.423755e-06,5.386537e-06,4.916503e-05,2.000509e-05,6.012019e-05,9.477429e-06,3.644161e-05,1.624567e-05,3.195389e-05,1.856007e-05,1.021115e-05,5.242095e-06,6.969313e-06,9.095312e-06,4.663288e-06,7.032706e-06,6.193101e-07,6.376228e-07,1.070934e-06,4.508709e-06,5.062965e-07,2.936828e-07,2.136045e-07,2.289699e-06,8.867754e-07
21.679690,7.415649e-06,5.315508e-06,4.883581e-05,2.029721e-05,5.981902e-05,9.436844e-06,3.604612e-05,1.605452e-05,3.142355e-05,1.832906e-05,1.007455e-05,5.258034e-06,6.746174e-06,8.027439e-06,4.851827e-06,7.462974e-06,6.662643e-07,4.508767e-07,1.185357e-06,5.371169e-06,7.349900e-07,5.321631e-07,7.455014e-08,1.480570e-06,5.922636e-07
21.704100,7.364512e-06,5.278318e-06,4.935573e-05,2.041087e-05,5.904678e-05,9.159039e-06,3.489593e-05,1.565917e-05,3.159630e-05,1.869013e-05,1.030335e-05,5.133941e-06,6.615053e-06,7.644446e-06,4.818626e-06,8.301271e-06,6.057154e-07,3.709604e-07,1.283556e-06,6.609573e-06,8.678420e-07,9.075752e-07,5.868717e-08,7.305012e-07,2.720868e-07
21.728520,7.348178e-06,5.249651e-06,5.019961e-05,2.042791e-05,5.905867e-05,9.153596e-06,3.450985e-05,1.561576e-05,3.185481e-05,1.884511e-05,1.045706e-05,5.188358e-06,6.630851e-06,7.636512e-06,4.862484e-06,7.955542e-06,6.422437e-07,3.417364e-07,1.282456e-06,8.063583e-06,9.636834e-07,1.162896e-06,1.617637e-07,2.064094e-07,2.883497e-07
21.752930,7.330866e-06,5.224949e-06,5.082029e-05,2.069765e-05,5.949867e-05,9.189266e-06,3.455489e-05,1.596401e-05,3.260202e-05,1.902822e-05,1.014879e-05,5.387241e-06,6.465600e-06,7.261874e-06,4.929778e-06,7.387674e-06,8.638364e-07,2.982573e-07,1.231822e-06,8.788580e-06,1.073834e-06,1.304849e-06,2.640651e-07,5.207420e-07,6.576368e-07
21.777340,7.412224e-06,5.255435e-06,5.200136e-05,2.091760e-05,5.995177e-05,9.111293e-06,3.387195e-05,1.575479e-05,3.243007e-05,1.899337e-05,1.031792e-05,5.209514e-06,6.857554e-06,7.334608e-06,4.761850e-06,8.287204e-06,1.005011e-06,3.371236e-07,1.209690e-06,9.190817e-06,1.245050e-06,1.388962e-06,3.688767e-07,9.866734e-07,9.292536e-07
21.801760,7.463873e-06,5.334127e-06,5.331751e-05,2.126654e-05,6.155576e-05,9.196840e-06,3.386479e-05,1.580120e-05,3.216253e-05,1.881807e-05,1.086844e-05,5.182954e-06,7.671378e-06,7.371944e-06,4.796233e-06,9.151038e-06,1.088991e-06,4.524814e-07,1.238747e-06,9.316179e-06,1.405028e-06,1.292657e-06,4.648414e-07,1.412036e-06,1.144476e-06
21.826170,7.579432e-06,5.433853e-06,5.476454e-05,2.174071e-05,6.330952e-05,9.355170e-06,3.460560e-05,1.635919e-05,3.350997e-05,1.967836e-05,1.085430e-05,5.488071e-06,7.650778e-06,7.001806e-06,5.363695e-06,1.025404e-05,1.207071e-06,5.079451e-07,1.186818e-06,9.697560e-06,1.529962e-06,1.150052e-06,5.223978e-07,1.913445e-06,1.309253e-06
21.850590,7.660087e-06,5.475765e-06,5.537312e-05,2.217132e-05,6.496260e-05,9.577804e-06,3.517041e-05,1.670558e-05,3.408022e-05,2.013180e-05,1.085007e-05,5.628959e-06,7.517489e-06,7.633086e-06,5.533332e-06,1.208072e-05,1.335739e-06,5.767076e-07,1.076645e-06,9.900215e-06,1.655134e-06,1.029729e-06,5.615206e-07,2.306882e-06,1.551798e-06
21.875000,7.649935e-06,5.581187e-06,5.624296e-05,2.260812e-05,6.657427e-05,9.724581e-06,3.589831e-05,1.701838e-05,3.388664e-05,1.998117e-05,1.106220e-05,5.793716e-06,8.202953e-06,8.701733e-06,5.155575e-06,1.323061e-05,1.323477e-06,7.637840e-07,9.197640e-07,9.416388e-06,1.775321e-06,1.220227e-06,5.795050e-07,2.587256e-06,1.832375e-06
21.899410,7.694993e-06,5.697436e-06,5.724219e-05,2.281455e-05,6.800640e-05,9.705057e-06,3.612297e-05,1.719777e-05,3.402849e-05,2.016399e-05,1.127145e-05,5.968171e-06,8.651756e-06,8.877880e-06,5.055224e-06,1.276506e-05,1.286353e-06,9.271710e-07,7.899728e-07,8.438652e-06,1.965915e-06,1.629937e-06,6.106811e-07,2.767494e-06,2.108166e-06
21.923830,7.737177e-06,5.772509e-06,5.728397e-05,2.331750e-05,7.031932e-05,1.005000e-05,3.715975e-05,1.732059e-05,3.435052e-05,2.054480e-05,1.185659e-05,5.861234e-06,8.846211e-06,9.157625e-06,5.148038e-06,1.265948e-05,1.401408e-06,9.935860e-07,6.697453e-07,7.515602e-06,2.163601e-06,2.099914e-06,6.131988e-07,2.971438e-06,2.312363e-06
21.948240,7.768574e-06,5.833945e-06,5.757602e-05,2.360044e-05,7.152397e-05,1.035782e-05,3.827277e-05,1.791149e-05,3.548885e-05,2.101163e-05,1.204171e-05,6.046132e-06,9.156606e-06,1.004622e-05,5.085009e-06,1.434119e-05,1.510124e-06,1.022717e-06,4.891875e-07,6.962255e-06,2.291424e-06,2.539054e-06,6.429498e-07,3.229131e-06,2.423009e-06
21.972660,7.789989e-06,5.902375e-06,5.805848e-05,2.356349e-05,7.289574e-05,1.041137e-05,3.786797e-05,1.782005e-05,3.623323e-05,2.132820e-05,1.188343e-05,6.533788e-06,8.840991e-06,1.050064e-05,5.235181e-06,1.547559e-05,1.470266e-06,1.111236e-06,2.551984e-07,6.145759e-06,2.396440e-06,2.838646e-06,6.865970e-07,3.552214e-06,2.536768e-06
21.997070,7.833590e-06,5.993105e-06,5.883418e-05,2.380230e-05,7.524142e-05,1.057367e-05,3.795833e-05,1.733706e-05,3.573832e-05,2.081583e-05,1.221210e-05,6.650081e-06,8.362287e-06,1.096888e-05,5.258810e-06,1.538047e-05,1.348209e-06,1.161319e-06,2.434434e-07,4.991353e-06,2.528944e-06,3.026335e-06,7.533589e-07,3.748911e-06,2.626792e-06
22.021480,7.891572e-06,6.001492e-06,5.913676e-05,2.400556e-05,7.688345e-05,1.069427e-05,3.850809e-05,1.776301e-05,3.686744e-05,2.099554e-05,1.258459e-05,6.536960e-06,8.677879e-06,1.169543e-05,4.672498e-06,1.549249e-05,1.307616e-06,1.127684e-06,3.183609e-07,3.594584e-06,2.643448e-06,3.056274e-06,8.343525e-07,3.869087e-06,2.681268e-06
22.045900,7.869754e-06,6.046216e-06,5.966601e-05,2.430235e-05,7.830073e-05,1.085460e-05,3.883697e-05,1.805878e-05,3.823298e-05,2.181024e-05,1.260417e-05,6.648316e-06,8.868979e-06,1.140474e-05,4.337613e-06,1.548631e-05,1.276754e-06,1.097374e-06,3.261784e-07,2.688154e-06,2.675977e-06,2.963305e-06,8.811396e-07,3.822210e-06,2.619512e-06
22.070310,7.939970e-06,6.108376e-06,6.078264e-05,2.442398e-05,7.907753e-05,1.081170e-05,3.892194e-05,1.819112e-05,3.785242e-05,2.156066e-05,1.273755e-05,6.732146e-06,8.430698e-06,1.102155e-05,4.694532e-06,1.399905e-05,1.167719e-06,1.138546e-06,4.270335e-07,2.236937e-06,2.528770e-06,2.661451e-06,9.099050e-07,3.760141e-06,2.389335e-06
22.094730,8.015169e-06,6.104240e-06,6.103341e-05,2.455992e-05,8.035059e-05,1.070838e-05,3.852065e-05,1.823600e-05,3.811631e-05,2.164742e-05,1.267896e-05,6.684847e-06,8.122521e-06,1.159449e-05,4.753291e-06,1.251113e-05,1.093474e-06,1.151307e-06,6.615359e-07,1.594471e-06,2.231882e-06,2.206344e-06,8.629369e-07,3.760969e-06,2.086455e-06
22.119140,8.069779e-06,6.122111e-06,6.150581e-05,2.486924e-05,8.167373e-05,1.097399e-05,3.930858e-05,1.801088e-05,3.864683e-05,2.220509e-05,1.285850e-05,6.813579e-06,7.995354e-06,1.192801e-05,4.574356e-06,1.239151e-05,1.170611e-06,1.054055e-06,7.981616e-07,1.637832e-06,1.838566e-06,1.680457e-06,7.809689e-07,3.675932e-06,1.793268e-06
22.143550,8.128050e-06,6.147143e-06,6.216100e-05,2.479629e-05,8.206036e-05,1.105016e-05,3.993217e-05,1.857555e-05,3.991658e-05,2.268511e-05,1.351615e-05,6.673306e-06,7.847500e-06,1.169350e-05,4.677519e-06,1.236621e-05,1.141700e-06,9.047348e-07,8.956799e-07,3.278512e-06,1.335007e-06,1.196650e-06,6.402916e-07,3.478756e-06,1.611707e-06
22.167970,8.205954e-06,6.197039e-06,6.275059e-05,2.498247e-05,8.375024e-05,1.091948e-05,3.942985e-05,1.903832e-05,4.149706e-05,2.332580e-05,1.339959e-05,6.435759e-06,8.066515e-06,1.135753e-05,4.571352e-06,1.075438e-05,9.486878e-07,8.460624e-07,1.054863e-06,4.927430e-06,8.423080e-07,7.586772e-07,4.822371e-07,3.138526e-06,1.602708e-06
22.192380,8.265884e-06,6.205693e-06,6.303264e-05,2.529014e-05,8.491180e-05,1.100007e-05,4.021417e-05,1.874010e-05,4.095347e-05,2.304287e-05,1.335078e-05,6.766717e-06,8.220934e-06,1.104066e-05,4.701845e-06,8.424800e-06,8.291050e-07,8.003986e-07,1.284860e-06,5.980890e-06,4.136772e-07,4.262151e-07,3.265747e-07,2.836568e-06,1.504083e-06
22.216800,8.227245e-06,6.281026e-06,6.330564e-05,2.533389e-05,8.539050e-05,1.108393e-05,4.132676e-05,1.910490e-05,4.103314e-05,2.283287e-05,1.405596e-05,6.943882e-06,7.805935e-06,1.054277e-05,5.350246e-06,7.572745e-06,9.311137e-07,6.847648e-07,1.414784e-06,7.076966e-06,6.756326e-07,4.361912e-07,2.694946e-07,2.542212e-06,1.387284e-06
22.241210,8.277230e-06,6.378320e-06,6.414719e-05,2.538938e-05,8.622044e-05,1.117336e-05,4.201937e-05,1.963087e-05,4.283644e-05,2.390162e-05,1.431188e-05,6.650731e-06,7.696932e-06,1.063815e-05,5.584748e-06,7.283113e-06,9.601470e-07,5.972362e-07,1.471679e-06,8.709281e-06,1.222938e-06,6.940125e-07,3.738865e-07,2.316793e-06,1.172056e-06
22.265620,8.283437e-06,6.393272e-06,6.408818e-05,2.533247e-05,8.710531e-05,1.106562e-05,4.258514e-05,1.992974e-05,4.314081e-05,2.418821e-05,1.440752e-05,6.686514e-06,8.475686e-06,1.117256e-05,5.454927e-06,7.367119e-06,9.944412e-07,6.033610e-07,1.497663e-06,1.041110e-05,1.650522e-06,1.075672e-06,5.336750e-07,1.950925e-06,9.572213e-07
22.290040,8.210694e-06,6.453186e-06,6.458115e-05,2.546139e-05,8.851276e-05,1.102572e-05,4.289828e-05,2.029251e-05,4.317968e-05,2.391436e-05,1.452914e-05,6.836001e-06,8.749453e-06,1.053061e-05,5.587004e-06,9.078254e-06,1.122337e-06,5.330119e-07,1.602656e-06,1.129156e-05,1.910298e-06,1.346512e-06,6.680499e-07,1.420054e-06,6.120491e-07
22.314450,8.137649e-06,6.523564e-06,6.550839e-05,2.518565e-05,8.869622e-05,1.136802e-05,4.428298e-05,2.022072e-05,4.322837e-05,2.412418e-05,1.454505e-05,6.882954e-06,8.609406e-06,1.008744e-05,6.196564e-06,1.008553e-05,1.190065e-06,4.048342e-07,1.697497e-06,1.152373e-05,2.000668e-06,1.645187e-06,7.569762e-07,1.088625e-06,1.804622e-07
22.338870,8.073557e-06,6.578210e-06,6.599255e-05,2.488734e-05,8.988615e-05,1.137585e-05,4.474362e-05,2.051543e-05,4.348998e-05,2.437682e-05,1.533982e-05,7.200193e-06,8.785026e-06,1.085811e-05,6.609964e-06,9.579082e-06,1.121878e-06,4.509766e-07,1.698792e-06,1.187517e-05,2.001265e-06,1.908282e-06,8.035348e-07,1.572090e-06,6.674917e-07
22.363280,8.032567e-06,6.576993e-06,6.633820e-05,2.503919e-05,9.161266e-05,1.134148e-05,4.387615e-05,2.098656e-05,4.509003e-05,2.506115e-05,1.599676e-05,7.299421e-06,8.795071e-06,1.119246e-05,6.800605e-06,1.142546e-05,1.103158e-06,6.180220e-07,1.591084e-06,1.262918e-05,1.986821e-06,2.138896e-06,7.845426e-07,2.555103e-06,1.512446e-06
22.387700,7.935289e-06,6.575111e-06,6.673386e-05,2.502123e-05,9.176457e-05,1.146056e-05,4.421654e-05,2.042291e-05,4.525503e-05,2.522518e-05,1.569606e-05,7.019067e-06,9.026806e-06,1.146699e-05,6.971481e-06,1.494523e-05,1.264794e-06,6.932963e-07,1.510444e-06,1.341257e-05,1.894906e-06,2.348559e-06,7.487236e-07,3.457014e-06,2.404420e-06
22.412110,7.762777e-06,6.461858e-06,6.662352e-05,2.466524e-05,9.021312e-05,1.133785e-05,4.371015e-05,1.977178e-05,4.370139e-05,2.401130e-05,1.566113e-05,7.152184e-06,9.682201e-06,1.182935e-05,6.549580e-06,1.660725e-05,1.335051e-06,7.243122e-07,1.403519e-06,1.254670e-05,1.879913e-06,2.323730e-06,6.771163e-07,4.275195e-06,3.058325e-06
22.436520,7.556717e-06,6.214937e-06,6.558896e-05,2.418607e-05,8.773298e-05,1.115490e-05,4.261021e-05,1.963757e-05,4.408888e-05,2.379729e-05,1.579810e-05,7.389744e-06,9.576463e-06,1.170836e-05,6.107176e-06,1.680873e-05,1.261423e-06,7.991542e-07,1.225702e-06,1.140653e-05,1.900284e-06,2.226388e-06,6.224962e-07,4.743931e-06,3.533645e-06
22.460940,7.293007e-06,6.004969e-06,6.469084e-05,2.385646e-05,8.559484e-05,1.080891e-05,4.114100e-05,1.919630e-05,4.375103e-05,2.370472e-05,1.555138e-05,7.217910e-06,8.788923e-06,1.176773e-05,6.327312e-06,1.733239e-05,1.134186e-06,8.485364e-07,9.013620e-07,1.071996e-05,2.139548e-06,2.034558e-06,6.424012e-07,5.010399e-06,3.684836e-06
22.485350,7.093458e-06,5.824268e-06,6.461946e-05,2.368801e-05,8.337098e-05,1.072598e-05,3.973973e-05,1.886272e-05,4.217431e-05,2.264640e-05,1.536126e-05,7.147583e-06,8.545397e-06,1.261102e-05,6.302425e-06,1.758471e-05,1.126324e-06,8.323004e-07,5.877470e-07,1.029939e-05,2.380481e-06,1.994624e-06,6.995663e-07,4.861451e-06,3.668557e-06
22.509770,6.901061e-06,5.620710e-06,6.410524e-05,2.333673e-05,8.061487e-05,1.075572e-05,3.929590e-05,1.808817e-05,4.121999e-05,2.210332e-05,1.480172e-05,7.055573e-06,8.638999e-06,1.286483e-05,5.656535e-06,1.647867e-05,1.065188e-06,8.385008e-07,3.973882e-07,9.294369e-06,2.545333e-06,1.979271e-06,8.078950e-07,4.289724e-06,3.423206e-06
22.534180,6.712183e-06,5.423701e-06,6.361421e-05,2.330588e-05,7.907888e-05,1.040727e-05,3.793303e-05,1.750615e-05,4.014895e-05,2.169207e-05,1.445961e-05,6.724970e-06,8.287684e-06,1.199015e-05,5.089596e-06,1.648518e-05,9.475653e-07,9.365204e-07,2.163912e-07,7.618248e-06,2.535357e-06,2.057174e-06,8.733182e-07,3.270097e-06,3.009410e-06
22.558590,6.505819e-06,5.240000e-06,6.295076e-05,2.310075e-05,7.691009e-05,1.013313e-05,3.641679e-05,1.756413e-05,4.066609e-05,2.160855e-05,1.486618e-05,6.747837e-06,7.927010e-06,1.166709e-05,4.765639e-06,1.753213e-05,9.562955e-07,9.709175e-07,2.818247e-08,6.187383e-06,2.388103e-06,2.156632e-06,9.188189e-07,2.107135e-06,2.409728e-06
22.583010,6.343063e-06,5.087186e-06,6.234132e-05,2.254806e-05,7.483825e-05,1.000716e-05,3.624988e-05,1.697364e-05,4.052585e-05,2.152647e-05,1.453555e-05,6.671323e-06,7.650759e-06,1.168167e-05,4.374757e-06,1.722994e-05,1.030792e-06,9.010504e-07,2.866985e-07,5.041380e-06,2.194358e-06,2.265702e-06,9.062068e-07,8.952248e-07,1.678145e-06
22.607420,6.209267e-06,4.887428e-06,6.138855e-05,2.211498e-05,7.416812e-05,9.779417e-06,3.579092e-05,1.638002e-05,3.848953e-05,2.030315e-05,1.391879e-05,6.131190e-06,6.901841e-06,1.113737e-05,4.183324e-06,1.500891e-05,9.205381e-07,7.915124e-07,4.830972e-07,3.934708e-06,1.935871e-06,2.351884e-06,8.661842e-07,9.373785e-07,8.589106e-07
22.631840,6.006875e-06,4.714633e-06,5.998031e-05,2.159060e-05,7.351931e-05,9.480291e-06,3.498484e-05,1.625904e-05,3.789751e-05,1.965869e-05,1.408313e-05,5.880603e-06,6.682910e-06,1.101368e-05,4.119278e-06,1.340888e-05,7.453082e-07,7.549498e-07,6.163768e-07,2.195265e-06,1.645569e-06,2.331504e-06,7.917154e-07,1.842665e-06,5.341852e-07
22.656250,5.865162e-06,4.600192e-06,5.917046e-05,2.106461e-05,7.309720e-05,9.057571e-06,3.413213e-05,1.600063e-05,3.777428e-05,1.970224e-05,1.403832e-05,5.959059e-06,6.900498e-06,1.078493e-05,3.652819e-06,1.238469e-05,7.567036e-07,7.230879e-07,7.550151e-07,4.949808e-07,1.291827e-06,2.192620e-06,6.763834e-07,2.629702e-06,9.474899e-07
22.680660,5.786921e-06,4.442910e-06,5.792473e-05,2.040568e-05,7.218996e-05,8.787923e-06,3.343603e-05,1.569705e-05,3.672377e-05,1.913006e-05,1.393791e-05,5.757266e-06,6.453847e-06,9.686483e-06,3.349645e-06,1.083308e-05,8.454822e-07,6.380114e-07,9.543224e-07,1.834292e-06,9.384995e-07,1.876715e-06,5.467478e-07,3.186439e-06,1.402690e-06
22.705080,5.710134e-06,4.280152e-06,5.621629e-05,1.986397e-05,7.160285e-05,8.590852e-06,3.331380e-05,1.519363e-05,3.562204e-05,1.839678e-05,1.362820e-05,5.647033e-06,5.887591e-06,8.982236e-06,3.653997e-06,9.660760e-06,8.488130e-07,5.776762e-07,1.118780e-06,3.339753e-06,6.027255e-07,1.474769e-06,4.046640e-07,3.497278e-06,1.638840e-06
22.729490,5.659330e-06,4.126611e-06,5.512861e-05,1.964614e-05,7.103602e-05,8.150168e-06,3.232855e-05,1.462485e-05,3.427893e-05,1.781266e-05,1.295953e-05,5.528171e-06,5.862225e-06,9.128726e-06,3.808727e-06,8.971101e-06,8.732142e-07,6.076127e-07,1.199414e-06,4.548524e-06,3.272910e-07,1.047879e-06,2.742530e-07,3.506117e-06,1.709849e-06
22.753910,5.627626e-06,3.992074e-06,5.425541e-05,1.918702e-05,6.891736e-05,7.782297e-06,3.108251e-05,1.448550e-05,3.359375e-05,1.736787e-05,1.306826e-05,5.212894e-06,5.801519e-06,8.726617e-06,3.683706e-06,7.851001e-06,9.653902e-07,5.480706e-07,1.185832e-06,6.078031e-06,3.763583e-08,6.450982e-07,1.570453e-07,3.199148e-06,1.635319e-06
22.778320,5.613137e-06,3.845681e-06,5.349752e-05,1.880928e-05,6.725253e-05,7.539454e-06,3.089708e-05,1.403032e-05,3.345295e-05,1.726219e-05,1.331951e-05,5.318644e-06,5.788331e-06,8.024732e-06,3.760558e-06,6.007006e-06,9.612213e-07,4.286289e-07,1.241564e-06,7.727094e-06,2.822108e-07,5.252279e-07,6.630568e-08,2.694574e-06,1.487142e-06
22.802730,5.509901e-06,3.735485e-06,5.234159e-05,1.868247e-05,6.592513e-05,7.244319e-06,3.044849e-05,1.311570e-05,3.192429e-05,1.660025e-05,1.288184e-05,5.557676e-06,5.829789e-06,7.828009e-06,3.742119e-06,5.864880e-06,8.984905e-07,4.175275e-07,1.305432e-06,8.520428e-06,6.458849e-07,7.402634e-07,2.412996e-08,2.101646e-06,1.327422e-06
22.827150,5.436111e-06,3.691976e-06,5.186943e-05,1.837461e-05,6.399677e-05,6.999050e-06,2.970618e-05,1.268945e-05,3.066292e-05,1.564005e-05,1.254859e-05,5.315984e-06,5.458335e-06,7.403725e-06,3.710409e-06,7.462765e-06,9.016852e-07,5.051349e-07,1.343927e-06,8.661783e-06,1.021299e-06,1.035097e-06,1.107003e-07,1.737718e-06,1.248873e-06
22.851560,5.355752e-06,3.620005e-06,5.111605e-05,1.805792e-05,6.229116e-05,6.768439e-06,2.903614e-05,1.237848e-05,3.080824e-05,1.546637e-05,1.248617e-05,5.148062e-06,5.021579e-06,7.175159e-06,4.055601e-06,8.097923e-06,9.992807e-07,5.223685e-07,1.265394e-06,8.579254e-06,1.346388e-06,1.233196e-06,1.948113e-07,1.991156e-06,1.304795e-06
22.875980,5.182035e-06,3.581157e-06,5.004195e-05,1.762188e-05,6.063778e-05,6.662117e-06,2.828909e-05,1.199484e-05,2.997426e-05,1.510201e-05,1.227416e-05,5.265356e-06,5.229497e-06,7.471908e-06,4.232219e-06,8.136346e-06,9.947964e-07,5.090802e-07,1.211106e-06,8.803964e-06,1.563529e-06,1.346964e-06,2.795247e-07,2.524827e-06,1.540980e-06
22.900390,5.012821e-06,3.556213e-06,4.951752e-05,1.735091e-05,5.982818e-05,6.583109e-06,2.789032e-05,1.160946e-05,2.876554e-05,1.430161e-05,1.208876e-05,5.214673e-06,5.380407e-06,7.223018e-06,3.957115e-06,8.853450e-06,9.198416e-07,5.499063e-07,1.182287e-06,8.906263e-06,1.725632e-06,1.319043e-06,3.593590e-07,3.111790e-06,1.780632e-06
22.924800,4.846662e-06,3.515340e-06,4.876074e-05,1.674529e-05,5.818018e-05,6.278817e-06,2.696381e-05,1.101392e-05,2.770911e-05,1.378159e-05,1.162967e-05,5.227972e-06,5.141689e-06,6.685556e-06,3.697375e-06,9.493135e-06,8.759293e-07,5.676466e-07,1.122623e-06,8.398620e-06,1.827316e-06,1.267791e-06,4.194393e-07,3.627257e-06,1.963170e-06
22.949220,4.691840e-06,3.447248e-06,4.777359e-05,1.600573e-05,5.711321e-05,6.128018e-06,2.577397e-05,1.063063e-05,2.678031e-05,1.338993e-05,1.107893e-05,5.254203e-06,5.065962e-06,6.908515e-06,3.716269e-06,9.388411e-06,8.381159e-07,5.442115e-07,9.774346e-07,7.644558e-06,1.875056e-06,1.223053e-06,4.726060e-07,3.937373e-06,2.066913e-06
22.973630,4.514653e-06,3.367457e-06,4.648741e-05,1.556544e-05,5.696927e-05,6.033858e-06,2.543937e-05,1.045092e-05,2.667597e-05,1.316501e-05,1.116684e-05,5.011220e-06,4.921958e-06,7.279596e-06,3.655173e-06,1.037000e-05,7.289559e-07,5.301501e-07,7.776083e-07,6.863948e-06,1.845069e-06,1.293228e-06,4.929842e-07,4.005509e-06,2.062552e-06
22.998050,4.387478e-06,3.302239e-06,4.535461e-05,1.505685e-05,5.587720e-05,5.865492e-06,2.461841e-05,9.892421e-06,2.613112e-05,1.289370e-05,1.098257e-05,4.926160e-06,4.733065e-06,7.161282e-06,3.514947e-06,1.145185e-05,6.202802e-07,5.936798e-07,6.128726e-07,6.538937e-06,1.696239e-06,1.400153e-06,5.003899e-07,3.794379e-06,1.993503e-06
23.022460,4.315799e-06,3.180482e-06,4.422422e-05,1.458329e-05,5.457032e-05,5.668957e-06,2.352519e-05,9.471139e-06,2.455746e-05,1.207906e-05,1.034445e-05,5.013656e-06,4.891851e-06,7.167269e-06,3.388212e-06,1.120537e-05,5.941264e-07,6.271755e-07,5.044596e-07,6.056643e-06,1.553473e-06,1.486307e-06,4.750239e-07,3.309376e-06,1.833811e-06
23.046880,4.200200e-06,3.048738e-06,4.251810e-05,1.417172e-05,5.306996e-05,5.432654e-06,2.241423e-05,9.352628e-06,2.393813e-05,1.150470e-05,1.010388e-05,4.744753e-06,4.911926e-06,7.046618e-06,3.009573e-06,9.979162e-06,5.727616e-07,5.817705e-07,3.634010e-07,5.385810e-06,1.396497e-06,1.586737e-06,4.376062e-07,2.593403e-06,1.569794e-06
23.071290,4.172627e-06,2.991260e-06,4.218480e-05,1.407711e-05,5.231525e-05,5.428815e-06,2.191273e-05,9.151176e-06,2.391319e-05,1.158012e-05,1.020064e-05,4.474556e-06,4.537815e-06,6.620341e-06,2.641807e-06,9.487982e-06,4.881813e-07,5.210177e-07,2.018196e-07,4.482689e-06,1.372710e-06,1.649518e-06,4.033355e-07,1.855889e-06,1.235715e-06
23.095700,4.145874e-06,2.929490e-06,4.200738e-05,1.411372e-05,5.153095e-05,5.334977e-06,2.178085e-05,9.033384e-06,2.312657e-05,1.120951e-05,1.016259e-05,4.353514e-06,4.428505e-06,6.771715e-06,2.619879e-06,9.375990e-06,3.877832e-07,4.970926e-07,3.706150e-08,3.794986e-06,1.329786e-06,1.693728e-06,3.732642e-07,1.207354e-06,8.603358e-07
23.120120,4.108925e-06,2.878674e-06,4.154284e-05,1.392685e-05,4.998513e-05,5.120542e-06,2.090999e-05,8.790627e-06,2.266568e-05,1.085418e-05,1.013603e-05,4.207464e-06,4.660899e-06,7.082328e-06,2.602328e-06,8.796719e-06,3.893996e-07,4.537668e-07,1.105204e-07,3.459346e-06,1.295218e-06,1.571730e-06,3.730334e-07,9.703079e-07,5.071435e-07
23.144530,4.037927e-06,2.841040e-06,4.098794e-05,1.395548e-05,4.945760e-05,5.059354e-06,2.031704e-05,8.571082e-06,2.189858e-05,1.061574e-05,9.783662e-06,4.103544e-06,4.668676e-06,6.722831e-06,2.309073e-06,8.083362e-06,4.205854e-07,4.013875e-07,1.719221e-07,2.878125e-06,1.227832e-06,1.413846e-06,3.619403e-07,1.252727e-06,4.830366e-07
23.168950,3.975807e-06,2.830837e-06,4.064991e-05,1.400158e-05,4.880026e-05,5.003648e-06,2.047823e-05,8.621991e-06,2.153060e-05,1.033957e-05,9.495407e-06,4.080532e-06,4.588354e-06,6.354252e-06,2.126520e-06,7.633359e-06,4.052798e-07,3.647308e-07,3.056126e-07,1.908338e-06,1.154201e-06,1.154496e-06,3.616056e-07,1.657314e-06,7.273947e-07
23.193360,3.918800e-06,2.793658e-06,4.029097e-05,1.386492e-05,4.781708e-05,4.890286e-06,2.025745e-05,8.324922e-06,2.150947e-05,1.037153e-05,9.815328e-06,3.834257e-06,4.539665e-06,6.310452e-06,2.153640e-06,6.720744e-06,4.313185e-07,3.781393e-07,4.628813e-07,8.957966e-07,1.073095e-06,9.229423e-07,3.436549e-07,2.022283e-06,9.502022e-07
23.217770,3.811482e-06,2.767361e-06,3.934423e-05,1.376183e-05,4.759910e-05,4.829095e-06,2.004878e-05,7.947649e-06,2.050056e-05,1.001079e-05,9.761863e-06,3.560264e-06,4.305538e-06,6.228566e-06,2.148490e-06,5.045021e-06,5.080272e-07,3.566667e-07,5.858750e-07,7.698535e-07,9.353912e-07,7.420847e-07,3.329575e-07,2.270313e-06,1.088522e-06
23.242190,3.738358e-06,2.759929e-06,3.865672e-05,1.355879e-05,4.741110e-05,4.766568e-06,2.003261e-05,7.826222e-06,1.993375e-05,9.546049e-06,9.506961e-06,3.657608e-06,4.310792e-06,6.134279e-06,2.347913e-06,4.237856e-06,4.956848e-07,2.861518e-07,6.091771e-07,1.364624e-06,7.478979e-07,5.889466e-07,2.989156e-07,2.369269e-06,1.132178e-06
23.266600,3.685551e-06,2.716208e-06,3.788868e-05,1.333389e-05,4.749383e-05,4.791188e-06,2.005469e-05,7.701974e-06,1.997382e-05,9.487067e-06,9.521970e-06,3.724916e-06,4.589642e-06,6.158243e-06,2.562919e-06,4.384658e-06,4.651888e-07,2.570322e-07,6.431202e-07,2.364501e-06,5.030306e-07,4.860762e-07,2.539169e-07,2.202871e-06,1.115670e-06
23.291020,3.623422e-06,2.665966e-06,3.655693e-05,1.291505e-05,4.725595e-05,4.691517e-06,2.024132e-05,7.611644e-06,1.953275e-05,9.292221e-06,9.374918e-06,3.550862e-06,4.543250e-06,5.903562e-06,2.439560e-06,3.941235e-06,5.268869e-07,3.132824e-07,7.173916e-07,3.448437e-06,2.946583e-07,3.694324e-07,2.026684e-07,1.897017e-06,1.017268e-06
23.315430,3.569001e-06,2.614487e-06,3.539132e-05,1.253704e-05,4.746242e-05,4.547164e-06,1.979938e-05,7.401162e-06,1.901087e-05,8.926960e-06,9.391419e-06,3.535931e-06,4.189292e-06,5.572654e-06,2.422298e-06,3.468051e-06,6.025790e-07,3.402628e-07,7.916186e-07,4.298250e-06,1.339530e-07,2.848031e-07,1.535005e-07,1.410381e-06,8.936082e-07
23.339840,3.531571e-06,2.566613e-06,3.436528e-05,1.236245e-05,4.783421e-05,4.553284e-06,1.973507e-05,7.101318e-06,1.834667e-05,8.662458e-06,9.238311e-06,3.545791e-06,4.025535e-06,5.771082e-06,2.699686e-06,3.780827e-06,6.121703e-07,3.306719e-07,7.907984e-07,4.792450e-06,1.508656e-07,1.423932e-07,1.246948e-07,9.174611e-07,7.177203e-07
23.364260,3.516798e-06,2.498303e-06,3.357284e-05,1.198492e-05,4.704128e-05,4.507552e-06,2.000575e-05,7.078695e-06,1.797050e-05,8.442011e-06,8.773796e-06,3.504247e-06,4.045219e-06,5.893685e-06,2.892954e-06,4.071129e-06,6.052038e-07,3.698812e-07,7.664731e-07,5.014686e-06,2.690035e-07,5.542777e-08,1.435844e-07,4.946339e-07,5.790106e-07
23.388670,3.453064e-06,2.434420e-06,3.264247e-05,1.159293e-05,4.634139e-05,4.418428e-06,1.962302e-05,6.943219e-06,1.834115e-05,8.470320e-06,8.726542e-06,3.621258e-06,3.928860e-06,5.553869e-06,2.923531e-06,4.674885e-06,6.210557e-07,3.970789e-07,7.819005e-07,5.343068e-06,3.853613e-07,3.092972e-07,1.727883e-07,4.424013e-07,5.623116e-07
23.413090,3.405836e-06,2.407486e-06,3.223750e-05,1.127947e-05,4.575624e-05,4.314019e-06,1.916874e-05,6.603597e-06,1.796191e-05,8.371837e-06,8.852375e-06,3.650829e-06,3.904397e-06,5.270387e-06,2.923474e-06,5.958115e-06,6.147657e-07,3.750260e-07,8.160871e-07,5.689584e-06,4.765099e-07,5.744308e-07,2.121642e-07,6.955070e-07,6.443106e-07
23.437500,3.374217e-06,2.359961e-06,3.227993e-05,1.100577e-05,4.497305e-05,4.219599e-06,1.882527e-05,6.557451e-06,1.723928e-05,7.862737e-06,8.558427e-06,3.493244e-06,3.824409e-06,5.205800e-06,2.877864e-06,6.775530e-06,5.597467e-07,3.731754e-07,7.750522e-07,5.863020e-06,5.641884e-07,8.126485e-07,2.414737e-07,1.007647e-06,7.505508e-07
23.461910,3.314104e-06,2.317985e-06,3.191217e-05,1.074476e-05,4.391237e-05,4.173680e-06,1.864441e-05,6.473653e-06,1.729899e-05,7.709040e-06,8.302121e-06,3.614492e-06,3.532095e-06,5.067297e-06,2.750037e-06,6.712490e-06,5.109772e-07,4.421284e-07,6.833973e-07,5.519728e-06,6.202268e-07,1.003895e-06,2.631671e-07,1.290820e-06,8.308681e-07
23.486330,3.260945e-06,2.286253e-06,3.188132e-05,1.042939e-05,4.255118e-05,4.019400e-06,1.845185e-05,6.361984e-06,1.697022e-05,7.678585e-06,8.205556e-06,3.752363e-06,3.522376e-06,5.093016e-06,2.805370e-06,6.611749e-06,5.232536e-07,4.850575e-07,5.717905e-07,5.115475e-06,7.102785e-07,1.133097e-06,2.761311e-07,1.430378e-06,8.843696e-07
23.510740,3.205369e-06,2.253574e-06,3.202324e-05,1.032723e-05,4.179600e-05,3.853921e-06,1.782065e-05,6.246885e-06,1.653104e-05,7.437677e-06,8.171987e-06,3.636817e-06,3.743061e-06,5.208814e-06,2.885364e-06,7.113423e-06,5.062050e-07,4.770104e-07,5.115243e-07,4.900549e-06,8.058493e-07,1.214339e-06,2.887624e-07,1.468153e-06,8.892957e-07
23.535160,3.156378e-06,2.215493e-06,3.211600e-05,1.014817e-05,4.053855e-05,3.812083e-06,1.764907e-05,5.979660e-06,1.606257e-05,7.277080e-06,8.312857e-06,3.594328e-06,3.628241e-06,4.902832e-06,2.701464e-06,7.492465e-06,4.219604e-07,4.414608e-07,4.270416e-07,4.830967e-06,9.037060e-07,1.244835e-06,3.112419e-07,1.362747e-06,8.896673e-07
23.559570,3.082033e-06,2.174538e-06,3.193966e-05,9.866410e-06,3.913830e-05,3.702954e-06,1.783009e-05,5.928073e-06,1.539652e-05,7.048994e-06,7.993382e-06,3.495510e-06,3.418467e-06,4.524739e-06,2.409010e-06,7.424096e-06,3.502344e-07,4.415326e-07,3.009308e-07,4.463016e-06,9.554811e-07,1.234719e-06,3.431524e-07,1.236592e-06,8.160001e-07
23.583980,3.027234e-06,2.152560e-06,3.166318e-05,9.724553e-06,3.845452e-05,3.603439e-06,1.755388e-05,5.915520e-06,1.534123e-05,6.974096e-06,7.555449e-06,3.310129e-06,3.459592e-06,4.692717e-06,2.325888e-06,7.531979e-06,3.397382e-07,4.257596e-07,1.729996e-07,3.831241e-06,9.550200e-07,1.207635e-06,3.716566e-07,1.162279e-06,7.248143e-07
23.608400,2.992747e-06,2.104601e-06,3.148714e-05,9.550917e-06,3.760455e-05,3.533015e-06,1.745443e-05,5.641939e-06,1.509620e-05,6.985700e-06,7.692437e-06,3.360804e-06,3.480274e-06,4.695093e-06,2.267366e-06,7.510456e-06,2.970797e-07,3.909915e-07,1.387217e-07,3.286640e-06,9.099304e-07,1.137556e-06,3.991408e-07,1.199000e-06,6.563312e-07
23.632810,2.922728e-06,2.053126e-06,3.078368e-05,9.395713e-06,3.681504e-05,3.486381e-06,1.739207e-05,5.487492e-06,1.424702e-05,6.653012e-06,7.677361e-06,3.354584e-06,3.476937e-06,4.449330e-06,2.107625e-06,6.769631e-06,2.620370e-07,3.689408e-07,1.546449e-07,2.928981e-06,8.564102e-07,1.079712e-06,4.117784e-07,1.290467e-06,6.868242e-07
23.657230,2.865963e-06,2.020688e-06,3.026942e-05,9.241521e-06,3.600719e-05,3.452804e-06,1.738671e-05,5.451015e-06,1.399894e-05,6.391234e-06,7.444929e-06,3.121716e-06,3.601811e-06,4.421320e-06,1.993529e-06,5.820034e-06,2.874198e-07,3.814418e-07,2.056699e-07,2.621365e-06,7.812327e-07,1.057192e-06,4.151926e-07,1.364291e-06,8.019527e-07
23.681640,2.819929e-06,1.978697e-06,3.002882e-05,9.159840e-06,3.544520e-05,3.324731e-06,1.725242e-05,5.367086e-06,1.393430e-05,6.381386e-06,7.296852e-06,2.991152e-06,3.430554e-06,4.280873e-06,1.837599e-06,5.591634e-06,3.090818e-07,3.574385e-07,3.046457e-07,1.880307e-06,6.771282e-07,1.040518e-06,3.964016e-07,1.464596e-06,9.172684e-07
23.706050,2.776506e-06,1.934027e-06,2.960168e-05,9.110505e-06,3.489222e-05,3.256147e-06,1.677179e-05,5.364415e-06,1.352048e-05,6.201846e-06,7.127489e-06,2.982103e-06,3.187216e-06,4.058437e-06,1.587147e-06,5.403325e-06,2.894266e-07,2.781566e-07,4.232351e-07,1.030461e-06,5.545576e-07,1.026314e-06,3.666079e-07,1.518639e-06,9.966303e-07
23.730470,2.748303e-06,1.901259e-06,2.943662e-05,8.919054e-06,3.402338e-05,3.285925e-06,1.687859e-05,5.280886e-06,1.329830e-05,6.004234e-06,7.162931e-06,2.925743e-06,3.358097e-06,4.231751e-06,1.651587e-06,4.763465e-06,2.970947e-07,2.232619e-07,4.894382e-07,3.952268e-07,4.494465e-07,9.492598e-07,3.253570e-07,1.559525e-06,1.022128e-06
23.754880,2.764815e-06,1.905840e-06,2.973112e-05,8.897635e-06,3.424376e-05,3.281620e-06,1.715906e-05,5.293888e-06,1.300517e-05,5.924814e-06,7.259933e-06,2.956187e-06,3.473743e-06,4.342085e-06,1.869095e-06,3.997404e-06,3.663387e-07,2.330441e-07,5.226914e-07,4.670981e-07,3.701660e-07,8.705658e-07,2.645937e-07,1.534112e-06,1.015257e-06
23.779300,2.819799e-06,1.900257e-06,3.030195e-05,8.940447e-06,3.477937e-05,3.275478e-06,1.684111e-05,5.446860e-06,1.304268e-05,5.849573e-06,6.939801e-06,2.997004e-06,3.432287e-06,4.090130e-06,1.834455e-06,3.526542e-06,4.160444e-07,2.363303e-07,5.541346e-07,9.322881e-07,3.206801e-07,7.433002e-07,2.032230e-07,1.389508e-06,9.783912e-07
23.803710,2.856458e-06,1.880073e-06,3.059267e-05,8.916783e-06,3.500139e-05,3.273366e-06,1.664860e-05,5.389816e-06,1.346999e-05,6.015167e-06,6.830807e-06,2.854161e-06,3.461762e-06,4.142994e-06,1.781979e-06,2.963961e-06,4.350191e-07,2.381372e-07,6.251283e-07,1.812639e-06,2.628460e-07,6.213213e-07,1.336363e-07,1.147959e-06,8.873777e-07
23.828120,2.895516e-06,1.884671e-06,3.081532e-05,8.906300e-06,3.532428e-05,3.273494e-06,1.656693e-05,5.345727e-06,1.328543e-05,6.010392e-06,7.083898e-06,2.922556e-06,3.380429e-06,4.340041e-06,1.902333e-06,2.559298e-06,4.574769e-07,2.834148e-07,6.605261e-07,2.672145e-06,1.837132e-07,4.429176e-07,8.534234e-08,8.472573e-07,7.670286e-07
23.852540,2.946371e-06,1.878898e-06,3.144758e-05,8.865274e-06,3.556419e-05,3.277124e-06,1.657974e-05,5.441460e-06,1.316708e-05,5.798908e-06,7.015207e-06,3.069481e-06,3.245603e-06,4.350704e-06,1.981618e-06,2.873171e-06,5.047445e-07,3.141990e-07,6.504266e-07,3.307935e-06,1.153218e-07,2.697287e-07,4.835351e-08,5.408884e-07,5.971400e-07
23.876950,2.981098e-06,1.878570e-06,3.178539e-05,8.915910e-06,3.610704e-05,3.209039e-06,1.658397e-05,5.470466e-06,1.337694e-05,5.808063e-06,6.879454e-06,2.950550e-06,3.345260e-06,4.464117e-06,2.109093e-06,3.216278e-06,4.987068e-07,3.126946e-07,6.132219e-07,3.676480e-06,1.540680e-07,1.518526e-07,4.203100e-08,3.255961e-07,4.065998e-07
23.901370,3.011683e-06,1.888049e-06,3.189450e-05,8.868364e-06,3.620844e-05,3.212004e-06,1.631506e-05,5.512252e-06,1.333873e-05,5.829242e-06,6.814939e-06,2.873997e-06,3.431121e-06,4.519441e-06,2.319272e-06,3.086909e-06,4.715575e-07,3.197326e-07,6.532231e-07,3.963945e-06,2.735029e-07,2.326006e-07,4.677077e-08,2.520809e-07,2.341675e-07
23.925780,3.036613e-06,1.909072e-06,3.193934e-05,8.771451e-06,3.623506e-05,3.262901e-06,1.655821e-05,5.456898e-06,1.334058e-05,5.776355e-06,6.762249e-06,2.965316e-06,3.224149e-06,4.253969e-06,2.284222e-06,3.194180e-06,4.769180e-07,3.821610e-07,6.938595e-07,4.301197e-06,4.265853e-07,3.626187e-07,5.807560e-08,3.183313e-07,1.298490e-07
23.950200,3.065601e-06,1.924452e-06,3.206313e-05,8.862142e-06,3.688439e-05,3.233265e-06,1.687509e-05,5.352363e-06,1.320917e-05,5.748663e-06,6.996509e-06,3.009185e-06,3.120105e-06,4.139294e-06,2.182335e-06,3.963202e-06,5.047441e-07,4.236286e-07,6.788380e-07,4.623851e-06,5.656141e-07,4.846913e-07,7.695697e-08,4.677027e-07,1.181236e-07
23.974610,3.048871e-06,1.943529e-06,3.200173e-05,8.863210e-06,3.687808e-05,3.249387e-06,1.673017e-05,5.457662e-06,1.307663e-05,5.670706e-06,6.989557e-06,3.087689e-06,3.314293e-06,4.388626e-06,2.282138e-06,4.659661e-06,4.889896e-07,4.282060e-07,6.166684e-07,4.678873e-06,7.117068e-07,5.592941e-07,1.194364e-07,6.033635e-07,1.604330e-07
23.999020,3.044844e-06,1.986958e-06,3.195447e-05,8.845530e-06,3.680636e-05,3.288735e-06,1.694289e-05,5.454480e-06,1.344253e-05,5.749699e-06,6.701078e-06,3.117063e-06,3.332239e-06,4.432170e-06,2.390248e-06,5.075522e-06,4.405154e-07,4.073358e-07,5.874046e-07,4.447173e-06,8.133780e-07,6.443779e-07,1.786880e-07,7.402919e-07,2.156361e-07
24.023440,3.062370e-06,2.007321e-06,3.235436e-05,8.841510e-06,3.685788e-05,3.324982e-06,1.720895e-05,5.283119e-06,1.344830e-05,5.856765e-06,6.779050e-06,2.982096e-06,3.419359e-06,4.212154e-06,2.360731e-06,5.502689e-06,4.032451e-07,4.156805e-07,5.763747e-07,4.125451e-06,8.534272e-07,7.075502e-07,2.409836e-07,8.792747e-07,2.750648e-07
24.047850,3.056629e-06,2.017167e-06,3.236319e-05,8.885581e-06,3.706789e-05,3.355461e-06,1.744225e-05,5.311081e-06,1.308783e-05,5.703117e-06,6.920759e-06,2.938916e-06,3.537004e-06,4.261372e-06,2.314253e-06,5.801115e-06,3.725150e-07,4.111551e-07,5.127635e-07,4.087279e-06,8.475005e-07,7.569665e-07,3.035563e-07,1.081547e-06,3.461878e-07
24.072270,3.058128e-06,2.030487e-06,3.231466e-05,8.885726e-06,3.708479e-05,3.332667e-06,1.758008e-05,5.361073e-06,1.330761e-05,5.658080e-06,6.845535e-06,3.080677e-06,3.390956e-06,4.214567e-06,2.286619e-06,5.594293e-06,3.047984e-07,3.753572e-07,3.877725e-07,3.929320e-06,8.014331e-07,7.932197e-07,3.514992e-07,1.319123e-06,4.126540e-07
24.096680,3.061194e-06,2.038104e-06,3.251248e-05,8.703322e-06,3.680738e-05,3.405719e-06,1.748149e-05,5.406622e-06,1.346170e-05,5.790960e-06,6.834739e-06,3.036767e-06,3.453635e-06,4.161294e-06,2.144656e-06,5.407238e-06,2.441149e-07,3.651629e-07,2.817148e-07,3.633272e-06,7.579837e-07,8.283905e-07,3.822394e-07,1.561187e-06,4.771547e-07
24.121090,3.075075e-06,2.038448e-06,3.270628e-05,8.670221e-06,3.742610e-05,3.477928e-06,1.790394e-05,5.508915e-06,1.338024e-05,5.756693e-06,6.782426e-06,2.932556e-06,3.809438e-06,4.438776e-06,2.153124e-06,5.879612e-06,2.392090e-07,3.918013e-07,2.093515e-07,3.075421e-06,7.091204e-07,8.823208e-07,3.860111e-07,1.707171e-06,5.626856e-07
24.145510,3.061786e-06,2.029152e-06,3.281645e-05,8.642937e-06,3.791228e-05,3.467520e-06,1.804620e-05,5.469405e-06,1.333606e-05,5.709413e-06,6.841986e-06,2.957775e-06,3.900521e-06,4.430738e-06,2.312495e-06,6.119061e-06,2.295807e-07,3.817583e-07,1.367523e-07,2.702361e-06,6.907128e-07,9.326698e-07,3.757527e-07,1.789743e-06,6.404069e-07
24.169920,3.054373e-06,2.042096e-06,3.278872e-05,8.498326e-06,3.785293e-05,3.482974e-06,1.769373e-05,5.548865e-06,1.300881e-05,5.648665e-06,7.071213e-06,2.881980e-06,3.718523e-06,4.180597e-06,2.215840e-06,5.690169e-06,1.825776e-07,3.227186e-07,6.912354e-08,2.528902e-06,6.672010e-07,9.354664e-07,3.533842e-07,1.719376e-06,7.175158e-07
24.194340,3.069994e-06,2.040807e-06,3.316678e-05,8.403861e-06,3.809814e-05,3.485786e-06,1.767425e-05,5.684475e-06,1.309845e-05,5.628811e-06,6.870332e-06,2.887593e-06,3.661597e-06,4.288534e-06,1.980960e-06,5.157698e-06,1.763405e-07,2.621100e-07,1.774822e-07,2.190792e-06,6.767004e-07,8.997638e-07,3.120038e-07,1.645496e-06,7.307876e-07
24.218750,3.055564e-06,2.030355e-06,3.332683e-05,8.314667e-06,3.825662e-05,3.491139e-06,1.776640e-05,5.580656e-06,1.343964e-05,5.815758e-06,6.608741e-06,3.010038e-06,3.687487e-06,4.545751e-06,1.966981e-06,4.990846e-06,2.387519e-07,2.351940e-07,2.881132e-07,1.575095e-06,6.964365e-07,8.250800e-07,2.782282e-07,1.508678e-06,7.094041e-07
24.243160,3.055817e-06,2.035340e-06,3.327639e-05,8.262980e-06,3.837628e-05,3.467317e-06,1.796450e-05,5.619815e-06,1.314878e-05,5.779953e-06,6.827025e-06,2.930358e-06,3.676456e-06,4.523526e-06,2.028202e-06,4.582265e-06,2.779231e-07,2.139104e-07,3.616026e-07,7.623126e-07,6.968313e-07,7.296316e-07,2.404580e-07,1.369227e-06,6.434047e-07
24.267580,3.062672e-06,2.029854e-06,3.357536e-05,8.152705e-06,3.809420e-05,3.414862e-06,1.799064e-05,5.718937e-06,1.313184e-05,5.590662e-06,6.898780e-06,2.828947e-06,3.763926e-06,4.413380e-06,2.060228e-06,4.036465e-06,3.134607e-07,1.922942e-07,4.047752e-07,2.272643e-07,6.721248e-07,6.242077e-07,2.346159e-07,1.163895e-06,5.791786e-07
24.291990,3.068954e-06,2.022810e-06,3.376720e-05,8.127662e-06,3.795174e-05,3.458144e-06,1.794293e-05,5.751597e-06,1.326242e-05,5.607947e-06,6.818670e-06,2.961859e-06,3.692798e-06,4.406707e-06,2.169761e-06,3.966557e-06,3.594740e-07,2.168345e-07,4.964971e-07,2.617230e-07,5.845029e-07,5.201251e-07,2.364845e-07,9.179662e-07,5.282198e-07
24.316410,3.078270e-06,2.012952e-06,3.389876e-05,8.234404e-06,3.808217e-05,3.455264e-06,1.845351e-05,5.820682e-06,1.314787e-05,5.569932e-06,6.767265e-06,3.012771e-06,3.355708e-06,4.310452e-06,2.163964e-06,3.825332e-06,4.140961e-07,2.432397e-07,5.693579e-07,8.863576e-07,4.719901e-07,4.162071e-07,2.406137e-07,6.716306e-07,4.843367e-07
24.340820,3.101321e-06,2.010363e-06,3.391467e-05,8.199574e-06,3.743772e-05,3.399440e-06,1.859220e-05,5.715255e-06,1.317021e-05,5.525038e-06,6.613766e-06,2.921637e-06,3.309212e-06,4.392151e-06,2.026744e-06,3.136779e-06,4.303772e-07,2.434527e-07,5.815881e-07,1.808858e-06,3.366771e-07,3.030605e-07,2.340711e-07,5.371472e-07,4.132227e-07
24.365230,3.172971e-06,2.002052e-06,3.393534e-05,8.193731e-06,3.700470e-05,3.417867e-06,1.848651e-05,5.699228e-06,1.291666e-05,5.477004e-06,6.806231e-06,2.891549e-06,3.393403e-06,4.670926e-06,2.111563e-06,2.627701e-06,4.350147e-07,2.517484e-07,5.418700e-07,2.594423e-06,2.180264e-07,2.298838e-07,2.100108e-07,5.328021e-07,3.346509e-07
24.389650,3.220671e-06,1.969703e-06,3.386896e-05,8.266530e-06,3.703443e-05,3.433652e-06,1.882235e-05,5.852926e-06,1.288910e-05,5.370572e-06,6.976181e-06,2.852547e-06,3.215346e-06,4.461654e-06,2.339927e-06,2.994813e-06,4.917789e-07,3.303771e-07,5.452846e-07,3.061843e-06,1.029517e-07,1.664213e-07,1.783036e-07,5.745098e-07,2.411568e-07
24.414060,3.276574e-06,1.962503e-06,3.329588e-05,8.283444e-06,3.685156e-05,3.445375e-06,1.904429e-05,5.776891e-06,1.332132e-05,5.474104e-06,6.728373e-06,2.851145e-06,3.007270e-06,4.149658e-06,2.363194e-06,3.200633e-06,5.463687e-07,3.978517e-07,5.676204e-07,3.458255e-06,6.175585e-08,9.355452e-08,1.352628e-07,5.273212e-07,2.093887e-07
24.438480,3.347640e-06,1.948698e-06,3.310335e-05,8.265769e-06,3.673480e-05,3.426221e-06,1.912789e-05,5.683760e-06,1.315534e-05,5.504691e-06,6.656160e-06,3.006179e-06,2.906976e-06,4.153864e-06,2.275174e-06,3.402425e-06,5.399948e-07,4.236271e-07,5.628017e-07,3.982446e-06,1.704554e-07,4.241555e-08,1.050704e-07,3.836800e-07,1.741875e-07
24.462890,3.399331e-06,1.937611e-06,3.292760e-05,8.184395e-06,3.660051e-05,3.408874e-06,1.909999e-05,5.754721e-06,1.292673e-05,5.315498e-06,6.720513e-06,3.008326e-06,2.764995e-06,4.094575e-06,2.264653e-06,3.858067e-06,5.119991e-07,4.318208e-07,5.160836e-07,4.467897e-06,2.673285e-07,1.979428e-07,1.135304e-07,1.925639e-07,1.488321e-07
24.487300,3.441290e-06,1.938883e-06,3.255605e-05,8.252364e-06,3.717938e-05,3.493660e-06,1.904822e-05,5.764255e-06,1.316381e-05,5.287961e-06,6.668285e-06,2.851072e-06,2.845143e-06,3.926346e-06,2.252117e-06,4.066592e-06,5.117859e-07,4.654586e-07,4.992465e-07,4.736177e-06,3.559991e-07,3.853581e-07,1.432215e-07,1.557861e-07,1.007963e-07
24.511720,3.467110e-06,1.956743e-06,3.228392e-05,8.263641e-06,3.747199e-05,3.533111e-06,1.936334e-05,5.855612e-06,1.321093e-05,5.361250e-06,6.655320e-06,2.903934e-06,3.047919e-06,3.897167e-06,2.222457e-06,4.102660e-06,4.937444e-07,4.903941e-07,5.010532e-07,4.670209e-06,4.353243e-07,5.675386e-07,1.862789e-07,4.254161e-07,1.362808e-07
24.536130,3.500668e-06,1.979743e-06,3.223006e-05,8.155858e-06,3.719155e-05,3.511333e-06,1.924042e-05,5.901918e-06,1.325408e-05,5.315470e-06,6.498016e-06,2.985999e-06,2.951263e-06,3.736482e-06,2.326926e-06,4.581636e-06,4.375315e-07,4.791068e-07,4.936305e-07,4.456723e-06,5.307407e-07,7.263298e-07,2.160142e-07,8.077038e-07,2.470842e-07
24.560550,3.485720e-06,1.996679e-06,3.235411e-05,8.185414e-06,3.764312e-05,3.565354e-06,1.873725e-05,5.891642e-06,1.319381e-05,5.288136e-06,6.438941e-06,2.925711e-06,2.862093e-06,3.448470e-06,2.249024e-06,5.374378e-06,3.903124e-07,4.747688e-07,4.300688e-07,4.295048e-06,6.384727e-07,9.046468e-07,2.365096e-07,1.180088e-06,3.881517e-07
24.584960,3.470360e-06,2.038744e-06,3.223906e-05,8.179908e-06,3.787603e-05,3.581770e-06,1.881745e-05,6.077016e-06,1.292724e-05,5.181189e-06,6.665909e-06,2.967760e-06,3.162144e-06,3.582744e-06,1.984078e-06,5.681398e-06,3.817114e-07,5.167267e-07,3.500535e-07,4.170338e-06,7.270208e-07,1.027878e-06,2.525167e-07,1.588426e-06,5.161576e-07
24.609380,3.475898e-06,2.064297e-06,3.265930e-05,8.174680e-06,3.796453e-05,3.607516e-06,1.879458e-05,6.132928e-06,1.319528e-05,5.168372e-06,6.604904e-06,2.939312e-06,3.404451e-06,3.813987e-06,1.955691e-06,5.568232e-06,3.507043e-07,5.304339e-07,3.133747e-07,3.849622e-06,7.865725e-07,1.129829e-06,2.667017e-07,1.879708e-06,6.508874e-07
24.633790,3.457535e-06,2.076634e-06,3.313914e-05,8.163389e-06,3.797188e-05,3.625931e-06,1.875418e-05,6.021848e-06,1.339359e-05,5.311534e-06,6.269937e-06,2.834781e-06,3.492858e-06,3.671273e-06,2.073064e-06,5.659388e-06,2.763444e-07,4.769862e-07,2.966437e-07,3.227750e-06,8.172468e-07,1.147193e-06,2.832710e-07,2.056239e-06,7.775359e-07
24.658200,3.461153e-06,2.093877e-06,3.316677e-05,8.240416e-06,3.820568e-05,3.634859e-06,1.859977e-05,6.108155e-06,1.314228e-05,5.246102e-06,6.251622e-06,2.940925e-06,3.631606e-06,3.686639e-06,2.075429e-06,5.800117e-06,2.039275e-07,4.142722e-07,2.393931e-07,2.662900e-06,8.136301e-07,1.116871e-06,3.016417e-07,2.100732e-06,8.677464e-07
24.682620,3.481901e-06,2.096306e-06,3.330687e-05,8.326324e-06,3.841825e-05,3.704768e-06,1.839519e-05,6.198334e-06,1.325754e-05,5.116926e-06,6.310937e-06,2.990781e-06,3.609618e-06,3.959258e-06,2.007809e-06,5.524769e-06,1.856181e-07,3.923509e-07,2.005246e-07,2.377424e-06,7.841552e-07,1.020466e-06,3.117699e-07,2.023498e-06,9.143942e-07
24.707030,3.520811e-06,2.088679e-06,3.329657e-05,8.234910e-06,3.792764e-05,3.671047e-06,1.858955e-05,6.221242e-06,1.339960e-05,5.147916e-06,6.289043e-06,2.852407e-06,3.500181e-06,4.064810e-06,1.961450e-06,5.298643e-06,1.535367e-07,3.562927e-07,2.407956e-07,2.186049e-06,7.438685e-07,9.126975e-07,3.234103e-07,1.860229e-06,8.805418e-07
24.731450,3.537542e-06,2.065970e-06,3.326799e-05,8.241669e-06,3.809823e-05,3.632830e-06,1.831717e-05,6.272229e-06,1.324260e-05,5.117427e-06,6.235460e-06,2.841666e-06,3.677204e-06,4.275526e-06,1.854556e-06,5.533226e-06,1.569627e-07,2.920630e-07,2.932081e-07,1.611740e-06,6.650232e-07,8.167791e-07,3.237464e-07,1.689122e-06,7.856064e-07
24.755860,3.555438e-06,2.067620e-06,3.303968e-05,8.296193e-06,3.861150e-05,3.657928e-06,1.801218e-05,6.138865e-06,1.323247e-05,5.055518e-06,6.030975e-06,2.884309e-06,3.813833e-06,4.538081e-06,1.873569e-06,5.349816e-06,2.202507e-07,2.508663e-07,3.054487e-07,1.130553e-06,5.847709e-07,7.377801e-07,3.172949e-07,1.486163e-06,6.601332e-07
24.780270,3.604316e-06,2.064988e-06,3.320800e-05,8.232371e-06,3.857250e-05,3.637075e-06,1.817051e-05,6.171006e-06,1.297917e-05,5.032421e-06,6.033991e-06,2.854654e-06,3.569032e-06,4.422109e-06,2.098934e-06,4.626272e-06,2.501466e-07,2.313431e-07,3.580781e-07,1.057002e-06,4.855033e-07,7.123100e-07,2.981314e-07,1.360268e-06,5.395818e-07
24.804690,3.607185e-06,2.053784e-06,3.356121e-05,8.157011e-06,3.873452e-05,3.611736e-06,1.813079e-05,6.305085e-06,1.298845e-05,4.940242e-06,6.260862e-06,2.863224e-06,3.434315e-06,4.288452e-06,2.124942e-06,4.185947e-06,2.665135e-07,1.888689e-07,4.412044e-07,1.112655e-06,4.412106e-07,7.019373e-07,2.662075e-07,1.256388e-06,4.806555e-07
24.829100,3.609896e-06,2.063197e-06,3.347539e-05,8.091394e-06,3.903704e-05,3.557643e-06,1.810462e-05,6.160444e-06,1.345610e-05,5.047986e-06,6.165288e-06,2.798678e-06,3.458230e-06,4.623274e-06,1.967021e-06,4.172882e-06,3.196066e-07,1.341971e-07,5.165606e-07,1.075841e-06,4.148779e-07,7.081859e-07,2.266715e-07,1.303081e-06,4.629011e-07
24.853520,3.611273e-06,2.071615e-06,3.372323e-05,8.123733e-06,3.963667e-05,3.523438e-06,1.803407e-05,6.182660e-06,1.321557e-05,5.072596e-06,5.972313e-06,2.589224e-06,3.351255e-06,4.764300e-06,2.012116e-06,3.975748e-06,4.002558e-07,1.896348e-07,5.301562e-07,1.281648e-06,3.954865e-07,6.886066e-07,1.755007e-07,1.393351e-06,4.860511e-07
24.877930,3.586403e-06,2.084934e-06,3.399407e-05,8.016367e-06,3.948068e-05,3.550550e-06,1.808343e-05,6.243554e-06,1.316920e-05,4.880312e-06,6.056852e-06,2.562921e-06,3.287329e-06,4.635095e-06,2.127763e-06,3.732754e-06,4.423658e-07,2.611249e-07,5.316207e-07,1.758297e-06,3.528087e-07,6.364088e-07,1.367733e-07,1.468049e-06,5.053153e-07
24.902340,3.549732e-06,2.093774e-06,3.417603e-05,7.936729e-06,3.930098e-05,3.469893e-06,1.846883e-05,6.285744e-06,1.338320e-05,4.873847e-06,6.036527e-06,2.643517e-06,3.192800e-06,4.617048e-06,2.159352e-06,3.679712e-06,4.601198e-07,3.002975e-07,5.374050e-07,2.287606e-06,2.716941e-07,5.260914e-07,9.191511e-08,1.431228e-06,5.253200e-07
24.926760,3.512376e-06,2.109565e-06,3.409744e-05,8.033432e-06,3.979052e-05,3.418100e-06,1.823404e-05,6.392657e-06,1.343270e-05,4.884428e-06,6.032251e-06,2.541100e-06,2.871360e-06,4.482936e-06,2.245964e-06,3.570148e-06,4.730684e-07,3.545035e-07,5.641472e-07,2.544866e-06,1.973914e-07,3.594491e-07,6.590416e-08,1.283782e-06,5.322627e-07
24.951170,3.511678e-06,2.116756e-06,3.388649e-05,8.069135e-06,3.961278e-05,3.424015e-06,1.807445e-05,6.357484e-06,1.359838e-05,4.882314e-06,5.982538e-06,2.448313e-06,2.716451e-06,4.263128e-06,2.293000e-06,3.269831e-06,4.984740e-07,4.193377e-07,5.534667e-07,2.863593e-06,1.602893e-07,1.722724e-07,3.887206e-08,1.040604e-06,4.969801e-07
24.975590,3.487346e-06,2.100072e-06,3.369525e-05,8.160258e-06,3.956214e-05,3.385996e-06,1.831749e-05,6.445453e-06,1.344005e-05,4.864800e-06,5.779705e-06,2.436589e-06,2.840133e-06,4.282247e-06,2.152776e-06,3.581069e-06,4.888531e-07,4.486143e-07,5.082676e-07,3.336444e-06,2.310802e-07,1.139297e-07,3.608265e-08,7.829793e-07,4.004827e-07
25.000000,3.481457e-06,2.097530e-06,3.292847e-05,8.308359e-06,3.944023e-05,3.383002e-06,1.828677e-05,6.664033e-06,1.328141e-05,4.729963e-06,5.949812e-06,2.385368e-06,2.813805e-06,4.194177e-06,2.162363e-06,4.354362e-06,4.576347e-07,4.556912e-07,4.761040e-07,3.862712e-06,3.760022e-07,2.601189e-07,5.337463e-08,5.465855e-07,2.703273e-07
25.024410,3.502547e-06,2.082303e-06,3.224751e-05,8.491196e-06,3.922930e-05,3.378164e-06,1.826747e-05,6.581953e-06,1.368938e-05,4.760980e-06,6.052835e-06,2.408789e-06,2.668198e-06,3.795204e-06,2.353935e-06,4.557748e-06,4.596828e-07,4.842885e-07,4.775223e-07,4.142903e-06,5.245241e-07,4.008857e-07,8.321930e-08,4.785630e-07,1.121533e-07
25.048830,3.505840e-06,2.056622e-06,3.171657e-05,8.602446e-06,3.899928e-05,3.428495e-06,1.807878e-05,6.506687e-06,1.371840e-05,4.887140e-06,5.845186e-06,2.464404e-06,2.666944e-06,3.546509e-06,2.347242e-06,4.422580e-06,4.793666e-07,5.357506e-07,4.523910e-07,4.065666e-06,6.623971e-07,5.478207e-07,1.135733e-07,5.653327e-07,9.885826e-08
25.073240,3.507069e-06,2.037765e-06,3.104729e-05,8.605975e-06,3.857621e-05,3.470909e-06,1.798290e-05,6.666551e-06,1.349642e-05,4.781199e-06,5.717265e-06,2.356647e-06,2.689539e-06,3.549899e-06,2.218078e-06,4.702897e-06,4.405396e-07,5.572580e-07,3.684394e-07,3.966956e-06,7.484746e-07,6.476151e-07,1.610737e-07,7.258878e-07,2.361929e-07
25.097660,3.502928e-06,2.027119e-06,3.062833e-05,8.745724e-06,3.911066e-05,3.426428e-06,1.793444e-05,6.701849e-06,1.385669e-05,4.732558e-06,5.684556e-06,2.311683e-06,2.775727e-06,3.434544e-06,2.152494e-06,4.957975e-06,3.782203e-07,5.304771e-07,2.703509e-07,3.940611e-06,7.911500e-07,7.128627e-07,2.125243e-07,9.134224e-07,3.524151e-07
25.122070,3.518402e-06,2.019327e-06,3.042364e-05,8.813239e-06,3.965323e-05,3.460308e-06,1.737140e-05,6.798177e-06,1.391767e-05,4.779341e-06,5.705421e-06,2.445779e-06,3.065163e-06,3.335996e-06,2.108251e-06,4.937342e-06,3.279283e-07,4.962365e-07,2.384077e-07,3.772625e-06,8.111451e-07,7.335917e-07,2.636012e-07,1.048094e-06,4.672147e-07
25.146480,3.520486e-06,2.014603e-06,3.082494e-05,8.789685e-06,4.002767e-05,3.536005e-06,1.721911e-05,6.800892e-06,1.399827e-05,4.744197e-06,5.817306e-06,2.468186e-06,3.170038e-06,3.400988e-06,2.132514e-06,5.326658e-06,2.886792e-07,5.018580e-07,2.142424e-07,3.365961e-06,8.025749e-07,7.494676e-07,3.104952e-07,1.104181e-06,5.766783e-07
25.170900,3.521866e-06,2.038944e-06,3.104707e-05,8.814411e-06,4.113338e-05,3.551125e-06,1.736954e-05,6.768630e-06,1.409828e-05,4.787979e-06,5.682940e-06,2.402539e-06,3.076026e-06,3.295080e-06,2.299988e-06,5.823255e-06,2.286704e-07,4.878674e-07,1.765461e-07,2.744993e-06,7.743778e-07,7.838414e-07,3.433928e-07,1.125964e-06,6.643432e-07
25.195310,3.539884e-06,2.062013e-06,3.152474e-05,8.808293e-06,4.233254e-05,3.585850e-06,1.715880e-05,6.966792e-06,1.391361e-05,4.770473e-06,5.580360e-06,2.478361e-06,3.200465e-06,3.441306e-06,2.329097e-06,5.770879e-06,1.813213e-07,4.272458e-07,1.847725e-07,2.177650e-06,7.102330e-07,8.181454e-07,3.687337e-07,1.116261e-06,7.118774e-07
25.219730,3.531154e-06,2.078963e-06,3.232612e-05,8.793091e-06,4.351943e-05,3.603487e-06,1.701890e-05,6.999576e-06,1.434466e-05,4.781365e-06,5.905496e-06,2.485092e-06,3.425748e-06,3.938213e-06,2.144356e-06,5.372884e-06,1.782873e-07,3.962603e-07,2.627860e-07,1.763815e-06,6.603736e-07,8.768854e-07,3.832843e-07,1.144830e-06,7.131773e-07
25.244140,3.540297e-06,2.103250e-06,3.276295e-05,8.670687e-06,4.422341e-05,3.659773e-06,1.685207e-05,6.927503e-06,1.475552e-05,4.963893e-06,5.973195e-06,2.546878e-06,3.419528e-06,4.136261e-06,2.106794e-06,5.450507e-06,1.649781e-07,3.916069e-07,2.961241e-07,1.354292e-06,6.428255e-07,8.720973e-07,3.780077e-07,1.189277e-06,6.401468e-07
25.268550,3.554596e-06,2.115347e-06,3.318277e-05,8.627074e-06,4.510958e-05,3.694948e-06,1.686937e-05,7.033018e-06,1.467840e-05,4.990378e-06,5.854200e-06,2.682082e-06,3.361052e-06,4.050559e-06,2.254227e-06,5.851858e-06,1.425342e-07,3.392791e-07,3.069820e-07,7.972082e-07,6.783509e-07,8.717795e-07,3.590666e-07,1.212968e-06,5.648924e-07
25.292970,3.578665e-06,2.123692e-06,3.348856e-05,8.710843e-06,4.625679e-05,3.653004e-06,1.697938e-05,7.128618e-06,1.491988e-05,4.912949e-06,5.929898e-06,2.599010e-06,3.357703e-06,4.213480e-06,2.294649e-06,5.789627e-06,1.894010e-07,2.412786e-07,3.539729e-07,6.258231e-07,7.218798e-07,8.239959e-07,3.174679e-07,1.262710e-06,4.721539e-07
25.317380,3.593185e-06,2.118889e-06,3.376322e-05,8.671442e-06,4.635006e-05,3.718173e-06,1.667693e-05,7.270845e-06,1.526299e-05,4.963952e-06,5.968101e-06,2.488843e-06,3.218604e-06,4.441940e-06,2.250565e-06,5.590364e-06,2.848747e-07,1.803590e-07,4.398638e-07,1.199257e-06,7.359319e-07,7.761646e-07,2.794073e-07,1.332474e-06,4.454225e-07
25.341800,3.606371e-06,2.123483e-06,3.389780e-05,8.687314e-06,4.631031e-05,3.782679e-06,1.680460e-05,7.359192e-06,1.553353e-05,5.013383e-06,6.107647e-06,2.548298e-06,3.208448e-06,4.501799e-06,2.257095e-06,5.730763e-06,3.371571e-07,1.794922e-07,4.753622e-07,1.592493e-06,7.058301e-07,6.916864e-07,2.347119e-07,1.439697e-06,4.396123e-07
25.366210,3.657929e-06,2.128953e-06,3.394813e-05,8.763374e-06,4.640767e-05,3.831211e-06,1.718059e-05,7.340224e-06,1.585910e-05,5.074587e-06,6.148664e-06,2.541424e-06,3.374581e-06,4.730924e-06,2.152067e-06,5.671786e-06,3.768464e-07,2.019134e-07,4.775128e-07,1.760366e-06,6.437075e-07,5.724794e-07,2.132191e-07,1.556455e-06,4.637401e-07
25.390620,3.681745e-06,2.115156e-06,3.436347e-05,8.784241e-06,4.604619e-05,3.938387e-06,1.729691e-05,7.621523e-06,1.576902e-05,5.089026e-06,5.942030e-06,2.511682e-06,3.168023e-06,4.839092e-06,2.053896e-06,5.244798e-06,4.404721e-07,2.483006e-07,4.835993e-07,2.101911e-06,5.446759e-07,4.502157e-07,1.992012e-07,1.586759e-06,5.118248e-07
25.415040,3.716775e-06,2.120856e-06,3.457127e-05,8.798861e-06,4.570234e-05,4.037964e-06,1.751369e-05,7.836552e-06,1.595700e-05,5.003643e-06,6.036828e-06,2.529832e-06,2.863525e-06,4.528048e-06,2.221189e-06,5.513113e-06,4.857428e-07,3.358497e-07,5.138270e-07,2.616415e-06,4.167283e-07,3.278841e-07,1.962801e-07,1.529727e-06,5.605975e-07
25.439450,3.777414e-06,2.125597e-06,3.479732e-05,8.802941e-06,4.534151e-05,4.159492e-06,1.761327e-05,7.722141e-06,1.661402e-05,5.130207e-06,6.320778e-06,2.465602e-06,2.906393e-06,4.525941e-06,2.290389e-06,6.076913e-06,4.959929e-07,4.064070e-07,5.200305e-07,2.890258e-06,2.639340e-07,2.544808e-07,1.905673e-07,1.337872e-06,5.900955e-07
25.463870,3.833375e-06,2.124511e-06,3.529799e-05,8.953241e-06,4.553048e-05,4.223474e-06,1.780671e-05,7.814664e-06,1.650403e-05,5.267723e-06,6.268577e-06,2.433476e-06,2.912276e-06,4.735295e-06,2.062777e-06,5.990961e-06,5.273221e-07,4.366172e-07,4.912769e-07,2.891209e-06,9.990504e-08,1.770783e-07,1.737246e-07,1.097675e-06,5.831227e-07
25.488280,3.898333e-06,2.124598e-06,3.567747e-05,9.031960e-06,4.546963e-05,4.230012e-06,1.797035e-05,7.974160e-06,1.654551e-05,5.183894e-06,6.164044e-06,2.577809e-06,2.903023e-06,4.503830e-06,1.990377e-06,5.672486e-06,5.889821e-07,5.016853e-07,4.654501e-07,2.945341e-06,1.423509e-07,8.837084e-08,1.510446e-07,8.372055e-07,5.057823e-07
25.512700,3.963956e-06,2.130444e-06,3.609100e-05,8.978143e-06,4.470132e-05,4.331723e-06,1.776653e-05,8.097622e-06,1.699496e-05,5.223632e-06,6.139281e-06,2.601449e-06,2.971959e-06,4.253297e-06,2.139632e-06,5.779970e-06,6.224263e-07,6.157218e-07,4.950761e-07,3.394749e-06,3.103506e-07,6.569144e-08,9.879794e-08,6.314612e-07,4.096256e-07
25.537110,4.074974e-06,2.149021e-06,3.640931e-05,9.113124e-06,4.489768e-05,4.387674e-06,1.795408e-05,8.250412e-06,1.707943e-05,5.299158e-06,6.135067e-06,2.499567e-06,2.854762e-06,4.177749e-06,2.206671e-06,5.955869e-06,6.030714e-07,6.852743e-07,5.145621e-07,3.753392e-06,4.639085e-07,2.410574e-07,5.173910e-08,6.026114e-07,3.028670e-07
25.561520,4.160383e-06,2.146375e-06,3.704495e-05,9.236062e-06,4.516252e-05,4.369329e-06,1.822917e-05,8.171060e-06,1.723752e-05,5.297761e-06,6.337208e-06,2.588677e-06,2.779025e-06,3.953649e-06,2.310839e-06,5.805860e-06,5.643755e-07,6.975376e-07,4.908663e-07,3.866733e-06,6.152638e-07,4.522836e-07,7.401002e-08,7.374516e-07,2.862479e-07
25.585940,4.248534e-06,2.166824e-06,3.737657e-05,9.318293e-06,4.510027e-05,4.391489e-06,1.803351e-05,8.211010e-06,1.710534e-05,5.329204e-06,6.256013e-06,2.676763e-06,3.084781e-06,3.884824e-06,2.407692e-06,6.175610e-06,5.517698e-07,7.296490e-07,4.274645e-07,3.801072e-06,7.564819e-07,6.750583e-07,1.427453e-07,9.197937e-07,3.585421e-07
25.610350,4.342872e-06,2.186138e-06,3.740383e-05,9.412842e-06,4.515819e-05,4.385883e-06,1.803752e-05,8.426554e-06,1.685316e-05,5.256442e-06,6.060136e-06,2.694160e-06,3.319478e-06,4.041341e-06,2.245208e-06,6.644564e-06,5.303826e-07,7.679826e-07,3.931854e-07,3.933002e-06,9.304512e-07,9.033392e-07,2.169473e-07,1.034728e-06,4.527634e-07
25.634770,4.387019e-06,2.208955e-06,3.774150e-05,9.571355e-06,4.530858e-05,4.399076e-06,1.812250e-05,8.352670e-06,1.747664e-05,5.271328e-06,6.314029e-06,2.774031e-06,3.304771e-06,3.880494e-06,2.247801e-06,6.356847e-06,4.818152e-07,7.750517e-07,3.725893e-07,4.088303e-06,1.062248e-06,1.130194e-06,2.807349e-07,1.080083e-06,5.314140e-07
25.659180,4.430636e-06,2.256184e-06,3.781359e-05,9.791607e-06,4.583952e-05,4.386604e-06,1.828114e-05,8.323494e-06,1.783787e-05,5.468369e-06,6.493770e-06,2.710990e-06,3.429813e-06,3.660070e-06,2.600959e-06,5.732169e-06,4.410058e-07,7.421230e-07,3.134526e-07,3.933828e-06,1.174163e-06,1.347110e-06,3.282113e-07,9.830723e-07,5.974106e-07
25.683590,4.462021e-06,2.310408e-06,3.791773e-05,9.788630e-06,4.536179e-05,4.340543e-06,1.851091e-05,8.509798e-06,1.771873e-05,5.449046e-06,6.442266e-06,2.643408e-06,3.624541e-06,3.988096e-06,2.715543e-06,5.755856e-06,4.370878e-07,7.268176e-07,2.424154e-07,3.468510e-06,1.225361e-06,1.467459e-06,3.585513e-07,9.249778e-07,6.172531e-07
25.708010,4.509255e-06,2.367371e-06,3.791246e-05,9.929234e-06,4.551867e-05,4.421702e-06,1.838912e-05,8.591372e-06,1.812462e-05,5.348573e-06,6.461591e-06,2.801750e-06,3.687766e-06,4.354731e-06,2.714000e-06,5.918671e-06,3.893224e-07,7.354174e-07,2.491363e-07,3.011884e-06,1.259355e-06,1.529535e-06,3.726934e-07,9.446862e-07,5.849734e-07
25.732420,4.515620e-06,2.403383e-06,3.801883e-05,1.009237e-05,4.623245e-05,4.454708e-06,1.877790e-05,8.696804e-06,1.851372e-05,5.415382e-06,6.488566e-06,2.885578e-06,3.909443e-06,4.528247e-06,2.774057e-06,5.666659e-06,2.946170e-07,7.054158e-07,2.988863e-07,2.676956e-06,1.252895e-06,1.464765e-06,3.642523e-07,1.149925e-06,5.204707e-07
25.756840,4.517171e-06,2.460087e-06,3.793379e-05,1.012513e-05,4.630400e-05,4.470896e-06,1.925715e-05,8.711384e-06,1.870848e-05,5.452942e-06,6.641558e-06,2.793012e-06,4.024199e-06,4.889092e-06,2.804421e-06,5.519522e-06,2.133133e-07,6.001448e-07,3.216878e-07,2.383694e-06,1.185108e-06,1.353710e-06,3.452624e-07,1.431655e-06,4.422146e-07
25.781250,4.553255e-06,2.506594e-06,3.765928e-05,1.023521e-05,4.678980e-05,4.573344e-06,1.929522e-05,8.683759e-06,1.904565e-05,5.495323e-06,6.809255e-06,2.745292e-06,3.791927e-06,5.044912e-06,2.830299e-06,5.578648e-06,1.964293e-07,5.054997e-07,3.310501e-07,1.804366e-06,1.074830e-06,1.173707e-06,3.010742e-07,1.702076e-06,4.525042e-07
25.805660,4.547793e-06,2.530726e-06,3.794902e-05,1.041412e-05,4.743418e-05,4.633119e-06,1.957343e-05,8.942710e-06,1.892945e-05,5.526389e-06,6.594682e-06,2.745460e-06,3.749027e-06,5.016142e-06,3.026942e-06,5.346046e-06,1.752853e-07,4.426798e-07,4.204543e-07,1.269918e-06,9.088936e-07,9.470772e-07,2.663367e-07,1.971660e-06,5.281345e-07
25.830080,4.551024e-06,2.566094e-06,3.797437e-05,1.067820e-05,4.822575e-05,4.712354e-06,1.967331e-05,8.987687e-06,1.917043e-05,5.461353e-06,6.504514e-06,2.676170e-06,3.983411e-06,5.437666e-06,3.159577e-06,4.878939e-06,1.834107e-07,3.769116e-07,5.251264e-07,1.319814e-06,7.398232e-07,7.335642e-07,2.317675e-07,2.187555e-06,6.237621e-07
25.854490,4.549354e-06,2.590957e-06,3.797264e-05,1.074536e-05,4.820418e-05,4.679097e-06,1.985334e-05,8.755131e-06,1.983125e-05,5.586284e-06,6.850138e-06,2.683368e-06,3.990380e-06,5.813975e-06,2.928007e-06,5.341475e-06,2.441506e-07,2.573310e-07,5.821114e-07,1.643261e-06,6.058513e-07,5.533591e-07,2.087564e-07,2.325861e-06,7.044115e-07
25.878910,4.489799e-06,2.581514e-06,3.760913e-05,1.070792e-05,4.751894e-05,4.613751e-06,1.958731e-05,8.719474e-06,1.939036e-05,5.658291e-06,6.886418e-06,2.618661e-06,3.813569e-06,5.614170e-06,2.741129e-06,6.000358e-06,2.776628e-07,2.031898e-07,5.854304e-07,1.856638e-06,5.812755e-07,5.553474e-07,1.875552e-07,2.315748e-06,7.138404e-07
25.903320,4.387340e-06,2.544604e-06,3.714209e-05,1.080719e-05,4.778964e-05,4.617003e-06,1.903605e-05,8.629194e-06,1.916441e-05,5.478855e-06,6.696568e-06,2.403681e-06,3.667162e-06,5.458205e-06,2.840904e-06,5.729730e-06,3.086965e-07,1.953385e-07,6.195440e-07,2.067474e-06,5.736531e-07,6.244497e-07,1.704079e-07,2.118202e-06,7.058478e-07
25.927730,4.273596e-06,2.521511e-06,3.667300e-05,1.073310e-05,4.735162e-05,4.487525e-06,1.905969e-05,8.601148e-06,1.930853e-05,5.447681e-06,6.561159e-06,2.385881e-06,3.441363e-06,5.495183e-06,2.771676e-06,5.504602e-06,3.853252e-07,1.639085e-07,6.421448e-07,2.475049e-06,5.708793e-07,7.250867e-07,1.616509e-07,1.801030e-06,6.560296e-07
25.952150,4.195079e-06,2.498491e-06,3.597412e-05,1.064933e-05,4.677684e-05,4.370540e-06,1.878581e-05,8.538434e-06,1.901213e-05,5.409621e-06,6.392221e-06,2.466683e-06,3.357576e-06,5.394061e-06,2.611350e-06,6.011843e-06,4.766221e-07,2.247603e-07,6.318622e-07,2.921304e-06,5.561000e-07,7.303719e-07,1.364164e-07,1.336063e-06,5.828531e-07
25.976560,4.093469e-06,2.453996e-06,3.568007e-05,1.056125e-05,4.652537e-05,4.296469e-06,1.812663e-05,8.236185e-06,1.888972e-05,5.312191e-06,6.418901e-06,2.364583e-06,3.490455e-06,5.288869e-06,2.511461e-06,6.365773e-06,5.104368e-07,3.540845e-07,5.673269e-07,2.985048e-06,4.888834e-07,6.446282e-07,1.173217e-07,8.714005e-07,4.758427e-07
26.000980,4.021193e-06,2.425188e-06,3.531219e-05,1.045988e-05,4.632928e-05,4.189008e-06,1.779256e-05,8.277151e-06,1.824390e-05,5.272415e-06,6.434200e-06,2.317272e-06,3.393194e-06,5.192045e-06,2.261086e-06,6.315499e-06,5.054260e-07,4.468417e-07,5.253979e-07,2.960597e-06,4.125646e-07,4.836543e-07,7.999434e-08,4.127411e-07,3.345728e-07
26.025390,4.011314e-06,2.382493e-06,3.466115e-05,1.029003e-05,4.611678e-05,4.108594e-06,1.739458e-05,8.303376e-06,1.768882e-05,5.089420e-06,6.103440e-06,2.346171e-06,3.067207e-06,4.797895e-06,2.103119e-06,6.823343e-06,5.077079e-07,4.954217e-07,5.069554e-07,3.057261e-06,2.761563e-07,2.693268e-07,4.540757e-08,5.820320e-08,2.331469e-07
26.049800,3.973098e-06,2.324025e-06,3.420796e-05,1.001753e-05,4.554032e-05,3.991374e-06,1.716690e-05,8.045660e-06,1.803355e-05,5.057304e-06,6.067406e-06,2.367211e-06,3.028373e-06,4.410493e-06,2.315558e-06,7.261445e-06,5.229030e-07,5.785350e-07,4.892884e-07,3.305158e-06,2.256517e-07,4.908722e-08,2.547656e-08,3.364614e-07,2.350365e-07
26.074220,3.942374e-06,2.265709e-06,3.349524e-05,9.934648e-06,4.564968e-05,3.950591e-06,1.681805e-05,7.999341e-06,1.775947e-05,5.165402e-06,6.199963e-06,2.455854e-06,3.102134e-06,4.485858e-06,2.443750e-06,6.868854e-06,5.127402e-07,6.530935e-07,4.363559e-07,3.449045e-06,3.881987e-07,2.378437e-07,5.754888e-08,5.657005e-07,3.188586e-07
26.098630,3.910969e-06,2.213283e-06,3.273589e-05,9.800077e-06,4.576433e-05,3.957614e-06,1.641015e-05,7.987304e-06,1.733066e-05,5.053812e-06,6.113045e-06,2.514090e-06,3.026112e-06,4.438896e-06,2.290800e-06,6.317305e-06,4.966274e-07,6.796988e-07,3.546571e-07,3.284220e-06,5.954867e-07,4.945933e-07,8.881547e-08,7.270824e-07,3.865970e-07
26.123050,3.910658e-06,2.170579e-06,3.185393e-05,9.575341e-06,4.501108e-05,3.875300e-06,1.646754e-05,8.013632e-06,1.732295e-05,4.930419e-06,6.054040e-06,2.414088e-06,3.040166e-06,4.023243e-06,2.235988e-06,6.504963e-06,4.914027e-07,6.806412e-07,3.090038e-07,3.127038e-06,7.934614e-07,7.499157e-07,1.244007e-07,7.252534e-07,4.361328e-07
26.147460,3.861860e-06,2.113348e-06,3.120933e-05,9.519100e-06,4.471288e-05,3.864467e-06,1.623294e-05,7.990718e-06,1.715899e-05,4.871721e-06,5.918268e-06,2.380691e-06,3.029481e-06,3.846293e-06,2.384712e-06,6.548313e-06,4.929660e-07,7.103407e-07,2.763668e-07,3.054711e-06,9.486965e-07,9.471852e-07,1.579374e-07,6.182474e-07,4.352480e-07
26.171880,3.801052e-06,2.084600e-06,3.048571e-05,9.467523e-06,4.421780e-05,3.876591e-06,1.588638e-05,7.709498e-06,1.715528e-05,4.797480e-06,5.869542e-06,2.496311e-06,2.882541e-06,3.755437e-06,2.496932e-06,6.083404e-06,4.404356e-07,7.503008e-07,1.961858e-07,3.041254e-06,1.060741e-06,1.072734e-06,2.024483e-07,3.555544e-07,4.245976e-07
26.196290,3.743283e-06,2.062256e-06,2.942928e-05,9.419222e-06,4.344433e-05,3.829050e-06,1.580493e-05,7.696728e-06,1.685755e-05,4.780110e-06,6.019489e-06,2.508688e-06,3.011010e-06,3.631680e-06,2.633231e-06,5.984287e-06,3.601821e-07,7.533182e-07,1.309957e-07,2.641515e-06,1.114542e-06,1.137048e-06,2.393921e-07,1.072108e-07,3.819627e-07
26.220700,3.649876e-06,2.039961e-06,2.872071e-05,9.270685e-06,4.229252e-05,3.769135e-06,1.556887e-05,7.786778e-06,1.632341e-05,4.636896e-06,5.834139e-06,2.473233e-06,3.209863e-06,3.863303e-06,2.753348e-06,5.830973e-06,3.204947e-07,6.906032e-07,1.794240e-07,2.101150e-06,1.114435e-06,1.151093e-06,2.748854e-07,4.377194e-07,3.365844e-07
26.245120,3.558290e-06,2.030429e-06,2.799079e-05,9.223162e-06,4.141849e-05,3.661291e-06,1.531920e-05,7.522810e-06,1.662394e-05,4.501252e-06,5.533577e-06,2.488813e-06,3.084040e-06,4.040207e-06,2.648440e-06,5.119566e-06,3.094108e-07,6.410033e-07,2.297353e-07,1.634306e-06,1.021868e-06,1.135781e-06,3.048504e-07,7.974327e-07,3.374387e-07
26.269530,3.469389e-06,2.017691e-06,2.731048e-05,9.239665e-06,4.115751e-05,3.612768e-06,1.500349e-05,7.280564e-06,1.664538e-05,4.571774e-06,5.561431e-06,2.403230e-06,2.888977e-06,3.869242e-06,2.548903e-06,4.533013e-06,2.712285e-07,6.063726e-07,2.458994e-07,1.383880e-06,8.789096e-07,1.109130e-06,3.260369e-07,1.131839e-06,4.265728e-07
26.293950,3.402292e-06,2.004044e-06,2.686382e-05,9.069650e-06,4.011013e-05,3.583145e-06,1.465579e-05,7.195635e-06,1.610522e-05,4.508637e-06,5.608388e-06,2.329488e-06,2.898365e-06,3.892744e-06,2.750141e-06,4.712998e-06,2.401043e-07,5.541871e-07,3.039578e-07,1.098346e-06,7.247771e-07,1.028578e-06,3.352345e-07,1.366677e-06,5.848040e-07
26.318360,3.337854e-06,1.970894e-06,2.650405e-05,8.942973e-06,3.928237e-05,3.452586e-06,1.465579e-05,7.084730e-06,1.607750e-05,4.364634e-06,5.563509e-06,2.383023e-06,2.926778e-06,4.194636e-06,2.828906e-06,4.744174e-06,2.424778e-07,4.593224e-07,3.831197e-07,7.967748e-07,6.134830e-07,9.482581e-07,3.277308e-07,1.566644e-06,7.388150e-07
26.342770,3.282160e-06,1.937654e-06,2.630626e-05,8.827025e-06,3.896240e-05,3.378660e-06,1.425329e-05,7.040283e-06,1.609704e-05,4.354763e-06,5.445741e-06,2.264730e-06,2.888093e-06,4.273822e-06,2.666527e-06,4.340439e-06,2.174440e-07,3.970189e-07,4.556714e-07,9.962797e-07,5.448624e-07,8.211317e-07,2.996000e-07,1.663409e-06,8.467485e-07
26.367190,3.267997e-06,1.900819e-06,2.586526e-05,8.640294e-06,3.846102e-05,3.304483e-06,1.374725e-05,6.821043e-06,1.596818e-05,4.309866e-06,5.191240e-06,2.088021e-06,2.917036e-06,4.172901e-06,2.541359e-06,4.134409e-06,1.760801e-07,3.651127e-07,4.802236e-07,1.462552e-06,5.009918e-07,7.224348e-07,2.558130e-07,1.703149e-06,9.118745e-07
26.391600,3.225398e-06,1.843009e-06,2.565723e-05,8.467965e-06,3.813439e-05,3.211184e-06,1.350770e-05,6.611682e-06,1.581244e-05,4.267148e-06,5.195751e-06,2.085038e-06,2.778800e-06,4.222032e-06,2.451612e-06,4.415253e-06,2.052794e-07,3.036465e-07,5.102919e-07,1.770714e-06,4.729785e-07,6.195382e-07,1.900520e-07,1.627274e-06,9.115815e-07
26.416020,3.193293e-06,1.801509e-06,2.546988e-05,8.288366e-06,3.778748e-05,3.126391e-06,1.323709e-05,6.656562e-06,1.519959e-05,4.213875e-06,5.264443e-06,2.039236e-06,2.570220e-06,4.138154e-06,2.313286e-06,4.492189e-06,2.608049e-07,2.009376e-07,5.476397e-07,1.979739e-06,4.734342e-07,5.041973e-07,1.314705e-07,1.441989e-06,8.829429e-07
26.440430,3.173780e-06,1.760882e-06,2.512321e-05,8.221698e-06,3.771958e-05,3.031901e-06,1.306538e-05,6.488893e-06,1.496135e-05,4.068544e-06,5.020681e-06,1.960327e-06,2.693654e-06,4.023110e-06,2.258801e-06,4.562627e-06,2.720974e-07,1.790885e-07,5.794624e-07,2.178695e-06,4.717153e-07,3.796146e-07,8.125276e-08,1.173685e-06,8.116755e-07
26.464840,3.149138e-06,1.721809e-06,2.503297e-05,8.085349e-06,3.740476e-05,3.005999e-06,1.278386e-05,6.231044e-06,1.516403e-05,4.084317e-06,4.860753e-06,1.940629e-06,2.791028e-06,4.205747e-06,2.263540e-06,5.103039e-06,2.751196e-07,2.086135e-07,5.648554e-07,2.486187e-06,4.157553e-07,2.989069e-07,8.351297e-08,8.634628e-07,7.094587e-07
26.489260,3.103516e-06,1.681287e-06,2.493066e-05,7.901891e-06,3.646312e-05,2.947922e-06,1.263850e-05,6.211687e-06,1.473788e-05,4.153287e-06,4.944696e-06,1.828057e-06,2.652327e-06,4.140593e-06,2.012932e-06,5.387147e-06,2.983339e-07,2.164561e-07,5.201677e-07,2.678090e-06,3.352136e-07,2.976193e-07,1.173269e-07,5.432592e-07,5.728688e-07
26.513670,3.040517e-06,1.656127e-06,2.484801e-05,7.859674e-06,3.607212e-05,2.843763e-06,1.269584e-05,6.153003e-06,1.447711e-05,4.036418e-06,4.920688e-06,1.789918e-06,2.640951e-06,3.759857e-06,1.658389e-06,5.057170e-06,3.227039e-07,2.562823e-07,5.021374e-07,2.625210e-06,2.487301e-07,3.291513e-07,1.541607e-07,3.201287e-07,4.022199e-07
26.538090,2.996342e-06,1.645008e-06,2.457692e-05,7.739388e-06,3.541963e-05,2.819113e-06,1.245666e-05,6.162568e-06,1.447060e-05,3.978495e-06,4.873898e-06,1.886222e-06,2.635367e-06,3.701351e-06,1.635876e-06,5.003203e-06,3.252234e-07,3.155170e-07,5.050204e-07,2.515217e-06,2.287682e-07,3.489121e-07,1.774474e-07,2.024030e-07,2.178273e-07
26.562500,2.927148e-06,1.621615e-06,2.450800e-05,7.593716e-06,3.452768e-05,2.781230e-06,1.222933e-05,6.061987e-06,1.422184e-05,3.933593e-06,4.769974e-06,1.879874e-06,2.547792e-06,3.770206e-06,1.704190e-06,5.419945e-06,3.442367e-07,3.399352e-07,4.787244e-07,2.589547e-06,2.845546e-07,3.415759e-07,1.795753e-07,2.832269e-07,1.112176e-07
26.586910,2.865124e-06,1.611285e-06,2.456893e-05,7.436667e-06,3.372690e-05,2.705998e-06,1.224587e-05,5.855399e-06,1.414477e-05,3.858545e-06,4.634852e-06,1.801165e-06,2.621145e-06,3.637388e-06,1.642126e-06,5.510404e-06,3.753420e-07,3.333110e-07,4.271622e-07,2.693966e-06,3.661369e-07,3.463375e-07,1.609842e-07,4.072407e-07,1.923011e-07
26.611330,2.827753e-06,1.596134e-06,2.435406e-05,7.328980e-06,3.310796e-05,2.657009e-06,1.204057e-05,5.888649e-06,1.373475e-05,3.832175e-06,4.774454e-06,1.798879e-06,2.644968e-06,3.652921e-06,1.669780e-06,5.351518e-06,3.729750e-07,3.847081e-07,3.861578e-07,2.676485e-06,4.457912e-07,3.397447e-07,1.260821e-07,5.010973e-07,2.876765e-07
26.635740,2.816468e-06,1.589058e-06,2.457996e-05,7.295133e-06,3.309819e-05,2.635817e-06,1.206293e-05,5.934193e-06,1.350417e-05,3.754011e-06,4.829752e-06,1.816928e-06,2.474362e-06,3.647901e-06,1.693123e-06,5.413974e-06,3.392732e-07,4.485234e-07,3.703512e-07,2.524194e-06,5.528267e-07,3.528228e-07,9.648831e-08,5.279056e-07,3.698597e-07
26.660160,2.823489e-06,1.586667e-06,2.478954e-05,7.120304e-06,3.268434e-05,2.685749e-06,1.205107e-05,5.794267e-06,1.387972e-05,3.721087e-06,4.637301e-06,1.843969e-06,2.447249e-06,3.392311e-06,1.712460e-06,5.326604e-06,3.078087e-07,4.806859e-07,3.368176e-07,2.472474e-06,6.591412e-07,4.094875e-07,8.781079e-08,4.729736e-07,4.037034e-07
26.684570,2.833984e-06,1.580206e-06,2.483721e-05,7.012462e-06,3.260214e-05,2.695418e-06,1.207530e-05,5.730753e-06,1.388153e-05,3.815792e-06,4.676806e-06,1.939172e-06,2.593568e-06,3.425898e-06,1.989326e-06,4.806068e-06,3.039210e-07,4.805620e-07,2.680437e-07,2.539813e-06,7.688861e-07,5.379450e-07,1.189276e-07,3.753802e-07,4.090866e-07
26.708980,2.866143e-06,1.577355e-06,2.474252e-05,6.921398e-06,3.297500e-05,2.671365e-06,1.221953e-05,5.707414e-06,1.357347e-05,3.795796e-06,4.766311e-06,1.933084e-06,2.599642e-06,3.666444e-06,2.243859e-06,4.270017e-06,2.923149e-07,4.970598e-07,2.001739e-07,2.448907e-06,8.453969e-07,6.903107e-07,1.660865e-07,2.811936e-07,3.762227e-07
26.733400,2.876231e-06,1.560466e-06,2.454889e-05,6.774925e-06,3.290522e-05,2.712835e-06,1.194454e-05,5.711086e-06,1.359073e-05,3.735687e-06,4.827512e-06,1.871206e-06,2.589832e-06,3.622417e-06,2.216111e-06,4.304167e-06,2.694833e-07,5.074319e-07,1.576980e-07,2.206681e-06,9.180683e-07,8.565331e-07,2.150386e-07,3.574578e-07,2.955320e-07
26.757810,2.888482e-06,1.559436e-06,2.445130e-05,6.727631e-06,3.296741e-05,2.724020e-06,1.172031e-05,5.752335e-06,1.366245e-05,3.757894e-06,4.886787e-06,1.969940e-06,2.579508e-06,3.596987e-06,2.254736e-06,4.219285e-06,2.509031e-07,4.847265e-07,1.285059e-07,1.833733e-06,9.692308e-07,9.885349e-07,2.555314e-07,5.005730e-07,2.009812e-07
26.782230,2.923243e-06,1.561335e-06,2.404201e-05,6.709171e-06,3.288933e-05,2.720093e-06,1.171986e-05,5.613525e-06,1.377263e-05,3.766951e-06,4.773985e-06,2.024814e-06,2.446175e-06,3.710043e-06,2.424465e-06,3.696671e-06,2.425884e-07,4.437198e-07,8.954684e-08,1.554663e-06,1.014777e-06,1.063559e-06,2.826910e-07,6.416893e-07,1.978609e-07
26.806640,2.922009e-06,1.552778e-06,2.383777e-05,6.756373e-06,3.270827e-05,2.735717e-06,1.159750e-05,5.623710e-06,1.381129e-05,3.791090e-06,4.756966e-06,1.948884e-06,2.424088e-06,3.702605e-06,2.485214e-06,3.176232e-06,2.056689e-07,4.359394e-07,1.090086e-07,1.285218e-06,1.018513e-06,1.088255e-06,2.942842e-07,7.411446e-07,3.308986e-07
26.831050,2.911554e-06,1.557723e-06,2.371722e-05,6.749872e-06,3.217577e-05,2.742099e-06,1.153536e-05,5.751510e-06,1.338033e-05,3.770318e-06,4.922286e-06,1.913308e-06,2.582071e-06,3.766648e-06,2.563393e-06,3.111848e-06,1.597462e-07,4.291244e-07,1.918113e-07,9.518565e-07,9.659689e-07,1.050390e-06,2.841721e-07,8.365182e-07,4.838601e-07
26.855470,2.894274e-06,1.568310e-06,2.352155e-05,6.807999e-06,3.137828e-05,2.769058e-06,1.146885e-05,5.599706e-06,1.356923e-05,3.648716e-06,4.850293e-06,1.916813e-06,2.569167e-06,3.950784e-06,2.626614e-06,2.894585e-06,1.690497e-07,3.842340e-07,2.514203e-07,4.990530e-07,8.607775e-07,9.561450e-07,2.654013e-07,8.962116e-07,6.106226e-07
26.879880,2.885606e-06,1.585530e-06,2.351959e-05,6.975958e-06,3.119239e-05,2.736804e-06,1.147613e-05,5.557098e-06,1.389497e-05,3.724638e-06,4.685537e-06,1.895565e-06,2.406174e-06,3.867507e-06,2.495505e-06,2.879651e-06,1.999285e-07,3.020056e-07,2.939346e-07,5.378357e-07,7.256547e-07,8.048836e-07,2.261614e-07,9.246328e-07,6.964164e-07
26.904300,2.863086e-06,1.591438e-06,2.367934e-05,7.029400e-06,3.057178e-05,2.689161e-06,1.164276e-05,5.625327e-06,1.371098e-05,3.794960e-06,4.762759e-06,1.940017e-06,2.390006e-06,3.623017e-06,2.305054e-06,3.430993e-06,1.961694e-07,2.442940e-07,3.531374e-07,8.928298e-07,5.737611e-07,5.922546e-07,1.853660e-07,9.012647e-07,7.354234e-07
26.928710,2.834640e-06,1.599248e-06,2.408576e-05,7.109828e-06,2.992417e-05,2.702730e-06,1.149817e-05,5.680982e-06,1.385161e-05,3.745228e-06,4.821020e-06,1.929116e-06,2.435576e-06,3.728763e-06,2.362529e-06,3.677197e-06,2.023183e-07,2.184035e-07,4.342680e-07,1.142350e-06,4.465524e-07,3.649115e-07,1.395753e-07,7.947689e-07,7.480969e-07
26.953120,2.831628e-06,1.607787e-06,2.426898e-05,7.202746e-06,2.975550e-05,2.657373e-06,1.158776e-05,5.789189e-06,1.401900e-05,3.770210e-06,4.888128e-06,1.808898e-06,2.433075e-06,3.853392e-06,2.410980e-06,3.665479e-06,2.295114e-07,1.833949e-07,4.800492e-07,1.319569e-06,3.370353e-07,1.495907e-07,9.417550e-08,6.777753e-07,7.289263e-07
26.977540,2.804853e-06,1.598064e-06,2.442689e-05,7.262779e-06,2.970204e-05,2.599123e-06,1.182473e-05,5.714898e-06,1.410176e-05,3.775480e-06,4.895280e-06,1.846979e-06,2.521803e-06,3.742317e-06,2.253995e-06,4.071182e-06,2.423795e-07,1.716071e-07,4.876852e-07,1.675758e-06,2.775069e-07,1.819366e-07,6.312570e-08,5.523990e-07,6.674133e-07
27.001950,2.784668e-06,1.597392e-06,2.466661e-05,7.258253e-06,2.980503e-05,2.555282e-06,1.185787e-05,5.661397e-06,1.425544e-05,3.791345e-06,4.722736e-06,1.955023e-06,2.512033e-06,3.658479e-06,2.072466e-06,4.894838e-06,2.507992e-07,2.127575e-07,4.813322e-07,1.976907e-06,3.025890e-07,3.138080e-07,5.258407e-08,4.540239e-07,5.747450e-07
27.026370,2.785416e-06,1.594962e-06,2.458118e-05,7.165669e-06,2.978660e-05,2.537167e-06,1.197782e-05,5.837949e-06,1.398045e-05,3.833275e-06,4.846702e-06,1.937619e-06,2.370133e-06,3.578407e-06,1.919781e-06,5.323814e-06,2.847173e-07,2.412923e-07,5.046502e-07,2.120474e-06,3.549194e-07,3.931928e-07,6.887794e-08,3.554531e-07,4.348848e-07
27.050780,2.786883e-06,1.584415e-06,2.449603e-05,7.165109e-06,3.034475e-05,2.547884e-06,1.205486e-05,5.822425e-06,1.389221e-05,3.762063e-06,5.013576e-06,1.955074e-06,2.466068e-06,3.410517e-06,1.717048e-06,5.411727e-06,3.198779e-07,2.349230e-07,5.135365e-07,2.146305e-06,3.539254e-07,4.183103e-07,7.782903e-08,2.357401e-07,2.770553e-07
27.075200,2.788820e-06,1.569667e-06,2.436870e-05,7.127022e-06,3.119837e-05,2.499477e-06,1.230454e-05,5.669534e-06,1.436819e-05,3.758366e-06,4.886638e-06,1.972609e-06,2.630069e-06,3.548283e-06,1.682361e-06,5.716951e-06,3.230860e-07,2.844012e-07,4.862388e-07,2.246808e-06,3.057157e-07,3.984622e-07,7.923900e-08,1.423384e-07,1.384298e-07
27.099610,2.789610e-06,1.555473e-06,2.421382e-05,7.029486e-06,3.137058e-05,2.489054e-06,1.246145e-05,5.697654e-06,1.426861e-05,3.891837e-06,4.794475e-06,1.937867e-06,2.527407e-06,3.775001e-06,1.778097e-06,5.923812e-06,3.010325e-07,3.551408e-07,4.390927e-07,2.425175e-06,2.124419e-07,3.368737e-07,7.138524e-08,1.687739e-07,4.337062e-08
27.124020,2.823800e-06,1.549038e-06,2.401319e-05,7.013467e-06,3.177351e-05,2.527437e-06,1.228281e-05,5.683241e-06,1.401361e-05,3.851103e-06,4.783037e-06,2.005559e-06,2.384958e-06,3.615443e-06,1.676963e-06,5.616652e-06,2.847713e-07,3.948074e-07,4.152819e-07,2.561833e-06,1.881787e-07,3.025308e-07,7.163047e-08,2.909677e-07,9.731643e-08
27.148440,2.835952e-06,1.526439e-06,2.380194e-05,6.944997e-06,3.200567e-05,2.508903e-06,1.240315e-05,5.764771e-06,1.414268e-05,3.816492e-06,4.818828e-06,2.071042e-06,2.394066e-06,3.451492e-06,1.523255e-06,5.432496e-06,3.010299e-07,4.083243e-07,4.044574e-07,2.559412e-06,2.820715e-07,3.667456e-07,8.367198e-08,3.784998e-07,1.596127e-07
27.172850,2.844295e-06,1.513109e-06,2.394353e-05,6.859577e-06,3.195953e-05,2.519011e-06,1.260617e-05,5.750405e-06,1.414834e-05,3.873625e-06,4.938116e-06,2.012571e-06,2.378830e-06,3.614358e-06,1.678234e-06,5.813306e-06,2.963281e-07,4.347541e-07,3.624656e-07,2.482077e-06,4.342188e-07,5.699061e-07,1.093546e-07,4.759968e-07,2.061046e-07
27.197270,2.889920e-06,1.512156e-06,2.392885e-05,6.768134e-06,3.191733e-05,2.539838e-06,1.259755e-05,5.631132e-06,1.437391e-05,3.876333e-06,4.868722e-06,1.999004e-06,2.445489e-06,3.634785e-06,1.875795e-06,5.686038e-06,2.786354e-07,4.528074e-07,2.942944e-07,2.440154e-06,6.037839e-07,7.731759e-07,1.377750e-07,5.907943e-07,2.208475e-07
27.221680,2.924958e-06,1.499921e-06,2.399040e-05,6.743444e-06,3.180367e-05,2.547084e-06,1.271770e-05,5.758434e-06,1.423393e-05,3.934972e-06,4.730402e-06,2.106331e-06,2.561996e-06,3.585748e-06,1.960422e-06,5.045865e-06,2.783951e-07,4.475969e-07,2.410231e-07,2.499471e-06,7.664202e-07,9.553433e-07,1.728269e-07,7.525176e-07,2.308341e-07
27.246090,2.960253e-06,1.491033e-06,2.439943e-05,6.768777e-06,3.197559e-05,2.547094e-06,1.276909e-05,5.796030e-06,1.392658e-05,3.880969e-06,4.925137e-06,2.118168e-06,2.435398e-06,3.690375e-06,2.091631e-06,4.593843e-06,2.717848e-07,4.241838e-07,2.070249e-07,2.366674e-06,9.108509e-07,1.093674e-06,2.018073e-07,8.954672e-07,2.167254e-07
27.270510,2.988896e-06,1.484764e-06,2.460831e-05,6.674082e-06,3.163716e-05,2.489855e-06,1.282312e-05,5.661825e-06,1.427477e-05,3.800276e-06,4.952413e-06,2.111434e-06,2.335804e-06,3.574719e-06,2.130405e-06,4.255397e-06,2.280815e-07,4.321056e-07,1.588379e-07,2.070774e-06,9.903920e-07,1.176164e-06,2.246121e-07,1.011162e-06,2.454721e-07
27.294920,3.033148e-06,1.490801e-06,2.468712e-05,6.644137e-06,3.119802e-05,2.466025e-06,1.280662e-05,5.668718e-06,1.446656e-05,3.892410e-06,4.782519e-06,2.128480e-06,2.506627e-06,3.538834e-06,2.113083e-06,3.562243e-06,1.953553e-07,4.610851e-07,9.066331e-08,1.708319e-06,1.029732e-06,1.224448e-06,2.393984e-07,1.061682e-06,3.230327e-07
27.319340,3.065512e-06,1.487180e-06,2.458825e-05,6.643249e-06,3.121966e-05,2.484122e-06,1.252394e-05,5.748372e-06,1.439428e-05,3.935351e-06,4.782762e-06,2.046700e-06,2.623227e-06,3.795314e-06,2.320440e-06,3.076836e-06,2.055727e-07,4.528168e-07,6.233943e-08,1.461989e-06,9.777564e-07,1.225323e-06,2.430587e-07,1.070951e-06,4.381646e-07
27.343750,3.083949e-06,1.498090e-06,2.472510e-05,6.572284e-06,3.090638e-05,2.431291e-06,1.257025e-05,5.892056e-06,1.461778e-05,3.908853e-06,4.805583e-06,2.041705e-06,2.619661e-06,3.887706e-06,2.520101e-06,3.159038e-06,2.216072e-07,3.971847e-07,1.004501e-07,1.261239e-06,9.122829e-07,1.193674e-06,2.465884e-07,1.040448e-06,5.301497e-07
27.368160,3.122651e-06,1.515828e-06,2.464258e-05,6.520536e-06,3.066915e-05,2.405458e-06,1.265441e-05,5.982497e-06,1.481636e-05,3.931552e-06,4.916976e-06,2.142368e-06,2.649372e-06,3.718622e-06,2.422833e-06,2.884468e-06,2.093239e-07,3.602288e-07,1.338730e-07,8.428162e-07,8.155004e-07,1.110142e-06,2.474070e-07,1.011505e-06,5.872362e-07
27.392580,3.122418e-06,1.518598e-06,2.450604e-05,6.460684e-06,3.039159e-05,2.412876e-06,1.243932e-05,5.851951e-06,1.505999e-05,3.928777e-06,4.987528e-06,2.083274e-06,2.671270e-06,3.720080e-06,2.253686e-06,2.400045e-06,1.927945e-07,3.391594e-07,1.814522e-07,3.710147e-07,7.228994e-07,1.019667e-06,2.436803e-07,9.249524e-07,6.073484e-07
27.416990,3.100135e-06,1.526171e-06,2.445926e-05,6.451582e-06,3.023992e-05,2.414008e-06,1.235111e-05,5.879265e-06,1.510931e-05,3.939768e-06,4.814695e-06,1.966216e-06,2.639450e-06,3.833571e-06,2.241763e-06,2.598694e-06,1.993767e-07,2.933812e-07,2.660016e-07,3.244066e-07,6.071162e-07,9.139854e-07,2.359002e-07,8.591284e-07,6.021486e-07
27.441410,3.079991e-06,1.535301e-06,2.421828e-05,6.368916e-06,3.000202e-05,2.426139e-06,1.227564e-05,6.029835e-06,1.463840e-05,3.947683e-06,4.796830e-06,1.968534e-06,2.774141e-06,3.811693e-06,2.203713e-06,3.179952e-06,1.981754e-07,2.469003e-07,3.420192e-07,5.460313e-07,4.964278e-07,8.109910e-07,2.135968e-07,7.861949e-07,5.812890e-07
27.465820,3.067701e-06,1.543946e-06,2.404922e-05,6.293033e-06,2.936714e-05,2.389563e-06,1.232102e-05,5.893987e-06,1.473345e-05,3.833301e-06,4.969936e-06,1.965802e-06,2.877614e-06,3.887753e-06,2.191116e-06,3.417616e-06,1.866847e-07,2.346790e-07,3.884520e-07,7.425976e-07,4.021271e-07,7.149119e-07,1.874897e-07,8.014484e-07,5.668031e-07
27.490230,3.034853e-06,1.540110e-06,2.392721e-05,6.292304e-06,2.922696e-05,2.417088e-06,1.229891e-05,5.773904e-06,1.511844e-05,3.880583e-06,4.944662e-06,1.957179e-06,2.716300e-06,3.995489e-06,2.202092e-06,3.758376e-06,2.134560e-07,2.286148e-07,4.208090e-07,1.003987e-06,3.304716e-07,5.855377e-07,1.443129e-07,8.645132e-07,5.194322e-07
27.514650,2.994057e-06,1.542112e-06,2.401046e-05,6.198123e-06,2.884304e-05,2.446761e-06,1.204868e-05,5.790279e-06,1.484258e-05,3.990439e-06,4.810650e-06,1.986108e-06,2.682262e-06,3.744585e-06,2.072564e-06,4.260809e-06,2.503252e-07,1.843186e-07,4.647187e-07,1.334597e-06,2.798609e-07,4.251772e-07,1.012255e-07,9.274355e-07,4.696125e-07
27.539060,2.984411e-06,1.548922e-06,2.398213e-05,6.144153e-06,2.839366e-05,2.417085e-06,1.226041e-05,5.767501e-06,1.462875e-05,3.925729e-06,4.747834e-06,1.908647e-06,2.800132e-06,3.631029e-06,1.831730e-06,4.461079e-06,2.405270e-07,1.555883e-07,5.033890e-07,1.558683e-06,1.902664e-07,2.658872e-07,4.464733e-08,9.408048e-07,4.002758e-07
27.563480,2.943526e-06,1.534673e-06,2.385917e-05,6.128026e-06,2.820701e-05,2.430457e-06,1.241978e-05,5.814236e-06,1.470699e-05,3.892332e-06,4.701728e-06,1.850392e-06,2.777511e-06,3.841442e-06,1.805171e-06,4.587665e-06,2.286176e-07,2.050341e-07,5.176447e-07,1.605261e-06,9.011922e-08,1.363270e-07,1.860908e-08,8.456755e-07,3.417780e-07
27.587890,2.898484e-06,1.526811e-06,2.403953e-05,6.148094e-06,2.807155e-05,2.443195e-06,1.236305e-05,5.713266e-06,1.467984e-05,3.917030e-06,4.799490e-06,1.930187e-06,2.756628e-06,3.838440e-06,1.909047e-06,5.111816e-06,2.449011e-07,2.495903e-07,4.946205e-07,1.698691e-06,6.797558e-08,1.305869e-07,7.276412e-08,6.827855e-07,2.987329e-07
27.612300,2.868703e-06,1.520459e-06,2.400976e-05,6.142986e-06,2.799238e-05,2.443254e-06,1.245743e-05,5.614292e-06,1.491404e-05,3.900255e-06,4.790706e-06,1.897698e-06,2.696694e-06,3.742466e-06,1.838336e-06,5.731217e-06,2.564289e-07,2.553889e-07,4.687573e-07,1.891782e-06,1.613054e-07,2.433551e-07,1.237668e-07,4.772755e-07,2.387594e-07
27.636720,2.840278e-06,1.508583e-06,2.394935e-05,6.067293e-06,2.745740e-05,2.403777e-06,1.246619e-05,5.769108e-06,1.471386e-05,3.950788e-06,4.608491e-06,1.801655e-06,2.490482e-06,3.759379e-06,1.751988e-06,5.750989e-06,2.475003e-07,2.802653e-07,4.596728e-07,2.098807e-06,2.484239e-07,3.403875e-07,1.570953e-07,2.667408e-07,1.628140e-07
27.661130,2.815977e-06,1.492154e-06,2.403969e-05,6.096977e-06,2.725528e-05,2.341315e-06,1.251747e-05,5.696593e-06,1.444498e-05,3.873880e-06,4.673815e-06,1.803419e-06,2.358064e-06,3.681473e-06,1.781434e-06,5.470091e-06,2.475975e-07,3.153141e-07,4.464403e-07,2.204248e-06,3.328473e-07,4.451880e-07,1.762429e-07,2.622635e-07,3.660566e-08
27.685550,2.789987e-06,1.473584e-06,2.422168e-05,6.100859e-06,2.729465e-05,2.357795e-06,1.234192e-05,5.547766e-06,1.485399e-05,3.780545e-06,4.791267e-06,1.801678e-06,2.431712e-06,3.567544e-06,1.747619e-06,5.400011e-06,2.523313e-07,3.130441e-07,3.987511e-07,2.214759e-06,4.133889e-07,4.968796e-07,1.757453e-07,4.716945e-07,1.121950e-07
27.709960,2.795930e-06,1.461444e-06,2.442544e-05,6.063046e-06,2.693010e-05,2.339926e-06,1.215244e-05,5.550753e-06,1.483650e-05,3.872410e-06,4.648127e-06,1.811098e-06,2.387715e-06,3.661215e-06,1.824259e-06,5.298252e-06,2.347821e-07,3.000842e-07,3.285152e-07,2.279390e-06,4.931473e-07,5.159977e-07,1.664471e-07,7.107501e-07,2.422769e-07
27.734380,2.782832e-06,1.430970e-06,2.440882e-05,6.084692e-06,2.679653e-05,2.284144e-06,1.236013e-05,5.570229e-06,1.475696e-05,3.865548e-06,4.573280e-06,1.876842e-06,2.164072e-06,3.604890e-06,2.006333e-06,4.859611e-06,1.940583e-07,3.391461e-07,2.831490e-07,2.399958e-06,5.540197e-07,5.352919e-07,1.554079e-07,9.258351e-07,3.618267e-07
27.758790,2.769927e-06,1.407546e-06,2.459521e-05,6.083603e-06,2.672353e-05,2.281614e-06,1.230808e-05,5.710609e-06,1.493218e-05,3.844618e-06,4.539060e-06,1.837359e-06,2.101235e-06,3.284202e-06,1.969978e-06,4.619523e-06,1.742457e-07,3.781678e-07,2.420577e-07,2.400246e-06,5.981274e-07,5.841723e-07,1.509147e-07,1.070208e-06,4.425740e-07
27.783200,2.793432e-06,1.393879e-06,2.461695e-05,6.091591e-06,2.666032e-05,2.276870e-06,1.211243e-05,5.677564e-06,1.497958e-05,3.861752e-06,4.551423e-06,1.753541e-06,2.090084e-06,3.158540e-06,1.863247e-06,4.599170e-06,1.827491e-07,3.732980e-07,1.880684e-07,2.287909e-06,6.485361e-07,6.874896e-07,1.671882e-07,1.107441e-06,5.090232e-07
27.807620,2.799387e-06,1.368206e-06,2.442521e-05,6.035212e-06,2.654398e-05,2.272825e-06,1.214476e-05,5.521103e-06,1.527571e-05,3.829959e-06,4.691839e-06,1.829125e-06,2.060678e-06,3.207144e-06,1.946622e-06,4.154471e-06,1.772507e-07,3.480473e-07,1.147865e-07,2.050108e-06,7.022853e-07,7.844215e-07,2.021697e-07,1.066156e-06,5.592181e-07
27.832030,2.791422e-06,1.345538e-06,2.440432e-05,5.986815e-06,2.631654e-05,2.252673e-06,1.219204e-05,5.637383e-06,1.513923e-05,3.878955e-06,4.564700e-06,1.899561e-06,2.191115e-06,3.063680e-06,2.072258e-06,3.216986e-06,1.614605e-07,3.384874e-07,6.514893e-08,1.851592e-06,7.670306e-07,9.093780e-07,2.471902e-07,9.422920e-07,5.918943e-07
27.856450,2.768256e-06,1.329391e-06,2.423743e-05,5.986766e-06,2.656109e-05,2.232939e-06,1.231102e-05,5.686727e-06,1.460995e-05,3.845753e-06,4.424802e-06,1.859574e-06,2.186727e-06,2.994450e-06,2.060687e-06,2.688344e-06,1.620590e-07,3.236849e-07,6.541016e-08,1.643018e-06,8.193707e-07,9.823793e-07,2.867011e-07,7.781450e-07,6.026890e-07
27.880860,2.756075e-06,1.325422e-06,2.395938e-05,5.875344e-06,2.653138e-05,2.262370e-06,1.226845e-05,5.552217e-06,1.485113e-05,3.718363e-06,4.567703e-06,1.848144e-06,2.087999e-06,2.930358e-06,2.047344e-06,2.620059e-06,1.650069e-07,2.835704e-07,6.958226e-08,1.374993e-06,8.291911e-07,1.049507e-06,3.125813e-07,6.369029e-07,5.683621e-07
27.905270,2.717966e-06,1.313324e-06,2.351489e-05,5.827085e-06,2.654192e-05,2.250474e-06,1.223528e-05,5.500827e-06,1.504938e-05,3.791361e-06,4.586605e-06,1.827886e-06,2.231066e-06,2.708108e-06,1.984889e-06,2.342617e-06,1.544430e-07,2.524105e-07,9.891582e-08,9.445920e-07,8.074130e-07,1.074066e-06,3.223033e-07,5.326551e-07,5.084215e-07
27.929690,2.667782e-06,1.307106e-06,2.326564e-05,5.794631e-06,2.681711e-05,2.224615e-06,1.256445e-05,5.471130e-06,1.476534e-05,3.853380e-06,4.533429e-06,1.790755e-06,2.391900e-06,2.739584e-06,1.808379e-06,2.304937e-06,1.655742e-07,2.505206e-07,1.614461e-07,4.680590e-07,7.510581e-07,1.042573e-06,3.125791e-07,5.371298e-07,4.497974e-07
27.954100,2.652181e-06,1.312762e-06,2.303836e-05,5.732283e-06,2.681999e-05,2.242455e-06,1.263311e-05,5.533602e-06,1.461848e-05,3.793085e-06,4.465250e-06,1.855890e-06,2.384211e-06,2.955639e-06,1.735250e-06,2.575933e-06,1.958021e-07,2.396864e-07,2.252817e-07,1.757036e-07,6.924728e-07,9.598188e-07,2.897354e-07,6.531343e-07,4.186902e-07
27.978520,2.625628e-06,1.304133e-06,2.259321e-05,5.658431e-06,2.673554e-05,2.225497e-06,1.262836e-05,5.534646e-06,1.448737e-05,3.765257e-06,4.352747e-06,1.880215e-06,2.363965e-06,2.914325e-06,1.810931e-06,2.684183e-06,2.153596e-07,1.961720e-07,2.555726e-07,2.882446e-07,5.919811e-07,8.118479e-07,2.485018e-07,8.306831e-07,4.336063e-07
28.002930,2.601017e-06,1.292580e-06,2.245377e-05,5.585343e-06,2.646976e-05,2.189315e-06,1.278659e-05,5.354677e-06,1.466188e-05,3.730085e-06,4.422627e-06,1.770318e-06,2.398870e-06,2.826657e-06,1.723932e-06,3.019097e-06,2.092121e-07,1.591543e-07,2.935343e-07,5.424355e-07,4.758938e-07,6.346087e-07,2.013986e-07,1.006052e-06,4.603318e-07
28.027340,2.597141e-06,1.281473e-06,2.238365e-05,5.596437e-06,2.640092e-05,2.129508e-06,1.274272e-05,5.386389e-06,1.479735e-05,3.756238e-06,4.473850e-06,1.770527e-06,2.403403e-06,2.910686e-06,1.525506e-06,3.877273e-06,2.067470e-07,1.707257e-07,3.456997e-07,9.448903e-07,3.345825e-07,4.545070e-07,1.490698e-07,1.104672e-06,4.881721e-07
28.051760,2.607748e-06,1.266440e-06,2.221025e-05,5.576193e-06,2.637575e-05,2.086340e-06,1.269923e-05,5.497884e-06,1.436284e-05,3.786962e-06,4.283946e-06,1.833178e-06,2.478609e-06,2.957097e-06,1.471054e-06,4.533917e-06,2.216506e-07,1.972616e-07,3.918909e-07,1.286862e-06,2.111007e-07,2.752552e-07,9.185750e-08,1.147576e-06,5.184404e-07
28.076170,2.622228e-06,1.243842e-06,2.204891e-05,5.528091e-06,2.593939e-05,2.093243e-06,1.248032e-05,5.358793e-06,1.431924e-05,3.661570e-06,4.284878e-06,1.771230e-06,2.599621e-06,3.002433e-06,1.417127e-06,4.598160e-06,2.262666e-07,2.072589e-07,3.965003e-07,1.509628e-06,1.456271e-07,1.276056e-07,4.995731e-08,1.079247e-06,5.373847e-07
28.100590,2.631233e-06,1.218696e-06,2.194341e-05,5.550035e-06,2.575846e-05,2.044623e-06,1.234262e-05,5.231218e-06,1.469961e-05,3.606483e-06,4.420602e-06,1.716062e-06,2.482203e-06,3.148487e-06,1.365331e-06,4.660050e-06,2.145621e-07,2.319306e-07,3.804363e-07,1.564244e-06,1.407123e-07,2.950119e-08,3.495834e-08,9.653409e-07,5.541911e-07
28.125000,2.677854e-06,1.205486e-06,2.196032e-05,5.517951e-06,2.561737e-05,1.998332e-06,1.252431e-05,5.206656e-06,1.456815e-05,3.678167e-06,4.372110e-06,1.683848e-06,2.291995e-06,3.168423e-06,1.419736e-06,4.990297e-06,2.176916e-07,2.545441e-07,3.776649e-07,1.683859e-06,1.527982e-07,1.385322e-07,4.926895e-08,8.046532e-07,5.119631e-07
28.149410,2.687692e-06,1.176127e-06,2.172625e-05,5.478360e-06,2.529382e-05,2.003087e-06,1.230731e-05,5.210908e-06,1.449059e-05,3.636999e-06,4.314119e-06,1.598128e-06,2.308727e-06,3.039537e-06,1.392250e-06,5.280196e-06,2.306923e-07,2.551576e-07,3.811101e-07,1.873721e-06,1.732507e-07,2.054088e-07,5.570057e-08,6.558493e-07,4.368266e-07
28.173830,2.673766e-06,1.154988e-06,2.179212e-05,5.443362e-06,2.512623e-05,1.990502e-06,1.205988e-05,5.283402e-06,1.466436e-05,3.597820e-06,4.221350e-06,1.643124e-06,2.301417e-06,3.171929e-06,1.276641e-06,5.242434e-06,2.130593e-07,2.391693e-07,3.702669e-07,2.029037e-06,1.951493e-07,2.486099e-07,5.956572e-08,5.642364e-07,3.136074e-07
28.198240,2.671227e-06,1.151540e-06,2.192362e-05,5.415355e-06,2.493783e-05,1.972447e-06,1.210938e-05,5.142007e-06,1.477838e-05,3.608820e-06,4.182898e-06,1.678205e-06,2.182372e-06,3.325887e-06,1.316858e-06,5.418964e-06,1.812097e-07,2.590545e-07,3.298984e-07,2.076529e-06,2.447409e-07,2.774344e-07,6.360579e-08,5.744546e-07,1.837172e-07
28.222660,2.668058e-06,1.153134e-06,2.191185e-05,5.401591e-06,2.507666e-05,1.956672e-06,1.212488e-05,5.069842e-06,1.514936e-05,3.590065e-06,4.349706e-06,1.587742e-06,2.134549e-06,3.186025e-06,1.480169e-06,5.572001e-06,1.722547e-07,2.945509e-07,2.910523e-07,2.040384e-06,2.962547e-07,3.709459e-07,8.057369e-08,6.575479e-07,1.534737e-07
28.247070,2.662176e-06,1.157325e-06,2.207691e-05,5.314152e-06,2.492892e-05,1.951302e-06,1.214820e-05,5.180472e-06,1.491573e-05,3.649419e-06,4.352609e-06,1.566644e-06,2.036298e-06,3.069674e-06,1.520230e-06,5.191758e-06,1.787887e-07,2.969870e-07,2.676510e-07,2.091062e-06,3.708743e-07,5.040237e-07,1.038483e-07,7.593001e-07,2.591951e-07
28.271480,2.648433e-06,1.159496e-06,2.242799e-05,5.296548e-06,2.488192e-05,1.976478e-06,1.212127e-05,5.134944e-06,1.455659e-05,3.592721e-06,4.195200e-06,1.610029e-06,1.874532e-06,3.060713e-06,1.476914e-06,4.504668e-06,1.686835e-07,2.764107e-07,2.371628e-07,2.171311e-06,4.782094e-07,6.654263e-07,1.384753e-07,8.340736e-07,3.885309e-07
28.295900,2.668183e-06,1.170899e-06,2.277487e-05,5.270829e-06,2.511569e-05,1.953555e-06,1.216858e-05,5.040306e-06,1.484689e-05,3.498242e-06,4.267268e-06,1.609860e-06,1.968025e-06,2.882691e-06,1.519365e-06,4.247848e-06,1.514967e-07,2.688658e-07,1.844029e-07,2.175065e-06,5.874807e-07,8.011655e-07,1.725183e-07,8.123678e-07,4.977770e-07
28.320310,2.686708e-06,1.168341e-06,2.287945e-05,5.188406e-06,2.495609e-05,1.943378e-06,1.245596e-05,5.036411e-06,1.492191e-05,3.576724e-06,4.341869e-06,1.654079e-06,2.049927e-06,2.834392e-06,1.525115e-06,4.117728e-06,1.466131e-07,2.686255e-07,1.235379e-07,2.046839e-06,6.687583e-07,9.313615e-07,2.051298e-07,7.551885e-07,5.979831e-07
28.344730,2.694806e-06,1.159541e-06,2.302989e-05,5.154754e-06,2.482601e-05,1.974957e-06,1.238475e-05,5.064974e-06,1.472461e-05,3.625654e-06,4.321387e-06,1.662307e-06,1.940486e-06,2.896961e-06,1.570149e-06,3.583674e-06,1.429447e-07,2.454070e-07,8.820859e-08,1.857297e-06,7.018051e-07,1.021230e-06,2.278710e-07,6.422182e-07,6.420499e-07
28.369140,2.746710e-06,1.161814e-06,2.336065e-05,5.137187e-06,2.481242e-05,1.963512e-06,1.226937e-05,5.167355e-06,1.463595e-05,3.612327e-06,4.330842e-06,1.583560e-06,1.973251e-06,2.672815e-06,1.734936e-06,3.109777e-06,1.253447e-07,2.253873e-07,7.748299e-08,1.729984e-06,7.165670e-07,1.081589e-06,2.402194e-07,5.281244e-07,6.502213e-07
28.393550,2.788775e-06,1.150334e-06,2.327132e-05,5.162635e-06,2.480641e-05,1.941271e-06,1.231644e-05,5.141447e-06,1.450100e-05,3.606775e-06,4.206400e-06,1.591874e-06,2.100029e-06,2.407203e-06,1.744336e-06,2.762494e-06,1.344316e-07,2.401075e-07,4.201999e-08,1.636994e-06,7.072116e-07,1.108003e-06,2.409855e-07,4.421640e-07,5.933294e-07
28.417970,2.824275e-06,1.137735e-06,2.322604e-05,5.150081e-06,2.477274e-05,1.911956e-06,1.219339e-05,5.025325e-06,1.462607e-05,3.576275e-06,4.214859e-06,1.662158e-06,2.177646e-06,2.451503e-06,1.598459e-06,2.184579e-06,1.645024e-07,2.518928e-07,4.557626e-08,1.398788e-06,6.901225e-07,1.049950e-06,2.324169e-07,4.197858e-07,4.851194e-07
28.442380,2.848112e-06,1.127993e-06,2.316022e-05,5.106692e-06,2.433967e-05,1.914764e-06,1.204569e-05,5.174862e-06,1.467825e-05,3.604511e-06,4.318371e-06,1.624155e-06,2.310911e-06,2.477656e-06,1.580920e-06,1.540525e-06,1.767952e-07,2.187795e-07,9.503104e-08,1.038272e-06,6.448918e-07,9.806930e-07,2.232329e-07,5.000592e-07,3.520095e-07
28.466800,2.875902e-06,1.129262e-06,2.301845e-05,5.116829e-06,2.426296e-05,1.924029e-06,1.178295e-05,5.283287e-06,1.421401e-05,3.645285e-06,4.208740e-06,1.565357e-06,2.345627e-06,2.457753e-06,1.647125e-06,1.732470e-06,1.739073e-07,1.811112e-07,1.241963e-07,6.464739e-07,5.912745e-07,8.756922e-07,2.128791e-07,6.248203e-07,2.279547e-07
28.491210,2.861179e-06,1.125259e-06,2.267026e-05,5.017071e-06,2.408284e-05,1.868579e-06,1.173380e-05,5.163969e-06,1.429424e-05,3.530342e-06,4.129165e-06,1.591561e-06,2.262016e-06,2.543892e-06,1.599502e-06,2.065603e-06,1.825877e-07,1.671336e-07,1.562633e-07,3.989084e-07,5.325860e-07,8.208422e-07,1.980664e-07,7.917496e-07,1.698526e-07
28.515620,2.823044e-06,1.133412e-06,2.238143e-05,4.938894e-06,2.378281e-05,1.836194e-06,1.185371e-05,5.143851e-06,1.466902e-05,3.500702e-06,4.216727e-06,1.583224e-06,2.318049e-06,2.504551e-06,1.571904e-06,2.032924e-06,1.997941e-07,1.712444e-07,2.108200e-07,1.604863e-07,4.811545e-07,7.498835e-07,1.864481e-07,9.211049e-07,2.146165e-07
28.540040,2.817291e-06,1.160095e-06,2.225317e-05,4.859884e-06,2.385090e-05,1.837725e-06,1.154264e-05,5.154822e-06,1.443669e-05,3.576933e-06,4.248271e-06,1.586425e-06,2.493788e-06,2.512321e-06,1.562801e-06,2.307582e-06,2.015131e-07,1.627699e-07,2.633410e-07,3.043481e-07,4.399059e-07,6.828630e-07,1.670581e-07,9.852855e-07,3.027443e-07
28.564450,2.789319e-06,1.171878e-06,2.183717e-05,4.757798e-06,2.389687e-05,1.792478e-06,1.134269e-05,5.243960e-06,1.445962e-05,3.510631e-06,4.221892e-06,1.598568e-06,2.495635e-06,2.725108e-06,1.435904e-06,2.942672e-06,2.021211e-07,1.728554e-07,2.919559e-07,6.751638e-07,3.965505e-07,6.097233e-07,1.553704e-07,9.851449e-07,3.947471e-07
28.588870,2.752227e-06,1.180642e-06,2.167892e-05,4.629781e-06,2.396539e-05,1.760230e-06,1.147338e-05,5.311789e-06,1.462624e-05,3.478935e-06,4.156142e-06,1.494869e-06,2.409720e-06,2.830394e-06,1.393149e-06,3.475993e-06,2.152735e-07,1.933753e-07,3.047184e-07,9.786008e-07,3.370286e-07,5.232217e-07,1.316038e-07,9.215997e-07,4.665570e-07
28.613280,2.717633e-06,1.187751e-06,2.172947e-05,4.489580e-06,2.380730e-05,1.727488e-06,1.141011e-05,5.159355e-06,1.487627e-05,3.474423e-06,4.014338e-06,1.418802e-06,2.405191e-06,2.769526e-06,1.489122e-06,3.887077e-06,2.261304e-07,1.952740e-07,3.150371e-07,1.114585e-06,2.647536e-07,4.214500e-07,1.074005e-07,8.153594e-07,5.225920e-07
28.637700,2.692551e-06,1.192903e-06,2.171488e-05,4.453196e-06,2.382991e-05,1.729475e-06,1.143773e-05,5.135987e-06,1.523304e-05,3.463006e-06,4.106266e-06,1.498133e-06,2.312186e-06,2.827126e-06,1.482034e-06,4.566297e-06,2.076413e-07,1.842533e-07,3.342351e-07,1.343688e-06,1.706759e-07,2.915579e-07,7.686498e-08,6.885593e-07,5.270065e-07
28.662110,2.660565e-06,1.188094e-06,2.170137e-05,4.387333e-06,2.386153e-05,1.731013e-06,1.138302e-05,5.212156e-06,1.490177e-05,3.509974e-06,4.213282e-06,1.505927e-06,2.241894e-06,2.939814e-06,1.378774e-06,4.812257e-06,1.794224e-07,2.068985e-07,3.414240e-07,1.600969e-06,1.020224e-07,1.474579e-07,5.200825e-08,5.339992e-07,4.876792e-07
28.686520,2.615699e-06,1.178370e-06,2.172866e-05,4.339341e-06,2.340365e-05,1.689792e-06,1.157782e-05,5.118286e-06,1.464088e-05,3.431930e-06,4.058967e-06,1.452761e-06,2.289581e-06,2.952057e-06,1.359994e-06,4.558346e-06,1.771704e-07,2.458421e-07,3.327128e-07,1.877094e-06,8.887671e-08,8.711252e-08,5.429397e-08,4.015709e-07,4.231476e-07
28.710940,2.603278e-06,1.177480e-06,2.192177e-05,4.403177e-06,2.314065e-05,1.712037e-06,1.180619e-05,5.030959e-06,1.499921e-05,3.346646e-06,4.044594e-06,1.457520e-06,2.206295e-06,3.001076e-06,1.374906e-06,4.571191e-06,1.741577e-07,2.571141e-07,3.073394e-07,2.018021e-06,1.507459e-07,2.244987e-07,8.142088e-08,3.373850e-07,3.626983e-07
28.735350,2.576419e-06,1.162762e-06,2.180436e-05,4.471503e-06,2.286208e-05,1.734720e-06,1.161481e-05,5.002329e-06,1.504518e-05,3.437564e-06,4.108425e-06,1.466390e-06,1.963667e-06,3.033847e-06,1.397838e-06,4.945022e-06,1.485838e-07,2.457279e-07,2.928452e-07,2.083214e-06,2.233651e-07,3.781079e-07,1.072323e-07,3.652898e-07,3.405994e-07
28.759770,2.539939e-06,1.145674e-06,2.159866e-05,4.546634e-06,2.239952e-05,1.721691e-06,1.161515e-05,5.015581e-06,1.491553e-05,3.487097e-06,4.102992e-06,1.500481e-06,1.888484e-06,2.836519e-06,1.468168e-06,5.114684e-06,1.290469e-07,2.439512e-07,2.850274e-07,2.161745e-06,2.941509e-07,4.953365e-07,1.347936e-07,4.671406e-07,3.895133e-07
28.784180,2.525830e-06,1.135658e-06,2.151151e-05,4.586298e-06,2.183109e-05,1.715115e-06,1.169207e-05,5.144168e-06,1.491908e-05,3.471367e-06,4.128909e-06,1.584052e-06,1.944235e-06,2.692864e-06,1.470859e-06,4.908949e-06,1.220321e-07,2.452355e-07,2.534969e-07,2.316677e-06,3.373408e-07,5.673235e-07,1.501068e-07,5.381519e-07,4.594825e-07
28.808590,2.517652e-06,1.121346e-06,2.116265e-05,4.642295e-06,2.117813e-05,1.727010e-06,1.155866e-05,5.024444e-06,1.480681e-05,3.481984e-06,4.043901e-06,1.578673e-06,1.867460e-06,2.765406e-06,1.337003e-06,4.665491e-06,1.044905e-07,2.256706e-07,2.025252e-07,2.406086e-06,3.679084e-07,6.151878e-07,1.648541e-07,5.599967e-07,5.394746e-07
28.833010,2.514314e-06,1.105772e-06,2.079514e-05,4.697729e-06,2.094797e-05,1.769833e-06,1.136695e-05,4.962500e-06,1.524975e-05,3.433114e-06,3.953203e-06,1.542768e-06,1.809905e-06,2.701415e-06,1.308721e-06,4.437071e-06,8.331871e-08,2.059329e-07,1.510301e-07,2.310010e-06,3.769860e-07,6.604061e-07,1.691071e-07,5.451091e-07,6.006049e-07
28.857420,2.498633e-06,1.088971e-06,2.049712e-05,4.678928e-06,2.070250e-05,1.776093e-06,1.118040e-05,5.140581e-06,1.519823e-05,3.516817e-06,4.046209e-06,1.609130e-06,1.830726e-06,2.469305e-06,1.418205e-06,3.952373e-06,9.474549e-08,2.169436e-07,1.293190e-07,2.118674e-06,4.079325e-07,6.883457e-07,1.729297e-07,5.281004e-07,6.094308e-07
28.881840,2.518105e-06,1.081121e-06,2.034533e-05,4.705552e-06,2.058124e-05,1.758664e-06,1.124367e-05,5.138898e-06,1.470291e-05,3.538541e-06,4.008997e-06,1.658881e-06,1.805919e-06,2.326484e-06,1.451254e-06,3.357392e-06,1.192988e-07,2.301308e-07,1.075580e-07,2.013079e-06,4.503909e-07,7.353506e-07,1.833124e-07,5.093675e-07,5.667360e-07
28.906250,2.527480e-06,1.062472e-06,2.016859e-05,4.716431e-06,2.090191e-05,1.793240e-06,1.117060e-05,5.086004e-06,1.499022e-05,3.408620e-06,3.850995e-06,1.613950e-06,1.961902e-06,2.204162e-06,1.412305e-06,3.383370e-06,1.274372e-07,1.993465e-07,6.772863e-08,1.907069e-06,4.950287e-07,7.850186e-07,1.991764e-07,5.416322e-07,4.730091e-07
28.930660,2.513283e-06,1.038201e-06,1.998648e-05,4.667668e-06,2.106093e-05,1.802916e-06,1.076696e-05,5.031887e-06,1.513793e-05,3.442757e-06,3.888846e-06,1.604174e-06,2.157438e-06,2.056642e-06,1.412057e-06,3.319252e-06,1.321538e-07,1.659513e-07,4.511072e-08,1.700036e-06,5.321626e-07,8.690325e-07,2.250406e-07,5.880988e-07,3.386848e-07
28.955080,2.525074e-06,1.029093e-06,2.014560e-05,4.642179e-06,2.128729e-05,1.784215e-06,1.070784e-05,5.051858e-06,1.503465e-05,3.496637e-06,3.904107e-06,1.592252e-06,2.111209e-06,2.126907e-06,1.381708e-06,2.740822e-06,1.551257e-07,1.576492e-07,6.691168e-08,1.344825e-06,5.574615e-07,9.504864e-07,2.465380e-07,7.224007e-07,2.409119e-07
28.979490,2.530278e-06,1.017687e-06,2.007978e-05,4.615337e-06,2.155852e-05,1.785946e-06,1.072436e-05,5.231672e-06,1.494873e-05,3.482645e-06,3.953431e-06,1.547892e-06,2.069059e-06,2.149014e-06,1.357854e-06,2.333798e-06,1.768811e-07,1.546908e-07,8.194841e-08,9.648580e-07,5.909919e-07,1.023712e-06,2.637650e-07,8.609307e-07,2.456901e-07
29.003910,2.530225e-06,1.007833e-06,1.991601e-05,4.637868e-06,2.195940e-05,1.787171e-06,1.060732e-05,5.181724e-06,1.483298e-05,3.477242e-06,3.943783e-06,1.591219e-06,2.179722e-06,2.015643e-06,1.466386e-06,2.464210e-06,1.827395e-07,1.446741e-07,1.030729e-07,6.574607e-07,5.974980e-07,1.056114e-06,2.714669e-07,1.001226e-06,3.536567e-07
29.028320,2.524304e-06,1.000054e-06,1.988560e-05,4.619788e-06,2.233309e-05,1.797605e-06,1.059695e-05,5.044306e-06,1.526564e-05,3.429040e-06,3.762736e-06,1.593530e-06,2.271268e-06,2.122094e-06,1.512101e-06,2.495955e-06,2.028349e-07,1.570861e-07,1.573321e-07,3.296240e-07,5.892060e-07,1.017444e-06,2.668869e-07,1.078347e-06,4.530440e-07
29.052730,2.532680e-06,1.000439e-06,1.986215e-05,4.617364e-06,2.231841e-05,1.777022e-06,1.056072e-05,5.131466e-06,1.544640e-05,3.478573e-06,3.800728e-06,1.462130e-06,2.318735e-06,2.336368e-06,1.401316e-06,2.718779e-06,2.350243e-07,1.806544e-07,2.066771e-07,3.155341e-08,5.258373e-07,9.538076e-07,2.529933e-07,1.093451e-06,5.474698e-07
29.077150,2.530337e-06,9.968176e-07,1.973490e-05,4.684627e-06,2.257229e-05,1.745889e-06,1.066127e-05,5.155540e-06,1.484351e-05,3.534247e-06,3.916851e-06,1.407979e-06,2.363765e-06,2.378597e-06,1.357141e-06,3.194901e-06,2.451084e-07,1.888267e-07,2.346349e-07,4.613755e-07,4.478397e-07,8.343207e-07,2.248845e-07,1.044860e-06,6.181728e-07
29.101560,2.508213e-06,9.901322e-07,1.940748e-05,4.679477e-06,2.267743e-05,1.767330e-06,1.068055e-05,5.044125e-06,1.467914e-05,3.405074e-06,3.847916e-06,1.406215e-06,2.322984e-06,2.426160e-06,1.451194e-06,3.278352e-06,2.366515e-07,1.768782e-07,2.451222e-07,8.856209e-07,3.470935e-07,7.241671e-07,1.837701e-07,9.535984e-07,6.575479e-07
29.125980,2.518523e-06,9.974456e-07,1.928997e-05,4.667808e-06,2.245668e-05,1.751530e-06,1.044490e-05,4.997198e-06,1.498440e-05,3.327907e-06,3.814469e-06,1.358447e-06,2.228375e-06,2.522133e-06,1.471988e-06,3.116321e-06,2.316041e-07,1.917454e-07,2.662685e-07,1.217829e-06,2.413484e-07,5.609808e-07,1.400936e-07,8.538476e-07,6.470978e-07
29.150390,2.512737e-06,9.966477e-07,1.903132e-05,4.652208e-06,2.237410e-05,1.712285e-06,1.056686e-05,4.975549e-06,1.488389e-05,3.420764e-06,3.826045e-06,1.335412e-06,2.315616e-06,2.566628e-06,1.463904e-06,3.408984e-06,2.360935e-07,2.301921e-07,2.912346e-07,1.387990e-06,1.397356e-07,4.069355e-07,8.737142e-08,7.567096e-07,5.964686e-07
29.174800,2.494632e-06,9.926635e-07,1.871245e-05,4.640020e-06,2.234044e-05,1.706229e-06,1.067461e-05,5.072938e-06,1.480176e-05,3.441306e-06,3.855201e-06,1.305261e-06,2.365792e-06,2.640335e-06,1.471528e-06,4.013098e-06,2.308012e-07,2.458196e-07,2.989100e-07,1.598983e-06,4.373693e-08,2.371523e-07,4.625197e-08,6.372965e-07,4.903789e-07
29.199220,2.480161e-06,9.928743e-07,1.869355e-05,4.639469e-06,2.252209e-05,1.710182e-06,1.059157e-05,5.119689e-06,1.471843e-05,3.429362e-06,3.940522e-06,1.238295e-06,2.208209e-06,2.841929e-06,1.395264e-06,4.245429e-06,2.106360e-07,2.417438e-07,2.904485e-07,1.908527e-06,6.170642e-08,1.016498e-07,6.966418e-09,5.259762e-07,3.739892e-07
29.223630,2.469488e-06,9.942343e-07,1.868670e-05,4.581428e-06,2.252149e-05,1.728434e-06,1.065071e-05,4.959527e-06,1.478007e-05,3.406402e-06,3.877778e-06,1.281952e-06,2.135986e-06,2.838063e-06,1.361515e-06,4.209850e-06,1.947854e-07,2.501162e-07,2.805129e-07,2.129605e-06,1.491207e-07,9.679686e-08,2.537405e-08,3.858684e-07,2.488248e-07
29.248050,2.451943e-06,9.921046e-07,1.871883e-05,4.589951e-06,2.260728e-05,1.707700e-06,1.075574e-05,5.010391e-06,1.515199e-05,3.377760e-06,3.752589e-06,1.363756e-06,2.134666e-06,2.667451e-06,1.464524e-06,4.300007e-06,1.876777e-07,2.580172e-07,2.810925e-07,2.214577e-06,2.091116e-07,1.905080e-07,5.420112e-08,2.582675e-07,1.877982e-07
29.272460,2.414072e-06,9.858821e-07,1.875614e-05,4.558810e-06,2.289197e-05,1.687171e-06,1.100635e-05,5.159222e-06,1.487162e-05,3.454742e-06,3.858505e-06,1.321988e-06,2.056430e-06,2.702185e-06,1.516815e-06,4.177925e-06,1.617897e-07,2.395401e-07,2.751401e-07,2.179048e-06,2.520899e-07,2.790452e-07,7.473219e-08,1.488832e-07,2.339103e-07
29.296880,2.408942e-06,9.928426e-07,1.898929e-05,4.485826e-06,2.276993e-05,1.712081e-06,1.102206e-05,5.118597e-06,1.455777e-05,3.434555e-06,3.890437e-06,1.353324e-06,2.062831e-06,2.699758e-06,1.424573e-06,3.898863e-06,1.163128e-07,2.237882e-07,2.473887e-07,2.280316e-06,2.914036e-07,3.879195e-07,9.385587e-08,2.716698e-08,3.260935e-07
29.321290,2.406175e-06,9.935065e-07,1.919584e-05,4.476605e-06,2.279579e-05,1.697410e-06,1.082146e-05,5.092057e-06,1.495790e-05,3.332153e-06,3.743694e-06,1.425988e-06,2.070971e-06,2.593349e-06,1.341271e-06,3.917582e-06,8.973127e-08,2.268472e-07,2.056215e-07,2.381870e-06,3.468001e-07,4.830277e-07,1.133327e-07,9.954450e-08,4.238393e-07
29.345700,2.390153e-06,9.857499e-07,1.919671e-05,4.474377e-06,2.294601e-05,1.675695e-06,1.097897e-05,5.072610e-06,1.505070e-05,3.393260e-06,3.716897e-06,1.435854e-06,1.906143e-06,2.582538e-06,1.351449e-06,4.187698e-06,8.544883e-08,2.365339e-07,1.751339e-07,2.423760e-06,4.077486e-07,5.765922e-07,1.319908e-07,2.689428e-07,5.092199e-07
29.370120,2.395445e-06,9.839229e-07,1.949139e-05,4.469019e-06,2.298442e-05,1.679115e-06,1.107040e-05,5.111324e-06,1.490675e-05,3.443348e-06,3.741241e-06,1.496642e-06,1.842824e-06,2.488584e-06,1.313740e-06,4.032426e-06,6.202330e-08,2.161148e-07,1.559771e-07,2.299167e-06,4.564169e-07,6.489034e-07,1.578805e-07,4.241539e-07,5.586856e-07
29.394530,2.402121e-06,9.778893e-07,1.981494e-05,4.427453e-06,2.292335e-05,1.678483e-06,1.096767e-05,5.250437e-06,1.488164e-05,3.415629e-06,3.757903e-06,1.514868e-06,2.008580e-06,2.247263e-06,1.328671e-06,3.587452e-06,5.341204e-08,1.726207e-07,1.296268e-07,2.156326e-06,4.842859e-07,7.184867e-07,1.802874e-07,5.617353e-07,5.571899e-07
29.418950,2.413445e-06,9.705308e-07,1.994122e-05,4.399823e-06,2.263263e-05,1.672675e-06,1.090245e-05,5.148960e-06,1.477212e-05,3.421562e-06,3.803429e-06,1.443183e-06,2.046693e-06,2.152797e-06,1.387269e-06,3.234989e-06,7.591982e-08,1.429441e-07,8.603495e-08,2.081278e-06,4.989353e-07,7.847104e-07,2.005843e-07,6.667990e-07,5.276418e-07
29.443360,2.417158e-06,9.604338e-07,2.002187e-05,4.410600e-06,2.265592e-05,1.630459e-06,1.080238e-05,5.082786e-06,1.516733e-05,3.384900e-06,3.677116e-06,1.474777e-06,2.024444e-06,2.192915e-06,1.285893e-06,3.174162e-06,8.726362e-08,1.299121e-07,6.431562e-08,2.026096e-06,5.046468e-07,8.263862e-07,2.102053e-07,7.206111e-07,4.657149e-07
29.467770,2.443074e-06,9.590787e-07,2.018586e-05,4.335405e-06,2.257993e-05,1.615424e-06,1.078523e-05,5.192499e-06,1.524485e-05,3.444077e-06,3.583987e-06,1.544944e-06,2.070067e-06,2.047585e-06,1.240435e-06,2.983941e-06,1.090116e-07,9.394839e-08,6.069555e-08,1.840568e-06,5.042227e-07,8.216323e-07,2.117212e-07,7.408302e-07,4.348509e-07
29.492190,2.448656e-06,9.512718e-07,2.038958e-05,4.297948e-06,2.227062e-05,1.632997e-06,1.053152e-05,5.145516e-06,1.463424e-05,3.510638e-06,3.679821e-06,1.535307e-06,2.018246e-06,1.926362e-06,1.372532e-06,2.907604e-06,1.506470e-07,8.051377e-08,4.085928e-08,1.498713e-06,4.853482e-07,7.799110e-07,2.059728e-07,7.447170e-07,4.265320e-07
29.516600,2.425086e-06,9.416131e-07,2.038145e-05,4.300721e-06,2.235262e-05,1.607504e-06,1.020111e-05,5.063376e-06,1.456601e-05,3.394435e-06,3.652864e-06,1.486391e-06,2.028617e-06,1.963325e-06,1.430562e-06,3.100717e-06,1.816278e-07,1.069194e-07,4.758420e-08,1.176244e-06,4.646922e-07,7.209189e-07,1.933390e-07,7.097752e-07,4.482801e-07
29.541020,2.416677e-06,9.482710e-07,2.059925e-05,4.291007e-06,2.237524e-05,1.586963e-06,1.023510e-05,5.018680e-06,1.467560e-05,3.356180e-06,3.585226e-06,1.460179e-06,2.182458e-06,1.935219e-06,1.418504e-06,2.963804e-06,1.893501e-07,1.084137e-07,9.641550e-08,9.304446e-07,4.478697e-07,6.826941e-07,1.777988e-07,6.522522e-07,4.849825e-07
29.565430,2.396287e-06,9.537191e-07,2.070090e-05,4.287929e-06,2.239062e-05,1.598619e-06,1.016372e-05,5.019898e-06,1.455145e-05,3.426606e-06,3.604603e-06,1.425499e-06,2.158810e-06,2.026673e-06,1.442367e-06,2.668021e-06,1.966356e-07,1.056053e-07,1.347773e-07,6.930101e-07,4.614012e-07,6.585339e-07,1.609112e-07,5.267350e-07,5.200446e-07
29.589840,2.368248e-06,9.597508e-07,2.057310e-05,4.287420e-06,2.221236e-05,1.606386e-06,9.949828e-06,5.177771e-06,1.452135e-05,3.442363e-06,3.577530e-06,1.419544e-06,2.025390e-06,2.162659e-06,1.468395e-06,2.973956e-06,2.134522e-07,1.469139e-07,1.516386e-07,4.570715e-07,4.917323e-07,6.598060e-07,1.426117e-07,4.159073e-07,5.605346e-07
29.614260,2.335903e-06,9.663585e-07,2.049190e-05,4.333718e-06,2.214989e-05,1.617499e-06,9.937612e-06,5.147220e-06,1.430655e-05,3.462065e-06,3.651047e-06,1.430599e-06,2.055937e-06,2.075893e-06,1.464227e-06,3.625133e-06,2.296790e-07,1.886644e-07,1.731609e-07,4.543146e-07,5.010327e-07,6.506020e-07,1.366494e-07,3.405258e-07,5.919699e-07
29.638670,2.320376e-06,9.769356e-07,2.037950e-05,4.305191e-06,2.218738e-05,1.596424e-06,9.943078e-06,5.001820e-06,1.448344e-05,3.413607e-06,3.657633e-06,1.343135e-06,2.094364e-06,2.047412e-06,1.583319e-06,3.778977e-06,2.322999e-07,2.091857e-07,2.045022e-07,7.172613e-07,4.952528e-07,6.547802e-07,1.364572e-07,4.153232e-07,5.958904e-07
29.663090,2.309636e-06,9.828164e-07,2.025407e-05,4.264945e-06,2.184319e-05,1.604819e-06,1.004262e-05,5.135476e-06,1.481350e-05,3.393182e-06,3.508911e-06,1.282047e-06,2.050174e-06,2.212293e-06,1.658250e-06,3.710687e-06,2.357112e-07,2.325709e-07,2.295817e-07,9.330286e-07,4.578516e-07,6.477368e-07,1.405112e-07,5.181524e-07,5.650248e-07
29.687500,2.279685e-06,9.770560e-07,1.993151e-05,4.284320e-06,2.181165e-05,1.633113e-06,9.908650e-06,5.231352e-06,1.436872e-05,3.486475e-06,3.538316e-06,1.336268e-06,2.071882e-06,2.283793e-06,1.553970e-06,3.838969e-06,2.464566e-07,2.594634e-07,2.325902e-07,1.229544e-06,4.136289e-07,6.028630e-07,1.376696e-07,6.037073e-07,4.823806e-07
29.711910,2.280213e-06,9.797331e-07,1.974845e-05,4.245961e-06,2.194877e-05,1.611520e-06,9.705625e-06,5.189295e-06,1.415793e-05,3.448066e-06,3.624592e-06,1.335123e-06,2.022601e-06,2.271689e-06,1.481873e-06,3.899032e-06,2.439771e-07,2.805644e-07,2.275283e-07,1.530301e-06,3.393748e-07,5.374423e-07,1.299008e-07,6.473483e-07,3.934048e-07
29.736330,2.284746e-06,9.769608e-07,1.971448e-05,4.185884e-06,2.184481e-05,1.613223e-06,9.851581e-06,5.179321e-06,1.453981e-05,3.356006e-06,3.552894e-06,1.301826e-06,1.914306e-06,2.307329e-06,1.516492e-06,3.796580e-06,2.190371e-07,2.747267e-07,2.306487e-07,1.878421e-06,2.715195e-07,4.114528e-07,1.145783e-07,6.490539e-07,2.924874e-07
29.760740,2.286557e-06,9.685153e-07,1.940318e-05,4.117189e-06,2.180129e-05,1.625962e-06,9.806707e-06,5.159214e-06,1.454500e-05,3.424222e-06,3.509856e-06,1.323748e-06,1.981417e-06,2.253560e-06,1.499021e-06,4.034756e-06,1.931010e-07,2.729631e-07,2.385556e-07,2.028106e-06,2.095479e-07,3.166787e-07,9.659746e-08,6.156838e-07,2.249632e-07
29.785160,2.295134e-06,9.619058e-07,1.922620e-05,4.073897e-06,2.177624e-05,1.624612e-06,9.650542e-06,5.281233e-06,1.443503e-05,3.460023e-06,3.475963e-06,1.329874e-06,2.097937e-06,2.169991e-06,1.482098e-06,4.447140e-06,1.805280e-07,2.899098e-07,2.318410e-07,2.062490e-06,1.970793e-07,2.922519e-07,8.754071e-08,5.673747e-07,1.765461e-07
29.809570,2.300856e-06,9.546564e-07,1.912601e-05,4.054190e-06,2.200913e-05,1.603091e-06,9.575071e-06,5.384611e-06,1.426799e-05,3.445295e-06,3.480817e-06,1.360117e-06,2.038424e-06,2.252994e-06,1.487648e-06,4.254770e-06,1.673140e-07,3.039834e-07,2.049995e-07,2.077641e-06,2.291025e-07,3.738008e-07,8.998705e-08,4.814353e-07,1.285746e-07
29.833980,2.295739e-06,9.482020e-07,1.904589e-05,3.982220e-06,2.201531e-05,1.566880e-06,9.517247e-06,5.230483e-06,1.421569e-05,3.427705e-06,3.590850e-06,1.440989e-06,1.920555e-06,2.307970e-06,1.362953e-06,3.796271e-06,1.384522e-07,2.891667e-07,1.796569e-07,2.169624e-06,2.832150e-07,5.123214e-07,1.038091e-07,4.493030e-07,8.544351e-08
29.858400,2.266552e-06,9.400666e-07,1.886707e-05,3.992123e-06,2.186151e-05,1.575850e-06,9.434260e-06,5.252441e-06,1.470026e-05,3.383645e-06,3.538495e-06,1.422727e-06,1.968187e-06,2.177887e-06,1.228684e-06,3.592539e-06,1.080263e-07,2.660408e-07,1.705118e-07,2.237974e-06,3.166436e-07,6.480838e-07,1.295910e-07,4.777303e-07,6.741945e-08
29.882810,2.267797e-06,9.500665e-07,1.878965e-05,4.024350e-06,2.212327e-05,1.590581e-06,9.179562e-06,5.368264e-06,1.462795e-05,3.488072e-06,3.413002e-06,1.352441e-06,2.029558e-06,2.074884e-06,1.257532e-06,3.639886e-06,9.253190e-08,2.481001e-07,1.598655e-07,2.117754e-06,3.523398e-07,7.505990e-07,1.482934e-07,5.666815e-07,8.471795e-08
29.907230,2.266450e-06,9.592121e-07,1.886282e-05,4.018085e-06,2.205623e-05,1.562542e-06,9.021085e-06,5.302191e-06,1.408229e-05,3.557702e-06,3.490021e-06,1.402845e-06,2.115899e-06,2.126810e-06,1.265451e-06,3.549812e-06,7.084727e-08,2.318299e-07,1.317115e-07,1.964047e-06,3.671906e-07,8.339282e-07,1.660379e-07,6.739134e-07,1.454337e-07
29.931640,2.247655e-06,9.616439e-07,1.870594e-05,4.039100e-06,2.188400e-05,1.578385e-06,9.192469e-06,5.269363e-06,1.421327e-05,3.434579e-06,3.509697e-06,1.447460e-06,2.251803e-06,2.095895e-06,1.172315e-06,3.459265e-06,5.136701e-08,1.976939e-07,1.016815e-07,1.858404e-06,3.831448e-07,8.534248e-07,1.735271e-07,7.564504e-07,2.191991e-07
29.956050,2.246752e-06,9.717082e-07,1.872215e-05,4.069819e-06,2.177845e-05,1.609009e-06,9.120132e-06,5.221500e-06,1.426962e-05,3.443262e-06,3.454869e-06,1.432259e-06,2.208176e-06,2.041810e-06,1.119234e-06,3.558948e-06,7.946720e-08,1.622177e-07,9.949108e-08,1.855698e-06,3.809768e-07,8.468680e-07,1.728892e-07,8.030792e-07,3.144695e-07
29.980470,2.250267e-06,9.796951e-07,1.895113e-05,4.100291e-06,2.171456e-05,1.625926e-06,9.024602e-06,5.308239e-06,1.424420e-05,3.520158e-06,3.483813e-06,1.440843e-06,2.146759e-06,2.066277e-06,1.139376e-06,3.308983e-06,1.116101e-07,1.457129e-07,9.524207e-08,1.762079e-06,3.776038e-07,8.094494e-07,1.715935e-07,8.195999e-07,4.125735e-07
30.004880,2.264125e-06,9.857143e-07,1.908404e-05,4.080890e-06,2.166972e-05,1.635558e-06,9.134278e-06,5.485781e-06,1.425181e-05,3.561156e-06,3.464622e-06,1.405187e-06,2.333050e-06,1.983857e-06,1.172195e-06,2.909245e-06,1.193332e-07,1.296067e-07,6.822054e-08,1.521700e-06,3.968890e-07,7.973893e-07,1.637827e-07,7.967271e-07,4.963863e-07
30.029300,2.277570e-06,9.855664e-07,1.925930e-05,4.082337e-06,2.141448e-05,1.628336e-06,9.238843e-06,5.386580e-06,1.407300e-05,3.609091e-06,3.516586e-06,1.360657e-06,2.432302e-06,1.964403e-06,1.262195e-06,3.177252e-06,1.334328e-07,8.405276e-08,5.798388e-08,1.235257e-06,4.252125e-07,8.044705e-07,1.586297e-07,7.295451e-07,5.422373e-07
30.053710,2.319049e-06,9.896530e-07,1.947211e-05,4.139982e-06,2.153133e-05,1.663272e-06,9.371693e-06,5.335609e-06,1.450571e-05,3.560287e-06,3.602233e-06,1.405158e-06,2.359068e-06,2.188794e-06,1.393973e-06,3.662010e-06,1.671166e-07,5.191731e-08,8.637327e-08,1.056025e-06,4.707121e-07,8.241517e-07,1.554153e-07,6.366648e-07,5.698255e-07
30.078120,2.370931e-06,9.916601e-07,1.986721e-05,4.110655e-06,2.170205e-05,1.677121e-06,9.269363e-06,5.499344e-06,1.476759e-05,3.596251e-06,3.485636e-06,1.398881e-06,2.343286e-06,2.262848e-06,1.374928e-06,3.555972e-06,1.898340e-07,8.903606e-08,1.068693e-07,8.814369e-07,4.965335e-07,8.563573e-07,1.564278e-07,5.193133e-07,5.681914e-07
30.102540,2.397231e-06,9.818042e-07,1.996316e-05,4.079764e-06,2.150064e-05,1.659898e-06,9.279497e-06,5.546730e-06,1.435501e-05,3.704568e-06,3.463039e-06,1.313105e-06,2.353307e-06,2.182639e-06,1.372890e-06,3.503302e-06,2.047786e-07,1.137394e-07,1.228977e-07,5.974813e-07,5.110626e-07,8.760316e-07,1.609842e-07,4.986411e-07,5.649435e-07
30.126950,2.434188e-06,9.821981e-07,2.005068e-05,4.096432e-06,2.158637e-05,1.682389e-06,9.493561e-06,5.528759e-06,1.434022e-05,3.644438e-06,3.552002e-06,1.287245e-06,2.316770e-06,2.234964e-06,1.570873e-06,3.701830e-06,2.281515e-07,1.443861e-07,1.505147e-07,1.791472e-07,4.900486e-07,9.012851e-07,1.644834e-07,5.724265e-07,5.345467e-07
30.151370,2.447221e-06,9.826357e-07,2.027909e-05,4.128089e-06,2.177385e-05,1.693726e-06,9.423361e-06,5.522495e-06,1.472746e-05,3.568183e-06,3.523546e-06,1.292146e-06,2.400185e-06,2.321892e-06,1.711913e-06,3.715779e-06,2.531892e-07,1.916360e-07,1.860087e-07,2.527436e-07,4.617121e-07,9.022101e-07,1.624432e-07,6.820827e-07,4.845367e-07
30.175780,2.444790e-06,9.893435e-07,2.021324e-05,4.157547e-06,2.207009e-05,1.675391e-06,9.317169e-06,5.521098e-06,1.478323e-05,3.651436e-06,3.496038e-06,1.262101e-06,2.435601e-06,2.344769e-06,1.721953e-06,3.747394e-06,2.555485e-07,2.304352e-07,2.077099e-07,5.659643e-07,4.221077e-07,8.639017e-07,1.524677e-07,7.875121e-07,4.013933e-07
30.200200,2.430000e-06,1.003176e-06,2.008881e-05,4.163730e-06,2.203240e-05,1.654914e-06,9.338869e-06,5.730377e-06,1.481572e-05,3.697612e-06,3.442098e-06,1.270919e-06,2.237909e-06,2.441376e-06,1.740434e-06,4.171799e-06,2.408312e-07,2.412446e-07,2.061421e-07,8.005582e-07,3.690472e-07,7.927066e-07,1.364443e-07,8.177169e-07,3.073145e-07
30.224610,2.421555e-06,1.026984e-06,1.992924e-05,4.260868e-06,2.205082e-05,1.636151e-06,9.261482e-06,5.751816e-06,1.454360e-05,3.729360e-06,3.405631e-06,1.254664e-06,2.205668e-06,2.475745e-06,1.748117e-06,4.486522e-06,2.322372e-07,2.510045e-07,2.030550e-07,1.096704e-06,2.957880e-07,6.793824e-07,1.181198e-07,8.404654e-07,2.401188e-07
30.249020,2.406839e-06,1.049225e-06,1.987966e-05,4.293335e-06,2.230536e-05,1.662918e-06,9.195454e-06,5.643306e-06,1.456119e-05,3.706582e-06,3.519802e-06,1.207866e-06,2.345359e-06,2.318231e-06,1.681912e-06,4.179558e-06,2.377275e-07,2.838359e-07,2.144026e-07,1.489910e-06,2.098812e-07,5.574948e-07,9.291053e-08,7.923063e-07,2.424797e-07
30.273440,2.366909e-06,1.062348e-06,1.973699e-05,4.296122e-06,2.205944e-05,1.661529e-06,9.009975e-06,5.802701e-06,1.508009e-05,3.656574e-06,3.551733e-06,1.270846e-06,2.345410e-06,2.303439e-06,1.723490e-06,3.782028e-06,2.297891e-07,3.149975e-07,2.192179e-07,1.778211e-06,1.327138e-07,4.281049e-07,7.261405e-08,7.305121e-07,2.699599e-07
30.297850,2.351250e-06,1.086510e-06,1.971127e-05,4.349176e-06,2.196571e-05,1.637164e-06,9.010992e-06,5.889698e-06,1.478538e-05,3.803891e-06,3.423403e-06,1.364737e-06,2.302887e-06,2.387268e-06,1.806272e-06,3.833908e-06,2.074020e-07,3.150505e-07,1.982879e-07,1.936591e-06,9.716523e-08,3.144534e-07,4.626590e-08,6.048161e-07,2.951979e-07
30.322270,2.336414e-06,1.104625e-06,2.002598e-05,4.363421e-06,2.204120e-05,1.673321e-06,9.231705e-06,5.840474e-06,1.436075e-05,3.848023e-06,3.438228e-06,1.332309e-06,2.297746e-06,2.312980e-06,1.704108e-06,3.935930e-06,1.904938e-07,3.069246e-07,1.674800e-07,1.918527e-06,1.068089e-07,2.409505e-07,2.895979e-08,4.258499e-07,2.788600e-07
30.346680,2.316941e-06,1.113695e-06,2.016814e-05,4.352267e-06,2.208851e-05,1.697667e-06,9.110983e-06,5.784109e-06,1.448975e-05,3.730818e-06,3.479673e-06,1.319514e-06,2.196565e-06,2.230341e-06,1.557977e-06,3.838379e-06,1.777147e-07,3.088360e-07,1.567164e-07,1.991380e-06,1.697161e-07,2.045436e-07,2.986636e-08,2.292546e-07,2.582102e-07
30.371090,2.303536e-06,1.121158e-06,2.041680e-05,4.305813e-06,2.215568e-05,1.719379e-06,9.074891e-06,5.738858e-06,1.447349e-05,3.741455e-06,3.424611e-06,1.345345e-06,2.145683e-06,2.239466e-06,1.526446e-06,3.965268e-06,1.407890e-07,3.056551e-07,1.457274e-07,2.079202e-06,2.435712e-07,2.509078e-07,4.695781e-08,1.525379e-07,2.247570e-07
30.395510,2.292286e-06,1.125078e-06,2.082208e-05,4.281959e-06,2.222865e-05,1.727012e-06,9.151082e-06,5.876361e-06,1.443251e-05,3.788418e-06,3.436198e-06,1.339240e-06,2.280293e-06,2.164543e-06,1.492304e-06,4.028008e-06,9.700862e-08,2.798878e-07,1.178456e-07,2.055650e-06,3.137413e-07,3.317530e-07,6.889841e-08,2.838182e-07,2.206739e-07
30.419920,2.284954e-06,1.128596e-06,2.120359e-05,4.245377e-06,2.267255e-05,1.761559e-06,9.250896e-06,5.996870e-06,1.431572e-05,3.825347e-06,3.388503e-06,1.396911e-06,2.301722e-06,2.097327e-06,1.414193e-06,3.627950e-06,9.063881e-08,2.545761e-07,9.123799e-08,1.839599e-06,3.816386e-07,4.248284e-07,9.647490e-08,4.043303e-07,2.716182e-07
30.444340,2.258557e-06,1.121695e-06,2.143664e-05,4.117515e-06,2.287992e-05,1.819251e-06,9.272807e-06,5.792198e-06,1.416227e-05,3.854193e-06,3.405286e-06,1.425479e-06,2.146561e-06,2.171810e-06,1.379560e-06,3.431249e-06,9.485023e-08,2.477688e-07,9.025872e-08,1.644225e-06,4.429913e-07,5.569468e-07,1.219457e-07,5.015350e-07,3.711055e-07
30.468750,2.249243e-06,1.122322e-06,2.149156e-05,4.052764e-06,2.289521e-05,1.817283e-06,9.121696e-06,5.801605e-06,1.471213e-05,3.789281e-06,3.521341e-06,1.357781e-06,2.175138e-06,2.142426e-06,1.271936e-06,3.843500e-06,8.033969e-08,2.368814e-07,1.031467e-07,1.619545e-06,4.878603e-07,6.673999e-07,1.515845e-07,5.313904e-07,4.716644e-07
30.493160,2.251861e-06,1.124420e-06,2.168108e-05,4.026879e-06,2.332524e-05,1.825920e-06,9.263192e-06,5.928398e-06,1.489432e-05,3.830209e-06,3.461449e-06,1.375114e-06,2.234768e-06,1.949629e-06,1.126606e-06,4.113940e-06,8.563907e-08,1.943221e-07,1.102062e-07,1.578838e-06,5.351270e-07,7.742286e-07,1.722918e-07,5.696564e-07,5.716413e-07
30.517580,2.236795e-06,1.118267e-06,2.163788e-05,3.991781e-06,2.358172e-05,1.864839e-06,9.415125e-06,5.875530e-06,1.436046e-05,3.956424e-06,3.382703e-06,1.438833e-06,2.225220e-06,1.980423e-06,1.188140e-06,3.995087e-06,1.152102e-07,1.427792e-07,1.136466e-07,1.423558e-06,5.562880e-07,8.381561e-07,1.905865e-07,5.702581e-07,6.331778e-07
30.541990,2.243094e-06,1.120173e-06,2.145831e-05,3.973586e-06,2.360040e-05,1.857339e-06,9.253874e-06,5.862963e-06,1.456116e-05,3.832305e-06,3.433575e-06,1.415235e-06,2.309583e-06,2.069189e-06,1.296489e-06,3.976269e-06,1.339965e-07,1.198198e-07,1.341900e-07,1.148976e-06,5.661959e-07,8.519999e-07,2.007934e-07,5.735018e-07,6.558470e-07
30.566410,2.250646e-06,1.118615e-06,2.153069e-05,3.974936e-06,2.339838e-05,1.835102e-06,9.224471e-06,5.764872e-06,1.484342e-05,3.772337e-06,3.446300e-06,1.386196e-06,2.285997e-06,2.060236e-06,1.246070e-06,4.040133e-06,1.609012e-07,1.004707e-07,1.604918e-07,9.795207e-07,5.455221e-07,8.616567e-07,2.094560e-07,6.105591e-07,6.553205e-07
30.590820,2.261245e-06,1.114228e-06,2.158476e-05,4.033591e-06,2.315626e-05,1.811560e-06,9.235852e-06,5.837249e-06,1.500415e-05,3.832405e-06,3.422241e-06,1.378053e-06,2.160054e-06,2.139360e-06,1.223812e-06,4.127970e-06,1.987876e-07,7.354326e-08,1.696098e-07,8.799467e-07,5.390036e-07,8.147800e-07,2.079626e-07,7.045144e-07,6.374558e-07
30.615230,2.265306e-06,1.106303e-06,2.180046e-05,4.055963e-06,2.297399e-05,1.806716e-06,9.151678e-06,6.005610e-06,1.505331e-05,3.865733e-06,3.414791e-06,1.356435e-06,2.269259e-06,2.146143e-06,1.310125e-06,4.222584e-06,2.261469e-07,1.056020e-07,1.722292e-07,7.102677e-07,5.442185e-07,7.799077e-07,1.977200e-07,8.755665e-07,6.277885e-07
30.639650,2.286633e-06,1.104371e-06,2.203558e-05,4.084263e-06,2.236986e-05,1.823253e-06,9.051834e-06,5.905135e-06,1.471012e-05,3.920823e-06,3.297375e-06,1.364955e-06,2.440087e-06,2.059907e-06,1.380368e-06,4.635732e-06,2.280089e-07,1.435043e-07,1.936008e-07,4.339858e-07,5.656631e-07,7.227806e-07,1.829596e-07,1.045009e-06,6.147478e-07
30.664060,2.317025e-06,1.106710e-06,2.239988e-05,4.190046e-06,2.196345e-05,1.790332e-06,8.905685e-06,5.882952e-06,1.497088e-05,3.844767e-06,3.368790e-06,1.405342e-06,2.379304e-06,2.181058e-06,1.467043e-06,4.890499e-06,2.347307e-07,1.521253e-07,2.218792e-07,4.173814e-07,5.805370e-07,6.875560e-07,1.651625e-07,1.170121e-06,5.899711e-07
30.688480,2.319653e-06,1.096272e-06,2.266149e-05,4.238876e-06,2.181349e-05,1.778527e-06,9.037736e-06,6.044016e-06,1.532687e-05,3.825762e-06,3.468367e-06,1.331514e-06,2.341022e-06,2.370446e-06,1.613929e-06,4.543618e-06,2.570497e-07,1.765657e-07,2.339566e-07,6.996163e-07,5.744011e-07,6.525318e-07,1.493959e-07,1.227284e-06,5.797813e-07
30.712890,2.336325e-06,1.096113e-06,2.272414e-05,4.266858e-06,2.141205e-05,1.802505e-06,9.156860e-06,6.113710e-06,1.492715e-05,3.980293e-06,3.365575e-06,1.265029e-06,2.402563e-06,2.322667e-06,1.625069e-06,4.182241e-06,2.752797e-07,2.288041e-07,2.256141e-07,9.093046e-07,5.597474e-07,6.500958e-07,1.395985e-07,1.189263e-06,5.721246e-07
30.737300,2.343807e-06,1.097215e-06,2.305365e-05,4.298761e-06,2.115146e-05,1.789745e-06,8.989895e-06,6.104784e-06,1.463123e-05,3.987607e-06,3.362413e-06,1.329822e-06,2.420621e-06,2.275293e-06,1.517408e-06,4.370884e-06,2.781585e-07,2.696107e-07,2.244294e-07,1.075234e-06,5.139642e-07,6.638080e-07,1.317806e-07,1.115243e-06,6.115034e-07
30.761720,2.318839e-06,1.087157e-06,2.295616e-05,4.288585e-06,2.078539e-05,1.758323e-06,8.937932e-06,5.955858e-06,1.448591e-05,3.856398e-06,3.364424e-06,1.333898e-06,2.520818e-06,2.324055e-06,1.548955e-06,4.479888e-06,2.779800e-07,2.836044e-07,2.309911e-07,1.421777e-06,4.563855e-07,6.305025e-07,1.271254e-07,9.665557e-07,6.369520e-07
30.786130,2.293946e-06,1.082140e-06,2.268266e-05,4.243737e-06,2.072509e-05,1.736451e-06,8.998714e-06,5.922365e-06,1.429057e-05,3.818250e-06,3.312997e-06,1.308238e-06,2.644657e-06,2.299853e-06,1.585082e-06,4.185357e-06,2.788301e-07,2.991841e-07,2.311464e-07,1.760427e-06,3.612890e-07,5.586435e-07,1.190166e-07,8.007506e-07,6.426784e-07
30.810550,2.274447e-06,1.078935e-06,2.236728e-05,4.139209e-06,2.050540e-05,1.725263e-06,8.946092e-06,6.106545e-06,1.415347e-05,3.799768e-06,3.279502e-06,1.300594e-06,2.528232e-06,2.307448e-06,1.515420e-06,4.130727e-06,2.652111e-07,3.186665e-07,2.114218e-07,1.921149e-06,2.551929e-07,4.483980e-07,1.078814e-07,6.064724e-07,6.084242e-07
30.834960,2.262167e-06,1.080058e-06,2.204897e-05,4.124322e-06,2.026083e-05,1.723763e-06,8.900798e-06,6.036915e-06,1.365434e-05,3.817421e-06,3.183079e-06,1.236580e-06,2.402046e-06,2.373508e-06,1.444122e-06,3.960056e-06,2.271794e-07,3.238040e-07,1.876828e-07,1.964431e-06,1.632932e-07,3.329245e-07,9.352832e-08,3.860751e-07,5.299075e-07
30.859380,2.229366e-06,1.070154e-06,2.175042e-05,4.107864e-06,2.050175e-05,1.683676e-06,8.787241e-06,5.837662e-06,1.348897e-05,3.759826e-06,3.126972e-06,1.212235e-06,2.471796e-06,2.272507e-06,1.382429e-06,3.366364e-06,1.963052e-07,3.068776e-07,1.844106e-07,1.984908e-06,1.578049e-07,2.975020e-07,7.454970e-08,1.565191e-07,4.368324e-07
30.883790,2.215443e-06,1.067727e-06,2.125125e-05,4.036448e-06,2.045657e-05,1.673944e-06,8.849406e-06,5.880717e-06,1.391170e-05,3.624531e-06,3.194158e-06,1.253703e-06,2.492448e-06,2.184870e-06,1.245566e-06,2.876618e-06,1.889726e-07,2.934569e-07,1.766833e-07,1.993882e-06,2.194420e-07,3.630047e-07,6.351175e-08,6.018479e-08,3.338235e-07
30.908200,2.197581e-06,1.064361e-06,2.102295e-05,4.000299e-06,2.020850e-05,1.682328e-06,8.863260e-06,5.878676e-06,1.365688e-05,3.664828e-06,3.161627e-06,1.224596e-06,2.357268e-06,2.305141e-06,1.201129e-06,3.070407e-06,1.704080e-07,2.954902e-07,1.486991e-07,1.974333e-06,3.022866e-07,5.027328e-07,6.534144e-08,2.003717e-07,2.236292e-07
30.932620,2.164559e-06,1.053092e-06,2.080362e-05,3.969764e-06,2.002907e-05,1.648153e-06,8.602049e-06,5.780529e-06,1.307700e-05,3.691908e-06,3.030621e-06,1.145888e-06,2.303527e-06,2.391687e-06,1.245095e-06,3.176983e-06,1.394255e-07,2.887630e-07,1.107609e-07,1.801132e-06,3.637183e-07,6.509494e-07,8.425352e-08,2.490690e-07,1.443851e-07
30.957030,2.143773e-06,1.048823e-06,2.047650e-05,3.958756e-06,1.985112e-05,1.631976e-06,8.504869e-06,5.680762e-06,1.312663e-05,3.518338e-06,3.011050e-06,1.157797e-06,2.230889e-06,2.273087e-06,1.155805e-06,2.872109e-06,1.124582e-07,2.596049e-07,9.400760e-08,1.608878e-06,4.104820e-07,7.619866e-07,1.110193e-07,2.540655e-07,1.696637e-07
30.981450,2.124494e-06,1.044283e-06,2.035894e-05,3.917284e-06,1.969774e-05,1.629651e-06,8.409426e-06,5.549732e-06,1.320115e-05,3.421099e-06,2.984527e-06,1.168238e-06,2.080570e-06,2.222906e-06,1.022191e-06,2.768162e-06,9.736530e-08,2.278005e-07,9.049007e-08,1.418858e-06,4.221180e-07,8.181784e-07,1.333945e-07,1.848330e-07,2.602644e-07
31.005860,2.111951e-06,1.040654e-06,2.024347e-05,3.904333e-06,1.928762e-05,1.650707e-06,8.216915e-06,5.584342e-06,1.320963e-05,3.418969e-06,2.951694e-06,1.148626e-06,2.141828e-06,2.214173e-06,1.031385e-06,2.843595e-06,8.055817e-08,2.063574e-07,7.678755e-08,1.420410e-06,4.069705e-07,8.354688e-07,1.504037e-07,1.323767e-07,3.609317e-07
31.030270,2.085086e-06,1.028664e-06,2.019519e-05,3.926520e-06,1.913926e-05,1.662034e-06,8.022284e-06,5.586143e-06,1.307358e-05,3.399620e-06,2.915805e-06,1.160311e-06,2.139981e-06,2.085422e-06,1.076474e-06,2.888294e-06,8.387241e-08,1.794775e-07,7.418224e-08,1.379720e-06,3.739420e-07,7.799256e-07,1.586659e-07,1.848784e-07,4.080617e-07
31.054690,2.075001e-06,1.021089e-06,2.008140e-05,3.858596e-06,1.900540e-05,1.633133e-06,7.824247e-06,5.357061e-06,1.269530e-05,3.379480e-06,2.789182e-06,1.112377e-06,1.931672e-06,2.136658e-06,1.095210e-06,3.079149e-06,1.132565e-07,1.358790e-07,9.668285e-08,1.242351e-06,3.506688e-07,7.381271e-07,1.562392e-07,3.183780e-07,4.154882e-07
31.079100,2.079222e-06,1.019359e-06,2.015723e-05,3.800829e-06,1.850015e-05,1.640165e-06,7.812562e-06,5.317047e-06,1.288517e-05,3.260787e-06,2.747683e-06,1.078500e-06,1.848008e-06,2.189524e-06,1.140567e-06,3.470682e-06,1.350112e-07,1.031052e-07,1.176549e-07,1.068013e-06,3.536042e-07,6.791415e-07,1.472482e-07,5.098796e-07,3.897163e-07
31.103520,2.072839e-06,1.006405e-06,2.030210e-05,3.771535e-06,1.825173e-05,1.647000e-06,7.678414e-06,5.358107e-06,1.299804e-05,3.201244e-06,2.799387e-06,1.138270e-06,1.917930e-06,2.030882e-06,1.155885e-06,3.556750e-06,1.327503e-07,9.418704e-08,1.210358e-07,1.024434e-06,3.810237e-07,6.460717e-07,1.284936e-07,6.897953e-07,3.601649e-07
31.127930,2.081499e-06,1.000676e-06,2.014319e-05,3.724651e-06,1.811477e-05,1.613140e-06,7.340729e-06,5.249562e-06,1.246610e-05,3.288712e-06,2.719088e-06,1.130852e-06,1.920427e-06,1.914442e-06,1.096352e-06,3.265202e-06,1.372202e-07,7.499985e-08,1.301143e-07,9.831736e-07,4.114270e-07,6.262566e-07,1.095755e-07,8.745407e-07,3.419841e-07
31.152340,2.076841e-06,9.890557e-07,2.017755e-05,3.666954e-06,1.796878e-05,1.596432e-06,7.248766e-06,5.142135e-06,1.231572e-05,3.231623e-06,2.645986e-06,1.066698e-06,1.919843e-06,1.961118e-06,1.162332e-06,3.276099e-06,1.668666e-07,5.741554e-08,1.548677e-07,7.791902e-07,4.310028e-07,6.409807e-07,9.526756e-08,9.854040e-07,3.554094e-07
31.176760,2.061947e-06,9.784514e-07,2.019461e-05,3.590138e-06,1.769826e-05,1.577423e-06,7.176137e-06,4.997704e-06,1.227666e-05,3.133097e-06,2.663808e-06,1.048014e-06,1.921366e-06,1.946999e-06,1.297790e-06,3.538191e-06,1.864374e-07,8.180107e-08,1.788230e-07,5.265634e-07,4.399347e-07,6.862751e-07,9.196093e-08,1.035826e-06,3.763150e-07
31.201170,2.027196e-06,9.678094e-07,2.021919e-05,3.585870e-06,1.744795e-05,1.560979e-06,7.039714e-06,4.982622e-06,1.210921e-05,3.124956e-06,2.607211e-06,1.033256e-06,1.814560e-06,1.884742e-06,1.283986e-06,3.639285e-06,1.906404e-07,1.193162e-07,1.832441e-07,5.198793e-07,4.382405e-07,7.075953e-07,9.754910e-08,1.004090e-06,4.271497e-07
31.225590,1.995398e-06,9.666032e-07,2.013776e-05,3.532386e-06,1.750164e-05,1.537020e-06,6.935924e-06,5.089848e-06,1.202426e-05,3.115456e-06,2.569454e-06,1.032850e-06,1.822530e-06,1.899486e-06,1.252322e-06,3.472519e-06,2.020778e-07,1.417234e-07,1.797730e-07,6.650855e-07,4.178849e-07,7.259260e-07,1.036415e-07,9.059051e-07,4.785205e-07
31.250000,1.959695e-06,9.715673e-07,2.010884e-05,3.440854e-06,1.712674e-05,1.491955e-06,6.814595e-06,4.964259e-06,1.165496e-05,3.120054e-06,2.523984e-06,1.056313e-06,2.004046e-06,1.836395e-06,1.265171e-06,3.436499e-06,2.120286e-07,1.651571e-07,1.878860e-07,7.704015e-07,3.771177e-07,6.819094e-07,1.067539e-07,7.595648e-07,5.363207e-07
31.274410,1.904211e-06,9.698062e-07,2.010328e-05,3.400758e-06,1.676532e-05,1.493234e-06,6.862180e-06,4.851340e-06,1.161278e-05,3.076759e-06,2.414446e-06,1.028658e-06,1.997479e-06,1.772141e-06,1.242081e-06,3.231422e-06,1.983006e-07,1.962380e-07,1.926926e-07,9.102829e-07,3.075622e-07,6.222272e-07,1.042457e-07,6.081036e-07,5.642036e-07
31.298830,1.866368e-06,9.774322e-07,1.985224e-05,3.349701e-06,1.659201e-05,1.483657e-06,6.788992e-06,4.865843e-06,1.194445e-05,2.976906e-06,2.451075e-06,9.742475e-07,1.936721e-06,1.914267e-06,1.209601e-06,2.761096e-06,1.788276e-07,2.138098e-07,1.803726e-07,1.197405e-06,2.256995e-07,5.193936e-07,9.620109e-08,4.212056e-07,5.527379e-07
31.323240,1.828509e-06,9.818414e-07,1.975032e-05,3.297437e-06,1.636680e-05,1.446419e-06,6.606934e-06,4.796032e-06,1.166670e-05,3.021739e-06,2.477828e-06,9.869102e-07,1.975957e-06,1.904857e-06,1.219260e-06,2.485180e-06,1.750308e-07,2.079825e-07,1.582370e-07,1.471621e-06,1.559806e-07,4.158086e-07,8.331740e-08,2.508291e-07,4.997409e-07
31.347660,1.788716e-06,9.787062e-07,1.962355e-05,3.237908e-06,1.610012e-05,1.439078e-06,6.672945e-06,4.717267e-06,1.126788e-05,3.025764e-06,2.384429e-06,1.005895e-06,1.945922e-06,1.780123e-06,1.169284e-06,2.639287e-06,1.804707e-07,2.048895e-07,1.472231e-07,1.603016e-06,8.802262e-08,3.010678e-07,6.272059e-08,6.803832e-08,4.185060e-07
31.372070,1.755790e-06,9.729131e-07,1.934690e-05,3.211848e-06,1.576259e-05,1.432886e-06,6.664884e-06,4.594759e-06,1.122352e-05,2.892622e-06,2.343746e-06,9.640356e-07,1.932339e-06,1.828805e-06,1.015272e-06,2.544195e-06,1.704995e-07,2.222579e-07,1.443705e-07,1.618069e-06,5.098077e-08,1.770899e-07,4.372339e-08,8.317726e-08,3.134281e-07
31.396480,1.732020e-06,9.640432e-07,1.909731e-05,3.180755e-06,1.558945e-05,1.442999e-06,6.600849e-06,4.490350e-06,1.113744e-05,2.818041e-06,2.321926e-06,9.350050e-07,1.960804e-06,1.878988e-06,9.561527e-07,2.156686e-06,1.511399e-07,2.298219e-07,1.290779e-07,1.639567e-06,6.898982e-08,6.745771e-08,2.765985e-08,1.878894e-07,2.278065e-07
31.420900,1.717203e-06,9.550284e-07,1.881266e-05,3.097085e-06,1.524487e-05,1.418481e-06,6.555892e-06,4.542603e-06,1.115229e-05,2.779158e-06,2.283475e-06,9.298286e-07,1.860669e-06,1.915724e-06,9.600806e-07,1.991104e-06,1.337310e-07,2.158064e-07,9.945332e-08,1.680053e-06,1.213114e-07,9.882330e-08,3.047618e-08,2.306317e-07,1.391197e-07
31.445310,1.683265e-06,9.330886e-07,1.857938e-05,3.075410e-06,1.471634e-05,1.383043e-06,6.547814e-06,4.455101e-06,1.089542e-05,2.771619e-06,2.288229e-06,9.081282e-07,1.704044e-06,2.006644e-06,8.956861e-07,1.983484e-06,1.213291e-07,2.039947e-07,7.477601e-08,1.625516e-06,1.758316e-07,1.825188e-07,4.480413e-08,1.983617e-07,7.450909e-08
31.469730,1.655527e-06,9.155444e-07,1.811189e-05,3.065928e-06,1.449667e-05,1.380891e-06,6.642974e-06,4.278173e-06,1.047878e-05,2.763682e-06,2.205903e-06,9.339376e-07,1.669939e-06,2.007823e-06,8.300249e-07,1.917595e-06,9.735812e-08,1.980370e-07,6.836144e-08,1.435897e-06,2.176912e-07,2.536483e-07,6.024692e-08,1.125659e-07,5.869068e-08
31.494140,1.617835e-06,9.001456e-07,1.776403e-05,3.018983e-06,1.421892e-05,1.348215e-06,6.498740e-06,4.298435e-06,1.064036e-05,2.635917e-06,2.126999e-06,9.468260e-07,1.676203e-06,1.903113e-06,7.863546e-07,2.056899e-06,8.455126e-08,1.816786e-07,6.105545e-08,1.173950e-06,2.595178e-07,3.248133e-07,7.387312e-08,6.034137e-09,9.453009e-08
31.518550,1.570453e-06,8.824788e-07,1.750121e-05,2.967906e-06,1.386661e-05,1.306777e-06,6.319167e-06,4.258424e-06,1.058908e-05,2.580710e-06,2.166291e-06,8.867252e-07,1.574248e-06,1.900991e-06,7.076009e-07,2.337579e-06,9.456418e-08,1.565787e-07,5.768265e-08,1.015235e-06,3.053578e-07,3.897545e-07,8.842938e-08,1.509870e-07,1.224101e-07
31.542970,1.530094e-06,8.721080e-07,1.707402e-05,2.921469e-06,1.350093e-05,1.286531e-06,6.303213e-06,4.176324e-06,1.013545e-05,2.630243e-06,2.133344e-06,8.682868e-07,1.462895e-06,1.990706e-06,7.211296e-07,2.359507e-06,9.503865e-08,1.360450e-07,7.570114e-08,8.897317e-07,3.355875e-07,4.517741e-07,9.646066e-08,2.902925e-07,1.196195e-07
31.567380,1.489330e-06,8.619788e-07,1.670262e-05,2.903692e-06,1.327392e-05,1.258157e-06,6.204608e-06,4.064199e-06,1.002944e-05,2.551944e-06,2.070634e-06,9.154617e-07,1.407755e-06,1.958387e-06,8.159328e-07,2.294444e-06,8.423427e-08,1.315926e-07,9.973247e-08,7.713823e-07,3.576179e-07,4.987068e-07,1.060886e-07,4.476404e-07,9.229749e-08
31.591800,1.452601e-06,8.529849e-07,1.632947e-05,2.828586e-06,1.312958e-05,1.233133e-06,6.079490e-06,3.907613e-06,9.880737e-06,2.469427e-06,2.079736e-06,9.070022e-07,1.331735e-06,1.856228e-06,8.073660e-07,2.480038e-06,8.874009e-08,1.184213e-07,1.087759e-07,5.716251e-07,3.454558e-07,5.247186e-07,1.100540e-07,6.000905e-07,9.817436e-08
31.616210,1.410897e-06,8.396572e-07,1.601705e-05,2.763683e-06,1.275244e-05,1.194926e-06,5.969106e-06,3.946800e-06,9.861342e-06,2.415789e-06,2.055854e-06,8.726724e-07,1.371161e-06,1.815433e-06,7.738253e-07,2.757072e-06,1.087593e-07,8.987564e-08,1.119902e-07,5.432463e-07,3.323334e-07,5.366467e-07,1.160494e-07,7.379887e-07,1.556022e-07
31.640620,1.388766e-06,8.321518e-07,1.581509e-05,2.759529e-06,1.261706e-05,1.174531e-06,5.915699e-06,3.962115e-06,9.823720e-06,2.388930e-06,2.069132e-06,8.540708e-07,1.449797e-06,1.734774e-06,8.155525e-07,2.867019e-06,1.213839e-07,6.590023e-08,1.217788e-07,6.221948e-07,3.074978e-07,5.307912e-07,1.208566e-07,8.479396e-07,2.412104e-07
31.665040,1.399252e-06,8.394842e-07,1.585176e-05,2.756945e-06,1.278790e-05,1.204474e-06,6.018299e-06,3.888632e-06,9.633508e-06,2.453187e-06,2.100568e-06,8.295616e-07,1.404020e-06,1.705523e-06,8.692947e-07,2.944671e-06,1.352630e-07,6.384175e-08,1.401332e-07,6.394609e-07,3.005988e-07,5.330138e-07,1.238636e-07,9.149729e-07,3.189404e-07
31.689450,1.402824e-06,8.356762e-07,1.606970e-05,2.753839e-06,1.277870e-05,1.204134e-06,5.954720e-06,3.927310e-06,9.949765e-06,2.421182e-06,2.035439e-06,8.354333e-07,1.361239e-06,1.769650e-06,9.163782e-07,3.083379e-06,1.542313e-07,6.413010e-08,1.553170e-07,5.955864e-07,3.009484e-07,4.998124e-07,1.224128e-07,9.166087e-07,3.932209e-07
31.713870,1.425626e-06,8.339592e-07,1.614188e-05,2.760415e-06,1.277595e-05,1.211759e-06,5.926948e-06,3.967524e-06,1.035317e-05,2.385202e-06,2.075090e-06,8.635135e-07,1.481066e-06,1.744713e-06,9.816834e-07,3.067514e-06,1.677323e-07,7.449762e-08,1.594530e-07,6.630343e-07,3.023816e-07,4.625902e-07,1.150675e-07,8.816371e-07,4.607717e-07
31.738280,1.454267e-06,8.311295e-07,1.627906e-05,2.763776e-06,1.276005e-05,1.243151e-06,6.054697e-06,3.983615e-06,1.027888e-05,2.478616e-06,2.159542e-06,8.278693e-07,1.569244e-06,1.616891e-06,1.012925e-06,2.885145e-06,1.631953e-07,1.022376e-07,1.667496e-07,7.946720e-07,3.140874e-07,4.133724e-07,1.060063e-07,8.003546e-07,5.202255e-07
31.762700,1.482763e-06,8.234177e-07,1.653785e-05,2.770989e-06,1.276592e-05,1.270215e-06,6.059467e-06,3.977371e-06,1.025309e-05,2.501010e-06,2.143606e-06,7.984990e-07,1.592536e-06,1.679875e-06,9.906986e-07,2.896963e-06,1.628130e-07,1.199958e-07,1.826500e-07,8.848152e-07,3.149139e-07,3.903614e-07,9.422313e-08,7.160642e-07,5.536550e-07
31.787110,1.505544e-06,8.132154e-07,1.671906e-05,2.759326e-06,1.273929e-05,1.289002e-06,6.068018e-06,3.900549e-06,1.032484e-05,2.454224e-06,2.157349e-06,8.246094e-07,1.669840e-06,1.816572e-06,9.997465e-07,3.119644e-06,1.797943e-07,1.261858e-07,1.923952e-07,8.794774e-07,3.198240e-07,3.835493e-07,8.391212e-08,6.189579e-07,5.559960e-07
31.811520,1.528140e-06,8.045977e-07,1.687669e-05,2.810666e-06,1.260877e-05,1.283370e-06,6.118769e-06,3.956396e-06,1.049423e-05,2.428518e-06,2.159615e-06,8.206879e-07,1.700375e-06,1.795406e-06,1.087593e-06,3.006589e-06,1.948784e-07,1.401778e-07,1.874078e-07,1.043568e-06,2.995531e-07,3.824917e-07,7.633411e-08,5.212780e-07,5.020684e-07
31.835940,1.550810e-06,8.052095e-07,1.697505e-05,2.857895e-06,1.275604e-05,1.285922e-06,6.209115e-06,4.060340e-06,1.073647e-05,2.424359e-06,2.163320e-06,8.059779e-07,1.686759e-06,1.819881e-06,1.087977e-06,2.628321e-06,1.886134e-07,1.682344e-07,1.795802e-07,1.252782e-06,2.571308e-07,3.746541e-07,7.188394e-08,4.191962e-07,4.140302e-07
31.860350,1.557168e-06,8.031715e-07,1.719948e-05,2.861236e-06,1.274938e-05,1.302766e-06,6.304157e-06,3.962816e-06,1.052094e-05,2.488671e-06,2.224573e-06,8.133077e-07,1.806833e-06,1.892961e-06,1.024292e-06,2.365404e-06,1.808839e-07,1.907072e-07,1.826104e-07,1.441731e-06,1.804990e-07,3.219747e-07,6.974626e-08,3.368254e-07,2.961244e-07
31.884770,1.573698e-06,8.123389e-07,1.719150e-05,2.894651e-06,1.258097e-05,1.289358e-06,6.225050e-06,3.925270e-06,1.045321e-05,2.510070e-06,2.203611e-06,7.868541e-07,1.870108e-06,1.885347e-06,1.000530e-06,2.159089e-06,1.778864e-07,1.968284e-07,1.878779e-07,1.501267e-06,9.130105e-08,2.658684e-07,6.716436e-08,3.009866e-07,1.672995e-07
31.909180,1.581102e-06,8.241485e-07,1.713745e-05,2.934227e-06,1.250589e-05,1.285128e-06,6.165729e-06,3.992318e-06,1.086656e-05,2.427504e-06,2.152958e-06,7.886457e-07,1.767796e-06,2.023244e-06,9.749175e-07,1.793770e-06,1.637473e-07,1.999142e-07,1.776287e-07,1.559913e-06,7.586926e-09,1.631163e-07,6.063437e-08,2.922861e-07,5.032512e-08
31.933590,1.577652e-06,8.328951e-07,1.720293e-05,2.977693e-06,1.248318e-05,1.302160e-06,6.284422e-06,3.998094e-06,1.079410e-05,2.463549e-06,2.197507e-06,8.596170e-07,1.706525e-06,2.235980e-06,9.473347e-07,1.551833e-06,1.405557e-07,2.120804e-07,1.568135e-07,1.666591e-06,1.045250e-07,7.136248e-08,4.638758e-08,2.677281e-07,8.835528e-08
31.958010,1.577163e-06,8.470026e-07,1.718531e-05,2.985740e-06,1.248458e-05,1.295479e-06,6.262868e-06,4.010660e-06,1.056656e-05,2.536233e-06,2.219955e-06,8.669296e-07,1.717420e-06,2.248240e-06,9.692915e-07,1.559989e-06,1.286693e-07,2.087431e-07,1.331595e-07,1.749371e-06,1.948442e-07,1.304589e-07,2.510397e-08,2.235448e-07,1.948008e-07
31.982420,1.579738e-06,8.620675e-07,1.727056e-05,3.026459e-06,1.232027e-05,1.300960e-06,6.224570e-06,3.949741e-06,1.062593e-05,2.498322e-06,2.193729e-06,8.474964e-07,1.684747e-06,2.223434e-06,9.678340e-07,1.331141e-06,1.324605e-07,1.909954e-07,1.156809e-07,1.712438e-06,2.769324e-07,2.795250e-07,4.262007e-09,1.339443e-07,2.834445e-07
32.006840,1.588510e-06,8.792030e-07,1.729630e-05,3.096150e-06,1.238081e-05,1.296252e-06,6.246675e-06,3.931703e-06,1.069711e-05,2.470047e-06,2.218294e-06,8.937470e-07,1.645911e-06,2.349072e-06,8.517348e-07,1.086137e-06,1.234574e-07,1.805549e-07,9.145287e-08,1.567600e-06,3.436774e-07,4.308230e-07,3.585765e-08,8.450107e-08,3.534986e-07
32.031250,1.583513e-06,8.861831e-07,1.742668e-05,3.114027e-06,1.251445e-05,1.314862e-06,6.241418e-06,4.064566e-06,1.092420e-05,2.460385e-06,2.229694e-06,9.309417e-07,1.599044e-06,2.429649e-06,8.152112e-07,1.305846e-06,1.007584e-07,1.855753e-07,5.295221e-08,1.439487e-06,3.839326e-07,5.637277e-07,6.592808e-08,1.226099e-07,3.686102e-07
32.055660,1.590092e-06,8.950031e-07,1.753612e-05,3.171133e-06,1.242986e-05,1.347058e-06,6.303299e-06,4.075580e-06,1.090786e-05,2.476132e-06,2.273369e-06,9.688122e-07,1.436557e-06,2.424200e-06,9.046345e-07,1.646007e-06,8.794061e-08,1.793810e-07,2.853761e-08,1.352179e-06,4.000423e-07,6.456299e-07,9.608136e-08,2.057882e-07,3.401414e-07
32.080080,1.597431e-06,9.057508e-07,1.771324e-05,3.252123e-06,1.249956e-05,1.345037e-06,6.212514e-06,4.027410e-06,1.074431e-05,2.513404e-06,2.327139e-06,1.028815e-06,1.355273e-06,2.488166e-06,9.273636e-07,1.847832e-06,9.452233e-08,1.560393e-07,5.331847e-08,1.239747e-06,3.787427e-07,6.960729e-07,1.211160e-07,3.100529e-07,2.624071e-07
32.104490,1.592267e-06,9.070084e-07,1.821289e-05,3.327860e-06,1.259117e-05,1.370637e-06,6.239708e-06,4.096069e-06,1.115858e-05,2.449439e-06,2.260656e-06,1.018368e-06,1.431776e-06,2.427696e-06,9.369535e-07,2.106836e-06,9.678044e-08,1.307870e-07,6.610145e-08,1.058765e-06,3.458580e-07,6.985414e-07,1.382100e-07,4.353805e-07,1.784357e-07
32.128910,1.595362e-06,9.131798e-07,1.858805e-05,3.407805e-06,1.266411e-05,1.407871e-06,6.392027e-06,4.126321e-06,1.158227e-05,2.409802e-06,2.245706e-06,9.952559e-07,1.415841e-06,2.280543e-06,9.825630e-07,2.397370e-06,1.071640e-07,1.153088e-07,7.688946e-08,8.352922e-07,3.164326e-07,6.629770e-07,1.496233e-07,5.590789e-07,1.851006e-07
32.153320,1.597721e-06,9.186216e-07,1.896343e-05,3.487651e-06,1.268628e-05,1.423325e-06,6.388917e-06,4.114489e-06,1.144380e-05,2.492754e-06,2.334518e-06,1.045923e-06,1.354440e-06,2.296250e-06,9.759417e-07,2.525565e-06,1.297739e-07,9.373132e-08,1.096196e-07,7.002113e-07,3.059468e-07,6.023846e-07,1.484119e-07,6.626176e-07,2.947165e-07
32.177730,1.603759e-06,9.243284e-07,1.933147e-05,3.601202e-06,1.273441e-05,1.434741e-06,6.435658e-06,4.109787e-06,1.145979e-05,2.508152e-06,2.349721e-06,1.064155e-06,1.398039e-06,2.303841e-06,1.001429e-06,2.666004e-06,1.402079e-07,7.002398e-08,1.371942e-07,6.964247e-07,3.100239e-07,5.168968e-07,1.400063e-07,7.278959e-07,4.237842e-07
32.202150,1.603023e-06,9.262152e-07,1.958504e-05,3.641219e-06,1.295496e-05,1.429477e-06,6.531410e-06,4.048929e-06,1.154291e-05,2.444932e-06,2.353420e-06,1.033249e-06,1.398947e-06,2.122135e-06,1.110038e-06,3.007770e-06,1.342956e-07,7.142777e-08,1.509041e-07,5.791562e-07,3.117739e-07,4.480707e-07,1.215683e-07,7.395341e-07,5.425954e-07
32.226560,1.609990e-06,9.275647e-07,1.972664e-05,3.638158e-06,1.291489e-05,1.443716e-06,6.638041e-06,4.163897e-06,1.165458e-05,2.429161e-06,2.380362e-06,1.030224e-06,1.429293e-06,1.997346e-06,1.152510e-06,3.282110e-06,1.457131e-07,8.508754e-08,1.607110e-07,5.219946e-07,3.404349e-07,4.193620e-07,9.999140e-08,7.305865e-07,6.479906e-07
32.250980,1.621722e-06,9.343732e-07,1.967246e-05,3.673778e-06,1.290056e-05,1.452952e-06,6.733034e-06,4.222202e-06,1.191234e-05,2.414284e-06,2.386520e-06,1.016104e-06,1.569530e-06,1.992197e-06,1.092080e-06,3.196949e-06,1.751479e-07,8.358424e-08,1.794013e-07,6.709890e-07,3.623854e-07,4.715884e-07,8.212047e-08,7.001753e-07,7.295351e-07
32.275390,1.618892e-06,9.300090e-07,1.978928e-05,3.666930e-06,1.316544e-05,1.432671e-06,6.655935e-06,4.105450e-06,1.165162e-05,2.477296e-06,2.428424e-06,1.012986e-06,1.592185e-06,1.911293e-06,1.113928e-06,3.086341e-06,1.877412e-07,9.225541e-08,1.966715e-07,8.953586e-07,3.739638e-07,5.475026e-07,7.261507e-08,6.826684e-07,7.622505e-07
32.299800,1.636780e-06,9.331994e-07,1.981893e-05,3.636671e-06,1.340421e-05,1.445179e-06,6.734149e-06,4.129916e-06,1.172366e-05,2.496901e-06,2.469898e-06,1.040970e-06,1.545910e-06,1.991369e-06,1.180260e-06,3.077975e-06,1.856906e-07,1.284589e-07,2.008949e-07,1.009433e-06,3.499714e-07,5.927565e-07,7.448306e-08,6.548741e-07,7.477996e-07
32.324220,1.655958e-06,9.380798e-07,1.981610e-05,3.588044e-06,1.367920e-05,1.452797e-06,6.899471e-06,4.158183e-06,1.213359e-05,2.422051e-06,2.395664e-06,1.008772e-06,1.672294e-06,2.117392e-06,1.182519e-06,2.966465e-06,1.875107e-07,1.564795e-07,1.941927e-07,1.119170e-06,3.088800e-07,6.027153e-07,8.301061e-08,6.268258e-07,6.673324e-07
32.348630,1.669844e-06,9.371474e-07,2.002784e-05,3.560290e-06,1.390677e-05,1.442737e-06,6.866678e-06,4.173461e-06,1.200210e-05,2.470239e-06,2.418563e-06,9.392678e-07,1.787132e-06,2.001349e-06,1.205404e-06,2.811338e-06,1.900397e-07,1.724841e-07,1.920163e-07,1.330230e-06,2.509531e-07,5.569255e-07,9.077942e-08,6.094170e-07,5.414283e-07
32.373050,1.677460e-06,9.343081e-07,2.018335e-05,3.551174e-06,1.426902e-05,1.443837e-06,6.888291e-06,4.170412e-06,1.192408e-05,2.513208e-06,2.485472e-06,9.564670e-07,1.780084e-06,2.031898e-06,1.228232e-06,2.741186e-06,1.764225e-07,1.877583e-07,1.994024e-07,1.618474e-06,1.875711e-07,4.980349e-07,9.411100e-08,5.881403e-07,3.850682e-07
32.397460,1.686934e-06,9.329647e-07,2.043406e-05,3.495426e-06,1.456084e-05,1.451145e-06,6.918270e-06,4.065642e-06,1.200225e-05,2.487415e-06,2.450919e-06,9.941184e-07,1.816952e-06,2.298312e-06,1.147771e-06,2.677811e-06,1.672342e-07,2.093307e-07,2.037883e-07,1.733347e-06,1.285646e-07,3.836970e-07,9.099166e-08,5.821640e-07,2.343825e-07
32.421880,1.700342e-06,9.402169e-07,2.069735e-05,3.519567e-06,1.456936e-05,1.490347e-06,6.921904e-06,4.107117e-06,1.216457e-05,2.470124e-06,2.471180e-06,9.788511e-07,1.802932e-06,2.413325e-06,1.103662e-06,2.388422e-06,1.777687e-07,2.119052e-07,1.935969e-07,1.780825e-06,5.710290e-08,2.318604e-07,7.795553e-08,5.533115e-07,1.098939e-07
32.446290,1.701276e-06,9.395247e-07,2.112775e-05,3.567342e-06,1.475809e-05,1.522799e-06,6.922302e-06,4.259342e-06,1.253021e-05,2.445447e-06,2.475482e-06,9.727724e-07,1.736168e-06,2.535541e-06,1.195769e-06,1.922770e-06,1.866030e-07,1.990492e-07,1.770105e-07,1.767103e-06,8.966985e-09,5.268335e-08,5.430201e-08,4.834207e-07,8.057260e-08
32.470700,1.708222e-06,9.453407e-07,2.141058e-05,3.604731e-06,1.483446e-05,1.529954e-06,6.840245e-06,4.204935e-06,1.242233e-05,2.480879e-06,2.493296e-06,9.779751e-07,1.787746e-06,2.699572e-06,1.208379e-06,1.629200e-06,1.728120e-07,2.014488e-07,1.687258e-07,1.853185e-06,8.591798e-08,1.329477e-07,3.182907e-08,3.836644e-07,1.586135e-07
32.495120,1.711996e-06,9.554509e-07,2.142743e-05,3.661286e-06,1.472692e-05,1.580174e-06,6.980030e-06,4.214847e-06,1.226987e-05,2.532131e-06,2.593285e-06,9.782248e-07,1.847391e-06,2.738970e-06,1.143082e-06,1.592021e-06,1.577243e-07,2.212012e-07,1.566390e-07,1.894648e-06,1.490037e-07,2.867851e-07,2.703117e-08,2.606523e-07,2.193278e-07
32.519530,1.704341e-06,9.586017e-07,2.155292e-05,3.718235e-06,1.455691e-05,1.611257e-06,7.155358e-06,4.299545e-06,1.291506e-05,2.449805e-06,2.565738e-06,1.059382e-06,1.751874e-06,2.812716e-06,1.153887e-06,1.349821e-06,1.542034e-07,2.256617e-07,1.270983e-07,1.792001e-06,2.085725e-07,4.341589e-07,5.181483e-08,1.929777e-07,2.690518e-07
32.543950,1.701880e-06,9.647731e-07,2.147774e-05,3.780773e-06,1.436695e-05,1.622828e-06,7.129447e-06,4.291999e-06,1.322950e-05,2.433857e-06,2.504629e-06,1.114382e-06,1.637932e-06,3.052999e-06,1.121470e-06,1.148849e-06,1.523410e-07,2.127755e-07,8.397186e-08,1.584904e-06,2.629382e-07,5.375923e-07,8.199565e-08,2.297705e-07,2.704230e-07
32.568360,1.686780e-06,9.627436e-07,2.111957e-05,3.738987e-06,1.412711e-05,1.627696e-06,7.181132e-06,4.282007e-06,1.302911e-05,2.510668e-06,2.532688e-06,1.077092e-06,1.617912e-06,3.112397e-06,1.082086e-06,1.241103e-06,1.422012e-07,1.976294e-07,6.003723e-08,1.462853e-06,3.148826e-07,6.271724e-07,1.108423e-07,3.062236e-07,2.266402e-07
32.592770,1.663612e-06,9.548329e-07,2.056262e-05,3.673922e-06,1.354724e-05,1.606860e-06,7.197066e-06,4.175779e-06,1.290733e-05,2.469861e-06,2.520052e-06,1.073319e-06,1.583954e-06,2.941857e-06,1.153671e-06,1.220462e-06,1.428770e-07,1.886317e-07,5.670825e-08,1.397452e-06,3.687680e-07,6.831977e-07,1.301480e-07,3.610387e-07,1.497481e-07
32.617190,1.630762e-06,9.413252e-07,2.002496e-05,3.661076e-06,1.317540e-05,1.607674e-06,7.205534e-06,4.116726e-06,1.267992e-05,2.393372e-06,2.492001e-06,1.111539e-06,1.554369e-06,2.891067e-06,1.195469e-06,1.352267e-06,1.538555e-07,1.684682e-07,5.104279e-08,1.280230e-06,3.970949e-07,7.357059e-07,1.439731e-07,4.054406e-07,1.142818e-07
32.641600,1.611809e-06,9.283402e-07,1.954555e-05,3.590590e-06,1.309814e-05,1.584116e-06,7.161894e-06,4.190775e-06,1.270398e-05,2.319634e-06,2.485088e-06,1.101851e-06,1.570621e-06,2.905213e-06,1.109844e-06,1.746253e-06,1.484730e-07,1.448150e-07,6.686023e-08,1.033470e-06,4.023467e-07,7.634826e-07,1.459320e-07,4.124913e-07,1.934483e-07
32.666020,1.598716e-06,9.190493e-07,1.891492e-05,3.520895e-06,1.289031e-05,1.553857e-06,6.996407e-06,4.116708e-06,1.263499e-05,2.267350e-06,2.409369e-06,1.069925e-06,1.499904e-06,2.799591e-06,1.101989e-06,2.026440e-06,1.308431e-07,1.376160e-07,1.027504e-07,8.690606e-07,3.873976e-07,7.614410e-07,1.449150e-07,4.017319e-07,2.965087e-07
32.690430,1.568977e-06,8.970554e-07,1.851772e-05,3.463411e-06,1.273049e-05,1.553681e-06,7.012413e-06,3.970015e-06,1.214656e-05,2.297283e-06,2.414712e-06,1.051202e-06,1.440775e-06,2.701846e-06,1.180479e-06,2.033656e-06,1.332163e-07,1.342997e-07,1.299179e-07,8.077816e-07,3.555594e-07,7.553789e-07,1.373650e-07,3.762784e-07,3.942374e-07
32.714840,1.551983e-06,8.780497e-07,1.814021e-05,3.409546e-06,1.261076e-05,1.519305e-06,6.968946e-06,3.944541e-06,1.210366e-05,2.261073e-06,2.444735e-06,9.957665e-07,1.541400e-06,2.592364e-06,1.184438e-06,2.079838e-06,1.465015e-07,1.163914e-07,1.437039e-07,7.174511e-07,3.151892e-07,7.320242e-07,1.278803e-07,3.987352e-07,4.753995e-07
32.739260,1.540715e-06,8.631096e-07,1.767627e-05,3.361148e-06,1.254368e-05,1.475367e-06,6.771817e-06,3.865980e-06,1.222443e-05,2.167135e-06,2.324652e-06,9.950598e-07,1.572732e-06,2.337687e-06,1.175589e-06,2.293438e-06,1.485471e-07,8.905452e-08,1.618237e-07,5.446768e-07,2.665671e-07,6.941820e-07,1.178328e-07,4.779346e-07,5.504538e-07
32.763670,1.534436e-06,8.482069e-07,1.741076e-05,3.294113e-06,1.242526e-05,1.447553e-06,6.695438e-06,3.799742e-06,1.183926e-05,2.177689e-06,2.268061e-06,1.023452e-06,1.491760e-06,2.208916e-06,1.182947e-06,2.395429e-06,1.466572e-07,8.481312e-08,1.870345e-07,4.406154e-07,2.114775e-07,6.272233e-07,1.073814e-07,5.990851e-07,6.170408e-07
32.788090,1.519648e-06,8.293028e-07,1.712193e-05,3.290289e-06,1.219059e-05,1.421871e-06,6.580603e-06,3.696591e-06,1.161590e-05,2.172673e-06,2.298994e-06,9.547100e-07,1.467324e-06,2.316667e-06,1.140102e-06,2.378650e-06,1.453444e-07,9.337815e-08,2.060539e-07,5.159728e-07,1.629843e-07,5.170771e-07,9.590188e-08,7.092247e-07,6.585819e-07
32.812500,1.510432e-06,8.101649e-07,1.681824e-05,3.266989e-06,1.217138e-05,1.410021e-06,6.450120e-06,3.531408e-06,1.142717e-05,2.110760e-06,2.252447e-06,8.899827e-07,1.486685e-06,2.261042e-06,1.114938e-06,2.468884e-06,1.445189e-07,9.614264e-08,2.059125e-07,6.241361e-07,1.485843e-07,4.160291e-07,8.277656e-08,7.776290e-07,6.565106e-07
32.836910,1.502314e-06,7.981468e-07,1.637156e-05,3.208656e-06,1.200206e-05,1.370368e-06,6.329607e-06,3.540806e-06,1.139169e-05,2.062948e-06,2.209470e-06,8.966052e-07,1.479746e-06,2.105753e-06,1.192257e-06,2.476204e-06,1.302557e-07,1.056308e-07,1.999438e-07,7.026047e-07,1.628314e-07,3.291398e-07,7.377705e-08,7.800684e-07,6.129900e-07
32.861330,1.475532e-06,7.785668e-07,1.613900e-05,3.191246e-06,1.167192e-05,1.331993e-06,6.219232e-06,3.511006e-06,1.153160e-05,1.993867e-06,2.167090e-06,8.752764e-07,1.503904e-06,2.106172e-06,1.238929e-06,2.215503e-06,1.201421e-07,1.242697e-07,2.024433e-07,8.850377e-07,1.836084e-07,2.834764e-07,6.450351e-08,7.531089e-07,5.299879e-07
32.885740,1.458600e-06,7.666011e-07,1.597853e-05,3.155591e-06,1.144964e-05,1.321595e-06,6.292877e-06,3.372568e-06,1.114598e-05,1.996739e-06,2.127479e-06,8.680279e-07,1.497757e-06,2.121472e-06,1.157538e-06,1.945086e-06,1.255410e-07,1.277457e-07,2.078883e-07,1.135945e-06,1.819749e-07,2.789001e-07,5.658722e-08,6.726403e-07,4.284794e-07
32.910160,1.435135e-06,7.587982e-07,1.569890e-05,3.114476e-06,1.120842e-05,1.280890e-06,6.288993e-06,3.339123e-06,1.097970e-05,1.993818e-06,2.180265e-06,8.629044e-07,1.377859e-06,2.123477e-06,1.120940e-06,1.876699e-06,1.300026e-07,1.222977e-07,2.045647e-07,1.377286e-06,1.655803e-07,2.944130e-07,5.001849e-08,5.753859e-07,3.186173e-07
32.934570,1.404796e-06,7.496222e-07,1.559295e-05,3.043706e-06,1.100131e-05,1.242776e-06,6.162558e-06,3.291437e-06,1.131316e-05,1.896505e-06,2.161639e-06,8.143950e-07,1.311024e-06,2.225880e-06,1.163516e-06,1.791833e-06,1.131395e-07,1.285893e-07,1.885218e-07,1.477509e-06,1.357574e-07,2.975427e-07,4.852801e-08,4.454900e-07,2.190340e-07
32.958980,1.371347e-06,7.419996e-07,1.545588e-05,3.012411e-06,1.070881e-05,1.220544e-06,6.203653e-06,3.227372e-06,1.126726e-05,1.862888e-06,2.053027e-06,8.023400e-07,1.368949e-06,2.244293e-06,1.153643e-06,1.561299e-06,9.214262e-08,1.463130e-07,1.763161e-07,1.521124e-06,9.667796e-08,2.904324e-07,5.230013e-08,2.934962e-07,1.288539e-07
32.983400,1.340796e-06,7.352604e-07,1.531369e-05,2.999752e-06,1.062962e-05,1.194953e-06,6.221013e-06,3.168450e-06,1.110057e-05,1.878597e-06,2.045473e-06,8.527625e-07,1.325290e-06,2.123880e-06,1.185172e-06,1.364389e-06,9.022853e-08,1.563175e-07,1.681830e-07,1.604030e-06,5.880611e-08,2.476176e-07,5.259756e-08,1.449083e-07,4.114764e-08
33.007810,1.315818e-06,7.319913e-07,1.512264e-05,2.931110e-06,1.061804e-05,1.186041e-06,6.206309e-06,3.048590e-06,1.093156e-05,1.844185e-06,2.025995e-06,8.599476e-07,1.236281e-06,2.180009e-06,1.217208e-06,1.219727e-06,8.676096e-08,1.513789e-07,1.548220e-07,1.684555e-06,6.478656e-08,1.635903e-07,5.246199e-08,1.346707e-07,3.872874e-08
33.032230,1.279761e-06,7.208525e-07,1.496614e-05,2.894823e-06,1.039986e-05,1.158887e-06,6.162986e-06,3.041401e-06,1.072864e-05,1.795813e-06,1.996878e-06,8.431613e-07,1.192354e-06,2.300192e-06,1.159880e-06,9.964643e-07,8.053280e-08,1.432886e-07,1.265298e-07,1.672855e-06,1.259060e-07,6.069905e-08,4.666117e-08,2.467439e-07,8.322636e-08
33.056640,1.260464e-06,7.121094e-07,1.484192e-05,2.862398e-06,1.027480e-05,1.150459e-06,6.060312e-06,3.082407e-06,1.079454e-05,1.727746e-06,1.997927e-06,8.603725e-07,1.104296e-06,2.212714e-06,1.076705e-06,8.252273e-07,9.098750e-08,1.399416e-07,9.099440e-08,1.501460e-06,1.834707e-07,1.145120e-07,4.404865e-08,3.325507e-07,9.747223e-08
33.081050,1.246135e-06,7.057008e-07,1.451292e-05,2.816657e-06,1.015395e-05,1.152830e-06,6.086021e-06,2.973159e-06,1.056163e-05,1.690697e-06,1.940639e-06,8.626114e-07,1.049794e-06,2.150263e-06,1.109171e-06,9.534039e-07,1.027763e-07,1.316598e-07,6.398943e-08,1.366983e-06,2.380219e-07,2.447157e-07,4.381082e-08,3.893360e-07,7.343250e-08
33.105470,1.222605e-06,6.907344e-07,1.431763e-05,2.771079e-06,1.001852e-05,1.121497e-06,5.979385e-06,2.900403e-06,1.009332e-05,1.720289e-06,1.926993e-06,8.687029e-07,1.081565e-06,2.144053e-06,1.138725e-06,1.016262e-06,9.834189e-08,1.126896e-07,4.206693e-08,1.264406e-06,2.671715e-07,3.612730e-07,5.562385e-08,3.920016e-07,6.705714e-08
33.129880,1.197795e-06,6.745544e-07,1.407778e-05,2.717277e-06,9.861146e-06,1.103793e-06,5.799005e-06,2.883111e-06,1.014903e-05,1.674419e-06,1.962471e-06,8.850032e-07,1.031115e-06,2.031656e-06,1.052409e-06,9.611865e-07,9.428293e-08,1.076897e-07,1.242580e-08,1.168962e-06,2.819754e-07,4.674706e-07,7.177942e-08,3.672995e-07,1.137123e-07
33.154300,1.170189e-06,6.580943e-07,1.374381e-05,2.689995e-06,9.676548e-06,1.095232e-06,5.715810e-06,2.826570e-06,1.009727e-05,1.615769e-06,1.902339e-06,8.424881e-07,9.547871e-07,2.015930e-06,9.985272e-07,1.100837e-06,1.054158e-07,1.147976e-07,2.206114e-08,9.847669e-07,2.810536e-07,5.303446e-07,9.124728e-08,3.053357e-07,1.906243e-07
33.178710,1.143687e-06,6.453013e-07,1.344730e-05,2.618966e-06,9.621484e-06,1.086536e-06,5.562693e-06,2.803140e-06,9.698988e-06,1.632595e-06,1.837436e-06,7.940474e-07,9.869200e-07,2.035951e-06,9.783442e-07,1.283961e-06,1.168888e-07,1.065632e-07,5.394973e-08,7.407173e-07,2.756968e-07,5.814077e-07,1.107033e-07,2.243034e-07,2.494047e-07
33.203120,1.106070e-06,6.298735e-07,1.319759e-05,2.557749e-06,9.399342e-06,1.072755e-06,5.399825e-06,2.723708e-06,9.464398e-06,1.615280e-06,1.840374e-06,8.123899e-07,1.022978e-06,1.874085e-06,9.170873e-07,1.363135e-06,1.155031e-07,8.431332e-08,7.001320e-08,5.554623e-07,2.637798e-07,5.784987e-07,1.245244e-07,1.651309e-07,3.020464e-07
33.227540,1.073361e-06,6.165699e-07,1.300189e-05,2.539363e-06,9.205400e-06,1.039233e-06,5.242156e-06,2.644237e-06,9.234604e-06,1.566757e-06,1.815856e-06,8.163454e-07,1.016340e-06,1.693719e-06,9.149145e-07,1.459600e-06,1.163977e-07,7.750142e-08,8.429696e-08,4.623850e-07,2.447932e-07,5.495743e-07,1.326551e-07,2.317781e-07,3.456283e-07
33.251950,1.043813e-06,6.083574e-07,1.265944e-05,2.501465e-06,9.137220e-06,1.027428e-06,5.117018e-06,2.665991e-06,9.225103e-06,1.523143e-06,1.793797e-06,7.733843e-07,1.023935e-06,1.653778e-06,9.300652e-07,1.616131e-06,1.208293e-07,8.084886e-08,1.047217e-07,3.398833e-07,2.266232e-07,4.862254e-07,1.303173e-07,3.862982e-07,3.836766e-07
33.276370,1.004282e-06,5.950271e-07,1.235483e-05,2.471251e-06,8.993957e-06,1.013604e-06,5.096436e-06,2.591252e-06,9.260586e-06,1.465883e-06,1.758589e-06,7.469823e-07,1.021666e-06,1.629165e-06,8.301481e-07,1.642692e-06,1.187981e-07,7.868204e-08,1.251284e-07,2.547712e-07,2.064150e-07,3.961108e-07,1.228735e-07,5.229004e-07,4.097166e-07
33.300780,9.730837e-07,5.822625e-07,1.211967e-05,2.446430e-06,8.833036e-06,9.790354e-07,4.935783e-06,2.509018e-06,8.851021e-06,1.472135e-06,1.689351e-06,7.159186e-07,9.842445e-07,1.578143e-06,7.452304e-07,1.540149e-06,1.078990e-07,8.112050e-08,1.347910e-07,3.504120e-07,2.026904e-07,3.072292e-07,1.069720e-07,6.414461e-07,4.205012e-07
33.325200,9.507530e-07,5.724396e-07,1.177694e-05,2.437092e-06,8.647816e-06,9.669052e-07,4.762766e-06,2.486635e-06,8.779312e-06,1.451327e-06,1.713749e-06,6.843782e-07,1.021821e-06,1.590888e-06,7.819638e-07,1.526782e-06,1.046873e-07,9.122334e-08,1.344970e-07,5.179815e-07,1.888107e-07,2.408735e-07,8.673636e-08,7.045028e-07,4.056256e-07
33.349610,9.331532e-07,5.604190e-07,1.151047e-05,2.416095e-06,8.532085e-06,9.533808e-07,4.716593e-06,2.422758e-06,8.925960e-06,1.366166e-06,1.737727e-06,7.022914e-07,1.069653e-06,1.562312e-06,7.881939e-07,1.598086e-06,1.101766e-07,9.369735e-08,1.370926e-07,6.076993e-07,1.700430e-07,2.076844e-07,6.440743e-08,7.222208e-07,3.780133e-07
33.374020,9.180236e-07,5.457696e-07,1.130058e-05,2.363704e-06,8.385330e-06,9.394616e-07,4.604292e-06,2.380849e-06,8.795409e-06,1.341684e-06,1.662503e-06,6.826385e-07,1.022143e-06,1.481482e-06,7.716212e-07,1.571975e-06,1.063181e-07,8.666675e-08,1.440564e-07,6.813140e-07,1.356804e-07,1.840241e-07,4.151770e-08,7.005247e-07,3.439782e-07
33.398440,9.111582e-07,5.281730e-07,1.110443e-05,2.337728e-06,8.122593e-06,9.249438e-07,4.514729e-06,2.295858e-06,8.686890e-06,1.334488e-06,1.626744e-06,6.206478e-07,9.699095e-07,1.580175e-06,7.808584e-07,1.458026e-06,9.247781e-08,8.448183e-08,1.456563e-07,8.147749e-07,1.008814e-07,1.895700e-07,2.639900e-08,6.421700e-07,3.208862e-07
33.422850,9.146332e-07,5.148088e-07,1.089427e-05,2.318456e-06,7.988334e-06,9.032183e-07,4.416970e-06,2.203948e-06,8.448414e-06,1.308646e-06,1.614210e-06,6.155606e-07,9.744601e-07,1.666903e-06,7.589619e-07,1.404064e-06,8.156754e-08,9.567219e-08,1.411904e-07,9.892500e-07,7.552317e-08,1.858082e-07,2.763485e-08,5.455244e-07,2.946554e-07
33.447270,9.054732e-07,4.950498e-07,1.071296e-05,2.264957e-06,7.897803e-06,9.001767e-07,4.348050e-06,2.215618e-06,8.308143e-06,1.274702e-06,1.577625e-06,6.222043e-07,9.490234e-07,1.607184e-06,7.497282e-07,1.298681e-06,7.460362e-08,1.018554e-07,1.343823e-07,1.074840e-06,6.430936e-08,1.862473e-07,3.962770e-08,4.232796e-07,2.622946e-07
33.471680,9.009555e-07,4.729881e-07,1.066721e-05,2.226132e-06,7.739788e-06,8.855388e-07,4.340521e-06,2.193117e-06,8.323953e-06,1.213341e-06,1.568733e-06,6.024689e-07,9.353193e-07,1.604126e-06,8.179745e-07,1.108193e-06,6.169682e-08,9.679755e-08,1.331804e-07,1.129174e-06,7.476720e-08,1.600617e-07,4.732976e-08,2.658649e-07,2.130989e-07
33.496090,8.969351e-07,4.564571e-07,1.051897e-05,2.172262e-06,7.652181e-06,8.564772e-07,4.230548e-06,2.107307e-06,8.025381e-06,1.194401e-06,1.520720e-06,5.989908e-07,9.438988e-07,1.649319e-06,8.791945e-07,9.432326e-07,5.193238e-08,9.328120e-08,1.318990e-07,1.154540e-06,9.089509e-08,1.425833e-07,4.984792e-08,1.121565e-07,1.495299e-07
33.520510,8.987866e-07,4.459117e-07,1.051875e-05,2.151866e-06,7.644725e-06,8.586228e-07,4.202815e-06,2.101412e-06,7.865474e-06,1.220619e-06,1.504088e-06,5.952611e-07,8.994841e-07,1.647731e-06,8.766845e-07,9.288505e-07,5.454050e-08,9.429721e-08,1.251509e-07,1.240159e-06,1.149742e-07,1.601598e-07,4.537139e-08,6.825199e-08,8.620317e-08
33.544920,9.072624e-07,4.430607e-07,1.067821e-05,2.138711e-06,7.785609e-06,8.721733e-07,4.304726e-06,2.107391e-06,8.182413e-06,1.203045e-06,1.571162e-06,5.984019e-07,8.476657e-07,1.694638e-06,8.925994e-07,9.017304e-07,5.638398e-08,8.840571e-08,1.126401e-07,1.306523e-06,1.256160e-07,2.127982e-07,4.027204e-08,1.921725e-07,2.374116e-08
33.569340,9.139834e-07,4.426042e-07,1.074823e-05,2.137141e-06,7.852782e-06,8.737798e-07,4.329292e-06,2.115677e-06,8.276563e-06,1.198937e-06,1.572266e-06,6.407125e-07,8.751101e-07,1.760944e-06,9.600130e-07,7.388423e-07,4.833236e-08,7.853900e-08,9.768726e-08,1.294990e-06,1.275618e-07,2.759194e-07,3.364049e-08,2.953451e-07,4.396946e-08
33.593750,9.241335e-07,4.485121e-07,1.074753e-05,2.163595e-06,7.965683e-06,8.728479e-07,4.362933e-06,2.126562e-06,8.252868e-06,1.239142e-06,1.542279e-06,6.672783e-07,8.894918e-07,1.693228e-06,9.767373e-07,6.340245e-07,4.836487e-08,8.121418e-08,8.832036e-08,1.227989e-06,1.196579e-07,3.164228e-07,3.182223e-08,3.699717e-07,1.104814e-07
33.618160,9.244270e-07,4.532992e-07,1.069277e-05,2.154822e-06,8.175048e-06,8.633149e-07,4.443167e-06,2.090366e-06,8.243900e-06,1.250955e-06,1.559419e-06,6.366562e-07,8.460932e-07,1.620400e-06,9.956512e-07,6.716780e-07,6.094205e-08,8.799120e-08,7.271227e-08,1.162246e-06,1.155473e-07,3.625557e-07,3.917028e-08,4.123939e-07,1.892809e-07
33.642580,9.332930e-07,4.592584e-07,1.073851e-05,2.159791e-06,8.235446e-06,8.675153e-07,4.520849e-06,2.125030e-06,8.206594e-06,1.257264e-06,1.574378e-06,6.310146e-07,8.356144e-07,1.711930e-06,1.039607e-06,6.805084e-07,6.949506e-08,8.454039e-08,5.072587e-08,1.152191e-06,1.272020e-07,3.820678e-07,5.288170e-08,4.267618e-07,2.620255e-07
33.666990,9.488404e-07,4.711531e-07,1.068958e-05,2.173366e-06,8.299796e-06,8.691525e-07,4.643097e-06,2.170792e-06,8.447680e-06,1.242347e-06,1.599782e-06,6.589134e-07,8.262687e-07,1.740048e-06,1.008045e-06,7.453505e-07,7.394703e-08,7.284118e-08,2.540957e-08,1.082908e-06,1.499896e-07,4.055882e-07,6.884174e-08,4.077959e-07,3.247099e-07
33.691410,9.554031e-07,4.766627e-07,1.063661e-05,2.180838e-06,8.361413e-06,8.588141e-07,4.644623e-06,2.141354e-06,8.516723e-06,1.234251e-06,1.619728e-06,6.673255e-07,8.220754e-07,1.655268e-06,9.433620e-07,9.107335e-07,8.454442e-08,6.644662e-08,1.049360e-08,9.469337e-07,1.755184e-07,4.129938e-07,7.990024e-08,3.450148e-07,3.614427e-07
33.715820,9.632915e-07,4.805610e-07,1.068633e-05,2.184397e-06,8.404870e-06,8.717361e-07,4.646858e-06,2.151078e-06,8.337915e-06,1.280254e-06,1.573762e-06,6.808539e-07,8.763666e-07,1.611861e-06,9.669354e-07,9.807962e-07,9.472781e-08,6.679206e-08,1.399058e-08,7.639955e-07,1.940369e-07,4.125876e-07,8.844902e-08,2.569796e-07,3.656092e-07
33.740230,9.716166e-07,4.847297e-07,1.063997e-05,2.169165e-06,8.424701e-06,8.781816e-07,4.743625e-06,2.182176e-06,8.524331e-06,1.286965e-06,1.594345e-06,6.824489e-07,8.939202e-07,1.537357e-06,1.002663e-06,9.805313e-07,9.427334e-08,6.257831e-08,2.733974e-08,6.451812e-07,2.132896e-07,4.253396e-07,8.923334e-08,1.537491e-07,3.414712e-07
33.764650,9.812616e-07,4.903714e-07,1.063140e-05,2.188905e-06,8.349834e-06,8.827748e-07,4.743917e-06,2.186036e-06,8.748420e-06,1.257812e-06,1.670081e-06,6.474211e-07,8.349641e-07,1.468548e-06,9.457496e-07,1.128988e-06,9.271930e-08,6.313338e-08,5.049640e-08,5.412455e-07,2.202747e-07,4.423510e-07,8.828089e-08,1.548523e-07,3.039378e-07
33.789060,9.800093e-07,4.929411e-07,1.068430e-05,2.188237e-06,8.436032e-06,8.855010e-07,4.760807e-06,2.188035e-06,8.772478e-06,1.270416e-06,1.657758e-06,6.689999e-07,8.357423e-07,1.516884e-06,8.978836e-07,1.317633e-06,9.839939e-08,7.733030e-08,7.137726e-08,3.865322e-07,2.200137e-07,4.744804e-07,8.402313e-08,2.533283e-07,2.628509e-07
33.813480,9.825100e-07,4.948266e-07,1.085363e-05,2.176807e-06,8.477489e-06,8.892192e-07,4.774756e-06,2.154663e-06,8.805091e-06,1.292720e-06,1.652865e-06,7.091187e-07,8.896931e-07,1.522795e-06,8.794765e-07,1.385836e-06,1.055721e-07,8.328567e-08,8.460899e-08,1.834945e-07,2.028058e-07,4.824657e-07,7.843306e-08,3.643555e-07,2.309548e-07
33.837890,9.926058e-07,5.041344e-07,1.097971e-05,2.195447e-06,8.465763e-06,9.086857e-07,4.817239e-06,2.134424e-06,8.784929e-06,1.294575e-06,1.676712e-06,6.921894e-07,8.957435e-07,1.404027e-06,8.327090e-07,1.365443e-06,1.028886e-07,7.938914e-08,9.056820e-08,1.773368e-08,1.737401e-07,4.831651e-07,7.328396e-08,4.472196e-07,2.253547e-07
33.862300,9.918370e-07,5.087992e-07,1.107626e-05,2.199205e-06,8.547513e-06,9.051474e-07,4.884849e-06,2.204306e-06,8.809831e-06,1.291543e-06,1.678060e-06,6.825645e-07,8.890512e-07,1.402581e-06,8.386946e-07,1.422166e-06,9.693934e-08,8.373799e-08,1.028506e-07,1.552108e-07,1.426759e-07,4.471517e-07,6.719225e-08,5.038510e-07,2.633682e-07
33.886720,9.961875e-07,5.126806e-07,1.131542e-05,2.213543e-06,8.588251e-06,9.022293e-07,4.832446e-06,2.202197e-06,8.984143e-06,1.263988e-06,1.710731e-06,6.945726e-07,9.076841e-07,1.507915e-06,9.008672e-07,1.415385e-06,9.254417e-08,9.939835e-08,1.179353e-07,2.748903e-07,1.096713e-07,3.984161e-07,6.176473e-08,5.300709e-07,3.384830e-07
33.911130,1.003004e-06,5.187455e-07,1.140803e-05,2.236777e-06,8.642545e-06,9.266329e-07,4.877811e-06,2.163980e-06,8.788360e-06,1.268636e-06,1.706370e-06,6.936619e-07,8.753007e-07,1.511320e-06,8.754515e-07,1.296601e-06,8.888887e-08,1.087625e-07,1.252874e-07,4.329645e-07,8.734087e-08,3.359013e-07,5.649048e-08,5.297694e-07,4.215531e-07
33.935550,1.011487e-06,5.239102e-07,1.143779e-05,2.290130e-06,8.647917e-06,9.312531e-07,4.993282e-06,2.197397e-06,8.725365e-06,1.306379e-06,1.685300e-06,7.122126e-07,8.670331e-07,1.519621e-06,8.297701e-07,1.278933e-06,7.771824e-08,1.096274e-07,1.215095e-07,6.421122e-07,6.114828e-08,2.562262e-07,4.962538e-08,4.904167e-07,4.900517e-07
33.959960,1.017258e-06,5.271327e-07,1.148508e-05,2.350221e-06,8.718738e-06,9.295712e-07,4.976813e-06,2.186102e-06,9.082142e-06,1.278321e-06,1.742544e-06,7.235337e-07,9.372103e-07,1.587460e-06,8.779590e-07,1.370683e-06,6.620651e-08,1.117824e-07,1.194016e-07,8.278602e-07,4.403857e-08,1.701149e-07,3.945686e-08,4.232831e-07,5.168552e-07
33.984380,1.027222e-06,5.282261e-07,1.154047e-05,2.374986e-06,8.810791e-06,9.253602e-07,5.039164e-06,2.191498e-06,9.090745e-06,1.276148e-06,1.796737e-06,6.921405e-07,9.423484e-07,1.561901e-06,9.334617e-07,1.299752e-06,6.397959e-08,1.148435e-07,1.267883e-07,9.639591e-07,2.897908e-08,7.852887e-08,2.511794e-08,3.156492e-07,5.088894e-07
34.008790,1.040656e-06,5.335218e-07,1.155144e-05,2.436347e-06,8.704666e-06,9.208722e-07,5.124121e-06,2.189950e-06,9.070358e-06,1.317128e-06,1.756656e-06,7.004199e-07,9.035259e-07,1.590634e-06,9.661127e-07,1.126570e-06,6.017422e-08,1.113371e-07,1.303095e-07,1.065108e-06,3.231929e-08,7.536393e-08,9.098683e-09,2.010286e-07,4.561126e-07
34.033200,1.037164e-06,5.319643e-07,1.148926e-05,2.491348e-06,8.700281e-06,9.280514e-07,5.207934e-06,2.164209e-06,9.077187e-06,1.320937e-06,1.762839e-06,7.519146e-07,9.359399e-07,1.725847e-06,1.030250e-06,1.071814e-06,4.317939e-08,9.961404e-08,1.228376e-07,1.214958e-06,4.336519e-08,1.277004e-07,8.707890e-09,8.839779e-08,3.840073e-07
34.057620,1.038807e-06,5.309306e-07,1.158532e-05,2.520975e-06,8.729558e-06,9.147536e-07,5.278656e-06,2.213765e-06,9.080690e-06,1.326046e-06,1.783165e-06,7.589940e-07,9.638016e-07,1.725084e-06,1.053185e-06,1.032425e-06,3.254133e-08,9.531704e-08,1.120873e-07,1.353832e-06,5.622790e-08,1.870112e-07,2.671786e-08,5.052399e-08,2.950075e-07
34.082030,1.042440e-06,5.364256e-07,1.162131e-05,2.547905e-06,8.728251e-06,9.134104e-07,5.230437e-06,2.232008e-06,9.372137e-06,1.306919e-06,1.787088e-06,7.395458e-07,9.631014e-07,1.635893e-06,1.042407e-06,9.539750e-07,4.012683e-08,9.991613e-08,1.071806e-07,1.454296e-06,8.099650e-08,2.091392e-07,4.170986e-08,1.001404e-07,2.081070e-07
34.106450,1.040422e-06,5.408528e-07,1.169948e-05,2.561906e-06,8.759311e-06,9.307055e-07,5.276349e-06,2.198810e-06,9.419118e-06,1.297813e-06,1.839506e-06,7.428087e-07,9.931848e-07,1.650484e-06,1.115368e-06,9.782176e-07,4.514162e-08,9.605373e-08,1.006367e-07,1.434773e-06,1.153795e-07,2.329939e-07,5.740264e-08,1.444909e-07,1.453141e-07
34.130860,1.034844e-06,5.451463e-07,1.193185e-05,2.581349e-06,8.839612e-06,9.265580e-07,5.345572e-06,2.219201e-06,9.285179e-06,1.342265e-06,1.805147e-06,7.291061e-07,9.714711e-07,1.681698e-06,1.202292e-06,1.056082e-06,5.478354e-08,8.143651e-08,8.427850e-08,1.409197e-06,1.390890e-07,2.480025e-07,6.798234e-08,1.789818e-07,1.590826e-07
34.155270,1.029995e-06,5.489680e-07,1.214908e-05,2.557409e-06,9.079833e-06,9.254305e-07,5.290426e-06,2.227567e-06,9.502841e-06,1.346308e-06,1.778306e-06,7.389051e-07,9.221028e-07,1.684525e-06,1.165949e-06,1.047219e-06,7.221308e-08,7.028547e-08,6.154949e-08,1.384762e-06,1.603892e-07,2.641507e-07,7.874253e-08,2.069768e-07,2.323804e-07
34.179690,1.030957e-06,5.569805e-07,1.234541e-05,2.535652e-06,9.225022e-06,9.286630e-07,5.314689e-06,2.240534e-06,9.635233e-06,1.321558e-06,1.857182e-06,7.709866e-07,9.602516e-07,1.762732e-06,1.100288e-06,1.005406e-06,8.422054e-08,6.625877e-08,4.355442e-08,1.368678e-06,1.725125e-07,2.958106e-07,8.205141e-08,2.267130e-07,2.969812e-07
34.204100,1.020004e-06,5.605027e-07,1.247115e-05,2.528300e-06,9.417126e-06,9.408022e-07,5.330988e-06,2.236659e-06,9.666155e-06,1.340302e-06,1.871514e-06,7.442364e-07,1.014199e-06,1.741218e-06,1.114727e-06,1.153337e-06,8.485975e-08,6.024928e-08,2.976926e-08,1.269541e-06,1.887926e-07,3.292059e-07,8.533195e-08,2.386555e-07,3.456499e-07
34.228520,1.013101e-06,5.611079e-07,1.268231e-05,2.490012e-06,9.713662e-06,9.570156e-07,5.353539e-06,2.170880e-06,9.668865e-06,1.353679e-06,1.861847e-06,7.046102e-07,9.855368e-07,1.635909e-06,1.088485e-06,1.346010e-06,9.131063e-08,5.513742e-08,1.539968e-08,1.067636e-06,2.041239e-07,3.906705e-07,8.653693e-08,2.726213e-07,3.515977e-07
34.252930,1.013549e-06,5.671613e-07,1.280293e-05,2.477711e-06,9.893902e-06,9.470067e-07,5.381724e-06,2.205873e-06,9.510120e-06,1.372876e-06,1.878311e-06,7.306995e-07,9.578707e-07,1.655183e-06,1.050897e-06,1.383863e-06,1.059763e-07,7.007894e-08,1.267883e-08,8.682389e-07,2.138945e-07,4.535344e-07,8.988468e-08,3.272340e-07,3.319916e-07
34.277340,1.007004e-06,5.689980e-07,1.275011e-05,2.480288e-06,1.010514e-05,9.583859e-07,5.345351e-06,2.262514e-06,9.648957e-06,1.373731e-06,1.869252e-06,7.537508e-07,9.504367e-07,1.720963e-06,1.070823e-06,1.396916e-06,1.171056e-07,8.128324e-08,3.462484e-08,7.093288e-07,2.193487e-07,5.145707e-07,9.820544e-08,3.880526e-07,2.831437e-07
34.301760,1.003277e-06,5.689522e-07,1.278144e-05,2.493073e-06,1.028465e-05,9.736911e-07,5.495638e-06,2.220817e-06,9.724250e-06,1.337210e-06,1.893618e-06,7.453828e-07,9.335100e-07,1.672081e-06,1.011650e-06,1.524578e-06,1.166178e-07,7.689597e-08,5.337642e-08,5.763119e-07,2.230893e-07,5.318946e-07,1.051798e-07,4.411332e-07,2.204044e-07
34.326170,1.002294e-06,5.698781e-07,1.274711e-05,2.500210e-06,1.042989e-05,9.656295e-07,5.603919e-06,2.224418e-06,9.400094e-06,1.367341e-06,1.912409e-06,7.413161e-07,9.566336e-07,1.629244e-06,8.969453e-07,1.557218e-06,1.175738e-07,7.844864e-08,6.545806e-08,3.412966e-07,2.318283e-07,5.352996e-07,1.145356e-07,4.605908e-07,1.459886e-07
34.350590,1.006328e-06,5.701082e-07,1.263601e-05,2.490822e-06,1.047953e-05,9.592259e-07,5.613303e-06,2.240883e-06,9.515005e-06,1.392321e-06,1.848047e-06,7.354817e-07,9.921054e-07,1.625813e-06,8.908250e-07,1.506081e-06,1.226475e-07,9.757828e-08,8.193551e-08,9.578555e-08,2.378060e-07,5.171204e-07,1.193418e-07,4.701986e-07,1.031590e-07
34.375000,1.005439e-06,5.684929e-07,1.250709e-05,2.522763e-06,1.035735e-05,9.501800e-07,5.720854e-06,2.233678e-06,9.773762e-06,1.360381e-06,1.876129e-06,7.330262e-07,9.437276e-07,1.590797e-06,9.400750e-07,1.611210e-06,1.198159e-07,1.112865e-07,1.049712e-07,1.914294e-07,2.389185e-07,4.831282e-07,1.229133e-07,4.619592e-07,1.776707e-07
34.399410,1.009155e-06,5.632671e-07,1.242891e-05,2.541845e-06,1.035525e-05,9.490718e-07,5.820075e-06,2.251027e-06,9.767002e-06,1.374177e-06,1.941907e-06,7.702258e-07,8.935006e-07,1.608065e-06,9.290918e-07,1.738361e-06,1.091505e-07,1.156385e-07,1.216958e-07,3.316961e-07,2.280566e-07,4.397666e-07,1.204997e-07,4.702128e-07,2.993247e-07
34.423830,1.028256e-06,5.659515e-07,1.242910e-05,2.540073e-06,1.034540e-05,9.454100e-07,5.904605e-06,2.218626e-06,9.800212e-06,1.400269e-06,1.924637e-06,7.723169e-07,9.412873e-07,1.679428e-06,9.451166e-07,1.657525e-06,1.052749e-07,1.264799e-07,1.251264e-07,4.116600e-07,2.034103e-07,3.682410e-07,1.126580e-07,4.662209e-07,4.184963e-07
34.448240,1.036195e-06,5.643646e-07,1.230136e-05,2.565715e-06,1.024381e-05,9.289325e-07,5.900630e-06,2.229904e-06,9.681259e-06,1.408831e-06,1.916007e-06,7.156588e-07,9.626823e-07,1.618685e-06,9.884904e-07,1.525629e-06,1.059810e-07,1.382200e-07,1.264731e-07,5.803977e-07,1.693057e-07,3.086775e-07,9.719551e-08,4.532895e-07,5.086455e-07
34.472660,1.045686e-06,5.576451e-07,1.233668e-05,2.564622e-06,1.022727e-05,9.389525e-07,5.812443e-06,2.303968e-06,9.745179e-06,1.420368e-06,1.894173e-06,7.313623e-07,9.425756e-07,1.515574e-06,9.945162e-07,1.511445e-06,9.721123e-08,1.389526e-07,1.334987e-07,7.866323e-07,1.284547e-07,2.367680e-07,7.592424e-08,4.134755e-07,5.500479e-07
34.497070,1.050599e-06,5.499159e-07,1.229301e-05,2.536756e-06,1.011188e-05,9.366457e-07,5.817938e-06,2.261647e-06,1.003564e-05,1.372105e-06,1.873368e-06,7.689192e-07,9.576689e-07,1.585531e-06,1.053347e-06,1.458534e-06,7.798052e-08,1.306318e-07,1.394675e-07,9.175317e-07,8.246960e-08,1.900315e-07,5.106582e-08,3.607529e-07,5.479463e-07
34.521480,1.046112e-06,5.378562e-07,1.199616e-05,2.465302e-06,9.953965e-06,9.051151e-07,5.714903e-06,2.211777e-06,9.744527e-06,1.346950e-06,1.904967e-06,7.546733e-07,9.553857e-07,1.615522e-06,1.143609e-06,1.326410e-06,6.194315e-08,1.286447e-07,1.352810e-07,9.698819e-07,3.179375e-08,1.311502e-07,2.799756e-08,2.961915e-07,4.955537e-07
34.545900,1.035247e-06,5.263886e-07,1.177170e-05,2.403876e-06,9.741431e-06,8.928517e-07,5.541666e-06,2.208035e-06,9.543830e-06,1.373922e-06,1.848080e-06,7.639433e-07,9.460455e-07,1.548371e-06,1.139805e-06,1.297065e-06,5.098084e-08,1.351917e-07,1.259828e-07,1.058961e-06,2.310373e-08,6.960229e-08,9.634779e-09,2.419030e-07,4.239182e-07
34.570310,1.023007e-06,5.135675e-07,1.161180e-05,2.362613e-06,9.570893e-06,8.880265e-07,5.497073e-06,2.179698e-06,9.652502e-06,1.335050e-06,1.757669e-06,7.414339e-07,9.996201e-07,1.514681e-06,1.107183e-06,1.340049e-06,3.687363e-08,1.316598e-07,1.181255e-07,1.217813e-06,6.876695e-08,2.500267e-08,1.628510e-08,1.760581e-07,3.389339e-07
34.594730,1.019413e-06,5.084907e-07,1.149880e-05,2.290716e-06,9.540622e-06,8.885297e-07,5.425242e-06,2.171358e-06,9.541549e-06,1.295840e-06,1.778869e-06,7.090252e-07,1.024481e-06,1.467973e-06,1.148806e-06,1.197791e-06,2.992683e-08,1.124408e-07,1.136532e-07,1.338738e-06,1.092989e-07,1.043521e-07,3.233321e-08,1.050996e-07,2.630728e-07
34.619140,1.003175e-06,5.026255e-07,1.125551e-05,2.258397e-06,9.372491e-06,8.858137e-07,5.349051e-06,2.100779e-06,9.419578e-06,1.291711e-06,1.778850e-06,7.413139e-07,9.597675e-07,1.373151e-06,1.198959e-06,1.030677e-06,3.611270e-08,1.013498e-07,1.055716e-07,1.371075e-06,1.264786e-07,1.872515e-07,4.042640e-08,3.956176e-08,2.162328e-07
34.643550,9.891814e-07,4.939814e-07,1.111814e-05,2.239391e-06,9.266067e-06,8.745011e-07,5.286912e-06,2.035928e-06,9.199599e-06,1.275517e-06,1.742008e-06,7.548942e-07,9.216087e-07,1.384259e-06,1.181188e-06,1.057816e-06,4.093467e-08,9.241318e-08,8.641099e-08,1.370648e-06,1.361965e-07,2.642573e-07,4.671244e-08,1.061561e-07,2.378998e-07
34.667970,9.836572e-07,4.920130e-07,1.108295e-05,2.203527e-06,9.188897e-06,8.835514e-07,5.212338e-06,2.050653e-06,8.971729e-06,1.272436e-06,1.725433e-06,7.203475e-07,9.583267e-07,1.450874e-06,1.174221e-06,1.133873e-06,4.083494e-08,7.626865e-08,6.661187e-08,1.384959e-06,1.385630e-07,3.225270e-07,4.995737e-08,1.995148e-07,2.877770e-07
34.692380,9.776617e-07,4.887084e-07,1.091421e-05,2.172965e-06,9.017952e-06,8.827292e-07,5.259020e-06,2.021974e-06,8.995327e-06,1.238795e-06,1.678846e-06,7.078316e-07,9.384952e-07,1.381771e-06,1.152771e-06,1.102337e-06,5.294154e-08,5.690308e-08,5.372300e-08,1.418454e-06,1.360779e-07,3.742700e-07,5.323061e-08,2.780071e-07,3.302289e-07
34.716800,9.713510e-07,4.843547e-07,1.085760e-05,2.142534e-06,8.809709e-06,8.611503e-07,5.231874e-06,1.954978e-06,8.782170e-06,1.200260e-06,1.685350e-06,7.187547e-07,9.118774e-07,1.297004e-06,1.044929e-06,1.116197e-06,7.075154e-08,5.335948e-08,4.482172e-08,1.360012e-06,1.351931e-07,4.039702e-07,6.159348e-08,3.444910e-07,3.444870e-07
34.741210,9.659507e-07,4.789152e-07,1.084753e-05,2.137690e-06,8.548697e-06,8.507630e-07,5.124369e-06,1.933596e-06,8.413062e-06,1.213030e-06,1.686761e-06,7.150581e-07,9.001234e-07,1.346692e-06,9.893695e-07,1.180967e-06,7.794077e-08,5.300652e-08,3.117688e-08,1.258658e-06,1.309188e-07,4.053754e-07,6.987463e-08,4.053799e-07,3.242065e-07
34.765620,9.663320e-07,4.772477e-07,1.083997e-05,2.104854e-06,8.424362e-06,8.371167e-07,5.139444e-06,1.899659e-06,8.425449e-06,1.204649e-06,1.596627e-06,7.247048e-07,8.198486e-07,1.333681e-06,1.001288e-06,1.158524e-06,8.133749e-08,4.470224e-08,1.932631e-08,1.078851e-06,1.405870e-07,3.837860e-07,8.157008e-08,4.552782e-07,2.844753e-07
34.790040,9.508391e-07,4.705049e-07,1.073705e-05,2.060532e-06,8.252556e-06,8.263975e-07,5.091194e-06,1.865291e-06,8.452095e-06,1.163447e-06,1.557922e-06,7.198360e-07,7.749612e-07,1.302255e-06,9.527355e-07,1.157211e-06,8.983492e-08,3.870547e-08,2.164006e-08,9.249405e-07,1.535397e-07,3.480804e-07,8.740850e-08,4.815244e-07,2.366835e-07
34.814450,9.358563e-07,4.596890e-07,1.067655e-05,2.040794e-06,8.001509e-06,8.076758e-07,5.013950e-06,1.832456e-06,8.330563e-06,1.159599e-06,1.587181e-06,6.819744e-07,8.071507e-07,1.321757e-06,8.324554e-07,1.299134e-06,9.656001e-08,5.021871e-08,2.713466e-08,7.891563e-07,1.769455e-07,3.212851e-07,9.069961e-08,4.814872e-07,1.879200e-07
34.838870,9.249000e-07,4.566216e-07,1.064159e-05,1.991920e-06,7.884453e-06,7.833215e-07,4.882485e-06,1.772861e-06,8.212392e-06,1.163434e-06,1.570587e-06,6.954806e-07,7.682849e-07,1.244116e-06,7.613421e-07,1.389050e-06,9.197669e-08,6.394837e-08,3.080983e-08,6.262001e-07,1.900114e-07,3.192531e-07,8.885321e-08,4.416271e-07,1.566534e-07
34.863280,9.040538e-07,4.525945e-07,1.043351e-05,1.953485e-06,7.710475e-06,7.768614e-07,4.723304e-06,1.783857e-06,7.973546e-06,1.157433e-06,1.535373e-06,7.174209e-07,7.002770e-07,1.168971e-06,7.201256e-07,1.285683e-06,8.922865e-08,7.192732e-08,3.927687e-08,4.134304e-07,1.955976e-07,3.366020e-07,8.538727e-08,3.855921e-07,1.533438e-07
34.887700,8.812052e-07,4.486028e-07,1.032708e-05,1.919890e-06,7.564345e-06,7.539065e-07,4.683436e-06,1.799498e-06,7.933337e-06,1.144193e-06,1.489986e-06,6.798841e-07,6.874842e-07,1.213721e-06,6.578709e-07,1.192837e-06,9.292682e-08,8.529424e-08,5.360341e-08,1.754579e-07,1.911184e-07,3.637621e-07,7.907458e-08,3.244283e-07,2.009041e-07
34.912110,8.569666e-07,4.459847e-07,1.025109e-05,1.898475e-06,7.423673e-06,7.209200e-07,4.556878e-06,1.738622e-06,8.004020e-06,1.095134e-06,1.445192e-06,6.518376e-07,6.719044e-07,1.197867e-06,6.647707e-07,1.235576e-06,9.513672e-08,1.012175e-07,6.378160e-08,5.480468e-08,1.810316e-07,3.825613e-07,6.958612e-08,2.877258e-07,2.630229e-07
34.936520,8.354362e-07,4.450655e-07,1.010326e-05,1.867902e-06,7.347586e-06,7.077096e-07,4.400249e-06,1.717560e-06,7.753657e-06,1.077466e-06,1.455367e-06,6.316990e-07,6.602694e-07,1.103184e-06,6.751884e-07,1.209339e-06,8.780746e-08,1.055664e-07,6.540792e-08,1.378070e-07,1.678216e-07,3.983010e-07,6.177113e-08,2.840553e-07,3.225621e-07
34.960940,8.104878e-07,4.436770e-07,9.931402e-06,1.821750e-06,7.278678e-06,6.940986e-07,4.368804e-06,1.711569e-06,7.674275e-06,1.091824e-06,1.436809e-06,6.021165e-07,6.749511e-07,1.058400e-06,6.164545e-07,1.159199e-06,7.911553e-08,1.008650e-07,6.629977e-08,2.719563e-07,1.483336e-07,3.901368e-07,5.621038e-08,2.948558e-07,3.544552e-07
34.985350,7.867155e-07,4.382327e-07,9.782456e-06,1.807660e-06,7.104281e-06,6.809214e-07,4.285070e-06,1.684004e-06,7.733970e-06,1.058171e-06,1.352674e-06,6.020334e-07,6.636919e-07,1.027515e-06,6.427466e-07,1.210487e-06,7.345964e-08,1.080935e-07,7.213205e-08,4.281695e-07,1.276613e-07,3.676753e-07,5.462384e-08,3.205828e-07,3.587611e-07
35.009770,7.758644e-07,4.363949e-07,9.734301e-06,1.779811e-06,7.028224e-06,6.588491e-07,4.207988e-06,1.669807e-06,7.573933e-06,1.034501e-06,1.331451e-06,6.059017e-07,6.352852e-07,9.926265e-07,7.230223e-07,1.227674e-06,6.672886e-08,1.163111e-07,7.690662e-08,5.273737e-07,9.964772e-08,3.183836e-07,5.329082e-08,3.427915e-07,3.332961e-07
35.034180,7.608596e-07,4.322759e-07,9.590544e-06,1.740768e-06,6.941201e-06,6.396045e-07,4.145330e-06,1.605524e-06,7.447891e-06,1.029562e-06,1.338698e-06,5.593459e-07,6.866389e-07,1.006034e-06,7.206661e-07,1.073450e-06,5.371537e-08,1.154880e-07,7.373644e-08,5.713835e-07,7.548972e-08,2.439069e-07,5.192247e-08,3.642749e-07,2.976754e-07
35.058590,7.500315e-07,4.229110e-07,9.440571e-06,1.721856e-06,6.773708e-06,6.355074e-07,4.121065e-06,1.562403e-06,7.247841e-06,1.008363e-06,1.301925e-06,5.255681e-07,7.395007e-07,1.004321e-06,7.247109e-07,9.919806e-07,4.374045e-08,1.056971e-07,6.887724e-08,5.961855e-07,5.284524e-08,1.688402e-07,4.767450e-08,3.614945e-07,2.436272e-07
35.083010,7.463386e-07,4.150973e-07,9.392013e-06,1.703817e-06,6.649758e-06,6.132597e-07,4.176626e-06,1.568088e-06,7.039833e-06,1.004736e-06,1.280103e-06,5.404203e-07,7.375649e-07,9.135136e-07,7.514688e-07,1.058318e-06,3.972477e-08,1.011510e-07,7.069810e-08,6.577839e-07,3.287654e-08,8.779412e-08,4.022929e-08,3.389791e-07,1.908248e-07
35.107420,7.433513e-07,4.056265e-07,9.239811e-06,1.691696e-06,6.524301e-06,5.909409e-07,4.107605e-06,1.520333e-06,7.054291e-06,9.791032e-07,1.247128e-06,5.341738e-07,7.453284e-07,8.817207e-07,7.437147e-07,1.094036e-06,3.339950e-08,9.706337e-08,7.149121e-08,7.339853e-07,1.948756e-08,4.032739e-08,3.229740e-08,2.938385e-07,1.213429e-07
35.131840,7.368180e-07,3.942356e-07,9.101512e-06,1.662387e-06,6.436737e-06,5.800354e-07,4.050151e-06,1.474111e-06,6.810735e-06,9.487800e-07,1.222609e-06,5.142215e-07,7.505592e-07,9.165035e-07,7.545007e-07,1.065033e-06,2.120302e-08,8.558115e-08,6.528206e-08,7.917148e-07,2.410624e-08,7.900095e-08,2.687525e-08,2.307331e-07,4.842795e-08
35.156250,7.291267e-07,3.797456e-07,8.998340e-06,1.636696e-06,6.284066e-06,5.681430e-07,4.055888e-06,1.452100e-06,6.520733e-06,9.604382e-07,1.235773e-06,5.040925e-07,7.298256e-07,8.974928e-07,7.995070e-07,1.060651e-06,2.107845e-08,7.031919e-08,5.292475e-08,7.992906e-07,4.220465e-08,1.233659e-07,2.706356e-08,1.667793e-07,2.949455e-08
35.180660,7.272541e-07,3.705291e-07,8.970599e-06,1.632806e-06,6.085795e-06,5.558334e-07,4.000029e-06,1.409515e-06,6.521763e-06,9.446774e-07,1.188444e-06,4.851562e-07,7.546579e-07,8.913921e-07,7.902584e-07,1.073636e-06,3.078679e-08,6.340194e-08,4.203915e-08,8.086390e-07,6.063143e-08,1.680628e-07,3.496832e-08,1.242397e-07,8.688652e-08
35.205080,7.136523e-07,3.614458e-07,8.894544e-06,1.605931e-06,6.003804e-06,5.393713e-07,3.915843e-06,1.382356e-06,6.470058e-06,9.100272e-07,1.124725e-06,4.975568e-07,7.746793e-07,9.157316e-07,7.286947e-07,1.022619e-06,3.665399e-08,5.894196e-08,3.583211e-08,8.510474e-07,7.378340e-08,1.950714e-07,4.520926e-08,1.134362e-07,1.252830e-07
35.229490,6.972664e-07,3.504940e-07,8.801681e-06,1.596082e-06,5.858124e-06,5.314493e-07,3.810745e-06,1.327658e-06,6.409693e-06,9.029846e-07,1.127775e-06,5.173684e-07,7.266684e-07,8.890018e-07,7.003906e-07,1.005080e-06,4.485347e-08,4.859517e-08,2.771718e-08,8.723225e-07,8.534838e-08,2.088134e-07,5.230095e-08,1.331461e-07,1.354670e-07
35.253910,6.833262e-07,3.443139e-07,8.799629e-06,1.590139e-06,5.740290e-06,5.288745e-07,3.732523e-06,1.271477e-06,6.305018e-06,8.910772e-07,1.114960e-06,4.940300e-07,6.782012e-07,8.999657e-07,7.002201e-07,1.066261e-06,5.286236e-08,3.402829e-08,1.717579e-08,8.430826e-07,9.695275e-08,2.156911e-07,5.769554e-08,1.660893e-07,1.283236e-07
35.278320,6.667233e-07,3.395890e-07,8.660606e-06,1.573853e-06,5.658133e-06,5.085006e-07,3.690490e-06,1.282771e-06,6.108251e-06,8.869622e-07,1.095717e-06,4.777751e-07,6.723869e-07,9.643693e-07,6.599741e-07,1.090883e-06,5.673332e-08,3.004843e-08,1.290887e-08,7.453835e-07,1.052319e-07,2.217751e-07,5.833075e-08,1.868820e-07,1.112510e-07
35.302730,6.514777e-07,3.358236e-07,8.490952e-06,1.546578e-06,5.573606e-06,4.945246e-07,3.557652e-06,1.256092e-06,6.150420e-06,8.706420e-07,1.074270e-06,4.966065e-07,6.494398e-07,9.528129e-07,6.293010e-07,9.924818e-07,5.550259e-08,3.121790e-08,1.778933e-08,6.613401e-07,1.088689e-07,2.457099e-07,5.697347e-08,1.967235e-07,1.125522e-07
35.327150,6.371598e-07,3.317433e-07,8.357738e-06,1.515270e-06,5.467475e-06,4.937767e-07,3.446705e-06,1.205045e-06,6.108699e-06,8.233280e-07,1.020492e-06,5.066189e-07,6.115097e-07,8.970697e-07,6.110044e-07,9.082562e-07,5.960279e-08,3.145997e-08,2.034285e-08,5.722610e-07,1.073385e-07,2.694562e-07,5.303365e-08,1.842976e-07,1.272703e-07
35.351560,6.286248e-07,3.291874e-07,8.218197e-06,1.500975e-06,5.323242e-06,4.828998e-07,3.409701e-06,1.190306e-06,5.872771e-06,8.149017e-07,1.007249e-06,4.994990e-07,5.949462e-07,8.985595e-07,5.362028e-07,9.144082e-07,6.653490e-08,4.212242e-08,2.384841e-08,4.924207e-07,1.050950e-07,2.905606e-07,4.893345e-08,1.581478e-07,1.568414e-07
35.375980,6.148734e-07,3.255258e-07,8.023422e-06,1.463876e-06,5.279048e-06,4.725985e-07,3.284840e-06,1.168854e-06,5.841068e-06,8.124787e-07,1.006324e-06,4.893606e-07,5.487854e-07,9.072460e-07,4.832306e-07,8.806989e-07,6.827055e-08,5.529679e-08,3.270820e-08,3.530205e-07,1.089413e-07,3.004594e-07,4.693126e-08,1.312225e-07,1.891825e-07
35.400390,6.012187e-07,3.175702e-07,7.754662e-06,1.419857e-06,5.209326e-06,4.569903e-07,3.171116e-06,1.157555e-06,5.793151e-06,7.805688e-07,9.511069e-07,4.626016e-07,5.028371e-07,8.751031e-07,4.915251e-07,8.205083e-07,6.415170e-08,6.088895e-08,4.098160e-08,2.040967e-07,1.133956e-07,3.042832e-07,4.580342e-08,1.261374e-07,2.259072e-07
35.424800,5.929614e-07,3.127679e-07,7.561028e-06,1.396807e-06,5.084428e-06,4.472375e-07,3.072468e-06,1.128498e-06,5.666886e-06,7.666130e-07,9.209117e-07,4.394729e-07,5.133802e-07,8.605853e-07,4.722687e-07,8.238109e-07,6.127830e-08,6.077203e-08,4.461614e-08,6.949281e-08,1.165108e-07,3.045694e-07,4.791179e-08,1.406231e-07,2.563584e-07
35.449220,5.793322e-07,3.064582e-07,7.295187e-06,1.362146e-06,5.040691e-06,4.407988e-07,2.998733e-06,1.079669e-06,5.531215e-06,7.533562e-07,9.130762e-07,4.521157e-07,5.046713e-07,8.158009e-07,4.338027e-07,8.020624e-07,5.951254e-08,6.855011e-08,4.487680e-08,6.784589e-08,1.140076e-07,2.941135e-07,5.001772e-08,1.685300e-07,2.729064e-07
35.473630,5.649226e-07,2.983871e-07,7.026469e-06,1.325523e-06,4.981104e-06,4.218062e-07,2.952759e-06,1.070151e-06,5.304159e-06,7.419569e-07,8.890154e-07,4.434907e-07,4.533399e-07,7.221466e-07,4.357753e-07,6.680556e-07,5.396095e-08,7.670156e-08,4.703602e-08,1.054680e-07,1.099388e-07,2.688482e-07,5.319008e-08,1.935607e-07,2.699273e-07
35.498050,5.541952e-07,2.926795e-07,6.904915e-06,1.292344e-06,4.937922e-06,4.140782e-07,2.829043e-06,1.070921e-06,5.215240e-06,7.389095e-07,8.829415e-07,4.050418e-07,4.372252e-07,6.914800e-07,4.487114e-07,5.976451e-07,4.592989e-08,7.986403e-08,4.942890e-08,2.020577e-07,1.002656e-07,2.396698e-07,5.255629e-08,2.190133e-07,2.500825e-07
35.522460,5.573875e-07,2.944193e-07,6.938544e-06,1.298805e-06,4.956186e-06,4.212083e-07,2.803695e-06,1.054522e-06,5.317053e-06,7.317263e-07,8.739646e-07,4.046975e-07,4.570202e-07,7.180847e-07,4.636881e-07,7.020786e-07,4.331143e-08,8.127518e-08,5.020564e-08,3.119470e-07,9.032774e-08,2.070596e-07,5.019469e-08,2.396754e-07,2.181867e-07
35.546880,5.569782e-07,2.966603e-07,6.981203e-06,1.311597e-06,4.992901e-06,4.233984e-07,2.832447e-06,1.061908e-06,5.205770e-06,7.300506e-07,8.639325e-07,4.134624e-07,4.766487e-07,6.864978e-07,5.111120e-07,7.496015e-07,4.191297e-08,8.531197e-08,4.711079e-08,3.937898e-07,7.576842e-08,1.818140e-07,4.481832e-08,2.559221e-07,1.888409e-07
35.571290,5.550245e-07,2.962232e-07,7.011189e-06,1.302605e-06,5.072376e-06,4.254025e-07,2.804693e-06,1.076673e-06,5.126074e-06,7.556060e-07,9.047508e-07,4.085130e-07,5.037084e-07,6.359005e-07,5.442287e-07,7.345345e-07,3.534177e-08,8.721164e-08,4.606183e-08,4.040679e-07,5.323202e-08,1.559368e-07,3.709938e-08,2.538728e-07,1.583129e-07
35.595700,5.618601e-07,2.989952e-07,7.095892e-06,1.309013e-06,5.067626e-06,4.262852e-07,2.787133e-06,1.072036e-06,5.252350e-06,7.540952e-07,9.108542e-07,4.163058e-07,5.267207e-07,6.197326e-07,5.263760e-07,7.872407e-07,2.566930e-08,8.239516e-08,4.877778e-08,4.337270e-07,3.005600e-08,1.326812e-07,2.814203e-08,2.357554e-07,1.369307e-07
35.620120,5.660629e-07,3.024698e-07,7.133168e-06,1.306085e-06,5.098866e-06,4.345338e-07,2.786854e-06,1.080653e-06,5.271812e-06,7.439310e-07,8.823271e-07,4.098173e-07,5.140622e-07,6.063924e-07,5.359500e-07,8.533063e-07,1.874296e-08,7.146020e-08,4.934869e-08,4.867480e-07,1.025831e-08,1.025402e-07,1.881906e-08,2.022580e-07,1.160268e-07
35.644530,5.724653e-07,3.030619e-07,7.068490e-06,1.286901e-06,5.137307e-06,4.380926e-07,2.823704e-06,1.057138e-06,5.344273e-06,7.587463e-07,8.825327e-07,3.947794e-07,5.246249e-07,5.926498e-07,5.819794e-07,8.504323e-07,1.692289e-08,6.773151e-08,4.530369e-08,5.397688e-07,2.069990e-08,7.113057e-08,8.969639e-09,1.620542e-07,9.686845e-08
35.668950,5.803064e-07,3.042980e-07,7.090751e-06,1.275325e-06,5.115510e-06,4.312937e-07,2.872183e-06,1.066183e-06,5.340357e-06,7.626856e-07,8.990864e-07,4.212859e-07,5.783624e-07,6.152893e-07,5.978485e-07,9.347853e-07,1.521977e-08,6.630920e-08,3.868454e-08,5.534895e-07,3.694206e-08,5.146839e-08,6.826327e-09,1.173253e-07,8.108163e-08
35.693360,5.870564e-07,3.048844e-07,7.064497e-06,1.266104e-06,5.106641e-06,4.387373e-07,2.852944e-06,1.103727e-06,5.297152e-06,7.807394e-07,9.109214e-07,4.397454e-07,5.865383e-07,6.100078e-07,5.972052e-07,1.097450e-06,1.942258e-08,5.797717e-08,3.578475e-08,5.498072e-07,4.649485e-08,5.497672e-08,1.262756e-08,8.897653e-08,7.246115e-08
35.717770,5.904871e-07,3.048478e-07,6.992124e-06,1.268819e-06,5.091308e-06,4.462711e-07,2.904582e-06,1.095254e-06,5.474520e-06,7.810355e-07,9.263054e-07,4.300730e-07,5.673128e-07,5.809833e-07,5.966745e-07,1.157550e-06,2.564462e-08,4.532509e-08,3.361290e-08,5.744974e-07,5.271831e-08,8.534837e-08,1.848818e-08,7.453499e-08,6.968165e-08
35.742190,5.915227e-07,3.028605e-07,6.908258e-06,1.255578e-06,5.138082e-06,4.448984e-07,2.962456e-06,1.090541e-06,5.493774e-06,7.593380e-07,9.034762e-07,4.314280e-07,5.739035e-07,6.378245e-07,5.736955e-07,1.113846e-06,2.867703e-08,3.733804e-08,2.792776e-08,6.224736e-07,5.455390e-08,1.289977e-07,2.263287e-08,7.944151e-08,5.810022e-08
35.766600,5.968000e-07,3.043026e-07,6.901060e-06,1.253371e-06,5.133289e-06,4.422557e-07,2.945660e-06,1.100266e-06,5.470164e-06,7.714612e-07,8.994566e-07,4.452441e-07,5.668445e-07,6.973261e-07,5.454326e-07,1.152729e-06,3.226597e-08,3.077041e-08,2.036668e-08,6.387166e-07,5.219419e-08,1.608533e-07,2.667260e-08,8.782608e-08,4.444699e-08
35.791020,5.939529e-07,3.061074e-07,6.933198e-06,1.275277e-06,5.082964e-06,4.371778e-07,2.957326e-06,1.104756e-06,5.615701e-06,7.766031e-07,9.377260e-07,4.592671e-07,5.537626e-07,6.993975e-07,5.611568e-07,1.229231e-06,4.189205e-08,2.141426e-08,1.911858e-08,6.156700e-07,5.350053e-08,1.917174e-07,3.089182e-08,9.073657e-08,5.090404e-08
35.815430,5.895648e-07,3.057437e-07,6.959156e-06,1.282608e-06,5.114031e-06,4.405790e-07,2.977562e-06,1.123394e-06,5.711123e-06,7.660176e-07,9.200029e-07,4.873554e-07,5.696477e-07,7.204160e-07,5.709944e-07,1.233867e-06,5.237511e-08,2.118851e-08,2.169107e-08,5.572214e-07,6.287459e-08,2.018760e-07,3.727852e-08,8.203077e-08,7.610037e-08
35.839840,5.886833e-07,3.088661e-07,7.124905e-06,1.301933e-06,5.087750e-06,4.390996e-07,3.025366e-06,1.112166e-06,5.780322e-06,7.714562e-07,8.967756e-07,4.952155e-07,5.508835e-07,7.487349e-07,5.219721e-07,1.238251e-06,5.679968e-08,2.976631e-08,2.031927e-08,5.121982e-07,8.437940e-08,2.035997e-07,4.241359e-08,7.496764e-08,1.087816e-07
35.864260,5.853544e-07,3.124910e-07,7.275619e-06,1.329313e-06,5.039609e-06,4.319625e-07,3.044733e-06,1.095558e-06,5.811888e-06,7.739215e-07,9.054610e-07,4.710755e-07,5.039427e-07,7.510231e-07,4.830170e-07,1.272711e-06,5.899073e-08,3.662573e-08,2.114402e-08,4.669883e-07,1.046420e-07,2.045337e-07,4.878600e-08,8.617631e-08,1.395296e-07
35.888670,5.821506e-07,3.157928e-07,7.387368e-06,1.363671e-06,4.986002e-06,4.411161e-07,2.981344e-06,1.130845e-06,5.696859e-06,7.840187e-07,9.063460e-07,4.769915e-07,5.190248e-07,7.990203e-07,4.911759e-07,1.205881e-06,6.301856e-08,3.884249e-08,2.938626e-08,3.824281e-07,1.261136e-07,2.041245e-07,5.322057e-08,1.308987e-07,1.718916e-07
35.913090,5.784984e-07,3.180532e-07,7.536972e-06,1.388149e-06,4.956151e-06,4.466688e-07,3.007029e-06,1.134973e-06,5.815099e-06,7.996469e-07,9.233726e-07,4.984755e-07,5.483466e-07,8.443830e-07,4.784597e-07,1.052712e-06,6.682673e-08,4.848386e-08,3.690825e-08,2.624762e-07,1.382642e-07,2.209882e-07,5.808305e-08,1.817488e-07,1.983766e-07
35.937500,5.802587e-07,3.209611e-07,7.675913e-06,1.399357e-06,4.933048e-06,4.466677e-07,3.041012e-06,1.119914e-06,5.947793e-06,7.813469e-07,9.170525e-07,4.845233e-07,5.327481e-07,8.028739e-07,4.517119e-07,9.756491e-07,6.455426e-08,6.266907e-08,3.914687e-08,1.316053e-07,1.462977e-07,2.353521e-07,6.028062e-08,2.318037e-07,2.246555e-07
35.961910,5.791199e-07,3.240332e-07,7.794003e-06,1.421653e-06,4.838881e-06,4.506154e-07,3.005259e-06,1.141056e-06,5.801165e-06,7.888383e-07,8.972704e-07,4.762823e-07,5.340355e-07,7.606524e-07,4.586961e-07,9.843533e-07,6.344671e-08,7.257403e-08,4.253726e-08,7.319400e-08,1.496712e-07,2.623968e-07,6.076607e-08,2.674268e-07,2.310174e-07
35.986330,5.756848e-07,3.226556e-07,7.813595e-06,1.419912e-06,4.809245e-06,4.555586e-07,3.025147e-06,1.153887e-06,5.834938e-06,8.230343e-07,9.240404e-07,4.692704e-07,5.360784e-07,7.755168e-07,4.353759e-07,9.434042e-07,6.685006e-08,7.937527e-08,4.850253e-08,8.174489e-08,1.461578e-07,2.837050e-07,5.987696e-08,2.951427e-07,2.257114e-07
36.010740,5.777413e-07,3.223959e-07,7.870345e-06,1.404218e-06,4.800238e-06,4.651740e-07,3.046635e-06,1.165243e-06,5.953096e-06,8.183564e-07,9.497560e-07,4.524384e-07,5.276793e-07,7.597124e-07,4.188227e-07,8.192488e-07,6.863114e-08,9.119977e-08,5.166117e-08,1.482139e-07,1.382253e-07,3.070181e-07,5.647391e-08,3.106606e-07,2.041776e-07
36.035160,5.766781e-07,3.221299e-07,7.921617e-06,1.406353e-06,4.753683e-06,4.619570e-07,3.100504e-06,1.161667e-06,6.013977e-06,8.188019e-07,9.270289e-07,4.623150e-07,5.707430e-07,7.367577e-07,4.716605e-07,7.538949e-07,6.203881e-08,1.003851e-07,5.100910e-08,2.669176e-07,1.226651e-07,3.115898e-07,5.447762e-08,3.144700e-07,1.789437e-07
36.059570,5.772740e-07,3.199454e-07,7.858012e-06,1.403379e-06,4.802339e-06,4.573195e-07,3.124272e-06,1.141277e-06,6.110540e-06,8.316664e-07,9.169627e-07,4.700250e-07,6.176328e-07,7.391228e-07,5.042690e-07,6.948236e-07,5.395061e-08,1.005176e-07,4.823293e-08,3.720627e-07,1.018683e-07,2.986616e-07,5.105595e-08,3.028516e-07,1.607703e-07
36.083980,5.806094e-07,3.188544e-07,7.846185e-06,1.398663e-06,4.894948e-06,4.660495e-07,3.110975e-06,1.175769e-06,6.092446e-06,8.424459e-07,9.132207e-07,4.467497e-07,6.114543e-07,7.045238e-07,4.911144e-07,6.062568e-07,4.867521e-08,9.647824e-08,4.843384e-08,4.218247e-07,8.034904e-08,2.692645e-07,4.838388e-08,2.782497e-07,1.568559e-07
36.108400,5.860104e-07,3.176002e-07,7.855078e-06,1.387137e-06,5.011849e-06,4.667879e-07,3.188518e-06,1.207986e-06,6.132988e-06,8.652099e-07,9.209839e-07,4.304355e-07,6.135284e-07,6.680971e-07,5.065501e-07,7.010330e-07,4.434178e-08,9.823864e-08,5.079880e-08,4.505788e-07,6.036968e-08,2.181810e-07,4.435443e-08,2.326230e-07,1.546479e-07
36.132810,5.902150e-07,3.168083e-07,7.875211e-06,1.392798e-06,5.082899e-06,4.597960e-07,3.226218e-06,1.192762e-06,6.308198e-06,8.635744e-07,9.519209e-07,4.562693e-07,6.517256e-07,7.059090e-07,5.275810e-07,8.700235e-07,3.603509e-08,1.025947e-07,5.057759e-08,4.837293e-07,4.188358e-08,1.578161e-07,3.910598e-08,1.831562e-07,1.500441e-07
36.157230,5.927024e-07,3.129409e-07,7.872573e-06,1.414169e-06,5.137741e-06,4.540773e-07,3.194514e-06,1.203330e-06,6.237547e-06,8.482376e-07,9.304831e-07,4.657385e-07,6.652453e-07,7.234754e-07,5.353909e-07,9.028520e-07,3.062930e-08,9.893176e-08,4.621799e-08,5.555263e-07,2.121573e-08,1.068188e-07,3.267941e-08,1.333033e-07,1.375031e-07
36.181640,6.037730e-07,3.112368e-07,7.876087e-06,1.414564e-06,5.258065e-06,4.511861e-07,3.211562e-06,1.211116e-06,6.223120e-06,8.681308e-07,9.086326e-07,4.637455e-07,6.770899e-07,6.822407e-07,5.747752e-07,9.165791e-07,2.865695e-08,8.894130e-08,4.229067e-08,5.899122e-07,9.648637e-09,8.473539e-08,2.556925e-08,9.933194e-08,1.283942e-07
36.206050,6.105106e-07,3.117159e-07,7.921136e-06,1.434050e-06,5.278054e-06,4.537635e-07,3.242872e-06,1.222841e-06,6.385724e-06,8.670718e-07,9.429128e-07,4.718159e-07,7.041441e-07,6.943528e-07,6.073859e-07,1.052869e-06,2.220180e-08,8.245686e-08,4.246978e-08,5.896980e-07,2.557732e-08,1.237463e-07,1.879879e-08,7.799317e-08,1.128162e-07
36.230470,6.154440e-07,3.086227e-07,7.851985e-06,1.462150e-06,5.265265e-06,4.495425e-07,3.264912e-06,1.237356e-06,6.429196e-06,8.594376e-07,9.468853e-07,4.599689e-07,6.811461e-07,7.323132e-07,5.805603e-07,1.166433e-06,1.572386e-08,7.670064e-08,4.013543e-08,5.788431e-07,4.274356e-08,1.789481e-07,1.629349e-08,6.486895e-08,9.870851e-08
36.254880,6.223069e-07,3.070836e-07,7.851372e-06,1.476090e-06,5.287520e-06,4.490804e-07,3.239551e-06,1.211779e-06,6.518557e-06,8.708618e-07,9.188525e-07,4.795571e-07,6.529175e-07,7.461340e-07,5.649145e-07,1.237702e-06,2.336008e-08,6.256877e-08,3.193010e-08,6.153147e-07,5.530209e-08,2.230444e-07,2.058846e-08,5.707098e-08,8.289143e-08
36.279300,6.275907e-07,3.058825e-07,7.897721e-06,1.486900e-06,5.265811e-06,4.607152e-07,3.174959e-06,1.222066e-06,6.473315e-06,8.705727e-07,9.145237e-07,5.266467e-07,6.768248e-07,7.986591e-07,5.978205e-07,1.332983e-06,3.170951e-08,4.486694e-08,2.563029e-08,6.532976e-07,6.839309e-08,2.509391e-07,2.997213e-08,4.976012e-08,8.759533e-08
36.303710,6.327512e-07,3.055700e-07,7.889143e-06,1.490135e-06,5.229483e-06,4.608406e-07,3.207070e-06,1.254518e-06,6.382433e-06,8.875217e-07,9.152626e-07,5.233611e-07,6.757907e-07,8.309055e-07,6.030507e-07,1.425101e-06,3.442817e-08,3.713942e-08,2.490896e-08,6.538446e-07,7.584765e-08,2.592060e-07,3.982610e-08,4.618169e-08,1.166616e-07
36.328120,6.355848e-07,3.045987e-07,7.882401e-06,1.505972e-06,5.143268e-06,4.585376e-07,3.214754e-06,1.242837e-06,6.580727e-06,8.943476e-07,9.344975e-07,5.147068e-07,6.280390e-07,8.016362e-07,5.882132e-07,1.412896e-06,4.040361e-08,3.284329e-08,2.324136e-08,6.016876e-07,8.500809e-08,2.514356e-07,4.746559e-08,3.007041e-08,1.583110e-07
36.352540,6.462675e-07,3.051692e-07,7.883892e-06,1.498548e-06,5.135028e-06,4.629637e-07,3.179017e-06,1.239806e-06,6.624948e-06,8.720326e-07,9.474536e-07,5.331002e-07,5.947346e-07,8.100830e-07,5.965673e-07,1.305095e-06,4.556918e-08,2.124697e-08,1.870193e-08,5.543516e-07,8.473023e-08,2.472371e-07,5.280678e-08,3.356506e-08,1.941345e-07
36.376950,6.550746e-07,3.090338e-07,7.959090e-06,1.488595e-06,5.141348e-06,4.662244e-07,3.220721e-06,1.258284e-06,6.527140e-06,8.880908e-07,9.108143e-07,5.425520e-07,5.900701e-07,8.765553e-07,5.930715e-07,1.322492e-06,4.762025e-08,1.721904e-08,2.012828e-08,5.221113e-07,8.508999e-08,2.366551e-07,5.470254e-08,7.158833e-08,2.236679e-07
36.401370,6.647972e-07,3.094319e-07,7.944081e-06,1.508748e-06,5.097097e-06,4.701216e-07,3.260569e-06,1.270357e-06,6.619639e-06,9.111592e-07,9.226744e-07,5.472777e-07,5.716052e-07,8.991623e-07,5.701376e-07,1.395545e-06,4.944959e-08,2.913871e-08,2.829675e-08,4.811271e-07,8.452545e-08,2.448734e-07,5.414032e-08,1.216297e-07,2.481065e-07
36.425780,6.795005e-07,3.122010e-07,7.971422e-06,1.511927e-06,5.175986e-06,4.634203e-07,3.302461e-06,1.285805e-06,6.726225e-06,9.050074e-07,9.678471e-07,5.496699e-07,5.905230e-07,8.723255e-07,5.953731e-07,1.356616e-06,5.597497e-08,3.928826e-08,3.514637e-08,3.777222e-07,8.943091e-08,2.579729e-07,5.085715e-08,1.695283e-07,2.601304e-07
36.450200,6.889591e-07,3.136622e-07,8.079307e-06,1.511345e-06,5.264035e-06,4.589872e-07,3.318875e-06,1.264466e-06,6.847927e-06,9.094364e-07,9.641728e-07,5.292755e-07,6.078454e-07,8.700842e-07,6.146465e-07,1.220251e-06,6.271459e-08,5.164364e-08,3.835591e-08,2.609842e-07,1.041341e-07,2.932804e-07,4.405170e-08,2.091974e-07,2.630062e-07
36.474610,6.958658e-07,3.137106e-07,8.108864e-06,1.516191e-06,5.309695e-06,4.638166e-07,3.306929e-06,1.252519e-06,6.961255e-06,9.157077e-07,9.525528e-07,5.176390e-07,5.571682e-07,8.386326e-07,5.741872e-07,1.131774e-06,6.448035e-08,6.793805e-08,4.424961e-08,1.889207e-07,1.159089e-07,3.249888e-07,3.894111e-08,2.366777e-07,2.488909e-07
36.499020,6.985171e-07,3.131801e-07,8.148483e-06,1.537977e-06,5.325350e-06,4.536824e-07,3.383809e-06,1.301096e-06,6.904288e-06,9.295799e-07,9.414132e-07,5.454400e-07,5.632901e-07,7.938347e-07,5.462911e-07,1.008194e-06,6.028366e-08,7.945347e-08,5.273186e-08,1.477159e-07,1.269791e-07,3.580501e-07,3.621129e-08,2.519108e-07,2.207553e-07
36.523440,7.024296e-07,3.150939e-07,8.172720e-06,1.559038e-06,5.352374e-06,4.402035e-07,3.393874e-06,1.316329e-06,7.024221e-06,9.578208e-07,9.438878e-07,5.479089e-07,6.246089e-07,8.222963e-07,5.549405e-07,8.545341e-07,5.849604e-08,8.152899e-08,5.680085e-08,1.080380e-07,1.313266e-07,3.783302e-07,4.107719e-08,2.610722e-07,1.932900e-07
36.547850,6.925791e-07,3.169927e-07,8.172976e-06,1.543893e-06,5.402862e-06,4.294036e-07,3.316331e-06,1.290624e-06,7.155176e-06,9.419811e-07,9.683108e-07,5.144982e-07,6.316579e-07,7.963009e-07,5.492412e-07,8.234063e-07,5.878513e-08,8.371160e-08,5.475224e-08,1.383422e-07,1.357559e-07,3.706461e-07,4.741172e-08,2.550733e-07,1.821856e-07
36.572270,6.766817e-07,3.159310e-07,8.088204e-06,1.555591e-06,5.311039e-06,4.210104e-07,3.321207e-06,1.296768e-06,6.967782e-06,9.232219e-07,9.598226e-07,5.091484e-07,6.387686e-07,7.024874e-07,5.360495e-07,8.766730e-07,5.492516e-08,9.186031e-08,5.106549e-08,2.302795e-07,1.323060e-07,3.543218e-07,5.413345e-08,2.340254e-07,1.975249e-07
36.596680,6.656541e-07,3.182954e-07,8.024861e-06,1.554812e-06,5.260699e-06,4.168806e-07,3.316018e-06,1.292437e-06,6.906162e-06,9.409183e-07,9.274161e-07,5.084774e-07,6.574447e-07,6.926735e-07,5.474335e-07,8.129002e-07,5.001387e-08,9.855701e-08,5.020995e-08,3.121100e-07,1.209136e-07,3.205237e-07,5.837454e-08,2.001423e-07,2.203258e-07
36.621090,6.516214e-07,3.222087e-07,8.015139e-06,1.539419e-06,5.248964e-06,4.060142e-07,3.297791e-06,1.287220e-06,7.024219e-06,9.301202e-07,9.417847e-07,5.093446e-07,6.572579e-07,7.182510e-07,5.253568e-07,6.715850e-07,4.940014e-08,9.869395e-08,4.859488e-08,3.424530e-07,1.021600e-07,2.916083e-07,5.927482e-08,1.580591e-07,2.406381e-07
36.645510,6.397011e-07,3.244744e-07,7.886737e-06,1.533086e-06,5.183119e-06,4.072007e-07,3.225108e-06,1.275078e-06,6.985986e-06,9.113198e-07,9.540671e-07,5.250764e-07,6.841508e-07,7.024944e-07,4.723482e-07,7.548613e-07,4.777891e-08,9.800600e-08,4.344476e-08,3.820160e-07,7.600251e-08,2.530169e-07,5.668361e-08,1.256313e-07,2.475772e-07
36.669920,6.311257e-07,3.271913e-07,7.765227e-06,1.531295e-06,5.125333e-06,4.148521e-07,3.142477e-06,1.238692e-06,6.975798e-06,9.199416e-07,9.284712e-07,5.052763e-07,7.279117e-07,7.078916e-07,4.880039e-07,8.952536e-07,3.881039e-08,9.732888e-08,3.714151e-08,4.260516e-07,5.164956e-08,2.077382e-07,5.033099e-08,1.221615e-07,2.453179e-07
36.694340,6.264806e-07,3.288173e-07,7.683448e-06,1.529535e-06,5.087238e-06,4.083392e-07,3.171255e-06,1.251348e-06,6.841925e-06,9.182731e-07,9.111047e-07,4.704576e-07,7.249576e-07,7.150939e-07,5.132038e-07,9.701238e-07,3.106826e-08,9.397446e-08,3.400442e-08,4.835528e-07,3.307523e-08,1.582376e-07,4.232749e-08,1.378999e-07,2.366265e-07
36.718750,6.234274e-07,3.298181e-07,7.599749e-06,1.514023e-06,5.099633e-06,4.095596e-07,3.122640e-06,1.261222e-06,6.677140e-06,9.278837e-07,8.939811e-07,4.871383e-07,6.916411e-07,7.038550e-07,4.866231e-07,1.119182e-06,3.025950e-08,8.349846e-08,3.477140e-08,5.050409e-07,3.058202e-08,1.083696e-07,3.416795e-08,1.602458e-07,2.192605e-07
36.743160,6.194281e-07,3.262783e-07,7.502481e-06,1.508434e-06,5.073384e-06,4.139046e-07,3.061606e-06,1.227906e-06,6.791273e-06,9.274955e-07,8.961942e-07,5.045730e-07,7.122807e-07,7.543555e-07,4.807045e-07,1.250355e-06,3.178069e-08,7.148831e-08,3.267024e-08,4.755870e-07,4.568096e-08,7.225212e-08,2.761376e-08,1.681917e-07,1.892098e-07
36.767580,6.225151e-07,3.223599e-07,7.381271e-06,1.513361e-06,5.023725e-06,4.198304e-07,3.083614e-06,1.225643e-06,6.707171e-06,8.972861e-07,9.177449e-07,4.921041e-07,7.290881e-07,8.268932e-07,4.834321e-07,1.261808e-06,3.025407e-08,6.826882e-08,2.751233e-08,4.757434e-07,5.934521e-08,7.017662e-08,2.737093e-08,1.711586e-07,1.513137e-07
36.791990,6.201521e-07,3.179396e-07,7.354498e-06,1.484529e-06,5.072852e-06,4.197155e-07,3.090129e-06,1.232164e-06,6.553716e-06,9.074530e-07,8.872295e-07,4.873813e-07,7.120514e-07,8.264723e-07,4.606666e-07,1.284838e-06,3.082078e-08,6.636961e-08,2.672280e-08,5.004639e-07,7.005216e-08,9.769974e-08,3.122205e-08,1.602885e-07,1.026526e-07
36.816410,6.175010e-07,3.100578e-07,7.254335e-06,1.466404e-06,5.050385e-06,4.123585e-07,3.088963e-06,1.235398e-06,6.604103e-06,9.168380e-07,8.558514e-07,4.823552e-07,7.075249e-07,8.127990e-07,4.793151e-07,1.465307e-06,3.358949e-08,5.453125e-08,3.023175e-08,5.131327e-07,7.377754e-08,1.441812e-07,3.678975e-08,1.472396e-07,5.936545e-08
36.840820,6.154504e-07,3.039911e-07,7.171557e-06,1.461218e-06,4.989508e-06,4.178846e-07,3.030840e-06,1.241220e-06,6.579431e-06,8.989890e-07,8.854421e-07,4.790433e-07,6.747960e-07,8.514150e-07,5.092938e-07,1.587736e-06,3.438951e-08,4.192762e-08,2.860407e-08,4.684458e-07,7.094539e-08,1.876943e-07,4.186264e-08,1.304351e-07,3.828097e-08
36.865230,6.098683e-07,2.983870e-07,7.158409e-06,1.459089e-06,4.962833e-06,4.190815e-07,3.028535e-06,1.201945e-06,6.620892e-06,8.965556e-07,8.904323e-07,4.969954e-07,6.220540e-07,8.686755e-07,4.876686e-07,1.567771e-06,3.588690e-08,3.551262e-08,2.418879e-08,4.199153e-07,7.112975e-08,2.192940e-07,4.559325e-08,1.223650e-07,4.421880e-08
36.889650,6.015790e-07,2.938866e-07,7.136283e-06,1.444990e-06,4.966244e-06,4.085785e-07,3.084329e-06,1.200207e-06,6.654394e-06,8.861026e-07,8.713112e-07,4.916260e-07,6.345422e-07,8.810224e-07,4.690814e-07,1.504617e-06,4.351189e-08,2.977124e-08,2.619280e-08,3.842479e-07,7.793856e-08,2.384532e-07,4.667297e-08,1.288051e-07,6.303578e-08
36.914060,5.899855e-07,2.891795e-07,7.131396e-06,1.424561e-06,4.973523e-06,4.048456e-07,3.027189e-06,1.236371e-06,6.503415e-06,8.860347e-07,8.604794e-07,4.547616e-07,6.587184e-07,9.167580e-07,5.092725e-07,1.483552e-06,5.030018e-08,2.410045e-08,3.129703e-08,3.567726e-07,9.084096e-08,2.452933e-07,4.785727e-08,1.489039e-07,8.195661e-08
36.938480,5.845891e-07,2.863243e-07,7.109795e-06,1.431607e-06,4.886525e-06,4.043753e-07,2.971059e-06,1.223531e-06,6.633030e-06,9.035127e-07,8.365402e-07,4.534500e-07,6.232762e-07,8.973689e-07,5.339942e-07,1.406458e-06,5.068105e-08,3.218298e-08,3.300693e-08,2.951541e-07,1.055656e-07,2.452296e-07,4.752787e-08,1.679959e-07,1.009255e-07
36.962890,5.773844e-07,2.865981e-07,7.121769e-06,1.418198e-06,4.868277e-06,4.021881e-07,2.989866e-06,1.214885e-06,6.681283e-06,8.757415e-07,8.483754e-07,4.683007e-07,5.960797e-07,8.418529e-07,5.325076e-07,1.309610e-06,4.879712e-08,4.185596e-08,3.445327e-08,2.130970e-07,1.209623e-07,2.401642e-07,5.014447e-08,1.817890e-07,1.140835e-07
36.987300,5.690831e-07,2.844276e-07,7.073851e-06,1.404260e-06,4.856088e-06,3.995715e-07,2.961458e-06,1.206603e-06,6.469194e-06,8.635045e-07,8.573866e-07,4.593600e-07,6.078338e-07,8.578030e-07,5.370584e-07,1.292975e-06,4.910758e-08,4.555022e-08,4.292782e-08,1.497953e-07,1.350072e-07,2.258372e-07,5.317180e-08,1.895580e-07,1.246854e-07
37.011720,5.654375e-07,2.832438e-07,6.990029e-06,1.414191e-06,4.775154e-06,3.940734e-07,2.913728e-06,1.201535e-06,6.461401e-06,8.747559e-07,8.219358e-07,4.492752e-07,5.992301e-07,8.637057e-07,5.316149e-07,1.269591e-06,5.042046e-08,4.846685e-08,5.191221e-08,1.648713e-07,1.455844e-07,2.231963e-07,5.695376e-08,1.864302e-07,1.320430e-07
37.036130,5.591095e-07,2.817524e-07,6.991774e-06,1.416329e-06,4.749765e-06,3.987669e-07,2.832750e-06,1.207950e-06,6.457612e-06,8.560015e-07,8.222100e-07,4.408475e-07,6.029290e-07,8.021164e-07,5.033597e-07,1.091915e-06,4.865616e-08,5.809457e-08,5.572570e-08,1.709696e-07,1.506596e-07,2.241974e-07,6.022108e-08,1.806933e-07,1.528225e-07
37.060550,5.540874e-07,2.786642e-07,6.942059e-06,1.417572e-06,4.732998e-06,3.950442e-07,2.785889e-06,1.165795e-06,6.475096e-06,8.490779e-07,8.423935e-07,4.271002e-07,6.285100e-07,7.597592e-07,5.138960e-07,8.709168e-07,4.814674e-08,7.024833e-08,5.578597e-08,1.798656e-07,1.476923e-07,2.501170e-07,6.124019e-08,1.692887e-07,1.825986e-07
37.084960,5.489578e-07,2.752692e-07,6.876698e-06,1.414895e-06,4.711819e-06,3.843562e-07,2.800411e-06,1.145140e-06,6.467600e-06,8.459263e-07,8.298386e-07,4.456444e-07,6.030098e-07,7.363161e-07,5.409633e-07,7.627088e-07,4.964089e-08,7.563058e-08,5.672025e-08,2.192870e-07,1.360910e-07,2.701831e-07,6.112836e-08,1.521911e-07,2.196576e-07
37.109380,5.468615e-07,2.713012e-07,6.803477e-06,1.426075e-06,4.657602e-06,3.827420e-07,2.737475e-06,1.175086e-06,6.222322e-06,8.465510e-07,8.232767e-07,4.659503e-07,5.850940e-07,6.969978e-07,5.078303e-07,6.983342e-07,4.857336e-08,7.946828e-08,5.892878e-08,2.872465e-07,1.199462e-07,2.883876e-07,5.854229e-08,1.344921e-07,2.454799e-07
37.133790,5.429311e-07,2.685736e-07,6.712541e-06,1.436089e-06,4.595549e-06,3.812126e-07,2.717894e-06,1.169820e-06,6.180446e-06,8.665966e-07,7.986469e-07,4.459849e-07,6.207556e-07,6.972340e-07,4.700088e-07,6.297498e-07,4.038084e-08,8.514458e-08,5.684121e-08,3.186304e-07,9.937545e-08,2.863588e-07,5.603923e-08,1.222128e-07,2.583239e-07
37.158200,5.363149e-07,2.636291e-07,6.617129e-06,1.420704e-06,4.600711e-06,3.783567e-07,2.752594e-06,1.146221e-06,6.267594e-06,8.510288e-07,7.892904e-07,4.265769e-07,6.333766e-07,7.216128e-07,4.694939e-07,6.561061e-07,3.492941e-08,8.708275e-08,5.050437e-08,3.282327e-07,8.172088e-08,2.668307e-07,5.068787e-08,1.249857e-07,2.568833e-07
37.182620,5.348777e-07,2.597213e-07,6.478169e-06,1.427177e-06,4.528065e-06,3.701543e-07,2.757097e-06,1.144396e-06,6.116677e-06,8.278191e-07,8.226755e-07,4.420804e-07,6.132066e-07,6.737705e-07,4.536810e-07,7.130786e-07,3.553921e-08,8.113736e-08,4.370894e-08,3.359831e-07,6.106126e-08,2.364331e-07,4.515094e-08,1.341705e-07,2.433935e-07
37.207030,5.298576e-07,2.574883e-07,6.418328e-06,1.438179e-06,4.454136e-06,3.639895e-07,2.753404e-06,1.152199e-06,6.025725e-06,8.421370e-07,8.110639e-07,4.471467e-07,6.098835e-07,6.407107e-07,4.364371e-07,6.695752e-07,3.491860e-08,7.460703e-08,4.073010e-08,3.816444e-07,4.085958e-08,1.905712e-07,3.825779e-08,1.397244e-07,2.202258e-07
37.231450,5.243372e-07,2.531805e-07,6.346696e-06,1.433522e-06,4.462351e-06,3.678623e-07,2.743840e-06,1.174004e-06,6.079219e-06,8.427866e-07,7.811837e-07,4.463091e-07,6.054269e-07,6.928433e-07,4.478009e-07,7.294560e-07,3.132054e-08,7.443464e-08,3.733792e-08,4.107954e-07,1.736579e-08,1.490377e-07,3.183539e-08,1.362328e-07,1.928860e-07
37.255860,5.228908e-07,2.504423e-07,6.243768e-06,1.426482e-06,4.464372e-06,3.633109e-07,2.798192e-06,1.163010e-06,6.088262e-06,8.277911e-07,7.897712e-07,4.499700e-07,6.059473e-07,7.239778e-07,4.322805e-07,9.486064e-07,3.146049e-08,7.588457e-08,3.041292e-08,4.195921e-07,3.038376e-09,1.220560e-07,2.485369e-08,1.230559e-07,1.535559e-07
37.280270,5.234951e-07,2.478221e-07,6.192524e-06,1.420082e-06,4.459958e-06,3.550599e-07,2.862107e-06,1.126528e-06,6.155593e-06,8.250573e-07,7.976218e-07,4.347079e-07,6.351773e-07,7.345754e-07,3.980868e-07,1.090005e-06,3.187707e-08,6.924959e-08,2.277061e-08,4.032089e-07,1.695498e-08,1.239308e-07,1.772810e-08,1.049714e-07,1.134030e-07
37.304690,5.258556e-07,2.460744e-07,6.116537e-06,1.426260e-06,4.430267e-06,3.580508e-07,2.828032e-06,1.160221e-06,6.078530e-06,8.146887e-07,8.056231e-07,4.407697e-07,6.364489e-07,7.511737e-07,4.101193e-07,1.111846e-06,2.920439e-08,6.070947e-08,2.008493e-08,4.161971e-07,3.329616e-08,1.557729e-07,1.159065e-08,8.553949e-08,6.536858e-08
37.329100,5.278384e-07,2.426907e-07,6.037288e-06,1.414842e-06,4.457616e-06,3.583935e-07,2.846360e-06,1.183056e-06,5.980800e-06,8.235191e-07,7.975011e-07,4.692840e-07,5.859749e-07,7.379398e-07,4.379075e-07,1.149110e-06,2.933662e-08,5.392855e-08,1.858854e-08,4.443852e-07,4.742329e-08,1.849678e-07,1.306420e-08,6.055798e-08,2.523071e-08
37.353520,5.340216e-07,2.388356e-07,5.916455e-06,1.399329e-06,4.493689e-06,3.577452e-07,2.909919e-06,1.165964e-06,6.153006e-06,8.287499e-07,7.670959e-07,4.575893e-07,5.684071e-07,7.356331e-07,4.208005e-07,1.234157e-06,3.492164e-08,4.724754e-08,1.563985e-08,4.372598e-07,6.437116e-08,2.057358e-07,2.008421e-08,3.504896e-08,6.948766e-09
37.377930,5.369738e-07,2.366548e-07,5.838306e-06,1.403727e-06,4.451611e-06,3.547469e-07,2.905639e-06,1.164822e-06,6.068314e-06,7.973305e-07,7.686082e-07,4.320633e-07,5.935958e-07,7.804163e-07,4.112288e-07,1.256041e-06,3.860951e-08,3.569549e-08,1.734727e-08,3.949147e-07,7.503386e-08,2.163325e-07,2.906390e-08,3.031912e-08,1.928040e-08
37.402340,5.399083e-07,2.320557e-07,5.742758e-06,1.384164e-06,4.479316e-06,3.519341e-07,2.887529e-06,1.159516e-06,5.856274e-06,7.987582e-07,7.890522e-07,4.363989e-07,5.872977e-07,8.098812e-07,4.225898e-07,1.273461e-06,3.744568e-08,3.058651e-08,2.349207e-08,3.426468e-07,8.250655e-08,2.144896e-07,3.724952e-08,5.706039e-08,2.056550e-08
37.426760,5.442487e-07,2.291657e-07,5.564874e-06,1.358817e-06,4.500061e-06,3.534292e-07,2.854375e-06,1.161586e-06,5.857114e-06,8.052729e-07,7.608504e-07,4.354044e-07,5.718249e-07,7.684122e-07,4.188610e-07,1.348051e-06,3.622539e-08,3.386185e-08,2.801335e-08,3.229958e-07,8.314366e-08,2.107619e-07,4.334634e-08,9.021747e-08,1.469969e-08
37.451170,5.442216e-07,2.264538e-07,5.442820e-06,1.336626e-06,4.478039e-06,3.458765e-07,2.866265e-06,1.150693e-06,5.841441e-06,7.837019e-07,7.424558e-07,4.371018e-07,5.753595e-07,7.545380e-07,4.355277e-07,1.367200e-06,3.727370e-08,3.263107e-08,2.973357e-08,2.890236e-07,8.139928e-08,2.007259e-07,4.725870e-08,1.107184e-07,2.826114e-08
37.475590,5.418574e-07,2.241532e-07,5.322572e-06,1.321212e-06,4.448673e-06,3.382411e-07,2.889194e-06,1.108742e-06,5.851770e-06,7.762109e-07,7.552326e-07,4.422438e-07,5.545027e-07,7.902351e-07,4.676111e-07,1.222384e-06,3.836908e-08,2.666070e-08,3.437498e-08,2.146584e-07,8.013726e-08,1.912197e-07,4.956795e-08,1.241253e-07,5.697934e-08
37.500000,5.363427e-07,2.220270e-07,5.234718e-06,1.298553e-06,4.437739e-06,3.405377e-07,2.826753e-06,1.103654e-06,5.787365e-06,7.718383e-07,7.548021e-07,4.158024e-07,5.441938e-07,7.723816e-07,4.629757e-07,1.074934e-06,3.781500e-08,3.075298e-08,4.235627e-08,1.301732e-07,7.875508e-08,1.983350e-07,4.829537e-08,1.323723e-07,8.648733e-08
37.524410,5.337448e-07,2.211541e-07,5.161766e-06,1.257625e-06,4.475482e-06,3.401247e-07,2.809705e-06,1.120227e-06,5.592387e-06,7.757533e-07,7.542754e-07,3.991054e-07,5.813929e-07,7.569702e-07,4.324725e-07,1.059470e-06,4.058513e-08,3.867284e-08,4.907142e-08,1.187451e-07,8.043724e-08,2.178324e-07,4.492054e-08,1.407824e-07,1.235888e-07
37.548830,5.274586e-07,2.228265e-07,5.142149e-06,1.246564e-06,4.418017e-06,3.360652e-07,2.824263e-06,1.097587e-06,5.593871e-06,7.898900e-07,7.289232e-07,4.195456e-07,5.718273e-07,7.584283e-07,4.324755e-07,9.984104e-07,4.264319e-08,4.311811e-08,5.217937e-08,1.446334e-07,8.104887e-08,2.435110e-07,3.941304e-08,1.482086e-07,1.603556e-07
37.573240,5.194433e-07,2.226320e-07,5.162670e-06,1.227662e-06,4.395479e-06,3.310266e-07,2.764507e-06,1.076089e-06,5.619553e-06,7.724584e-07,7.014733e-07,4.198475e-07,5.348355e-07,7.087843e-07,4.454838e-07,8.995893e-07,4.059371e-08,4.811305e-08,5.448640e-08,1.723240e-07,8.874589e-08,2.623135e-07,3.592985e-08,1.569547e-07,1.938065e-07
37.597660,5.166349e-07,2.239739e-07,5.156625e-06,1.194582e-06,4.427301e-06,3.284561e-07,2.723475e-06,1.070162e-06,5.463364e-06,7.544590e-07,7.245717e-07,4.041157e-07,5.463218e-07,6.768496e-07,4.309784e-07,8.401258e-07,3.535085e-08,5.461359e-08,5.794738e-08,2.203551e-07,9.533678e-08,2.706525e-07,3.375218e-08,1.613977e-07,2.165494e-07
37.622070,5.108469e-07,2.258374e-07,5.230252e-06,1.174161e-06,4.388235e-06,3.322203e-07,2.686628e-06,1.068110e-06,5.431944e-06,7.643498e-07,7.298411e-07,4.015391e-07,5.538775e-07,7.194223e-07,4.172886e-07,7.585217e-07,3.339507e-08,5.838611e-08,6.076724e-08,2.992392e-07,1.018424e-07,2.687611e-07,3.525595e-08,1.707134e-07,2.261418e-07
37.646480,5.052753e-07,2.260024e-07,5.294289e-06,1.161189e-06,4.335050e-06,3.262174e-07,2.702437e-06,1.082700e-06,5.472357e-06,7.582938e-07,7.020586e-07,3.900190e-07,5.447426e-07,7.199541e-07,4.072088e-07,5.744550e-07,3.414511e-08,5.600505e-08,5.952515e-08,3.508657e-07,9.882753e-08,2.523757e-07,3.747281e-08,1.786429e-07,2.187813e-07
37.670900,4.994844e-07,2.257542e-07,5.323822e-06,1.158333e-06,4.275992e-06,3.244260e-07,2.718562e-06,1.053425e-06,5.462123e-06,7.464961e-07,6.934866e-07,3.822077e-07,5.525530e-07,6.762336e-07,3.679573e-07,5.087150e-07,3.220416e-08,5.592680e-08,5.338580e-08,3.741271e-07,8.882390e-08,2.350459e-07,4.019105e-08,1.884313e-07,2.039179e-07
37.695310,4.962132e-07,2.247113e-07,5.350180e-06,1.148881e-06,4.248290e-06,3.293667e-07,2.651047e-06,1.030049e-06,5.519160e-06,7.434975e-07,7.005208e-07,3.920811e-07,5.371324e-07,6.770095e-07,3.426792e-07,6.050664e-07,2.961915e-08,5.981472e-08,4.960526e-08,3.793530e-07,7.439251e-08,2.011378e-07,4.196587e-08,1.882006e-07,1.777106e-07
37.719730,4.925337e-07,2.247413e-07,5.344293e-06,1.156181e-06,4.193717e-06,3.291733e-07,2.659656e-06,1.059144e-06,5.408623e-06,7.301053e-07,7.056634e-07,3.776766e-07,5.094682e-07,6.812130e-07,3.617678e-07,6.683320e-07,2.995486e-08,6.426035e-08,4.805358e-08,3.972717e-07,5.493240e-08,1.634631e-07,4.125514e-08,1.769083e-07,1.502966e-07
37.744140,4.866735e-07,2.226950e-07,5.323209e-06,1.171283e-06,4.093022e-06,3.280374e-07,2.688959e-06,1.062114e-06,5.367525e-06,7.376374e-07,7.082719e-07,3.539817e-07,5.390581e-07,6.826182e-07,3.435130e-07,6.740677e-07,2.968437e-08,6.240493e-08,4.488845e-08,4.148509e-07,3.527921e-08,1.158839e-07,3.902328e-08,1.516267e-07,1.156074e-07
37.768550,4.847183e-07,2.208804e-07,5.232263e-06,1.161909e-06,4.055701e-06,3.239981e-07,2.665893e-06,1.047940e-06,5.501522e-06,7.349736e-07,6.843648e-07,3.624657e-07,5.711315e-07,7.342197e-07,3.108416e-07,7.372486e-07,2.607022e-08,5.927781e-08,3.714834e-08,4.145321e-07,2.433246e-08,7.064992e-08,3.332676e-08,1.196693e-07,7.642596e-08
37.792970,4.791502e-07,2.195846e-07,5.178592e-06,1.163506e-06,3.968068e-06,3.235359e-07,2.639391e-06,1.052208e-06,5.394796e-06,7.078327e-07,6.697338e-07,3.730570e-07,5.555239e-07,7.395675e-07,3.249247e-07,8.479876e-07,2.650338e-08,5.757557e-08,3.032512e-08,3.839740e-07,3.173437e-08,2.761858e-08,2.666704e-08,8.507969e-08,3.821469e-08
37.817380,4.734817e-07,2.159650e-07,5.151469e-06,1.169201e-06,3.837679e-06,3.216890e-07,2.614188e-06,1.046493e-06,5.211275e-06,7.100262e-07,6.880749e-07,3.665530e-07,5.534324e-07,7.032504e-07,3.379939e-07,9.048700e-07,3.167787e-08,5.401607e-08,2.577656e-08,3.649788e-07,4.941484e-08,1.221820e-08,2.110870e-08,5.615163e-08,3.345533e-08
37.841800,4.707134e-07,2.134787e-07,5.087221e-06,1.165219e-06,3.753992e-06,3.104870e-07,2.650946e-06,1.054567e-06,5.200514e-06,7.148599e-07,6.766164e-07,3.615638e-07,5.598991e-07,7.206213e-07,3.429224e-07,1.006282e-06,3.410320e-08,4.568625e-08,2.099551e-08,3.622776e-07,6.558466e-08,4.945734e-08,1.980176e-08,3.778596e-08,6.326884e-08
37.866210,4.683167e-07,2.114483e-07,5.061617e-06,1.149379e-06,3.695910e-06,3.072163e-07,2.648745e-06,1.042084e-06,5.153149e-06,6.943282e-07,6.496908e-07,3.510278e-07,5.475322e-07,7.475907e-07,3.704465e-07,1.136482e-06,3.244230e-08,4.184432e-08,1.346943e-08,3.650089e-07,7.520779e-08,9.516247e-08,2.466641e-08,3.594423e-08,8.345133e-08
37.890620,4.655417e-07,2.098598e-07,5.028166e-06,1.127123e-06,3.662837e-06,3.086479e-07,2.591954e-06,1.005923e-06,5.170893e-06,6.888622e-07,6.519016e-07,3.476722e-07,5.659094e-07,7.391047e-07,3.791765e-07,1.163269e-06,3.252886e-08,4.258607e-08,9.092049e-09,3.361020e-07,7.980745e-08,1.303915e-07,3.196951e-08,4.806068e-08,8.845174e-08
37.915040,4.604741e-07,2.071647e-07,5.003535e-06,1.120857e-06,3.593663e-06,3.036654e-07,2.622161e-06,1.030456e-06,5.094983e-06,6.804064e-07,6.550783e-07,3.713381e-07,5.821293e-07,7.379994e-07,3.640685e-07,1.071419e-06,3.376937e-08,4.098577e-08,1.308767e-08,3.014812e-07,8.097560e-08,1.668339e-07,3.897228e-08,6.070035e-08,7.983197e-08
37.939450,4.601541e-07,2.042599e-07,4.963962e-06,1.097885e-06,3.588986e-06,2.993334e-07,2.633229e-06,1.041259e-06,4.878077e-06,6.838948e-07,6.568563e-07,3.772734e-07,5.539181e-07,7.430287e-07,3.840404e-07,1.060977e-06,3.367339e-08,3.381587e-08,1.666776e-08,2.782922e-07,8.037306e-08,1.922992e-07,4.382495e-08,6.405506e-08,5.724446e-08
37.963870,4.577568e-07,2.032553e-07,4.929256e-06,1.069991e-06,3.632872e-06,2.956539e-07,2.586866e-06,1.019972e-06,4.911847e-06,7.005892e-07,6.490050e-07,3.516954e-07,5.370905e-07,7.149348e-07,4.219060e-07,1.127582e-06,3.280419e-08,2.962718e-08,1.885683e-08,2.654799e-07,8.199019e-08,2.124127e-07,4.615672e-08,5.540946e-08,2.907507e-08
37.988280,4.536787e-07,2.001547e-07,4.911275e-06,1.067395e-06,3.607392e-06,2.972605e-07,2.568463e-06,1.010436e-06,4.863619e-06,6.782184e-07,6.188788e-07,3.524087e-07,5.548825e-07,7.355182e-07,4.217022e-07,1.106279e-06,3.548618e-08,3.125650e-08,2.373452e-08,2.371628e-07,7.999310e-08,2.242521e-07,4.510928e-08,3.823724e-08,1.290709e-08
38.012700,4.544895e-07,1.977765e-07,4.819946e-06,1.063653e-06,3.615350e-06,2.984539e-07,2.568900e-06,9.997064e-07,4.702792e-06,6.659285e-07,6.194512e-07,3.666812e-07,5.535370e-07,7.786773e-07,4.171835e-07,1.047131e-06,3.717667e-08,3.137291e-08,3.233955e-08,1.768286e-07,8.082649e-08,2.276662e-07,4.261256e-08,3.191016e-08,5.280699e-08
38.037110,4.543431e-07,1.963568e-07,4.754513e-06,1.062133e-06,3.645339e-06,2.937236e-07,2.603176e-06,1.011761e-06,4.688687e-06,6.720864e-07,6.389879e-07,3.671458e-07,5.309898e-07,7.480701e-07,4.221710e-07,1.000491e-06,3.377778e-08,3.194470e-08,3.819792e-08,1.265469e-07,8.185685e-08,2.217431e-07,3.822082e-08,5.782781e-08,9.855386e-08
38.061520,4.549449e-07,1.944898e-07,4.702475e-06,1.060166e-06,3.668510e-06,2.971381e-07,2.587616e-06,1.014914e-06,4.672161e-06,6.618294e-07,6.212781e-07,3.722299e-07,5.209970e-07,7.027789e-07,4.061585e-07,9.053208e-07,2.958229e-08,3.700187e-08,4.119263e-08,1.057170e-07,8.791148e-08,2.045238e-07,3.529632e-08,9.367084e-08,1.456178e-07
38.085940,4.545276e-07,1.922018e-07,4.636366e-06,1.067794e-06,3.658592e-06,2.994413e-07,2.526056e-06,9.748743e-07,4.701617e-06,6.553528e-07,6.117705e-07,3.669081e-07,5.013484e-07,7.113014e-07,3.993504e-07,7.391149e-07,2.915362e-08,4.182580e-08,4.571084e-08,9.512962e-08,8.887661e-08,1.771460e-07,3.375234e-08,1.245702e-07,1.851010e-07
38.110350,4.574307e-07,1.893962e-07,4.583636e-06,1.074873e-06,3.613601e-06,2.951960e-07,2.555203e-06,9.706712e-07,4.708668e-06,6.448859e-07,6.125487e-07,3.520804e-07,4.732290e-07,7.141526e-07,4.076769e-07,6.440319e-07,2.889167e-08,3.970914e-08,5.183484e-08,9.657717e-08,8.783500e-08,1.526889e-07,3.402961e-08,1.502931e-07,2.109787e-07
38.134770,4.574278e-07,1.880645e-07,4.548521e-06,1.062192e-06,3.612835e-06,2.929187e-07,2.559937e-06,9.911355e-07,4.563494e-06,6.340715e-07,6.108704e-07,3.605920e-07,4.821342e-07,7.040393e-07,3.957259e-07,6.612473e-07,2.634635e-08,3.858410e-08,5.508232e-08,1.452733e-07,8.120558e-08,1.365997e-07,3.552660e-08,1.703883e-07,2.232830e-07
38.159180,4.556256e-07,1.849291e-07,4.561232e-06,1.067884e-06,3.543251e-06,2.900015e-07,2.521769e-06,9.810844e-07,4.596623e-06,6.428392e-07,6.247258e-07,3.681160e-07,4.776663e-07,7.062043e-07,3.576151e-07,6.319502e-07,2.474276e-08,4.249988e-08,5.333608e-08,2.233568e-07,7.086760e-08,1.358855e-07,3.648742e-08,1.853802e-07,2.154299e-07
38.183590,4.559172e-07,1.832867e-07,4.521515e-06,1.069467e-06,3.461252e-06,2.890300e-07,2.515675e-06,9.741796e-07,4.700518e-06,6.300085e-07,6.091465e-07,3.463889e-07,4.291602e-07,6.888666e-07,3.410390e-07,5.204915e-07,2.392548e-08,4.681780e-08,5.058988e-08,2.810198e-07,6.380376e-08,1.386489e-07,3.744562e-08,1.904258e-07,1.994073e-07
38.208010,4.507164e-07,1.825389e-07,4.502629e-06,1.055386e-06,3.446793e-06,2.845580e-07,2.516564e-06,9.657264e-07,4.575751e-06,6.051393e-07,5.863262e-07,3.235662e-07,4.034850e-07,6.304888e-07,3.329678e-07,4.754077e-07,2.140738e-08,4.613532e-08,5.012343e-08,3.100296e-07,5.272711e-08,1.411344e-07,3.586135e-08,1.854882e-07,1.724838e-07
38.232420,4.434397e-07,1.809249e-07,4.493838e-06,1.038594e-06,3.422670e-06,2.760749e-07,2.542225e-06,9.639603e-07,4.482376e-06,6.096871e-07,6.007125e-07,3.232994e-07,4.088577e-07,6.361684e-07,3.071461e-07,5.050649e-07,1.704172e-08,4.496059e-08,4.913714e-08,3.417935e-07,4.389101e-08,1.409774e-07,3.369109e-08,1.656003e-07,1.418959e-07
38.256840,4.352215e-07,1.800303e-07,4.454449e-06,1.025968e-06,3.390102e-06,2.775598e-07,2.527517e-06,9.731202e-07,4.461835e-06,6.064181e-07,6.024133e-07,3.215257e-07,4.036706e-07,6.717332e-07,2.928969e-07,5.344540e-07,1.687398e-08,4.448421e-08,4.501325e-08,3.859626e-07,3.356661e-08,1.328847e-07,2.846610e-08,1.358904e-07,1.080703e-07
38.281250,4.282195e-07,1.797029e-07,4.422173e-06,1.023243e-06,3.341682e-06,2.772799e-07,2.488806e-06,9.385406e-07,4.459243e-06,5.921416e-07,5.811873e-07,3.193150e-07,4.139347e-07,6.367378e-07,2.829639e-07,6.424563e-07,2.008386e-08,4.210271e-08,3.902057e-08,4.157110e-07,2.757483e-08,1.137096e-07,2.265083e-08,9.821678e-08,7.022802e-08
38.305660,4.212156e-07,1.808728e-07,4.368411e-06,1.004446e-06,3.365637e-06,2.711724e-07,2.525680e-06,9.179280e-07,4.519947e-06,5.844239e-07,5.715337e-07,3.146844e-07,4.237099e-07,6.121149e-07,2.600551e-07,7.559435e-07,2.168419e-08,3.545954e-08,3.382487e-08,4.161702e-07,2.675704e-08,8.110004e-08,1.663628e-08,5.996440e-08,4.009209e-08
38.330080,4.123507e-07,1.811874e-07,4.309993e-06,9.973464e-07,3.381628e-06,2.690025e-07,2.516919e-06,9.472788e-07,4.399381e-06,5.730791e-07,5.679046e-07,2.908989e-07,4.049305e-07,6.162849e-07,2.601742e-07,7.934320e-07,2.174980e-08,3.282902e-08,3.012570e-08,3.940181e-07,2.822873e-08,4.921831e-08,1.121201e-08,2.936151e-08,4.441158e-08
38.354490,4.095335e-07,1.812655e-07,4.221940e-06,1.003090e-06,3.351655e-06,2.672127e-07,2.461542e-06,9.478968e-07,4.280199e-06,5.849043e-07,5.760386e-07,2.891359e-07,4.205119e-07,6.009044e-07,2.914806e-07,7.820938e-07,2.432053e-08,3.432345e-08,2.366929e-08,3.812970e-07,2.994060e-08,3.713794e-08,7.626577e-09,2.661329e-08,7.005815e-08
38.378910,4.062089e-07,1.824309e-07,4.125575e-06,9.951573e-07,3.381880e-06,2.702370e-07,2.456750e-06,9.308396e-07,4.355076e-06,5.950719e-07,5.831546e-07,3.087704e-07,4.585801e-07,6.041262e-07,3.036062e-07,8.763983e-07,2.695700e-08,3.359058e-08,1.526769e-08,3.772161e-07,3.651991e-08,6.694551e-08,7.123455e-09,4.792659e-08,8.808990e-08
38.403320,4.037041e-07,1.813096e-07,4.081754e-06,9.904203e-07,3.404917e-06,2.689723e-07,2.458523e-06,9.253421e-07,4.287651e-06,5.757244e-07,5.534770e-07,3.047967e-07,4.609224e-07,6.133651e-07,2.953363e-07,1.007555e-06,2.721469e-08,2.890297e-08,7.697274e-09,3.546176e-07,4.826676e-08,1.014974e-07,1.122776e-08,6.540873e-08,9.432084e-08
38.427730,4.053637e-07,1.799868e-07,3.997289e-06,9.883554e-07,3.393050e-06,2.671644e-07,2.480386e-06,9.206184e-07,4.142112e-06,5.723477e-07,5.369085e-07,2.917713e-07,4.514466e-07,5.766110e-07,3.076194e-07,1.040133e-06,2.891784e-08,2.569006e-08,7.975527e-09,3.154952e-07,6.284680e-08,1.299897e-07,1.631611e-08,7.435849e-08,8.839138e-08
38.452150,4.076053e-07,1.780747e-07,3.924285e-06,9.859626e-07,3.379691e-06,2.720337e-07,2.429056e-06,9.393378e-07,4.142337e-06,5.811272e-07,5.532056e-07,2.966926e-07,4.620189e-07,5.517897e-07,3.226674e-07,1.029657e-06,3.276632e-08,2.520196e-08,9.038268e-09,2.600188e-07,7.390587e-08,1.478942e-07,2.132016e-08,6.894327e-08,7.328086e-08
38.476560,4.090449e-07,1.758116e-07,3.863611e-06,9.810647e-07,3.355087e-06,2.708329e-07,2.380356e-06,9.316702e-07,4.131126e-06,5.710339e-07,5.468847e-07,2.955924e-07,4.712884e-07,5.920654e-07,3.269051e-07,1.058481e-06,3.344705e-08,2.375241e-08,1.209581e-08,2.280457e-07,8.197935e-08,1.612931e-07,2.600415e-08,5.030594e-08,5.227611e-08
38.500980,4.074862e-07,1.722639e-07,3.805773e-06,9.673611e-07,3.356798e-06,2.666565e-07,2.405393e-06,9.025778e-07,4.165371e-06,5.667161e-07,5.340789e-07,3.000713e-07,4.718901e-07,6.244050e-07,3.509035e-07,1.024206e-06,3.046885e-08,2.326614e-08,1.801604e-08,1.973247e-07,8.800975e-08,1.603193e-07,3.074020e-08,2.102840e-08,2.659904e-08
38.525390,4.074745e-07,1.683125e-07,3.740816e-06,9.681506e-07,3.311806e-06,2.642320e-07,2.379330e-06,9.183986e-07,4.128135e-06,5.588511e-07,5.270053e-07,3.137327e-07,4.824804e-07,6.113112e-07,3.596765e-07,9.214967e-07,2.883246e-08,2.633927e-08,2.385760e-08,1.596797e-07,9.220001e-08,1.560588e-07,3.526529e-08,2.172716e-08,1.039246e-08
38.549800,4.027039e-07,1.657413e-07,3.674136e-06,9.557622e-07,3.282165e-06,2.611329e-07,2.340985e-06,9.272007e-07,3.975496e-06,5.538288e-07,5.212932e-07,3.025399e-07,4.716343e-07,6.188326e-07,3.366177e-07,9.314024e-07,2.877309e-08,3.057000e-08,2.737262e-08,1.039639e-07,9.308984e-08,1.439772e-07,3.853448e-08,6.045052e-08,4.349362e-08
38.574220,3.951346e-07,1.619064e-07,3.660847e-06,9.315181e-07,3.298812e-06,2.580087e-07,2.341350e-06,9.103063e-07,4.031646e-06,5.630743e-07,5.336215e-07,2.941675e-07,4.349399e-07,6.254964e-07,3.303162e-07,9.831217e-07,2.824020e-08,2.986686e-08,3.089855e-08,8.336181e-08,8.694169e-08,1.394173e-07,4.092140e-08,9.941821e-08,8.195673e-08
38.598630,3.913686e-07,1.592920e-07,3.632024e-06,9.164670e-07,3.263368e-06,2.499508e-07,2.353540e-06,9.059653e-07,4.074410e-06,5.464232e-07,5.329236e-07,3.098248e-07,4.400032e-07,6.282475e-07,3.421567e-07,9.204037e-07,2.609548e-08,2.881484e-08,3.637055e-08,1.019635e-07,7.777430e-08,1.423450e-07,4.093019e-08,1.327408e-07,1.131295e-07
38.623050,3.867121e-07,1.587337e-07,3.615306e-06,9.040442e-07,3.231769e-06,2.434310e-07,2.372267e-06,8.934747e-07,3.937806e-06,5.267874e-07,5.086955e-07,3.100023e-07,4.541530e-07,6.722604e-07,3.342386e-07,7.840548e-07,2.480279e-08,3.282293e-08,4.143368e-08,1.122805e-07,7.031273e-08,1.496700e-07,3.973360e-08,1.596931e-07,1.345347e-07
38.647460,3.820117e-07,1.584510e-07,3.626822e-06,8.934006e-07,3.217377e-06,2.435477e-07,2.345194e-06,8.985922e-07,3.876669e-06,5.316060e-07,5.139742e-07,2.988452e-07,4.277674e-07,6.962578e-07,3.135405e-07,7.101003e-07,2.398114e-08,3.736037e-08,4.393581e-08,1.285427e-07,6.415638e-08,1.523103e-07,3.619208e-08,1.791089e-07,1.447524e-07
38.671880,3.769163e-07,1.582031e-07,3.615485e-06,8.747126e-07,3.241987e-06,2.366616e-07,2.329702e-06,8.953170e-07,3.824938e-06,5.243823e-07,5.223210e-07,2.882956e-07,4.047764e-07,6.607721e-07,3.014085e-07,6.415114e-07,2.084365e-08,3.716413e-08,4.315423e-08,1.888501e-07,6.146908e-08,1.463401e-07,3.279038e-08,1.896773e-07,1.423542e-07
38.696290,3.758184e-07,1.576924e-07,3.618960e-06,8.657204e-07,3.256059e-06,2.295008e-07,2.375549e-06,8.552224e-07,3.838561e-06,5.160283e-07,5.084121e-07,2.735831e-07,3.918049e-07,6.476411e-07,2.842618e-07,5.687613e-07,1.616859e-08,3.787440e-08,4.275477e-08,2.413465e-07,5.775594e-08,1.392299e-07,2.833661e-08,1.877856e-07,1.325610e-07
38.720700,3.794362e-07,1.604747e-07,3.673232e-06,8.727173e-07,3.279713e-06,2.300493e-07,2.374172e-06,8.677918e-07,3.942201e-06,5.145432e-07,5.065315e-07,2.740489e-07,3.707088e-07,6.846539e-07,2.693879e-07,5.675850e-07,1.568561e-08,3.962978e-08,4.504558e-08,2.800982e-07,5.425205e-08,1.263742e-07,2.420222e-08,1.774103e-07,1.218951e-07
38.745120,3.811669e-07,1.616271e-07,3.758445e-06,8.631547e-07,3.352912e-06,2.308875e-07,2.367983e-06,8.987117e-07,3.866557e-06,5.092802e-07,5.016934e-07,2.854034e-07,3.719346e-07,6.814139e-07,2.717808e-07,5.857418e-07,1.737938e-08,3.927105e-08,4.573660e-08,3.034259e-07,4.891809e-08,1.107027e-07,2.117286e-08,1.527612e-07,1.043156e-07
38.769530,3.867990e-07,1.622239e-07,3.814290e-06,8.603848e-07,3.393834e-06,2.348891e-07,2.406137e-06,9.049105e-07,3.893581e-06,5.298732e-07,5.095760e-07,2.776900e-07,3.891888e-07,6.733920e-07,2.724629e-07,5.373831e-07,1.698828e-08,3.567866e-08,4.377355e-08,3.491146e-07,4.221981e-08,8.638799e-08,1.959504e-08,1.211392e-07,8.752042e-08
38.793950,3.899400e-07,1.635849e-07,3.840082e-06,8.587141e-07,3.392307e-06,2.355884e-07,2.431490e-06,9.072888e-07,4.018358e-06,5.399604e-07,5.360723e-07,2.602057e-07,3.749286e-07,6.857716e-07,2.429591e-07,4.733319e-07,1.684391e-08,3.323412e-08,4.047141e-08,3.927412e-07,3.243881e-08,6.095704e-08,2.084381e-08,8.277269e-08,6.512700e-08
38.818360,3.912291e-07,1.635836e-07,3.896633e-06,8.514841e-07,3.413089e-06,2.403338e-07,2.452062e-06,9.067823e-07,3.997110e-06,5.303757e-07,5.272969e-07,2.668525e-07,3.668543e-07,6.565792e-07,2.330015e-07,5.562223e-07,1.957806e-08,3.436728e-08,3.982628e-08,4.159541e-07,1.811343e-08,4.545540e-08,2.093289e-08,4.377418e-08,4.548835e-08
38.842770,3.928852e-07,1.634498e-07,3.922815e-06,8.437342e-07,3.427367e-06,2.477373e-07,2.412494e-06,9.228426e-07,3.988351e-06,5.376889e-07,5.127047e-07,2.779435e-07,3.968206e-07,6.352473e-07,2.568240e-07,6.388408e-07,2.154279e-08,3.494587e-08,3.829511e-08,4.156437e-07,4.232259e-09,4.676975e-08,2.012638e-08,8.597715e-09,3.272975e-08
38.867190,3.951021e-07,1.634245e-07,3.945778e-06,8.357436e-07,3.451284e-06,2.481166e-07,2.411630e-06,9.516019e-07,4.037717e-06,5.458230e-07,5.286601e-07,2.795485e-07,4.104690e-07,6.701596e-07,2.653034e-07,6.668218e-07,2.198979e-08,3.155155e-08,3.358812e-08,4.069698e-07,2.176290e-08,5.766145e-08,1.654061e-08,2.621124e-08,3.167619e-08
38.891600,3.975056e-07,1.643003e-07,3.983023e-06,8.401841e-07,3.442553e-06,2.511406e-07,2.465652e-06,9.384411e-07,4.116295e-06,5.462088e-07,5.362725e-07,2.890339e-07,4.180707e-07,6.625818e-07,2.838413e-07,7.063158e-07,2.498968e-08,2.766064e-08,2.649271e-08,4.127750e-07,3.804726e-08,6.932353e-08,1.239616e-08,5.667396e-08,2.997004e-08
38.916020,3.981594e-07,1.650981e-07,4.032439e-06,8.345140e-07,3.462396e-06,2.572082e-07,2.462913e-06,9.278041e-07,4.251836e-06,5.486590e-07,5.379603e-07,2.874827e-07,4.385057e-07,6.125631e-07,3.094324e-07,7.647935e-07,2.928704e-08,2.692988e-08,2.110528e-08,4.156429e-07,5.353731e-08,8.519343e-08,6.228736e-09,7.957016e-08,2.325111e-08
38.940430,4.059844e-07,1.651915e-07,4.094489e-06,8.311561e-07,3.506765e-06,2.614992e-07,2.483574e-06,9.626151e-07,4.234408e-06,5.445979e-07,5.391872e-07,2.868999e-07,4.325923e-07,5.984878e-07,3.117798e-07,7.630891e-07,3.102553e-08,2.527034e-08,1.717837e-08,3.981066e-07,6.427588e-08,9.978267e-08,4.969803e-09,9.437886e-08,2.643958e-08
38.964840,4.140507e-07,1.677421e-07,4.125592e-06,8.466801e-07,3.482468e-06,2.656066e-07,2.545796e-06,9.663133e-07,4.142813e-06,5.536017e-07,5.343028e-07,3.120920e-07,4.364212e-07,5.966865e-07,3.237170e-07,7.715596e-07,2.941714e-08,2.267872e-08,1.231864e-08,3.601740e-07,7.333375e-08,1.215154e-07,1.250308e-08,9.347742e-08,4.045523e-08
38.989260,4.197878e-07,1.687727e-07,4.205177e-06,8.570206e-07,3.478161e-06,2.664011e-07,2.590197e-06,9.596153e-07,4.286830e-06,5.734934e-07,5.560773e-07,3.245424e-07,4.688828e-07,5.918106e-07,3.663679e-07,8.805447e-07,3.020241e-08,2.470827e-08,4.815778e-09,3.255069e-07,7.963619e-08,1.370115e-07,2.123915e-08,8.076690e-08,6.092625e-08
39.013670,4.302468e-07,1.687248e-07,4.265056e-06,8.647710e-07,3.505411e-06,2.719322e-07,2.631514e-06,9.607899e-07,4.340041e-06,5.610928e-07,5.717103e-07,3.139891e-07,4.768589e-07,6.301333e-07,3.882473e-07,9.448245e-07,3.232127e-08,2.866092e-08,4.230440e-09,3.035226e-07,8.138172e-08,1.577849e-07,2.944754e-08,5.875456e-08,7.210273e-08
39.038090,4.420512e-07,1.690283e-07,4.288458e-06,8.707560e-07,3.509046e-06,2.785079e-07,2.629041e-06,9.624353e-07,4.251910e-06,5.532689e-07,5.597605e-07,3.206336e-07,4.541145e-07,6.358139e-07,3.824381e-07,9.077859e-07,3.160386e-08,2.805017e-08,9.880263e-09,2.836607e-07,8.426288e-08,1.768225e-07,3.553888e-08,4.262253e-08,7.945881e-08
39.062500,4.539745e-07,1.693478e-07,4.343294e-06,8.794532e-07,3.503295e-06,2.766998e-07,2.661912e-06,9.877898e-07,4.244160e-06,5.681547e-07,5.605650e-07,3.397429e-07,4.439327e-07,6.023165e-07,3.909721e-07,8.253366e-07,3.004812e-08,2.604722e-08,1.357775e-08,2.320646e-07,8.260664e-08,1.982905e-07,3.960529e-08,5.690738e-08,8.362361e-08
39.086910,4.622337e-07,1.688399e-07,4.374701e-06,8.908591e-07,3.462928e-06,2.789828e-07,2.719649e-06,9.766240e-07,4.224998e-06,5.691989e-07,5.798407e-07,3.464994e-07,4.502641e-07,6.342624e-07,4.023694e-07,8.275888e-07,3.091616e-08,2.827632e-08,1.975846e-08,1.804363e-07,8.428657e-08,2.138061e-07,4.002916e-08,8.471540e-08,9.105015e-08
39.111330,4.736367e-07,1.672653e-07,4.375848e-06,8.892348e-07,3.477093e-06,2.838012e-07,2.681113e-06,9.484497e-07,4.315375e-06,5.711808e-07,5.837732e-07,3.541178e-07,4.418748e-07,6.995035e-07,3.901025e-07,8.195459e-07,3.027455e-08,3.306891e-08,2.785045e-08,1.336550e-07,8.712758e-08,2.202961e-07,3.899300e-08,1.185980e-07,1.009690e-07
39.135740,4.806335e-07,1.679210e-07,4.322816e-06,9.040872e-07,3.468498e-06,2.862205e-07,2.660778e-06,9.741349e-07,4.362981e-06,5.649177e-07,5.825352e-07,3.483500e-07,4.459440e-07,7.174721e-07,3.955653e-07,7.948659e-07,2.589639e-08,3.375798e-08,3.360734e-08,1.089440e-07,9.180709e-08,2.200053e-07,3.525984e-08,1.469496e-07,1.077792e-07
39.160160,4.835185e-07,1.674425e-07,4.313455e-06,9.164160e-07,3.439915e-06,2.888777e-07,2.683034e-06,1.000777e-06,4.266542e-06,5.620715e-07,5.735976e-07,3.279513e-07,4.497090e-07,7.203590e-07,3.972475e-07,8.277892e-07,2.117818e-08,3.500384e-08,3.641218e-08,5.812999e-08,9.168879e-08,2.067106e-07,3.111542e-08,1.743897e-07,1.123222e-07
39.184570,4.904588e-07,1.679510e-07,4.304190e-06,9.202586e-07,3.481686e-06,2.889253e-07,2.674715e-06,1.004944e-06,4.327973e-06,5.824995e-07,5.674605e-07,3.328876e-07,4.124047e-07,7.487476e-07,3.673192e-07,8.413461e-07,1.975404e-08,3.902344e-08,3.830445e-08,1.611589e-08,8.671671e-08,1.934663e-07,2.738180e-08,1.911065e-07,1.168530e-07
39.208980,4.948048e-07,1.709162e-07,4.264087e-06,9.290222e-07,3.507956e-06,2.925635e-07,2.650647e-06,1.009537e-06,4.433093e-06,5.870702e-07,5.970764e-07,3.457557e-07,3.972980e-07,7.496058e-07,3.430297e-07,7.584289e-07,1.841928e-08,4.093409e-08,4.153251e-08,9.647680e-08,7.859066e-08,1.728236e-07,2.502964e-08,1.989246e-07,1.231810e-07
39.233400,4.981830e-07,1.740648e-07,4.281607e-06,9.390428e-07,3.537575e-06,2.960998e-07,2.599251e-06,1.009036e-06,4.378096e-06,5.768301e-07,6.046600e-07,3.295648e-07,4.183594e-07,7.514832e-07,3.449699e-07,6.715730e-07,1.544776e-08,3.750747e-08,4.381679e-08,1.652187e-07,6.829243e-08,1.544470e-07,2.612640e-08,1.920899e-07,1.359524e-07
39.257810,5.001852e-07,1.774334e-07,4.302356e-06,9.522304e-07,3.555105e-06,2.920783e-07,2.600640e-06,1.035050e-06,4.367413e-06,5.845891e-07,5.833878e-07,3.153267e-07,4.132362e-07,7.931903e-07,3.391355e-07,7.466596e-07,1.356495e-08,3.579334e-08,4.339565e-08,2.122840e-07,5.735138e-08,1.365794e-07,2.774479e-08,1.745006e-07,1.423366e-07
39.282230,5.051502e-07,1.806062e-07,4.344209e-06,9.494970e-07,3.617776e-06,2.962101e-07,2.658550e-06,1.056294e-06,4.398697e-06,5.881664e-07,5.876645e-07,3.110307e-07,4.040921e-07,7.779733e-07,3.186525e-07,8.106686e-07,1.368019e-08,3.828025e-08,4.110276e-08,2.791434e-07,4.204628e-08,1.215329e-07,2.910071e-08,1.525537e-07,1.444004e-07
39.306640,5.074641e-07,1.853093e-07,4.379808e-06,9.537259e-07,3.682897e-06,3.009962e-07,2.639153e-06,1.026019e-06,4.485132e-06,5.862494e-07,5.958733e-07,3.052037e-07,4.171003e-07,7.213406e-07,3.092289e-07,7.942150e-07,1.348448e-08,3.838064e-08,4.010559e-08,3.520214e-07,2.752836e-08,1.133991e-07,2.796711e-08,1.337763e-07,1.373286e-07
39.331050,5.053954e-07,1.878617e-07,4.465775e-06,9.649844e-07,3.680820e-06,3.022646e-07,2.689355e-06,1.033196e-06,4.643929e-06,5.863037e-07,5.991742e-07,3.143256e-07,4.248109e-07,7.348269e-07,2.909173e-07,8.188613e-07,1.519253e-08,3.398518e-08,4.012751e-08,4.228733e-07,1.625083e-08,1.086341e-07,2.499598e-08,1.156589e-07,1.274331e-07
39.355470,5.096401e-07,1.897090e-07,4.570325e-06,9.563949e-07,3.754026e-06,3.037177e-07,2.769710e-06,1.064883e-06,4.573966e-06,5.747526e-07,5.985433e-07,3.168995e-07,4.443207e-07,7.552063e-07,2.712254e-07,8.720991e-07,2.129374e-08,3.030222e-08,3.848343e-08,4.486514e-07,1.746799e-08,9.945079e-08,1.885851e-08,1.030505e-07,1.152712e-07
39.379880,5.115954e-07,1.933402e-07,4.631647e-06,9.502614e-07,3.830256e-06,3.025528e-07,2.815523e-06,1.058162e-06,4.503366e-06,5.847311e-07,5.887247e-07,2.969252e-07,4.901625e-07,7.420639e-07,2.967734e-07,8.501073e-07,2.617286e-08,2.872473e-08,3.323278e-08,4.525803e-07,2.120827e-08,7.728500e-08,1.143768e-08,8.563817e-08,1.008322e-07
39.404300,5.117042e-07,1.957030e-07,4.744336e-06,9.392477e-07,3.870591e-06,3.085322e-07,2.867434e-06,1.051510e-06,4.657865e-06,6.021467e-07,5.968319e-07,3.019761e-07,4.975337e-07,7.322149e-07,3.257960e-07,8.438073e-07,2.783761e-08,2.532740e-08,2.789249e-08,4.612365e-07,2.286950e-08,4.773370e-08,3.347983e-09,7.271837e-08,8.011242e-08
39.428710,5.116609e-07,1.974891e-07,4.822057e-06,9.311106e-07,3.904564e-06,3.094619e-07,2.890651e-06,1.050433e-06,4.673914e-06,5.859465e-07,6.232455e-07,3.237683e-07,4.821720e-07,7.096647e-07,3.151438e-07,9.552731e-07,3.050115e-08,2.163668e-08,2.407405e-08,4.778783e-07,2.776194e-08,1.635717e-08,4.513932e-09,6.052182e-08,5.227565e-08
39.453120,5.124675e-07,1.987594e-07,4.851474e-06,9.223063e-07,3.940803e-06,3.058752e-07,2.993882e-06,1.058958e-06,4.589080e-06,5.788313e-07,6.187427e-07,3.244372e-07,5.187468e-07,6.646025e-07,3.192867e-07,1.005359e-06,3.466309e-08,2.400150e-08,2.142012e-08,4.673303e-07,4.054931e-08,2.970269e-08,1.236012e-08,5.253308e-08,2.474526e-08
39.477540,5.131590e-07,2.008861e-07,4.877574e-06,9.132668e-07,4.022434e-06,3.101952e-07,3.067261e-06,1.083875e-06,4.583393e-06,5.915605e-07,6.071662e-07,3.197023e-07,5.521409e-07,6.933099e-07,3.578480e-07,9.442419e-07,3.716165e-08,2.847959e-08,1.549830e-08,4.249635e-07,5.875368e-08,6.966870e-08,1.905932e-08,4.136322e-08,4.305224e-08
39.501950,5.102634e-07,2.021676e-07,4.910818e-06,9.233875e-07,4.052956e-06,3.125842e-07,3.055014e-06,1.062038e-06,4.575815e-06,5.930847e-07,6.257153e-07,3.218891e-07,5.499491e-07,7.491788e-07,3.752948e-07,8.684617e-07,3.759388e-08,2.876891e-08,9.057974e-09,3.755989e-07,7.572078e-08,1.098076e-07,2.492453e-08,2.336612e-08,7.687336e-08
39.526370,5.133546e-07,2.028579e-07,4.956738e-06,9.249369e-07,4.106678e-06,3.138463e-07,3.113815e-06,1.043211e-06,4.680899e-06,5.953934e-07,6.341060e-07,3.272041e-07,5.521965e-07,7.224808e-07,3.914204e-07,9.032476e-07,3.900204e-08,2.900673e-08,8.539659e-09,3.452662e-07,9.578538e-08,1.478781e-07,2.877101e-08,7.807227e-09,1.031288e-07
39.550780,5.141587e-07,2.050887e-07,4.945612e-06,9.288673e-07,4.201647e-06,3.155253e-07,3.173757e-06,1.086430e-06,4.728523e-06,5.903155e-07,6.410622e-07,3.455456e-07,5.415753e-07,7.105113e-07,4.237802e-07,9.123075e-07,4.119089e-08,3.181276e-08,1.092315e-08,3.163269e-07,1.151948e-07,1.784359e-07,3.206537e-08,2.615486e-08,1.237377e-07
39.575200,5.108071e-07,2.056153e-07,4.972543e-06,9.474563e-07,4.219748e-06,3.154388e-07,3.186855e-06,1.106710e-06,4.613474e-06,5.864424e-07,6.365519e-07,3.659392e-07,5.156830e-07,7.548632e-07,4.252349e-07,8.922722e-07,4.121074e-08,3.575957e-08,1.251341e-08,2.787008e-07,1.329681e-07,1.995269e-07,3.517885e-08,4.935595e-08,1.368180e-07
39.599610,5.115749e-07,2.050575e-07,5.025702e-06,9.626425e-07,4.231998e-06,3.196625e-07,3.184476e-06,1.119376e-06,4.741396e-06,6.114599e-07,6.156372e-07,3.527561e-07,5.218656e-07,7.732244e-07,4.170097e-07,9.364528e-07,3.738102e-08,3.716438e-08,1.938948e-08,2.203203e-07,1.440805e-07,2.065762e-07,3.885894e-08,6.764726e-08,1.404213e-07
39.624020,5.132283e-07,2.052970e-07,5.039078e-06,9.772436e-07,4.241527e-06,3.164538e-07,3.152824e-06,1.124594e-06,4.852826e-06,6.132572e-07,6.349376e-07,3.389855e-07,5.359348e-07,8.122943e-07,4.438370e-07,9.507391e-07,3.423609e-08,3.977936e-08,2.830846e-08,1.787447e-07,1.461286e-07,2.102285e-07,4.322031e-08,8.645555e-08,1.380001e-07
39.648440,5.154777e-07,2.057616e-07,5.091236e-06,9.831751e-07,4.245064e-06,3.137766e-07,3.209030e-06,1.128745e-06,4.793746e-06,6.055945e-07,6.643794e-07,3.567394e-07,5.019455e-07,8.616089e-07,4.639142e-07,8.271515e-07,3.358328e-08,4.484713e-08,3.402944e-08,1.735961e-07,1.417842e-07,2.047592e-07,4.641253e-08,1.047390e-07,1.244517e-07
39.672850,5.155616e-07,2.059226e-07,5.146756e-06,9.942508e-07,4.222643e-06,3.198873e-07,3.239671e-06,1.173969e-06,4.825857e-06,6.189327e-07,6.492048e-07,3.613856e-07,4.707796e-07,8.504069e-07,4.441546e-07,7.672889e-07,3.174877e-08,4.752997e-08,3.776953e-08,1.472885e-07,1.301774e-07,2.037491e-07,4.953164e-08,1.256236e-07,1.104339e-07
39.697270,5.226951e-07,2.046151e-07,5.193026e-06,1.001395e-06,4.159617e-06,3.214907e-07,3.217795e-06,1.177076e-06,4.834762e-06,6.186828e-07,6.436999e-07,3.556273e-07,4.708163e-07,8.409100e-07,4.282345e-07,8.912207e-07,2.712739e-08,4.546219e-08,4.227401e-08,1.077863e-07,1.189745e-07,1.974268e-07,5.041684e-08,1.412363e-07,1.151712e-07
39.721680,5.305778e-07,2.057147e-07,5.195214e-06,9.871775e-07,4.171432e-06,3.216851e-07,3.276447e-06,1.158517e-06,5.000541e-06,6.212649e-07,6.587700e-07,3.555894e-07,4.566632e-07,8.969831e-07,4.287307e-07,9.338934e-07,2.333081e-08,4.464146e-08,4.770209e-08,1.000091e-07,1.029030e-07,1.849781e-07,5.029521e-08,1.499448e-07,1.440129e-07
39.746090,5.334238e-07,2.057246e-07,5.205001e-06,9.805586e-07,4.171100e-06,3.216059e-07,3.311711e-06,1.186996e-06,5.144851e-06,6.163832e-07,6.593523e-07,3.404473e-07,4.456326e-07,9.152650e-07,4.150991e-07,9.124444e-07,2.075313e-08,4.713339e-08,5.172129e-08,1.524358e-07,8.948019e-08,1.741799e-07,4.788081e-08,1.555996e-07,1.848674e-07
39.770510,5.423467e-07,2.037521e-07,5.253908e-06,9.753616e-07,4.130711e-06,3.227590e-07,3.304964e-06,1.205100e-06,5.015384e-06,6.041304e-07,6.695729e-07,3.416419e-07,4.462739e-07,8.666505e-07,4.217469e-07,9.472504e-07,1.607943e-08,4.834626e-08,5.158614e-08,2.024057e-07,7.407325e-08,1.589953e-07,4.408801e-08,1.547688e-07,2.218055e-07
39.794920,5.506277e-07,2.031599e-07,5.226493e-06,9.653925e-07,4.163457e-06,3.274992e-07,3.297088e-06,1.208226e-06,5.012145e-06,6.240903e-07,6.563049e-07,3.626040e-07,4.233170e-07,8.412070e-07,4.405391e-07,9.665725e-07,9.126034e-09,4.512545e-08,5.034721e-08,2.509307e-07,6.312956e-08,1.475967e-07,3.729104e-08,1.573808e-07,2.466034e-07
39.819340,5.575437e-07,2.022718e-07,5.244608e-06,9.606417e-07,4.214588e-06,3.251067e-07,3.292586e-06,1.200238e-06,5.138736e-06,6.362171e-07,6.471911e-07,3.600728e-07,4.150071e-07,8.212180e-07,4.140919e-07,9.281186e-07,1.040976e-08,4.160132e-08,5.009357e-08,3.334805e-07,5.658036e-08,1.219876e-07,2.917029e-08,1.583918e-07,2.594682e-07
39.843750,5.588142e-07,2.002408e-07,5.277886e-06,9.516471e-07,4.286541e-06,3.226556e-07,3.333057e-06,1.177877e-06,5.122471e-06,6.183831e-07,6.782737e-07,3.431431e-07,4.537006e-07,7.751136e-07,3.824208e-07,9.789968e-07,1.409619e-08,3.944589e-08,5.077469e-08,4.247531e-07,5.040777e-08,9.341909e-08,2.106020e-08,1.550541e-07,2.562959e-07
39.868160,5.605586e-07,1.973417e-07,5.300021e-06,9.536343e-07,4.335755e-06,3.256627e-07,3.312287e-06,1.199753e-06,5.096311e-06,6.138787e-07,6.786257e-07,3.504897e-07,4.760498e-07,7.719487e-07,3.934224e-07,1.082614e-06,1.507785e-08,3.618856e-08,4.794079e-08,4.888249e-07,4.170054e-08,5.534187e-08,1.435944e-08,1.439903e-07,2.474501e-07
39.892580,5.593171e-07,1.963145e-07,5.311566e-06,9.464504e-07,4.401234e-06,3.220133e-07,3.240327e-06,1.202549e-06,5.006078e-06,6.158863e-07,6.618456e-07,3.641680e-07,4.628565e-07,7.692753e-07,4.048857e-07,1.097138e-06,1.846226e-08,2.832713e-08,4.211324e-08,5.295769e-07,2.584424e-08,2.116907e-08,1.296669e-08,1.249578e-07,2.214148e-07
39.916990,5.517241e-07,1.951588e-07,5.339064e-06,9.470113e-07,4.483423e-06,3.195937e-07,3.267553e-06,1.144995e-06,4.999747e-06,6.216674e-07,6.608074e-07,3.673287e-07,4.767663e-07,6.991744e-07,3.928225e-07,9.986998e-07,2.373341e-08,2.119619e-08,3.613636e-08,5.481848e-07,1.767669e-08,2.517019e-08,1.427666e-08,9.976031e-08,1.877143e-07
39.941410,5.506578e-07,1.931197e-07,5.423821e-06,9.598320e-07,4.468996e-06,3.179755e-07,3.270928e-06,1.138106e-06,5.171330e-06,6.264436e-07,6.609225e-07,3.684631e-07,4.990053e-07,6.411932e-07,3.977778e-07,9.677140e-07,2.700418e-08,2.129006e-08,3.323456e-08,5.804471e-07,2.078560e-08,5.217478e-08,1.753941e-08,7.560486e-08,1.439488e-07
39.965820,5.495557e-07,1.944708e-07,5.456586e-06,9.591156e-07,4.475756e-06,3.149837e-07,3.239464e-06,1.160150e-06,5.091961e-06,6.057572e-07,6.727939e-07,3.584752e-07,5.068508e-07,6.647797e-07,3.946388e-07,1.018056e-06,2.925505e-08,1.959999e-08,2.858219e-08,6.019446e-07,3.171110e-08,7.531839e-08,1.900148e-08,4.739481e-08,9.828388e-08
