1634,25,3,11.445000,8.25,1,2,2
freq,site_01,site_02,site_03,site_04,site_05,site_06,site_07,site_08,site_09,site_10,site_11,site_12,site_13,site_14,site_15,site_16,site_17,site_18,site_19,site_20,site_21,site_22,site_23,site_24,site_25
0.097656,1.951581e-07,5.042846e-07,1.189297e-06,1.407987e-06,1.293072e-06,1.416591e-06,1.066596e-06,1.326313e-06,2.264918e-06,1.504114e-06,1.494347e-06,1.335160e-06,1.466208e-06,3.456910e-06,7.885423e-07,7.326443e-07,1.002488e-06,1.366629e-06,3.613784e-06,1.107837e-06,1.632017e-06,6.304027e-07,8.728693e-07,9.011472e-07,5.524626e-07
0.122070,2.663571e-07,7.612469e-07,1.321696e-06,1.609933e-06,1.455590e-06,1.434624e-06,1.366435e-06,1.416952e-06,2.275920e-06,1.789679e-06,1.138204e-06,1.471828e-06,1.744708e-06,4.098544e-06,9.245275e-07,1.208397e-06,1.381799e-06,2.160893e-06,2.459703e-06,1.251103e-06,1.960843e-06,6.433171e-07,1.108862e-06,8.820772e-07,7.483020e-07
0.146484,3.981273e-07,1.347375e-06,1.742988e-06,2.283610e-06,1.794497e-06,1.743883e-06,2.357200e-06,1.756329e-06,3.008222e-06,2.607775e-06,1.522449e-06,2.009161e-06,2.544582e-06,5.855378e-06,1.303166e-06,2.375679e-06,2.110249e-06,3.870943e-06,2.021362e-06,1.770030e-06,2.506135e-06,7.822098e-07,1.555005e-06,1.000051e-06,1.168678e-06
0.170898,4.748177e-07,1.885475e-06,2.080489e-06,2.679485e-06,2.063664e-06,1.910734e-06,3.223971e-06,1.878757e-06,3.737414e-06,3.289471e-06,2.073563e-06,2.410425e-06,2.938970e-06,7.149659e-06,1.529188e-06,3.146816e-06,2.302541e-06,4.297590e-06,1.502001e-06,2.055416e-06,2.461740e-06,8.790096e-07,1.575494e-06,9.605331e-07,1.393550e-06
0.195312,5.557728e-07,2.387706e-06,2.530071e-06,2.892482e-06,2.550063e-06,2.170443e-06,3.897826e-06,1.921195e-06,4.498493e-06,3.683752e-06,2.524129e-06,2.602948e-06,2.806180e-06,7.598540e-06,1.637087e-06,3.242250e-06,2.124315e-06,3.637063e-06,1.157363e-06,2.138649e-06,2.216431e-06,1.029483e-06,1.365227e-06,8.638752e-07,1.372930e-06
0.219727,6.619519e-07,2.758209e-06,3.062395e-06,2.948139e-06,3.233879e-06,2.670433e-06,4.555395e-06,2.044210e-06,5.445185e-06,3.951656e-06,2.821232e-06,2.555880e-06,2.294089e-06,6.921350e-06,1.645232e-06,2.959420e-06,1.895787e-06,2.844235e-06,9.823514e-07,2.123150e-06,1.892493e-06,1.175293e-06,1.060040e-06,7.283604e-07,1.132470e-06
0.244141,7.174361e-07,2.638448e-06,3.237945e-06,2.539106e-06,3.489766e-06,2.966298e-06,4.495853e-06,1.988477e-06,5.734645e-06,3.676942e-06,2.727424e-06,2.279669e-06,1.660657e-06,5.380750e-06,1.511035e-06,2.280072e-06,1.503631e-06,1.937532e-06,7.886136e-07,1.751885e-06,1.385427e-06,1.118594e-06,7.015538e-07,5.679163e-07,7.932931e-07
0.268555,8.088601e-07,2.483582e-06,3.477216e-06,2.226278e-06,3.696507e-06,3.369650e-06,4.388534e-06,1.964796e-06,5.767494e-06,3.314902e-06,2.560873e-06,2.113316e-06,1.321959e-06,4.410186e-06,1.560407e-06,1.786384e-06,1.150789e-06,1.227127e-06,6.134304e-07,1.380267e-06,1.050231e-06,1.032092e-06,4.747314e-07,4.597520e-07,5.455146e-07
0.292969,9.977376e-07,2.517066e-06,4.057615e-06,2.192383e-06,4.174732e-06,4.315406e-06,4.819465e-06,2.256990e-06,6.350668e-06,3.318639e-06,2.674484e-06,2.121732e-06,1.206666e-06,3.970087e-06,1.845681e-06,1.572859e-06,9.151987e-07,7.840889e-07,4.919713e-07,1.123119e-06,9.063940e-07,1.025188e-06,3.708419e-07,4.463671e-07,4.403567e-07
0.317383,1.005682e-06,2.110308e-06,3.867478e-06,1.829168e-06,3.783345e-06,4.554403e-06,4.433578e-06,2.283501e-06,5.884263e-06,2.821411e-06,2.425969e-06,1.738929e-06,9.117405e-07,2.822348e-06,1.694352e-06,1.166660e-06,5.897877e-07,3.920528e-07,2.883632e-07,7.239426e-07,7.323366e-07,9.118609e-07,2.747331e-07,4.087263e-07,3.341777e-07
0.341797,1.067103e-06,1.915948e-06,3.885406e-06,1.667303e-06,3.568495e-06,4.969975e-06,4.322121e-06,2.535691e-06,5.785224e-06,2.551900e-06,2.390968e-06,1.478681e-06,7.410677e-07,2.088481e-06,1.571474e-06,8.727979e-07,3.537637e-07,1.738597e-07,1.879183e-07,6.194780e-07,6.939285e-07,9.134171e-07,2.381197e-07,4.301471e-07,2.939275e-07
0.366211,9.866305e-07,1.568939e-06,3.407549e-06,1.367078e-06,2.907333e-06,4.441617e-06,3.536488e-06,2.426935e-06,4.823050e-06,1.963834e-06,2.079575e-06,1.081858e-06,5.281055e-07,1.327253e-06,1.222065e-06,5.345674e-07,8.690972e-08,1.467423e-08,1.907322e-07,5.562926e-07,5.936187e-07,8.186066e-07,1.917956e-07,3.804977e-07,2.167445e-07
0.390625,9.217103e-07,1.343530e-06,3.038010e-06,1.195304e-06,2.455654e-06,3.933455e-06,2.926576e-06,2.260980e-06,3.871034e-06,1.460757e-06,1.802650e-06,8.955406e-07,4.252679e-07,9.272219e-07,9.439338e-07,3.532986e-07,1.206274e-07,7.368293e-08,2.142682e-07,5.183419e-07,5.093037e-07,7.178250e-07,1.518652e-07,2.825975e-07,1.356153e-07
0.415039,1.494985e-06,2.055205e-06,4.690169e-06,1.860048e-06,3.619445e-06,6.095562e-06,4.368985e-06,3.825648e-06,5.588337e-06,1.961716e-06,2.712167e-06,1.413264e-06,7.541798e-07,1.441931e-06,1.539192e-06,5.075754e-07,3.659735e-07,1.813998e-07,4.078822e-07,8.703278e-07,6.741037e-07,9.432030e-07,1.803133e-07,2.969031e-07,1.217642e-07
0.439453,1.726719e-06,2.292717e-06,5.174700e-06,2.098017e-06,3.812814e-06,6.415564e-06,4.529487e-06,4.850987e-06,6.171432e-06,2.059280e-06,3.229712e-06,1.500614e-06,9.250237e-07,1.593209e-06,1.984223e-06,9.488738e-07,5.630718e-07,2.403689e-07,5.445372e-07,1.033426e-06,5.857768e-07,8.197984e-07,1.438077e-07,9.611353e-08,2.205865e-08
0.463867,1.614234e-06,2.109834e-06,4.677292e-06,2.009478e-06,3.392733e-06,5.528668e-06,3.888613e-06,4.941346e-06,5.566823e-06,1.809382e-06,3.329832e-06,1.367883e-06,8.565947e-07,1.318404e-06,1.821456e-06,1.355953e-06,7.429605e-07,2.839408e-07,5.253125e-07,9.272762e-07,4.147380e-07,5.799596e-07,9.723895e-08,2.170834e-07,8.471878e-08
0.488281,1.438361e-06,1.874959e-06,4.070553e-06,1.887103e-06,2.956128e-06,4.659109e-06,3.313660e-06,4.810291e-06,4.815476e-06,1.552998e-06,3.179361e-06,1.331360e-06,8.584006e-07,1.175131e-06,1.612323e-06,1.493945e-06,8.759142e-07,3.250306e-07,4.716819e-07,7.530311e-07,3.641667e-07,5.758537e-07,1.096629e-07,4.346197e-07,1.503072e-07
0.512695,1.140658e-06,1.495786e-06,3.188271e-06,1.606811e-06,2.338062e-06,3.451927e-06,2.497817e-06,3.998521e-06,3.605764e-06,1.181560e-06,2.595665e-06,1.082086e-06,7.769890e-07,9.767095e-07,1.348521e-06,1.180237e-06,7.258226e-07,2.764355e-07,3.587979e-07,4.801050e-07,2.874050e-07,4.995376e-07,1.018406e-07,4.272558e-07,1.366624e-07
0.537109,1.242062e-06,1.647589e-06,3.471729e-06,1.900486e-06,2.577216e-06,3.545645e-06,2.634759e-06,4.544523e-06,3.738336e-06,1.275747e-06,2.945690e-06,1.284331e-06,9.967909e-07,1.164585e-06,1.594600e-06,1.377455e-06,8.506775e-07,3.339597e-07,4.429928e-07,5.412121e-07,3.847288e-07,6.813428e-07,1.412046e-07,5.581132e-07,1.686392e-07
0.561523,1.914939e-06,2.577576e-06,5.435853e-06,3.232264e-06,4.103517e-06,5.039311e-06,3.857608e-06,7.318764e-06,5.610132e-06,2.046013e-06,4.845294e-06,2.120850e-06,1.778032e-06,1.958452e-06,2.589379e-06,2.264447e-06,1.454689e-06,5.771302e-07,7.358147e-07,9.629978e-07,7.132415e-07,1.228570e-06,2.550108e-07,9.269776e-07,2.695838e-07
0.585938,9.554109e-07,1.304052e-06,2.770617e-06,1.784974e-06,2.140150e-06,2.400200e-06,1.891578e-06,3.723243e-06,2.717520e-06,1.087026e-06,2.720056e-06,1.082574e-06,9.553037e-07,1.017711e-06,1.350352e-06,1.197831e-06,8.094277e-07,3.271891e-07,3.948857e-07,5.475860e-07,4.216502e-07,6.967107e-07,1.463127e-07,4.869347e-07,1.372884e-07
0.610352,1.339125e-06,1.851857e-06,4.000528e-06,2.708700e-06,3.085372e-06,3.267757e-06,2.695921e-06,5.300437e-06,3.652681e-06,1.614156e-06,4.036307e-06,1.621170e-06,1.356434e-06,1.394039e-06,1.819258e-06,1.803794e-06,1.183767e-06,5.033311e-07,6.081462e-07,8.315291e-07,6.881009e-07,1.098134e-06,2.379154e-07,6.943932e-07,1.918621e-07
0.634766,1.073545e-06,1.504116e-06,3.366971e-06,2.422807e-06,2.645827e-06,2.547093e-06,2.205786e-06,4.591107e-06,3.005650e-06,1.479733e-06,3.382921e-06,1.419437e-06,1.201122e-06,1.194141e-06,1.410666e-06,1.583354e-06,1.015587e-06,4.369312e-07,5.581682e-07,6.985678e-07,6.214777e-07,9.399319e-07,2.115183e-07,5.917059e-07,1.636278e-07
0.659180,1.216156e-06,1.721803e-06,4.028199e-06,3.088446e-06,3.274500e-06,2.933734e-06,2.639500e-06,5.460716e-06,3.478460e-06,1.944192e-06,4.253037e-06,1.635488e-06,1.553410e-06,1.552717e-06,1.694906e-06,1.873951e-06,1.324166e-06,5.695340e-07,6.835278e-07,8.537341e-07,7.610772e-07,1.092739e-06,2.600231e-07,7.162275e-07,2.013112e-07
0.683594,1.276066e-06,1.821945e-06,4.497583e-06,3.606262e-06,3.746816e-06,3.177281e-06,2.983533e-06,5.723039e-06,3.538574e-06,2.252987e-06,4.792492e-06,1.721176e-06,1.667090e-06,1.701284e-06,1.852776e-06,1.870589e-06,1.595473e-06,7.102985e-07,7.397777e-07,9.162970e-07,8.202124e-07,1.105750e-06,2.813698e-07,7.802155e-07,2.225690e-07
0.708008,9.124628e-07,1.310992e-06,3.439893e-06,2.843281e-06,2.923164e-06,2.320225e-06,2.274283e-06,4.096339e-06,2.465851e-06,1.790427e-06,3.594745e-06,1.283147e-06,1.166394e-06,1.200631e-06,1.260119e-06,1.276958e-06,1.167790e-06,5.638456e-07,5.238137e-07,6.263410e-07,5.939855e-07,7.456759e-07,2.025835e-07,5.440329e-07,1.591492e-07
0.732422,9.720316e-07,1.402858e-06,3.938096e-06,3.303773e-06,3.390539e-06,2.515141e-06,2.585064e-06,4.368648e-06,2.568061e-06,2.127389e-06,4.037243e-06,1.389542e-06,1.249474e-06,1.306455e-06,1.266535e-06,1.375053e-06,1.187828e-06,6.024653e-07,5.663803e-07,5.951482e-07,6.150727e-07,7.185481e-07,2.112517e-07,5.398733e-07,1.597839e-07
0.756836,1.039625e-06,1.501659e-06,4.500856e-06,3.840489e-06,3.986832e-06,2.743136e-06,2.940872e-06,4.867553e-06,2.790576e-06,2.621817e-06,4.487985e-06,1.533785e-06,1.339464e-06,1.441151e-06,1.326624e-06,1.472748e-06,1.265576e-06,6.225788e-07,6.243234e-07,5.639155e-07,6.340703e-07,6.863884e-07,2.174052e-07,5.180792e-07,1.567559e-07
0.781250,1.016966e-06,1.466818e-06,4.672782e-06,3.904051e-06,4.141145e-06,2.841799e-06,3.154816e-06,4.788491e-06,2.722538e-06,2.915707e-06,4.688343e-06,1.548756e-06,1.345057e-06,1.468358e-06,1.205790e-06,1.372007e-06,1.244192e-06,5.884092e-07,5.814744e-07,4.791785e-07,5.566866e-07,5.537494e-07,1.887294e-07,4.484845e-07,1.397975e-07
0.805664,1.042358e-06,1.503251e-06,5.147926e-06,4.188716e-06,4.569063e-06,3.142831e-06,3.663424e-06,4.730696e-06,2.637151e-06,3.195059e-06,5.107264e-06,1.573632e-06,1.413612e-06,1.603077e-06,1.206429e-06,1.430329e-06,1.134044e-06,5.508067e-07,4.840924e-07,4.011051e-07,4.565573e-07,4.303165e-07,1.641012e-07,3.994114e-07,1.272493e-07
0.830078,9.321715e-07,1.342007e-06,4.931769e-06,4.009730e-06,4.557349e-06,2.952640e-06,3.588653e-06,4.299680e-06,2.310004e-06,3.108205e-06,4.597249e-06,1.442553e-06,1.197632e-06,1.433372e-06,1.099887e-06,1.238931e-06,9.241268e-07,4.162360e-07,3.039000e-07,2.563510e-07,3.376766e-07,3.033742e-07,1.278924e-07,3.161608e-07,1.043065e-07
0.854492,8.415849e-07,1.209537e-06,4.756847e-06,3.773179e-06,4.505756e-06,2.788766e-06,3.484395e-06,3.959118e-06,2.108624e-06,3.168340e-06,4.306339e-06,1.422184e-06,9.965957e-07,1.209477e-06,9.236812e-07,9.521528e-07,8.088077e-07,3.334920e-07,1.621946e-07,1.139476e-07,2.825288e-07,2.440850e-07,1.136124e-07,2.742086e-07,9.581383e-08
0.878906,8.071904e-07,1.158713e-06,4.877044e-06,3.737879e-06,4.716386e-06,2.780431e-06,3.591048e-06,3.756432e-06,1.987980e-06,3.326421e-06,4.476942e-06,1.395706e-06,9.934057e-07,1.220106e-06,7.968952e-07,8.635968e-07,7.012665e-07,3.220336e-07,3.405002e-08,9.966369e-08,3.103024e-07,2.393510e-07,1.199158e-07,2.827236e-07,1.025632e-07
0.903320,9.085399e-07,1.302627e-06,5.837178e-06,4.272236e-06,5.735618e-06,3.221534e-06,4.295250e-06,4.207013e-06,2.192602e-06,4.033728e-06,5.290289e-06,1.535442e-06,1.150007e-06,1.491754e-06,9.159474e-07,1.178590e-06,6.008836e-07,3.034022e-07,1.811082e-07,2.111174e-07,4.617794e-07,3.122122e-07,1.597706e-07,3.622186e-07,1.384875e-07
0.927734,9.076006e-07,1.299351e-06,6.164045e-06,4.321744e-06,6.215090e-06,3.333443e-06,4.596006e-06,4.162233e-06,2.135981e-06,4.292101e-06,5.544103e-06,1.555714e-06,1.114028e-06,1.513119e-06,9.617135e-07,1.299093e-06,7.192670e-07,2.906205e-07,4.118093e-07,3.382161e-07,5.677181e-07,3.494555e-07,1.909154e-07,3.839443e-07,1.516502e-07
0.952148,7.635275e-07,1.091598e-06,5.436567e-06,3.622613e-06,5.622300e-06,2.886624e-06,4.077824e-06,3.487987e-06,1.749519e-06,3.794552e-06,4.793392e-06,1.312623e-06,9.108486e-07,1.283670e-06,8.142844e-07,1.079807e-06,8.623718e-07,3.887206e-07,4.912302e-07,4.256578e-07,5.825912e-07,3.265321e-07,1.849424e-07,3.452496e-07,1.409720e-07
0.976562,1.048492e-06,1.502159e-06,7.917012e-06,4.982284e-06,8.349684e-06,4.196826e-06,6.035089e-06,4.829952e-06,2.413489e-06,5.651674e-06,6.866727e-06,1.855067e-06,1.201620e-06,1.771319e-06,1.165575e-06,1.654551e-06,1.412181e-06,7.446047e-07,8.376832e-07,7.749142e-07,9.439618e-07,4.833041e-07,2.814928e-07,5.098639e-07,2.182594e-07
1.000977,6.407787e-07,9.194729e-07,5.093494e-06,3.147619e-06,5.720652e-06,2.673645e-06,3.978444e-06,2.884533e-06,1.443089e-06,3.654492e-06,4.657168e-06,1.209342e-06,7.178806e-07,1.080899e-06,7.291938e-07,1.178225e-06,9.846226e-07,5.210614e-07,6.323872e-07,5.606919e-07,6.531548e-07,3.132599e-07,1.914485e-07,3.241438e-07,1.469062e-07
1.025391,7.299681e-07,1.050257e-06,6.051659e-06,3.584492e-06,7.100748e-06,3.026702e-06,4.610146e-06,3.271693e-06,1.586650e-06,4.243580e-06,5.520673e-06,1.353182e-06,8.603753e-07,1.302291e-06,7.833627e-07,1.505463e-06,1.258650e-06,6.595568e-07,9.029810e-07,6.908977e-07,8.552625e-07,3.883825e-07,2.452530e-07,3.676562e-07,1.771848e-07
1.049805,5.514971e-07,7.979862e-07,4.798805e-06,2.655345e-06,5.714353e-06,2.314511e-06,3.577207e-06,2.552526e-06,1.213093e-06,3.400668e-06,4.110526e-06,9.963931e-07,6.550845e-07,1.038360e-06,6.032789e-07,1.314303e-06,1.030557e-06,5.615908e-07,7.858442e-07,5.773297e-07,7.375653e-07,3.268932e-07,2.191955e-07,2.769105e-07,1.415511e-07
1.074219,5.843430e-07,8.497967e-07,5.289987e-06,2.760017e-06,6.452596e-06,2.492055e-06,3.963246e-06,2.691136e-06,1.274018e-06,3.768248e-06,4.455300e-06,1.110379e-06,6.403605e-07,1.056015e-06,6.720172e-07,1.588604e-06,1.100174e-06,6.252772e-07,9.062494e-07,6.732315e-07,8.866933e-07,3.869497e-07,2.753756e-07,3.115065e-07,1.596434e-07
1.098633,7.228716e-07,1.056815e-06,6.765238e-06,3.332995e-06,8.470805e-06,3.117286e-06,5.096896e-06,3.270357e-06,1.522518e-06,4.706654e-06,5.709369e-06,1.426442e-06,7.496411e-07,1.228794e-06,8.067449e-07,2.026552e-06,1.436047e-06,7.625888e-07,1.158932e-06,9.072523e-07,1.169910e-06,5.210334e-07,4.055940e-07,4.425440e-07,2.292736e-07
1.123047,7.244835e-07,1.065083e-06,6.969926e-06,3.263004e-06,9.016627e-06,3.141960e-06,5.279819e-06,3.242935e-06,1.485071e-06,4.769120e-06,5.850293e-06,1.413649e-06,7.572553e-07,1.245388e-06,7.534011e-07,1.941032e-06,1.557915e-06,7.785947e-07,1.218567e-06,9.305393e-07,1.209709e-06,5.412523e-07,4.515728e-07,5.246526e-07,2.708344e-07
1.147461,7.520549e-07,1.115530e-06,7.511558e-06,3.298728e-06,9.877025e-06,3.258202e-06,5.587383e-06,3.380891e-06,1.513060e-06,5.009078e-06,6.191989e-06,1.472279e-06,7.716152e-07,1.292599e-06,7.657765e-07,2.010602e-06,1.656759e-06,8.592562e-07,1.314108e-06,9.511610e-07,1.231104e-06,5.620150e-07,5.060769e-07,6.205253e-07,3.271971e-07
1.171875,7.838946e-07,1.172710e-06,8.141787e-06,3.442950e-06,1.108730e-05,3.488699e-06,6.110959e-06,3.687396e-06,1.615042e-06,5.462809e-06,6.431240e-06,1.562512e-06,7.798169e-07,1.314728e-06,7.921660e-07,2.191413e-06,1.629121e-06,9.062537e-07,1.364110e-06,9.781638e-07,1.248922e-06,5.763267e-07,5.513689e-07,6.941047e-07,3.749433e-07
1.196289,7.753978e-07,1.168349e-06,8.235815e-06,3.376339e-06,1.171178e-05,3.418350e-06,6.267541e-06,3.619375e-06,1.586519e-06,5.543812e-06,6.384161e-06,1.547189e-06,7.383491e-07,1.266877e-06,7.553866e-07,2.147052e-06,1.464738e-06,8.046762e-07,1.228216e-06,9.408962e-07,1.169541e-06,5.417451e-07,5.397883e-07,6.988304e-07,3.844599e-07
1.220703,6.384613e-07,9.708413e-07,6.972919e-06,2.686469e-06,9.988998e-06,2.731729e-06,5.178973e-06,2.874810e-06,1.225113e-06,4.375806e-06,5.463813e-06,1.343872e-06,5.441828e-07,9.603341e-07,6.344223e-07,1.659927e-06,1.097744e-06,5.737375e-07,9.008693e-07,7.313516e-07,8.633717e-07,4.047518e-07,4.196342e-07,5.506010e-07,3.064622e-07
1.245117,5.930914e-07,9.079867e-07,6.600726e-06,2.435443e-06,9.645591e-06,2.553593e-06,4.953761e-06,2.718863e-06,1.112557e-06,3.985770e-06,5.029581e-06,1.263431e-06,4.760317e-07,8.149379e-07,5.717862e-07,1.519385e-06,9.338770e-07,4.801804e-07,7.683527e-07,5.799899e-07,6.822083e-07,3.221705e-07,3.480316e-07,4.686599e-07,2.660613e-07
1.269531,7.015869e-07,1.080281e-06,7.893868e-06,2.806972e-06,1.182926e-05,3.024386e-06,6.075763e-06,3.241477e-06,1.320985e-06,4.811667e-06,5.804306e-06,1.403744e-06,5.886171e-07,9.873197e-07,5.994910e-07,1.666141e-06,9.368524e-07,4.966564e-07,8.355387e-07,5.639303e-07,6.503127e-07,3.108330e-07,3.394685e-07,4.901580e-07,2.809250e-07
1.293945,1.001378e-06,1.549948e-06,1.138608e-05,3.931313e-06,1.753842e-05,4.312857e-06,8.919541e-06,4.608563e-06,1.861339e-06,6.894462e-06,8.507127e-06,2.031357e-06,8.254407e-07,1.448927e-06,8.378606e-07,2.004308e-06,1.175054e-06,5.660135e-07,9.838010e-07,6.308224e-07,6.977343e-07,3.168639e-07,3.533378e-07,5.699625e-07,3.397040e-07
1.318359,7.716897e-07,1.200695e-06,8.875631e-06,2.982942e-06,1.402064e-05,3.315413e-06,7.086410e-06,3.570767e-06,1.422960e-06,5.319740e-06,6.689573e-06,1.675195e-06,5.775553e-07,1.037673e-06,6.962522e-07,1.401917e-06,8.356996e-07,3.544533e-07,5.611092e-07,3.968918e-07,3.933958e-07,1.704560e-07,1.701654e-07,3.345966e-07,2.035938e-07
1.342773,6.372117e-07,9.950980e-07,7.409153e-06,2.440859e-06,1.198248e-05,2.742906e-06,6.024959e-06,2.935471e-06,1.152109e-06,4.344152e-06,5.679543e-06,1.430521e-06,4.600296e-07,8.076979e-07,5.754793e-07,1.233940e-06,5.732535e-07,2.683637e-07,3.398653e-07,2.342415e-07,2.065880e-07,7.842639e-08,6.825284e-08,2.297441e-07,1.435289e-07
1.367188,7.742994e-07,1.210014e-06,8.931698e-06,2.916974e-06,1.491785e-05,3.361213e-06,7.634360e-06,3.554133e-06,1.364304e-06,5.136013e-06,6.940172e-06,1.769614e-06,5.549280e-07,9.700497e-07,6.581047e-07,1.420597e-06,4.824206e-07,2.630232e-07,2.825196e-07,1.360643e-07,1.386690e-07,3.976336e-08,4.578318e-08,2.957553e-07,1.965175e-07
1.391602,9.314100e-07,1.459713e-06,1.075916e-05,3.358935e-06,1.786086e-05,3.982436e-06,9.514461e-06,4.175423e-06,1.617157e-06,6.145770e-06,8.218541e-06,2.096466e-06,6.661044e-07,1.138102e-06,7.671451e-07,1.436610e-06,5.034546e-07,2.009691e-07,1.307216e-07,2.298548e-08,1.944784e-07,8.514342e-08,1.172958e-07,4.434967e-07,2.992610e-07
1.416016,1.055267e-06,1.652997e-06,1.219379e-05,3.687497e-06,2.013799e-05,4.470187e-06,1.093144e-05,4.506620e-06,1.754464e-06,6.780047e-06,9.711234e-06,2.342532e-06,7.836370e-07,1.332426e-06,8.369435e-07,1.611472e-06,6.679088e-07,2.100244e-07,1.752541e-07,1.970192e-07,3.894187e-07,1.919761e-07,2.302767e-07,6.020609e-07,4.211210e-07
1.440430,9.773892e-07,1.526070e-06,1.114332e-05,3.363987e-06,1.883065e-05,4.214012e-06,1.049799e-05,4.182682e-06,1.569677e-06,5.996685e-06,9.329326e-06,2.311256e-06,7.128404e-07,1.265932e-06,7.897173e-07,1.587435e-06,6.175974e-07,2.653704e-07,3.920878e-07,2.817969e-07,5.069526e-07,2.682258e-07,3.168424e-07,6.251278e-07,4.516463e-07
1.464844,8.093652e-07,1.260076e-06,9.172944e-06,2.759021e-06,1.577995e-05,3.510328e-06,9.105992e-06,3.558394e-06,1.331029e-06,5.041250e-06,7.515970e-06,2.053809e-06,5.399669e-07,9.800710e-07,7.354360e-07,1.412441e-06,5.624367e-07,2.515056e-07,4.724553e-07,3.461141e-07,5.403786e-07,3.013305e-07,3.405244e-07,5.359590e-07,3.999007e-07
1.489258,5.293555e-07,8.210964e-07,5.981070e-06,1.807324e-06,1.049371e-05,2.300932e-06,6.190767e-06,2.310616e-06,8.704318e-07,3.311366e-06,4.903411e-06,1.318737e-06,3.576666e-07,6.143690e-07,4.957121e-07,1.053091e-06,4.359833e-07,1.918731e-07,3.613110e-07,3.202355e-07,4.149308e-07,2.402239e-07,2.818775e-07,3.505430e-07,2.703166e-07
1.513672,5.329171e-07,8.217682e-07,6.007908e-06,1.834181e-06,1.072905e-05,2.327079e-06,6.509188e-06,2.324614e-06,8.723806e-07,3.307824e-06,5.103931e-06,1.342472e-06,3.853771e-07,6.641767e-07,4.721548e-07,1.227473e-06,4.865006e-07,2.349151e-07,4.546509e-07,4.108612e-07,4.915852e-07,2.983591e-07,3.486755e-07,3.249208e-07,2.681216e-07
1.538086,6.665271e-07,1.017546e-06,7.350520e-06,2.322350e-06,1.362608e-05,2.933687e-06,8.394963e-06,2.851290e-06,1.067128e-06,4.042194e-06,6.514204e-06,1.784674e-06,4.652364e-07,8.383209e-07,6.039262e-07,1.543076e-06,6.234376e-07,3.243179e-07,7.014324e-07,5.676995e-07,6.711021e-07,4.298552e-07,5.316745e-07,3.530111e-07,3.017254e-07
1.562500,7.294879e-07,1.103739e-06,7.920824e-06,2.542393e-06,1.501589e-05,3.258419e-06,9.669454e-06,3.166627e-06,1.159296e-06,4.316910e-06,7.249784e-06,2.033741e-06,4.890053e-07,8.819486e-07,7.055440e-07,1.602946e-06,7.792975e-07,3.582609e-07,8.810753e-07,6.613665e-07,7.784018e-07,5.253910e-07,6.715065e-07,3.385523e-07,2.948405e-07
1.586914,7.703953e-07,1.149603e-06,8.200556e-06,2.689655e-06,1.584130e-05,3.392355e-06,1.054920e-05,3.457383e-06,1.280303e-06,4.705613e-06,7.489777e-06,2.264086e-06,5.066965e-07,9.247697e-07,7.638739e-07,1.838418e-06,9.704114e-07,4.060450e-07,9.741748e-07,7.604504e-07,8.360992e-07,5.993085e-07,8.098063e-07,4.299287e-07,3.196901e-07
1.611328,7.182724e-07,1.053316e-06,7.360684e-06,2.540828e-06,1.486602e-05,3.118786e-06,9.850845e-06,3.135748e-06,1.181871e-06,4.363461e-06,6.878329e-06,2.116454e-06,4.604427e-07,8.377787e-07,7.198023e-07,1.833384e-06,9.318829e-07,4.275672e-07,9.547010e-07,7.814145e-07,7.980447e-07,5.824702e-07,8.038877e-07,5.392633e-07,3.835932e-07
1.635742,6.927422e-07,9.985934e-07,6.892376e-06,2.477859e-06,1.440394e-05,3.031522e-06,9.816891e-06,3.016976e-06,1.103435e-06,4.003668e-06,6.944186e-06,1.965614e-06,4.637850e-07,8.071154e-07,6.836291e-07,1.784610e-06,8.593514e-07,4.230195e-07,1.004280e-06,7.832789e-07,8.042899e-07,5.842631e-07,8.033350e-07,6.711986e-07,4.918640e-07
1.660156,8.117236e-07,1.147010e-06,7.801640e-06,2.916246e-06,1.671601e-05,3.532124e-06,1.185143e-05,3.608490e-06,1.307358e-06,4.626348e-06,8.173835e-06,2.413769e-06,5.597335e-07,9.999377e-07,7.455638e-07,2.089239e-06,9.937221e-07,4.744870e-07,1.265824e-06,9.112358e-07,9.833779e-07,7.104004e-07,9.704133e-07,9.345132e-07,7.130788e-07
1.684570,8.777922e-07,1.214315e-06,8.113770e-06,3.133515e-06,1.764945e-05,3.798414e-06,1.306734e-05,3.846909e-06,1.417546e-06,4.975195e-06,8.536030e-06,2.778574e-06,5.597634e-07,1.057711e-06,8.072432e-07,2.243695e-06,1.071548e-06,4.841943e-07,1.294571e-06,9.234563e-07,1.102385e-06,8.027080e-07,1.047105e-06,1.090802e-06,8.658416e-07
1.708984,7.211227e-07,9.750463e-07,6.370476e-06,2.521305e-06,1.390388e-05,3.085596e-06,1.089391e-05,3.080152e-06,1.144654e-06,3.973002e-06,6.852279e-06,2.222730e-06,4.229554e-07,7.867500e-07,6.944761e-07,1.671029e-06,8.171734e-07,3.791456e-07,9.803082e-07,7.442901e-07,8.800586e-07,6.568281e-07,8.524134e-07,9.054755e-07,7.360645e-07
1.733398,6.061116e-07,8.016831e-07,5.131510e-06,2.066371e-06,1.114724e-05,2.551885e-06,9.192093e-06,2.499668e-06,9.401224e-07,3.224192e-06,5.604140e-06,1.772378e-06,3.579128e-07,6.361939e-07,5.564021e-07,1.233108e-06,6.315241e-07,2.862818e-07,7.686311e-07,5.935285e-07,6.988386e-07,5.339477e-07,6.754223e-07,7.294980e-07,6.121393e-07
1.757812,6.568537e-07,8.483226e-07,5.386043e-06,2.178007e-06,1.148279e-05,2.753867e-06,1.022607e-05,2.614338e-06,9.860357e-07,3.340933e-06,6.018712e-06,1.905049e-06,3.893850e-07,7.028093e-07,5.500986e-07,1.306241e-06,6.716728e-07,2.696495e-07,7.832072e-07,5.741690e-07,6.869845e-07,5.431697e-07,6.871253e-07,7.164295e-07,6.170458e-07
1.782227,7.040747e-07,8.846561e-07,5.495792e-06,2.280031e-06,1.160555e-05,2.845295e-06,1.102734e-05,2.740345e-06,1.031862e-06,3.409740e-06,6.453413e-06,2.029209e-06,3.964469e-07,7.367038e-07,5.681920e-07,1.395861e-06,6.824160e-07,2.612431e-07,7.319076e-07,4.984423e-07,6.561459e-07,5.190492e-07,6.464460e-07,6.569932e-07,5.894100e-07
1.806641,6.902169e-07,8.473986e-07,5.213550e-06,2.224461e-06,1.094171e-05,2.724824e-06,1.069411e-05,2.551387e-06,9.994400e-07,3.280709e-06,6.078694e-06,2.014011e-06,3.712891e-07,6.944918e-07,5.638779e-07,1.220381e-06,5.661529e-07,2.393265e-07,5.789921e-07,3.802655e-07,5.305947e-07,4.453213e-07,5.536745e-07,4.913496e-07,4.674411e-07
1.831055,6.688498e-07,8.014869e-07,4.958490e-06,2.130300e-06,1.012983e-05,2.677480e-06,1.071069e-05,2.317596e-06,9.260105e-07,3.042933e-06,5.784865e-06,2.013488e-06,3.398441e-07,6.627411e-07,5.397114e-07,1.010222e-06,4.439314e-07,2.011771e-07,4.552186e-07,2.963288e-07,3.878516e-07,3.519157e-07,4.480195e-07,3.217371e-07,3.262811e-07
1.855469,6.360551e-07,7.434184e-07,4.605391e-06,2.002641e-06,9.126792e-06,2.508980e-06,1.042819e-05,2.186911e-06,8.545333e-07,2.718908e-06,5.613366e-06,1.830782e-06,3.001784e-07,5.884755e-07,5.225449e-07,8.911186e-07,3.683942e-07,1.509861e-07,3.530849e-07,2.015660e-07,2.391448e-07,2.352378e-07,3.160476e-07,1.772620e-07,2.037454e-07
1.879883,5.999594e-07,6.836081e-07,4.259690e-06,1.881086e-06,8.221432e-06,2.330239e-06,9.882052e-06,2.050592e-06,8.212615e-07,2.549480e-06,5.130016e-06,1.625716e-06,2.890819e-07,5.312775e-07,4.954357e-07,8.167158e-07,3.394767e-07,1.106777e-07,2.482360e-07,1.062152e-07,1.226341e-07,1.372897e-07,1.895941e-07,1.243155e-07,1.451235e-07
1.904297,6.866881e-07,7.619112e-07,4.764412e-06,2.166774e-06,9.063535e-06,2.618883e-06,1.134843e-05,2.275644e-06,9.348196e-07,2.870198e-06,5.600379e-06,1.933962e-06,3.433507e-07,6.493272e-07,5.170080e-07,8.678972e-07,3.443619e-07,1.224007e-07,1.680060e-07,4.276594e-08,9.277053e-08,1.065574e-07,1.396609e-07,1.960736e-07,2.071133e-07
1.928711,7.945552e-07,8.566810e-07,5.424520e-06,2.556261e-06,1.027352e-05,3.023343e-06,1.324901e-05,2.583595e-06,1.085220e-06,3.280084e-06,6.434910e-06,2.280425e-06,3.741221e-07,7.625101e-07,5.729102e-07,1.015391e-06,3.800997e-07,1.360286e-07,1.685980e-07,1.337957e-07,1.658545e-07,1.582738e-07,1.938026e-07,2.917758e-07,2.979291e-07
1.953125,7.840643e-07,8.179584e-07,5.162984e-06,2.567049e-06,9.828045e-06,2.966687e-06,1.337820e-05,2.469407e-06,1.054634e-06,3.154671e-06,6.265771e-06,2.152254e-06,3.502835e-07,7.087803e-07,6.084123e-07,1.097077e-06,4.153293e-07,1.328899e-07,3.070405e-07,2.196270e-07,2.283968e-07,2.300572e-07,2.803895e-07,3.352271e-07,3.425352e-07
1.977539,6.799550e-07,6.886491e-07,4.348064e-06,2.303414e-06,8.407473e-06,2.493834e-06,1.157201e-05,2.156414e-06,9.172982e-07,2.654531e-06,5.474718e-06,1.822181e-06,3.102093e-07,6.129896e-07,5.333400e-07,9.080258e-07,3.743485e-07,1.387623e-07,3.470961e-07,2.367150e-07,2.432376e-07,2.355245e-07,3.156032e-07,2.939451e-07,3.066271e-07
2.001953,6.313967e-07,6.197102e-07,3.949693e-06,2.184838e-06,7.696762e-06,2.303768e-06,1.058302e-05,2.001844e-06,8.894138e-07,2.516140e-06,4.948731e-06,1.634916e-06,2.855547e-07,5.706985e-07,4.775427e-07,7.821086e-07,3.420115e-07,1.500432e-07,3.808838e-07,2.764731e-07,2.573281e-07,2.531506e-07,3.362463e-07,2.640168e-07,2.775762e-07
2.026367,7.769223e-07,7.377571e-07,4.669285e-06,2.690847e-06,9.170515e-06,2.797997e-06,1.295124e-05,2.328508e-06,1.073617e-06,3.031981e-06,5.664518e-06,2.018421e-06,3.482776e-07,6.935814e-07,5.814427e-07,1.044716e-06,4.935700e-07,1.793667e-07,5.684040e-07,4.366158e-07,3.441429e-07,3.250739e-07,4.383211e-07,2.688489e-07,3.027675e-07
2.050781,9.284924e-07,8.553154e-07,5.414034e-06,3.235498e-06,1.069672e-05,3.216593e-06,1.512892e-05,2.724503e-06,1.234281e-06,3.391611e-06,6.734429e-06,2.538284e-06,4.060199e-07,8.444061e-07,6.718094e-07,1.358533e-06,6.970359e-07,2.205280e-07,8.291171e-07,6.067658e-07,4.484991e-07,3.930187e-07,5.186862e-07,2.716930e-07,2.915122e-07
2.075195,1.040870e-06,9.284020e-07,5.891364e-06,3.621382e-06,1.164211e-05,3.526097e-06,1.647838e-05,3.037093e-06,1.398215e-06,3.708410e-06,7.583236e-06,2.754402e-06,4.132624e-07,9.118556e-07,7.417493e-07,1.518886e-06,7.877920e-07,2.920185e-07,9.757672e-07,7.157477e-07,5.485270e-07,4.616354e-07,5.707861e-07,3.201129e-07,2.660240e-07
2.099609,1.143157e-06,9.873686e-07,6.313018e-06,3.988409e-06,1.244830e-05,3.832940e-06,1.793842e-05,3.249149e-06,1.551299e-06,4.056833e-06,7.972134e-06,2.823181e-06,4.381863e-07,9.196766e-07,8.728159e-07,1.681690e-06,8.566973e-07,3.477670e-07,1.090123e-06,8.018151e-07,6.919464e-07,5.444818e-07,6.327224e-07,4.835594e-07,3.349737e-07
2.124023,1.160551e-06,9.678008e-07,6.186605e-06,4.018488e-06,1.212702e-05,3.885427e-06,1.806008e-05,3.231931e-06,1.582195e-06,4.052062e-06,7.787591e-06,2.942729e-06,4.742180e-07,9.478918e-07,8.949996e-07,1.719403e-06,9.110715e-07,3.471338e-07,1.139304e-06,8.787385e-07,7.961734e-07,6.377287e-07,6.635188e-07,6.660054e-07,4.778604e-07
2.148438,1.042867e-06,8.440454e-07,5.412855e-06,3.624450e-06,1.050726e-05,3.471865e-06,1.627491e-05,2.806996e-06,1.417989e-06,3.578071e-06,6.717003e-06,2.736795e-06,4.234297e-07,9.104754e-07,7.354004e-07,1.437052e-06,8.382395e-07,3.116497e-07,1.113713e-06,8.334876e-07,7.761068e-07,6.433506e-07,6.686302e-07,7.108307e-07,5.516973e-07
2.172852,9.102468e-07,7.141695e-07,4.683578e-06,3.198269e-06,9.006674e-06,3.004880e-06,1.400460e-05,2.420737e-06,1.227171e-06,3.025377e-06,5.797307e-06,2.411567e-06,3.492574e-07,7.829892e-07,6.337696e-07,1.178267e-06,7.149941e-07,2.835916e-07,1.007976e-06,7.373120e-07,7.009323e-07,6.292122e-07,6.458714e-07,7.002227e-07,5.654943e-07
2.197266,9.122115e-07,6.907220e-07,4.538612e-06,3.150818e-06,8.582219e-06,3.069460e-06,1.379928e-05,2.378590e-06,1.249601e-06,2.986151e-06,5.838581e-06,2.400438e-06,3.429865e-07,7.629407e-07,6.679756e-07,1.224731e-06,7.224893e-07,2.741236e-07,9.634475e-07,6.998660e-07,6.815551e-07,6.357978e-07,6.985690e-07,7.198346e-07,6.097536e-07
2.221680,9.332578e-07,6.834881e-07,4.496304e-06,3.221614e-06,8.445239e-06,3.163308e-06,1.438157e-05,2.255738e-06,1.265322e-06,3.036068e-06,5.664668e-06,2.328219e-06,3.485565e-07,7.797922e-07,6.871964e-07,1.306948e-06,7.745831e-07,2.560863e-07,9.285446e-07,6.879870e-07,6.658247e-07,6.344801e-07,7.139946e-07,7.247791e-07,6.153453e-07
2.246094,9.416778e-07,6.651349e-07,4.374276e-06,3.261529e-06,8.275054e-06,3.159652e-06,1.449883e-05,2.173156e-06,1.216914e-06,2.885200e-06,5.501754e-06,2.255021e-06,3.554881e-07,7.652104e-07,6.936308e-07,1.199106e-06,7.753943e-07,2.464319e-07,9.108716e-07,6.868559e-07,6.194938e-07,6.087304e-07,7.002944e-07,6.838087e-07,6.021295e-07
2.270508,9.192128e-07,6.259297e-07,4.095375e-06,3.195454e-06,7.839040e-06,3.087409e-06,1.407825e-05,2.104675e-06,1.185595e-06,2.700060e-06,5.428756e-06,2.309039e-06,3.683432e-07,7.827593e-07,6.792543e-07,1.044032e-06,6.532395e-07,2.535420e-07,8.367016e-07,6.537528e-07,5.377141e-07,5.345266e-07,6.320923e-07,5.937621e-07,5.343082e-07
2.294922,8.979632e-07,5.892218e-07,3.824715e-06,3.119497e-06,7.409345e-06,3.005269e-06,1.364197e-05,1.990240e-06,1.167130e-06,2.603663e-06,5.126994e-06,2.233306e-06,3.496158e-07,8.134995e-07,6.124601e-07,9.994521e-07,5.663878e-07,2.329884e-07,7.200656e-07,5.662957e-07,4.457701e-07,4.452572e-07,5.332138e-07,4.829374e-07,4.504922e-07
2.319336,9.503719e-07,6.032468e-07,3.872762e-06,3.277050e-06,7.512964e-06,3.161541e-06,1.420592e-05,2.022188e-06,1.221775e-06,2.676886e-06,5.115922e-06,2.178504e-06,3.359814e-07,8.168823e-07,6.350052e-07,9.952501e-07,5.900305e-07,2.089284e-07,6.011228e-07,5.126941e-07,3.763809e-07,3.694779e-07,4.594834e-07,3.788824e-07,3.803208e-07
2.343750,1.047734e-06,6.440725e-07,4.159090e-06,3.629270e-06,8.077246e-06,3.434733e-06,1.558508e-05,2.137833e-06,1.340032e-06,2.893767e-06,5.391022e-06,2.354713e-06,3.714078e-07,8.405516e-07,7.745935e-07,1.018084e-06,6.150539e-07,2.039992e-07,5.725298e-07,4.761992e-07,3.415785e-07,2.947376e-07,3.617483e-07,2.518287e-07,2.951674e-07
2.368164,1.159655e-06,6.882517e-07,4.400626e-06,3.924744e-06,8.531511e-06,3.669524e-06,1.655304e-05,2.270232e-06,1.435747e-06,3.059523e-06,5.618880e-06,2.579784e-06,4.158389e-07,9.393028e-07,8.691412e-07,1.152963e-06,6.076820e-07,2.183036e-07,5.665102e-07,4.708576e-07,3.025573e-07,2.171092e-07,2.521842e-07,1.283506e-07,1.959033e-07
2.392578,1.196199e-06,6.891509e-07,4.378950e-06,3.982644e-06,8.379967e-06,3.769576e-06,1.654970e-05,2.346549e-06,1.489331e-06,3.042209e-06,5.655729e-06,2.575447e-06,4.106317e-07,9.714645e-07,8.493448e-07,1.195371e-06,6.398329e-07,1.981546e-07,4.619029e-07,3.784000e-07,2.432560e-07,1.552028e-07,1.106287e-07,3.291834e-08,1.352849e-07
2.416992,1.205733e-06,6.725303e-07,4.304698e-06,4.019354e-06,8.236035e-06,3.770962e-06,1.672277e-05,2.315962e-06,1.566931e-06,3.139604e-06,5.561230e-06,2.581346e-06,4.010315e-07,9.537307e-07,8.415413e-07,1.073606e-06,6.637628e-07,1.859573e-07,3.026506e-07,2.358795e-07,1.562426e-07,1.052697e-07,3.466325e-08,7.411191e-08,1.367255e-07
2.441406,1.217472e-06,6.572125e-07,4.197742e-06,4.000223e-06,7.985245e-06,3.739903e-06,1.643886e-05,2.262937e-06,1.560164e-06,3.115390e-06,5.182514e-06,2.488944e-06,3.941375e-07,9.607885e-07,8.477024e-07,1.040415e-06,5.987886e-07,2.107524e-07,2.537268e-07,1.572276e-07,5.439890e-08,6.902453e-08,9.090441e-08,1.400017e-07,1.748248e-07
2.465820,1.260591e-06,6.600077e-07,4.228958e-06,4.105118e-06,7.942750e-06,3.878583e-06,1.663748e-05,2.374549e-06,1.615855e-06,3.107821e-06,5.217800e-06,2.390164e-06,3.883125e-07,9.654546e-07,8.593888e-07,1.179047e-06,6.007547e-07,2.389778e-07,2.990773e-07,2.129599e-07,6.823905e-08,7.834285e-08,1.516257e-07,1.953302e-07,2.145606e-07
2.490234,1.305051e-06,6.638811e-07,4.266784e-06,4.205584e-06,7.890974e-06,3.987713e-06,1.689381e-05,2.448524e-06,1.722876e-06,3.221013e-06,5.392734e-06,2.557120e-06,4.111154e-07,9.473697e-07,9.122168e-07,1.275944e-06,7.140360e-07,2.374951e-07,3.534577e-07,2.588038e-07,1.846794e-07,1.509553e-07,2.026022e-07,2.610857e-07,2.430037e-07
2.514648,1.333759e-06,6.593814e-07,4.306866e-06,4.321219e-06,7.863029e-06,4.088230e-06,1.703814e-05,2.492684e-06,1.802851e-06,3.310737e-06,5.338667e-06,2.720980e-06,4.430174e-07,1.032212e-06,9.497296e-07,1.275214e-06,8.181089e-07,2.474365e-07,4.435821e-07,3.412568e-07,2.912200e-07,2.375017e-07,2.526053e-07,3.244145e-07,2.664591e-07
2.539062,1.286361e-06,6.151522e-07,4.010647e-06,4.122576e-06,7.343394e-06,3.873968e-06,1.613532e-05,2.369610e-06,1.779091e-06,3.197273e-06,4.956698e-06,2.502866e-06,4.022070e-07,1.034194e-06,8.298757e-07,1.227351e-06,7.869574e-07,2.787879e-07,5.851699e-07,4.359054e-07,3.896497e-07,2.978421e-07,2.842601e-07,3.724146e-07,2.624419e-07
2.563477,1.241448e-06,5.768358e-07,3.717958e-06,3.903696e-06,6.755085e-06,3.703930e-06,1.492399e-05,2.225536e-06,1.707472e-06,3.034929e-06,4.530350e-06,2.332688e-06,3.615428e-07,9.379208e-07,7.619657e-07,1.181517e-06,7.716921e-07,3.004066e-07,6.601461e-07,5.496628e-07,4.537045e-07,3.683252e-07,3.127516e-07,4.404197e-07,2.650094e-07
2.587891,1.204096e-06,5.431705e-07,3.515611e-06,3.821603e-06,6.404711e-06,3.685927e-06,1.427368e-05,2.170341e-06,1.660218e-06,2.857399e-06,4.256594e-06,2.265912e-06,3.646405e-07,8.786641e-07,7.972992e-07,1.057462e-06,8.162742e-07,2.997847e-07,6.727741e-07,5.995684e-07,5.186071e-07,4.284511e-07,3.536709e-07,5.356840e-07,3.086488e-07
2.612305,1.430217e-06,6.261745e-07,4.022223e-06,4.519541e-06,7.399973e-06,4.345035e-06,1.686025e-05,2.511953e-06,2.024258e-06,3.395785e-06,5.034780e-06,2.689946e-06,4.391557e-07,1.066550e-06,9.606527e-07,1.218359e-06,9.950772e-07,3.713701e-07,8.121695e-07,7.528791e-07,6.511650e-07,5.851372e-07,4.804500e-07,7.622212e-07,4.438137e-07
2.636719,1.654923e-06,7.065835e-07,4.549632e-06,5.211874e-06,8.299073e-06,4.965732e-06,1.892092e-05,2.749348e-06,2.326781e-06,3.927237e-06,5.582658e-06,3.219529e-06,5.153692e-07,1.254810e-06,1.091070e-06,1.516759e-06,1.110992e-06,4.734653e-07,1.016752e-06,9.585461e-07,7.766270e-07,7.136708e-07,6.289620e-07,1.001676e-06,6.289749e-07
2.661133,1.883905e-06,7.842992e-07,5.079606e-06,5.924831e-06,9.210582e-06,5.649327e-06,2.098091e-05,3.093740e-06,2.577057e-06,4.269720e-06,5.963774e-06,3.656242e-06,5.951973e-07,1.485586e-06,1.244442e-06,1.765083e-06,1.323540e-06,5.391664e-07,1.242572e-06,1.216539e-06,8.797816e-07,8.324639e-07,7.568894e-07,1.202564e-06,8.045691e-07
2.685547,1.829320e-06,7.433211e-07,4.850087e-06,5.719894e-06,8.692650e-06,5.442170e-06,1.990895e-05,3.002949e-06,2.538940e-06,4.050234e-06,5.743519e-06,3.324441e-06,5.536902e-07,1.477067e-06,1.189813e-06,1.554166e-06,1.372051e-06,4.973723e-07,1.219450e-06,1.258719e-06,8.474305e-07,7.917588e-07,7.479688e-07,1.182789e-06,8.293263e-07
2.709961,1.776638e-06,7.024607e-07,4.583637e-06,5.504495e-06,8.210948e-06,5.250397e-06,1.880204e-05,2.853077e-06,2.484779e-06,3.888152e-06,5.458223e-06,3.159755e-06,5.172095e-07,1.352023e-06,1.158631e-06,1.416742e-06,1.273439e-06,4.751794e-07,1.103180e-06,1.197140e-06,8.262652e-07,7.293895e-07,7.047055e-07,1.093154e-06,7.999720e-07
2.734375,1.726627e-06,6.669270e-07,4.307414e-06,5.229723e-06,7.661504e-06,4.999571e-06,1.773507e-05,2.703538e-06,2.420445e-06,3.708474e-06,5.047633e-06,3.123986e-06,5.324994e-07,1.271576e-06,1.219983e-06,1.360473e-06,1.097397e-06,4.878446e-07,1.049951e-06,1.095749e-06,7.838958e-07,6.781474e-07,6.310478e-07,9.873180e-07,7.342498e-07
2.758789,1.639414e-06,6.184086e-07,4.032701e-06,4.942644e-06,7.044752e-06,4.711056e-06,1.616615e-05,2.487389e-06,2.308087e-06,3.509671e-06,4.580849e-06,2.869506e-06,5.275434e-07,1.304207e-06,1.206205e-06,1.235167e-06,9.977573e-07,4.558792e-07,9.778837e-07,1.015996e-06,7.330580e-07,5.982161e-07,5.517710e-07,8.516514e-07,6.414691e-07
2.783203,1.558829e-06,5.725895e-07,3.717326e-06,4.638421e-06,6.490441e-06,4.458443e-06,1.485994e-05,2.333481e-06,2.146420e-06,3.213937e-06,4.046991e-06,2.594277e-06,4.786959e-07,1.273011e-06,1.064424e-06,1.114670e-06,9.296151e-07,3.916440e-07,8.493863e-07,9.431221e-07,6.568891e-07,5.243351e-07,4.562222e-07,6.812719e-07,5.371350e-07
2.807617,1.474706e-06,5.314973e-07,3.429465e-06,4.263209e-06,5.860393e-06,4.092624e-06,1.371166e-05,2.216629e-06,2.071913e-06,2.974282e-06,3.678075e-06,2.368250e-06,4.404067e-07,1.168118e-06,9.659052e-07,1.086832e-06,8.186428e-07,3.415936e-07,6.592035e-07,8.177512e-07,5.873054e-07,4.426385e-07,3.701323e-07,5.159109e-07,4.071777e-07
2.832031,1.442836e-06,5.096924e-07,3.313451e-06,4.107306e-06,5.511248e-06,3.913289e-06,1.280625e-05,2.105429e-06,2.087186e-06,2.960626e-06,3.545030e-06,2.195691e-06,4.279632e-07,1.122137e-06,9.750511e-07,1.067510e-06,7.555811e-07,3.256844e-07,5.238811e-07,6.815472e-07,5.285095e-07,3.940281e-07,2.926203e-07,3.726652e-07,2.928778e-07
2.856445,1.473945e-06,5.103688e-07,3.310437e-06,4.115538e-06,5.433614e-06,3.952521e-06,1.256838e-05,2.106273e-06,2.084881e-06,2.944081e-06,3.379876e-06,2.186782e-06,4.196081e-07,1.105843e-06,9.962050e-07,9.744095e-07,7.746245e-07,2.974801e-07,4.767079e-07,5.623227e-07,4.720704e-07,3.521107e-07,2.457962e-07,2.724234e-07,1.783261e-07
2.880859,1.509265e-06,5.123161e-07,3.307928e-06,4.118234e-06,5.349440e-06,3.950584e-06,1.241609e-05,2.164765e-06,2.122389e-06,2.888060e-06,3.240364e-06,2.193491e-06,4.222219e-07,1.080215e-06,1.008392e-06,9.462155e-07,7.768979e-07,2.727282e-07,4.254054e-07,4.984244e-07,3.819507e-07,3.081998e-07,2.028555e-07,2.239110e-07,7.993730e-08
2.905273,1.543382e-06,5.148229e-07,3.281738e-06,4.091981e-06,5.246178e-06,3.937453e-06,1.210700e-05,2.165985e-06,2.192911e-06,2.915124e-06,3.232318e-06,2.021525e-06,4.182804e-07,1.098956e-06,1.018547e-06,1.014735e-06,6.806239e-07,2.869153e-07,3.331709e-07,4.106166e-07,2.678408e-07,2.429382e-07,1.670921e-07,1.995285e-07,4.061926e-08
2.929688,1.522783e-06,5.008256e-07,3.213335e-06,3.945719e-06,4.959023e-06,3.805998e-06,1.153329e-05,2.114154e-06,2.185109e-06,2.858814e-06,3.088430e-06,1.805468e-06,3.725224e-07,1.061927e-06,9.467148e-07,1.005357e-06,6.186358e-07,3.052033e-07,2.672754e-07,2.811786e-07,1.480186e-07,1.551527e-07,1.247207e-07,1.573826e-07,7.753775e-08
2.954102,1.505015e-06,4.861753e-07,3.139286e-06,3.852811e-06,4.746012e-06,3.712126e-06,1.083042e-05,2.059134e-06,2.189640e-06,2.805647e-06,2.929837e-06,1.776707e-06,3.368104e-07,9.263364e-07,8.574307e-07,9.418993e-07,6.651309e-07,2.854262e-07,2.636173e-07,1.647851e-07,4.408406e-08,7.148937e-08,7.394284e-08,9.604833e-08,9.298654e-08
2.978516,1.488686e-06,4.752119e-07,3.062007e-06,3.709465e-06,4.536714e-06,3.671140e-06,1.041265e-05,1.997178e-06,2.144902e-06,2.726758e-06,2.789552e-06,1.731808e-06,3.379356e-07,8.376264e-07,8.567461e-07,9.199778e-07,6.847238e-07,2.580935e-07,2.731318e-07,2.480233e-07,4.569481e-08,8.241294e-09,3.661641e-08,5.845722e-08,9.137337e-08
3.002930,1.540889e-06,4.850952e-07,3.170651e-06,3.751004e-06,4.517353e-06,3.710860e-06,1.064185e-05,2.088019e-06,2.212706e-06,2.718715e-06,2.745919e-06,1.712181e-06,3.448517e-07,8.816083e-07,8.871546e-07,9.413214e-07,6.921565e-07,2.856927e-07,2.763137e-07,3.577687e-07,1.172695e-07,8.176701e-08,4.564216e-08,1.188092e-07,9.825241e-08
3.027344,1.649831e-06,5.111048e-07,3.320632e-06,3.925489e-06,4.665813e-06,3.866031e-06,1.079036e-05,2.150097e-06,2.408456e-06,2.889239e-06,2.878080e-06,1.780936e-06,3.380439e-07,9.194637e-07,8.494080e-07,9.310338e-07,7.670393e-07,3.303144e-07,3.311845e-07,4.592960e-07,2.005336e-07,1.468069e-07,9.325024e-08,2.230752e-07,1.139560e-07
3.051758,1.765801e-06,5.405927e-07,3.469777e-06,4.059129e-06,4.783696e-06,4.069341e-06,1.100203e-05,2.167637e-06,2.508575e-06,3.044586e-06,2.979938e-06,1.811494e-06,3.451829e-07,9.256911e-07,8.044802e-07,9.555991e-07,8.557578e-07,3.602068e-07,4.348289e-07,5.726030e-07,2.580627e-07,2.152660e-07,1.415684e-07,3.348728e-07,1.518310e-07
3.076172,1.873004e-06,5.675300e-07,3.613491e-06,4.186671e-06,4.853562e-06,4.187182e-06,1.118394e-05,2.276869e-06,2.555623e-06,3.047079e-06,2.911694e-06,1.905639e-06,3.507032e-07,9.516978e-07,8.197830e-07,1.058636e-06,8.826354e-07,3.984150e-07,5.072875e-07,7.326142e-07,3.077760e-07,2.651325e-07,1.921347e-07,4.728966e-07,2.000652e-07
3.100586,1.897903e-06,5.707819e-07,3.640829e-06,4.152348e-06,4.736193e-06,4.169004e-06,1.084314e-05,2.295917e-06,2.606850e-06,2.992164e-06,2.835852e-06,2.062535e-06,3.543583e-07,9.079507e-07,7.926238e-07,1.071119e-06,8.493352e-07,4.545572e-07,5.005773e-07,8.420697e-07,3.196929e-07,2.929233e-07,2.227678e-07,5.842629e-07,2.720682e-07
3.125000,1.922191e-06,5.728981e-07,3.673364e-06,4.162085e-06,4.648697e-06,4.126065e-06,1.060097e-05,2.289644e-06,2.640843e-06,2.982775e-06,2.854857e-06,2.077385e-06,3.929519e-07,9.300470e-07,8.099490e-07,9.624966e-07,9.017995e-07,4.715925e-07,5.044873e-07,8.965982e-07,3.321500e-07,2.955728e-07,2.451271e-07,6.761080e-07,3.411528e-07
3.149414,1.946034e-06,5.792767e-07,3.695176e-06,4.170935e-06,4.628951e-06,4.125333e-06,1.023944e-05,2.284490e-06,2.686820e-06,2.964010e-06,2.794993e-06,1.996313e-06,4.055244e-07,1.059562e-06,8.635391e-07,8.705911e-07,9.676865e-07,4.499441e-07,5.233880e-07,8.974640e-07,3.689411e-07,2.838181e-07,2.496238e-07,7.258636e-07,4.048189e-07
3.173828,1.936137e-06,5.760151e-07,3.772378e-06,4.125978e-06,4.516422e-06,4.128328e-06,1.007941e-05,2.229216e-06,2.707144e-06,2.982570e-06,2.729995e-06,2.050236e-06,3.862588e-07,1.100907e-06,8.240097e-07,8.535946e-07,9.290945e-07,4.369249e-07,5.511470e-07,9.747375e-07,4.046748e-07,2.815152e-07,2.358581e-07,7.209427e-07,4.407510e-07
3.198242,1.930309e-06,5.712368e-07,3.794701e-06,4.171874e-06,4.480197e-06,3.991305e-06,9.804213e-06,2.258770e-06,2.659295e-06,2.887981e-06,2.575772e-06,2.090635e-06,4.004810e-07,1.043068e-06,7.935892e-07,7.924373e-07,8.266806e-07,4.633809e-07,5.328200e-07,1.047645e-06,4.463322e-07,2.780534e-07,2.233339e-07,6.833257e-07,4.457378e-07
3.222656,1.908090e-06,5.640688e-07,3.799740e-06,4.169635e-06,4.455795e-06,3.956515e-06,9.262763e-06,2.264749e-06,2.760767e-06,2.868999e-06,2.443035e-06,2.053669e-06,4.322987e-07,1.077523e-06,9.179876e-07,7.250544e-07,7.945243e-07,4.692123e-07,5.064826e-07,1.096232e-06,4.566146e-07,2.954899e-07,2.013092e-07,6.339768e-07,4.264522e-07
3.247070,1.874501e-06,5.522180e-07,3.788818e-06,4.141778e-06,4.373644e-06,3.912072e-06,8.993221e-06,2.197449e-06,2.805589e-06,2.931909e-06,2.464438e-06,2.049923e-06,4.408978e-07,1.146271e-06,1.020449e-06,7.610067e-07,7.862740e-07,4.342343e-07,5.049248e-07,1.062879e-06,4.676193e-07,3.025466e-07,1.914415e-07,5.679018e-07,3.969147e-07
3.271484,2.053222e-06,6.023995e-07,4.219203e-06,4.598608e-06,4.800467e-06,4.289800e-06,9.748679e-06,2.499246e-06,3.089054e-06,3.187881e-06,2.648810e-06,2.167068e-06,5.116639e-07,1.314263e-06,1.163901e-06,8.594934e-07,7.760274e-07,4.457908e-07,5.614201e-07,1.139123e-06,5.108187e-07,3.525368e-07,2.035925e-07,5.963991e-07,3.969810e-07
3.295898,2.357823e-06,6.853948e-07,4.873205e-06,5.359606e-06,5.489379e-06,4.935098e-06,1.102088e-05,2.945533e-06,3.672286e-06,3.659904e-06,2.929310e-06,2.409541e-06,6.016261e-07,1.623193e-06,1.424680e-06,8.886155e-07,8.564476e-07,5.214534e-07,6.019018e-07,1.330654e-06,5.811716e-07,4.114425e-07,2.405020e-07,6.359106e-07,4.175718e-07
3.320312,2.682633e-06,7.747061e-07,5.465750e-06,6.178300e-06,6.257195e-06,5.580072e-06,1.215105e-05,3.376259e-06,4.263369e-06,4.186644e-06,3.309154e-06,2.893510e-06,6.590714e-07,1.848854e-06,1.653116e-06,1.039875e-06,1.050478e-06,5.491723e-07,5.747913e-07,1.491328e-06,6.174507e-07,4.688391e-07,2.757329e-07,6.897194e-07,4.092194e-07
3.344727,3.003228e-06,8.622674e-07,6.072484e-06,6.952086e-06,6.979695e-06,6.323198e-06,1.317887e-05,3.805758e-06,4.917041e-06,4.728155e-06,3.647819e-06,3.233093e-06,7.755193e-07,1.971401e-06,1.837454e-06,1.378260e-06,1.163145e-06,5.429136e-07,5.241023e-07,1.546782e-06,6.102599e-07,5.018390e-07,3.145985e-07,7.484389e-07,3.947407e-07
3.369141,2.746703e-06,7.804818e-07,5.403796e-06,6.394309e-06,6.277893e-06,5.674123e-06,1.184064e-05,3.415644e-06,4.542126e-06,4.344446e-06,3.274985e-06,2.715850e-06,7.423755e-07,1.865573e-06,1.798027e-06,1.314570e-06,9.244589e-07,5.447081e-07,4.353039e-07,1.190143e-06,4.731916e-07,4.022787e-07,2.797686e-07,6.891110e-07,3.081005e-07
3.393555,2.279410e-06,6.461672e-07,4.341170e-06,5.360461e-06,5.199639e-06,4.520641e-06,9.514030e-06,2.854970e-06,3.705953e-06,3.508122e-06,2.637260e-06,2.138757e-06,5.781925e-07,1.621062e-06,1.561420e-06,1.104439e-06,7.949652e-07,5.292676e-07,3.131024e-07,8.175931e-07,3.116135e-07,2.778310e-07,2.041044e-07,5.703506e-07,2.433338e-07
3.417969,1.785662e-06,5.045947e-07,3.362338e-06,4.219654e-06,4.041268e-06,3.518764e-06,7.126103e-06,2.270615e-06,2.950313e-06,2.684338e-06,1.973188e-06,1.631239e-06,4.239085e-07,1.214073e-06,1.153373e-06,9.452229e-07,7.351926e-07,4.157324e-07,1.912734e-07,5.730294e-07,2.119210e-07,1.521811e-07,1.351980e-07,4.269594e-07,1.939631e-07
3.442383,1.289401e-06,3.633129e-07,2.394956e-06,3.076562e-06,2.896760e-06,2.510975e-06,5.027623e-06,1.579810e-06,2.179588e-06,1.968590e-06,1.405343e-06,1.154156e-06,2.979787e-07,8.133166e-07,7.930338e-07,6.908621e-07,5.523885e-07,2.898793e-07,1.303662e-07,3.510922e-07,1.186283e-07,7.175869e-08,6.610032e-08,2.706913e-07,1.328804e-07
3.466797,1.542039e-06,4.346655e-07,2.839961e-06,3.711378e-06,3.463920e-06,2.949917e-06,5.842286e-06,1.855102e-06,2.539581e-06,2.329297e-06,1.677523e-06,1.374334e-06,3.453474e-07,9.256091e-07,9.560278e-07,8.070710e-07,6.837109e-07,3.906031e-07,1.824013e-07,2.908212e-07,1.036442e-07,3.888677e-08,4.233026e-08,2.556079e-07,1.413899e-07
3.491211,2.061510e-06,5.838147e-07,3.771907e-06,4.990459e-06,4.625191e-06,3.918927e-06,7.550625e-06,2.514127e-06,3.339071e-06,2.983748e-06,2.119417e-06,1.748646e-06,4.513434e-07,1.177973e-06,1.256165e-06,1.158045e-06,9.884847e-07,5.567692e-07,2.492113e-07,3.711133e-07,7.096410e-08,3.668651e-08,1.624324e-08,2.425802e-07,1.410451e-07
3.515625,2.561624e-06,7.308924e-07,4.766439e-06,6.247797e-06,5.789568e-06,4.856657e-06,9.243952e-06,3.155516e-06,4.237283e-06,3.685539e-06,2.561690e-06,2.012489e-06,5.590505e-07,1.442466e-06,1.516091e-06,1.558404e-06,1.273828e-06,7.128078e-07,3.129436e-07,6.620544e-07,8.675080e-08,9.732282e-08,6.690437e-08,2.551659e-07,1.226843e-07
3.540039,3.069789e-06,8.761831e-07,5.791989e-06,7.466041e-06,6.849960e-06,5.844899e-06,1.083983e-05,3.831885e-06,5.123216e-06,4.374377e-06,3.079323e-06,2.470129e-06,6.235988e-07,1.739556e-06,1.763279e-06,1.827409e-06,1.435041e-06,9.222802e-07,4.383707e-07,9.907426e-07,1.924092e-07,1.961497e-07,1.502139e-07,3.654478e-07,1.407573e-07
3.564453,3.170747e-06,9.107781e-07,6.018274e-06,7.769150e-06,7.061312e-06,5.964738e-06,1.121926e-05,3.936357e-06,5.436876e-06,4.558393e-06,3.149849e-06,2.687418e-06,5.849312e-07,1.671864e-06,1.696530e-06,1.779298e-06,1.479495e-06,1.073440e-06,5.570854e-07,1.156920e-06,3.208725e-07,2.713849e-07,2.188784e-07,5.245165e-07,2.035034e-07
3.588867,2.994200e-06,8.635035e-07,5.839307e-06,7.319960e-06,6.670359e-06,5.613214e-06,1.048165e-05,3.758280e-06,5.179650e-06,4.388004e-06,3.017485e-06,2.506027e-06,5.863632e-07,1.420202e-06,1.419653e-06,1.663420e-06,1.536745e-06,1.047841e-06,5.560640e-07,1.315111e-06,4.268288e-07,3.159011e-07,2.529851e-07,6.614852e-07,2.841748e-07
3.613281,2.839161e-06,8.192221e-07,5.621469e-06,6.854332e-06,6.196882e-06,5.437046e-06,9.686900e-06,3.695415e-06,4.954178e-06,4.077757e-06,2.775840e-06,2.377708e-06,5.939588e-07,1.404692e-06,1.334432e-06,1.554892e-06,1.513122e-06,9.323613e-07,5.282410e-07,1.502236e-06,5.389917e-07,3.462170e-07,2.677515e-07,7.582248e-07,3.562673e-07
3.637695,2.689395e-06,7.784175e-07,5.377206e-06,6.438351e-06,5.776412e-06,5.161074e-06,9.147609e-06,3.483952e-06,4.932693e-06,3.950103e-06,2.513630e-06,2.274790e-06,5.503102e-07,1.435372e-06,1.331975e-06,1.392935e-06,1.369901e-06,8.582738e-07,5.139694e-07,1.550877e-06,6.242171e-07,3.754108e-07,2.668279e-07,7.966248e-07,4.116117e-07
3.662109,2.618829e-06,7.601489e-07,5.252461e-06,6.167597e-06,5.493469e-06,4.988640e-06,8.715477e-06,3.377055e-06,4.839565e-06,3.928052e-06,2.475423e-06,2.219573e-06,5.396828e-07,1.405952e-06,1.200002e-06,1.256556e-06,1.272046e-06,8.821964e-07,5.166623e-07,1.485343e-06,6.815392e-07,4.240426e-07,2.553398e-07,8.006044e-07,4.482757e-07
3.686523,2.657167e-06,7.755206e-07,5.322292e-06,6.182412e-06,5.453697e-06,5.076023e-06,8.643484e-06,3.530768e-06,4.898152e-06,3.911093e-06,2.481636e-06,2.373529e-06,5.521416e-07,1.464812e-06,1.137232e-06,1.259640e-06,1.250214e-06,9.087408e-07,5.128988e-07,1.506908e-06,7.204364e-07,4.782899e-07,2.626125e-07,7.733858e-07,4.750290e-07
3.710938,2.707374e-06,7.908570e-07,5.384213e-06,6.166816e-06,5.377474e-06,5.158569e-06,8.621988e-06,3.623340e-06,5.100995e-06,3.959151e-06,2.412047e-06,2.411110e-06,5.689574e-07,1.485483e-06,1.168746e-06,1.195252e-06,1.206715e-06,8.889284e-07,4.847522e-07,1.568327e-06,7.196190e-07,5.181700e-07,2.687238e-07,7.112570e-07,4.606762e-07
3.735352,2.763875e-06,8.129434e-07,5.404378e-06,6.235456e-06,5.310489e-06,5.298118e-06,8.617714e-06,3.701897e-06,5.270004e-06,4.056689e-06,2.419649e-06,2.274511e-06,6.361670e-07,1.510795e-06,1.212013e-06,9.674805e-07,1.073462e-06,8.553335e-07,4.726000e-07,1.663859e-06,7.046945e-07,5.253026e-07,2.812127e-07,6.615370e-07,4.221434e-07
3.759766,2.788170e-06,8.263867e-07,5.494745e-06,6.337538e-06,5.342840e-06,5.338462e-06,8.765941e-06,3.767482e-06,5.479770e-06,4.145336e-06,2.435561e-06,2.289095e-06,6.746809e-07,1.704155e-06,1.378555e-06,8.336024e-07,9.838225e-07,8.551838e-07,5.026575e-07,1.618108e-06,6.663709e-07,5.141459e-07,2.850269e-07,6.145142e-07,3.746520e-07
3.784180,2.685551e-06,7.976592e-07,5.296840e-06,6.059880e-06,5.049215e-06,5.080992e-06,8.225208e-06,3.589281e-06,5.346487e-06,4.051405e-06,2.331120e-06,2.307392e-06,6.240272e-07,1.736730e-06,1.479661e-06,7.998151e-07,9.285644e-07,7.506080e-07,4.809507e-07,1.477262e-06,5.734244e-07,4.609288e-07,2.653667e-07,5.627915e-07,3.090460e-07
3.808594,2.581984e-06,7.758991e-07,5.057414e-06,5.906153e-06,4.822211e-06,4.929162e-06,7.644559e-06,3.542389e-06,5.068146e-06,3.808910e-06,2.252897e-06,2.193442e-06,6.054104e-07,1.601655e-06,1.414185e-06,7.165675e-07,7.726267e-07,5.611255e-07,4.247948e-07,1.347867e-06,4.778412e-07,3.894913e-07,2.431388e-07,5.219612e-07,2.519254e-07
3.833008,2.463291e-06,7.485319e-07,4.864411e-06,5.724228e-06,4.655078e-06,4.682759e-06,7.272399e-06,3.423550e-06,4.976802e-06,3.588015e-06,2.077153e-06,2.029138e-06,6.244583e-07,1.513490e-06,1.336387e-06,6.562625e-07,5.332967e-07,4.426966e-07,3.457726e-07,1.287928e-06,4.048245e-07,3.145336e-07,2.102165e-07,4.870726e-07,2.021388e-07
3.857422,2.343250e-06,7.191973e-07,4.671511e-06,5.492348e-06,4.440032e-06,4.465451e-06,6.806995e-06,3.181641e-06,4.858094e-06,3.516664e-06,1.948801e-06,1.881425e-06,6.079846e-07,1.539393e-06,1.397739e-06,6.906643e-07,4.346978e-07,4.285206e-07,2.879431e-07,1.154656e-06,3.731001e-07,2.342331e-07,1.764688e-07,4.627962e-07,1.644443e-07
3.881836,2.209660e-06,6.817096e-07,4.444966e-06,5.193499e-06,4.176532e-06,4.256978e-06,6.347320e-06,3.040999e-06,4.496139e-06,3.295881e-06,1.891236e-06,1.679362e-06,5.653090e-07,1.490272e-06,1.420216e-06,6.610007e-07,4.324052e-07,3.551667e-07,2.515607e-07,9.396478e-07,3.544854e-07,1.880619e-07,1.292078e-07,4.263235e-07,1.485890e-07
3.906250,2.066685e-06,6.426463e-07,4.140710e-06,4.850486e-06,3.860573e-06,3.991739e-06,5.882020e-06,2.882861e-06,4.211087e-06,3.006948e-06,1.730485e-06,1.574011e-06,5.232229e-07,1.389004e-06,1.310707e-06,6.470655e-07,4.021106e-07,2.666141e-07,1.869466e-07,6.907452e-07,3.304379e-07,1.643922e-07,9.156550e-08,3.818552e-07,1.446161e-07
3.930664,1.904664e-06,5.982444e-07,3.855534e-06,4.535509e-06,3.587594e-06,3.724948e-06,5.419631e-06,2.707786e-06,3.942889e-06,2.768441e-06,1.563762e-06,1.504534e-06,4.587920e-07,1.292761e-06,1.214552e-06,7.245104e-07,4.366834e-07,2.755743e-07,1.126782e-07,4.852537e-07,2.824385e-07,1.610614e-07,6.015896e-08,3.028106e-07,1.440623e-07
3.955078,1.761142e-06,5.544992e-07,3.582607e-06,4.146107e-06,3.289544e-06,3.385839e-06,5.002829e-06,2.533529e-06,3.678076e-06,2.521845e-06,1.434230e-06,1.296776e-06,4.099560e-07,1.121707e-06,1.114876e-06,7.791365e-07,4.791863e-07,2.989278e-07,8.147697e-08,3.566737e-07,2.239058e-07,1.452737e-07,4.752051e-08,2.219934e-07,1.240347e-07
3.979492,1.624095e-06,5.166499e-07,3.262510e-06,3.778548e-06,2.956705e-06,3.086060e-06,4.479287e-06,2.293651e-06,3.437969e-06,2.334765e-06,1.302462e-06,1.113292e-06,3.973062e-07,9.603026e-07,9.734315e-07,7.351851e-07,4.599659e-07,3.138379e-07,7.644348e-08,1.810177e-07,1.548969e-07,1.187137e-07,3.996516e-08,1.371511e-07,9.748510e-08
4.003906,1.671216e-06,5.366414e-07,3.356794e-06,3.895073e-06,3.020077e-06,3.198211e-06,4.517340e-06,2.377940e-06,3.495176e-06,2.399248e-06,1.358804e-06,1.163951e-06,4.019293e-07,1.035407e-06,1.000265e-06,7.637831e-07,4.789081e-07,4.032831e-07,8.143384e-08,4.242756e-08,9.346797e-08,9.147662e-08,3.752255e-08,9.014280e-08,7.334336e-08
4.028320,1.756894e-06,5.674511e-07,3.502610e-06,4.019915e-06,3.103458e-06,3.275296e-06,4.734626e-06,2.523677e-06,3.664932e-06,2.441941e-06,1.408391e-06,1.222841e-06,3.810579e-07,1.085712e-06,1.084999e-06,8.774753e-07,5.779568e-07,5.180584e-07,1.106395e-07,2.969624e-07,3.383277e-08,4.437950e-08,3.188705e-08,9.485735e-08,5.805379e-08
4.052734,1.843122e-06,6.005100e-07,3.640005e-06,4.157176e-06,3.168022e-06,3.353727e-06,4.851348e-06,2.575298e-06,3.948898e-06,2.583604e-06,1.403191e-06,1.278529e-06,3.837289e-07,1.034305e-06,1.056828e-06,9.622797e-07,7.148128e-07,5.877220e-07,1.693622e-07,4.893546e-07,5.954285e-08,8.770149e-09,2.553672e-08,1.433382e-07,7.155755e-08
4.077148,1.931928e-06,6.355202e-07,3.779552e-06,4.302341e-06,3.243967e-06,3.449501e-06,4.933276e-06,2.687374e-06,4.079720e-06,2.717781e-06,1.457539e-06,1.332980e-06,4.050479e-07,1.014368e-06,9.653024e-07,9.987000e-07,7.931997e-07,6.079823e-07,2.190652e-07,6.674292e-07,1.431216e-07,8.220454e-08,4.508382e-08,2.186514e-07,1.105808e-07
4.101562,2.001413e-06,6.670723e-07,3.929444e-06,4.474367e-06,3.326520e-06,3.498752e-06,5.009464e-06,2.853128e-06,4.203173e-06,2.746649e-06,1.522735e-06,1.334714e-06,4.245077e-07,1.037788e-06,9.637031e-07,1.061808e-06,8.073223e-07,6.397454e-07,2.512158e-07,8.643444e-07,2.365737e-07,1.569183e-07,7.751163e-08,2.996214e-07,1.633885e-07
4.125977,2.044251e-06,6.863769e-07,4.045981e-06,4.560444e-06,3.383450e-06,3.486291e-06,4.977086e-06,2.901028e-06,4.361743e-06,2.785328e-06,1.495600e-06,1.373549e-06,4.506746e-07,1.051690e-06,9.720245e-07,1.114924e-06,8.373954e-07,7.305694e-07,2.721653e-07,1.082016e-06,2.997698e-07,2.381535e-07,1.151723e-07,3.760313e-07,2.187879e-07
4.150391,2.086927e-06,7.131297e-07,4.115552e-06,4.620872e-06,3.394757e-06,3.415654e-06,4.984457e-06,2.959695e-06,4.476502e-06,2.837982e-06,1.492768e-06,1.498953e-06,4.632286e-07,1.127611e-06,9.575381e-07,1.065478e-06,8.710756e-07,7.896622e-07,3.030693e-07,1.251615e-06,3.526183e-07,3.041318e-07,1.569883e-07,4.201235e-07,2.693034e-07
4.174805,2.101695e-06,7.297538e-07,4.234851e-06,4.756868e-06,3.449985e-06,3.406673e-06,4.864060e-06,2.971149e-06,4.647763e-06,2.903268e-06,1.504635e-06,1.509471e-06,4.498272e-07,1.194142e-06,9.701394e-07,9.526494e-07,8.355895e-07,7.996702e-07,3.242674e-07,1.335069e-06,3.920187e-07,3.533136e-07,1.983039e-07,4.603051e-07,2.993088e-07
4.199219,2.129427e-06,7.446518e-07,4.369567e-06,4.808650e-06,3.507103e-06,3.446685e-06,4.772721e-06,3.002910e-06,4.721139e-06,2.990583e-06,1.521812e-06,1.436025e-06,4.836324e-07,1.159280e-06,9.582652e-07,9.065785e-07,7.912720e-07,8.231422e-07,3.271741e-07,1.349638e-06,4.297250e-07,3.828606e-07,2.311858e-07,4.801013e-07,3.154359e-07
4.223633,2.161481e-06,7.639399e-07,4.475987e-06,4.843084e-06,3.513857e-06,3.424351e-06,4.773847e-06,3.156804e-06,4.729491e-06,2.947089e-06,1.582015e-06,1.451648e-06,5.426742e-07,1.207287e-06,8.935154e-07,9.081383e-07,8.071777e-07,8.546985e-07,3.096051e-07,1.365027e-06,4.700517e-07,3.940352e-07,2.540299e-07,5.090949e-07,3.089181e-07
4.248047,2.213157e-06,7.899099e-07,4.628789e-06,4.974885e-06,3.582571e-06,3.509207e-06,4.721121e-06,3.207360e-06,5.011757e-06,2.999417e-06,1.582897e-06,1.496693e-06,5.560631e-07,1.384194e-06,9.748990e-07,8.474492e-07,8.199615e-07,8.229107e-07,3.138471e-07,1.422502e-06,4.951771e-07,3.965995e-07,2.682444e-07,5.453305e-07,2.963768e-07
4.272461,2.250743e-06,8.138172e-07,4.780691e-06,5.108851e-06,3.659977e-06,3.611028e-06,4.730583e-06,3.243041e-06,5.174404e-06,3.146248e-06,1.577329e-06,1.537303e-06,5.604305e-07,1.465849e-06,1.138333e-06,7.429135e-07,7.424448e-07,7.353210e-07,3.373936e-07,1.459270e-06,5.135492e-07,3.891976e-07,2.666142e-07,5.867106e-07,2.776400e-07
4.296875,2.294960e-06,8.351651e-07,4.965083e-06,5.248417e-06,3.758407e-06,3.690277e-06,4.789952e-06,3.391496e-06,5.208516e-06,3.179829e-06,1.669265e-06,1.606214e-06,5.921791e-07,1.482880e-06,1.192409e-06,6.952448e-07,6.239627e-07,6.602030e-07,3.403196e-07,1.414289e-06,5.103457e-07,3.631802e-07,2.585790e-07,6.107487e-07,2.624551e-07
4.321289,2.349706e-06,8.650324e-07,5.095586e-06,5.310432e-06,3.817121e-06,3.784158e-06,4.857687e-06,3.503730e-06,5.374783e-06,3.205407e-06,1.719254e-06,1.553880e-06,6.147802e-07,1.541862e-06,1.230206e-06,6.186093e-07,5.370411e-07,6.457093e-07,3.184240e-07,1.314853e-06,5.048270e-07,3.354521e-07,2.318261e-07,6.156972e-07,2.466094e-07
4.345703,2.373918e-06,8.846286e-07,5.215515e-06,5.413815e-06,3.837943e-06,3.844125e-06,4.925628e-06,3.639311e-06,5.491765e-06,3.235640e-06,1.720021e-06,1.492404e-06,6.567835e-07,1.549860e-06,1.338266e-06,4.843619e-07,4.847615e-07,6.006959e-07,2.945015e-07,1.302221e-06,4.813256e-07,2.975734e-07,2.001333e-07,5.999110e-07,2.284725e-07
4.370117,2.378142e-06,8.891595e-07,5.279483e-06,5.434875e-06,3.859264e-06,3.941501e-06,4.804996e-06,3.683577e-06,5.598054e-06,3.202503e-06,1.711310e-06,1.554770e-06,6.945350e-07,1.584462e-06,1.382022e-06,5.239198e-07,3.814579e-07,4.757448e-07,2.760500e-07,1.269203e-06,4.342024e-07,2.683490e-07,1.556456e-07,5.689458e-07,2.067909e-07
4.394531,2.381350e-06,8.997353e-07,5.280667e-06,5.389926e-06,3.835792e-06,4.000012e-06,4.809650e-06,3.668809e-06,5.702561e-06,3.269610e-06,1.687703e-06,1.574988e-06,6.662327e-07,1.695932e-06,1.452112e-06,6.330019e-07,2.984425e-07,3.518301e-07,2.519475e-07,1.181925e-06,3.737919e-07,2.426946e-07,1.165097e-07,5.116721e-07,1.992699e-07
4.418945,2.366573e-06,9.034432e-07,5.311513e-06,5.435107e-06,3.830876e-06,3.946556e-06,4.891585e-06,3.761259e-06,5.645323e-06,3.261522e-06,1.727543e-06,1.501538e-06,6.183938e-07,1.676353e-06,1.552157e-06,6.481772e-07,3.096512e-07,2.974439e-07,2.008155e-07,9.666837e-07,2.912797e-07,2.237181e-07,8.862207e-08,4.419667e-07,1.929425e-07
4.443359,2.353255e-06,9.071023e-07,5.356332e-06,5.487393e-06,3.869965e-06,3.957209e-06,4.850803e-06,3.767133e-06,5.785721e-06,3.220949e-06,1.772677e-06,1.466904e-06,6.396670e-07,1.531531e-06,1.527485e-06,6.973663e-07,2.856155e-07,2.225194e-07,1.345108e-07,7.861498e-07,2.166032e-07,2.016548e-07,7.716003e-08,3.297433e-07,1.837487e-07
4.467773,2.346993e-06,9.107102e-07,5.412570e-06,5.541519e-06,3.903132e-06,3.946298e-06,4.854691e-06,3.687330e-06,5.948067e-06,3.318010e-06,1.728963e-06,1.435270e-06,6.583025e-07,1.502691e-06,1.408971e-06,8.493546e-07,2.710522e-07,2.443185e-07,8.390280e-08,6.105485e-07,1.646367e-07,1.606240e-07,8.248429e-08,2.027993e-07,1.565554e-07
4.492188,2.291506e-06,8.976461e-07,5.298554e-06,5.428134e-06,3.841087e-06,3.810514e-06,4.723280e-06,3.651603e-06,5.716906e-06,3.249807e-06,1.685423e-06,1.383335e-06,6.195561e-07,1.499007e-06,1.379348e-06,9.181363e-07,3.904723e-07,3.964261e-07,4.702446e-08,4.353282e-07,1.280284e-07,1.226491e-07,7.468765e-08,7.793297e-08,1.108604e-07
4.516602,2.218582e-06,8.781093e-07,5.174667e-06,5.311423e-06,3.742428e-06,3.671094e-06,4.552634e-06,3.587722e-06,5.584954e-06,3.107380e-06,1.682463e-06,1.391323e-06,5.887798e-07,1.427495e-06,1.395103e-06,9.648968e-07,5.082854e-07,4.653774e-07,1.858309e-08,1.994169e-07,8.906768e-08,7.496795e-08,6.447458e-08,4.916973e-08,6.059269e-08
4.541016,2.167932e-06,8.571617e-07,5.102714e-06,5.246894e-06,3.696625e-06,3.502469e-06,4.367097e-06,3.477021e-06,5.498790e-06,3.028554e-06,1.616960e-06,1.315754e-06,5.452585e-07,1.376593e-06,1.310520e-06,1.060171e-06,5.426722e-07,4.688150e-07,7.685510e-08,1.328185e-07,4.596609e-08,4.261526e-08,4.440548e-08,1.083851e-07,1.296824e-08
4.565430,2.128622e-06,8.482764e-07,4.967023e-06,5.102071e-06,3.645355e-06,3.412662e-06,4.103580e-06,3.366426e-06,5.394465e-06,2.936966e-06,1.563493e-06,1.188817e-06,5.048341e-07,1.289961e-06,1.219340e-06,1.108644e-06,5.674412e-07,5.117667e-07,1.384393e-07,3.740250e-07,1.338009e-08,4.790285e-08,3.118489e-08,1.332709e-07,2.813215e-08
4.589844,2.067170e-06,8.329608e-07,4.831846e-06,4.982599e-06,3.540921e-06,3.299481e-06,3.922975e-06,3.193979e-06,5.342385e-06,2.894568e-06,1.521262e-06,1.198505e-06,5.209155e-07,1.142767e-06,1.126873e-06,1.040375e-06,6.059212e-07,5.989461e-07,1.768799e-07,5.624685e-07,6.536466e-08,8.898813e-08,4.828043e-08,1.436462e-07,6.032613e-08
4.614258,2.052650e-06,8.323202e-07,4.835540e-06,5.029703e-06,3.564882e-06,3.197891e-06,3.857853e-06,3.172722e-06,5.221039e-06,2.884522e-06,1.506571e-06,1.255333e-06,5.370135e-07,1.139934e-06,1.002615e-06,1.001778e-06,6.213768e-07,6.587150e-07,1.968869e-07,6.991617e-07,1.365756e-07,1.366068e-07,8.194815e-08,1.328581e-07,9.318857e-08
4.638672,2.065213e-06,8.440590e-07,4.887782e-06,5.078066e-06,3.631463e-06,3.222863e-06,3.740615e-06,3.227073e-06,5.156311e-06,2.790557e-06,1.553451e-06,1.237435e-06,5.077563e-07,1.222309e-06,9.647444e-07,1.058439e-06,6.100647e-07,6.940716e-07,2.349456e-07,9.061707e-07,2.294047e-07,1.799471e-07,1.206077e-07,1.371577e-07,1.288845e-07
4.663086,2.087694e-06,8.596631e-07,4.938432e-06,5.103710e-06,3.672489e-06,3.226374e-06,3.690674e-06,3.142685e-06,5.291704e-06,2.771877e-06,1.561889e-06,1.224619e-06,5.068252e-07,1.188685e-06,1.030804e-06,1.092811e-06,6.454188e-07,7.484272e-07,2.756010e-07,1.119673e-06,3.271921e-07,2.140727e-07,1.573752e-07,1.503246e-07,1.635912e-07
4.687500,2.103259e-06,8.753743e-07,4.966467e-06,5.099022e-06,3.693057e-06,3.197842e-06,3.670248e-06,3.120197e-06,5.256201e-06,2.818533e-06,1.512342e-06,1.199952e-06,5.505048e-07,1.141305e-06,1.013803e-06,1.038166e-06,7.040117e-07,8.043338e-07,2.956335e-07,1.256941e-06,4.217728e-07,2.556018e-07,1.842297e-07,1.901539e-07,1.871753e-07
4.711914,2.126417e-06,8.875008e-07,5.046802e-06,5.143410e-06,3.715296e-06,3.182498e-06,3.632167e-06,3.169445e-06,5.157924e-06,2.766842e-06,1.544490e-06,1.173933e-06,5.720907e-07,1.203477e-06,9.181098e-07,9.808857e-07,7.161345e-07,7.785571e-07,2.939201e-07,1.275993e-06,4.999131e-07,2.876777e-07,2.030542e-07,2.684584e-07,1.962514e-07
4.736328,2.144476e-06,9.042063e-07,5.066513e-06,5.149083e-06,3.764169e-06,3.147716e-06,3.574922e-06,3.152698e-06,5.151663e-06,2.705604e-06,1.576990e-06,1.221277e-06,5.824387e-07,1.250926e-06,9.268339e-07,9.320978e-07,6.472130e-07,7.002908e-07,2.888194e-07,1.258224e-06,5.417627e-07,3.262335e-07,2.116348e-07,3.602372e-07,1.981497e-07
4.760742,2.035298e-06,8.711179e-07,4.846172e-06,4.858172e-06,3.579983e-06,3.032771e-06,3.316595e-06,3.038986e-06,4.864627e-06,2.532246e-06,1.481907e-06,1.192181e-06,5.625437e-07,1.229181e-06,9.234472e-07,7.757863e-07,5.602515e-07,6.417812e-07,2.829018e-07,1.218710e-06,5.422556e-07,3.322570e-07,1.996336e-07,4.321962e-07,1.909503e-07
4.785156,1.939943e-06,8.346997e-07,4.699472e-06,4.655014e-06,3.406792e-06,2.850490e-06,3.157238e-06,2.887761e-06,4.654008e-06,2.358740e-06,1.401098e-06,1.066419e-06,5.098526e-07,1.229943e-06,8.921581e-07,5.995870e-07,5.052690e-07,6.274681e-07,2.789946e-07,1.171386e-06,5.132525e-07,3.290528e-07,1.864797e-07,4.649991e-07,1.953738e-07
4.809570,1.849545e-06,8.055098e-07,4.511764e-06,4.409570e-06,3.273700e-06,2.627828e-06,2.997305e-06,2.731287e-06,4.427174e-06,2.258828e-06,1.307025e-06,9.845100e-07,4.864613e-07,1.136004e-06,8.969364e-07,5.209132e-07,4.331379e-07,5.702035e-07,2.541296e-07,1.058872e-06,4.738944e-07,3.084976e-07,1.667963e-07,4.767761e-07,1.953465e-07
4.833984,1.747450e-06,7.722347e-07,4.307743e-06,4.114549e-06,3.084723e-06,2.471860e-06,2.747700e-06,2.642161e-06,4.105325e-06,2.098478e-06,1.232272e-06,9.650048e-07,5.063082e-07,1.013562e-06,8.749927e-07,4.832398e-07,3.506154e-07,4.762760e-07,2.252645e-07,9.059876e-07,4.111087e-07,2.802131e-07,1.462385e-07,4.522771e-07,1.936265e-07
4.858398,1.631650e-06,7.326943e-07,4.100840e-06,3.840075e-06,2.894783e-06,2.279083e-06,2.553110e-06,2.440217e-06,3.975494e-06,1.944855e-06,1.205999e-06,9.074285e-07,4.859706e-07,1.014559e-06,7.960586e-07,3.695889e-07,2.931492e-07,3.910838e-07,2.058676e-07,7.715397e-07,3.270590e-07,2.461970e-07,1.236208e-07,4.135905e-07,1.817066e-07
4.882812,1.578235e-06,7.151836e-07,4.094044e-06,3.737960e-06,2.823791e-06,2.177197e-06,2.456861e-06,2.340153e-06,3.943579e-06,1.962626e-06,1.163883e-06,8.799369e-07,4.489055e-07,1.056290e-06,8.156841e-07,2.862383e-07,2.562271e-07,3.330108e-07,1.988662e-07,7.325679e-07,2.621721e-07,2.106278e-07,1.063712e-07,3.739008e-07,1.727568e-07
4.907227,1.594558e-06,7.339391e-07,4.244263e-06,3.819167e-06,2.917917e-06,2.182208e-06,2.465234e-06,2.440896e-06,3.934335e-06,1.996580e-06,1.166721e-06,8.929031e-07,4.558884e-07,1.048084e-06,9.289149e-07,3.119778e-07,1.997639e-07,2.625134e-07,1.888888e-07,7.216977e-07,2.094994e-07,1.717518e-07,9.756414e-08,3.356092e-07,1.668864e-07
4.931641,1.583682e-06,7.411869e-07,4.386972e-06,3.837089e-06,2.975899e-06,2.205042e-06,2.456447e-06,2.496273e-06,4.022504e-06,2.004849e-06,1.225017e-06,8.639538e-07,4.738447e-07,1.036304e-06,9.593414e-07,3.428013e-07,1.149345e-07,1.624319e-07,1.557510e-07,6.464304e-07,1.930956e-07,1.266452e-07,8.290458e-08,2.752717e-07,1.567023e-07
4.956055,1.587511e-06,7.447538e-07,4.578822e-06,3.917455e-06,3.022905e-06,2.258226e-06,2.424249e-06,2.551798e-06,4.103355e-06,2.037419e-06,1.245206e-06,8.979309e-07,4.846344e-07,1.049545e-06,9.291193e-07,3.947757e-07,1.062599e-07,1.348469e-07,1.268661e-07,5.510667e-07,1.834532e-07,7.618544e-08,7.010538e-08,1.984020e-07,1.366691e-07
4.980469,1.601971e-06,7.553073e-07,4.715893e-06,3.993223e-06,3.123065e-06,2.246656e-06,2.467269e-06,2.548466e-06,4.251663e-06,2.058736e-06,1.261830e-06,9.617428e-07,5.214001e-07,1.026492e-06,9.496165e-07,5.165278e-07,1.494839e-07,1.543623e-07,1.047317e-07,4.506789e-07,1.858992e-07,5.263716e-08,4.988815e-08,1.066306e-07,1.092930e-07
5.004883,1.616359e-06,7.644622e-07,4.809664e-06,3.998949e-06,3.194000e-06,2.267783e-06,2.470986e-06,2.541646e-06,4.370090e-06,2.152433e-06,1.275428e-06,9.276149e-07,5.267308e-07,1.084208e-06,9.488553e-07,6.105383e-07,1.659372e-07,1.391861e-07,7.890326e-08,3.946111e-07,1.785936e-07,6.146403e-08,3.130645e-08,4.168980e-08,7.158901e-08
5.029297,1.691867e-06,8.006363e-07,5.047625e-06,4.154122e-06,3.353785e-06,2.400118e-06,2.537005e-06,2.718210e-06,4.468417e-06,2.250576e-06,1.319257e-06,9.280804e-07,5.043414e-07,1.199856e-06,9.778807e-07,6.495493e-07,2.115649e-07,1.774955e-07,3.658954e-08,2.852814e-07,1.766081e-07,7.768558e-08,1.522103e-08,8.180712e-08,4.159985e-08
5.053711,1.802610e-06,8.506522e-07,5.360387e-06,4.386355e-06,3.576179e-06,2.527295e-06,2.713731e-06,2.864732e-06,4.778895e-06,2.321011e-06,1.459400e-06,1.007367e-06,5.519968e-07,1.189637e-06,1.107930e-06,7.584983e-07,2.827799e-07,2.977746e-07,1.822818e-08,1.668141e-07,1.594336e-07,8.784579e-08,1.103851e-08,1.343423e-07,4.426866e-08
5.078125,1.927168e-06,9.084487e-07,5.662942e-06,4.640252e-06,3.813687e-06,2.667783e-06,2.870107e-06,2.956733e-06,5.143013e-06,2.479469e-06,1.571449e-06,1.078755e-06,6.260319e-07,1.191856e-06,1.148186e-06,9.577165e-07,3.388674e-07,4.014011e-07,7.270359e-08,2.145910e-07,1.059679e-07,8.382959e-08,2.006872e-08,1.633576e-07,6.171577e-08
5.102539,2.039891e-06,9.673871e-07,5.914230e-06,4.863588e-06,4.068746e-06,2.817912e-06,3.012324e-06,3.138645e-06,5.324292e-06,2.631413e-06,1.611790e-06,1.182030e-06,6.510574e-07,1.321817e-06,1.071412e-06,1.090859e-06,3.927569e-07,4.827097e-07,1.141993e-07,4.042340e-07,4.081746e-08,5.341570e-08,3.491509e-08,1.669262e-07,7.226378e-08
5.126953,2.170159e-06,1.025273e-06,6.220455e-06,5.062273e-06,4.267869e-06,2.975496e-06,3.152421e-06,3.309102e-06,5.542449e-06,2.718564e-06,1.713288e-06,1.242976e-06,6.780656e-07,1.410771e-06,1.086618e-06,1.144272e-06,4.967346e-07,6.042022e-07,1.661307e-07,6.150602e-07,9.889630e-08,1.327475e-08,5.094823e-08,1.413110e-07,6.762867e-08
5.151367,2.317615e-06,1.102351e-06,6.502728e-06,5.365769e-06,4.509622e-06,3.138685e-06,3.287671e-06,3.483604e-06,5.799809e-06,2.828540e-06,1.844542e-06,1.229337e-06,7.076579e-07,1.482534e-06,1.190970e-06,1.242469e-06,6.053435e-07,7.241508e-07,2.373574e-07,8.709278e-07,2.117919e-07,8.172170e-08,7.727065e-08,1.017928e-07,5.147217e-08
5.175781,2.272268e-06,1.095651e-06,6.286154e-06,5.242563e-06,4.489987e-06,3.002712e-06,3.288968e-06,3.450606e-06,5.635535e-06,2.712319e-06,1.804002e-06,1.201168e-06,6.984721e-07,1.448952e-06,1.152865e-06,1.232704e-06,6.008690e-07,7.301363e-07,2.989938e-07,1.110215e-06,3.244714e-07,1.743085e-07,9.980354e-08,1.248056e-07,2.185755e-08
5.200195,2.140089e-06,1.038726e-06,5.941050e-06,4.958561e-06,4.244828e-06,2.799711e-06,3.108561e-06,3.223320e-06,5.388443e-06,2.529695e-06,1.710766e-06,1.192216e-06,7.119538e-07,1.312740e-06,1.087033e-06,1.074923e-06,5.348078e-07,6.595712e-07,3.099243e-07,1.261345e-06,3.936417e-07,2.505739e-07,1.289872e-07,2.255082e-07,4.004583e-08
5.224609,2.003450e-06,9.783785e-07,5.641064e-06,4.758250e-06,4.055924e-06,2.648679e-06,2.871417e-06,3.071688e-06,5.028076e-06,2.414314e-06,1.587952e-06,1.106731e-06,7.111607e-07,1.245771e-06,1.013495e-06,9.717822e-07,5.050913e-07,6.395281e-07,3.029538e-07,1.295825e-06,4.500068e-07,3.110821e-07,1.585715e-07,3.259300e-07,8.830179e-08
5.249023,1.866429e-06,9.173709e-07,5.356432e-06,4.548377e-06,3.898303e-06,2.445752e-06,2.698120e-06,2.912486e-06,4.657459e-06,2.211482e-06,1.464896e-06,9.933978e-07,6.390879e-07,1.279105e-06,9.053347e-07,9.413442e-07,4.730969e-07,6.502255e-07,2.937611e-07,1.244966e-06,4.930819e-07,3.442705e-07,1.851418e-07,4.174629e-07,1.352887e-07
5.273438,1.717781e-06,8.512846e-07,5.043408e-06,4.317622e-06,3.741251e-06,2.273476e-06,2.493405e-06,2.635593e-06,4.492931e-06,2.062788e-06,1.427659e-06,9.326192e-07,5.645207e-07,1.230347e-06,8.672674e-07,8.586043e-07,4.105494e-07,6.010257e-07,2.961118e-07,1.199000e-06,5.074457e-07,3.553556e-07,2.041603e-07,4.642238e-07,1.782879e-07
5.297852,1.586745e-06,7.819154e-07,4.768026e-06,4.049574e-06,3.544240e-06,2.104214e-06,2.292290e-06,2.452014e-06,4.159195e-06,1.971426e-06,1.329313e-06,8.671791e-07,5.524152e-07,1.070056e-06,8.824251e-07,6.892642e-07,3.626354e-07,5.220081e-07,2.796070e-07,1.172353e-06,5.047253e-07,3.486363e-07,2.107099e-07,4.751102e-07,2.057917e-07
5.322266,1.602895e-06,7.880733e-07,4.854791e-06,4.162709e-06,3.632340e-06,2.120630e-06,2.274431e-06,2.493629e-06,4.105003e-06,1.961464e-06,1.311063e-06,8.763489e-07,5.765720e-07,1.052292e-06,8.888434e-07,5.942123e-07,3.605969e-07,5.098638e-07,2.627227e-07,1.191100e-06,5.127876e-07,3.480760e-07,2.246398e-07,4.892033e-07,2.331361e-07
5.346680,1.742975e-06,8.603041e-07,5.276222e-06,4.628127e-06,4.124899e-06,2.315129e-06,2.463851e-06,2.728541e-06,4.473113e-06,2.125795e-06,1.465853e-06,9.920803e-07,6.231481e-07,1.184187e-06,8.993512e-07,5.833203e-07,3.670595e-07,5.185670e-07,2.715234e-07,1.233837e-06,5.553818e-07,3.671642e-07,2.489850e-07,5.197064e-07,2.649383e-07
5.371094,1.893316e-06,9.283446e-07,5.732212e-06,5.030500e-06,4.571155e-06,2.463178e-06,2.699217e-06,2.955414e-06,4.836705e-06,2.283730e-06,1.598647e-06,1.033503e-06,6.818102e-07,1.279231e-06,9.873046e-07,5.472113e-07,3.190181e-07,4.735666e-07,2.921620e-07,1.202148e-06,5.922649e-07,3.541722e-07,2.598494e-07,5.191640e-07,2.804422e-07
5.395508,2.051083e-06,1.004441e-06,6.186406e-06,5.496589e-06,5.011883e-06,2.661985e-06,2.870772e-06,3.110276e-06,5.292951e-06,2.452958e-06,1.730704e-06,1.067406e-06,7.060371e-07,1.414115e-06,1.123730e-06,5.275757e-07,2.598312e-07,3.958970e-07,3.079139e-07,1.218946e-06,6.147042e-07,3.268978e-07,2.607305e-07,4.903668e-07,2.801931e-07
5.419922,2.207255e-06,1.082180e-06,6.616756e-06,5.952946e-06,5.505846e-06,2.870811e-06,3.016034e-06,3.303022e-06,5.690918e-06,2.694733e-06,1.857357e-06,1.203088e-06,7.258518e-07,1.522206e-06,1.196782e-06,5.986558e-07,2.374251e-07,3.642157e-07,2.922684e-07,1.267235e-06,6.123595e-07,2.860232e-07,2.390718e-07,4.224084e-07,2.663074e-07
5.444336,2.360962e-06,1.163126e-06,7.032764e-06,6.347651e-06,5.980671e-06,3.003470e-06,3.243007e-06,3.580596e-06,5.912538e-06,2.863099e-06,1.934288e-06,1.292415e-06,8.307887e-07,1.495075e-06,1.313297e-06,6.484489e-07,2.236375e-07,3.551725e-07,2.538022e-07,1.244515e-06,5.727277e-07,2.501715e-07,2.051375e-07,3.215025e-07,2.387974e-07
5.468750,2.487289e-06,1.226500e-06,7.376649e-06,6.605962e-06,6.353494e-06,3.128122e-06,3.390519e-06,3.687942e-06,6.248958e-06,2.924413e-06,2.057492e-06,1.304623e-06,9.054381e-07,1.528176e-06,1.384150e-06,6.050553e-07,1.810319e-07,2.927438e-07,2.250586e-07,1.083419e-06,4.912879e-07,2.212193e-07,1.533277e-07,1.848966e-07,1.939042e-07
5.493164,2.423331e-06,1.201609e-06,7.163911e-06,6.312535e-06,6.147839e-06,3.019527e-06,3.246610e-06,3.500002e-06,6.108436e-06,2.862381e-06,2.068336e-06,1.217012e-06,8.302395e-07,1.580473e-06,1.223444e-06,6.805437e-07,1.510870e-07,1.682256e-07,1.838136e-07,8.649218e-07,3.667872e-07,1.907390e-07,9.205950e-08,3.149900e-08,1.327233e-07
5.517578,2.320239e-06,1.164600e-06,6.876895e-06,6.074916e-06,5.976830e-06,2.921222e-06,3.104995e-06,3.416881e-06,5.762651e-06,2.778279e-06,1.973271e-06,1.128594e-06,7.838799e-07,1.528079e-06,1.152138e-06,8.451764e-07,1.567671e-07,1.312475e-07,1.236221e-07,7.208891e-07,2.663140e-07,1.666108e-07,5.230591e-08,9.073719e-08,8.040036e-08
5.541992,2.229841e-06,1.113964e-06,6.709631e-06,5.741831e-06,5.782791e-06,2.799240e-06,2.976857e-06,3.280604e-06,5.525186e-06,2.636783e-06,1.886529e-06,1.069799e-06,7.769314e-07,1.411401e-06,1.190846e-06,8.818438e-07,1.581773e-07,1.623514e-07,5.646193e-08,5.721720e-07,2.001014e-07,1.378819e-07,4.767692e-08,1.706709e-07,7.417192e-08
5.566406,2.154377e-06,1.075059e-06,6.592814e-06,5.465710e-06,5.489766e-06,2.620705e-06,2.908002e-06,3.170374e-06,5.302666e-06,2.531124e-06,1.858478e-06,1.072539e-06,7.530525e-07,1.346566e-06,1.148542e-06,8.918322e-07,1.995000e-07,1.992391e-07,8.053238e-09,3.536578e-07,1.362988e-07,1.193727e-07,6.130172e-08,2.083949e-07,9.707576e-08
5.590820,2.068204e-06,1.034796e-06,6.402526e-06,5.269583e-06,5.286035e-06,2.514814e-06,2.758773e-06,3.034215e-06,5.093287e-06,2.388574e-06,1.792002e-06,1.020839e-06,7.361786e-07,1.278113e-06,1.032989e-06,9.427891e-07,2.743325e-07,2.811753e-07,3.728082e-08,9.678958e-08,1.069229e-07,8.848500e-08,6.311246e-08,2.087450e-07,1.134313e-07
5.615234,1.990281e-06,9.945916e-07,6.207089e-06,5.013900e-06,5.094582e-06,2.409330e-06,2.600765e-06,2.896334e-06,4.933244e-06,2.306252e-06,1.750984e-06,9.084867e-07,7.068555e-07,1.225862e-06,9.624997e-07,9.503365e-07,3.057925e-07,3.502751e-07,6.941054e-08,1.317105e-07,9.984399e-08,5.042377e-08,6.082781e-08,1.841712e-07,1.125686e-07
5.639648,1.983393e-06,9.866827e-07,6.191244e-06,4.926403e-06,5.034304e-06,2.343534e-06,2.586686e-06,2.930018e-06,4.778327e-06,2.300036e-06,1.727629e-06,9.039924e-07,6.484611e-07,1.272416e-06,9.272903e-07,9.346755e-07,3.031486e-07,3.657085e-07,1.116800e-07,3.032441e-07,8.488674e-08,1.886800e-08,4.302845e-08,1.406786e-07,1.017104e-07
5.664062,2.037589e-06,1.008346e-06,6.315767e-06,4.977068e-06,5.093111e-06,2.378721e-06,2.585812e-06,2.935597e-06,4.835466e-06,2.270751e-06,1.714884e-06,9.532257e-07,6.471006e-07,1.263250e-06,8.970905e-07,1.020980e-06,3.172584e-07,3.793869e-07,1.707320e-07,4.616153e-07,2.873090e-08,4.857442e-08,2.381395e-08,7.211399e-08,8.115914e-08
5.688477,2.075780e-06,1.033260e-06,6.363514e-06,5.095340e-06,5.181492e-06,2.418079e-06,2.580798e-06,2.872832e-06,5.036517e-06,2.317162e-06,1.783293e-06,9.541793e-07,7.201775e-07,1.157830e-06,9.432288e-07,1.123244e-06,3.480168e-07,4.432233e-07,2.146927e-07,6.938785e-07,6.690713e-08,8.931110e-08,3.667396e-08,2.795668e-08,4.635086e-08
5.712891,2.117951e-06,1.048007e-06,6.426798e-06,5.196682e-06,5.364149e-06,2.446121e-06,2.600874e-06,2.912818e-06,5.041554e-06,2.410812e-06,1.835043e-06,9.755270e-07,7.408110e-07,1.176649e-06,9.744876e-07,1.128447e-06,3.693937e-07,5.056112e-07,2.388851e-07,8.968859e-07,1.825704e-07,1.251793e-07,7.879218e-08,1.556496e-07,7.305035e-09
5.737305,2.183548e-06,1.076801e-06,6.569185e-06,5.228162e-06,5.473242e-06,2.451027e-06,2.632969e-06,2.958504e-06,4.991672e-06,2.423180e-06,1.819569e-06,9.756691e-07,7.140550e-07,1.281148e-06,9.076255e-07,1.033088e-06,3.719795e-07,5.346178e-07,2.614182e-07,1.065053e-06,3.094618e-07,1.610434e-07,1.224594e-07,2.866647e-07,6.863420e-08
5.761719,2.224659e-06,1.106100e-06,6.623371e-06,5.354536e-06,5.569705e-06,2.430030e-06,2.705775e-06,2.978338e-06,5.026228e-06,2.433651e-06,1.859245e-06,9.805711e-07,7.191662e-07,1.292928e-06,8.971616e-07,9.711702e-07,3.953920e-07,5.367808e-07,2.973421e-07,1.147381e-06,4.204230e-07,1.984916e-07,1.637117e-07,4.164695e-07,1.395562e-07
5.786133,2.269069e-06,1.129677e-06,6.708954e-06,5.427175e-06,5.768631e-06,2.487225e-06,2.704572e-06,2.996933e-06,5.025247e-06,2.442737e-06,1.921840e-06,1.070393e-06,7.227087e-07,1.302481e-06,9.875480e-07,9.669849e-07,4.159174e-07,5.587413e-07,3.260829e-07,1.196886e-06,5.438939e-07,2.408486e-07,1.964028e-07,5.163579e-07,2.142885e-07
5.810547,2.300221e-06,1.148978e-06,6.780858e-06,5.386722e-06,5.857085e-06,2.499663e-06,2.684226e-06,2.921907e-06,5.103959e-06,2.433904e-06,1.932167e-06,1.118900e-06,7.394448e-07,1.291826e-06,1.003775e-06,9.060915e-07,3.958269e-07,5.567482e-07,3.256225e-07,1.306295e-06,6.314965e-07,2.689935e-07,2.193047e-07,5.875683e-07,2.747975e-07
5.834961,2.327922e-06,1.166072e-06,6.859760e-06,5.359885e-06,5.915638e-06,2.453585e-06,2.741750e-06,2.923955e-06,5.099005e-06,2.498881e-06,1.954968e-06,1.081608e-06,7.997778e-07,1.230091e-06,9.926058e-07,8.366529e-07,3.438477e-07,5.109316e-07,3.115267e-07,1.390012e-06,7.046234e-07,3.027162e-07,2.332340e-07,6.254646e-07,3.196438e-07
5.859375,2.336203e-06,1.178325e-06,6.923559e-06,5.335057e-06,5.947310e-06,2.469561e-06,2.729826e-06,2.953643e-06,4.957611e-06,2.483544e-06,1.914763e-06,1.084511e-06,8.002982e-07,1.289623e-06,1.009914e-06,8.363322e-07,3.050966e-07,4.531920e-07,3.213914e-07,1.409178e-06,7.275222e-07,3.249831e-07,2.323757e-07,6.437964e-07,3.425364e-07
5.883789,2.348863e-06,1.178344e-06,7.034004e-06,5.321781e-06,6.012554e-06,2.488610e-06,2.705397e-06,2.857722e-06,5.042601e-06,2.428507e-06,1.881049e-06,1.146992e-06,7.474359e-07,1.409987e-06,9.709099e-07,7.722060e-07,2.931143e-07,4.332343e-07,3.325443e-07,1.313872e-06,7.078412e-07,3.432751e-07,2.233314e-07,6.324794e-07,3.514708e-07
5.908203,2.385905e-06,1.193847e-06,7.223866e-06,5.235013e-06,6.028597e-06,2.515131e-06,2.691893e-06,2.846713e-06,5.048289e-06,2.486294e-06,1.968779e-06,1.169227e-06,7.766908e-07,1.391027e-06,9.577981e-07,5.968648e-07,2.703816e-07,4.282893e-07,3.281898e-07,1.243493e-06,6.455890e-07,3.504813e-07,2.053457e-07,6.031865e-07,3.409447e-07
5.932617,2.384782e-06,1.206897e-06,7.266576e-06,5.238591e-06,5.966107e-06,2.508564e-06,2.715718e-06,2.869672e-06,4.921595e-06,2.487023e-06,1.980378e-06,1.183835e-06,8.491137e-07,1.304164e-06,1.045727e-06,5.552985e-07,2.200024e-07,3.862192e-07,3.044033e-07,1.233748e-06,5.511948e-07,3.391649e-07,1.832687e-07,5.335249e-07,3.208872e-07
5.957031,2.387613e-06,1.207299e-06,7.323422e-06,5.275277e-06,6.059613e-06,2.508385e-06,2.765450e-06,2.859665e-06,4.905244e-06,2.463842e-06,1.949869e-06,1.179590e-06,8.582088e-07,1.358788e-06,1.098508e-06,6.494493e-07,1.836985e-07,2.986552e-07,2.749612e-07,1.204071e-06,4.701957e-07,3.116872e-07,1.619442e-07,4.603163e-07,2.802987e-07
5.981445,2.353986e-06,1.190686e-06,7.283740e-06,5.121053e-06,6.001996e-06,2.548030e-06,2.662023e-06,2.810398e-06,4.785502e-06,2.409566e-06,1.939461e-06,1.083969e-06,8.478410e-07,1.404466e-06,1.004187e-06,6.604655e-07,1.559486e-07,2.306712e-07,2.529503e-07,1.057365e-06,3.805564e-07,2.538289e-07,1.379537e-07,3.768807e-07,2.219023e-07
6.005859,2.312103e-06,1.170761e-06,7.198626e-06,5.043483e-06,5.884379e-06,2.520420e-06,2.608606e-06,2.705097e-06,4.725951e-06,2.323917e-06,1.905855e-06,1.055210e-06,8.507678e-07,1.389523e-06,9.504868e-07,6.683368e-07,1.063601e-07,1.827378e-07,2.204652e-07,8.902145e-07,3.338337e-07,1.945985e-07,1.217953e-07,3.217195e-07,1.539724e-07
6.030273,2.256074e-06,1.147308e-06,7.089254e-06,5.010104e-06,5.823732e-06,2.488063e-06,2.606487e-06,2.671609e-06,4.643186e-06,2.321826e-06,1.894034e-06,1.081143e-06,8.256903e-07,1.420056e-06,9.834581e-07,7.450897e-07,8.985178e-08,1.174213e-07,1.736355e-07,7.622355e-07,2.913365e-07,1.267468e-07,1.003913e-07,2.981211e-07,8.503690e-08
6.054688,2.197869e-06,1.113597e-06,6.985123e-06,4.983190e-06,5.815966e-06,2.499777e-06,2.550038e-06,2.678826e-06,4.404770e-06,2.284020e-06,1.876671e-06,1.018084e-06,8.542393e-07,1.383718e-06,9.666157e-07,7.981334e-07,1.334429e-07,1.107617e-07,1.138593e-07,6.683470e-07,2.766369e-07,7.984478e-08,8.524717e-08,2.741296e-07,3.048327e-08
6.079102,2.157189e-06,1.089446e-06,6.943109e-06,4.880514e-06,5.832717e-06,2.476482e-06,2.529219e-06,2.541763e-06,4.387041e-06,2.176180e-06,1.783695e-06,9.428008e-07,9.012425e-07,1.292578e-06,9.746641e-07,8.251545e-07,1.594128e-07,1.691227e-07,7.515539e-08,5.092173e-07,2.653520e-07,5.163109e-08,6.430647e-08,2.384709e-07,4.594773e-08
6.103516,2.088854e-06,1.063276e-06,6.797175e-06,4.769591e-06,5.733683e-06,2.436787e-06,2.521324e-06,2.436596e-06,4.401058e-06,2.188578e-06,1.776682e-06,9.120456e-07,8.486973e-07,1.360382e-06,1.005813e-06,9.413567e-07,1.603097e-07,1.983646e-07,5.277212e-08,3.050801e-07,2.426544e-07,5.319961e-08,4.833575e-08,1.933601e-07,7.356771e-08
6.127930,2.030415e-06,1.027428e-06,6.651435e-06,4.715775e-06,5.718924e-06,2.358633e-06,2.528978e-06,2.392333e-06,4.237514e-06,2.194412e-06,1.786481e-06,8.699551e-07,7.787360e-07,1.413944e-06,9.297409e-07,1.061921e-06,1.818273e-07,2.035921e-07,2.121686e-08,7.584074e-08,1.894123e-07,6.295146e-08,3.108947e-08,1.513199e-07,8.787054e-08
6.152344,1.992509e-06,1.003254e-06,6.559642e-06,4.570656e-06,5.716850e-06,2.314744e-06,2.517073e-06,2.338470e-06,4.098600e-06,2.152358e-06,1.718816e-06,8.669448e-07,7.773070e-07,1.330423e-06,8.790205e-07,1.047631e-06,2.125852e-07,2.504898e-07,5.874409e-08,1.697722e-07,9.881792e-08,5.989237e-08,1.647185e-08,1.102926e-07,8.914009e-08
6.176758,1.945250e-06,9.770117e-07,6.415890e-06,4.431769e-06,5.585269e-06,2.292875e-06,2.443054e-06,2.307057e-06,3.945328e-06,2.116792e-06,1.693372e-06,8.532779e-07,7.683613e-07,1.239411e-06,9.279551e-07,9.670640e-07,2.292851e-07,3.005757e-07,1.143810e-07,3.210052e-07,1.742967e-08,4.228114e-08,1.987749e-08,6.348330e-08,8.123129e-08
6.201172,1.898956e-06,9.495023e-07,6.271103e-06,4.342677e-06,5.484752e-06,2.195594e-06,2.429364e-06,2.213721e-06,3.859509e-06,2.042037e-06,1.688048e-06,7.654122e-07,7.544178e-07,1.185404e-06,9.384765e-07,9.796587e-07,2.403707e-07,3.259946e-07,1.535941e-07,5.098803e-07,1.096222e-07,1.248192e-08,4.173779e-08,2.535681e-08,6.316054e-08
6.225586,1.858378e-06,9.217513e-07,6.122622e-06,4.239857e-06,5.378334e-06,2.114165e-06,2.421517e-06,2.130458e-06,3.836603e-06,2.019688e-06,1.674123e-06,7.489040e-07,7.418437e-07,1.125781e-06,8.767774e-07,1.002359e-06,2.658481e-07,3.320974e-07,1.778286e-07,7.122007e-07,2.003057e-07,6.042230e-08,5.872273e-08,8.523259e-08,4.826233e-08
6.250000,1.826507e-06,9.008598e-07,5.994407e-06,4.143915e-06,5.282171e-06,2.067685e-06,2.346193e-06,2.117705e-06,3.673687e-06,2.028153e-06,1.681760e-06,7.955403e-07,6.683020e-07,1.124457e-06,8.400531e-07,9.605640e-07,2.809303e-07,3.524194e-07,2.122050e-07,9.232344e-07,2.882115e-07,1.265717e-07,8.103159e-08,1.670407e-07,5.643930e-08
6.274414,1.780449e-06,8.819139e-07,5.811361e-06,4.042804e-06,5.188273e-06,2.001945e-06,2.278217e-06,2.040320e-06,3.556238e-06,1.952365e-06,1.614980e-06,7.881685e-07,6.043633e-07,1.118439e-06,8.114902e-07,9.491721e-07,2.624988e-07,3.680305e-07,2.437104e-07,1.005075e-06,3.682275e-07,1.866369e-07,1.002140e-07,2.324602e-07,9.312499e-08
6.298828,1.743170e-06,8.539554e-07,5.602831e-06,4.011597e-06,5.093370e-06,1.936869e-06,2.212724e-06,1.952663e-06,3.537566e-06,1.908624e-06,1.542268e-06,7.638329e-07,6.258895e-07,9.836447e-07,7.647175e-07,9.440165e-07,2.343768e-07,3.477463e-07,2.625069e-07,1.046188e-06,4.353214e-07,2.420481e-07,1.214134e-07,2.938481e-07,1.312390e-07
6.323242,1.720061e-06,8.320466e-07,5.448262e-06,3.938958e-06,5.072035e-06,1.846646e-06,2.150333e-06,1.919208e-06,3.398922e-06,1.900789e-06,1.556924e-06,7.533224e-07,6.188422e-07,8.756712e-07,7.852830e-07,8.350465e-07,2.279323e-07,3.109421e-07,2.551737e-07,1.087657e-06,4.800026e-07,2.856211e-07,1.389169e-07,3.281083e-07,1.654833e-07
6.347656,1.677083e-06,8.093297e-07,5.239767e-06,3.796752e-06,4.964525e-06,1.790104e-06,2.064339e-06,1.850991e-06,3.237653e-06,1.834537e-06,1.532322e-06,7.399378e-07,5.549032e-07,8.885018e-07,7.725194e-07,6.693572e-07,2.242379e-07,3.092395e-07,2.410099e-07,1.150029e-06,4.983917e-07,3.150872e-07,1.524752e-07,3.700985e-07,1.844045e-07
6.372070,1.634132e-06,7.831902e-07,5.013818e-06,3.732223e-06,4.816532e-06,1.766551e-06,1.936583e-06,1.788906e-06,3.121464e-06,1.778102e-06,1.467342e-06,7.638712e-07,5.256776e-07,8.645761e-07,6.709449e-07,6.253244e-07,2.006300e-07,3.098511e-07,2.413617e-07,1.162809e-06,5.032099e-07,3.282037e-07,1.606007e-07,3.974630e-07,1.919587e-07
6.396484,1.595676e-06,7.602253e-07,4.813202e-06,3.654935e-06,4.768040e-06,1.701550e-06,1.859614e-06,1.718577e-06,2.996893e-06,1.710406e-06,1.435927e-06,7.861059e-07,5.172173e-07,8.100289e-07,5.946697e-07,6.255864e-07,1.790134e-07,2.790809e-07,2.451364e-07,1.108075e-06,4.958861e-07,3.246192e-07,1.637991e-07,4.215523e-07,1.900517e-07
6.420898,1.560122e-06,7.395480e-07,4.617850e-06,3.539932e-06,4.697990e-06,1.662825e-06,1.806039e-06,1.629079e-06,2.926479e-06,1.639951e-06,1.387581e-06,7.399773e-07,5.113871e-07,7.813369e-07,5.906873e-07,5.581002e-07,1.660334e-07,2.368924e-07,2.290308e-07,1.009639e-06,4.821201e-07,3.034532e-07,1.629347e-07,4.276221e-07,1.792439e-07
6.445312,1.516724e-06,7.224013e-07,4.421417e-06,3.414977e-06,4.612329e-06,1.646911e-06,1.715905e-06,1.591005e-06,2.808555e-06,1.618458e-06,1.357190e-06,6.838803e-07,5.336178e-07,7.390248e-07,5.716709e-07,4.848650e-07,1.407569e-07,2.085638e-07,2.020408e-07,9.265566e-07,4.705185e-07,2.698454e-07,1.559750e-07,4.173306e-07,1.625093e-07
6.469727,1.472320e-06,6.988340e-07,4.199373e-06,3.301987e-06,4.480603e-06,1.593503e-06,1.662925e-06,1.540282e-06,2.635619e-06,1.564594e-06,1.339354e-06,6.833816e-07,5.275374e-07,7.349533e-07,5.373551e-07,4.669816e-07,1.017325e-07,1.786199e-07,1.834463e-07,8.792294e-07,4.340656e-07,2.232709e-07,1.432459e-07,3.925615e-07,1.409141e-07
6.494141,1.438976e-06,6.807608e-07,4.046195e-06,3.217926e-06,4.395478e-06,1.536263e-06,1.627387e-06,1.428059e-06,2.585211e-06,1.477524e-06,1.264754e-06,6.642021e-07,4.899501e-07,7.815753e-07,5.180430e-07,4.088864e-07,7.847515e-08,1.301868e-07,1.741858e-07,8.021418e-07,3.836335e-07,1.830584e-07,1.266898e-07,3.757149e-07,1.117200e-07
6.518555,1.513247e-06,7.248512e-07,4.247304e-06,3.364672e-06,4.718726e-06,1.610512e-06,1.746237e-06,1.485427e-06,2.765485e-06,1.595249e-06,1.321643e-06,6.826871e-07,5.482870e-07,8.542682e-07,5.204688e-07,4.188057e-07,8.333286e-08,9.831189e-08,1.636917e-07,7.295080e-07,3.507251e-07,1.601267e-07,1.126869e-07,3.811087e-07,9.072132e-08
6.542969,1.591981e-06,7.636727e-07,4.456497e-06,3.567583e-06,4.977727e-06,1.726746e-06,1.860265e-06,1.573333e-06,2.862680e-06,1.719348e-06,1.446457e-06,7.110373e-07,6.538938e-07,8.585752e-07,5.314015e-07,5.444220e-07,8.186784e-08,1.003360e-07,1.346791e-07,6.493654e-07,3.124897e-07,1.428031e-07,9.413303e-08,3.833872e-07,7.096046e-08
6.567383,1.672539e-06,8.044020e-07,4.724399e-06,3.804915e-06,5.338239e-06,1.844136e-06,1.927693e-06,1.651180e-06,2.979943e-06,1.807982e-06,1.513747e-06,7.224133e-07,7.138731e-07,9.418553e-07,6.251111e-07,6.390414e-07,6.711897e-08,9.983331e-08,1.120942e-07,6.348799e-07,2.723843e-07,1.287011e-07,7.171161e-08,3.541104e-07,6.086241e-08
6.591797,1.743204e-06,8.423934e-07,4.994733e-06,3.993698e-06,5.720777e-06,1.892286e-06,2.064879e-06,1.741783e-06,3.072945e-06,1.906199e-06,1.578112e-06,7.440538e-07,7.409509e-07,1.088904e-06,7.076615e-07,6.419191e-07,7.467726e-08,7.405457e-08,1.000000e-07,6.174487e-07,2.160005e-07,1.206503e-07,4.841515e-08,3.048009e-07,6.051842e-08
6.616211,1.808740e-06,8.777381e-07,5.268008e-06,4.193510e-06,6.077302e-06,1.979914e-06,2.193215e-06,1.776500e-06,3.225834e-06,1.962526e-06,1.673284e-06,8.131628e-07,7.849413e-07,1.180973e-06,7.292377e-07,6.680754e-07,9.209886e-08,8.645487e-08,8.393441e-08,5.203512e-07,1.712895e-07,1.255462e-07,3.217275e-08,2.275199e-07,6.271405e-08
6.640625,1.877444e-06,9.055444e-07,5.523734e-06,4.395555e-06,6.447032e-06,2.082071e-06,2.260072e-06,1.850346e-06,3.410627e-06,2.081547e-06,1.744062e-06,8.452846e-07,8.118883e-07,1.263399e-06,7.848899e-07,7.929287e-07,1.070087e-07,1.284006e-07,4.050382e-08,3.438666e-07,1.381843e-07,1.224285e-07,3.028236e-08,1.560373e-07,5.771366e-08
6.665039,1.969409e-06,9.387670e-07,5.834472e-06,4.614698e-06,6.831948e-06,2.158366e-06,2.356106e-06,1.954142e-06,3.454385e-06,2.219037e-06,1.870012e-06,8.209251e-07,8.445060e-07,1.330203e-06,8.929877e-07,8.946874e-07,1.396844e-07,1.559670e-07,1.375908e-08,2.165601e-07,1.569179e-07,1.147249e-07,4.359185e-08,1.172431e-07,4.831611e-08
6.689453,2.026337e-06,9.687734e-07,6.067480e-06,4.737388e-06,7.194742e-06,2.217292e-06,2.432802e-06,1.952091e-06,3.565428e-06,2.236096e-06,1.927362e-06,8.540131e-07,9.193296e-07,1.303748e-06,9.614756e-07,9.605939e-07,1.774015e-07,1.910085e-07,5.903108e-08,9.671229e-08,1.703366e-07,8.166341e-08,5.125075e-08,1.389794e-07,3.535095e-08
6.713867,1.982922e-06,9.403097e-07,5.907973e-06,4.594623e-06,7.087083e-06,2.172618e-06,2.388906e-06,1.892079e-06,3.553139e-06,2.212005e-06,1.815262e-06,8.697772e-07,8.892275e-07,1.244002e-06,9.709914e-07,9.939550e-07,1.863858e-07,2.343285e-07,9.068804e-08,7.321611e-08,1.544445e-07,4.205062e-08,5.009072e-08,1.673164e-07,2.683773e-08
6.738281,1.963319e-06,9.199251e-07,5.785125e-06,4.535030e-06,6.986222e-06,2.173047e-06,2.325283e-06,1.873927e-06,3.426065e-06,2.218488e-06,1.805593e-06,8.596439e-07,7.958633e-07,1.286706e-06,9.987005e-07,9.930359e-07,1.765247e-07,2.578045e-07,1.407161e-07,3.067089e-07,1.003759e-07,1.308715e-08,3.503628e-08,1.767632e-07,2.718533e-08
6.762695,1.939722e-06,9.054351e-07,5.640808e-06,4.429260e-06,6.996195e-06,2.154085e-06,2.239595e-06,1.832135e-06,3.312998e-06,2.172750e-06,1.793997e-06,8.654494e-07,7.655091e-07,1.241738e-06,9.505166e-07,9.060859e-07,1.823216e-07,2.577803e-07,1.991978e-07,5.267450e-07,2.422429e-08,4.909008e-08,1.167313e-08,1.646306e-07,3.874033e-08
6.787109,1.924385e-06,8.926143e-07,5.463716e-06,4.284240e-06,6.913888e-06,2.088070e-06,2.232353e-06,1.795930e-06,3.235756e-06,2.133873e-06,1.737407e-06,8.306047e-07,7.600413e-07,1.108183e-06,8.861495e-07,8.308448e-07,1.992388e-07,2.607797e-07,2.434133e-07,6.924092e-07,5.808867e-08,8.676402e-08,1.966153e-08,1.030174e-07,5.792255e-08
6.811523,1.910468e-06,8.828519e-07,5.278964e-06,4.173187e-06,6.796268e-06,2.076487e-06,2.217501e-06,1.728799e-06,3.169688e-06,2.077501e-06,1.713722e-06,7.927119e-07,7.248051e-07,1.041417e-06,9.114011e-07,9.041375e-07,2.048334e-07,2.804250e-07,2.580137e-07,7.914337e-07,1.503714e-07,1.296991e-07,5.296209e-08,6.367537e-08,7.358247e-08
6.835938,1.900419e-06,8.751177e-07,5.102542e-06,4.066250e-06,6.676666e-06,2.062142e-06,2.154092e-06,1.664844e-06,3.165766e-06,2.033379e-06,1.681977e-06,8.413449e-07,7.008695e-07,9.825009e-07,9.172761e-07,9.493199e-07,1.978381e-07,2.948643e-07,2.672615e-07,8.952096e-07,2.370196e-07,1.702876e-07,8.411641e-08,1.778303e-07,8.850232e-08
6.860352,1.866990e-06,8.698830e-07,4.949245e-06,3.968431e-06,6.581047e-06,2.004234e-06,2.141183e-06,1.659890e-06,3.065053e-06,2.055065e-06,1.655925e-06,8.644635e-07,6.606633e-07,9.261451e-07,8.531113e-07,8.900364e-07,1.925724e-07,2.840191e-07,2.842718e-07,1.065387e-06,3.421927e-07,2.110156e-07,1.143373e-07,3.350852e-07,9.909213e-08
6.884766,1.826067e-06,8.524728e-07,4.754646e-06,3.823576e-06,6.504256e-06,1.964426e-06,2.134611e-06,1.606088e-06,2.937459e-06,2.016632e-06,1.675804e-06,8.302916e-07,6.026178e-07,9.368201e-07,7.952726e-07,8.232113e-07,1.899520e-07,2.652894e-07,3.089873e-07,1.169300e-06,4.155781e-07,2.360038e-07,1.377298e-07,4.900701e-07,1.132883e-07
6.909180,1.822894e-06,8.503284e-07,4.703560e-06,3.777505e-06,6.430678e-06,1.953329e-06,2.145868e-06,1.528207e-06,2.988482e-06,1.971123e-06,1.652730e-06,8.207848e-07,6.304763e-07,8.932541e-07,7.549215e-07,8.262154e-07,1.739405e-07,2.592476e-07,3.164069e-07,1.227150e-06,4.728645e-07,2.658028e-07,1.590406e-07,6.236477e-07,1.310689e-07
6.933594,1.799094e-06,8.477290e-07,4.676025e-06,3.733610e-06,6.470829e-06,1.984641e-06,2.118480e-06,1.506674e-06,2.985780e-06,2.016664e-06,1.609711e-06,8.291861e-07,6.701973e-07,8.116317e-07,6.883663e-07,7.734508e-07,1.449951e-07,2.489403e-07,3.084538e-07,1.203459e-06,4.948161e-07,2.949402e-07,1.697097e-07,7.405037e-07,1.485584e-07
6.958008,1.777572e-06,8.372889e-07,4.628239e-06,3.620912e-06,6.457473e-06,1.970659e-06,2.080520e-06,1.480579e-06,2.907557e-06,2.035315e-06,1.654081e-06,8.217455e-07,6.415946e-07,8.310885e-07,6.855524e-07,7.383355e-07,1.370414e-07,2.160927e-07,3.007928e-07,1.206925e-06,4.873535e-07,3.209732e-07,1.691709e-07,8.119126e-07,1.588409e-07
6.982422,1.763526e-06,8.271222e-07,4.616767e-06,3.549861e-06,6.362625e-06,1.925927e-06,2.121035e-06,1.465976e-06,2.836355e-06,2.032647e-06,1.655355e-06,8.242782e-07,6.155037e-07,9.031635e-07,6.954504e-07,8.238098e-07,1.389720e-07,1.825611e-07,2.963919e-07,1.205830e-06,4.650799e-07,3.385395e-07,1.610028e-07,8.597183e-07,1.646528e-07
7.006836,1.753361e-06,8.172241e-07,4.622023e-06,3.482578e-06,6.318477e-06,1.949543e-06,2.111104e-06,1.434685e-06,2.742407e-06,2.011842e-06,1.631353e-06,8.099249e-07,6.477873e-07,8.985175e-07,6.363146e-07,8.576460e-07,1.250454e-07,1.745843e-07,2.868150e-07,1.172541e-06,4.244306e-07,3.380259e-07,1.461706e-07,8.603649e-07,1.614431e-07
7.031250,1.738101e-06,8.107120e-07,4.634847e-06,3.409572e-06,6.261212e-06,1.950430e-06,2.064367e-06,1.378760e-06,2.740720e-06,1.958130e-06,1.626613e-06,7.502724e-07,6.780697e-07,8.672396e-07,5.703157e-07,7.812304e-07,1.070898e-07,1.670205e-07,2.507255e-07,1.054729e-06,3.799248e-07,3.222557e-07,1.270914e-07,8.212207e-07,1.573526e-07
7.055664,1.719196e-06,7.969083e-07,4.585379e-06,3.320311e-06,6.228964e-06,1.929027e-06,2.065092e-06,1.387876e-06,2.700712e-06,1.983655e-06,1.601336e-06,7.410999e-07,7.068464e-07,8.865052e-07,5.844649e-07,7.334875e-07,1.055175e-07,1.366841e-07,2.079953e-07,8.906959e-07,3.241648e-07,2.943565e-07,1.094428e-07,7.276579e-07,1.513214e-07
7.080078,1.726236e-06,7.887963e-07,4.556849e-06,3.254567e-06,6.131014e-06,1.927615e-06,2.056480e-06,1.375168e-06,2.581111e-06,1.983848e-06,1.639273e-06,7.718275e-07,7.418166e-07,8.902866e-07,6.084686e-07,7.935926e-07,1.031143e-07,1.111473e-07,1.787081e-07,7.677387e-07,2.710795e-07,2.534415e-07,9.092653e-08,5.918887e-07,1.440231e-07
7.104492,1.812051e-06,8.322883e-07,4.791887e-06,3.430335e-06,6.398640e-06,2.041454e-06,2.159240e-06,1.386038e-06,2.716773e-06,2.012643e-06,1.750587e-06,7.801523e-07,7.590478e-07,9.793979e-07,6.269636e-07,8.551511e-07,9.685617e-08,1.168395e-07,1.701805e-07,7.051393e-07,2.442274e-07,2.224470e-07,8.278784e-08,4.476956e-07,1.363757e-07
7.128906,1.902928e-06,8.726386e-07,4.963704e-06,3.564093e-06,6.809689e-06,2.192088e-06,2.244939e-06,1.460009e-06,2.874331e-06,2.133492e-06,1.780954e-06,7.847029e-07,7.629366e-07,1.119602e-06,6.899861e-07,9.089010e-07,1.112296e-07,1.178078e-07,1.488127e-07,6.323275e-07,2.310018e-07,1.730365e-07,7.460180e-08,2.899885e-07,1.191946e-07
7.153320,1.992507e-06,9.162054e-07,5.150770e-06,3.714808e-06,7.092515e-06,2.297766e-06,2.329384e-06,1.545797e-06,2.939252e-06,2.274053e-06,1.853791e-06,8.094684e-07,8.463266e-07,1.150113e-06,7.491790e-07,9.902654e-07,1.355324e-07,1.178609e-07,1.030462e-07,4.599248e-07,2.189538e-07,1.192074e-07,7.172123e-08,1.305201e-07,9.293002e-08
7.177734,2.068973e-06,9.558005e-07,5.327057e-06,3.934378e-06,7.462316e-06,2.392835e-06,2.497738e-06,1.619489e-06,3.037355e-06,2.372562e-06,1.970419e-06,8.299745e-07,9.038450e-07,1.138943e-06,7.772778e-07,1.020345e-06,1.445079e-07,1.547453e-07,6.763059e-08,2.608587e-07,1.904628e-07,5.959327e-08,6.528665e-08,8.408987e-08,6.287714e-08
7.202148,2.132059e-06,9.919382e-07,5.504310e-06,4.143422e-06,7.927175e-06,2.562370e-06,2.609015e-06,1.692219e-06,3.143154e-06,2.480797e-06,2.030986e-06,9.063530e-07,8.978289e-07,1.212408e-06,9.034335e-07,9.626664e-07,1.426259e-07,1.922597e-07,7.232132e-08,2.041403e-07,1.313678e-07,2.448282e-08,5.661976e-08,1.782857e-07,3.365040e-08
7.226562,2.188780e-06,1.018922e-06,5.670731e-06,4.346193e-06,8.471961e-06,2.669739e-06,2.702684e-06,1.715374e-06,3.303200e-06,2.551444e-06,2.117424e-06,9.749889e-07,9.093761e-07,1.276644e-06,1.028165e-06,9.465639e-07,1.587001e-07,1.992845e-07,6.965420e-08,2.187995e-07,5.841595e-08,4.846465e-08,4.304363e-08,2.744484e-07,1.376807e-08
7.250977,2.268804e-06,1.048238e-06,5.865029e-06,4.516314e-06,9.017496e-06,2.765359e-06,2.873981e-06,1.786684e-06,3.521338e-06,2.675414e-06,2.208222e-06,9.507482e-07,9.025197e-07,1.304960e-06,1.052260e-06,1.097412e-06,1.861126e-07,2.029522e-07,1.088330e-07,2.808059e-07,2.598197e-08,5.935516e-08,2.904520e-08,3.313008e-07,2.399398e-08
7.275391,2.327981e-06,1.084183e-06,6.116064e-06,4.716155e-06,9.549966e-06,2.897542e-06,3.018085e-06,1.892664e-06,3.566979e-06,2.893645e-06,2.274390e-06,9.764485e-07,8.964235e-07,1.324626e-06,1.079073e-06,1.189465e-06,2.007302e-07,2.331721e-07,1.926543e-07,5.173057e-07,9.980213e-08,5.379672e-08,2.848421e-08,3.466084e-07,4.405752e-08
7.299805,2.326638e-06,1.075735e-06,6.104582e-06,4.716593e-06,9.903667e-06,2.971890e-06,3.049847e-06,1.847762e-06,3.568889e-06,2.887609e-06,2.370491e-06,1.060444e-06,9.246654e-07,1.256021e-06,1.103269e-06,1.077973e-06,2.053319e-07,2.599797e-07,2.452327e-07,8.093865e-07,1.886164e-07,7.531909e-08,4.634705e-08,2.749939e-07,6.383444e-08
7.324219,2.273789e-06,1.038012e-06,5.925911e-06,4.496745e-06,9.753668e-06,2.949586e-06,2.945345e-06,1.760024e-06,3.567693e-06,2.806823e-06,2.304961e-06,1.060628e-06,8.954412e-07,1.103840e-06,1.078204e-06,9.694791e-07,2.113506e-07,2.572698e-07,2.649187e-07,9.424232e-07,2.483818e-07,1.092939e-07,6.082651e-08,1.423563e-07,6.976401e-08
7.348633,2.217519e-06,1.007192e-06,5.778300e-06,4.341954e-06,9.482157e-06,2.833125e-06,2.885695e-06,1.712264e-06,3.460776e-06,2.812098e-06,2.178051e-06,1.042120e-06,7.840542e-07,1.084959e-06,1.053518e-06,9.487354e-07,2.109239e-07,2.515606e-07,2.824722e-07,1.038180e-06,3.077979e-07,1.756681e-07,7.737708e-08,7.603825e-08,6.366532e-08
7.373047,2.164155e-06,9.765805e-07,5.582204e-06,4.164276e-06,9.352550e-06,2.739271e-06,2.891750e-06,1.654761e-06,3.325630e-06,2.768678e-06,2.160446e-06,1.037838e-06,7.367954e-07,1.078315e-06,1.054368e-06,8.724332e-07,1.851234e-07,2.580610e-07,3.148331e-07,1.163790e-06,3.447694e-07,2.413103e-07,8.638493e-08,2.568762e-07,4.779982e-08
7.397461,2.114556e-06,9.502554e-07,5.378619e-06,3.959549e-06,9.122922e-06,2.714619e-06,2.813917e-06,1.611548e-06,3.173538e-06,2.717771e-06,2.130091e-06,1.002870e-06,7.811983e-07,9.492908e-07,9.652670e-07,8.921939e-07,1.617790e-07,2.585464e-07,3.364391e-07,1.364954e-06,3.600721e-07,3.086696e-07,9.434483e-08,4.324905e-07,4.084612e-08
7.421875,2.079329e-06,9.278813e-07,5.151108e-06,3.779813e-06,8.832187e-06,2.632629e-06,2.710432e-06,1.534754e-06,3.025020e-06,2.628109e-06,2.059765e-06,1.003594e-06,7.705464e-07,8.604350e-07,8.256388e-07,1.018453e-06,1.661218e-07,2.270320e-07,3.283384e-07,1.476372e-06,3.736767e-07,3.713069e-07,1.019175e-07,5.712379e-07,6.491293e-08
7.446289,2.029184e-06,9.155343e-07,4.963307e-06,3.626035e-06,8.498936e-06,2.548016e-06,2.665858e-06,1.463017e-06,2.961623e-06,2.514247e-06,1.999163e-06,1.021599e-06,7.440769e-07,8.677664e-07,7.904751e-07,1.018016e-06,1.640760e-07,1.980623e-07,3.137910e-07,1.468555e-06,3.929213e-07,4.091885e-07,1.073844e-07,6.841493e-07,9.719673e-08
7.470703,1.966139e-06,8.921529e-07,4.713297e-06,3.515738e-06,8.234349e-06,2.498785e-06,2.590500e-06,1.440771e-06,2.835881e-06,2.490704e-06,1.905535e-06,9.556436e-07,7.370484e-07,8.617882e-07,7.797076e-07,9.306139e-07,1.426097e-07,2.000608e-07,3.114231e-07,1.453687e-06,4.374315e-07,4.299581e-07,1.159756e-07,7.614470e-07,1.270599e-07
7.495117,1.915506e-06,8.687917e-07,4.471100e-06,3.351105e-06,8.063112e-06,2.439450e-06,2.511020e-06,1.371192e-06,2.660391e-06,2.419870e-06,1.857774e-06,8.813985e-07,6.984208e-07,8.778793e-07,7.050954e-07,9.333453e-07,1.295853e-07,1.920736e-07,3.100440e-07,1.446574e-06,4.644659e-07,4.143280e-07,1.236649e-07,8.074390e-07,1.492530e-07
7.519531,1.947156e-06,8.929090e-07,4.526457e-06,3.417769e-06,8.156762e-06,2.513592e-06,2.550562e-06,1.351050e-06,2.745168e-06,2.406027e-06,1.968555e-06,9.260251e-07,7.568995e-07,9.398026e-07,6.811198e-07,1.075723e-06,1.342631e-07,1.701984e-07,3.102166e-07,1.540374e-06,5.142111e-07,4.132079e-07,1.386249e-07,8.567946e-07,1.756444e-07
7.543945,2.017383e-06,9.251007e-07,4.634884e-06,3.594820e-06,8.559087e-06,2.566059e-06,2.665451e-06,1.415658e-06,2.859233e-06,2.532398e-06,2.019818e-06,9.782406e-07,8.805141e-07,9.402261e-07,7.013564e-07,1.172481e-06,1.314786e-07,1.594446e-07,2.829159e-07,1.528022e-06,5.455633e-07,4.025984e-07,1.517267e-07,8.697134e-07,2.004443e-07
7.568359,2.091354e-06,9.604896e-07,4.779246e-06,3.722148e-06,9.063295e-06,2.667648e-06,2.830531e-06,1.474800e-06,2.893353e-06,2.671585e-06,2.033547e-06,1.004162e-06,9.358570e-07,9.696593e-07,6.953956e-07,1.248986e-06,1.264399e-07,1.648761e-07,2.580559e-07,1.454472e-06,5.761530e-07,3.930850e-07,1.580058e-07,8.312120e-07,2.205139e-07
7.592773,2.167899e-06,9.967932e-07,4.935545e-06,3.857606e-06,9.527485e-06,2.814866e-06,2.892624e-06,1.540029e-06,2.957811e-06,2.767844e-06,2.133271e-06,1.040912e-06,9.497828e-07,1.116095e-06,7.527185e-07,1.359659e-06,1.478458e-07,1.627639e-07,2.601198e-07,1.355416e-06,5.915237e-07,3.745682e-07,1.568884e-07,7.419285e-07,2.280048e-07
7.617188,2.237320e-06,1.037346e-06,5.118731e-06,3.979192e-06,9.991079e-06,2.872898e-06,2.967227e-06,1.575602e-06,3.002144e-06,2.864825e-06,2.184862e-06,1.034051e-06,1.014621e-06,1.218289e-06,8.611504e-07,1.400739e-06,1.737209e-07,1.569551e-07,2.506035e-07,1.296305e-06,5.734012e-07,3.548195e-07,1.485638e-07,6.331996e-07,2.233101e-07
7.641602,2.298520e-06,1.067967e-06,5.264262e-06,4.111332e-06,1.040942e-05,2.950032e-06,3.111235e-06,1.580542e-06,3.167429e-06,2.883835e-06,2.252196e-06,1.046868e-06,1.099297e-06,1.234514e-06,8.778613e-07,1.323024e-06,1.796823e-07,1.858352e-07,2.131558e-07,1.234048e-06,5.224227e-07,3.429954e-07,1.339339e-07,5.404508e-07,1.983747e-07
7.666016,2.387043e-06,1.101092e-06,5.407537e-06,4.197745e-06,1.091382e-05,3.067651e-06,3.197617e-06,1.667584e-06,3.319268e-06,3.033854e-06,2.316067e-06,1.152305e-06,1.143008e-06,1.286863e-06,8.816948e-07,1.393244e-06,1.801736e-07,2.240833e-07,1.705369e-07,1.077811e-06,4.325227e-07,3.390452e-07,1.146569e-07,4.831525e-07,1.631956e-07
7.690430,2.446087e-06,1.144097e-06,5.624242e-06,4.270968e-06,1.125487e-05,3.195616e-06,3.268221e-06,1.733032e-06,3.312338e-06,3.239860e-06,2.339033e-06,1.207327e-06,1.198712e-06,1.333078e-06,1.004351e-06,1.562832e-06,1.996228e-07,2.365199e-07,1.700772e-07,8.075769e-07,3.516536e-07,3.310409e-07,8.635492e-08,4.584822e-07,1.193780e-07
7.714844,2.490642e-06,1.173825e-06,5.764092e-06,4.421384e-06,1.162885e-05,3.295752e-06,3.314127e-06,1.726184e-06,3.423855e-06,3.276221e-06,2.484159e-06,1.177018e-06,1.218799e-06,1.354800e-06,1.135702e-06,1.579223e-06,2.219196e-07,2.318712e-07,1.632108e-07,6.584830e-07,2.643883e-07,2.908369e-07,5.836276e-08,4.518919e-07,7.960473e-08
7.739258,2.458579e-06,1.166240e-06,5.704724e-06,4.340867e-06,1.178105e-05,3.204445e-06,3.317599e-06,1.710977e-06,3.482972e-06,3.274212e-06,2.517783e-06,1.172317e-06,1.127723e-06,1.383531e-06,1.165699e-06,1.421976e-06,2.172460e-07,2.406760e-07,1.331622e-07,6.094882e-07,2.211223e-07,2.179876e-07,3.102102e-08,4.365413e-07,4.700959e-08
7.763672,2.392967e-06,1.144796e-06,5.600832e-06,4.214255e-06,1.157413e-05,3.176738e-06,3.335586e-06,1.688180e-06,3.414066e-06,3.310238e-06,2.395297e-06,1.171157e-06,1.118233e-06,1.382397e-06,1.191709e-06,1.288222e-06,2.200533e-07,2.564555e-07,1.679206e-07,5.161290e-07,1.794264e-07,1.205822e-07,2.281127e-08,4.197664e-07,3.667089e-08
7.788086,2.320801e-06,1.121754e-06,5.507181e-06,4.124731e-06,1.134655e-05,3.154116e-06,3.226048e-06,1.669630e-06,3.351321e-06,3.294921e-06,2.372095e-06,1.165763e-06,1.145935e-06,1.251848e-06,1.203460e-06,1.204774e-06,2.328094e-07,2.508739e-07,2.371350e-07,4.475786e-07,1.788336e-07,2.723746e-08,3.008162e-08,3.722833e-07,4.806082e-08
7.812500,2.246148e-06,1.088465e-06,5.401964e-06,4.047938e-06,1.115990e-05,3.045629e-06,3.168833e-06,1.651548e-06,3.231144e-06,3.305057e-06,2.379114e-06,1.186030e-06,1.068018e-06,1.159533e-06,1.135971e-06,1.093353e-06,2.273230e-07,2.464914e-07,2.802030e-07,7.056656e-07,1.925673e-07,9.538056e-08,3.718790e-08,3.132388e-07,5.998704e-08
7.836914,2.195144e-06,1.054346e-06,5.295033e-06,3.968952e-06,1.107937e-05,2.991937e-06,3.158462e-06,1.584873e-06,3.165140e-06,3.215908e-06,2.341621e-06,1.147276e-06,9.909059e-07,1.163544e-06,1.139098e-06,1.088595e-06,2.026446e-07,2.612308e-07,3.061313e-07,9.461561e-07,2.071546e-07,1.904933e-07,4.385650e-08,2.279232e-07,6.606761e-08
7.861328,2.133963e-06,1.029420e-06,5.255712e-06,3.869804e-06,1.095171e-05,2.940090e-06,3.097809e-06,1.580051e-06,3.171311e-06,3.152773e-06,2.329475e-06,1.091606e-06,9.567333e-07,1.107145e-06,1.195890e-06,1.158432e-06,1.929322e-07,2.641011e-07,3.419840e-07,1.089311e-06,2.300657e-07,2.782312e-07,5.279435e-08,2.208346e-07,5.668047e-08
7.885742,2.074817e-06,9.973006e-07,5.173118e-06,3.840164e-06,1.073466e-05,2.881128e-06,3.032934e-06,1.581154e-06,3.030852e-06,3.206146e-06,2.230335e-06,1.145031e-06,9.242009e-07,1.036742e-06,1.140005e-06,1.116937e-06,1.996649e-07,2.392413e-07,3.823590e-07,1.225116e-06,2.629112e-07,3.413622e-07,6.518933e-08,3.219815e-07,3.064468e-08
7.910156,2.034152e-06,9.717154e-07,5.069693e-06,3.791584e-06,1.073611e-05,2.792767e-06,2.963948e-06,1.509138e-06,2.944966e-06,3.110725e-06,2.174559e-06,1.169704e-06,9.497456e-07,9.811297e-07,1.047639e-06,9.436092e-07,1.947766e-07,2.159019e-07,4.068664e-07,1.464137e-06,3.365754e-07,3.950961e-07,8.318217e-08,4.376138e-07,6.369300e-09
7.934570,1.985660e-06,9.505083e-07,4.985897e-06,3.682047e-06,1.070108e-05,2.686822e-06,2.945250e-06,1.467408e-06,2.957917e-06,3.009691e-06,2.233831e-06,1.102804e-06,9.881347e-07,8.795415e-07,9.964465e-07,9.734011e-07,1.766833e-07,2.144990e-07,3.869155e-07,1.662889e-06,4.282904e-07,4.121528e-07,1.026080e-07,5.407221e-07,4.591343e-08
7.958984,1.963229e-06,9.346364e-07,4.904887e-06,3.636956e-06,1.063766e-05,2.693135e-06,2.941148e-06,1.470060e-06,2.926723e-06,3.044899e-06,2.199626e-06,1.079028e-06,9.253040e-07,8.640586e-07,9.367522e-07,1.151149e-06,1.688036e-07,2.146943e-07,3.710337e-07,1.790837e-06,5.171530e-07,4.254829e-07,1.255237e-07,6.086493e-07,8.476592e-08
7.983398,1.958424e-06,9.270298e-07,4.856180e-06,3.604799e-06,1.069291e-05,2.700853e-06,2.865450e-06,1.485201e-06,2.890109e-06,3.089134e-06,2.159314e-06,1.067888e-06,8.747622e-07,9.533759e-07,8.778497e-07,1.208863e-06,1.682074e-07,1.966180e-07,3.769253e-07,1.795827e-06,5.726380e-07,4.211692e-07,1.457991e-07,6.667860e-07,1.196217e-07
8.007812,1.965037e-06,9.207218e-07,4.794689e-06,3.564872e-06,1.071214e-05,2.659844e-06,2.847889e-06,1.499116e-06,2.843154e-06,3.118953e-06,2.177165e-06,1.063488e-06,9.524678e-07,9.556612e-07,8.797393e-07,1.280027e-06,1.505317e-07,1.813218e-07,3.801430e-07,1.800037e-06,6.036311e-07,4.351393e-07,1.621266e-07,6.804202e-07,1.462480e-07
8.032227,1.967478e-06,9.235918e-07,4.761822e-06,3.517885e-06,1.073674e-05,2.693892e-06,2.866553e-06,1.466613e-06,2.811335e-06,3.103121e-06,2.162842e-06,1.113928e-06,9.944284e-07,8.962762e-07,8.349980e-07,1.400711e-06,1.341459e-07,1.767399e-07,3.552496e-07,1.822073e-06,6.123018e-07,4.607777e-07,1.703265e-07,6.703400e-07,1.669449e-07
8.056641,1.958398e-06,9.200476e-07,4.706882e-06,3.472099e-06,1.066705e-05,2.744446e-06,2.825918e-06,1.446014e-06,2.884424e-06,3.038375e-06,2.154871e-06,1.096661e-06,9.938575e-07,9.097538e-07,7.234226e-07,1.429004e-06,1.545031e-07,1.656407e-07,3.072981e-07,1.822642e-06,6.052255e-07,4.813153e-07,1.689111e-07,6.019289e-07,1.792775e-07
8.081055,1.975578e-06,9.174279e-07,4.604789e-06,3.455033e-06,1.062005e-05,2.776083e-06,2.799094e-06,1.478841e-06,2.893347e-06,3.110803e-06,2.152524e-06,1.020150e-06,1.012674e-06,9.465870e-07,7.403603e-07,1.404914e-06,1.744698e-07,1.387748e-07,2.856502e-07,1.680757e-06,5.823893e-07,4.977460e-07,1.613339e-07,5.286927e-07,1.851490e-07
8.105469,1.987459e-06,9.246187e-07,4.551847e-06,3.378394e-06,1.069051e-05,2.784454e-06,2.789290e-06,1.464660e-06,2.815154e-06,3.188612e-06,2.094734e-06,1.032815e-06,9.970557e-07,9.652871e-07,8.000516e-07,1.550137e-06,1.680258e-07,1.438011e-07,2.783798e-07,1.416093e-06,5.332218e-07,4.939430e-07,1.501277e-07,4.656182e-07,1.756766e-07
8.129883,1.998350e-06,9.266994e-07,4.493476e-06,3.319530e-06,1.052571e-05,2.783909e-06,2.840338e-06,1.424885e-06,2.837063e-06,3.135119e-06,2.123523e-06,1.082196e-06,1.001038e-06,1.013917e-06,7.919062e-07,1.707697e-06,1.715707e-07,1.747653e-07,2.499000e-07,1.246275e-06,4.803545e-07,4.919899e-07,1.352003e-07,4.698240e-07,1.544196e-07
8.154297,2.015184e-06,9.335672e-07,4.438720e-06,3.316799e-06,1.039752e-05,2.867646e-06,2.895089e-06,1.427528e-06,2.871634e-06,3.146549e-06,2.192379e-06,1.075873e-06,1.076498e-06,9.963196e-07,7.905851e-07,1.689464e-06,1.903276e-07,1.795573e-07,2.111105e-07,1.118244e-06,4.400958e-07,4.617523e-07,1.196855e-07,5.104168e-07,1.202023e-07
8.178711,2.025058e-06,9.401688e-07,4.397926e-06,3.289588e-06,1.039112e-05,2.919762e-06,2.859673e-06,1.426482e-06,2.843146e-06,3.200122e-06,2.146618e-06,1.058803e-06,1.093833e-06,9.377065e-07,8.187197e-07,1.605071e-06,2.005190e-07,1.703843e-07,1.894018e-07,9.735976e-07,4.312798e-07,4.255099e-07,1.040045e-07,5.434531e-07,8.093383e-08
8.203125,2.014004e-06,9.458226e-07,4.348156e-06,3.257946e-06,1.031118e-05,2.899867e-06,2.880189e-06,1.431122e-06,2.805148e-06,3.200599e-06,2.106228e-06,1.052578e-06,1.013995e-06,9.628122e-07,8.182538e-07,1.572291e-06,1.989300e-07,1.835945e-07,1.875937e-07,7.073516e-07,3.984564e-07,3.492725e-07,9.172819e-08,5.440682e-07,4.743143e-08
8.227539,1.986005e-06,9.440577e-07,4.301026e-06,3.220034e-06,1.026423e-05,2.936580e-06,2.942014e-06,1.421266e-06,2.724112e-06,3.219067e-06,2.120136e-06,1.029308e-06,9.803789e-07,1.007925e-06,8.681183e-07,1.520857e-06,2.160062e-07,2.011301e-07,1.746654e-07,5.455494e-07,3.476753e-07,2.620080e-07,8.214358e-08,4.998322e-07,3.360689e-08
8.251953,1.974552e-06,9.390430e-07,4.220290e-06,3.217882e-06,1.012458e-05,2.941029e-06,2.940176e-06,1.382205e-06,2.702367e-06,3.143648e-06,2.099944e-06,1.058256e-06,1.016765e-06,9.745897e-07,9.586168e-07,1.399263e-06,2.362151e-07,2.024975e-07,1.394826e-07,5.963088e-07,2.721015e-07,1.750355e-07,7.474170e-08,4.328648e-07,4.426854e-08
8.276367,1.943937e-06,9.379801e-07,4.194432e-06,3.188981e-06,1.015325e-05,2.915188e-06,2.970584e-06,1.401228e-06,2.730603e-06,3.097866e-06,2.105758e-06,1.090309e-06,1.006417e-06,9.109699e-07,9.641036e-07,1.388854e-06,2.317602e-07,2.103293e-07,1.444033e-07,6.622208e-07,1.684385e-07,8.776598e-08,6.235556e-08,3.461038e-07,5.222730e-08
8.300781,1.914968e-06,9.248237e-07,4.174236e-06,3.138347e-06,1.008933e-05,2.859396e-06,2.998218e-06,1.410329e-06,2.635357e-06,3.176143e-06,2.070090e-06,1.035194e-06,9.811394e-07,8.944429e-07,9.151875e-07,1.370655e-06,2.161424e-07,2.343535e-07,1.837829e-07,6.480562e-07,6.378496e-08,1.747043e-08,4.512445e-08,2.322748e-07,6.107122e-08
8.325195,1.902408e-06,9.139500e-07,4.149344e-06,3.144104e-06,9.957743e-06,2.811567e-06,3.057977e-06,1.360149e-06,2.583000e-06,3.112343e-06,1.989465e-06,1.017726e-06,9.530152e-07,8.756647e-07,9.324623e-07,1.194030e-06,2.186181e-07,2.459305e-07,2.008826e-07,7.489398e-07,5.725304e-08,5.531282e-08,2.589646e-08,1.178797e-07,5.964539e-08
8.349609,1.887050e-06,9.054032e-07,4.173952e-06,3.125287e-06,1.001443e-05,2.824607e-06,3.065628e-06,1.345071e-06,2.622461e-06,3.024194e-06,2.028151e-06,1.086291e-06,8.839841e-07,8.602439e-07,9.678720e-07,9.068500e-07,2.235119e-07,2.292272e-07,2.183838e-07,9.343951e-07,1.646522e-07,1.135708e-07,3.303351e-09,1.046388e-07,5.104779e-08
8.374023,1.874253e-06,8.967095e-07,4.198949e-06,3.100283e-06,9.972503e-06,2.760654e-06,2.994819e-06,1.346431e-06,2.600626e-06,3.054700e-06,2.045107e-06,1.106202e-06,8.705231e-07,8.786280e-07,9.531458e-07,8.022938e-07,2.120605e-07,2.114189e-07,2.621137e-07,1.129520e-06,2.872097e-07,1.585306e-07,2.178691e-08,2.404636e-07,3.080250e-08
8.398438,1.866019e-06,8.892315e-07,4.215449e-06,3.085617e-06,9.920427e-06,2.677328e-06,3.012307e-06,1.362261e-06,2.569727e-06,3.073200e-06,1.980709e-06,1.109308e-06,9.465434e-07,8.279128e-07,9.377369e-07,8.237191e-07,1.962089e-07,2.094018e-07,3.112054e-07,1.188896e-06,3.779479e-07,1.956587e-07,4.570076e-08,3.638321e-07,1.003933e-08
8.422852,1.889970e-06,8.857210e-07,4.220250e-06,3.070773e-06,9.900553e-06,2.689976e-06,3.032262e-06,1.367716e-06,2.504351e-06,3.125703e-06,1.973718e-06,1.112004e-06,9.637246e-07,7.414583e-07,9.429582e-07,8.052260e-07,1.915171e-07,2.107531e-07,3.247951e-07,1.331103e-06,4.482928e-07,2.189283e-07,6.427858e-08,4.630859e-07,4.721816e-08
8.447266,1.935491e-06,9.056439e-07,4.283361e-06,3.097628e-06,9.994758e-06,2.712271e-06,3.007797e-06,1.340803e-06,2.507637e-06,3.116367e-06,1.982108e-06,1.087254e-06,9.287985e-07,7.722712e-07,8.925825e-07,8.468102e-07,1.783481e-07,1.939152e-07,3.147962e-07,1.618500e-06,4.742344e-07,2.531322e-07,8.274159e-08,5.222183e-07,8.867954e-08
8.471680,1.970505e-06,9.236788e-07,4.362429e-06,3.092390e-06,1.014148e-05,2.727210e-06,3.002803e-06,1.356188e-06,2.610167e-06,3.065602e-06,1.998688e-06,1.120608e-06,9.594934e-07,8.257122e-07,8.467827e-07,9.359087e-07,1.437716e-07,1.835546e-07,3.205687e-07,1.865558e-06,4.702915e-07,2.993836e-07,9.455565e-08,5.573501e-07,1.287044e-07
8.496094,2.022526e-06,9.441051e-07,4.383643e-06,3.123338e-06,1.013929e-05,2.744118e-06,3.013631e-06,1.401233e-06,2.619216e-06,3.186880e-06,2.015363e-06,1.213164e-06,9.976049e-07,8.295239e-07,8.892557e-07,9.860771e-07,1.208630e-07,1.803837e-07,3.318952e-07,1.954661e-06,4.645869e-07,3.545349e-07,1.008594e-07,5.690606e-07,1.564099e-07
8.520508,2.048385e-06,9.703505e-07,4.421400e-06,3.186824e-06,1.023670e-05,2.774013e-06,3.066191e-06,1.387380e-06,2.575511e-06,3.277347e-06,1.959482e-06,1.205777e-06,1.028511e-06,8.479471e-07,8.696531e-07,1.080137e-06,1.267761e-07,1.608596e-07,3.269581e-07,1.966267e-06,4.679033e-07,4.058151e-07,1.006023e-07,5.591728e-07,1.772960e-07
8.544922,2.067813e-06,9.893554e-07,4.428147e-06,3.194638e-06,1.041969e-05,2.878320e-06,3.106367e-06,1.380626e-06,2.636807e-06,3.246162e-06,1.952350e-06,1.164181e-06,1.105795e-06,8.631150e-07,7.985712e-07,1.352892e-06,1.327000e-07,1.247104e-07,2.980032e-07,1.993949e-06,4.827271e-07,4.306446e-07,9.772399e-08,5.297874e-07,1.880987e-07
8.569336,2.082347e-06,1.006810e-06,4.413970e-06,3.217443e-06,1.048168e-05,2.900527e-06,3.068055e-06,1.407603e-06,2.683723e-06,3.299611e-06,2.051682e-06,1.196968e-06,1.113125e-06,8.505995e-07,7.934135e-07,1.575943e-06,1.245933e-07,1.124449e-07,2.686875e-07,2.068244e-06,4.992216e-07,4.494522e-07,9.526392e-08,4.917039e-07,1.912488e-07
8.593750,2.102640e-06,1.019032e-06,4.401369e-06,3.235598e-06,1.057720e-05,2.927499e-06,3.145749e-06,1.422327e-06,2.683496e-06,3.374944e-06,2.071732e-06,1.226804e-06,1.066267e-06,9.174403e-07,8.130401e-07,1.611631e-06,1.374311e-07,1.269418e-07,2.643097e-07,1.973772e-06,5.449835e-07,4.489504e-07,9.800458e-08,4.878535e-07,1.850021e-07
8.618164,2.113516e-06,1.034224e-06,4.424849e-06,3.261975e-06,1.065768e-05,3.015260e-06,3.216431e-06,1.459455e-06,2.694225e-06,3.418315e-06,2.035664e-06,1.254415e-06,1.132781e-06,9.940628e-07,8.242077e-07,1.638106e-06,1.626201e-07,1.365233e-07,2.528140e-07,1.748712e-06,5.844098e-07,4.447755e-07,1.023186e-07,5.490872e-07,1.681693e-07
8.642578,2.115387e-06,1.038826e-06,4.496922e-06,3.266333e-06,1.086353e-05,3.042202e-06,3.233165e-06,1.448485e-06,2.641209e-06,3.499429e-06,2.066181e-06,1.291123e-06,1.214123e-06,9.615403e-07,8.996274e-07,1.780236e-06,1.776945e-07,1.366879e-07,2.111528e-07,1.497595e-06,6.231687e-07,4.121793e-07,1.081240e-07,6.448667e-07,1.394160e-07
8.666992,2.124301e-06,1.032903e-06,4.513961e-06,3.239221e-06,1.084350e-05,3.023931e-06,3.274624e-06,1.431926e-06,2.680524e-06,3.399258e-06,2.046760e-06,1.242695e-06,1.203384e-06,9.293234e-07,9.402106e-07,1.865315e-06,1.981202e-07,1.518687e-07,1.740245e-07,1.333107e-06,6.330441e-07,3.762579e-07,1.130015e-07,7.356978e-07,1.083773e-07
8.691406,2.036647e-06,9.964102e-07,4.427152e-06,3.124700e-06,1.038534e-05,2.882014e-06,3.201711e-06,1.429325e-06,2.605192e-06,3.278214e-06,1.996141e-06,1.155157e-06,1.129314e-06,9.277104e-07,8.575394e-07,1.783205e-06,2.285996e-07,1.717906e-07,1.668590e-07,1.146734e-06,5.660863e-07,3.187978e-07,1.110095e-07,7.344439e-07,8.370805e-08
8.715820,1.951394e-06,9.525097e-07,4.334324e-06,2.954560e-06,1.006855e-05,2.791494e-06,3.145429e-06,1.367273e-06,2.408025e-06,3.247326e-06,1.928186e-06,1.159358e-06,1.080145e-06,9.082548e-07,8.511647e-07,1.768250e-06,2.500868e-07,1.783281e-07,1.679774e-07,8.627274e-07,4.670857e-07,2.644874e-07,1.035615e-07,6.977742e-07,8.600733e-08
8.740234,1.880232e-06,9.132210e-07,4.208123e-06,2.785897e-06,9.591109e-06,2.712636e-06,3.006038e-06,1.284034e-06,2.307775e-06,3.043776e-06,1.771809e-06,1.114733e-06,1.019437e-06,8.688146e-07,9.054837e-07,1.724776e-06,2.420688e-07,1.859516e-07,1.515983e-07,6.259590e-07,3.531733e-07,2.342290e-07,9.080429e-08,6.064356e-07,9.262767e-08
8.764648,1.809443e-06,8.772160e-07,4.088381e-06,2.641374e-06,9.113394e-06,2.541218e-06,2.842890e-06,1.232920e-06,2.250817e-06,2.859280e-06,1.714918e-06,9.918587e-07,9.983664e-07,8.295057e-07,8.980734e-07,1.523394e-06,2.286004e-07,2.062968e-07,1.399897e-07,5.860796e-07,2.471006e-07,1.924783e-07,7.382383e-08,5.000547e-07,9.840907e-08
8.789062,1.730999e-06,8.453566e-07,3.961890e-06,2.483934e-06,8.675084e-06,2.419167e-06,2.784098e-06,1.194268e-06,2.156516e-06,2.761432e-06,1.678921e-06,9.265835e-07,1.004085e-06,7.581928e-07,8.584802e-07,1.278110e-06,2.305515e-07,2.193414e-07,1.590701e-07,6.615212e-07,1.441156e-07,1.484034e-07,4.951567e-08,3.804315e-07,9.199216e-08
8.813477,1.634541e-06,8.069424e-07,3.837597e-06,2.335549e-06,8.237704e-06,2.335793e-06,2.673848e-06,1.171550e-06,2.046607e-06,2.676719e-06,1.574972e-06,8.758613e-07,9.029262e-07,6.797402e-07,8.301669e-07,1.187420e-06,2.331359e-07,2.017501e-07,1.716546e-07,6.704859e-07,7.193323e-08,8.383513e-08,2.729804e-08,2.526597e-07,8.100695e-08
8.837891,1.548513e-06,7.640645e-07,3.648540e-06,2.178966e-06,7.784936e-06,2.203740e-06,2.519654e-06,1.110777e-06,1.891262e-06,2.608194e-06,1.493741e-06,8.354975e-07,7.812849e-07,6.845682e-07,7.838230e-07,1.116216e-06,2.155278e-07,1.812281e-07,1.734274e-07,6.774829e-07,1.131532e-07,3.112063e-08,8.262660e-09,1.120256e-07,6.681328e-08
8.862305,1.451970e-06,7.249621e-07,3.474466e-06,2.057081e-06,7.250753e-06,2.085416e-06,2.405525e-06,1.031667e-06,1.803451e-06,2.431941e-06,1.420542e-06,8.345363e-07,7.665460e-07,6.745217e-07,7.223501e-07,9.662346e-07,2.004033e-07,1.733729e-07,1.826404e-07,7.853190e-07,1.915262e-07,4.862239e-08,1.861955e-08,3.500813e-08,4.739622e-08
8.886719,1.357654e-06,6.785817e-07,3.305245e-06,1.914592e-06,6.861726e-06,1.966866e-06,2.293155e-06,1.004344e-06,1.766998e-06,2.254507e-06,1.346625e-06,7.654944e-07,7.372119e-07,5.898288e-07,7.200328e-07,8.207371e-07,1.945545e-07,1.703660e-07,2.024808e-07,8.797233e-07,2.394130e-07,1.029711e-07,3.470699e-08,1.429153e-07,2.223347e-08
8.911133,1.272462e-06,6.346118e-07,3.117255e-06,1.755478e-06,6.427767e-06,1.892994e-06,2.196960e-06,9.568109e-07,1.636184e-06,2.211353e-06,1.293576e-06,6.821303e-07,6.866043e-07,5.340427e-07,6.917799e-07,7.111292e-07,1.768658e-07,1.549842e-07,2.203453e-07,8.920320e-07,2.602926e-07,1.572458e-07,4.609098e-08,2.183620e-07,1.011369e-08
8.935547,1.262153e-06,6.304499e-07,3.153859e-06,1.739174e-06,6.308367e-06,1.919957e-06,2.175859e-06,9.422224e-07,1.623783e-06,2.231951e-06,1.262927e-06,7.218864e-07,6.972043e-07,5.233231e-07,6.331143e-07,5.968641e-07,1.531529e-07,1.480716e-07,2.324445e-07,9.326940e-07,2.920951e-07,2.186748e-07,5.630727e-08,2.851856e-07,4.371288e-08
8.959961,1.272794e-06,6.326533e-07,3.235587e-06,1.746346e-06,6.339062e-06,1.927363e-06,2.194985e-06,9.614261e-07,1.678444e-06,2.243422e-06,1.242296e-06,7.762323e-07,6.744715e-07,5.137837e-07,6.220779e-07,5.027530e-07,1.409014e-07,1.508797e-07,2.309224e-07,1.020098e-06,3.202416e-07,2.755277e-07,6.241582e-08,3.234267e-07,7.744484e-08
8.984375,1.284153e-06,6.340520e-07,3.323026e-06,1.764637e-06,6.366423e-06,1.978310e-06,2.281688e-06,9.845001e-07,1.710727e-06,2.300405e-06,1.307618e-06,7.833231e-07,6.632535e-07,5.472042e-07,6.403006e-07,6.130990e-07,1.398968e-07,1.476921e-07,2.377556e-07,1.188430e-06,3.604143e-07,3.133417e-07,6.435879e-08,3.547788e-07,1.103187e-07
9.008789,1.304968e-06,6.344845e-07,3.398174e-06,1.788802e-06,6.416607e-06,2.017900e-06,2.320104e-06,1.028026e-06,1.740742e-06,2.351174e-06,1.341579e-06,8.054685e-07,7.230348e-07,5.596328e-07,6.236855e-07,7.325897e-07,1.330550e-07,1.238317e-07,2.488110e-07,1.309951e-06,3.866957e-07,3.378300e-07,6.469052e-08,3.751661e-07,1.349912e-07
9.033203,1.325315e-06,6.419248e-07,3.470925e-06,1.821917e-06,6.463250e-06,2.018614e-06,2.359173e-06,1.052104e-06,1.723162e-06,2.440459e-06,1.350499e-06,8.212829e-07,7.568520e-07,5.227841e-07,6.247856e-07,7.329938e-07,1.132661e-07,1.034432e-07,2.450167e-07,1.367158e-06,4.168823e-07,3.418883e-07,6.605850e-08,3.900804e-07,1.534070e-07
9.057617,1.345043e-06,6.470586e-07,3.558735e-06,1.871620e-06,6.550789e-06,2.036047e-06,2.435216e-06,1.049909e-06,1.726476e-06,2.466673e-06,1.360536e-06,8.375487e-07,7.124150e-07,5.203916e-07,6.199653e-07,7.762312e-07,9.734202e-08,9.956520e-08,2.238330e-07,1.358910e-06,4.254477e-07,3.369071e-07,7.036697e-08,3.864900e-07,1.641891e-07
9.082031,1.383988e-06,6.535405e-07,3.603255e-06,1.898959e-06,6.744690e-06,2.054827e-06,2.498928e-06,1.096393e-06,1.803594e-06,2.429575e-06,1.356541e-06,9.139921e-07,7.077401e-07,5.738727e-07,5.681120e-07,9.457610e-07,8.885474e-08,9.454343e-08,2.057040e-07,1.370302e-06,4.336027e-07,3.203561e-07,7.590111e-08,3.757941e-07,1.686744e-07
9.106445,1.412308e-06,6.681576e-07,3.651315e-06,1.940607e-06,6.865021e-06,2.091529e-06,2.561142e-06,1.146546e-06,1.817477e-06,2.513502e-06,1.397860e-06,9.395185e-07,7.494125e-07,5.889500e-07,5.452722e-07,1.049747e-06,7.494615e-08,7.937664e-08,2.053871e-07,1.387955e-06,4.397697e-07,3.054458e-07,8.301071e-08,3.658447e-07,1.625939e-07
9.130859,1.438478e-06,6.795541e-07,3.709994e-06,1.992506e-06,7.056373e-06,2.104543e-06,2.580247e-06,1.148107e-06,1.793520e-06,2.599817e-06,1.432276e-06,9.125757e-07,7.714320e-07,5.789946e-07,6.169589e-07,1.144733e-06,8.186274e-08,6.807700e-08,1.934270e-07,1.315080e-06,4.209037e-07,2.913017e-07,8.839740e-08,3.872078e-07,1.480486e-07
9.155273,1.466265e-06,6.912286e-07,3.744413e-06,2.010207e-06,7.318859e-06,2.073137e-06,2.605604e-06,1.158253e-06,1.850318e-06,2.569147e-06,1.397585e-06,9.485121e-07,8.168640e-07,5.924743e-07,6.470618e-07,1.316118e-06,1.192540e-07,7.318210e-08,1.602463e-07,1.108166e-06,3.978635e-07,2.817414e-07,9.055043e-08,4.152415e-07,1.196558e-07
9.179688,1.499450e-06,7.025794e-07,3.767312e-06,2.030504e-06,7.486872e-06,2.107765e-06,2.704663e-06,1.185986e-06,1.910516e-06,2.592186e-06,1.402426e-06,9.986220e-07,8.285859e-07,5.857413e-07,6.264294e-07,1.388425e-06,1.473883e-07,7.546309e-08,1.283159e-07,9.052604e-07,3.513384e-07,2.921061e-07,9.050400e-08,4.498986e-07,9.059454e-08
9.204102,1.539681e-06,7.231958e-07,3.798528e-06,2.054535e-06,7.701009e-06,2.166186e-06,2.750585e-06,1.226537e-06,1.960752e-06,2.684762e-06,1.468508e-06,1.018452e-06,7.929216e-07,6.173484e-07,6.603692e-07,1.346124e-06,1.500232e-07,9.003327e-08,1.156906e-07,7.628504e-07,3.286668e-07,3.047615e-07,8.692161e-08,4.523878e-07,6.603451e-08
9.228516,1.572191e-06,7.417951e-07,3.867425e-06,2.075979e-06,7.872111e-06,2.193033e-06,2.767946e-06,1.281423e-06,1.998607e-06,2.792469e-06,1.484925e-06,1.022129e-06,8.408877e-07,6.854668e-07,6.988031e-07,1.355216e-06,1.720728e-07,1.268420e-07,1.078130e-07,6.571635e-07,3.101487e-07,3.212390e-07,7.916392e-08,4.250218e-07,6.681284e-08
9.252930,1.620515e-06,7.582771e-07,3.911712e-06,2.079355e-06,8.096124e-06,2.250302e-06,2.832471e-06,1.287023e-06,1.985487e-06,2.926124e-06,1.507489e-06,9.991396e-07,9.432110e-07,6.875223e-07,7.306037e-07,1.459423e-06,2.057394e-07,1.606034e-07,8.749764e-08,4.394882e-07,3.073929e-07,3.133865e-07,6.953525e-08,3.802770e-07,8.198940e-08
9.277344,1.660864e-06,7.816976e-07,3.966872e-06,2.069822e-06,8.235771e-06,2.306541e-06,2.884040e-06,1.294059e-06,2.043018e-06,2.932884e-06,1.543270e-06,9.704139e-07,9.768902e-07,6.575508e-07,8.085904e-07,1.482165e-06,2.230115e-07,1.668859e-07,7.564367e-08,2.578859e-07,2.849523e-07,2.899332e-07,5.852670e-08,3.103881e-07,9.361772e-08
9.301758,1.697409e-06,7.971963e-07,4.068297e-06,2.106562e-06,8.257596e-06,2.386653e-06,2.952383e-06,1.352042e-06,2.130463e-06,2.948485e-06,1.553736e-06,1.012831e-06,9.772541e-07,6.852568e-07,8.635193e-07,1.426322e-06,2.364096e-07,1.743973e-07,9.605505e-08,3.711593e-07,2.512960e-07,2.437076e-07,5.009508e-08,2.374813e-07,1.007911e-07
9.326172,1.750828e-06,8.132112e-07,4.127480e-06,2.128681e-06,8.431820e-06,2.443556e-06,2.975162e-06,1.371781e-06,2.120367e-06,3.101050e-06,1.619938e-06,1.065003e-06,9.959110e-07,7.380526e-07,8.448812e-07,1.360734e-06,2.634274e-07,1.993120e-07,1.087350e-07,5.079383e-07,1.984021e-07,1.835450e-07,4.284092e-08,1.479497e-07,9.682902e-08
9.350586,1.799094e-06,8.351366e-07,4.202765e-06,2.154479e-06,8.539272e-06,2.464420e-06,3.022670e-06,1.373803e-06,2.133797e-06,3.169482e-06,1.646714e-06,1.020628e-06,1.010367e-06,7.698428e-07,8.670689e-07,1.285918e-06,2.810646e-07,2.174721e-07,1.146128e-07,5.724994e-07,1.237227e-07,1.114833e-07,3.459498e-08,5.207125e-08,8.953109e-08
9.375000,1.847922e-06,8.598955e-07,4.299379e-06,2.201099e-06,8.656843e-06,2.549327e-06,3.154025e-06,1.405769e-06,2.196181e-06,3.179206e-06,1.607586e-06,9.888885e-07,1.044316e-06,8.002960e-07,9.338049e-07,1.087084e-06,2.737131e-07,2.222958e-07,1.489871e-07,7.479135e-07,4.725000e-08,4.482165e-08,2.562160e-08,4.561315e-08,7.606886e-08
9.399414,1.882083e-06,8.827671e-07,4.416001e-06,2.243543e-06,8.851360e-06,2.592664e-06,3.205477e-06,1.443681e-06,2.228594e-06,3.255764e-06,1.653133e-06,1.038508e-06,1.116544e-06,8.143981e-07,9.595662e-07,9.319997e-07,2.527243e-07,2.341233e-07,2.051388e-07,9.609048e-07,7.175189e-08,7.393418e-08,1.570312e-08,1.208696e-07,6.274361e-08
9.423828,1.928298e-06,9.015432e-07,4.506731e-06,2.295437e-06,9.076370e-06,2.596548e-06,3.274280e-06,1.508350e-06,2.262078e-06,3.313600e-06,1.732410e-06,1.056615e-06,1.112938e-06,7.859438e-07,9.579395e-07,1.000278e-06,2.519927e-07,2.458044e-07,2.508412e-07,1.177695e-06,1.758202e-07,1.557509e-07,1.712619e-08,1.603021e-07,6.487657e-08
9.448242,1.936580e-06,9.193539e-07,4.543418e-06,2.314196e-06,9.278463e-06,2.621096e-06,3.374494e-06,1.520503e-06,2.210541e-06,3.396334e-06,1.739279e-06,1.075047e-06,1.045785e-06,8.003948e-07,9.645761e-07,9.815235e-07,2.543736e-07,2.406437e-07,2.681454e-07,1.253302e-06,2.898085e-07,2.196784e-07,3.314655e-08,1.693672e-07,8.603430e-08
9.472656,1.854624e-06,8.873411e-07,4.454071e-06,2.269477e-06,8.993367e-06,2.540029e-06,3.298069e-06,1.439063e-06,2.098092e-06,3.262941e-06,1.689748e-06,1.052555e-06,1.026057e-06,8.202108e-07,9.179229e-07,7.952720e-07,2.261274e-07,2.035589e-07,2.733545e-07,1.321737e-06,3.552765e-07,2.572883e-07,4.830092e-08,1.771263e-07,1.144211e-07
9.497070,1.789907e-06,8.524329e-07,4.307213e-06,2.206969e-06,8.871590e-06,2.478042e-06,3.206415e-06,1.441876e-06,2.092208e-06,3.031362e-06,1.609193e-06,9.769727e-07,1.035306e-06,7.698224e-07,8.598988e-07,7.236257e-07,1.938690e-07,1.700491e-07,2.910682e-07,1.460755e-06,3.874470e-07,2.648340e-07,6.356077e-08,2.269094e-07,1.368328e-07
9.521484,1.712568e-06,8.203880e-07,4.172495e-06,2.108496e-06,8.779074e-06,2.356403e-06,3.055549e-06,1.424891e-06,1.995016e-06,2.972280e-06,1.553264e-06,9.537396e-07,9.577101e-07,6.887066e-07,8.665991e-07,8.039531e-07,1.723495e-07,1.574470e-07,2.908869e-07,1.609822e-06,3.940115e-07,2.655021e-07,7.510133e-08,3.166242e-07,1.521971e-07
9.545898,1.637935e-06,7.858508e-07,4.065086e-06,2.032145e-06,8.539409e-06,2.241227e-06,2.978264e-06,1.357817e-06,1.865988e-06,2.916040e-06,1.551244e-06,9.815645e-07,8.826832e-07,6.632089e-07,8.676030e-07,8.402021e-07,1.441040e-07,1.437906e-07,2.661410e-07,1.656736e-06,3.795961e-07,2.670702e-07,8.441531e-08,3.907472e-07,1.554426e-07
9.570312,1.563970e-06,7.512585e-07,3.963815e-06,1.941543e-06,8.346982e-06,2.187438e-06,2.939319e-06,1.310749e-06,1.815974e-06,2.741644e-06,1.461302e-06,9.400859e-07,8.213793e-07,6.335080e-07,7.748845e-07,9.276574e-07,1.018150e-07,1.189526e-07,2.362403e-07,1.575133e-06,3.557136e-07,2.682577e-07,8.729554e-08,4.562913e-07,1.546492e-07
9.594727,1.504129e-06,7.141099e-07,3.863125e-06,1.849431e-06,8.104915e-06,2.091516e-06,2.804214e-06,1.268946e-06,1.764022e-06,2.608692e-06,1.364804e-06,8.754570e-07,7.369950e-07,5.901805e-07,7.047811e-07,1.047323e-06,9.286975e-08,1.002742e-07,2.201946e-07,1.519196e-06,3.242819e-07,2.695692e-07,8.451286e-08,4.848277e-07,1.448486e-07
9.619141,1.443214e-06,6.824695e-07,3.748414e-06,1.753294e-06,7.839368e-06,1.997490e-06,2.691300e-06,1.259619e-06,1.723221e-06,2.494980e-06,1.342443e-06,8.652211e-07,7.085170e-07,5.678290e-07,6.907649e-07,1.063671e-06,1.065934e-07,8.889566e-08,2.050686e-07,1.479068e-06,2.823799e-07,2.703548e-07,7.873033e-08,5.062368e-07,1.310922e-07
9.643555,1.379702e-06,6.482588e-07,3.660577e-06,1.667399e-06,7.485797e-06,1.928589e-06,2.599586e-06,1.227489e-06,1.630993e-06,2.460358e-06,1.292461e-06,8.390626e-07,7.084580e-07,5.193352e-07,6.494114e-07,1.035148e-06,1.071966e-07,6.741781e-08,1.718290e-07,1.391396e-06,2.556820e-07,2.703979e-07,7.160050e-08,5.040614e-07,1.100750e-07
9.667969,1.334151e-06,6.144959e-07,3.536672e-06,1.603362e-06,7.110499e-06,1.851008e-06,2.485837e-06,1.148735e-06,1.518861e-06,2.416098e-06,1.235127e-06,8.133603e-07,6.300273e-07,4.448624e-07,6.146787e-07,1.067664e-06,9.861101e-08,5.224299e-08,1.299448e-07,1.173174e-06,2.422547e-07,2.706802e-07,6.346744e-08,4.788110e-07,8.682962e-08
9.692383,1.276929e-06,5.904179e-07,3.400531e-06,1.521167e-06,6.855884e-06,1.776696e-06,2.378072e-06,1.114942e-06,1.490685e-06,2.243574e-06,1.166291e-06,7.921726e-07,5.451048e-07,4.320377e-07,5.969741e-07,1.155911e-06,1.077253e-07,6.571603e-08,1.007494e-07,9.200794e-07,2.430304e-07,2.581680e-07,5.642009e-08,4.288824e-07,7.138457e-08
9.716797,1.218412e-06,5.633129e-07,3.289876e-06,1.449230e-06,6.545195e-06,1.675014e-06,2.249802e-06,1.088799e-06,1.436641e-06,2.137456e-06,1.090897e-06,7.070342e-07,5.392848e-07,4.359388e-07,5.428464e-07,1.135223e-06,1.220743e-07,7.980504e-08,7.908586e-08,7.259829e-07,2.389736e-07,2.359928e-07,4.946772e-08,3.575252e-07,6.922148e-08
9.741211,1.244727e-06,5.728681e-07,3.363638e-06,1.484632e-06,6.684050e-06,1.688730e-06,2.304339e-06,1.087369e-06,1.420539e-06,2.244884e-06,1.144211e-06,6.738779e-07,5.671609e-07,4.221254e-07,5.012169e-07,1.126616e-06,1.389268e-07,8.528433e-08,6.554748e-08,6.108761e-07,2.375916e-07,2.155452e-07,4.809769e-08,2.853614e-07,8.007570e-08
9.765625,1.281794e-06,5.872944e-07,3.448870e-06,1.516452e-06,6.933612e-06,1.750430e-06,2.402926e-06,1.103187e-06,1.458486e-06,2.288093e-06,1.193475e-06,7.168254e-07,6.006384e-07,4.159345e-07,5.361442e-07,1.148990e-06,1.610058e-07,9.267890e-08,5.429339e-08,4.451124e-07,2.235697e-07,1.866311e-07,4.824843e-08,2.199742e-07,9.252358e-08
9.790039,1.316551e-06,6.052508e-07,3.518001e-06,1.553507e-06,7.140194e-06,1.767567e-06,2.431100e-06,1.132526e-06,1.507720e-06,2.324227e-06,1.170426e-06,7.282312e-07,6.434057e-07,4.215816e-07,5.735218e-07,1.169455e-06,1.899163e-07,1.105783e-07,6.688342e-08,2.641042e-07,1.920176e-07,1.561052e-07,4.851711e-08,1.531049e-07,9.442182e-08
9.814453,1.342059e-06,6.211185e-07,3.608703e-06,1.584661e-06,7.370369e-06,1.789724e-06,2.499321e-06,1.168615e-06,1.540047e-06,2.389020e-06,1.183343e-06,7.107810e-07,6.399808e-07,4.259856e-07,5.503751e-07,1.107934e-06,2.108474e-07,1.314726e-07,8.852070e-08,2.297902e-07,1.584448e-07,1.222883e-07,4.787877e-08,1.098533e-07,9.155218e-08
9.838867,1.377609e-06,6.333747e-07,3.680508e-06,1.619567e-06,7.566452e-06,1.838891e-06,2.594499e-06,1.219318e-06,1.566959e-06,2.447177e-06,1.238051e-06,7.113005e-07,6.431158e-07,4.732555e-07,5.568312e-07,1.061792e-06,2.095844e-07,1.443577e-07,9.317873e-08,3.850319e-07,1.072741e-07,9.588771e-08,4.306692e-08,7.380923e-08,7.927998e-08
9.863281,1.397474e-06,6.528590e-07,3.721386e-06,1.633888e-06,7.852878e-06,1.868307e-06,2.649577e-06,1.218591e-06,1.540745e-06,2.554914e-06,1.271053e-06,7.104097e-07,7.227206e-07,5.265077e-07,5.738188e-07,1.096711e-06,2.105121e-07,1.594614e-07,9.420245e-08,4.769586e-07,5.899121e-08,6.027113e-08,3.624218e-08,7.866650e-08,6.491371e-08
9.887695,1.409393e-06,6.660111e-07,3.811176e-06,1.629887e-06,8.079232e-06,1.894717e-06,2.706317e-06,1.229962e-06,1.560168e-06,2.570585e-06,1.313248e-06,7.314153e-07,7.656850e-07,5.213409e-07,5.690044e-07,1.068143e-06,2.284604e-07,1.805772e-07,1.145219e-07,5.762771e-07,5.072069e-08,2.942356e-08,2.451350e-08,1.076581e-07,4.868906e-08
9.912109,1.426949e-06,6.770326e-07,3.878190e-06,1.651967e-06,8.184061e-06,1.885035e-06,2.735391e-06,1.304502e-06,1.635296e-06,2.522444e-06,1.331067e-06,7.869905e-07,7.512935e-07,5.261211e-07,6.027972e-07,9.146808e-07,2.455447e-07,1.908281e-07,1.426434e-07,7.157916e-07,1.043352e-07,1.333950e-08,1.453613e-08,1.292690e-07,4.061336e-08
9.936523,1.439242e-06,6.872966e-07,3.947342e-06,1.657052e-06,8.373672e-06,1.904751e-06,2.825999e-06,1.334105e-06,1.625476e-06,2.621928e-06,1.337887e-06,7.893352e-07,7.569658e-07,5.762829e-07,6.455941e-07,7.709364e-07,2.410374e-07,1.832143e-07,1.589101e-07,8.624647e-07,1.624468e-07,4.734361e-08,1.477970e-08,1.273360e-07,5.192641e-08
9.960938,1.449797e-06,6.958228e-07,4.029459e-06,1.659068e-06,8.477243e-06,1.948745e-06,2.913374e-06,1.345867e-06,1.617367e-06,2.686776e-06,1.415021e-06,7.732914e-07,7.799507e-07,6.093213e-07,6.192635e-07,7.063063e-07,2.345430e-07,1.743536e-07,1.712853e-07,9.249094e-07,2.087865e-07,9.503628e-08,2.804545e-08,9.279777e-08,7.580313e-08
9.985352,1.451530e-06,7.020150e-07,4.135687e-06,1.667981e-06,8.546194e-06,1.941236e-06,2.913949e-06,1.371740e-06,1.656594e-06,2.671628e-06,1.443826e-06,8.344652e-07,7.958467e-07,6.215713e-07,6.079497e-07,5.945238e-07,2.307440e-07,1.821504e-07,1.924718e-07,9.312945e-07,2.432681e-07,1.515035e-07,4.483204e-08,1.141900e-07,9.937782e-08
10.009770,1.447651e-06,6.964854e-07,4.202139e-06,1.661463e-06,8.503382e-06,1.937701e-06,2.936092e-06,1.392799e-06,1.678666e-06,2.656835e-06,1.402809e-06,8.866643e-07,8.262035e-07,6.291634e-07,6.742499e-07,5.064085e-07,2.143567e-07,1.865809e-07,2.164136e-07,9.408439e-07,2.826263e-07,2.066100e-07,5.887656e-08,2.121267e-07,1.124167e-07
10.034180,1.394015e-06,6.764909e-07,4.117498e-06,1.610972e-06,8.234164e-06,1.882166e-06,2.867252e-06,1.413044e-06,1.667621e-06,2.561224e-06,1.382851e-06,8.581997e-07,7.978151e-07,5.900597e-07,7.003862e-07,5.404840e-07,1.699998e-07,1.682241e-07,2.184531e-07,1.032527e-06,2.981578e-07,2.532597e-07,6.627298e-08,3.269008e-07,1.169361e-07
10.058590,1.339943e-06,6.521202e-07,4.085425e-06,1.541628e-06,8.057934e-06,1.812300e-06,2.769607e-06,1.376661e-06,1.587147e-06,2.576614e-06,1.361959e-06,8.431985e-07,7.030628e-07,5.522412e-07,6.858401e-07,5.175567e-07,1.406489e-07,1.479932e-07,2.110237e-07,1.083936e-06,3.074189e-07,2.743971e-07,6.964048e-08,4.303277e-07,1.150645e-07
10.083010,1.310461e-06,6.252391e-07,4.031625e-06,1.489263e-06,7.769942e-06,1.745865e-06,2.686069e-06,1.319719e-06,1.514966e-06,2.554856e-06,1.338269e-06,8.210049e-07,6.530189e-07,5.648401e-07,6.912944e-07,4.632743e-07,1.285716e-07,1.341523e-07,2.039056e-07,1.091067e-06,2.990979e-07,2.833496e-07,6.663852e-08,5.219493e-07,1.177845e-07
10.107420,1.281133e-06,6.074111e-07,3.936326e-06,1.443803e-06,7.513994e-06,1.663532e-06,2.587807e-06,1.326407e-06,1.523052e-06,2.409617e-06,1.307881e-06,7.987706e-07,6.734970e-07,5.587959e-07,6.769258e-07,5.855276e-07,1.055468e-07,1.122998e-07,2.025521e-07,1.063801e-06,2.907613e-07,2.743989e-07,6.090241e-08,5.922944e-07,1.199136e-07
10.131840,1.247721e-06,5.909333e-07,3.871660e-06,1.377914e-06,7.338287e-06,1.620991e-06,2.545901e-06,1.309611e-06,1.481377e-06,2.359927e-06,1.236015e-06,8.363970e-07,6.446455e-07,4.933161e-07,6.410861e-07,7.333208e-07,6.648733e-08,7.776833e-08,2.029890e-07,1.095490e-06,2.800420e-07,2.567651e-07,5.318831e-08,6.348864e-07,1.214340e-07
10.156250,1.213164e-06,5.761321e-07,3.806062e-06,1.329189e-06,7.079546e-06,1.583675e-06,2.488343e-06,1.256012e-06,1.406532e-06,2.358780e-06,1.226671e-06,8.271724e-07,5.867211e-07,4.484514e-07,6.593335e-07,7.676841e-07,4.573463e-08,5.066605e-08,1.823215e-07,1.124581e-06,2.688525e-07,2.276734e-07,4.478886e-08,6.508413e-07,1.202094e-07
10.180660,1.181902e-06,5.608047e-07,3.727907e-06,1.279611e-06,6.850140e-06,1.513676e-06,2.373556e-06,1.221520e-06,1.378604e-06,2.271897e-06,1.245085e-06,7.567568e-07,5.599290e-07,4.424240e-07,6.843806e-07,8.154049e-07,5.021419e-08,4.618244e-08,1.521768e-07,1.079048e-06,2.500954e-07,1.927857e-07,3.796292e-08,6.182394e-07,1.159388e-07
10.205080,1.145982e-06,5.516125e-07,3.606489e-06,1.227907e-06,6.635599e-06,1.489776e-06,2.322240e-06,1.193022e-06,1.350349e-06,2.200374e-06,1.186196e-06,7.285415e-07,5.164025e-07,4.193514e-07,6.331473e-07,8.785093e-07,6.189249e-08,3.840488e-08,1.284203e-07,9.637380e-07,2.235875e-07,1.614361e-07,3.602563e-08,5.438092e-07,1.146180e-07
10.229490,1.101145e-06,5.395072e-07,3.506818e-06,1.171055e-06,6.447192e-06,1.476840e-06,2.266137e-06,1.185770e-06,1.322501e-06,2.132283e-06,1.123569e-06,7.139924e-07,5.117848e-07,4.159120e-07,5.785780e-07,8.923113e-07,9.710173e-08,3.658399e-08,1.093952e-07,8.106296e-07,2.009697e-07,1.465433e-07,3.866215e-08,4.345948e-07,1.149260e-07
10.253910,1.064565e-06,5.230220e-07,3.403117e-06,1.120105e-06,6.184501e-06,1.445970e-06,2.169587e-06,1.166270e-06,1.273700e-06,2.086615e-06,1.104878e-06,6.808688e-07,5.467447e-07,4.072091e-07,5.767113e-07,8.763126e-07,1.254336e-07,5.483336e-08,8.224836e-08,6.902881e-07,1.818386e-07,1.511599e-07,4.280140e-08,3.130147e-07,1.128867e-07
10.278320,1.017770e-06,5.103775e-07,3.250822e-06,1.092780e-06,5.870062e-06,1.414896e-06,2.100106e-06,1.098356e-06,1.187515e-06,2.075318e-06,1.079576e-06,6.587127e-07,5.293971e-07,3.633985e-07,5.436741e-07,9.072043e-07,1.326459e-07,7.076526e-08,4.562637e-08,5.650475e-07,1.726701e-07,1.610319e-07,4.506693e-08,2.091276e-07,1.072695e-07
10.302730,9.875679e-07,5.023217e-07,3.190228e-06,1.067160e-06,5.801936e-06,1.396508e-06,2.069413e-06,1.092698e-06,1.181285e-06,2.004799e-06,1.084765e-06,6.282679e-07,5.035283e-07,3.568699e-07,5.186086e-07,9.519541e-07,1.337312e-07,8.307025e-08,2.067891e-08,4.163458e-07,1.661588e-07,1.710451e-07,4.546664e-08,1.623444e-07,9.836740e-08
10.327150,1.005392e-06,5.139314e-07,3.265480e-06,1.095375e-06,5.932756e-06,1.470961e-06,2.187592e-06,1.162709e-06,1.248623e-06,1.999923e-06,1.126810e-06,6.109798e-07,5.557369e-07,4.088725e-07,5.416377e-07,9.531509e-07,1.576984e-07,1.062266e-07,2.459435e-08,2.154902e-07,1.660386e-07,1.777950e-07,4.407263e-08,1.886927e-07,9.219524e-08
10.351560,1.027429e-06,5.248946e-07,3.344603e-06,1.135835e-06,6.063056e-06,1.525356e-06,2.282009e-06,1.188800e-06,1.251839e-06,2.104842e-06,1.137046e-06,6.430730e-07,6.091995e-07,4.328830e-07,5.321538e-07,8.812990e-07,1.876820e-07,1.347531e-07,3.110087e-08,3.388325e-08,1.541020e-07,1.720220e-07,3.992018e-08,2.397568e-07,8.512295e-08
10.375980,1.049203e-06,5.381199e-07,3.421859e-06,1.170557e-06,6.273804e-06,1.551560e-06,2.340687e-06,1.216053e-06,1.273357e-06,2.163951e-06,1.209143e-06,6.876017e-07,6.392634e-07,4.441604e-07,4.999490e-07,8.626813e-07,2.087080e-07,1.502060e-07,5.105640e-08,1.739934e-07,1.349191e-07,1.517041e-07,3.203326e-08,2.827055e-07,7.681317e-08
10.400390,1.068249e-06,5.511026e-07,3.527797e-06,1.209549e-06,6.463847e-06,1.606062e-06,2.471075e-06,1.241722e-06,1.310104e-06,2.187421e-06,1.275760e-06,6.750957e-07,6.663186e-07,4.731334e-07,5.408273e-07,8.805373e-07,2.188354e-07,1.532108e-07,8.564254e-08,2.922353e-07,1.101442e-07,1.198302e-07,2.162070e-08,3.134582e-07,6.645875e-08
10.424800,1.101707e-06,5.613765e-07,3.664222e-06,1.242129e-06,6.677544e-06,1.634084e-06,2.582199e-06,1.296275e-06,1.364550e-06,2.212508e-06,1.276494e-06,6.721424e-07,6.717080e-07,5.005473e-07,5.887384e-07,8.220893e-07,2.361099e-07,1.606721e-07,1.133478e-07,4.720554e-07,7.431608e-08,8.021472e-08,9.409823e-09,3.068287e-07,4.804166e-08
10.449220,1.125264e-06,5.822882e-07,3.764835e-06,1.289965e-06,6.818782e-06,1.641890e-06,2.673837e-06,1.371317e-06,1.423656e-06,2.240913e-06,1.310790e-06,7.143829e-07,6.604547e-07,5.313980e-07,5.797547e-07,7.834536e-07,2.450590e-07,1.776310e-07,1.322668e-07,6.849778e-07,3.971092e-08,5.399930e-08,5.569938e-09,2.778548e-07,2.565413e-08
10.473630,1.135401e-06,6.002761e-07,3.918185e-06,1.331420e-06,7.057823e-06,1.655941e-06,2.788141e-06,1.380378e-06,1.413199e-06,2.382158e-06,1.359787e-06,7.391833e-07,7.030423e-07,5.821375e-07,5.832596e-07,7.807095e-07,2.367607e-07,1.894963e-07,1.509758e-07,8.628358e-07,7.682892e-08,7.920001e-08,1.922084e-08,2.151882e-07,5.765719e-10
10.498050,1.150805e-06,6.144803e-07,4.076297e-06,1.359169e-06,7.311135e-06,1.665679e-06,2.889383e-06,1.407166e-06,1.429526e-06,2.461144e-06,1.414073e-06,7.737060e-07,7.555659e-07,5.979121e-07,6.137675e-07,7.151056e-07,2.195571e-07,1.913510e-07,1.801358e-07,9.434908e-07,1.416945e-07,1.309769e-07,3.410822e-08,1.822825e-07,2.263180e-08
10.522460,1.157015e-06,6.292061e-07,4.191675e-06,1.410164e-06,7.463420e-06,1.716809e-06,3.018068e-06,1.486879e-06,1.507995e-06,2.429174e-06,1.478802e-06,8.018089e-07,7.268390e-07,5.670103e-07,6.360016e-07,5.658597e-07,2.215736e-07,1.907101e-07,2.060316e-07,1.015931e-06,2.059918e-07,1.859970e-07,4.505207e-08,2.367103e-07,3.967105e-08
10.546880,1.158239e-06,6.429363e-07,4.293455e-06,1.444393e-06,7.718673e-06,1.739732e-06,3.075025e-06,1.519293e-06,1.523226e-06,2.512891e-06,1.471438e-06,7.719488e-07,6.796997e-07,5.770819e-07,6.889122e-07,5.546282e-07,2.290833e-07,1.941690e-07,2.114846e-07,1.129559e-06,2.636207e-07,2.269201e-07,5.667430e-08,3.468615e-07,5.468085e-08
10.571290,1.152027e-06,6.529860e-07,4.386769e-06,1.474105e-06,7.936346e-06,1.756979e-06,3.103208e-06,1.532569e-06,1.524746e-06,2.615864e-06,1.495023e-06,8.008362e-07,6.874833e-07,6.182167e-07,7.731145e-07,6.140750e-07,2.105972e-07,1.866425e-07,2.132966e-07,1.265077e-06,3.082739e-07,2.612698e-07,6.599795e-08,4.644200e-07,7.058005e-08
10.595700,1.155253e-06,6.561004e-07,4.493720e-06,1.504605e-06,8.122699e-06,1.826146e-06,3.210798e-06,1.560648e-06,1.569547e-06,2.632382e-06,1.609204e-06,8.795399e-07,6.876531e-07,6.126905e-07,7.911816e-07,6.008130e-07,1.742299e-07,1.597371e-07,2.236517e-07,1.342158e-06,3.386524e-07,2.809395e-07,7.528791e-08,5.825713e-07,9.004383e-08
10.620120,1.114429e-06,6.398745e-07,4.396270e-06,1.489269e-06,7.988705e-06,1.806919e-06,3.140577e-06,1.544203e-06,1.552603e-06,2.580479e-06,1.596141e-06,8.675423e-07,6.623391e-07,5.706623e-07,7.469475e-07,6.152066e-07,1.427568e-07,1.296954e-07,2.286891e-07,1.287940e-06,3.410071e-07,2.795188e-07,7.935471e-08,6.644778e-07,1.096458e-07
10.644530,1.073480e-06,6.200543e-07,4.340564e-06,1.473974e-06,7.874503e-06,1.786218e-06,3.061030e-06,1.573832e-06,1.560752e-06,2.497122e-06,1.530835e-06,8.368276e-07,6.536654e-07,5.395377e-07,7.850102e-07,6.791217e-07,1.157763e-07,1.227739e-07,2.227733e-07,1.270924e-06,3.233957e-07,2.680150e-07,8.107057e-08,7.068383e-07,1.209760e-07
10.668950,1.048292e-06,5.971013e-07,4.310171e-06,1.430435e-06,7.850358e-06,1.763090e-06,2.998806e-06,1.535022e-06,1.503269e-06,2.504182e-06,1.514512e-06,8.224377e-07,5.858021e-07,4.804216e-07,8.136795e-07,6.946849e-07,7.638670e-08,1.064797e-07,2.028822e-07,1.274630e-06,2.924840e-07,2.468335e-07,7.971621e-08,7.282388e-07,1.334241e-07
10.693360,1.022546e-06,5.820637e-07,4.241051e-06,1.395929e-06,7.697135e-06,1.748085e-06,2.955922e-06,1.474542e-06,1.425455e-06,2.527632e-06,1.483051e-06,7.927365e-07,5.273708e-07,4.605572e-07,7.823369e-07,7.027651e-07,6.746657e-08,7.710512e-08,1.846129e-07,1.301467e-06,2.413224e-07,2.237596e-07,7.575707e-08,6.915944e-07,1.396551e-07
10.717770,9.981060e-07,5.682476e-07,4.201732e-06,1.368573e-06,7.519221e-06,1.751861e-06,2.964716e-06,1.485996e-06,1.438515e-06,2.393957e-06,1.494996e-06,7.918282e-07,5.468088e-07,4.776687e-07,7.794914e-07,8.171865e-07,8.022867e-08,4.947600e-08,1.720860e-07,1.210755e-06,1.987180e-07,2.012671e-07,6.892460e-08,6.170223e-07,1.461747e-07
10.742190,9.770344e-07,5.557927e-07,4.181723e-06,1.323502e-06,7.389460e-06,1.717063e-06,2.923158e-06,1.479696e-06,1.430643e-06,2.303905e-06,1.487927e-06,7.975645e-07,5.509093e-07,4.512589e-07,7.597761e-07,8.911273e-07,7.711543e-08,3.724241e-08,1.534038e-07,1.073423e-06,1.660321e-07,1.923668e-07,6.107841e-08,5.011265e-07,1.486382e-07
10.766600,9.607961e-07,5.434655e-07,4.161077e-06,1.287241e-06,7.175984e-06,1.676418e-06,2.877582e-06,1.444742e-06,1.381305e-06,2.300343e-06,1.418751e-06,7.392332e-07,5.223269e-07,4.076904e-07,6.951971e-07,8.555030e-07,7.643599e-08,2.850392e-08,1.247834e-07,9.763634e-07,1.544358e-07,1.853749e-07,5.157939e-08,3.732445e-07,1.444615e-07
10.791020,9.429532e-07,5.367947e-07,4.104060e-06,1.256279e-06,6.959262e-06,1.658427e-06,2.905078e-06,1.410699e-06,1.353265e-06,2.254366e-06,1.423488e-06,6.932165e-07,5.246433e-07,4.077074e-07,6.668783e-07,8.064849e-07,1.077944e-07,4.989475e-08,8.397804e-08,8.942860e-07,1.450819e-07,1.784961e-07,4.212340e-08,2.565852e-07,1.301722e-07
10.815430,9.157703e-07,5.294048e-07,4.039418e-06,1.236110e-06,6.722575e-06,1.605992e-06,2.888387e-06,1.383571e-06,1.335306e-06,2.191561e-06,1.449769e-06,7.155063e-07,5.296822e-07,4.114088e-07,6.699796e-07,8.339533e-07,1.373495e-07,8.176683e-08,5.690960e-08,7.748351e-07,1.435121e-07,1.648238e-07,3.341516e-08,1.804298e-07,1.066595e-07
10.839840,9.002535e-07,5.161576e-07,3.996817e-06,1.211986e-06,6.559396e-06,1.554445e-06,2.867470e-06,1.393123e-06,1.338141e-06,2.114619e-06,1.405985e-06,7.063118e-07,5.457404e-07,4.164907e-07,6.160486e-07,8.626838e-07,1.529193e-07,9.765857e-08,4.105387e-08,5.810947e-07,1.476681e-07,1.550813e-07,2.949932e-08,1.653011e-07,7.512186e-08
10.864260,8.832850e-07,5.096734e-07,3.888114e-06,1.192775e-06,6.392551e-06,1.520149e-06,2.880648e-06,1.387837e-06,1.329162e-06,2.065036e-06,1.364921e-06,6.809827e-07,5.938712e-07,4.366452e-07,5.348879e-07,8.116068e-07,1.706797e-07,1.055320e-07,1.533983e-08,3.739161e-07,1.414400e-07,1.456940e-07,3.139752e-08,1.936907e-07,4.646710e-08
10.888670,8.622977e-07,5.028822e-07,3.769509e-06,1.198407e-06,6.177663e-06,1.489642e-06,2.867953e-06,1.334218e-06,1.270442e-06,2.095245e-06,1.343337e-06,6.700612e-07,5.967637e-07,4.273005e-07,5.170497e-07,8.026819e-07,1.884680e-07,1.177315e-07,2.276097e-08,1.973573e-07,1.326071e-07,1.291803e-07,3.344688e-08,2.379051e-07,2.330419e-08
10.913090,8.535442e-07,4.980684e-07,3.701085e-06,1.198737e-06,6.157181e-06,1.484084e-06,2.880707e-06,1.335729e-06,1.259039e-06,2.084376e-06,1.336163e-06,6.504485e-07,5.546274e-07,4.200564e-07,5.039931e-07,8.012064e-07,1.932648e-07,1.386111e-07,5.409860e-08,6.886341e-08,1.085459e-07,1.095883e-07,3.414318e-08,2.712250e-07,2.404065e-08
10.937500,8.630955e-07,5.022220e-07,3.689307e-06,1.219470e-06,6.240721e-06,1.481255e-06,2.885260e-06,1.379062e-06,1.304744e-06,2.040178e-06,1.376831e-06,6.808253e-07,5.727076e-07,4.784630e-07,5.059765e-07,7.318504e-07,1.862151e-07,1.531219e-07,7.356650e-08,8.147323e-08,8.472061e-08,8.899399e-08,3.278653e-08,2.864608e-07,3.272895e-08
10.961910,8.752417e-07,5.076764e-07,3.677442e-06,1.253032e-06,6.291670e-06,1.494084e-06,2.885137e-06,1.374345e-06,1.292490e-06,2.090322e-06,1.375459e-06,7.316228e-07,6.186982e-07,5.218292e-07,5.482705e-07,6.306257e-07,1.918292e-07,1.587155e-07,8.900904e-08,2.812784e-07,6.469569e-08,6.591703e-08,2.972462e-08,2.806898e-07,4.322593e-08
10.986330,8.827145e-07,5.152050e-07,3.655347e-06,1.281161e-06,6.405856e-06,1.534939e-06,2.950137e-06,1.375923e-06,1.290374e-06,2.128584e-06,1.336493e-06,7.225657e-07,6.242261e-07,5.166077e-07,5.447922e-07,6.503428e-07,2.131202e-07,1.689308e-07,1.160618e-07,4.838347e-07,6.274678e-08,4.889989e-08,2.289684e-08,2.535014e-07,4.801552e-08
11.010740,9.003554e-07,5.193640e-07,3.673292e-06,1.302622e-06,6.544829e-06,1.543220e-06,2.951832e-06,1.381482e-06,1.308653e-06,2.124039e-06,1.388426e-06,6.939201e-07,6.213463e-07,5.205468e-07,5.221784e-07,6.633557e-07,2.225117e-07,1.828879e-07,1.450918e-07,6.079126e-07,8.183558e-08,4.409817e-08,1.725313e-08,2.287431e-07,4.854906e-08
11.035160,9.152269e-07,5.326899e-07,3.665037e-06,1.303732e-06,6.715694e-06,1.553985e-06,2.945195e-06,1.414550e-06,1.331126e-06,2.125041e-06,1.430967e-06,7.179109e-07,6.055979e-07,5.315627e-07,5.853555e-07,6.108155e-07,2.041693e-07,1.813846e-07,1.636840e-07,6.851992e-07,1.104480e-07,6.364653e-08,1.835996e-08,2.406127e-07,4.479480e-08
11.059570,9.196088e-07,5.463978e-07,3.659907e-06,1.317645e-06,6.746500e-06,1.569991e-06,2.991096e-06,1.470764e-06,1.369242e-06,2.106098e-06,1.418589e-06,7.457296e-07,5.691611e-07,5.374475e-07,6.624609e-07,5.842420e-07,1.905793e-07,1.669999e-07,1.684492e-07,7.790251e-07,1.397377e-07,9.868099e-08,2.920405e-08,2.886471e-07,4.025813e-08
11.083980,9.319438e-07,5.548615e-07,3.718692e-06,1.332861e-06,6.774816e-06,1.578041e-06,3.030862e-06,1.457604e-06,1.349648e-06,2.162772e-06,1.416592e-06,7.514444e-07,5.678293e-07,5.585606e-07,6.865221e-07,5.907436e-07,1.815431e-07,1.578872e-07,1.785542e-07,9.488032e-07,1.692900e-07,1.398993e-07,4.251271e-08,3.401636e-07,4.793436e-08
11.108400,9.407450e-07,5.658041e-07,3.744496e-06,1.325228e-06,6.860865e-06,1.597983e-06,3.102190e-06,1.446502e-06,1.319094e-06,2.233063e-06,1.402510e-06,7.651660e-07,5.999788e-07,5.714436e-07,7.210926e-07,5.525033e-07,1.611053e-07,1.648550e-07,1.958621e-07,1.045408e-06,1.852534e-07,1.786589e-07,5.576221e-08,4.086447e-07,7.314321e-08
11.132810,9.431949e-07,5.759923e-07,3.750396e-06,1.338188e-06,6.815661e-06,1.580243e-06,3.124826e-06,1.496714e-06,1.371262e-06,2.171938e-06,1.417361e-06,7.635492e-07,5.838101e-07,5.330343e-07,7.652574e-07,5.304657e-07,1.314928e-07,1.580464e-07,2.091644e-07,1.072564e-06,1.994231e-07,2.128505e-07,6.500478e-08,4.633174e-07,1.000930e-07
11.157230,9.400062e-07,5.842034e-07,3.746600e-06,1.349944e-06,6.805725e-06,1.578551e-06,3.170953e-06,1.510120e-06,1.401690e-06,2.137928e-06,1.465825e-06,7.445557e-07,5.351740e-07,4.888674e-07,7.843261e-07,6.373645e-07,1.246683e-07,1.374071e-07,2.098904e-07,1.077084e-06,2.085312e-07,2.382427e-07,7.138108e-08,5.036470e-07,1.254269e-07
11.181640,9.447444e-07,5.862822e-07,3.770055e-06,1.357421e-06,6.812464e-06,1.586464e-06,3.277490e-06,1.507677e-06,1.394564e-06,2.193536e-06,1.439621e-06,7.812309e-07,5.348288e-07,5.015872e-07,8.193859e-07,7.035866e-07,1.188163e-07,1.191270e-07,2.029897e-07,1.124231e-06,2.180398e-07,2.596175e-07,7.261976e-08,5.138310e-07,1.479922e-07
11.206050,9.473900e-07,5.938762e-07,3.764927e-06,1.361924e-06,6.801518e-06,1.552076e-06,3.291050e-06,1.513119e-06,1.416810e-06,2.198622e-06,1.422361e-06,7.990319e-07,5.552130e-07,5.122944e-07,8.822224e-07,6.735977e-07,9.448494e-08,1.061370e-07,2.056236e-07,1.184892e-06,2.213233e-07,2.662080e-07,7.077031e-08,4.993510e-07,1.661219e-07
11.230470,9.335204e-07,5.951550e-07,3.718382e-06,1.365800e-06,6.684157e-06,1.530938e-06,3.308849e-06,1.506426e-06,1.415472e-06,2.197033e-06,1.483803e-06,7.514947e-07,5.413759e-07,4.823274e-07,8.817335e-07,6.906726e-07,6.282851e-08,7.661663e-08,2.059230e-07,1.170639e-06,2.151598e-07,2.565219e-07,6.331388e-08,4.630621e-07,1.761590e-07
11.254880,9.112903e-07,5.759639e-07,3.668600e-06,1.354876e-06,6.397418e-06,1.490948e-06,3.278907e-06,1.520530e-06,1.420100e-06,2.109293e-06,1.453741e-06,7.178195e-07,5.343525e-07,4.638428e-07,8.112909e-07,7.509992e-07,7.140381e-08,4.453942e-08,1.901465e-07,1.077221e-06,1.978510e-07,2.251061e-07,5.182088e-08,4.281456e-07,1.735724e-07
11.279300,8.910848e-07,5.606656e-07,3.601347e-06,1.321330e-06,6.251921e-06,1.454567e-06,3.204967e-06,1.479881e-06,1.398427e-06,2.043336e-06,1.395262e-06,7.094714e-07,5.184428e-07,4.508904e-07,7.884756e-07,7.535579e-07,8.930429e-08,4.076629e-08,1.581378e-07,9.648059e-07,1.722628e-07,1.857586e-07,3.940143e-08,4.029874e-07,1.569266e-07
11.303710,8.685654e-07,5.458829e-07,3.534395e-06,1.302160e-06,6.042761e-06,1.415077e-06,3.127001e-06,1.420421e-06,1.322207e-06,2.076077e-06,1.345344e-06,6.837001e-07,4.893333e-07,4.310229e-07,7.945124e-07,7.414918e-07,9.996428e-08,5.123523e-08,1.248342e-07,9.168889e-07,1.468481e-07,1.493619e-07,3.037594e-08,3.974366e-07,1.299612e-07
11.328120,8.480246e-07,5.318571e-07,3.489622e-06,1.295821e-06,5.813851e-06,1.351277e-06,2.987801e-06,1.424678e-06,1.311691e-06,2.007473e-06,1.283911e-06,6.685760e-07,5.170743e-07,4.497260e-07,7.376727e-07,7.649695e-07,1.207584e-07,5.352180e-08,1.035267e-07,8.419226e-07,1.279968e-07,1.214257e-07,2.745179e-08,3.719876e-07,9.358618e-08
11.352540,8.314231e-07,5.174326e-07,3.451065e-06,1.271837e-06,5.681777e-06,1.323716e-06,2.903502e-06,1.409580e-06,1.307219e-06,1.910205e-06,1.296413e-06,6.372461e-07,5.475807e-07,4.602649e-07,6.749503e-07,7.400353e-07,1.371290e-07,6.685137e-08,8.209221e-08,7.267386e-07,1.099966e-07,1.204800e-07,2.932951e-08,3.477540e-07,5.189736e-08
11.376950,8.154150e-07,5.068727e-07,3.407392e-06,1.244679e-06,5.542451e-06,1.298051e-06,2.851687e-06,1.368292e-06,1.254101e-06,1.893532e-06,1.270409e-06,5.804756e-07,5.282068e-07,4.295494e-07,6.324214e-07,6.645498e-07,1.360599e-07,8.820984e-08,4.619849e-08,5.406888e-07,9.693172e-08,1.239072e-07,3.279946e-08,3.093872e-07,1.384037e-08
11.401370,7.926183e-07,4.972226e-07,3.339505e-06,1.211919e-06,5.394814e-06,1.243852e-06,2.717824e-06,1.324320e-06,1.217635e-06,1.856162e-06,1.177052e-06,5.827790e-07,5.031264e-07,4.200218e-07,5.564202e-07,6.120445e-07,1.322953e-07,9.911537e-08,8.883800e-09,3.636033e-07,8.625283e-08,1.335677e-07,3.406128e-08,2.805100e-07,2.114995e-08
11.425780,7.806048e-07,4.814413e-07,3.309956e-06,1.193967e-06,5.179464e-06,1.214037e-06,2.627541e-06,1.281704e-06,1.186882e-06,1.803906e-06,1.140781e-06,5.984383e-07,5.028059e-07,4.467727e-07,5.101817e-07,6.291435e-07,1.541021e-07,1.059448e-07,1.825320e-08,2.408893e-07,8.189976e-08,1.352678e-07,3.222284e-08,2.523168e-07,4.746232e-08
11.450200,7.671021e-07,4.721532e-07,3.242010e-06,1.166306e-06,5.024834e-06,1.181641e-06,2.568645e-06,1.286485e-06,1.184061e-06,1.728914e-06,1.132623e-06,5.598276e-07,4.909471e-07,4.498458e-07,5.257552e-07,6.276833e-07,1.698459e-07,1.182545e-07,3.133599e-08,1.278203e-07,7.836799e-08,1.318994e-07,2.872186e-08,2.122372e-07,6.670884e-08
11.474610,7.437568e-07,4.633126e-07,3.135305e-06,1.125274e-06,4.913195e-06,1.151351e-06,2.495009e-06,1.274070e-06,1.183583e-06,1.646833e-06,1.091738e-06,5.299031e-07,4.898736e-07,4.475094e-07,5.155173e-07,5.723038e-07,1.694548e-07,1.337008e-07,5.479100e-08,1.300005e-07,6.671639e-08,1.143920e-07,2.270676e-08,1.687967e-07,7.897639e-08
11.499020,7.213294e-07,4.518778e-07,3.052218e-06,1.106556e-06,4.680472e-06,1.114827e-06,2.432621e-06,1.206465e-06,1.117889e-06,1.652660e-06,1.047014e-06,5.117122e-07,4.934876e-07,4.480035e-07,4.716655e-07,5.330018e-07,1.615569e-07,1.306974e-07,8.244561e-08,2.629509e-07,4.872670e-08,8.844627e-08,1.586251e-08,1.145233e-07,8.183857e-08
11.523440,6.986518e-07,4.392873e-07,2.963594e-06,1.076509e-06,4.513218e-06,1.066130e-06,2.338665e-06,1.180898e-06,1.073632e-06,1.641843e-06,9.896037e-07,4.873286e-07,4.479522e-07,4.150277e-07,4.797108e-07,5.293221e-07,1.575906e-07,1.224691e-07,1.035350e-07,3.761409e-07,2.785163e-08,5.954634e-08,1.093589e-08,6.961395e-08,7.443588e-08
11.547850,6.737224e-07,4.279318e-07,2.865628e-06,1.045757e-06,4.340021e-06,1.047367e-06,2.290639e-06,1.164270e-06,1.078226e-06,1.538288e-06,9.450359e-07,4.910148e-07,3.980425e-07,3.965568e-07,4.905458e-07,4.848777e-07,1.489950e-07,1.214268e-07,1.131006e-07,4.451595e-07,2.593457e-08,5.516094e-08,1.347449e-08,5.013856e-08,6.120343e-08
11.572270,6.783487e-07,4.381168e-07,2.908115e-06,1.080073e-06,4.381052e-06,1.067336e-06,2.371179e-06,1.179439e-06,1.108310e-06,1.564866e-06,9.891673e-07,5.106886e-07,4.197951e-07,4.412634e-07,5.190184e-07,4.774267e-07,1.418216e-07,1.323038e-07,1.269937e-07,5.371751e-07,4.847204e-08,7.939221e-08,2.005814e-08,4.315788e-08,4.334914e-08
11.596680,6.962087e-07,4.454449e-07,3.006246e-06,1.136332e-06,4.450065e-06,1.086118e-06,2.414844e-06,1.209826e-06,1.146202e-06,1.628650e-06,9.917108e-07,4.994695e-07,4.299752e-07,4.576483e-07,5.964476e-07,5.687671e-07,1.351904e-07,1.355568e-07,1.485456e-07,6.773941e-07,7.689868e-08,1.178813e-07,2.869501e-08,4.293373e-08,3.585299e-08
11.621090,7.135853e-07,4.559616e-07,3.084000e-06,1.193679e-06,4.556059e-06,1.136352e-06,2.525230e-06,1.223789e-06,1.186925e-06,1.680083e-06,9.802275e-07,5.208360e-07,4.249596e-07,4.414534e-07,6.457396e-07,6.227011e-07,1.379541e-07,1.327157e-07,1.723024e-07,8.122567e-07,1.094603e-07,1.569076e-07,3.621699e-08,7.876304e-08,5.625048e-08
11.645510,7.239755e-07,4.655370e-07,3.132192e-06,1.234798e-06,4.726166e-06,1.180670e-06,2.622467e-06,1.271454e-06,1.231157e-06,1.738190e-06,1.033476e-06,5.711171e-07,4.268714e-07,4.384385e-07,6.398558e-07,5.981873e-07,1.371609e-07,1.277338e-07,1.848306e-07,8.832567e-07,1.393720e-07,1.920255e-07,4.438728e-08,1.374513e-07,8.591423e-08
11.669920,7.396164e-07,4.715260e-07,3.216807e-06,1.296129e-06,4.814353e-06,1.223141e-06,2.694067e-06,1.333714e-06,1.310967e-06,1.742139e-06,1.075435e-06,5.850942e-07,4.174761e-07,4.353233e-07,6.896270e-07,5.947813e-07,1.167961e-07,1.262310e-07,1.883812e-07,9.034479e-07,1.641121e-07,2.192403e-07,5.083923e-08,2.042189e-07,1.172987e-07
11.694340,7.559424e-07,4.787787e-07,3.303296e-06,1.355273e-06,4.931284e-06,1.250878e-06,2.749570e-06,1.327322e-06,1.336662e-06,1.803867e-06,1.100568e-06,5.916366e-07,4.203306e-07,4.351249e-07,7.649553e-07,6.646557e-07,9.115578e-08,1.132102e-07,1.944456e-07,9.549156e-07,1.804869e-07,2.365046e-07,5.659439e-08,2.730758e-07,1.444957e-07
11.718750,7.743328e-07,4.857033e-07,3.398414e-06,1.392041e-06,5.112692e-06,1.281257e-06,2.786561e-06,1.353637e-06,1.340163e-06,1.922102e-06,1.108659e-06,6.120246e-07,4.645643e-07,4.601675e-07,7.800576e-07,6.842305e-07,8.770720e-08,9.165562e-08,2.108328e-07,1.003730e-06,1.828057e-07,2.416044e-07,6.092500e-08,3.341710e-07,1.689247e-07
11.743160,7.927989e-07,4.934660e-07,3.489900e-06,1.436745e-06,5.233779e-06,1.340525e-06,2.900660e-06,1.411808e-06,1.407595e-06,1.932637e-06,1.092136e-06,6.176923e-07,4.850384e-07,4.626068e-07,7.832260e-07,6.794015e-07,8.820609e-08,7.748220e-08,2.189086e-07,1.042447e-06,1.810872e-07,2.422415e-07,6.447997e-08,4.039186e-07,1.840296e-07
11.767580,8.184489e-07,4.985297e-07,3.593079e-06,1.484864e-06,5.353626e-06,1.372213e-06,2.997016e-06,1.439784e-06,1.450729e-06,1.950818e-06,1.143400e-06,6.529416e-07,4.551267e-07,4.307609e-07,8.061075e-07,7.334430e-07,8.042352e-08,7.874413e-08,2.077533e-07,1.011175e-06,1.707175e-07,2.386853e-07,6.692454e-08,4.696784e-07,1.926366e-07
11.791990,8.476679e-07,5.084856e-07,3.700021e-06,1.533794e-06,5.451186e-06,1.402024e-06,3.036511e-06,1.461341e-06,1.466676e-06,2.020719e-06,1.197569e-06,6.960446e-07,4.715961e-07,4.589288e-07,7.969972e-07,7.604207e-07,9.384530e-08,6.810947e-08,1.927509e-07,9.642723e-07,1.625624e-07,2.457062e-07,6.753467e-08,5.202137e-07,1.845806e-07
11.816410,8.656397e-07,5.232961e-07,3.757697e-06,1.568023e-06,5.571745e-06,1.458831e-06,3.149333e-06,1.470231e-06,1.489509e-06,2.070414e-06,1.174345e-06,6.783929e-07,5.312252e-07,5.242400e-07,7.903543e-07,6.942615e-07,1.065835e-07,5.238059e-08,1.803015e-07,9.413160e-07,1.524238e-07,2.477939e-07,6.736927e-08,5.468029e-07,1.653550e-07
11.840820,8.922057e-07,5.324122e-07,3.859947e-06,1.595612e-06,5.677250e-06,1.502996e-06,3.256279e-06,1.509299e-06,1.518482e-06,2.113354e-06,1.177383e-06,6.701850e-07,5.602969e-07,5.392790e-07,8.401672e-07,6.800899e-07,1.060922e-07,6.408428e-08,1.683119e-07,9.374869e-07,1.435488e-07,2.517758e-07,6.394375e-08,5.335705e-07,1.350993e-07
11.865230,9.201111e-07,5.459798e-07,3.966455e-06,1.648773e-06,5.688316e-06,1.545778e-06,3.330255e-06,1.595756e-06,1.598209e-06,2.101125e-06,1.225698e-06,7.082223e-07,5.945530e-07,5.511410e-07,8.383529e-07,7.632630e-07,1.089369e-07,7.422107e-08,1.403821e-07,9.113146e-07,1.392694e-07,2.491187e-07,5.763982e-08,4.855336e-07,1.014080e-07
11.889650,9.420668e-07,5.613717e-07,4.017023e-06,1.678379e-06,5.768652e-06,1.578535e-06,3.424212e-06,1.621450e-06,1.651354e-06,2.093790e-06,1.262621e-06,7.298317e-07,6.198989e-07,5.844489e-07,7.465738e-07,7.636329e-07,1.396482e-07,8.307079e-08,9.990649e-08,7.899858e-07,1.423778e-07,2.421545e-07,4.986591e-08,4.178795e-07,7.112524e-08
11.914060,9.254496e-07,5.546598e-07,3.905021e-06,1.646110e-06,5.612197e-06,1.548641e-06,3.359197e-06,1.564091e-06,1.568754e-06,2.118280e-06,1.245657e-06,7.137700e-07,5.866927e-07,5.789034e-07,6.920200e-07,6.966689e-07,1.607578e-07,9.970857e-08,6.402642e-08,6.321296e-07,1.440763e-07,2.267202e-07,4.085025e-08,3.148228e-07,5.092880e-08
11.938480,9.099852e-07,5.451746e-07,3.788099e-06,1.638092e-06,5.400234e-06,1.541179e-06,3.351415e-06,1.563807e-06,1.540883e-06,2.096264e-06,1.199066e-06,6.975598e-07,6.027897e-07,6.111831e-07,7.018024e-07,6.737507e-07,1.577352e-07,1.244191e-07,4.489257e-08,4.897991e-07,1.360330e-07,2.038210e-07,3.455071e-08,2.310410e-07,4.931326e-08
11.962890,8.955525e-07,5.372579e-07,3.678947e-06,1.621040e-06,5.242671e-06,1.499875e-06,3.315449e-06,1.541220e-06,1.557747e-06,1.987074e-06,1.153642e-06,6.469909e-07,6.397104e-07,6.554762e-07,6.649518e-07,6.424065e-07,1.554901e-07,1.315668e-07,2.462526e-08,3.960799e-07,1.223826e-07,1.776748e-07,3.166568e-08,1.427440e-07,6.061449e-08
11.987300,8.723034e-07,5.321447e-07,3.522900e-06,1.592919e-06,5.115516e-06,1.466884e-06,3.218144e-06,1.500081e-06,1.528327e-06,1.942373e-06,1.159889e-06,6.244393e-07,6.244231e-07,6.335846e-07,6.604317e-07,5.837755e-07,1.636527e-07,1.259053e-07,2.083196e-08,2.497652e-07,9.842386e-08,1.415940e-07,3.025119e-08,9.549691e-08,7.648585e-08
12.011720,8.582896e-07,5.200559e-07,3.384406e-06,1.548342e-06,5.020390e-06,1.464045e-06,3.203015e-06,1.465829e-06,1.515099e-06,1.905740e-06,1.140687e-06,6.317283e-07,5.879951e-07,5.993535e-07,6.762248e-07,6.101747e-07,1.593538e-07,1.284522e-07,6.499207e-08,1.005679e-07,7.482710e-08,1.151365e-07,2.952913e-08,1.140881e-07,8.905098e-08
12.036130,8.470019e-07,5.108824e-07,3.278779e-06,1.524574e-06,4.852493e-06,1.434515e-06,3.159765e-06,1.417289e-06,1.496891e-06,1.864276e-06,1.071863e-06,5.936154e-07,5.777989e-07,6.140631e-07,6.409094e-07,7.003372e-07,1.431265e-07,1.398506e-07,9.598381e-08,1.463553e-07,5.398918e-08,8.728096e-08,2.788393e-08,1.658105e-07,9.082082e-08
12.060550,8.311026e-07,5.043015e-07,3.138638e-06,1.496204e-06,4.706186e-06,1.399508e-06,3.063647e-06,1.413719e-06,1.487071e-06,1.835391e-06,1.061671e-06,5.418549e-07,5.596404e-07,6.214844e-07,6.614349e-07,6.964702e-07,1.495065e-07,1.359729e-07,1.137673e-07,2.534774e-07,3.797164e-08,6.930473e-08,2.370527e-08,2.014472e-07,8.304345e-08
12.084960,8.209721e-07,4.953767e-07,3.020523e-06,1.439520e-06,4.634717e-06,1.354122e-06,2.978987e-06,1.393290e-06,1.508976e-06,1.755908e-06,1.069612e-06,5.326735e-07,5.451698e-07,6.133155e-07,7.292842e-07,6.479777e-07,1.586271e-07,1.286183e-07,1.338488e-07,3.530837e-07,3.577634e-08,4.479536e-08,1.609775e-08,2.057866e-07,6.585817e-08
12.109380,8.109207e-07,4.886693e-07,2.921898e-06,1.408190e-06,4.481118e-06,1.315046e-06,2.893697e-06,1.321151e-06,1.464703e-06,1.742373e-06,1.055503e-06,5.282056e-07,5.420157e-07,6.115520e-07,7.415793e-07,6.706721e-07,1.498363e-07,1.310550e-07,1.670797e-07,4.591703e-07,4.810781e-08,2.723628e-08,7.399989e-09,1.847550e-07,4.503580e-08
12.133790,7.989940e-07,4.846724e-07,2.833882e-06,1.380259e-06,4.329860e-06,1.293113e-06,2.865265e-06,1.290372e-06,1.413881e-06,1.765521e-06,1.042944e-06,5.160802e-07,5.032879e-07,5.814481e-07,7.259843e-07,7.341673e-07,1.294346e-07,1.332942e-07,1.908102e-07,5.837482e-07,6.313347e-08,3.658445e-08,1.008060e-08,1.467159e-07,3.356432e-08
12.158200,7.775887e-07,4.840029e-07,2.735211e-06,1.343578e-06,4.203230e-06,1.240869e-06,2.810287e-06,1.270506e-06,1.424186e-06,1.696557e-06,9.951482e-07,5.077389e-07,4.536549e-07,5.367034e-07,7.424971e-07,7.267472e-07,1.187365e-07,1.184990e-07,1.942935e-07,6.742219e-07,8.163006e-08,6.659075e-08,2.240253e-08,1.133782e-07,4.238240e-08
12.182620,7.619757e-07,4.769799e-07,2.661094e-06,1.305118e-06,4.090627e-06,1.199068e-06,2.707388e-06,1.222679e-06,1.400438e-06,1.639181e-06,9.688751e-07,4.850459e-07,4.555452e-07,5.363344e-07,7.473978e-07,7.535436e-07,1.136858e-07,1.005072e-07,1.922994e-07,7.124603e-07,9.990869e-08,9.608304e-08,3.384016e-08,1.266964e-07,5.798237e-08
12.207030,7.444415e-07,4.737639e-07,2.618656e-06,1.281677e-06,3.960813e-06,1.181848e-06,2.678946e-06,1.178642e-06,1.358120e-06,1.619310e-06,9.920550e-07,4.631005e-07,4.664738e-07,5.416425e-07,7.327944e-07,8.102388e-07,1.043797e-07,9.543558e-08,1.982227e-07,7.027420e-07,1.206181e-07,1.320512e-07,4.481602e-08,1.686761e-07,7.841891e-08
12.231450,7.135412e-07,4.711734e-07,2.523874e-06,1.278956e-06,3.804365e-06,1.139906e-06,2.612644e-06,1.123616e-06,1.323666e-06,1.581196e-06,9.655424e-07,4.847098e-07,4.396328e-07,4.939241e-07,7.421762e-07,7.837207e-07,9.371889e-08,9.335919e-08,2.082372e-07,7.128113e-07,1.434300e-07,1.585593e-07,5.259549e-08,2.263223e-07,9.453294e-08
12.255860,6.927391e-07,4.670695e-07,2.469960e-06,1.266780e-06,3.790056e-06,1.120439e-06,2.544915e-06,1.108920e-06,1.299419e-06,1.565277e-06,9.273598e-07,4.985175e-07,4.103159e-07,4.493829e-07,7.332490e-07,7.193649e-07,1.002712e-07,8.316210e-08,2.050178e-07,7.503026e-07,1.635391e-07,1.832905e-07,5.973646e-08,2.877042e-07,1.061977e-07
12.280270,6.728652e-07,4.625598e-07,2.433939e-06,1.281737e-06,3.745963e-06,1.110961e-06,2.492247e-06,1.128504e-06,1.322164e-06,1.515679e-06,9.318211e-07,4.738965e-07,4.005836e-07,4.513285e-07,6.697292e-07,7.250009e-07,1.002018e-07,7.009922e-08,1.877122e-07,7.380309e-07,1.771638e-07,1.983677e-07,6.204610e-08,3.367580e-07,1.115587e-07
12.304690,6.537316e-07,4.562681e-07,2.384216e-06,1.302198e-06,3.707926e-06,1.119892e-06,2.430890e-06,1.091223e-06,1.319993e-06,1.452784e-06,9.379452e-07,4.708965e-07,3.877652e-07,4.509261e-07,6.272079e-07,7.594823e-07,8.803951e-08,6.616411e-08,1.720809e-07,6.772921e-07,1.832937e-07,2.012557e-07,6.193479e-08,3.645159e-07,1.076650e-07
12.329100,6.336661e-07,4.503874e-07,2.328366e-06,1.301626e-06,3.754392e-06,1.125149e-06,2.409175e-06,1.066620e-06,1.257512e-06,1.482176e-06,9.496689e-07,4.748984e-07,3.952429e-07,4.480128e-07,6.385841e-07,7.171175e-07,9.095940e-08,6.158177e-08,1.602719e-07,6.069264e-07,1.818311e-07,1.930109e-07,5.846777e-08,3.671253e-07,9.723436e-08
12.353520,6.194645e-07,4.408307e-07,2.279180e-06,1.300811e-06,3.795240e-06,1.106428e-06,2.329536e-06,1.071590e-06,1.255032e-06,1.463525e-06,9.537057e-07,4.743333e-07,4.141248e-07,4.564785e-07,6.211548e-07,6.562304e-07,1.105590e-07,5.350171e-08,1.421347e-07,5.867222e-07,1.774489e-07,1.788313e-07,5.234832e-08,3.374280e-07,8.654763e-08
12.377930,6.099989e-07,4.328368e-07,2.261445e-06,1.304471e-06,3.823852e-06,1.122126e-06,2.256921e-06,1.051686e-06,1.262581e-06,1.401345e-06,9.150326e-07,4.905048e-07,3.857336e-07,4.339230e-07,5.630207e-07,6.166328e-07,1.183993e-07,6.047699e-08,1.087020e-07,5.505861e-07,1.663227e-07,1.596105e-07,4.529395e-08,2.906185e-07,7.654521e-08
12.402340,5.962187e-07,4.289508e-07,2.225305e-06,1.320502e-06,3.826052e-06,1.134446e-06,2.256734e-06,1.038298e-06,1.253351e-06,1.375906e-06,9.299294e-07,4.888903e-07,3.651591e-07,4.115106e-07,5.269411e-07,5.643766e-07,1.172864e-07,7.934801e-08,7.279116e-08,4.865814e-07,1.504278e-07,1.410145e-07,3.918061e-08,2.332284e-07,7.428150e-08
12.426760,5.866258e-07,4.213345e-07,2.205217e-06,1.318024e-06,3.873388e-06,1.121492e-06,2.209346e-06,1.008293e-06,1.253782e-06,1.345417e-06,9.563036e-07,4.606578e-07,3.852191e-07,4.455803e-07,4.923094e-07,4.873925e-07,1.229499e-07,8.494160e-08,5.960005e-08,3.883859e-07,1.254648e-07,1.215780e-07,3.486015e-08,1.652337e-07,6.978756e-08
12.451170,5.767954e-07,4.169563e-07,2.211686e-06,1.304700e-06,3.941415e-06,1.109696e-06,2.154984e-06,9.962986e-07,1.236891e-06,1.341629e-06,9.281390e-07,4.639636e-07,3.937292e-07,4.664621e-07,4.328064e-07,4.752664e-07,1.249541e-07,8.345990e-08,4.774689e-08,2.912970e-07,1.063413e-07,1.058862e-07,3.274928e-08,1.047140e-07,6.686277e-08
12.475590,5.636847e-07,4.147882e-07,2.203147e-06,1.316070e-06,3.935529e-06,1.091400e-06,2.137441e-06,1.015745e-06,1.259715e-06,1.320647e-06,9.171253e-07,4.778574e-07,3.920143e-07,4.519493e-07,4.327225e-07,4.991818e-07,1.184851e-07,8.778400e-08,3.015744e-08,2.286157e-07,8.869261e-08,9.523156e-08,3.186705e-08,4.922379e-08,6.246666e-08
12.500000,5.503939e-07,4.123387e-07,2.200034e-06,1.312324e-06,3.957291e-06,1.083484e-06,2.129682e-06,9.897160e-07,1.280949e-06,1.267493e-06,9.229527e-07,4.541164e-07,3.970435e-07,4.476151e-07,4.375662e-07,4.661627e-07,1.113440e-07,9.663360e-08,3.165749e-08,1.520634e-07,7.807790e-08,9.149110e-08,3.136056e-08,5.840004e-08,5.758271e-08
12.524410,5.386942e-07,4.081875e-07,2.197462e-06,1.300050e-06,3.994878e-06,1.069698e-06,2.157315e-06,9.539647e-07,1.237696e-06,1.287018e-06,9.426980e-07,4.372281e-07,3.880644e-07,4.478721e-07,3.976940e-07,4.057980e-07,1.183326e-07,9.490480e-08,4.976339e-08,5.771515e-08,6.711481e-08,8.414315e-08,2.994360e-08,1.057334e-07,5.323825e-08
12.548830,5.282704e-07,4.048510e-07,2.200798e-06,1.294767e-06,3.997403e-06,1.033871e-06,2.136698e-06,9.549978e-07,1.225623e-06,1.300943e-06,9.751923e-07,4.313840e-07,3.780836e-07,4.416838e-07,3.874735e-07,4.148090e-07,1.220862e-07,9.277825e-08,6.134469e-08,6.963005e-08,5.207792e-08,7.166966e-08,2.648862e-08,1.395771e-07,4.634782e-08
12.573240,5.116618e-07,4.039666e-07,2.179133e-06,1.291439e-06,3.987526e-06,1.024822e-06,2.110467e-06,9.418723e-07,1.251528e-06,1.252450e-06,9.484557e-07,4.189868e-07,4.043682e-07,4.674831e-07,4.154652e-07,4.674697e-07,1.128569e-07,9.676310e-08,7.075332e-08,1.464355e-07,3.389651e-08,5.433404e-08,2.092606e-08,1.548389e-07,3.519717e-08
12.597660,5.046512e-07,4.009495e-07,2.162185e-06,1.299282e-06,4.004852e-06,1.019974e-06,2.147427e-06,9.302977e-07,1.251285e-06,1.240818e-06,9.292193e-07,4.371717e-07,4.174572e-07,4.917923e-07,4.295144e-07,4.929039e-07,9.947910e-08,1.003653e-07,9.279229e-08,2.017168e-07,1.092172e-08,3.331549e-08,1.530675e-08,1.420641e-07,2.647987e-08
12.622070,5.238774e-07,4.144145e-07,2.259492e-06,1.339796e-06,4.234042e-06,1.035591e-06,2.215303e-06,9.547889e-07,1.302213e-06,1.297496e-06,1.013603e-06,4.655300e-07,4.043493e-07,4.869184e-07,4.643457e-07,5.531380e-07,1.005487e-07,9.648834e-08,1.240047e-07,2.648890e-07,1.173604e-08,2.424412e-08,1.435113e-08,1.210920e-07,2.513815e-08
12.646480,5.396500e-07,4.309967e-07,2.332245e-06,1.395206e-06,4.402540e-06,1.069205e-06,2.273263e-06,9.656729e-07,1.345662e-06,1.350254e-06,1.071999e-06,4.606884e-07,4.220544e-07,5.064961e-07,5.213899e-07,6.450546e-07,9.854749e-08,8.771757e-08,1.450118e-07,3.598802e-07,4.110762e-08,4.068003e-08,2.018701e-08,8.187305e-08,3.079588e-08
12.670900,5.586759e-07,4.464387e-07,2.394272e-06,1.452831e-06,4.548014e-06,1.106829e-06,2.341617e-06,1.019561e-06,1.398713e-06,1.409659e-06,1.088295e-06,4.835114e-07,4.589405e-07,5.684690e-07,5.403366e-07,6.690802e-07,9.110975e-08,8.663775e-08,1.525163e-07,4.499339e-07,7.451554e-08,6.375359e-08,2.806781e-08,6.777971e-08,4.071652e-08
12.695310,5.779431e-07,4.643313e-07,2.462704e-06,1.489272e-06,4.765417e-06,1.155831e-06,2.403588e-06,1.064915e-06,1.505670e-06,1.408056e-06,1.138021e-06,5.367836e-07,4.824180e-07,5.970848e-07,5.577741e-07,6.632767e-07,9.093550e-08,8.882708e-08,1.674485e-07,4.990192e-07,1.126676e-07,9.416286e-08,3.660611e-08,1.203635e-07,4.587621e-08
12.719730,5.978124e-07,4.835067e-07,2.540797e-06,1.550822e-06,4.907768e-06,1.194954e-06,2.463000e-06,1.071328e-06,1.554902e-06,1.427737e-06,1.184890e-06,5.705991e-07,5.210209e-07,6.153623e-07,6.404276e-07,7.457850e-07,1.003321e-07,8.525826e-08,1.915577e-07,5.304064e-07,1.469931e-07,1.205528e-07,4.259350e-08,1.972085e-07,5.513254e-08
12.744140,6.111519e-07,5.075077e-07,2.615608e-06,1.628033e-06,5.016134e-06,1.222399e-06,2.467317e-06,1.113387e-06,1.567705e-06,1.520449e-06,1.252759e-06,6.014582e-07,5.353668e-07,6.397220e-07,6.843316e-07,8.467378e-07,1.016701e-07,7.847433e-08,2.119408e-07,5.695581e-07,1.715525e-07,1.409069e-07,4.849998e-08,2.873338e-07,6.633744e-08
12.768550,6.263310e-07,5.263536e-07,2.681729e-06,1.713168e-06,5.135804e-06,1.286848e-06,2.491151e-06,1.154025e-06,1.647033e-06,1.553821e-06,1.320985e-06,6.279996e-07,5.173351e-07,6.332300e-07,6.677422e-07,8.513156e-07,9.133729e-08,7.967278e-08,2.142411e-07,6.307132e-07,1.909934e-07,1.539633e-07,5.193665e-08,3.747726e-07,8.047835e-08
12.792970,6.403537e-07,5.472105e-07,2.793140e-06,1.781802e-06,5.333531e-06,1.331336e-06,2.579896e-06,1.178064e-06,1.711458e-06,1.569346e-06,1.319815e-06,6.378436e-07,5.308370e-07,6.597008e-07,6.776595e-07,8.409745e-07,9.909182e-08,7.867736e-08,2.124954e-07,6.814536e-07,2.069347e-07,1.608780e-07,5.346943e-08,4.496961e-07,9.488517e-08
12.817380,6.458367e-07,5.703686e-07,2.879556e-06,1.856729e-06,5.541413e-06,1.347295e-06,2.595222e-06,1.209358e-06,1.768236e-06,1.610883e-06,1.363065e-06,6.865401e-07,5.823577e-07,7.327065e-07,6.967664e-07,8.642905e-07,1.233697e-07,6.880301e-08,2.195458e-07,6.882166e-07,2.233683e-07,1.731130e-07,5.661782e-08,4.854005e-07,1.109086e-07
12.841800,6.562362e-07,5.867957e-07,2.958337e-06,1.958756e-06,5.671791e-06,1.381483e-06,2.620960e-06,1.222358e-06,1.833485e-06,1.638893e-06,1.462044e-06,7.529566e-07,5.968465e-07,7.576066e-07,6.955508e-07,8.562473e-07,1.367297e-07,6.593127e-08,2.176132e-07,6.652524e-07,2.305805e-07,1.877355e-07,6.200720e-08,4.966426e-07,1.306837e-07
12.866210,6.658697e-07,6.025665e-07,3.055460e-06,2.023401e-06,5.947860e-06,1.414683e-06,2.686242e-06,1.264089e-06,1.878767e-06,1.693135e-06,1.490905e-06,7.564097e-07,5.798821e-07,7.305145e-07,7.225412e-07,7.973690e-07,1.386402e-07,8.556501e-08,1.969442e-07,6.735835e-07,2.360651e-07,2.072664e-07,7.127315e-08,4.574011e-07,1.567791e-07
12.890620,6.748786e-07,6.165910e-07,3.140234e-06,2.095161e-06,6.202908e-06,1.459541e-06,2.770520e-06,1.329368e-06,1.984511e-06,1.722461e-06,1.500143e-06,7.616014e-07,5.832146e-07,7.389047e-07,7.510379e-07,8.128792e-07,1.588686e-07,9.754991e-08,1.578733e-07,6.975671e-07,2.373113e-07,2.214851e-07,7.873350e-08,4.039859e-07,1.787670e-07
12.915040,6.827120e-07,6.305748e-07,3.213294e-06,2.176441e-06,6.383486e-06,1.474017e-06,2.866261e-06,1.326237e-06,2.074441e-06,1.710358e-06,1.537886e-06,8.134225e-07,5.828134e-07,7.766342e-07,7.201848e-07,8.517701e-07,1.734734e-07,9.730118e-08,1.265892e-07,6.846882e-07,2.429120e-07,2.405929e-07,8.536640e-08,3.478923e-07,1.975030e-07
12.939450,6.955235e-07,6.395221e-07,3.272088e-06,2.235081e-06,6.601866e-06,1.494792e-06,2.893417e-06,1.340842e-06,2.066220e-06,1.800882e-06,1.589778e-06,8.457209e-07,5.955126e-07,7.963448e-07,6.844255e-07,7.847494e-07,1.711995e-07,1.002053e-07,1.104487e-07,6.050427e-07,2.542209e-07,2.545579e-07,8.744409e-08,3.037810e-07,2.001930e-07
12.963870,7.150524e-07,6.473551e-07,3.366137e-06,2.275276e-06,6.817678e-06,1.544910e-06,2.966270e-06,1.383059e-06,2.130723e-06,1.867581e-06,1.695124e-06,8.592919e-07,6.439385e-07,8.348215e-07,7.126927e-07,6.619720e-07,1.765673e-07,1.162368e-07,8.863890e-08,5.235672e-07,2.632179e-07,2.650598e-07,8.766490e-08,2.945166e-07,1.899903e-07
12.988280,7.223226e-07,6.600010e-07,3.436835e-06,2.283781e-06,6.983453e-06,1.539479e-06,3.028371e-06,1.392775e-06,2.200515e-06,1.851825e-06,1.728170e-06,8.661833e-07,6.346575e-07,8.484616e-07,7.236087e-07,6.731452e-07,1.976226e-07,1.226794e-07,6.728915e-08,4.437484e-07,2.599962e-07,2.642401e-07,8.205668e-08,3.164512e-07,1.710977e-07
13.012700,7.347895e-07,6.689066e-07,3.481047e-06,2.317896e-06,7.044058e-06,1.536100e-06,2.998957e-06,1.407839e-06,2.238460e-06,1.871753e-06,1.678709e-06,8.326903e-07,6.023805e-07,7.906664e-07,6.940430e-07,7.122871e-07,2.076199e-07,1.255036e-07,7.422534e-08,3.748586e-07,2.419479e-07,2.483187e-07,7.294528e-08,3.679371e-07,1.463865e-07
13.037110,7.496088e-07,6.806124e-07,3.583928e-06,2.341768e-06,7.086209e-06,1.566109e-06,3.002842e-06,1.394019e-06,2.269436e-06,1.890289e-06,1.726445e-06,8.206022e-07,6.451345e-07,8.028883e-07,6.933299e-07,7.240946e-07,1.979697e-07,1.398934e-07,9.783216e-08,2.376339e-07,2.122963e-07,2.169784e-07,6.013410e-08,4.222816e-07,1.210052e-07
13.061520,7.628916e-07,6.954944e-07,3.699035e-06,2.340487e-06,7.198094e-06,1.590591e-06,3.042732e-06,1.399174e-06,2.256847e-06,1.939478e-06,1.780492e-06,8.832528e-07,6.976886e-07,8.766965e-07,6.947074e-07,8.255144e-07,1.869720e-07,1.539489e-07,1.131534e-07,7.522404e-08,1.790119e-07,1.747179e-07,4.509786e-08,4.544647e-07,9.313047e-08
13.085940,7.778822e-07,7.100954e-07,3.822986e-06,2.395029e-06,7.151793e-06,1.618772e-06,3.055342e-06,1.452821e-06,2.316363e-06,1.974380e-06,1.776077e-06,8.879928e-07,7.053154e-07,8.746000e-07,6.666431e-07,9.038348e-07,1.886252e-07,1.502673e-07,1.277398e-07,1.169740e-07,1.351513e-07,1.275712e-07,2.963300e-08,4.466186e-07,6.059493e-08
13.110350,7.914109e-07,7.250929e-07,3.945839e-06,2.450875e-06,7.110941e-06,1.622250e-06,3.065645e-06,1.453403e-06,2.421072e-06,1.920190e-06,1.771947e-06,8.486709e-07,7.117402e-07,8.560919e-07,6.994898e-07,8.860896e-07,1.810091e-07,1.365807e-07,1.586200e-07,2.543031e-07,8.766163e-08,8.474019e-08,1.795134e-08,3.847888e-07,3.316304e-08
13.134770,8.067539e-07,7.407917e-07,4.081491e-06,2.491472e-06,7.160191e-06,1.637257e-06,3.018958e-06,1.443451e-06,2.412609e-06,1.937626e-06,1.762101e-06,8.725862e-07,7.224980e-07,8.926468e-07,7.396706e-07,9.398649e-07,1.596484e-07,1.323214e-07,1.995868e-07,3.525453e-07,3.702437e-08,4.277747e-08,1.591870e-08,2.905388e-07,3.264655e-08
13.159180,8.115906e-07,7.642656e-07,4.207958e-06,2.525962e-06,7.239581e-06,1.689853e-06,3.034420e-06,1.483318e-06,2.405830e-06,2.018499e-06,1.804061e-06,8.945602e-07,7.172646e-07,9.282252e-07,7.072680e-07,1.138040e-06,1.595544e-07,1.350328e-07,2.152296e-07,4.807225e-07,3.778280e-08,3.614854e-08,1.835827e-08,1.736564e-07,4.731092e-08
13.183590,8.212205e-07,7.786517e-07,4.281191e-06,2.578977e-06,7.301412e-06,1.690394e-06,3.081152e-06,1.497300e-06,2.478130e-06,2.024108e-06,1.869190e-06,9.303096e-07,7.824195e-07,9.766736e-07,6.922416e-07,1.294316e-06,1.691157e-07,1.274679e-07,2.155499e-07,6.081736e-07,7.575729e-08,6.754592e-08,2.702772e-08,7.145280e-08,5.144988e-08
13.208010,8.315737e-07,7.934208e-07,4.399578e-06,2.649618e-06,7.307806e-06,1.689715e-06,3.035818e-06,1.502289e-06,2.497989e-06,2.032590e-06,1.832242e-06,9.977055e-07,8.514039e-07,1.071322e-06,7.359929e-07,1.339061e-06,1.558937e-07,1.167029e-07,2.291103e-07,7.284825e-07,1.098096e-07,9.641773e-08,3.884513e-08,1.244966e-07,4.415055e-08
13.232420,8.334487e-07,8.114062e-07,4.489859e-06,2.662692e-06,7.475251e-06,1.714028e-06,3.048134e-06,1.513600e-06,2.528159e-06,2.068242e-06,1.799078e-06,9.911732e-07,8.278175e-07,1.078875e-06,7.623180e-07,1.393591e-06,1.326664e-07,1.190223e-07,2.575176e-07,7.787920e-07,1.333473e-07,1.145414e-07,5.219134e-08,2.589335e-07,3.514649e-08
13.256840,8.361325e-07,8.236095e-07,4.547538e-06,2.695728e-06,7.588979e-06,1.727282e-06,3.089342e-06,1.508519e-06,2.554108e-06,2.081045e-06,1.887751e-06,9.859133e-07,8.100785e-07,1.030605e-06,7.682616e-07,1.464537e-06,1.380267e-07,1.167994e-07,2.757489e-07,7.909471e-07,1.653800e-07,1.357230e-07,6.912848e-08,3.813691e-07,5.466332e-08
13.281250,8.374266e-07,8.336115e-07,4.607655e-06,2.729942e-06,7.654964e-06,1.735321e-06,3.128621e-06,1.570409e-06,2.565768e-06,2.138750e-06,1.918192e-06,1.057021e-06,8.497044e-07,1.104019e-06,8.086208e-07,1.471279e-06,1.444899e-07,9.857643e-08,2.700689e-07,8.103928e-07,1.991186e-07,1.633427e-07,8.657623e-08,5.006646e-07,8.439680e-08
13.305660,8.402973e-07,8.417196e-07,4.673779e-06,2.721571e-06,7.793174e-06,1.711456e-06,3.151606e-06,1.605830e-06,2.676510e-06,2.132514e-06,1.887349e-06,1.103581e-06,8.646014e-07,1.189839e-06,7.929941e-07,1.434846e-06,1.449961e-07,8.574477e-08,2.712930e-07,8.424897e-07,2.449222e-07,2.119815e-07,1.076392e-07,5.907633e-07,1.258051e-07
13.330080,8.371260e-07,8.542572e-07,4.748872e-06,2.728059e-06,7.871643e-06,1.717811e-06,3.126783e-06,1.579121e-06,2.696799e-06,2.114822e-06,1.878571e-06,1.092149e-06,8.758148e-07,1.200168e-06,7.402499e-07,1.510032e-06,1.586321e-07,9.999329e-08,2.874427e-07,8.646992e-07,2.825855e-07,2.612199e-07,1.257117e-07,6.243638e-07,1.671197e-07
13.354490,8.166031e-07,8.369850e-07,4.669711e-06,2.684309e-06,7.711399e-06,1.687187e-06,3.111303e-06,1.564065e-06,2.577381e-06,2.165204e-06,1.812857e-06,1.078253e-06,8.654481e-07,1.195659e-06,7.637953e-07,1.508142e-06,1.748058e-07,1.040183e-07,2.805095e-07,8.022052e-07,3.125098e-07,3.031231e-07,1.390633e-07,6.164660e-07,2.099271e-07
13.378910,7.907964e-07,8.026761e-07,4.572020e-06,2.629817e-06,7.354134e-06,1.577349e-06,3.014753e-06,1.522383e-06,2.520997e-06,2.119412e-06,1.808388e-06,1.055933e-06,7.883585e-07,1.137998e-06,7.755400e-07,1.320245e-06,1.752322e-07,9.772548e-08,2.433479e-07,7.095732e-07,3.355174e-07,3.229791e-07,1.424767e-07,5.729503e-07,2.468664e-07
13.403320,7.609839e-07,7.748367e-07,4.499088e-06,2.557874e-06,7.064972e-06,1.503676e-06,2.846670e-06,1.471106e-06,2.456117e-06,2.026920e-06,1.791344e-06,1.028754e-06,7.177741e-07,1.056222e-06,7.205097e-07,1.091843e-06,1.642316e-07,9.689662e-08,1.934079e-07,6.841561e-07,3.443044e-07,3.293225e-07,1.398091e-07,5.269179e-07,2.694863e-07
13.427730,7.378537e-07,7.424540e-07,4.394439e-06,2.495762e-06,6.834031e-06,1.450327e-06,2.753660e-06,1.417592e-06,2.382499e-06,1.964527e-06,1.663348e-06,1.032785e-06,7.280288e-07,1.050520e-06,6.896257e-07,9.834536e-07,1.678693e-07,1.008900e-07,1.575000e-07,6.724413e-07,3.425631e-07,3.249158e-07,1.307915e-07,4.999629e-07,2.745406e-07
13.452150,7.157616e-07,7.149019e-07,4.311405e-06,2.487051e-06,6.509099e-06,1.388746e-06,2.662010e-06,1.337170e-06,2.285432e-06,1.898004e-06,1.592280e-06,9.896273e-07,7.112086e-07,1.061613e-06,6.727366e-07,8.948758e-07,1.816740e-07,9.994363e-08,1.338102e-07,6.103351e-07,3.129462e-07,3.023649e-07,1.176186e-07,4.660961e-07,2.633520e-07
13.476560,6.932354e-07,6.906026e-07,4.222253e-06,2.437529e-06,6.310011e-06,1.325619e-06,2.551921e-06,1.303526e-06,2.156096e-06,1.874384e-06,1.562781e-06,8.841115e-07,6.332788e-07,9.805299e-07,6.400900e-07,7.495890e-07,1.817480e-07,9.973110e-08,9.565432e-08,5.033541e-07,2.745925e-07,2.697437e-07,1.025922e-07,4.462804e-07,2.337709e-07
13.500980,6.703645e-07,6.695432e-07,4.135200e-06,2.377055e-06,6.203582e-06,1.253376e-06,2.424570e-06,1.282884e-06,2.119075e-06,1.816019e-06,1.492176e-06,8.596955e-07,5.978504e-07,8.828323e-07,6.282544e-07,6.583840e-07,1.636127e-07,1.080836e-07,6.026220e-08,4.023619e-07,2.226285e-07,2.209818e-07,8.694195e-08,4.203941e-07,2.013031e-07
13.525390,6.492104e-07,6.471209e-07,4.037080e-06,2.334834e-06,6.046654e-06,1.210019e-06,2.285288e-06,1.213664e-06,2.076362e-06,1.688744e-06,1.425992e-06,8.515625e-07,5.984581e-07,8.726496e-07,6.327014e-07,5.815145e-07,1.549916e-07,1.176271e-07,6.284127e-08,3.439630e-07,1.800238e-07,1.785096e-07,7.181694e-08,4.155208e-07,1.635596e-07
13.549800,6.313142e-07,6.242902e-07,3.951301e-06,2.291450e-06,5.895822e-06,1.169921e-06,2.203013e-06,1.171244e-06,1.943792e-06,1.643693e-06,1.335305e-06,7.953541e-07,5.975231e-07,8.456014e-07,5.930670e-07,4.545427e-07,1.498055e-07,1.129255e-07,7.415881e-08,2.573429e-07,1.400051e-07,1.438612e-07,5.956596e-08,4.054220e-07,1.305000e-07
13.574220,6.066049e-07,6.090666e-07,3.880424e-06,2.243719e-06,5.750920e-06,1.098230e-06,2.111131e-06,1.143442e-06,1.855440e-06,1.615811e-06,1.267520e-06,7.577622e-07,6.202448e-07,8.034307e-07,5.365720e-07,4.203440e-07,1.314204e-07,9.871548e-08,7.667311e-08,1.399708e-07,1.055674e-07,1.237704e-07,5.292553e-08,3.825936e-07,9.768814e-08
13.598630,5.827100e-07,5.880318e-07,3.759076e-06,2.156119e-06,5.693700e-06,1.055025e-06,1.969520e-06,1.095433e-06,1.791588e-06,1.540113e-06,1.259328e-06,7.081614e-07,6.167154e-07,7.898580e-07,5.401222e-07,5.620211e-07,1.116592e-07,9.129776e-08,8.666101e-08,2.611392e-08,7.841650e-08,1.071993e-07,4.773421e-08,3.381715e-07,6.841651e-08
13.623050,5.605063e-07,5.665013e-07,3.646490e-06,2.091548e-06,5.567729e-06,1.020705e-06,1.888453e-06,1.051018e-06,1.702480e-06,1.479100e-06,1.188610e-06,6.602424e-07,5.608615e-07,7.288894e-07,5.364643e-07,6.382518e-07,1.087908e-07,8.928987e-08,1.102828e-07,1.158265e-07,5.639419e-08,8.996446e-08,4.149644e-08,2.689043e-07,5.094537e-08
13.647460,5.365840e-07,5.465077e-07,3.533880e-06,2.020288e-06,5.403940e-06,9.725748e-07,1.819272e-06,1.000274e-06,1.624201e-06,1.418880e-06,1.090504e-06,6.686374e-07,5.618953e-07,6.887830e-07,4.956119e-07,6.453095e-07,1.033442e-07,7.998520e-08,1.238807e-07,1.886936e-07,4.069425e-08,6.916834e-08,3.249878e-08,1.836745e-07,4.958235e-08
13.671880,5.156262e-07,5.243148e-07,3.392254e-06,1.922758e-06,5.307885e-06,9.235194e-07,1.737754e-06,9.589804e-07,1.533884e-06,1.361480e-06,1.056864e-06,6.578531e-07,5.988064e-07,7.477078e-07,4.656947e-07,7.055968e-07,8.540654e-08,6.966701e-08,1.210464e-07,2.460614e-07,1.951531e-08,4.474092e-08,2.247860e-08,1.184110e-07,5.533445e-08
13.696290,4.964990e-07,5.015197e-07,3.241249e-06,1.856661e-06,5.123770e-06,8.682409e-07,1.651790e-06,9.506884e-07,1.459472e-06,1.322823e-06,1.024097e-06,6.011950e-07,5.861336e-07,7.635248e-07,4.376800e-07,7.511254e-07,6.421097e-08,6.726074e-08,1.185095e-07,3.180376e-07,5.258082e-09,1.778067e-08,1.120046e-08,7.456578e-08,5.610375e-08
13.720700,4.815647e-07,4.772095e-07,3.075895e-06,1.791030e-06,4.928076e-06,8.318491e-07,1.557792e-06,9.082102e-07,1.428331e-06,1.238307e-06,9.636692e-07,5.739025e-07,5.631342e-07,7.179782e-07,3.901332e-07,7.534986e-07,5.929363e-08,6.125284e-08,1.248005e-07,3.895431e-07,3.798874e-08,1.613125e-08,1.014677e-08,7.637767e-08,4.796543e-08
13.745120,4.803359e-07,4.739334e-07,3.027023e-06,1.777896e-06,4.909133e-06,8.173900e-07,1.556717e-06,8.824620e-07,1.383876e-06,1.204404e-06,9.378351e-07,5.887360e-07,5.638713e-07,7.231068e-07,3.945090e-07,8.238486e-07,5.982652e-08,5.026163e-08,1.309214e-07,4.264341e-07,7.386933e-08,4.381931e-08,1.968571e-08,1.068565e-07,4.004116e-08
13.769530,4.892606e-07,4.787119e-07,2.997780e-06,1.789860e-06,4.988203e-06,8.004914e-07,1.565853e-06,9.003766e-07,1.344703e-06,1.252821e-06,9.111673e-07,5.886349e-07,5.544151e-07,7.517089e-07,4.240533e-07,9.433919e-07,5.923109e-08,3.837886e-08,1.314005e-07,4.380302e-07,1.105199e-07,7.451707e-08,3.010802e-08,1.277462e-07,3.190529e-08
13.793950,5.008635e-07,4.842410e-07,2.970750e-06,1.802591e-06,5.096043e-06,8.111659e-07,1.547549e-06,9.047816e-07,1.355409e-06,1.263162e-06,9.179401e-07,5.897979e-07,5.729547e-07,7.647637e-07,4.078824e-07,9.787611e-07,7.179397e-08,4.100189e-08,1.283644e-07,4.373136e-07,1.411147e-07,1.022734e-07,4.014114e-08,1.441374e-07,3.804296e-08
13.818360,5.073949e-07,4.962812e-07,2.970251e-06,1.837693e-06,5.129882e-06,8.277326e-07,1.578443e-06,9.080498e-07,1.356681e-06,1.254511e-06,9.551361e-07,5.874193e-07,6.043056e-07,8.185250e-07,3.916109e-07,9.409816e-07,8.569952e-08,4.596306e-08,1.344775e-07,4.607208e-07,1.678489e-07,1.218034e-07,4.741563e-08,1.543727e-07,5.661207e-08
13.842770,5.173308e-07,5.058785e-07,2.946924e-06,1.833627e-06,5.247237e-06,8.292519e-07,1.606145e-06,9.070026e-07,1.360818e-06,1.257409e-06,9.362953e-07,5.651070e-07,5.879900e-07,8.409462e-07,4.037683e-07,9.251702e-07,8.960591e-08,4.518333e-08,1.434351e-07,4.735813e-07,1.926620e-07,1.329067e-07,5.273737e-08,1.626298e-07,8.012638e-08
13.867190,5.241896e-07,5.170306e-07,2.950857e-06,1.828765e-06,5.388623e-06,8.343456e-07,1.602959e-06,8.948658e-07,1.354915e-06,1.253266e-06,9.155937e-07,5.793885e-07,5.464319e-07,7.929630e-07,4.061435e-07,9.580203e-07,9.226989e-08,4.785217e-08,1.418404e-07,4.583341e-07,2.172064e-07,1.436132e-07,5.476664e-08,1.990893e-07,1.046079e-07
13.891600,5.283354e-07,5.275778e-07,2.960665e-06,1.842360e-06,5.431095e-06,8.380108e-07,1.601485e-06,9.130620e-07,1.332561e-06,1.286395e-06,9.303137e-07,6.083836e-07,5.440943e-07,7.701141e-07,4.134802e-07,9.610450e-07,1.099927e-07,5.557119e-08,1.284463e-07,4.258977e-07,2.332897e-07,1.526173e-07,5.521161e-08,2.559052e-07,1.290449e-07
13.916020,5.261720e-07,5.396980e-07,2.983300e-06,1.840184e-06,5.505435e-06,8.635231e-07,1.594699e-06,9.246090e-07,1.361544e-06,1.296195e-06,9.281150e-07,5.892227e-07,5.530481e-07,7.979886e-07,4.362445e-07,9.089175e-07,1.235285e-07,5.759976e-08,1.143340e-07,4.215566e-07,2.410666e-07,1.664330e-07,5.753667e-08,3.261562e-07,1.438475e-07
13.940430,5.254194e-07,5.451505e-07,2.974516e-06,1.830149e-06,5.578514e-06,8.735425e-07,1.640948e-06,9.041458e-07,1.383828e-06,1.262226e-06,9.253293e-07,5.591676e-07,5.312912e-07,7.964256e-07,4.344670e-07,8.774550e-07,1.280965e-07,6.060397e-08,1.091901e-07,4.373278e-07,2.431984e-07,1.746230e-07,6.030522e-08,3.840888e-07,1.484067e-07
13.964840,5.282769e-07,5.462240e-07,2.965801e-06,1.807715e-06,5.673974e-06,8.681965e-07,1.653330e-06,9.143649e-07,1.346813e-06,1.283633e-06,9.095050e-07,5.619278e-07,5.117059e-07,7.536219e-07,4.157411e-07,8.258584e-07,1.313428e-07,7.216898e-08,9.925085e-08,4.364647e-07,2.489895e-07,1.841908e-07,6.463722e-08,4.205733e-07,1.428475e-07
13.989260,5.270275e-07,5.505249e-07,2.984004e-06,1.808490e-06,5.683368e-06,8.935321e-07,1.638998e-06,9.240512e-07,1.350387e-06,1.320858e-06,8.816816e-07,5.573799e-07,4.813228e-07,7.331752e-07,4.375552e-07,6.806527e-07,1.383516e-07,8.332321e-08,7.605044e-08,4.048558e-07,2.549996e-07,1.900663e-07,6.697823e-08,4.390580e-07,1.266822e-07
14.013670,5.297789e-07,5.497855e-07,2.951947e-06,1.796086e-06,5.682754e-06,9.084346e-07,1.686142e-06,9.174318e-07,1.357110e-06,1.311105e-06,9.004066e-07,5.539163e-07,4.446576e-07,7.039309e-07,4.691119e-07,5.617050e-07,1.398108e-07,8.497793e-08,6.188394e-08,3.645940e-07,2.539561e-07,1.957793e-07,6.882405e-08,4.358166e-07,1.105866e-07
14.038090,5.336728e-07,5.490228e-07,2.915256e-06,1.779187e-06,5.733782e-06,9.147724e-07,1.716734e-06,9.204089e-07,1.347256e-06,1.331079e-06,9.218425e-07,5.565802e-07,4.703811e-07,6.737311e-07,4.610877e-07,5.770375e-07,1.335348e-07,8.248620e-08,6.632062e-08,3.347871e-07,2.446875e-07,1.962066e-07,6.792146e-08,4.264574e-07,9.307615e-08
14.062500,5.374503e-07,5.487985e-07,2.883291e-06,1.799708e-06,5.675254e-06,9.207266e-07,1.732343e-06,9.015377e-07,1.352251e-06,1.329127e-06,8.817788e-07,5.284050e-07,5.096913e-07,7.019715e-07,4.467031e-07,5.571060e-07,1.290188e-07,8.277995e-08,6.691462e-08,3.150615e-07,2.211974e-07,1.815839e-07,6.426065e-08,4.050051e-07,8.104010e-08
14.086910,5.404330e-07,5.499944e-07,2.858303e-06,1.801668e-06,5.653829e-06,9.308781e-07,1.743348e-06,9.168301e-07,1.319827e-06,1.345448e-06,8.774662e-07,5.100807e-07,4.908875e-07,6.979872e-07,4.539322e-07,4.676335e-07,1.361396e-07,8.530381e-08,6.410016e-08,2.557357e-07,1.946915e-07,1.593604e-07,5.773288e-08,3.577805e-07,7.387876e-08
14.111330,5.435835e-07,5.508503e-07,2.841027e-06,1.798193e-06,5.696441e-06,9.497111e-07,1.766475e-06,9.389904e-07,1.337055e-06,1.379008e-06,8.911059e-07,5.424685e-07,4.779858e-07,6.240985e-07,4.505517e-07,4.344467e-07,1.359741e-07,8.421532e-08,7.254309e-08,1.735000e-07,1.596269e-07,1.253167e-07,4.676596e-08,2.967671e-07,7.184510e-08
14.135740,5.490755e-07,5.481133e-07,2.827188e-06,1.795649e-06,5.711815e-06,9.392348e-07,1.812678e-06,9.172688e-07,1.368742e-06,1.340157e-06,8.933086e-07,5.468394e-07,5.068456e-07,6.181340e-07,4.437417e-07,4.606234e-07,1.202492e-07,8.046848e-08,9.164351e-08,1.570634e-07,1.227481e-07,9.064652e-08,3.249779e-08,2.086701e-07,7.911640e-08
14.160160,5.440447e-07,5.453806e-07,2.838375e-06,1.791035e-06,5.655448e-06,9.228935e-07,1.793661e-06,9.049628e-07,1.320337e-06,1.329377e-06,8.958752e-07,5.239608e-07,5.229259e-07,6.603122e-07,4.504655e-07,5.069429e-07,1.026528e-07,8.188037e-08,1.025395e-07,1.951073e-07,7.384621e-08,5.306790e-08,1.810231e-08,1.210312e-07,8.266734e-08
14.184570,5.410003e-07,5.382307e-07,2.833153e-06,1.793162e-06,5.563789e-06,9.361453e-07,1.782341e-06,9.027615e-07,1.285621e-06,1.360092e-06,8.545100e-07,5.335137e-07,5.350132e-07,6.768393e-07,4.322898e-07,6.325252e-07,9.356773e-08,8.054054e-08,1.033268e-07,2.253059e-07,3.119835e-08,3.111998e-08,4.684014e-09,4.267119e-08,8.309017e-08
14.208980,5.377537e-07,5.313637e-07,2.838816e-06,1.767060e-06,5.596245e-06,9.290757e-07,1.825706e-06,8.915826e-07,1.274795e-06,1.348905e-06,8.351986e-07,5.377992e-07,5.570691e-07,6.962917e-07,3.781381e-07,7.701560e-07,7.902595e-08,7.010447e-08,1.076003e-07,2.702674e-07,3.427894e-08,4.331687e-08,1.181853e-08,3.178351e-08,7.090832e-08
14.233400,5.310521e-07,5.260371e-07,2.846841e-06,1.767010e-06,5.594380e-06,9.105039e-07,1.829977e-06,8.875297e-07,1.257322e-06,1.336231e-06,8.655971e-07,5.384179e-07,5.384806e-07,7.201035e-07,3.605819e-07,8.151768e-07,6.033512e-08,5.540230e-08,1.164411e-07,3.547092e-07,6.825061e-08,7.228637e-08,2.273003e-08,7.649848e-08,5.102572e-08
14.257810,5.260414e-07,5.179439e-07,2.828524e-06,1.767660e-06,5.525215e-06,8.918798e-07,1.812421e-06,8.701062e-07,1.251087e-06,1.317863e-06,8.582751e-07,5.582399e-07,5.165751e-07,7.056862e-07,3.602054e-07,8.177562e-07,5.667093e-08,4.987977e-08,1.198250e-07,4.404480e-07,8.992407e-08,9.622383e-08,3.131771e-08,1.117296e-07,3.142118e-08
14.282230,5.226242e-07,5.086236e-07,2.805523e-06,1.744762e-06,5.550311e-06,8.828892e-07,1.789570e-06,8.651190e-07,1.219239e-06,1.294669e-06,8.348945e-07,5.319860e-07,5.480702e-07,7.270566e-07,3.391093e-07,8.913437e-07,5.554237e-08,4.688144e-08,1.124309e-07,4.753764e-07,1.001879e-07,1.098342e-07,3.737228e-08,1.419326e-07,3.084510e-08
14.306640,5.232934e-07,4.972616e-07,2.771604e-06,1.730053e-06,5.556648e-06,8.835761e-07,1.784743e-06,8.846607e-07,1.192484e-06,1.315110e-06,8.362512e-07,5.047734e-07,5.569971e-07,8.038791e-07,3.254207e-07,9.880887e-07,4.631475e-08,4.005290e-08,1.035171e-07,4.797024e-07,1.045694e-07,1.135806e-07,4.022037e-08,1.467662e-07,4.905538e-08
14.331050,5.206547e-07,4.904845e-07,2.751230e-06,1.715423e-06,5.547462e-06,8.609465e-07,1.800711e-06,8.668661e-07,1.220560e-06,1.288164e-06,8.352387e-07,5.286140e-07,5.239063e-07,8.066316e-07,3.230945e-07,1.017614e-06,4.645712e-08,3.297559e-08,1.061547e-07,4.832327e-07,1.110953e-07,1.065578e-07,4.068293e-08,1.496767e-07,6.867832e-08
14.355470,5.198583e-07,4.818143e-07,2.706227e-06,1.706217e-06,5.513110e-06,8.531057e-07,1.760254e-06,8.504374e-07,1.204797e-06,1.244637e-06,8.379157e-07,5.350809e-07,5.090930e-07,7.719643e-07,3.029918e-07,1.028296e-06,6.512375e-08,3.383390e-08,1.065806e-07,4.893177e-07,1.173289e-07,1.041221e-07,4.115625e-08,1.516528e-07,8.917421e-08
14.379880,5.216925e-07,4.719975e-07,2.642092e-06,1.680941e-06,5.497867e-06,8.626194e-07,1.732389e-06,8.556321e-07,1.176139e-06,1.265053e-06,8.295208e-07,5.266066e-07,4.942320e-07,7.816883e-07,2.987044e-07,1.044631e-06,8.112703e-08,3.157589e-08,9.779394e-08,4.837458e-07,1.292199e-07,1.051554e-07,4.213134e-08,2.016866e-07,1.025730e-07
14.404300,5.185218e-07,4.667475e-07,2.607999e-06,1.648598e-06,5.530301e-06,8.520748e-07,1.741022e-06,8.491265e-07,1.182223e-06,1.265748e-06,7.918968e-07,5.199611e-07,4.739684e-07,7.694840e-07,3.334526e-07,1.010016e-06,9.159308e-08,3.169593e-08,8.764107e-08,4.298319e-07,1.494237e-07,1.169163e-07,4.758164e-08,2.713608e-07,1.135964e-07
14.428710,5.171795e-07,4.593723e-07,2.564553e-06,1.633903e-06,5.471171e-06,8.453184e-07,1.708728e-06,8.410516e-07,1.180246e-06,1.253532e-06,8.001463e-07,4.995919e-07,4.861255e-07,7.549200e-07,3.343015e-07,9.095307e-07,1.042105e-07,4.326772e-08,8.355211e-08,3.779950e-07,1.773440e-07,1.316346e-07,5.379552e-08,3.536289e-07,1.145214e-07
14.453120,5.146767e-07,4.535978e-07,2.525765e-06,1.589387e-06,5.467178e-06,8.459794e-07,1.670803e-06,8.179094e-07,1.178908e-06,1.255655e-06,8.231206e-07,4.911470e-07,4.728712e-07,7.691036e-07,3.197311e-07,8.503075e-07,1.157216e-07,5.594812e-08,8.006417e-08,3.541629e-07,2.061034e-07,1.530875e-07,6.111267e-08,4.116186e-07,1.075159e-07
14.477540,5.099855e-07,4.468261e-07,2.491418e-06,1.544730e-06,5.472989e-06,8.513882e-07,1.639481e-06,7.961544e-07,1.161363e-06,1.248089e-06,8.018616e-07,5.084681e-07,4.158936e-07,7.260533e-07,3.410587e-07,8.731220e-07,1.197813e-07,6.165581e-08,7.148937e-08,3.569329e-07,2.252174e-07,1.745814e-07,6.627116e-08,4.469118e-07,9.430765e-08
14.501950,5.014677e-07,4.416242e-07,2.466378e-06,1.515650e-06,5.390665e-06,8.607288e-07,1.617628e-06,8.057062e-07,1.131191e-06,1.271607e-06,7.819797e-07,4.962220e-07,3.965481e-07,6.543819e-07,3.536128e-07,8.248691e-07,1.178665e-07,6.359436e-08,5.392857e-08,3.340720e-07,2.302472e-07,1.875812e-07,7.016831e-08,4.596189e-07,8.043392e-08
14.526370,4.933992e-07,4.334089e-07,2.434875e-06,1.489640e-06,5.295845e-06,8.464208e-07,1.617213e-06,7.990916e-07,1.151522e-06,1.280042e-06,7.778473e-07,4.562305e-07,4.139708e-07,6.592452e-07,3.555064e-07,6.832571e-07,1.245605e-07,6.906006e-08,4.489091e-08,2.903256e-07,2.210706e-07,1.937391e-07,7.158436e-08,4.532322e-07,7.338931e-08
14.550780,4.924163e-07,4.262321e-07,2.409063e-06,1.479178e-06,5.241653e-06,8.584014e-07,1.592523e-06,7.785658e-07,1.175228e-06,1.246462e-06,7.881745e-07,4.581821e-07,4.205019e-07,6.892020e-07,3.779721e-07,5.771839e-07,1.344709e-07,7.464481e-08,4.688567e-08,2.680683e-07,2.031181e-07,1.849713e-07,6.936057e-08,4.298925e-07,7.526368e-08
14.575200,4.965994e-07,4.296967e-07,2.447139e-06,1.489775e-06,5.337881e-06,8.935254e-07,1.626016e-06,7.962590e-07,1.168399e-06,1.284955e-06,8.238837e-07,4.743880e-07,4.405598e-07,6.797063e-07,3.867334e-07,5.345833e-07,1.370418e-07,7.961230e-08,4.490154e-08,2.713759e-07,1.812507e-07,1.712577e-07,6.497805e-08,4.049910e-07,8.239201e-08
14.599610,5.050916e-07,4.289346e-07,2.468686e-06,1.530145e-06,5.382001e-06,8.987735e-07,1.699705e-06,8.057424e-07,1.184705e-06,1.350003e-06,8.276384e-07,4.641545e-07,4.508526e-07,6.748999e-07,3.723659e-07,4.767664e-07,1.290344e-07,8.170001e-08,4.452318e-08,2.451834e-07,1.527453e-07,1.451625e-07,5.722913e-08,3.521306e-07,9.409672e-08
14.624020,5.172369e-07,4.269978e-07,2.479796e-06,1.565880e-06,5.407345e-06,9.020983e-07,1.728803e-06,8.161865e-07,1.204790e-06,1.373947e-06,8.127210e-07,4.680821e-07,4.491898e-07,6.686283e-07,3.840589e-07,4.784874e-07,1.245470e-07,8.704699e-08,5.879558e-08,1.969360e-07,1.172574e-07,1.180354e-07,4.627528e-08,3.037140e-07,1.042952e-07
14.648440,5.290991e-07,4.272479e-07,2.516380e-06,1.586254e-06,5.535862e-06,9.083563e-07,1.755717e-06,8.276733e-07,1.221263e-06,1.414482e-06,8.521611e-07,4.618031e-07,4.902160e-07,6.619401e-07,4.163869e-07,5.621238e-07,1.226687e-07,9.068385e-08,7.772600e-08,1.651630e-07,7.585872e-08,8.588877e-08,3.442537e-08,2.581334e-07,1.166118e-07
14.672850,5.429876e-07,4.278725e-07,2.540875e-06,1.629081e-06,5.631786e-06,9.221864e-07,1.797213e-06,8.258868e-07,1.249584e-06,1.424757e-06,8.841431e-07,4.512382e-07,5.552020e-07,7.300056e-07,4.155530e-07,5.625945e-07,1.150959e-07,8.608928e-08,8.782433e-08,2.121968e-07,3.910956e-08,5.648193e-08,2.403352e-08,2.451531e-07,1.201957e-07
14.697270,5.583190e-07,4.296613e-07,2.565697e-06,1.667508e-06,5.724439e-06,9.296715e-07,1.862638e-06,8.559423e-07,1.243260e-06,1.444962e-06,8.832829e-07,4.757884e-07,5.636798e-07,8.110630e-07,4.038318e-07,5.336707e-07,1.012184e-07,7.473917e-08,9.856424e-08,2.593764e-07,2.828670e-08,3.651137e-08,1.626648e-08,2.490728e-07,1.161245e-07
14.721680,5.790620e-07,4.294621e-07,2.581663e-06,1.702735e-06,5.870328e-06,9.191635e-07,1.934043e-06,8.855557e-07,1.268063e-06,1.497868e-06,9.076958e-07,4.900415e-07,5.494957e-07,7.982004e-07,4.000753e-07,6.495160e-07,9.841103e-08,7.025192e-08,1.173489e-07,3.019110e-07,3.957642e-08,4.277698e-08,1.392535e-08,2.366474e-07,9.954638e-08
14.746090,5.977013e-07,4.347575e-07,2.623418e-06,1.733053e-06,6.049310e-06,9.277655e-07,1.951714e-06,8.823991e-07,1.323819e-06,1.490882e-06,9.264961e-07,4.672865e-07,5.843556e-07,7.912513e-07,3.795833e-07,8.055522e-07,9.443258e-08,6.865941e-08,1.349797e-07,3.792612e-07,4.487983e-08,6.049967e-08,1.591294e-08,2.095277e-07,7.115229e-08
14.770510,6.167588e-07,4.408010e-07,2.681227e-06,1.755969e-06,6.241467e-06,9.449442e-07,1.984968e-06,9.029887e-07,1.325925e-06,1.487316e-06,9.564958e-07,4.559369e-07,6.134866e-07,8.779207e-07,3.609548e-07,8.720847e-07,7.474799e-08,6.386315e-08,1.417209e-07,5.013556e-07,5.709746e-08,6.858089e-08,1.885024e-08,1.502032e-07,3.662166e-08
14.794920,6.366747e-07,4.472257e-07,2.720799e-06,1.787856e-06,6.361416e-06,9.381519e-07,2.048728e-06,9.312439e-07,1.333041e-06,1.544024e-06,9.840317e-07,4.702284e-07,6.240751e-07,9.372373e-07,3.761913e-07,9.723177e-07,5.053392e-08,5.467734e-08,1.418242e-07,5.995477e-07,6.990617e-08,7.322525e-08,2.268864e-08,8.106592e-08,1.753129e-08
14.819340,6.495023e-07,4.592076e-07,2.793289e-06,1.786307e-06,6.544174e-06,9.462918e-07,2.056022e-06,9.457037e-07,1.370287e-06,1.570243e-06,9.607339e-07,4.768754e-07,6.403541e-07,9.622899e-07,3.751682e-07,1.086757e-06,4.769116e-08,5.039646e-08,1.415239e-07,6.510736e-07,8.626410e-08,8.083807e-08,2.471198e-08,1.436416e-08,4.574226e-08
14.843750,6.636578e-07,4.685104e-07,2.853883e-06,1.797325e-06,6.730445e-06,9.642733e-07,2.062167e-06,9.609814e-07,1.393047e-06,1.591138e-06,9.582929e-07,4.942148e-07,6.205896e-07,1.000563e-06,3.346004e-07,1.089758e-06,5.366330e-08,4.474198e-08,1.436831e-07,6.755941e-07,1.031027e-07,9.459851e-08,3.087795e-08,7.678737e-08,7.488554e-08
14.868160,6.764408e-07,4.770315e-07,2.917126e-06,1.827773e-06,6.782560e-06,9.828158e-07,2.085831e-06,9.613214e-07,1.421272e-06,1.627867e-06,1.008291e-06,5.042085e-07,5.874322e-07,9.931531e-07,3.365187e-07,1.092526e-06,5.815312e-08,3.189800e-08,1.418874e-07,7.261369e-07,1.239355e-07,1.110044e-07,3.929449e-08,1.590832e-07,1.035174e-07
14.892580,6.898282e-07,4.836307e-07,2.976758e-06,1.835737e-06,6.889594e-06,9.993159e-07,2.113202e-06,9.697712e-07,1.437411e-06,1.646716e-06,1.022672e-06,4.860736e-07,6.099154e-07,9.763271e-07,3.657698e-07,1.205158e-06,7.835200e-08,2.640323e-08,1.296667e-07,7.615262e-07,1.518116e-07,1.294318e-07,4.901648e-08,2.523820e-07,1.237523e-07
14.916990,6.965441e-07,4.927025e-07,3.043864e-06,1.845848e-06,6.994748e-06,9.973147e-07,2.148746e-06,1.010849e-06,1.438371e-06,1.710460e-06,1.014522e-06,5.137195e-07,6.423777e-07,1.025954e-06,3.694450e-07,1.295957e-06,9.554540e-08,3.803802e-08,1.169777e-07,7.503331e-07,1.760940e-07,1.471067e-07,5.730378e-08,3.423266e-07,1.366760e-07
14.941410,7.044054e-07,4.984635e-07,3.110109e-06,1.851433e-06,7.105406e-06,1.028970e-06,2.120706e-06,1.020530e-06,1.505257e-06,1.759382e-06,1.028928e-06,5.522808e-07,6.094505e-07,1.049498e-06,3.841741e-07,1.264885e-06,1.025530e-07,4.579644e-08,1.102472e-07,6.829935e-07,1.975885e-07,1.629041e-07,6.352302e-08,4.066362e-07,1.379143e-07
14.965820,7.146964e-07,5.014676e-07,3.134550e-06,1.877779e-06,7.152340e-06,1.051030e-06,2.148727e-06,1.019591e-06,1.554306e-06,1.735356e-06,1.041472e-06,5.490667e-07,5.696715e-07,9.699410e-07,4.090031e-07,1.191882e-06,1.145240e-07,4.856011e-08,1.080566e-07,6.139716e-07,2.059232e-07,1.775540e-07,6.866482e-08,4.549443e-07,1.250209e-07
14.990230,7.005754e-07,4.977280e-07,3.115695e-06,1.849689e-06,7.032976e-06,1.016814e-06,2.163422e-06,1.023102e-06,1.510451e-06,1.742454e-06,1.056242e-06,5.407852e-07,5.533195e-07,8.850493e-07,4.086064e-07,1.122549e-06,1.394108e-07,6.099963e-08,9.235615e-08,5.732317e-07,2.071635e-07,1.791642e-07,6.855509e-08,4.453645e-07,1.009202e-07
15.014650,6.888145e-07,4.890322e-07,3.070331e-06,1.812944e-06,7.012457e-06,9.968114e-07,2.102083e-06,1.004684e-06,1.500790e-06,1.772593e-06,1.060289e-06,5.463545e-07,5.223883e-07,8.705563e-07,4.192335e-07,1.056109e-06,1.560106e-07,7.289764e-08,6.997502e-08,5.169301e-07,2.023533e-07,1.746327e-07,6.806597e-08,4.267820e-07,7.719428e-08
15.039060,6.780861e-07,4.786022e-07,3.000592e-06,1.802232e-06,6.885989e-06,9.804802e-07,2.059864e-06,9.948073e-07,1.483107e-06,1.756693e-06,1.006181e-06,5.431946e-07,5.297973e-07,8.280186e-07,4.641930e-07,9.579226e-07,1.574448e-07,7.846412e-08,6.125928e-08,4.456764e-07,2.027150e-07,1.661607e-07,6.535514e-08,3.914903e-07,6.663015e-08
15.063480,6.694186e-07,4.673033e-07,2.946402e-06,1.765787e-06,6.797556e-06,9.687031e-07,2.048961e-06,9.758018e-07,1.472582e-06,1.760792e-06,9.954758e-07,5.489086e-07,5.511057e-07,8.187644e-07,4.742845e-07,9.113469e-07,1.575752e-07,8.535747e-08,6.134611e-08,3.650078e-07,1.962868e-07,1.583103e-07,6.251156e-08,3.581372e-07,7.424469e-08
15.087890,6.582088e-07,4.578192e-07,2.904168e-06,1.723885e-06,6.769211e-06,9.447072e-07,2.068103e-06,9.543123e-07,1.468497e-06,1.722086e-06,1.015996e-06,5.483236e-07,5.168340e-07,8.201490e-07,4.459696e-07,9.017380e-07,1.637663e-07,9.852373e-08,5.412497e-08,3.296178e-07,1.838138e-07,1.550766e-07,5.891430e-08,3.248412e-07,8.665206e-08
15.112300,6.461537e-07,4.484360e-07,2.888642e-06,1.682406e-06,6.696867e-06,9.182699e-07,2.073544e-06,9.758759e-07,1.420780e-06,1.710951e-06,9.917384e-07,5.183771e-07,5.145618e-07,7.419547e-07,4.437466e-07,7.700560e-07,1.590896e-07,1.057701e-07,4.869044e-08,3.314403e-07,1.681904e-07,1.498967e-07,5.670203e-08,2.864385e-07,9.813675e-08
15.136720,6.387540e-07,4.363368e-07,2.852986e-06,1.635668e-06,6.634313e-06,9.213683e-07,2.032305e-06,9.670273e-07,1.430558e-06,1.726111e-06,9.812530e-07,5.015005e-07,5.701635e-07,7.185291e-07,4.461726e-07,5.769699e-07,1.506948e-07,1.036865e-07,6.084501e-08,3.163631e-07,1.456433e-07,1.383705e-07,5.390823e-08,2.675301e-07,1.037836e-07
15.161130,6.261365e-07,4.285896e-07,2.845040e-06,1.591969e-06,6.522620e-06,9.060282e-07,2.049305e-06,9.388857e-07,1.447896e-06,1.662053e-06,9.663711e-07,5.278674e-07,6.013697e-07,7.840422e-07,4.313738e-07,5.447575e-07,1.493500e-07,9.801722e-08,7.417354e-08,2.782755e-07,1.231179e-07,1.173004e-07,5.024890e-08,2.720956e-07,1.075938e-07
15.185550,6.182995e-07,4.180997e-07,2.852752e-06,1.532747e-06,6.460756e-06,8.834164e-07,2.055708e-06,9.446346e-07,1.404836e-06,1.633187e-06,9.625315e-07,5.286746e-07,6.055870e-07,8.094053e-07,4.349521e-07,5.874506e-07,1.516136e-07,9.972603e-08,7.665477e-08,2.982080e-07,9.154930e-08,9.292511e-08,4.355720e-08,2.857489e-07,1.060736e-07
15.209960,6.109823e-07,4.073266e-07,2.845373e-06,1.498304e-06,6.341184e-06,8.876699e-07,2.000377e-06,9.411045e-07,1.388207e-06,1.655595e-06,9.872584e-07,4.990831e-07,6.181870e-07,8.000437e-07,4.292586e-07,5.832544e-07,1.425705e-07,9.909657e-08,8.169422e-08,3.480596e-07,5.513195e-08,5.696669e-08,3.436899e-08,2.988157e-07,9.464162e-08
15.234380,5.990294e-07,3.998771e-07,2.874721e-06,1.465022e-06,6.136905e-06,8.907983e-07,1.983543e-06,9.355478e-07,1.381419e-06,1.630330e-06,9.542057e-07,4.916938e-07,6.328891e-07,8.201844e-07,3.875511e-07,6.056202e-07,1.209161e-07,9.365913e-08,1.012519e-07,3.765597e-07,1.086271e-08,2.025709e-08,2.290678e-08,2.733790e-07,7.860023e-08
15.258790,5.859779e-07,3.926457e-07,2.901072e-06,1.412341e-06,6.043142e-06,8.925007e-07,1.977234e-06,9.236044e-07,1.367674e-06,1.617490e-06,9.076811e-07,4.727053e-07,6.438035e-07,8.515514e-07,3.542668e-07,6.474553e-07,9.875803e-08,8.779464e-08,1.177089e-07,3.605975e-07,3.243403e-08,2.967370e-08,1.404863e-08,2.342576e-07,5.530014e-08
15.283200,5.727646e-07,3.850677e-07,2.927550e-06,1.380910e-06,5.911323e-06,8.808308e-07,1.971128e-06,8.950560e-07,1.364366e-06,1.596006e-06,9.227044e-07,4.618884e-07,6.884182e-07,8.680079e-07,3.587507e-07,6.267496e-07,8.683064e-08,8.485923e-08,1.231812e-07,3.980712e-07,7.012465e-08,7.480911e-08,1.465442e-08,1.667651e-07,3.268545e-08
15.307620,5.630168e-07,3.752219e-07,2.937004e-06,1.357248e-06,5.763171e-06,8.720591e-07,1.942313e-06,8.975742e-07,1.322711e-06,1.572845e-06,9.254895e-07,4.755264e-07,7.028218e-07,9.276293e-07,3.508736e-07,6.492207e-07,7.424678e-08,7.756793e-08,1.248186e-07,4.745479e-07,9.841814e-08,1.203762e-07,2.514134e-08,1.079858e-07,2.653763e-08
15.332030,5.489641e-07,3.682848e-07,2.955808e-06,1.349044e-06,5.615297e-06,8.811392e-07,1.887306e-06,8.989334e-07,1.299814e-06,1.599532e-06,9.112625e-07,4.560265e-07,6.432151e-07,9.528743e-07,3.190983e-07,7.691326e-07,5.574915e-08,6.386232e-08,1.292863e-07,5.243769e-07,1.184324e-07,1.554412e-07,3.617663e-08,9.426845e-08,3.907994e-08
15.356450,5.384776e-07,3.593569e-07,2.985142e-06,1.337945e-06,5.459764e-06,8.612218e-07,1.902960e-06,8.676587e-07,1.328526e-06,1.572048e-06,8.981488e-07,4.302313e-07,6.332841e-07,8.909796e-07,3.155268e-07,8.490511e-07,4.715000e-08,4.682893e-08,1.352457e-07,5.344619e-07,1.274782e-07,1.763412e-07,4.516156e-08,1.531200e-07,5.779791e-08
15.380860,5.335876e-07,3.476628e-07,2.977423e-06,1.332470e-06,5.370485e-06,8.363381e-07,1.900841e-06,8.592604e-07,1.309713e-06,1.511704e-06,8.742293e-07,4.446032e-07,6.604717e-07,9.088538e-07,3.177156e-07,8.074594e-07,4.195702e-08,3.839236e-08,1.297525e-07,5.531172e-07,1.305689e-07,1.839062e-07,5.029800e-08,2.340051e-07,7.575615e-08
15.405270,5.259589e-07,3.400223e-07,2.982846e-06,1.339762e-06,5.241243e-06,8.284903e-07,1.856221e-06,8.529337e-07,1.283300e-06,1.518603e-06,8.876001e-07,4.497685e-07,6.549574e-07,9.625497e-07,3.159189e-07,7.716993e-07,2.886997e-08,3.298129e-08,1.187943e-07,6.067953e-07,1.231222e-07,1.785762e-07,5.155446e-08,3.153403e-07,9.087585e-08
15.429690,5.261244e-07,3.345234e-07,3.014411e-06,1.331778e-06,5.222750e-06,8.210216e-07,1.874908e-06,8.425184e-07,1.284871e-06,1.522203e-06,9.140539e-07,4.529616e-07,6.531638e-07,9.485743e-07,3.524794e-07,8.016668e-07,3.906204e-08,2.262281e-08,1.138211e-07,6.465969e-07,1.090088e-07,1.644017e-07,4.788307e-08,3.801774e-07,9.927633e-08
15.454100,5.263647e-07,3.298592e-07,3.022483e-06,1.326179e-06,5.271993e-06,8.120745e-07,1.912169e-06,8.410995e-07,1.268943e-06,1.517516e-06,8.807476e-07,4.619558e-07,6.415923e-07,9.195997e-07,3.817598e-07,8.010169e-07,6.496922e-08,1.711496e-08,1.136971e-07,6.314271e-07,9.328718e-08,1.449059e-07,4.275158e-08,4.074368e-07,1.010407e-07
15.478520,5.285400e-07,3.255299e-07,3.025868e-06,1.327770e-06,5.256026e-06,7.950677e-07,1.950079e-06,8.229944e-07,1.271285e-06,1.520856e-06,8.702967e-07,4.542711e-07,5.948260e-07,8.910609e-07,3.674930e-07,7.792392e-07,8.048885e-08,2.344466e-08,1.065782e-07,5.930766e-07,9.229678e-08,1.240608e-07,3.651544e-08,4.086662e-07,9.130495e-08
15.502930,5.270693e-07,3.244657e-07,3.022637e-06,1.316116e-06,5.279486e-06,7.835645e-07,1.965238e-06,8.249732e-07,1.260184e-06,1.493735e-06,8.909782e-07,4.576264e-07,5.837172e-07,8.270522e-07,3.849962e-07,8.026664e-07,8.807767e-08,2.897047e-08,9.025719e-08,5.585687e-07,1.052681e-07,1.136984e-07,3.355303e-08,3.647546e-07,7.643428e-08
15.527340,5.245192e-07,3.244197e-07,3.042418e-06,1.306417e-06,5.287737e-06,7.875955e-07,1.952685e-06,8.477421e-07,1.229888e-06,1.495880e-06,8.863893e-07,4.862098e-07,6.141922e-07,8.024521e-07,4.304331e-07,7.929256e-07,9.772956e-08,3.953449e-08,7.068861e-08,5.508030e-07,1.243698e-07,1.282878e-07,3.553190e-08,3.067963e-07,6.074630e-08
15.551760,5.211564e-07,3.233076e-07,3.030471e-06,1.293688e-06,5.295558e-06,7.724465e-07,1.988658e-06,8.337570e-07,1.255035e-06,1.498875e-06,8.830938e-07,4.846656e-07,5.936684e-07,8.373131e-07,4.462594e-07,6.937361e-07,1.077842e-07,5.747202e-08,6.066204e-08,5.058016e-07,1.424700e-07,1.558885e-07,4.227207e-08,2.336434e-07,5.259818e-08
15.576170,5.092858e-07,3.261270e-07,3.042502e-06,1.299587e-06,5.245805e-06,7.614076e-07,1.996560e-06,8.233319e-07,1.263788e-06,1.439699e-06,8.754423e-07,4.551881e-07,5.555932e-07,8.006820e-07,4.567173e-07,5.958093e-07,1.123579e-07,6.925139e-08,4.472034e-08,4.145082e-07,1.527724e-07,1.822181e-07,5.091124e-08,1.658766e-07,5.368493e-08
15.600590,4.992317e-07,3.259372e-07,3.065206e-06,1.293030e-06,5.174213e-06,7.707498e-07,1.955779e-06,8.342498e-07,1.232954e-06,1.423775e-06,8.711730e-07,4.575154e-07,5.583237e-07,7.317548e-07,4.670775e-07,6.106744e-07,1.149476e-07,7.404877e-08,2.370792e-08,3.245949e-07,1.593024e-07,1.994014e-07,5.841282e-08,1.380686e-07,5.980549e-08
15.625000,4.906084e-07,3.231519e-07,3.070362e-06,1.283465e-06,5.190959e-06,7.691851e-07,1.965444e-06,8.329984e-07,1.232448e-06,1.439454e-06,9.064633e-07,4.674014e-07,5.554471e-07,7.255826e-07,4.486958e-07,6.483311e-07,1.237333e-07,7.702090e-08,1.314027e-08,2.544965e-07,1.552283e-07,2.050286e-07,6.246107e-08,1.655868e-07,6.809948e-08
15.649410,4.824444e-07,3.195720e-07,3.082253e-06,1.300523e-06,5.132263e-06,7.647837e-07,1.965723e-06,8.343681e-07,1.232381e-06,1.418606e-06,9.081981e-07,4.617309e-07,5.676772e-07,7.190007e-07,4.287716e-07,6.153494e-07,1.310391e-07,8.446683e-08,2.978642e-08,2.017121e-07,1.459138e-07,1.948016e-07,6.192779e-08,2.403573e-07,7.579791e-08
15.673830,4.738547e-07,3.160520e-07,3.094024e-06,1.309564e-06,5.066703e-06,7.490636e-07,1.961166e-06,8.253292e-07,1.228066e-06,1.413680e-06,8.669170e-07,4.669789e-07,5.975866e-07,7.172389e-07,4.381896e-07,5.796089e-07,1.252891e-07,9.085854e-08,4.292350e-08,1.077293e-07,1.257368e-07,1.756630e-07,5.766229e-08,3.060521e-07,8.023058e-08
15.698240,4.667077e-07,3.117245e-07,3.109503e-06,1.318142e-06,5.041013e-06,7.472370e-07,1.921567e-06,8.072709e-07,1.234264e-06,1.396133e-06,8.642933e-07,4.518012e-07,5.797123e-07,7.450173e-07,4.375895e-07,5.866781e-07,1.110874e-07,9.197599e-08,5.467268e-08,5.352703e-08,9.861714e-08,1.451952e-07,4.924778e-08,3.536112e-07,8.138150e-08
15.722660,4.645026e-07,3.047567e-07,3.092187e-06,1.320837e-06,5.026281e-06,7.463749e-07,1.884977e-06,8.238897e-07,1.197511e-06,1.381471e-06,8.793114e-07,4.233922e-07,5.481083e-07,7.292907e-07,4.008309e-07,5.522947e-07,1.070881e-07,9.053214e-08,7.275887e-08,1.522220e-07,6.750521e-08,1.072638e-07,3.780976e-08,3.661021e-07,7.191446e-08
15.747070,4.577800e-07,3.019258e-07,3.064185e-06,1.317621e-06,5.047201e-06,7.214249e-07,1.912302e-06,8.204973e-07,1.194104e-06,1.414482e-06,8.754683e-07,4.318778e-07,5.870019e-07,6.836254e-07,3.734516e-07,5.515833e-07,1.033403e-07,9.286085e-08,9.434429e-08,2.200525e-07,3.620049e-08,6.345440e-08,2.473500e-08,3.380322e-07,5.724692e-08
15.771480,4.533561e-07,2.988681e-07,3.062142e-06,1.314474e-06,5.032010e-06,7.078221e-07,1.895707e-06,8.003215e-07,1.225644e-06,1.386341e-06,8.816496e-07,4.350081e-07,6.311483e-07,7.206293e-07,3.536377e-07,6.592824e-07,9.479866e-08,9.118394e-08,1.091026e-07,2.721890e-07,1.202647e-08,1.581658e-08,1.188730e-08,2.803399e-07,3.654458e-08
15.795900,4.524787e-07,2.947730e-07,3.020482e-06,1.291199e-06,5.064667e-06,7.051311e-07,1.860935e-06,8.051829e-07,1.208842e-06,1.345771e-06,8.663785e-07,4.100815e-07,6.113123e-07,7.777022e-07,3.233546e-07,7.076415e-07,8.479115e-08,8.096303e-08,1.151102e-07,3.431149e-07,1.341539e-08,3.315915e-08,6.597298e-09,2.014684e-07,1.818990e-08
15.820310,4.474981e-07,2.932578e-07,2.990869e-06,1.282833e-06,5.079718e-06,6.942557e-07,1.884153e-06,7.992661e-07,1.201319e-06,1.353342e-06,8.663175e-07,4.006973e-07,5.908274e-07,7.489008e-07,3.112810e-07,6.559723e-07,7.764568e-08,7.026404e-08,1.219275e-07,4.287399e-07,3.381061e-08,7.319252e-08,1.738284e-08,1.162576e-07,1.992004e-08
15.844730,4.415987e-07,2.921127e-07,2.979774e-06,1.273757e-06,5.008208e-06,6.866707e-07,1.900922e-06,7.949267e-07,1.197008e-06,1.343702e-06,9.033232e-07,4.065503e-07,5.851419e-07,7.226602e-07,3.037196e-07,6.572830e-07,6.880622e-08,6.667404e-08,1.308597e-07,4.971481e-07,5.387272e-08,1.006030e-07,2.870628e-08,8.079963e-08,3.518270e-08
15.869140,4.317845e-07,2.892209e-07,2.964522e-06,1.240746e-06,4.953628e-06,6.702022e-07,1.899778e-06,7.778279e-07,1.182435e-06,1.332932e-06,8.863485e-07,4.044719e-07,5.687154e-07,7.403917e-07,2.671127e-07,6.922125e-07,5.038460e-08,6.200543e-08,1.337702e-07,5.240996e-07,6.534624e-08,1.263612e-07,3.584649e-08,1.530107e-07,5.101714e-08
15.893550,4.222186e-07,2.833226e-07,2.949419e-06,1.213980e-06,4.845232e-06,6.615298e-07,1.864501e-06,7.528450e-07,1.177703e-06,1.305012e-06,8.581653e-07,4.126908e-07,5.922586e-07,7.352761e-07,2.380731e-07,6.832104e-07,3.182301e-08,5.276691e-08,1.251525e-07,5.385690e-07,7.347753e-08,1.449288e-07,4.120455e-08,2.389732e-07,6.438600e-08
15.917970,4.099989e-07,2.791898e-07,2.934501e-06,1.189691e-06,4.711608e-06,6.526267e-07,1.820316e-06,7.648649e-07,1.140041e-06,1.262803e-06,8.613874e-07,4.181303e-07,6.093220e-07,7.559782e-07,2.562864e-07,6.728986e-07,3.778639e-08,4.133747e-08,1.148389e-07,5.654620e-07,7.917708e-08,1.595601e-07,4.298257e-08,3.255628e-07,7.689589e-08
15.942380,4.008900e-07,2.737716e-07,2.950776e-06,1.174527e-06,4.576882e-06,6.297547e-07,1.816529e-06,7.707382e-07,1.113625e-06,1.258976e-06,8.551483e-07,3.985227e-07,5.687234e-07,7.744893e-07,2.642664e-07,7.015275e-07,4.277757e-08,3.495268e-08,1.118626e-07,5.915307e-07,8.586004e-08,1.637265e-07,4.441194e-08,3.848959e-07,8.325896e-08
15.966800,3.970640e-07,2.653144e-07,2.938859e-06,1.154366e-06,4.436005e-06,6.277823e-07,1.763021e-06,7.455856e-07,1.134689e-06,1.230730e-06,8.526685e-07,4.116249e-07,5.401365e-07,7.263761e-07,2.522952e-07,6.735414e-07,4.115640e-08,2.906431e-08,1.086580e-07,5.927413e-07,9.322860e-08,1.646580e-07,4.477083e-08,4.117082e-07,8.684109e-08
15.991210,3.899937e-07,2.603470e-07,2.925231e-06,1.140938e-06,4.331426e-06,6.286194e-07,1.706276e-06,7.430782e-07,1.116720e-06,1.160260e-06,8.375261e-07,4.386214e-07,5.607668e-07,6.695565e-07,2.614387e-07,5.854369e-07,4.937591e-08,1.776357e-08,1.025117e-07,5.595391e-07,9.556820e-08,1.639495e-07,4.427380e-08,4.066426e-07,8.550975e-08
16.015620,3.842068e-07,2.556147e-07,2.932412e-06,1.148607e-06,4.167370e-06,6.178725e-07,1.697063e-06,7.421977e-07,1.079066e-06,1.143512e-06,8.127495e-07,4.278001e-07,5.651064e-07,6.836448e-07,2.658179e-07,5.458210e-07,5.737837e-08,2.258842e-08,8.860154e-08,5.136348e-07,9.460654e-08,1.633010e-07,4.341270e-08,3.739078e-07,8.468533e-08
16.040040,3.795116e-07,2.507038e-07,2.907790e-06,1.138810e-06,4.026423e-06,6.054703e-07,1.671749e-06,7.320943e-07,1.069888e-06,1.131712e-06,8.307802e-07,4.189810e-07,5.419341e-07,6.953143e-07,2.694664e-07,5.632377e-07,5.951455e-08,3.481171e-08,7.700104e-08,4.886037e-07,9.001418e-08,1.618687e-07,4.311203e-08,3.214622e-07,8.671468e-08
16.064450,3.757344e-07,2.460816e-07,2.865992e-06,1.128186e-06,3.954091e-06,5.930035e-07,1.630897e-06,7.272044e-07,1.050209e-06,1.099959e-06,8.471925e-07,4.141774e-07,5.355079e-07,6.574086e-07,2.958944e-07,5.564958e-07,6.691483e-08,3.862764e-08,6.906231e-08,4.618409e-07,8.674861e-08,1.539798e-07,4.348397e-08,2.726299e-07,8.928989e-08
16.088870,3.683857e-07,2.439522e-07,2.809724e-06,1.122447e-06,3.860678e-06,5.905204e-07,1.575770e-06,7.025545e-07,1.047900e-06,1.080907e-06,8.092583e-07,4.017612e-07,5.081060e-07,6.460416e-07,3.132570e-07,5.009998e-07,7.974981e-08,4.236070e-08,5.897242e-08,4.091437e-07,8.445102e-08,1.432937e-07,4.313373e-08,2.130927e-07,9.187611e-08
16.113280,3.604950e-07,2.423661e-07,2.777816e-06,1.111142e-06,3.794763e-06,5.824924e-07,1.538058e-06,6.938827e-07,1.038207e-06,1.040391e-06,7.870938e-07,4.080508e-07,4.855272e-07,6.244197e-07,2.999006e-07,4.712024e-07,8.298513e-08,5.299690e-08,4.219873e-08,3.264003e-07,8.358076e-08,1.314783e-07,4.258007e-08,1.691897e-07,8.856335e-08
16.137700,3.542142e-07,2.387068e-07,2.724890e-06,1.102773e-06,3.716418e-06,5.628012e-07,1.544016e-06,6.995893e-07,9.989958e-07,1.024715e-06,7.839445e-07,4.115007e-07,5.156743e-07,5.856558e-07,2.853695e-07,4.377237e-07,7.917948e-08,5.952679e-08,2.556390e-08,2.600212e-07,8.149820e-08,1.232940e-07,4.023095e-08,1.384627e-07,8.144373e-08
16.162110,3.430988e-07,2.373247e-07,2.671770e-06,1.091065e-06,3.657875e-06,5.597758e-07,1.507090e-06,6.795312e-07,1.004518e-06,1.029636e-06,7.745081e-07,3.866675e-07,5.056577e-07,6.116082e-07,2.937774e-07,3.766812e-07,7.510774e-08,6.085101e-08,1.703257e-08,2.144974e-07,7.951120e-08,1.180837e-07,3.789437e-08,1.473083e-07,7.358098e-08
16.186520,3.336533e-07,2.342503e-07,2.654426e-06,1.094133e-06,3.571578e-06,5.536548e-07,1.473850e-06,6.660504e-07,1.011314e-06,9.883435e-07,7.773795e-07,3.701119e-07,4.590370e-07,6.194940e-07,2.871055e-07,3.675669e-07,7.513780e-08,6.452809e-08,1.181224e-08,1.708965e-07,7.785985e-08,1.135526e-07,3.542749e-08,1.726951e-07,6.386968e-08
16.210940,3.255157e-07,2.294308e-07,2.620324e-06,1.082621e-06,3.467897e-06,5.405011e-07,1.482214e-06,6.669049e-07,9.858903e-07,9.531100e-07,7.564599e-07,3.705405e-07,4.474447e-07,5.706960e-07,2.733875e-07,4.277418e-07,7.311775e-08,6.997975e-08,8.303687e-09,1.038470e-07,7.540352e-08,1.066414e-07,3.316958e-08,1.965291e-07,5.520087e-08
16.235350,3.168132e-07,2.244228e-07,2.589116e-06,1.059036e-06,3.426856e-06,5.289117e-07,1.473956e-06,6.542349e-07,9.779935e-07,9.461403e-07,7.372344e-07,3.579449e-07,4.497177e-07,5.504691e-07,2.688209e-07,4.360260e-07,6.791054e-08,7.073855e-08,2.399780e-08,3.890917e-08,6.779258e-08,9.814763e-08,3.076466e-08,2.019258e-07,4.446539e-08
16.259770,3.087373e-07,2.190480e-07,2.559493e-06,1.047368e-06,3.356010e-06,5.157312e-07,1.461068e-06,6.425001e-07,9.686838e-07,9.227869e-07,7.557186e-07,3.381261e-07,4.475622e-07,5.587479e-07,2.466932e-07,3.819093e-07,6.472787e-08,6.567042e-08,3.948203e-08,4.673206e-08,5.567449e-08,8.507635e-08,2.771091e-08,1.880756e-07,3.316339e-08
16.284180,3.018772e-07,2.137505e-07,2.530139e-06,1.028823e-06,3.266056e-06,5.093262e-07,1.425194e-06,6.215380e-07,9.513731e-07,9.078347e-07,7.509088e-07,3.279069e-07,4.532317e-07,5.504508e-07,2.196420e-07,3.741838e-07,6.245423e-08,5.990676e-08,4.921402e-08,7.984469e-08,3.957311e-08,7.274826e-08,2.373874e-08,1.616490e-07,2.419814e-08
16.308590,2.987275e-07,2.067515e-07,2.491240e-06,1.006916e-06,3.188484e-06,4.918907e-07,1.406380e-06,6.028219e-07,9.498499e-07,8.879662e-07,7.205693e-07,3.083443e-07,4.417453e-07,5.393141e-07,2.190933e-07,4.005780e-07,5.382380e-08,5.782999e-08,5.719172e-08,1.046786e-07,2.477376e-08,5.557440e-08,1.943522e-08,1.289669e-07,2.136536e-08
16.333010,3.012323e-07,2.077395e-07,2.493137e-06,1.011232e-06,3.186328e-06,4.850366e-07,1.437284e-06,6.290574e-07,9.447014e-07,8.796304e-07,7.357966e-07,3.109194e-07,4.141739e-07,5.429905e-07,2.214428e-07,4.166341e-07,4.213307e-08,5.601448e-08,6.887897e-08,1.600756e-07,1.973070e-08,4.716181e-08,1.433228e-08,9.335985e-08,2.415166e-08
16.357420,3.089180e-07,2.125792e-07,2.553709e-06,1.029686e-06,3.235616e-06,4.984085e-07,1.446760e-06,6.440885e-07,9.785292e-07,9.153685e-07,7.596762e-07,3.334750e-07,4.272677e-07,5.162578e-07,2.063486e-07,4.406003e-07,3.728218e-08,5.086695e-08,8.251141e-08,2.278155e-07,3.115899e-08,5.621698e-08,1.087636e-08,6.397566e-08,2.346928e-08
16.381840,3.214197e-07,2.150335e-07,2.602662e-06,1.054300e-06,3.242652e-06,5.027656e-07,1.475025e-06,6.469432e-07,1.044117e-06,9.224106e-07,7.809168e-07,3.302232e-07,4.739069e-07,5.132131e-07,1.964512e-07,4.806333e-07,3.836001e-08,4.611761e-08,8.965792e-08,2.822781e-07,4.682817e-08,8.165505e-08,1.075102e-08,3.869289e-08,2.006303e-08
16.406250,3.327343e-07,2.196298e-07,2.622861e-06,1.063144e-06,3.260105e-06,4.980793e-07,1.533593e-06,6.647668e-07,1.069438e-06,9.110053e-07,8.059229e-07,3.257186e-07,4.781376e-07,5.714021e-07,2.012495e-07,4.783716e-07,3.576407e-08,4.342094e-08,8.820402e-08,3.126306e-07,6.256406e-08,1.081513e-07,1.607694e-08,5.740674e-08,1.149985e-08
16.430660,3.442580e-07,2.256087e-07,2.672299e-06,1.079503e-06,3.310077e-06,4.994438e-07,1.560761e-06,6.788782e-07,1.090581e-06,9.362904e-07,7.961331e-07,3.519533e-07,4.739042e-07,5.922222e-07,2.019736e-07,4.339924e-07,3.073423e-08,3.799734e-08,8.932347e-08,3.515552e-07,7.313408e-08,1.344385e-07,2.274200e-08,9.643337e-08,8.845516e-09
16.455080,3.558216e-07,2.328856e-07,2.737300e-06,1.113227e-06,3.295326e-06,5.025612e-07,1.582672e-06,6.957739e-07,1.117845e-06,9.620399e-07,8.205344e-07,3.732922e-07,4.978878e-07,5.734443e-07,2.146950e-07,4.425397e-07,3.162627e-08,2.700737e-08,9.606226e-08,4.103550e-07,8.079769e-08,1.527311e-07,2.973628e-08,1.316594e-07,2.113524e-08
16.479490,3.693467e-07,2.396298e-07,2.818365e-06,1.138639e-06,3.294605e-06,5.141968e-07,1.603769e-06,7.029703e-07,1.145872e-06,9.885004e-07,8.751418e-07,3.870651e-07,5.106241e-07,5.856903e-07,2.331541e-07,4.865137e-07,3.290508e-08,2.093338e-08,9.856906e-08,4.556197e-07,8.012342e-08,1.673664e-07,3.424422e-08,1.535048e-07,3.683188e-08
16.503910,3.791885e-07,2.488602e-07,2.875711e-06,1.178292e-06,3.301942e-06,5.216330e-07,1.634256e-06,7.034444e-07,1.192785e-06,1.005167e-06,8.844868e-07,4.034547e-07,5.364479e-07,5.993521e-07,2.276118e-07,4.861106e-07,3.385826e-08,2.455591e-08,9.256145e-08,4.756995e-07,7.890514e-08,1.683813e-07,3.745487e-08,1.749355e-07,5.440992e-08
16.528320,3.887320e-07,2.590125e-07,2.970835e-06,1.223883e-06,3.298834e-06,5.268545e-07,1.686149e-06,7.296759e-07,1.212192e-06,1.004480e-06,8.837671e-07,4.004993e-07,5.725681e-07,6.076618e-07,2.209937e-07,4.488723e-07,4.438409e-08,2.611558e-08,8.632412e-08,4.712950e-07,7.975772e-08,1.648587e-07,3.739665e-08,1.921276e-07,7.215944e-08
16.552730,4.014555e-07,2.660810e-07,3.071472e-06,1.276222e-06,3.301120e-06,5.507586e-07,1.685043e-06,7.560811e-07,1.214882e-06,1.030848e-06,8.953645e-07,4.002863e-07,5.660899e-07,6.462503e-07,2.475037e-07,4.499178e-07,5.942752e-08,2.668565e-08,8.425805e-08,4.679402e-07,8.703238e-08,1.523812e-07,3.631806e-08,2.093084e-07,9.004987e-08
16.577150,4.087163e-07,2.765259e-07,3.140119e-06,1.312788e-06,3.316268e-06,5.665250e-07,1.692302e-06,7.526380e-07,1.272760e-06,1.068616e-06,9.084664e-07,4.291419e-07,5.394419e-07,6.587350e-07,2.705634e-07,4.388222e-07,6.574355e-08,3.536999e-08,8.134448e-08,4.778144e-07,9.871077e-08,1.433182e-07,3.306682e-08,2.273004e-07,1.003314e-07
16.601560,4.158126e-07,2.866677e-07,3.245612e-06,1.343619e-06,3.416453e-06,5.758501e-07,1.737987e-06,7.722413e-07,1.317618e-06,1.056724e-06,9.369092e-07,4.384190e-07,5.672037e-07,6.227315e-07,2.737042e-07,4.117693e-07,6.580373e-08,4.356304e-08,6.756837e-08,4.638686e-07,1.098595e-07,1.471766e-07,3.068139e-08,2.333342e-07,1.067917e-07
16.625980,4.247744e-07,2.955491e-07,3.337185e-06,1.401287e-06,3.464587e-06,5.896106e-07,1.743900e-06,8.005275e-07,1.325493e-06,1.058891e-06,9.489171e-07,4.231131e-07,5.985439e-07,6.339402e-07,2.873691e-07,4.477615e-07,6.943339e-08,4.720438e-08,5.272123e-08,4.115681e-07,1.228723e-07,1.620777e-07,3.051223e-08,2.347093e-07,1.046705e-07
16.650390,4.326062e-07,3.034930e-07,3.408933e-06,1.435621e-06,3.527461e-06,6.010172e-07,1.748513e-06,8.120691e-07,1.375436e-06,1.088304e-06,9.378511e-07,4.334347e-07,5.826331e-07,6.815123e-07,2.950404e-07,5.067448e-07,7.694519e-08,5.511310e-08,4.163311e-08,3.355390e-07,1.324360e-07,1.841770e-07,3.365449e-08,2.339505e-07,9.745231e-08
16.674800,4.370850e-07,3.121008e-07,3.454083e-06,1.463248e-06,3.628132e-06,6.160016e-07,1.747237e-06,8.296408e-07,1.410931e-06,1.090105e-06,9.760701e-07,4.417470e-07,5.726879e-07,6.751930e-07,2.932479e-07,4.959677e-07,8.023960e-08,6.892252e-08,3.480367e-08,2.664184e-07,1.412081e-07,1.979404e-07,4.014390e-08,2.334364e-07,8.730253e-08
16.699220,4.417807e-07,3.202666e-07,3.508512e-06,1.492453e-06,3.707012e-06,6.154418e-07,1.780573e-06,8.275183e-07,1.446808e-06,1.110609e-06,1.024319e-06,4.411986e-07,5.570663e-07,6.604844e-07,3.074833e-07,4.553618e-07,8.097481e-08,7.695109e-08,2.310817e-08,2.222334e-07,1.406691e-07,2.097107e-07,4.576433e-08,2.349166e-07,7.646019e-08
16.723630,4.516330e-07,3.236268e-07,3.555924e-06,1.524275e-06,3.784919e-06,6.200889e-07,1.827204e-06,8.444346e-07,1.498444e-06,1.120534e-06,1.014068e-06,4.517371e-07,5.307042e-07,6.652554e-07,3.259947e-07,4.754848e-07,8.620277e-08,7.764998e-08,1.312160e-08,1.512177e-07,1.332621e-07,2.099728e-07,5.011483e-08,2.197635e-07,6.402423e-08
16.748050,4.551767e-07,3.309964e-07,3.546894e-06,1.553765e-06,3.832799e-06,6.356612e-07,1.823209e-06,8.900400e-07,1.497591e-06,1.123453e-06,1.031213e-06,4.433788e-07,5.614582e-07,6.485969e-07,3.162036e-07,5.085867e-07,8.839216e-08,7.818554e-08,2.911489e-08,5.747766e-08,1.155329e-07,2.009345e-07,5.021612e-08,1.995930e-07,5.232499e-08
16.772460,4.584991e-07,3.386862e-07,3.598585e-06,1.569084e-06,3.910093e-06,6.297253e-07,1.878194e-06,8.976946e-07,1.557517e-06,1.171976e-06,1.057824e-06,4.263703e-07,5.940795e-07,6.502697e-07,2.980565e-07,5.176619e-07,8.121838e-08,8.278564e-08,4.609264e-08,4.542372e-08,9.652527e-08,1.759973e-07,4.758438e-08,1.560669e-07,4.158454e-08
16.796880,4.618978e-07,3.424970e-07,3.629508e-06,1.613436e-06,3.946407e-06,6.221711e-07,1.943644e-06,8.975413e-07,1.650895e-06,1.168905e-06,1.072595e-06,4.450565e-07,5.624715e-07,6.892725e-07,3.095287e-07,5.424890e-07,7.052169e-08,8.481078e-08,5.888216e-08,1.015302e-07,7.429570e-08,1.398884e-07,4.185125e-08,1.165662e-07,4.099106e-08
16.821290,4.529533e-07,3.377762e-07,3.542118e-06,1.615243e-06,3.816598e-06,6.039327e-07,1.916956e-06,8.882590e-07,1.630926e-06,1.120451e-06,1.085462e-06,4.525324e-07,5.326228e-07,6.496277e-07,3.046644e-07,5.679274e-07,6.850048e-08,7.764482e-08,7.333306e-08,1.370316e-07,4.923302e-08,8.953661e-08,3.282515e-08,8.194487e-08,4.663737e-08
16.845700,4.423304e-07,3.331805e-07,3.457778e-06,1.602620e-06,3.748914e-06,5.890986e-07,1.894726e-06,8.722287e-07,1.616466e-06,1.118401e-06,1.044536e-06,4.317239e-07,5.495029e-07,5.727961e-07,2.881750e-07,5.329509e-07,6.697855e-08,7.241874e-08,9.239175e-08,1.965779e-07,2.555563e-08,4.863046e-08,2.294703e-08,5.870779e-08,5.490748e-08
16.870120,4.308455e-07,3.292601e-07,3.397462e-06,1.606453e-06,3.673422e-06,5.794601e-07,1.871740e-06,8.631200e-07,1.603371e-06,1.112401e-06,1.007607e-06,4.174542e-07,5.553222e-07,5.584886e-07,2.892059e-07,4.700980e-07,5.819731e-08,7.046092e-08,1.059562e-07,2.646057e-07,6.612841e-09,4.285889e-08,1.678449e-08,3.895954e-08,5.633159e-08
16.894530,4.223421e-07,3.222595e-07,3.365133e-06,1.597675e-06,3.602936e-06,5.584490e-07,1.885786e-06,8.268452e-07,1.599117e-06,1.112247e-06,1.035104e-06,4.219753e-07,5.580693e-07,5.618084e-07,2.732326e-07,4.663853e-07,4.990287e-08,6.413550e-08,1.087981e-07,3.238818e-07,2.013142e-08,7.409975e-08,1.862429e-08,1.337741e-08,5.297348e-08
16.918950,4.086856e-07,3.181484e-07,3.304285e-06,1.584225e-06,3.556779e-06,5.509131e-07,1.883621e-06,8.007192e-07,1.621909e-06,1.094050e-06,1.027957e-06,4.196932e-07,5.681625e-07,5.485160e-07,2.468782e-07,4.883147e-07,4.687525e-08,5.112445e-08,1.069314e-07,3.515552e-07,3.560708e-08,1.061835e-07,2.538558e-08,2.336381e-08,4.709067e-08
16.943360,3.961497e-07,3.137547e-07,3.289307e-06,1.554624e-06,3.524515e-06,5.481101e-07,1.826126e-06,8.087724e-07,1.575347e-06,1.056543e-06,9.982552e-07,4.352010e-07,5.542619e-07,5.473247e-07,2.588155e-07,4.514760e-07,3.890278e-08,4.142320e-08,1.100373e-07,3.827795e-07,4.637139e-08,1.311876e-07,3.257297e-08,5.709710e-08,4.389637e-08
16.967770,3.874872e-07,3.055595e-07,3.286108e-06,1.534666e-06,3.506878e-06,5.310451e-07,1.813174e-06,7.882518e-07,1.546532e-06,1.068931e-06,9.808873e-07,4.416303e-07,5.577560e-07,5.358234e-07,2.786902e-07,3.996539e-07,3.215466e-08,3.806179e-08,1.146043e-07,4.220927e-07,5.505642e-08,1.512018e-07,3.718877e-08,9.676669e-08,4.813182e-08
16.992190,3.772537e-07,2.985304e-07,3.253828e-06,1.520801e-06,3.428075e-06,5.218374e-07,1.787889e-06,7.577372e-07,1.579961e-06,1.066231e-06,9.463830e-07,4.164649e-07,6.102568e-07,5.120870e-07,2.717843e-07,3.782590e-07,3.704501e-08,3.358833e-08,1.110206e-07,4.679551e-07,6.457238e-08,1.598726e-07,4.033815e-08,1.355188e-07,6.217344e-08
17.016600,3.675459e-07,2.916537e-07,3.245576e-06,1.473876e-06,3.375269e-06,5.150847e-07,1.724030e-06,7.505589e-07,1.556280e-06,1.021325e-06,9.453274e-07,4.151652e-07,6.289042e-07,5.285153e-07,2.580726e-07,3.407573e-07,4.521372e-08,2.590117e-08,1.034309e-07,4.928562e-07,7.496975e-08,1.611352e-07,4.047394e-08,1.919048e-07,7.783524e-08
17.041020,3.596954e-07,2.846361e-07,3.243515e-06,1.431087e-06,3.356171e-06,5.074730e-07,1.672213e-06,7.406363e-07,1.522496e-06,1.006238e-06,9.337435e-07,4.257807e-07,5.936689e-07,5.625382e-07,2.618549e-07,2.984110e-07,4.560816e-08,2.449034e-08,9.703994e-08,4.891573e-07,8.193457e-08,1.612131e-07,3.967197e-08,2.452934e-07,9.580743e-08
17.065430,3.548567e-07,2.760861e-07,3.249086e-06,1.395140e-06,3.288472e-06,4.964449e-07,1.619142e-06,7.359248e-07,1.510419e-06,9.938013e-07,8.832982e-07,4.092315e-07,5.922931e-07,5.424417e-07,2.620321e-07,3.071984e-07,4.292618e-08,2.445074e-08,9.652447e-08,4.768804e-07,8.583279e-08,1.619171e-07,3.788179e-08,2.967431e-07,1.106003e-07
17.089840,3.474148e-07,2.694144e-07,3.222368e-06,1.350959e-06,3.217422e-06,4.793915e-07,1.591438e-06,7.145218e-07,1.487350e-06,9.755088e-07,8.801004e-07,3.984786e-07,6.058469e-07,5.160900e-07,2.612501e-07,3.268457e-07,4.687052e-08,2.266327e-08,9.110415e-08,4.799980e-07,8.575233e-08,1.689463e-07,3.569583e-08,3.302604e-07,1.176597e-07
17.114260,3.398583e-07,2.651703e-07,3.198250e-06,1.314469e-06,3.135250e-06,4.733342e-07,1.552663e-06,6.869025e-07,1.493326e-06,9.616240e-07,8.907632e-07,3.887282e-07,5.971477e-07,5.360359e-07,2.761464e-07,2.950282e-07,5.093092e-08,2.466898e-08,7.822488e-08,4.828537e-07,8.668510e-08,1.698335e-07,3.591265e-08,3.447147e-07,1.166464e-07
17.138670,3.377442e-07,2.575436e-07,3.194290e-06,1.277873e-06,3.051249e-06,4.639583e-07,1.499475e-06,6.979876e-07,1.457597e-06,9.227882e-07,8.637278e-07,3.669626e-07,6.070430e-07,5.299072e-07,2.720475e-07,2.592925e-07,5.163314e-08,3.332617e-08,6.352463e-08,4.473108e-07,8.622505e-08,1.704885e-07,3.744671e-08,3.403711e-07,1.073620e-07
17.163090,3.329453e-07,2.519544e-07,3.133682e-06,1.258628e-06,2.951421e-06,4.426318e-07,1.501113e-06,6.998449e-07,1.397704e-06,9.114554e-07,8.453591e-07,3.661091e-07,5.947592e-07,5.240481e-07,2.507256e-07,2.875303e-07,5.404389e-08,3.967009e-08,5.469067e-08,3.855830e-07,8.282753e-08,1.621929e-07,4.088905e-08,3.204378e-07,9.147025e-08
17.187500,3.272885e-07,2.483346e-07,3.081797e-06,1.234569e-06,2.823617e-06,4.305573e-07,1.495169e-06,6.811010e-07,1.417687e-06,9.191126e-07,8.242725e-07,3.661372e-07,5.330336e-07,5.275119e-07,2.593990e-07,3.212234e-07,6.065528e-08,3.969886e-08,4.522766e-08,3.249786e-07,7.775786e-08,1.553093e-07,4.224542e-08,2.888279e-07,7.219983e-08
17.211910,3.210372e-07,2.450439e-07,3.046719e-06,1.201435e-06,2.754796e-06,4.216783e-07,1.452452e-06,6.738728e-07,1.427033e-06,8.815326e-07,8.101558e-07,3.329453e-07,5.105988e-07,4.905909e-07,2.759596e-07,3.350457e-07,6.126335e-08,4.086558e-08,3.338039e-08,2.769526e-07,7.347843e-08,1.465792e-07,4.310431e-08,2.490829e-07,5.145529e-08
17.236330,3.144746e-07,2.418192e-07,3.009061e-06,1.191310e-06,2.676927e-06,4.137460e-07,1.432382e-06,6.634670e-07,1.396471e-06,8.470792e-07,8.198543e-07,3.103187e-07,5.191575e-07,4.538010e-07,2.649105e-07,3.599280e-07,5.537702e-08,4.432960e-08,1.519095e-08,2.260695e-07,7.244700e-08,1.350902e-07,4.182776e-08,1.930808e-07,3.274463e-08
17.260740,3.057894e-07,2.392602e-07,2.960080e-06,1.168385e-06,2.589517e-06,4.076034e-07,1.417491e-06,6.520385e-07,1.378176e-06,8.371197e-07,7.920130e-07,3.107725e-07,4.951957e-07,4.605948e-07,2.581453e-07,3.858756e-07,5.291498e-08,4.556740e-08,1.162036e-09,1.575976e-07,7.284081e-08,1.217444e-07,3.955625e-08,1.374582e-07,2.438376e-08
17.285160,2.969247e-07,2.375427e-07,2.912161e-06,1.140364e-06,2.547806e-06,3.976275e-07,1.416595e-06,6.375371e-07,1.354362e-06,8.265722e-07,7.527462e-07,2.997840e-07,4.733130e-07,4.565107e-07,2.574345e-07,3.671277e-07,5.574091e-08,4.352855e-08,9.493078e-09,7.319191e-08,7.252771e-08,1.090753e-07,3.664583e-08,8.907520e-08,3.703669e-08
17.309570,2.960564e-07,2.357882e-07,2.930477e-06,1.131193e-06,2.546984e-06,4.027523e-07,1.420452e-06,6.184774e-07,1.366991e-06,8.344872e-07,7.677210e-07,2.920989e-07,4.655557e-07,4.332668e-07,2.476202e-07,3.642067e-07,5.625650e-08,4.517962e-08,2.190919e-08,1.932629e-08,6.666121e-08,1.008848e-07,3.310850e-08,8.660233e-08,5.557120e-08
17.333980,2.920185e-07,2.351416e-07,2.913597e-06,1.127146e-06,2.544811e-06,4.039998e-07,1.394298e-06,6.178539e-07,1.391346e-06,8.305352e-07,7.764940e-07,2.845884e-07,4.432580e-07,4.169467e-07,2.554465e-07,4.016009e-07,5.227550e-08,4.862227e-08,3.862041e-08,4.068773e-08,5.931336e-08,9.187242e-08,2.839145e-08,1.184790e-07,7.149125e-08
17.358400,2.877964e-07,2.354224e-07,2.904281e-06,1.120491e-06,2.518127e-06,3.981565e-07,1.401355e-06,6.303356e-07,1.364778e-06,8.157704e-07,7.715680e-07,2.680790e-07,4.518711e-07,3.926113e-07,2.730653e-07,4.283662e-07,4.965868e-08,4.800579e-08,5.316927e-08,7.041043e-08,4.681348e-08,8.345290e-08,2.367042e-08,1.436028e-07,7.983434e-08
17.382810,2.865537e-07,2.333323e-07,2.919054e-06,1.093509e-06,2.520073e-06,4.015609e-07,1.386643e-06,6.157335e-07,1.371150e-06,8.375206e-07,7.691910e-07,2.698747e-07,4.863303e-07,3.608663e-07,2.650282e-07,4.169372e-07,4.826450e-08,4.214599e-08,6.104870e-08,1.273090e-07,3.593711e-08,6.812522e-08,1.846775e-08,1.570391e-07,8.010683e-08
17.407230,2.857103e-07,2.313791e-07,2.905355e-06,1.083416e-06,2.537505e-06,4.028941e-07,1.353481e-06,6.092858e-07,1.413956e-06,8.439888e-07,7.563401e-07,2.864271e-07,4.715823e-07,3.698486e-07,2.480975e-07,3.977836e-07,4.222203e-08,3.873183e-08,6.469359e-08,1.866803e-07,2.667357e-08,5.156758e-08,1.326068e-08,1.461875e-07,7.139359e-08
17.431640,2.850455e-07,2.297300e-07,2.879818e-06,1.084246e-06,2.503769e-06,4.018287e-07,1.344117e-06,6.167755e-07,1.398242e-06,8.231390e-07,7.523718e-07,2.812010e-07,4.454185e-07,3.764691e-07,2.504189e-07,3.931916e-07,3.566825e-08,3.824000e-08,7.015138e-08,2.301707e-07,2.935834e-08,4.209187e-08,7.198936e-09,1.295878e-07,5.939347e-08
17.456050,2.842285e-07,2.294228e-07,2.837815e-06,1.074618e-06,2.486600e-06,3.992104e-07,1.335554e-06,6.181514e-07,1.390742e-06,8.299769e-07,7.643216e-07,2.758364e-07,4.760346e-07,3.420133e-07,2.533304e-07,3.740732e-07,3.802949e-08,3.676108e-08,7.585841e-08,2.526607e-07,4.069847e-08,5.008663e-08,2.739156e-09,1.016801e-07,4.472784e-08
17.480470,2.867363e-07,2.272582e-07,2.809223e-06,1.075704e-06,2.469596e-06,3.944397e-07,1.341985e-06,6.243260e-07,1.391569e-06,8.310048e-07,7.404876e-07,2.853936e-07,5.051268e-07,3.307343e-07,2.522693e-07,3.352123e-07,4.197646e-08,3.183783e-08,7.828921e-08,2.836521e-07,5.472848e-08,6.940794e-08,8.594663e-09,7.680904e-08,3.792166e-08
17.504880,2.862898e-07,2.265750e-07,2.755254e-06,1.079497e-06,2.443840e-06,3.962336e-07,1.335020e-06,6.104598e-07,1.383724e-06,8.310313e-07,7.264266e-07,2.880721e-07,5.159845e-07,3.526046e-07,2.628649e-07,3.204105e-07,3.924320e-08,2.903715e-08,7.504012e-08,3.309488e-07,6.418572e-08,9.293540e-08,1.666393e-08,8.966076e-08,4.623518e-08
17.529300,2.847768e-07,2.288316e-07,2.690356e-06,1.086144e-06,2.426585e-06,3.914909e-07,1.325293e-06,6.037808e-07,1.404162e-06,8.336365e-07,7.472328e-07,2.897412e-07,5.284554e-07,3.621114e-07,2.592785e-07,3.221493e-07,3.716949e-08,2.800010e-08,7.061976e-08,3.650652e-07,7.144233e-08,1.134233e-07,2.349734e-08,1.398817e-07,6.310677e-08
17.553710,2.845264e-07,2.289460e-07,2.671257e-06,1.081898e-06,2.412470e-06,3.811545e-07,1.359369e-06,6.252078e-07,1.376387e-06,8.132443e-07,7.447901e-07,2.944763e-07,5.169085e-07,3.649411e-07,2.348255e-07,2.686990e-07,4.193023e-08,2.348582e-08,6.897005e-08,3.822113e-07,7.394864e-08,1.274235e-07,3.019724e-08,2.016814e-07,8.269273e-08
17.578120,2.827174e-07,2.299134e-07,2.634350e-06,1.075765e-06,2.444520e-06,3.811158e-07,1.368411e-06,6.281138e-07,1.340882e-06,8.200888e-07,7.419982e-07,2.837011e-07,5.046580e-07,3.727468e-07,2.346468e-07,2.101259e-07,4.490612e-08,1.861737e-08,6.812345e-08,3.769569e-07,7.451855e-08,1.334541e-07,3.469507e-08,2.549660e-07,9.834818e-08
17.602540,2.813283e-07,2.306850e-07,2.595881e-06,1.084473e-06,2.444551e-06,3.798263e-07,1.357721e-06,6.190907e-07,1.380910e-06,8.403586e-07,7.419294e-07,2.806565e-07,5.385487e-07,3.636046e-07,2.473882e-07,2.134831e-07,4.625744e-08,2.327159e-08,6.442526e-08,3.816965e-07,7.480178e-08,1.305858e-07,3.832172e-08,2.989635e-07,1.077894e-07
17.626950,2.806842e-07,2.309350e-07,2.570996e-06,1.071305e-06,2.438693e-06,3.782834e-07,1.376476e-06,6.225758e-07,1.398797e-06,8.167824e-07,7.330670e-07,2.975171e-07,5.619835e-07,3.685849e-07,2.378638e-07,2.138725e-07,5.090200e-08,2.907842e-08,5.504860e-08,3.897940e-07,7.605518e-08,1.226195e-07,3.912399e-08,3.182854e-07,1.067820e-07
17.651370,2.823622e-07,2.298159e-07,2.559701e-06,1.054968e-06,2.475282e-06,3.754664e-07,1.387884e-06,6.220511e-07,1.378496e-06,7.991354e-07,7.536029e-07,3.003470e-07,5.318173e-07,4.003795e-07,2.181663e-07,2.120962e-07,5.723819e-08,3.007665e-08,4.906115e-08,3.819054e-07,7.793590e-08,1.118632e-07,3.834239e-08,3.291130e-07,1.004476e-07
17.675780,2.828154e-07,2.290943e-07,2.551771e-06,1.046451e-06,2.484765e-06,3.708936e-07,1.406736e-06,6.229707e-07,1.376116e-06,8.058680e-07,7.611392e-07,2.860946e-07,4.990330e-07,4.029137e-07,2.153840e-07,2.416069e-07,5.730179e-08,3.191371e-08,4.482007e-08,3.446849e-07,8.019634e-08,1.015632e-07,3.560104e-08,3.180050e-07,8.680368e-08
17.700200,2.826008e-07,2.306232e-07,2.531881e-06,1.030514e-06,2.482773e-06,3.715938e-07,1.395402e-06,6.151285e-07,1.362282e-06,8.071625e-07,7.328653e-07,2.856089e-07,4.943190e-07,3.751411e-07,2.108759e-07,2.665483e-07,5.122379e-08,3.602173e-08,3.920974e-08,2.956563e-07,8.815937e-08,9.733322e-08,3.159940e-08,2.971376e-07,7.384629e-08
17.724610,2.869730e-07,2.288929e-07,2.550835e-06,1.009848e-06,2.473694e-06,3.645465e-07,1.373227e-06,5.963653e-07,1.374142e-06,8.185673e-07,7.309634e-07,2.870492e-07,4.802105e-07,3.664973e-07,2.091289e-07,2.609152e-07,4.987014e-08,3.905389e-08,2.842753e-08,2.559339e-07,9.301717e-08,9.492692e-08,2.827967e-08,2.608810e-07,5.908464e-08
17.749020,2.882034e-07,2.290709e-07,2.537047e-06,9.822541e-07,2.480317e-06,3.585294e-07,1.380086e-06,6.058197e-07,1.382328e-06,8.102139e-07,7.484001e-07,2.840342e-07,4.706177e-07,3.718850e-07,2.199353e-07,2.944886e-07,5.301704e-08,3.878993e-08,1.783955e-08,2.179305e-07,9.558863e-08,9.512792e-08,2.583248e-08,2.087793e-07,4.759935e-08
17.773440,2.875104e-07,2.318479e-07,2.508514e-06,9.735569e-07,2.482342e-06,3.622764e-07,1.358419e-06,6.109706e-07,1.338924e-06,7.968824e-07,7.453651e-07,2.910676e-07,4.680808e-07,3.669958e-07,2.158945e-07,3.584923e-07,5.091550e-08,4.082882e-08,1.230932e-08,1.718879e-07,9.017204e-08,9.607611e-08,2.613699e-08,1.481168e-07,4.132809e-08
17.797850,2.846389e-07,2.337426e-07,2.484206e-06,9.612500e-07,2.413513e-06,3.569690e-07,1.327649e-06,5.913443e-07,1.347559e-06,8.176683e-07,7.501400e-07,2.821850e-07,4.321056e-07,3.656532e-07,2.005873e-07,3.941415e-07,4.638922e-08,4.594340e-08,7.292183e-09,1.091910e-07,8.167860e-08,9.835186e-08,2.677338e-08,1.011514e-07,4.472256e-08
17.822270,2.797632e-07,2.334682e-07,2.443557e-06,9.331721e-07,2.372358e-06,3.489582e-07,1.320558e-06,5.829071e-07,1.364261e-06,8.082951e-07,7.381609e-07,2.623149e-07,4.115047e-07,3.594980e-07,2.061012e-07,3.959327e-07,4.722155e-08,4.756101e-08,5.928664e-09,4.541083e-08,7.077987e-08,9.323153e-08,2.759153e-08,9.520964e-08,5.597267e-08
17.846680,2.719296e-07,2.332379e-07,2.391820e-06,9.223150e-07,2.329347e-06,3.406840e-07,1.302744e-06,5.785774e-07,1.334514e-06,7.824894e-07,7.202429e-07,2.632341e-07,4.481398e-07,3.276630e-07,2.236532e-07,4.109995e-07,4.573686e-08,4.167049e-08,1.714147e-08,1.047669e-08,6.006412e-08,8.308634e-08,2.702020e-08,1.257738e-07,6.535921e-08
17.871090,2.631207e-07,2.333692e-07,2.331666e-06,9.085148e-07,2.271444e-06,3.324745e-07,1.290903e-06,5.802580e-07,1.312014e-06,7.783048e-07,7.305902e-07,2.642126e-07,4.572382e-07,3.126259e-07,2.255796e-07,4.272003e-07,3.759237e-08,3.759982e-08,2.739949e-08,2.510125e-08,4.728458e-08,6.690749e-08,2.637621e-08,1.551354e-07,7.081141e-08
17.895510,2.578603e-07,2.293436e-07,2.306431e-06,8.957813e-07,2.225890e-06,3.283484e-07,1.260274e-06,5.786989e-07,1.286626e-06,7.721483e-07,7.137482e-07,2.536610e-07,4.362047e-07,3.292803e-07,2.229559e-07,4.101716e-07,3.448185e-08,3.803996e-08,3.303918e-08,5.306835e-08,3.459693e-08,4.827097e-08,2.383595e-08,1.770999e-07,6.951760e-08
17.919920,2.514914e-07,2.247410e-07,2.271356e-06,8.820137e-07,2.191982e-06,3.141367e-07,1.241323e-06,5.544083e-07,1.274941e-06,7.717591e-07,6.842774e-07,2.490548e-07,4.447811e-07,3.175863e-07,2.255572e-07,4.050147e-07,3.871249e-08,3.565554e-08,3.793102e-08,9.853426e-08,2.338753e-08,3.184707e-08,1.988621e-08,1.821116e-07,6.278993e-08
17.944340,2.457329e-07,2.205235e-07,2.222702e-06,8.781942e-07,2.168722e-06,3.045914e-07,1.250269e-06,5.522385e-07,1.282761e-06,7.634350e-07,6.880998e-07,2.458702e-07,4.568001e-07,3.012968e-07,2.156375e-07,4.211966e-07,3.832160e-08,3.167097e-08,4.440833e-08,1.418423e-07,1.510345e-08,2.040747e-08,1.504691e-08,1.782925e-07,5.419336e-08
17.968750,2.425527e-07,2.143940e-07,2.202075e-06,8.789275e-07,2.117964e-06,3.001207e-07,1.217169e-06,5.652185e-07,1.223655e-06,7.322989e-07,6.874535e-07,2.388859e-07,4.700993e-07,3.064353e-07,2.129563e-07,4.143082e-07,3.564169e-08,3.227265e-08,5.030104e-08,1.591300e-07,9.973412e-09,2.188200e-08,1.170929e-08,1.680095e-07,4.310100e-08
17.993160,2.397427e-07,2.083261e-07,2.175500e-06,8.625612e-07,2.088370e-06,2.922129e-07,1.193626e-06,5.506216e-07,1.182461e-06,7.405372e-07,6.804155e-07,2.437392e-07,5.043384e-07,3.084028e-07,2.275859e-07,3.629841e-07,3.669714e-08,3.272009e-08,5.220152e-08,1.796525e-07,3.627706e-09,3.475131e-08,1.121556e-08,1.529570e-07,3.204488e-08
18.017580,2.376390e-07,2.025047e-07,2.142483e-06,8.530288e-07,2.094082e-06,2.861073e-07,1.184582e-06,5.423156e-07,1.206219e-06,7.506647e-07,6.764071e-07,2.426525e-07,5.104095e-07,3.185958e-07,2.251308e-07,3.187342e-07,3.952224e-08,2.818598e-08,4.948802e-08,2.149514e-07,1.021596e-08,4.526209e-08,1.448018e-08,1.423998e-07,2.261359e-08
18.041990,2.364728e-07,1.979066e-07,2.101794e-06,8.477292e-07,2.070092e-06,2.797789e-07,1.170353e-06,5.352868e-07,1.191249e-06,7.222055e-07,6.515963e-07,2.227452e-07,4.828226e-07,3.415746e-07,2.078886e-07,2.961848e-07,3.954357e-08,2.396615e-08,4.900199e-08,2.590497e-07,2.479818e-08,5.518818e-08,1.850777e-08,1.443209e-07,1.933475e-08
18.066410,2.379371e-07,1.924115e-07,2.066007e-06,8.305621e-07,2.054830e-06,2.748608e-07,1.155058e-06,5.274009e-07,1.172630e-06,7.072268e-07,6.551460e-07,2.207566e-07,4.839004e-07,3.421569e-07,2.042324e-07,2.690943e-07,4.063122e-08,2.624038e-08,4.952227e-08,2.827389e-07,3.879459e-08,6.223317e-08,2.162587e-08,1.514441e-07,2.379753e-08
18.090820,2.372271e-07,1.879454e-07,2.028147e-06,8.124471e-07,2.055605e-06,2.704768e-07,1.120320e-06,5.229037e-07,1.147542e-06,6.965380e-07,6.680022e-07,2.300584e-07,5.057948e-07,3.318528e-07,2.054091e-07,2.241675e-07,4.593874e-08,2.943936e-08,4.922749e-08,2.898735e-07,5.131008e-08,6.912997e-08,2.398261e-08,1.659319e-07,3.155592e-08
18.115230,2.347377e-07,1.868025e-07,1.969654e-06,7.934881e-07,2.054777e-06,2.618723e-07,1.089155e-06,4.969400e-07,1.123951e-06,6.960877e-07,6.407532e-07,2.255748e-07,5.006796e-07,3.481114e-07,1.981211e-07,2.003646e-07,4.891366e-08,2.927579e-08,4.458842e-08,2.974080e-07,6.146912e-08,7.771626e-08,2.448770e-08,1.711118e-07,3.543097e-08
18.139650,2.344806e-07,1.842613e-07,1.945035e-06,7.835902e-07,2.042803e-06,2.595714e-07,1.072057e-06,4.840648e-07,1.137346e-06,7.004147e-07,6.280002e-07,2.221623e-07,4.850777e-07,3.699492e-07,1.936420e-07,1.769248e-07,4.607783e-08,2.929454e-08,3.908791e-08,3.070203e-07,7.100418e-08,8.824982e-08,2.400678e-08,1.709864e-07,3.656521e-08
18.164060,2.330531e-07,1.820907e-07,1.923546e-06,7.639232e-07,2.003888e-06,2.599445e-07,1.030096e-06,4.919877e-07,1.105490e-06,6.761456e-07,6.252179e-07,2.207838e-07,4.739260e-07,3.654753e-07,1.879569e-07,1.415135e-07,4.194118e-08,3.158010e-08,3.623480e-08,3.156036e-07,7.680447e-08,9.610164e-08,2.368387e-08,1.663970e-07,3.579194e-08
18.188480,2.313368e-07,1.805359e-07,1.892202e-06,7.383234e-07,1.999770e-06,2.539526e-07,1.001181e-06,4.811582e-07,1.060763e-06,6.718551e-07,6.145395e-07,2.134481e-07,4.383903e-07,3.624025e-07,1.695930e-07,1.698538e-07,4.301914e-08,3.249030e-08,3.391446e-08,3.012803e-07,8.079371e-08,1.013286e-07,2.340632e-08,1.570276e-07,3.567481e-08
18.212890,2.293034e-07,1.791985e-07,1.870924e-06,7.263533e-07,1.980849e-06,2.510057e-07,9.983481e-07,4.627994e-07,1.071511e-06,6.865790e-07,6.153113e-07,2.184240e-07,4.152260e-07,3.566183e-07,1.614871e-07,2.333202e-07,4.311844e-08,3.126857e-08,2.806123e-08,2.708244e-07,7.845788e-08,1.042344e-07,2.537833e-08,1.430667e-07,3.733433e-08
18.237300,2.286691e-07,1.769601e-07,1.861213e-06,7.058016e-07,1.935725e-06,2.480947e-07,9.790483e-07,4.565964e-07,1.072092e-06,6.712932e-07,5.976620e-07,2.265058e-07,4.192698e-07,3.294128e-07,1.708271e-07,2.642236e-07,3.954609e-08,3.499389e-08,2.037031e-08,2.358139e-07,7.390533e-08,1.045232e-07,2.717099e-08,1.297233e-07,3.909795e-08
18.261720,2.271757e-07,1.743045e-07,1.862617e-06,6.840338e-07,1.910638e-06,2.470006e-07,9.626382e-07,4.513605e-07,1.039364e-06,6.492215e-07,5.794601e-07,2.157827e-07,3.862273e-07,3.231828e-07,1.695828e-07,2.787891e-07,3.807015e-08,4.070970e-08,1.467567e-08,2.099412e-07,6.799094e-08,1.022445e-07,2.917809e-08,1.169006e-07,3.922345e-08
18.286130,2.243024e-07,1.736264e-07,1.845176e-06,6.689668e-07,1.875478e-06,2.454147e-07,9.376735e-07,4.502760e-07,1.017434e-06,6.453855e-07,5.876410e-07,2.084646e-07,3.350762e-07,3.295011e-07,1.569669e-07,3.162657e-07,3.874077e-08,4.204413e-08,1.373120e-08,1.832042e-07,6.305889e-08,9.635627e-08,2.974903e-08,1.203153e-07,3.986680e-08
18.310550,2.246960e-07,1.715887e-07,1.852861e-06,6.599560e-07,1.844801e-06,2.401248e-07,9.286425e-07,4.424926e-07,9.973750e-07,6.401835e-07,5.788115e-07,2.109346e-07,3.229568e-07,3.082509e-07,1.557822e-07,3.595516e-07,3.572494e-08,3.876277e-08,9.219267e-09,1.387644e-07,6.140648e-08,8.713336e-08,2.985675e-08,1.294918e-07,3.994567e-08
18.334960,2.294304e-07,1.742663e-07,1.911857e-06,6.690550e-07,1.846619e-06,2.473276e-07,9.528248e-07,4.367910e-07,1.020678e-06,6.567055e-07,5.639586e-07,2.098175e-07,3.299358e-07,2.855580e-07,1.606815e-07,3.844596e-07,3.010884e-08,3.754026e-08,5.326287e-09,8.835918e-08,6.075185e-08,7.741038e-08,2.920724e-08,1.491948e-07,4.254695e-08
18.359380,2.338050e-07,1.779173e-07,1.944017e-06,6.695885e-07,1.859357e-06,2.532132e-07,9.501335e-07,4.544546e-07,1.047895e-06,6.636937e-07,5.740923e-07,2.151114e-07,3.284865e-07,2.879113e-07,1.650462e-07,4.261247e-07,2.750502e-08,3.882896e-08,1.071559e-08,5.516901e-08,6.056453e-08,6.933348e-08,2.725408e-08,1.600377e-07,4.217336e-08
18.383790,2.389524e-07,1.809261e-07,1.977609e-06,6.868886e-07,1.892093e-06,2.529736e-07,9.637513e-07,4.686129e-07,1.022444e-06,6.559822e-07,5.881276e-07,2.178669e-07,3.392551e-07,2.856555e-07,1.852752e-07,4.855264e-07,2.969722e-08,3.802117e-08,1.562672e-08,4.142997e-08,5.755334e-08,6.110839e-08,2.396436e-08,1.606158e-07,3.941469e-08
18.408200,2.444187e-07,1.838379e-07,1.999845e-06,7.074628e-07,1.882376e-06,2.554695e-07,9.898921e-07,4.684997e-07,1.027038e-06,6.840449e-07,5.950274e-07,2.103939e-07,3.307977e-07,2.763413e-07,1.952229e-07,5.062246e-07,2.981193e-08,3.595040e-08,1.852892e-08,3.608401e-08,5.533572e-08,5.666723e-08,1.922568e-08,1.522872e-07,3.310239e-08
18.432620,2.488876e-07,1.865997e-07,2.014117e-06,7.179747e-07,1.895598e-06,2.561345e-07,1.002198e-06,4.778895e-07,1.064146e-06,7.053895e-07,6.118268e-07,2.171748e-07,3.215468e-07,2.828414e-07,1.874454e-07,4.880543e-07,2.743492e-08,3.757142e-08,2.516766e-08,5.490498e-08,5.015164e-08,5.083120e-08,1.462146e-08,1.406584e-07,2.474609e-08
18.457030,2.520846e-07,1.909373e-07,2.008427e-06,7.371489e-07,1.933110e-06,2.576118e-07,1.021314e-06,4.836955e-07,1.073233e-06,7.014047e-07,6.060650e-07,2.310267e-07,3.634078e-07,2.719785e-07,1.886614e-07,4.991753e-07,2.902481e-08,4.023718e-08,3.345072e-08,9.801778e-08,4.268870e-08,4.497401e-08,1.050839e-08,1.223202e-07,1.726916e-08
18.481450,2.588549e-07,1.929615e-07,2.012460e-06,7.562928e-07,1.964419e-06,2.580594e-07,1.030823e-06,4.928831e-07,1.087619e-06,7.094023e-07,6.080034e-07,2.286790e-07,3.977541e-07,2.605732e-07,2.028155e-07,5.152763e-07,3.260220e-08,3.684494e-08,3.875897e-08,1.321179e-07,3.143102e-08,3.570008e-08,7.879554e-09,1.027068e-07,1.349964e-08
18.505860,2.638800e-07,1.945121e-07,2.030726e-06,7.746348e-07,1.993812e-06,2.569081e-07,1.056347e-06,4.980017e-07,1.088241e-06,7.136588e-07,6.378144e-07,2.226996e-07,3.939900e-07,2.941469e-07,2.041858e-07,5.057630e-07,3.374706e-08,3.076383e-08,4.067911e-08,1.470947e-07,2.159080e-08,2.616415e-08,6.297397e-09,7.405280e-08,9.480588e-09
18.530270,2.673725e-07,1.980985e-07,2.020747e-06,7.816449e-07,2.029901e-06,2.640414e-07,1.085230e-06,4.855493e-07,1.098041e-06,7.318390e-07,6.383861e-07,2.274673e-07,4.017584e-07,3.178735e-07,2.009517e-07,4.767867e-07,3.836419e-08,3.196261e-08,4.246051e-08,1.672283e-07,1.876859e-08,1.753470e-08,5.422877e-09,5.150390e-08,5.458083e-09
18.554690,2.718719e-07,2.006701e-07,2.022836e-06,7.905738e-07,2.106962e-06,2.670462e-07,1.086391e-06,4.958931e-07,1.140104e-06,7.540217e-07,6.349751e-07,2.327114e-07,4.144530e-07,3.176705e-07,2.022175e-07,4.643072e-07,4.761552e-08,3.792282e-08,4.558532e-08,2.131834e-07,2.728129e-08,2.181624e-08,5.185278e-09,4.826472e-08,2.962849e-09
18.579100,2.762731e-07,2.034119e-07,2.037542e-06,8.110425e-07,2.151395e-06,2.669060e-07,1.118949e-06,5.176008e-07,1.130015e-06,7.448549e-07,6.435289e-07,2.400655e-07,4.240262e-07,3.335010e-07,1.914567e-07,4.357044e-07,5.186681e-08,4.019750e-08,4.822242e-08,2.532000e-07,3.655792e-08,3.788849e-08,7.143412e-09,6.600339e-08,8.994557e-09
18.603520,2.793060e-07,2.058042e-07,2.053702e-06,8.179823e-07,2.182700e-06,2.724468e-07,1.150853e-06,5.140278e-07,1.120403e-06,7.614247e-07,6.461674e-07,2.524954e-07,4.535052e-07,3.544357e-07,1.820049e-07,3.720233e-07,5.161515e-08,4.142551e-08,4.812753e-08,2.758371e-07,4.931842e-08,5.937757e-08,1.180860e-08,8.871240e-08,1.574739e-08
18.627930,2.811886e-07,2.089940e-07,2.065332e-06,8.325391e-07,2.245519e-06,2.775402e-07,1.158915e-06,5.132404e-07,1.171672e-06,7.962691e-07,6.607372e-07,2.498618e-07,4.703313e-07,3.761715e-07,1.928987e-07,3.148334e-07,5.378464e-08,4.585729e-08,4.640332e-08,2.833050e-07,6.040589e-08,7.777400e-08,1.681175e-08,1.079602e-07,2.143977e-08
18.652340,2.857038e-07,2.104024e-07,2.081275e-06,8.542911e-07,2.279894e-06,2.855488e-07,1.168013e-06,5.199603e-07,1.196532e-06,7.931249e-07,6.660464e-07,2.492455e-07,4.524171e-07,4.118427e-07,1.911003e-07,3.107325e-07,5.948110e-08,5.021179e-08,4.480408e-08,3.074228e-07,7.036327e-08,9.481853e-08,2.381195e-08,1.233601e-07,2.968452e-08
18.676760,2.894491e-07,2.107026e-07,2.114569e-06,8.726048e-07,2.310547e-06,2.908453e-07,1.165898e-06,5.289177e-07,1.202118e-06,7.924225e-07,6.518737e-07,2.731661e-07,4.426144e-07,4.368661e-07,1.716571e-07,2.910797e-07,6.163964e-08,5.022411e-08,4.560926e-08,3.352425e-07,7.727768e-08,1.050341e-07,3.026144e-08,1.402670e-07,4.083154e-08
18.701170,2.921193e-07,2.127687e-07,2.122572e-06,8.905402e-07,2.350988e-06,2.963947e-07,1.182700e-06,5.430522e-07,1.207884e-06,8.035692e-07,6.755927e-07,2.834266e-07,4.672855e-07,4.284178e-07,1.653909e-07,2.308212e-07,5.985586e-08,5.606039e-08,4.265218e-08,3.421530e-07,8.328205e-08,1.137781e-07,3.647266e-08,1.570461e-07,5.292898e-08
18.725590,2.986433e-07,2.129269e-07,2.138001e-06,9.069955e-07,2.412610e-06,3.091988e-07,1.193523e-06,5.327816e-07,1.211073e-06,8.173781e-07,6.918207e-07,2.819269e-07,4.754128e-07,4.226044e-07,1.685918e-07,2.371315e-07,6.091236e-08,6.690276e-08,3.644783e-08,3.199434e-07,9.011948e-08,1.187089e-07,4.057613e-08,1.691356e-07,6.383725e-08
18.750000,3.048730e-07,2.129439e-07,2.172844e-06,9.402103e-07,2.469869e-06,3.146163e-07,1.178909e-06,5.300636e-07,1.257042e-06,8.449010e-07,6.718567e-07,2.921566e-07,4.505457e-07,4.466773e-07,1.729692e-07,2.564899e-07,6.242662e-08,7.191729e-08,2.972735e-08,2.944265e-07,9.775892e-08,1.183217e-07,4.285295e-08,1.833187e-07,7.252355e-08
18.774410,3.117695e-07,2.136033e-07,2.192208e-06,9.670856e-07,2.487138e-06,3.191464e-07,1.197733e-06,5.522091e-07,1.268462e-06,8.387503e-07,6.685252e-07,2.974722e-07,4.370659e-07,4.556648e-07,1.826213e-07,2.771802e-07,5.830808e-08,6.840650e-08,2.797523e-08,2.762343e-07,1.028317e-07,1.143637e-07,4.285799e-08,1.961816e-07,7.638615e-08
18.798830,3.197167e-07,2.143406e-07,2.218583e-06,9.815248e-07,2.549118e-06,3.278812e-07,1.215424e-06,5.556238e-07,1.230746e-06,8.332496e-07,6.735145e-07,2.991354e-07,4.207748e-07,4.404391e-07,1.910732e-07,3.628925e-07,4.957443e-08,6.565068e-08,2.635593e-08,2.483799e-07,1.032976e-07,1.074477e-07,4.093783e-08,2.186037e-07,7.926917e-08
18.823240,3.297209e-07,2.149437e-07,2.248003e-06,1.009148e-06,2.628739e-06,3.328452e-07,1.221271e-06,5.531375e-07,1.249286e-06,8.720733e-07,6.810672e-07,3.102655e-07,4.052295e-07,4.384669e-07,1.858921e-07,4.500043e-07,4.479834e-08,6.617280e-08,2.145259e-08,2.110156e-07,9.896912e-08,1.017768e-07,3.843130e-08,2.392650e-07,7.836835e-08
18.847660,3.371950e-07,2.147218e-07,2.283861e-06,1.026111e-06,2.669649e-06,3.370359e-07,1.233606e-06,5.576559e-07,1.276478e-06,8.848242e-07,6.988341e-07,3.045097e-07,4.309091e-07,4.254314e-07,1.919621e-07,4.798362e-07,4.330625e-08,6.365667e-08,1.701016e-08,1.533748e-07,9.028285e-08,9.761552e-08,3.364828e-08,2.489721e-07,7.628539e-08
18.872070,3.364152e-07,2.157213e-07,2.265957e-06,1.020109e-06,2.700369e-06,3.352766e-07,1.228856e-06,5.538525e-07,1.262567e-06,8.644723e-07,6.796698e-07,2.859354e-07,4.265549e-07,4.031408e-07,2.217579e-07,4.810707e-07,3.786700e-08,5.689430e-08,1.885750e-08,1.001373e-07,7.920652e-08,9.337443e-08,2.916197e-08,2.442850e-07,6.878303e-08
18.896480,3.383145e-07,2.157446e-07,2.249225e-06,1.006365e-06,2.737572e-06,3.347645e-07,1.241807e-06,5.581376e-07,1.253907e-06,8.545580e-07,6.615075e-07,2.895660e-07,3.832051e-07,4.173871e-07,2.374790e-07,5.366590e-07,3.063894e-08,5.356806e-08,1.944707e-08,7.203479e-08,6.727282e-08,8.646782e-08,2.462546e-08,2.213379e-07,5.610746e-08
18.920900,3.380217e-07,2.154177e-07,2.267895e-06,9.968998e-07,2.791749e-06,3.383254e-07,1.254504e-06,5.460842e-07,1.224220e-06,8.410068e-07,6.749740e-07,2.933729e-07,3.764259e-07,4.143707e-07,2.353336e-07,5.795844e-07,2.872201e-08,5.324843e-08,1.985009e-08,5.288638e-08,5.515324e-08,7.726756e-08,2.234815e-08,1.929699e-07,3.978575e-08
18.945310,3.369261e-07,2.159077e-07,2.256213e-06,9.943118e-07,2.797600e-06,3.326132e-07,1.254442e-06,5.286055e-07,1.224955e-06,8.507785e-07,6.694602e-07,2.832532e-07,3.972210e-07,3.740298e-07,2.462516e-07,5.864067e-07,2.617849e-08,4.721329e-08,2.465295e-08,3.930454e-08,4.170263e-08,6.455247e-08,2.090355e-08,1.591495e-07,2.287691e-08
18.969730,3.363880e-07,2.152070e-07,2.242237e-06,9.733560e-07,2.795340e-06,3.262343e-07,1.290454e-06,5.429106e-07,1.234554e-06,8.482150e-07,6.481767e-07,2.788094e-07,3.989507e-07,3.639668e-07,2.540947e-07,5.986834e-07,2.033909e-08,3.419733e-08,3.409794e-08,7.873365e-08,3.236533e-08,5.189137e-08,1.998084e-08,1.299622e-07,1.437894e-08
18.994140,3.357772e-07,2.140462e-07,2.231552e-06,9.659578e-07,2.818775e-06,3.266836e-07,1.308840e-06,5.531944e-07,1.188077e-06,8.199587e-07,6.412246e-07,2.675009e-07,4.026337e-07,3.800745e-07,2.515740e-07,6.204983e-07,2.368614e-08,2.794787e-08,4.020983e-08,1.244310e-07,3.081718e-08,3.784626e-08,1.827733e-08,1.011640e-07,2.059492e-08
19.018550,3.353802e-07,2.118170e-07,2.227916e-06,9.659388e-07,2.786175e-06,3.251553e-07,1.302877e-06,5.430536e-07,1.165173e-06,8.253850e-07,6.282814e-07,2.564049e-07,4.021348e-07,3.797794e-07,2.624813e-07,5.881252e-07,3.262355e-08,3.131278e-08,4.169958e-08,1.486114e-07,3.042860e-08,2.555357e-08,1.508704e-08,7.726127e-08,2.872748e-08
19.042970,3.334612e-07,2.107978e-07,2.224102e-06,9.553250e-07,2.751652e-06,3.256993e-07,1.306867e-06,5.419916e-07,1.193779e-06,8.386191e-07,6.244299e-07,2.694184e-07,3.826689e-07,3.879336e-07,2.675335e-07,5.308534e-07,3.621271e-08,3.039717e-08,4.206017e-08,1.612187e-07,2.532529e-08,1.506951e-08,1.104115e-08,6.383224e-08,3.193520e-08
19.067380,3.357947e-07,2.084531e-07,2.214922e-06,9.519257e-07,2.736417e-06,3.237388e-07,1.307679e-06,5.431888e-07,1.191844e-06,8.135106e-07,6.219771e-07,2.714812e-07,3.893667e-07,3.931231e-07,2.465947e-07,5.236256e-07,3.851672e-08,3.168834e-08,4.617634e-08,1.926494e-07,1.558629e-08,1.859181e-08,7.121013e-09,6.350447e-08,3.193454e-08
19.091800,3.375865e-07,2.049669e-07,2.232499e-06,9.542623e-07,2.714671e-06,3.258236e-07,1.323108e-06,5.498958e-07,1.182238e-06,7.943147e-07,5.987505e-07,2.555976e-07,4.127469e-07,3.752149e-07,2.288726e-07,5.161490e-07,4.590661e-08,3.855798e-08,4.792227e-08,2.400207e-07,3.770220e-09,2.797152e-08,4.510265e-09,6.844802e-08,2.804461e-08
19.116210,3.377914e-07,2.037906e-07,2.226443e-06,9.638746e-07,2.683344e-06,3.296513e-07,1.318169e-06,5.563928e-07,1.168268e-06,7.835965e-07,5.936012e-07,2.596738e-07,3.989549e-07,3.856430e-07,2.299630e-07,4.708610e-07,5.222051e-08,4.145926e-08,4.592311e-08,2.698524e-07,1.409996e-08,3.632238e-08,7.604185e-09,6.565377e-08,2.087686e-08
19.140620,3.414281e-07,2.015630e-07,2.208100e-06,9.596311e-07,2.630207e-06,3.245330e-07,1.299161e-06,5.388975e-07,1.152337e-06,7.776298e-07,6.071209e-07,2.701213e-07,3.781127e-07,4.244639e-07,2.239447e-07,4.058571e-07,5.559516e-08,4.104380e-08,4.225616e-08,2.847866e-07,2.977822e-08,4.742398e-08,1.243908e-08,4.728168e-08,9.421870e-09
19.165040,3.431807e-07,1.997787e-07,2.200700e-06,9.445524e-07,2.637822e-06,3.236043e-07,1.310367e-06,5.399544e-07,1.184336e-06,7.890316e-07,5.903153e-07,2.726416e-07,3.834637e-07,4.289024e-07,2.076882e-07,3.691472e-07,5.978909e-08,4.814763e-08,4.251815e-08,2.980532e-07,4.944159e-08,6.143848e-08,1.707946e-08,2.583662e-08,9.682759e-09
19.189450,3.435128e-07,1.988018e-07,2.176930e-06,9.447052e-07,2.653864e-06,3.263679e-07,1.299847e-06,5.515027e-07,1.171993e-06,7.641443e-07,5.714978e-07,2.815006e-07,3.818950e-07,4.193282e-07,1.973855e-07,3.327417e-07,6.685431e-08,5.934620e-08,4.234061e-08,3.207360e-07,6.746624e-08,7.799692e-08,2.062764e-08,2.461772e-08,2.732389e-08
19.213870,3.420394e-07,1.991156e-07,2.143749e-06,9.323632e-07,2.631255e-06,3.227090e-07,1.275723e-06,5.427076e-07,1.131708e-06,7.462944e-07,5.664785e-07,2.851617e-07,3.828156e-07,4.313458e-07,1.781732e-07,2.911967e-07,6.887017e-08,6.450220e-08,3.779106e-08,3.487005e-07,8.513637e-08,9.665745e-08,2.291091e-08,5.387420e-08,4.369389e-08
19.238280,3.433417e-07,1.987588e-07,2.099249e-06,9.152703e-07,2.644217e-06,3.199801e-07,1.275436e-06,5.344464e-07,1.141208e-06,7.641991e-07,5.555321e-07,2.818163e-07,3.877071e-07,4.299858e-07,1.573606e-07,2.902100e-07,6.549827e-08,6.429237e-08,2.962325e-08,3.429125e-07,9.620868e-08,1.110996e-07,2.455041e-08,8.842260e-08,5.891297e-08
19.262700,3.448316e-07,1.965494e-07,2.075138e-06,9.041585e-07,2.652150e-06,3.152189e-07,1.268617e-06,5.284544e-07,1.150457e-06,7.616773e-07,5.653721e-07,2.940712e-07,3.648124e-07,4.256025e-07,1.662100e-07,3.278287e-07,6.196794e-08,6.622007e-08,2.682122e-08,3.180770e-07,1.027847e-07,1.283286e-07,2.676208e-08,1.204931e-07,6.841553e-08
19.287110,3.441012e-07,1.962815e-07,2.043268e-06,8.977787e-07,2.650402e-06,3.131652e-07,1.275016e-06,5.271215e-07,1.151502e-06,7.484932e-07,5.651609e-07,3.044305e-07,3.328928e-07,4.385341e-07,1.758885e-07,3.161411e-07,6.238438e-08,6.989514e-08,2.686736e-08,2.886465e-07,1.021247e-07,1.401206e-07,2.821696e-08,1.504554e-07,7.413933e-08
19.311520,3.467724e-07,1.949172e-07,1.996522e-06,8.946764e-07,2.623167e-06,3.120130e-07,1.272824e-06,5.295303e-07,1.144860e-06,7.363737e-07,5.464941e-07,2.904944e-07,3.423706e-07,4.257097e-07,1.633319e-07,2.961161e-07,6.147676e-08,6.972099e-08,2.602903e-08,2.710765e-07,9.846936e-08,1.488649e-07,3.060604e-08,1.756453e-07,7.693995e-08
19.335940,3.481574e-07,1.933758e-07,1.985713e-06,8.832092e-07,2.591923e-06,3.013524e-07,1.267656e-06,5.105240e-07,1.122045e-06,7.252165e-07,5.534933e-07,2.801639e-07,3.522508e-07,3.887107e-07,1.612689e-07,3.554955e-07,5.643072e-08,6.758260e-08,2.309917e-08,2.471422e-07,9.313494e-08,1.496882e-07,3.154095e-08,1.916266e-07,7.727472e-08
19.360350,3.499163e-07,1.927732e-07,1.976430e-06,8.898678e-07,2.591055e-06,2.983394e-07,1.298598e-06,4.987380e-07,1.136061e-06,7.349911e-07,5.579396e-07,2.851780e-07,3.355882e-07,3.905166e-07,1.726621e-07,4.070812e-07,5.214145e-08,6.879762e-08,2.516028e-08,1.991641e-07,8.480526e-08,1.420621e-07,3.268815e-08,1.906546e-07,7.420540e-08
19.384770,3.526213e-07,1.919014e-07,1.971314e-06,8.989689e-07,2.538033e-06,3.005819e-07,1.298967e-06,5.187941e-07,1.145587e-06,7.295888e-07,5.455551e-07,2.810680e-07,3.230824e-07,4.060191e-07,1.822216e-07,4.271793e-07,4.939128e-08,7.006154e-08,2.852912e-08,1.486945e-07,7.437986e-08,1.275347e-07,3.258642e-08,1.784198e-07,6.886002e-08
19.409180,3.595831e-07,1.930122e-07,1.986454e-06,9.029440e-07,2.530053e-06,3.022428e-07,1.293870e-06,5.283207e-07,1.104704e-06,7.078507e-07,5.448931e-07,2.835043e-07,3.185237e-07,3.949470e-07,1.979444e-07,4.688428e-07,4.243660e-08,6.584222e-08,2.849209e-08,1.330239e-07,6.383208e-08,1.079679e-07,3.143723e-08,1.536684e-07,5.929786e-08
19.433590,3.654189e-07,1.949392e-07,2.019300e-06,9.248643e-07,2.570499e-06,3.082744e-07,1.316535e-06,5.300106e-07,1.106244e-06,7.276047e-07,5.434509e-07,2.880837e-07,3.132362e-07,3.840389e-07,2.166562e-07,5.129998e-07,3.244366e-08,5.608695e-08,2.745367e-08,1.367636e-07,5.818391e-08,8.828949e-08,2.904922e-08,1.303476e-07,4.954067e-08
19.458010,3.664420e-07,2.001772e-07,2.038195e-06,9.466558e-07,2.587953e-06,3.130948e-07,1.333585e-06,5.394804e-07,1.143784e-06,7.472624e-07,5.435952e-07,2.728154e-07,3.305905e-07,3.852954e-07,2.181031e-07,5.046503e-07,2.633668e-08,4.814043e-08,3.228639e-08,1.304124e-07,5.320846e-08,6.775984e-08,2.394536e-08,1.055378e-07,4.115298e-08
19.482420,3.689583e-07,2.038832e-07,2.038011e-06,9.643775e-07,2.610034e-06,3.214983e-07,1.356475e-06,5.482048e-07,1.153014e-06,7.344813e-07,5.573674e-07,2.716727e-07,3.478943e-07,3.787241e-07,2.227549e-07,4.939538e-07,2.672231e-08,4.381612e-08,3.947279e-08,1.279377e-07,5.063515e-08,4.996769e-08,1.800309e-08,8.966239e-08,3.929935e-08
19.506840,3.671284e-07,2.073126e-07,2.061680e-06,9.598916e-07,2.648743e-06,3.278623e-07,1.357630e-06,5.717725e-07,1.163104e-06,7.268307e-07,5.458310e-07,2.868568e-07,3.302566e-07,3.946073e-07,2.487097e-07,5.252555e-07,2.582344e-08,3.738434e-08,4.391689e-08,1.653554e-07,4.492668e-08,3.770361e-08,1.052943e-08,7.877141e-08,3.979608e-08
19.531250,3.636120e-07,2.110856e-07,2.062690e-06,9.615437e-07,2.752332e-06,3.275892e-07,1.354922e-06,5.787777e-07,1.147923e-06,7.148004e-07,5.361345e-07,2.853318e-07,3.202023e-07,4.292612e-07,2.640220e-07,5.447607e-07,2.280457e-08,3.036934e-08,4.531057e-08,2.012271e-07,3.741563e-08,3.874686e-08,3.739323e-09,7.186470e-08,4.050019e-08
19.555660,3.605160e-07,2.132523e-07,2.056050e-06,9.720373e-07,2.806678e-06,3.373625e-07,1.385727e-06,5.723783e-07,1.155621e-06,7.213577e-07,5.575910e-07,2.793815e-07,3.442607e-07,4.221127e-07,2.593587e-07,5.193839e-07,2.859156e-08,2.700806e-08,5.010572e-08,2.134764e-07,2.729409e-08,4.058244e-08,4.495267e-09,7.442840e-08,3.800074e-08
19.580080,3.581970e-07,2.142420e-07,2.056518e-06,9.636517e-07,2.843123e-06,3.435799e-07,1.374689e-06,5.941846e-07,1.203118e-06,7.361040e-07,5.562200e-07,2.851854e-07,3.505266e-07,4.008002e-07,2.550969e-07,4.863164e-07,3.430114e-08,2.519173e-08,5.585394e-08,2.200248e-07,1.678973e-08,4.018482e-08,1.027774e-08,7.268965e-08,3.369130e-08
19.604490,3.565778e-07,2.131785e-07,2.065609e-06,9.648106e-07,2.912353e-06,3.449512e-07,1.374436e-06,6.122781e-07,1.196464e-06,7.151157e-07,5.476049e-07,2.866843e-07,3.406104e-07,4.232112e-07,2.549149e-07,4.715799e-07,3.783677e-08,2.023187e-08,5.756187e-08,2.497948e-07,1.050053e-08,3.280288e-08,1.494878e-08,6.539201e-08,2.795780e-08
19.628910,3.532462e-07,2.127731e-07,2.082098e-06,9.719837e-07,2.940004e-06,3.468165e-07,1.397769e-06,6.100137e-07,1.178444e-06,7.067915e-07,5.459703e-07,2.963935e-07,3.442185e-07,4.422486e-07,2.451435e-07,4.350458e-07,4.669035e-08,2.067551e-08,5.466098e-08,2.879396e-07,1.187941e-08,1.935238e-08,1.769727e-08,4.644469e-08,2.339814e-08
19.653320,3.538788e-07,2.114922e-07,2.087195e-06,9.746258e-07,2.953252e-06,3.494529e-07,1.422304e-06,6.164325e-07,1.215850e-06,7.315381e-07,5.360012e-07,3.122411e-07,3.351846e-07,4.432872e-07,2.444086e-07,3.876582e-07,5.801006e-08,3.129034e-08,5.472637e-08,3.074464e-07,2.205603e-08,1.916846e-08,1.862469e-08,2.786712e-08,2.182219e-08
19.677730,3.553413e-07,2.085949e-07,2.114966e-06,9.775240e-07,2.962106e-06,3.558537e-07,1.449835e-06,6.185786e-07,1.234422e-06,7.307942e-07,5.461248e-07,3.094907e-07,3.379004e-07,4.615266e-07,2.525238e-07,3.730623e-07,6.232403e-08,3.885996e-08,5.629895e-08,3.108852e-07,3.486999e-08,3.917696e-08,1.788496e-08,4.709931e-08,2.899254e-08
19.702150,3.567723e-07,2.073475e-07,2.140719e-06,9.822578e-07,2.981163e-06,3.528018e-07,1.455923e-06,6.389727e-07,1.261188e-06,7.322605e-07,5.598863e-07,3.074281e-07,3.694971e-07,4.615285e-07,2.333471e-07,3.718535e-07,6.187129e-08,4.075971e-08,5.550816e-08,3.260210e-07,4.565499e-08,6.487171e-08,1.783286e-08,8.376806e-08,4.146542e-08
19.726560,3.623214e-07,2.048383e-07,2.141272e-06,1.004674e-06,3.000944e-06,3.494394e-07,1.494977e-06,6.481450e-07,1.260954e-06,7.272822e-07,5.434811e-07,3.318037e-07,3.775467e-07,4.525371e-07,2.018668e-07,3.159248e-07,6.598918e-08,4.523805e-08,4.755721e-08,3.574274e-07,5.258173e-08,8.747394e-08,1.917445e-08,1.188722e-07,5.392328e-08
19.750980,3.667046e-07,2.027943e-07,2.148684e-06,1.021286e-06,2.970384e-06,3.578059e-07,1.546264e-06,6.297297e-07,1.258338e-06,7.287863e-07,5.513813e-07,3.416106e-07,3.582239e-07,4.818900e-07,2.029638e-07,2.724250e-07,7.197328e-08,5.188543e-08,3.980232e-08,3.812874e-07,5.894219e-08,1.092523e-07,2.485145e-08,1.425176e-07,6.297065e-08
19.775390,3.720689e-07,2.019431e-07,2.142006e-06,1.033182e-06,2.981161e-06,3.626305e-07,1.549879e-06,6.458363e-07,1.317964e-06,7.557518e-07,5.676080e-07,3.336658e-07,3.599800e-07,5.041875e-07,2.071993e-07,3.006789e-07,7.400998e-08,5.422102e-08,3.347029e-08,3.705489e-07,6.704773e-08,1.279777e-07,3.176948e-08,1.652692e-07,6.778853e-08
19.799800,3.741558e-07,2.025252e-07,2.142329e-06,1.062552e-06,3.015855e-06,3.670994e-07,1.574576e-06,6.775852e-07,1.328703e-06,7.468730e-07,5.623071e-07,3.338484e-07,3.742041e-07,4.823051e-07,2.041150e-07,3.284458e-07,7.305775e-08,5.498014e-08,2.918307e-08,3.355955e-07,7.537093e-08,1.406333e-07,3.936681e-08,1.752763e-07,6.733477e-08
19.824220,3.782257e-07,2.037529e-07,2.132036e-06,1.082417e-06,3.014929e-06,3.749432e-07,1.614494e-06,6.933321e-07,1.299934e-06,7.349236e-07,5.671068e-07,3.253944e-07,3.791851e-07,4.714336e-07,2.099278e-07,3.522294e-07,7.341101e-08,6.049203e-08,2.293838e-08,3.162474e-07,8.316527e-08,1.447509e-07,4.500696e-08,1.824879e-07,6.488695e-08
19.848630,3.813637e-07,2.037197e-07,2.140090e-06,1.097069e-06,3.049684e-06,3.808279e-07,1.641646e-06,7.028158e-07,1.316491e-06,7.592106e-07,5.595029e-07,3.195290e-07,3.892172e-07,4.841579e-07,2.104657e-07,4.050189e-07,7.187947e-08,6.576148e-08,1.979385e-08,2.957946e-07,8.626176e-08,1.400085e-07,4.883407e-08,1.758194e-07,6.235552e-08
19.873050,3.813686e-07,2.061487e-07,2.159532e-06,1.112517e-06,3.107382e-06,3.880926e-07,1.674890e-06,7.113569e-07,1.352545e-06,7.752725e-07,5.596286e-07,3.324738e-07,3.907268e-07,4.842426e-07,2.081045e-07,4.525488e-07,6.469375e-08,6.389458e-08,2.530509e-08,2.549425e-07,8.755655e-08,1.343171e-07,5.084132e-08,1.632904e-07,5.836017e-08
19.897460,3.849571e-07,2.078666e-07,2.160609e-06,1.137946e-06,3.186176e-06,3.900118e-07,1.682358e-06,7.367156e-07,1.386087e-06,7.736258e-07,5.787007e-07,3.255829e-07,3.645692e-07,4.911856e-07,2.301808e-07,4.485680e-07,5.391206e-08,5.891774e-08,3.145580e-08,1.776342e-07,8.320254e-08,1.250185e-07,4.968661e-08,1.465123e-07,5.571653e-08
19.921880,3.874706e-07,2.086888e-07,2.191141e-06,1.167473e-06,3.222745e-06,3.906878e-07,1.695449e-06,7.643348e-07,1.391163e-06,7.623378e-07,5.681434e-07,3.037062e-07,3.626248e-07,5.067517e-07,2.565305e-07,4.709707e-07,4.991589e-08,5.525972e-08,3.208372e-08,1.178111e-07,7.868950e-08,1.179987e-07,4.633138e-08,1.393382e-07,5.511430e-08
19.946290,3.900078e-07,2.103785e-07,2.232129e-06,1.176238e-06,3.254213e-06,3.997023e-07,1.725158e-06,7.584189e-07,1.367917e-06,7.523985e-07,5.566787e-07,3.059185e-07,3.870058e-07,4.783304e-07,2.556957e-07,5.434401e-07,4.840472e-08,5.363336e-08,3.582185e-08,1.052713e-07,6.915867e-08,1.082720e-07,3.928643e-08,1.449868e-07,5.935736e-08
19.970700,3.921794e-07,2.106434e-07,2.262175e-06,1.189011e-06,3.331835e-06,3.979937e-07,1.703445e-06,7.626371e-07,1.395388e-06,7.706180e-07,5.647597e-07,3.079392e-07,3.754229e-07,4.532503e-07,2.543443e-07,5.940487e-07,4.197041e-08,4.976102e-08,4.306582e-08,1.031328e-07,5.553156e-08,9.968332e-08,3.160343e-08,1.561581e-07,6.681693e-08
19.995120,3.937038e-07,2.099363e-07,2.289048e-06,1.196026e-06,3.351413e-06,3.911927e-07,1.698454e-06,7.911268e-07,1.425996e-06,7.791085e-07,5.676982e-07,2.983616e-07,3.527274e-07,4.834186e-07,2.719524e-07,5.817377e-07,3.327813e-08,4.340168e-08,4.943779e-08,1.230099e-07,3.926364e-08,8.663143e-08,2.367549e-08,1.615533e-07,7.305041e-08
20.019530,3.966907e-07,2.080260e-07,2.315524e-06,1.185582e-06,3.372903e-06,3.882978e-07,1.716813e-06,7.916164e-07,1.385023e-06,7.502719e-07,5.624701e-07,3.015594e-07,3.480411e-07,4.903341e-07,2.821064e-07,5.726079e-07,3.061861e-08,3.891282e-08,5.106438e-08,1.877718e-07,2.456080e-08,7.406891e-08,1.805325e-08,1.611717e-07,7.491586e-08
20.043950,3.969748e-07,2.079507e-07,2.350940e-06,1.181506e-06,3.425575e-06,3.845314e-07,1.718261e-06,7.830438e-07,1.373051e-06,7.506730e-07,5.548323e-07,2.929058e-07,3.382597e-07,4.678842e-07,2.881791e-07,5.856422e-07,2.734441e-08,3.619130e-08,5.275928e-08,2.510373e-07,2.485917e-08,6.089637e-08,1.530703e-08,1.489638e-07,7.015050e-08
20.068360,4.006108e-07,2.079897e-07,2.355065e-06,1.173732e-06,3.457878e-06,3.820620e-07,1.726115e-06,7.839249e-07,1.402797e-06,7.676671e-07,5.373907e-07,2.862524e-07,3.352301e-07,4.612032e-07,3.014654e-07,5.645029e-07,2.657893e-08,2.749929e-08,5.642949e-08,3.021450e-07,2.988163e-08,4.323298e-08,1.546320e-08,1.364319e-07,6.090782e-08
20.092770,4.016709e-07,2.076243e-07,2.362320e-06,1.167140e-06,3.483067e-06,3.731286e-07,1.722898e-06,7.856231e-07,1.407320e-06,7.587876e-07,5.378672e-07,3.088918e-07,3.452100e-07,4.484341e-07,2.912976e-07,5.395198e-07,3.729275e-08,1.862822e-08,6.166144e-08,3.204278e-07,3.382747e-08,2.335712e-08,1.607493e-08,1.139097e-07,4.799486e-08
20.117190,4.008011e-07,2.097740e-07,2.368805e-06,1.146926e-06,3.472771e-06,3.685665e-07,1.743611e-06,8.040236e-07,1.416257e-06,7.557552e-07,5.488162e-07,3.126454e-07,3.207429e-07,4.264247e-07,2.660604e-07,5.469403e-07,4.810104e-08,1.942486e-08,6.055024e-08,3.452651e-07,3.519695e-08,2.899609e-09,1.530794e-08,8.387512e-08,3.417339e-08
20.141600,4.027456e-07,2.109006e-07,2.350137e-06,1.123200e-06,3.506329e-06,3.739984e-07,1.768280e-06,7.960811e-07,1.400578e-06,7.481362e-07,5.337736e-07,3.023891e-07,2.892154e-07,4.400462e-07,2.711166e-07,5.456994e-07,5.255925e-08,2.306787e-08,5.727062e-08,3.810999e-07,3.482829e-08,2.335774e-08,1.461704e-08,3.899547e-08,2.419625e-08
20.166020,4.038343e-07,2.118767e-07,2.339416e-06,1.121071e-06,3.522506e-06,3.705366e-07,1.738265e-06,7.739796e-07,1.395819e-06,7.477603e-07,5.296865e-07,3.144093e-07,3.056197e-07,4.345069e-07,2.821499e-07,4.806551e-07,5.454894e-08,2.430113e-08,5.589990e-08,4.016005e-07,3.314861e-08,3.954015e-08,1.194011e-08,1.714632e-08,2.545369e-08
20.190430,4.044929e-07,2.125779e-07,2.318832e-06,1.105889e-06,3.470128e-06,3.678884e-07,1.736096e-06,7.934100e-07,1.438388e-06,7.653153e-07,5.439560e-07,3.277072e-07,3.206378e-07,3.907885e-07,2.672406e-07,4.201205e-07,6.275171e-08,2.868473e-08,5.842795e-08,3.944025e-07,3.294105e-08,5.199855e-08,1.304469e-08,7.449060e-08,4.000255e-08
20.214840,4.020385e-07,2.149045e-07,2.295533e-06,1.094075e-06,3.455478e-06,3.702814e-07,1.756922e-06,8.146903e-07,1.425512e-06,7.516665e-07,5.407867e-07,3.381858e-07,3.181431e-07,3.875542e-07,2.473804e-07,4.151020e-07,7.050407e-08,3.459884e-08,5.625945e-08,3.758253e-07,3.992817e-08,6.412820e-08,1.783729e-08,1.253834e-07,5.728636e-08
20.239260,4.026947e-07,2.170460e-07,2.252084e-06,1.095777e-06,3.426956e-06,3.700795e-07,1.749784e-06,8.187553e-07,1.379437e-06,7.361347e-07,5.382770e-07,3.493531e-07,3.271984e-07,4.077738e-07,2.342221e-07,4.043617e-07,7.457039e-08,3.781016e-08,4.861465e-08,3.741074e-07,5.495388e-08,7.574390e-08,2.570251e-08,1.706802e-07,7.352196e-08
20.263670,4.024553e-07,2.170766e-07,2.220049e-06,1.100714e-06,3.380029e-06,3.717585e-07,1.747179e-06,8.255130e-07,1.390365e-06,7.579786e-07,5.329966e-07,3.454065e-07,3.210498e-07,3.999440e-07,2.119454e-07,3.693452e-07,7.734882e-08,4.013025e-08,4.123661e-08,3.890834e-07,7.252131e-08,8.808258e-08,3.265883e-08,1.989143e-07,8.190727e-08
20.288090,3.997062e-07,2.190435e-07,2.211865e-06,1.101973e-06,3.314836e-06,3.679198e-07,1.721455e-06,8.254470e-07,1.405024e-06,7.653926e-07,5.216323e-07,3.342011e-07,3.198528e-07,4.026193e-07,2.078084e-07,3.576123e-07,8.217434e-08,4.526175e-08,3.808730e-08,3.814798e-07,8.864514e-08,9.883897e-08,3.801663e-08,2.190807e-07,8.541595e-08
20.312500,3.998618e-07,2.197562e-07,2.179443e-06,1.086524e-06,3.271126e-06,3.718132e-07,1.716632e-06,8.422532e-07,1.420540e-06,7.590295e-07,5.303130e-07,3.398161e-07,3.535493e-07,4.000829e-07,2.191535e-07,3.532466e-07,8.232894e-08,5.241641e-08,3.092987e-08,3.561354e-07,9.840821e-08,1.126743e-07,4.259965e-08,2.262424e-07,8.270875e-08
20.336910,3.980400e-07,2.201567e-07,2.160493e-06,1.085025e-06,3.285786e-06,3.803893e-07,1.708624e-06,8.558111e-07,1.416111e-06,7.467113e-07,5.337160e-07,3.506561e-07,3.710873e-07,3.784179e-07,2.058621e-07,3.097867e-07,7.569730e-08,5.461781e-08,2.207280e-08,3.227706e-07,1.041120e-07,1.252399e-07,4.467768e-08,2.248672e-07,7.694513e-08
20.361330,3.963933e-07,2.210981e-07,2.146024e-06,1.078150e-06,3.254629e-06,3.760514e-07,1.656076e-06,8.331917e-07,1.375867e-06,7.292653e-07,5.115558e-07,3.358195e-07,3.568108e-07,3.943116e-07,1.902337e-07,3.102832e-07,6.949412e-08,5.291742e-08,1.580429e-08,3.131202e-07,1.049361e-07,1.389541e-07,4.654093e-08,2.089363e-07,7.000313e-08
20.385740,3.945429e-07,2.219408e-07,2.130389e-06,1.057899e-06,3.245822e-06,3.756342e-07,1.655989e-06,8.380311e-07,1.395736e-06,7.458054e-07,5.087310e-07,3.239229e-07,3.500787e-07,4.287873e-07,2.037626e-07,3.706458e-07,7.106504e-08,5.310282e-08,1.865237e-08,2.988540e-07,1.019174e-07,1.485003e-07,4.515194e-08,1.825251e-07,6.479369e-08
20.410160,3.950516e-07,2.226922e-07,2.114164e-06,1.053296e-06,3.268426e-06,3.794693e-07,1.665370e-06,8.566890e-07,1.416664e-06,7.557980e-07,5.160020e-07,3.254455e-07,3.643773e-07,4.280463e-07,2.141728e-07,4.068047e-07,6.997613e-08,5.489212e-08,2.082851e-08,2.557168e-07,9.414583e-08,1.515461e-07,4.371326e-08,1.550771e-07,6.100039e-08
20.434570,3.974733e-07,2.215500e-07,2.094045e-06,1.044578e-06,3.251259e-06,3.816223e-07,1.644731e-06,8.491640e-07,1.372439e-06,7.307719e-07,5.131353e-07,3.156229e-07,3.696873e-07,4.064391e-07,2.195678e-07,3.949900e-07,6.303073e-08,5.331956e-08,2.252307e-08,1.939704e-07,8.213354e-08,1.453054e-07,4.071103e-08,1.421516e-07,6.516098e-08
20.458980,3.983740e-07,2.222100e-07,2.095115e-06,1.033008e-06,3.225752e-06,3.823057e-07,1.630898e-06,8.434331e-07,1.364241e-06,7.358292e-07,5.134419e-07,3.135427e-07,3.665447e-07,4.109563e-07,2.301452e-07,4.111629e-07,5.455487e-08,5.017229e-08,2.667693e-08,1.499841e-07,6.598755e-08,1.309410e-07,3.775527e-08,1.547130e-07,7.627009e-08
20.483400,4.034729e-07,2.219881e-07,2.074519e-06,1.018120e-06,3.195463e-06,3.778824e-07,1.617725e-06,8.298350e-07,1.375866e-06,7.496690e-07,5.003653e-07,3.124706e-07,3.639513e-07,4.234884e-07,2.257952e-07,4.367974e-07,4.895316e-08,4.807942e-08,3.359503e-08,1.400245e-07,5.211581e-08,1.128598e-07,3.437117e-08,1.765729e-07,9.226614e-08
20.507810,4.057861e-07,2.210259e-07,2.059416e-06,1.012172e-06,3.192179e-06,3.827875e-07,1.641380e-06,8.315784e-07,1.386886e-06,7.502091e-07,4.888782e-07,2.928074e-07,3.446569e-07,4.266895e-07,2.207020e-07,4.226101e-07,4.001719e-08,4.723365e-08,3.762598e-08,1.107969e-07,4.206067e-08,8.782921e-08,3.069709e-08,1.922329e-07,1.037982e-07
20.532230,4.056223e-07,2.225812e-07,2.053235e-06,1.022221e-06,3.159832e-06,3.878276e-07,1.651269e-06,8.452498e-07,1.399012e-06,7.508392e-07,5.009506e-07,2.889819e-07,3.337044e-07,4.385365e-07,2.383792e-07,4.345644e-07,2.738825e-08,4.121835e-08,3.939760e-08,9.606464e-08,3.716617e-08,6.262009e-08,2.623193e-08,1.978778e-07,1.099229e-07
20.556640,4.046086e-07,2.246881e-07,2.030526e-06,1.014656e-06,3.083455e-06,3.814322e-07,1.624199e-06,8.168556e-07,1.364681e-06,7.353294e-07,4.937042e-07,2.980856e-07,3.603080e-07,4.366547e-07,2.619479e-07,4.794978e-07,2.329506e-08,3.160709e-08,4.270449e-08,1.481433e-07,3.500670e-08,3.208165e-08,1.945894e-08,1.928481e-07,1.053112e-07
20.581050,4.035469e-07,2.272220e-07,2.015530e-06,1.020945e-06,3.071733e-06,3.802047e-07,1.653925e-06,7.998740e-07,1.366473e-06,7.442305e-07,4.823551e-07,2.915370e-07,3.612357e-07,4.083145e-07,2.574450e-07,4.802703e-07,2.513620e-08,2.523649e-08,4.958357e-08,2.032867e-07,3.314618e-08,1.322175e-08,1.263014e-08,1.773822e-07,9.457799e-08
20.605470,4.013534e-07,2.282796e-07,2.006547e-06,1.034375e-06,3.033224e-06,3.791048e-07,1.679006e-06,8.202043e-07,1.407252e-06,7.673560e-07,4.923174e-07,2.816431e-07,3.317056e-07,4.152739e-07,2.421744e-07,4.277309e-07,2.353765e-08,2.231182e-08,5.327997e-08,2.385250e-07,3.325284e-08,3.013085e-08,5.043599e-09,1.544260e-07,7.780769e-08
20.629880,3.949708e-07,2.311033e-07,2.020352e-06,1.039240e-06,2.986965e-06,3.740633e-07,1.677678e-06,8.258652e-07,1.378099e-06,7.494937e-07,4.942263e-07,2.823818e-07,3.222457e-07,4.339651e-07,2.448325e-07,4.130907e-07,2.259737e-08,1.687714e-08,5.298601e-08,2.685139e-07,3.345849e-08,4.773225e-08,3.204345e-09,1.186847e-07,5.870925e-08
20.654300,3.914630e-07,2.331937e-07,2.014847e-06,1.041281e-06,2.960543e-06,3.699679e-07,1.686854e-06,8.256210e-07,1.339914e-06,7.391242e-07,4.956449e-07,2.782787e-07,3.274501e-07,4.123734e-07,2.498519e-07,4.270876e-07,3.148494e-08,1.210548e-08,5.282857e-08,3.108657e-07,3.039808e-08,5.710856e-08,1.069213e-08,8.318806e-08,3.744644e-08
20.678710,3.865823e-07,2.332078e-07,2.009466e-06,1.040227e-06,2.967205e-06,3.641891e-07,1.679925e-06,8.224017e-07,1.345657e-06,7.598144e-07,4.957238e-07,2.850003e-07,3.301248e-07,3.842837e-07,2.509123e-07,4.185833e-07,3.967761e-08,1.403524e-08,5.577721e-08,3.528319e-07,2.679170e-08,5.674054e-08,1.797502e-08,5.889720e-08,2.116857e-08
20.703120,3.810493e-07,2.342442e-07,2.026220e-06,1.047557e-06,2.994301e-06,3.711583e-07,1.698665e-06,8.181174e-07,1.351707e-06,7.660055e-07,4.789311e-07,3.030088e-07,3.434057e-07,3.803190e-07,2.611543e-07,4.011084e-07,4.551760e-08,1.569459e-08,5.673592e-08,3.643725e-07,2.561885e-08,5.040763e-08,2.375719e-08,6.806037e-08,2.347882e-08
20.727540,3.793640e-07,2.333987e-07,2.031074e-06,1.041544e-06,2.981295e-06,3.724038e-07,1.683160e-06,8.386829e-07,1.370604e-06,7.656760e-07,4.849433e-07,2.954142e-07,3.469822e-07,3.730962e-07,2.560369e-07,4.056297e-07,5.453575e-08,1.795621e-08,5.443626e-08,3.590593e-07,3.205068e-08,4.140736e-08,2.714030e-08,9.666556e-08,3.934108e-08
20.751950,3.779716e-07,2.316129e-07,2.048177e-06,1.030377e-06,3.007048e-06,3.658421e-07,1.653206e-06,8.282188e-07,1.346711e-06,7.485588e-07,4.954273e-07,2.837522e-07,3.322804e-07,3.733934e-07,2.316381e-07,3.856578e-07,6.326586e-08,2.479458e-08,4.792927e-08,3.466623e-07,3.899183e-08,3.923039e-08,2.856867e-08,1.191116e-07,5.398188e-08
20.776370,3.774032e-07,2.294782e-07,2.070358e-06,1.029808e-06,3.037041e-06,3.710221e-07,1.682822e-06,8.026807e-07,1.311361e-06,7.318530e-07,4.768939e-07,2.952947e-07,3.463134e-07,3.862795e-07,2.314214e-07,3.423468e-07,6.366858e-08,3.304835e-08,4.419401e-08,3.453808e-07,4.743464e-08,5.343984e-08,2.763066e-08,1.347205e-07,6.075677e-08
20.800780,3.750845e-07,2.279689e-07,2.102768e-06,1.014358e-06,3.023457e-06,3.775501e-07,1.684985e-06,8.212330e-07,1.342592e-06,7.553141e-07,4.684123e-07,2.972783e-07,3.755799e-07,3.713181e-07,2.467265e-07,3.545933e-07,6.177345e-08,3.738318e-08,4.023813e-08,3.452129e-07,5.436078e-08,7.849392e-08,2.786965e-08,1.397234e-07,5.993256e-08
20.825200,3.751105e-07,2.270148e-07,2.119754e-06,9.976607e-07,3.036229e-06,3.832821e-07,1.660175e-06,8.258888e-07,1.338152e-06,7.560564e-07,4.746459e-07,2.896783e-07,3.755194e-07,3.521968e-07,2.408631e-07,4.039922e-07,6.557100e-08,3.961659e-08,3.467812e-08,3.258030e-07,6.209741e-08,1.078144e-07,2.919695e-08,1.379193e-07,5.308137e-08
20.849610,3.733393e-07,2.249375e-07,2.124439e-06,9.866731e-07,3.040263e-06,3.873630e-07,1.642337e-06,8.173469e-07,1.297362e-06,7.339599e-07,4.728257e-07,2.901080e-07,3.740525e-07,3.721900e-07,2.290186e-07,4.087828e-07,7.043437e-08,4.380429e-08,2.446314e-08,2.882716e-07,7.078036e-08,1.321367e-07,3.428651e-08,1.240529e-07,4.468903e-08
20.874020,3.686477e-07,2.257812e-07,2.146652e-06,9.823581e-07,3.033589e-06,3.922891e-07,1.627571e-06,8.059044e-07,1.298193e-06,7.437723e-07,4.792667e-07,2.807809e-07,3.839443e-07,3.877759e-07,2.279544e-07,3.848972e-07,6.995637e-08,4.874612e-08,1.598202e-08,2.632856e-07,7.736930e-08,1.493249e-07,4.043249e-08,1.056266e-07,3.799798e-08
20.898440,3.678689e-07,2.261456e-07,2.146213e-06,9.814448e-07,2.991374e-06,4.039862e-07,1.635758e-06,7.905338e-07,1.304672e-06,7.509381e-07,4.708238e-07,2.782461e-07,3.741255e-07,3.815883e-07,2.244578e-07,3.931626e-07,6.599036e-08,4.886402e-08,1.502887e-08,2.510355e-07,8.171721e-08,1.575289e-07,4.710032e-08,8.371940e-08,3.644560e-08
20.922850,3.664623e-07,2.253203e-07,2.143483e-06,9.684495e-07,2.938702e-06,4.069240e-07,1.609276e-06,8.068118e-07,1.327373e-06,7.551894e-07,4.566978e-07,2.891672e-07,3.757348e-07,3.930819e-07,2.284853e-07,3.983040e-07,6.390604e-08,4.866408e-08,1.569650e-08,2.315706e-07,8.162935e-08,1.563705e-07,5.278843e-08,9.148362e-08,4.322151e-08
20.947270,3.649612e-07,2.249403e-07,2.153943e-06,9.693832e-07,2.930536e-06,4.029170e-07,1.576252e-06,8.062366e-07,1.322416e-06,7.504721e-07,4.690898e-07,2.814753e-07,3.905843e-07,3.920469e-07,2.445015e-07,3.980463e-07,5.973038e-08,5.156193e-08,1.680849e-08,1.790416e-07,8.015998e-08,1.464335e-07,5.622681e-08,1.206634e-07,5.691593e-08
20.971680,3.636540e-07,2.245335e-07,2.153182e-06,9.712276e-07,2.886222e-06,4.075092e-07,1.596599e-06,7.721155e-07,1.282837e-06,7.328725e-07,4.662530e-07,2.676457e-07,3.707173e-07,3.744165e-07,2.414939e-07,4.296429e-07,5.130150e-08,5.295126e-08,2.419470e-08,1.258846e-07,7.609597e-08,1.342598e-07,5.651353e-08,1.579940e-07,7.581760e-08
20.996090,3.645750e-07,2.246093e-07,2.148755e-06,9.627709e-07,2.842455e-06,4.063669e-07,1.591535e-06,7.690088e-07,1.308788e-06,7.513148e-07,4.532441e-07,2.727385e-07,3.326371e-07,3.878329e-07,2.189008e-07,4.693179e-07,4.334634e-08,4.936817e-08,3.137162e-08,9.818040e-08,7.029132e-08,1.145116e-07,5.255384e-08,1.866002e-07,9.327618e-08
21.020510,3.680994e-07,2.227467e-07,2.135091e-06,9.592455e-07,2.835947e-06,4.033037e-07,1.576256e-06,7.784514e-07,1.343843e-06,7.693286e-07,4.581220e-07,2.755568e-07,3.340960e-07,4.048551e-07,2.209426e-07,4.686311e-07,4.285939e-08,4.387549e-08,3.471702e-08,8.269093e-08,5.782591e-08,9.511391e-08,4.624831e-08,2.021224e-07,1.052325e-07
21.044920,3.701227e-07,2.221967e-07,2.146620e-06,9.531549e-07,2.822421e-06,4.007774e-07,1.578522e-06,7.738393e-07,1.313091e-06,7.463175e-07,4.606543e-07,2.717836e-07,3.376148e-07,3.805085e-07,2.316601e-07,4.219096e-07,4.071270e-08,4.070724e-08,3.652506e-08,7.385369e-08,4.171578e-08,7.307119e-08,3.561658e-08,2.047902e-07,1.088633e-07
21.069340,3.769896e-07,2.218770e-07,2.160072e-06,9.477271e-07,2.816943e-06,4.013137e-07,1.582967e-06,7.702919e-07,1.295276e-06,7.416411e-07,4.668539e-07,2.722354e-07,3.251846e-07,3.650050e-07,2.264208e-07,4.129926e-07,3.353233e-08,3.803084e-08,4.210163e-08,1.181165e-07,2.349519e-08,5.598077e-08,2.436507e-08,1.943628e-07,1.047901e-07
21.093750,3.806487e-07,2.204161e-07,2.165840e-06,9.353944e-07,2.792044e-06,4.085039e-07,1.604394e-06,7.579011e-07,1.301224e-06,7.585558e-07,4.702020e-07,2.620191e-07,3.202215e-07,3.724959e-07,2.283533e-07,4.402558e-07,2.592213e-08,3.258878e-08,4.809529e-08,1.858173e-07,7.823310e-09,4.666485e-08,1.225231e-08,1.733783e-07,9.313912e-08
21.118160,3.806759e-07,2.226900e-07,2.197557e-06,9.191337e-07,2.789287e-06,4.049374e-07,1.601962e-06,7.567508e-07,1.316341e-06,7.670629e-07,4.532083e-07,2.493697e-07,3.031648e-07,3.657571e-07,2.244759e-07,4.391534e-07,2.434777e-08,2.678508e-08,5.123087e-08,2.487258e-07,1.322111e-08,3.979903e-08,1.487598e-09,1.462255e-07,7.762710e-08
21.142580,3.790565e-07,2.260535e-07,2.212762e-06,9.159488e-07,2.788093e-06,4.007156e-07,1.610006e-06,7.661727e-07,1.338558e-06,7.708849e-07,4.518148e-07,2.625397e-07,2.816845e-07,3.565357e-07,2.031213e-07,4.145219e-07,2.364151e-08,2.381481e-08,5.016456e-08,2.824554e-07,2.593894e-08,3.357991e-08,9.794900e-09,1.105623e-07,5.859755e-08
21.166990,3.726896e-07,2.286350e-07,2.212297e-06,8.905344e-07,2.721035e-06,4.072419e-07,1.649304e-06,7.318120e-07,1.301143e-06,7.473152e-07,4.626311e-07,2.646439e-07,2.985321e-07,3.506465e-07,1.992250e-07,4.205123e-07,2.702383e-08,2.046544e-08,5.149440e-08,3.189517e-07,3.768635e-08,2.789826e-08,1.817445e-08,8.240957e-08,3.788506e-08
21.191410,3.656492e-07,2.301743e-07,2.207009e-06,8.758345e-07,2.694595e-06,4.087842e-07,1.640452e-06,7.101718e-07,1.274611e-06,7.342767e-07,4.505227e-07,2.496803e-07,3.163768e-07,3.203146e-07,2.179346e-07,3.987399e-07,3.537679e-08,1.408788e-08,5.286553e-08,3.604916e-07,4.517540e-08,3.039618e-08,2.457416e-08,7.525690e-08,2.229879e-08
21.215820,3.550256e-07,2.328245e-07,2.210583e-06,8.714961e-07,2.649391e-06,4.081179e-07,1.609369e-06,7.173401e-07,1.295742e-06,7.543896e-07,4.363185e-07,2.496992e-07,3.012275e-07,2.946120e-07,2.157311e-07,3.587183e-07,4.060163e-08,1.145242e-08,5.288615e-08,3.976905e-07,4.865189e-08,3.560272e-08,2.702703e-08,9.050484e-08,2.353701e-08
21.240230,3.474608e-07,2.338450e-07,2.199407e-06,8.686687e-07,2.586851e-06,4.062659e-07,1.600772e-06,7.082467e-07,1.269183e-06,7.446579e-07,4.335654e-07,2.482943e-07,2.995974e-07,3.158978e-07,1.989758e-07,3.803567e-07,4.161842e-08,1.680771e-08,4.844546e-08,4.019362e-07,4.545151e-08,4.249260e-08,2.763781e-08,1.084948e-07,3.811526e-08
21.264650,3.391620e-07,2.314076e-07,2.164998e-06,8.627602e-07,2.513140e-06,4.042854e-07,1.584561e-06,6.946305e-07,1.225852e-06,7.241072e-07,4.258672e-07,2.432561e-07,3.198721e-07,3.210697e-07,2.009429e-07,4.230847e-07,4.240728e-08,1.973199e-08,4.409910e-08,3.797955e-07,3.918390e-08,4.900750e-08,2.542187e-08,1.183212e-07,4.922039e-08
21.289060,3.292997e-07,2.299350e-07,2.148396e-06,8.529629e-07,2.459824e-06,4.057740e-07,1.585213e-06,6.787781e-07,1.218498e-06,7.308285e-07,4.275266e-07,2.462782e-07,3.299483e-07,3.015275e-07,2.037454e-07,4.204837e-07,4.865340e-08,2.259055e-08,4.214462e-08,3.658795e-07,3.785917e-08,5.412103e-08,2.445456e-08,1.203700e-07,5.430181e-08
21.313480,3.228088e-07,2.273533e-07,2.122556e-06,8.572115e-07,2.440503e-06,3.930197e-07,1.538702e-06,6.673024e-07,1.214810e-06,7.317347e-07,4.232269e-07,2.381198e-07,3.468538e-07,3.050213e-07,2.025176e-07,3.857630e-07,5.490004e-08,2.681974e-08,4.013940e-08,3.558119e-07,4.345102e-08,5.924695e-08,2.405496e-08,1.155494e-07,5.152185e-08
21.337890,3.172144e-07,2.232794e-07,2.089339e-06,8.528425e-07,2.388522e-06,3.834642e-07,1.505979e-06,6.815855e-07,1.223436e-06,7.278502e-07,4.065717e-07,2.257336e-07,3.597107e-07,3.137986e-07,2.115010e-07,3.902791e-07,5.619974e-08,3.080063e-08,3.392113e-08,3.388333e-07,5.528190e-08,6.233370e-08,2.586564e-08,1.073500e-07,4.550492e-08
21.362300,3.131486e-07,2.187062e-07,2.069298e-06,8.396712e-07,2.360487e-06,3.802148e-07,1.507837e-06,6.706867e-07,1.204751e-06,7.168172e-07,4.079482e-07,2.288317e-07,3.445332e-07,3.210573e-07,2.088966e-07,4.052213e-07,5.515084e-08,3.281904e-08,2.628897e-08,2.931681e-07,6.606183e-08,6.322582e-08,2.979943e-08,9.645463e-08,3.958632e-08
21.386720,3.083102e-07,2.143308e-07,2.057079e-06,8.354494e-07,2.363786e-06,3.704610e-07,1.472036e-06,6.442443e-07,1.157191e-06,6.909303e-07,4.090378e-07,2.328386e-07,3.490368e-07,3.492743e-07,1.880853e-07,4.039894e-07,5.708148e-08,3.433824e-08,2.035269e-08,2.480907e-07,7.704766e-08,6.691964e-08,3.378340e-08,9.034978e-08,3.846674e-08
21.411130,3.053367e-07,2.108221e-07,2.050397e-06,8.225534e-07,2.341179e-06,3.606606e-07,1.438522e-06,6.510197e-07,1.180412e-06,7.027429e-07,3.928699e-07,2.235672e-07,3.714137e-07,3.592879e-07,1.888012e-07,4.220139e-07,5.582983e-08,3.812181e-08,1.764127e-08,2.259261e-07,8.560864e-08,7.341383e-08,3.827007e-08,9.453844e-08,4.032718e-08
21.435550,3.016122e-07,2.061066e-07,2.021429e-06,8.060196e-07,2.331008e-06,3.535465e-07,1.427329e-06,6.501077e-07,1.189920e-06,7.085241e-07,3.874993e-07,2.173879e-07,3.682833e-07,3.464289e-07,2.055724e-07,4.562852e-07,5.082776e-08,4.205736e-08,1.166965e-08,2.104008e-07,8.972361e-08,8.225271e-08,4.088518e-08,1.116694e-07,4.556607e-08
21.459960,2.950104e-07,2.041962e-07,2.002741e-06,7.861739e-07,2.318822e-06,3.515138e-07,1.417468e-06,6.474765e-07,1.154808e-06,6.789812e-07,3.856030e-07,2.168125e-07,3.463701e-07,3.534826e-07,2.038297e-07,4.313301e-07,4.774560e-08,4.233871e-08,7.561236e-09,1.841123e-07,8.869110e-08,8.921090e-08,4.256266e-08,1.343560e-07,5.287943e-08
21.484380,2.916194e-07,2.025184e-07,1.974928e-06,7.674359e-07,2.319319e-06,3.491794e-07,1.407067e-06,6.384633e-07,1.140772e-06,6.714926e-07,3.841998e-07,2.117655e-07,3.300939e-07,3.720791e-07,1.936596e-07,3.769786e-07,5.007197e-08,3.971726e-08,1.177166e-08,1.476028e-07,8.222035e-08,9.200888e-08,4.115698e-08,1.504395e-07,6.167203e-08
21.508790,2.869905e-07,1.995871e-07,1.926040e-06,7.528429e-07,2.305773e-06,3.374950e-07,1.377730e-06,6.218986e-07,1.128660e-06,6.710292e-07,3.923183e-07,2.152365e-07,3.113830e-07,3.668267e-07,1.902955e-07,3.778293e-07,4.852386e-08,3.895146e-08,1.552754e-08,1.198127e-07,7.149831e-08,9.041344e-08,3.868752e-08,1.599226e-07,6.826477e-08
21.533200,2.813120e-07,1.978151e-07,1.891367e-06,7.297198e-07,2.270259e-06,3.342205e-07,1.370519e-06,6.268379e-07,1.150314e-06,6.772693e-07,3.793033e-07,2.159906e-07,2.975786e-07,3.571399e-07,1.785658e-07,3.852101e-07,4.131203e-08,3.912245e-08,1.621961e-08,1.149778e-07,5.580767e-08,8.529679e-08,3.471520e-08,1.564500e-07,7.136196e-08
21.557620,2.754444e-07,1.960689e-07,1.849104e-06,7.201823e-07,2.264070e-06,3.387553e-07,1.384362e-06,6.163004e-07,1.157159e-06,6.751140e-07,3.662602e-07,1.992198e-07,2.989918e-07,3.509758e-07,1.766741e-07,3.623828e-07,3.386121e-08,3.601297e-08,2.032279e-08,9.117960e-08,4.202641e-08,7.446407e-08,2.976403e-08,1.506552e-07,6.695880e-08
21.582030,2.707235e-07,1.944268e-07,1.803325e-06,7.148944e-07,2.223247e-06,3.356622e-07,1.346844e-06,5.846040e-07,1.119986e-06,6.467108e-07,3.735852e-07,1.915200e-07,2.854350e-07,3.337607e-07,1.893007e-07,3.399154e-07,2.943028e-08,3.147606e-08,2.638213e-08,6.106725e-08,2.806560e-08,6.084283e-08,2.451087e-08,1.382517e-07,5.982090e-08
21.606450,2.667083e-07,1.909592e-07,1.752655e-06,7.035887e-07,2.165150e-06,3.335958e-07,1.309871e-06,5.756589e-07,1.118610e-06,6.409706e-07,3.693730e-07,1.953668e-07,2.488755e-07,3.247463e-07,1.861312e-07,3.334617e-07,2.411690e-08,2.961431e-08,3.160618e-08,7.742519e-08,1.770580e-08,4.310620e-08,1.849150e-08,1.234391e-07,4.861573e-08
21.630860,2.605013e-07,1.885833e-07,1.719622e-06,6.979411e-07,2.125506e-06,3.303104e-07,1.287658e-06,5.757221e-07,1.136672e-06,6.560448e-07,3.615555e-07,1.887120e-07,2.353456e-07,3.302643e-07,1.674348e-07,2.943224e-07,1.976823e-08,2.764126e-08,3.424720e-08,1.233320e-07,1.112403e-08,2.571805e-08,1.284567e-08,1.033679e-07,4.035874e-08
21.655270,2.575247e-07,1.868551e-07,1.705499e-06,6.939621e-07,2.085526e-06,3.287652e-07,1.264133e-06,5.635505e-07,1.108457e-06,6.438355e-07,3.542173e-07,1.818445e-07,2.417604e-07,3.155098e-07,1.617661e-07,2.439595e-07,2.148342e-08,2.211867e-08,3.714993e-08,1.564039e-07,1.756306e-08,1.018765e-08,7.409786e-09,7.942799e-08,3.076160e-08
21.679690,2.550460e-07,1.828160e-07,1.679608e-06,6.980810e-07,2.057352e-06,3.245609e-07,1.239732e-06,5.521622e-07,1.080749e-06,6.303905e-07,3.464935e-07,1.808393e-07,2.320208e-07,2.760873e-07,1.668687e-07,2.566737e-07,2.291479e-08,1.550698e-08,4.076794e-08,1.847304e-07,2.527848e-08,1.830266e-08,2.563999e-09,5.092115e-08,2.036969e-08
21.704100,2.510982e-07,1.799679e-07,1.682818e-06,6.959228e-07,2.013241e-06,3.122838e-07,1.189801e-06,5.339103e-07,1.077298e-06,6.372531e-07,3.512998e-07,1.750453e-07,2.255448e-07,2.606427e-07,1.642944e-07,2.830376e-07,2.065229e-08,1.264815e-08,4.376372e-08,2.253580e-07,2.958968e-08,3.094441e-08,2.000980e-09,2.490695e-08,9.276988e-09
21.728520,2.483501e-07,1.774251e-07,1.696622e-06,6.904123e-07,1.996036e-06,3.093687e-07,1.166347e-06,5.277739e-07,1.076613e-06,6.369176e-07,3.534226e-07,1.753536e-07,2.241063e-07,2.580951e-07,1.643398e-07,2.688775e-07,2.170624e-08,1.154984e-08,4.334381e-08,2.725290e-07,3.257010e-08,3.930300e-08,5.467211e-09,6.976125e-09,9.745501e-09
21.752930,2.455722e-07,1.750274e-07,1.702398e-06,6.933379e-07,1.993110e-06,3.078256e-07,1.157533e-06,5.347687e-07,1.092115e-06,6.374145e-07,3.399682e-07,1.804639e-07,2.165872e-07,2.432611e-07,1.651396e-07,2.474752e-07,2.893712e-08,9.991139e-09,4.126403e-08,2.944033e-07,3.597169e-08,4.371032e-08,8.845753e-09,1.744402e-08,2.202977e-08
21.777340,2.452440e-07,1.738836e-07,1.720539e-06,6.920886e-07,1.983590e-06,3.014601e-07,1.120702e-06,5.212697e-07,1.072995e-06,6.284228e-07,3.413830e-07,1.723642e-07,2.268920e-07,2.426760e-07,1.575526e-07,2.741940e-07,3.325223e-08,1.115422e-08,4.002433e-08,3.040913e-07,4.119426e-08,4.595578e-08,1.220481e-08,3.264550e-08,3.074568e-08
21.801760,2.436833e-07,1.741506e-07,1.740730e-06,6.943178e-07,2.009695e-06,3.002618e-07,1.105630e-06,5.158835e-07,1.050054e-06,6.143795e-07,3.548370e-07,1.692150e-07,2.504580e-07,2.406820e-07,1.565892e-07,2.987665e-07,3.555377e-08,1.477278e-08,4.044308e-08,3.041581e-07,4.587188e-08,4.220315e-08,1.517631e-08,4.610067e-08,3.736528e-08
21.826170,2.442317e-07,1.750948e-07,1.764675e-06,7.005499e-07,2.040019e-06,3.014512e-07,1.115094e-06,5.271414e-07,1.079790e-06,6.340947e-07,3.497575e-07,1.768418e-07,2.465306e-07,2.256188e-07,1.728341e-07,3.304155e-07,3.889539e-08,1.636749e-08,3.824277e-08,3.124840e-07,4.929990e-08,3.705808e-08,1.683320e-08,6.165685e-08,4.218799e-08
21.850590,2.436645e-07,1.741820e-07,1.761398e-06,7.052613e-07,2.066436e-06,3.046663e-07,1.118757e-06,5.313983e-07,1.084079e-06,6.403850e-07,3.451367e-07,1.790551e-07,2.391285e-07,2.428056e-07,1.760132e-07,3.842831e-07,4.248935e-08,1.834485e-08,3.424766e-08,3.149221e-07,5.264918e-08,3.275529e-08,1.786176e-08,7.338106e-08,4.936211e-08
21.875000,2.402683e-07,1.752933e-07,1.766473e-06,7.100734e-07,2.090957e-06,3.054286e-07,1.127490e-06,5.345113e-07,1.064308e-06,6.275662e-07,3.474402e-07,1.819684e-07,2.576374e-07,2.733031e-07,1.619257e-07,4.155455e-07,4.156762e-08,2.398884e-08,2.888785e-08,2.957489e-07,5.575909e-08,3.832476e-08,1.820103e-08,8.126025e-08,5.755104e-08
21.899410,2.386776e-07,1.767189e-07,1.775496e-06,7.076450e-07,2.109373e-06,3.010243e-07,1.120436e-06,5.334277e-07,1.055471e-06,6.254317e-07,3.496095e-07,1.851163e-07,2.683538e-07,2.753676e-07,1.567992e-07,3.959374e-07,3.989917e-08,2.875831e-08,2.450280e-08,2.617439e-07,6.097730e-08,5.055618e-08,1.894166e-08,8.584009e-08,6.538956e-08
21.923830,2.370462e-07,1.768541e-07,1.755026e-06,7.143854e-07,2.154394e-06,3.079050e-07,1.138474e-06,5.306562e-07,1.052407e-06,6.294372e-07,3.632538e-07,1.795724e-07,2.710240e-07,2.805649e-07,1.577220e-07,3.878523e-07,4.293536e-08,3.044079e-08,2.051919e-08,2.302578e-07,6.628690e-08,6.433569e-08,1.878676e-08,9.103683e-08,7.084456e-08
21.948240,2.351358e-07,1.765793e-07,1.742686e-06,7.143278e-07,2.164857e-06,3.135060e-07,1.158423e-06,5.421373e-07,1.074161e-06,6.359708e-07,3.644731e-07,1.830017e-07,2.771482e-07,3.040746e-07,1.539108e-07,4.340728e-07,4.570776e-08,3.095516e-08,1.480652e-08,2.107305e-07,6.935581e-08,7.685099e-08,1.946053e-08,9.773793e-08,7.333859e-08
21.972660,2.329803e-07,1.765262e-07,1.736393e-06,7.047288e-07,2.180140e-06,3.113796e-07,1.132542e-06,5.329560e-07,1.083651e-06,6.378763e-07,3.554055e-07,1.954103e-07,2.644133e-07,3.140495e-07,1.565720e-07,4.628385e-07,4.397221e-08,3.323446e-08,7.632386e-09,1.838052e-07,7.167190e-08,8.489724e-08,2.053450e-08,1.062384e-07,7.586877e-08
21.997070,2.315388e-07,1.771393e-07,1.738972e-06,7.035287e-07,2.223924e-06,3.125280e-07,1.121941e-06,5.124347e-07,1.056324e-06,6.152573e-07,3.609553e-07,1.965576e-07,2.471656e-07,3.242091e-07,1.554356e-07,4.546034e-07,3.984927e-08,3.432531e-08,7.195500e-09,1.475303e-07,7.474845e-08,8.944992e-08,2.226716e-08,1.108072e-07,7.764055e-08
22.021480,2.305584e-07,1.753383e-07,1.727727e-06,7.013411e-07,2.246210e-06,3.124415e-07,1.125044e-06,5.189602e-07,1.077111e-06,6.134010e-07,3.676687e-07,1.909824e-07,2.535310e-07,3.416910e-07,1.365107e-07,4.526252e-07,3.820301e-08,3.294616e-08,9.301160e-09,1.050186e-07,7.723038e-08,8.929142e-08,2.437626e-08,1.130384e-07,7.833533e-08
22.045900,2.273029e-07,1.746335e-07,1.723339e-06,7.019272e-07,2.261568e-06,3.135146e-07,1.121732e-06,5.215936e-07,1.104287e-06,6.299475e-07,3.640477e-07,1.920240e-07,2.561636e-07,3.294043e-07,1.252837e-07,4.472927e-07,3.687662e-08,3.169558e-08,9.421045e-09,7.764224e-08,7.729052e-08,8.558943e-08,2.545005e-08,1.103973e-07,7.565963e-08
22.070310,2.267562e-07,1.744481e-07,1.735881e-06,6.975203e-07,2.258362e-06,3.087694e-07,1.111565e-06,5.195172e-07,1.081021e-06,6.157472e-07,3.637696e-07,1.922622e-07,2.407709e-07,3.147626e-07,1.340703e-07,3.997964e-07,3.334870e-08,3.251555e-08,1.219557e-08,6.388431e-08,7.221872e-08,7.600791e-08,2.598582e-08,1.073852e-07,6.823660e-08
22.094730,2.263695e-07,1.723998e-07,1.723744e-06,6.936369e-07,2.269312e-06,3.024329e-07,1.087925e-06,5.150327e-07,1.076505e-06,6.113803e-07,3.580873e-07,1.887977e-07,2.294014e-07,3.274589e-07,1.342455e-07,3.533473e-07,3.088259e-08,3.251593e-08,1.868352e-08,4.503206e-08,6.303424e-08,6.231297e-08,2.437161e-08,1.062197e-07,5.892698e-08
22.119140,2.254231e-07,1.710165e-07,1.718117e-06,6.947031e-07,2.281493e-06,3.065501e-07,1.098055e-06,5.031201e-07,1.079570e-06,6.202821e-07,3.591922e-07,1.903321e-07,2.233441e-07,3.331999e-07,1.277811e-07,3.461472e-07,3.270012e-08,2.944423e-08,2.229603e-08,4.575158e-08,5.135894e-08,4.694228e-08,2.181576e-08,1.026843e-07,5.009356e-08
22.143550,2.246051e-07,1.698660e-07,1.717715e-06,6.852040e-07,2.267601e-06,3.053527e-07,1.103459e-06,5.133043e-07,1.103028e-06,6.268650e-07,3.734962e-07,1.844057e-07,2.168526e-07,3.231304e-07,1.292554e-07,3.417196e-07,3.154898e-08,2.500084e-08,2.475062e-08,9.059619e-08,3.689070e-08,3.306742e-08,1.769339e-08,9.612961e-08,4.453684e-08
22.167970,2.243480e-07,1.694250e-07,1.715580e-06,6.830123e-07,2.289703e-06,2.985348e-07,1.077999e-06,5.205013e-07,1.134516e-06,6.377195e-07,3.663403e-07,1.759515e-07,2.205358e-07,3.105112e-07,1.249792e-07,2.940211e-07,2.593681e-08,2.313106e-08,2.883960e-08,1.347143e-07,2.302842e-08,2.074198e-08,1.318420e-08,8.580623e-08,4.381749e-08
22.192380,2.236168e-07,1.678825e-07,1.705220e-06,6.841734e-07,2.297117e-06,2.975846e-07,1.087913e-06,5.069754e-07,1.107913e-06,6.233782e-07,3.611784e-07,1.830598e-07,2.224007e-07,2.986828e-07,1.271989e-07,2.279159e-07,2.242976e-08,2.165316e-08,3.475928e-08,1.618009e-07,1.119120e-08,1.153039e-08,8.834818e-09,7.673762e-08,4.068992e-08
22.216800,2.202682e-07,1.681620e-07,1.694883e-06,6.782647e-07,2.286162e-06,2.967502e-07,1.106442e-06,5.114959e-07,1.098581e-06,6.113048e-07,3.763205e-07,1.859087e-07,2.089885e-07,2.822619e-07,1.432422e-07,2.027452e-07,2.492873e-08,1.833322e-08,3.787803e-08,1.894717e-07,1.808873e-08,1.167815e-08,7.215186e-09,6.806270e-08,3.714178e-08
22.241210,2.193430e-07,1.690227e-07,1.699873e-06,6.728075e-07,2.284804e-06,2.960891e-07,1.113495e-06,5.202095e-07,1.135147e-06,6.333826e-07,3.792586e-07,1.762415e-07,2.039653e-07,2.819064e-07,1.479934e-07,1.929993e-07,2.544348e-08,1.582650e-08,3.899886e-08,2.307922e-07,3.240732e-08,1.839103e-08,9.907829e-09,6.139401e-08,3.105898e-08
22.265620,2.172943e-07,1.677108e-07,1.681186e-06,6.645312e-07,2.284980e-06,2.902777e-07,1.117110e-06,5.228045e-07,1.131686e-06,6.345143e-07,3.779435e-07,1.754032e-07,2.223375e-07,2.930829e-07,1.430957e-07,1.932571e-07,2.608656e-08,1.582760e-08,3.928728e-08,2.731079e-07,4.329711e-08,2.821745e-08,1.399957e-08,5.117742e-08,2.511020e-08
22.290040,2.132421e-07,1.675974e-07,1.677254e-06,6.612647e-07,2.298789e-06,2.863520e-07,1.114123e-06,5.270223e-07,1.121431e-06,6.210862e-07,3.773401e-07,1.775396e-07,2.272344e-07,2.734932e-07,1.451016e-07,2.357738e-07,2.914850e-08,1.384300e-08,4.162300e-08,2.932562e-07,4.961286e-08,3.497063e-08,1.735010e-08,3.688061e-08,1.589569e-08
22.314450,2.092679e-07,1.677601e-07,1.684615e-06,6.476744e-07,2.280913e-06,2.923402e-07,1.138782e-06,5.199964e-07,1.111661e-06,6.203777e-07,3.740407e-07,1.770021e-07,2.213996e-07,2.594086e-07,1.593509e-07,2.593596e-07,3.060374e-08,1.041072e-08,4.365286e-08,2.963443e-07,5.144921e-08,4.230765e-08,1.946641e-08,2.799510e-08,4.640769e-09
22.338870,2.056046e-07,1.675235e-07,1.680594e-06,6.337914e-07,2.289079e-06,2.897022e-07,1.139460e-06,5.224547e-07,1.107534e-06,6.207904e-07,3.906504e-07,1.833632e-07,2.237232e-07,2.765173e-07,1.683321e-07,2.439450e-07,2.857022e-08,1.148476e-08,4.326215e-08,3.024180e-07,5.096506e-08,4.859712e-08,2.046316e-08,4.003550e-08,1.699863e-08
22.363280,2.025999e-07,1.658870e-07,1.673203e-06,6.315464e-07,2.310683e-06,2.860583e-07,1.106658e-06,5.293297e-07,1.137275e-06,6.321001e-07,4.034754e-07,1.841083e-07,2.218320e-07,2.822998e-07,1.715270e-07,2.881766e-07,2.782419e-08,1.558795e-08,4.013082e-08,3.185372e-07,5.011221e-08,5.394789e-08,1.978798e-08,6.444562e-08,3.814738e-08
22.387700,1.982513e-07,1.642693e-07,1.667246e-06,6.251180e-07,2.292601e-06,2.863250e-07,1.104684e-06,5.102360e-07,1.130629e-06,6.302133e-07,3.921426e-07,1.753609e-07,2.255213e-07,2.864857e-07,1.741720e-07,3.733843e-07,3.159899e-08,1.732097e-08,3.773620e-08,3.350930e-07,4.734140e-08,5.867524e-08,1.870574e-08,8.636832e-08,6.007083e-08
22.412110,1.950669e-07,1.623767e-07,1.674148e-06,6.198002e-07,2.266919e-06,2.849031e-07,1.098370e-06,4.968349e-07,1.098150e-06,6.033677e-07,3.935406e-07,1.797236e-07,2.432991e-07,2.972536e-07,1.645810e-07,4.173152e-07,3.354781e-08,1.820087e-08,3.526832e-08,3.152796e-07,4.723937e-08,5.839181e-08,1.701491e-08,1.074292e-07,7.685107e-08
22.436520,1.921429e-07,1.580258e-07,1.667716e-06,6.149736e-07,2.230766e-06,2.836331e-07,1.083440e-06,4.993199e-07,1.121038e-06,6.050882e-07,4.016947e-07,1.878973e-07,2.434985e-07,2.977057e-07,1.552858e-07,4.273916e-07,3.207392e-08,2.031991e-08,3.116565e-08,2.900312e-07,4.831808e-08,5.660985e-08,1.582807e-08,1.206228e-07,8.984918e-08
22.460940,1.876864e-07,1.545386e-07,1.664827e-06,6.139489e-07,2.202794e-06,2.781687e-07,1.058769e-06,4.940192e-07,1.125938e-06,6.100438e-07,4.002166e-07,1.857538e-07,2.261840e-07,3.028440e-07,1.628342e-07,4.460512e-07,2.918842e-08,2.183719e-08,2.319666e-08,2.758794e-07,5.506154e-08,5.235959e-08,1.653227e-08,1.289432e-07,9.482971e-08
22.485350,1.848134e-07,1.517458e-07,1.683599e-06,6.171689e-07,2.172153e-06,2.794554e-07,1.035381e-06,4.914504e-07,1.098812e-06,5.900308e-07,4.002232e-07,1.862236e-07,2.226423e-07,3.285684e-07,1.642038e-07,4.581531e-07,2.934532e-08,2.168481e-08,1.531320e-08,2.683408e-07,6.202120e-08,5.196806e-08,1.822654e-08,1.266605e-07,9.558082e-08
22.509770,1.820786e-07,1.482976e-07,1.691362e-06,6.157196e-07,2.126954e-06,2.837804e-07,1.036789e-06,4.772408e-07,1.087554e-06,5.831772e-07,3.905306e-07,1.861552e-07,2.279326e-07,3.394275e-07,1.492428e-07,4.347754e-07,2.810408e-08,2.212312e-08,1.048475e-08,2.452240e-07,6.715642e-08,5.222135e-08,2.131562e-08,1.131807e-07,9.031834e-08
22.534180,1.793895e-07,1.449536e-07,1.700151e-06,6.228720e-07,2.113459e-06,2.781442e-07,1.013797e-06,4.678685e-07,1.073019e-06,5.797413e-07,3.864470e-07,1.797313e-07,2.214963e-07,3.204482e-07,1.360243e-07,4.405822e-07,2.532459e-08,2.502940e-08,5.783261e-09,2.036050e-07,6.775985e-08,5.497995e-08,2.334026e-08,8.739647e-08,8.042935e-08
22.558590,1.761785e-07,1.418999e-07,1.704715e-06,6.255716e-07,2.082736e-06,2.744065e-07,9.861718e-07,4.756391e-07,1.101243e-06,5.851627e-07,4.025781e-07,1.827324e-07,2.146645e-07,3.159464e-07,1.290542e-07,4.747726e-07,2.589661e-08,2.629258e-08,7.631852e-10,1.675552e-07,6.467016e-08,5.840190e-08,2.488174e-08,5.706151e-08,6.525577e-08
22.583010,1.741004e-07,1.396299e-07,1.711106e-06,6.188851e-07,2.054114e-06,2.746704e-07,9.949641e-07,4.658818e-07,1.112328e-06,5.908452e-07,3.989627e-07,1.831103e-07,2.099933e-07,3.206313e-07,1.200756e-07,4.729168e-07,2.829253e-08,2.473147e-08,7.869121e-09,1.383727e-07,6.022936e-08,6.218757e-08,2.487300e-08,2.457157e-08,4.606067e-08
22.607420,1.727940e-07,1.360093e-07,1.708345e-06,6.154244e-07,2.063980e-06,2.721455e-07,9.960040e-07,4.558297e-07,1.071102e-06,5.650041e-07,3.873377e-07,1.706212e-07,1.920672e-07,3.099353e-07,1.164152e-07,4.176740e-07,2.561710e-08,2.202652e-08,1.344382e-08,1.094966e-07,5.387218e-08,6.544917e-08,2.410452e-08,2.608574e-08,2.390211e-08
22.631840,1.695381e-07,1.330658e-07,1.692884e-06,6.093730e-07,2.075009e-06,2.675718e-07,9.874123e-07,4.588953e-07,1.069619e-06,5.548469e-07,3.974823e-07,1.659742e-07,1.886185e-07,3.108500e-07,1.162625e-07,3.784521e-07,2.103558e-08,2.130770e-08,1.739662e-08,6.195917e-08,4.644454e-08,6.580436e-08,2.234538e-08,5.200738e-08,1.507684e-08
22.656250,1.679491e-07,1.317266e-07,1.694348e-06,6.031858e-07,2.093141e-06,2.593638e-07,9.773747e-07,4.581785e-07,1.081668e-06,5.641744e-07,4.019879e-07,1.706378e-07,1.975960e-07,3.088268e-07,1.045986e-07,3.546360e-07,2.166823e-08,2.070565e-08,2.161988e-08,1.417379e-08,3.699149e-08,6.278575e-08,1.936826e-08,7.530159e-08,2.713140e-08
22.680660,1.681819e-07,1.291217e-07,1.683432e-06,5.930382e-07,2.098014e-06,2.553982e-07,9.717315e-07,4.561939e-07,1.067281e-06,5.559656e-07,4.050691e-07,1.673200e-07,1.875644e-07,2.815125e-07,9.734875e-08,3.148353e-07,2.457175e-08,1.854215e-08,2.773491e-08,5.330894e-08,2.727506e-08,5.454186e-08,1.588981e-08,9.260558e-08,4.076556e-08
22.705080,1.684897e-07,1.262950e-07,1.658781e-06,5.861287e-07,2.112794e-06,2.534914e-07,9.829946e-07,4.483204e-07,1.051104e-06,5.428361e-07,4.021292e-07,1.666277e-07,1.737259e-07,2.650400e-07,1.078189e-07,2.850613e-07,2.504604e-08,1.704557e-08,3.301200e-08,9.854651e-08,1.778470e-08,4.351619e-08,1.194047e-08,1.031946e-07,4.835747e-08
22.729490,1.696116e-07,1.236756e-07,1.652219e-06,5.888000e-07,2.128968e-06,2.442627e-07,9.688951e-07,4.383105e-07,1.027349e-06,5.338502e-07,3.884006e-07,1.656808e-07,1.756924e-07,2.735903e-07,1.141486e-07,2.688663e-07,2.617046e-08,1.821031e-08,3.594674e-08,1.363205e-07,9.808999e-09,3.140520e-08,8.219436e-09,1.050793e-07,5.124462e-08
22.753910,1.713780e-07,1.215706e-07,1.652239e-06,5.843020e-07,2.098740e-06,2.369942e-07,9.465552e-07,4.411267e-07,1.023030e-06,5.289035e-07,3.979676e-07,1.587482e-07,1.766736e-07,2.657515e-07,1.121798e-07,2.390864e-07,2.939901e-08,1.669039e-08,3.611214e-08,1.850942e-07,1.146124e-09,1.964517e-08,4.782499e-09,9.742362e-08,4.980033e-08
22.778320,1.737634e-07,1.190491e-07,1.656099e-06,5.822705e-07,2.081907e-06,2.333955e-07,9.564673e-07,4.343306e-07,1.035588e-06,5.343779e-07,4.123261e-07,1.646469e-07,1.791868e-07,2.484181e-07,1.164139e-07,1.859562e-07,2.975610e-08,1.326888e-08,3.843456e-08,2.392043e-07,8.736276e-09,1.625925e-08,2.052596e-09,8.341473e-08,4.603680e-08
22.802730,1.734647e-07,1.176019e-07,1.647837e-06,5.881684e-07,2.075479e-06,2.280683e-07,9.585903e-07,4.129133e-07,1.005052e-06,5.226152e-07,4.055508e-07,1.749688e-07,1.835355e-07,2.464442e-07,1.178108e-07,1.846403e-07,2.828660e-08,1.314475e-08,4.109807e-08,2.682432e-07,2.033398e-08,2.330524e-08,7.596681e-10,6.616478e-08,4.179039e-08
22.827150,1.741289e-07,1.182610e-07,1.661476e-06,5.885737e-07,2.049938e-06,2.241929e-07,9.515452e-07,4.064670e-07,9.821916e-07,5.009806e-07,4.019552e-07,1.702811e-07,1.748408e-07,2.371554e-07,1.188514e-07,2.390465e-07,2.888269e-08,1.618043e-08,4.304854e-08,2.774533e-07,3.271416e-08,3.315613e-08,3.545939e-09,5.566240e-08,4.000377e-08
22.851560,1.746340e-07,1.180368e-07,1.666731e-06,5.888111e-07,2.031116e-06,2.206972e-07,9.467758e-07,4.036227e-07,1.004558e-06,5.043088e-07,4.071342e-07,1.678619e-07,1.637377e-07,2.339590e-07,1.322402e-07,2.640474e-07,3.258336e-08,1.703277e-08,4.126045e-08,2.797421e-07,4.390141e-08,4.021059e-08,6.352173e-09,6.492523e-08,4.254519e-08
22.875980,1.720896e-07,1.189263e-07,1.661838e-06,5.852030e-07,2.013714e-06,2.212415e-07,9.394493e-07,3.983354e-07,9.954119e-07,5.015210e-07,4.076111e-07,1.748566e-07,1.736658e-07,2.481338e-07,1.405473e-07,2.701991e-07,3.303609e-08,1.690599e-08,4.021950e-08,2.923699e-07,5.192308e-08,4.473119e-08,9.282704e-09,8.384673e-08,5.117423e-08
22.900390,1.696345e-07,1.203427e-07,1.675679e-06,5.871570e-07,2.024593e-06,2.227732e-07,9.438118e-07,3.928656e-07,9.734292e-07,4.839681e-07,4.090849e-07,1.764652e-07,1.820736e-07,2.444278e-07,1.339093e-07,2.996018e-07,3.112755e-08,1.860889e-08,4.000873e-08,3.013890e-07,5.839559e-08,4.463656e-08,1.216075e-08,1.053033e-07,6.025681e-08
22.924800,1.672227e-07,1.212886e-07,1.682375e-06,5.777570e-07,2.007370e-06,2.166358e-07,9.303227e-07,3.800096e-07,9.560376e-07,4.755013e-07,4.012544e-07,1.803789e-07,1.774019e-07,2.306694e-07,1.275692e-07,3.275383e-07,3.022188e-08,1.958531e-08,3.873347e-08,2.897747e-07,6.304724e-08,4.374216e-08,1.447177e-08,1.251500e-07,6.773456e-08
22.949220,1.651475e-07,1.213392e-07,1.681577e-06,5.633836e-07,2.010321e-06,2.156993e-07,9.072146e-07,3.741862e-07,9.426369e-07,4.713106e-07,3.899659e-07,1.849420e-07,1.783161e-07,2.431720e-07,1.308085e-07,3.304615e-07,2.950074e-08,1.915563e-08,3.440460e-08,2.690798e-07,6.599987e-08,4.305007e-08,1.663520e-08,1.385911e-07,7.275299e-08
22.973630,1.622179e-07,1.209975e-07,1.670359e-06,5.592884e-07,2.046987e-06,2.168051e-07,9.140727e-07,3.755163e-07,9.585055e-07,4.730377e-07,4.012405e-07,1.800603e-07,1.768530e-07,2.615663e-07,1.313356e-07,3.726089e-07,2.619242e-08,1.904905e-08,2.794057e-08,2.466314e-07,6.629597e-08,4.646752e-08,1.771362e-08,1.439236e-07,7.411044e-08
22.998050,1.610346e-07,1.212028e-07,1.664660e-06,5.526347e-07,2.050873e-06,2.152824e-07,9.035747e-07,3.630836e-07,9.590963e-07,4.732402e-07,4.030958e-07,1.808059e-07,1.737187e-07,2.628421e-07,1.290098e-07,4.203198e-07,2.276628e-08,2.178996e-08,2.249439e-08,2.400000e-07,6.225744e-08,5.139010e-08,1.836592e-08,1.392659e-07,7.316796e-08
23.022460,1.619179e-07,1.193237e-07,1.659181e-06,5.471284e-07,2.047341e-06,2.126850e-07,8.826058e-07,3.553333e-07,9.213339e-07,4.531760e-07,3.880976e-07,1.880998e-07,1.835299e-07,2.688979e-07,1.271172e-07,4.203972e-07,2.229013e-08,2.353005e-08,1.892605e-08,2.272300e-07,5.828241e-08,5.576249e-08,1.782170e-08,1.241594e-07,6.879996e-08
23.046880,1.611946e-07,1.170040e-07,1.631752e-06,5.438799e-07,2.036710e-06,2.084935e-07,8.602093e-07,3.589335e-07,9.186934e-07,4.415254e-07,3.877649e-07,1.820933e-07,1.885090e-07,2.704339e-07,1.155009e-07,3.829785e-07,2.198134e-08,2.232709e-08,1.394654e-08,2.066957e-07,5.359453e-08,6.089552e-08,1.679437e-08,9.952918e-08,6.024529e-08
23.071290,1.607518e-07,1.152393e-07,1.625184e-06,5.423254e-07,2.015463e-06,2.091469e-07,8.441954e-07,3.525521e-07,9.212638e-07,4.461280e-07,3.929832e-07,1.723838e-07,1.748209e-07,2.550509e-07,1.017765e-07,3.655277e-07,1.880735e-08,2.007238e-08,7.775169e-09,1.726971e-07,5.288410e-08,6.354824e-08,1.553864e-08,7.149875e-08,4.760634e-08
23.095700,1.601439e-07,1.131583e-07,1.622631e-06,5.451747e-07,1.990501e-06,2.060757e-07,8.413352e-07,3.489351e-07,8.933164e-07,4.329928e-07,3.925534e-07,1.681644e-07,1.710611e-07,2.615730e-07,1.011988e-07,3.621690e-07,1.497901e-08,1.920134e-08,1.431585e-09,1.465900e-07,5.136602e-08,6.542410e-08,1.441818e-08,4.663682e-08,3.323243e-08
23.120120,1.591457e-07,1.114960e-07,1.609025e-06,5.394107e-07,1.936010e-06,1.983273e-07,8.098796e-07,3.404760e-07,8.778805e-07,4.204010e-07,3.925857e-07,1.629623e-07,1.805246e-07,2.743106e-07,1.007926e-07,3.407120e-07,1.508211e-08,1.757516e-08,4.280645e-09,1.339864e-07,5.016599e-08,6.087577e-08,1.444822e-08,3.758168e-08,1.964254e-08
23.144530,1.568279e-07,1.103423e-07,1.591918e-06,5.420128e-07,1.920869e-06,1.964988e-07,7.890876e-07,3.328897e-07,8.505125e-07,4.123018e-07,3.799847e-07,1.593763e-07,1.813253e-07,2.611060e-07,8.968140e-08,3.139473e-07,1.633499e-08,1.558937e-08,6.677232e-09,1.117827e-07,4.768739e-08,5.491193e-08,1.405729e-08,4.865429e-08,1.876052e-08
23.168950,1.548512e-07,1.102565e-07,1.583247e-06,5.453385e-07,1.900690e-06,1.948839e-07,7.975934e-07,3.358124e-07,8.385816e-07,4.027093e-07,3.698306e-07,1.589301e-07,1.787089e-07,2.474877e-07,8.282446e-08,2.973069e-07,1.578498e-08,1.420567e-08,1.190311e-08,7.432666e-08,4.495425e-08,4.496574e-08,1.408395e-08,6.454966e-08,2.833083e-08
23.193360,1.530714e-07,1.091225e-07,1.573797e-06,5.415748e-07,1.867773e-06,1.910184e-07,7.912719e-07,3.251780e-07,8.401767e-07,4.051201e-07,3.833944e-07,1.497691e-07,1.773229e-07,2.464912e-07,8.412288e-08,2.625176e-07,1.684764e-08,1.477042e-08,1.808051e-08,3.499052e-08,4.191592e-08,3.605085e-08,1.342343e-08,7.899195e-08,3.711565e-08
23.217770,1.493189e-07,1.084144e-07,1.541353e-06,5.391346e-07,1.864746e-06,1.891850e-07,7.854329e-07,3.113578e-07,8.031317e-07,3.921835e-07,3.824316e-07,1.394772e-07,1.686741e-07,2.440108e-07,8.416941e-08,1.976442e-07,1.990252e-08,1.397280e-08,2.295229e-08,3.015984e-08,3.664496e-08,2.907197e-08,1.304397e-08,8.894198e-08,4.264402e-08
23.242190,1.468964e-07,1.084496e-07,1.518991e-06,5.327841e-07,1.862989e-06,1.872992e-07,7.871688e-07,3.075264e-07,7.832841e-07,3.751059e-07,3.735700e-07,1.437234e-07,1.693898e-07,2.410426e-07,9.225975e-08,1.665238e-07,1.947762e-08,1.124415e-08,2.393722e-08,5.362205e-08,2.938817e-08,2.314228e-08,1.174570e-08,9.309890e-08,4.448822e-08
23.266600,1.452687e-07,1.070614e-07,1.493410e-06,5.255651e-07,1.872004e-06,1.888482e-07,7.904706e-07,3.035790e-07,7.872829e-07,3.739398e-07,3.753155e-07,1.468203e-07,1.809042e-07,2.427317e-07,1.010194e-07,1.728246e-07,1.833576e-08,1.013111e-08,2.534906e-08,9.319857e-08,1.982732e-08,1.915905e-08,1.000832e-08,8.682779e-08,4.397496e-08
23.291020,1.432713e-07,1.054132e-07,1.445473e-06,5.106655e-07,1.868516e-06,1.855042e-07,8.003486e-07,3.009670e-07,7.723316e-07,3.674176e-07,3.706875e-07,1.404023e-07,1.796417e-07,2.334289e-07,9.646103e-08,1.558378e-07,2.083329e-08,1.238729e-08,2.836591e-08,1.363524e-07,1.165089e-08,1.460748e-08,8.013576e-09,7.500870e-08,4.022311e-08
23.315430,1.415762e-07,1.037123e-07,1.403913e-06,4.973229e-07,1.882753e-06,1.803782e-07,7.854075e-07,2.935915e-07,7.541288e-07,3.541173e-07,3.725416e-07,1.402643e-07,1.661821e-07,2.210577e-07,9.608844e-08,1.375716e-07,2.390328e-08,1.349765e-08,3.140216e-08,1.705043e-07,5.313686e-09,1.129765e-08,6.089105e-09,5.594741e-08,3.544791e-08
23.339840,1.405556e-07,1.021505e-07,1.367729e-06,4.920221e-07,1.903789e-06,1.812195e-07,7.854507e-07,2.826306e-07,7.301925e-07,3.447636e-07,3.676823e-07,1.411215e-07,1.602152e-07,2.296875e-07,1.074468e-07,1.504759e-07,2.436422e-08,1.316066e-08,3.147357e-08,1.907383e-07,6.004411e-09,5.667213e-09,4.962821e-09,3.651471e-08,2.856508e-08
23.364260,1.404427e-07,9.976926e-08,1.340725e-06,4.786156e-07,1.878585e-06,1.800082e-07,7.989259e-07,2.826864e-07,7.176486e-07,3.371301e-07,3.503799e-07,1.399414e-07,1.615450e-07,2.353632e-07,1.155296e-07,1.625798e-07,2.416870e-08,1.477113e-08,3.060896e-08,2.002605e-07,1.074260e-08,2.213498e-09,5.734016e-09,1.975311e-08,2.312268e-08
23.388670,1.383770e-07,9.755616e-08,1.308103e-06,4.645714e-07,1.857069e-06,1.770626e-07,7.863664e-07,2.782403e-07,7.349971e-07,3.394368e-07,3.497046e-07,1.451171e-07,1.574438e-07,2.225639e-07,1.171566e-07,1.873398e-07,2.488798e-08,1.591241e-08,3.133362e-08,2.141164e-07,1.544284e-08,1.239467e-08,6.924261e-09,1.772865e-08,2.253389e-08
23.413090,1.369707e-07,9.682060e-08,1.296479e-06,4.536205e-07,1.840155e-06,1.734946e-07,7.708993e-07,2.655734e-07,7.223648e-07,3.366858e-07,3.560113e-07,1.468235e-07,1.570211e-07,2.119564e-07,1.175718e-07,2.396144e-07,2.472371e-08,1.508222e-08,3.282015e-08,2.288150e-07,1.916355e-08,2.310158e-08,8.532497e-09,2.797084e-08,2.591190e-08
23.437500,1.361949e-07,9.525605e-08,1.302928e-06,4.442304e-07,1.815265e-06,1.703174e-07,7.598519e-07,2.646810e-07,6.958360e-07,3.173668e-07,3.454472e-07,1.409992e-07,1.543662e-07,2.101238e-07,1.161604e-07,2.734834e-07,2.259328e-08,1.506263e-08,3.128374e-08,2.366514e-07,2.277256e-08,3.280126e-08,9.746702e-09,4.067205e-08,3.029478e-08
23.461910,1.342697e-07,9.391227e-08,1.292910e-06,4.353199e-07,1.779093e-06,1.690951e-07,7.553711e-07,2.622776e-07,7.008619e-07,3.123288e-07,3.363573e-07,1.464398e-07,1.431015e-07,2.052996e-07,1.114167e-07,2.719540e-07,2.070205e-08,1.791267e-08,2.768758e-08,2.236297e-07,2.512825e-08,4.067242e-08,1.066212e-08,5.229708e-08,3.366231e-08
23.486330,1.326237e-07,9.298268e-08,1.296624e-06,4.241669e-07,1.730570e-06,1.634703e-07,7.504428e-07,2.587440e-07,6.901846e-07,3.122906e-07,3.337227e-07,1.526098e-07,1.432562e-07,2.071346e-07,1.140953e-07,2.689020e-07,2.128090e-08,1.972745e-08,2.325491e-08,2.080480e-07,2.888726e-08,4.608343e-08,1.123034e-08,5.817394e-08,3.596760e-08
23.510740,1.308775e-07,9.201506e-08,1.307532e-06,4.216685e-07,1.706561e-06,1.573584e-07,7.276301e-07,2.550648e-07,6.749743e-07,3.036857e-07,3.336682e-07,1.484939e-07,1.528319e-07,2.126797e-07,1.178115e-07,2.904462e-07,2.066872e-08,1.947668e-08,2.088591e-08,2.000930e-07,3.290341e-08,4.958235e-08,1.179038e-08,5.994577e-08,3.631059e-08
23.535160,1.293990e-07,9.082643e-08,1.316629e-06,4.160348e-07,1.661919e-06,1.562802e-07,7.235416e-07,2.451423e-07,6.585017e-07,2.983314e-07,3.407941e-07,1.473532e-07,1.487435e-07,2.009966e-07,1.107493e-07,3.071613e-07,1.729870e-08,1.809814e-08,1.750701e-08,1.980504e-07,3.704835e-08,5.103328e-08,1.275968e-08,5.586720e-08,3.647283e-08
23.559570,1.268764e-07,8.951802e-08,1.314843e-06,4.061652e-07,1.611185e-06,1.524375e-07,7.340015e-07,2.440378e-07,6.338202e-07,2.901821e-07,3.290593e-07,1.438978e-07,1.407262e-07,1.862675e-07,9.917041e-08,3.056238e-07,1.441791e-08,1.817633e-08,1.238826e-08,1.837266e-07,3.933377e-08,5.082900e-08,1.412637e-08,5.090611e-08,3.359184e-08
23.583980,1.251527e-07,8.899172e-08,1.309027e-06,4.020351e-07,1.589797e-06,1.489743e-07,7.257173e-07,2.445610e-07,6.342410e-07,2.883249e-07,3.123594e-07,1.368482e-07,1.430274e-07,1.940076e-07,9.615747e-08,3.113891e-07,1.404555e-08,1.760187e-08,7.152195e-09,1.583922e-07,3.948269e-08,4.992636e-08,1.536513e-08,4.805125e-08,2.996547e-08
23.608400,1.242699e-07,8.739084e-08,1.307462e-06,3.965894e-07,1.561480e-06,1.467039e-07,7.247725e-07,2.342742e-07,6.268502e-07,2.900721e-07,3.194185e-07,1.395530e-07,1.445139e-07,1.949576e-07,9.414943e-08,3.118619e-07,1.233585e-08,1.623541e-08,5.760240e-09,1.364735e-07,3.778368e-08,4.723553e-08,1.657380e-08,4.978691e-08,2.725330e-08
23.632810,1.219101e-07,8.563805e-08,1.284019e-06,3.919050e-07,1.535594e-06,1.454206e-07,7.254415e-07,2.288890e-07,5.942582e-07,2.775041e-07,3.202308e-07,1.399232e-07,1.450267e-07,1.855862e-07,8.791124e-08,2.823684e-07,1.092984e-08,1.538891e-08,6.450402e-09,1.221709e-07,3.572176e-08,4.503592e-08,1.717571e-08,5.382674e-08,2.864816e-08
23.657230,1.200970e-07,8.467607e-08,1.268427e-06,3.872621e-07,1.508867e-06,1.446883e-07,7.285827e-07,2.284225e-07,5.866196e-07,2.678220e-07,3.119767e-07,1.308142e-07,1.509324e-07,1.852736e-07,8.353802e-08,2.438861e-07,1.204421e-08,1.598416e-08,8.618514e-09,1.098472e-07,3.273723e-08,4.430119e-08,1.739847e-08,5.717003e-08,3.360549e-08
23.681640,1.187321e-07,8.331231e-08,1.264352e-06,3.856717e-07,1.492407e-06,1.399866e-07,7.264070e-07,2.259792e-07,5.866986e-07,2.686859e-07,3.072313e-07,1.259413e-07,1.444422e-07,1.802446e-07,7.737142e-08,2.354337e-07,1.301378e-08,1.504982e-08,1.282700e-08,7.916963e-08,2.851023e-08,4.381064e-08,1.669034e-08,6.166626e-08,3.862125e-08
23.706050,1.174782e-07,8.183162e-08,1.252492e-06,3.854793e-07,1.476343e-06,1.377725e-07,7.096397e-07,2.269766e-07,5.720722e-07,2.624095e-07,3.015749e-07,1.261773e-07,1.348560e-07,1.717186e-07,6.715459e-08,2.286229e-07,1.224608e-08,1.176923e-08,1.790772e-08,4.360035e-08,2.346418e-08,4.342491e-08,1.551174e-08,6.425592e-08,4.216894e-08
23.730470,1.170014e-07,8.094086e-08,1.253183e-06,3.797042e-07,1.448452e-06,1.398892e-07,7.185597e-07,2.248192e-07,5.661387e-07,2.556137e-07,3.049421e-07,1.245555e-07,1.429618e-07,1.801552e-07,7.031177e-08,2.027914e-07,1.264799e-08,9.504760e-09,2.083649e-08,1.682569e-08,1.913395e-08,4.041213e-08,1.385118e-08,6.639247e-08,4.351431e-08
23.754880,1.186461e-07,8.178502e-08,1.275847e-06,3.818228e-07,1.469497e-06,1.408236e-07,7.363441e-07,2.271758e-07,5.580886e-07,2.542506e-07,3.115443e-07,1.268584e-07,1.490681e-07,1.863312e-07,8.020817e-08,1.715399e-07,1.572063e-08,1.000058e-08,2.243017e-08,2.004450e-08,1.588487e-08,3.735845e-08,1.135447e-08,6.583311e-08,4.356754e-08
23.779300,1.219611e-07,8.218933e-08,1.310611e-06,3.866895e-07,1.504267e-06,1.416700e-07,7.284066e-07,2.355860e-07,5.641181e-07,2.530040e-07,3.001582e-07,1.296255e-07,1.484522e-07,1.769051e-07,7.934331e-08,1.525289e-07,1.799463e-08,1.022169e-08,2.396726e-08,4.032304e-08,1.386996e-08,3.214899e-08,8.789739e-09,6.009859e-08,4.231708e-08
23.803710,1.245097e-07,8.195022e-08,1.333499e-06,3.886722e-07,1.525670e-06,1.426822e-07,7.256933e-07,2.349358e-07,5.871410e-07,2.621942e-07,2.977469e-07,1.244095e-07,1.508942e-07,1.805883e-07,7.767439e-08,1.291956e-07,1.896198e-08,1.038012e-08,2.724862e-08,7.901082e-08,1.145715e-08,2.708267e-08,5.825051e-09,5.003820e-08,3.867977e-08
23.828120,1.271834e-07,8.278282e-08,1.353541e-06,3.912028e-07,1.551593e-06,1.437859e-07,7.276906e-07,2.348072e-07,5.835527e-07,2.640021e-07,3.111551e-07,1.283711e-07,1.484829e-07,1.906332e-07,8.355858e-08,1.124153e-07,2.009434e-08,1.244879e-08,2.901313e-08,1.173720e-07,8.069468e-09,1.945484e-08,3.748601e-09,3.721516e-08,3.369118e-08
23.852540,1.304006e-07,8.315633e-08,1.391808e-06,3.923595e-07,1.574001e-06,1.450390e-07,7.337867e-07,2.408283e-07,5.827489e-07,2.566482e-07,3.104792e-07,1.358492e-07,1.436440e-07,1.925536e-07,8.770249e-08,1.271609e-07,2.233899e-08,1.390583e-08,2.878660e-08,1.464027e-07,5.103913e-09,1.193766e-08,2.140031e-09,2.393865e-08,2.642824e-08
23.876950,1.329274e-07,8.376561e-08,1.417313e-06,3.975612e-07,1.610016e-06,1.430913e-07,7.394807e-07,2.439286e-07,5.964787e-07,2.589820e-07,3.067554e-07,1.315653e-07,1.491654e-07,1.990554e-07,9.404466e-08,1.434141e-07,2.223738e-08,1.394308e-08,2.734362e-08,1.639346e-07,6.869907e-09,6.771121e-09,1.874166e-09,1.451836e-08,1.813032e-08
23.901370,1.352862e-07,8.481208e-08,1.432716e-06,3.983711e-07,1.626500e-06,1.442847e-07,7.328803e-07,2.476130e-07,5.991821e-07,2.618523e-07,3.061303e-07,1.291013e-07,1.541276e-07,2.030154e-07,1.041828e-07,1.386654e-07,2.118259e-08,1.436254e-08,2.934309e-08,1.780623e-07,1.228588e-08,1.044853e-08,2.100965e-09,1.132360e-08,1.051891e-08
23.925780,1.374043e-07,8.638400e-08,1.445230e-06,3.969012e-07,1.639608e-06,1.476437e-07,7.492457e-07,2.469203e-07,6.036505e-07,2.613755e-07,3.059864e-07,1.341782e-07,1.458902e-07,1.924887e-07,1.033592e-07,1.445341e-07,2.158016e-08,1.729248e-08,3.139659e-08,1.946257e-07,1.930265e-08,1.640821e-08,2.627875e-09,1.440424e-08,5.875564e-09
23.950200,1.397187e-07,8.770938e-08,1.461319e-06,4.039036e-07,1.681054e-06,1.473602e-07,7.691040e-07,2.439409e-07,6.020248e-07,2.620027e-07,3.188749e-07,1.371475e-07,1.422028e-07,1.886536e-07,9.946275e-08,1.806280e-07,2.300436e-08,1.930742e-08,3.093892e-08,2.107380e-07,2.577859e-08,2.209043e-08,3.507413e-09,2.131615e-08,5.383634e-09
23.974610,1.399484e-07,8.921135e-08,1.468935e-06,4.068367e-07,1.692768e-06,1.491525e-07,7.679436e-07,2.505162e-07,6.002400e-07,2.602953e-07,3.208328e-07,1.417303e-07,1.521318e-07,2.014455e-07,1.047541e-07,2.138865e-07,2.244547e-08,1.965540e-08,2.830615e-08,2.147684e-07,3.266858e-08,2.567257e-08,5.482339e-09,2.769543e-08,7.364153e-09
23.999020,1.407496e-07,9.184822e-08,1.477113e-06,4.088895e-07,1.701394e-06,1.520236e-07,7.831944e-07,2.521364e-07,6.213884e-07,2.657830e-07,3.097610e-07,1.440880e-07,1.540346e-07,2.048795e-07,1.104905e-07,2.346188e-07,2.036307e-08,1.882932e-08,2.715310e-08,2.055731e-07,3.759885e-08,2.978672e-08,8.259951e-09,3.422040e-08,9.967897e-09
24.023440,1.425465e-07,9.343629e-08,1.506023e-06,4.115525e-07,1.715652e-06,1.547705e-07,8.010381e-07,2.459174e-07,6.259882e-07,2.726193e-07,3.155496e-07,1.388099e-07,1.591635e-07,1.960663e-07,1.098867e-07,2.561379e-07,1.877016e-08,1.934900e-08,2.682895e-08,1.920305e-07,3.972512e-08,3.293487e-08,1.121724e-08,4.092827e-08,1.280365e-08
24.047850,1.432592e-07,9.454132e-08,1.516810e-06,4.164526e-07,1.737311e-06,1.572650e-07,8.174896e-07,2.489217e-07,6.134049e-07,2.672957e-07,3.243646e-07,1.377422e-07,1.657736e-07,1.997235e-07,1.084653e-07,2.718887e-07,1.745916e-08,1.927016e-08,2.403238e-08,1.915641e-07,3.972096e-08,3.547778e-08,1.422719e-08,5.069032e-08,1.622526e-08
24.072270,1.443050e-07,9.581333e-08,1.524844e-06,4.192940e-07,1.749934e-06,1.572598e-07,8.295577e-07,2.529749e-07,6.279509e-07,2.669899e-07,3.230228e-07,1.453690e-07,1.600103e-07,1.988743e-07,1.078995e-07,2.639799e-07,1.438263e-08,1.771212e-08,1.829796e-08,1.854142e-07,3.781751e-08,3.742995e-08,1.658632e-08,6.224594e-08,1.947205e-08
24.096680,1.454214e-07,9.681968e-08,1.544499e-06,4.134495e-07,1.748527e-06,1.617880e-07,8.304546e-07,2.568404e-07,6.394954e-07,2.750983e-07,3.246829e-07,1.442610e-07,1.640642e-07,1.976814e-07,1.018814e-07,2.568697e-07,1.159663e-08,1.734699e-08,1.338280e-08,1.725978e-07,3.600785e-08,3.935251e-08,1.815820e-08,7.416386e-08,2.266713e-08
24.121090,1.470521e-07,9.747987e-08,1.564035e-06,4.146155e-07,1.789740e-06,1.663167e-07,8.561777e-07,2.634398e-07,6.398515e-07,2.752887e-07,3.243400e-07,1.402367e-07,1.821698e-07,2.122651e-07,1.029638e-07,2.811668e-07,1.143913e-08,1.873619e-08,1.001132e-08,1.470686e-07,3.391059e-08,4.219315e-08,1.845930e-08,8.163802e-08,2.690798e-08
24.145510,1.473788e-07,9.767309e-08,1.579617e-06,4.160272e-07,1.824905e-06,1.669088e-07,8.686525e-07,2.632694e-07,6.419303e-07,2.748222e-07,3.293385e-07,1.423723e-07,1.877513e-07,2.132733e-07,1.113118e-07,2.945406e-07,1.105085e-08,1.837591e-08,6.582561e-09,1.300780e-07,3.324741e-08,4.489400e-08,1.808683e-08,8.614918e-08,3.082594e-08
24.169920,1.479773e-07,9.893479e-08,1.588537e-06,4.117241e-07,1.833887e-06,1.687420e-07,8.572198e-07,2.688296e-07,6.302467e-07,2.736647e-07,3.425838e-07,1.396252e-07,1.801538e-07,2.025402e-07,1.073523e-07,2.756755e-07,8.845460e-09,1.563497e-08,3.348875e-09,1.225194e-07,3.232434e-08,4.532117e-08,1.712064e-08,8.329977e-08,3.476197e-08
24.194340,1.496895e-07,9.950744e-08,1.617175e-06,4.097628e-07,1.857622e-06,1.699630e-07,8.617765e-07,2.771686e-07,6.386655e-07,2.744545e-07,3.349897e-07,1.407958e-07,1.785354e-07,2.091041e-07,9.658937e-08,2.514836e-07,8.598164e-09,1.278019e-08,8.653833e-09,1.068205e-07,3.299515e-08,4.387147e-08,1.521296e-08,8.023252e-08,3.563238e-08
24.218750,1.499321e-07,9.962655e-08,1.635299e-06,4.079886e-07,1.877197e-06,1.713051e-07,8.717713e-07,2.738347e-07,6.594635e-07,2.853708e-07,3.242813e-07,1.476982e-07,1.809396e-07,2.230534e-07,9.651691e-08,2.448936e-07,1.171521e-08,1.154063e-08,1.413730e-08,7.728762e-08,3.417313e-08,4.048548e-08,1.365226e-08,7.402864e-08,3.480943e-08
24.243160,1.508862e-07,1.004984e-07,1.643078e-06,4.079987e-07,1.894894e-06,1.712047e-07,8.870275e-07,2.774879e-07,6.492436e-07,2.853950e-07,3.370960e-07,1.446914e-07,1.815313e-07,2.233568e-07,1.001459e-07,2.262571e-07,1.372292e-08,1.056219e-08,1.785474e-08,3.764048e-08,3.440723e-08,3.602680e-08,1.187302e-08,6.760791e-08,3.176920e-08
24.267580,1.521638e-07,1.008499e-07,1.668136e-06,4.050536e-07,1.892647e-06,1.696618e-07,8.938350e-07,2.841359e-07,6.524337e-07,2.777628e-07,3.427545e-07,1.405515e-07,1.870044e-07,2.192715e-07,1.023590e-07,2.005451e-07,1.557377e-08,9.553821e-09,2.011058e-08,1.129125e-08,3.339341e-08,3.101272e-08,1.165650e-08,5.782621e-08,2.877553e-08
24.291990,1.534124e-07,1.011172e-07,1.687972e-06,4.062896e-07,1.897150e-06,1.728674e-07,8.969401e-07,2.875136e-07,6.629682e-07,2.803328e-07,3.408550e-07,1.480589e-07,1.845974e-07,2.202846e-07,1.084631e-07,1.982822e-07,1.796956e-08,1.083923e-08,2.481914e-08,1.308313e-08,2.921842e-08,2.600027e-08,1.182150e-08,4.588775e-08,2.640491e-08
24.316410,1.548128e-07,1.012357e-07,1.704841e-06,4.141258e-07,1.915234e-06,1.737727e-07,9.280665e-07,2.927346e-07,6.612344e-07,2.801238e-07,3.403403e-07,1.515187e-07,1.687658e-07,2.167819e-07,1.088304e-07,1.923842e-07,2.082578e-08,1.223305e-08,2.863423e-08,4.457683e-08,2.373740e-08,2.093195e-08,1.210098e-08,3.377774e-08,2.435833e-08
24.340820,1.569092e-07,1.017130e-07,1.715890e-06,4.148519e-07,1.894136e-06,1.719924e-07,9.406597e-07,2.891595e-07,6.663378e-07,2.795356e-07,3.346190e-07,1.478183e-07,1.674274e-07,2.222179e-07,1.025417e-07,1.587032e-07,2.177465e-08,1.231733e-08,2.942506e-08,9.151795e-08,1.703395e-08,1.533314e-08,1.184267e-08,2.717660e-08,2.090673e-08
24.365230,1.614885e-07,1.018945e-07,1.727141e-06,4.170203e-07,1.883356e-06,1.739525e-07,9.408719e-07,2.900624e-07,6.573941e-07,2.787523e-07,3.464034e-07,1.471655e-07,1.727074e-07,2.377270e-07,1.074681e-07,1.337370e-07,2.214009e-08,1.281275e-08,2.757849e-08,1.320433e-07,1.109646e-08,1.169994e-08,1.068851e-08,2.711699e-08,1.703207e-08
24.389650,1.648800e-07,1.008375e-07,1.733898e-06,4.231992e-07,1.895951e-06,1.757834e-07,9.635969e-07,2.996364e-07,6.598485e-07,2.749427e-07,3.571407e-07,1.460341e-07,1.646074e-07,2.284112e-07,1.197909e-07,1.533173e-07,2.517627e-08,1.691342e-08,2.791546e-08,1.567489e-07,5.270542e-09,8.519819e-09,9.128128e-09,2.941163e-08,1.234585e-08
24.414060,1.687177e-07,1.010534e-07,1.714475e-06,4.265319e-07,1.897564e-06,1.774096e-07,9.806306e-07,2.974643e-07,6.859427e-07,2.818731e-07,3.464581e-07,1.468114e-07,1.548507e-07,2.136746e-07,1.216858e-07,1.648073e-07,2.813367e-08,2.048622e-08,2.922797e-08,1.780728e-07,3.179939e-09,4.817319e-09,6.964967e-09,2.715288e-08,1.078187e-08
24.438480,1.733403e-07,1.009033e-07,1.714086e-06,4.280001e-07,1.902122e-06,1.774092e-07,9.904391e-07,2.943041e-07,6.811812e-07,2.850320e-07,3.446548e-07,1.556595e-07,1.505227e-07,2.150864e-07,1.178081e-07,1.761770e-07,2.796084e-08,2.193534e-08,2.914178e-08,2.062104e-07,8.826153e-09,2.196270e-09,5.440530e-09,1.986689e-08,9.019401e-09
24.462890,1.769946e-07,1.008865e-07,1.714457e-06,4.261408e-07,1.905696e-06,1.774915e-07,9.944880e-07,2.996338e-07,6.730622e-07,2.767645e-07,3.499201e-07,1.566359e-07,1.439663e-07,2.131941e-07,1.179148e-07,2.008798e-07,2.665850e-08,2.248382e-08,2.687117e-08,2.326321e-07,1.391912e-08,1.030638e-08,5.911242e-09,1.002631e-08,7.749311e-09
24.487300,1.801688e-07,1.015102e-07,1.704472e-06,4.320526e-07,1.946527e-06,1.829106e-07,9.972697e-07,3.017877e-07,6.891913e-07,2.768513e-07,3.491182e-07,1.492679e-07,1.489575e-07,2.055639e-07,1.179096e-07,2.129065e-07,2.679456e-08,2.436909e-08,2.613806e-08,2.479626e-07,1.863834e-08,2.017543e-08,7.498365e-09,8.156184e-09,5.277194e-09
24.511720,1.825172e-07,1.030077e-07,1.699505e-06,4.350184e-07,1.972618e-06,1.859916e-07,1.019334e-06,3.082538e-07,6.954558e-07,2.822294e-07,3.503524e-07,1.528702e-07,1.604499e-07,2.051565e-07,1.169956e-07,2.159741e-07,2.599192e-08,2.581555e-08,2.637667e-08,2.458513e-07,2.291654e-08,2.987663e-08,9.806181e-09,2.239495e-08,7.174157e-09
24.536130,1.852897e-07,1.047874e-07,1.705931e-06,4.316880e-07,1.968542e-06,1.858542e-07,1.018392e-06,3.123874e-07,7.015360e-07,2.813468e-07,3.439387e-07,1.580484e-07,1.562098e-07,1.977713e-07,1.231637e-07,2.425051e-07,2.315846e-08,2.535903e-08,2.612777e-08,2.358935e-07,2.809200e-08,3.844450e-08,1.143359e-08,4.275161e-08,1.307812e-08
24.560550,1.854998e-07,1.062574e-07,1.721790e-06,4.356036e-07,2.003256e-06,1.897376e-07,9.971415e-07,3.135358e-07,7.021355e-07,2.814190e-07,3.426615e-07,1.556977e-07,1.523122e-07,1.835174e-07,1.196865e-07,2.860086e-07,2.077128e-08,2.526580e-08,2.288700e-08,2.285698e-07,3.397764e-08,4.814264e-08,1.258634e-08,6.280079e-08,2.065629e-08
24.584960,1.856788e-07,1.090814e-07,1.724925e-06,4.376595e-07,2.026527e-06,1.916398e-07,1.006813e-06,3.251459e-07,6.916616e-07,2.772154e-07,3.566542e-07,1.587877e-07,1.691880e-07,1.916919e-07,1.061565e-07,3.039787e-07,2.042316e-08,2.764706e-08,1.872934e-08,2.231307e-07,3.889867e-08,5.499583e-08,1.351071e-08,8.498747e-08,2.761660e-08
24.609380,1.869730e-07,1.110412e-07,1.756785e-06,4.397263e-07,2.042160e-06,1.940528e-07,1.010984e-06,3.298979e-07,7.097905e-07,2.780132e-07,3.552861e-07,1.581093e-07,1.831297e-07,2.051591e-07,1.051991e-07,2.995222e-07,1.886483e-08,2.853271e-08,1.685682e-08,2.070760e-07,4.231072e-08,6.077490e-08,1.434622e-08,1.011119e-07,3.501206e-08
24.633790,1.869773e-07,1.123006e-07,1.792106e-06,4.414615e-07,2.053452e-06,1.960839e-07,1.014192e-06,3.256508e-07,7.243015e-07,2.872383e-07,3.390670e-07,1.532999e-07,1.888875e-07,1.985359e-07,1.121076e-07,3.060496e-07,1.494421e-08,2.579456e-08,1.604196e-08,1.745509e-07,4.419525e-08,6.203813e-08,1.531879e-08,1.111977e-07,4.204775e-08
24.658200,1.881658e-07,1.138338e-07,1.803113e-06,4.479907e-07,2.077054e-06,1.976093e-07,1.011177e-06,3.320702e-07,7.144806e-07,2.852046e-07,3.398698e-07,1.598835e-07,1.974325e-07,2.004244e-07,1.128308e-07,3.153237e-07,1.108653e-08,2.252193e-08,1.301462e-08,1.447687e-07,4.423305e-08,6.071875e-08,1.639877e-08,1.142064e-07,4.717509e-08
24.682620,1.902921e-07,1.145669e-07,1.820281e-06,4.550486e-07,2.099627e-06,2.024723e-07,1.005330e-06,3.387501e-07,7.245486e-07,2.796492e-07,3.449041e-07,1.634516e-07,1.972721e-07,2.163806e-07,1.097304e-07,3.019386e-07,1.014436e-08,2.144269e-08,1.095903e-08,1.299305e-07,4.285550e-08,5.577029e-08,1.703879e-08,1.105878e-07,4.997330e-08
24.707030,1.934279e-07,1.147488e-07,1.829262e-06,4.524132e-07,2.083685e-06,2.016816e-07,1.021281e-06,3.417854e-07,7.361530e-07,2.828185e-07,3.455103e-07,1.567068e-07,1.922945e-07,2.233144e-07,1.077590e-07,2.910992e-07,8.435070e-09,1.957417e-08,1.322894e-08,1.200982e-07,4.086698e-08,5.014219e-08,1.776766e-08,1.021981e-07,4.837560e-08
24.731450,1.953607e-07,1.140932e-07,1.837224e-06,4.551460e-07,2.103974e-06,2.006230e-07,1.011566e-06,3.463838e-07,7.313223e-07,2.826098e-07,3.443532e-07,1.569310e-07,2.030735e-07,2.361159e-07,1.024178e-07,3.055723e-07,8.668264e-09,1.612918e-08,1.619241e-08,8.900829e-08,3.672590e-08,4.510661e-08,1.787889e-08,9.328173e-08,4.338510e-08
24.755860,1.973674e-07,1.147765e-07,1.834080e-06,4.605334e-07,2.143379e-06,2.030568e-07,9.998816e-07,3.407771e-07,7.345530e-07,2.806389e-07,3.347879e-07,1.601121e-07,2.117113e-07,2.519153e-07,1.040044e-07,2.969758e-07,1.222643e-08,1.392594e-08,1.695589e-08,6.275859e-08,3.246146e-08,4.095522e-08,1.761349e-08,8.249900e-08,3.664493e-08
24.780270,2.011127e-07,1.152217e-07,1.852931e-06,4.593477e-07,2.152258e-06,2.029406e-07,1.013873e-06,3.443282e-07,7.242083e-07,2.807977e-07,3.366831e-07,1.592832e-07,1.991440e-07,2.467437e-07,1.171158e-07,2.581356e-07,1.395761e-08,1.290843e-08,1.997995e-08,5.897831e-08,2.708999e-08,3.974529e-08,1.663506e-08,7.589989e-08,3.010744e-08
24.804690,2.023052e-07,1.151843e-07,1.882245e-06,4.574775e-07,2.172385e-06,2.025605e-07,1.016846e-06,3.536141e-07,7.284435e-07,2.770683e-07,3.511339e-07,1.605809e-07,1.926100e-07,2.405134e-07,1.191752e-07,2.347645e-07,1.494714e-08,1.059252e-08,2.474449e-08,6.240212e-08,2.474484e-08,3.936742e-08,1.492997e-08,7.046324e-08,2.695706e-08
24.829100,2.034901e-07,1.163025e-07,1.887010e-06,4.561125e-07,2.200521e-06,2.005446e-07,1.020559e-06,3.472646e-07,7.585211e-07,2.845553e-07,3.475377e-07,1.577617e-07,1.949407e-07,2.606143e-07,1.108811e-07,2.352257e-07,1.801624e-08,7.564700e-09,2.911856e-08,6.064521e-08,2.338670e-08,3.992049e-08,1.277749e-08,7.345475e-08,2.609377e-08
24.853520,2.046006e-07,1.173696e-07,1.910626e-06,4.602588e-07,2.245658e-06,1.996242e-07,1.021740e-06,3.502852e-07,7.487424e-07,2.873933e-07,3.383678e-07,1.466953e-07,1.898690e-07,2.699265e-07,1.139986e-07,2.252503e-07,2.267692e-08,1.074396e-08,3.003657e-08,7.261317e-08,2.240671e-08,3.901375e-08,9.943179e-09,7.894179e-08,2.753775e-08
24.877930,2.042169e-07,1.187202e-07,1.935689e-06,4.564677e-07,2.248107e-06,2.021753e-07,1.029706e-06,3.555202e-07,7.498801e-07,2.778945e-07,3.448891e-07,1.459377e-07,1.871870e-07,2.639314e-07,1.211590e-07,2.125503e-07,2.518918e-08,1.486897e-08,3.027153e-08,1.001209e-07,2.008962e-08,3.623837e-08,7.788141e-09,8.359358e-08,2.877365e-08
24.902340,2.031431e-07,1.198220e-07,1.955817e-06,4.542011e-07,2.249106e-06,1.985742e-07,1.056930e-06,3.597190e-07,7.658906e-07,2.789193e-07,3.454568e-07,1.512825e-07,1.827168e-07,2.642233e-07,1.235749e-07,2.105816e-07,2.633162e-08,1.718535e-08,3.075448e-08,1.309145e-07,1.554844e-08,3.010703e-08,5.260094e-09,8.190594e-08,3.006288e-08
24.926760,2.020087e-07,1.213283e-07,1.961060e-06,4.620301e-07,2.288489e-06,1.965866e-07,1.048702e-06,3.676636e-07,7.725605e-07,2.809202e-07,3.469354e-07,1.461474e-07,1.651417e-07,2.578290e-07,1.291731e-07,2.053314e-07,2.720778e-08,2.038871e-08,3.244603e-08,1.463640e-07,1.135266e-08,2.067315e-08,3.790374e-09,7.383470e-08,3.061225e-08
24.951170,2.029714e-07,1.223463e-07,1.958605e-06,4.663877e-07,2.289578e-06,1.979046e-07,1.044684e-06,3.674561e-07,7.859727e-07,2.821928e-07,3.457846e-07,1.415100e-07,1.570081e-07,2.464044e-07,1.325331e-07,1.889929e-07,2.881129e-08,2.423729e-08,3.198981e-08,1.655127e-07,9.264557e-09,9.957170e-09,2.246765e-09,6.014587e-08,2.872494e-08
24.975590,2.025605e-07,1.219815e-07,1.957169e-06,4.739839e-07,2.297944e-06,1.966736e-07,1.063961e-06,3.743804e-07,7.806574e-07,2.825691e-07,3.357108e-07,1.415279e-07,1.649675e-07,2.487318e-07,1.250427e-07,2.080043e-07,2.839475e-08,2.605751e-08,2.952243e-08,1.937955e-07,1.342216e-08,6.617538e-09,2.095840e-09,4.547890e-08,2.326181e-08
25.000000,2.032118e-07,1.224323e-07,1.922027e-06,4.849569e-07,2.302117e-06,1.974650e-07,1.067395e-06,3.889780e-07,7.752328e-07,2.760868e-07,3.472891e-07,1.392333e-07,1.642411e-07,2.448131e-07,1.262166e-07,2.541630e-07,2.671203e-08,2.659859e-08,2.779008e-08,2.254656e-07,2.194716e-08,1.518308e-08,3.115464e-09,3.190406e-08,1.577894e-08
25.024410,2.054418e-07,1.221374e-07,1.891477e-06,4.980510e-07,2.300994e-06,1.981461e-07,1.071478e-06,3.860643e-07,8.029505e-07,2.792552e-07,3.550289e-07,1.412875e-07,1.565031e-07,2.226076e-07,1.380700e-07,2.673346e-07,2.696268e-08,2.840593e-08,2.800906e-08,2.430019e-07,3.076595e-08,2.351394e-08,4.881227e-09,2.807010e-08,6.578347e-09
25.048830,2.066345e-07,1.212175e-07,1.869378e-06,5.070289e-07,2.298621e-06,2.020758e-07,1.065565e-06,3.835047e-07,8.085639e-07,2.880484e-07,3.445158e-07,1.452522e-07,1.571899e-07,2.090315e-07,1.383466e-07,2.606672e-07,2.825391e-08,3.157719e-08,2.666396e-08,2.396307e-07,3.904174e-08,3.228860e-08,6.694023e-09,3.332076e-08,5.826714e-09
25.073240,2.077064e-07,1.206868e-07,1.838778e-06,5.096896e-07,2.284679e-06,2.055648e-07,1.065039e-06,3.948270e-07,7.993263e-07,2.831669e-07,3.386055e-07,1.395726e-07,1.592881e-07,2.102430e-07,1.313658e-07,2.785295e-07,2.609099e-08,3.300365e-08,2.182085e-08,2.349432e-07,4.432847e-08,3.835505e-08,9.539603e-09,4.299076e-08,1.398854e-08
25.097660,2.084590e-07,1.206337e-07,1.822690e-06,5.204576e-07,2.327473e-06,2.039066e-07,1.067278e-06,3.988267e-07,8.246107e-07,2.816343e-07,3.382876e-07,1.375681e-07,1.651834e-07,2.043895e-07,1.280948e-07,2.950489e-07,2.250787e-08,3.156867e-08,1.608857e-08,2.345056e-07,4.708130e-08,4.242242e-08,1.264731e-08,5.435772e-08,2.097221e-08
25.122070,2.103818e-07,1.207451e-07,1.819173e-06,5.269851e-07,2.371053e-06,2.069081e-07,1.038718e-06,4.064950e-07,8.322032e-07,2.857793e-07,3.411540e-07,1.462446e-07,1.832805e-07,1.994749e-07,1.260623e-07,2.952269e-07,1.960838e-08,2.967232e-08,1.425552e-08,2.255830e-07,4.850219e-08,4.386490e-08,1.576196e-08,6.267051e-08,2.793697e-08
25.146480,2.088012e-07,1.194868e-07,1.828237e-06,5.213191e-07,2.374054e-06,2.097216e-07,1.021271e-06,4.033631e-07,8.302418e-07,2.813799e-07,3.450264e-07,1.463889e-07,1.880160e-07,2.017137e-07,1.264801e-07,3.159258e-07,1.712166e-08,2.976536e-08,1.270679e-08,1.996363e-07,4.760098e-08,4.445117e-08,1.841557e-08,6.548933e-08,3.420298e-08
25.170900,2.065426e-07,1.195755e-07,1.820780e-06,5.169280e-07,2.412299e-06,2.082585e-07,1.018650e-06,3.969516e-07,8.268047e-07,2.807947e-07,3.332804e-07,1.408988e-07,1.803960e-07,1.932425e-07,1.348846e-07,3.415093e-07,1.341055e-08,2.861136e-08,1.035368e-08,1.609822e-07,4.541399e-08,4.596899e-08,2.013854e-08,6.603302e-08,3.896093e-08
25.195310,2.052955e-07,1.195864e-07,1.828276e-06,5.108367e-07,2.455075e-06,2.079613e-07,9.951243e-07,4.040389e-07,8.069193e-07,2.766635e-07,3.236328e-07,1.437325e-07,1.856109e-07,1.995784e-07,1.350759e-07,3.346820e-07,1.051573e-08,2.477811e-08,1.071587e-08,1.262927e-07,4.118995e-08,4.744832e-08,2.138470e-08,6.473754e-08,4.128531e-08
25.219730,2.025381e-07,1.192441e-07,1.854145e-06,5.043497e-07,2.496165e-06,2.066870e-07,9.761615e-07,4.014781e-07,8.227739e-07,2.742471e-07,3.387245e-07,1.425387e-07,1.964923e-07,2.258860e-07,1.229949e-07,3.081752e-07,1.022611e-08,2.272850e-08,1.507274e-08,1.011680e-07,3.787737e-08,5.029595e-08,2.198423e-08,6.566457e-08,4.090606e-08
25.244140,2.008514e-07,1.193236e-07,1.858738e-06,4.919135e-07,2.508923e-06,2.076296e-07,9.560673e-07,3.930176e-07,8.371240e-07,2.816162e-07,3.388769e-07,1.444918e-07,1.939998e-07,2.346622e-07,1.195246e-07,3.092232e-07,9.359688e-09,2.221701e-08,1.679999e-08,7.683294e-08,3.646937e-08,4.947664e-08,2.144549e-08,6.747115e-08,3.631741e-08
25.268550,1.994871e-07,1.187152e-07,1.862247e-06,4.841592e-07,2.531591e-06,2.073638e-07,9.467242e-07,3.946993e-07,8.237651e-07,2.800645e-07,3.285430e-07,1.505209e-07,1.886253e-07,2.273210e-07,1.265092e-07,3.284116e-07,7.999147e-09,1.904065e-08,1.722811e-08,4.474005e-08,3.806966e-08,4.892505e-08,2.015114e-08,6.807289e-08,3.170227e-08
25.292970,1.986912e-07,1.179096e-07,1.859319e-06,4.836350e-07,2.568225e-06,2.028186e-07,9.427127e-07,3.957883e-07,8.283674e-07,2.727720e-07,3.292341e-07,1.442997e-07,1.864232e-07,2.339368e-07,1.274013e-07,3.214461e-07,1.051574e-08,1.339604e-08,1.965294e-08,3.474635e-08,4.007951e-08,4.574911e-08,1.762615e-08,7.010695e-08,2.621447e-08
25.317380,1.973843e-07,1.163969e-07,1.854714e-06,4.763481e-07,2.546147e-06,2.042503e-07,9.161135e-07,3.994092e-07,8.384417e-07,2.726846e-07,3.278456e-07,1.367195e-07,1.768075e-07,2.440090e-07,1.236302e-07,3.070953e-07,1.564902e-08,9.907658e-09,2.416303e-08,6.587874e-08,4.042693e-08,4.263703e-08,1.534867e-08,7.319676e-08,2.446838e-08
25.341800,1.960293e-07,1.154249e-07,1.842562e-06,4.722109e-07,2.517261e-06,2.056127e-07,9.134371e-07,4.000190e-07,8.443462e-07,2.725094e-07,3.319896e-07,1.385163e-07,1.743996e-07,2.447015e-07,1.226875e-07,3.115035e-07,1.832664e-08,9.756548e-09,2.583897e-08,8.656217e-08,3.836637e-08,3.759757e-08,1.275809e-08,7.825670e-08,2.389573e-08
25.366210,1.967633e-07,1.145183e-07,1.826101e-06,4.713899e-07,2.496311e-06,2.060843e-07,9.241597e-07,3.948373e-07,8.530751e-07,2.729667e-07,3.307422e-07,1.367055e-07,1.815218e-07,2.544807e-07,1.157616e-07,3.050905e-07,2.027091e-08,1.086111e-08,2.568585e-08,9.469167e-08,3.462561e-08,3.079419e-08,1.146925e-08,8.372316e-08,2.494500e-08
25.390620,1.960023e-07,1.126030e-07,1.829382e-06,4.676401e-07,2.451327e-06,2.096650e-07,9.208228e-07,4.057413e-07,8.394838e-07,2.709207e-07,3.163314e-07,1.337126e-07,1.686537e-07,2.576151e-07,1.093417e-07,2.792134e-07,2.344909e-08,1.321859e-08,2.574502e-08,1.118978e-07,2.899651e-08,2.396780e-08,1.060473e-08,8.447312e-08,2.724764e-08
25.415040,1.958447e-07,1.117523e-07,1.821633e-06,4.636305e-07,2.408153e-06,2.127688e-07,9.228334e-07,4.129244e-07,8.408081e-07,2.636525e-07,3.180932e-07,1.333022e-07,1.508852e-07,2.385924e-07,1.170391e-07,2.904976e-07,2.559481e-08,1.769663e-08,2.707463e-08,1.378644e-07,2.195829e-08,1.727691e-08,1.034241e-08,8.060456e-08,2.953906e-08
25.439450,1.970230e-07,1.108673e-07,1.814965e-06,4.591453e-07,2.364931e-06,2.169515e-07,9.186759e-07,4.027728e-07,8.665571e-07,2.675822e-07,3.296802e-07,1.286013e-07,1.515922e-07,2.360649e-07,1.194625e-07,3.169607e-07,2.587009e-08,2.119745e-08,2.712384e-08,1.507506e-07,1.376632e-08,1.327325e-08,9.939640e-09,6.978095e-08,3.077830e-08
25.463870,1.979332e-07,1.096973e-07,1.822582e-06,4.622932e-07,2.350929e-06,2.180756e-07,9.194347e-07,4.035037e-07,8.521718e-07,2.719945e-07,3.236728e-07,1.256505e-07,1.503730e-07,2.445031e-07,1.065098e-07,3.093383e-07,2.722784e-08,2.254437e-08,2.536668e-08,1.492852e-07,5.158514e-09,9.143289e-09,8.970125e-09,5.667754e-08,3.010906e-08
25.488280,1.992821e-07,1.086091e-07,1.823826e-06,4.617122e-07,2.324400e-06,2.162375e-07,9.186413e-07,4.076377e-07,8.458037e-07,2.649998e-07,3.151049e-07,1.317772e-07,1.484021e-07,2.302350e-07,1.017477e-07,2.899765e-07,3.010867e-08,2.564606e-08,2.379373e-08,1.505653e-07,7.276954e-09,4.517502e-09,7.721374e-09,4.279780e-08,2.585550e-08
25.512700,2.006352e-07,1.078322e-07,1.826742e-06,4.544276e-07,2.262552e-06,2.192496e-07,8.992509e-07,4.098602e-07,8.601981e-07,2.643935e-07,3.107389e-07,1.316720e-07,1.504253e-07,2.152801e-07,1.082972e-07,2.925525e-07,3.150403e-08,3.116468e-08,2.505822e-08,1.718248e-07,1.570836e-08,3.324964e-09,5.000646e-09,3.196133e-08,2.073315e-08
25.537110,2.042339e-07,1.077069e-07,1.824801e-06,4.567413e-07,2.250230e-06,2.199061e-07,8.998416e-07,4.135029e-07,8.560053e-07,2.655889e-07,3.074839e-07,1.252760e-07,1.430780e-07,2.093849e-07,1.105963e-07,2.985026e-07,3.022538e-08,3.434531e-08,2.578937e-08,1.881165e-07,2.325066e-08,1.208157e-08,2.593115e-09,3.020232e-08,1.517941e-08
25.561520,2.064888e-07,1.065292e-07,1.838621e-06,4.584057e-07,2.241513e-06,2.168592e-07,9.047530e-07,4.055473e-07,8.555351e-07,2.629393e-07,3.145293e-07,1.284816e-07,1.379290e-07,1.962281e-07,1.146919e-07,2.881574e-07,2.801117e-08,3.462030e-08,2.436275e-08,1.919143e-07,3.053687e-08,2.244781e-08,3.673277e-09,3.660131e-08,1.420710e-08
25.585940,2.088320e-07,1.065079e-07,1.837204e-06,4.580305e-07,2.216854e-06,2.158588e-07,8.864175e-07,4.036032e-07,8.407944e-07,2.619512e-07,3.075075e-07,1.315733e-07,1.516290e-07,1.909542e-07,1.183474e-07,3.035553e-07,2.712164e-08,3.586509e-08,2.101155e-08,1.868375e-07,3.718404e-08,3.318175e-08,7.016490e-09,4.521145e-08,1.762374e-08
25.610350,2.114287e-07,1.064301e-07,1.820971e-06,4.582556e-07,2.198485e-06,2.135227e-07,8.781401e-07,4.102391e-07,8.204805e-07,2.559051e-07,2.950322e-07,1.311627e-07,1.616057e-07,1.967490e-07,1.093059e-07,3.234845e-07,2.582119e-08,3.738853e-08,1.914187e-08,1.914746e-07,4.529816e-08,4.397824e-08,1.056188e-08,5.037476e-08,2.204237e-08
25.634770,2.115529e-07,1.065213e-07,1.819988e-06,4.615544e-07,2.184892e-06,2.121343e-07,8.739116e-07,4.027864e-07,8.427667e-07,2.541965e-07,3.044781e-07,1.337707e-07,1.593642e-07,1.871270e-07,1.083945e-07,3.065429e-07,2.323432e-08,3.737491e-08,1.796718e-08,1.971481e-07,5.122421e-08,5.450073e-08,1.353773e-08,5.208429e-08,2.562610e-08
25.659180,2.116464e-07,1.077753e-07,1.806312e-06,4.677339e-07,2.189702e-06,2.095431e-07,8.732694e-07,3.976039e-07,8.520947e-07,2.612178e-07,3.102000e-07,1.295009e-07,1.638383e-07,1.748374e-07,1.242449e-07,2.738192e-07,2.106635e-08,3.545037e-08,1.497328e-08,1.879145e-07,5.608844e-08,6.434992e-08,1.567828e-08,4.696025e-08,2.853763e-08
25.683590,2.111564e-07,1.093356e-07,1.794383e-06,4.632279e-07,2.146659e-06,2.054078e-07,8.759930e-07,4.027096e-07,8.385045e-07,2.578655e-07,3.048677e-07,1.250941e-07,1.715244e-07,1.887289e-07,1.285078e-07,2.723847e-07,2.068433e-08,3.439523e-08,1.147184e-08,1.641405e-07,5.798783e-08,6.944464e-08,1.696774e-08,4.377277e-08,2.921030e-08
25.708010,2.114157e-07,1.109938e-07,1.777520e-06,4.655306e-07,2.134136e-06,2.073108e-07,8.621710e-07,4.028051e-07,8.497701e-07,2.507670e-07,3.029506e-07,1.313596e-07,1.729003e-07,2.041708e-07,1.272455e-07,2.774960e-07,1.825332e-08,3.447993e-08,1.168072e-08,1.412117e-07,5.904465e-08,7.171200e-08,1.747367e-08,4.429146e-08,2.742639e-08
25.732420,2.097688e-07,1.116468e-07,1.766128e-06,4.688313e-07,2.147684e-06,2.069391e-07,8.723090e-07,4.040016e-07,8.600371e-07,2.515663e-07,3.014201e-07,1.340467e-07,1.816094e-07,2.103553e-07,1.288661e-07,2.632392e-07,1.368615e-08,3.276941e-08,1.388448e-08,1.243554e-07,5.820200e-08,6.804423e-08,1.692099e-08,5.341864e-08,2.417796e-08
25.756840,2.079274e-07,1.132389e-07,1.746109e-06,4.660642e-07,2.131394e-06,2.057973e-07,8.864153e-07,4.009889e-07,8.611595e-07,2.510013e-07,3.057139e-07,1.285636e-07,1.852357e-07,2.250471e-07,1.290888e-07,2.540660e-07,9.818904e-09,2.762493e-08,1.480743e-08,1.097225e-07,5.455106e-08,6.231189e-08,1.589258e-08,6.589972e-08,2.035534e-08
25.781250,2.076917e-07,1.143355e-07,1.717787e-06,4.668677e-07,2.134265e-06,2.086080e-07,8.801305e-07,3.961001e-07,8.687464e-07,2.506631e-07,3.105967e-07,1.252235e-07,1.729646e-07,2.301181e-07,1.291010e-07,2.544639e-07,8.959908e-09,2.305781e-08,1.510049e-08,8.230419e-08,4.902720e-08,5.353737e-08,1.373317e-08,7.763834e-08,2.064048e-08
25.805660,2.055795e-07,1.143995e-07,1.715456e-06,4.707622e-07,2.144226e-06,2.094366e-07,8.848018e-07,4.042483e-07,8.556912e-07,2.498161e-07,2.981075e-07,1.241064e-07,1.694719e-07,2.267508e-07,1.368306e-07,2.416639e-07,7.923638e-09,2.001100e-08,1.900631e-08,5.740567e-08,4.108583e-08,4.281189e-08,1.203955e-08,8.912736e-08,2.387391e-08
25.830080,2.038916e-07,1.149642e-07,1.701299e-06,4.783969e-07,2.160574e-06,2.111193e-07,8.813888e-07,4.026596e-07,8.588594e-07,2.446754e-07,2.914104e-07,1.198958e-07,1.784618e-07,2.436143e-07,1.415530e-07,2.185826e-07,8.217028e-09,1.688611e-08,2.352632e-08,5.912934e-08,3.314501e-08,3.286459e-08,1.038348e-08,9.800518e-08,2.794532e-08
25.854490,2.020132e-07,1.150510e-07,1.686168e-06,4.771456e-07,2.140498e-06,2.077745e-07,8.815839e-07,3.887700e-07,8.806029e-07,2.480579e-07,3.041791e-07,1.191545e-07,1.771921e-07,2.581685e-07,1.300176e-07,2.371872e-07,1.084146e-08,1.142674e-08,2.584855e-08,7.296869e-08,2.690272e-08,2.457181e-08,9.269791e-09,1.032794e-07,3.127926e-08
25.878910,1.992808e-07,1.145811e-07,1.669290e-06,4.752736e-07,2.109139e-06,2.047824e-07,8.693874e-07,3.870159e-07,8.606456e-07,2.511446e-07,3.056553e-07,1.162299e-07,1.692661e-07,2.491862e-07,1.216657e-07,2.663273e-07,1.232413e-08,9.018625e-09,2.598447e-08,8.240729e-08,2.580005e-08,2.464923e-08,8.324681e-09,1.027850e-07,3.168397e-08
25.903320,1.952112e-07,1.132202e-07,1.652608e-06,4.808572e-07,2.126362e-06,2.054299e-07,8.469943e-07,3.839492e-07,8.527052e-07,2.437773e-07,2.979585e-07,1.069499e-07,1.631675e-07,2.428585e-07,1.264038e-07,2.549398e-07,1.373521e-08,8.691433e-09,2.756612e-08,9.199064e-08,2.552424e-08,2.778440e-08,7.582166e-09,9.424771e-08,3.140614e-08
25.927730,1.906251e-07,1.124728e-07,1.635811e-06,4.787534e-07,2.112134e-06,2.001674e-07,8.501634e-07,3.836569e-07,8.612631e-07,2.429955e-07,2.926625e-07,1.064230e-07,1.535031e-07,2.451144e-07,1.236315e-07,2.455345e-07,1.718755e-08,7.311192e-09,2.864307e-08,1.104003e-07,2.546425e-08,3.234272e-08,7.210491e-09,8.033553e-08,2.926240e-08
25.952150,1.875981e-07,1.117290e-07,1.608712e-06,4.762231e-07,2.091795e-06,1.954444e-07,8.400753e-07,3.818268e-07,8.501959e-07,2.419107e-07,2.858512e-07,1.103066e-07,1.501461e-07,2.412148e-07,1.167759e-07,2.688412e-07,2.131387e-08,1.005097e-08,2.825599e-08,1.306366e-07,2.486802e-08,3.266121e-08,6.100350e-09,5.974687e-08,2.606438e-08
25.976560,1.835272e-07,1.100228e-07,1.599685e-06,4.735046e-07,2.085925e-06,1.926285e-07,8.126918e-07,3.692623e-07,8.469044e-07,2.381675e-07,2.877859e-07,1.060141e-07,1.564916e-07,2.371219e-07,1.125992e-07,2.854040e-07,2.288499e-08,1.587507e-08,2.543561e-08,1.338321e-07,2.191867e-08,2.890135e-08,5.260018e-09,3.906849e-08,2.133400e-08
26.000980,1.807607e-07,1.090171e-07,1.587353e-06,4.701927e-07,2.082594e-06,1.883043e-07,7.998111e-07,3.720745e-07,8.200998e-07,2.370056e-07,2.892301e-07,1.041660e-07,1.525308e-07,2.333928e-07,1.016403e-07,2.838943e-07,2.271991e-08,2.008643e-08,2.361769e-08,1.330847e-07,1.854561e-08,2.174123e-08,3.595905e-09,1.855354e-08,1.503972e-08
26.025390,1.807989e-07,1.073843e-07,1.562256e-06,4.637947e-07,2.078587e-06,1.851835e-07,7.840128e-07,3.742518e-07,7.972750e-07,2.293916e-07,2.750957e-07,1.057472e-07,1.382459e-07,2.162519e-07,9.479227e-08,3.075434e-07,2.288354e-08,2.232977e-08,2.284962e-08,1.377976e-07,1.244698e-08,1.213916e-08,2.046621e-09,2.623349e-09,1.050845e-08
26.049800,1.795640e-07,1.050342e-07,1.546027e-06,4.527418e-07,2.058193e-06,1.803900e-07,7.758574e-07,3.636233e-07,8.150254e-07,2.285646e-07,2.742161e-07,1.069860e-07,1.368672e-07,1.993320e-07,1.046515e-07,3.281807e-07,2.363258e-08,2.614686e-08,2.211337e-08,1.493765e-07,1.019832e-08,2.218495e-09,1.151412e-09,1.520636e-08,1.062246e-08
26.074220,1.786692e-07,1.026824e-07,1.518011e-06,4.502402e-07,2.068853e-06,1.790416e-07,7.621974e-07,3.625317e-07,8.048629e-07,2.340971e-07,2.809836e-07,1.112998e-07,1.405893e-07,2.033000e-07,1.107513e-07,3.112979e-07,2.323749e-08,2.959833e-08,1.977574e-08,1.563114e-07,1.759324e-08,1.077912e-08,2.608127e-09,2.563766e-08,1.445073e-08
26.098630,1.777460e-07,1.005894e-07,1.487783e-06,4.453946e-07,2.079900e-06,1.798659e-07,7.458096e-07,3.630075e-07,7.876451e-07,2.296860e-07,2.778261e-07,1.142605e-07,1.375309e-07,2.017392e-07,1.041125e-07,2.871093e-07,2.257075e-08,3.089099e-08,1.611848e-08,1.492615e-07,2.706372e-08,2.247831e-08,4.036491e-09,3.304449e-08,1.757009e-08
26.123050,1.782424e-07,9.893201e-08,1.451859e-06,4.364309e-07,2.051543e-06,1.766309e-07,7.505680e-07,3.652504e-07,7.895565e-07,2.247218e-07,2.759349e-07,1.100308e-07,1.385666e-07,1.833739e-07,1.019133e-07,2.964873e-07,2.239746e-08,3.102270e-08,1.408397e-08,1.425261e-07,3.616488e-08,3.418013e-08,5.670014e-09,3.305606e-08,1.987834e-08
26.147460,1.765333e-07,9.660534e-08,1.426640e-06,4.351369e-07,2.043915e-06,1.766524e-07,7.420400e-07,3.652716e-07,7.843716e-07,2.226960e-07,2.705358e-07,1.088261e-07,1.384836e-07,1.758217e-07,1.090099e-07,2.993364e-07,2.253445e-08,3.247108e-08,1.263327e-08,1.396369e-07,4.336680e-08,4.329772e-08,7.219633e-09,2.826132e-08,1.989605e-08
26.171880,1.742714e-07,9.557517e-08,1.397715e-06,4.340690e-07,2.027307e-06,1.777348e-07,7.283621e-07,3.534667e-07,7.865387e-07,2.199559e-07,2.691080e-07,1.144514e-07,1.321594e-07,1.721801e-07,1.144799e-07,2.789132e-07,2.019318e-08,3.439995e-08,8.994768e-09,1.394361e-07,4.863306e-08,4.918292e-08,9.281892e-09,1.630154e-08,1.946704e-08
26.196290,1.721439e-07,9.483781e-08,1.353376e-06,4.331656e-07,1.997892e-06,1.760881e-07,7.268276e-07,3.539526e-07,7.752353e-07,2.198249e-07,2.768207e-07,1.153681e-07,1.384685e-07,1.670115e-07,1.210955e-07,2.752019e-07,1.656384e-08,3.464315e-08,6.024151e-09,1.214764e-07,5.125488e-08,5.228988e-08,1.100902e-08,4.930347e-09,1.756548e-08
26.220700,1.683676e-07,9.410275e-08,1.324877e-06,4.276537e-07,1.950940e-06,1.738690e-07,7.181871e-07,3.592015e-07,7.529937e-07,2.138985e-07,2.691269e-07,1.140894e-07,1.480699e-07,1.782129e-07,1.270111e-07,2.689809e-07,1.478432e-08,3.185730e-08,8.276771e-09,9.692539e-08,5.140851e-08,5.309954e-08,1.268037e-08,2.019185e-08,1.552653e-08
26.245120,1.646603e-07,9.395832e-08,1.295277e-06,4.268028e-07,1.916645e-06,1.694266e-07,7.088975e-07,3.481189e-07,7.692747e-07,2.082960e-07,2.560669e-07,1.151701e-07,1.427143e-07,1.869610e-07,1.225568e-07,2.369085e-07,1.431802e-08,2.966250e-08,1.063103e-08,7.562771e-08,4.728704e-08,5.255838e-08,1.410699e-08,3.690129e-08,1.561501e-08
26.269530,1.610623e-07,9.366891e-08,1.267857e-06,4.289406e-07,1.910689e-06,1.677185e-07,6.965195e-07,3.379916e-07,7.727420e-07,2.122392e-07,2.581829e-07,1.115671e-07,1.341174e-07,1.796250e-07,1.183298e-07,2.104398e-07,1.259146e-08,2.815013e-08,1.141559e-08,6.424502e-08,4.080234e-08,5.149006e-08,1.513588e-08,5.254428e-08,1.980314e-08
26.293950,1.584649e-07,9.334019e-08,1.251207e-06,4.224273e-07,1.868166e-06,1.668883e-07,6.826070e-07,3.351434e-07,7.501157e-07,2.099939e-07,2.612159e-07,1.084981e-07,1.349940e-07,1.813081e-07,1.280904e-07,2.195122e-07,1.118308e-08,2.581177e-08,1.415711e-08,5.115648e-08,3.375716e-08,4.790697e-08,1.561386e-08,6.365424e-08,2.723779e-08
26.318360,1.559830e-07,9.210287e-08,1.238575e-06,4.179188e-07,1.835725e-06,1.613446e-07,6.848876e-07,3.310803e-07,7.513262e-07,2.039660e-07,2.599913e-07,1.113623e-07,1.367728e-07,1.960217e-07,1.321991e-07,2.217025e-07,1.133136e-08,2.146484e-08,1.790377e-08,3.723450e-08,2.866900e-08,4.431355e-08,1.531536e-08,7.321167e-08,3.452596e-08
26.342770,1.539030e-07,9.085809e-08,1.233521e-06,4.139059e-07,1.826977e-06,1.584279e-07,6.683475e-07,3.301242e-07,7.548025e-07,2.041982e-07,2.553550e-07,1.061949e-07,1.354249e-07,2.004028e-07,1.250355e-07,2.035265e-07,1.019612e-08,1.861652e-08,2.136678e-08,4.671631e-08,2.554901e-08,3.850349e-08,1.404847e-08,7.799852e-08,3.970468e-08
26.367190,1.537715e-07,8.944065e-08,1.217057e-06,4.065582e-07,1.809735e-06,1.554883e-07,6.468595e-07,3.209556e-07,7.513626e-07,2.027954e-07,2.442673e-07,9.824921e-08,1.372575e-07,1.963506e-07,1.195805e-07,1.945394e-07,8.285230e-09,1.717992e-08,2.259632e-08,6.881855e-08,2.357354e-08,3.399327e-08,1.203696e-08,8.013955e-08,4.290711e-08
26.391600,1.523053e-07,8.702803e-08,1.211550e-06,3.998626e-07,1.800730e-06,1.516341e-07,6.378420e-07,3.122077e-07,7.466732e-07,2.014974e-07,2.453466e-07,9.845681e-08,1.312167e-07,1.993670e-07,1.157667e-07,2.084910e-07,9.693423e-09,1.433838e-08,2.409630e-08,8.361423e-08,2.233434e-08,2.925498e-08,8.974372e-09,7.684089e-08,4.304545e-08
26.416020,1.513350e-07,8.537625e-08,1.207057e-06,3.927983e-07,1.790806e-06,1.481645e-07,6.273261e-07,3.154646e-07,7.203320e-07,1.997020e-07,2.494900e-07,9.664250e-08,1.218067e-07,1.961134e-07,1.096302e-07,2.128917e-07,1.235994e-08,9.522739e-09,2.595348e-08,9.382286e-08,2.243677e-08,2.389468e-08,6.230589e-09,6.833808e-08,4.184401e-08
26.440430,1.509659e-07,8.375917e-08,1.195026e-06,3.910783e-07,1.794192e-06,1.442173e-07,6.214757e-07,3.086547e-07,7.116609e-07,1.935269e-07,2.388168e-07,9.324609e-08,1.281280e-07,1.913657e-07,1.074435e-07,2.170287e-07,1.294275e-08,8.518634e-09,2.756306e-08,1.036331e-07,2.243790e-08,1.805698e-08,3.864918e-09,5.582823e-08,3.860865e-08
26.464840,1.503588e-07,8.220952e-08,1.195225e-06,3.860432e-07,1.785928e-06,1.435245e-07,6.103785e-07,2.975076e-07,7.240222e-07,1.950099e-07,2.320816e-07,9.265733e-08,1.332605e-07,2.008077e-07,1.080750e-07,2.436498e-07,1.313587e-08,9.960463e-09,2.696960e-08,1.187055e-07,1.985066e-08,1.427162e-08,3.987412e-09,4.122691e-08,3.387383e-08
26.489260,1.487513e-07,8.058394e-08,1.194924e-06,3.787370e-07,1.747675e-06,1.412937e-07,6.057622e-07,2.977257e-07,7.063855e-07,1.990667e-07,2.369989e-07,8.761864e-08,1.271258e-07,1.984583e-07,9.647966e-08,2.582056e-07,1.429912e-08,1.037473e-08,2.493160e-08,1.283607e-07,1.606676e-08,1.426487e-08,5.623468e-09,2.603837e-08,2.745756e-08
26.513670,1.463051e-07,7.969032e-08,1.195648e-06,3.781956e-07,1.735736e-06,1.368376e-07,6.109045e-07,2.960732e-07,6.966169e-07,1.942263e-07,2.367761e-07,8.612817e-08,1.270786e-07,1.809187e-07,7.979916e-08,2.433434e-07,1.552803e-08,1.233192e-08,2.416209e-08,1.263211e-07,1.196852e-08,1.583826e-08,7.417978e-09,1.540411e-08,1.935421e-08
26.538090,1.447589e-07,7.947346e-08,1.187357e-06,3.739045e-07,1.711189e-06,1.361967e-07,6.018049e-07,2.977254e-07,6.991021e-07,1.922086e-07,2.354673e-07,9.112694e-08,1.273196e-07,1.788193e-07,7.903225e-08,2.417142e-07,1.571216e-08,1.524322e-08,2.439849e-08,1.215149e-07,1.105223e-08,1.685660e-08,8.572819e-09,9.778474e-09,1.052365e-08
26.562500,1.419969e-07,7.866509e-08,1.188891e-06,3.683737e-07,1.674949e-06,1.349184e-07,5.932489e-07,2.940690e-07,6.899062e-07,1.908199e-07,2.313930e-07,9.119331e-08,1.235942e-07,1.828939e-07,8.267081e-08,2.629233e-07,1.669904e-08,1.649037e-08,2.322308e-08,1.256198e-07,1.380384e-08,1.656996e-08,8.711257e-09,1.373943e-08,5.395204e-09
26.586910,1.395716e-07,7.849213e-08,1.196851e-06,3.622697e-07,1.642972e-06,1.318200e-07,5.965454e-07,2.852399e-07,6.890481e-07,1.879651e-07,2.257822e-07,8.774194e-08,1.276864e-07,1.771917e-07,7.999451e-08,2.684338e-07,1.828441e-08,1.623691e-08,2.080878e-08,1.312339e-07,1.783599e-08,1.687148e-08,7.842181e-09,1.983832e-08,9.367754e-09
26.611330,1.383424e-07,7.808779e-08,1.191476e-06,3.585564e-07,1.619744e-06,1.299891e-07,5.890621e-07,2.880909e-07,6.719464e-07,1.874819e-07,2.335811e-07,8.800672e-08,1.294000e-07,1.787122e-07,8.169078e-08,2.618128e-07,1.824709e-08,1.882111e-08,1.889203e-08,1.309419e-07,2.180948e-08,1.662136e-08,6.168328e-09,2.451523e-08,1.407402e-08
26.635740,1.376604e-07,7.766831e-08,1.201394e-06,3.565639e-07,1.617739e-06,1.288307e-07,5.895992e-07,2.900453e-07,6.600430e-07,1.834846e-07,2.360636e-07,8.880590e-08,1.209393e-07,1.782983e-07,8.275470e-08,2.646186e-07,1.658264e-08,2.192246e-08,1.810164e-08,1.233749e-07,2.702049e-08,1.724491e-08,4.716056e-09,2.580242e-08,1.807762e-08
26.660160,1.377095e-07,7.738620e-08,1.209056e-06,3.472773e-07,1.594107e-06,1.309915e-07,5.877645e-07,2.826028e-07,6.769532e-07,1.814879e-07,2.261743e-07,8.993555e-08,1.193592e-07,1.654526e-07,8.352148e-08,2.597935e-07,1.501270e-08,2.344441e-08,1.642754e-08,1.205895e-07,3.214818e-08,1.997186e-08,4.282780e-09,2.306826e-08,1.968975e-08
26.684570,1.379278e-07,7.690737e-08,1.208807e-06,3.412910e-07,1.586720e-06,1.311839e-07,5.876955e-07,2.789112e-07,6.756033e-07,1.857116e-07,2.276165e-07,9.437796e-08,1.262269e-07,1.667357e-07,9.681894e-08,2.339075e-07,1.479159e-08,2.338857e-08,1.304547e-08,1.236107e-07,3.742108e-08,2.618136e-08,5.788111e-09,1.826946e-08,1.990992e-08
26.708980,1.391974e-07,7.660603e-08,1.201648e-06,3.361455e-07,1.601468e-06,1.297379e-07,5.934553e-07,2.771870e-07,6.592109e-07,1.843471e-07,2.314813e-07,9.388241e-08,1.262545e-07,1.780650e-07,1.089755e-07,2.073782e-07,1.419660e-08,2.414027e-08,9.721672e-09,1.189339e-07,4.105765e-08,3.352571e-08,8.066178e-09,1.365649e-08,1.827168e-08
26.733400,1.393924e-07,7.562573e-08,1.189727e-06,3.283370e-07,1.594704e-06,1.314736e-07,5.788749e-07,2.767795e-07,6.586552e-07,1.810447e-07,2.339584e-07,9.068531e-08,1.255125e-07,1.755552e-07,1.074006e-07,2.085953e-07,1.306012e-08,2.459196e-08,7.642605e-09,1.069436e-07,4.449286e-08,4.151064e-08,1.042153e-08,1.732368e-08,1.432253e-08
26.757810,1.396914e-07,7.541668e-08,1.182502e-06,3.253584e-07,1.594354e-06,1.317378e-07,5.668121e-07,2.781916e-07,6.607369e-07,1.817374e-07,2.363324e-07,9.526926e-08,1.247489e-07,1.739557e-07,1.090424e-07,2.040510e-07,1.213406e-08,2.344211e-08,6.214742e-09,8.868210e-08,4.687347e-08,4.780704e-08,1.235789e-08,2.420847e-08,9.719755e-09
26.782230,1.410756e-07,7.534997e-08,1.160267e-06,3.237845e-07,1.587238e-06,1.312716e-07,5.656000e-07,2.709086e-07,6.646670e-07,1.817930e-07,2.303924e-07,9.771747e-08,1.180524e-07,1.790466e-07,1.170046e-07,1.784013e-07,1.170731e-08,2.141391e-08,4.321528e-09,7.502799e-08,4.897314e-08,5.132736e-08,1.364266e-08,3.096791e-08,9.548761e-09
26.806640,1.407209e-07,7.478018e-08,1.148002e-06,3.253798e-07,1.575196e-06,1.317493e-07,5.585235e-07,2.708320e-07,6.651371e-07,1.825749e-07,2.290905e-07,9.385620e-08,1.167416e-07,1.783136e-07,1.196853e-07,1.529640e-07,9.904798e-09,2.099439e-08,5.249741e-09,6.189475e-08,4.905054e-08,5.240924e-08,1.417242e-08,3.569275e-08,1.593573e-08
26.831050,1.399247e-07,7.486174e-08,1.139813e-06,3.243883e-07,1.546317e-06,1.317810e-07,5.543714e-07,2.764086e-07,6.430377e-07,1.811956e-07,2.365574e-07,9.195060e-08,1.240903e-07,1.810192e-07,1.231927e-07,1.495506e-07,7.677154e-09,2.062305e-08,9.218153e-09,4.574474e-08,4.642295e-08,5.048011e-08,1.365687e-08,4.020176e-08,2.325356e-08
26.855470,1.388048e-07,7.521368e-08,1.128057e-06,3.265009e-07,1.504853e-06,1.327996e-07,5.500282e-07,2.685531e-07,6.507589e-07,1.749866e-07,2.326124e-07,9.192731e-08,1.232132e-07,1.894734e-07,1.259683e-07,1.388197e-07,8.107355e-09,1.842726e-08,1.205772e-08,2.393379e-08,4.128153e-08,4.585521e-08,1.272823e-08,4.298089e-08,2.928450e-08
26.879880,1.381019e-07,7.588174e-08,1.125622e-06,3.338617e-07,1.492834e-06,1.309805e-07,5.492352e-07,2.659566e-07,6.649981e-07,1.782571e-07,2.242447e-07,9.071969e-08,1.151568e-07,1.850947e-07,1.194321e-07,1.378169e-07,9.568359e-09,1.445366e-08,1.406739e-08,2.574023e-08,3.472904e-08,3.852085e-08,1.082384e-08,4.425192e-08,3.332973e-08
26.904300,1.367407e-07,7.600688e-08,1.130923e-06,3.357233e-07,1.460105e-06,1.284340e-07,5.560568e-07,2.686650e-07,6.548348e-07,1.812469e-07,2.274688e-07,9.265498e-08,1.141464e-07,1.730349e-07,1.100891e-07,1.638638e-07,9.369026e-09,1.166745e-08,1.686580e-08,4.264145e-08,2.740276e-08,2.828601e-08,8.853059e-09,4.304430e-08,3.512374e-08
26.928710,1.351028e-07,7.622236e-08,1.147960e-06,3.388641e-07,1.426227e-06,1.288158e-07,5.480184e-07,2.707633e-07,6.601865e-07,1.785027e-07,2.297764e-07,9.194429e-08,1.160828e-07,1.777179e-07,1.126013e-07,1.752602e-07,9.642763e-09,1.040941e-08,2.069780e-08,5.444597e-08,2.128330e-08,1.739218e-08,6.652349e-09,3.787977e-08,3.565531e-08
26.953120,1.346816e-07,7.647168e-08,1.154314e-06,3.425865e-07,1.415270e-06,1.263935e-07,5.511523e-07,2.753531e-07,6.667902e-07,1.793237e-07,2.324956e-07,8.603718e-08,1.157251e-07,1.832801e-07,1.146742e-07,1.743424e-07,1.091633e-08,8.722871e-09,2.283273e-08,6.276308e-08,1.603052e-08,7.115030e-09,4.479300e-09,3.223725e-08,3.467015e-08
26.977540,1.331345e-07,7.585336e-08,1.159441e-06,3.447334e-07,1.409830e-06,1.233694e-07,5.612700e-07,2.712620e-07,6.693511e-07,1.792061e-07,2.323582e-07,8.766829e-08,1.196993e-07,1.776320e-07,1.069876e-07,1.932418e-07,1.150473e-08,8.145462e-09,2.314835e-08,7.954116e-08,1.317208e-08,8.635762e-09,2.996310e-09,2.622004e-08,3.167929e-08
27.001950,1.319061e-07,7.566639e-08,1.168425e-06,3.438140e-07,1.411826e-06,1.210404e-07,5.616919e-07,2.681730e-07,6.752615e-07,1.795911e-07,2.237099e-07,9.260691e-08,1.189917e-07,1.732974e-07,9.817004e-08,2.318621e-07,1.188003e-08,1.007805e-08,2.280008e-08,9.364351e-08,1.433325e-08,1.486468e-08,2.490839e-09,2.150652e-08,2.722492e-08
27.026370,1.316725e-07,7.539720e-08,1.162004e-06,3.387363e-07,1.408075e-06,1.199373e-07,5.662169e-07,2.759722e-07,6.608854e-07,1.812070e-07,2.291138e-07,9.159533e-08,1.120412e-07,1.691589e-07,9.075208e-08,2.516679e-07,1.345919e-08,1.140640e-08,2.385588e-08,1.002393e-07,1.677779e-08,1.858705e-08,3.256006e-09,1.680302e-08,2.055792e-08
27.050780,1.314740e-07,7.474634e-08,1.155625e-06,3.380212e-07,1.431544e-06,1.201989e-07,5.686999e-07,2.746787e-07,6.553789e-07,1.774791e-07,2.365205e-07,9.223259e-08,1.163392e-07,1.608945e-07,8.100345e-08,2.553036e-07,1.509056e-08,1.108273e-08,2.422660e-08,1.012541e-07,1.669678e-08,1.973421e-08,3.671662e-09,1.112127e-08,1.307036e-08
27.075200,1.312986e-07,7.390049e-08,1.147287e-06,3.355427e-07,1.468830e-06,1.176763e-07,5.793019e-07,2.669237e-07,6.764596e-07,1.769452e-07,2.300646e-07,9.287111e-08,1.238246e-07,1.670544e-07,7.920614e-08,2.691561e-07,1.521101e-08,1.338971e-08,2.289229e-08,1.057805e-07,1.439320e-08,1.875974e-08,3.730600e-09,6.701341e-09,6.517323e-09
27.099610,1.310703e-07,7.308416e-08,1.137691e-06,3.302817e-07,1.473953e-06,1.169487e-07,5.855036e-07,2.677053e-07,6.704130e-07,1.828587e-07,2.252693e-07,9.105103e-08,1.187507e-07,1.773691e-07,8.354422e-08,2.783314e-07,1.414407e-08,1.668635e-08,2.063085e-08,1.139473e-07,9.981623e-09,1.582807e-08,3.354049e-09,7.929871e-09,2.037776e-09
27.124020,1.324093e-07,7.263515e-08,1.125990e-06,3.288648e-07,1.489875e-06,1.185127e-07,5.759470e-07,2.664899e-07,6.571050e-07,1.805800e-07,2.242789e-07,9.404162e-08,1.118318e-07,1.695298e-07,7.863358e-08,2.633675e-07,1.335306e-08,1.851271e-08,1.947277e-08,1.201256e-07,8.823789e-09,1.418581e-08,3.358787e-09,1.364362e-08,4.563214e-09
27.148440,1.327119e-07,7.143160e-08,1.113841e-06,3.249997e-07,1.497745e-06,1.174072e-07,5.804206e-07,2.697696e-07,6.618241e-07,1.785975e-07,2.255030e-07,9.691694e-08,1.120333e-07,1.615168e-07,7.128261e-08,2.542203e-07,1.408707e-08,1.910804e-08,1.892709e-08,1.197709e-07,1.319988e-08,1.716231e-08,3.915533e-09,1.771237e-08,7.469272e-09
27.172850,1.328356e-07,7.066588e-08,1.118222e-06,3.203590e-07,1.492588e-06,1.176440e-07,5.887391e-07,2.685580e-07,6.607621e-07,1.809078e-07,2.306221e-07,9.399200e-08,1.110972e-07,1.687994e-07,7.837762e-08,2.714956e-07,1.383925e-08,2.030408e-08,1.692803e-08,1.159191e-07,2.027908e-08,2.661601e-08,5.107127e-09,2.223022e-08,9.625590e-09
27.197270,1.346966e-07,7.048027e-08,1.115303e-06,3.154568e-07,1.487639e-06,1.183796e-07,5.871609e-07,2.624621e-07,6.699553e-07,1.806725e-07,2.269269e-07,9.317184e-08,1.139821e-07,1.694142e-07,8.742916e-08,2.650212e-07,1.298695e-08,2.110496e-08,1.371681e-08,1.137334e-07,2.814184e-08,3.603705e-08,6.421573e-09,2.753640e-08,1.029351e-08
27.221680,1.360581e-07,6.977068e-08,1.115944e-06,3.136797e-07,1.479388e-06,1.184808e-07,5.915795e-07,2.678608e-07,6.621091e-07,1.830402e-07,2.200406e-07,9.797862e-08,1.191744e-07,1.667956e-07,9.119148e-08,2.347147e-07,1.294989e-08,2.082053e-08,1.121149e-08,1.162660e-07,3.565099e-08,4.443899e-08,8.039260e-09,3.500430e-08,1.073754e-08
27.246090,1.374263e-07,6.921947e-08,1.132715e-06,3.142326e-07,1.484430e-06,1.182458e-07,5.927900e-07,2.690739e-07,6.465254e-07,1.801694e-07,2.286437e-07,9.833347e-08,1.130605e-07,1.713213e-07,9.710151e-08,2.132638e-07,1.261729e-08,1.969223e-08,9.610890e-09,1.098701e-07,4.228519e-08,5.077252e-08,9.368670e-09,4.157102e-08,1.006123e-08
27.270510,1.384811e-07,6.879187e-08,1.140149e-06,3.092226e-07,1.465808e-06,1.153596e-07,5.941188e-07,2.623229e-07,6.613766e-07,1.760738e-07,2.294545e-07,9.782665e-08,1.082221e-07,1.656234e-07,9.870563e-08,1.971605e-07,1.056744e-08,2.002025e-08,7.359256e-09,9.594279e-08,4.588670e-08,5.449385e-08,1.040669e-08,4.684899e-08,1.137318e-08
27.294920,1.402537e-07,6.893511e-08,1.141540e-06,3.072271e-07,1.442607e-06,1.140298e-07,5.921824e-07,2.621234e-07,6.689386e-07,1.799863e-07,2.211453e-07,9.842161e-08,1.159073e-07,1.636368e-07,9.770964e-08,1.647193e-07,9.033292e-09,2.132072e-08,4.192301e-09,7.899325e-08,4.761515e-08,5.661887e-08,1.106986e-08,4.909252e-08,1.493714e-08
27.319340,1.414711e-07,6.863223e-08,1.134729e-06,3.065809e-07,1.440764e-06,1.146404e-07,5.779703e-07,2.652830e-07,6.642849e-07,1.816134e-07,2.207208e-07,9.445366e-08,1.210599e-07,1.751509e-07,1.070865e-07,1.419936e-07,9.487025e-09,2.089715e-08,2.876917e-09,6.746966e-08,4.512271e-08,5.654774e-08,1.121697e-08,4.942357e-08,2.022096e-08
27.343750,1.420424e-07,6.899989e-08,1.138803e-06,3.027102e-07,1.423504e-06,1.119818e-07,5.789680e-07,2.713798e-07,6.732742e-07,1.800362e-07,2.213384e-07,9.403807e-08,1.206579e-07,1.790623e-07,1.160723e-07,1.455008e-07,1.020691e-08,1.829377e-08,4.626591e-09,5.809089e-08,4.201847e-08,5.497894e-08,1.135751e-08,4.792159e-08,2.441795e-08
27.368160,1.435432e-07,6.968017e-08,1.132780e-06,2.997385e-07,1.409811e-06,1.105750e-07,5.817026e-07,2.750057e-07,6.810843e-07,1.807271e-07,2.260254e-07,9.848118e-08,1.217873e-07,1.709390e-07,1.113737e-07,1.325943e-07,9.622279e-09,1.655913e-08,6.153924e-09,3.874289e-08,3.748723e-08,5.103143e-08,1.137290e-08,4.649724e-08,2.699430e-08
27.392580,1.432522e-07,6.967113e-08,1.124303e-06,2.964071e-07,1.394324e-06,1.106993e-07,5.706987e-07,2.684793e-07,6.909314e-07,1.802468e-07,2.288208e-07,9.557768e-08,1.225541e-07,1.706720e-07,1.033959e-07,1.101107e-07,8.845143e-09,1.556016e-08,8.324770e-09,1.702164e-08,3.316561e-08,4.678087e-08,1.117971e-08,4.243552e-08,2.786429e-08
27.416990,1.436986e-07,7.074167e-08,1.133745e-06,2.990462e-07,1.401692e-06,1.118950e-07,5.725032e-07,2.725179e-07,7.003526e-07,1.826177e-07,2.231726e-07,9.113880e-08,1.223448e-07,1.776951e-07,1.039111e-07,1.204557e-07,9.241585e-09,1.359892e-08,1.232981e-08,1.503702e-08,2.814128e-08,4.236540e-08,1.093454e-08,3.982265e-08,2.791102e-08
27.441410,1.442653e-07,7.191279e-08,1.134373e-06,2.983170e-07,1.405281e-06,1.136392e-07,5.749851e-07,2.824346e-07,6.856556e-07,1.849076e-07,2.246813e-07,9.220522e-08,1.299394e-07,1.785379e-07,1.032209e-07,1.489474e-07,9.282440e-09,1.156469e-08,1.602002e-08,2.557585e-08,2.325244e-08,3.798643e-08,1.000477e-08,3.682500e-08,2.722730e-08
27.465820,1.451927e-07,7.307417e-08,1.138237e-06,2.978460e-07,1.389931e-06,1.130968e-07,5.831473e-07,2.789594e-07,6.973267e-07,1.814282e-07,2.352245e-07,9.304040e-08,1.361960e-07,1.840053e-07,1.037044e-07,1.617540e-07,8.835691e-09,1.110724e-08,1.838523e-08,3.514676e-08,1.903247e-08,3.383641e-08,8.873792e-09,3.793213e-08,2.682650e-08
27.490230,1.451335e-07,7.365155e-08,1.144254e-06,3.009123e-07,1.397699e-06,1.155906e-07,5.881620e-07,2.761212e-07,7.229982e-07,1.855783e-07,2.364649e-07,9.359674e-08,1.298996e-07,1.910733e-07,1.053090e-07,1.797341e-07,1.020795e-08,1.093288e-08,2.012404e-08,4.801293e-08,1.580390e-08,2.800174e-08,6.901370e-09,4.134298e-08,2.484042e-08
27.514650,1.446666e-07,7.451164e-08,1.160135e-06,2.994804e-07,1.393636e-06,1.182224e-07,5.821672e-07,2.797742e-07,7.171623e-07,1.928097e-07,2.324406e-07,9.596459e-08,1.296013e-07,1.809305e-07,1.001419e-07,2.058734e-07,1.209519e-08,8.905892e-09,2.245424e-08,6.448496e-08,1.352229e-08,2.054367e-08,4.891005e-09,4.481174e-08,2.269070e-08
27.539060,1.456883e-07,7.561287e-08,1.170722e-06,2.999357e-07,1.386077e-06,1.179935e-07,5.985094e-07,2.815488e-07,7.141233e-07,1.916401e-07,2.317723e-07,9.317336e-08,1.366925e-07,1.772539e-07,8.941852e-08,2.177740e-07,1.174167e-08,7.595267e-09,2.457366e-08,7.608936e-08,9.288125e-09,1.297966e-08,2.179523e-09,4.592674e-08,1.954004e-08
27.563480,1.451684e-07,7.568679e-08,1.176683e-06,3.022211e-07,1.391109e-06,1.198650e-07,6.125169e-07,2.867457e-07,7.253171e-07,1.919615e-07,2.318792e-07,9.125740e-08,1.369809e-07,1.894517e-07,8.902720e-08,2.262538e-07,1.127493e-08,1.011184e-08,2.552913e-08,7.916804e-08,4.444488e-09,6.723354e-09,9.177601e-10,4.170691e-08,1.685576e-08
27.587890,1.444089e-07,7.606911e-08,1.197703e-06,3.063117e-07,1.398587e-06,1.217254e-07,6.159545e-07,2.846476e-07,7.313823e-07,1.951551e-07,2.391212e-07,9.616619e-08,1.373413e-07,1.912396e-07,9.511298e-08,2.546821e-07,1.220151e-08,1.243515e-08,2.464309e-08,8.463254e-08,3.386695e-09,6.506129e-09,3.625270e-09,3.401789e-08,1.488354e-08
27.612300,1.443805e-07,7.652398e-08,1.208400e-06,3.091736e-07,1.408843e-06,1.229678e-07,6.269764e-07,2.825647e-07,7.506168e-07,1.962980e-07,2.411140e-07,9.551026e-08,1.357234e-07,1.883566e-07,9.252259e-08,2.884495e-07,1.290595e-08,1.285361e-08,2.359233e-08,9.521251e-08,8.118424e-09,1.224795e-08,6.229126e-09,2.402105e-08,1.201665e-08
27.636720,1.443992e-07,7.669606e-08,1.217581e-06,3.084601e-07,1.395929e-06,1.222076e-07,6.337790e-07,2.933004e-07,7.480500e-07,2.008573e-07,2.342948e-07,9.159582e-08,1.266157e-07,1.911261e-07,8.907077e-08,2.923792e-07,1.258287e-08,1.424864e-08,2.336968e-08,1.067029e-07,1.262983e-08,1.730524e-08,7.986697e-09,1.356105e-08,8.277435e-09
27.661130,1.446092e-07,7.662673e-08,1.234513e-06,3.130987e-07,1.399643e-06,1.202338e-07,6.428110e-07,2.925377e-07,7.417944e-07,1.989358e-07,2.400149e-07,9.261117e-08,1.210939e-07,1.890550e-07,9.148218e-08,2.809061e-07,1.271490e-08,1.619236e-08,2.292609e-08,1.131950e-07,1.709274e-08,2.286179e-08,9.050621e-09,1.346805e-08,1.879814e-09
27.685550,1.447150e-07,7.643396e-08,1.256364e-06,3.164480e-07,1.415757e-06,1.222974e-07,6.401680e-07,2.877594e-07,7.704680e-07,1.960947e-07,2.485202e-07,9.345197e-08,1.261315e-07,1.850464e-07,9.064796e-08,2.800954e-07,1.308828e-08,1.623741e-08,2.068298e-08,1.148783e-07,2.144224e-08,2.577286e-08,9.115804e-09,2.446652e-08,5.819487e-09
27.709960,1.464754e-07,7.656326e-08,1.279619e-06,3.176356e-07,1.410835e-06,1.225859e-07,6.366514e-07,2.907972e-07,7.772664e-07,2.028708e-07,2.435097e-07,9.488124e-08,1.250895e-07,1.918066e-07,9.557069e-08,2.775690e-07,1.229995e-08,1.572105e-08,1.721051e-08,1.194145e-07,2.583538e-08,2.703249e-08,8.719960e-09,3.723533e-08,1.269259e-08
27.734380,1.472430e-07,7.571438e-08,1.291501e-06,3.219485e-07,1.417837e-06,1.208568e-07,6.539894e-07,2.947277e-07,7.808087e-07,2.045308e-07,2.419778e-07,9.930599e-08,1.145037e-07,1.907392e-07,1.061575e-07,2.571280e-07,1.026786e-08,1.794463e-08,1.498176e-08,1.269847e-07,2.931386e-08,2.832295e-08,8.222823e-09,4.898707e-08,1.914469e-08
27.758790,1.480159e-07,7.521471e-08,1.314288e-06,3.250881e-07,1.428019e-06,1.219221e-07,6.577038e-07,3.051565e-07,7.979274e-07,2.054440e-07,2.425527e-07,9.818251e-08,1.122832e-07,1.754971e-07,1.052693e-07,2.468524e-07,9.311130e-09,2.020807e-08,1.293478e-08,1.282614e-07,3.196200e-08,3.121628e-08,8.064394e-09,5.718844e-08,2.364972e-08
27.783200,1.507488e-07,7.522129e-08,1.328464e-06,3.287354e-07,1.438736e-06,1.228723e-07,6.536526e-07,3.063923e-07,8.083799e-07,2.084012e-07,2.456196e-07,9.463062e-08,1.127923e-07,1.704520e-07,1.005510e-07,2.481962e-07,9.862135e-09,2.014519e-08,1.014919e-08,1.234680e-07,3.499854e-08,3.710068e-08,9.022388e-09,5.976355e-08,2.746967e-08
27.807620,1.525590e-07,7.456349e-08,1.331107e-06,3.289026e-07,1.446575e-06,1.238628e-07,6.618564e-07,3.008851e-07,8.324846e-07,2.087223e-07,2.556925e-07,9.968232e-08,1.123013e-07,1.747806e-07,1.060856e-07,2.264074e-07,9.659683e-09,1.896763e-08,6.255551e-09,1.117253e-07,3.827264e-08,4.274884e-08,1.101770e-08,5.810259e-08,3.047586e-08
27.832030,1.536184e-07,7.404802e-08,1.343026e-06,3.294681e-07,1.448259e-06,1.239698e-07,6.709559e-07,3.102381e-07,8.331468e-07,2.134678e-07,2.512059e-07,1.045372e-07,1.205821e-07,1.686013e-07,1.140411e-07,1.770381e-07,8.885543e-09,1.862774e-08,3.585295e-09,1.018974e-07,4.221145e-08,5.004516e-08,1.360344e-08,5.185649e-08,3.257330e-08
27.856450,1.538334e-07,7.387495e-08,1.346887e-06,3.326877e-07,1.476013e-06,1.240856e-07,6.841297e-07,3.160144e-07,8.118828e-07,2.137105e-07,2.458886e-07,1.033375e-07,1.215176e-07,1.664031e-07,1.145135e-07,1.493927e-07,9.005702e-09,1.798734e-08,3.634877e-09,9.130334e-08,4.553286e-08,5.459133e-08,1.593213e-08,4.324193e-08,3.349174e-08
27.880860,1.546488e-07,7.437206e-08,1.344408e-06,3.296772e-07,1.488728e-06,1.269461e-07,6.884070e-07,3.115460e-07,8.333264e-07,2.086447e-07,2.563029e-07,1.037030e-07,1.171618e-07,1.644282e-07,1.148805e-07,1.470167e-07,9.258867e-09,1.591170e-08,3.904399e-09,7.715357e-08,4.652756e-08,5.888991e-08,1.753956e-08,3.573789e-08,3.189193e-08
27.905270,1.539910e-07,7.440865e-08,1.332277e-06,3.301436e-07,1.503778e-06,1.275045e-07,6.932108e-07,3.116588e-07,8.526486e-07,2.148061e-07,2.598620e-07,1.035620e-07,1.264049e-07,1.534325e-07,1.124573e-07,1.327250e-07,8.750235e-09,1.430075e-08,5.604246e-09,5.351749e-08,4.574537e-08,6.085304e-08,1.826065e-08,3.017849e-08,2.880550e-08
27.929690,1.526098e-07,7.477270e-08,1.330905e-06,3.314805e-07,1.534066e-06,1.272585e-07,7.187461e-07,3.129747e-07,8.446477e-07,2.204316e-07,2.593337e-07,1.024397e-07,1.368281e-07,1.567172e-07,1.034479e-07,1.318533e-07,9.471629e-09,1.433097e-08,9.235484e-09,2.677520e-08,4.296409e-08,5.964013e-08,1.788101e-08,3.072638e-08,2.573055e-08
27.954100,1.531796e-07,7.582003e-08,1.330606e-06,3.310743e-07,1.549018e-06,1.295155e-07,7.296394e-07,3.195993e-07,8.443064e-07,2.190738e-07,2.578955e-07,1.071890e-07,1.377027e-07,1.707062e-07,1.002213e-07,1.487759e-07,1.130877e-08,1.384336e-08,1.301140e-08,1.014796e-08,3.999453e-08,5.543540e-08,1.673399e-08,3.772249e-08,2.418191e-08
27.978520,1.531025e-07,7.604508e-08,1.317428e-06,3.299477e-07,1.558971e-06,1.297706e-07,7.363698e-07,3.227297e-07,8.447702e-07,2.195552e-07,2.538122e-07,1.096369e-07,1.378447e-07,1.699367e-07,1.055969e-07,1.565169e-07,1.255780e-08,1.143895e-08,1.490265e-08,1.680777e-08,3.451890e-08,4.733951e-08,1.449034e-08,4.843781e-08,2.528393e-08
28.002930,1.531190e-07,7.609275e-08,1.321829e-06,3.288030e-07,1.558246e-06,1.288826e-07,7.527324e-07,3.152240e-07,8.631285e-07,2.195860e-07,2.603552e-07,1.042166e-07,1.412189e-07,1.664022e-07,1.014860e-07,1.777309e-07,1.231609e-08,9.369240e-09,1.728004e-08,3.193258e-08,2.801535e-08,3.735872e-08,1.185611e-08,5.922520e-08,2.709923e-08
28.027340,1.543491e-07,7.615848e-08,1.330270e-06,3.325985e-07,1.569017e-06,1.265575e-07,7.573048e-07,3.201153e-07,8.794123e-07,2.232347e-07,2.658827e-07,1.052231e-07,1.428352e-07,1.729833e-07,9.066145e-08,2.304279e-07,1.228706e-08,1.014630e-08,2.054507e-08,5.615521e-08,1.988437e-08,2.701153e-08,8.859280e-09,6.565109e-08,2.901227e-08
28.051760,1.564528e-07,7.598054e-08,1.332511e-06,3.345456e-07,1.582422e-06,1.251707e-07,7.618950e-07,3.298474e-07,8.617034e-07,2.272001e-07,2.570169e-07,1.099822e-07,1.487050e-07,1.774120e-07,8.825642e-08,2.720139e-07,1.329800e-08,1.183478e-08,2.351163e-08,7.720574e-08,1.266506e-08,1.651403e-08,5.511022e-09,6.884923e-08,3.110401e-08
28.076170,1.588120e-07,7.533178e-08,1.335365e-06,3.348020e-07,1.570987e-06,1.267747e-07,7.558554e-07,3.245486e-07,8.672273e-07,2.217585e-07,2.595083e-07,1.072723e-07,1.574429e-07,1.818386e-07,8.582656e-08,2.784819e-07,1.370356e-08,1.255238e-08,2.401355e-08,9.142876e-08,8.819724e-09,7.728275e-09,3.025603e-09,6.536324e-08,3.254604e-08
28.100590,1.608622e-07,7.450584e-08,1.341526e-06,3.393052e-07,1.574761e-06,1.249994e-07,7.545746e-07,3.198141e-07,8.986705e-07,2.204848e-07,2.702565e-07,1.049126e-07,1.517512e-07,1.924849e-07,8.347047e-08,2.848954e-07,1.311740e-08,1.417923e-08,2.325823e-08,9.563115e-08,8.602545e-09,1.803575e-09,2.137202e-09,5.901678e-08,3.388085e-08
28.125000,1.652534e-07,7.439190e-08,1.355197e-06,3.405191e-07,1.580877e-06,1.233193e-07,7.728894e-07,3.213087e-07,8.990170e-07,2.269839e-07,2.698079e-07,1.039122e-07,1.414416e-07,1.955270e-07,8.761351e-08,3.079569e-07,1.343400e-08,1.570821e-08,2.330613e-08,1.039129e-07,9.429349e-09,8.548980e-09,3.040443e-09,4.965607e-08,3.159383e-08
28.149410,1.674168e-07,7.326113e-08,1.353332e-06,3.412480e-07,1.575556e-06,1.247726e-07,7.666247e-07,3.245883e-07,9.026211e-07,2.265493e-07,2.687272e-07,9.954766e-08,1.438110e-07,1.893333e-07,8.672349e-08,3.289043e-07,1.436986e-08,1.589381e-08,2.373941e-08,1.167144e-07,1.079182e-08,1.279495e-08,3.469598e-09,4.085296e-08,2.721000e-08
28.173830,1.681072e-07,7.261733e-08,1.370131e-06,3.422393e-07,1.579756e-06,1.251484e-07,7.582386e-07,3.321822e-07,9.219895e-07,2.262050e-07,2.654080e-07,1.033078e-07,1.446965e-07,1.994281e-07,8.026601e-08,3.296065e-07,1.339563e-08,1.503724e-08,2.327971e-08,1.275712e-07,1.226958e-08,1.563080e-08,3.745063e-09,3.547512e-08,1.971737e-08
28.198240,1.690694e-07,7.288415e-08,1.387607e-06,3.427529e-07,1.578384e-06,1.248417e-07,7.664364e-07,3.254520e-07,9.353651e-07,2.284123e-07,2.647472e-07,1.062183e-07,1.381284e-07,2.105047e-07,8.334759e-08,3.429813e-07,1.146927e-08,1.639628e-08,2.088018e-08,1.314293e-07,1.549033e-08,1.755960e-08,4.025787e-09,3.635883e-08,1.162797e-08
28.222660,1.684019e-07,7.278323e-08,1.383028e-06,3.409364e-07,1.582783e-06,1.235008e-07,7.652956e-07,3.199971e-07,9.561937e-07,2.265969e-07,2.745438e-07,1.002148e-07,1.347280e-07,2.010948e-07,9.342495e-08,3.516923e-07,1.087233e-08,1.859140e-08,1.837058e-08,1.287845e-07,1.869894e-08,2.341328e-08,5.085632e-09,4.150296e-08,9.686921e-09
28.247070,1.675645e-07,7.284516e-08,1.389580e-06,3.344870e-07,1.569093e-06,1.228201e-07,7.646402e-07,3.260728e-07,9.388359e-07,2.297042e-07,2.739649e-07,9.860875e-08,1.281701e-07,1.932135e-07,9.568735e-08,3.267832e-07,1.125344e-08,1.869315e-08,1.684667e-08,1.316170e-07,2.334382e-08,3.172460e-08,6.536489e-09,4.779238e-08,1.631443e-08
28.271480,1.662355e-07,7.277864e-08,1.407749e-06,3.324511e-07,1.561776e-06,1.240586e-07,7.608214e-07,3.223075e-07,9.136808e-07,2.255061e-07,2.633222e-07,1.010575e-07,1.176597e-07,1.921133e-07,9.270221e-08,2.827467e-07,1.058784e-08,1.734961e-08,1.488611e-08,1.362877e-07,3.001600e-08,4.176714e-08,8.691744e-09,5.235271e-08,2.438711e-08
28.295900,1.670075e-07,7.328915e-08,1.425530e-06,3.299129e-07,1.572047e-06,1.222773e-07,7.616586e-07,3.154839e-07,9.292999e-07,2.189627e-07,2.670977e-07,1.007647e-07,1.231831e-07,1.804340e-07,9.510042e-08,2.658822e-07,9.482511e-09,1.682891e-08,1.154219e-08,1.361421e-07,3.677172e-08,5.014672e-08,1.079830e-08,5.084790e-08,3.115697e-08
28.320310,1.676959e-07,7.292415e-08,1.428063e-06,3.238440e-07,1.557680e-06,1.212996e-07,7.774616e-07,3.143569e-07,9.313783e-07,2.232479e-07,2.710058e-07,1.032424e-07,1.279500e-07,1.769138e-07,9.519288e-08,2.570156e-07,9.151127e-09,1.676676e-08,7.710849e-09,1.277572e-07,4.174178e-08,5.813265e-08,1.280355e-08,4.713648e-08,3.732422e-08
28.344730,1.677285e-07,7.217143e-08,1.433412e-06,3.208391e-07,1.545205e-06,1.229240e-07,7.708442e-07,3.152510e-07,9.164801e-07,2.256657e-07,2.689691e-07,1.034643e-07,1.207785e-07,1.803109e-07,9.772822e-08,2.230529e-07,8.897076e-09,1.527448e-08,5.490225e-09,1.156007e-07,4.368133e-08,6.356276e-08,1.418301e-08,3.997255e-08,3.996208e-08
28.369140,1.704769e-07,7.210899e-08,1.449899e-06,3.188438e-07,1.540003e-06,1.218670e-07,7.615085e-07,3.207162e-07,9.083926e-07,2.242021e-07,2.687973e-07,9.828496e-08,1.224715e-07,1.658905e-07,1.076803e-07,1.930109e-07,7.779625e-09,1.398885e-08,4.809047e-09,1.073729e-07,4.447434e-08,6.712972e-08,1.490942e-08,3.277848e-08,4.035654e-08
28.393550,1.725978e-07,7.119439e-08,1.440267e-06,3.195165e-07,1.535274e-06,1.201457e-07,7.622672e-07,3.182052e-07,8.974697e-07,2.232241e-07,2.603350e-07,9.852143e-08,1.299712e-07,1.489823e-07,1.079573e-07,1.709713e-07,8.319999e-09,1.486031e-08,2.600626e-09,1.013139e-07,4.376947e-08,6.857452e-08,1.491464e-08,2.736562e-08,3.672128e-08
28.417970,1.742987e-07,7.021474e-08,1.433383e-06,3.178346e-07,1.528837e-06,1.179954e-07,7.525089e-07,3.101353e-07,9.026405e-07,2.207080e-07,2.601178e-07,1.025792e-07,1.343923e-07,1.512933e-07,9.864807e-08,1.348201e-07,1.015218e-08,1.554543e-08,2.812715e-09,8.632548e-08,4.259055e-08,6.479709e-08,1.434349e-08,2.590687e-08,2.993889e-08
28.442380,1.752690e-07,6.941517e-08,1.425249e-06,3.142590e-07,1.497831e-06,1.178320e-07,7.412755e-07,3.184541e-07,9.032799e-07,2.218168e-07,2.657468e-07,9.994833e-08,1.422104e-07,1.524716e-07,9.728771e-08,9.480187e-08,1.087974e-08,1.346340e-08,5.848084e-09,6.389386e-08,3.968578e-08,6.035054e-08,1.373745e-08,3.077298e-08,2.166220e-08
28.466800,1.764733e-07,6.929461e-08,1.412476e-06,3.139828e-07,1.488843e-06,1.180637e-07,7.230347e-07,3.241971e-07,8.722111e-07,2.236848e-07,2.582600e-07,9.605464e-08,1.439342e-07,1.508145e-07,1.010721e-07,1.063092e-07,1.067143e-08,1.111348e-08,7.621028e-09,3.966943e-08,3.628224e-08,5.373490e-08,1.306285e-08,3.834071e-08,1.398793e-08
28.491210,1.750663e-07,6.885098e-08,1.387120e-06,3.069784e-07,1.473551e-06,1.143323e-07,7.179536e-07,3.159666e-07,8.746187e-07,2.160103e-07,2.526503e-07,9.738250e-08,1.384055e-07,1.556525e-07,9.786835e-08,1.263876e-07,1.117195e-08,1.022637e-08,9.561247e-09,2.440792e-08,3.258722e-08,5.022469e-08,1.211905e-08,4.844461e-08,1.039274e-08
28.515620,1.722359e-07,6.915028e-08,1.365507e-06,3.013254e-07,1.451006e-06,1.120275e-07,7.232032e-07,3.138299e-07,8.949670e-07,2.135803e-07,2.572654e-07,9.659363e-08,1.414258e-07,1.528044e-07,9.590295e-08,1.240301e-07,1.218958e-08,1.044774e-08,1.286228e-08,9.791381e-09,2.935558e-08,4.575092e-08,1.137533e-08,5.619726e-08,1.309391e-08
28.540040,1.713886e-07,7.057387e-08,1.353761e-06,2.956488e-07,1.450958e-06,1.117972e-07,7.021909e-07,3.135912e-07,8.782493e-07,2.176010e-07,2.584416e-07,9.650943e-08,1.517084e-07,1.528359e-07,9.507225e-08,1.403807e-07,1.225896e-08,9.902031e-09,1.602023e-08,1.851487e-08,2.676147e-08,4.154166e-08,1.016290e-08,5.993939e-08,1.841731e-08
28.564450,1.691953e-07,7.108408e-08,1.324605e-06,2.885999e-07,1.449543e-06,1.087287e-07,6.880282e-07,3.180896e-07,8.770958e-07,2.129489e-07,2.560927e-07,9.696643e-08,1.513809e-07,1.653004e-07,8.709948e-08,1.784974e-07,1.226032e-08,1.048511e-08,1.770954e-08,4.095428e-08,2.405407e-08,3.698477e-08,9.424504e-09,5.975720e-08,2.394468e-08
28.588870,1.664601e-07,7.140753e-08,1.311184e-06,2.800182e-07,1.449474e-06,1.064621e-07,6.939324e-07,3.212674e-07,8.846233e-07,2.104128e-07,2.513716e-07,9.041262e-08,1.457445e-07,1.711878e-07,8.426038e-08,2.102349e-07,1.302016e-08,1.169572e-08,1.842996e-08,5.918768e-08,2.038415e-08,3.164547e-08,7.959656e-09,5.574015e-08,2.821828e-08
28.613280,1.638883e-07,7.162793e-08,1.310407e-06,2.707465e-07,1.435712e-06,1.041771e-07,6.880929e-07,3.111376e-07,8.971210e-07,2.095269e-07,2.420868e-07,8.556160e-08,1.450463e-07,1.670177e-07,8.980230e-08,2.344122e-07,1.363691e-08,1.177610e-08,1.899848e-08,6.721567e-08,1.596611e-08,2.541576e-08,6.476845e-09,4.917068e-08,3.151519e-08
28.637700,1.619005e-07,7.172806e-08,1.305695e-06,2.677663e-07,1.432869e-06,1.039917e-07,6.877397e-07,3.088219e-07,9.159476e-07,2.082271e-07,2.469057e-07,9.008126e-08,1.390295e-07,1.699923e-07,8.911324e-08,2.745669e-07,1.248527e-08,1.107897e-08,2.009723e-08,8.079466e-08,1.026258e-08,1.753109e-08,4.621816e-09,4.140240e-08,3.168839e-08
28.662110,1.595073e-07,7.122910e-08,1.301050e-06,2.630313e-07,1.430557e-06,1.037784e-07,6.824394e-07,3.124814e-07,8.933975e-07,2.104314e-07,2.525965e-07,9.028396e-08,1.344070e-07,1.762490e-07,8.266086e-08,2.885065e-07,1.075681e-08,1.240407e-08,2.046919e-08,9.598197e-08,6.116491e-09,8.840461e-09,3.118021e-09,3.201455e-08,2.923755e-08
28.686520,1.563553e-07,7.043796e-08,1.298847e-06,2.593874e-07,1.398971e-06,1.010086e-07,6.920731e-07,3.059494e-07,8.751697e-07,2.051462e-07,2.426278e-07,8.683987e-08,1.368614e-07,1.764614e-07,8.129468e-08,2.724785e-07,1.059049e-08,1.469539e-08,1.988816e-08,1.122047e-07,5.312672e-09,5.207216e-09,3.245463e-09,2.400420e-08,2.529396e-08
28.710940,1.551527e-07,7.017659e-08,1.306515e-06,2.624249e-07,1.379159e-06,1.020356e-07,7.036366e-07,2.998401e-07,8.939377e-07,1.994567e-07,2.410537e-07,8.686671e-08,1.314929e-07,1.788611e-07,8.194300e-08,2.724383e-07,1.037962e-08,1.532374e-08,1.831712e-08,1.202720e-07,8.984303e-09,1.337989e-08,4.852602e-09,2.010781e-08,2.161645e-08
28.735350,1.530963e-07,6.909380e-08,1.295662e-06,2.657062e-07,1.358514e-06,1.030808e-07,6.901766e-07,2.972491e-07,8.940166e-07,2.042674e-07,2.441314e-07,8.713605e-08,1.166853e-07,1.802776e-07,8.306252e-08,2.938438e-07,8.829169e-09,1.460168e-08,1.740148e-08,1.237890e-07,1.327283e-08,2.246798e-08,6.371974e-09,2.170630e-08,2.023914e-08
28.759770,1.504792e-07,6.787571e-08,1.279617e-06,2.693662e-07,1.327064e-06,1.020019e-07,6.881421e-07,2.971491e-07,8.836739e-07,2.065938e-07,2.430826e-07,8.889631e-08,1.118836e-07,1.680501e-07,8.698191e-08,3.030205e-07,7.645409e-09,1.445294e-08,1.688651e-08,1.280730e-07,1.742703e-08,2.934631e-08,7.985875e-09,2.767584e-08,2.307679e-08
28.784180,1.491962e-07,6.708125e-08,1.270646e-06,2.709043e-07,1.289523e-06,1.013087e-07,6.906295e-07,3.038567e-07,8.812432e-07,2.050473e-07,2.438872e-07,9.356706e-08,1.148425e-07,1.590626e-07,8.688097e-08,2.899627e-07,7.208214e-09,1.448562e-08,1.497361e-08,1.368419e-07,1.992611e-08,3.351077e-08,8.866538e-09,3.178766e-08,2.714080e-08
28.808590,1.482673e-07,6.603730e-08,1.246291e-06,2.733898e-07,1.247203e-06,1.017055e-07,6.807024e-07,2.958950e-07,8.719892e-07,2.050579e-07,2.381498e-07,9.296976e-08,1.099768e-07,1.628578e-07,7.873755e-08,2.747559e-07,6.153560e-09,1.328999e-08,1.192693e-08,1.416970e-07,2.166653e-08,3.622908e-08,9.708438e-09,3.297882e-08,3.177025e-08
28.833010,1.476252e-07,6.492417e-08,1.220964e-06,2.758220e-07,1.229937e-06,1.039138e-07,6.673979e-07,2.913678e-07,8.953728e-07,2.015716e-07,2.321080e-07,9.058194e-08,1.062666e-07,1.586106e-07,7.684016e-08,2.605178e-07,4.891967e-09,1.209113e-08,8.867567e-09,1.356297e-07,2.213433e-08,3.877502e-08,9.928939e-09,3.200549e-08,3.526386e-08
28.857420,1.462616e-07,6.374472e-08,1.199833e-06,2.738888e-07,1.211855e-06,1.039665e-07,6.544630e-07,3.009124e-07,8.896534e-07,2.058627e-07,2.368515e-07,9.419307e-08,1.071645e-07,1.445448e-07,8.301696e-08,2.313587e-07,5.546084e-09,1.269915e-08,7.569903e-09,1.240201e-07,2.387900e-08,4.029345e-08,1.012272e-08,3.091323e-08,3.567404e-08
28.881840,1.469548e-07,6.309348e-08,1.187339e-06,2.746127e-07,1.201107e-06,1.026344e-07,6.561725e-07,2.999025e-07,8.580513e-07,2.065068e-07,2.339623e-07,9.681117e-08,1.053922e-07,1.357720e-07,8.469418e-08,1.959351e-07,6.962198e-09,1.343028e-08,6.277011e-09,1.174819e-07,2.628450e-08,4.291455e-08,1.069798e-08,2.972633e-08,3.307432e-08
28.906250,1.470535e-07,6.181664e-08,1.173447e-06,2.744108e-07,1.216112e-06,1.043341e-07,6.499264e-07,2.959133e-07,8.721591e-07,1.983199e-07,2.240581e-07,9.390264e-08,1.141471e-07,1.282423e-07,8.217056e-08,1.968508e-07,7.414533e-09,1.159835e-08,3.940579e-09,1.109569e-07,2.880170e-08,4.567386e-08,1.158846e-08,3.151318e-08,2.752056e-08
28.930660,1.457814e-07,6.022022e-08,1.159303e-06,2.707452e-07,1.221626e-06,1.045770e-07,6.245308e-07,2.918715e-07,8.780661e-07,1.996950e-07,2.255701e-07,9.304911e-08,1.251408e-07,1.192942e-07,8.190546e-08,1.925311e-07,7.665499e-09,9.625899e-09,2.616619e-09,9.860953e-08,3.086776e-08,5.040768e-08,1.305334e-08,3.411230e-08,1.964520e-08
28.955080,1.460169e-07,5.950915e-08,1.164955e-06,2.684423e-07,1.230976e-06,1.031754e-07,6.192001e-07,2.921327e-07,8.694053e-07,2.021993e-07,2.257619e-07,9.207481e-08,1.220845e-07,1.229922e-07,7.989976e-08,1.584929e-07,8.970422e-09,9.116348e-09,3.869287e-09,7.776694e-08,3.223621e-08,5.496358e-08,1.425650e-08,4.177411e-08,1.393116e-08
28.979490,1.458683e-07,5.866878e-08,1.157582e-06,2.660701e-07,1.242830e-06,1.029582e-07,6.182501e-07,3.016013e-07,8.617813e-07,2.007714e-07,2.279118e-07,8.923461e-08,1.192794e-07,1.238888e-07,7.827906e-08,1.345414e-07,1.019704e-08,8.917789e-09,4.724254e-09,5.562322e-08,3.407017e-08,5.901610e-08,1.520582e-08,4.963190e-08,1.416382e-08
29.003910,1.454155e-07,5.792157e-08,1.144601e-06,2.665447e-07,1.262037e-06,1.027112e-07,6.096172e-07,2.978008e-07,8.524717e-07,1.998419e-07,2.266546e-07,9.144953e-08,1.252716e-07,1.158418e-07,8.427523e-08,1.416216e-07,1.050229e-08,8.314617e-09,5.923739e-09,3.778517e-08,3.433903e-08,6.069632e-08,1.560158e-08,5.754184e-08,2.032513e-08
29.028320,1.442406e-07,5.714380e-08,1.136278e-06,2.639781e-07,1.276129e-06,1.027165e-07,6.055178e-07,2.882354e-07,8.722899e-07,1.959379e-07,2.150055e-07,9.105545e-08,1.297820e-07,1.212580e-07,8.640255e-08,1.426207e-07,1.159013e-08,8.976018e-09,8.990072e-09,1.883496e-08,3.366767e-08,5.813747e-08,1.525012e-08,6.161755e-08,2.588727e-08
29.052730,1.434919e-07,5.668101e-08,1.125313e-06,2.616020e-07,1.264475e-06,1.006792e-07,5.983299e-07,2.907291e-07,8.751334e-07,1.970825e-07,2.153346e-07,8.283866e-08,1.313706e-07,1.323696e-07,7.939314e-08,1.540355e-07,1.331557e-08,1.023518e-08,1.170953e-08,1.787695e-09,2.979192e-08,5.403906e-08,1.433362e-08,6.195071e-08,3.101753e-08
29.077150,1.421337e-07,5.599311e-08,1.108547e-06,2.631443e-07,1.267928e-06,9.806987e-08,5.988637e-07,2.895964e-07,8.337875e-07,1.985253e-07,2.200168e-07,7.908881e-08,1.327771e-07,1.336103e-07,7.623313e-08,1.794636e-07,1.376820e-08,1.060675e-08,1.317988e-08,2.591632e-08,2.515599e-08,4.686536e-08,1.263219e-08,5.869173e-08,3.472392e-08
29.101560,1.396772e-07,5.513841e-08,1.080762e-06,2.605904e-07,1.262859e-06,9.841895e-08,5.947774e-07,2.808968e-07,8.174507e-07,1.896215e-07,2.142825e-07,7.830918e-08,1.293621e-07,1.351078e-07,8.081400e-08,1.825646e-07,1.317863e-08,9.849981e-09,1.365035e-08,4.931839e-08,1.932892e-08,4.032736e-08,1.023378e-08,5.310391e-08,3.661747e-08
29.125980,1.390333e-07,5.506328e-08,1.064889e-06,2.576830e-07,1.239705e-06,9.669200e-08,5.766031e-07,2.758668e-07,8.272035e-07,1.837147e-07,2.105751e-07,7.499212e-08,1.230159e-07,1.392326e-07,8.126005e-08,1.720343e-07,1.278554e-08,1.058517e-08,1.469917e-08,6.722941e-08,1.332347e-08,3.096855e-08,7.733768e-09,4.713606e-08,3.572258e-08
29.150390,1.374995e-07,5.453755e-08,1.041413e-06,2.545734e-07,1.224333e-06,9.369795e-08,5.782291e-07,2.722670e-07,8.144611e-07,1.871876e-07,2.093650e-07,7.307509e-08,1.267128e-07,1.404484e-07,8.010626e-08,1.865430e-07,1.291927e-08,1.259634e-08,1.593664e-08,7.595220e-08,7.646474e-09,2.226791e-08,4.781051e-09,4.140790e-08,3.263936e-08
29.174800,1.353039e-07,5.384010e-08,1.014926e-06,2.516655e-07,1.211701e-06,9.254248e-08,5.789697e-07,2.751461e-07,8.028179e-07,1.866496e-07,2.090984e-07,7.079476e-08,1.283159e-07,1.432065e-07,7.981276e-08,2.176625e-07,1.251820e-08,1.333277e-08,1.621228e-08,8.672566e-08,2.372205e-09,1.286267e-08,2.508615e-09,3.456570e-08,2.659718e-08
29.199220,1.333220e-07,5.337232e-08,1.004879e-06,2.493963e-07,1.210683e-06,9.193145e-08,5.693537e-07,2.752107e-07,7.911947e-07,1.843466e-07,2.118242e-07,6.656502e-08,1.187031e-07,1.527689e-07,7.500292e-08,2.282146e-07,1.132282e-08,1.299503e-08,1.561316e-08,1.025936e-07,3.317051e-09,5.464221e-09,3.744823e-10,2.827404e-08,2.010392e-08
29.223630,1.315571e-07,5.296588e-08,9.954973e-07,2.440666e-07,1.199788e-06,9.207895e-08,5.673955e-07,2.642090e-07,7.873793e-07,1.814694e-07,2.065810e-07,6.829347e-08,1.137905e-07,1.511922e-07,7.253204e-08,2.242715e-07,1.037681e-08,1.332445e-08,1.494377e-08,1.134505e-07,7.944114e-09,5.156663e-09,1.351753e-09,2.055638e-08,1.325565e-08
29.248050,1.294406e-07,5.237423e-08,9.881864e-07,2.423082e-07,1.193462e-06,9.015127e-08,5.678067e-07,2.645037e-07,7.998894e-07,1.783155e-07,1.981030e-07,7.199409e-08,1.126912e-07,1.408175e-07,7.731372e-08,2.270018e-07,9.907701e-09,1.362100e-08,1.483916e-08,1.169098e-07,1.103922e-08,1.005711e-08,2.861333e-09,1.363421e-08,9.914059e-09
29.272460,1.262786e-07,5.157086e-08,9.811217e-07,2.384684e-07,1.197465e-06,8.825485e-08,5.757350e-07,2.698756e-07,7.779252e-07,1.807154e-07,2.018359e-07,6.915232e-08,1.075706e-07,1.413496e-07,7.934362e-08,2.185446e-07,8.463116e-09,1.253019e-08,1.439240e-08,1.139846e-07,1.318666e-08,1.459668e-08,3.909193e-09,7.787984e-09,1.223570e-08
29.296880,1.248506e-07,5.145705e-08,9.841770e-07,2.324914e-07,1.180120e-06,8.873377e-08,5.712517e-07,2.652867e-07,7.545001e-07,1.780062e-07,2.016336e-07,7.014008e-08,1.069125e-07,1.399231e-07,7.383280e-08,2.020703e-07,6.028262e-09,1.159850e-08,1.282166e-08,1.181842e-07,1.510287e-08,2.010510e-08,4.864363e-09,1.408011e-09,1.690078e-08
29.321290,1.235499e-07,5.101357e-08,9.856487e-07,2.298602e-07,1.170495e-06,8.715689e-08,5.556494e-07,2.614618e-07,7.680432e-07,1.710960e-07,1.922274e-07,7.322021e-08,1.063381e-07,1.331607e-07,6.887020e-08,2.011560e-07,4.607431e-09,1.164792e-08,1.055805e-08,1.223018e-07,1.780714e-08,2.480202e-08,5.819291e-09,5.111310e-09,2.176287e-08
29.345700,1.215782e-07,5.014145e-08,9.764657e-07,2.275950e-07,1.167179e-06,8.523637e-08,5.584597e-07,2.580249e-07,7.655733e-07,1.726026e-07,1.890648e-07,7.303655e-08,9.695843e-08,1.313642e-07,6.874320e-08,2.130127e-07,4.346465e-09,1.203160e-08,8.908414e-09,1.232877e-07,2.074066e-08,2.932911e-08,6.713883e-09,1.368012e-08,2.590213e-08
29.370120,1.206967e-07,4.957587e-08,9.820916e-07,2.251757e-07,1.158091e-06,8.460377e-08,5.577925e-07,2.575388e-07,7.510905e-07,1.734963e-07,1.885059e-07,7.540969e-08,9.285238e-08,1.253896e-07,6.619400e-08,2.031775e-07,3.125101e-09,1.088914e-08,7.859051e-09,1.158457e-07,2.299699e-08,3.269560e-08,7.954956e-09,2.137139e-08,2.814989e-08
29.394530,1.198800e-07,4.880244e-08,9.888825e-07,2.209560e-07,1.144010e-06,8.376617e-08,5.473512e-07,2.620277e-07,7.426817e-07,1.704600e-07,1.875415e-07,7.560084e-08,1.002400e-07,1.121517e-07,6.630853e-08,1.790350e-07,2.665576e-09,8.614788e-09,6.469141e-09,1.076134e-07,2.416872e-08,3.585672e-08,8.997406e-09,2.803390e-08,2.780706e-08
29.418950,1.192874e-07,4.796964e-08,9.856186e-07,2.174665e-07,1.118644e-06,8.267397e-08,5.388664e-07,2.544935e-07,7.301293e-07,1.691147e-07,1.879890e-07,7.133105e-08,1.011602e-07,1.064045e-07,6.856744e-08,1.598932e-07,3.752427e-09,7.065179e-09,4.252379e-09,1.028696e-07,2.466047e-08,3.878524e-08,9.914115e-09,3.295733e-08,2.607932e-08
29.443360,1.183122e-07,4.701017e-08,9.800067e-07,2.158848e-07,1.108935e-06,7.980579e-08,5.287420e-07,2.487862e-07,7.423923e-07,1.656800e-07,1.799831e-07,7.218562e-08,9.909006e-08,1.073362e-07,6.294037e-08,1.553651e-07,4.271276e-09,6.358782e-09,3.148045e-09,9.917092e-08,2.470085e-08,4.044897e-08,1.028888e-08,3.527162e-08,2.279526e-08
29.467770,1.184103e-07,4.648440e-08,9.783636e-07,2.101274e-07,1.094399e-06,7.829600e-08,5.227360e-07,2.516688e-07,7.388837e-07,1.669267e-07,1.737078e-07,7.487996e-08,1.003315e-07,9.924189e-08,6.012113e-08,1.446249e-07,5.283549e-09,4.553468e-09,2.941777e-09,8.920821e-08,2.443855e-08,3.982268e-08,1.026165e-08,3.590638e-08,2.107625e-08
29.492190,1.175087e-07,4.565063e-08,9.784764e-07,2.062544e-07,1.068746e-06,7.836599e-08,5.053975e-07,2.469284e-07,7.022832e-07,1.684722e-07,1.765911e-07,7.367794e-08,9.685371e-08,9.244429e-08,6.586650e-08,1.395332e-07,7.229407e-09,3.863779e-09,1.960798e-09,7.192183e-08,2.329140e-08,3.742719e-08,9.884439e-09,3.573826e-08,2.046886e-08
29.516600,1.152174e-07,4.473667e-08,9.683366e-07,2.043301e-07,1.061988e-06,7.637357e-08,4.846617e-07,2.405644e-07,6.920409e-07,1.612719e-07,1.735500e-07,7.061942e-08,9.638096e-08,9.327890e-08,6.796698e-08,1.473172e-07,8.629260e-09,5.079813e-09,2.260757e-09,5.588414e-08,2.207784e-08,3.425134e-08,9.185665e-09,3.372189e-08,2.129809e-08
29.541020,1.136627e-07,4.459967e-08,9.688367e-07,2.018173e-07,1.052366e-06,7.463903e-08,4.813838e-07,2.360417e-07,6.902318e-07,1.578500e-07,1.686226e-07,6.867604e-08,1.026467e-07,9.101841e-08,6.671597e-08,1.393955e-07,8.905632e-09,5.098981e-09,4.534674e-09,4.376125e-08,2.106449e-08,3.210889e-08,8.362344e-09,3.067713e-08,2.281000e-08
29.565430,1.115589e-07,4.440031e-08,9.637284e-07,1.996241e-07,1.042393e-06,7.442355e-08,4.731710e-07,2.337009e-07,6.774415e-07,1.595253e-07,1.678119e-07,6.636397e-08,1.005032e-07,9.435158e-08,6.714926e-08,1.242095e-07,9.154350e-09,4.916444e-09,6.274543e-09,3.226302e-08,2.148049e-08,3.065798e-08,7.491205e-09,2.452210e-08,2.421063e-08
29.589840,1.091230e-07,4.422294e-08,9.479578e-07,1.975537e-07,1.023491e-06,7.401827e-08,4.584635e-07,2.385789e-07,6.691078e-07,1.586156e-07,1.648438e-07,6.540908e-08,9.332495e-08,9.964999e-08,6.766003e-08,1.370326e-07,9.835349e-09,6.769430e-09,6.987132e-09,2.106073e-08,2.265781e-08,3.040223e-08,6.571193e-09,1.916398e-08,2.582805e-08
29.614260,1.065183e-07,4.406642e-08,9.344405e-07,1.976196e-07,1.010046e-06,7.375873e-08,4.531599e-07,2.347157e-07,6.523854e-07,1.578718e-07,1.664895e-07,6.523599e-08,9.375172e-08,9.466175e-08,6.676946e-08,1.653078e-07,1.047348e-08,8.603188e-09,7.896222e-09,2.071697e-08,2.284733e-08,2.966776e-08,6.231280e-09,1.552814e-08,2.699411e-08
29.638670,1.047041e-07,4.408302e-08,9.196002e-07,1.942665e-07,1.001179e-06,7.203667e-08,4.486692e-07,2.257010e-07,6.535477e-07,1.540348e-07,1.650462e-07,6.060733e-08,9.450561e-08,9.238695e-08,7.144534e-08,1.705217e-07,1.048225e-08,9.439248e-09,9.227911e-09,3.236554e-08,2.234768e-08,2.954616e-08,6.157463e-09,1.874095e-08,2.688883e-08
29.663090,1.031192e-07,4.388021e-08,9.042918e-07,1.904187e-07,9.752418e-07,7.165100e-08,4.483772e-07,2.292857e-07,6.613845e-07,1.514968e-07,1.566638e-07,5.724009e-08,9.153496e-08,9.877314e-08,7.403658e-08,1.656726e-07,1.052390e-08,1.038369e-08,1.025023e-08,4.165731e-08,2.044189e-08,2.891977e-08,6.273461e-09,2.313416e-08,2.522690e-08
29.687500,1.006968e-07,4.315791e-08,8.804024e-07,1.892443e-07,9.634508e-07,7.213687e-08,4.376787e-07,2.310761e-07,6.346863e-07,1.540024e-07,1.562923e-07,5.902482e-08,9.151787e-08,1.008783e-07,6.864098e-08,1.695726e-07,1.088633e-08,1.146086e-08,1.027383e-08,5.431066e-08,1.827056e-08,2.662929e-08,6.081058e-09,2.666659e-08,2.130742e-08
29.711910,9.963550e-08,4.281011e-08,8.629221e-07,1.855302e-07,9.590666e-07,7.041648e-08,4.240940e-07,2.267498e-07,6.186404e-07,1.506656e-07,1.583791e-07,5.833911e-08,8.837897e-08,9.926301e-08,6.475145e-08,1.703709e-07,1.066075e-08,1.225946e-08,9.942006e-09,6.686755e-08,1.482922e-08,2.348391e-08,5.676105e-09,2.828633e-08,1.719009e-08
29.736330,9.874752e-08,4.222458e-08,8.520664e-07,1.809153e-07,9.441401e-07,6.972405e-08,4.257887e-07,2.238520e-07,6.284154e-07,1.450477e-07,1.535573e-07,5.626535e-08,8.273694e-08,9.972356e-08,6.554329e-08,1.640895e-07,9.466859e-09,1.187378e-08,9.968715e-09,8.118598e-08,1.173517e-08,1.778313e-08,4.952112e-09,2.805233e-08,1.264141e-08
29.760740,9.773965e-08,4.139951e-08,8.293953e-07,1.759906e-07,9.319035e-07,6.950227e-08,4.191910e-07,2.205323e-07,6.217310e-07,1.463695e-07,1.500300e-07,5.658406e-08,8.469635e-08,9.632919e-08,6.407614e-08,1.724670e-07,8.254168e-09,1.166790e-08,1.019714e-08,8.669205e-08,8.957196e-09,1.353654e-08,4.129091e-09,2.631761e-08,9.616128e-09
29.785160,9.701684e-08,4.066040e-08,8.127045e-07,1.722064e-07,9.204961e-07,6.867344e-08,4.079349e-07,2.232413e-07,6.101782e-07,1.462575e-07,1.469313e-07,5.621466e-08,8.868121e-08,9.172699e-08,6.264928e-08,1.879836e-07,7.631039e-09,1.225468e-08,9.800073e-09,8.718285e-08,8.330676e-09,1.235368e-08,3.700404e-09,2.398331e-08,7.462723e-09
29.809570,9.616737e-08,3.990116e-08,7.993976e-07,1.694504e-07,9.199014e-07,6.700335e-08,4.002030e-07,2.250571e-07,5.963499e-07,1.440008e-07,1.454854e-07,5.684791e-08,8.519871e-08,9.416692e-08,6.217826e-08,1.778339e-07,6.993117e-09,1.270540e-08,8.568231e-09,8.683783e-08,9.575648e-09,1.562351e-08,3.761131e-09,2.012224e-08,5.373951e-09
29.833980,9.486542e-08,3.918196e-08,7.870216e-07,1.645548e-07,9.097251e-07,6.474722e-08,3.932753e-07,2.161360e-07,5.874262e-07,1.416409e-07,1.483825e-07,5.954509e-08,7.936191e-08,9.537082e-08,5.632047e-08,1.568710e-07,5.721173e-09,1.194906e-08,7.423849e-09,8.965404e-08,1.170312e-08,2.117034e-08,4.289641e-09,1.856627e-08,3.530729e-09
29.858400,9.258583e-08,3.840055e-08,7.706964e-07,1.630733e-07,8.930155e-07,6.437152e-08,3.853778e-07,2.145557e-07,6.004875e-07,1.382177e-07,1.445431e-07,5.811665e-08,8.039800e-08,8.896399e-08,5.019023e-08,1.467508e-07,4.412740e-09,1.086744e-08,6.965196e-09,9.141845e-08,1.293450e-08,2.647342e-08,5.293631e-09,1.951469e-08,2.754001e-09
29.882810,9.295434e-08,3.894211e-08,7.701657e-07,1.649534e-07,9.068071e-07,6.519606e-08,3.762595e-07,2.200389e-07,5.995827e-07,1.429720e-07,1.398950e-07,5.543496e-08,8.318919e-08,8.504705e-08,5.154478e-08,1.491947e-07,3.792775e-09,1.016933e-08,6.552699e-09,8.680427e-08,1.444200e-08,3.076617e-08,6.078373e-09,2.322761e-08,3.472490e-09
29.907230,9.357431e-08,3.960273e-08,7.787844e-07,1.658936e-07,9.106299e-07,6.451227e-08,3.724511e-07,2.189102e-07,5.814120e-07,1.468859e-07,1.440916e-07,5.791888e-08,8.735858e-08,8.780905e-08,5.224634e-08,1.465602e-07,2.925052e-09,9.571501e-09,5.437937e-09,8.108911e-08,1.516010e-08,3.443017e-08,6.855163e-09,2.782368e-08,6.004484e-09
29.931640,9.346191e-08,3.998704e-08,7.778297e-07,1.679537e-07,9.099797e-07,6.563234e-08,3.822409e-07,2.191105e-07,5.910157e-07,1.428166e-07,1.459401e-07,6.018822e-08,9.363438e-08,8.715144e-08,4.874718e-08,1.438430e-07,2.135941e-09,8.220501e-09,4.228116e-09,7.727609e-08,1.593191e-08,3.548708e-08,7.215599e-09,3.145469e-08,9.114731e-09
29.956050,9.408173e-08,4.068984e-08,7.839814e-07,1.704219e-07,9.119629e-07,6.737654e-08,3.819014e-07,2.186480e-07,5.975340e-07,1.441851e-07,1.446711e-07,5.997522e-08,9.246639e-08,8.549988e-08,4.686742e-08,1.490294e-07,3.327653e-09,6.792792e-09,4.166144e-09,7.770653e-08,1.595323e-08,3.546222e-08,7.239656e-09,3.362858e-08,1.316827e-08
29.980470,9.488147e-08,4.130838e-08,7.990656e-07,1.728869e-07,9.155841e-07,6.855641e-08,3.805181e-07,2.238194e-07,6.006000e-07,1.484258e-07,1.468933e-07,6.075249e-08,9.051707e-08,8.712362e-08,4.804127e-08,1.395217e-07,4.705989e-09,6.143916e-09,4.015837e-09,7.429725e-08,1.592149e-08,3.413005e-08,7.235157e-09,3.455804e-08,1.739597e-08
30.004880,9.611649e-08,4.184548e-08,8.101544e-07,1.732417e-07,9.199216e-07,6.943262e-08,3.877678e-07,2.328820e-07,6.050170e-07,1.511780e-07,1.470799e-07,5.965292e-08,9.904248e-08,8.421856e-08,4.976196e-08,1.235031e-07,5.065927e-09,5.502055e-09,2.896094e-09,6.459912e-08,1.684871e-08,3.385072e-08,6.952892e-09,3.382261e-08,2.107256e-08
30.029300,9.733607e-08,4.211996e-08,8.230809e-07,1.744661e-07,9.151864e-07,6.958989e-08,3.948386e-07,2.302052e-07,6.014350e-07,1.542410e-07,1.502877e-07,5.815013e-08,1.039488e-07,8.395229e-08,5.394220e-08,1.357856e-07,5.702494e-09,3.592146e-09,2.478046e-09,5.279095e-08,1.817223e-08,3.438050e-08,6.779329e-09,3.117843e-08,2.317349e-08
30.053710,9.976355e-08,4.257405e-08,8.376737e-07,1.780986e-07,9.262599e-07,7.155256e-08,4.031624e-07,2.295335e-07,6.240235e-07,1.531606e-07,1.549651e-07,6.044871e-08,1.014851e-07,9.416007e-08,5.996754e-08,1.575366e-07,7.189215e-09,2.233440e-09,3.715706e-09,4.542931e-08,2.024964e-08,3.545432e-08,6.685837e-09,2.738879e-08,2.451342e-08
30.078120,1.026590e-07,4.293794e-08,8.602315e-07,1.779875e-07,9.396782e-07,7.261776e-08,4.013546e-07,2.381164e-07,6.394228e-07,1.557143e-07,1.509247e-07,6.057021e-08,1.014620e-07,9.797915e-08,5.953309e-08,1.539702e-07,8.219634e-09,3.855177e-09,4.627337e-09,3.816538e-08,2.149943e-08,3.707946e-08,6.773175e-09,2.248577e-08,2.460215e-08
30.102540,1.044629e-07,4.278358e-08,8.699245e-07,1.777818e-07,9.369223e-07,7.233252e-08,4.043680e-07,2.417070e-07,6.255409e-07,1.614321e-07,1.509071e-07,5.722052e-08,1.025488e-07,9.511174e-08,5.982572e-08,1.526616e-07,8.923535e-09,4.956363e-09,5.355449e-09,2.603614e-08,2.227032e-08,3.817439e-08,7.015127e-09,2.172903e-08,2.461825e-08
30.126950,1.067429e-07,4.307088e-08,8.792529e-07,1.796348e-07,9.465953e-07,7.377533e-08,4.163071e-07,2.424445e-07,6.288405e-07,1.598142e-07,1.557607e-07,5.644765e-08,1.015939e-07,9.800659e-08,6.888518e-08,1.623309e-07,1.000479e-08,6.331552e-09,6.600297e-09,7.855876e-09,2.148938e-08,3.952272e-08,7.212848e-09,2.510177e-08,2.344069e-08
30.151370,1.079816e-07,4.335798e-08,8.947981e-07,1.821485e-07,9.607532e-07,7.473425e-08,4.157980e-07,2.436755e-07,6.498370e-07,1.574431e-07,1.554735e-07,5.701487e-08,1.059061e-07,1.024516e-07,7.553672e-08,1.639556e-07,1.117176e-08,8.455779e-09,8.207480e-09,1.115210e-08,2.037266e-08,3.980927e-08,7.167673e-09,3.009633e-08,2.137978e-08
30.175780,1.085351e-07,4.392137e-08,8.973559e-07,1.845721e-07,9.797899e-07,7.437807e-08,4.136307e-07,2.451062e-07,6.562935e-07,1.621035e-07,1.552047e-07,5.603028e-08,1.081272e-07,1.040948e-07,7.644516e-08,1.663635e-07,1.134494e-08,1.023005e-08,9.221167e-09,2.512568e-08,1.873925e-08,3.835245e-08,6.768722e-09,3.496118e-08,1.781964e-08
30.200200,1.085297e-07,4.480427e-08,8.972150e-07,1.859623e-07,9.840206e-07,7.391248e-08,4.170966e-07,2.559326e-07,6.617062e-07,1.651444e-07,1.537325e-07,5.676234e-08,9.995048e-08,1.090378e-07,7.773204e-08,1.863227e-07,1.075611e-08,1.077457e-08,9.206810e-09,3.575488e-08,1.648255e-08,3.540421e-08,6.093935e-09,3.652123e-08,1.372541e-08
30.224610,1.087959e-07,4.614043e-08,8.953834e-07,1.914328e-07,9.907020e-07,7.350917e-08,4.161009e-07,2.584182e-07,6.534167e-07,1.675531e-07,1.530086e-07,5.636970e-08,9.909653e-08,1.112306e-07,7.853962e-08,2.015710e-07,1.043398e-08,1.127716e-08,9.122881e-09,4.927282e-08,1.328920e-08,3.052337e-08,5.306898e-09,3.776053e-08,1.078808e-08
30.249020,1.087687e-07,4.741607e-08,8.983922e-07,1.940224e-07,1.008013e-06,7.514982e-08,4.155567e-07,2.550297e-07,6.580422e-07,1.675061e-07,1.590652e-07,5.458532e-08,1.059904e-07,1.047644e-07,7.600817e-08,1.888806e-07,1.074327e-08,1.282698e-08,9.689183e-09,6.733130e-08,9.484854e-09,2.519404e-08,4.198769e-09,3.580553e-08,1.095803e-08
30.273440,1.075824e-07,4.828661e-08,8.970995e-07,1.952704e-07,1.002661e-06,7.552100e-08,4.095278e-07,2.637485e-07,6.854309e-07,1.662012e-07,1.614359e-07,5.776339e-08,1.066052e-07,1.046975e-07,7.833730e-08,1.719034e-07,1.044454e-08,1.431749e-08,9.964049e-09,8.082450e-08,6.032200e-09,1.945853e-08,3.300505e-09,3.320376e-08,1.227041e-08
30.297850,1.074796e-07,4.966621e-08,9.010355e-07,1.988081e-07,1.004089e-06,7.483750e-08,4.119076e-07,2.692280e-07,6.758644e-07,1.738823e-07,1.564895e-07,6.238443e-08,1.052688e-07,1.091260e-07,8.256772e-08,1.752544e-07,9.480696e-09,1.440149e-08,9.064075e-09,8.852483e-08,4.441586e-09,1.437419e-08,2.114892e-09,2.764716e-08,1.349399e-08
30.322270,1.074014e-07,5.077793e-08,9.205637e-07,2.005798e-07,1.013200e-06,7.692002e-08,4.243674e-07,2.684777e-07,6.601418e-07,1.768877e-07,1.580501e-07,6.124419e-08,1.056239e-07,1.063242e-07,7.833523e-08,1.809287e-07,8.756707e-09,1.410885e-08,7.698798e-09,8.819174e-08,4.909842e-09,1.107613e-08,1.331237e-09,1.957567e-08,1.281877e-08
30.346680,1.070962e-07,5.147842e-08,9.322341e-07,2.011753e-07,1.021000e-06,7.847142e-08,4.211380e-07,2.673595e-07,6.697611e-07,1.724500e-07,1.608413e-07,6.099203e-08,1.015321e-07,1.030933e-07,7.201456e-08,1.774218e-07,8.214525e-09,1.427536e-08,7.243920e-09,9.204777e-08,7.844807e-09,9.454640e-09,1.380516e-09,1.059686e-08,1.193528e-08
30.371090,1.070582e-07,5.210649e-08,9.488833e-07,2.001153e-07,1.029699e-06,7.990921e-08,4.217611e-07,2.667170e-07,6.726643e-07,1.738864e-07,1.591609e-07,6.252576e-08,9.972195e-08,1.040806e-07,7.094251e-08,1.842883e-07,6.543253e-09,1.420551e-08,6.772770e-09,9.663221e-08,1.132012e-08,1.166110e-08,2.182393e-09,7.089291e-09,1.044572e-08
30.395510,1.071094e-07,5.257043e-08,9.729328e-07,2.000789e-07,1.038656e-06,8.069639e-08,4.275937e-07,2.745790e-07,6.743740e-07,1.770177e-07,1.605599e-07,6.257734e-08,1.065490e-07,1.011405e-07,6.972942e-08,1.882128e-07,4.532827e-09,1.307804e-08,5.506458e-09,9.605234e-08,1.465988e-08,1.550150e-08,3.219348e-09,1.326169e-08,1.031121e-08
30.419920,1.073342e-07,5.301508e-08,9.960247e-07,1.994238e-07,1.065028e-06,8.274808e-08,4.345548e-07,2.816991e-07,6.724715e-07,1.796932e-07,1.591727e-07,6.561900e-08,1.081219e-07,9.852057e-08,6.643078e-08,1.704206e-07,4.257699e-09,1.195854e-08,4.285846e-09,8.641395e-08,1.792723e-08,1.995604e-08,4.531846e-09,1.899316e-08,1.275909e-08
30.444340,1.066505e-07,5.296715e-08,1.012252e-06,1.944316e-07,1.080404e-06,8.590620e-08,4.378678e-07,2.735113e-07,6.687512e-07,1.819974e-07,1.607998e-07,6.731203e-08,1.013620e-07,1.025542e-07,6.514369e-08,1.620257e-07,4.478888e-09,1.169980e-08,4.262074e-09,7.764134e-08,2.091833e-08,2.629938e-08,5.758354e-09,2.368280e-08,1.752384e-08
30.468750,1.067601e-07,5.327089e-08,1.020095e-06,1.923640e-07,1.086719e-06,8.625715e-08,4.329602e-07,2.753725e-07,6.983095e-07,1.798578e-07,1.671401e-07,6.444692e-08,1.032427e-07,1.016900e-07,6.037232e-08,1.824313e-07,3.813314e-09,1.124355e-08,4.895847e-09,7.687153e-08,2.315623e-08,3.167806e-08,7.194942e-09,2.522239e-08,2.238750e-08
30.493160,1.074299e-07,5.364288e-08,1.034342e-06,1.921109e-07,1.112780e-06,8.710940e-08,4.419204e-07,2.828269e-07,7.105652e-07,1.827283e-07,1.651358e-07,6.560278e-08,1.066144e-07,9.301122e-08,5.374716e-08,1.962643e-07,4.085595e-09,9.270553e-09,5.257623e-09,7.532184e-08,2.552938e-08,3.693623e-08,8.219548e-09,2.717668e-08,2.727137e-08
30.517580,1.072485e-07,5.361803e-08,1.037480e-06,1.913956e-07,1.130682e-06,8.941419e-08,4.514309e-07,2.817165e-07,6.885467e-07,1.897003e-07,1.621918e-07,6.898833e-08,1.066936e-07,9.495617e-08,5.696826e-08,1.915541e-07,5.524032e-09,6.845892e-09,5.449059e-09,6.825593e-08,2.667257e-08,4.018742e-08,9.138131e-09,2.734240e-08,3.035924e-08
30.541990,1.080852e-07,5.397634e-08,1.033984e-06,1.914702e-07,1.137203e-06,8.949724e-08,4.459047e-07,2.825112e-07,7.016401e-07,1.846625e-07,1.654493e-07,6.819415e-08,1.112890e-07,9.970542e-08,6.247230e-08,1.915995e-07,6.456719e-09,5.773608e-09,6.466044e-09,5.536426e-08,2.728257e-08,4.105424e-08,9.675379e-09,2.763461e-08,3.160247e-08
30.566410,1.089811e-07,5.416572e-08,1.042562e-06,1.924749e-07,1.132999e-06,8.885956e-08,4.466685e-07,2.791474e-07,7.187499e-07,1.826646e-07,1.668772e-07,6.712254e-08,1.106928e-07,9.976104e-08,6.033737e-08,1.956318e-07,7.791179e-09,4.865006e-09,7.771354e-09,4.743048e-08,2.641534e-08,4.172325e-08,1.014230e-08,2.956457e-08,3.173202e-08
30.590820,1.100245e-07,5.421456e-08,1.050241e-06,1.962609e-07,1.126705e-06,8.814436e-08,4.493853e-07,2.840208e-07,7.300512e-07,1.864719e-07,1.665147e-07,6.705139e-08,1.051009e-07,1.040940e-07,5.954655e-08,2.008530e-07,9.672331e-09,3.578366e-09,8.252637e-09,4.281523e-08,2.622609e-08,3.964444e-08,1.011876e-08,3.427929e-08,3.101644e-08
30.615230,1.107491e-07,5.408629e-08,1.065807e-06,1.982929e-07,1.123181e-06,8.832894e-08,4.474184e-07,2.936096e-07,7.359444e-07,1.889927e-07,1.669464e-07,6.631505e-08,1.109423e-07,1.049233e-07,6.405098e-08,2.064388e-07,1.105614e-08,5.162801e-09,8.420151e-09,3.472443e-08,2.660642e-08,3.812908e-08,9.666375e-09,4.280576e-08,3.069209e-08
30.639650,1.123193e-07,5.424667e-08,1.082387e-06,2.006188e-07,1.098806e-06,8.955809e-08,4.446257e-07,2.900600e-07,7.225604e-07,1.925907e-07,1.619669e-07,6.704651e-08,1.198570e-07,1.011826e-07,6.780361e-08,2.277070e-07,1.119979e-08,7.048925e-09,9.509664e-09,2.131736e-08,2.778535e-08,3.550295e-08,8.986969e-09,5.133079e-08,3.019639e-08
30.664060,1.143426e-07,5.461486e-08,1.105409e-06,2.067740e-07,1.083871e-06,8.835086e-08,4.394854e-07,2.903169e-07,7.387960e-07,1.897348e-07,1.662460e-07,6.935200e-08,1.174159e-07,1.076327e-07,7.239690e-08,2.413406e-07,1.158369e-08,7.507209e-09,1.094948e-08,2.059730e-08,2.864884e-08,3.393010e-08,8.150579e-09,5.774414e-08,2.911440e-08
30.688480,1.149990e-07,5.434872e-08,1.123464e-06,2.101462e-07,1.081424e-06,8.817213e-08,4.480542e-07,2.996378e-07,7.598439e-07,1.896657e-07,1.719476e-07,6.601107e-08,1.160584e-07,1.175171e-07,8.001203e-08,2.252541e-07,1.274348e-08,8.753409e-09,1.159862e-08,3.468413e-08,2.847647e-08,3.234987e-08,7.406440e-09,6.084377e-08,2.874320e-08
30.712890,1.163518e-07,5.458778e-08,1.131690e-06,2.124947e-07,1.066346e-06,8.976697e-08,4.560228e-07,3.044703e-07,7.433902e-07,1.982234e-07,1.676098e-07,6.299999e-08,1.196506e-07,1.156716e-07,8.093044e-08,2.082807e-07,1.370926e-08,1.139472e-08,1.123586e-08,4.528448e-08,2.787610e-08,3.237557e-08,6.952175e-09,5.922676e-08,2.849251e-08
30.737300,1.172687e-07,5.489741e-08,1.153453e-06,2.150817e-07,1.058280e-06,8.954706e-08,4.497953e-07,3.054433e-07,7.320504e-07,1.995136e-07,1.682331e-07,6.653555e-08,1.211119e-07,1.138407e-07,7.592112e-08,2.186903e-07,1.391723e-08,1.348955e-08,1.122897e-08,5.379764e-08,2.571539e-08,3.321259e-08,6.593436e-09,5.579942e-08,3.059561e-08
30.761720,1.168134e-07,5.476642e-08,1.156436e-06,2.160410e-07,1.047081e-06,8.857700e-08,4.502558e-07,3.000313e-07,7.297395e-07,1.942692e-07,1.694857e-07,6.719621e-08,1.269883e-07,1.170762e-07,7.802990e-08,2.256781e-07,1.400347e-08,1.428681e-08,1.163637e-08,7.162322e-08,2.299080e-08,3.176209e-08,6.404047e-09,4.869105e-08,3.208699e-08
30.786130,1.163585e-07,5.489067e-08,1.150559e-06,2.152600e-07,1.051263e-06,8.808006e-08,4.564524e-07,3.004071e-07,7.248775e-07,1.936776e-07,1.680490e-07,6.635929e-08,1.341481e-07,1.166582e-07,8.040196e-08,2.122988e-07,1.414343e-08,1.517587e-08,1.172471e-08,8.929623e-08,1.832609e-08,2.833673e-08,6.037020e-09,4.061741e-08,3.259933e-08
30.810550,1.161756e-07,5.511052e-08,1.142489e-06,2.114250e-07,1.047387e-06,8.812403e-08,4.569539e-07,3.119138e-07,7.229395e-07,1.940868e-07,1.675124e-07,6.643252e-08,1.291386e-07,1.178612e-07,7.740555e-08,2.109918e-07,1.354661e-08,1.627704e-08,1.079913e-08,9.812960e-08,1.303490e-08,2.290354e-08,5.510433e-09,3.097776e-08,3.107746e-08
30.834960,1.163643e-07,5.555739e-08,1.134183e-06,2.121522e-07,1.042203e-06,8.866915e-08,4.578508e-07,3.105346e-07,7.023693e-07,1.963654e-07,1.637353e-07,6.360878e-08,1.235595e-07,1.220916e-07,7.428463e-08,2.037025e-07,1.168595e-08,1.665625e-08,9.654269e-09,1.010489e-07,8.399688e-09,1.712540e-08,4.811030e-09,1.985943e-08,2.725807e-08
30.859380,1.154954e-07,5.544083e-08,1.126811e-06,2.128136e-07,1.062122e-06,8.722517e-08,4.552353e-07,3.024282e-07,6.988149e-07,1.947830e-07,1.619971e-07,6.280152e-08,1.280548e-07,1.177304e-07,7.161864e-08,1.743992e-07,1.016986e-08,1.589822e-08,9.553650e-09,1.028309e-07,8.175303e-09,1.541251e-08,3.862151e-09,8.108693e-09,2.263071e-08
30.883790,1.156020e-07,5.571407e-08,1.108892e-06,2.106222e-07,1.067425e-06,8.734654e-08,4.617628e-07,3.068563e-07,7.259135e-07,1.891284e-07,1.666715e-07,6.541833e-08,1.300562e-07,1.140067e-07,6.499372e-08,1.501022e-07,9.860605e-09,1.531261e-08,9.219350e-09,1.040409e-07,1.145050e-08,1.894162e-08,3.314049e-09,3.140448e-09,1.741894e-08
30.908200,1.155061e-07,5.594342e-08,1.104978e-06,2.102579e-07,1.062170e-06,8.842406e-08,4.658578e-07,3.089865e-07,7.178132e-07,1.926254e-07,1.661769e-07,6.436542e-08,1.238993e-07,1.211595e-07,6.313201e-08,1.613823e-07,8.956736e-09,1.553113e-08,7.815707e-09,1.037720e-07,1.588835e-08,2.642391e-08,3.434382e-09,1.053165e-08,1.175407e-08
30.932620,1.146090e-07,5.575907e-08,1.101510e-06,2.101909e-07,1.060499e-06,8.726633e-08,4.554610e-07,3.060673e-07,6.924005e-07,1.954790e-07,1.604652e-07,6.067243e-08,1.219671e-07,1.266350e-07,6.592525e-08,1.682148e-07,7.382296e-09,1.528941e-08,5.864564e-09,9.536625e-08,1.925814e-08,3.446645e-08,4.461053e-09,1.318770e-08,7.644895e-09
30.957030,1.143543e-07,5.594686e-08,1.092268e-06,2.111700e-07,1.058909e-06,8.705374e-08,4.536712e-07,3.030262e-07,7.002077e-07,1.876770e-07,1.606170e-07,6.175980e-08,1.190013e-07,1.212522e-07,6.165353e-08,1.532056e-07,5.998802e-09,1.384798e-08,5.014603e-09,8.582159e-08,2.189614e-08,4.064629e-08,5.922049e-09,1.355249e-08,9.050291e-09
30.981450,1.141797e-07,5.612442e-08,1.094180e-06,2.105322e-07,1.058644e-06,8.758465e-08,4.519598e-07,2.982671e-07,7.094883e-07,1.838650e-07,1.604017e-07,6.278629e-08,1.118191e-07,1.194688e-07,5.493709e-08,1.487733e-07,5.232842e-09,1.224301e-08,4.863337e-09,7.625573e-08,2.268649e-08,4.397253e-08,7.169211e-09,9.933741e-09,1.398776e-08
31.005860,1.143704e-07,5.635543e-08,1.096262e-06,2.114348e-07,1.044499e-06,8.939221e-08,4.449778e-07,3.024138e-07,7.153529e-07,1.851505e-07,1.598457e-07,6.220254e-08,1.159883e-07,1.199061e-07,5.585351e-08,1.539917e-07,4.362538e-09,1.117505e-08,4.158344e-09,7.692072e-08,2.203903e-08,4.524388e-08,8.144942e-09,7.168711e-09,1.954585e-08
31.030270,1.137854e-07,5.613530e-08,1.102074e-06,2.142745e-07,1.044450e-06,9.069904e-08,4.377848e-07,3.048419e-07,7.134396e-07,1.855210e-07,1.591187e-07,6.331944e-08,1.167811e-07,1.138038e-07,5.874436e-08,1.576174e-07,4.577009e-09,9.794285e-09,4.048206e-09,7.529281e-08,2.040643e-08,4.256140e-08,8.658574e-09,1.008902e-08,2.226838e-08
31.054690,1.141174e-07,5.615610e-08,1.104403e-06,2.122085e-07,1.045227e-06,8.981628e-08,4.303047e-07,2.946185e-07,6.981948e-07,1.858589e-07,1.533947e-07,6.117664e-08,1.062348e-07,1.175083e-07,6.023248e-08,1.693418e-07,6.228690e-09,7.472845e-09,5.317199e-09,6.832470e-08,1.928549e-08,4.059426e-08,8.592576e-09,1.750961e-08,2.285031e-08
31.079100,1.152507e-07,5.650278e-08,1.117309e-06,2.106789e-07,1.025458e-06,9.091387e-08,4.330481e-07,2.947224e-07,7.142214e-07,1.807445e-07,1.523033e-07,5.978097e-08,1.024346e-07,1.213647e-07,6.322132e-08,1.923789e-07,7.483634e-09,5.715091e-09,6.521577e-09,5.919967e-08,1.960018e-08,3.764463e-08,8.161925e-09,2.826249e-08,2.160187e-08
31.103520,1.158128e-07,5.622945e-08,1.134311e-06,2.107217e-07,1.019754e-06,9.202051e-08,4.290053e-07,2.993660e-07,7.262215e-07,1.788586e-07,1.564062e-07,6.359696e-08,1.071578e-07,1.134686e-07,6.458112e-08,1.987213e-07,7.416973e-09,5.262381e-09,6.762462e-09,5.723676e-08,2.128840e-08,3.609706e-08,7.179144e-09,3.853996e-08,2.012299e-08
31.127930,1.172345e-07,5.636028e-08,1.134509e-06,2.097805e-07,1.020263e-06,9.085558e-08,4.134459e-07,2.956668e-07,7.021181e-07,1.852274e-07,1.531450e-07,6.369207e-08,1.081626e-07,1.078256e-07,6.174894e-08,1.839033e-07,7.728542e-09,4.224155e-09,7.328321e-09,5.537448e-08,2.317246e-08,3.527214e-08,6.171532e-09,4.925604e-08,1.926129e-08
31.152340,1.179266e-07,5.616029e-08,1.145716e-06,2.082160e-07,1.020298e-06,9.064817e-08,4.115974e-07,2.919793e-07,6.993081e-07,1.834971e-07,1.502437e-07,6.056894e-08,1.090120e-07,1.113557e-07,6.599920e-08,1.860225e-07,9.474973e-09,3.260154e-09,8.793654e-09,4.424376e-08,2.447308e-08,3.639599e-08,5.409456e-09,5.595294e-08,2.018076e-08
31.176760,1.180475e-07,5.601684e-08,1.156152e-06,2.055372e-07,1.013234e-06,9.030829e-08,4.108375e-07,2.861211e-07,7.028449e-07,1.793714e-07,1.525043e-07,5.999931e-08,1.099992e-07,1.114667e-07,7.429916e-08,2.025632e-07,1.067363e-08,4.683153e-09,1.023771e-08,3.014602e-08,2.518649e-08,3.928960e-08,5.264810e-09,5.930159e-08,2.154422e-08
31.201170,1.170276e-07,5.587048e-08,1.167229e-06,2.070080e-07,1.007249e-06,9.011343e-08,4.063942e-07,2.876408e-07,6.990503e-07,1.804000e-07,1.505112e-07,5.964862e-08,1.047524e-07,1.088039e-07,7.412296e-08,2.100916e-07,1.100544e-08,6.887982e-09,1.057846e-08,3.001201e-08,2.529910e-08,4.084863e-08,5.631393e-09,5.796491e-08,2.465884e-08
31.225590,1.161659e-07,5.627264e-08,1.172358e-06,2.056446e-07,1.018891e-06,8.948056e-08,4.037880e-07,2.963152e-07,7.000153e-07,1.813722e-07,1.495856e-07,6.012932e-08,1.061021e-07,1.105822e-07,7.290631e-08,2.021593e-07,1.176434e-08,8.250695e-09,1.046583e-08,3.871921e-08,2.432796e-08,4.226116e-08,6.033689e-09,5.273899e-08,2.785798e-08
31.250000,1.150637e-07,5.704568e-08,1.180693e-06,2.020301e-07,1.005598e-06,8.760031e-08,4.001197e-07,2.914770e-07,6.843220e-07,1.831943e-07,1.481960e-07,6.202151e-08,1.176678e-07,1.078241e-07,7.428466e-08,2.017744e-07,1.244928e-08,9.697215e-09,1.103175e-08,4.523421e-08,2.214251e-08,4.003839e-08,6.268068e-09,4.459793e-08,3.149013e-08
31.274410,1.127745e-07,5.743555e-08,1.190591e-06,2.014056e-07,9.929052e-07,8.843492e-08,4.064039e-07,2.873145e-07,6.877522e-07,1.822172e-07,1.429925e-07,6.092096e-08,1.182982e-07,1.049528e-07,7.356070e-08,1.913769e-07,1.174410e-08,1.162195e-08,1.141198e-08,5.391036e-08,1.821499e-08,3.685062e-08,6.173823e-09,3.601417e-08,3.341425e-08
31.298830,1.115026e-07,5.839486e-08,1.186035e-06,2.001216e-07,9.912585e-07,8.863828e-08,4.055956e-07,2.907007e-07,7.135987e-07,1.778496e-07,1.464349e-07,5.820459e-08,1.157058e-07,1.143643e-07,7.226536e-08,1.649565e-07,1.068372e-08,1.277367e-08,1.077602e-08,7.153674e-08,1.348400e-08,3.103020e-08,5.747354e-09,2.516414e-08,3.302229e-08
31.323240,1.102109e-07,5.917913e-08,1.190423e-06,1.987485e-07,9.864861e-07,8.718088e-08,3.982238e-07,2.890742e-07,7.031944e-07,1.821311e-07,1.493477e-07,5.948464e-08,1.190981e-07,1.148126e-07,7.348919e-08,1.497908e-07,1.054974e-08,1.253586e-08,9.537517e-09,8.869992e-08,9.401512e-09,2.506228e-08,5.021841e-09,1.511837e-08,3.012119e-08
31.347660,1.087818e-07,5.952056e-08,1.193417e-06,1.969151e-07,9.791379e-07,8.751834e-08,4.058189e-07,2.868832e-07,6.852625e-07,1.840135e-07,1.450104e-07,6.117409e-08,1.183423e-07,1.082592e-07,7.111064e-08,1.605097e-07,1.097543e-08,1.246047e-08,8.953457e-09,9.748830e-08,5.353145e-09,1.830961e-08,3.814387e-09,4.137788e-09,2.545167e-08
31.372070,1.077517e-07,5.970702e-08,1.187306e-06,1.971089e-07,9.673398e-07,8.793528e-08,4.090194e-07,2.819773e-07,6.887799e-07,1.775183e-07,1.438341e-07,5.916221e-08,1.185863e-07,1.122325e-07,6.230654e-08,1.561355e-07,1.046344e-08,1.363982e-08,8.859918e-09,9.929983e-08,3.128656e-09,1.086789e-08,2.683275e-09,5.104533e-09,1.923487e-08
31.396480,1.072732e-07,5.970832e-08,1.182798e-06,1.970011e-07,9.655378e-07,8.937263e-08,4.088257e-07,2.781112e-07,6.898008e-07,1.745362e-07,1.438092e-07,5.790983e-08,1.214430e-07,1.163757e-07,5.921963e-08,1.335750e-07,9.360897e-09,1.423409e-08,7.994479e-09,1.015471e-07,4.272906e-09,4.178015e-09,1.713121e-09,1.163699e-08,1.410927e-08
31.420900,1.073491e-07,5.970259e-08,1.176054e-06,1.936110e-07,9.530168e-07,8.867485e-08,4.098347e-07,2.839760e-07,6.971739e-07,1.737361e-07,1.427490e-07,5.812725e-08,1.163178e-07,1.197595e-07,6.001843e-08,1.244717e-07,8.360052e-09,1.349091e-08,6.217219e-09,1.050267e-07,7.583655e-09,6.177834e-09,1.905186e-09,1.441770e-08,8.696920e-09
31.445310,1.062235e-07,5.888313e-08,1.172463e-06,1.940756e-07,9.286840e-07,8.727777e-08,4.132039e-07,2.811419e-07,6.875622e-07,1.749048e-07,1.444001e-07,5.730799e-08,1.075348e-07,1.266305e-07,5.652282e-08,1.251690e-07,7.656551e-09,1.287321e-08,4.718787e-09,1.025792e-07,1.109596e-08,1.151796e-08,2.827392e-09,1.251774e-08,4.701942e-09
31.469730,1.054750e-07,5.833006e-08,1.153923e-06,1.953327e-07,9.235944e-07,8.797765e-08,4.232292e-07,2.725658e-07,6.676112e-07,1.760764e-07,1.405398e-07,5.950191e-08,1.063932e-07,1.279200e-07,5.288155e-08,1.221715e-07,6.202763e-09,1.261709e-08,4.355362e-09,9.148215e-08,1.386928e-08,1.616014e-08,3.838379e-09,7.171666e-09,3.739230e-09
31.494140,1.040752e-07,5.790631e-08,1.142759e-06,1.942110e-07,9.147023e-07,8.673061e-08,4.180635e-07,2.765181e-07,6.844938e-07,1.695684e-07,1.368297e-07,6.090926e-08,1.078300e-07,1.224271e-07,5.058615e-08,1.323202e-07,5.439178e-09,1.168738e-08,3.927694e-09,7.552014e-08,1.669477e-08,2.089522e-08,4.752254e-09,3.881757e-10,6.081115e-09
31.518550,1.020222e-07,5.732894e-08,1.136940e-06,1.928057e-07,9.008244e-07,8.489286e-08,4.105155e-07,2.766423e-07,6.879038e-07,1.676520e-07,1.407299e-07,5.760481e-08,1.022687e-07,1.234951e-07,4.596826e-08,1.518574e-07,6.143224e-09,1.017191e-08,3.747269e-09,6.595326e-08,1.983713e-08,2.531983e-08,5.744685e-09,9.808651e-09,7.952191e-09
31.542970,1.003927e-07,5.722084e-08,1.120262e-06,1.916837e-07,8.858242e-07,8.441199e-08,4.135670e-07,2.740174e-07,6.650084e-07,1.725758e-07,1.399732e-07,5.697012e-08,9.598363e-08,1.306144e-07,4.731483e-08,1.548122e-07,6.235685e-09,8.926196e-09,4.966911e-09,5.837717e-08,2.201860e-08,2.964185e-08,6.328986e-09,1.904670e-08,7.848490e-09
31.567380,9.870707e-08,5.712864e-08,1.106986e-06,1.924456e-07,8.797444e-07,8.338582e-08,4.112176e-07,2.693595e-07,6.647128e-07,1.691330e-07,1.372337e-07,6.067329e-08,9.330061e-08,1.297944e-07,5.407689e-08,1.520669e-07,5.582724e-09,8.721449e-09,6.609885e-09,5.112426e-08,2.370154e-08,3.305237e-08,7.031144e-09,2.966789e-08,6.117123e-09
31.591800,9.726077e-08,5.711270e-08,1.093361e-06,1.893916e-07,8.791077e-07,8.256600e-08,4.070600e-07,2.616392e-07,6.615774e-07,1.653436e-07,1.392514e-07,6.072949e-08,8.916803e-08,1.242861e-07,5.405822e-08,1.660541e-07,5.941706e-09,7.929050e-09,7.283227e-09,3.827389e-08,2.313044e-08,3.513321e-08,7.368803e-09,4.017983e-08,6.573390e-09
31.616210,9.545149e-08,5.680537e-08,1.083602e-06,1.869716e-07,8.627415e-07,8.084036e-08,4.038282e-07,2.670130e-07,6.671498e-07,1.634355e-07,1.390848e-07,5.903895e-08,9.276322e-08,1.228195e-07,5.235164e-08,1.865243e-07,7.357900e-09,6.080361e-09,7.576477e-09,3.675227e-08,2.248337e-08,3.630578e-08,7.851098e-09,4.992719e-08,1.052696e-08
31.640620,9.465319e-08,5.671641e-08,1.077898e-06,1.880793e-07,8.599323e-07,8.005170e-08,4.031923e-07,2.700432e-07,6.695487e-07,1.628207e-07,1.410245e-07,5.821033e-08,9.881287e-08,1.182358e-07,5.558506e-08,1.954055e-07,8.273078e-09,4.491518e-09,8.299995e-09,4.240652e-08,2.095792e-08,3.617678e-08,8.237139e-09,5.779245e-08,1.644002e-08
31.665040,9.543355e-08,5.725555e-08,1.081142e-06,1.880327e-07,8.721766e-07,8.214904e-08,4.104676e-07,2.652174e-07,6.570366e-07,1.673153e-07,1.432656e-07,5.657880e-08,9.575871e-08,1.163222e-07,5.928873e-08,2.008361e-07,9.225374e-09,4.354215e-09,9.557542e-09,4.361332e-08,2.050182e-08,3.635327e-08,8.447903e-09,6.240413e-08,2.175277e-08
31.689450,9.574199e-08,5.703446e-08,1.096749e-06,1.879481e-07,8.721398e-07,8.218153e-08,4.064065e-07,2.680368e-07,6.790662e-07,1.652444e-07,1.389177e-07,5.701787e-08,9.290381e-08,1.207777e-07,6.254233e-08,2.104390e-07,1.052621e-08,4.376845e-09,1.060030e-08,4.064845e-08,2.053957e-08,3.411193e-08,8.354611e-09,6.255806e-08,2.683712e-08
31.713870,9.736313e-08,5.695523e-08,1.102409e-06,1.885225e-07,8.725333e-07,8.275706e-08,4.047808e-07,2.709620e-07,7.070697e-07,1.628974e-07,1.417182e-07,5.897364e-08,1.011494e-07,1.191552e-07,6.704405e-08,2.094958e-07,1.145527e-08,5.087814e-09,1.088984e-08,4.528191e-08,2.065115e-08,3.159259e-08,7.858535e-09,6.021139e-08,3.146839e-08
31.738280,9.938434e-08,5.679924e-08,1.112508e-06,1.888759e-07,8.720196e-07,8.495673e-08,4.137769e-07,2.722395e-07,7.024569e-07,1.693882e-07,1.475827e-07,5.657644e-08,1.072418e-07,1.104980e-07,6.922309e-08,1.971703e-07,1.115274e-08,6.986902e-09,1.139563e-08,5.430774e-08,2.146468e-08,2.824980e-08,7.244453e-09,5.469608e-08,3.555212e-08
31.762700,1.013972e-07,5.630858e-08,1.130924e-06,1.894913e-07,8.729845e-07,8.686238e-08,4.143705e-07,2.719885e-07,7.011468e-07,1.710290e-07,1.465883e-07,5.460454e-08,1.089039e-07,1.148766e-07,6.774792e-08,1.981058e-07,1.113380e-08,8.205789e-09,1.249033e-08,6.050719e-08,2.153506e-08,2.669447e-08,6.443353e-09,4.896732e-08,3.786113e-08
31.787110,1.030206e-07,5.564629e-08,1.144043e-06,1.888137e-07,8.717177e-07,8.820315e-08,4.152192e-07,2.669048e-07,7.065027e-07,1.679364e-07,1.476220e-07,5.642595e-08,1.142630e-07,1.243035e-07,6.841015e-08,2.134694e-07,1.230287e-08,8.634581e-09,1.316512e-08,6.018043e-08,2.188475e-08,2.624532e-08,5.741896e-09,4.235374e-08,3.804541e-08
31.811520,1.046323e-07,5.509110e-08,1.155553e-06,1.924473e-07,8.633274e-07,8.787282e-08,4.189544e-07,2.708959e-07,7.185439e-07,1.662815e-07,1.478697e-07,5.619280e-08,1.164253e-07,1.229321e-07,7.446789e-08,2.058622e-07,1.334340e-08,9.598023e-09,1.283188e-08,7.145346e-08,2.051051e-08,2.618935e-08,5.226625e-09,3.569210e-08,3.437681e-08
31.835940,1.062500e-07,5.516701e-08,1.163005e-06,1.958019e-07,8.739496e-07,8.810186e-08,4.254027e-07,2.781845e-07,7.355837e-07,1.660992e-07,1.482147e-07,5.521965e-08,1.155643e-07,1.246848e-07,7.454015e-08,1.800732e-07,1.292240e-08,1.152618e-08,1.230351e-08,8.583135e-08,1.761670e-08,2.566853e-08,4.924957e-09,2.872023e-08,2.836629e-08
31.860350,1.067505e-07,5.506082e-08,1.179097e-06,1.961499e-07,8.740243e-07,8.931017e-08,4.321768e-07,2.716679e-07,7.212552e-07,1.706090e-07,1.525039e-07,5.575570e-08,1.238661e-07,1.297705e-07,7.021960e-08,1.621585e-07,1.240036e-08,1.307379e-08,1.251872e-08,9.883677e-08,1.237397e-08,2.207274e-08,4.781403e-09,2.309082e-08,2.030059e-08
31.884770,1.079483e-07,5.572263e-08,1.179256e-06,1.985595e-07,8.629953e-07,8.844390e-08,4.270091e-07,2.692551e-07,7.170411e-07,1.721790e-07,1.511574e-07,5.397449e-08,1.282806e-07,1.293260e-07,6.863165e-08,1.481034e-07,1.220217e-08,1.350150e-08,1.288754e-08,1.029798e-07,6.262822e-09,1.823732e-08,4.607159e-09,2.064626e-08,1.147596e-08
31.909180,1.085201e-07,5.656605e-08,1.176242e-06,2.013928e-07,8.583508e-07,8.820574e-08,4.231894e-07,2.740158e-07,7.458347e-07,1.666135e-07,1.477699e-07,5.412928e-08,1.213340e-07,1.388669e-07,6.691419e-08,1.231167e-07,1.123892e-08,1.372126e-08,1.219168e-08,1.070658e-07,5.207343e-10,1.119561e-08,4.161685e-09,2.006127e-08,3.454102e-09
31.933590,1.083462e-07,5.719959e-08,1.181422e-06,2.044949e-07,8.572899e-07,8.942663e-08,4.315866e-07,2.745716e-07,7.412915e-07,1.691858e-07,1.509151e-07,5.903474e-08,1.171967e-07,1.535573e-07,6.505880e-08,1.065731e-07,9.652748e-09,1.456475e-08,1.076927e-08,1.144541e-07,7.178319e-09,4.900863e-09,3.185696e-09,1.838639e-08,6.067854e-09
31.958010,1.083747e-07,5.820174e-08,1.180887e-06,2.051650e-07,8.578771e-07,8.901877e-08,4.303526e-07,2.755923e-07,7.260806e-07,1.742771e-07,1.525441e-07,5.957102e-08,1.180124e-07,1.544877e-07,6.660481e-08,1.071946e-07,8.841504e-09,1.434377e-08,9.150046e-09,1.202079e-07,1.338871e-08,8.964475e-09,1.725018e-09,1.536087e-08,1.338572e-08
31.982420,1.086129e-07,5.927034e-08,1.187415e-06,2.080803e-07,8.470641e-07,8.944583e-08,4.279623e-07,2.715594e-07,7.305724e-07,1.717689e-07,1.508270e-07,5.826852e-08,1.158326e-07,1.528693e-07,6.654218e-08,9.152087e-08,9.107152e-09,1.313164e-08,7.953489e-09,1.177365e-07,1.904013e-08,1.921838e-08,2.930288e-10,9.209170e-09,1.948786e-08
32.006840,1.092767e-07,6.048208e-08,1.189846e-06,2.129902e-07,8.516999e-07,8.917167e-08,4.297209e-07,2.704695e-07,7.358751e-07,1.699193e-07,1.526008e-07,6.148259e-08,1.132254e-07,1.615972e-07,5.859249e-08,7.471749e-08,8.492876e-09,1.242072e-08,6.291221e-09,1.078382e-07,2.364223e-08,2.963715e-08,2.466717e-09,5.812993e-09,2.431785e-08
32.031250,1.089926e-07,6.099567e-08,1.199472e-06,2.143374e-07,8.613649e-07,9.050146e-08,4.295946e-07,2.797626e-07,7.519086e-07,1.693474e-07,1.534690e-07,6.407639e-08,1.100616e-07,1.672319e-07,5.611070e-08,8.988089e-08,6.935167e-09,1.277308e-08,3.644682e-09,9.907940e-08,2.642594e-08,3.880118e-08,4.537806e-09,8.439194e-09,2.537131e-08
32.055660,1.095046e-07,6.163603e-08,1.207657e-06,2.183859e-07,8.560049e-07,9.276761e-08,4.340882e-07,2.806723e-07,7.511897e-07,1.705234e-07,1.565597e-07,6.671903e-08,9.893109e-08,1.669470e-07,6.229931e-08,1.133553e-07,6.056191e-09,1.235340e-08,1.965295e-09,9.312027e-08,2.754965e-08,4.446248e-08,6.616819e-09,1.417198e-08,2.342446e-08
32.080080,1.100686e-07,6.240941e-08,1.220504e-06,2.240827e-07,8.612639e-07,9.267776e-08,4.280640e-07,2.775027e-07,7.403208e-07,1.731824e-07,1.603481e-07,7.088894e-08,9.338308e-08,1.714434e-07,6.389860e-08,1.273221e-07,6.512921e-09,1.075166e-08,3.673830e-09,8.542289e-08,2.609670e-08,4.796187e-08,8.345314e-09,2.136373e-08,1.808077e-08
32.104490,1.097704e-07,6.252888e-08,1.255591e-06,2.294216e-07,8.680313e-07,9.449129e-08,4.301636e-07,2.823818e-07,7.692690e-07,1.688635e-07,1.558489e-07,7.020599e-08,9.870622e-08,1.673646e-07,6.459329e-08,1.452446e-07,6.672014e-09,9.016418e-09,4.557014e-09,7.299096e-08,2.384334e-08,4.815723e-08,9.528152e-09,3.001500e-08,1.230130e-08
32.128910,1.100407e-07,6.298693e-08,1.282118e-06,2.350547e-07,8.735119e-07,9.710846e-08,4.408925e-07,2.846146e-07,7.988914e-07,1.662170e-07,1.548984e-07,6.864816e-08,9.765819e-08,1.573014e-07,6.777266e-08,1.653595e-07,7.391675e-09,7.953472e-09,5.303480e-09,5.761461e-08,2.182606e-08,4.572909e-08,1.032033e-08,3.856269e-08,1.276739e-08
32.153320,1.102597e-07,6.339464e-08,1.308678e-06,2.406849e-07,8.754877e-07,9.822450e-08,4.409031e-07,2.839434e-07,7.897436e-07,1.720265e-07,1.611065e-07,7.217980e-08,9.347069e-08,1.584656e-07,6.735033e-08,1.742908e-07,8.955778e-09,6.468456e-09,7.564917e-09,4.832201e-08,2.111358e-08,4.157093e-08,1.024200e-08,4.572764e-08,2.033856e-08
32.177730,1.107321e-07,6.382059e-08,1.334748e-06,2.486463e-07,8.792517e-07,9.906224e-08,4.443523e-07,2.837617e-07,7.912456e-07,1.731763e-07,1.622373e-07,7.347494e-08,9.652814e-08,1.590695e-07,6.914406e-08,1.840752e-07,9.680706e-09,4.834831e-09,9.472624e-09,4.808490e-08,2.140571e-08,3.568932e-08,9.666788e-09,5.025783e-08,2.926033e-08
32.202150,1.107363e-07,6.398263e-08,1.352928e-06,2.515342e-07,8.949239e-07,9.874776e-08,4.511876e-07,2.796986e-07,7.973803e-07,1.688951e-07,1.625734e-07,7.137652e-08,9.663877e-08,1.465964e-07,7.668106e-08,2.077757e-07,9.277095e-09,4.934206e-09,1.042440e-08,4.000791e-08,2.153724e-08,3.095257e-08,8.397898e-09,5.108676e-08,3.748231e-08
32.226560,1.112721e-07,6.410724e-08,1.363377e-06,2.514458e-07,8.925929e-07,9.978026e-08,4.587782e-07,2.877815e-07,8.054886e-07,1.678878e-07,1.645152e-07,7.120240e-08,9.878343e-08,1.380436e-07,7.965403e-08,2.268381e-07,1.007074e-08,5.880698e-09,1.110730e-08,3.607687e-08,2.352865e-08,2.898357e-08,6.910756e-09,5.049339e-08,4.478490e-08
32.250980,1.121371e-07,6.460901e-08,1.360289e-06,2.540304e-07,8.920336e-07,1.004671e-07,4.655684e-07,2.919522e-07,8.237016e-07,1.669403e-07,1.650204e-07,7.026043e-08,1.085281e-07,1.377543e-07,7.551398e-08,2.210591e-07,1.211093e-08,5.779591e-09,1.240504e-08,4.639681e-08,2.505783e-08,3.260888e-08,5.678376e-09,4.841495e-08,5.044509e-08
32.275390,1.119948e-07,6.433790e-08,1.369020e-06,2.536778e-07,9.107836e-07,9.911203e-08,4.604568e-07,2.840145e-07,8.060575e-07,1.713790e-07,1.679981e-07,7.007828e-08,1.101471e-07,1.322230e-07,7.706141e-08,2.135127e-07,1.298791e-08,6.382217e-09,1.360571e-08,6.194080e-08,2.587077e-08,3.787616e-08,5.023501e-09,4.722691e-08,5.273239e-08
32.299800,1.132855e-07,6.458899e-08,1.371716e-06,2.517028e-07,9.277378e-07,1.000244e-07,4.660868e-07,2.858415e-07,8.114230e-07,1.728166e-07,1.709477e-07,7.204806e-08,1.069962e-07,1.378275e-07,8.168866e-08,2.130341e-07,1.285209e-08,8.890952e-09,1.390442e-08,6.986532e-08,2.422237e-08,4.102611e-08,5.155153e-09,4.532542e-08,5.175702e-08
32.324220,1.146661e-07,6.495692e-08,1.372157e-06,2.484525e-07,9.472099e-07,1.005983e-07,4.777508e-07,2.879315e-07,8.401853e-07,1.677138e-07,1.658867e-07,6.985195e-08,1.157972e-07,1.466179e-07,8.188301e-08,2.054115e-07,1.298410e-08,1.083535e-08,1.344678e-08,7.749645e-08,2.138826e-08,4.173475e-08,5.748033e-09,4.340428e-08,4.620914e-08
32.348630,1.156806e-07,6.492209e-08,1.387454e-06,2.466437e-07,9.634094e-07,9.994748e-08,4.756979e-07,2.891219e-07,8.314610e-07,1.711290e-07,1.675490e-07,6.506898e-08,1.238058e-07,1.386460e-07,8.350589e-08,1.947590e-07,1.316524e-08,1.194905e-08,1.330218e-08,9.215341e-08,1.738510e-08,3.858172e-08,6.288861e-09,4.221814e-08,3.750814e-08
32.373050,1.162608e-07,6.475465e-08,1.398859e-06,2.461234e-07,9.889518e-07,1.000689e-07,4.774109e-07,2.890413e-07,8.264295e-07,1.741844e-07,1.722621e-07,6.629043e-08,1.233734e-07,1.408260e-07,8.512582e-08,1.899851e-07,1.222742e-08,1.301308e-08,1.382010e-08,1.121726e-07,1.300010e-08,3.451760e-08,6.522608e-09,4.076260e-08,2.668815e-08
32.397460,1.169696e-07,6.469040e-08,1.416868e-06,2.423677e-07,1.009627e-06,1.006203e-07,4.797027e-07,2.819057e-07,8.322182e-07,1.724737e-07,1.699432e-07,6.893071e-08,1.259848e-07,1.593616e-07,7.958476e-08,1.856755e-07,1.159577e-08,1.451468e-08,1.413038e-08,1.201877e-07,8.914479e-09,2.660499e-08,6.309228e-09,4.036640e-08,1.625174e-08
32.421880,1.179512e-07,6.522198e-08,1.435756e-06,2.441491e-07,1.010663e-06,1.033840e-07,4.801661e-07,2.849069e-07,8.438447e-07,1.713502e-07,1.714235e-07,6.790200e-08,1.250677e-07,1.674101e-07,7.656000e-08,1.656827e-07,1.233165e-08,1.469967e-08,1.342964e-08,1.235342e-07,3.961176e-09,1.608394e-08,5.407703e-09,3.838271e-08,7.623235e-09
32.446290,1.180673e-07,6.520230e-08,1.466250e-06,2.475709e-07,1.024200e-06,1.056811e-07,4.804025e-07,2.955951e-07,8.695870e-07,1.697122e-07,1.717966e-07,6.750967e-08,1.204887e-07,1.759646e-07,8.298547e-08,1.334388e-07,1.295011e-08,1.381387e-08,1.228440e-08,1.226356e-07,6.223020e-10,3.656185e-09,3.768518e-09,3.354903e-08,5.591678e-09
32.470700,1.186002e-07,6.563410e-08,1.486516e-06,2.502730e-07,1.029942e-06,1.062232e-07,4.749117e-07,2.919446e-07,8.624702e-07,1.722450e-07,1.731072e-07,6.789987e-08,1.241215e-07,1.874287e-07,8.389656e-08,1.131138e-07,1.199817e-08,1.398640e-08,1.171447e-08,1.286649e-07,5.965203e-09,9.230432e-09,2.209862e-09,2.663745e-08,1.101238e-08
32.495120,1.189126e-07,6.636416e-08,1.488317e-06,2.543073e-07,1.022909e-06,1.097565e-07,4.848222e-07,2.927568e-07,8.522464e-07,1.758779e-07,1.801256e-07,6.794600e-08,1.283169e-07,1.902447e-07,7.939675e-08,1.105794e-07,1.095529e-08,1.536430e-08,1.087991e-08,1.315994e-07,1.034957e-08,1.991966e-08,1.877544e-09,1.810451e-08,1.523417e-08
32.519530,1.184305e-07,6.661088e-08,1.497660e-06,2.583710e-07,1.011524e-06,1.119623e-07,4.972083e-07,2.987648e-07,8.974355e-07,1.702310e-07,1.782868e-07,7.361385e-08,1.217334e-07,1.954487e-07,8.018077e-08,9.379574e-08,1.071522e-08,1.568068e-08,8.831752e-09,1.245218e-07,1.449319e-08,3.016863e-08,3.600485e-09,1.340955e-08,1.869575e-08
32.543950,1.183083e-07,6.706742e-08,1.493053e-06,2.628252e-07,9.987369e-07,1.128129e-07,4.956125e-07,2.983637e-07,9.196655e-07,1.691926e-07,1.741124e-07,7.746764e-08,1.138629e-07,2.122331e-07,7.796044e-08,7.986368e-08,1.059018e-08,1.479136e-08,5.837410e-09,1.101766e-07,1.827848e-08,3.737141e-08,5.700031e-09,1.597279e-08,1.879880e-08
32.568360,1.173554e-07,6.698154e-08,1.469364e-06,2.601348e-07,9.828742e-07,1.132447e-07,4.996173e-07,2.979146e-07,9.064822e-07,1.746762e-07,1.762082e-07,7.493719e-08,1.125640e-07,2.165407e-07,7.528461e-08,8.634800e-08,9.893450e-09,1.374979e-08,4.177007e-09,1.017759e-07,2.190752e-08,4.363465e-08,7.711700e-09,2.130508e-08,1.576817e-08
32.592770,1.158936e-07,6.651730e-08,1.432471e-06,2.559394e-07,9.437527e-07,1.119400e-07,5.013751e-07,2.909007e-07,8.991736e-07,1.720600e-07,1.755564e-07,7.477147e-08,1.103443e-07,2.049409e-07,8.036914e-08,8.502205e-08,9.953359e-09,1.314080e-08,3.950513e-09,9.735186e-08,2.568979e-08,4.759416e-08,9.066604e-09,2.515133e-08,1.043202e-08
32.617190,1.137553e-07,6.566304e-08,1.396860e-06,2.553819e-07,9.190625e-07,1.121448e-07,5.026290e-07,2.871662e-07,8.844999e-07,1.669520e-07,1.738319e-07,7.753645e-08,1.084265e-07,2.016692e-07,8.339106e-08,9.432865e-08,1.073234e-08,1.175166e-08,3.560539e-09,8.930369e-08,2.769974e-08,5.131987e-08,1.004298e-08,2.828190e-08,7.971835e-09
32.641600,1.125851e-07,6.484467e-08,1.365259e-06,2.508031e-07,9.149066e-07,1.106507e-07,5.002592e-07,2.927262e-07,8.873744e-07,1.620267e-07,1.735837e-07,7.696441e-08,1.097081e-07,2.029294e-07,7.752276e-08,1.219760e-07,1.037086e-08,1.011534e-08,4.670195e-09,7.218803e-08,2.810397e-08,5.332935e-08,1.019337e-08,2.881257e-08,1.351238e-08
32.666020,1.118244e-07,6.428414e-08,1.323030e-06,2.462737e-07,9.016302e-07,1.086866e-07,4.893731e-07,2.879487e-07,8.837712e-07,1.585929e-07,1.685265e-07,7.483732e-08,1.049128e-07,1.958212e-07,7.708008e-08,1.417421e-07,9.151994e-09,9.625734e-09,7.187016e-09,6.078761e-08,2.709704e-08,5.326001e-08,1.013627e-08,2.809968e-08,2.073970e-08
32.690430,1.098985e-07,6.283399e-08,1.297068e-06,2.425936e-07,8.917032e-07,1.088272e-07,4.911825e-07,2.780786e-07,8.508023e-07,1.609125e-07,1.691378e-07,7.363114e-08,1.009187e-07,1.892500e-07,8.268629e-08,1.424469e-07,9.331095e-09,9.406981e-09,9.100064e-09,5.658083e-08,2.490506e-08,5.291029e-08,9.621691e-09,2.635631e-08,2.761424e-08
32.714840,1.088643e-07,6.159105e-08,1.272450e-06,2.391636e-07,8.845853e-07,1.065721e-07,4.888387e-07,2.766909e-07,8.490148e-07,1.586036e-07,1.714867e-07,6.984833e-08,1.081219e-07,1.818421e-07,8.308273e-08,1.458909e-07,1.027639e-08,8.164310e-09,1.008015e-08,5.032582e-08,2.210904e-08,5.134805e-08,8.970204e-09,2.796940e-08,3.334704e-08
32.739260,1.082324e-07,6.063186e-08,1.241725e-06,2.361144e-07,8.811707e-07,1.036418e-07,4.757077e-07,2.715779e-07,8.587436e-07,1.522372e-07,1.633025e-07,6.990112e-08,1.104815e-07,1.642182e-07,8.258298e-08,1.611098e-07,1.043516e-08,6.255916e-09,1.136782e-08,3.826254e-08,1.872585e-08,4.876501e-08,8.277535e-09,3.357402e-08,3.866836e-08
32.763670,1.079527e-07,5.967423e-08,1.224906e-06,2.317520e-07,8.741592e-07,1.018403e-07,4.710468e-07,2.673248e-07,8.329322e-07,1.532078e-07,1.595658e-07,7.200333e-08,1.049504e-07,1.554047e-07,8.322430e-08,1.685266e-07,1.031783e-08,5.966891e-09,1.315851e-08,3.099879e-08,1.487816e-08,4.412729e-08,7.554643e-09,4.214767e-08,4.341091e-08
32.788090,1.070760e-07,5.843356e-08,1.206429e-06,2.318373e-07,8.589617e-07,1.001866e-07,4.636763e-07,2.604657e-07,8.184688e-07,1.530888e-07,1.619896e-07,6.726989e-08,1.033892e-07,1.632348e-07,8.033283e-08,1.676022e-07,1.024112e-08,6.579525e-09,1.451878e-08,3.635600e-08,1.148405e-08,3.643380e-08,6.757349e-09,4.997273e-08,4.640439e-08
32.812500,1.065932e-07,5.717438e-08,1.186885e-06,2.305556e-07,8.589502e-07,9.950696e-08,4.551933e-07,2.492160e-07,8.064303e-07,1.489591e-07,1.589581e-07,6.280722e-08,1.049173e-07,1.595646e-07,7.868262e-08,1.742323e-07,1.019889e-08,6.784910e-09,1.453151e-08,4.404609e-08,1.048579e-08,2.935971e-08,5.841648e-09,5.487828e-08,4.633080e-08
32.836910,1.061898e-07,5.641631e-08,1.157209e-06,2.268011e-07,8.483552e-07,9.686326e-08,4.474028e-07,2.502788e-07,8.052120e-07,1.458177e-07,1.561745e-07,6.337576e-08,1.045946e-07,1.488433e-07,8.427365e-08,1.750284e-07,9.207010e-09,7.466418e-09,1.413285e-08,4.966300e-08,1.150959e-08,2.326496e-08,5.214867e-09,5.513845e-08,4.332867e-08
32.861330,1.044672e-07,5.512229e-08,1.142637e-06,2.259392e-07,8.263681e-07,9.430468e-08,4.403197e-07,2.485781e-07,8.164341e-07,1.411651e-07,1.534293e-07,6.196930e-08,1.064759e-07,1.491164e-07,8.771576e-08,1.568569e-07,8.506025e-09,8.798255e-09,1.433293e-08,6.266040e-08,1.299942e-08,2.007004e-08,4.566829e-09,5.331988e-08,3.752298e-08
32.885740,1.034411e-07,5.436587e-08,1.133167e-06,2.237884e-07,8.119866e-07,9.372500e-08,4.462787e-07,2.391760e-07,7.904512e-07,1.416049e-07,1.508767e-07,6.155887e-08,1.062180e-07,1.504507e-07,8.209040e-08,1.379417e-07,8.903128e-09,9.059479e-09,1.474304e-08,8.055902e-08,1.290531e-08,1.977906e-08,4.013057e-09,4.770236e-08,3.038693e-08
32.910160,1.019511e-07,5.390456e-08,1.115240e-06,2.212505e-07,7.962390e-07,9.099361e-08,4.467662e-07,2.372093e-07,7.799911e-07,1.416396e-07,1.548847e-07,6.130020e-08,9.788222e-08,1.508505e-07,7.963089e-08,1.333195e-07,9.235305e-09,8.687956e-09,1.453215e-08,9.784153e-08,1.176272e-08,2.091492e-08,3.553283e-09,4.087506e-08,2.263437e-08
32.934570,9.997050e-08,5.334591e-08,1.109653e-06,2.166014e-07,7.828940e-07,8.844058e-08,4.385506e-07,2.342309e-07,8.050869e-07,1.349624e-07,1.538303e-07,5.795538e-08,9.329736e-08,1.584019e-07,8.280015e-08,1.275135e-07,8.051430e-09,9.150892e-09,1.341591e-08,1.051451e-07,9.661003e-09,2.117425e-08,3.453434e-09,3.170273e-08,1.558727e-08
32.958980,9.776497e-08,5.289805e-08,1.101869e-06,2.147584e-07,7.634441e-07,8.701408e-08,4.422659e-07,2.300833e-07,8.032569e-07,1.328076e-07,1.463628e-07,5.719980e-08,9.759402e-08,1.599983e-07,8.224464e-08,1.113069e-07,6.568959e-09,1.043083e-08,1.256979e-08,1.084428e-07,6.892289e-09,2.070528e-08,3.728540e-09,2.092370e-08,9.186153e-09
32.983400,9.576228e-08,5.251375e-08,1.093734e-06,2.142482e-07,7.591883e-07,8.534588e-08,4.443170e-07,2.262970e-07,7.928247e-07,1.341731e-07,1.460917e-07,6.090599e-08,9.465481e-08,1.516917e-07,8.464736e-08,9.744735e-08,6.444300e-09,1.116451e-08,1.201196e-08,1.145630e-07,4.200049e-09,1.768534e-08,3.756622e-09,1.034964e-08,2.938846e-09
33.007810,9.415482e-08,5.237847e-08,1.082118e-06,2.097389e-07,7.597858e-07,8.486852e-08,4.440995e-07,2.181453e-07,7.822205e-07,1.319627e-07,1.449724e-07,6.153452e-08,8.846348e-08,1.559930e-07,8.709871e-08,8.727894e-08,6.208279e-09,1.083209e-08,1.107846e-08,1.205403e-07,4.635875e-09,1.170589e-08,3.753978e-09,9.636513e-09,2.771279e-09
33.032230,9.175094e-08,5.168067e-08,1.072980e-06,2.075409e-07,7.456056e-07,8.308503e-08,4.418480e-07,2.180496e-07,7.691772e-07,1.287487e-07,1.431638e-07,6.044946e-08,8.548443e-08,1.649096e-07,8.315622e-08,7.144033e-08,5.773704e-09,1.027291e-08,9.071407e-09,1.199334e-07,9.026680e-09,4.351747e-09,3.345318e-09,1.769002e-08,5.966816e-09
33.056640,9.054567e-08,5.115451e-08,1.066172e-06,2.056209e-07,7.380920e-07,8.264343e-08,4.353436e-07,2.214253e-07,7.754276e-07,1.241130e-07,1.435214e-07,6.180502e-08,7.932731e-08,1.589507e-07,7.734529e-08,5.928036e-08,6.536104e-09,1.005273e-08,6.536600e-09,1.078576e-07,1.317965e-08,8.225994e-09,3.164243e-09,2.388884e-08,7.001936e-09
33.081050,8.969728e-08,5.079660e-08,1.044646e-06,2.027440e-07,7.308849e-07,8.298113e-08,4.380740e-07,2.140091e-07,7.602298e-07,1.216970e-07,1.396879e-07,6.209109e-08,7.556457e-08,1.547767e-07,7.983854e-08,6.862636e-08,7.397874e-09,9.476923e-09,4.605983e-09,9.839591e-08,1.713290e-08,1.761473e-08,3.153519e-09,2.802455e-08,5.285699e-09
33.105470,8.818591e-08,4.982235e-08,1.032724e-06,1.998767e-07,7.226311e-07,8.089303e-08,4.312902e-07,2.092047e-07,7.280262e-07,1.240836e-07,1.389931e-07,6.265913e-08,7.801280e-08,1.546495e-07,8.213568e-08,7.330251e-08,7.093354e-09,8.128246e-09,3.034268e-09,9.120099e-08,1.927095e-08,2.605845e-08,4.012122e-09,2.827489e-08,4.836800e-09
33.129880,8.658004e-08,4.875870e-08,1.017581e-06,1.964125e-07,7.127915e-07,7.978531e-08,4.191685e-07,2.083994e-07,7.336007e-07,1.210318e-07,1.418530e-07,6.397053e-08,7.453191e-08,1.468539e-07,7.607109e-08,6.947728e-08,6.815037e-09,7.784114e-09,8.981722e-10,8.449587e-08,2.038198e-08,3.379010e-08,5.188420e-09,2.654945e-08,8.219450e-09
33.154300,8.476904e-08,4.767264e-08,9.956079e-07,1.948644e-07,7.009735e-07,7.933909e-08,4.140558e-07,2.047580e-07,7.314505e-07,1.170470e-07,1.378063e-07,6.103022e-08,6.916520e-08,1.460349e-07,7.233376e-08,7.974513e-08,7.636367e-09,8.315991e-09,1.598119e-09,7.133695e-08,2.035965e-08,3.841840e-08,6.609994e-09,2.211865e-08,1.380891e-08
33.178710,8.303464e-08,4.685053e-08,9.763088e-07,1.901437e-07,6.985445e-07,7.888534e-08,4.038658e-07,2.035152e-07,7.041714e-07,1.185306e-07,1.334026e-07,5.764988e-08,7.165293e-08,1.478153e-07,7.103030e-08,9.321888e-08,8.486430e-09,7.736764e-09,3.916889e-09,5.377798e-08,2.001630e-08,4.221169e-08,8.037346e-09,1.628501e-08,1.810743e-08
33.203120,8.048802e-08,4.583551e-08,9.603806e-07,1.861258e-07,6.839844e-07,7.806370e-08,3.929420e-07,1.982025e-07,6.887185e-07,1.175429e-07,1.339229e-07,5.911712e-08,7.444150e-08,1.363760e-07,6.673589e-08,9.919451e-08,8.405087e-09,6.135429e-09,5.094818e-09,4.042065e-08,1.919509e-08,4.209700e-08,9.061564e-09,1.201647e-08,2.197973e-08
33.227540,7.829215e-08,4.497329e-08,9.483725e-07,1.852240e-07,6.714521e-07,7.580280e-08,3.823687e-07,1.928736e-07,6.735823e-07,1.142810e-07,1.324506e-07,5.954514e-08,7.413294e-08,1.235418e-07,6.673488e-08,1.064649e-07,8.490181e-09,5.653040e-09,6.148715e-09,3.372688e-08,1.785549e-08,4.008656e-08,9.676012e-09,1.690615e-08,2.521052e-08
33.251950,7.632146e-08,4.448185e-08,9.256327e-07,1.829020e-07,6.680949e-07,7.512344e-08,3.741459e-07,1.949318e-07,6.745207e-07,1.113691e-07,1.311588e-07,5.654829e-08,7.486807e-08,1.209209e-07,6.800447e-08,1.181682e-07,8.834792e-09,5.911504e-09,7.657034e-09,2.485157e-08,1.657023e-08,3.555181e-08,9.528536e-09,2.824533e-08,2.805365e-08
33.276370,7.361402e-08,4.361559e-08,9.056112e-07,1.811431e-07,6.592586e-07,7.429731e-08,3.735696e-07,1.899392e-07,6.788025e-07,1.074494e-07,1.289048e-07,5.475393e-08,7.488826e-08,1.194181e-07,6.084999e-08,1.204096e-07,8.707922e-09,5.767407e-09,9.171933e-09,1.867477e-08,1.513026e-08,2.903498e-08,9.006646e-09,3.832869e-08,3.003229e-08
33.300780,7.150995e-08,4.278929e-08,8.906498e-07,1.797832e-07,6.491219e-07,7.194733e-08,3.627207e-07,1.843827e-07,6.504436e-07,1.081842e-07,1.241470e-07,5.261141e-08,7.233013e-08,1.159745e-07,5.476547e-08,1.131824e-07,7.929282e-09,5.961381e-09,9.905515e-09,2.575107e-08,1.489531e-08,2.257765e-08,7.861153e-09,4.713857e-08,3.090178e-08
33.325200,7.005304e-08,4.217829e-08,8.677444e-07,1.795690e-07,6.371853e-07,7.124316e-08,3.509284e-07,1.832193e-07,6.468741e-07,1.069361e-07,1.262718e-07,5.042611e-08,7.528945e-08,1.172192e-07,5.761637e-08,1.124958e-07,7.713529e-09,6.721486e-09,9.909963e-09,3.816573e-08,1.391189e-08,1.774795e-08,6.390877e-09,5.190892e-08,2.988716e-08
33.349610,6.894272e-08,4.140457e-08,8.504102e-07,1.785046e-07,6.303628e-07,7.043716e-08,3.484687e-07,1.789969e-07,6.594629e-07,1.009343e-07,1.283858e-07,5.188631e-08,7.902753e-08,1.154259e-07,5.823291e-08,1.180689e-07,8.140008e-09,6.922496e-09,1.012860e-08,4.489771e-08,1.256302e-08,1.534403e-08,4.758514e-09,5.335872e-08,2.792817e-08
33.374020,6.801426e-08,4.043482e-08,8.372343e-07,1.751214e-07,6.212498e-07,6.960255e-08,3.411214e-07,1.763916e-07,6.516317e-07,9.940231e-08,1.231711e-07,5.057512e-08,7.572819e-08,1.097596e-07,5.716764e-08,1.164640e-07,7.876862e-09,6.420941e-09,1.067281e-08,5.047699e-08,1.005225e-08,1.363392e-08,3.075951e-09,5.190027e-08,2.548455e-08
33.398440,6.769970e-08,3.924363e-08,8.250667e-07,1.736948e-07,6.035144e-07,6.872398e-08,3.354476e-07,1.705839e-07,6.454421e-07,9.915341e-08,1.208682e-07,4.611457e-08,7.206497e-08,1.174081e-07,5.801833e-08,1.083323e-07,6.871167e-09,6.277060e-09,1.082237e-08,6.053835e-08,7.495559e-09,1.408519e-08,1.961464e-09,4.771369e-08,2.384207e-08
33.422850,6.815920e-08,3.836396e-08,8.118500e-07,1.727732e-07,5.952970e-07,6.730856e-08,3.291561e-07,1.642400e-07,6.295826e-07,9.752135e-08,1.202922e-07,4.587207e-08,7.261755e-08,1.242189e-07,5.655845e-08,1.046320e-07,6.078478e-09,7.129569e-09,1.052162e-08,7.371970e-08,5.628048e-09,1.384658e-08,2.059372e-09,4.065292e-08,2.195796e-08
33.447270,6.768263e-08,3.700416e-08,8.007764e-07,1.693018e-07,5.903477e-07,6.728672e-08,3.250095e-07,1.656138e-07,6.210200e-07,9.528187e-08,1.179249e-07,4.650874e-08,7.093793e-08,1.201343e-07,5.604095e-08,9.707426e-08,5.576497e-09,7.613523e-09,1.004485e-08,8.034252e-08,4.807018e-09,1.392168e-08,2.962105e-09,3.163945e-08,1.960609e-08
33.471680,6.755700e-08,3.546641e-08,7.998674e-07,1.669237e-07,5.803582e-07,6.640100e-08,3.254684e-07,1.644481e-07,6.241610e-07,9.098083e-08,1.176294e-07,4.517537e-08,7.013373e-08,1.202833e-07,6.133478e-08,8.309647e-08,4.626258e-09,7.258241e-09,9.986362e-09,8.466964e-08,5.606324e-09,1.200202e-08,3.548962e-09,1.993554e-08,1.597895e-08
33.496090,6.747406e-08,3.433806e-08,7.913144e-07,1.634135e-07,5.756533e-07,6.443051e-08,3.182529e-07,1.585271e-07,6.037281e-07,8.985164e-08,1.143997e-07,4.506049e-08,7.100701e-08,1.240739e-07,6.613947e-08,7.095689e-08,3.906736e-09,7.017298e-09,9.922413e-09,8.685295e-08,6.837797e-09,1.072617e-08,3.749927e-09,8.437235e-09,1.124874e-08
33.520510,6.762865e-08,3.355236e-08,7.914768e-07,1.619158e-07,5.752227e-07,6.460655e-08,3.162383e-07,1.581195e-07,5.918328e-07,9.184477e-08,1.131742e-07,4.479006e-08,6.768114e-08,1.239825e-07,6.596559e-08,6.989079e-08,4.103867e-09,7.095336e-09,9.416907e-09,9.331499e-08,8.651161e-09,1.205113e-08,3.413943e-09,5.135580e-09,6.486305e-09
33.544920,6.810326e-08,3.325816e-08,8.015553e-07,1.605414e-07,5.844234e-07,6.546932e-08,3.231324e-07,1.581904e-07,6.142093e-07,9.030609e-08,1.179386e-07,4.491878e-08,6.362966e-08,1.272073e-07,6.700259e-08,6.768800e-08,4.232439e-09,6.636136e-09,8.455281e-09,9.807362e-08,9.429311e-09,1.597360e-08,3.023003e-09,1.442535e-08,1.782120e-09
33.569340,6.844605e-08,3.314558e-08,8.049093e-07,1.600454e-07,5.880762e-07,6.543530e-08,3.242104e-07,1.584381e-07,6.198122e-07,8.978553e-08,1.177433e-07,4.798144e-08,6.553492e-08,1.318730e-07,7.189310e-08,5.533015e-08,3.619496e-09,5.881600e-09,7.315567e-09,9.697872e-08,9.552804e-09,2.066295e-08,2.519257e-09,2.211770e-08,3.292769e-09
33.593750,6.904526e-08,3.350992e-08,8.029854e-07,1.616498e-07,5.951441e-07,6.521353e-08,3.259700e-07,1.588829e-07,6.166007e-07,9.258065e-08,1.152291e-07,4.985470e-08,6.645705e-08,1.265070e-07,7.297547e-08,4.737020e-08,3.613509e-09,6.067796e-09,6.598724e-09,9.174736e-08,8.940060e-09,2.364106e-08,2.377551e-09,2.764188e-08,8.254456e-09
33.618160,6.890876e-08,3.378989e-08,7.970617e-07,1.606250e-07,6.093856e-07,6.435333e-08,3.312032e-07,1.558204e-07,6.145179e-07,9.324888e-08,1.162424e-07,4.745771e-08,6.306959e-08,1.207881e-07,7.421797e-08,5.006831e-08,4.542751e-09,6.559052e-09,5.420128e-09,8.663633e-08,8.613140e-09,2.702567e-08,2.919837e-09,3.074073e-08,1.410940e-08
33.642580,6.941222e-08,3.415663e-08,7.986597e-07,1.606311e-07,6.124985e-07,6.452010e-08,3.362311e-07,1.580458e-07,6.103527e-07,9.350708e-08,1.170919e-07,4.693073e-08,6.214753e-08,1.273221e-07,7.731919e-08,5.061176e-08,5.168587e-09,6.287560e-09,3.772658e-09,8.569243e-08,9.460450e-09,2.841570e-08,3.932994e-09,3.173975e-08,1.948774e-08
33.666990,7.041096e-08,3.496304e-08,7.932462e-07,1.612798e-07,6.159062e-07,6.449753e-08,3.445521e-07,1.610888e-07,6.268802e-07,9.219131e-08,1.187157e-07,4.889624e-08,6.131524e-08,1.291244e-07,7.480439e-08,5.531051e-08,5.487416e-09,5.405353e-09,1.885578e-09,8.035975e-08,1.113033e-08,3.009764e-08,5.108565e-09,3.026147e-08,2.409587e-08
33.691410,7.074176e-08,3.529396e-08,7.875760e-07,1.614777e-07,6.191115e-07,6.358994e-08,3.439059e-07,1.585542e-07,6.306113e-07,9.138873e-08,1.199310e-07,4.941138e-08,6.086966e-08,1.225625e-07,6.985019e-08,6.743425e-08,6.259998e-09,4.919966e-09,7.769871e-10,7.011465e-08,1.299607e-08,3.057966e-08,5.916125e-09,2.554624e-08,2.676262e-08
33.715820,7.117076e-08,3.550524e-08,7.895367e-07,1.613896e-07,6.209762e-07,6.440638e-08,3.433233e-07,1.589279e-07,6.160293e-07,9.458889e-08,1.162741e-07,5.030346e-08,6.474850e-08,1.190890e-07,7.143999e-08,7.246406e-08,6.998765e-09,4.934790e-09,1.033665e-09,5.644620e-08,1.433601e-08,3.048317e-08,6.534870e-09,1.898640e-08,2.701226e-08
33.740230,7.163180e-08,3.573638e-08,7.844249e-07,1.599202e-07,6.211056e-07,6.474337e-08,3.497206e-07,1.608795e-07,6.284507e-07,9.488062e-08,1.175420e-07,5.031310e-08,6.590368e-08,1.133406e-07,7.392067e-08,7.228903e-08,6.950241e-09,4.613545e-09,2.015605e-09,4.756556e-08,1.572464e-08,3.135789e-08,6.578670e-09,1.133505e-08,2.517474e-08
33.764650,7.218965e-08,3.607574e-08,7.821326e-07,1.610338e-07,6.142822e-07,6.494415e-08,3.490015e-07,1.608227e-07,6.436055e-07,9.253498e-08,1.228649e-07,4.762960e-08,6.142681e-08,1.080384e-07,6.957710e-08,8.305762e-08,6.821192e-09,4.644609e-09,3.714929e-09,3.981846e-08,1.620522e-08,3.254296e-08,6.494666e-09,1.139220e-08,2.236016e-08
33.789060,7.194678e-08,3.618896e-08,7.843810e-07,1.606481e-07,6.193261e-07,6.500851e-08,3.495117e-07,1.606332e-07,6.440261e-07,9.326684e-08,1.217033e-07,4.911422e-08,6.135551e-08,1.113611e-07,6.591757e-08,9.673319e-08,7.223931e-09,5.677156e-09,5.240117e-09,2.837702e-08,1.615217e-08,3.483369e-08,6.168506e-09,1.859794e-08,1.929704e-08
33.813480,7.198150e-08,3.625242e-08,7.951679e-07,1.594791e-07,6.210851e-07,6.514674e-08,3.498123e-07,1.578567e-07,6.450861e-07,9.470835e-08,1.210936e-07,5.195207e-08,6.518146e-08,1.115643e-07,6.443297e-08,1.015303e-07,7.734513e-09,6.101746e-09,6.198697e-09,1.344333e-08,1.485813e-08,3.534682e-08,5.746230e-09,2.669373e-08,1.692041e-08
33.837890,7.257296e-08,3.685907e-08,8.027658e-07,1.605170e-07,6.189622e-07,6.643726e-08,3.522056e-07,1.560553e-07,6.422976e-07,9.465099e-08,1.225904e-07,5.060844e-08,6.549101e-08,1.026535e-07,6.088234e-08,9.983243e-08,7.522553e-09,5.804424e-09,6.621765e-09,1.296573e-09,1.270276e-08,3.532593e-08,5.358052e-09,3.269782e-08,1.647649e-08
33.862300,7.237085e-08,3.712529e-08,8.081959e-07,1.604682e-07,6.236819e-07,6.604542e-08,3.564302e-07,1.608404e-07,6.428223e-07,9.423932e-08,1.224421e-07,4.980433e-08,6.487094e-08,1.023414e-07,6.119659e-08,1.037705e-07,7.073322e-09,6.110066e-09,7.504643e-09,1.132518e-08,1.041056e-08,3.262709e-08,4.902782e-09,3.676423e-08,1.921705e-08
33.886720,7.254389e-08,3.733418e-08,8.240060e-07,1.611936e-07,6.254095e-07,6.570171e-08,3.519061e-07,1.603674e-07,6.542390e-07,9.204551e-08,1.245780e-07,5.057983e-08,6.609894e-08,1.098087e-07,6.560252e-08,1.030705e-07,6.739207e-09,7.238339e-09,8.588230e-09,2.001793e-08,7.986429e-09,2.901326e-08,4.497801e-09,3.860057e-08,2.464885e-08
33.911130,7.289698e-08,3.770173e-08,8.291205e-07,1.625660e-07,6.281286e-07,6.734644e-08,3.545128e-07,1.572751e-07,6.387262e-07,9.220277e-08,1.240167e-07,5.041441e-08,6.361568e-08,1.098407e-07,6.362664e-08,9.423520e-08,6.460324e-09,7.904714e-09,9.105718e-09,3.146728e-08,6.347817e-09,2.441286e-08,4.105653e-09,3.850293e-08,3.063791e-08
33.935550,7.337109e-08,3.800332e-08,8.296728e-07,1.661211e-07,6.273013e-07,6.755109e-08,3.622019e-07,1.593944e-07,6.329192e-07,9.476194e-08,1.222480e-07,5.166237e-08,6.289271e-08,1.102300e-07,6.018974e-08,9.277102e-08,5.637514e-09,7.952138e-09,8.814035e-09,4.657744e-08,4.435564e-09,1.858610e-08,3.599718e-09,3.557377e-08,3.554730e-08
33.959960,7.364854e-08,3.816390e-08,8.315086e-07,1.701538e-07,6.312283e-07,6.730006e-08,3.603165e-07,1.582717e-07,6.575384e-07,9.254923e-08,1.261585e-07,5.238315e-08,6.785313e-08,1.149306e-07,6.356339e-08,9.923614e-08,4.793288e-09,8.092936e-09,8.644559e-09,5.993629e-08,3.188351e-09,1.231616e-08,2.856639e-09,3.064529e-08,3.741982e-08
33.984380,7.422932e-08,3.817078e-08,8.339395e-07,1.716217e-07,6.366872e-07,6.686857e-08,3.641411e-07,1.583625e-07,6.569173e-07,9.221729e-08,1.298362e-07,5.001560e-08,6.809618e-08,1.128664e-07,6.745400e-08,9.392295e-08,4.623306e-09,8.298844e-09,9.162000e-09,6.965781e-08,2.094092e-09,5.674669e-09,1.815078e-09,2.280951e-08,3.677347e-08
34.008790,7.505967e-08,3.848148e-08,8.331740e-07,1.757271e-07,6.278440e-07,6.642001e-08,3.695890e-07,1.579551e-07,6.542203e-07,9.500088e-08,1.267028e-07,5.051938e-08,6.516887e-08,1.147281e-07,6.968309e-08,8.125645e-08,4.340203e-09,8.030444e-09,9.398867e-09,7.682332e-08,2.331102e-09,5.435796e-09,6.562633e-10,1.449965e-08,3.289816e-08
34.033200,7.466983e-08,3.829837e-08,8.271608e-07,1.793627e-07,6.263703e-07,6.681437e-08,3.749413e-07,1.558106e-07,6.535053e-07,9.509985e-08,1.269143e-07,5.413353e-08,6.738229e-08,1.242510e-07,7.417204e-08,7.716447e-08,3.108668e-09,7.171639e-09,8.843602e-09,8.746998e-08,3.122045e-09,9.193695e-09,6.269180e-10,6.364133e-09,2.764632e-08
34.057620,7.465188e-08,3.815430e-08,8.325564e-07,1.811650e-07,6.273328e-07,6.573700e-08,3.793404e-07,1.590879e-07,6.525662e-07,9.529369e-08,1.281437e-07,5.454363e-08,6.926174e-08,1.239698e-07,7.568507e-08,7.419324e-08,2.338520e-09,6.849775e-09,8.054933e-09,9.729049e-08,4.040709e-09,1.343920e-08,1.920027e-09,3.630809e-09,2.120014e-08
34.082030,7.477807e-08,3.847978e-08,8.336396e-07,1.827706e-07,6.261096e-07,6.552229e-08,3.751985e-07,1.601101e-07,6.722979e-07,9.375013e-08,1.281944e-07,5.305034e-08,6.908681e-08,1.173486e-07,7.477566e-08,6.843214e-08,2.878445e-09,7.167352e-09,7.688457e-09,1.043220e-07,5.810177e-09,1.500232e-08,2.992002e-09,7.183437e-09,1.492828e-08
34.106450,7.450049e-08,3.872834e-08,8.377535e-07,1.834480e-07,6.272198e-07,6.664416e-08,3.778186e-07,1.574482e-07,6.744660e-07,9.293126e-08,1.317198e-07,5.318961e-08,7.111806e-08,1.181847e-07,7.986712e-08,7.004632e-08,3.232414e-09,6.878030e-09,7.206199e-09,1.027384e-07,8.261870e-09,1.668378e-08,4.110377e-09,1.034642e-08,1.040537e-08
34.130860,7.397082e-08,3.896716e-08,8.528912e-07,1.845153e-07,6.318571e-07,6.623054e-08,3.821025e-07,1.586289e-07,6.637064e-07,9.594536e-08,1.290322e-07,5.211664e-08,6.944094e-08,1.202081e-07,8.594005e-08,7.548895e-08,3.915938e-09,5.821097e-09,6.024243e-09,1.007297e-07,9.942107e-09,1.772726e-08,4.859391e-09,1.279366e-08,1.137126e-08
34.155270,7.349633e-08,3.917216e-08,8.669099e-07,1.824865e-07,6.479006e-07,6.603503e-08,3.775037e-07,1.589503e-07,6.780848e-07,9.606717e-08,1.268928e-07,5.272532e-08,6.579757e-08,1.202010e-07,8.319748e-08,7.472539e-08,5.152837e-09,5.015290e-09,4.391926e-09,9.881110e-08,1.144473e-08,1.884874e-08,5.618752e-09,1.476904e-08,1.658174e-08
34.179690,7.343865e-08,3.967566e-08,8.794065e-07,1.806233e-07,6.571305e-07,6.615191e-08,3.785839e-07,1.596011e-07,6.863513e-07,9.413917e-08,1.322936e-07,5.492007e-08,6.840207e-08,1.255656e-07,7.837737e-08,7.161858e-08,5.999323e-09,4.719844e-09,3.102533e-09,9.749568e-08,1.228866e-08,2.107162e-08,5.844808e-09,1.614956e-08,2.115501e-08
34.204100,7.253512e-08,3.985881e-08,8.868557e-07,1.797940e-07,6.696764e-07,6.690290e-08,3.791004e-07,1.590547e-07,6.873855e-07,9.531239e-08,1.330882e-07,5.292459e-08,7.212234e-08,1.238225e-07,7.927111e-08,8.201680e-08,6.034598e-09,4.284484e-09,2.116970e-09,9.028036e-08,1.342554e-08,2.341069e-08,6.068177e-09,1.697142e-08,2.458007e-08
34.228520,7.192342e-08,3.983492e-08,9.003595e-07,1.767742e-07,6.896051e-07,6.794172e-08,3.800655e-07,1.541180e-07,6.864248e-07,9.610217e-08,1.321787e-07,5.002262e-08,6.996653e-08,1.161386e-07,7.727517e-08,9.555771e-08,6.482445e-09,3.914388e-09,1.093274e-09,7.579505e-08,1.449143e-08,2.773499e-08,6.143544e-09,1.935429e-08,2.496109e-08
34.252930,7.183589e-08,4.019790e-08,9.074154e-07,1.756093e-07,7.012363e-07,6.711967e-08,3.814330e-07,1.563426e-07,6.740355e-07,9.730342e-08,1.331264e-07,5.178877e-08,6.788966e-08,1.173121e-07,7.448297e-08,9.808209e-08,7.511132e-09,4.966887e-09,8.986196e-10,6.153695e-08,1.515990e-08,3.214453e-08,6.370631e-09,2.319290e-08,2.353011e-08
34.277340,7.125502e-08,4.026197e-08,9.021901e-07,1.755037e-07,7.150340e-07,6.781484e-08,3.782340e-07,1.600942e-07,6.827547e-07,9.720441e-08,1.322672e-07,5.333498e-08,6.725236e-08,1.217744e-07,7.577083e-08,9.884495e-08,8.286325e-09,5.751555e-09,2.450033e-09,5.019170e-08,1.552098e-08,3.641072e-08,6.948960e-09,2.745838e-08,2.003508e-08
34.301760,7.087625e-08,4.019349e-08,9.029419e-07,1.761226e-07,7.265565e-07,6.878617e-08,3.882380e-07,1.568891e-07,6.869673e-07,9.446690e-08,1.337742e-07,5.265738e-08,6.594758e-08,1.181238e-07,7.146780e-08,1.077035e-07,8.238433e-09,5.432297e-09,3.770764e-09,4.071341e-08,1.576009e-08,3.757556e-08,7.430402e-09,3.116375e-08,1.557042e-08
34.326170,7.069339e-08,4.019440e-08,8.990737e-07,1.763437e-07,7.356363e-07,6.810736e-08,3.952531e-07,1.568917e-07,6.630033e-07,9.644071e-08,1.348852e-07,5.228618e-08,6.747286e-08,1.149131e-07,6.326295e-08,1.098330e-07,8.292661e-09,5.533105e-09,4.616859e-09,2.407218e-08,1.635121e-08,3.775552e-08,8.078376e-09,3.248619e-08,1.029680e-08
34.350590,7.086545e-08,4.014691e-08,8.898253e-07,1.754032e-07,7.379666e-07,6.754852e-08,3.952878e-07,1.578026e-07,6.700450e-07,9.804700e-08,1.301392e-07,5.179249e-08,6.986389e-08,1.144895e-07,6.273173e-08,1.060580e-07,8.636815e-09,6.871445e-09,5.769884e-09,6.745201e-09,1.674625e-08,3.641553e-08,8.404027e-09,3.311130e-08,7.264441e-09
34.375000,7.069191e-08,3.997045e-08,8.793670e-07,1.773742e-07,7.282200e-07,6.680668e-08,4.022304e-07,1.570488e-07,6.871883e-07,9.564768e-08,1.319097e-07,5.153870e-08,6.635302e-08,1.118481e-07,6.609620e-08,1.132833e-07,8.424199e-09,7.824495e-09,7.380476e-09,1.345930e-08,1.679824e-08,3.396850e-08,8.641976e-09,3.248012e-08,1.249194e-08
34.399410,7.084325e-08,3.954168e-08,8.725168e-07,1.784390e-07,7.269443e-07,6.662539e-08,4.085727e-07,1.580234e-07,6.856492e-07,9.646803e-08,1.363230e-07,5.407030e-08,6.272426e-08,1.128871e-07,6.522278e-08,1.220340e-07,7.662427e-09,8.117886e-09,8.543114e-09,2.328526e-08,1.600970e-08,3.087187e-08,8.459150e-09,3.300921e-08,2.101277e-08
34.423830,7.207359e-08,3.966925e-08,8.711936e-07,1.780414e-07,7.251407e-07,6.626665e-08,4.138716e-07,1.555102e-07,6.869265e-07,9.814912e-08,1.349036e-07,5.413403e-08,6.597767e-08,1.177162e-07,6.624608e-08,1.161810e-07,7.379037e-09,8.865359e-09,8.770490e-09,2.885449e-08,1.425764e-08,2.581112e-08,7.896539e-09,3.267883e-08,2.933367e-08
34.448240,7.251998e-08,3.949808e-08,8.609328e-07,1.795663e-07,7.169320e-07,6.501303e-08,4.129664e-07,1.560639e-07,6.775605e-07,9.859963e-08,1.340952e-07,5.008668e-08,6.737507e-08,1.132866e-07,6.918130e-08,1.067739e-07,7.417273e-09,9.673580e-09,8.851447e-09,4.062019e-08,1.184917e-08,2.160336e-08,6.802405e-09,3.172429e-08,3.559848e-08
34.472660,7.307453e-08,3.896932e-08,8.621107e-07,1.792208e-07,7.147011e-07,6.561581e-08,4.061848e-07,1.610057e-07,6.810119e-07,9.925807e-08,1.323684e-07,5.110901e-08,6.586900e-08,1.059113e-07,6.949871e-08,1.056227e-07,6.793308e-09,9.710276e-09,9.329147e-09,5.497139e-08,8.976662e-09,1.654581e-08,5.305732e-09,2.889447e-08,3.843841e-08
34.497070,7.356943e-08,3.850852e-08,8.608327e-07,1.776394e-07,7.080965e-07,6.558974e-08,4.074080e-07,1.583745e-07,7.027580e-07,9.608329e-08,1.311849e-07,5.384448e-08,6.706191e-08,1.110287e-07,7.376189e-08,1.021356e-07,5.460679e-09,9.147650e-09,9.766377e-09,6.425125e-08,5.775032e-09,1.330719e-08,3.575945e-09,2.526215e-08,3.837059e-08
34.521480,7.371557e-08,3.790070e-08,8.453240e-07,1.737205e-07,7.014184e-07,6.378005e-08,4.027077e-07,1.558556e-07,6.866601e-07,9.491449e-08,1.342359e-07,5.317898e-08,6.732243e-08,1.138397e-07,8.058584e-08,9.346709e-08,4.364901e-09,9.065107e-09,9.532743e-09,6.834393e-08,2.240386e-09,9.241660e-09,1.972883e-09,2.087150e-08,3.491980e-08
34.545900,7.341621e-08,3.732967e-08,8.348090e-07,1.704746e-07,6.908289e-07,6.331798e-08,3.929960e-07,1.565863e-07,6.768157e-07,9.743381e-08,1.310595e-07,5.417624e-08,6.709031e-08,1.098052e-07,8.083104e-08,9.198342e-08,3.615387e-09,9.587334e-09,8.934270e-09,7.509792e-08,1.638437e-09,4.935956e-09,6.832655e-10,1.715493e-08,3.006283e-08
34.570310,7.301978e-08,3.665722e-08,8.288225e-07,1.686376e-07,6.831473e-07,6.338519e-08,3.923679e-07,1.555816e-07,6.889724e-07,9.529266e-08,1.254582e-07,5.292177e-08,7.135048e-08,1.081143e-07,7.902805e-08,9.564947e-08,2.631951e-09,9.397563e-09,8.431514e-09,8.692458e-08,4.908419e-09,1.784630e-09,1.162392e-09,1.256660e-08,2.419229e-08
34.594730,7.324447e-08,3.653489e-08,8.261846e-07,1.645872e-07,6.854905e-07,6.384056e-08,3.898019e-07,1.560113e-07,6.855571e-07,9.310570e-08,1.278111e-07,5.094322e-08,7.360859e-08,1.054734e-07,8.254134e-08,8.606089e-08,2.150233e-09,8.078837e-09,8.165945e-09,9.618785e-08,7.853091e-09,7.497663e-09,2.323131e-09,7.551371e-09,1.890169e-08
34.619140,7.256288e-08,3.635651e-08,8.141470e-07,1.633571e-07,6.779422e-07,6.407374e-08,3.869140e-07,1.519561e-07,6.813482e-07,9.343361e-08,1.286699e-07,5.362161e-08,6.942305e-08,9.932441e-08,8.672454e-08,7.455214e-08,2.612147e-09,7.330956e-09,7.636332e-09,9.917427e-08,9.148602e-09,1.354450e-08,2.924171e-09,2.861629e-09,1.564081e-08
34.643550,7.204071e-08,3.597598e-08,8.097191e-07,1.630917e-07,6.748348e-07,6.368870e-08,3.850385e-07,1.482738e-07,6.699940e-07,9.289411e-08,1.268680e-07,5.497789e-08,6.711948e-08,1.008137e-07,8.602426e-08,7.703926e-08,2.981215e-09,6.730323e-09,6.293192e-09,9.982240e-08,9.919005e-09,1.924549e-08,3.402002e-09,7.731204e-09,1.732591e-08
34.667970,7.213783e-08,3.608244e-08,8.127834e-07,1.615986e-07,6.738801e-07,6.479643e-08,3.822538e-07,1.503874e-07,6.579538e-07,9.331583e-08,1.265369e-07,5.282765e-08,7.028018e-08,1.064018e-07,8.611308e-08,8.315409e-08,2.994685e-09,5.593264e-09,4.885071e-09,1.015679e-07,1.016170e-08,2.365295e-08,3.663691e-09,1.463169e-08,2.110451e-08
34.692380,7.220704e-08,3.609447e-08,8.060894e-07,1.604884e-07,6.660377e-07,6.519562e-08,3.884148e-07,1.493367e-07,6.643667e-07,9.149354e-08,1.239943e-07,5.227823e-08,6.931432e-08,1.020533e-07,8.514007e-08,8.141515e-08,3.910097e-09,4.202683e-09,3.967813e-09,1.047626e-07,1.005029e-08,2.764241e-08,3.931446e-09,2.053273e-08,2.438967e-08
34.716800,7.225945e-08,3.603147e-08,8.077038e-07,1.593846e-07,6.553601e-07,6.406154e-08,3.892026e-07,1.454321e-07,6.533115e-07,8.928817e-08,1.253743e-07,5.346864e-08,6.783517e-08,9.648500e-08,7.773298e-08,8.303464e-08,5.263255e-09,3.969448e-09,3.334318e-09,1.011722e-07,1.005711e-08,3.005161e-08,4.581980e-09,2.562692e-08,2.562662e-08
34.741210,7.238667e-08,3.588907e-08,8.128953e-07,1.601948e-07,6.406245e-07,6.375470e-08,3.840113e-07,1.449003e-07,6.304602e-07,9.090238e-08,1.264029e-07,5.358521e-08,6.745368e-08,1.009188e-07,7.414163e-08,8.849958e-08,5.840746e-09,3.972216e-09,2.336341e-09,9.432164e-08,9.810826e-09,3.037813e-08,5.236283e-09,3.037847e-08,2.429547e-08
34.765620,7.295824e-08,3.603229e-08,8.184194e-07,1.589169e-07,6.360408e-07,6.320247e-08,3.880289e-07,1.434246e-07,6.361229e-07,9.095121e-08,1.205456e-07,5.471534e-08,6.189872e-08,1.006932e-07,7.559746e-08,8.746877e-08,6.140995e-09,3.375028e-09,1.459140e-09,8.145344e-08,1.061434e-08,2.897592e-08,6.158556e-09,3.437359e-08,2.147794e-08
34.790040,7.233699e-08,3.579460e-08,8.168423e-07,1.567591e-07,6.278298e-07,6.286985e-08,3.873228e-07,1.419058e-07,6.430101e-07,8.851154e-08,1.185220e-07,5.476297e-08,5.895673e-08,9.907167e-08,7.248126e-08,8.803714e-08,6.834372e-09,2.944596e-09,1.646311e-09,7.036671e-08,1.168084e-08,2.648091e-08,6.649777e-09,3.663294e-08,1.800617e-08
34.814450,7.175148e-08,3.524404e-08,8.185639e-07,1.564663e-07,6.134703e-07,6.192396e-08,3.844162e-07,1.404932e-07,6.386987e-07,8.890565e-08,1.216881e-07,5.228652e-08,6.188370e-08,1.013382e-07,6.382379e-08,9.960372e-08,7.403191e-09,3.850235e-09,2.080396e-09,6.050408e-08,1.356629e-08,2.463272e-08,6.953878e-09,3.691530e-08,1.440770e-08
34.838870,7.147422e-08,3.528671e-08,8.223583e-07,1.539312e-07,6.092930e-07,6.053335e-08,3.773076e-07,1.370028e-07,6.346355e-07,8.990759e-08,1.213715e-07,5.374520e-08,5.937135e-08,9.614249e-08,5.883483e-08,1.073427e-07,7.107755e-09,4.941788e-09,2.380915e-09,4.839135e-08,1.468366e-08,2.467118e-08,6.866379e-09,3.412796e-08,1.210582e-08
34.863280,7.042854e-08,3.525849e-08,8.128025e-07,1.521824e-07,6.006694e-07,6.051986e-08,3.679597e-07,1.389679e-07,6.211634e-07,9.016753e-08,1.196103e-07,5.588927e-08,5.455371e-08,9.106637e-08,5.609997e-08,1.001587e-07,6.951183e-09,5.603357e-09,3.059788e-09,3.220748e-08,1.523765e-08,2.622232e-08,6.651928e-09,3.003880e-08,1.194595e-08
34.887700,6.921497e-08,3.523587e-08,8.111489e-07,1.507993e-07,5.941476e-07,5.921619e-08,3.678643e-07,1.413430e-07,6.231303e-07,8.987155e-08,1.170321e-07,5.340204e-08,5.399900e-08,9.533269e-08,5.167300e-08,9.369233e-08,7.299012e-09,6.699504e-09,4.210323e-09,1.378148e-08,1.501155e-08,2.857199e-08,6.210976e-09,2.548248e-08,1.578017e-08
34.912110,6.787759e-08,3.532503e-08,8.119565e-07,1.503722e-07,5.880055e-07,5.710177e-08,3.609358e-07,1.377107e-07,6.339729e-07,8.674204e-08,1.144691e-07,5.162998e-08,5.321941e-08,9.487919e-08,5.265437e-08,9.786605e-08,7.535476e-09,8.017112e-09,5.051937e-09,4.340904e-09,1.433894e-08,3.030146e-08,5.511695e-09,2.278984e-08,2.083321e-08
34.936520,6.674037e-08,3.555488e-08,8.071181e-07,1.492208e-07,5.869755e-07,5.653670e-08,3.515221e-07,1.372104e-07,6.194153e-07,8.607539e-08,1.162647e-07,5.046445e-08,5.274685e-08,8.812987e-08,5.393868e-08,9.661028e-08,7.014662e-09,8.433369e-09,5.225233e-09,1.100897e-08,1.340674e-08,3.181901e-08,4.934702e-09,2.269229e-08,2.576847e-08
34.960940,6.531460e-08,3.575450e-08,8.003397e-07,1.468090e-07,5.865652e-07,5.593517e-08,3.520678e-07,1.379298e-07,6.184451e-07,8.798661e-08,1.157878e-07,4.852263e-08,5.439214e-08,8.529301e-08,4.967808e-08,9.341613e-08,6.375666e-09,8.128383e-09,5.342885e-09,2.191608e-08,1.195372e-08,3.143987e-08,4.529814e-09,2.376148e-08,2.856440e-08
34.985350,6.396583e-08,3.563158e-08,7.953865e-07,1.469762e-07,5.776310e-07,5.536398e-08,3.484081e-07,1.369221e-07,6.288293e-07,8.603715e-08,1.099825e-07,4.894980e-08,5.396310e-08,8.354462e-08,5.226009e-08,9.842162e-08,5.972816e-09,8.788808e-09,5.864873e-09,3.481337e-08,1.037981e-08,2.989474e-08,4.441325e-09,2.606577e-08,2.916995e-08
35.009770,6.365953e-08,3.580612e-08,7.986975e-07,1.460332e-07,5.766645e-07,5.405844e-08,3.452646e-07,1.370074e-07,6.214397e-07,8.488058e-08,1.092453e-07,4.971412e-08,5.212503e-08,8.144481e-08,5.932384e-08,1.007304e-07,5.475090e-09,9.543305e-09,6.310174e-09,4.327091e-08,8.176076e-09,2.612332e-08,4.372502e-09,2.812598e-08,2.734688e-08
35.034180,6.301048e-08,3.579886e-08,7.942394e-07,1.441615e-07,5.748345e-07,5.296875e-08,3.432948e-07,1.329612e-07,6.167960e-07,8.526303e-08,1.108641e-07,4.632215e-08,5.686390e-08,8.331455e-08,5.968185e-08,8.889761e-08,4.448430e-09,9.564125e-09,6.106473e-09,4.731904e-08,6.251670e-09,2.019911e-08,4.299951e-09,3.016737e-08,2.465194e-08
35.058590,6.270535e-08,3.535689e-08,7.892660e-07,1.439534e-07,5.663066e-07,5.313073e-08,3.445360e-07,1.306226e-07,6.059458e-07,8.430281e-08,1.088457e-07,4.393940e-08,6.182494e-08,8.396489e-08,6.058846e-08,8.293318e-08,3.656860e-09,8.836658e-09,5.758387e-09,4.984327e-08,4.418054e-09,1.411565e-08,3.985761e-09,3.022225e-08,2.036812e-08
35.083010,6.300386e-08,3.504138e-08,7.928480e-07,1.438316e-07,5.613543e-07,5.176970e-08,3.525793e-07,1.323737e-07,5.942835e-07,8.481707e-08,1.080628e-07,4.562081e-08,6.226321e-08,7.711632e-08,6.343694e-08,8.934028e-08,3.353456e-09,8.538892e-09,5.968140e-09,5.552832e-08,2.775347e-09,7.411339e-09,3.396046e-09,2.861569e-08,1.610890e-08
35.107420,6.337586e-08,3.458247e-08,7.877581e-07,1.442289e-07,5.562420e-07,5.038181e-08,3.502018e-07,1.296190e-07,6.014273e-07,8.347535e-08,1.063263e-07,4.554203e-08,6.354442e-08,7.517281e-08,6.340685e-08,9.327416e-08,2.847539e-09,8.275326e-09,6.095122e-09,6.257734e-08,1.661450e-09,3.438190e-09,2.753577e-09,2.505177e-08,1.034533e-08
35.131840,6.345767e-08,3.395313e-08,7.838581e-07,1.431713e-07,5.543572e-07,4.995493e-08,3.488150e-07,1.269563e-07,5.865673e-07,8.171268e-08,1.052959e-07,4.428679e-08,6.464112e-08,7.893290e-08,6.498058e-08,9.172481e-08,1.826088e-09,7.370586e-09,5.622348e-09,6.818560e-08,2.076124e-09,6.803873e-09,2.314603e-09,1.987164e-08,4.170806e-09
35.156250,6.344833e-08,3.304532e-08,7.830321e-07,1.424247e-07,5.468371e-07,4.943958e-08,3.529418e-07,1.263612e-07,5.674317e-07,8.357697e-08,1.075365e-07,4.386593e-08,6.350914e-08,7.809948e-08,6.957280e-08,9.229749e-08,1.834239e-09,6.119150e-09,4.605492e-09,6.955396e-08,3.672633e-09,1.073525e-08,2.355061e-09,1.451307e-08,2.566605e-09
35.180660,6.395866e-08,3.258633e-08,7.889230e-07,1.435978e-07,5.352177e-07,4.888299e-08,3.517842e-07,1.239604e-07,5.735591e-07,8.308004e-08,1.045182e-07,4.266726e-08,6.636869e-08,7.839384e-08,6.949960e-08,9.442132e-08,2.707557e-09,5.575909e-09,3.697150e-09,7.111609e-08,5.332256e-09,1.478035e-08,3.075303e-09,1.092631e-08,7.641270e-09
35.205080,6.344573e-08,3.213357e-08,7.907504e-07,1.427719e-07,5.337553e-07,4.795165e-08,3.481296e-07,1.228954e-07,5.752067e-07,8.090402e-08,9.999127e-08,4.423422e-08,6.887121e-08,8.141116e-08,6.478304e-08,9.091376e-08,3.258644e-09,5.240109e-09,3.185577e-09,7.566054e-08,6.559555e-09,1.734240e-08,4.019232e-09,1.008480e-08,1.113802e-08
35.229490,6.267980e-08,3.150717e-08,7.912149e-07,1.434776e-07,5.266079e-07,4.777390e-08,3.425617e-07,1.193480e-07,5.761905e-07,8.117255e-08,1.013798e-07,4.650812e-08,6.532285e-08,7.991559e-08,6.296064e-08,9.035025e-08,4.032041e-09,4.368395e-09,2.491598e-09,7.841622e-08,7.672275e-09,1.877099e-08,4.701521e-09,1.196899e-08,1.217762e-08
35.253910,6.212764e-08,3.130483e-08,8.000575e-07,1.445745e-07,5.219041e-07,4.808498e-08,3.393590e-07,1.156020e-07,5.732488e-07,8.101626e-08,1.013715e-07,4.491694e-08,6.166168e-08,8.182439e-08,6.366363e-08,9.694386e-08,4.806217e-09,3.093833e-09,1.561613e-09,7.665261e-08,8.814891e-09,1.961052e-08,5.245647e-09,1.510075e-08,1.166711e-08
35.278320,6.132672e-08,3.123616e-08,7.966221e-07,1.447666e-07,5.204479e-07,4.677304e-08,3.394596e-07,1.179922e-07,5.618508e-07,8.158479e-08,1.007866e-07,4.394684e-08,6.184767e-08,8.870487e-08,6.070591e-08,1.003419e-07,5.218459e-09,2.763923e-09,1.187387e-09,6.856206e-08,9.679464e-09,2.039938e-08,5.365394e-09,1.718983e-08,1.023311e-08
35.302730,6.064219e-08,3.125983e-08,7.903724e-07,1.439618e-07,5.188139e-07,4.603236e-08,3.311608e-07,1.169222e-07,5.725061e-07,8.104291e-08,9.999741e-08,4.622616e-08,6.045250e-08,8.869171e-08,5.857790e-08,9.238425e-08,5.166407e-09,2.905890e-09,1.655904e-09,6.156023e-08,1.013396e-08,2.287167e-08,5.303323e-09,1.831183e-08,1.047681e-08
35.327150,6.003770e-08,3.125920e-08,7.875252e-07,1.427795e-07,5.151842e-07,4.652713e-08,3.247729e-07,1.135478e-07,5.756048e-07,7.757979e-08,9.615797e-08,4.773721e-08,5.762077e-08,8.452825e-08,5.757316e-08,8.558232e-08,5.616197e-09,2.964381e-09,1.916847e-09,5.392248e-08,1.011419e-08,2.539007e-08,4.997205e-09,1.736583e-08,1.199231e-08
35.351560,5.997936e-08,3.140896e-08,7.841279e-07,1.432134e-07,5.079098e-07,4.607521e-08,3.253318e-07,1.135714e-07,5.603423e-07,7.775272e-08,9.610525e-08,4.765900e-08,5.676597e-08,8.573480e-08,5.116104e-08,8.724699e-08,6.348335e-09,4.019052e-09,2.275463e-09,4.698364e-08,1.002749e-08,2.772343e-08,4.668917e-09,1.508945e-08,1.496481e-08
35.375980,5.942519e-08,3.146084e-08,7.754334e-07,1.414781e-07,5.102001e-07,4.567486e-08,3.174674e-07,1.129653e-07,5.645171e-07,7.852299e-08,9.725742e-08,4.729485e-08,5.303804e-08,8.768190e-08,4.670241e-08,8.511622e-08,6.598091e-09,5.344226e-09,3.161124e-09,3.411810e-08,1.052877e-08,2.903827e-08,4.535729e-09,1.268216e-08,1.828377e-08
35.400390,5.887592e-08,3.109890e-08,7.593957e-07,1.390433e-07,5.101370e-07,4.475198e-08,3.105399e-07,1.133566e-07,5.673096e-07,7.643925e-08,9.313965e-08,4.530148e-08,4.924165e-08,8.569678e-08,4.813389e-08,8.035044e-08,6.282225e-09,5.962711e-09,4.013231e-09,1.998671e-08,1.110457e-08,2.979774e-08,4.485421e-09,1.235234e-08,2.212256e-08
35.424800,5.885782e-08,3.104559e-08,7.505138e-07,1.386482e-07,5.046844e-07,4.439315e-08,3.049756e-07,1.120156e-07,5.624997e-07,7.609462e-08,9.141044e-08,4.362243e-08,5.095854e-08,8.542239e-08,4.687777e-08,8.177214e-08,6.082534e-09,6.032281e-09,4.428635e-09,6.897913e-09,1.156496e-08,3.023180e-08,4.755764e-09,1.395836e-08,2.544635e-08
35.449220,5.830918e-08,3.084469e-08,7.342528e-07,1.370985e-07,5.073402e-07,4.436593e-08,3.018193e-07,1.086676e-07,5.567109e-07,7.582450e-08,9.190015e-08,4.550497e-08,5.079464e-08,8.210950e-08,4.366179e-08,8.072672e-08,5.989874e-09,6.899496e-09,4.516802e-09,6.828616e-09,1.147475e-08,2.960221e-08,5.034230e-09,1.696236e-08,2.746774e-08
35.473630,5.767605e-08,3.046398e-08,7.173708e-07,1.353299e-07,5.085483e-07,4.306451e-08,3.014634e-07,1.092576e-07,5.415307e-07,7.575045e-08,9.076446e-08,4.527840e-08,4.628396e-08,7.372791e-08,4.449069e-08,6.820546e-08,5.509169e-09,7.830884e-09,4.802166e-09,1.076781e-08,1.122426e-08,2.744819e-08,5.430468e-09,1.976168e-08,2.755836e-08
35.498050,5.713454e-08,3.017368e-08,7.118595e-07,1.332337e-07,5.090731e-07,4.268923e-08,2.916591e-07,1.104062e-07,5.376631e-07,7.617759e-08,9.102651e-08,4.175763e-08,4.507556e-08,7.128786e-08,4.625973e-08,6.161398e-08,4.735124e-09,8.233551e-09,5.095853e-09,2.083106e-08,1.033684e-08,2.470866e-08,5.418270e-09,2.257910e-08,2.578215e-08
35.522460,5.700495e-08,3.011076e-08,7.096165e-07,1.328310e-07,5.068773e-07,4.307767e-08,2.867385e-07,1.078477e-07,5.437839e-07,7.483486e-08,8.938182e-08,4.138909e-08,4.674022e-08,7.343972e-08,4.742216e-08,7.180275e-08,4.429532e-09,8.312148e-09,5.134615e-09,3.190334e-08,9.237968e-09,2.117633e-08,5.133495e-09,2.451200e-08,2.231432e-08
35.546880,5.651065e-08,3.009896e-08,7.083084e-07,1.330738e-07,5.065765e-07,4.295773e-08,2.873782e-07,1.077405e-07,5.281741e-07,7.407047e-08,8.765405e-08,4.194964e-08,4.836048e-08,6.965163e-08,5.185710e-08,7.605409e-08,4.252464e-09,8.655699e-09,4.779831e-09,3.995366e-08,7.687416e-09,1.844674e-08,4.547238e-09,2.596570e-08,1.915968e-08
35.571290,5.586738e-08,2.981709e-08,7.057288e-07,1.311170e-07,5.105727e-07,4.281996e-08,2.823134e-07,1.083752e-07,5.159778e-07,7.605741e-08,9.106996e-08,4.111990e-08,5.070203e-08,6.400816e-08,5.478070e-08,7.393641e-08,3.557414e-09,8.778506e-09,4.636469e-09,4.067247e-08,5.358202e-09,1.569621e-08,3.734331e-09,2.555420e-08,1.593539e-08
35.595700,5.611066e-08,2.985942e-08,7.086375e-07,1.307257e-07,5.060830e-07,4.257135e-08,2.783395e-07,1.070598e-07,5.245306e-07,7.530838e-08,9.096326e-08,4.157475e-08,5.260143e-08,6.189015e-08,5.256701e-08,7.861850e-08,2.563488e-09,8.228466e-09,4.871236e-09,4.331453e-08,3.001569e-09,1.325032e-08,2.810429e-09,2.354393e-08,1.367471e-08
35.620120,5.608796e-08,2.997001e-08,7.067850e-07,1.294125e-07,5.052176e-07,4.305548e-08,2.761335e-07,1.070757e-07,5.223539e-07,7.371189e-08,8.742478e-08,4.060646e-08,5.093550e-08,6.008397e-08,5.310424e-08,8.454927e-08,1.857134e-09,7.080585e-09,4.889681e-09,4.822909e-08,1.016438e-09,1.016013e-08,1.864674e-09,2.004059e-08,1.149644e-08
35.644530,5.628055e-08,2.979480e-08,6.949216e-07,1.265186e-07,5.050620e-07,4.307002e-08,2.776057e-07,1.039300e-07,5.254094e-07,7.459432e-08,8.676409e-08,3.881179e-08,5.157724e-08,5.826494e-08,5.721591e-08,8.360821e-08,1.663733e-09,6.658861e-09,4.453923e-09,5.306607e-08,2.035061e-09,6.993032e-09,8.818285e-10,1.593197e-08,9.523389e-09
35.668950,5.660922e-08,2.968444e-08,6.917068e-07,1.244087e-07,4.990209e-07,4.207294e-08,2.801831e-07,1.040068e-07,5.209548e-07,7.440041e-08,8.770638e-08,4.109667e-08,5.641958e-08,6.002181e-08,5.832046e-08,9.118883e-08,1.484697e-09,6.468499e-09,3.773698e-09,5.399321e-08,3.603719e-09,5.020770e-09,6.659120e-10,1.144515e-08,7.909558e-09
35.693360,5.682590e-08,2.951220e-08,6.838293e-07,1.225564e-07,4.943127e-07,4.246890e-08,2.761594e-07,1.068385e-07,5.127538e-07,7.557402e-08,8.817539e-08,4.256648e-08,5.677574e-08,5.904754e-08,5.780828e-08,1.062309e-07,1.880067e-09,5.612074e-09,3.463893e-09,5.322024e-08,4.500609e-09,5.321637e-09,1.222322e-09,8.612751e-09,7.014095e-09
35.717770,5.671911e-08,2.928209e-08,6.716270e-07,1.218761e-07,4.890445e-07,4.286648e-08,2.789990e-07,1.052044e-07,5.258539e-07,7.502220e-08,8.897607e-08,4.131057e-08,5.449311e-08,5.580623e-08,5.731344e-08,1.111882e-07,2.463288e-09,4.353692e-09,3.228680e-09,5.518323e-08,5.063846e-09,8.198119e-09,1.775878e-09,7.159442e-09,6.693256e-09
35.742190,5.638436e-08,2.886887e-08,6.585000e-07,1.196826e-07,4.897656e-07,4.240803e-08,2.823834e-07,1.039512e-07,5.236704e-07,7.238064e-08,8.611999e-08,4.112403e-08,5.470489e-08,6.079788e-08,5.468506e-08,1.061726e-07,2.733515e-09,3.559088e-09,2.662094e-09,5.933462e-08,5.200116e-09,1.229615e-08,2.157381e-09,7.572421e-09,5.538154e-09
35.766600,5.645466e-08,2.878569e-08,6.528099e-07,1.185634e-07,4.855866e-07,4.183544e-08,2.786465e-07,1.040803e-07,5.174535e-07,7.297684e-08,8.508464e-08,4.211813e-08,5.362100e-08,6.596399e-08,5.159553e-08,1.090431e-07,3.052219e-09,2.910746e-09,1.926599e-09,6.041978e-08,4.937341e-09,1.521602e-08,2.523110e-09,8.307961e-09,4.204490e-09
35.791020,5.575990e-08,2.873716e-08,6.508840e-07,1.197221e-07,4.771852e-07,4.104196e-08,2.776318e-07,1.037138e-07,5.271982e-07,7.290698e-08,8.803309e-08,4.311569e-08,5.198686e-08,6.565897e-08,5.268103e-08,1.153994e-07,3.932797e-09,2.010356e-09,1.794839e-09,5.779869e-08,5.022594e-09,1.799830e-08,2.900103e-09,8.518288e-09,4.778838e-09
35.815430,5.493076e-08,2.848666e-08,6.483965e-07,1.195028e-07,4.764830e-07,4.104950e-08,2.774245e-07,1.046686e-07,5.321151e-07,7.137117e-08,8.571824e-08,4.540774e-08,5.307505e-08,6.712239e-08,5.320052e-08,1.149615e-07,4.879878e-09,1.974170e-09,2.020994e-09,5.191727e-08,5.858133e-09,1.880913e-08,3.473303e-09,7.642947e-09,7.090402e-09
35.839840,5.443707e-08,2.856165e-08,6.588584e-07,1.203931e-07,4.704774e-07,4.060468e-08,2.797634e-07,1.028449e-07,5.345214e-07,7.133856e-08,8.292716e-08,4.579386e-08,5.094163e-08,6.923745e-08,4.826812e-08,1.145043e-07,5.252414e-09,2.752568e-09,1.878975e-09,4.736430e-08,7.802781e-09,1.882739e-08,3.922094e-09,6.932452e-09,1.005932e-08
35.864260,5.372490e-08,2.868100e-08,6.677696e-07,1.220068e-07,4.625446e-07,3.964630e-08,2.794512e-07,1.005523e-07,5.334257e-07,7.103193e-08,8.310487e-08,4.323617e-08,4.625278e-08,6.893028e-08,4.433218e-08,1.168118e-07,5.414277e-09,3.361576e-09,1.940636e-09,4.286104e-08,9.604237e-09,1.877247e-08,4.477668e-09,7.909420e-09,1.280628e-08
35.888670,5.303350e-08,2.876849e-08,6.729839e-07,1.242295e-07,4.542212e-07,4.018535e-08,2.715983e-07,1.030192e-07,5.189797e-07,7.142354e-08,8.256746e-08,4.345358e-08,4.728278e-08,7.279017e-08,4.474577e-08,1.098549e-07,5.740945e-09,3.538523e-09,2.677067e-09,3.483893e-08,1.148886e-08,1.859559e-08,4.848355e-09,1.192478e-08,1.565920e-08
35.913090,5.231059e-08,2.875989e-08,6.815290e-07,1.255230e-07,4.481589e-07,4.038993e-08,2.719099e-07,1.026297e-07,5.258291e-07,7.230789e-08,8.349577e-08,4.507454e-08,4.958412e-08,7.635314e-08,4.326461e-08,9.519121e-08,6.042792e-09,4.384142e-09,3.337421e-09,2.373435e-08,1.250251e-08,1.998281e-08,5.252147e-09,1.643460e-08,1.793816e-08
35.937500,5.208297e-08,2.880889e-08,6.889762e-07,1.256038e-07,4.427815e-07,4.009209e-08,2.729558e-07,1.005215e-07,5.338633e-07,7.013230e-08,8.231298e-08,4.348994e-08,4.781851e-08,7.206452e-08,4.054485e-08,8.757251e-08,5.794274e-09,5.625064e-09,3.513752e-09,1.181265e-08,1.313142e-08,2.112478e-08,5.410680e-09,2.080628e-08,2.016468e-08
35.961910,5.159924e-08,2.887116e-08,6.944410e-07,1.266685e-07,4.311415e-07,4.014957e-08,2.677668e-07,1.016674e-07,5.168804e-07,7.028503e-08,7.994626e-08,4.243647e-08,4.758225e-08,6.777368e-08,4.086955e-08,8.770530e-08,5.653064e-09,6.466303e-09,3.790045e-09,6.521542e-09,1.333562e-08,2.337940e-08,5.414221e-09,2.382757e-08,2.058352e-08
35.986330,5.091832e-08,2.853833e-08,6.910989e-07,1.255887e-07,4.253693e-07,4.029337e-08,2.675690e-07,1.020593e-07,5.160902e-07,7.279595e-08,8.172977e-08,4.150615e-08,4.741521e-08,6.859311e-08,3.850824e-08,8.344246e-08,5.912772e-09,7.020605e-09,4.289964e-09,7.230194e-09,1.292741e-08,2.509322e-08,5.296014e-09,2.610486e-08,1.996378e-08
36.010740,5.072836e-08,2.830785e-08,6.910528e-07,1.232968e-07,4.214831e-07,4.084443e-08,2.675087e-07,1.023138e-07,5.227094e-07,7.185548e-08,8.339298e-08,3.972619e-08,4.633269e-08,6.670627e-08,3.677458e-08,7.193385e-08,6.026133e-09,8.007762e-09,4.536091e-09,1.301387e-08,1.213683e-08,2.695762e-08,4.958671e-09,2.727744e-08,1.792774e-08
36.035160,5.026811e-08,2.807955e-08,6.905147e-07,1.225896e-07,4.143709e-07,4.026805e-08,2.702660e-07,1.012606e-07,5.242287e-07,7.137365e-08,8.080762e-08,4.029926e-08,4.975075e-08,6.422199e-08,4.111389e-08,6.571581e-08,5.407824e-09,8.750410e-09,4.446382e-09,2.326678e-08,1.069252e-08,2.716079e-08,4.748727e-09,2.741184e-08,1.559824e-08
36.059570,4.995696e-08,2.768789e-08,6.800278e-07,1.214476e-07,4.155917e-07,3.957616e-08,2.703727e-07,9.876548e-08,5.288025e-07,7.197192e-08,7.935342e-08,4.067569e-08,5.344958e-08,6.396325e-08,4.363914e-08,6.012963e-08,4.668855e-09,8.698738e-09,4.174050e-09,3.219809e-08,8.815620e-09,2.584600e-08,4.418352e-09,2.620860e-08,1.391297e-08
36.083980,4.988456e-08,2.739520e-08,6.741253e-07,1.201698e-07,4.205621e-07,4.004185e-08,2.672874e-07,1.010193e-07,5.234482e-07,7.238092e-08,7.846172e-08,3.838366e-08,5.253468e-08,6.053098e-08,4.219536e-08,5.208812e-08,4.182057e-09,8.289177e-09,4.161319e-09,3.624216e-08,6.903395e-09,2.313456e-08,4.157026e-09,2.390654e-08,1.347668e-08
36.108400,4.998830e-08,2.709217e-08,6.700599e-07,1.183266e-07,4.275245e-07,3.981829e-08,2.719894e-07,1.030445e-07,5.231608e-07,7.380480e-08,7.856247e-08,3.671733e-08,5.233567e-08,5.699053e-08,4.321012e-08,5.980005e-08,3.782476e-09,8.380028e-09,4.333278e-09,3.843562e-08,5.149701e-09,1.861145e-08,3.783556e-09,1.984339e-08,1.319189e-08
36.132810,4.998817e-08,2.683203e-08,6.669898e-07,1.179628e-07,4.304954e-07,3.894236e-08,2.732441e-07,1.010208e-07,5.342719e-07,7.314031e-08,8.062279e-08,3.864366e-08,5.519780e-08,5.978685e-08,4.468339e-08,7.368651e-08,3.051986e-09,8.689245e-09,4.283662e-09,4.096938e-08,3.547323e-09,1.336621e-08,3.312075e-09,1.551239e-08,1.270796e-08
36.157230,4.984255e-08,2.631637e-08,6.620340e-07,1.189227e-07,4.320518e-07,3.818505e-08,2.686386e-07,1.011925e-07,5.245385e-07,7.133145e-08,7.824779e-08,3.916568e-08,5.594295e-08,6.083974e-08,4.502302e-08,7.592418e-08,2.575732e-09,8.319540e-09,3.886643e-09,4.671627e-08,1.784110e-09,8.982789e-09,2.748134e-09,1.120997e-08,1.156315e-08
36.181640,5.041461e-08,2.598805e-08,6.576475e-07,1.181150e-07,4.390446e-07,3.767371e-08,2.681631e-07,1.011273e-07,5.196260e-07,7.248829e-08,7.587016e-08,3.872241e-08,5.653652e-08,5.696660e-08,4.799332e-08,7.653369e-08,2.392834e-09,7.426534e-09,3.531240e-09,4.925724e-08,8.056542e-10,7.075343e-09,2.135014e-09,8.294145e-09,1.072082e-08
36.206050,5.061828e-08,2.584480e-08,6.567524e-07,1.188991e-07,4.376108e-07,3.762216e-08,2.688710e-07,1.013874e-07,5.294493e-07,7.189012e-08,7.817821e-08,3.911892e-08,5.838156e-08,5.756976e-08,5.035921e-08,8.729482e-08,1.840782e-09,6.836613e-09,3.521228e-09,4.889268e-08,2.120651e-09,1.025997e-08,1.558634e-09,6.466522e-09,9.353749e-09
36.230470,5.066949e-08,2.540890e-08,6.464536e-07,1.203788e-07,4.334891e-07,3.701082e-08,2.688001e-07,1.018715e-07,5.293155e-07,7.075747e-08,7.795703e-08,3.786922e-08,5.607873e-08,6.029132e-08,4.779751e-08,9.603241e-08,1.294545e-09,6.314761e-09,3.304349e-09,4.765613e-08,3.519076e-09,1.473279e-08,1.341443e-09,5.340659e-09,8.126668e-09
36.254880,5.087663e-08,2.510558e-08,6.418881e-07,1.206775e-07,4.322806e-07,3.671452e-08,2.648491e-07,9.906890e-08,5.329239e-07,7.119721e-08,7.512069e-08,3.920614e-08,5.337920e-08,6.100011e-08,4.618452e-08,1.011882e-07,1.909801e-09,5.115303e-09,2.610442e-09,5.030499e-08,4.521217e-09,1.823497e-08,1.683208e-09,4.665832e-09,6.776780e-09
36.279300,5.095163e-08,2.483340e-08,6.411850e-07,1.207156e-07,4.275105e-07,3.740366e-08,2.577624e-07,9.921477e-08,5.255430e-07,7.067838e-08,7.424659e-08,4.275638e-08,5.494875e-08,6.484000e-08,4.853470e-08,1.082196e-07,2.574371e-09,3.642571e-09,2.080822e-09,5.303867e-08,5.552566e-09,2.037276e-08,2.433320e-09,4.039829e-09,7.111521e-09
36.303710,5.101456e-08,2.463609e-08,6.360495e-07,1.201398e-07,4.216188e-07,3.715454e-08,2.585649e-07,1.011435e-07,5.145735e-07,7.155502e-08,7.379159e-08,4.219516e-08,5.448455e-08,6.699043e-08,4.862000e-08,1.148965e-07,2.775716e-09,2.994307e-09,2.008245e-09,5.271518e-08,6.115096e-09,2.089807e-08,3.210915e-09,3.723325e-09,9.405657e-09
36.328120,5.088924e-08,2.438824e-08,6.311186e-07,1.205783e-07,4.118050e-07,3.671363e-08,2.573950e-07,9.950997e-08,5.268977e-07,7.160754e-08,7.482221e-08,4.121092e-08,5.028507e-08,6.418443e-08,4.709634e-08,1.131261e-07,3.234987e-09,2.629657e-09,1.860861e-09,4.817519e-08,6.806325e-09,2.013164e-08,3.800417e-09,2.407641e-09,1.267545e-08
36.352540,5.138869e-08,2.426587e-08,6.268966e-07,1.191587e-07,4.083175e-07,3.681308e-08,2.527832e-07,9.858460e-08,5.267902e-07,6.934066e-08,7.533784e-08,4.239007e-08,4.729099e-08,6.441467e-08,4.743672e-08,1.037761e-07,3.623485e-09,1.689477e-09,1.487105e-09,4.407990e-08,6.737420e-09,1.965934e-08,4.198991e-09,2.668964e-09,1.543682e-08
36.376950,5.173212e-08,2.440481e-08,6.285400e-07,1.175563e-07,4.060191e-07,3.681836e-08,2.543446e-07,9.936837e-08,5.154570e-07,7.013372e-08,7.192822e-08,4.284605e-08,4.659862e-08,6.922274e-08,4.683565e-08,1.044390e-07,3.760635e-09,1.359811e-09,1.589557e-09,4.123183e-08,6.719670e-09,1.868897e-08,4.319933e-09,5.653426e-09,1.766335e-08
36.401370,5.214158e-08,2.426946e-08,6.230726e-07,1.183346e-07,3.997771e-07,3.687272e-08,2.557340e-07,9.963701e-08,5.191936e-07,7.146432e-08,7.236748e-08,4.292425e-08,4.483231e-08,7.052337e-08,4.471721e-08,1.094558e-07,3.878445e-09,2.285417e-09,2.219379e-09,3.773591e-08,6.629526e-09,1.920599e-08,4.246350e-09,9.539698e-09,1.945957e-08
36.425780,5.293238e-08,2.432013e-08,6.209655e-07,1.177775e-07,4.032039e-07,3.609996e-08,2.572583e-07,1.001629e-07,5.239659e-07,7.049914e-08,7.539428e-08,4.281871e-08,4.600113e-08,6.795325e-08,4.637894e-08,1.056790e-07,4.360392e-09,3.060515e-09,2.737866e-09,2.942417e-08,6.966575e-09,2.009582e-08,3.961719e-09,1.320608e-08,2.026389e-08
36.450200,5.330559e-08,2.426842e-08,6.251057e-07,1.169346e-07,4.072847e-07,3.551239e-08,2.567853e-07,9.783328e-08,5.298324e-07,7.036419e-08,7.459921e-08,4.095068e-08,4.702973e-08,6.731946e-08,4.755594e-08,9.441229e-08,4.852303e-09,3.995730e-09,2.967643e-09,2.019266e-08,8.056979e-09,2.269146e-08,3.408333e-09,1.618585e-08,2.034911e-08
36.474610,5.347655e-08,2.410833e-08,6.231577e-07,1.165177e-07,4.080445e-07,3.564382e-08,2.541340e-07,9.625481e-08,5.349651e-07,7.037118e-08,7.320268e-08,3.978002e-08,4.281779e-08,6.444804e-08,4.412568e-08,8.697561e-08,4.955247e-09,5.220968e-09,3.400536e-09,1.451836e-08,8.907478e-09,2.497505e-08,2.992583e-09,1.818844e-08,1.912701e-08
36.499020,5.331929e-08,2.390570e-08,6.219910e-07,1.173971e-07,4.064953e-07,3.463054e-08,2.582933e-07,9.931540e-08,5.270189e-07,7.095680e-08,7.186007e-08,4.163459e-08,4.299713e-08,6.059508e-08,4.169956e-08,7.695759e-08,4.601579e-09,6.064852e-09,4.025135e-09,1.127547e-08,9.692583e-09,2.733072e-08,2.764084e-09,1.922889e-08,1.685072e-08
36.523440,5.325865e-08,2.389061e-08,6.196608e-07,1.182072e-07,4.058203e-07,3.337650e-08,2.573256e-07,9.980487e-08,5.325808e-07,7.262257e-08,7.156616e-08,4.154279e-08,4.735824e-08,6.234702e-08,4.207594e-08,6.479131e-08,4.435206e-09,6.181579e-09,4.306676e-09,8.191510e-09,9.957266e-09,2.868523e-08,3.114498e-09,1.979465e-08,1.465537e-08
36.547850,5.270051e-08,2.412097e-08,6.219073e-07,1.174796e-07,4.111207e-07,3.267467e-08,2.523500e-07,9.820762e-08,5.444598e-07,7.167829e-08,7.368180e-08,3.914978e-08,4.806483e-08,6.059303e-08,4.179348e-08,6.265556e-08,4.473145e-09,6.369878e-09,4.166269e-09,1.052689e-08,1.033009e-08,2.820363e-08,3.607706e-09,1.940933e-08,1.386307e-08
36.572270,5.184034e-08,2.420335e-08,6.196343e-07,1.191733e-07,4.068768e-07,3.225345e-08,2.544364e-07,9.934493e-08,5.337992e-07,7.072769e-08,7.353165e-08,3.900567e-08,4.893583e-08,5.381730e-08,4.106656e-08,6.716159e-08,4.207796e-09,7.037384e-09,3.912108e-09,1.764163e-08,1.013592e-08,2.714446e-08,4.147144e-09,1.792860e-08,1.513231e-08
36.596680,5.134182e-08,2.455009e-08,6.189566e-07,1.199225e-07,4.057571e-07,3.215396e-08,2.557641e-07,9.968553e-08,5.326715e-07,7.257292e-08,7.153150e-08,3.921881e-08,5.070863e-08,5.342583e-08,4.222348e-08,6.269890e-08,3.857564e-09,7.601691e-09,3.872688e-09,2.407301e-08,9.326053e-09,2.472195e-08,4.502422e-09,1.543695e-08,1.699370e-08
36.621090,5.060096e-08,2.502078e-08,6.224071e-07,1.195419e-07,4.076027e-07,3.152860e-08,2.560864e-07,9.995769e-08,5.454583e-07,7.222750e-08,7.313329e-08,3.955262e-08,5.103866e-08,5.577502e-08,4.079603e-08,5.215122e-08,3.836115e-09,7.663974e-09,3.773584e-09,2.659283e-08,7.933125e-09,2.264453e-08,4.602923e-09,1.227391e-08,1.868649e-08
36.645510,5.001300e-08,2.536800e-08,6.165996e-07,1.198595e-07,4.052257e-07,3.183570e-08,2.521448e-07,9.968795e-08,5.461772e-07,7.124865e-08,7.459071e-08,4.105144e-08,5.348816e-08,5.492230e-08,3.692905e-08,5.901644e-08,3.735443e-09,7.662289e-09,3.396591e-09,2.986671e-08,5.942016e-09,1.978132e-08,4.431628e-09,9.822087e-09,1.935604e-08
36.669920,4.967817e-08,2.575441e-08,6.112290e-07,1.205337e-07,4.034334e-07,3.265450e-08,2.473557e-07,9.750188e-08,5.490901e-07,7.241192e-08,7.308331e-08,3.977212e-08,5.729655e-08,5.572069e-08,3.841254e-08,7.046863e-08,3.054905e-09,7.661106e-09,2.923542e-09,3.353605e-08,4.065522e-09,1.635182e-08,3.961733e-09,9.615768e-09,1.930986e-08
36.694340,4.964814e-08,2.605854e-08,6.089078e-07,1.212146e-07,4.031600e-07,3.236059e-08,2.513197e-07,9.916848e-08,5.422177e-07,7.277249e-08,7.220440e-08,3.728343e-08,5.745238e-08,5.667069e-08,4.067104e-08,7.688162e-08,2.462137e-09,7.447410e-09,2.694826e-09,3.832122e-08,2.621189e-09,1.254022e-08,3.354424e-09,1.092847e-08,1.875248e-08
36.718750,4.974262e-08,2.631584e-08,6.063759e-07,1.208023e-07,4.068943e-07,3.267833e-08,2.491521e-07,1.006316e-07,5.327620e-07,7.403487e-08,7.132981e-08,3.886826e-08,5.518532e-08,5.615985e-08,3.882715e-08,8.929834e-08,2.414374e-09,6.662254e-09,2.774373e-09,4.029668e-08,2.440107e-09,8.646693e-09,2.726225e-09,1.278584e-08,1.749456e-08
36.743160,4.976027e-08,2.621078e-08,6.026939e-07,1.211764e-07,4.075582e-07,3.325003e-08,2.459468e-07,9.864090e-08,5.455607e-07,7.450814e-08,7.199362e-08,4.053367e-08,5.721937e-08,6.059935e-08,3.861625e-08,1.004443e-07,2.553026e-09,5.742842e-09,2.624485e-09,3.820515e-08,3.669671e-09,5.804201e-09,2.218285e-09,1.351128e-08,1.519972e-08
36.767580,5.034922e-08,2.607257e-08,5.969996e-07,1.224012e-07,4.063205e-07,3.395602e-08,2.494037e-07,9.913040e-08,5.424781e-07,7.257279e-08,7.422751e-08,3.980154e-08,5.896888e-08,6.687939e-08,3.910014e-08,1.020554e-07,2.446959e-09,5.521604e-09,2.225206e-09,3.847828e-08,4.799859e-09,5.675908e-09,2.213770e-09,1.384336e-08,1.223830e-08
36.791990,5.050031e-08,2.589050e-08,5.988924e-07,1.208883e-07,4.130932e-07,3.417833e-08,2.516358e-07,1.003378e-07,5.336831e-07,7.389583e-08,7.224899e-08,3.968850e-08,5.798387e-08,6.730140e-08,3.751307e-08,1.046271e-07,2.509802e-09,5.404619e-09,2.176095e-09,4.075384e-08,5.704497e-09,7.955898e-09,2.542478e-09,1.305264e-08,8.359218e-09
36.816410,5.062772e-08,2.542104e-08,5.947690e-07,1.202276e-07,4.140714e-07,3.380848e-08,2.532582e-07,1.012879e-07,5.414578e-07,7.516979e-08,7.016961e-08,3.954738e-08,5.800861e-08,6.663983e-08,3.929813e-08,1.201377e-07,2.753938e-09,4.470913e-09,2.478643e-09,4.207077e-08,6.048879e-09,1.182114e-08,3.016321e-09,1.207189e-08,4.867259e-09
36.840820,5.080433e-08,2.509392e-08,5.919992e-07,1.206210e-07,4.118750e-07,3.449563e-08,2.501904e-07,1.024605e-07,5.431203e-07,7.420994e-08,7.309167e-08,3.954417e-08,5.570321e-08,7.028280e-08,4.204130e-08,1.310647e-07,2.838793e-09,3.461051e-09,2.361215e-09,3.866936e-08,5.856416e-09,1.549383e-08,3.455687e-09,1.076718e-08,3.160026e-09
36.865230,5.068773e-08,2.479972e-08,5.949539e-07,1.212686e-07,4.124739e-07,3.483095e-08,2.517094e-07,9.989674e-08,5.502795e-07,7.451506e-08,7.400613e-08,4.130657e-08,5.170052e-08,7.219787e-08,4.053140e-08,1.303015e-07,2.982653e-09,2.951545e-09,2.010393e-09,3.490025e-08,5.911777e-09,1.822609e-08,3.789374e-09,1.017008e-08,3.675139e-09
36.889650,5.034088e-08,2.459280e-08,5.971730e-07,1.209185e-07,4.155815e-07,3.419036e-08,2.581005e-07,1.004348e-07,5.568479e-07,7.415017e-08,7.291240e-08,4.113987e-08,5.309928e-08,7.372505e-08,3.925331e-08,1.259082e-07,3.641129e-09,2.491294e-09,2.191846e-09,3.215434e-08,6.521996e-09,1.995406e-08,3.905652e-09,1.077857e-08,5.274913e-09
36.914060,4.970877e-08,2.436459e-08,6.008502e-07,1.200253e-07,4.190403e-07,3.410995e-08,2.550534e-07,1.041695e-07,5.479401e-07,7.465217e-08,7.249902e-08,3.831559e-08,5.549980e-08,7.724073e-08,4.290836e-08,1.249955e-07,4.238002e-09,2.030565e-09,2.636907e-09,3.005959e-08,7.653734e-09,2.066700e-08,4.032177e-09,1.254578e-08,6.905190e-09
36.938480,4.959162e-08,2.428934e-08,6.031351e-07,1.214455e-07,4.145316e-07,3.430379e-08,2.520396e-07,1.037941e-07,5.626904e-07,7.664641e-08,7.096503e-08,3.846688e-08,5.287350e-08,7.612522e-08,4.529957e-08,1.193121e-07,4.299353e-09,2.730133e-09,2.800030e-09,2.503839e-08,8.955298e-09,2.080322e-08,4.031864e-09,1.425135e-08,8.561673e-09
36.962890,4.931634e-08,2.447931e-08,6.082942e-07,1.211330e-07,4.158159e-07,3.435224e-08,2.553745e-07,1.037674e-07,5.706708e-07,7.480003e-08,7.246260e-08,3.999914e-08,5.091317e-08,7.190549e-08,4.548326e-08,1.118582e-07,4.167926e-09,3.575058e-09,2.942769e-09,1.820133e-08,1.033180e-08,2.051323e-08,4.283008e-09,1.552721e-08,9.744252e-09
36.987300,4.894093e-08,2.446066e-08,6.083485e-07,1.207658e-07,4.176217e-07,3.436299e-08,2.546843e-07,1.037674e-07,5.563482e-07,7.426106e-08,7.373492e-08,3.950479e-08,5.227347e-08,7.377073e-08,4.618682e-08,1.111953e-07,4.223233e-09,3.917302e-09,3.691776e-09,1.288234e-08,1.161057e-08,1.942191e-08,4.572755e-09,1.630191e-08,1.072290e-08
37.011720,4.896146e-08,2.452620e-08,6.052695e-07,1.224554e-07,4.134825e-07,3.412297e-08,2.523009e-07,1.040414e-07,5.594953e-07,7.574547e-08,7.117175e-08,3.890292e-08,5.188758e-08,7.478862e-08,4.603275e-08,1.099344e-07,4.365928e-09,4.196764e-09,4.495099e-09,1.427627e-08,1.260621e-08,1.932666e-08,4.931649e-09,1.614307e-08,1.143366e-08
37.036130,4.874640e-08,2.456480e-08,6.095832e-07,1.234837e-07,4.141119e-07,3.476680e-08,2.469755e-07,1.053160e-07,5.630119e-07,7.463115e-08,7.168502e-08,3.843563e-08,5.256684e-08,6.993314e-08,4.388581e-08,9.519947e-08,4.242125e-09,5.065020e-09,4.858488e-09,1.490612e-08,1.313538e-08,1.954682e-08,5.250421e-09,1.575388e-08,1.332395e-08
37.060550,4.864099e-08,2.446275e-08,6.094140e-07,1.244427e-07,4.154898e-07,3.467926e-08,2.445614e-07,1.023402e-07,5.684213e-07,7.453696e-08,7.395016e-08,3.749332e-08,5.517424e-08,6.669605e-08,4.511276e-08,7.645410e-08,4.226599e-09,6.166804e-09,4.897215e-09,1.578964e-08,1.296528e-08,2.195672e-08,5.376017e-09,1.486114e-08,1.602956e-08
37.084960,4.852263e-08,2.433117e-08,6.078345e-07,1.250632e-07,4.164799e-07,3.397342e-08,2.475297e-07,1.012195e-07,5.716741e-07,7.477181e-08,7.334981e-08,3.939071e-08,5.330031e-08,6.508332e-08,4.781600e-08,6.741618e-08,4.387781e-09,6.685022e-09,5.013529e-09,1.938288e-08,1.202915e-08,2.388161e-08,5.403164e-09,1.345224e-08,1.941564e-08
37.109380,4.867061e-08,2.414578e-08,6.055087e-07,1.269205e-07,4.145260e-07,3.406399e-08,2.436349e-07,1.045825e-07,5.537859e-07,7.534294e-08,7.327153e-08,4.146952e-08,5.207330e-08,6.203272e-08,4.519684e-08,6.215166e-08,4.323023e-09,7.072668e-09,5.244654e-09,2.556491e-08,1.067520e-08,2.566647e-08,5.210257e-09,1.196978e-08,2.184769e-08
37.133790,4.865428e-08,2.406798e-08,6.015383e-07,1.286938e-07,4.118260e-07,3.416202e-08,2.435616e-07,1.048324e-07,5.538551e-07,7.765928e-08,7.157003e-08,3.996654e-08,5.562846e-08,6.248200e-08,4.211941e-08,5.643446e-08,3.618693e-09,7.630155e-09,5.093774e-09,2.855378e-08,8.905441e-09,2.566179e-08,5.021905e-09,1.095199e-08,2.314946e-08
37.158200,4.839339e-08,2.378809e-08,5.970845e-07,1.281947e-07,4.151367e-07,3.414032e-08,2.483753e-07,1.034271e-07,5.655449e-07,7.679103e-08,7.122017e-08,3.849139e-08,5.715158e-08,6.511341e-08,4.236393e-08,5.920253e-08,3.151792e-09,7.857753e-09,4.557170e-09,2.961748e-08,7.373934e-09,2.407698e-08,4.573728e-09,1.127786e-08,2.317940e-08
37.182620,4.859746e-08,2.359754e-08,5.885879e-07,1.296692e-07,4.114070e-07,3.363117e-08,2.505020e-07,1.039766e-07,5.557438e-07,7.521328e-08,7.474595e-08,4.016616e-08,5.571420e-08,6.121687e-08,4.122016e-08,6.478829e-08,3.228992e-09,7.371909e-09,3.971270e-09,3.052647e-08,5.547852e-09,2.148163e-08,4.102285e-09,1.219034e-08,2.211404e-08
37.207030,4.847460e-08,2.355660e-08,5.871877e-07,1.315733e-07,4.074914e-07,3.329997e-08,2.518981e-07,1.054102e-07,5.512700e-07,7.704382e-08,7.420106e-08,4.090771e-08,5.579585e-08,5.861612e-08,3.992792e-08,6.125682e-08,3.194566e-09,6.825505e-09,3.726238e-09,3.491516e-08,3.738083e-09,1.743461e-08,3.500055e-09,1.278284e-08,2.014760e-08
37.231450,4.830197e-08,2.332301e-08,5.846580e-07,1.320561e-07,4.110720e-07,3.388750e-08,2.527627e-07,1.081493e-07,5.600179e-07,7.763754e-08,7.196268e-08,4.111401e-08,5.577196e-08,6.382476e-08,4.125144e-08,6.719753e-08,2.885250e-09,6.856923e-09,3.439571e-09,3.784250e-08,1.599738e-09,1.372936e-08,2.932678e-09,1.254978e-08,1.776867e-08
37.255860,4.850288e-08,2.323080e-08,5.791663e-07,1.323192e-07,4.141112e-07,3.370039e-08,2.595578e-07,1.078798e-07,5.647417e-07,7.678516e-08,7.325847e-08,4.173881e-08,5.620713e-08,6.715553e-08,4.009795e-08,8.799188e-08,2.918247e-09,7.038985e-09,2.821076e-09,3.892099e-08,2.818371e-10,1.132181e-08,2.305406e-09,1.141456e-08,1.424370e-08
37.280270,4.889617e-08,2.314741e-08,5.784021e-07,1.326403e-07,4.165748e-07,3.316377e-08,2.673302e-07,1.052214e-07,5.749526e-07,7.706308e-08,7.450050e-08,4.060315e-08,5.932765e-08,6.861177e-08,3.718262e-08,1.018101e-07,2.977423e-09,6.468140e-09,2.126850e-09,3.766104e-08,1.583651e-09,1.157554e-08,1.655863e-09,9.804678e-09,1.059221e-08
37.304690,4.945813e-08,2.314396e-08,5.752768e-07,1.341436e-07,4.166785e-07,3.367564e-08,2.659841e-07,1.091219e-07,5.717022e-07,7.662367e-08,7.577102e-08,4.145558e-08,5.985974e-08,7.064991e-08,3.857282e-08,1.045721e-07,2.746751e-09,5.709889e-09,1.889041e-09,3.914446e-08,3.131594e-09,1.465086e-08,1.090132e-09,8.045220e-09,6.148091e-09
37.329100,4.999019e-08,2.298460e-08,5.717756e-07,1.339959e-07,4.221690e-07,3.394250e-08,2.695712e-07,1.120441e-07,5.664258e-07,7.799332e-08,7.552923e-08,4.444464e-08,5.549614e-08,6.988833e-08,4.147306e-08,1.088292e-07,2.778394e-09,5.107430e-09,1.760472e-09,4.208655e-08,4.491334e-09,1.751781e-08,1.237276e-09,5.735286e-09,2.389534e-09
37.353520,5.092823e-08,2.277712e-08,5.642367e-07,1.334503e-07,4.285512e-07,3.411722e-08,2.775113e-07,1.111949e-07,5.867959e-07,7.903569e-08,7.315591e-08,4.363908e-08,5.420748e-08,7.015538e-08,4.013063e-08,1.176983e-07,3.330384e-09,4.505873e-09,1.491531e-09,4.170031e-08,6.138907e-09,1.962048e-08,1.915378e-09,3.342527e-09,6.626855e-10
37.377930,5.156707e-08,2.272661e-08,5.606686e-07,1.348038e-07,4.275005e-07,3.406732e-08,2.790365e-07,1.118610e-07,5.827568e-07,7.656984e-08,7.381156e-08,4.149222e-08,5.700463e-08,7.494553e-08,3.949144e-08,1.206211e-07,3.707778e-09,3.427936e-09,1.665906e-09,3.792474e-08,7.205708e-09,2.077501e-08,2.791086e-09,2.911628e-09,1.851549e-09
37.402340,5.221107e-08,2.244063e-08,5.553454e-07,1.338537e-07,4.331660e-07,3.403330e-08,2.792344e-07,1.121294e-07,5.663228e-07,7.724280e-08,7.630419e-08,4.220135e-08,5.679380e-08,7.831843e-08,4.086596e-08,1.231483e-07,3.621132e-09,2.957825e-09,2.271767e-09,3.313518e-08,7.978681e-09,2.074191e-08,3.602163e-09,5.517945e-09,1.988758e-09
37.426760,5.299893e-08,2.231616e-08,5.419074e-07,1.323216e-07,4.382159e-07,3.441693e-08,2.779590e-07,1.131152e-07,5.703657e-07,7.841746e-08,7.409160e-08,4.239967e-08,5.568430e-08,7.482797e-08,4.078868e-08,1.312732e-07,3.527628e-09,3.297467e-09,2.727940e-09,3.145333e-08,8.096528e-09,2.052399e-08,4.221066e-09,8.785376e-09,1.431455e-09
37.451170,5.336744e-08,2.220650e-08,5.337336e-07,1.310722e-07,4.391253e-07,3.391733e-08,2.810715e-07,1.128393e-07,5.728232e-07,7.685134e-08,7.280667e-08,4.286306e-08,5.642088e-08,7.399147e-08,4.270870e-08,1.340704e-07,3.655132e-09,3.199867e-09,2.915733e-09,2.834222e-08,7.982173e-09,1.968358e-08,4.634281e-09,1.085726e-08,2.771343e-09
37.475590,5.350821e-08,2.213504e-08,5.256018e-07,1.304691e-07,4.393047e-07,3.340117e-08,2.853068e-07,1.094879e-07,5.778600e-07,7.665052e-08,7.457892e-08,4.367140e-08,5.475692e-08,7.803541e-08,4.617641e-08,1.207100e-07,3.788931e-09,2.632733e-09,3.394516e-09,2.119743e-08,7.913523e-09,1.888287e-08,4.894816e-09,1.225733e-08,5.626687e-09
37.500000,5.333552e-08,2.207903e-08,5.205560e-07,1.291319e-07,4.413020e-07,3.386409e-08,2.811008e-07,1.097507e-07,5.755129e-07,7.675390e-08,7.505977e-08,4.134863e-08,5.411625e-08,7.680793e-08,4.603968e-08,1.068946e-07,3.760437e-09,3.058168e-09,4.212034e-09,1.294481e-08,7.831640e-09,1.972303e-08,4.802636e-09,1.316350e-08,8.600558e-09
37.524410,5.345035e-08,2.214685e-08,5.169104e-07,1.259413e-07,4.481844e-07,3.406082e-08,2.813700e-07,1.121819e-07,5.600337e-07,7.768561e-08,7.553477e-08,3.996728e-08,5.822194e-08,7.580463e-08,4.330873e-08,1.060976e-07,4.064283e-09,3.872782e-09,4.914118e-09,1.189139e-08,8.055160e-09,2.181420e-08,4.498440e-09,1.409826e-08,1.237645e-08
37.548830,5.319273e-08,2.247143e-08,5.185715e-07,1.257125e-07,4.455447e-07,3.389124e-08,2.848191e-07,1.106886e-07,5.641263e-07,7.965821e-08,7.350988e-08,4.231001e-08,5.766720e-08,7.648539e-08,4.361395e-08,1.006869e-07,4.300447e-09,4.348341e-09,5.262144e-09,1.458587e-08,8.173553e-09,2.455741e-08,3.974695e-09,1.494643e-08,1.617142e-08
37.573240,5.275374e-08,2.261011e-08,5.243117e-07,1.246792e-07,4.463971e-07,3.361848e-08,2.807585e-07,1.092857e-07,5.707119e-07,7.844951e-08,7.124039e-08,4.263897e-08,5.431695e-08,7.198288e-08,4.524254e-08,9.136069e-08,4.122626e-09,4.886277e-09,5.533542e-09,1.750092e-08,9.012875e-09,2.664009e-08,3.648972e-09,1.594005e-08,1.968264e-08
37.597660,5.283210e-08,2.290401e-08,5.273266e-07,1.221603e-07,4.527445e-07,3.358856e-08,2.785079e-07,1.094369e-07,5.586944e-07,7.715246e-08,7.409613e-08,4.132566e-08,5.586794e-08,6.921597e-08,4.407270e-08,8.591291e-08,3.615047e-09,5.584893e-09,5.925813e-09,2.253395e-08,9.749327e-09,2.767746e-08,3.451564e-09,1.650484e-08,2.214477e-08
37.622070,5.251689e-08,2.321689e-08,5.376886e-07,1.207079e-07,4.511263e-07,3.415344e-08,2.761950e-07,1.098055e-07,5.584233e-07,7.857790e-08,7.503028e-08,4.127965e-08,5.694059e-08,7.395919e-08,4.289876e-08,7.797875e-08,3.433133e-09,6.002301e-09,6.247090e-09,3.076286e-08,1.046976e-08,2.762960e-08,3.624438e-09,1.754994e-08,2.324818e-08
37.646480,5.222044e-08,2.335745e-08,5.471672e-07,1.200094e-07,4.480294e-07,3.371472e-08,2.792981e-07,1.118975e-07,5.655706e-07,7.837002e-08,7.255808e-08,4.030864e-08,5.629940e-08,7.440758e-08,4.208521e-08,5.937019e-08,3.528912e-09,5.788148e-09,6.151952e-09,3.626213e-08,1.021387e-08,2.608315e-08,3.872832e-09,1.846282e-08,2.261115e-08
37.670900,5.189777e-08,2.345647e-08,5.531594e-07,1.203539e-07,4.442871e-07,3.370873e-08,2.824659e-07,1.094537e-07,5.675293e-07,7.756294e-08,7.205511e-08,3.971240e-08,5.741173e-08,7.026248e-08,3.823175e-08,5.285685e-08,3.346099e-09,5.810944e-09,5.546928e-09,3.887280e-08,9.229041e-09,2.442190e-08,4.175958e-09,1.957852e-08,2.118762e-08
37.695310,5.183459e-08,2.347342e-08,5.588815e-07,1.200124e-07,4.437777e-07,3.440575e-08,2.769292e-07,1.075993e-07,5.765332e-07,7.766598e-08,7.317663e-08,4.095691e-08,5.610903e-08,7.072063e-08,3.579638e-08,6.320543e-08,3.094026e-09,6.248265e-09,5.181782e-09,3.962734e-08,7.771065e-09,2.101092e-08,4.383769e-09,1.965950e-08,1.856371e-08
37.719730,5.172759e-08,2.360311e-08,5.612761e-07,1.214262e-07,4.404386e-07,3.457092e-08,2.793263e-07,1.112349e-07,5.680323e-07,7.667818e-08,7.411121e-08,3.966490e-08,5.350612e-08,7.154334e-08,3.799410e-08,7.019054e-08,3.145963e-09,6.748845e-09,5.046753e-09,4.172285e-08,5.769191e-09,1.716746e-08,4.332758e-09,1.857952e-08,1.578467e-08
37.744140,5.138892e-08,2.351485e-08,5.620892e-07,1.236783e-07,4.321911e-07,3.463818e-08,2.839330e-07,1.121509e-07,5.667687e-07,7.788874e-08,7.478797e-08,3.737770e-08,5.692032e-08,7.207915e-08,3.627229e-08,7.117627e-08,3.134437e-09,6.589473e-09,4.739869e-09,4.380501e-08,3.725209e-09,1.223643e-08,4.120553e-09,1.601060e-08,1.220724e-08
37.768550,5.146087e-08,2.345011e-08,5.554914e-07,1.233559e-07,4.305798e-07,3.439776e-08,2.830287e-07,1.112562e-07,5.840776e-07,7.802961e-08,7.265665e-08,3.848173e-08,6.063507e-08,7.794958e-08,3.300098e-08,7.827114e-08,2.767786e-09,6.293321e-09,3.943911e-09,4.400945e-08,2.583293e-09,7.500659e-09,3.538188e-09,1.270488e-08,8.113881e-09
37.792970,5.114769e-08,2.343993e-08,5.527976e-07,1.242004e-07,4.235781e-07,3.453638e-08,2.817463e-07,1.123197e-07,5.758766e-07,7.555880e-08,7.149186e-08,3.982260e-08,5.930033e-08,7.894638e-08,3.468463e-08,9.051987e-08,2.829148e-09,6.146001e-09,3.237106e-09,4.098795e-08,3.387539e-09,2.948191e-09,2.846618e-09,9.081975e-09,4.079292e-09
37.817380,5.082004e-08,2.318009e-08,5.529207e-07,1.254934e-07,4.119082e-07,3.452773e-08,2.805877e-07,1.123229e-07,5.593399e-07,7.620899e-08,7.385290e-08,3.934311e-08,5.940136e-08,7.548173e-08,3.627777e-08,9.712209e-08,3.400069e-09,5.797687e-09,2.766666e-09,3.917414e-08,5.303825e-09,1.311412e-09,2.265652e-09,6.026902e-09,3.590849e-09
37.841800,5.080152e-08,2.303959e-08,5.490359e-07,1.257557e-07,4.051477e-07,3.350916e-08,2.861020e-07,1.138136e-07,5.612629e-07,7.715090e-08,7.302349e-08,3.902160e-08,6.042683e-08,7.777271e-08,3.700973e-08,1.086025e-07,3.680572e-09,4.930667e-09,2.265931e-09,3.909863e-08,7.078193e-09,5.337659e-09,2.137095e-09,4.078032e-09,6.828259e-09
37.866210,5.082285e-08,2.294688e-08,5.492988e-07,1.247334e-07,4.010890e-07,3.333985e-08,2.874482e-07,1.130895e-07,5.592321e-07,7.535016e-08,7.050601e-08,3.809438e-08,5.941950e-08,8.113033e-08,4.020174e-08,1.233338e-07,3.520716e-09,4.541046e-09,1.461735e-09,3.961164e-08,8.161729e-09,1.032726e-08,2.676858e-09,3.900754e-09,9.056338e-09
37.890620,5.080288e-08,2.290124e-08,5.487056e-07,1.229989e-07,3.997122e-07,3.368163e-08,2.828506e-07,1.097727e-07,5.642809e-07,7.517304e-08,7.113967e-08,3.794021e-08,6.175565e-08,8.065583e-08,4.137816e-08,1.269433e-07,3.549757e-09,4.647264e-09,9.921824e-10,3.667759e-08,8.709098e-09,1.422915e-08,3.488717e-09,5.244688e-09,9.652418e-09
37.915040,5.053085e-08,2.273355e-08,5.490708e-07,1.229990e-07,3.943563e-07,3.332320e-08,2.877469e-07,1.130787e-07,5.591059e-07,7.466546e-08,7.188605e-08,4.074937e-08,6.388087e-08,8.098551e-08,3.995162e-08,1.175738e-07,3.705734e-09,4.497637e-09,1.436196e-09,3.308352e-08,8.885984e-09,1.830777e-08,4.276684e-09,6.661048e-09,8.760486e-09
37.939450,5.077939e-08,2.254070e-08,5.477882e-07,1.211550e-07,3.960555e-07,3.303235e-08,2.905847e-07,1.149060e-07,5.383106e-07,7.546987e-08,7.248608e-08,4.163327e-08,6.112654e-08,8.199547e-08,4.238002e-08,1.170821e-07,3.715961e-09,3.731684e-09,1.839337e-09,3.071039e-08,8.869411e-09,2.122080e-08,4.836216e-09,7.068670e-09,6.317100e-09
37.963870,5.079996e-08,2.255644e-08,5.470285e-07,1.187432e-07,4.031611e-07,3.281046e-08,2.870798e-07,1.131923e-07,5.450965e-07,7.774850e-08,7.202390e-08,3.902970e-08,5.960409e-08,7.934051e-08,4.682139e-08,1.251344e-07,3.640474e-09,3.287902e-09,2.092653e-09,2.946186e-08,9.098933e-09,2.357269e-08,5.122283e-09,6.149113e-09,3.226632e-09
37.988280,5.063290e-08,2.233831e-08,5.481238e-07,1.191269e-07,4.026038e-07,3.317582e-08,2.866539e-07,1.127700e-07,5.428053e-07,7.569271e-08,6.907010e-08,3.933065e-08,6.192778e-08,8.208767e-08,4.706416e-08,1.234665e-07,3.960443e-09,3.488389e-09,2.648896e-09,2.646861e-08,8.927646e-09,2.502770e-08,5.034430e-09,4.267475e-09,1.440499e-09
38.012700,5.101241e-08,2.219865e-08,5.409961e-07,1.193857e-07,4.057909e-07,3.349880e-08,2.883362e-07,1.122082e-07,5.278466e-07,7.474456e-08,6.952790e-08,4.115671e-08,6.212961e-08,8.739962e-08,4.682515e-08,1.175312e-07,4.172751e-09,3.521331e-09,3.629827e-09,1.984744e-08,9.072056e-09,2.555351e-08,4.782882e-09,3.581632e-09,5.927116e-09
38.037110,5.128794e-08,2.216549e-08,5.367072e-07,1.198975e-07,4.114995e-07,3.315662e-08,2.938562e-07,1.142114e-07,5.292765e-07,7.586762e-08,7.213134e-08,4.144479e-08,5.994011e-08,8.444494e-08,4.765624e-08,1.129391e-07,3.812962e-09,3.606036e-09,4.311924e-09,1.428508e-08,9.240307e-09,2.503119e-08,4.314509e-09,6.527819e-09,1.112513e-08
38.061520,5.165131e-08,2.208104e-08,5.338867e-07,1.203640e-07,4.164975e-07,3.373502e-08,2.937802e-07,1.152263e-07,5.304451e-07,7.513956e-08,7.053565e-08,4.226042e-08,5.915042e-08,7.978869e-08,4.611244e-08,1.027839e-07,3.358570e-09,4.200938e-09,4.676729e-09,1.200238e-08,9.980866e-09,2.322023e-08,4.007301e-09,1.063474e-08,1.653244e-08
38.085940,5.190225e-08,2.194742e-08,5.294240e-07,1.219308e-07,4.177725e-07,3.419303e-08,2.884488e-07,1.113203e-07,5.368750e-07,7.483436e-08,6.985772e-08,4.189703e-08,5.724869e-08,8.122310e-08,4.560159e-08,8.439910e-08,3.329035e-09,4.776064e-09,5.219694e-09,1.086280e-08,1.014877e-08,2.022820e-08,3.854160e-09,1.422460e-08,2.113658e-08
38.110350,5.253716e-08,2.175267e-08,5.264431e-07,1.234521e-07,4.150319e-07,3.390407e-08,2.934720e-07,1.114842e-07,5.408033e-07,7.406691e-08,7.035289e-08,4.043740e-08,5.435165e-08,8.202238e-08,4.682281e-08,7.396882e-08,3.318288e-09,4.560703e-09,5.953373e-09,1.109215e-08,1.008809e-08,1.753674e-08,3.908394e-09,1.726158e-08,2.423148e-08
38.134770,5.284350e-08,2.172581e-08,5.254595e-07,1.227077e-07,4.173661e-07,3.383889e-08,2.957320e-07,1.144991e-07,5.271893e-07,7.324994e-08,7.056967e-08,4.165673e-08,5.569767e-08,8.133284e-08,4.571550e-08,7.638938e-08,3.043613e-09,4.457357e-09,6.363284e-09,1.678243e-08,9.381125e-09,1.578042e-08,4.104145e-09,1.968379e-08,2.579436e-08
38.159180,5.294407e-08,2.148891e-08,5.300189e-07,1.240890e-07,4.117287e-07,3.369841e-08,2.930317e-07,1.140028e-07,5.341313e-07,7.469844e-08,7.259365e-08,4.277538e-08,5.550522e-08,8.206152e-08,4.155516e-08,7.343312e-08,2.875129e-09,4.938521e-09,6.197696e-09,2.595425e-08,8.234873e-09,1.579000e-08,4.239868e-09,2.154133e-08,2.503313e-08
38.183590,5.329026e-08,2.142362e-08,5.285010e-07,1.250055e-07,4.045713e-07,3.378351e-08,2.940467e-07,1.138678e-07,5.494239e-07,7.363906e-08,7.120059e-08,4.048796e-08,5.016274e-08,8.051874e-08,3.986263e-08,6.083808e-08,2.796549e-09,5.472337e-09,5.913240e-09,3.284723e-08,7.457755e-09,1.620609e-08,4.376863e-09,2.225808e-08,2.330789e-08
38.208010,5.299448e-08,2.146262e-08,5.294115e-07,1.240905e-07,4.052681e-07,3.345785e-08,2.958934e-07,1.135485e-07,5.380091e-07,7.115127e-08,6.893925e-08,3.804437e-08,4.744108e-08,7.413182e-08,3.914979e-08,5.589764e-08,2.517044e-09,5.424514e-09,5.893428e-09,3.645275e-08,6.199565e-09,1.659435e-08,4.216517e-09,2.180939e-08,2.028036e-08
38.232420,5.244934e-08,2.139951e-08,5.315240e-07,1.228433e-07,4.048279e-07,3.265370e-08,3.006903e-07,1.140157e-07,5.301683e-07,7.211282e-08,7.105131e-08,3.823934e-08,4.835903e-08,7.524498e-08,3.632875e-08,5.973826e-08,2.015667e-09,5.317866e-09,5.811862e-09,4.042678e-08,5.191358e-09,1.667458e-08,3.984928e-09,1.958694e-08,1.678322e-08
38.256840,5.178535e-08,2.142112e-08,5.300179e-07,1.220760e-07,4.033753e-07,3.302578e-08,3.007396e-07,1.157879e-07,5.308967e-07,7.215538e-08,7.167886e-08,3.825712e-08,4.803123e-08,7.992698e-08,3.485069e-08,6.359265e-08,2.007771e-09,5.293007e-09,5.355956e-09,4.592422e-08,3.993963e-09,1.581144e-08,3.387072e-09,1.616908e-08,1.285888e-08
38.281250,5.125866e-08,2.151077e-08,5.293422e-07,1.224840e-07,4.000055e-07,3.319091e-08,2.979147e-07,1.123450e-07,5.337796e-07,7.088044e-08,6.956919e-08,3.822259e-08,4.954874e-08,7.621869e-08,3.387130e-08,7.690320e-08,2.404075e-09,5.039772e-09,4.670834e-09,4.976137e-08,3.300758e-09,1.361125e-08,2.711346e-09,1.175673e-08,8.406423e-09
38.305660,5.072508e-08,2.178169e-08,5.260678e-07,1.209609e-07,4.053084e-07,3.265606e-08,3.041561e-07,1.105419e-07,5.443167e-07,7.037952e-08,6.882721e-08,3.789601e-08,5.102546e-08,7.371422e-08,3.131726e-08,9.103484e-08,2.611329e-09,4.270231e-09,4.073376e-09,5.011748e-08,3.222229e-09,9.766509e-09,2.003431e-09,7.221241e-09,4.828108e-09
38.330080,4.995925e-08,2.195216e-08,5.221866e-07,1.208357e-07,4.097085e-07,3.259158e-08,3.049428e-07,1.147696e-07,5.330166e-07,6.943265e-08,6.880573e-08,3.524449e-08,4.906023e-08,7.466734e-08,3.152197e-08,9.612998e-08,2.635144e-09,3.977471e-09,3.649944e-09,4.773813e-08,3.420113e-09,5.963152e-09,1.358416e-09,3.557358e-09,5.380782e-09
38.354490,4.992097e-08,2.209575e-08,5.146425e-07,1.222738e-07,4.085572e-07,3.257247e-08,3.000550e-07,1.155459e-07,5.217441e-07,7.129817e-08,7.021747e-08,3.524484e-08,5.125921e-08,7.324853e-08,3.553065e-08,9.533501e-08,2.964603e-09,4.183930e-09,2.885219e-09,4.647903e-08,3.649673e-09,4.527009e-09,9.296580e-10,3.244084e-09,8.539889e-09
38.378910,4.981969e-08,2.237432e-08,5.059832e-07,1.220516e-07,4.147724e-07,3.314336e-08,3.013094e-07,1.141633e-07,5.341305e-07,7.298289e-08,7.152130e-08,3.786930e-08,5.624280e-08,7.409337e-08,3.723593e-08,1.074863e-07,3.306155e-09,4.119733e-09,1.872514e-09,4.626387e-08,4.479003e-09,8.210566e-09,8.736598e-10,5.877981e-09,1.080383e-08
38.403320,4.981805e-08,2.237404e-08,5.036981e-07,1.222202e-07,4.201749e-07,3.319182e-08,3.033876e-07,1.141894e-07,5.291064e-07,7.104577e-08,6.830039e-08,3.761264e-08,5.687892e-08,7.569072e-08,3.644521e-08,1.243348e-07,3.358357e-09,3.566696e-09,9.498621e-10,4.376066e-08,5.956234e-09,1.252503e-08,1.385533e-09,8.071593e-09,1.163942e-08
38.427730,5.033318e-08,2.234859e-08,4.963352e-07,1.227221e-07,4.213081e-07,3.317325e-08,3.079845e-07,1.143113e-07,5.143175e-07,7.106724e-08,6.666683e-08,3.622865e-08,5.605519e-08,7.159660e-08,3.819647e-08,1.291512e-07,3.590669e-09,3.189882e-09,9.903048e-10,3.917439e-08,7.803558e-09,1.614055e-08,2.025938e-09,9.232941e-09,1.097538e-08
38.452150,5.092715e-08,2.224906e-08,4.903093e-07,1.231884e-07,4.222665e-07,3.398853e-08,3.034919e-07,1.173630e-07,5.175532e-07,7.260738e-08,6.911879e-08,3.706946e-08,5.772571e-08,6.894188e-08,4.031481e-08,1.286477e-07,4.093900e-09,3.148792e-09,1.129262e-09,3.248735e-08,9.233970e-09,1.847825e-08,2.663791e-09,8.613932e-09,9.155881e-09
38.476560,5.142744e-08,2.210404e-08,4.857551e-07,1.233450e-07,4.218206e-07,3.405065e-08,2.992718e-07,1.171349e-07,5.193886e-07,7.179362e-08,6.875744e-08,3.716355e-08,5.925305e-08,7.443781e-08,4.110036e-08,1.330783e-07,4.205153e-09,2.986287e-09,1.520754e-09,2.867120e-08,1.030691e-08,2.027869e-08,3.269389e-09,6.324747e-09,6.572449e-09
38.500980,5.155439e-08,2.179451e-08,4.814993e-07,1.223887e-07,4.246958e-07,3.373688e-08,3.043259e-07,1.141925e-07,5.269950e-07,7.169986e-08,6.757067e-08,3.796446e-08,5.970266e-08,7.899856e-08,4.439565e-08,1.295807e-07,3.854862e-09,2.943589e-09,2.279356e-09,2.496516e-08,1.113483e-08,2.028330e-08,3.889192e-09,2.660474e-09,3.365260e-09
38.525390,5.187961e-08,2.142953e-08,4.762803e-07,1.232648e-07,4.216588e-07,3.364200e-08,3.029361e-07,1.169304e-07,5.255937e-07,7.115286e-08,6.709827e-08,3.994442e-08,6.142936e-08,7.783208e-08,4.579398e-08,1.173249e-07,3.670946e-09,3.353513e-09,3.037548e-09,2.033040e-08,1.173890e-08,1.986939e-08,4.489974e-09,2.766300e-09,1.323167e-09
38.549800,5.159890e-08,2.123661e-08,4.707711e-07,1.224629e-07,4.205475e-07,3.345925e-08,2.999530e-07,1.188033e-07,5.093848e-07,7.096270e-08,6.679387e-08,3.876478e-08,6.043102e-08,7.929170e-08,4.313120e-08,1.193416e-07,3.686729e-09,3.916968e-09,3.507285e-09,1.332101e-08,1.192771e-08,1.844796e-08,4.937466e-09,7.745592e-09,5.572886e-09
38.574220,5.095338e-08,2.087814e-08,4.720734e-07,1.201211e-07,4.253882e-07,3.327072e-08,3.019216e-07,1.173858e-07,5.198886e-07,7.260952e-08,6.881153e-08,3.793347e-08,5.608635e-08,8.065898e-08,4.259492e-08,1.267755e-07,3.641629e-09,3.851390e-09,3.984428e-09,1.074967e-08,1.121130e-08,1.797814e-08,5.276894e-09,1.282017e-08,1.056848e-08
38.598630,5.079282e-08,2.067332e-08,4.713734e-07,1.189414e-07,4.235282e-07,3.243926e-08,3.054484e-07,1.175785e-07,5.287874e-07,7.091620e-08,6.916420e-08,4.020985e-08,5.710474e-08,8.153557e-08,4.440598e-08,1.194524e-07,3.386738e-09,3.739664e-09,4.720263e-09,1.323308e-08,1.009375e-08,1.847389e-08,5.312024e-09,1.722744e-08,1.468224e-08
38.623050,5.051356e-08,2.073430e-08,4.722426e-07,1.180891e-07,4.221438e-07,3.179772e-08,3.098729e-07,1.167085e-07,5.143686e-07,6.881062e-08,6.644741e-08,4.049347e-08,5.932290e-08,8.781276e-08,4.365930e-08,1.024157e-07,3.239819e-09,4.287434e-09,5.412198e-09,1.466643e-08,9.184470e-09,1.955037e-08,5.190128e-09,2.085961e-08,1.757334e-08
38.647460,5.022456e-08,2.083217e-08,4.768323e-07,1.174588e-07,4.230010e-07,3.202015e-08,3.083318e-07,1.181414e-07,5.096807e-07,6.989230e-08,6.757418e-08,3.929034e-08,5.624024e-08,9.153970e-08,4.122239e-08,9.335964e-08,3.152893e-09,4.911912e-09,5.776411e-09,1.690000e-08,8.434887e-09,2.002482e-08,4.758312e-09,2.354814e-08,1.903116e-08
38.671880,4.987919e-08,2.093580e-08,4.784549e-07,1.157550e-07,4.290280e-07,3.131860e-08,3.083009e-07,1.184817e-07,5.061729e-07,6.939408e-08,6.912130e-08,3.815157e-08,5.356605e-08,8.744323e-08,3.988687e-08,8.489435e-08,2.758343e-09,4.918112e-09,5.710811e-09,2.499146e-08,8.134505e-09,1.936591e-08,4.339312e-09,2.510093e-08,1.883843e-08
38.696290,4.996305e-08,2.096437e-08,4.811215e-07,1.150929e-07,4.328757e-07,3.051090e-08,3.158166e-07,1.136973e-07,5.103162e-07,6.860321e-08,6.759067e-08,3.637141e-08,5.208837e-08,8.610043e-08,3.779109e-08,7.561378e-08,2.149527e-09,5.035200e-09,5.684018e-09,3.208574e-08,7.678344e-09,1.850987e-08,3.767201e-09,2.496510e-08,1.762327e-08
38.720700,4.985256e-08,2.108412e-08,4.826108e-07,1.146627e-07,4.309080e-07,3.022523e-08,3.119326e-07,1.140156e-07,5.179496e-07,6.760372e-08,6.655109e-08,3.600616e-08,4.870591e-08,8.995386e-08,3.539377e-08,7.457266e-08,2.060868e-09,5.206794e-09,5.918354e-09,3.680095e-08,7.127954e-09,1.660379e-08,3.179831e-09,2.330922e-08,1.601529e-08
38.745120,4.949676e-08,2.098823e-08,4.880563e-07,1.120857e-07,4.353954e-07,2.998210e-08,3.074965e-07,1.167030e-07,5.020952e-07,6.613304e-08,6.514785e-08,3.706131e-08,4.829790e-08,8.848560e-08,3.529234e-08,7.606202e-08,2.256814e-09,5.099577e-09,5.939167e-09,3.940164e-08,6.352303e-09,1.437540e-08,2.749420e-09,1.983695e-08,1.354599e-08
38.769530,4.964715e-08,2.082207e-08,4.895789e-07,1.104337e-07,4.356118e-07,3.014893e-08,3.088370e-07,1.161488e-07,4.997562e-07,6.801128e-08,6.540606e-08,3.564259e-08,4.995389e-08,8.643248e-08,3.497167e-08,6.897521e-08,2.180511e-09,4.579495e-09,5.618505e-09,4.481021e-08,5.419076e-09,1.108823e-08,2.515099e-09,1.554868e-08,1.123359e-08
38.793950,4.947523e-08,2.075551e-08,4.872261e-07,1.089529e-07,4.304128e-07,2.989125e-08,3.085052e-07,1.151160e-07,5.098456e-07,6.850968e-08,6.801636e-08,3.301466e-08,4.757060e-08,8.701007e-08,3.082643e-08,6.005592e-08,2.137139e-09,4.216715e-09,5.134976e-09,4.983064e-08,4.115806e-09,7.734174e-09,2.644644e-09,1.050212e-08,8.263254e-09
38.818360,4.907218e-08,2.051843e-08,4.887578e-07,1.068023e-07,4.281064e-07,3.014526e-08,3.075641e-07,1.137384e-07,5.013607e-07,6.652545e-08,6.613927e-08,3.347152e-08,4.601482e-08,8.235525e-08,2.922557e-08,6.976740e-08,2.455692e-09,4.310715e-09,4.995441e-09,5.217345e-08,2.271982e-09,5.701507e-09,2.625629e-09,5.490630e-09,5.705640e-09
38.842770,4.872102e-08,2.026914e-08,4.864616e-07,1.046300e-07,4.250219e-07,3.072148e-08,2.991692e-07,1.144401e-07,4.945886e-07,6.667788e-08,6.357963e-08,3.446730e-08,4.920905e-08,7.877593e-08,3.184830e-08,7.922155e-08,2.671484e-09,4.333577e-09,4.748911e-09,5.154326e-08,5.248351e-10,5.799836e-09,2.495838e-09,1.066188e-09,4.058760e-09
38.867190,4.844382e-08,2.003762e-08,4.837954e-07,1.024713e-07,4.231649e-07,3.042179e-08,2.956921e-07,1.166767e-07,4.950681e-07,6.692384e-08,6.481949e-08,3.427568e-08,5.032797e-08,8.216886e-08,3.252909e-08,8.175961e-08,2.696187e-09,3.868564e-09,4.118269e-09,4.989892e-08,2.668368e-09,7.069921e-09,2.028058e-09,3.213784e-09,3.883846e-09
38.891600,4.819276e-08,1.991942e-08,4.828935e-07,1.018622e-07,4.173680e-07,3.044777e-08,2.989305e-07,1.137747e-07,4.990510e-07,6.622122e-08,6.501657e-08,3.504187e-08,5.068603e-08,8.033005e-08,3.441233e-08,8.563226e-08,3.029697e-09,3.353519e-09,3.211922e-09,5.004398e-08,4.612772e-09,8.404641e-09,1.502884e-09,6.871034e-09,3.633506e-09
38.916020,4.773486e-08,1.979342e-08,4.834443e-07,1.000489e-07,4.151025e-07,3.083638e-08,2.952756e-07,1.112333e-07,5.097475e-07,6.577807e-08,6.449542e-08,3.446596e-08,5.257192e-08,7.343946e-08,3.709748e-08,9.169017e-08,3.511188e-09,3.228590e-09,2.530287e-09,4.983092e-08,6.418523e-09,1.021374e-08,7.467556e-10,9.539571e-09,2.787548e-09
38.940430,4.813468e-08,1.958558e-08,4.854544e-07,9.854425e-08,4.157721e-07,3.100410e-08,2.944597e-07,1.141304e-07,5.020435e-07,6.456909e-08,6.392757e-08,3.401567e-08,5.128938e-08,7.095843e-08,3.696551e-08,9.047403e-08,3.678476e-09,2.996124e-09,2.036717e-09,4.720065e-08,7.620733e-09,1.183052e-08,5.892341e-10,1.118983e-08,3.134753e-09
38.964840,4.855139e-08,1.966936e-08,4.837651e-07,9.928132e-08,4.083526e-07,3.114491e-08,2.985189e-07,1.133095e-07,4.857843e-07,6.491508e-08,6.265210e-08,3.659577e-08,5.117455e-08,6.996719e-08,3.795890e-08,9.047273e-08,3.449440e-09,2.659296e-09,1.444478e-09,4.223384e-08,8.599082e-09,1.424884e-08,1.466105e-09,1.096112e-08,4.743762e-09
38.989260,4.868626e-08,1.957396e-08,4.877091e-07,9.939575e-08,4.033910e-07,3.089674e-08,3.004065e-07,1.112945e-07,4.971790e-07,6.651276e-08,6.449287e-08,3.763986e-08,5.438021e-08,6.863717e-08,4.249071e-08,1.021240e-07,3.502823e-09,2.865622e-09,5.585256e-10,3.775173e-08,9.236067e-09,1.589035e-08,2.463279e-09,9.367204e-09,7.066120e-09
39.013670,4.935725e-08,1.935585e-08,4.892806e-07,9.920519e-08,4.021353e-07,3.119564e-08,3.018832e-07,1.102203e-07,4.978828e-07,6.436769e-08,6.558572e-08,3.602035e-08,5.470451e-08,7.228792e-08,4.453913e-08,1.083888e-07,3.707847e-09,3.287937e-09,4.853096e-10,3.481965e-08,9.335985e-09,1.810084e-08,3.378176e-09,6.740232e-09,8.271514e-09
39.038090,5.016380e-08,1.918126e-08,4.866525e-07,9.881305e-08,3.982052e-07,3.160497e-08,2.983426e-07,1.092168e-07,4.825051e-07,6.278474e-08,6.352141e-08,3.638538e-08,5.153274e-08,7.215191e-08,4.339892e-08,1.030152e-07,3.586394e-09,3.183123e-09,1.121208e-09,3.218971e-08,9.562119e-09,2.006575e-08,4.032938e-09,4.836788e-09,9.016954e-09
39.062500,5.096372e-08,1.901119e-08,4.875834e-07,9.872847e-08,3.932841e-07,3.106265e-08,2.988294e-07,1.108905e-07,4.764545e-07,6.378173e-08,6.292970e-08,3.813994e-08,4.983641e-08,6.761677e-08,4.389100e-08,9.265327e-08,3.373238e-09,2.924092e-09,1.524255e-09,2.605185e-08,9.273520e-09,2.226032e-08,4.446137e-09,6.388491e-09,9.387687e-09
39.086910,5.133694e-08,1.875182e-08,4.858662e-07,9.894124e-08,3.846022e-07,3.098459e-08,3.020516e-07,1.084665e-07,4.692398e-07,6.321678e-08,6.439868e-08,3.848317e-08,5.000755e-08,7.044290e-08,4.468824e-08,9.191427e-08,3.433633e-09,3.140445e-09,2.194428e-09,2.003975e-08,9.361095e-09,2.374589e-08,4.445747e-09,9.408723e-09,1.011228e-08
39.111330,5.204494e-08,1.837973e-08,4.808343e-07,9.771240e-08,3.820758e-07,3.118512e-08,2.946106e-07,1.042192e-07,4.741894e-07,6.276345e-08,6.414715e-08,3.891177e-08,4.855483e-08,7.686402e-08,4.286590e-08,9.005472e-08,3.326679e-09,3.633734e-09,3.060310e-09,1.468650e-08,9.573900e-09,2.420695e-08,4.284695e-09,1.303198e-08,1.109485e-08
39.135740,5.225622e-08,1.825699e-08,4.699924e-07,9.829565e-08,3.771077e-07,3.111894e-08,2.892895e-07,1.059115e-07,4.743592e-07,6.141991e-08,6.333535e-08,3.787388e-08,4.848465e-08,7.800619e-08,4.300730e-08,8.642072e-08,2.815550e-09,3.670291e-09,3.653913e-09,1.184479e-08,9.981602e-09,2.391978e-08,3.833578e-09,1.597690e-08,1.171815e-08
39.160160,5.201795e-08,1.801382e-08,4.640507e-07,9.858998e-08,3.700734e-07,3.107808e-08,2.886465e-07,1.076657e-07,4.590037e-07,6.046885e-08,6.170885e-08,3.528170e-08,4.838066e-08,7.749775e-08,4.273674e-08,8.905532e-08,2.278393e-09,3.765788e-09,3.917300e-09,6.253748e-09,9.864075e-09,2.223837e-08,3.347463e-09,1.876122e-08,1.208387e-08
39.184570,5.221360e-08,1.787984e-08,4.582185e-07,9.796953e-08,3.706557e-07,3.075861e-08,2.847467e-07,1.069850e-07,4.607503e-07,6.201213e-08,6.041111e-08,3.543879e-08,4.390407e-08,7.971070e-08,3.910433e-08,8.956861e-08,2.102989e-09,4.154385e-09,4.077842e-09,1.715676e-09,9.231748e-09,2.059618e-08,2.915030e-09,2.034494e-08,1.244001e-08
39.208980,5.212914e-08,1.800652e-08,4.492341e-07,9.787522e-08,3.695734e-07,3.082242e-08,2.792535e-07,1.063577e-07,4.670394e-07,6.184957e-08,6.290376e-08,3.642638e-08,4.185651e-08,7.897318e-08,3.613919e-08,7.990271e-08,1.940525e-09,4.312526e-09,4.375572e-09,1.016411e-08,8.279757e-09,1.820747e-08,2.636946e-09,2.095729e-08,1.297748e-08
39.233400,5.194277e-08,1.814877e-08,4.464193e-07,9.790876e-08,3.688433e-07,3.087268e-08,2.710095e-07,1.052066e-07,4.564797e-07,6.014286e-08,6.304453e-08,3.436189e-08,4.362001e-08,7.835297e-08,3.596809e-08,7.002117e-08,1.610652e-09,3.910695e-09,4.568533e-09,1.722643e-08,7.120472e-09,1.610333e-08,2.724055e-09,2.002814e-08,1.417500e-08
39.257810,5.161550e-08,1.830984e-08,4.439721e-07,9.826330e-08,3.668611e-07,3.014037e-08,2.683672e-07,1.068097e-07,4.506855e-07,6.032537e-08,6.020141e-08,3.253943e-08,4.264299e-08,8.185151e-08,3.499634e-08,7.704988e-08,1.399804e-09,3.693615e-09,4.478118e-09,2.190617e-08,5.918248e-09,1.409400e-08,2.863062e-09,1.800720e-08,1.468811e-08
39.282230,5.159482e-08,1.844669e-08,4.437070e-07,9.697934e-08,3.695109e-07,3.025419e-08,2.715378e-07,1.078873e-07,4.492723e-07,6.007390e-08,6.002264e-08,3.176793e-08,4.127300e-08,7.946031e-08,3.254639e-08,8.279974e-08,1.397261e-09,3.909852e-09,4.198137e-09,2.851104e-08,4.294506e-09,1.241307e-08,2.972276e-09,1.558147e-08,1.474871e-08
39.306640,5.130385e-08,1.873449e-08,4.427920e-07,9.642025e-08,3.723354e-07,3.043026e-08,2.668144e-07,1.037289e-07,4.534401e-07,5.926893e-08,6.024189e-08,3.085563e-08,4.216821e-08,7.292644e-08,3.126258e-08,8.029393e-08,1.363261e-09,3.880224e-09,4.054614e-09,3.558883e-08,2.783075e-09,1.146448e-08,2.827433e-09,1.352458e-08,1.388372e-08
39.331050,5.057750e-08,1.880028e-08,4.469130e-07,9.657092e-08,3.683585e-07,3.024917e-08,2.691375e-07,1.033972e-07,4.647418e-07,5.867442e-08,5.996243e-08,3.145617e-08,4.251300e-08,7.353789e-08,2.911358e-08,8.194764e-08,1.520394e-09,3.401071e-09,4.015766e-09,4.231909e-08,1.626303e-09,1.087157e-08,2.501476e-09,1.157458e-08,1.275288e-08
39.355470,5.048858e-08,1.879392e-08,4.527689e-07,9.474729e-08,3.719006e-07,3.008844e-08,2.743872e-07,1.054949e-07,4.531296e-07,5.693908e-08,5.929596e-08,3.139432e-08,4.401757e-08,7.481611e-08,2.686952e-08,8.639634e-08,2.109510e-09,3.001953e-09,3.812442e-09,4.444661e-08,1.730503e-09,9.852303e-09,1.868258e-09,1.020892e-08,1.141959e-08
39.379880,5.017428e-08,1.896168e-08,4.542449e-07,9.319609e-08,3.756491e-07,2.967261e-08,2.761301e-07,1.037783e-07,4.416638e-07,5.734701e-08,5.773868e-08,2.912069e-08,4.807228e-08,7.277729e-08,2.910580e-08,8.337356e-08,2.566881e-09,2.817154e-09,3.259277e-09,4.438643e-08,2.079983e-09,7.579661e-09,1.121741e-09,8.398891e-09,9.889031e-09
39.404300,4.968438e-08,1.900195e-08,4.606556e-07,9.119709e-08,3.758185e-07,2.995721e-08,2.784161e-07,1.020973e-07,4.522595e-07,5.846597e-08,5.794993e-08,2.932064e-08,4.830848e-08,7.109506e-08,3.163345e-08,8.193022e-08,2.702917e-09,2.459186e-09,2.708246e-09,4.478416e-08,2.220535e-09,4.634746e-09,3.250754e-10,7.060654e-09,7.778587e-09
39.428710,4.918699e-08,1.898503e-08,4.635540e-07,8.950952e-08,3.753536e-07,2.974919e-08,2.778840e-07,1.009802e-07,4.493127e-07,5.632821e-08,5.991384e-08,3.112449e-08,4.635216e-08,6.822149e-08,3.029541e-08,9.183231e-08,2.932137e-09,2.079977e-09,2.314286e-09,4.593939e-08,2.668811e-09,1.572447e-09,4.339333e-10,5.818084e-09,5.025363e-09
39.453120,4.877777e-08,1.891835e-08,4.617738e-07,8.778712e-08,3.750942e-07,2.911387e-08,2.849642e-07,1.007939e-07,4.367986e-07,5.509443e-08,5.889327e-08,3.088064e-08,4.937545e-08,6.325831e-08,3.039040e-08,9.569225e-08,3.299308e-09,2.284515e-09,2.038814e-09,4.448151e-08,3.859571e-09,2.827167e-09,1.176463e-09,5.000212e-09,2.355307e-09
39.477540,4.836324e-08,1.893273e-08,4.596924e-07,8.607184e-08,3.790987e-07,2.923469e-08,2.890774e-07,1.021510e-07,4.319669e-07,5.575228e-08,5.722305e-08,3.013070e-08,5.203713e-08,6.534176e-08,3.372578e-08,8.899112e-08,3.502341e-09,2.684090e-09,1.460654e-09,4.005115e-08,5.537305e-09,6.566003e-09,1.796267e-09,3.898323e-09,4.057506e-09
39.501950,4.761957e-08,1.886699e-08,4.582948e-07,8.617376e-08,3.782360e-07,2.917145e-08,2.851046e-07,9.911310e-08,4.270311e-07,5.534874e-08,5.839394e-08,3.003982e-08,5.132317e-08,6.991599e-08,3.502382e-08,8.104788e-08,3.508393e-09,2.684815e-09,8.453218e-10,3.505220e-08,7.066529e-09,1.024763e-08,2.326044e-09,2.180608e-09,7.174091e-09
39.526370,4.744119e-08,1.874692e-08,4.580723e-07,8.547719e-08,3.795148e-07,2.900381e-08,2.877604e-07,9.640740e-08,4.325809e-07,5.502273e-08,5.860032e-08,3.023827e-08,5.103072e-08,6.676739e-08,3.617275e-08,8.347279e-08,3.604337e-09,2.680630e-09,7.891847e-10,3.190745e-08,8.851917e-09,1.366602e-08,2.658847e-09,7.214976e-10,9.530550e-09
39.550780,4.705454e-08,1.876921e-08,4.526103e-07,8.500766e-08,3.845244e-07,2.887610e-08,2.904544e-07,9.942740e-08,4.327428e-07,5.402422e-08,5.866843e-08,3.162348e-08,4.956364e-08,6.502425e-08,3.878332e-08,8.349214e-08,3.769689e-09,2.911426e-09,9.996603e-10,2.894946e-08,1.054234e-08,1.633001e-08,2.934544e-09,2.393629e-09,1.132417e-08
39.575200,4.629630e-08,1.863566e-08,4.506796e-07,8.587141e-08,3.824511e-07,2.858937e-08,2.888362e-07,1.003052e-07,4.181359e-07,5.315141e-08,5.769302e-08,3.316640e-08,4.673823e-08,6.841600e-08,3.854059e-08,8.086988e-08,3.735079e-09,3.241020e-09,1.134136e-09,2.525967e-08,1.205138e-08,1.808385e-08,3.188387e-09,4.473310e-09,1.240031e-08
39.599610,4.592003e-08,1.840639e-08,4.511175e-07,8.640880e-08,3.798730e-07,2.869358e-08,2.858452e-07,1.004776e-07,4.255976e-07,5.488592e-08,5.526088e-08,3.166413e-08,4.684375e-08,6.940624e-08,3.743166e-08,8.405797e-08,3.355398e-09,3.335953e-09,1.740440e-09,1.977641e-08,1.293297e-08,1.854271e-08,3.488060e-09,6.072160e-09,1.260451e-08
39.624020,4.562736e-08,1.825145e-08,4.479874e-07,8.687956e-08,3.770830e-07,2.813358e-08,2.802944e-07,9.997941e-08,4.314291e-07,5.452020e-08,5.644764e-08,3.013671e-08,4.764603e-08,7.221513e-08,3.945829e-08,8.452324e-08,3.043679e-09,3.536491e-09,2.516697e-09,1.589088e-08,1.299122e-08,1.868988e-08,3.842401e-09,7.686128e-09,1.226857e-08
39.648440,4.539043e-08,1.811835e-08,4.483092e-07,8.657356e-08,3.737995e-07,2.762962e-08,2.825714e-07,9.939172e-08,4.221137e-07,5.332567e-08,5.850198e-08,3.141272e-08,4.419885e-08,7.586904e-08,4.085000e-08,7.283489e-08,2.957178e-09,3.949017e-09,2.996465e-09,1.528602e-08,1.248482e-08,1.803009e-08,4.086859e-09,9.222796e-09,1.095861e-08
39.672850,4.496683e-08,1.796039e-08,4.488955e-07,8.671767e-08,3.682952e-07,2.790029e-08,2.825612e-07,1.023925e-07,4.209069e-07,5.398276e-08,5.662307e-08,3.151973e-08,4.106097e-08,7.417174e-08,3.873877e-08,6.692226e-08,2.769100e-09,4.145522e-09,3.294225e-09,1.284637e-08,1.135396e-08,1.777082e-08,4.320106e-09,1.095678e-08,9.631944e-09
39.697270,4.515799e-08,1.767762e-08,4.486490e-07,8.651503e-08,3.593681e-07,2.777503e-08,2.779998e-07,1.016929e-07,4.176970e-07,5.345081e-08,5.561214e-08,3.072425e-08,4.067595e-08,7.265002e-08,3.699711e-08,7.699659e-08,2.343658e-09,3.927685e-09,3.652243e-09,9.312142e-09,1.027875e-08,1.705659e-08,4.355739e-09,1.220204e-08,9.950158e-09
39.721680,4.540743e-08,1.760529e-08,4.446120e-07,8.448373e-08,3.569956e-07,2.753016e-08,2.804019e-07,9.914718e-08,4.279517e-07,5.316853e-08,5.637825e-08,3.043173e-08,3.908173e-08,7.676479e-08,3.669124e-08,7.992362e-08,1.996676e-09,3.820465e-09,4.082397e-09,8.558889e-09,8.806548e-09,1.583062e-08,4.304318e-09,1.283244e-08,1.232478e-08
39.746090,4.522291e-08,1.744104e-08,4.412725e-07,8.313036e-08,3.536199e-07,2.726529e-08,2.807621e-07,1.006318e-07,4.361731e-07,5.225609e-08,5.589894e-08,2.886263e-08,3.778010e-08,7.759486e-08,3.519151e-08,7.735573e-08,1.759421e-09,3.995902e-09,4.384857e-09,1.292329e-08,7.586003e-09,1.476672e-08,4.059267e-09,1.319151e-08,1.567280e-08
39.770510,4.554994e-08,1.711248e-08,4.412587e-07,8.191747e-08,3.469251e-07,2.710749e-08,2.775733e-07,1.012125e-07,4.212259e-07,5.073896e-08,5.623526e-08,2.869340e-08,3.748111e-08,7.278718e-08,3.542116e-08,7.955650e-08,1.350459e-09,4.060446e-09,4.332553e-09,1.699940e-08,6.221173e-09,1.335350e-08,3.702809e-09,1.299853e-08,1.862872e-08
39.794920,4.581523e-08,1.690401e-08,4.348728e-07,8.032592e-08,3.464224e-07,2.724972e-08,2.743357e-07,1.005310e-07,4.170378e-07,5.192772e-08,5.460815e-08,3.017063e-08,3.522229e-08,6.999301e-08,3.665526e-08,8.042411e-08,7.593359e-10,3.754684e-09,4.189163e-09,2.087880e-08,5.252724e-09,1.228085e-08,3.102818e-09,1.309494e-08,2.051875e-08
39.819340,4.596081e-08,1.667417e-08,4.323363e-07,7.918996e-08,3.474272e-07,2.679999e-08,2.714225e-07,9.894099e-08,4.236089e-07,5.244620e-08,5.335084e-08,2.968240e-08,3.421087e-08,6.769664e-08,3.413543e-08,7.650893e-08,8.581224e-10,3.429382e-09,4.129435e-09,2.749028e-08,4.664170e-09,1.005598e-08,2.404637e-09,1.305694e-08,2.138912e-08
39.843750,4.593999e-08,1.646175e-08,4.338939e-07,7.823470e-08,3.523956e-07,2.652544e-08,2.740099e-07,9.683301e-08,4.211173e-07,5.083714e-08,5.576073e-08,2.820972e-08,3.729862e-08,6.372192e-08,3.143873e-08,8.048312e-08,1.158844e-09,3.242838e-09,4.174176e-09,3.491886e-08,4.144012e-09,7.679963e-09,1.731355e-09,1.274697e-08,2.107003e-08
39.868160,4.602089e-08,1.620141e-08,4.351225e-07,7.829173e-08,3.559580e-07,2.673634e-08,2.719330e-07,9.849764e-08,4.183983e-07,5.039838e-08,5.571399e-08,2.877460e-08,3.908286e-08,6.337565e-08,3.229929e-08,8.888077e-08,1.237865e-09,2.971018e-09,3.935856e-09,4.013168e-08,3.423542e-09,4.543472e-09,1.178885e-09,1.182135e-08,2.031522e-08
39.892580,4.585670e-08,1.609522e-08,4.354790e-07,7.759657e-08,3.608437e-07,2.640088e-08,2.656645e-07,9.859330e-08,4.104330e-07,5.049463e-08,5.426269e-08,2.985702e-08,3.794819e-08,6.307052e-08,3.319534e-08,8.995098e-08,1.513664e-09,2.322454e-09,3.452735e-09,4.341839e-08,2.118890e-09,1.735587e-09,1.063099e-09,1.024491e-08,1.815312e-08
39.916990,4.517284e-08,1.597878e-08,4.371401e-07,7.753729e-08,3.670838e-07,2.616699e-08,2.675335e-07,9.374734e-08,4.093582e-07,5.089951e-08,5.410413e-08,3.007533e-08,3.903562e-08,5.724546e-08,3.216265e-08,8.176933e-08,1.943191e-09,1.735455e-09,2.958693e-09,4.488306e-08,1.447293e-09,2.060829e-09,1.168913e-09,8.167954e-09,1.536926e-08
39.941410,4.502444e-08,1.579039e-08,4.434777e-07,7.848049e-08,3.654067e-07,2.599921e-08,2.674469e-07,9.305705e-08,4.228329e-07,5.122104e-08,5.404021e-08,3.012732e-08,4.080108e-08,5.242705e-08,3.252423e-08,7.912496e-08,2.207992e-09,1.740778e-09,2.717418e-09,4.746015e-08,1.699531e-09,4.266061e-09,1.434107e-09,6.181818e-09,1.176995e-08
39.965820,4.487344e-08,1.587933e-08,4.455523e-07,7.831566e-08,3.654635e-07,2.571969e-08,2.645153e-07,9.473090e-08,4.157792e-07,4.946252e-08,5.493633e-08,2.927094e-08,4.138641e-08,5.428194e-08,3.222385e-08,8.312837e-08,2.388793e-09,1.600418e-09,2.333851e-09,4.915121e-08,2.589339e-09,6.150051e-09,1.551548e-09,3.869978e-09,8.025276e-09
