1634,25,14,12.143000,8.25,1,2,2
freq,site_01,site_02,site_03,site_04,site_05,site_06,site_07,site_08,site_09,site_10,site_11,site_12,site_13,site_14,site_15,site_16,site_17,site_18,site_19,site_20,site_21,site_22,site_23,site_24,site_25
0.097656,1.047027e-06,2.705496e-06,6.380602e-06,7.553877e-06,6.937353e-06,7.600037e-06,5.722305e-06,7.115691e-06,1.215132e-05,8.069597e-06,8.017198e-06,7.163160e-06,7.866233e-06,1.854639e-05,4.230544e-06,3.930650e-06,5.378367e-06,7.331988e-06,1.938802e-05,5.943565e-06,8.755802e-06,3.382122e-06,4.682960e-06,4.834671e-06,2.963972e-06
0.122070,1.588327e-06,4.539428e-06,7.881469e-06,9.600267e-06,8.679896e-06,8.554877e-06,8.148257e-06,8.449494e-06,1.357165e-05,1.067212e-05,6.787277e-06,8.776729e-06,1.040395e-05,2.444023e-05,5.513095e-06,7.205852e-06,8.239872e-06,1.288573e-05,1.466757e-05,7.460515e-06,1.169280e-05,3.836195e-06,6.612310e-06,5.259957e-06,4.462236e-06
0.146484,2.868926e-06,9.709258e-06,1.256007e-05,1.645581e-05,1.293124e-05,1.256651e-05,1.698611e-05,1.265620e-05,2.167741e-05,1.879176e-05,1.097085e-05,1.447812e-05,1.833639e-05,4.219417e-05,9.390685e-06,1.711927e-05,1.520657e-05,2.789422e-05,1.456604e-05,1.275493e-05,1.805934e-05,5.636645e-06,1.120544e-05,7.206423e-06,8.421556e-06
0.170898,2.237683e-06,8.885718e-06,9.804764e-06,1.262766e-05,9.725472e-06,9.004755e-06,1.519367e-05,8.854054e-06,1.761339e-05,1.550236e-05,9.772124e-06,1.135966e-05,1.385054e-05,3.369434e-05,7.206634e-06,1.483006e-05,1.085123e-05,2.025334e-05,7.078511e-06,9.686601e-06,1.160149e-05,4.142526e-06,7.424864e-06,4.526723e-06,6.567412e-06
0.195312,1.800443e-06,7.735047e-06,8.196241e-06,9.370284e-06,8.261005e-06,7.031215e-06,1.262712e-05,6.223769e-06,1.457300e-05,1.193363e-05,8.176993e-06,8.432329e-06,9.090704e-06,2.461570e-05,5.303393e-06,1.050337e-05,6.881783e-06,1.178238e-05,3.749313e-06,6.928217e-06,7.180195e-06,3.335041e-06,4.422693e-06,2.798550e-06,4.447649e-06
0.219727,3.517954e-06,1.465854e-05,1.627515e-05,1.566793e-05,1.718650e-05,1.419206e-05,2.420972e-05,1.086399e-05,2.893852e-05,2.100114e-05,1.499348e-05,1.358326e-05,1.219197e-05,3.678362e-05,8.743612e-06,1.572789e-05,1.007519e-05,1.511573e-05,5.220722e-06,1.128351e-05,1.005768e-05,6.246114e-06,5.633599e-06,3.870883e-06,6.018530e-06
0.244141,4.928207e-06,1.812401e-05,2.224207e-05,1.744161e-05,2.397188e-05,2.037607e-05,3.088288e-05,1.365923e-05,3.939238e-05,2.525763e-05,1.873520e-05,1.565948e-05,1.140738e-05,3.696141e-05,1.037959e-05,1.566225e-05,1.032873e-05,1.330928e-05,5.417139e-06,1.203403e-05,9.516767e-06,7.683837e-06,4.819108e-06,3.901126e-06,5.449283e-06
0.268555,6.344272e-06,1.947991e-05,2.727345e-05,1.746175e-05,2.899345e-05,2.642976e-05,3.442135e-05,1.541082e-05,4.523719e-05,2.600035e-05,2.008614e-05,1.657573e-05,1.036875e-05,3.459118e-05,1.223901e-05,1.401145e-05,9.026185e-06,9.624936e-06,4.811425e-06,1.082609e-05,8.237458e-06,8.095189e-06,3.723543e-06,3.606053e-06,4.278729e-06
0.292969,4.742362e-06,1.196391e-05,1.928631e-05,1.042065e-05,1.984298e-05,2.051162e-05,2.290747e-05,1.072773e-05,3.018546e-05,1.577388e-05,1.271213e-05,1.008484e-05,5.735423e-06,1.887028e-05,8.772736e-06,7.475980e-06,4.350045e-06,3.726865e-06,2.338397e-06,5.338313e-06,4.308195e-06,4.872838e-06,1.762654e-06,2.121635e-06,2.093066e-06
0.317383,5.999761e-06,1.258980e-05,2.307284e-05,1.091256e-05,2.257091e-05,2.717094e-05,2.645011e-05,1.362305e-05,3.510470e-05,1.683215e-05,1.447300e-05,1.037421e-05,5.439318e-06,1.683774e-05,1.010827e-05,6.960132e-06,3.518592e-06,2.338933e-06,1.720335e-06,4.318942e-06,4.369019e-06,5.440036e-06,1.639020e-06,2.438405e-06,1.993658e-06
0.341797,6.968034e-06,1.251087e-05,2.537116e-05,1.088726e-05,2.330178e-05,3.245325e-05,2.822285e-05,1.655771e-05,3.777671e-05,1.666355e-05,1.561269e-05,9.655581e-06,4.839069e-06,1.363749e-05,1.026151e-05,5.699249e-06,2.310028e-06,1.135280e-06,1.227080e-06,4.045105e-06,4.531257e-06,5.964487e-06,1.554889e-06,2.808801e-06,1.919306e-06
0.366211,6.771831e-06,1.076856e-05,2.338803e-05,9.383071e-06,1.995475e-05,3.048546e-05,2.427302e-05,1.665750e-05,3.310346e-05,1.347896e-05,1.427336e-05,7.425433e-06,3.624702e-06,9.109726e-06,8.387760e-06,3.669053e-06,5.965131e-07,1.007180e-07,1.309108e-06,3.818166e-06,4.074358e-06,5.618583e-06,1.316407e-06,2.611582e-06,1.487647e-06
0.390625,8.342444e-06,1.216036e-05,2.749717e-05,1.081875e-05,2.222624e-05,3.560189e-05,2.648858e-05,2.046424e-05,3.503691e-05,1.322138e-05,1.631587e-05,8.105581e-06,3.849120e-06,8.392329e-06,8.543589e-06,3.197723e-06,1.091805e-06,6.669077e-07,1.939352e-06,4.691537e-06,4.609732e-06,6.497068e-06,1.374539e-06,2.557803e-06,1.227461e-06
0.415039,6.384237e-06,8.776620e-06,2.002906e-05,7.943211e-06,1.545660e-05,2.603070e-05,1.865746e-05,1.633718e-05,2.386462e-05,8.377378e-06,1.158213e-05,6.035249e-06,3.220675e-06,6.157673e-06,6.573019e-06,2.167568e-06,1.562866e-06,7.746561e-07,1.741834e-06,3.716678e-06,2.878716e-06,4.027887e-06,7.700161e-07,1.267905e-06,5.199861e-07
0.439453,7.719547e-06,1.024992e-05,2.313425e-05,9.379492e-06,1.704574e-05,2.868172e-05,2.024973e-05,2.168705e-05,2.759029e-05,9.206311e-06,1.443890e-05,6.708714e-06,4.135453e-06,7.122674e-06,8.870757e-06,4.242079e-06,2.517295e-06,1.074604e-06,2.434433e-06,4.620080e-06,2.618801e-06,3.665028e-06,6.429132e-07,4.296896e-07,9.861642e-08
0.463867,9.603492e-06,1.255194e-05,2.782641e-05,1.195490e-05,2.018424e-05,3.289147e-05,2.313436e-05,2.939734e-05,3.311846e-05,1.076448e-05,1.981003e-05,8.137889e-06,5.096102e-06,7.843525e-06,1.083631e-05,8.066914e-06,4.420064e-06,1.689237e-06,3.125219e-06,5.516605e-06,2.467383e-06,3.450329e-06,5.784995e-07,1.291485e-06,5.040139e-07
0.488281,9.927613e-06,1.294103e-05,2.809508e-05,1.302484e-05,2.040329e-05,3.215732e-05,2.287099e-05,3.320078e-05,3.323657e-05,1.071884e-05,2.194405e-05,9.189090e-06,5.924708e-06,8.110789e-06,1.112830e-05,1.031126e-05,6.045587e-06,2.243372e-06,3.255563e-06,5.197445e-06,2.513490e-06,3.974560e-06,7.568968e-07,2.999759e-06,1.037425e-06
0.512695,5.843041e-06,7.662189e-06,1.633197e-05,8.230916e-06,1.197676e-05,1.768255e-05,1.279511e-05,2.048249e-05,1.847059e-05,6.052560e-06,1.329634e-05,5.543003e-06,3.980139e-06,5.003211e-06,6.907821e-06,6.045784e-06,3.718039e-06,1.416045e-06,1.837948e-06,2.459346e-06,1.472237e-06,2.558890e-06,5.216803e-07,2.188625e-06,7.000556e-07
0.537109,1.190894e-05,1.579715e-05,3.328708e-05,1.822194e-05,2.471045e-05,3.399578e-05,2.526217e-05,4.357307e-05,3.584332e-05,1.223191e-05,2.824340e-05,1.231422e-05,9.557272e-06,1.116609e-05,1.528909e-05,1.320710e-05,8.156330e-06,3.202019e-06,4.247433e-06,5.189163e-06,3.688795e-06,6.532743e-06,1.353875e-06,5.351212e-06,1.616920e-06
0.561523,8.594923e-06,1.156907e-05,2.439802e-05,1.450754e-05,1.841803e-05,2.261820e-05,1.731430e-05,3.284919e-05,2.518025e-05,9.183225e-06,2.174738e-05,9.519122e-06,7.980433e-06,8.790221e-06,1.162204e-05,1.016363e-05,6.529157e-06,2.590364e-06,3.302595e-06,4.322273e-06,3.201279e-06,5.514255e-06,1.144578e-06,4.160602e-06,1.209987e-06
0.585938,7.783811e-06,1.062422e-05,2.257244e-05,1.454233e-05,1.743598e-05,1.955463e-05,1.541084e-05,3.033357e-05,2.213986e-05,8.856091e-06,2.216052e-05,8.819818e-06,7.782937e-06,8.291371e-06,1.100143e-05,9.758830e-06,6.594474e-06,2.665636e-06,3.217166e-06,4.461228e-06,3.435219e-06,5.676159e-06,1.192022e-06,3.967097e-06,1.118500e-06
0.610352,9.393517e-06,1.299017e-05,2.806239e-05,1.900063e-05,2.164287e-05,2.292223e-05,1.891099e-05,3.718082e-05,2.562235e-05,1.132277e-05,2.831336e-05,1.137197e-05,9.514937e-06,9.778726e-06,1.276149e-05,1.265302e-05,8.303735e-06,3.530702e-06,4.265945e-06,5.832902e-06,4.826801e-06,7.703050e-06,1.668898e-06,4.870939e-06,1.345849e-06
0.634766,7.391735e-06,1.035637e-05,2.318277e-05,1.668187e-05,1.821744e-05,1.753762e-05,1.518760e-05,3.161138e-05,2.069495e-05,1.018848e-05,2.329259e-05,9.773317e-06,8.270145e-06,8.222080e-06,9.712927e-06,1.090194e-05,6.992671e-06,3.008424e-06,3.843183e-06,4.809883e-06,4.279091e-06,6.471760e-06,1.456378e-06,4.074102e-06,1.126634e-06
0.659180,6.461722e-06,9.148344e-06,2.140277e-05,1.640965e-05,1.739819e-05,1.558762e-05,1.402429e-05,2.901407e-05,1.848188e-05,1.032995e-05,2.259739e-05,8.689735e-06,8.253632e-06,8.249950e-06,9.005439e-06,9.956744e-06,7.035605e-06,3.026069e-06,3.631745e-06,4.536091e-06,4.043783e-06,5.805983e-06,1.381564e-06,3.805486e-06,1.069614e-06
0.683594,7.445320e-06,1.063030e-05,2.624155e-05,2.104106e-05,2.186113e-05,1.853813e-05,1.740769e-05,3.339158e-05,2.064613e-05,1.314525e-05,2.796222e-05,1.004235e-05,9.726787e-06,9.926293e-06,1.081019e-05,1.091412e-05,9.308930e-06,4.144301e-06,4.316300e-06,5.346217e-06,4.785603e-06,6.451596e-06,1.641678e-06,4.552238e-06,1.298599e-06
0.708008,3.753279e-06,5.392569e-06,1.414948e-05,1.169541e-05,1.202400e-05,9.543897e-06,9.354924e-06,1.684968e-05,1.014291e-05,7.364655e-06,1.478645e-05,5.278033e-06,4.797789e-06,4.938616e-06,5.183313e-06,5.252575e-06,4.803531e-06,2.319295e-06,2.154629e-06,2.576360e-06,2.443271e-06,3.067227e-06,8.332971e-07,2.237798e-06,6.546364e-07
0.732422,8.301304e-06,1.198063e-05,3.363197e-05,2.821475e-05,2.895574e-05,2.147971e-05,2.207686e-05,3.730895e-05,2.193165e-05,1.816824e-05,3.447869e-05,1.186691e-05,1.067071e-05,1.115733e-05,1.081641e-05,1.174317e-05,1.014424e-05,5.145149e-06,4.836978e-06,5.082661e-06,5.252819e-06,6.136515e-06,1.804123e-06,4.610604e-06,1.364580e-06
0.756836,4.449699e-06,6.427249e-06,1.926411e-05,1.643767e-05,1.706403e-05,1.174089e-05,1.258722e-05,2.083360e-05,1.194394e-05,1.122163e-05,1.920902e-05,6.564749e-06,5.733038e-06,6.168268e-06,5.678079e-06,6.303504e-06,5.416790e-06,2.664698e-06,2.672165e-06,2.413614e-06,2.713883e-06,2.937809e-06,9.305155e-07,2.217430e-06,6.709307e-07
0.781250,4.019485e-06,5.797494e-06,1.846884e-05,1.543049e-05,1.636759e-05,1.123201e-05,1.246919e-05,1.892617e-05,1.076064e-05,1.152413e-05,1.853035e-05,6.121350e-06,5.316242e-06,5.803582e-06,4.765802e-06,5.422763e-06,4.917583e-06,2.325646e-06,2.298237e-06,1.893920e-06,2.200265e-06,2.188656e-06,7.459398e-07,1.772604e-06,5.525400e-07
0.805664,4.157435e-06,5.995701e-06,2.053245e-05,1.670665e-05,1.822366e-05,1.253515e-05,1.461153e-05,1.886833e-05,1.051825e-05,1.274346e-05,2.037027e-05,6.276413e-06,5.638177e-06,6.393853e-06,4.811828e-06,5.704850e-06,4.523121e-06,2.196886e-06,1.930797e-06,1.599803e-06,1.820974e-06,1.716312e-06,6.545157e-07,1.593048e-06,5.075326e-07
0.830078,3.776523e-06,5.436895e-06,1.998016e-05,1.624469e-05,1.846327e-05,1.196208e-05,1.453877e-05,1.741937e-05,9.358558e-06,1.259232e-05,1.862491e-05,5.844241e-06,4.851987e-06,5.807045e-06,4.455990e-06,5.019302e-06,3.743931e-06,1.686304e-06,1.231196e-06,1.038559e-06,1.368035e-06,1.229065e-06,5.181327e-07,1.280868e-06,4.225787e-07
0.854492,4.463799e-06,6.415430e-06,2.523050e-05,2.001309e-05,2.389870e-05,1.479172e-05,1.848136e-05,2.099931e-05,1.118422e-05,1.680500e-05,2.284099e-05,7.543318e-06,5.285982e-06,6.415114e-06,4.899241e-06,5.050255e-06,4.289947e-06,1.768854e-06,8.602865e-07,6.043825e-07,1.498543e-06,1.294636e-06,6.026048e-07,1.454413e-06,5.082002e-07
0.878906,3.865807e-06,5.549324e-06,2.335721e-05,1.790150e-05,2.258778e-05,1.331608e-05,1.719830e-05,1.799035e-05,9.520860e-06,1.593094e-05,2.144103e-05,6.684336e-06,4.757632e-06,5.843349e-06,3.816501e-06,4.135950e-06,3.358515e-06,1.542288e-06,1.630728e-07,4.773107e-07,1.486105e-06,1.146303e-06,5.743025e-07,1.354024e-06,4.911972e-07
0.903320,3.419592e-06,4.902869e-06,2.197016e-05,1.607998e-05,2.158791e-05,1.212531e-05,1.616660e-05,1.583449e-05,8.252589e-06,1.518228e-05,1.991176e-05,5.779148e-06,4.328434e-06,5.614711e-06,3.447473e-06,4.436015e-06,2.261625e-06,1.141955e-06,6.816611e-07,7.946107e-07,1.738060e-06,1.175114e-06,6.013498e-07,1.363330e-06,5.212437e-07
0.927734,3.692855e-06,5.286814e-06,2.508033e-05,1.758436e-05,2.528802e-05,1.356315e-05,1.870028e-05,1.693534e-05,8.690902e-06,1.746375e-05,2.255790e-05,6.329905e-06,4.532768e-06,6.156596e-06,3.913030e-06,5.285765e-06,2.926561e-06,1.182480e-06,1.675574e-06,1.376137e-06,2.309937e-06,1.421868e-06,7.767984e-07,1.562196e-06,6.170358e-07
0.952148,4.193137e-06,5.994831e-06,2.985651e-05,1.989465e-05,3.087652e-05,1.585275e-05,2.239457e-05,1.915531e-05,9.607998e-06,2.083890e-05,2.632433e-05,7.208654e-06,5.002193e-06,7.049654e-06,4.471883e-06,5.930079e-06,4.735969e-06,2.134774e-06,2.697735e-06,2.337626e-06,3.199471e-06,1.793247e-06,1.015666e-06,1.896040e-06,7.741895e-07
0.976562,4.086281e-06,5.854357e-06,3.085493e-05,1.941743e-05,3.254118e-05,1.635627e-05,2.352052e-05,1.882375e-05,9.406079e-06,2.202624e-05,2.676166e-05,7.229743e-06,4.683066e-06,6.903354e-06,4.542591e-06,6.448274e-06,5.503685e-06,2.901944e-06,3.264699e-06,3.020069e-06,3.678897e-06,1.883579e-06,1.097061e-06,1.987090e-06,8.506212e-07
1.000977,2.455657e-06,3.523697e-06,1.951980e-05,1.206262e-05,2.192326e-05,1.024621e-05,1.524659e-05,1.105440e-05,5.530352e-06,1.400511e-05,1.784767e-05,4.634561e-06,2.751134e-06,4.142330e-06,2.794490e-06,4.515311e-06,3.773370e-06,1.996864e-06,2.423498e-06,2.148740e-06,2.503086e-06,1.200506e-06,7.336881e-07,1.242216e-06,5.629887e-07
1.025391,3.976232e-06,5.720890e-06,3.296418e-05,1.952519e-05,3.867870e-05,1.648684e-05,2.511207e-05,1.782134e-05,8.642690e-06,2.311533e-05,3.007183e-05,7.370962e-06,4.686577e-06,7.093748e-06,4.267079e-06,8.200453e-06,6.856031e-06,3.592692e-06,4.918656e-06,3.763410e-06,4.658727e-06,2.115571e-06,1.335925e-06,2.002671e-06,9.651490e-07
1.049805,3.528280e-06,5.105228e-06,3.070103e-05,1.698794e-05,3.655837e-05,1.480741e-05,2.288568e-05,1.633014e-05,7.760935e-06,2.175625e-05,2.629767e-05,6.374565e-06,4.190995e-06,6.643054e-06,3.859561e-06,8.408438e-06,6.593135e-06,3.592856e-06,5.027549e-06,3.693548e-06,4.718677e-06,2.091345e-06,1.402334e-06,1.771573e-06,9.055929e-07
1.074219,3.390644e-06,4.930937e-06,3.069509e-05,1.601497e-05,3.744112e-05,1.446012e-05,2.299670e-05,1.561529e-05,7.392475e-06,2.186522e-05,2.585184e-05,6.442961e-06,3.715685e-06,6.127518e-06,3.899373e-06,9.217856e-06,6.383746e-06,3.628164e-06,5.258503e-06,3.906419e-06,5.145029e-06,2.245272e-06,1.597864e-06,1.807513e-06,9.263293e-07
1.098633,3.578204e-06,5.231218e-06,3.348784e-05,1.649828e-05,4.193037e-05,1.543052e-05,2.522956e-05,1.618822e-05,7.536441e-06,2.329787e-05,2.826130e-05,7.060868e-06,3.710713e-06,6.082513e-06,3.993376e-06,1.003140e-05,7.108411e-06,3.774804e-06,5.736699e-06,4.490886e-06,5.791040e-06,2.579108e-06,2.007685e-06,2.190586e-06,1.134901e-06
1.123047,3.478418e-06,5.113719e-06,3.346428e-05,1.566646e-05,4.329097e-05,1.508530e-05,2.534967e-05,1.557010e-05,7.130178e-06,2.289768e-05,2.808865e-05,6.787266e-06,3.635763e-06,5.979402e-06,3.617258e-06,9.319355e-06,7.479921e-06,3.738218e-06,5.850629e-06,4.467741e-06,5.808103e-06,2.598681e-06,2.168109e-06,2.518982e-06,1.300341e-06
1.147461,3.011021e-06,4.466276e-06,3.007421e-05,1.320720e-05,3.954489e-05,1.304495e-05,2.237035e-05,1.353616e-05,6.057875e-06,2.005497e-05,2.479102e-05,5.894599e-06,3.089335e-06,5.175212e-06,3.065959e-06,8.049898e-06,6.633206e-06,3.440225e-06,5.261329e-06,3.808187e-06,4.929001e-06,2.250153e-06,2.026193e-06,2.484413e-06,1.310007e-06
1.171875,3.250037e-06,4.862071e-06,3.375596e-05,1.427452e-05,4.596811e-05,1.446419e-05,2.533612e-05,1.528799e-05,6.695986e-06,2.264888e-05,2.666401e-05,6.478195e-06,3.233131e-06,5.450881e-06,3.284331e-06,9.085629e-06,6.754357e-06,3.757340e-06,5.655618e-06,4.055480e-06,5.178049e-06,2.389458e-06,2.285983e-06,2.877767e-06,1.554520e-06
1.196289,3.573291e-06,5.384142e-06,3.795338e-05,1.555929e-05,5.397179e-05,1.575289e-05,2.888292e-05,1.667929e-05,7.311210e-06,2.554773e-05,2.942034e-05,7.129963e-06,3.402559e-06,5.838189e-06,3.481073e-06,9.894330e-06,6.750000e-06,3.708216e-06,5.660028e-06,4.335963e-06,5.389634e-06,2.496542e-06,2.487525e-06,3.220443e-06,1.771719e-06
1.220703,3.237908e-06,4.923548e-06,3.536263e-05,1.362422e-05,5.065844e-05,1.385375e-05,2.626477e-05,1.457938e-05,6.213066e-06,2.219157e-05,2.770931e-05,6.815344e-06,2.759782e-06,4.870261e-06,3.217425e-06,8.418195e-06,5.567123e-06,2.909666e-06,4.568690e-06,3.708994e-06,4.378524e-06,2.052668e-06,2.128143e-06,2.792331e-06,1.554200e-06
1.245117,2.859608e-06,4.377885e-06,3.182560e-05,1.174256e-05,4.650650e-05,1.231223e-05,2.388471e-05,1.310908e-05,5.364228e-06,1.921751e-05,2.425028e-05,6.091672e-06,2.295201e-06,3.929247e-06,2.756884e-06,7.325761e-06,4.502716e-06,2.315204e-06,3.704635e-06,2.796438e-06,3.289288e-06,1.553355e-06,1.678045e-06,2.259658e-06,1.282822e-06
1.269531,3.034203e-06,4.671967e-06,3.413917e-05,1.213951e-05,5.115883e-05,1.307978e-05,2.627628e-05,1.401865e-05,5.712960e-06,2.080936e-05,2.510229e-05,6.070873e-06,2.545634e-06,4.269932e-06,2.592661e-06,7.205678e-06,4.051672e-06,2.147925e-06,3.613513e-06,2.438869e-06,2.812454e-06,1.344282e-06,1.468124e-06,2.119821e-06,1.214936e-06
1.293945,3.961744e-06,6.132046e-06,4.504665e-05,1.555342e-05,6.938708e-05,1.706292e-05,3.528830e-05,1.823282e-05,7.364000e-06,2.727650e-05,3.365667e-05,8.036641e-06,3.265684e-06,5.732376e-06,3.314821e-06,7.929625e-06,4.648855e-06,2.239314e-06,3.892203e-06,2.495717e-06,2.760440e-06,1.253606e-06,1.397907e-06,2.254938e-06,1.343968e-06
1.318359,3.004984e-06,4.675544e-06,3.456199e-05,1.161567e-05,5.459683e-05,1.291032e-05,2.759471e-05,1.390468e-05,5.541052e-06,2.071524e-05,2.604941e-05,6.523263e-06,2.249019e-06,4.040732e-06,2.711228e-06,5.459109e-06,3.254241e-06,1.380253e-06,2.184977e-06,1.545509e-06,1.531896e-06,6.637611e-07,6.626294e-07,1.302930e-06,7.928008e-07
1.342773,2.477529e-06,3.869019e-06,2.880737e-05,9.490251e-06,4.658883e-05,1.066464e-05,2.342551e-05,1.141334e-05,4.479491e-06,1.689041e-05,2.208251e-05,5.561977e-06,1.788631e-06,3.140393e-06,2.237509e-06,4.797656e-06,2.228855e-06,1.043419e-06,1.321423e-06,9.107494e-07,8.032304e-07,3.049280e-07,2.653724e-07,8.932631e-07,5.580517e-07
1.367188,3.080835e-06,4.814486e-06,3.553805e-05,1.160625e-05,5.935616e-05,1.337383e-05,3.037611e-05,1.414143e-05,5.428384e-06,2.043552e-05,2.761403e-05,7.041059e-06,2.207986e-06,3.859700e-06,2.618512e-06,5.652368e-06,1.919488e-06,1.046535e-06,1.124108e-06,5.413818e-07,5.517456e-07,1.582132e-07,1.821652e-07,1.176771e-06,7.819173e-07
1.391602,3.183980e-06,4.989958e-06,3.677967e-05,1.148236e-05,6.105650e-05,1.361377e-05,3.252473e-05,1.427348e-05,5.528173e-06,2.100902e-05,2.809469e-05,7.166669e-06,2.277046e-06,3.890548e-06,2.622449e-06,4.910983e-06,1.721036e-06,6.870033e-07,4.468654e-07,7.857477e-08,6.648150e-07,2.910587e-07,4.009701e-07,1.516072e-06,1.023009e-06
1.416016,2.973747e-06,4.658153e-06,3.436215e-05,1.039138e-05,5.674897e-05,1.259701e-05,3.080484e-05,1.269968e-05,4.944089e-06,1.910621e-05,2.736631e-05,6.601268e-06,2.208293e-06,3.754782e-06,2.358511e-06,4.541137e-06,1.882170e-06,5.918497e-07,4.938670e-07,5.552012e-07,1.097384e-06,5.409898e-07,6.489209e-07,1.696611e-06,1.186721e-06
1.440430,1.960711e-06,3.061404e-06,2.235428e-05,6.748393e-06,3.777560e-05,8.453603e-06,2.105971e-05,8.390753e-06,3.148881e-06,1.202977e-05,1.871528e-05,4.636542e-06,1.430008e-06,2.539547e-06,1.584228e-06,3.184506e-06,1.238944e-06,5.323515e-07,7.865556e-07,5.653044e-07,1.016982e-06,5.380796e-07,6.356080e-07,1.254050e-06,9.060340e-07
1.464844,1.922944e-06,2.993773e-06,2.179369e-05,6.555067e-06,3.749105e-05,8.340071e-06,2.163462e-05,8.454270e-06,3.162349e-06,1.197734e-05,1.785695e-05,4.879576e-06,1.282889e-06,2.328518e-06,1.747298e-06,3.355772e-06,1.336275e-06,5.975437e-07,1.122491e-06,8.223211e-07,1.283868e-06,7.159211e-07,8.090406e-07,1.273367e-06,9.501108e-07
1.489258,3.171120e-06,4.918803e-06,3.582978e-05,1.082683e-05,6.286288e-05,1.378380e-05,3.708598e-05,1.384182e-05,5.214348e-06,1.983684e-05,2.937403e-05,7.899935e-06,2.142613e-06,3.680396e-06,2.969579e-06,6.308574e-06,2.611772e-06,1.149422e-06,2.164444e-06,1.918380e-06,2.485656e-06,1.439069e-06,1.688596e-06,2.099939e-06,1.619340e-06
1.513672,3.396436e-06,5.237369e-06,3.829016e-05,1.168977e-05,6.837936e-05,1.483116e-05,4.148496e-05,1.481544e-05,5.559937e-06,2.108173e-05,3.252885e-05,8.555968e-06,2.456121e-06,4.232993e-06,3.009181e-06,7.823043e-06,3.100611e-06,1.497183e-06,2.897623e-06,2.618539e-06,3.133017e-06,1.901530e-06,2.222211e-06,2.070815e-06,1.708818e-06
1.538086,3.219879e-06,4.915591e-06,3.550911e-05,1.121888e-05,6.582526e-05,1.417214e-05,4.055464e-05,1.377410e-05,5.155116e-06,1.952715e-05,3.146901e-05,8.621458e-06,2.247478e-06,4.049786e-06,2.917465e-06,7.454339e-06,3.011721e-06,1.566724e-06,3.388501e-06,2.742460e-06,3.241980e-06,2.076557e-06,2.568429e-06,1.705337e-06,1.457584e-06
1.562500,3.144418e-06,4.757607e-06,3.414228e-05,1.095885e-05,6.472520e-05,1.404524e-05,4.167966e-05,1.364958e-05,4.997083e-06,1.860781e-05,3.124981e-05,8.766331e-06,2.107831e-06,3.801592e-06,3.041210e-06,6.909414e-06,3.359120e-06,1.544264e-06,3.797828e-06,2.850785e-06,3.355259e-06,2.264670e-06,2.894493e-06,1.459312e-06,1.270894e-06
1.586914,3.008012e-06,4.488633e-06,3.201911e-05,1.050177e-05,6.185244e-05,1.324547e-05,4.118941e-05,1.349937e-05,4.998949e-06,1.837309e-05,2.924387e-05,8.840135e-06,1.978399e-06,3.610768e-06,2.982550e-06,7.178112e-06,3.788976e-06,1.585405e-06,3.803670e-06,2.969182e-06,3.264554e-06,2.340003e-06,3.161893e-06,1.678659e-06,1.248232e-06
1.611328,2.304767e-06,3.379843e-06,2.361870e-05,8.152917e-06,4.770154e-05,1.000745e-05,3.160904e-05,1.006187e-05,3.792344e-06,1.400132e-05,2.207094e-05,6.791201e-06,1.477452e-06,2.688234e-06,2.309676e-06,5.882897e-06,2.990192e-06,1.371962e-06,3.063410e-06,2.507375e-06,2.560737e-06,1.869010e-06,2.579486e-06,1.730369e-06,1.230860e-06
1.635742,1.836046e-06,2.646675e-06,1.826758e-05,6.567326e-06,3.817625e-05,8.034757e-06,2.601872e-05,7.996204e-06,2.924549e-06,1.061133e-05,1.840489e-05,5.209671e-06,1.229217e-06,2.139182e-06,1.811893e-06,4.729937e-06,2.277628e-06,1.121172e-06,2.661748e-06,2.076005e-06,2.131693e-06,1.548533e-06,2.129162e-06,1.778947e-06,1.303638e-06
1.660156,2.572767e-06,3.635463e-06,2.472739e-05,9.243076e-06,5.298159e-05,1.119511e-05,3.756326e-05,1.143715e-05,4.143687e-06,1.466326e-05,2.590707e-05,7.650469e-06,1.774082e-06,3.169314e-06,2.363073e-06,6.621866e-06,3.149614e-06,1.503892e-06,4.012043e-06,2.888173e-06,3.116828e-06,2.251622e-06,3.075736e-06,2.961951e-06,2.260112e-06
1.684570,3.294536e-06,4.557576e-06,3.045266e-05,1.176073e-05,6.624204e-05,1.425624e-05,4.904443e-05,1.443825e-05,5.320343e-06,1.867294e-05,3.203749e-05,1.042857e-05,2.100908e-06,3.969808e-06,3.029751e-06,8.421052e-06,4.021741e-06,1.817282e-06,4.858794e-06,3.465923e-06,4.137480e-06,3.012730e-06,3.930004e-06,4.094005e-06,3.249683e-06
1.708984,3.889588e-06,5.259200e-06,3.436104e-05,1.359940e-05,7.499469e-05,1.664307e-05,5.875950e-05,1.661371e-05,6.174030e-06,2.142956e-05,3.695979e-05,1.198895e-05,2.281335e-06,4.243569e-06,3.745862e-06,9.013190e-06,4.407666e-06,2.045034e-06,5.287582e-06,4.014548e-06,4.746856e-06,3.542796e-06,4.597744e-06,4.883949e-06,3.970181e-06
1.733398,4.194817e-06,5.548340e-06,3.551449e-05,1.430107e-05,7.714851e-05,1.766125e-05,6.361723e-05,1.729987e-05,6.506460e-06,2.231420e-05,3.878549e-05,1.226639e-05,2.477066e-06,4.403012e-06,3.850783e-06,8.534171e-06,4.370693e-06,1.981318e-06,5.319592e-06,4.107730e-06,4.836567e-06,3.695379e-06,4.674506e-06,5.048757e-06,4.236533e-06
1.757812,3.127557e-06,4.039222e-06,2.564522e-05,1.037041e-05,5.467439e-05,1.311232e-05,4.869062e-05,1.244796e-05,4.694932e-06,1.590759e-05,2.865762e-05,9.070741e-06,1.854026e-06,3.346372e-06,2.619251e-06,6.219564e-06,3.198117e-06,1.283915e-06,3.729179e-06,2.733860e-06,3.271023e-06,2.586260e-06,3.271693e-06,3.411223e-06,2.938015e-06
1.782227,2.371118e-06,2.979263e-06,1.850822e-05,7.678479e-06,3.908409e-05,9.582122e-06,3.713684e-05,9.228682e-06,3.475008e-06,1.148301e-05,2.173321e-05,6.833783e-06,1.335118e-06,2.481003e-06,1.913505e-06,4.700851e-06,2.298178e-06,8.797905e-07,2.464851e-06,1.678608e-06,2.209708e-06,1.748006e-06,2.177041e-06,2.212561e-06,1.984961e-06
1.806641,3.729413e-06,4.578704e-06,2.817010e-05,1.201931e-05,5.912078e-05,1.472290e-05,5.778293e-05,1.378578e-05,5.400222e-06,1.772649e-05,3.284469e-05,1.088220e-05,2.006167e-06,3.752511e-06,3.046772e-06,6.594020e-06,3.059064e-06,1.293140e-06,3.128438e-06,2.054669e-06,2.866935e-06,2.406181e-06,2.991640e-06,2.654883e-06,2.525700e-06
1.831055,5.083181e-06,6.091208e-06,3.768395e-05,1.619004e-05,7.698552e-05,2.034854e-05,8.140001e-05,1.761346e-05,7.037573e-06,2.312594e-05,4.396431e-05,1.530227e-05,2.582776e-06,5.036756e-06,4.101744e-06,7.677572e-06,3.373828e-06,1.528923e-06,3.459609e-06,2.252064e-06,2.947628e-06,2.674519e-06,3.404897e-06,2.445165e-06,2.479698e-06
1.855469,4.336455e-06,5.068429e-06,3.139833e-05,1.365348e-05,6.222404e-05,1.710555e-05,7.109666e-05,1.490977e-05,5.825980e-06,1.853679e-05,3.827043e-05,1.248178e-05,2.046537e-06,4.012069e-06,3.562572e-06,6.075409e-06,2.511613e-06,1.029383e-06,2.407239e-06,1.374224e-06,1.630425e-06,1.603789e-06,2.154728e-06,1.208525e-06,1.389082e-06
1.879883,3.548258e-06,4.042970e-06,2.519250e-05,1.112505e-05,4.862290e-05,1.378142e-05,5.844407e-05,1.212754e-05,4.857075e-06,1.507804e-05,3.033976e-05,9.614749e-06,1.709677e-06,3.142062e-06,2.930088e-06,4.830191e-06,2.007721e-06,6.545663e-07,1.468108e-06,6.281742e-07,7.252784e-07,8.119536e-07,1.121291e-06,7.352220e-07,8.582839e-07
1.904297,4.350430e-06,4.826997e-06,3.018436e-05,1.372733e-05,5.742094e-05,1.659162e-05,7.189663e-05,1.441707e-05,5.922437e-06,1.818379e-05,3.548053e-05,1.225238e-05,2.175257e-06,4.113734e-06,3.275442e-06,5.498458e-06,2.181664e-06,7.754551e-07,1.064382e-06,2.709385e-07,5.877366e-07,6.750814e-07,8.848050e-07,1.242201e-06,1.312141e-06
1.928711,5.473270e-06,5.901221e-06,3.736664e-05,1.760872e-05,7.076882e-05,2.082621e-05,9.126543e-05,1.779702e-05,7.475503e-06,2.259476e-05,4.432668e-05,1.570864e-05,2.577129e-06,5.252528e-06,3.946475e-06,6.994493e-06,2.618305e-06,9.370292e-07,1.161382e-06,9.216477e-07,1.142484e-06,1.090264e-06,1.335004e-06,2.009889e-06,2.052276e-06
1.953125,5.778908e-06,6.028723e-06,3.805353e-05,1.892031e-05,7.243713e-05,2.186582e-05,9.860334e-05,1.820064e-05,7.773132e-06,2.325135e-05,4.618156e-05,1.586309e-05,2.581748e-06,5.224031e-06,4.484274e-06,8.085953e-06,3.061165e-06,9.794585e-07,2.263027e-06,1.618750e-06,1.683387e-06,1.695625e-06,2.066598e-06,2.470775e-06,2.524639e-06
1.977539,5.442828e-06,5.512422e-06,3.480490e-05,1.843812e-05,6.729921e-05,1.996236e-05,9.263032e-05,1.726142e-05,7.342688e-06,2.124870e-05,4.382342e-05,1.458600e-05,2.483129e-06,4.906791e-06,4.269221e-06,7.268465e-06,2.996544e-06,1.110749e-06,2.778397e-06,1.894830e-06,1.947041e-06,1.885300e-06,2.526306e-06,2.352939e-06,2.454454e-06
2.001953,5.055029e-06,4.961466e-06,3.162166e-05,1.749205e-05,6.162109e-05,1.844421e-05,8.472875e-05,1.602697e-05,7.120742e-06,2.014449e-05,3.962006e-05,1.308931e-05,2.286181e-06,4.569073e-06,3.823258e-06,6.261644e-06,2.738180e-06,1.201262e-06,3.049396e-06,2.213473e-06,2.060196e-06,2.026751e-06,2.692023e-06,2.113746e-06,2.222304e-06
2.026367,4.654685e-06,4.420039e-06,2.797455e-05,1.612136e-05,5.494225e-05,1.676332e-05,7.759327e-05,1.395052e-05,6.432236e-06,1.816516e-05,3.393717e-05,1.209273e-05,2.086595e-06,4.155374e-06,3.483530e-06,6.259087e-06,2.957069e-06,1.074619e-06,3.405413e-06,2.615846e-06,2.061824e-06,1.947578e-06,2.626062e-06,1.610723e-06,1.813936e-06
2.050781,4.237450e-06,3.903485e-06,2.470854e-05,1.476615e-05,4.881763e-05,1.467987e-05,6.904528e-05,1.243408e-05,5.633008e-06,1.547862e-05,3.073456e-05,1.158421e-05,1.852992e-06,3.853697e-06,3.066001e-06,6.200065e-06,3.181129e-06,1.006445e-06,3.783921e-06,2.769155e-06,2.046858e-06,1.793657e-06,2.367178e-06,1.239951e-06,1.330402e-06
2.075195,4.840237e-06,4.317242e-06,2.739594e-05,1.684010e-05,5.413797e-05,1.639700e-05,7.662752e-05,1.412305e-05,6.501960e-06,1.724479e-05,3.526345e-05,1.280848e-05,1.921747e-06,4.240298e-06,3.449272e-06,7.063100e-06,3.663379e-06,1.357940e-06,4.537499e-06,3.328360e-06,2.550752e-06,2.146690e-06,2.654262e-06,1.488584e-06,1.237061e-06
2.099609,5.603390e-06,4.839766e-06,3.094440e-05,1.954991e-05,6.101760e-05,1.878785e-05,8.792842e-05,1.592629e-05,7.603971e-06,1.988530e-05,3.907686e-05,1.383833e-05,2.147849e-06,4.507961e-06,4.278265e-06,8.243110e-06,4.199257e-06,1.704643e-06,5.343436e-06,3.930242e-06,3.391700e-06,2.668876e-06,3.101403e-06,2.370254e-06,1.641934e-06
2.124023,5.865427e-06,4.891268e-06,3.126712e-05,2.030945e-05,6.129002e-05,1.963696e-05,9.127567e-05,1.633419e-05,7.996418e-06,2.047913e-05,3.935850e-05,1.487256e-05,2.396699e-06,4.790648e-06,4.523330e-06,8.689869e-06,4.604558e-06,1.754415e-06,5.758047e-06,4.441147e-06,4.023862e-06,3.223082e-06,3.353426e-06,3.365993e-06,2.415108e-06
2.148438,5.332348e-06,4.315741e-06,2.767681e-05,1.853240e-05,5.372534e-05,1.775221e-05,8.321627e-05,1.435262e-05,7.250409e-06,1.829526e-05,3.434513e-05,1.399368e-05,2.165065e-06,4.655408e-06,3.760222e-06,7.347879e-06,4.286055e-06,1.593515e-06,5.694594e-06,4.261758e-06,3.968360e-06,3.289556e-06,3.418815e-06,3.634593e-06,2.820918e-06
2.172852,4.724391e-06,3.706705e-06,2.430885e-05,1.659975e-05,4.674672e-05,1.559602e-05,7.268709e-05,1.256418e-05,6.369299e-06,1.570241e-05,3.008936e-05,1.251659e-05,1.812727e-06,4.063895e-06,3.289411e-06,6.115480e-06,3.710984e-06,1.471906e-06,5.231629e-06,3.826820e-06,3.638001e-06,3.265757e-06,3.352222e-06,3.634318e-06,2.935046e-06
2.197266,5.433218e-06,4.114005e-06,2.703240e-05,1.876657e-05,5.111651e-05,1.828199e-05,8.218981e-05,1.416711e-05,7.442742e-06,1.778580e-05,3.477514e-05,1.429723e-05,2.042860e-06,4.544147e-06,3.978526e-06,7.294614e-06,4.303215e-06,1.632706e-06,5.738384e-06,4.168468e-06,4.059407e-06,3.786872e-06,4.160743e-06,4.287403e-06,3.631750e-06
2.221680,6.354719e-06,4.653992e-06,3.061614e-05,2.193655e-05,5.750514e-05,2.153953e-05,9.792667e-05,1.535972e-05,8.615802e-06,2.067313e-05,3.857173e-05,1.585326e-05,2.373384e-06,5.309744e-06,4.679243e-06,8.899243e-06,5.274275e-06,1.743737e-06,6.322626e-06,4.684626e-06,4.533719e-06,4.320288e-06,4.861716e-06,4.935150e-06,4.189996e-06
2.246094,6.948657e-06,4.908041e-06,3.227786e-05,2.406688e-05,6.106177e-05,2.331512e-05,1.069871e-04,1.603576e-05,8.979630e-06,2.128994e-05,4.059753e-05,1.663984e-05,2.623152e-06,5.646501e-06,5.118314e-06,8.848221e-06,5.721648e-06,1.818425e-06,6.721337e-06,5.068321e-06,4.571255e-06,4.491832e-06,5.167484e-06,5.045836e-06,4.443124e-06
2.270508,6.623909e-06,4.510491e-06,2.951154e-05,2.302665e-05,5.648865e-05,2.224808e-05,1.014488e-04,1.516643e-05,8.543479e-06,1.945681e-05,3.911998e-05,1.663909e-05,2.654305e-06,5.640616e-06,4.894752e-06,7.523364e-06,4.707287e-06,1.827041e-06,6.029328e-06,4.710987e-06,3.874803e-06,3.851834e-06,4.554899e-06,4.278690e-06,3.850261e-06
2.294922,6.301577e-06,4.134943e-06,2.684045e-05,2.189149e-05,5.199608e-05,2.108988e-05,9.573438e-05,1.396678e-05,8.190494e-06,1.827155e-05,3.597937e-05,1.567253e-05,2.453476e-06,5.708842e-06,4.298021e-06,7.013790e-06,3.974703e-06,1.635027e-06,5.053157e-06,3.974056e-06,3.128251e-06,3.124652e-06,3.741900e-06,3.389078e-06,3.161389e-06
2.319336,5.763029e-06,3.658072e-06,2.348433e-05,1.987194e-05,4.555841e-05,1.917150e-05,8.614429e-05,1.226249e-05,7.408808e-06,1.623256e-05,3.102281e-05,1.321039e-05,2.037382e-06,4.953552e-06,3.850654e-06,6.035169e-06,3.577929e-06,1.266936e-06,3.645192e-06,3.108963e-06,2.282363e-06,2.240504e-06,2.786295e-06,2.297533e-06,2.306255e-06
2.343750,4.999314e-06,3.073225e-06,1.984531e-05,1.731725e-05,3.854099e-05,1.638900e-05,7.436499e-05,1.020078e-05,6.394030e-06,1.380776e-05,2.572353e-05,1.123563e-05,1.772191e-06,4.010735e-06,3.696012e-06,4.857837e-06,2.934761e-06,9.733924e-07,2.731855e-06,2.272209e-06,1.629859e-06,1.406356e-06,1.726100e-06,1.201613e-06,1.408406e-06
2.368164,4.244447e-06,2.519067e-06,1.610671e-05,1.436494e-05,3.122615e-05,1.343081e-05,6.058571e-05,8.309265e-06,5.254973e-06,1.119815e-05,2.056564e-05,9.442257e-06,1.522010e-06,3.437938e-06,3.181140e-06,4.219955e-06,2.224174e-06,7.990121e-07,2.073482e-06,1.723384e-06,1.107389e-06,7.946404e-07,9.230181e-07,4.697753e-07,7.170247e-07
2.392578,4.627522e-06,2.665996e-06,1.694007e-05,1.540695e-05,3.241809e-05,1.458269e-05,6.402288e-05,9.077679e-06,5.761510e-06,1.176885e-05,2.187931e-05,9.963173e-06,1.588538e-06,3.758132e-06,3.285710e-06,4.624318e-06,2.475208e-06,7.665655e-07,1.786882e-06,1.463849e-06,9.410412e-07,6.004056e-07,4.279695e-07,1.273453e-07,5.233528e-07
2.416992,5.213108e-06,2.907752e-06,1.861179e-05,1.737808e-05,3.560932e-05,1.630413e-05,7.230256e-05,1.001329e-05,6.774782e-06,1.357439e-05,2.404453e-05,1.116071e-05,1.733900e-06,4.123550e-06,3.638488e-06,4.641842e-06,2.869845e-06,8.040051e-07,1.308540e-06,1.019849e-06,6.755307e-07,4.551439e-07,1.498700e-07,3.204302e-07,5.911464e-07
2.441406,5.827951e-06,3.146029e-06,2.009429e-05,1.914878e-05,3.822479e-05,1.790265e-05,7.869163e-05,1.083252e-05,7.468391e-06,1.491315e-05,2.480832e-05,1.191440e-05,1.886708e-06,4.599225e-06,4.057890e-06,4.980391e-06,2.866358e-06,1.008856e-06,1.214572e-06,7.526374e-07,2.604036e-07,3.304155e-07,4.351529e-07,6.701782e-07,8.368738e-07
2.465820,6.628299e-06,3.470378e-06,2.223623e-05,2.158507e-05,4.176368e-05,2.039393e-05,8.748134e-05,1.248559e-05,8.496310e-06,1.634120e-05,2.743565e-05,1.256769e-05,2.041781e-06,5.076445e-06,4.518741e-06,6.199530e-06,3.158821e-06,1.256566e-06,1.572575e-06,1.119762e-06,3.588069e-07,4.119336e-07,7.972614e-07,1.027063e-06,1.128179e-06
2.490234,7.453128e-06,3.791416e-06,2.436754e-05,2.401803e-05,4.506524e-05,2.277377e-05,9.648034e-05,1.398348e-05,9.839322e-06,1.839516e-05,3.079783e-05,1.460368e-05,2.347874e-06,5.410416e-06,5.209657e-06,7.286900e-06,4.077850e-06,1.356331e-06,2.018592e-06,1.478025e-06,1.054701e-06,8.621037e-07,1.157058e-06,1.491057e-06,1.387791e-06
2.514648,8.157137e-06,4.032712e-06,2.634037e-05,2.642815e-05,4.808951e-05,2.500321e-05,1.042036e-04,1.524501e-05,1.102606e-05,2.024814e-05,3.265076e-05,1.664125e-05,2.709451e-06,6.312906e-06,5.808452e-06,7.799086e-06,5.003474e-06,1.513297e-06,2.712904e-06,2.087093e-06,1.781073e-06,1.452537e-06,1.544909e-06,1.984087e-06,1.629638e-06
2.539062,7.926292e-06,3.790441e-06,2.471278e-05,2.540247e-05,4.524848e-05,2.387060e-05,9.942254e-05,1.460105e-05,1.096239e-05,1.970094e-05,3.054215e-05,1.542215e-05,2.478317e-06,6.372492e-06,5.113523e-06,7.562683e-06,4.849070e-06,1.717834e-06,3.605696e-06,2.685959e-06,2.400941e-06,1.835242e-06,1.751552e-06,2.294742e-06,1.617113e-06
2.563477,7.713145e-06,3.583894e-06,2.309976e-05,2.425375e-05,4.196950e-05,2.301260e-05,9.272311e-05,1.382731e-05,1.060856e-05,1.885609e-05,2.814717e-05,1.449304e-05,2.246274e-06,5.827324e-06,4.734111e-06,7.340794e-06,4.794541e-06,1.866433e-06,4.101503e-06,3.415068e-06,2.818877e-06,2.288413e-06,1.943133e-06,2.736338e-06,1.646510e-06
2.587891,7.443502e-06,3.357781e-06,2.173287e-05,2.362445e-05,3.959276e-05,2.278574e-05,8.823729e-05,1.341665e-05,1.026317e-05,1.766392e-05,2.631349e-05,1.400746e-05,2.254141e-06,5.431742e-06,4.928759e-06,6.537036e-06,5.046059e-06,1.853214e-06,4.158967e-06,3.706423e-06,3.205935e-06,2.648607e-06,2.186329e-06,3.311501e-06,1.908011e-06
2.612305,7.476467e-06,3.273331e-06,2.102619e-05,2.362593e-05,3.868341e-05,2.271370e-05,8.813708e-05,1.313125e-05,1.058182e-05,1.775149e-05,2.631935e-05,1.406171e-05,2.295689e-06,5.575397e-06,5.021818e-06,6.368982e-06,5.201772e-06,1.941339e-06,4.245621e-06,3.935680e-06,3.403969e-06,3.058809e-06,2.511555e-06,3.984516e-06,2.320039e-06
2.636719,7.468555e-06,3.188763e-06,2.053218e-05,2.352084e-05,3.745316e-05,2.241001e-05,8.538883e-05,1.240762e-05,1.050061e-05,1.772335e-05,2.519416e-05,1.452952e-05,2.325827e-06,5.662871e-06,4.923924e-06,6.845029e-06,5.013830e-06,2.136717e-06,4.588531e-06,4.325854e-06,3.504865e-06,3.220748e-06,2.838463e-06,4.520496e-06,2.838521e-06
2.661133,7.456211e-06,3.104137e-06,2.010431e-05,2.344958e-05,3.645408e-05,2.235918e-05,8.303925e-05,1.224455e-05,1.019960e-05,1.689890e-05,2.360371e-05,1.447085e-05,2.355700e-06,5.879722e-06,4.925313e-06,6.985928e-06,5.238368e-06,2.133939e-06,4.917911e-06,4.814876e-06,3.482041e-06,3.294765e-06,2.995653e-06,4.759567e-06,3.184362e-06
2.685547,9.074147e-06,3.687165e-06,2.405834e-05,2.837293e-05,4.311897e-05,2.699530e-05,9.875622e-05,1.489581e-05,1.259414e-05,2.009075e-05,2.849012e-05,1.649054e-05,2.746521e-06,7.326834e-06,5.901943e-06,7.709276e-06,6.805910e-06,2.467162e-06,6.048952e-06,6.243744e-06,4.203588e-06,3.927435e-06,3.710219e-06,5.867100e-06,4.113784e-06
2.709961,1.081422e-05,4.275810e-06,2.790016e-05,3.350533e-05,4.997925e-05,3.195866e-05,1.144462e-04,1.736640e-05,1.512461e-05,2.366680e-05,3.322368e-05,1.923312e-05,3.148204e-06,8.229632e-06,7.052472e-06,8.623573e-06,7.751298e-06,2.892371e-06,6.714952e-06,7.286877e-06,5.029396e-06,4.439723e-06,4.289474e-06,6.653920e-06,4.869352e-06
2.734375,1.264644e-05,4.884816e-06,3.154907e-05,3.830439e-05,5.611564e-05,3.661868e-05,1.298981e-04,1.980170e-05,1.772822e-05,2.716221e-05,3.697070e-05,2.288121e-05,3.900219e-06,9.313487e-06,8.935597e-06,9.964600e-06,8.037736e-06,3.573151e-06,7.690225e-06,8.025662e-06,5.741538e-06,4.966998e-06,4.622024e-06,7.231476e-06,5.377913e-06
2.758789,1.186009e-05,4.473785e-06,2.917398e-05,3.575682e-05,5.096421e-05,3.408143e-05,1.169516e-04,1.799464e-05,1.669751e-05,2.539019e-05,3.313947e-05,2.075902e-05,3.816434e-06,9.435093e-06,8.726114e-06,8.935634e-06,7.218127e-06,3.297990e-06,7.074354e-06,7.350075e-06,5.303199e-06,4.327705e-06,3.991705e-06,6.161145e-06,4.640612e-06
2.783203,1.049582e-05,3.855330e-06,2.502930e-05,3.123117e-05,4.370110e-05,3.001935e-05,1.000542e-04,1.571167e-05,1.445216e-05,2.163991e-05,2.724899e-05,1.746765e-05,3.223130e-06,8.571368e-06,7.166925e-06,7.505240e-06,6.259236e-06,2.636997e-06,5.719043e-06,6.350180e-06,4.422932e-06,3.530426e-06,3.071812e-06,4.587104e-06,3.616610e-06
2.807617,9.077234e-06,3.271516e-06,2.110933e-05,2.624125e-05,3.607238e-05,2.519126e-05,8.439912e-05,1.364398e-05,1.275321e-05,1.830755e-05,2.263959e-05,1.457725e-05,2.710828e-06,7.190096e-06,5.945420e-06,6.689758e-06,5.038978e-06,2.102605e-06,4.057584e-06,5.033490e-06,3.615031e-06,2.724565e-06,2.278269e-06,3.175577e-06,2.506294e-06
2.832031,7.892786e-06,2.788184e-06,1.812566e-05,2.246831e-05,3.014832e-05,2.140697e-05,7.005437e-05,1.151739e-05,1.141759e-05,1.619559e-05,1.939247e-05,1.201115e-05,2.341098e-06,6.138455e-06,5.333848e-06,5.839626e-06,4.133275e-06,1.781600e-06,2.865801e-06,3.728286e-06,2.891119e-06,2.155462e-06,1.600728e-06,2.038600e-06,1.602137e-06
2.856445,6.998488e-06,2.423299e-06,1.571840e-05,1.954113e-05,2.579953e-05,1.876710e-05,5.967635e-05,1.000086e-05,9.899293e-06,1.397889e-05,1.604810e-05,1.038313e-05,1.992355e-06,5.250692e-06,4.730115e-06,4.626627e-06,3.678020e-06,1.412475e-06,2.263473e-06,2.669983e-06,2.241453e-06,1.671869e-06,1.167073e-06,1.293503e-06,8.467160e-07
2.880859,6.073782e-06,2.061730e-06,1.331220e-05,1.657314e-05,2.152793e-05,1.589846e-05,4.996646e-05,8.711735e-06,8.541200e-06,1.162251e-05,1.304030e-05,8.827337e-06,1.699161e-06,4.347144e-06,4.058104e-06,3.807886e-06,3.126495e-06,1.097549e-06,1.711973e-06,2.005825e-06,1.537097e-06,1.240298e-06,8.163578e-07,9.010923e-07,3.216943e-07
2.905273,5.325480e-06,1.776410e-06,1.132372e-05,1.411949e-05,1.810208e-05,1.358629e-05,4.177552e-05,7.473787e-06,7.566699e-06,1.005871e-05,1.115320e-05,6.975326e-06,1.443287e-06,3.791979e-06,3.514525e-06,3.501369e-06,2.348511e-06,9.900089e-07,1.149615e-06,1.416844e-06,9.241917e-07,8.382646e-07,5.765556e-07,6.884783e-07,1.401578e-07
2.929688,5.705476e-06,1.876464e-06,1.203954e-05,1.478359e-05,1.858018e-05,1.426009e-05,4.321228e-05,7.921192e-06,8.187041e-06,1.071124e-05,1.157155e-05,6.764622e-06,1.395745e-06,3.978767e-06,3.547096e-06,3.766812e-06,2.317869e-06,1.143518e-06,1.001412e-06,1.053504e-06,5.545877e-07,5.813173e-07,4.672964e-07,5.896722e-07,2.905140e-07
2.954102,6.113114e-06,1.974761e-06,1.275125e-05,1.564946e-05,1.927749e-05,1.507802e-05,4.399131e-05,8.363851e-06,8.893944e-06,1.139606e-05,1.190050e-05,7.216682e-06,1.368066e-06,3.762620e-06,3.482737e-06,3.825834e-06,2.701648e-06,1.159353e-06,1.070769e-06,6.693289e-07,1.790619e-07,2.903776e-07,3.003432e-07,3.901319e-07,3.776955e-07
2.978516,6.546712e-06,2.089813e-06,1.346562e-05,1.631291e-05,1.995085e-05,1.614437e-05,4.579113e-05,8.782879e-06,9.432517e-06,1.199131e-05,1.226746e-05,7.615874e-06,1.486121e-06,3.683583e-06,3.767665e-06,4.045735e-06,3.011172e-06,1.135003e-06,1.201136e-06,1.090718e-06,2.009495e-07,3.624228e-08,1.610259e-07,2.570741e-07,4.018276e-07
3.002930,7.080943e-06,2.229188e-06,1.457029e-05,1.723722e-05,2.075887e-05,1.705274e-05,4.890317e-05,9.595203e-06,1.016819e-05,1.249348e-05,1.261849e-05,7.868089e-06,1.584718e-06,4.051309e-06,4.076796e-06,4.325712e-06,3.180709e-06,1.312861e-06,1.269761e-06,1.644077e-06,5.388956e-07,3.757490e-07,2.097422e-07,5.459712e-07,4.515054e-07
3.027344,7.775196e-06,2.408695e-06,1.564922e-05,1.849974e-05,2.198868e-05,1.821953e-05,5.085196e-05,1.013281e-05,1.135039e-05,1.361618e-05,1.356359e-05,8.393056e-06,1.593107e-06,4.333178e-06,4.003025e-06,4.387704e-06,3.614844e-06,1.556680e-06,1.560781e-06,2.164535e-06,9.450592e-07,6.918601e-07,4.394625e-07,1.051292e-06,5.370429e-07
3.051758,8.513456e-06,2.606359e-06,1.672883e-05,1.957027e-05,2.306363e-05,1.961951e-05,5.304407e-05,1.045082e-05,1.209459e-05,1.467886e-05,1.436717e-05,8.733752e-06,1.664230e-06,4.463034e-06,3.878639e-06,4.607229e-06,4.125864e-06,1.736665e-06,2.096440e-06,2.760690e-06,1.244197e-06,1.037862e-06,6.825438e-07,1.614522e-06,7.320229e-07
3.076172,9.278410e-06,2.811407e-06,1.790037e-05,2.073976e-05,2.404338e-05,2.074229e-05,5.540255e-05,1.127906e-05,1.265994e-05,1.509449e-05,1.442383e-05,9.440077e-06,1.737299e-06,4.714482e-06,4.061008e-06,5.244227e-06,4.372363e-06,1.973652e-06,2.512980e-06,3.629195e-06,1.524648e-06,1.313402e-06,9.517893e-07,2.342616e-06,9.910749e-07
3.100586,1.015289e-05,3.053416e-06,1.947673e-05,2.221312e-05,2.533642e-05,2.230222e-05,5.800572e-05,1.228208e-05,1.394543e-05,1.600668e-05,1.517048e-05,1.103360e-05,1.895651e-06,4.857112e-06,4.240167e-06,5.729986e-06,4.543546e-06,2.431669e-06,2.677854e-06,4.504679e-06,1.710207e-06,1.567003e-06,1.191703e-06,3.125533e-06,1.455438e-06
3.125000,1.105451e-05,3.294734e-06,2.112550e-05,2.393613e-05,2.673464e-05,2.372898e-05,6.096612e-05,1.316773e-05,1.518748e-05,1.715393e-05,1.641827e-05,1.194703e-05,2.259865e-06,5.348696e-06,4.658013e-06,5.535313e-06,5.186245e-06,2.712126e-06,2.901304e-06,5.156332e-06,1.910193e-06,1.699838e-06,1.409725e-06,3.888294e-06,1.961968e-06
3.149414,1.198419e-05,3.567339e-06,2.275587e-05,2.568572e-05,2.850631e-05,2.540489e-05,6.305718e-05,1.406849e-05,1.654615e-05,1.825316e-05,1.721231e-05,1.229383e-05,2.497326e-06,6.525061e-06,5.317902e-06,5.361330e-06,5.959269e-06,2.770875e-06,3.223162e-06,5.526821e-06,2.272037e-06,1.747827e-06,1.537249e-06,4.470060e-06,2.492982e-06
3.173828,1.193490e-05,3.550721e-06,2.325401e-05,2.543371e-05,2.784051e-05,2.544819e-05,6.213234e-05,1.374152e-05,1.668761e-05,1.838541e-05,1.682847e-05,1.263824e-05,2.381009e-06,6.786304e-06,5.079431e-06,5.261800e-06,5.727203e-06,2.693330e-06,3.397427e-06,6.008560e-06,2.494531e-06,1.735340e-06,1.453897e-06,4.444097e-06,2.716915e-06
3.198242,1.086193e-05,3.214373e-06,2.135294e-05,2.347531e-05,2.521025e-05,2.245924e-05,5.516871e-05,1.271019e-05,1.496396e-05,1.625079e-05,1.449398e-05,1.176409e-05,2.253523e-06,5.869384e-06,4.465559e-06,4.459077e-06,4.651766e-06,2.607464e-06,2.998200e-06,5.895142e-06,2.511530e-06,1.564618e-06,1.256709e-06,3.845102e-06,2.508185e-06
3.222656,9.689514e-06,2.864410e-06,1.929555e-05,2.117392e-05,2.262707e-05,2.009167e-05,4.703744e-05,1.150067e-05,1.401951e-05,1.456913e-05,1.240603e-05,1.042878e-05,2.195265e-06,5.471792e-06,4.661653e-06,3.681915e-06,4.034692e-06,2.382717e-06,2.571981e-06,5.566801e-06,2.318745e-06,1.500534e-06,1.022273e-06,3.219412e-06,2.165577e-06
3.247070,8.467406e-06,2.494453e-06,1.711467e-05,1.870904e-05,1.975642e-05,1.767143e-05,4.062375e-05,9.926212e-06,1.267327e-05,1.324388e-05,1.113224e-05,9.259817e-06,1.991603e-06,5.177879e-06,4.609523e-06,3.437584e-06,3.551720e-06,1.961503e-06,2.280823e-06,4.801187e-06,2.112308e-06,1.366649e-06,8.647705e-07,2.565299e-06,1.792924e-06
3.271484,8.584996e-06,2.518771e-06,1.764146e-05,1.922784e-05,2.007186e-05,1.793664e-05,4.076148e-05,1.044993e-05,1.291605e-05,1.332926e-05,1.107529e-05,9.061012e-06,2.139385e-06,5.495236e-06,4.866539e-06,3.593740e-06,3.244749e-06,1.863954e-06,2.347427e-06,4.762935e-06,2.135851e-06,1.474038e-06,8.512670e-07,2.493682e-06,1.659869e-06
3.295898,9.475559e-06,2.754447e-06,1.958431e-05,2.153905e-05,2.206057e-05,1.983305e-05,4.429041e-05,1.183743e-05,1.475809e-05,1.470833e-05,1.177223e-05,9.683403e-06,2.417800e-06,6.523247e-06,5.725468e-06,3.571145e-06,3.441870e-06,2.095604e-06,2.418908e-06,5.347598e-06,2.335598e-06,1.653495e-06,9.665234e-07,2.555581e-06,1.678127e-06
3.320312,1.044895e-05,3.017507e-06,2.128929e-05,2.406470e-05,2.437200e-05,2.173458e-05,4.732876e-05,1.315065e-05,1.660597e-05,1.630713e-05,1.288927e-05,1.127032e-05,2.567106e-06,7.201352e-06,6.438945e-06,4.050348e-06,4.091647e-06,2.139046e-06,2.238832e-06,5.808775e-06,2.404992e-06,1.826145e-06,1.073989e-06,2.686481e-06,1.593924e-06
3.344727,1.140520e-05,3.274588e-06,2.306116e-05,2.640157e-05,2.650642e-05,2.401328e-05,5.004872e-05,1.445293e-05,1.867319e-05,1.795587e-05,1.385313e-05,1.227815e-05,2.945149e-06,7.486687e-06,6.978003e-06,5.234146e-06,4.417215e-06,2.061794e-06,1.990356e-06,5.874134e-06,2.317552e-06,1.905808e-06,1.194734e-06,2.842307e-06,1.499086e-06
3.369141,1.159223e-05,3.293957e-06,2.280626e-05,2.698664e-05,2.649531e-05,2.394715e-05,4.997243e-05,1.441544e-05,1.916965e-05,1.833536e-05,1.382179e-05,1.146201e-05,3.133132e-06,7.873491e-06,7.588419e-06,5.548029e-06,3.901600e-06,2.298894e-06,1.837163e-06,5.022896e-06,1.997065e-06,1.697783e-06,1.180739e-06,2.908334e-06,1.300312e-06
3.393555,1.148395e-05,3.255472e-06,2.187136e-05,2.700668e-05,2.619643e-05,2.277555e-05,4.793287e-05,1.438369e-05,1.867105e-05,1.767436e-05,1.328685e-05,1.077533e-05,2.913006e-06,8.167115e-06,7.866629e-06,5.564302e-06,4.005134e-06,2.666517e-06,1.577449e-06,4.119137e-06,1.569948e-06,1.399748e-06,1.028304e-06,2.873498e-06,1.225946e-06
3.417969,1.129045e-05,3.190471e-06,2.125952e-05,2.668019e-05,2.555228e-05,2.224858e-05,4.505720e-05,1.435674e-05,1.865435e-05,1.697264e-05,1.247615e-05,1.031406e-05,2.680305e-06,7.676386e-06,7.292589e-06,5.976492e-06,4.648504e-06,2.628609e-06,1.209391e-06,3.623172e-06,1.339942e-06,9.622165e-07,8.548353e-07,2.699595e-06,1.226397e-06
3.442383,1.113328e-05,3.137012e-06,2.067916e-05,2.656446e-05,2.501197e-05,2.168092e-05,4.341082e-05,1.364081e-05,1.881957e-05,1.699772e-05,1.213438e-05,9.965515e-06,2.572886e-06,7.022552e-06,6.847421e-06,5.965223e-06,4.769578e-06,2.502952e-06,1.125642e-06,3.031493e-06,1.024291e-06,6.195977e-07,5.707408e-07,2.337274e-06,1.147351e-06
3.466797,1.062440e-05,2.994773e-06,1.956686e-05,2.557078e-05,2.386583e-05,2.032444e-05,4.025238e-05,1.278135e-05,1.749729e-05,1.604847e-05,1.155786e-05,9.468937e-06,2.379386e-06,6.377293e-06,6.586873e-06,5.560585e-06,4.710654e-06,2.691190e-06,1.256715e-06,2.003710e-06,7.140914e-07,2.679234e-07,2.916485e-07,1.761096e-06,9.741532e-07
3.491211,9.989709e-06,2.829061e-06,1.827799e-05,2.418287e-05,2.241285e-05,1.899042e-05,3.658898e-05,1.218301e-05,1.618054e-05,1.445871e-05,1.027031e-05,8.473626e-06,2.187129e-06,5.708248e-06,6.087153e-06,5.611678e-06,4.790020e-06,2.698004e-06,1.207633e-06,1.798349e-06,3.438794e-07,1.777763e-07,7.871182e-08,1.175500e-06,6.834793e-07
3.515625,9.231658e-06,2.634012e-06,1.717744e-05,2.251600e-05,2.086462e-05,1.750256e-05,3.331363e-05,1.137194e-05,1.527045e-05,1.328206e-05,9.231895e-06,7.252669e-06,2.014723e-06,5.198401e-06,5.463735e-06,5.616222e-06,4.590661e-06,2.568838e-06,1.127796e-06,2.385932e-06,3.126351e-07,3.507349e-07,2.411120e-07,9.195744e-07,4.421335e-07
3.540039,8.501013e-06,2.426370e-06,1.603947e-05,2.067533e-05,1.896925e-05,1.618599e-05,3.001820e-05,1.061145e-05,1.418747e-05,1.211374e-05,8.527417e-06,6.840405e-06,1.726901e-06,4.817265e-06,4.882962e-06,5.060552e-06,3.973987e-06,2.554025e-06,1.213958e-06,2.743614e-06,5.328292e-07,5.431877e-07,4.159800e-07,1.012016e-06,3.897922e-07
3.564453,8.562190e-06,2.459438e-06,1.625157e-05,2.097958e-05,1.906815e-05,1.610700e-05,3.029615e-05,1.062962e-05,1.468158e-05,1.230935e-05,8.505757e-06,7.257022e-06,1.579531e-06,4.514651e-06,4.581258e-06,4.804764e-06,3.995185e-06,2.898685e-06,1.504337e-06,3.124112e-06,8.664746e-07,7.328397e-07,5.910527e-07,1.416389e-06,5.495344e-07
3.588867,9.016843e-06,2.600386e-06,1.758470e-05,2.204360e-05,2.008736e-05,1.690384e-05,3.156481e-05,1.131782e-05,1.559819e-05,1.321420e-05,9.086964e-06,7.546740e-06,1.765796e-06,4.276847e-06,4.275195e-06,5.009283e-06,4.627809e-06,3.155506e-06,1.674551e-06,3.960373e-06,1.285368e-06,9.513161e-07,7.618485e-07,1.992021e-06,8.557744e-07
3.613281,9.519737e-06,2.746860e-06,1.884884e-05,2.298265e-05,2.077821e-05,1.823047e-05,3.248028e-05,1.239077e-05,1.661141e-05,1.367276e-05,9.307423e-06,7.972481e-06,1.991550e-06,4.709948e-06,4.474366e-06,5.213571e-06,5.073515e-06,3.126217e-06,1.771198e-06,5.037015e-06,1.807245e-06,1.160869e-06,8.977738e-07,2.542336e-06,1.194568e-06
3.637695,1.003092e-05,2.903345e-06,2.005593e-05,2.401379e-05,2.154489e-05,1.924980e-05,3.411880e-05,1.299446e-05,1.839798e-05,1.473311e-05,9.375351e-06,8.484522e-06,2.052550e-06,5.353658e-06,4.968007e-06,5.195378e-06,5.109463e-06,3.201194e-06,1.917006e-06,5.784467e-06,2.328208e-06,1.400209e-06,9.952159e-07,2.971255e-06,1.535231e-06
3.662109,1.074397e-05,3.118576e-06,2.154867e-05,2.530310e-05,2.253743e-05,2.046632e-05,3.575599e-05,1.385466e-05,1.985473e-05,1.611517e-05,1.015564e-05,9.105988e-06,2.214095e-06,5.768041e-06,4.923111e-06,5.155131e-06,5.218679e-06,3.619286e-06,2.119652e-06,6.093749e-06,2.796073e-06,1.739671e-06,1.047553e-06,3.284548e-06,1.839089e-06
3.686523,1.171461e-05,3.419024e-06,2.346430e-05,2.725629e-05,2.404362e-05,2.237857e-05,3.810638e-05,1.556604e-05,2.159439e-05,1.724277e-05,1.094074e-05,1.046414e-05,2.434217e-06,6.457889e-06,5.013697e-06,5.553352e-06,5.511796e-06,4.006349e-06,2.261208e-06,6.643478e-06,3.176175e-06,2.108628e-06,1.157775e-06,3.409612e-06,2.094252e-06
3.710938,1.274159e-05,3.721974e-06,2.533947e-05,2.902260e-05,2.530776e-05,2.427753e-05,4.057726e-05,1.705236e-05,2.400658e-05,1.863277e-05,1.135171e-05,1.134729e-05,2.677658e-06,6.991059e-06,5.500415e-06,5.625161e-06,5.679108e-06,4.183523e-06,2.281367e-06,7.380944e-06,3.386710e-06,2.438640e-06,1.264683e-06,3.347356e-06,2.168059e-06
3.735352,1.380734e-05,4.061177e-06,2.699836e-05,3.115013e-05,2.652932e-05,2.646752e-05,4.305105e-05,1.849336e-05,2.632707e-05,2.026578e-05,1.208771e-05,1.136265e-05,3.178065e-06,7.547397e-06,6.054786e-06,4.833190e-06,5.362635e-06,4.272943e-06,2.360942e-06,8.312049e-06,3.520404e-06,2.624226e-06,1.404839e-06,3.304804e-06,2.108879e-06
3.759766,1.470321e-05,4.357887e-06,2.897612e-05,3.342053e-05,2.817506e-05,2.815198e-05,4.622653e-05,1.986753e-05,2.889715e-05,2.186011e-05,1.284375e-05,1.207137e-05,3.557879e-06,8.986734e-06,7.269707e-06,4.395939e-06,5.188113e-06,4.509747e-06,2.650726e-06,8.532967e-06,3.514057e-06,2.711310e-06,1.503068e-06,3.240594e-06,1.975699e-06
3.784180,1.350500e-05,4.011241e-06,2.663656e-05,3.047371e-05,2.539132e-05,2.555112e-05,4.136264e-05,1.804965e-05,2.688623e-05,2.037357e-05,1.172266e-05,1.160333e-05,3.138086e-06,8.733608e-06,7.440866e-06,4.022082e-06,4.669532e-06,3.774631e-06,2.418588e-06,7.428805e-06,2.883617e-06,2.317903e-06,1.334467e-06,2.830147e-06,1.554120e-06
3.808594,1.229511e-05,3.694741e-06,2.408282e-05,2.812441e-05,2.296281e-05,2.347210e-05,3.640250e-05,1.686844e-05,2.413393e-05,1.813759e-05,1.072803e-05,1.044491e-05,2.882894e-06,7.626897e-06,6.734184e-06,3.412211e-06,3.679159e-06,2.672015e-06,2.022823e-06,6.418387e-06,2.275424e-06,1.854713e-06,1.157799e-06,2.485519e-06,1.199640e-06
3.833008,1.100996e-05,3.345647e-06,2.174203e-05,2.558508e-05,2.080639e-05,2.093012e-05,3.250480e-05,1.530194e-05,2.224437e-05,1.603703e-05,9.284068e-06,9.069458e-06,2.791086e-06,6.764712e-06,5.973133e-06,2.933239e-06,2.383629e-06,1.978682e-06,1.545469e-06,5.756538e-06,1.809408e-06,1.405843e-06,9.395862e-07,2.177025e-06,9.034818e-07
3.857422,9.720154e-06,2.983339e-06,1.937813e-05,2.278309e-05,1.841792e-05,1.852336e-05,2.823644e-05,1.319793e-05,2.015210e-05,1.458765e-05,8.083920e-06,7.804435e-06,2.522012e-06,6.385633e-06,5.798031e-06,2.864980e-06,1.803192e-06,1.777568e-06,1.194431e-06,4.789686e-06,1.547676e-06,9.716342e-07,7.320192e-07,1.919749e-06,6.821396e-07
3.881836,9.312909e-06,2.873157e-06,1.873391e-05,2.188870e-05,1.760256e-05,1.794161e-05,2.675164e-05,1.281670e-05,1.894958e-05,1.389094e-05,7.970869e-06,7.077898e-06,2.382571e-06,6.280951e-06,5.985693e-06,2.785877e-06,1.822430e-06,1.496898e-06,1.060236e-06,3.960273e-06,1.494027e-06,7.926124e-07,5.445639e-07,1.796798e-06,6.262485e-07
3.906250,9.770631e-06,3.038228e-06,1.957597e-05,2.293156e-05,1.825157e-05,1.887167e-05,2.780833e-05,1.362925e-05,1.990868e-05,1.421589e-05,8.181186e-06,7.441424e-06,2.473632e-06,6.566771e-06,6.196607e-06,3.059121e-06,1.901051e-06,1.260467e-06,8.838241e-07,3.265624e-06,1.562206e-06,7.771940e-07,4.328927e-07,1.805290e-06,6.836990e-07
3.930664,1.013721e-05,3.184042e-06,2.052034e-05,2.413938e-05,1.909428e-05,1.982533e-05,2.884495e-05,1.441168e-05,2.098528e-05,1.473450e-05,8.322827e-06,8.007595e-06,2.441833e-06,6.880474e-06,6.464222e-06,3.856069e-06,2.324164e-06,1.466692e-06,5.997084e-07,2.582670e-06,1.503225e-06,8.572184e-07,3.201846e-07,1.611652e-06,7.667439e-07
3.955078,1.060144e-05,3.337884e-06,2.156600e-05,2.495806e-05,1.980186e-05,2.038153e-05,3.011522e-05,1.525093e-05,2.214069e-05,1.518060e-05,8.633544e-06,7.806124e-06,2.467787e-06,6.752270e-06,6.711148e-06,4.690119e-06,2.884528e-06,1.799437e-06,4.904619e-07,2.147047e-06,1.347832e-06,8.744950e-07,2.860562e-07,1.336320e-06,7.466442e-07
3.979492,1.112307e-05,3.538420e-06,2.234420e-05,2.587843e-05,2.024981e-05,2.113574e-05,3.067764e-05,1.570871e-05,2.354588e-05,1.599029e-05,8.920271e-06,7.624690e-06,2.721061e-06,6.576898e-06,6.666815e-06,5.035119e-06,3.150204e-06,2.149405e-06,5.235443e-07,1.239750e-06,1.060854e-06,8.130435e-07,2.737125e-07,9.393175e-07,6.676537e-07
4.003906,1.126443e-05,3.617103e-06,2.262567e-05,2.625381e-05,2.035611e-05,2.155678e-05,3.044805e-05,1.602793e-05,2.355840e-05,1.617156e-05,9.158693e-06,7.845333e-06,2.709109e-06,6.978910e-06,6.742046e-06,5.148097e-06,3.227966e-06,2.718233e-06,5.488853e-07,2.859729e-07,6.299985e-07,6.165763e-07,2.529118e-07,6.075860e-07,4.943534e-07
4.028320,1.144233e-05,3.695705e-06,2.281185e-05,2.618097e-05,2.021226e-05,2.133140e-05,3.083575e-05,1.643625e-05,2.386903e-05,1.590391e-05,9.172594e-06,7.964140e-06,2.481760e-06,7.071045e-06,7.066401e-06,5.714836e-06,3.764127e-06,3.374019e-06,7.205748e-07,1.934062e-06,2.203466e-07,2.890355e-07,2.076745e-07,6.177885e-07,3.780937e-07
4.052734,1.161525e-05,3.784381e-06,2.293911e-05,2.619829e-05,1.996470e-05,2.113500e-05,3.057293e-05,1.622938e-05,2.488573e-05,1.628173e-05,8.842834e-06,8.057220e-06,2.418238e-06,6.518132e-06,6.660074e-06,6.064233e-06,4.504710e-06,3.703792e-06,1.067311e-06,3.083886e-06,3.752357e-07,5.526899e-08,1.609310e-07,9.033094e-07,4.509517e-07
4.077148,1.179616e-05,3.880423e-06,2.307757e-05,2.626966e-05,1.980733e-05,2.106231e-05,3.012209e-05,1.640883e-05,2.491036e-05,1.659450e-05,8.899585e-06,8.139042e-06,2.473182e-06,6.193632e-06,5.894040e-06,6.097962e-06,4.843198e-06,3.712279e-06,1.337590e-06,4.075256e-06,8.738863e-07,5.019327e-07,2.752773e-07,1.335064e-06,6.751956e-07
4.101562,1.185838e-05,3.952407e-06,2.328197e-05,2.651065e-05,1.970965e-05,2.073012e-05,2.968110e-05,1.690480e-05,2.490382e-05,1.627391e-05,9.022213e-06,7.908185e-06,2.515210e-06,6.148901e-06,5.709946e-06,6.291219e-06,4.783388e-06,3.790494e-06,1.488455e-06,5.121245e-06,1.401701e-06,9.297416e-07,4.592568e-07,1.775258e-06,9.680776e-07
4.125977,1.178632e-05,3.957369e-06,2.332748e-05,2.629366e-05,1.950760e-05,2.010053e-05,2.869585e-05,1.672615e-05,2.514803e-05,1.605906e-05,8.623019e-06,7.919326e-06,2.598406e-06,6.063617e-06,5.604297e-06,6.428196e-06,4.828081e-06,4.212165e-06,1.569195e-06,6.238462e-06,1.728350e-06,1.373096e-06,6.640368e-07,2.168043e-06,1.261442e-06
4.150391,1.170883e-05,4.001057e-06,2.309055e-05,2.592568e-05,1.904649e-05,1.916373e-05,2.796559e-05,1.660555e-05,2.511568e-05,1.592267e-05,8.375264e-06,8.409965e-06,2.598972e-06,6.326530e-06,5.372325e-06,5.977925e-06,4.887222e-06,4.430447e-06,1.700389e-06,7.022264e-06,1.978386e-06,1.706350e-06,8.807921e-07,2.357128e-06,1.510943e-06
4.174805,1.147469e-05,3.984260e-06,2.312115e-05,2.597122e-05,1.883599e-05,1.859952e-05,2.655646e-05,1.622167e-05,2.537553e-05,1.585106e-05,8.214902e-06,8.241305e-06,2.455936e-06,6.519692e-06,5.296700e-06,5.201210e-06,4.562094e-06,4.365984e-06,1.770413e-06,7.289119e-06,2.140317e-06,1.928997e-06,1.082686e-06,2.513142e-06,1.634146e-06
4.199219,1.131352e-05,3.956291e-06,2.321525e-05,2.554807e-05,1.863303e-05,1.831203e-05,2.535718e-05,1.595428e-05,2.508313e-05,1.588879e-05,8.085294e-06,7.629512e-06,2.569510e-06,6.159187e-06,5.091206e-06,4.816597e-06,4.203981e-06,4.373305e-06,1.738257e-06,7.170548e-06,2.283103e-06,2.034115e-06,1.228276e-06,2.550750e-06,1.675892e-06
4.223633,1.104159e-05,3.902468e-06,2.286488e-05,2.474014e-05,1.794999e-05,1.749277e-05,2.438645e-05,1.612604e-05,2.415987e-05,1.505474e-05,8.081476e-06,7.415517e-06,2.772167e-06,6.167240e-06,4.564385e-06,4.639083e-06,4.123342e-06,4.366095e-06,1.581569e-06,6.973030e-06,2.401186e-06,2.012868e-06,1.297672e-06,2.600632e-06,1.578060e-06
4.248047,1.039439e-05,3.709918e-06,2.173973e-05,2.336522e-05,1.682602e-05,1.648146e-05,2.217338e-05,1.506380e-05,2.353839e-05,1.408716e-05,7.434289e-06,7.029418e-06,2.611625e-06,6.501051e-06,4.578744e-06,3.980159e-06,3.851059e-06,3.864911e-06,1.474025e-06,6.680972e-06,2.325665e-06,1.862683e-06,1.259846e-06,2.561218e-06,1.391973e-06
4.272461,9.691226e-06,3.504126e-06,2.058465e-05,2.199764e-05,1.575909e-05,1.554833e-05,2.036890e-05,1.396385e-05,2.227990e-05,1.354708e-05,6.791648e-06,6.619302e-06,2.413096e-06,6.311638e-06,4.901424e-06,3.198829e-06,3.196811e-06,3.166138e-06,1.452746e-06,6.283308e-06,2.211235e-06,1.675803e-06,1.147985e-06,2.526253e-06,1.195460e-06
4.296875,9.028992e-06,3.285765e-06,1.953398e-05,2.064869e-05,1.478659e-05,1.451854e-05,1.884496e-05,1.334306e-05,2.049171e-05,1.251030e-05,6.567340e-06,6.319278e-06,2.329793e-06,5.834052e-06,4.691259e-06,2.735281e-06,2.454838e-06,2.597417e-06,1.338909e-06,5.564196e-06,2.007838e-06,1.428849e-06,1.017319e-06,2.402850e-06,1.032569e-06
4.321289,8.413550e-06,3.097406e-06,1.824567e-05,1.901497e-05,1.366790e-05,1.354987e-05,1.739383e-05,1.254574e-05,1.924539e-05,1.147754e-05,6.156100e-06,5.563951e-06,2.201332e-06,5.520918e-06,4.404977e-06,2.215043e-06,1.922973e-06,2.312079e-06,1.140175e-06,4.708070e-06,1.807625e-06,1.201147e-06,8.300956e-07,2.204615e-06,8.830296e-07
4.345703,7.836764e-06,2.920331e-06,1.721743e-05,1.787205e-05,1.266980e-05,1.269020e-05,1.626045e-05,1.201407e-05,1.812938e-05,1.068148e-05,5.678124e-06,4.926717e-06,2.168170e-06,5.116389e-06,4.417875e-06,1.598973e-06,1.600292e-06,1.983014e-06,9.722066e-07,4.298883e-06,1.588949e-06,9.823475e-07,6.606790e-07,1.980423e-06,7.542322e-07
4.370117,7.858935e-06,2.938364e-06,1.744686e-05,1.796038e-05,1.275353e-05,1.302530e-05,1.587885e-05,1.217294e-05,1.849963e-05,1.058316e-05,5.655288e-06,5.137977e-06,2.295198e-06,5.236098e-06,4.567104e-06,1.731373e-06,1.260586e-06,1.572172e-06,9.122497e-07,4.194275e-06,1.434889e-06,8.868005e-07,5.143549e-07,1.880169e-06,6.833723e-07
4.394531,7.877733e-06,2.976409e-06,1.746895e-05,1.783039e-05,1.268916e-05,1.323242e-05,1.591078e-05,1.213677e-05,1.886461e-05,1.081618e-05,5.583083e-06,5.210209e-06,2.203961e-06,5.610305e-06,4.803724e-06,2.094030e-06,9.872761e-07,1.163887e-06,8.334663e-07,3.909921e-06,1.236539e-06,8.028569e-07,3.854251e-07,1.692660e-06,6.592037e-07
4.418945,7.836950e-06,2.991768e-06,1.758917e-05,1.799845e-05,1.268602e-05,1.306909e-05,1.619857e-05,1.245548e-05,1.869459e-05,1.080059e-05,5.720791e-06,4.972369e-06,2.047822e-06,5.551272e-06,5.139997e-06,2.146450e-06,1.025415e-06,9.849908e-07,6.650039e-07,3.201190e-06,9.645779e-07,7.408465e-07,2.934736e-07,1.463581e-06,6.389324e-07
4.443359,7.800858e-06,3.006974e-06,1.775583e-05,1.819029e-05,1.282864e-05,1.311784e-05,1.608004e-05,1.248776e-05,1.917922e-05,1.067720e-05,5.876287e-06,4.862674e-06,2.120447e-06,5.076907e-06,5.063495e-06,2.311716e-06,9.467934e-07,7.376345e-07,4.458929e-07,2.606026e-06,7.180228e-07,6.684702e-07,2.557795e-07,1.093074e-06,6.091126e-07
4.467773,7.788050e-06,3.022019e-06,1.796059e-05,1.838848e-05,1.295180e-05,1.309504e-05,1.610937e-05,1.223570e-05,1.973753e-05,1.101019e-05,5.737236e-06,4.762671e-06,2.184452e-06,4.986395e-06,4.675402e-06,2.818422e-06,8.994353e-07,8.107244e-07,2.784155e-07,2.025989e-06,5.463156e-07,5.330003e-07,2.737085e-07,6.729511e-07,5.194995e-07
4.492188,7.989141e-06,3.129567e-06,1.847296e-05,1.892473e-05,1.339163e-05,1.328503e-05,1.646732e-05,1.273101e-05,1.993151e-05,1.133018e-05,5.876084e-06,4.822880e-06,2.160030e-06,5.226162e-06,4.808981e-06,3.201004e-06,1.361349e-06,1.382106e-06,1.639468e-07,1.517735e-06,4.463600e-07,4.276056e-07,2.603922e-07,2.717067e-07,3.865055e-07
4.516602,8.133197e-06,3.219100e-06,1.897004e-05,1.947138e-05,1.371953e-05,1.345803e-05,1.668970e-05,1.315239e-05,2.047413e-05,1.139148e-05,6.167814e-06,5.100512e-06,2.158434e-06,5.233116e-06,5.114370e-06,3.537258e-06,1.863346e-06,1.706047e-06,6.812459e-08,7.310512e-07,3.265172e-07,2.748283e-07,2.363602e-07,1.802535e-07,2.221294e-07
4.541016,8.355394e-06,3.303574e-06,1.966629e-05,2.022197e-05,1.424711e-05,1.349881e-05,1.683116e-05,1.340073e-05,2.119280e-05,1.167230e-05,6.231899e-06,5.071028e-06,2.101472e-06,5.305505e-06,5.050856e-06,4.085988e-06,2.091505e-06,1.806853e-06,2.962061e-07,5.118939e-07,1.771572e-07,1.642428e-07,1.711425e-07,4.177252e-07,4.998070e-08
4.565430,8.624042e-06,3.436764e-06,2.012373e-05,2.067088e-05,1.476904e-05,1.382629e-05,1.662552e-05,1.363897e-05,2.185550e-05,1.189902e-05,6.334442e-06,4.816455e-06,2.045319e-06,5.226235e-06,4.940115e-06,4.491636e-06,2.298970e-06,2.073406e-06,5.608822e-07,1.515350e-06,5.420901e-08,1.940769e-07,1.263446e-07,5.399428e-07,1.139765e-07
4.589844,8.803638e-06,3.547404e-06,2.057781e-05,2.121984e-05,1.508003e-05,1.405179e-05,1.670712e-05,1.360248e-05,2.275209e-05,1.232736e-05,6.478733e-06,5.104179e-06,2.218469e-06,4.866804e-06,4.799115e-06,4.430739e-06,2.580490e-06,2.550785e-06,7.532941e-07,2.395434e-06,2.783743e-07,3.789816e-07,2.056161e-07,6.117588e-07,2.569162e-07
4.614258,8.789213e-06,3.563900e-06,2.070523e-05,2.153661e-05,1.526441e-05,1.369300e-05,1.651889e-05,1.358523e-05,2.235589e-05,1.235119e-05,6.450965e-06,5.375194e-06,2.299430e-06,4.881065e-06,4.293081e-06,4.289498e-06,2.660664e-06,2.820542e-06,8.430471e-07,2.993730e-06,5.848010e-07,5.849345e-07,3.508926e-07,5.688832e-07,3.990227e-07
4.638672,8.664628e-06,3.541261e-06,2.050676e-05,2.130509e-05,1.523585e-05,1.352157e-05,1.569380e-05,1.353923e-05,2.163337e-05,1.170782e-05,6.517523e-06,5.191676e-06,2.130298e-06,5.128213e-06,4.047598e-06,4.440695e-06,2.559535e-06,2.911987e-06,9.857173e-07,3.801851e-06,9.624703e-07,7.549706e-07,5.060111e-07,5.754471e-07,5.407368e-07
4.663086,8.579930e-06,3.533013e-06,2.029579e-05,2.097504e-05,1.509306e-05,1.325964e-05,1.516780e-05,1.291569e-05,2.174766e-05,1.139176e-05,6.418994e-06,5.032896e-06,2.082932e-06,4.885217e-06,4.236360e-06,4.491196e-06,2.652519e-06,3.075859e-06,1.132655e-06,4.601592e-06,1.344682e-06,8.797884e-07,6.467750e-07,6.177987e-07,6.723213e-07
4.687500,8.464844e-06,3.523059e-06,1.998820e-05,2.052169e-05,1.486320e-05,1.287014e-05,1.477140e-05,1.255764e-05,2.115428e-05,1.134356e-05,6.086621e-06,4.829364e-06,2.215579e-06,4.593332e-06,4.080184e-06,4.178237e-06,2.833388e-06,3.237147e-06,1.189816e-06,5.058727e-06,1.697481e-06,1.028703e-06,7.414566e-07,7.652993e-07,7.533118e-07
4.711914,8.378319e-06,3.496852e-06,1.988496e-05,2.026561e-05,1.463868e-05,1.253940e-05,1.431114e-05,1.248797e-05,2.032280e-05,1.090167e-05,6.085463e-06,4.625426e-06,2.254101e-06,4.741834e-06,3.617455e-06,3.864799e-06,2.821650e-06,3.067602e-06,1.158078e-06,5.027555e-06,1.969714e-06,1.133482e-06,8.000563e-07,1.057756e-06,7.732524e-07
4.736328,8.488712e-06,3.579218e-06,2.005533e-05,2.038218e-05,1.490012e-05,1.245995e-05,1.415100e-05,1.247967e-05,2.039239e-05,1.070988e-05,6.242372e-06,4.834312e-06,2.305530e-06,4.951678e-06,3.668787e-06,3.689624e-06,2.561934e-06,2.772037e-06,1.143265e-06,4.980564e-06,2.144518e-06,1.291365e-06,8.377369e-07,1.425966e-06,7.843574e-07
4.760742,9.510551e-06,4.070563e-06,2.264521e-05,2.270129e-05,1.672856e-05,1.417155e-05,1.549780e-05,1.420059e-05,2.273145e-05,1.183269e-05,6.924660e-06,5.570831e-06,2.628657e-06,5.743722e-06,4.315088e-06,3.625097e-06,2.617946e-06,2.998918e-06,1.321945e-06,5.694794e-06,2.533854e-06,1.552572e-06,9.328487e-07,2.019568e-06,8.922734e-07
4.785156,1.060136e-05,4.561451e-06,2.568158e-05,2.543863e-05,1.861737e-05,1.557730e-05,1.725361e-05,1.578098e-05,2.543313e-05,1.289000e-05,7.656694e-06,5.827744e-06,2.786232e-06,6.721368e-06,4.875448e-06,3.276611e-06,2.761184e-06,3.428976e-06,1.524644e-06,6.401367e-06,2.804812e-06,1.798201e-06,1.019071e-06,2.541118e-06,1.067675e-06
4.809570,1.174032e-05,5.113118e-06,2.863923e-05,2.799054e-05,2.078040e-05,1.668061e-05,1.902593e-05,1.733734e-05,2.810228e-05,1.433831e-05,8.296576e-06,6.249354e-06,3.087900e-06,7.210989e-06,5.693465e-06,3.306590e-06,2.749420e-06,3.619469e-06,1.613134e-06,6.721378e-06,3.008130e-06,1.958244e-06,1.058770e-06,3.026422e-06,1.239997e-06
4.833984,1.282296e-05,5.666734e-06,3.161064e-05,3.019296e-05,2.263600e-05,1.813875e-05,2.016289e-05,1.938843e-05,3.012527e-05,1.539884e-05,9.042530e-06,7.081299e-06,3.715339e-06,7.437620e-06,6.420782e-06,3.546060e-06,2.572850e-06,3.494959e-06,1.653013e-06,6.648225e-06,3.016755e-06,2.056231e-06,1.073113e-06,3.318853e-06,1.420850e-06
4.858398,1.379875e-05,6.196345e-06,3.468052e-05,3.247525e-05,2.448098e-05,1.927405e-05,2.159148e-05,2.063674e-05,3.362047e-05,1.644750e-05,1.019905e-05,7.674061e-06,4.109820e-06,8.580055e-06,6.732212e-06,3.125588e-06,2.479142e-06,3.307369e-06,1.741008e-06,6.524858e-06,2.765915e-06,2.082071e-06,1.045452e-06,3.497706e-06,1.536680e-06
4.882812,1.387600e-05,6.287962e-06,3.599522e-05,3.286450e-05,2.482703e-05,1.914213e-05,2.160095e-05,2.057485e-05,3.467232e-05,1.725560e-05,1.023297e-05,7.736488e-06,3.946819e-06,9.287005e-06,7.171572e-06,2.516635e-06,2.252773e-06,2.927863e-06,1.748450e-06,6.440807e-06,2.305042e-06,1.851860e-06,9.352255e-07,3.287372e-06,1.518894e-06
4.907227,1.299317e-05,5.980464e-06,3.458416e-05,3.112028e-05,2.377650e-05,1.778161e-05,2.008783e-05,1.988952e-05,3.205872e-05,1.626903e-05,9.506969e-06,7.275774e-06,3.714783e-06,8.540259e-06,7.569215e-06,2.542135e-06,1.627765e-06,2.139077e-06,1.539150e-06,5.880716e-06,1.707095e-06,1.399511e-06,7.949962e-07,2.734694e-06,1.359865e-06
4.931641,1.192400e-05,5.580611e-06,3.303078e-05,2.889055e-05,2.240641e-05,1.660240e-05,1.849530e-05,1.879516e-05,3.028660e-05,1.509509e-05,9.223505e-06,6.504958e-06,3.567714e-06,7.802633e-06,7.223159e-06,2.581050e-06,8.653748e-07,1.222997e-06,1.172694e-06,4.867161e-06,1.453872e-06,9.535481e-07,6.242125e-07,2.072600e-06,1.179857e-06
4.956055,1.100662e-05,5.163569e-06,3.174615e-05,2.716072e-05,2.095857e-05,1.565686e-05,1.680794e-05,1.769227e-05,2.844961e-05,1.412595e-05,8.633335e-06,6.225585e-06,3.360095e-06,7.276766e-06,6.441823e-06,2.737081e-06,7.367273e-07,9.349281e-07,8.795953e-07,3.820687e-06,1.271928e-06,5.282132e-07,4.860586e-07,1.375572e-06,9.475618e-07
4.980469,1.018707e-05,4.803064e-06,2.998877e-05,2.539325e-05,1.985984e-05,1.428668e-05,1.568958e-05,1.620592e-05,2.703669e-05,1.309168e-05,8.024083e-06,6.115806e-06,3.315629e-06,6.527554e-06,6.038694e-06,3.284645e-06,9.505810e-07,9.816035e-07,6.659982e-07,2.865906e-06,1.182149e-06,3.347243e-07,3.172430e-07,6.780731e-07,6.950039e-07
5.004883,9.383949e-06,4.438169e-06,2.792303e-05,2.321633e-05,1.854312e-05,1.316586e-05,1.434558e-05,1.475580e-05,2.537103e-05,1.249618e-05,7.404636e-06,5.385369e-06,3.057993e-06,6.294489e-06,5.508683e-06,3.544546e-06,9.633666e-07,8.080600e-07,4.580815e-07,2.290958e-06,1.036845e-06,3.568361e-07,1.817530e-07,2.420347e-07,4.156178e-07
5.029297,9.547358e-06,4.518063e-06,2.848421e-05,2.344209e-05,1.892572e-05,1.354408e-05,1.431655e-05,1.533911e-05,2.521568e-05,1.270021e-05,7.444687e-06,5.237242e-06,2.846044e-06,6.770897e-06,5.518270e-06,3.665466e-06,1.193880e-06,1.001623e-06,2.064781e-07,1.609869e-06,9.966155e-07,4.383868e-07,8.589367e-08,4.616450e-07,2.347518e-07
5.053711,1.024189e-05,4.833150e-06,3.045610e-05,2.492195e-05,2.031877e-05,1.435933e-05,1.541860e-05,1.627654e-05,2.715224e-05,1.318728e-05,8.291870e-06,5.723554e-06,3.136280e-06,6.759159e-06,6.294925e-06,4.309559e-06,1.606670e-06,1.691865e-06,1.035670e-07,9.477876e-07,9.058539e-07,4.991133e-07,6.271750e-08,7.632922e-07,2.515212e-07
5.078125,1.101526e-05,5.192491e-06,3.236812e-05,2.652265e-05,2.179819e-05,1.524846e-05,1.640489e-05,1.690003e-05,2.939632e-05,1.417209e-05,8.982056e-06,6.165922e-06,3.578259e-06,6.812385e-06,6.562776e-06,5.474095e-06,1.936891e-06,2.294319e-06,4.155575e-07,1.226555e-06,6.056888e-07,4.791513e-07,1.147083e-07,9.337157e-07,3.527536e-07
5.102539,1.172138e-05,5.558683e-06,3.398364e-05,2.794657e-05,2.337934e-05,1.619195e-05,1.730906e-05,1.803490e-05,3.059381e-05,1.512031e-05,9.261474e-06,6.792038e-06,3.741028e-06,7.595268e-06,6.156418e-06,6.268164e-06,2.256813e-06,2.773689e-06,6.561985e-07,2.322761e-06,2.345404e-07,3.069309e-07,2.006249e-07,9.591714e-07,4.152335e-07
5.126953,1.252876e-05,5.919106e-06,3.591194e-05,2.922551e-05,2.463927e-05,1.717814e-05,1.819956e-05,1.910411e-05,3.199767e-05,1.569482e-05,9.891155e-06,7.175947e-06,3.914609e-06,8.144665e-06,6.273263e-06,6.606109e-06,2.867748e-06,3.488180e-06,9.591057e-07,3.550866e-06,5.709482e-07,7.663778e-08,2.941343e-07,8.158167e-07,3.904339e-07
5.151367,1.343664e-05,6.391009e-06,3.770031e-05,3.110866e-05,2.614505e-05,1.819688e-05,1.906065e-05,2.019659e-05,3.362505e-05,1.639879e-05,1.069394e-05,7.127223e-06,4.102728e-06,8.595163e-06,6.904783e-06,7.203357e-06,3.509548e-06,4.198347e-06,1.376107e-06,5.049304e-06,1.227888e-06,4.737909e-07,4.479855e-07,5.901552e-07,2.984158e-07
5.175781,1.354424e-05,6.530811e-06,3.746969e-05,3.124919e-05,2.676333e-05,1.789817e-05,1.960445e-05,2.056792e-05,3.359156e-05,1.616724e-05,1.075306e-05,7.159768e-06,4.163362e-06,8.636724e-06,6.871846e-06,7.347742e-06,3.581581e-06,4.352101e-06,1.782203e-06,6.617625e-06,1.934067e-06,1.038995e-06,5.948959e-07,7.439249e-07,1.302857e-07
5.200195,1.331477e-05,6.462537e-06,3.696282e-05,3.085017e-05,2.640961e-05,1.741867e-05,1.934021e-05,2.005420e-05,3.352472e-05,1.573874e-05,1.064369e-05,7.417486e-06,4.429490e-06,8.167339e-06,6.763084e-06,6.687739e-06,3.327359e-06,4.103586e-06,1.928224e-06,7.847581e-06,2.449080e-06,1.558970e-06,8.025066e-07,1.403021e-06,2.491491e-07
5.224609,1.305148e-05,6.373652e-06,3.674874e-05,3.099765e-05,2.642234e-05,1.725483e-05,1.870586e-05,2.001053e-05,3.275543e-05,1.572806e-05,1.034472e-05,7.209803e-06,4.632860e-06,8.115581e-06,6.602415e-06,6.330680e-06,3.290420e-06,4.166209e-06,1.973594e-06,8.441658e-06,2.931572e-06,2.026546e-06,1.033015e-06,2.123273e-06,5.752425e-07
5.249023,1.277692e-05,6.280001e-06,3.666827e-05,3.113660e-05,2.668642e-05,1.674277e-05,1.847039e-05,1.993786e-05,3.188334e-05,1.513903e-05,1.002817e-05,6.800455e-06,4.374972e-06,8.756305e-06,6.197606e-06,6.444114e-06,3.238657e-06,4.451217e-06,2.010986e-06,8.522604e-06,3.375467e-06,2.356756e-06,1.267416e-06,2.857805e-06,9.261395e-07
5.273438,1.240760e-05,6.148862e-06,3.642874e-05,3.118635e-05,2.702320e-05,1.642141e-05,1.800996e-05,1.903699e-05,3.245262e-05,1.489960e-05,1.031204e-05,6.736345e-06,4.077555e-06,8.886847e-06,6.264306e-06,6.201732e-06,2.965414e-06,4.341232e-06,2.138827e-06,8.660420e-06,3.665300e-06,2.566747e-06,1.474658e-06,3.353107e-06,1.287780e-06
5.297852,1.214982e-05,5.987183e-06,3.650912e-05,3.100789e-05,2.713851e-05,1.611212e-05,1.755223e-05,1.877525e-05,3.184726e-05,1.509535e-05,1.017865e-05,6.640054e-06,4.229884e-06,8.193499e-06,6.756794e-06,5.277746e-06,2.776726e-06,3.997054e-06,2.140971e-06,8.976792e-06,3.864718e-06,2.669533e-06,1.613421e-06,3.637954e-06,1.575762e-06
5.322266,1.205954e-05,5.929147e-06,3.652550e-05,3.131855e-05,2.732827e-05,1.595477e-05,1.711190e-05,1.876106e-05,3.088439e-05,1.475727e-05,9.863911e-06,6.593297e-06,4.337896e-06,7.917020e-06,6.687301e-06,4.470615e-06,2.712987e-06,3.836011e-06,1.976620e-06,8.961355e-06,3.858008e-06,2.618784e-06,1.690100e-06,3.680569e-06,1.754022e-06
5.346680,1.188645e-05,5.866959e-06,3.598191e-05,3.156213e-05,2.813030e-05,1.578834e-05,1.680256e-05,1.860765e-05,3.050499e-05,1.449715e-05,9.996580e-06,6.765625e-06,4.249642e-06,8.075721e-06,6.133247e-06,3.978031e-06,2.503212e-06,3.536438e-06,1.851690e-06,8.414315e-06,3.787501e-06,2.503926e-06,1.697987e-06,3.544208e-06,1.806782e-06
5.371094,1.178767e-05,5.779814e-06,3.568839e-05,3.131957e-05,2.845972e-05,1.533559e-05,1.680515e-05,1.840022e-05,3.011302e-05,1.421836e-05,9.953076e-06,6.434523e-06,4.244907e-06,7.964411e-06,6.146895e-06,3.406903e-06,1.986187e-06,2.948395e-06,1.818982e-06,7.484498e-06,3.687403e-06,2.205054e-06,1.617806e-06,3.232282e-06,1.746015e-06
5.395508,1.172909e-05,5.743885e-06,3.537688e-05,3.143218e-05,2.866039e-05,1.522252e-05,1.641647e-05,1.778607e-05,3.026767e-05,1.402721e-05,9.897009e-06,6.103947e-06,4.037464e-06,8.086600e-06,6.426035e-06,3.016935e-06,1.485841e-06,2.263932e-06,1.760801e-06,6.970527e-06,3.515178e-06,1.869361e-06,1.490984e-06,2.804156e-06,1.602280e-06
5.419922,1.165380e-05,5.713661e-06,3.493496e-05,3.143019e-05,2.906961e-05,1.515722e-05,1.592397e-05,1.743920e-05,3.004675e-05,1.422757e-05,9.806422e-06,6.352032e-06,3.832331e-06,8.036897e-06,6.318735e-06,3.160766e-06,1.253550e-06,1.922975e-06,1.543110e-06,6.690711e-06,3.233118e-06,1.510137e-06,1.262244e-06,2.230220e-06,1.406042e-06
5.444336,1.156096e-05,5.695495e-06,3.443744e-05,3.108264e-05,2.928564e-05,1.470714e-05,1.588008e-05,1.753316e-05,2.895202e-05,1.401978e-05,9.471659e-06,6.328591e-06,4.068136e-06,7.320957e-06,6.430841e-06,3.175270e-06,1.095089e-06,1.739179e-06,1.242797e-06,6.094036e-06,2.804484e-06,1.225019e-06,1.004500e-06,1.574306e-06,1.169323e-06
5.468750,1.153903e-05,5.689979e-06,3.422174e-05,3.064637e-05,2.947512e-05,1.451198e-05,1.572929e-05,1.710910e-05,2.899016e-05,1.356693e-05,9.545116e-06,6.052407e-06,4.200508e-06,7.089514e-06,6.421346e-06,2.806972e-06,8.398429e-07,1.358097e-06,1.044091e-06,5.026196e-06,2.279182e-06,1.026280e-06,7.113179e-07,8.577720e-07,8.995603e-07
5.493164,1.200782e-05,5.954078e-06,3.549782e-05,3.127917e-05,3.046309e-05,1.496202e-05,1.608724e-05,1.734282e-05,3.026784e-05,1.418335e-05,1.024879e-05,6.030405e-06,4.113910e-06,7.831385e-06,6.062274e-06,3.372155e-06,7.486494e-07,8.335728e-07,9.108129e-07,4.285764e-06,1.817463e-06,9.451286e-07,4.561630e-07,1.560804e-07,6.576559e-07
5.517578,1.227971e-05,6.163565e-06,3.639551e-05,3.215108e-05,3.163197e-05,1.546037e-05,1.643298e-05,1.808361e-05,3.049844e-05,1.470385e-05,1.044340e-05,5.973010e-06,4.148631e-06,8.087253e-06,6.097612e-06,4.473039e-06,8.296792e-07,6.946186e-07,6.542614e-07,3.815257e-06,1.409449e-06,8.817764e-07,2.768255e-07,4.802205e-07,4.255135e-07
5.541992,1.260637e-05,6.297782e-06,3.793280e-05,3.246136e-05,3.269292e-05,1.582546e-05,1.682962e-05,1.854685e-05,3.123656e-05,1.490701e-05,1.066546e-05,6.048092e-06,4.392370e-06,7.979334e-06,6.732433e-06,4.985491e-06,8.942532e-07,9.178516e-07,3.192067e-07,3.234766e-06,1.131270e-06,7.795134e-07,2.695408e-07,9.648856e-07,4.193299e-07
5.566406,1.301423e-05,6.494247e-06,3.982608e-05,3.301743e-05,3.316275e-05,1.583124e-05,1.756675e-05,1.915169e-05,3.203251e-05,1.529009e-05,1.122676e-05,6.479028e-06,4.549063e-06,8.134380e-06,6.938147e-06,5.387408e-06,1.205146e-06,1.203570e-06,4.864825e-08,2.136387e-06,8.233582e-07,7.211106e-07,3.703134e-07,1.258879e-06,5.864183e-07
5.590820,1.335531e-05,6.682135e-06,4.134395e-05,3.402804e-05,3.413428e-05,1.623927e-05,1.781463e-05,1.959327e-05,3.288962e-05,1.542409e-05,1.157175e-05,6.592013e-06,4.753832e-06,8.253343e-06,6.670470e-06,6.088008e-06,1.771487e-06,1.815674e-06,2.407388e-07,6.250133e-07,6.904487e-07,5.713870e-07,4.075452e-07,1.347959e-06,7.324763e-07
5.615234,1.374640e-05,6.869409e-06,4.287090e-05,3.462982e-05,3.518708e-05,1.664067e-05,1.796287e-05,2.000430e-05,3.407275e-05,1.592874e-05,1.209363e-05,6.274703e-06,4.882084e-06,8.466740e-06,6.647758e-06,6.563750e-06,2.112036e-06,2.419267e-06,4.794022e-07,9.096931e-07,6.895989e-07,3.482650e-07,4.201233e-07,1.272027e-06,7.774847e-07
5.639648,1.358992e-05,6.760607e-06,4.242151e-05,3.375500e-05,3.449432e-05,1.605756e-05,1.772360e-05,2.007605e-05,3.274040e-05,1.575951e-05,1.183746e-05,6.194024e-06,4.443161e-06,8.718408e-06,6.353658e-06,6.404260e-06,2.077130e-06,2.505781e-06,7.652152e-07,2.077784e-06,5.816316e-07,1.292808e-07,2.948247e-07,9.639096e-07,6.969045e-07
5.664062,1.311987e-05,6.492655e-06,4.066671e-05,3.204694e-05,3.279413e-05,1.531639e-05,1.664983e-05,1.890207e-05,3.113517e-05,1.462118e-05,1.104200e-05,6.137743e-06,4.166629e-06,8.133966e-06,5.776293e-06,6.574010e-06,2.042801e-06,2.442842e-06,1.099329e-06,2.972303e-06,1.849960e-07,3.127668e-07,1.533361e-07,4.643362e-07,5.225771e-07
5.688477,1.253096e-05,6.237529e-06,3.841492e-05,3.075927e-05,3.127935e-05,1.459733e-05,1.557962e-05,1.734256e-05,3.040418e-05,1.398812e-05,1.076529e-05,5.760138e-06,4.347529e-06,6.989527e-06,5.694033e-06,6.780740e-06,2.100889e-06,2.675626e-06,1.296045e-06,4.188768e-06,4.039013e-07,5.391484e-07,2.213914e-07,1.687674e-07,2.798084e-07
5.712891,1.195567e-05,5.915920e-06,3.627879e-05,2.933488e-05,3.028022e-05,1.380817e-05,1.468174e-05,1.644264e-05,2.845919e-05,1.360885e-05,1.035868e-05,5.506777e-06,4.181822e-06,6.642095e-06,5.500910e-06,6.370000e-06,2.085200e-06,2.854137e-06,1.348489e-06,5.062854e-06,1.030596e-06,7.066276e-07,4.447760e-07,8.786301e-07,4.123637e-08
5.737305,1.149216e-05,5.667275e-06,3.457406e-05,2.751617e-05,2.880604e-05,1.289992e-05,1.385749e-05,1.557081e-05,2.627150e-05,1.275336e-05,9.576511e-06,5.135012e-06,3.758119e-06,6.742769e-06,4.776894e-06,5.437212e-06,1.957753e-06,2.813730e-06,1.375862e-06,5.605444e-06,1.628718e-06,8.475824e-07,6.445122e-07,1.508735e-06,3.612264e-07
5.761719,1.088037e-05,5.409719e-06,3.239361e-05,2.618798e-05,2.724033e-05,1.188480e-05,1.323341e-05,1.456647e-05,2.458229e-05,1.190251e-05,9.093201e-06,4.795781e-06,3.517301e-06,6.323455e-06,4.387841e-06,4.749803e-06,1.933784e-06,2.625290e-06,1.454242e-06,5.611617e-06,2.056206e-06,9.707837e-07,8.006818e-07,2.036871e-06,6.825418e-07
5.786133,1.027385e-05,5.114934e-06,3.037670e-05,2.457308e-05,2.611912e-05,1.126162e-05,1.224572e-05,1.356947e-05,2.275324e-05,1.106019e-05,8.701680e-06,4.846510e-06,3.272269e-06,5.897354e-06,4.471405e-06,4.378300e-06,1.883184e-06,2.529860e-06,1.476433e-06,5.419243e-06,2.462634e-06,1.090510e-06,8.892697e-07,2.337958e-06,9.702524e-07
5.810547,1.013199e-05,5.061006e-06,2.986824e-05,2.372737e-05,2.579922e-05,1.101049e-05,1.182345e-05,1.287038e-05,2.248186e-05,1.072083e-05,8.510787e-06,4.928516e-06,3.257098e-06,5.690219e-06,4.421415e-06,3.991141e-06,1.743534e-06,2.452358e-06,1.434298e-06,5.753955e-06,2.781608e-06,1.184860e-06,9.659908e-07,2.588114e-06,1.210425e-06
5.834961,1.005631e-05,5.037274e-06,2.963325e-05,2.315399e-05,2.555476e-05,1.059916e-05,1.184399e-05,1.263109e-05,2.202702e-05,1.079483e-05,8.445200e-06,4.672404e-06,3.454933e-06,5.313831e-06,4.287924e-06,3.614229e-06,1.485376e-06,2.207156e-06,1.345754e-06,6.004666e-06,3.043879e-06,1.307694e-06,1.007540e-06,2.701924e-06,1.380818e-06
5.859375,9.895348e-06,4.990979e-06,2.932580e-05,2.259746e-05,2.519075e-05,1.046021e-05,1.156260e-05,1.251061e-05,2.099873e-05,1.051944e-05,8.110276e-06,4.593614e-06,3.389787e-06,5.462399e-06,4.277649e-06,3.542414e-06,1.292284e-06,1.919565e-06,1.361303e-06,5.968792e-06,3.081533e-06,1.376516e-06,9.842631e-07,2.726899e-06,1.450866e-06
5.883789,9.752818e-06,4.892654e-06,2.920621e-05,2.209681e-05,2.496500e-05,1.033307e-05,1.123320e-05,1.186568e-05,2.093761e-05,1.008351e-05,7.810390e-06,4.762476e-06,3.103462e-06,5.854470e-06,4.031359e-06,3.206311e-06,1.217053e-06,1.798852e-06,1.380772e-06,5.455389e-06,2.939059e-06,1.425328e-06,9.273043e-07,2.626146e-06,1.459358e-06
5.908203,9.709035e-06,4.858157e-06,2.939630e-05,2.130300e-05,2.453235e-05,1.023490e-05,1.095420e-05,1.158422e-05,2.054315e-05,1.011755e-05,8.011611e-06,4.757970e-06,3.160612e-06,5.660547e-06,3.897597e-06,2.428840e-06,1.100272e-06,1.742851e-06,1.335513e-06,5.060185e-06,2.627115e-06,1.426224e-06,8.356196e-07,2.454565e-06,1.387417e-06
5.932617,9.508609e-06,4.812145e-06,2.897331e-05,2.088733e-05,2.378808e-05,1.000216e-05,1.082812e-05,1.144197e-05,1.962340e-05,9.916266e-06,7.896168e-06,4.720192e-06,3.385589e-06,5.199968e-06,4.169527e-06,2.214088e-06,8.771944e-07,1.539934e-06,1.213718e-06,4.919203e-06,2.197726e-06,1.352319e-06,7.307297e-07,2.127272e-06,1.279443e-06
5.957031,9.325434e-06,4.715416e-06,2.860350e-05,2.060395e-05,2.366737e-05,9.797142e-06,1.080118e-05,1.116916e-05,1.915869e-05,9.623167e-06,7.615715e-06,4.607193e-06,3.351955e-06,5.307097e-06,4.290504e-06,2.536591e-06,7.174817e-07,1.166475e-06,1.073932e-06,4.702807e-06,1.836470e-06,1.217375e-06,6.325147e-07,1.797884e-06,1.094779e-06
5.981445,9.037284e-06,4.571210e-06,2.796330e-05,1.966044e-05,2.304251e-05,9.782246e-06,1.021988e-05,1.078951e-05,1.837221e-05,9.250662e-06,7.445864e-06,4.161510e-06,3.254981e-06,5.391942e-06,3.855215e-06,2.535620e-06,5.987087e-07,8.855791e-07,9.711116e-07,4.059373e-06,1.461010e-06,9.744849e-07,5.296237e-07,1.446898e-06,8.519139e-07
6.005859,8.719756e-06,4.415353e-06,2.714855e-05,1.902075e-05,2.219207e-05,9.505389e-06,9.837969e-06,1.020187e-05,1.782323e-05,8.764310e-06,7.187649e-06,3.979567e-06,3.208545e-06,5.240379e-06,3.584620e-06,2.520533e-06,4.011214e-07,6.891687e-07,8.314517e-07,3.357312e-06,1.259004e-06,7.338995e-07,4.593331e-07,1.213317e-06,5.806840e-07
6.030273,8.350313e-06,4.246483e-06,2.623916e-05,1.854369e-05,2.155514e-05,9.208966e-06,9.647284e-06,9.888318e-06,1.718563e-05,8.593679e-06,7.010311e-06,4.001592e-06,3.056094e-06,5.255993e-06,3.640033e-06,2.757770e-06,3.325647e-07,4.346065e-07,6.426700e-07,2.821231e-06,1.078312e-06,4.691227e-07,3.715741e-07,1.103423e-06,3.147436e-07
6.054688,7.975503e-06,4.040957e-06,2.534722e-05,1.808272e-05,2.110465e-05,9.071048e-06,9.253432e-06,9.720771e-06,1.598378e-05,8.288121e-06,6.809956e-06,3.694366e-06,3.099815e-06,5.021157e-06,3.507600e-06,2.896221e-06,4.842301e-07,4.019259e-07,4.131662e-07,2.425260e-06,1.003844e-06,2.897362e-07,3.093401e-07,9.947461e-07,1.106160e-07
6.079102,7.665956e-06,3.871540e-06,2.467358e-05,1.734378e-05,2.072760e-05,8.800621e-06,8.988030e-06,9.032609e-06,1.559013e-05,7.733443e-06,6.338680e-06,3.350411e-06,3.202726e-06,4.593406e-06,3.463643e-06,2.932334e-06,5.665017e-07,6.010077e-07,2.670781e-07,1.809595e-06,9.429756e-07,1.834803e-07,2.285245e-07,8.474490e-07,1.632835e-07
6.103516,7.260707e-06,3.695870e-06,2.362650e-05,1.657876e-05,1.992987e-05,8.470098e-06,8.763942e-06,8.469433e-06,1.529776e-05,7.607342e-06,6.175620e-06,3.170205e-06,2.950011e-06,4.728589e-06,3.496135e-06,3.272089e-06,5.572249e-07,6.895012e-07,1.834321e-07,1.060437e-06,8.434492e-07,1.849180e-07,1.680116e-07,6.721058e-07,2.557161e-07
6.127930,6.893967e-06,3.488478e-06,2.258394e-05,1.601170e-05,1.941774e-05,8.008381e-06,8.586761e-06,8.122806e-06,1.438784e-05,7.450795e-06,6.065728e-06,2.953801e-06,2.644080e-06,4.800834e-06,3.156795e-06,3.605591e-06,6.173671e-07,6.912661e-07,7.203864e-08,2.575058e-07,6.431208e-07,2.137421e-07,1.055596e-07,5.137838e-07,2.983511e-07
6.152344,7.031426e-06,3.540414e-06,2.314852e-05,1.612953e-05,2.017437e-05,8.168573e-06,8.882576e-06,8.252298e-06,1.446368e-05,7.595521e-06,6.065583e-06,3.059388e-06,2.743063e-06,4.694969e-06,3.102002e-06,3.697017e-06,7.501986e-07,8.839612e-07,2.073038e-07,5.991142e-07,3.487216e-07,2.113560e-07,5.812801e-08,3.892149e-07,3.145692e-07
6.176758,7.232748e-06,3.632685e-06,2.385530e-05,1.647802e-05,2.076692e-05,8.525273e-06,9.083664e-06,8.578006e-06,1.466936e-05,7.870569e-06,6.296225e-06,3.172623e-06,2.856889e-06,4.608327e-06,3.450285e-06,3.595698e-06,8.525185e-07,1.117588e-06,4.252866e-07,1.193548e-06,6.480629e-08,1.572080e-07,7.390767e-08,2.360410e-07,3.020308e-07
6.201172,7.431902e-06,3.716047e-06,2.454308e-05,1.699584e-05,2.146555e-05,8.592848e-06,9.507751e-06,8.663790e-06,1.510488e-05,7.991877e-06,6.606475e-06,2.995577e-06,2.952549e-06,4.639292e-06,3.672895e-06,3.834069e-06,9.407336e-07,1.275838e-06,6.011180e-07,1.995507e-06,4.290260e-07,4.885022e-08,1.633483e-07,9.923838e-08,2.471900e-07
6.225586,7.648719e-06,3.793748e-06,2.519952e-05,1.745042e-05,2.213617e-05,8.701488e-06,9.966491e-06,8.768550e-06,1.579071e-05,8.312639e-06,6.890364e-06,3.082342e-06,3.053283e-06,4.633496e-06,3.608644e-06,4.125515e-06,1.094179e-06,1.366848e-06,7.319079e-07,2.931279e-06,8.244192e-07,2.486863e-07,2.416913e-07,3.508007e-07,1.986383e-07
6.250000,7.899411e-06,3.896105e-06,2.592506e-05,1.792191e-05,2.284473e-05,8.942475e-06,1.014699e-05,9.158809e-06,1.588823e-05,8.771505e-06,7.273399e-06,3.440612e-06,2.890322e-06,4.863134e-06,3.633124e-06,4.154319e-06,1.214988e-06,1.524170e-06,9.177601e-07,3.992872e-06,1.246478e-06,5.474068e-07,3.504514e-07,7.224302e-07,2.440929e-07
6.274414,8.085463e-06,4.004990e-06,2.639083e-05,1.835938e-05,2.356124e-05,9.091330e-06,1.034595e-05,9.265600e-06,1.614976e-05,8.866175e-06,7.334024e-06,3.579269e-06,2.744564e-06,5.079112e-06,3.685179e-06,4.310426e-06,1.192072e-06,1.671318e-06,1.106749e-06,4.564294e-06,1.672212e-06,8.475644e-07,4.550967e-07,1.055660e-06,4.229037e-07
6.298828,8.306752e-06,4.069366e-06,2.669925e-05,1.911652e-05,2.427150e-05,9.229787e-06,1.054432e-05,9.305053e-06,1.685761e-05,9.095194e-06,7.349391e-06,3.639903e-06,2.982560e-06,4.687376e-06,3.644119e-06,4.498535e-06,1.116879e-06,1.657120e-06,1.250928e-06,4.985412e-06,2.074443e-06,1.153435e-06,5.785730e-07,1.400278e-06,6.253951e-07
6.323242,8.396876e-06,4.061828e-06,2.659695e-05,1.922893e-05,2.476031e-05,9.014828e-06,1.049735e-05,9.369058e-06,1.659262e-05,9.279139e-06,7.600484e-06,3.677517e-06,3.021021e-06,4.274791e-06,3.833540e-06,4.076472e-06,1.112704e-06,1.517936e-06,1.245690e-06,5.309647e-06,2.343244e-06,1.394326e-06,6.781552e-07,1.601736e-06,8.078450e-07
6.347656,8.172090e-06,3.943702e-06,2.553234e-05,1.850081e-05,2.419114e-05,8.722817e-06,1.005911e-05,9.019510e-06,1.577643e-05,8.939334e-06,7.466697e-06,3.605569e-06,2.703932e-06,4.329492e-06,3.764332e-06,3.261644e-06,1.092667e-06,1.506862e-06,1.174393e-06,5.603861e-06,2.428563e-06,1.535357e-06,7.429810e-07,1.803416e-06,8.985660e-07
6.372070,7.947336e-06,3.808919e-06,2.438389e-05,1.815106e-05,2.342442e-05,8.591335e-06,9.418258e-06,8.700056e-06,1.518073e-05,8.647510e-06,7.136179e-06,3.714964e-06,2.556548e-06,4.204726e-06,3.263032e-06,3.041164e-06,9.757313e-07,1.506911e-06,1.173823e-06,5.655133e-06,2.447280e-06,1.596166e-06,7.810553e-07,1.932997e-06,9.335600e-07
6.396484,7.744288e-06,3.689599e-06,2.335989e-05,1.773848e-05,2.314071e-05,8.258125e-06,9.025256e-06,8.340765e-06,1.454481e-05,8.301107e-06,6.968981e-06,3.815205e-06,2.510209e-06,3.931310e-06,2.886108e-06,3.036156e-06,8.688053e-07,1.354463e-06,1.189720e-06,5.377818e-06,2.406682e-06,1.575473e-06,7.949656e-07,2.045918e-06,9.223772e-07
6.420898,7.555081e-06,3.581351e-06,2.236250e-05,1.714255e-05,2.275058e-05,8.052429e-06,8.745964e-06,7.889012e-06,1.417183e-05,7.941659e-06,6.719530e-06,3.583430e-06,2.476454e-06,3.783718e-06,2.860475e-06,2.702668e-06,8.040369e-07,1.147180e-06,1.109110e-06,4.889301e-06,2.334725e-06,1.469509e-06,7.890311e-07,2.070812e-06,8.680104e-07
6.445312,7.327670e-06,3.490101e-06,2.136097e-05,1.649861e-05,2.228331e-05,7.956638e-06,8.289967e-06,7.686544e-06,1.356883e-05,7.819173e-06,6.556922e-06,3.303996e-06,2.578041e-06,3.570413e-06,2.761885e-06,2.342504e-06,6.800317e-07,1.007624e-06,9.761094e-07,4.476426e-06,2.273192e-06,1.303690e-06,7.535541e-07,2.016228e-06,7.851230e-07
6.469727,7.095273e-06,3.367759e-06,2.023725e-05,1.591264e-05,2.159253e-05,7.679268e-06,8.013820e-06,7.422793e-06,1.270134e-05,7.539953e-06,6.454495e-06,3.293292e-06,2.542262e-06,3.541822e-06,2.589574e-06,2.250436e-06,4.902605e-07,8.607892e-07,8.840484e-07,4.237105e-06,2.091811e-06,1.075967e-06,6.903182e-07,1.891798e-06,6.790807e-07
6.494141,6.915902e-06,3.271823e-06,1.944653e-05,1.546576e-05,2.112523e-05,7.383478e-06,7.821433e-06,6.863435e-06,1.242486e-05,7.101167e-06,6.078568e-06,3.192240e-06,2.354763e-06,3.756351e-06,2.489781e-06,1.965160e-06,3.771617e-07,6.256943e-07,8.371591e-07,3.855197e-06,1.843792e-06,8.798023e-07,6.088874e-07,1.805734e-06,5.369405e-07
6.518555,7.536539e-06,3.610032e-06,2.115317e-05,1.675734e-05,2.350103e-05,8.020959e-06,8.696921e-06,7.397989e-06,1.377316e-05,7.944940e-06,6.582282e-06,3.400039e-06,2.730676e-06,4.254578e-06,2.592131e-06,2.085810e-06,4.150291e-07,4.896303e-07,8.152465e-07,3.633225e-06,1.746743e-06,7.974911e-07,5.612234e-07,1.898065e-06,4.518264e-07
6.542969,8.197004e-06,3.932100e-06,2.294621e-05,1.836925e-05,2.562999e-05,8.890901e-06,9.578380e-06,8.100985e-06,1.473975e-05,8.852808e-06,7.447709e-06,3.661084e-06,3.366856e-06,4.420747e-06,2.736151e-06,2.803193e-06,4.215321e-07,5.166235e-07,6.934536e-07,3.343539e-06,1.608989e-06,7.352836e-07,4.846847e-07,1.974035e-06,3.653707e-07
6.567383,8.863839e-06,4.263033e-06,2.503757e-05,2.016464e-05,2.829069e-05,9.773238e-06,1.021606e-05,8.750644e-06,1.579259e-05,9.581634e-06,8.022298e-06,3.828523e-06,3.783263e-06,4.991484e-06,3.312858e-06,3.386683e-06,3.557057e-07,5.290796e-07,5.940579e-07,3.364628e-06,1.443536e-06,6.820681e-07,3.800450e-07,1.876654e-06,3.225483e-07
6.591797,9.474592e-06,4.578542e-06,2.714717e-05,2.170639e-05,3.109334e-05,1.028488e-05,1.122294e-05,9.466868e-06,1.670195e-05,1.036050e-05,8.577292e-06,4.044051e-06,4.027186e-06,5.918368e-06,3.846253e-06,3.488933e-06,4.058828e-07,4.024984e-07,5.435159e-07,3.355932e-06,1.173997e-06,6.557534e-07,2.631440e-07,1.656641e-06,3.289273e-07
6.616211,1.005244e-05,4.878205e-06,2.927801e-05,2.330627e-05,3.377582e-05,1.100377e-05,1.218923e-05,9.873253e-06,1.792822e-05,1.090713e-05,9.299611e-06,4.519315e-06,4.362468e-06,6.563495e-06,4.052884e-06,3.712962e-06,5.118578e-07,4.804902e-07,4.664822e-07,2.891956e-06,9.519756e-07,6.977483e-07,1.788065e-07,1.264488e-06,3.485458e-07
6.640625,1.064329e-05,5.133560e-06,3.131423e-05,2.491854e-05,3.654843e-05,1.180333e-05,1.281242e-05,1.048967e-05,1.933495e-05,1.180036e-05,9.887144e-06,4.791946e-06,4.602621e-06,7.162251e-06,4.449566e-06,4.495138e-06,6.066358e-07,7.279071e-07,2.296175e-07,1.949391e-06,7.833712e-07,6.940510e-07,1.716717e-07,8.845805e-07,3.271806e-07
6.665039,1.136472e-05,5.417273e-06,3.366856e-05,2.662969e-05,3.942462e-05,1.245512e-05,1.359621e-05,1.127662e-05,1.993396e-05,1.280523e-05,1.079114e-05,4.737251e-06,4.873328e-06,7.676102e-06,5.153098e-06,5.162906e-06,8.060664e-07,9.000271e-07,7.939849e-08,1.249687e-06,9.055143e-07,6.620342e-07,2.515522e-07,6.765660e-07,2.788142e-07
6.689453,1.190840e-05,5.693298e-06,3.565743e-05,2.784073e-05,4.228214e-05,1.303060e-05,1.429712e-05,1.147207e-05,2.095335e-05,1.314111e-05,1.132674e-05,5.018873e-06,5.402726e-06,7.661881e-06,5.650410e-06,5.645228e-06,1.042555e-06,1.122521e-06,3.469145e-07,5.683598e-07,1.001036e-06,4.799204e-07,3.011910e-07,8.167558e-07,2.077508e-07
6.713867,1.200236e-05,5.691566e-06,3.576015e-05,2.781062e-05,4.289714e-05,1.315056e-05,1.445972e-05,1.145249e-05,2.150666e-05,1.338897e-05,1.098753e-05,5.264642e-06,5.382373e-06,7.529777e-06,5.877278e-06,6.016274e-06,1.128168e-06,1.418358e-06,5.489223e-07,4.431671e-07,9.348313e-07,2.545267e-07,3.031923e-07,1.012743e-06,1.624451e-07
6.738281,1.224112e-05,5.735651e-06,3.606973e-05,2.827551e-05,4.355847e-05,1.354875e-05,1.449793e-05,1.168377e-05,2.136121e-05,1.383207e-05,1.125771e-05,5.359803e-06,4.962136e-06,8.022494e-06,6.226808e-06,6.191490e-06,1.100615e-06,1.607388e-06,8.773525e-07,1.912302e-06,6.258347e-07,8.159723e-08,2.184481e-07,1.102103e-06,1.694981e-07
6.762695,1.245934e-05,5.815846e-06,3.623238e-05,2.845029e-05,4.493838e-05,1.383625e-05,1.438550e-05,1.176828e-05,2.128025e-05,1.395614e-05,1.152331e-05,5.559007e-06,4.917064e-06,7.976004e-06,6.105415e-06,5.820026e-06,1.171099e-06,1.655790e-06,1.279499e-06,3.383420e-06,1.555989e-07,3.153184e-07,7.497953e-08,1.057465e-06,2.488392e-07
6.787109,1.273605e-05,5.907538e-06,3.616020e-05,2.835414e-05,4.575779e-05,1.381935e-05,1.477425e-05,1.188590e-05,2.141502e-05,1.412249e-05,1.149858e-05,5.497144e-06,5.030138e-06,7.334226e-06,5.864752e-06,5.498733e-06,1.318611e-06,1.725904e-06,1.610968e-06,4.582532e-06,3.844449e-07,5.742254e-07,1.301248e-07,6.817942e-07,3.833455e-07
6.811523,1.302980e-05,6.021237e-06,3.600365e-05,2.846202e-05,4.635199e-05,1.416208e-05,1.512383e-05,1.179077e-05,2.161795e-05,1.416900e-05,1.168795e-05,5.406463e-06,4.943325e-06,7.102685e-06,6.215949e-06,6.166409e-06,1.397007e-06,1.912558e-06,1.759708e-06,5.397745e-06,1.025565e-06,8.845753e-07,3.612127e-07,4.342795e-07,5.018480e-07
6.835938,1.335908e-05,6.151680e-06,3.586855e-05,2.858389e-05,4.693393e-05,1.449592e-05,1.514229e-05,1.170310e-05,2.225390e-05,1.429373e-05,1.182353e-05,5.914272e-06,4.926794e-06,6.906535e-06,6.448034e-06,6.673288e-06,1.390712e-06,2.072762e-06,1.878727e-06,6.292917e-06,1.666140e-06,1.197044e-06,5.913002e-07,1.250066e-06,6.221311e-07
6.860352,1.352942e-05,6.303739e-06,3.586545e-05,2.875784e-05,4.769055e-05,1.452398e-05,1.551641e-05,1.202864e-05,2.221137e-05,1.489234e-05,1.199991e-05,6.264466e-06,4.787596e-06,6.711450e-06,6.182200e-06,6.449783e-06,1.395505e-06,2.058188e-06,2.060019e-06,7.720491e-06,2.479751e-06,1.529156e-06,8.285626e-07,2.428245e-06,7.180861e-07
6.884766,1.355894e-05,6.329793e-06,3.530426e-05,2.839087e-05,4.829549e-05,1.458628e-05,1.584994e-05,1.192554e-05,2.181126e-05,1.497392e-05,1.244321e-05,6.165093e-06,4.474566e-06,6.956090e-06,5.905069e-06,6.112520e-06,1.410434e-06,1.969831e-06,2.294297e-06,8.682305e-06,3.085757e-06,1.752379e-06,1.022673e-06,3.638876e-06,8.411900e-07
6.909180,1.342509e-05,6.262423e-06,3.464037e-05,2.782023e-05,4.736009e-05,1.438570e-05,1.580370e-05,1.125481e-05,2.200931e-05,1.451676e-05,1.217188e-05,6.044843e-06,4.643276e-06,6.578559e-06,5.559779e-06,6.084838e-06,1.281022e-06,1.909284e-06,2.330245e-06,9.037607e-06,3.482511e-06,1.957561e-06,1.171288e-06,4.592985e-06,9.652847e-07
6.933594,1.314016e-05,6.191613e-06,3.415259e-05,2.726941e-05,4.726141e-05,1.449535e-05,1.547288e-05,1.100439e-05,2.180743e-05,1.472924e-05,1.175695e-05,6.056180e-06,4.894963e-06,5.927967e-06,5.027665e-06,5.649102e-06,1.059010e-06,1.818202e-06,2.252874e-06,8.789780e-06,3.614020e-06,2.154174e-06,1.239520e-06,5.408465e-06,1.085036e-06
6.958008,1.287383e-05,6.063954e-06,3.351941e-05,2.622397e-05,4.676740e-05,1.427224e-05,1.506789e-05,1.072290e-05,2.105760e-05,1.474050e-05,1.197947e-05,5.951383e-06,4.646664e-06,6.019049e-06,4.965023e-06,5.347297e-06,9.925040e-07,1.565023e-06,2.178452e-06,8.740997e-06,3.529594e-06,2.324606e-06,1.225198e-06,5.880170e-06,1.150384e-06
6.982422,1.266303e-05,5.939167e-06,3.315078e-05,2.548984e-05,4.568695e-05,1.382915e-05,1.523013e-05,1.052647e-05,2.036650e-05,1.459546e-05,1.188631e-05,5.918745e-06,4.419636e-06,6.485182e-06,4.993694e-06,5.915382e-06,9.978908e-07,1.310883e-06,2.128248e-06,8.658484e-06,3.339515e-06,2.430889e-06,1.156084e-06,6.173223e-06,1.182292e-06
7.006836,1.248079e-05,5.817175e-06,3.290054e-05,2.478973e-05,4.497626e-05,1.387726e-05,1.502728e-05,1.021240e-05,1.952103e-05,1.432072e-05,1.161232e-05,5.765217e-06,4.611087e-06,6.395838e-06,4.529422e-06,6.104906e-06,8.900994e-07,1.242728e-06,2.041610e-06,8.346392e-06,3.021187e-06,2.406140e-06,1.040473e-06,6.124259e-06,1.149186e-06
7.031250,1.226307e-05,5.719933e-06,3.270090e-05,2.405605e-05,4.417563e-05,1.376115e-05,1.456503e-05,9.727764e-06,1.933700e-05,1.381548e-05,1.147648e-05,5.293505e-06,4.784083e-06,6.118760e-06,4.023830e-06,5.511927e-06,7.555661e-07,1.178404e-06,1.768980e-06,7.441578e-06,2.680538e-06,2.273657e-06,8.966864e-07,5.794077e-06,1.110192e-06
7.055664,1.202098e-05,5.572151e-06,3.206194e-05,2.321631e-05,4.355423e-05,1.348817e-05,1.443956e-05,9.704324e-06,1.888394e-05,1.387013e-05,1.119688e-05,5.181927e-06,4.942419e-06,6.198631e-06,4.086702e-06,5.128699e-06,7.378004e-07,9.557242e-07,1.454347e-06,6.227933e-06,2.266628e-06,2.058203e-06,7.652475e-07,5.087937e-06,1.058071e-06
7.080078,1.196024e-05,5.465182e-06,3.157216e-05,2.254929e-05,4.247878e-05,1.335550e-05,1.424834e-05,9.527861e-06,1.788325e-05,1.374511e-05,1.135771e-05,5.347613e-06,5.139682e-06,6.168358e-06,4.215780e-06,5.498413e-06,7.144283e-07,7.700848e-07,1.238180e-06,5.319284e-06,1.878176e-06,1.755972e-06,6.299852e-07,4.100906e-06,9.978651e-07
7.104492,1.154679e-05,5.303528e-06,3.053498e-05,2.185886e-05,4.077356e-05,1.300860e-05,1.375916e-05,8.832147e-06,1.731189e-05,1.282501e-05,1.115513e-05,4.971305e-06,4.836823e-06,6.240943e-06,3.995152e-06,5.449214e-06,6.171892e-07,7.445273e-07,1.084428e-06,4.493305e-06,1.556272e-06,1.417482e-06,5.275427e-07,2.852817e-06,8.690163e-07
7.128906,1.110397e-05,5.092022e-06,2.896421e-05,2.079720e-05,3.973590e-05,1.279127e-05,1.309967e-05,8.519445e-06,1.677230e-05,1.244935e-05,1.039223e-05,4.578899e-06,4.451888e-06,6.533101e-06,4.026207e-06,5.303620e-06,6.490473e-07,6.874321e-07,8.683518e-07,3.689758e-06,1.347942e-06,1.009703e-06,4.353165e-07,1.692141e-06,6.955246e-07
7.153320,1.065525e-05,4.899553e-06,2.754456e-05,1.986552e-05,3.792834e-05,1.228767e-05,1.245675e-05,8.266393e-06,1.571812e-05,1.216086e-05,9.913437e-06,4.328760e-06,4.525865e-06,6.150412e-06,4.006353e-06,5.295601e-06,7.247811e-07,6.302798e-07,5.510557e-07,2.459520e-06,1.170890e-06,6.374805e-07,3.835406e-07,6.979770e-07,4.969579e-07
7.177734,1.014431e-05,4.686350e-06,2.611890e-05,1.929050e-05,3.658820e-05,1.173222e-05,1.224657e-05,7.940455e-06,1.489234e-05,1.163282e-05,9.661086e-06,4.069417e-06,4.431609e-06,5.584309e-06,3.811042e-06,5.002815e-06,7.085314e-07,7.587259e-07,3.315970e-07,1.279007e-06,9.338512e-07,2.921896e-07,3.201046e-07,4.122979e-07,3.082906e-07
7.202148,9.585707e-06,4.459740e-06,2.474730e-05,1.862877e-05,3.564047e-05,1.152038e-05,1.173009e-05,7.608194e-06,1.413158e-05,1.115363e-05,9.131284e-06,4.074950e-06,4.036626e-06,5.450971e-06,4.061824e-06,4.328135e-06,6.412439e-07,8.643967e-07,3.251557e-07,9.178121e-07,5.906278e-07,1.100744e-07,2.545617e-07,8.015702e-07,1.512917e-07
7.226562,9.021878e-06,4.199869e-06,2.337405e-05,1.791447e-05,3.492037e-05,1.100433e-05,1.114013e-05,7.070560e-06,1.361538e-05,1.051674e-05,8.727759e-06,4.018783e-06,3.748335e-06,5.262169e-06,4.237967e-06,3.901619e-06,6.541423e-07,8.214262e-07,2.871060e-07,9.018644e-07,2.407833e-07,1.997653e-07,1.774205e-07,1.131242e-06,5.675027e-08
7.250977,8.569020e-06,3.959080e-06,2.215156e-05,1.705762e-05,3.405808e-05,1.044445e-05,1.085471e-05,6.748106e-06,1.329970e-05,1.010474e-05,8.340210e-06,3.590870e-06,3.408717e-06,4.928689e-06,3.974268e-06,4.144804e-06,7.029268e-07,7.665279e-07,4.110503e-07,1.060573e-06,9.813103e-08,2.241779e-07,1.097005e-07,1.251286e-06,9.062261e-08
7.275391,8.049594e-06,3.748841e-06,2.114787e-05,1.630732e-05,3.302147e-05,1.001900e-05,1.043581e-05,6.544373e-06,1.233375e-05,1.000552e-05,7.864289e-06,3.376322e-06,3.099615e-06,4.580234e-06,3.731172e-06,4.112883e-06,6.940765e-07,8.062527e-07,6.661517e-07,1.788718e-06,3.450916e-07,1.860160e-07,9.849148e-08,1.198488e-06,1.523402e-07
7.299805,7.880431e-06,3.643565e-06,2.067650e-05,1.597532e-05,3.354418e-05,1.006593e-05,1.032997e-05,6.258457e-06,1.208799e-05,9.780467e-06,8.028962e-06,3.591774e-06,3.131885e-06,4.254201e-06,3.736825e-06,3.651144e-06,6.954686e-07,8.805633e-07,8.306145e-07,2.741430e-06,6.388526e-07,2.551093e-07,1.569796e-07,9.314170e-07,2.162102e-07
7.324219,8.168084e-06,3.728827e-06,2.128752e-05,1.615356e-05,3.503789e-05,1.059574e-05,1.058050e-05,6.322497e-06,1.281615e-05,1.008289e-05,8.280060e-06,3.810072e-06,3.216674e-06,3.965301e-06,3.873210e-06,3.482639e-06,7.592301e-07,9.241847e-07,9.516616e-07,3.385447e-06,8.922565e-07,3.926141e-07,2.185058e-07,5.113835e-07,2.506118e-07
7.348633,8.444871e-06,3.835639e-06,2.200522e-05,1.653525e-05,3.611044e-05,1.078925e-05,1.098945e-05,6.520731e-06,1.317950e-05,1.070918e-05,8.294564e-06,3.968654e-06,2.985876e-06,4.131795e-06,4.012060e-06,3.613023e-06,8.032511e-07,9.580060e-07,1.075725e-06,3.953650e-06,1.172172e-06,6.689881e-07,2.946714e-07,2.895728e-07,2.424536e-07
7.373047,8.734152e-06,3.941310e-06,2.252881e-05,1.680630e-05,3.774527e-05,1.105522e-05,1.167060e-05,6.678329e-06,1.342167e-05,1.117391e-05,8.719184e-06,4.188536e-06,2.973579e-06,4.351892e-06,4.255248e-06,3.520989e-06,7.471259e-07,1.041490e-06,1.270612e-06,4.696853e-06,1.391429e-06,9.738865e-07,3.486346e-07,1.036708e-06,1.929118e-07
7.397461,9.041759e-06,4.063255e-06,2.299877e-05,1.693088e-05,3.900926e-05,1.160761e-05,1.203220e-05,6.890916e-06,1.356993e-05,1.162108e-05,9.108187e-06,4.288234e-06,3.340374e-06,4.059131e-06,4.127444e-06,3.814986e-06,6.917606e-07,1.105534e-06,1.438601e-06,5.836489e-06,1.539654e-06,1.319859e-06,4.034149e-07,1.849313e-06,1.746564e-07
7.421875,9.418778e-06,4.203043e-06,2.333308e-05,1.712150e-05,4.000734e-05,1.192507e-05,1.227750e-05,6.952007e-06,1.370249e-05,1.190460e-05,9.330162e-06,4.546001e-06,3.490360e-06,3.897530e-06,3.739913e-06,4.613307e-06,7.524854e-07,1.028391e-06,1.487281e-06,6.687553e-06,1.692651e-06,1.681916e-06,4.616580e-07,2.587548e-06,2.940374e-07
7.446289,9.736623e-06,4.393002e-06,2.381540e-05,1.739878e-05,4.078039e-05,1.222613e-05,1.279157e-05,7.019983e-06,1.421074e-05,1.206409e-05,9.592571e-06,4.901931e-06,3.570299e-06,4.163798e-06,3.792932e-06,4.884738e-06,7.872850e-07,9.503609e-07,1.505661e-06,7.046556e-06,1.885352e-06,1.963406e-06,5.152620e-07,3.282749e-06,4.663785e-07
7.470703,9.993909e-06,4.534824e-06,2.395775e-05,1.787054e-05,4.185530e-05,1.270135e-05,1.316755e-05,7.323457e-06,1.441482e-05,1.266028e-05,9.685859e-06,4.857548e-06,3.746426e-06,4.380480e-06,3.963264e-06,4.730322e-06,7.248868e-07,1.016912e-06,1.582968e-06,7.389108e-06,2.223470e-06,2.185482e-06,5.895056e-07,3.870445e-06,6.458471e-07
7.495117,1.031571e-05,4.678769e-06,2.407855e-05,1.804696e-05,4.342288e-05,1.313735e-05,1.352278e-05,7.384380e-06,1.432720e-05,1.303190e-05,1.000481e-05,4.746661e-06,3.761258e-06,4.727709e-06,3.797203e-06,5.026414e-06,6.978654e-07,1.034388e-06,1.669703e-06,7.790345e-06,2.501323e-06,2.231312e-06,6.659820e-07,4.348361e-06,8.037835e-07
7.519531,1.011039e-05,4.636329e-06,2.350311e-05,1.774638e-05,4.235306e-05,1.305154e-05,1.324351e-05,7.015173e-06,1.425398e-05,1.249302e-05,1.022150e-05,4.808280e-06,3.930115e-06,4.879818e-06,3.536637e-06,5.585572e-06,6.971457e-07,8.837360e-07,1.610764e-06,7.998219e-06,2.669983e-06,2.145535e-06,7.197939e-07,4.448809e-06,9.120133e-07
7.543945,9.783415e-06,4.486329e-06,2.247713e-05,1.743329e-05,4.150778e-05,1.244425e-05,1.292626e-05,6.865314e-06,1.386601e-05,1.228101e-05,9.795224e-06,4.744033e-06,4.270103e-06,4.559680e-06,3.401268e-06,5.686012e-06,6.376131e-07,7.732356e-07,1.372017e-06,7.410230e-06,2.645740e-06,1.952424e-06,7.358072e-07,4.217724e-06,9.720661e-07
7.568359,9.477864e-06,4.352869e-06,2.165920e-05,1.686850e-05,4.107420e-05,1.208959e-05,1.282776e-05,6.683689e-06,1.311247e-05,1.210743e-05,9.215888e-06,4.550790e-06,4.241236e-06,4.394426e-06,3.151483e-06,5.660312e-06,5.730164e-07,7.472064e-07,1.169491e-06,6.591560e-06,2.611084e-06,1.781433e-06,7.160710e-07,3.766993e-06,9.993529e-07
7.592773,9.185005e-06,4.223237e-06,2.091103e-05,1.634399e-05,4.036627e-05,1.192609e-05,1.225554e-05,6.524830e-06,1.253172e-05,1.172686e-05,9.038293e-06,4.410160e-06,4.024062e-06,4.728696e-06,3.189135e-06,5.760635e-06,6.263964e-07,6.896017e-07,1.102082e-06,5.742658e-06,2.506181e-06,1.586979e-06,6.647085e-07,3.143420e-06,9.660161e-07
7.617188,8.864110e-06,4.109896e-06,2.028007e-05,1.576529e-05,3.958399e-05,1.138223e-05,1.175596e-05,6.242428e-06,1.189429e-05,1.135025e-05,8.656275e-06,4.096840e-06,4.019860e-06,4.826778e-06,3.411820e-06,5.549634e-06,6.882707e-07,6.218455e-07,9.928744e-07,5.135874e-06,2.271777e-06,1.405771e-06,5.885997e-07,2.508694e-06,8.847395e-07
7.641602,8.516596e-06,3.957089e-06,1.950542e-05,1.523352e-05,3.856954e-05,1.093061e-05,1.152791e-05,5.856308e-06,1.173612e-05,1.068533e-05,8.344955e-06,3.878912e-06,4.073173e-06,4.574187e-06,3.252698e-06,4.902136e-06,6.657683e-07,6.885663e-07,7.897961e-07,4.572460e-06,1.935708e-06,1.270885e-06,4.962589e-07,2.002507e-06,7.350281e-07
7.666016,8.271183e-06,3.815320e-06,1.873730e-05,1.454533e-05,3.781676e-05,1.062951e-05,1.107985e-05,5.778235e-06,1.150137e-05,1.051240e-05,8.025251e-06,3.992775e-06,3.960560e-06,4.459024e-06,3.055102e-06,4.827637e-06,6.243073e-07,7.764562e-07,5.909162e-07,3.734652e-06,1.498706e-06,1.174803e-06,3.972901e-07,1.674140e-06,5.654781e-07
7.690430,7.924697e-06,3.706582e-06,1.822111e-05,1.383685e-05,3.646291e-05,1.035298e-05,1.058820e-05,5.614580e-06,1.073113e-05,1.049632e-05,7.577870e-06,3.911432e-06,3.883521e-06,4.318833e-06,3.253841e-06,5.063178e-06,6.467270e-07,7.662641e-07,5.510067e-07,2.616343e-06,1.139268e-06,1.072488e-06,2.797679e-07,1.485366e-06,3.867544e-07
7.714844,7.541768e-06,3.554391e-06,1.745391e-05,1.338814e-05,3.521265e-05,9.979675e-06,1.003532e-05,5.226956e-06,1.036758e-05,9.920536e-06,7.522137e-06,3.564059e-06,3.690573e-06,4.102391e-06,3.438954e-06,4.781954e-06,6.719818e-07,7.021158e-07,4.942092e-07,1.993914e-06,8.005788e-07,8.806664e-07,1.767249e-07,1.368348e-06,2.410465e-07
7.739258,7.378255e-06,3.499914e-06,1.712001e-05,1.302705e-05,3.535520e-05,9.616615e-06,9.956196e-06,5.134682e-06,1.045248e-05,9.825990e-06,7.555928e-06,3.518151e-06,3.384325e-06,4.152009e-06,3.498292e-06,4.267384e-06,6.519605e-07,7.222744e-07,3.996229e-07,1.829089e-06,6.635935e-07,6.541861e-07,9.309482e-08,1.310071e-06,1.410769e-07
7.763672,7.242969e-06,3.465037e-06,1.695245e-05,1.275560e-05,3.503228e-05,9.615266e-06,1.009606e-05,5.109739e-06,1.033361e-05,1.001934e-05,7.250020e-06,3.544828e-06,3.384637e-06,4.184203e-06,3.607034e-06,3.899156e-06,6.660515e-07,7.762326e-07,5.082576e-07,1.562205e-06,5.430831e-07,3.649749e-07,6.904454e-08,1.270538e-06,1.109945e-07
7.788086,7.085905e-06,3.424955e-06,1.681460e-05,1.259369e-05,3.464344e-05,9.630191e-06,9.849817e-06,5.097738e-06,1.023230e-05,1.006010e-05,7.242516e-06,3.559326e-06,3.498785e-06,3.822161e-06,3.674420e-06,3.678433e-06,7.108169e-07,7.659718e-07,7.240241e-07,1.366553e-06,5.460172e-07,8.316181e-08,9.184565e-08,1.136661e-06,1.467400e-07
7.812500,6.918978e-06,3.352880e-06,1.664007e-05,1.246917e-05,3.437667e-05,9.381678e-06,9.761195e-06,5.087386e-06,9.953136e-06,1.018081e-05,7.328562e-06,3.653417e-06,3.289896e-06,3.571796e-06,3.499216e-06,3.367938e-06,7.002400e-07,7.592860e-07,8.631301e-07,2.173715e-06,5.931794e-07,2.938079e-07,1.145527e-07,9.648929e-07,1.847826e-07
7.836914,6.823132e-06,3.277206e-06,1.645847e-05,1.233663e-05,3.443781e-05,9.299790e-06,9.817397e-06,4.926234e-06,9.838156e-06,9.995956e-06,7.278424e-06,3.566060e-06,3.080017e-06,3.616626e-06,3.540641e-06,3.383662e-06,6.298771e-07,8.119794e-07,9.515430e-07,2.940922e-06,6.438952e-07,5.921073e-07,1.363184e-07,7.084499e-07,2.053569e-07
7.861328,6.694184e-06,3.229262e-06,1.648703e-05,1.213947e-05,3.435520e-05,9.222983e-06,9.717745e-06,4.956578e-06,9.948316e-06,9.890164e-06,7.307499e-06,3.424339e-06,3.001247e-06,3.473085e-06,3.751476e-06,3.633970e-06,6.052231e-07,8.284782e-07,1.072795e-06,3.417141e-06,7.217098e-07,8.728038e-07,1.656145e-07,6.927523e-07,1.778051e-07
7.885742,6.569855e-06,3.157927e-06,1.638055e-05,1.215978e-05,3.399102e-05,9.123018e-06,9.603707e-06,5.006684e-06,9.597116e-06,1.015218e-05,7.062298e-06,3.625712e-06,2.926458e-06,3.282817e-06,3.609796e-06,3.536751e-06,6.322339e-07,7.575514e-07,1.210730e-06,3.879299e-06,8.325016e-07,1.080915e-06,2.064203e-07,1.019546e-06,9.703559e-08
7.910156,6.502823e-06,3.106402e-06,1.620691e-05,1.212102e-05,3.432146e-05,8.927981e-06,9.475216e-06,4.824445e-06,9.414534e-06,9.944437e-06,6.951681e-06,3.739336e-06,3.036168e-06,3.136498e-06,3.349115e-06,3.016551e-06,6.226664e-07,6.902001e-07,1.300680e-06,4.680587e-06,1.075972e-06,1.263052e-06,2.659186e-07,1.398974e-06,2.036152e-08
7.934570,6.409821e-06,3.068293e-06,1.609475e-05,1.188585e-05,3.454367e-05,8.673207e-06,9.507427e-06,4.736872e-06,9.548318e-06,9.715447e-06,7.210927e-06,3.559913e-06,3.189753e-06,2.839208e-06,3.216584e-06,3.142192e-06,5.703435e-07,6.924144e-07,1.248984e-06,5.367897e-06,1.382545e-06,1.330452e-06,3.312243e-07,1.745481e-06,1.482110e-07
7.958984,6.360602e-06,3.028098e-06,1.589118e-05,1.178326e-05,3.446459e-05,8.725398e-06,9.528928e-06,4.762799e-06,9.482194e-06,9.865069e-06,7.126495e-06,3.495908e-06,2.997862e-06,2.799435e-06,3.034953e-06,3.729571e-06,5.469012e-07,6.955811e-07,1.202100e-06,5.802072e-06,1.675507e-06,1.378508e-06,4.066800e-07,1.971943e-06,2.746303e-07
7.983398,6.334448e-06,2.998442e-06,1.570713e-05,1.165958e-05,3.458580e-05,8.735804e-06,9.268187e-06,4.803827e-06,9.347945e-06,9.991684e-06,6.984219e-06,3.454041e-06,2.829384e-06,3.083657e-06,2.839371e-06,3.910020e-06,5.440603e-07,6.359532e-07,1.219150e-06,5.808533e-06,1.852176e-06,1.362256e-06,4.715815e-07,2.156694e-06,3.869116e-07
8.007812,6.345258e-06,2.973082e-06,1.548242e-05,1.151125e-05,3.459032e-05,8.588845e-06,9.196055e-06,4.840764e-06,9.180767e-06,1.007134e-05,7.030236e-06,3.434086e-06,3.075593e-06,3.085904e-06,2.840747e-06,4.133308e-06,4.860786e-07,5.855021e-07,1.227511e-06,5.812458e-06,1.949172e-06,1.405099e-06,5.235192e-07,2.197130e-06,4.722463e-07
8.032227,6.342591e-06,2.977398e-06,1.535077e-05,1.134066e-05,3.461221e-05,8.684344e-06,9.240953e-06,4.727944e-06,9.062946e-06,1.000358e-05,6.972390e-06,3.590987e-06,3.205755e-06,2.889341e-06,2.691797e-06,4.515494e-06,4.324483e-07,5.697594e-07,1.145224e-06,5.873848e-06,1.973887e-06,1.485417e-06,5.490844e-07,2.160986e-06,5.381831e-07
8.056641,6.302863e-06,2.961061e-06,1.514852e-05,1.117453e-05,3.433060e-05,8.832663e-06,9.094870e-06,4.653818e-06,9.283167e-06,9.778640e-06,6.935189e-06,3.529468e-06,3.198609e-06,2.927931e-06,2.328247e-06,4.599073e-06,4.972493e-07,5.330944e-07,9.890014e-07,5.865952e-06,1.947844e-06,1.549054e-06,5.436196e-07,1.937235e-06,5.769826e-07
8.081055,6.347653e-06,2.947752e-06,1.479547e-05,1.110123e-05,3.412285e-05,8.919724e-06,8.993660e-06,4.751606e-06,9.296501e-06,9.995200e-06,6.916191e-06,3.277803e-06,3.253783e-06,3.041442e-06,2.378823e-06,4.514074e-06,5.605820e-07,4.458920e-07,9.178115e-07,5.400374e-06,1.871252e-06,1.599288e-06,5.183755e-07,1.698722e-06,5.948951e-07
8.105469,6.375304e-06,2.965961e-06,1.460126e-05,1.083710e-05,3.429265e-05,8.931878e-06,8.947389e-06,4.698287e-06,9.030357e-06,1.022832e-05,6.719418e-06,3.313028e-06,3.198322e-06,3.096416e-06,2.566379e-06,4.972477e-06,5.389874e-07,4.612802e-07,8.929773e-07,4.542495e-06,1.710451e-06,1.584454e-06,4.815744e-07,1.493594e-06,5.635295e-07
8.129883,6.399705e-06,2.967749e-06,1.439033e-05,1.063077e-05,3.370854e-05,8.915452e-06,9.096166e-06,4.563184e-06,9.085677e-06,1.004020e-05,6.800569e-06,3.465725e-06,3.205818e-06,3.247062e-06,2.536075e-06,5.468890e-06,5.494542e-07,5.596849e-07,8.003033e-07,3.991189e-06,1.538332e-06,1.575595e-06,4.329781e-07,1.504608e-06,4.945280e-07
8.154297,6.443032e-06,2.984842e-06,1.419167e-05,1.060461e-05,3.324339e-05,9.168563e-06,9.256305e-06,4.564154e-06,9.181312e-06,1.006028e-05,7.009570e-06,3.439828e-06,3.441827e-06,3.185477e-06,2.527693e-06,5.401629e-06,6.085238e-07,5.740884e-07,6.749716e-07,3.575299e-06,1.407093e-06,1.476335e-06,3.826638e-07,1.631927e-06,3.843159e-07
8.178711,6.472771e-06,3.005097e-06,1.405726e-05,1.051463e-05,3.321352e-05,9.332546e-06,9.140483e-06,4.559519e-06,9.087656e-06,1.022867e-05,6.861318e-06,3.384293e-06,3.496260e-06,2.997227e-06,2.616905e-06,5.130351e-06,6.409267e-07,5.446058e-07,6.053922e-07,3.111947e-06,1.378516e-06,1.360074e-06,3.324336e-07,1.737060e-06,2.586919e-07
8.203125,6.679677e-06,3.136929e-06,1.442116e-05,1.080535e-05,3.419821e-05,9.617742e-06,9.552478e-06,4.746479e-06,9.303594e-06,1.061515e-05,6.985546e-06,3.490997e-06,3.363031e-06,3.193277e-06,2.713833e-06,5.214682e-06,6.597741e-07,6.089121e-07,6.221761e-07,2.346013e-06,1.321526e-06,1.158402e-06,3.042271e-07,1.804465e-06,1.573118e-07
8.227539,6.827257e-06,3.245371e-06,1.478557e-05,1.106946e-05,3.528516e-05,1.009503e-05,1.011371e-05,4.885862e-06,9.364635e-06,1.106613e-05,7.288355e-06,3.538433e-06,3.370232e-06,3.464926e-06,2.984316e-06,5.228224e-06,7.425608e-07,6.914215e-07,6.004442e-07,1.875426e-06,1.195198e-06,9.007006e-07,2.823836e-07,1.718265e-06,1.155299e-07
8.251953,7.028514e-06,3.342569e-06,1.502233e-05,1.145421e-05,3.603894e-05,1.046874e-05,1.046570e-05,4.920025e-06,9.619209e-06,1.118997e-05,7.474852e-06,3.766914e-06,3.619225e-06,3.469100e-06,3.412244e-06,4.980746e-06,8.408191e-07,7.207999e-07,4.964952e-07,2.122591e-06,9.685586e-07,6.230475e-07,2.660467e-07,1.540804e-06,1.575760e-07
8.276367,7.158001e-06,3.453847e-06,1.544481e-05,1.174252e-05,3.738648e-05,1.073436e-05,1.093834e-05,5.159628e-06,1.005467e-05,1.140702e-05,7.753858e-06,4.014754e-06,3.705847e-06,3.354390e-06,3.550039e-06,5.114064e-06,8.533915e-07,7.744785e-07,5.317245e-07,2.438441e-06,6.202274e-07,3.231735e-07,2.296068e-07,1.274429e-06,1.923123e-07
8.300781,7.287786e-06,3.519597e-06,1.588587e-05,1.194360e-05,3.839692e-05,1.088199e-05,1.141031e-05,5.367283e-06,1.002937e-05,1.208743e-05,7.878131e-06,3.939633e-06,3.733918e-06,3.403978e-06,3.482925e-06,5.216295e-06,8.225723e-07,8.918783e-07,6.994220e-07,2.466305e-06,2.427461e-07,6.648714e-08,1.717299e-07,8.839670e-07,2.324185e-07
8.325195,7.476443e-06,3.591813e-06,1.630688e-05,1.235629e-05,3.913382e-05,1.104943e-05,1.201782e-05,5.345370e-06,1.015116e-05,1.223147e-05,7.818576e-06,3.999653e-06,3.745339e-06,3.441352e-06,3.664566e-06,4.692526e-06,8.591667e-07,9.665043e-07,7.894663e-07,2.943325e-06,2.250038e-07,2.173788e-07,1.017728e-07,4.632659e-07,2.344057e-07
8.349609,7.652182e-06,3.671504e-06,1.692581e-05,1.267336e-05,4.060953e-05,1.145407e-05,1.243144e-05,5.454401e-06,1.063435e-05,1.226342e-05,8.224361e-06,4.405022e-06,3.584647e-06,3.488378e-06,3.924821e-06,3.677371e-06,9.063637e-07,9.295399e-07,8.855688e-07,3.789069e-06,6.676818e-07,4.605411e-07,1.339543e-08,4.243213e-07,2.070041e-07
8.374023,7.836336e-06,3.749184e-06,1.755600e-05,1.296243e-05,4.169550e-05,1.154242e-05,1.252148e-05,5.629488e-06,1.087334e-05,1.277184e-05,8.550686e-06,4.625083e-06,3.639697e-06,3.673584e-06,3.985146e-06,3.354427e-06,8.866348e-07,8.839521e-07,1.095909e-06,4.722575e-06,1.200837e-06,6.628236e-07,9.109209e-08,1.005389e-06,1.287867e-07
8.398438,8.038481e-06,3.830653e-06,1.815941e-05,1.329229e-05,4.273545e-05,1.153346e-05,1.297649e-05,5.868380e-06,1.106993e-05,1.323881e-05,8.532546e-06,4.778702e-06,4.077542e-06,3.566502e-06,4.039605e-06,3.548437e-06,8.452334e-07,9.020660e-07,1.340618e-06,5.121554e-06,1.628133e-06,8.428632e-07,1.968708e-07,1.567325e-06,4.324768e-08
8.422852,8.266376e-06,3.873977e-06,1.845858e-05,1.343098e-05,4.330316e-05,1.176545e-05,1.326254e-05,5.982131e-06,1.095356e-05,1.367124e-05,8.632672e-06,4.863694e-06,4.215150e-06,3.242999e-06,4.124322e-06,3.521907e-06,8.376598e-07,9.217944e-07,1.420593e-06,5.821996e-06,1.960748e-06,9.575514e-07,2.811424e-07,2.025451e-06,2.065233e-07
8.447266,8.245469e-06,3.858173e-06,1.824773e-05,1.319634e-05,4.257911e-05,1.155466e-05,1.281365e-05,5.712013e-06,1.068290e-05,1.327617e-05,8.444067e-06,4.631858e-06,3.956815e-06,3.289986e-06,3.802530e-06,3.607533e-06,7.597886e-07,8.261068e-07,1.341077e-06,6.895042e-06,2.020307e-06,1.078380e-06,3.524911e-07,2.224725e-06,3.777876e-07
8.471680,8.175619e-06,3.832340e-06,1.809971e-05,1.283031e-05,4.207695e-05,1.131519e-05,1.245862e-05,5.626821e-06,1.082958e-05,1.271917e-05,8.292551e-06,4.649399e-06,3.980935e-06,3.425877e-06,3.513299e-06,3.883082e-06,5.965079e-07,7.615675e-07,1.330038e-06,7.740195e-06,1.951238e-06,1.242142e-06,3.923111e-07,2.312444e-06,5.339940e-07
8.496094,8.171592e-06,3.814458e-06,1.771119e-05,1.261919e-05,4.096568e-05,1.108703e-05,1.217594e-05,5.661388e-06,1.058239e-05,1.287592e-05,8.142649e-06,4.901535e-06,4.030612e-06,3.351516e-06,3.592850e-06,3.984037e-06,4.883215e-07,7.288024e-07,1.340953e-06,7.897394e-06,1.877066e-06,1.432424e-06,4.075013e-07,2.299169e-06,6.319413e-07
8.520508,8.058229e-06,3.817304e-06,1.739354e-05,1.253679e-05,4.027058e-05,1.091281e-05,1.206222e-05,5.457875e-06,1.013191e-05,1.289290e-05,7.708493e-06,4.743460e-06,4.046102e-06,3.335776e-06,3.421166e-06,4.249199e-06,4.987301e-07,6.328126e-07,1.286235e-06,7.735182e-06,1.840705e-06,1.596454e-06,3.957637e-07,2.199754e-06,6.974724e-07
8.544922,7.919485e-06,3.789117e-06,1.695929e-05,1.223509e-05,3.990622e-05,1.102363e-05,1.189703e-05,5.287637e-06,1.009866e-05,1.243242e-05,7.477275e-06,4.458677e-06,4.235067e-06,3.305631e-06,3.058435e-06,5.181419e-06,5.082255e-07,4.776263e-07,1.141318e-06,7.636595e-06,1.848789e-06,1.649319e-06,3.742716e-07,2.029024e-06,7.203962e-07
8.569336,7.763075e-06,3.753430e-06,1.645546e-05,1.199476e-05,3.907614e-05,1.081328e-05,1.143783e-05,5.247601e-06,1.000503e-05,1.230108e-05,7.648753e-06,4.462346e-06,4.149774e-06,3.171069e-06,2.957878e-06,5.875178e-06,4.644889e-07,4.191991e-07,1.001678e-06,7.710499e-06,1.861118e-06,1.675576e-06,3.551478e-07,1.833092e-06,7.129831e-07
8.593750,7.629099e-06,3.697398e-06,1.596968e-05,1.173986e-05,3.837773e-05,1.062197e-05,1.141386e-05,5.160690e-06,9.736647e-06,1.224546e-05,7.516957e-06,4.451267e-06,3.868785e-06,3.328789e-06,2.949989e-06,5.847552e-06,4.986473e-07,4.605884e-07,9.590063e-07,7.161521e-06,1.977387e-06,1.628946e-06,3.555943e-07,1.770100e-06,6.712512e-07
8.618164,7.462249e-06,3.651564e-06,1.562294e-05,1.151715e-05,3.762937e-05,1.064606e-05,1.135634e-05,5.152938e-06,9.512576e-06,1.206914e-05,7.187375e-06,4.428996e-06,3.999542e-06,3.509765e-06,2.910053e-06,5.783705e-06,5.741673e-07,4.820266e-07,8.926174e-07,6.174227e-06,2.063392e-06,1.570381e-06,3.612592e-07,1.938677e-06,5.937600e-07
8.642578,7.266629e-06,3.568503e-06,1.544751e-05,1.122028e-05,3.731764e-05,1.045036e-05,1.110634e-05,4.975733e-06,9.072896e-06,1.202100e-05,7.097600e-06,4.435176e-06,4.170669e-06,3.303016e-06,3.090337e-06,6.115343e-06,6.104038e-07,4.695407e-07,7.253374e-07,5.144435e-06,2.140666e-06,1.415889e-06,3.714201e-07,2.215201e-06,4.789122e-07
8.666992,7.178674e-06,3.490499e-06,1.525408e-05,1.094633e-05,3.664357e-05,1.021880e-05,1.106597e-05,4.838923e-06,9.058322e-06,1.148715e-05,6.916638e-06,4.199454e-06,4.066608e-06,3.140473e-06,3.177264e-06,6.303478e-06,6.695098e-07,5.132117e-07,5.880830e-07,4.504982e-06,2.139253e-06,1.271492e-06,3.818672e-07,2.486151e-06,3.662406e-07
8.691406,7.116028e-06,3.481450e-06,1.546844e-05,1.091768e-05,3.628630e-05,1.006974e-05,1.118676e-05,4.994051e-06,9.102521e-06,1.145405e-05,6.974501e-06,4.036109e-06,3.945817e-06,3.241414e-06,2.996237e-06,6.230504e-06,7.987253e-07,6.002351e-07,5.830042e-07,4.006681e-06,1.977902e-06,1.113877e-06,3.878665e-07,2.566142e-06,2.924753e-07
8.715820,7.059324e-06,3.445780e-06,1.567976e-05,1.068836e-05,3.642378e-05,1.009845e-05,1.137884e-05,4.946220e-06,8.711223e-06,1.174746e-05,6.975367e-06,4.194071e-06,3.907512e-06,3.285685e-06,3.079157e-06,6.396785e-06,9.047089e-07,6.451162e-07,6.076718e-07,3.120985e-06,1.689720e-06,9.568045e-07,3.746421e-07,2.524254e-06,3.111384e-07
8.740234,7.053032e-06,3.425629e-06,1.578530e-05,1.045032e-05,3.597769e-05,1.017551e-05,1.127610e-05,4.816603e-06,8.656810e-06,1.141766e-05,6.646322e-06,4.181531e-06,3.824063e-06,3.259054e-06,3.396605e-06,6.469892e-06,9.080365e-07,6.975323e-07,5.686679e-07,2.348066e-06,1.324806e-06,8.786280e-07,3.406205e-07,2.274831e-06,3.474603e-07
8.764648,7.049521e-06,3.417599e-06,1.592817e-05,1.029069e-05,3.550543e-05,9.900488e-06,1.107579e-05,4.803406e-06,8.769097e-06,1.113965e-05,6.681252e-06,3.864243e-06,3.889597e-06,3.231722e-06,3.498859e-06,5.935085e-06,8.906185e-07,8.037242e-07,5.453943e-07,2.283343e-06,9.626942e-07,7.498879e-07,2.876148e-07,1.948194e-06,3.833979e-07
8.789062,7.016590e-06,3.426647e-06,1.605949e-05,1.006861e-05,3.516439e-05,9.806075e-06,1.128532e-05,4.840957e-06,8.741422e-06,1.119345e-05,6.805496e-06,3.755899e-06,4.070052e-06,3.073329e-06,3.479843e-06,5.180809e-06,9.345390e-07,8.890986e-07,6.447893e-07,2.681471e-06,5.841716e-07,6.015519e-07,2.007114e-07,1.542076e-06,3.728896e-07
8.813477,6.906745e-06,3.409731e-06,1.621575e-05,9.868853e-06,3.480838e-05,9.869880e-06,1.129833e-05,4.950379e-06,8.647929e-06,1.131046e-05,6.655035e-06,3.700948e-06,3.815310e-06,2.872239e-06,3.507866e-06,5.017440e-06,9.851145e-07,8.524939e-07,7.253255e-07,2.833135e-06,3.039535e-07,3.542449e-07,1.153477e-07,1.067612e-06,3.422945e-07
8.837891,6.835224e-06,3.372623e-06,1.610486e-05,9.618078e-06,3.436314e-05,9.727431e-06,1.112189e-05,4.903030e-06,8.348135e-06,1.151271e-05,6.593456e-06,3.687933e-06,3.448635e-06,3.021722e-06,3.459838e-06,4.927039e-06,9.513518e-07,7.999508e-07,7.655184e-07,2.990447e-06,4.994648e-07,1.373682e-07,3.647184e-08,4.944872e-07,2.949175e-07
8.862305,6.710543e-06,3.350545e-06,1.605788e-05,9.507175e-06,3.351068e-05,9.638130e-06,1.111757e-05,4.768037e-06,8.334979e-06,1.123966e-05,6.565294e-06,3.856962e-06,3.542732e-06,3.117425e-06,3.338473e-06,4.465630e-06,9.262006e-07,8.012746e-07,8.441062e-07,3.629496e-06,8.851733e-07,2.247173e-07,8.605366e-08,1.617965e-07,2.190503e-07
8.886719,6.586548e-06,3.292084e-06,1.603513e-05,9.288487e-06,3.328911e-05,9.542090e-06,1.112506e-05,4.872491e-06,8.572449e-06,1.093756e-05,6.533042e-06,3.713734e-06,3.576524e-06,2.861507e-06,3.493181e-06,3.981739e-06,9.438656e-07,8.265170e-07,9.823190e-07,4.267906e-06,1.161493e-06,4.995561e-07,1.683781e-07,6.933420e-07,1.078639e-07
8.911133,6.498449e-06,3.240955e-06,1.591978e-05,8.965204e-06,3.282653e-05,9.667498e-06,1.121985e-05,4.886422e-06,8.355973e-06,1.129335e-05,6.606277e-06,3.483631e-06,3.506480e-06,2.727350e-06,3.532912e-06,3.631729e-06,9.032513e-07,7.915026e-07,1.125301e-06,4.555597e-06,1.329311e-06,8.030526e-07,2.353861e-07,1.115172e-06,5.165047e-08
8.935547,6.448305e-06,3.220951e-06,1.611298e-05,8.885394e-06,3.222927e-05,9.809007e-06,1.111641e-05,4.813788e-06,8.295864e-06,1.140298e-05,6.452261e-06,3.688098e-06,3.561998e-06,2.673643e-06,3.234563e-06,3.049362e-06,7.824540e-07,7.564938e-07,1.187552e-06,4.765108e-06,1.492306e-06,1.117203e-06,2.876723e-07,1.457005e-06,2.233279e-07
8.959961,6.434888e-06,3.198516e-06,1.635821e-05,8.829033e-06,3.204850e-05,9.744204e-06,1.109722e-05,4.860698e-06,8.485739e-06,1.134211e-05,6.280698e-06,3.924411e-06,3.409937e-06,2.597545e-06,3.145050e-06,2.541777e-06,7.123574e-07,7.628048e-07,1.167478e-06,5.157328e-06,1.619051e-06,1.392990e-06,3.155567e-07,1.635154e-06,3.915392e-07
8.984375,6.426355e-06,3.173020e-06,1.662960e-05,8.830869e-06,3.185983e-05,9.900165e-06,1.141837e-05,4.926787e-06,8.561084e-06,1.151204e-05,6.543783e-06,3.920026e-06,3.319155e-06,2.738403e-06,3.204290e-06,3.068164e-06,7.000931e-07,7.391033e-07,1.189813e-06,5.947322e-06,1.803641e-06,1.568073e-06,3.220741e-07,1.775439e-06,5.520738e-07
9.008789,6.465832e-06,3.143734e-06,1.683722e-05,8.863128e-06,3.179290e-05,9.998260e-06,1.149561e-05,5.093647e-06,8.625002e-06,1.164956e-05,6.647233e-06,3.990922e-06,3.582481e-06,2.772859e-06,3.090226e-06,3.629823e-06,6.592587e-07,6.135593e-07,1.232804e-06,6.490524e-06,1.915993e-06,1.673875e-06,3.205275e-07,1.858867e-06,6.688521e-07
9.033203,6.503208e-06,3.149871e-06,1.703153e-05,8.939993e-06,3.171463e-05,9.905170e-06,1.157626e-05,5.162585e-06,8.455413e-06,1.197513e-05,6.626784e-06,4.029966e-06,3.713809e-06,2.565258e-06,3.065770e-06,3.596739e-06,5.557871e-07,5.075870e-07,1.202276e-06,6.708527e-06,2.045606e-06,1.677617e-06,3.241435e-07,1.914092e-06,7.527554e-07
9.057617,6.537804e-06,3.145135e-06,1.729782e-05,9.097318e-06,3.184119e-05,9.896541e-06,1.183677e-05,5.103254e-06,8.391819e-06,1.198967e-05,6.613111e-06,4.071043e-06,3.462810e-06,2.529449e-06,3.013443e-06,3.772999e-06,4.731469e-07,4.839530e-07,1.087977e-06,6.605205e-06,2.067959e-06,1.637592e-06,3.420302e-07,1.878598e-06,7.980682e-07
9.082031,6.665218e-06,3.147418e-06,1.735309e-05,9.145291e-06,3.248209e-05,9.895945e-06,1.203471e-05,5.280175e-06,8.686019e-06,1.170071e-05,6.533034e-06,4.401740e-06,3.408441e-06,2.763742e-06,2.735999e-06,4.554737e-06,4.279200e-07,4.553164e-07,9.906602e-07,6.599306e-06,2.088209e-06,1.542819e-06,3.655360e-07,1.809806e-06,8.123275e-07
9.106445,6.740519e-06,3.188914e-06,1.742662e-05,9.261931e-06,3.276467e-05,9.982234e-06,1.222356e-05,5.472116e-06,8.674266e-06,1.199619e-05,6.671562e-06,4.484037e-06,3.576719e-06,2.810880e-06,2.602419e-06,5.010124e-06,3.576953e-07,3.788407e-07,9.802503e-07,6.624289e-06,2.098888e-06,1.457800e-06,3.961850e-07,1.746066e-06,7.760116e-07
9.130859,6.805205e-06,3.214860e-06,1.755137e-05,9.426219e-06,3.338254e-05,9.956251e-06,1.220673e-05,5.431505e-06,8.484847e-06,1.229931e-05,6.775863e-06,4.317246e-06,3.649519e-06,2.739129e-06,2.918732e-06,5.415542e-06,3.872792e-07,3.220611e-07,9.150717e-07,6.221429e-06,1.991227e-06,1.378101e-06,4.181936e-07,1.831817e-06,7.003937e-07
9.155273,6.877228e-06,3.242071e-06,1.756243e-05,9.428477e-06,3.432766e-05,9.723639e-06,1.222107e-05,5.432555e-06,8.678552e-06,1.205007e-05,6.555095e-06,4.448808e-06,3.831339e-06,2.778883e-06,3.034915e-06,6.172991e-06,5.593373e-07,3.432461e-07,7.516034e-07,5.197633e-06,1.866100e-06,1.321452e-06,4.247089e-07,1.947608e-06,5.612219e-07
9.179688,6.944598e-06,3.253947e-06,1.744804e-05,9.404139e-06,3.467493e-05,9.761967e-06,1.252646e-05,5.492811e-06,8.848420e-06,1.200553e-05,6.495237e-06,4.625048e-06,3.837538e-06,2.712820e-06,2.901264e-06,6.430392e-06,6.826186e-07,3.495021e-07,5.942861e-07,4.192651e-06,1.627199e-06,1.352869e-06,4.191630e-07,2.083674e-06,4.195823e-07
9.204102,6.892158e-06,3.237281e-06,1.700356e-05,9.196830e-06,3.447245e-05,9.696616e-06,1.231259e-05,5.490413e-06,8.777022e-06,1.201795e-05,6.573564e-06,4.558952e-06,3.549399e-06,2.763471e-06,2.956047e-06,6.025727e-06,6.715574e-07,4.030209e-07,5.178722e-07,3.414789e-06,1.471229e-06,1.364221e-06,3.890920e-07,2.025048e-06,2.955939e-07
9.228516,6.804783e-06,3.210649e-06,1.673905e-05,8.985284e-06,3.407219e-05,9.491921e-06,1.198027e-05,5.546273e-06,8.650401e-06,1.208641e-05,6.427075e-06,4.423995e-06,3.639543e-06,2.966848e-06,3.024570e-06,5.865668e-06,7.447682e-07,5.489993e-07,4.666377e-07,2.844345e-06,1.342390e-06,1.390391e-06,3.426385e-07,1.839586e-06,2.891804e-07
9.252930,6.784378e-06,3.174571e-06,1.637661e-05,8.705338e-06,3.389489e-05,9.421019e-06,1.185830e-05,5.388197e-06,8.312358e-06,1.225039e-05,6.311190e-06,4.182956e-06,3.948807e-06,2.878352e-06,3.058714e-06,6.109958e-06,8.613398e-07,6.723754e-07,3.663139e-07,1.839943e-06,1.286918e-06,1.312011e-06,2.911133e-07,1.592051e-06,3.432533e-07
9.277344,6.728108e-06,3.166632e-06,1.606967e-05,8.384782e-06,3.336284e-05,9.343724e-06,1.168315e-05,5.242193e-06,8.276199e-06,1.188102e-05,6.251738e-06,3.931116e-06,3.957351e-06,2.663717e-06,3.275573e-06,6.004205e-06,9.034125e-07,6.760495e-07,3.064301e-07,1.044688e-06,1.154333e-06,1.174510e-06,2.370898e-07,1.257372e-06,3.792424e-07
9.301758,6.655652e-06,3.125859e-06,1.595206e-05,8.259967e-06,3.237857e-05,9.358223e-06,1.157649e-05,5.301444e-06,8.353684e-06,1.156120e-05,6.092299e-06,3.971377e-06,3.831877e-06,2.686937e-06,3.385916e-06,5.592701e-06,9.269775e-07,6.838233e-07,3.766382e-07,1.455340e-06,9.853482e-07,9.555933e-07,1.964261e-07,9.311798e-07,3.952086e-07
9.326172,6.647024e-06,3.087358e-06,1.566999e-05,8.081542e-06,3.201142e-05,9.276964e-06,1.129521e-05,5.207970e-06,8.049979e-06,1.177314e-05,6.150100e-06,4.043285e-06,3.780978e-06,2.802018e-06,3.207593e-06,5.166028e-06,1.000103e-06,7.566884e-07,4.128128e-07,1.928389e-06,7.532340e-07,6.968291e-07,1.626456e-07,5.616914e-07,3.676116e-07
9.350586,6.615190e-06,3.070761e-06,1.545338e-05,7.921925e-06,3.139853e-05,9.061567e-06,1.111423e-05,5.051415e-06,7.845878e-06,1.165405e-05,6.054895e-06,3.752805e-06,3.715078e-06,2.830679e-06,3.188175e-06,4.728265e-06,1.033462e-06,7.996354e-07,4.214262e-07,2.105055e-06,4.549228e-07,4.099193e-07,1.272042e-07,1.914637e-07,3.292019e-07
9.375000,6.582546e-06,3.063063e-06,1.531496e-05,7.840609e-06,3.083683e-05,9.081045e-06,1.123506e-05,5.007537e-06,7.823090e-06,1.132476e-05,5.726437e-06,3.522553e-06,3.719993e-06,2.850761e-06,3.326338e-06,3.872339e-06,9.750027e-07,7.918472e-07,5.307120e-07,2.664168e-06,1.683108e-07,1.596607e-07,9.126756e-08,1.624801e-07,2.709674e-07
9.399414,6.496499e-06,3.047100e-06,1.524298e-05,7.744173e-06,3.055277e-05,8.949255e-06,1.106454e-05,4.983242e-06,7.692571e-06,1.123812e-05,5.706220e-06,3.584680e-06,3.854041e-06,2.811107e-06,3.312192e-06,3.217040e-06,8.723438e-07,8.081374e-07,7.080900e-07,3.316813e-06,2.476703e-07,2.552031e-07,5.420341e-08,4.172128e-07,2.165759e-07
9.423828,6.451284e-06,3.016189e-06,1.507765e-05,7.679579e-06,3.036576e-05,8.686971e-06,1.095438e-05,5.046313e-06,7.567971e-06,1.108593e-05,5.795922e-06,3.534996e-06,3.723427e-06,2.629441e-06,3.204867e-06,3.346515e-06,8.430628e-07,8.223592e-07,8.392102e-07,3.940079e-06,5.882212e-07,5.210777e-07,5.729712e-08,5.363042e-07,2.170500e-07
9.448242,6.343208e-06,3.011315e-06,1.488182e-05,7.580077e-06,3.039131e-05,8.585316e-06,1.105305e-05,4.980358e-06,7.240558e-06,1.112459e-05,5.696954e-06,3.521282e-06,3.425435e-06,2.621668e-06,3.159439e-06,3.214949e-06,8.331927e-07,7.882208e-07,8.783019e-07,4.105151e-06,9.492586e-07,7.195496e-07,1.085705e-07,5.547569e-07,2.818026e-07
9.472656,6.209884e-06,2.971106e-06,1.491367e-05,7.598944e-06,3.011271e-05,8.504842e-06,1.104300e-05,4.818449e-06,7.025092e-06,1.092538e-05,5.657823e-06,3.524294e-06,3.435571e-06,2.746332e-06,3.073504e-06,2.662829e-06,7.571479e-07,6.815813e-07,9.152795e-07,4.425603e-06,1.189581e-06,8.614847e-07,1.617272e-07,5.930763e-07,3.831189e-07
9.497070,6.132456e-06,2.920548e-06,1.475708e-05,7.561368e-06,3.039524e-05,8.490098e-06,1.098560e-05,4.940058e-06,7.168182e-06,1.038585e-05,5.513308e-06,3.347237e-06,3.547094e-06,2.637513e-06,2.946127e-06,2.479237e-06,6.642207e-07,5.826107e-07,9.972379e-07,5.004738e-06,1.327445e-06,9.073561e-07,2.177676e-07,7.774217e-07,4.688074e-07
9.521484,6.010108e-06,2.879080e-06,1.464301e-05,7.399582e-06,3.080939e-05,8.269590e-06,1.072318e-05,5.000532e-06,7.001333e-06,1.043096e-05,5.451045e-06,3.347066e-06,3.361000e-06,2.416956e-06,3.041254e-06,2.821403e-06,6.048456e-07,5.525464e-07,1.020842e-06,5.649529e-06,1.382749e-06,9.317566e-07,2.635615e-07,1.111165e-06,5.341223e-07
9.545898,5.894544e-06,2.828092e-06,1.462929e-05,7.313212e-06,3.073132e-05,8.065647e-06,1.071807e-05,4.886464e-06,6.715252e-06,1.049414e-05,5.582563e-06,3.532419e-06,3.176569e-06,2.386732e-06,3.122298e-06,3.023689e-06,5.185962e-07,5.174685e-07,9.577786e-07,5.962200e-06,1.366077e-06,9.611228e-07,3.037908e-07,1.406207e-06,5.594013e-07
9.570312,5.778672e-06,2.775806e-06,1.464580e-05,7.173757e-06,3.084105e-05,8.082309e-06,1.086041e-05,4.843051e-06,6.709796e-06,1.013003e-05,5.399326e-06,3.473499e-06,3.034893e-06,2.340732e-06,2.863101e-06,3.427577e-06,3.761935e-07,4.395149e-07,8.728782e-07,5.819920e-06,1.314317e-06,9.911784e-07,3.225460e-07,1.685939e-06,5.714094e-07
9.594727,5.713490e-06,2.712574e-06,1.467423e-05,7.025134e-06,3.078683e-05,7.944702e-06,1.065191e-05,4.820138e-06,6.700705e-06,9.909216e-06,5.184259e-06,3.325457e-06,2.799504e-06,2.241823e-06,2.677138e-06,3.978297e-06,3.527693e-07,3.808954e-07,8.364176e-07,5.770726e-06,1.231797e-06,1.023969e-06,3.210253e-07,1.841637e-06,5.502130e-07
9.619141,5.643952e-06,2.668921e-06,1.465886e-05,6.856575e-06,3.065727e-05,7.811550e-06,1.052482e-05,4.925968e-06,6.738970e-06,9.757075e-06,5.249868e-06,3.383605e-06,2.770785e-06,2.220599e-06,2.701362e-06,4.159679e-06,4.168530e-07,3.476426e-07,8.019582e-07,5.784165e-06,1.104298e-06,1.057272e-06,3.078893e-07,1.979731e-06,5.126600e-07
9.643555,5.563494e-06,2.614031e-06,1.476087e-05,6.723601e-06,3.018564e-05,7.776821e-06,1.048254e-05,4.949710e-06,6.576795e-06,9.921118e-06,5.211704e-06,3.383426e-06,2.856777e-06,2.094161e-06,2.618679e-06,4.174119e-06,4.322581e-07,2.718548e-07,6.928812e-07,5.610648e-06,1.031009e-06,1.090349e-06,2.887210e-07,2.032571e-06,4.438652e-07
9.667969,5.556650e-06,2.559333e-06,1.473000e-05,6.677892e-06,2.961474e-05,7.709321e-06,1.035334e-05,4.784405e-06,6.325954e-06,1.006288e-05,5.144220e-06,3.387590e-06,2.624021e-06,1.852822e-06,2.560095e-06,4.446747e-06,4.107081e-07,2.175885e-07,5.412111e-07,4.886188e-06,1.008974e-06,1.127365e-06,2.643375e-07,1.994215e-06,3.616395e-07
9.692383,5.503344e-06,2.544599e-06,1.465570e-05,6.555965e-06,2.954767e-05,7.657252e-06,1.024908e-05,4.805208e-06,6.424592e-06,9.669416e-06,5.026511e-06,3.414126e-06,2.349307e-06,1.862007e-06,2.572855e-06,4.981778e-06,4.642773e-07,2.832247e-07,4.342122e-07,3.965382e-06,1.047419e-06,1.112659e-06,2.431608e-07,1.848409e-06,3.076551e-07
9.716797,5.444936e-06,2.517377e-06,1.470205e-05,6.476434e-06,2.924968e-05,7.485434e-06,1.005409e-05,4.865712e-06,6.420172e-06,9.552030e-06,4.875085e-06,3.159650e-06,2.409998e-06,1.948158e-06,2.425915e-06,5.073172e-06,5.455351e-07,3.566390e-07,3.534251e-07,3.244329e-06,1.067944e-06,1.054623e-06,2.210652e-07,1.597737e-06,3.093423e-07
9.741211,5.575704e-06,2.566140e-06,1.506729e-05,6.650351e-06,2.994094e-05,7.564599e-06,1.032220e-05,4.870829e-06,6.363251e-06,1.005587e-05,5.125449e-06,3.018610e-06,2.540575e-06,1.890894e-06,2.245181e-06,5.046634e-06,6.223170e-07,3.820278e-07,2.936174e-07,2.736396e-06,1.064282e-06,9.655265e-07,2.154518e-07,1.278265e-06,3.586960e-07
9.765625,5.731629e-06,2.626126e-06,1.542185e-05,6.780914e-06,3.100411e-05,7.827164e-06,1.074484e-05,4.932975e-06,6.521719e-06,1.023136e-05,5.336701e-06,3.205332e-06,2.685794e-06,1.859879e-06,2.397404e-06,5.137785e-06,7.199480e-07,4.144199e-07,2.427765e-07,1.990349e-06,9.997069e-07,8.345332e-07,2.157461e-07,9.836293e-07,4.137253e-07
9.790039,5.877146e-06,2.701868e-06,1.570452e-05,6.934927e-06,3.187416e-05,7.890505e-06,1.085255e-05,5.055651e-06,6.730535e-06,1.037546e-05,5.224838e-06,3.250859e-06,2.872194e-06,1.881960e-06,2.560228e-06,5.220502e-06,8.477953e-07,4.936268e-07,2.985707e-07,1.178974e-06,8.571756e-07,6.968611e-07,2.165827e-07,6.834677e-07,4.215035e-07
9.814453,5.981394e-06,2.768249e-06,1.608355e-05,7.062642e-06,3.284884e-05,7.976581e-06,1.113917e-05,5.208374e-06,6.863801e-06,1.064757e-05,5.274017e-06,3.167864e-06,2.852316e-06,1.898566e-06,2.452955e-06,4.937926e-06,9.397211e-07,5.859575e-07,3.945259e-07,1.024147e-06,7.061689e-07,5.450240e-07,2.133898e-07,4.896026e-07,4.080369e-07
9.838867,6.130407e-06,2.818539e-06,1.637839e-05,7.207130e-06,3.367097e-05,8.183126e-06,1.154561e-05,5.426008e-06,6.973022e-06,1.089002e-05,5.509371e-06,3.165312e-06,2.861887e-06,2.106003e-06,2.477918e-06,4.725012e-06,9.326577e-07,6.423967e-07,4.146486e-07,1.713405e-06,4.773733e-07,4.267036e-07,1.916493e-07,3.284536e-07,3.527986e-07
9.863281,6.209667e-06,2.900976e-06,1.653596e-05,7.260175e-06,3.489422e-05,8.301812e-06,1.177338e-05,5.414805e-06,6.846294e-06,1.135275e-05,5.647919e-06,3.156702e-06,3.211405e-06,2.339534e-06,2.549761e-06,4.873229e-06,9.354093e-07,7.085661e-07,4.185881e-07,2.119363e-06,2.621271e-07,2.678145e-07,1.610420e-07,3.495542e-07,2.884437e-07
9.887695,6.253814e-06,2.955251e-06,1.691110e-05,7.232201e-06,3.584950e-05,8.407315e-06,1.200858e-05,5.457636e-06,6.922842e-06,1.140630e-05,5.827197e-06,3.245465e-06,3.397528e-06,2.313315e-06,2.524809e-06,4.739609e-06,1.013734e-06,8.012644e-07,5.081612e-07,2.557080e-06,2.250599e-07,1.305594e-07,1.087723e-07,4.777047e-07,2.160451e-07
9.912109,6.323172e-06,3.000102e-06,1.718524e-05,7.320283e-06,3.626563e-05,8.353067e-06,1.212121e-05,5.780578e-06,7.246408e-06,1.117758e-05,5.898291e-06,3.487353e-06,3.329171e-06,2.331375e-06,2.671146e-06,4.053181e-06,1.088070e-06,8.456076e-07,6.320890e-07,3.171853e-06,4.623357e-07,5.911069e-08,6.441326e-08,5.728236e-07,1.799680e-07
9.936523,6.369385e-06,3.041640e-06,1.746901e-05,7.333306e-06,3.705780e-05,8.429501e-06,1.250650e-05,5.904100e-06,7.193564e-06,1.160338e-05,5.920839e-06,3.493213e-06,3.349963e-06,2.550348e-06,2.857086e-06,3.411789e-06,1.066714e-06,8.108174e-07,7.032586e-07,3.816849e-06,7.189107e-07,2.095198e-07,6.540776e-08,5.635272e-07,2.298010e-07
9.960938,6.408115e-06,3.075544e-06,1.781025e-05,7.333098e-06,3.746949e-05,8.613474e-06,1.287714e-05,5.948744e-06,7.148780e-06,1.187558e-05,6.254409e-06,3.417956e-06,3.447390e-06,2.693206e-06,2.737151e-06,3.121881e-06,1.036682e-06,7.706445e-07,7.570828e-07,4.088109e-06,9.228385e-07,4.200613e-07,1.239612e-07,4.101671e-07,3.350505e-07
9.985352,6.408107e-06,3.099204e-06,1.825792e-05,7.363679e-06,3.772911e-05,8.570028e-06,1.286429e-05,6.055856e-06,7.313407e-06,1.179451e-05,6.374095e-06,3.683936e-06,3.513446e-06,2.744067e-06,2.683932e-06,2.624660e-06,1.018672e-06,8.041444e-07,8.497104e-07,4.111411e-06,1.073962e-06,6.688465e-07,1.979212e-07,5.041178e-07,4.387259e-07
10.009770,6.518706e-06,3.136241e-06,1.892204e-05,7.481490e-06,3.829034e-05,8.725378e-06,1.322109e-05,6.271707e-06,7.558956e-06,1.196360e-05,6.316783e-06,3.992608e-06,3.720356e-06,2.833094e-06,3.036116e-06,2.280334e-06,9.652383e-07,8.401652e-07,9.745005e-07,4.236576e-06,1.272653e-06,9.303551e-07,2.651184e-07,9.551969e-07,5.062073e-07
10.034180,6.769899e-06,3.285312e-06,1.999623e-05,7.823529e-06,3.998842e-05,9.140556e-06,1.392453e-05,6.862313e-06,8.098638e-06,1.243833e-05,6.715681e-06,4.167764e-06,3.874512e-06,2.865568e-06,3.401358e-06,2.624808e-06,8.255873e-07,8.169640e-07,1.060896e-06,5.014367e-06,1.447975e-06,1.229931e-06,3.218483e-07,1.587562e-06,5.678887e-07
10.058590,7.003547e-06,3.408469e-06,2.135349e-05,8.057704e-06,4.211680e-05,9.472436e-06,1.447604e-05,7.195464e-06,8.295618e-06,1.346732e-05,7.118617e-06,4.407187e-06,3.674733e-06,2.886427e-06,3.584714e-06,2.705139e-06,7.351367e-07,7.735235e-07,1.102968e-06,5.665461e-06,1.606802e-06,1.434205e-06,3.639933e-07,2.249215e-06,6.014133e-07
10.083010,7.358534e-06,3.510859e-06,2.263849e-05,8.362546e-06,4.362998e-05,9.803427e-06,1.508289e-05,7.410522e-06,8.506876e-06,1.434609e-05,7.514683e-06,4.610128e-06,3.666849e-06,3.171705e-06,3.881774e-06,2.601390e-06,7.219588e-07,7.532955e-07,1.144976e-06,6.126590e-06,1.679502e-06,1.591072e-06,3.741904e-07,2.930863e-06,6.613864e-07
10.107420,7.716510e-06,3.658553e-06,2.370924e-05,8.696300e-06,4.525822e-05,1.001977e-05,1.558685e-05,7.989203e-06,9.173634e-06,1.451358e-05,7.877616e-06,4.811147e-06,4.056601e-06,3.365734e-06,4.077253e-06,3.526744e-06,6.357285e-07,6.764031e-07,1.220010e-06,6.407477e-06,1.751311e-06,1.652757e-06,3.668268e-07,3.567502e-06,7.222623e-07
10.131840,8.050470e-06,3.812784e-06,2.498049e-05,8.890494e-06,4.734765e-05,1.045886e-05,1.642651e-05,8.449793e-06,9.558048e-06,1.522658e-05,7.974940e-06,5.396550e-06,4.159343e-06,3.182945e-06,4.136377e-06,4.731488e-06,4.289855e-07,5.017721e-07,1.309713e-06,7.068253e-06,1.806870e-06,1.656685e-06,3.431784e-07,4.096375e-06,7.835089e-07
10.156250,8.375359e-06,3.977460e-06,2.627602e-05,9.176360e-06,4.887527e-05,1.093326e-05,1.717885e-05,8.671168e-06,9.710314e-06,1.628438e-05,8.468607e-06,5.710574e-06,4.050564e-06,3.095987e-06,4.551860e-06,5.299883e-06,3.157395e-07,3.497847e-07,1.258698e-06,7.763804e-06,1.856085e-06,1.571795e-06,3.092102e-07,4.493232e-06,8.298934e-07
10.180660,8.722191e-06,4.138623e-06,2.751118e-05,9.443264e-06,5.055263e-05,1.117062e-05,1.751636e-05,9.014563e-06,1.017381e-05,1.676614e-05,9.188474e-06,5.584710e-06,4.132161e-06,3.264999e-06,5.050588e-06,6.017521e-06,3.705704e-07,3.408170e-07,1.123034e-06,7.963155e-06,1.845653e-06,1.422719e-06,2.801586e-07,4.562480e-06,8.556043e-07
10.205080,9.033062e-06,4.348017e-06,2.842769e-05,9.678825e-06,5.230428e-05,1.174297e-05,1.830476e-05,9.403843e-06,1.064395e-05,1.734417e-05,9.350042e-06,5.742636e-06,4.070478e-06,3.305485e-06,4.990704e-06,6.924739e-06,4.878598e-07,3.027217e-07,1.012257e-06,7.596544e-06,1.762400e-06,1.272499e-06,2.839675e-07,4.286508e-06,9.034623e-07
10.229490,9.264749e-06,4.539274e-06,2.950546e-05,9.852955e-06,5.424501e-05,1.242575e-05,1.906669e-05,9.976761e-06,1.112718e-05,1.794048e-05,9.453422e-06,6.007347e-06,4.306024e-06,3.499376e-06,4.868005e-06,7.507677e-06,8.169888e-07,3.078082e-07,9.204229e-07,6.820427e-06,1.690907e-06,1.232977e-06,3.252933e-07,3.656569e-06,9.669578e-07
10.253910,9.555997e-06,4.694873e-06,3.054786e-05,1.005455e-05,5.551477e-05,1.297966e-05,1.947516e-05,1.046895e-05,1.143328e-05,1.873037e-05,9.917864e-06,6.111775e-06,4.907818e-06,3.655286e-06,5.176811e-06,7.866163e-06,1.125947e-06,4.922081e-07,7.382970e-07,6.196327e-06,1.632262e-06,1.356877e-06,3.842040e-07,2.809756e-06,1.013320e-06
10.278320,9.743424e-06,4.885999e-06,3.112111e-05,1.046152e-05,5.619589e-05,1.354523e-05,2.010495e-05,1.051490e-05,1.136845e-05,1.986765e-05,1.033511e-05,6.306057e-06,5.068080e-06,3.478925e-06,5.204758e-06,8.684943e-06,1.269859e-06,6.774574e-07,4.367951e-07,5.409372e-06,1.653024e-06,1.541608e-06,4.314395e-07,2.002042e-06,1.026923e-06
10.302730,9.724371e-06,4.946255e-06,3.141349e-05,1.050810e-05,5.713043e-05,1.375111e-05,2.037707e-05,1.075957e-05,1.163186e-05,1.974083e-05,1.068145e-05,6.186420e-06,4.958136e-06,3.514022e-06,5.106629e-06,9.373689e-06,1.316823e-06,8.179751e-07,2.036209e-07,4.099668e-06,1.636131e-06,1.684244e-06,4.477003e-07,1.598571e-06,9.686028e-07
10.327150,9.378098e-06,4.793850e-06,3.045975e-05,1.021744e-05,5.533957e-05,1.372083e-05,2.040543e-05,1.084552e-05,1.164691e-05,1.865488e-05,1.051066e-05,5.699098e-06,5.183803e-06,3.813882e-06,5.052288e-06,8.890802e-06,1.470980e-06,9.908602e-07,2.294112e-07,2.010050e-06,1.548775e-06,1.658436e-06,4.111007e-07,1.760088e-06,8.599788e-07
10.351560,9.082380e-06,4.640022e-06,2.956599e-05,1.004068e-05,5.359688e-05,1.348401e-05,2.017276e-05,1.050889e-05,1.106614e-05,1.860662e-05,1.005139e-05,5.684708e-06,5.385269e-06,3.826647e-06,4.704192e-06,7.790605e-06,1.659092e-06,1.191206e-06,2.749289e-07,2.995249e-07,1.362248e-06,1.520659e-06,3.528908e-07,2.119429e-06,7.524793e-07
10.375980,8.792751e-06,4.509663e-06,2.867657e-05,9.809745e-06,5.257703e-05,1.300270e-05,1.961591e-05,1.019102e-05,1.067125e-05,1.813479e-05,1.013311e-05,5.762382e-06,5.357287e-06,3.722245e-06,4.189776e-06,7.229621e-06,1.749058e-06,1.258788e-06,4.278734e-07,1.458136e-06,1.130677e-06,1.271342e-06,2.684518e-07,2.369187e-06,6.437257e-07
10.400390,8.489251e-06,4.379550e-06,2.803501e-05,9.612152e-06,5.136746e-05,1.276320e-05,1.963735e-05,9.867823e-06,1.041125e-05,1.738319e-05,1.013832e-05,5.364909e-06,5.295159e-06,3.759938e-06,4.297894e-06,6.997531e-06,1.739060e-06,1.217549e-06,6.805917e-07,2.322361e-06,8.753035e-07,9.522771e-07,1.718172e-07,2.491017e-06,5.281402e-07
10.424800,8.303804e-06,4.231215e-06,2.761803e-05,9.362191e-06,5.033008e-05,1.231644e-05,1.946258e-05,9.770299e-06,1.028491e-05,1.667615e-05,9.621206e-06,5.066081e-06,5.062807e-06,3.772732e-06,4.437447e-06,6.196263e-06,1.779611e-06,1.211020e-06,8.543265e-07,3.557983e-06,5.601362e-07,6.045955e-07,7.092385e-08,2.312633e-06,3.621003e-07
10.449220,8.045050e-06,4.163055e-06,2.691659e-05,9.222573e-06,4.875072e-05,1.173865e-05,1.911653e-05,9.804199e-06,1.017840e-05,1.602135e-05,9.371462e-06,5.107463e-06,4.721905e-06,3.799217e-06,4.144942e-06,5.601282e-06,1.752044e-06,1.269968e-06,9.456380e-07,4.897232e-06,2.839123e-07,3.860667e-07,3.982213e-08,1.986516e-06,1.834136e-07
10.473630,7.700248e-06,4.071050e-06,2.657298e-05,9.029642e-06,4.786589e-05,1.123053e-05,1.890907e-05,9.361674e-06,9.584264e-06,1.615571e-05,9.222021e-06,5.013113e-06,4.768006e-06,3.948035e-06,3.955645e-06,5.294742e-06,1.605702e-06,1.285156e-06,1.023912e-06,5.851720e-06,5.210508e-07,5.371314e-07,1.303550e-07,1.459398e-06,3.910289e-09
10.498050,7.403283e-06,3.953034e-06,2.622337e-05,8.743718e-06,4.703352e-05,1.071553e-05,1.858779e-05,9.052488e-06,9.196333e-06,1.583287e-05,9.096924e-06,4.977355e-06,4.860657e-06,3.846449e-06,3.948449e-06,4.600371e-06,1.412440e-06,1.230987e-06,1.158838e-06,6.069603e-06,9.115401e-07,8.425918e-07,2.194228e-07,1.172648e-06,1.455934e-07
10.522460,7.059653e-06,3.839169e-06,2.557596e-05,8.604268e-06,4.553886e-05,1.047530e-05,1.841507e-05,9.072353e-06,9.201192e-06,1.482187e-05,9.023071e-06,4.892324e-06,4.434887e-06,3.459675e-06,3.880633e-06,3.452654e-06,1.351955e-06,1.163638e-06,1.257124e-06,6.198812e-06,1.256881e-06,1.134881e-06,2.748901e-07,1.444313e-06,2.420572e-07
10.546880,6.701724e-06,3.720114e-06,2.484250e-05,8.357449e-06,4.466126e-05,1.006632e-05,1.779250e-05,8.790829e-06,8.813588e-06,1.453992e-05,8.513935e-06,4.466597e-06,3.932832e-06,3.339072e-06,3.986137e-06,3.209152e-06,1.325506e-06,1.123488e-06,1.223678e-06,6.535779e-06,1.525344e-06,1.312990e-06,3.279250e-07,2.006986e-06,3.163906e-07
10.571290,6.319524e-06,3.582001e-06,2.406394e-05,8.086310e-06,4.353540e-05,9.638036e-06,1.702287e-05,8.407016e-06,8.364102e-06,1.434951e-05,8.201054e-06,4.393044e-06,3.771239e-06,3.391272e-06,4.240975e-06,3.368552e-06,1.155246e-06,1.023840e-06,1.170053e-06,6.939670e-06,1.691058e-06,1.433214e-06,3.620365e-07,2.547609e-06,3.871719e-07
10.595700,6.006044e-06,3.411000e-06,2.336240e-05,7.822287e-06,4.222909e-05,9.493947e-06,1.669261e-05,8.113650e-06,8.159917e-06,1.368548e-05,8.366087e-06,4.572639e-06,3.575039e-06,3.185316e-06,4.113273e-06,3.123566e-06,9.058034e-07,8.304571e-07,1.162742e-06,6.977741e-06,1.760619e-06,1.460576e-06,3.914142e-07,3.028729e-06,4.681287e-07
10.620120,5.759190e-06,3.306769e-06,2.271922e-05,7.696306e-06,4.128435e-05,9.337872e-06,1.623000e-05,7.980195e-06,8.023605e-06,1.333550e-05,8.248603e-06,4.483320e-06,3.422863e-06,2.949092e-06,3.860105e-06,3.179289e-06,7.377445e-07,6.702451e-07,1.181829e-06,6.655868e-06,1.762270e-06,1.444509e-06,4.100925e-07,3.433915e-06,5.666319e-07
10.644530,5.516207e-06,3.186223e-06,2.230451e-05,7.574190e-06,4.046408e-05,9.178695e-06,1.572947e-05,8.087323e-06,8.020114e-06,1.283176e-05,7.866381e-06,4.300139e-06,3.358938e-06,2.772479e-06,4.033869e-06,3.489748e-06,5.949303e-07,6.308886e-07,1.144747e-06,6.530798e-06,1.661808e-06,1.377227e-06,4.165909e-07,3.632173e-06,6.216497e-07
10.668950,5.355328e-06,3.050365e-06,2.201904e-05,7.307554e-06,4.010452e-05,9.006961e-06,1.531977e-05,7.841848e-06,7.679633e-06,1.279292e-05,7.737070e-06,4.201524e-06,2.992642e-06,2.454293e-06,4.156781e-06,3.548883e-06,3.902308e-07,5.439648e-07,1.036449e-06,6.511601e-06,1.494190e-06,1.260979e-06,4.072400e-07,3.720297e-06,6.816135e-07
10.693360,5.192299e-06,2.955613e-06,2.153528e-05,7.088272e-06,3.908464e-05,8.876454e-06,1.500963e-05,7.487454e-06,7.238197e-06,1.283485e-05,7.530663e-06,4.025371e-06,2.677892e-06,2.338625e-06,3.972563e-06,3.568512e-06,3.425829e-07,3.915257e-07,9.374302e-07,6.608611e-06,1.225391e-06,1.136210e-06,3.846805e-07,3.511789e-06,7.091432e-07
10.717770,5.036613e-06,2.867474e-06,2.120265e-05,6.906052e-06,3.794327e-05,8.840191e-06,1.496046e-05,7.498587e-06,7.258989e-06,1.208031e-05,7.544003e-06,3.995700e-06,2.759290e-06,2.410397e-06,3.933446e-06,4.123662e-06,4.048475e-07,2.496643e-07,8.683751e-07,6.109678e-06,1.002765e-06,1.015628e-06,3.478052e-07,3.113600e-06,7.376226e-07
10.742190,4.898507e-06,2.786549e-06,2.096569e-05,6.635573e-06,3.704815e-05,8.608749e-06,1.465569e-05,7.418677e-06,7.172742e-06,1.155097e-05,7.459941e-06,3.998707e-06,2.762065e-06,2.262453e-06,3.809250e-06,4.467799e-06,3.866296e-07,1.867203e-07,7.691127e-07,5.381763e-06,8.324263e-07,9.644593e-07,3.062256e-07,2.512472e-06,7.452198e-07
10.766600,4.784970e-06,2.706575e-06,2.072306e-05,6.410735e-06,3.573794e-05,8.348918e-06,1.433097e-05,7.195126e-06,6.879192e-06,1.145620e-05,7.065683e-06,3.681540e-06,2.601300e-06,2.030386e-06,3.462230e-06,4.260588e-06,3.806676e-07,1.419556e-07,6.214482e-07,4.862499e-06,7.691233e-07,9.232068e-07,2.568764e-07,1.858838e-06,7.194493e-07
10.791020,4.663686e-06,2.654895e-06,2.029798e-05,6.213343e-06,3.441933e-05,8.202299e-06,1.436802e-05,6.977079e-06,6.693021e-06,1.114971e-05,7.040328e-06,3.428531e-06,2.594796e-06,2.016452e-06,3.298267e-06,3.988737e-06,5.331330e-07,2.467710e-07,4.153411e-07,4.422987e-06,7.175503e-07,8.828113e-07,2.083352e-07,1.269027e-06,6.438093e-07
10.815430,4.496849e-06,2.599619e-06,1.983538e-05,6.069865e-06,3.301090e-05,7.886150e-06,1.418329e-05,6.793966e-06,6.556962e-06,1.076156e-05,7.119025e-06,3.513461e-06,2.600980e-06,2.020204e-06,3.289905e-06,4.095090e-06,6.744484e-07,4.015124e-07,2.794520e-07,3.804793e-06,7.047098e-07,8.093597e-07,1.640836e-07,8.859925e-07,5.237465e-07
10.839840,4.387877e-06,2.515776e-06,1.948067e-05,5.907274e-06,3.197080e-05,7.576438e-06,1.397618e-05,6.790148e-06,6.522161e-06,1.030675e-05,6.852835e-06,3.442597e-06,2.659964e-06,2.029995e-06,3.002649e-06,4.204761e-06,7.453359e-07,4.759924e-07,2.000985e-07,2.832282e-06,7.197412e-07,7.558737e-07,1.437810e-07,8.056852e-07,3.661474e-07
10.864260,4.272059e-06,2.465065e-06,1.880509e-05,5.768924e-06,3.091795e-05,7.352289e-06,1.393242e-05,6.712356e-06,6.428570e-06,9.987669e-06,6.601522e-06,3.293612e-06,2.872293e-06,2.111860e-06,2.587016e-06,3.925384e-06,8.255025e-07,5.104114e-07,7.419196e-08,1.808467e-06,6.840828e-07,7.046576e-07,1.518560e-07,9.367964e-07,2.247408e-07
10.888670,4.137256e-06,2.412800e-06,1.808589e-05,5.749888e-06,2.964007e-05,7.147216e-06,1.376027e-05,6.401504e-06,6.095507e-06,1.005287e-05,6.445254e-06,3.214916e-06,2.863238e-06,2.050164e-06,2.480775e-06,3.851222e-06,9.042590e-07,5.648692e-07,1.092058e-07,9.469090e-07,6.362416e-07,6.197996e-07,1.604762e-07,1.141455e-06,1.118122e-07
10.913090,4.055769e-06,2.366662e-06,1.758637e-05,5.696014e-06,2.925695e-05,7.051891e-06,1.368820e-05,6.346957e-06,5.982551e-06,9.904287e-06,6.349021e-06,3.090723e-06,2.635412e-06,1.995974e-06,2.394814e-06,3.807076e-06,9.183326e-07,6.586355e-07,2.570592e-07,3.272169e-07,5.157751e-07,5.207282e-07,1.622374e-07,1.288774e-06,1.142335e-07
10.937500,4.049547e-06,2.356369e-06,1.730981e-05,5.721614e-06,2.928076e-05,6.949884e-06,1.353731e-05,6.470402e-06,6.121714e-06,9.572286e-06,6.459936e-06,3.194356e-06,2.687079e-06,2.244894e-06,2.373985e-06,3.433759e-06,8.737004e-07,7.184307e-07,3.451657e-07,3.822632e-07,3.974995e-07,4.175497e-07,1.538307e-07,1.344042e-06,1.535605e-07
10.961910,4.055324e-06,2.352255e-06,1.703897e-05,5.805770e-06,2.915167e-05,6.922651e-06,1.336792e-05,6.367854e-06,5.988590e-06,9.685246e-06,6.373016e-06,3.389883e-06,2.866661e-06,2.417831e-06,2.540343e-06,2.921926e-06,8.888166e-07,7.353887e-07,4.124123e-07,1.303269e-06,2.997594e-07,3.054184e-07,1.377254e-07,1.300541e-06,2.002820e-07
10.986330,4.039394e-06,2.357632e-06,1.672725e-05,5.862729e-06,2.931387e-05,7.024044e-06,1.350014e-05,6.296368e-06,5.904886e-06,9.740625e-06,6.115934e-06,3.306537e-06,2.856524e-06,2.364051e-06,2.493026e-06,2.976037e-06,9.752605e-07,7.730449e-07,5.311108e-07,2.214078e-06,2.871359e-07,2.237710e-07,1.047783e-07,1.160049e-06,2.197241e-07
11.010740,4.069640e-06,2.347544e-06,1.660341e-05,5.887900e-06,2.958287e-05,6.975411e-06,1.334239e-05,6.244348e-06,5.915158e-06,9.600734e-06,6.275736e-06,3.136544e-06,2.808508e-06,2.352891e-06,2.360265e-06,2.998392e-06,1.005761e-06,8.266599e-07,6.558203e-07,2.747787e-06,3.698999e-07,1.993253e-07,7.798479e-08,1.033927e-06,2.194435e-07
11.035160,4.086611e-06,2.378532e-06,1.636488e-05,5.821339e-06,2.998648e-05,6.938751e-06,1.315069e-05,6.316158e-06,5.943658e-06,9.488593e-06,6.389461e-06,3.205569e-06,2.704076e-06,2.373499e-06,2.613691e-06,2.727374e-06,9.116432e-07,8.099066e-07,7.308713e-07,3.059507e-06,4.931652e-07,2.841903e-07,8.197970e-08,1.074368e-06,2.000148e-07
11.059570,4.056728e-06,2.410359e-06,1.614518e-05,5.812610e-06,2.976126e-05,6.925798e-06,1.319481e-05,6.488075e-06,6.040224e-06,9.290764e-06,6.257909e-06,3.289684e-06,2.510776e-06,2.370876e-06,2.922355e-06,2.577304e-06,8.407146e-07,7.366973e-07,7.430904e-07,3.436562e-06,6.164339e-07,4.353176e-07,1.288297e-07,1.273327e-06,1.775932e-07
11.083980,4.062052e-06,2.418468e-06,1.620862e-05,5.809523e-06,2.952931e-05,6.878186e-06,1.321058e-05,6.353241e-06,5.882694e-06,9.426849e-06,6.174483e-06,3.275312e-06,2.474991e-06,2.434591e-06,2.992336e-06,2.574867e-06,7.912896e-07,6.881809e-07,7.782621e-07,4.135537e-06,7.378823e-07,6.097773e-07,1.852996e-07,1.482667e-06,2.089309e-07
11.108400,4.051861e-06,2.436962e-06,1.612783e-05,5.707860e-06,2.955027e-05,6.882636e-06,1.336137e-05,6.230195e-06,5.681440e-06,9.617973e-06,6.040719e-06,3.295629e-06,2.584155e-06,2.461252e-06,3.105801e-06,2.379674e-06,6.938927e-07,7.100432e-07,8.435930e-07,4.502651e-06,7.979006e-07,7.694976e-07,2.401721e-07,1.760064e-06,3.150334e-07
11.132810,4.014708e-06,2.451710e-06,1.596355e-05,5.695995e-06,2.901085e-05,6.726301e-06,1.330082e-05,6.370760e-06,5.836776e-06,9.244851e-06,6.032993e-06,3.250046e-06,2.484987e-06,2.268860e-06,3.257317e-06,2.257926e-06,5.596988e-07,6.727245e-07,8.903078e-07,4.565366e-06,8.488440e-07,9.059978e-07,2.766927e-07,1.972110e-06,4.260457e-07
11.157230,3.954534e-06,2.457699e-06,1.576166e-05,5.679109e-06,2.863116e-05,6.640843e-06,1.333996e-05,6.352959e-06,5.896800e-06,8.994100e-06,6.166611e-06,3.132288e-06,2.251436e-06,2.056628e-06,3.299600e-06,2.681343e-06,5.244699e-07,5.780613e-07,8.829929e-07,4.531211e-06,8.772745e-07,1.002269e-06,3.002947e-07,2.118804e-06,5.276611e-07
11.181640,3.928551e-06,2.437950e-06,1.567710e-05,5.644594e-06,2.832841e-05,6.597027e-06,1.362886e-05,6.269407e-06,5.799046e-06,9.121428e-06,5.986405e-06,3.248609e-06,2.223990e-06,2.085761e-06,3.407270e-06,2.925739e-06,4.940765e-07,4.953683e-07,8.440962e-07,4.674914e-06,9.066795e-07,1.079573e-06,3.019763e-07,2.136674e-06,6.153991e-07
11.206050,3.894403e-06,2.441226e-06,1.547636e-05,5.598414e-06,2.795877e-05,6.380066e-06,1.352841e-05,6.219927e-06,5.824032e-06,9.037799e-06,5.846849e-06,3.284553e-06,2.282295e-06,2.105871e-06,3.626521e-06,2.768935e-06,3.883960e-07,4.362937e-07,8.452498e-07,4.870693e-06,9.097860e-07,1.094292e-06,2.909131e-07,2.052665e-06,6.828718e-07
11.230470,3.837237e-06,2.446386e-06,1.528441e-05,5.614124e-06,2.747524e-05,6.292922e-06,1.360103e-05,6.192166e-06,5.818299e-06,9.030907e-06,6.099174e-06,3.089020e-06,2.225326e-06,1.982607e-06,3.624367e-06,2.839011e-06,2.582567e-07,3.149328e-07,8.464467e-07,4.811912e-06,8.844149e-07,1.054434e-06,2.602518e-07,1.903417e-06,7.241017e-07
11.254880,3.862082e-06,2.440957e-06,1.554766e-05,5.742016e-06,2.711250e-05,6.318691e-06,1.389613e-05,6.444062e-06,6.018435e-06,8.939261e-06,6.161011e-06,3.042146e-06,2.264606e-06,1.965783e-06,3.438281e-06,3.182762e-06,3.026120e-07,1.887597e-07,8.058480e-07,4.565304e-06,8.385001e-07,9.540079e-07,2.196188e-07,1.814497e-06,7.356062e-07
11.279300,3.895024e-06,2.450727e-06,1.574186e-05,5.775671e-06,2.732779e-05,6.358063e-06,1.400924e-05,6.468714e-06,6.112668e-06,8.931634e-06,6.098835e-06,3.101173e-06,2.266167e-06,1.970888e-06,3.446508e-06,3.293880e-06,3.903583e-07,1.781937e-07,6.912365e-07,4.217266e-06,7.529787e-07,8.119700e-07,1.722277e-07,1.761500e-06,6.859425e-07
11.303710,3.917287e-06,2.461968e-06,1.594035e-05,5.872828e-06,2.725325e-05,6.382092e-06,1.410298e-05,6.406194e-06,5.963241e-06,9.363244e-06,6.067590e-06,3.083532e-06,2.206925e-06,1.943941e-06,3.583303e-06,3.344177e-06,4.508455e-07,2.310743e-07,5.630104e-07,4.135229e-06,6.622944e-07,6.736318e-07,1.369975e-07,1.792465e-06,5.861333e-07
11.328120,3.947828e-06,2.475966e-06,1.624531e-05,6.032463e-06,2.706535e-05,6.290631e-06,1.390918e-05,6.632335e-06,6.106347e-06,9.345436e-06,5.977018e-06,3.112437e-06,2.407148e-06,2.093619e-06,3.434105e-06,3.561180e-06,5.621691e-07,2.491612e-07,4.819500e-07,3.919422e-06,5.958662e-07,5.652758e-07,1.277969e-07,1.731722e-06,4.356738e-07
11.352540,3.996909e-06,2.487459e-06,1.659034e-05,6.114114e-06,2.731407e-05,6.363514e-06,1.395803e-05,6.776289e-06,6.284207e-06,9.182948e-06,6.232260e-06,3.063440e-06,2.632390e-06,2.212636e-06,3.244696e-06,3.557580e-06,6.592219e-07,3.213753e-07,3.946428e-07,3.493658e-06,5.287876e-07,5.791850e-07,1.409960e-07,1.671762e-06,2.494867e-07
11.376950,4.049763e-06,2.517386e-06,1.692283e-05,6.181708e-06,2.752662e-05,6.446780e-06,1.416292e-05,6.795630e-06,6.228502e-06,9.404237e-06,6.309493e-06,2.882935e-06,2.623342e-06,2.133360e-06,3.140925e-06,3.300491e-06,6.757424e-07,4.380947e-07,2.294451e-07,2.685334e-06,4.814120e-07,6.153857e-07,1.628987e-07,1.536574e-06,6.873828e-08
11.401370,4.068853e-06,2.552459e-06,1.714313e-05,6.221307e-06,2.769391e-05,6.385228e-06,1.395176e-05,6.798307e-06,6.250645e-06,9.528482e-06,6.042318e-06,2.991656e-06,2.582765e-06,2.156153e-06,2.856345e-06,3.141889e-06,6.791291e-07,5.088020e-07,4.560438e-08,1.866533e-06,4.427731e-07,6.856606e-07,1.748513e-07,1.439979e-06,1.085718e-07
11.425780,4.143968e-06,2.555810e-06,1.757144e-05,6.338369e-06,2.749603e-05,6.444912e-06,1.394873e-05,6.804138e-06,6.300760e-06,9.576331e-06,6.056024e-06,3.176908e-06,2.669228e-06,2.371766e-06,2.708383e-06,3.339911e-06,8.180761e-07,5.624255e-07,9.690012e-08,1.278800e-06,4.347783e-07,7.180913e-07,1.710602e-07,1.339465e-06,2.519615e-07
11.450200,4.213565e-06,2.593459e-06,1.780783e-05,6.406325e-06,2.760058e-05,6.490558e-06,1.410914e-05,7.066451e-06,6.503854e-06,9.496640e-06,6.221313e-06,3.075040e-06,2.696691e-06,2.470928e-06,2.887887e-06,3.447761e-06,9.329356e-07,6.495526e-07,1.721234e-07,7.020958e-07,4.304624e-07,7.245015e-07,1.577645e-07,1.165784e-06,3.664207e-07
11.474610,4.229480e-06,2.634694e-06,1.782936e-05,6.399035e-06,2.793959e-05,6.547325e-06,1.418822e-05,7.245181e-06,6.730617e-06,9.364952e-06,6.208326e-06,3.013370e-06,2.785736e-06,2.544826e-06,2.931563e-06,3.254488e-06,9.636292e-07,7.603085e-07,3.115769e-07,7.392665e-07,3.793923e-07,6.505066e-07,1.291252e-07,9.598865e-07,4.491106e-07
11.499020,4.249254e-06,2.661951e-06,1.798020e-05,6.518574e-06,2.757203e-05,6.567293e-06,1.433024e-05,7.107120e-06,6.585333e-06,9.735597e-06,6.167816e-06,3.014427e-06,2.907069e-06,2.639128e-06,2.778518e-06,3.139841e-06,9.517100e-07,7.699204e-07,4.856759e-07,1.549008e-06,2.870424e-07,5.210250e-07,9.344389e-08,6.746414e-07,4.820999e-07
11.523440,4.266218e-06,2.682445e-06,1.809677e-05,6.573550e-06,2.755932e-05,6.510169e-06,1.428073e-05,7.210988e-06,6.555983e-06,1.002568e-05,6.042874e-06,2.975803e-06,2.735356e-06,2.534308e-06,2.929286e-06,3.232230e-06,9.623046e-07,7.478400e-07,6.322218e-07,2.296851e-06,1.700720e-07,3.636113e-07,6.677845e-08,4.250877e-07,4.545321e-07
11.547850,4.267411e-06,2.710554e-06,1.815112e-05,6.623910e-06,2.749004e-05,6.634105e-06,1.450909e-05,7.374576e-06,6.829567e-06,9.743637e-06,5.985932e-06,3.110127e-06,2.521233e-06,2.511822e-06,3.107156e-06,3.071254e-06,9.437459e-07,7.691270e-07,7.163880e-07,2.819676e-06,1.642716e-07,3.493938e-07,8.534851e-08,3.175816e-07,3.876673e-07
11.572270,4.209422e-06,2.718688e-06,1.804600e-05,6.702279e-06,2.718616e-05,6.623241e-06,1.471411e-05,7.318883e-06,6.877502e-06,9.710615e-06,6.138175e-06,3.169025e-06,2.604995e-06,2.738214e-06,3.220715e-06,2.962622e-06,8.800594e-07,8.209976e-07,7.880463e-07,3.333384e-06,3.007882e-07,4.926601e-07,1.244687e-07,2.678118e-07,2.689986e-07
11.596680,4.193746e-06,2.683223e-06,1.810870e-05,6.844914e-06,2.680582e-05,6.542440e-06,1.454627e-05,7.287619e-06,6.904366e-06,9.810483e-06,5.973760e-06,3.008650e-06,2.590038e-06,2.756732e-06,3.592816e-06,3.426078e-06,8.143451e-07,8.165525e-07,8.947926e-07,4.080413e-06,4.632139e-07,7.100808e-07,1.728499e-07,2.586195e-07,2.159674e-07
11.621090,4.177055e-06,2.669025e-06,1.805256e-05,6.987343e-06,2.666943e-05,6.651769e-06,1.478173e-05,7.163592e-06,6.947804e-06,9.834562e-06,5.737877e-06,3.048775e-06,2.487551e-06,2.584099e-06,3.779913e-06,3.645054e-06,8.075306e-07,7.768671e-07,1.008592e-06,4.754640e-06,6.407387e-07,9.184768e-07,2.120004e-07,4.610487e-07,3.292688e-07
11.645510,4.122385e-06,2.650812e-06,1.783500e-05,7.031055e-06,2.691124e-05,6.722849e-06,1.493258e-05,7.239778e-06,7.010324e-06,9.897422e-06,5.884709e-06,3.251995e-06,2.430646e-06,2.496510e-06,3.643399e-06,3.406135e-06,7.810074e-07,7.273284e-07,1.052443e-06,5.029348e-06,7.935972e-07,1.093411e-06,2.527454e-07,7.826605e-07,4.892038e-07
11.669920,4.100561e-06,2.614222e-06,1.783454e-05,7.185961e-06,2.669161e-05,6.781305e-06,1.493637e-05,7.394340e-06,7.268230e-06,9.658719e-06,5.962398e-06,3.243863e-06,2.314560e-06,2.413508e-06,3.823411e-06,3.297570e-06,6.475375e-07,6.998463e-07,1.044418e-06,5.008871e-06,9.098656e-07,1.215506e-06,2.818615e-07,1.132225e-06,6.503240e-07
11.694340,4.084366e-06,2.586847e-06,1.784775e-05,7.322556e-06,2.664379e-05,6.758511e-06,1.485596e-05,7.171536e-06,7.221999e-06,9.746318e-06,5.946382e-06,3.196620e-06,2.271051e-06,2.350985e-06,4.133063e-06,3.591143e-06,4.925158e-07,6.116764e-07,1.050592e-06,5.159420e-06,9.751730e-07,1.277837e-06,3.057802e-07,1.475432e-06,7.807121e-07
11.718750,4.080632e-06,2.559592e-06,1.790919e-05,7.335872e-06,2.694321e-05,6.752057e-06,1.468481e-05,7.133490e-06,7.062483e-06,1.012923e-05,5.842489e-06,3.225289e-06,2.448193e-06,2.425022e-06,4.110801e-06,3.605805e-06,4.622054e-07,4.830131e-07,1.111061e-06,5.289525e-06,9.633617e-07,1.273223e-06,3.210667e-07,1.761037e-06,8.902112e-07
11.743160,4.078220e-06,2.538428e-06,1.795232e-05,7.390730e-06,2.692297e-05,6.895768e-06,1.492123e-05,7.262450e-06,7.240778e-06,9.941639e-06,5.618034e-06,3.177458e-06,2.495076e-06,2.379686e-06,4.028976e-06,3.494894e-06,4.537391e-07,3.985745e-07,1.126083e-06,5.362430e-06,9.315268e-07,1.246109e-06,3.316900e-07,2.077789e-06,9.466630e-07
11.767580,4.112748e-06,2.505138e-06,1.805541e-05,7.461519e-06,2.690225e-05,6.895442e-06,1.506016e-05,7.234989e-06,7.289989e-06,9.802960e-06,5.745644e-06,3.281065e-06,2.287035e-06,2.164596e-06,4.050732e-06,3.685589e-06,4.041323e-07,3.956933e-07,1.043971e-06,5.081208e-06,8.578640e-07,1.199406e-06,3.362993e-07,2.360158e-06,9.680088e-07
11.791990,4.163963e-06,2.497812e-06,1.817545e-05,7.534390e-06,2.677763e-05,6.887101e-06,1.491613e-05,7.178481e-06,7.204689e-06,9.926291e-06,5.882766e-06,3.419150e-06,2.316601e-06,2.254376e-06,3.915055e-06,3.735382e-06,4.609923e-07,3.345712e-07,9.468421e-07,4.736753e-06,7.985483e-07,1.206972e-06,3.317477e-07,2.555424e-06,9.067075e-07
11.816410,4.159589e-06,2.514553e-06,1.805656e-05,7.534698e-06,2.677346e-05,7.010005e-06,1.513324e-05,7.064781e-06,7.157421e-06,9.948794e-06,5.642986e-06,3.259827e-06,2.552654e-06,2.519089e-06,3.797826e-06,3.336079e-06,5.121572e-07,2.517003e-07,8.663883e-07,4.523231e-06,7.324299e-07,1.190704e-06,3.237242e-07,2.627508e-06,7.945671e-07
11.840820,4.196499e-06,2.504207e-06,1.815530e-05,7.504980e-06,2.670301e-05,7.069359e-06,1.531594e-05,7.099006e-06,7.142196e-06,9.940185e-06,5.537835e-06,3.152222e-06,2.635363e-06,2.536505e-06,3.951736e-06,3.198810e-06,4.990059e-07,3.014211e-07,7.916569e-07,4.409480e-06,6.751836e-07,1.184230e-06,3.007601e-07,2.509655e-06,6.354410e-07
11.865230,4.238715e-06,2.515189e-06,1.827244e-05,7.595474e-06,2.620461e-05,7.121000e-06,1.534163e-05,7.351239e-06,7.362538e-06,9.679342e-06,5.646474e-06,3.262598e-06,2.738953e-06,2.538965e-06,3.862076e-06,3.516156e-06,5.018443e-07,3.419174e-07,6.467043e-07,4.198192e-06,6.415783e-07,1.147626e-06,2.655318e-07,2.236729e-06,4.671607e-07
11.889650,4.254670e-06,2.535331e-06,1.814214e-05,7.580087e-06,2.605305e-05,7.129161e-06,1.546482e-05,7.322976e-06,7.458035e-06,9.456216e-06,5.702393e-06,3.296150e-06,2.799659e-06,2.639555e-06,3.371762e-06,3.448807e-06,6.306953e-07,3.751738e-07,4.512091e-07,3.567825e-06,6.430231e-07,1.093646e-06,2.252101e-07,1.887275e-06,3.212240e-07
11.914060,4.145569e-06,2.484609e-06,1.749261e-05,7.373779e-06,2.513994e-05,6.937164e-06,1.504758e-05,7.006373e-06,7.027261e-06,9.488874e-06,5.579946e-06,3.197346e-06,2.628101e-06,2.593208e-06,3.099916e-06,3.120741e-06,7.201176e-07,4.466464e-07,2.868075e-07,2.831636e-06,6.453925e-07,1.015597e-06,1.829894e-07,1.410255e-06,2.281365e-07
11.938480,4.041700e-06,2.421394e-06,1.682485e-05,7.275586e-06,2.398515e-05,6.845148e-06,1.488531e-05,6.945653e-06,6.843834e-06,9.310559e-06,5.325652e-06,3.098212e-06,2.677291e-06,2.714570e-06,3.117056e-06,2.992464e-06,7.005812e-07,5.526077e-07,1.993904e-07,2.175443e-06,6.041907e-07,9.052713e-07,1.534570e-07,1.026169e-06,2.190249e-07
11.962890,3.942402e-06,2.365117e-06,1.619546e-05,7.136142e-06,2.307929e-05,6.602752e-06,1.459527e-05,6.784762e-06,6.857517e-06,8.747501e-06,5.078565e-06,2.848184e-06,2.816134e-06,2.885538e-06,2.927251e-06,2.828003e-06,6.844988e-07,5.791835e-07,1.084053e-07,1.743623e-06,5.387527e-07,7.821601e-07,1.393987e-07,6.283877e-07,2.668372e-07
11.987300,3.804598e-06,2.320977e-06,1.536532e-05,6.947603e-06,2.231160e-05,6.397893e-06,1.403611e-05,6.542681e-06,6.665878e-06,8.471761e-06,5.058918e-06,2.723525e-06,2.723454e-06,2.763413e-06,2.880508e-06,2.546168e-06,7.137800e-07,5.491425e-07,9.085970e-08,1.089364e-06,4.292809e-07,6.175697e-07,1.319422e-07,4.165149e-07,3.335971e-07
12.011720,3.707370e-06,2.246375e-06,1.461890e-05,6.688041e-06,2.168551e-05,6.323924e-06,1.383538e-05,6.331628e-06,6.544451e-06,8.231820e-06,4.927184e-06,2.728742e-06,2.539837e-06,2.588899e-06,2.920944e-06,2.635642e-06,6.883267e-07,5.548478e-07,2.807324e-07,4.344019e-07,3.232146e-07,4.973304e-07,1.275507e-07,4.928021e-07,3.846545e-07
12.036130,3.621718e-06,2.184496e-06,1.401982e-05,6.518966e-06,2.074890e-05,6.133883e-06,1.351092e-05,6.060222e-06,6.400596e-06,7.971507e-06,4.583206e-06,2.538256e-06,2.470626e-06,2.625689e-06,2.740481e-06,2.994590e-06,6.119984e-07,5.979910e-07,4.104197e-07,6.258044e-07,2.308538e-07,3.732070e-07,1.192296e-07,7.089934e-07,3.883431e-07
12.060550,3.516222e-06,2.133595e-06,1.327892e-05,6.330128e-06,1.991090e-05,5.921027e-06,1.296166e-05,5.981151e-06,6.291487e-06,7.765157e-06,4.491710e-06,2.292476e-06,2.367722e-06,2.629371e-06,2.798394e-06,2.946621e-06,6.325308e-07,5.752732e-07,4.813259e-07,1.072410e-06,1.606501e-07,2.932139e-07,1.002921e-07,8.522812e-07,3.513396e-07
12.084960,3.434945e-06,2.072655e-06,1.263786e-05,6.022949e-06,1.939164e-05,5.665641e-06,1.246407e-05,5.829520e-06,6.313553e-06,7.346716e-06,4.475254e-06,2.228705e-06,2.280989e-06,2.566110e-06,3.051323e-06,2.711137e-06,6.636953e-07,5.381385e-07,5.600229e-07,1.477301e-06,1.496881e-07,1.874237e-07,6.735294e-08,8.610106e-07,2.755504e-07
12.109380,3.353521e-06,2.020867e-06,1.208336e-05,5.823498e-06,1.853144e-05,5.438307e-06,1.196674e-05,5.463553e-06,6.057206e-06,7.205495e-06,4.364981e-06,2.184367e-06,2.241479e-06,2.529042e-06,3.066764e-06,2.773530e-06,6.196405e-07,5.419714e-07,6.909495e-07,1.898876e-06,1.989474e-07,1.126342e-07,3.060228e-08,7.640449e-07,1.862433e-07
12.133790,3.263929e-06,1.979910e-06,1.157654e-05,5.638426e-06,1.768769e-05,5.282431e-06,1.170475e-05,5.271231e-06,5.775771e-06,7.212238e-06,4.260475e-06,2.108213e-06,2.055955e-06,2.375243e-06,2.965681e-06,2.999109e-06,5.287467e-07,5.445132e-07,7.794690e-07,2.384639e-06,2.579033e-07,1.494492e-07,4.117973e-08,5.993415e-07,1.371119e-07
12.158200,3.135772e-06,1.951832e-06,1.103025e-05,5.418229e-06,1.695031e-05,5.004036e-06,1.133301e-05,5.123551e-06,5.743296e-06,6.841684e-06,4.013121e-06,2.047552e-06,1.829448e-06,2.164357e-06,2.994258e-06,2.930744e-06,4.788271e-07,4.778692e-07,7.835250e-07,2.718926e-06,3.291884e-07,2.685396e-07,9.034237e-08,4.572187e-07,1.709149e-07
12.182620,3.031329e-06,1.897545e-06,1.058650e-05,5.192086e-06,1.627353e-05,4.770191e-06,1.077066e-05,4.864123e-06,5.571290e-06,6.521069e-06,3.854426e-06,1.929633e-06,1.812272e-06,2.133672e-06,2.973334e-06,2.997784e-06,4.522705e-07,3.998427e-07,7.650148e-07,2.834345e-06,3.974617e-07,3.822422e-07,1.346246e-07,5.040297e-07,2.306683e-07
12.207030,2.919409e-06,1.857917e-06,1.026935e-05,5.026237e-06,1.553277e-05,4.634748e-06,1.050578e-05,4.622175e-06,5.326018e-06,6.350302e-06,3.890453e-06,1.816100e-06,1.829328e-06,2.124111e-06,2.873734e-06,3.177441e-06,4.093365e-07,3.742611e-07,7.773523e-07,2.755880e-06,4.730172e-07,5.178533e-07,1.757509e-07,6.614819e-07,3.075284e-07
12.231450,2.756149e-06,1.819971e-06,9.748804e-06,4.940141e-06,1.469487e-05,4.403043e-06,1.009169e-05,4.340119e-06,5.112838e-06,6.107582e-06,3.729538e-06,1.872257e-06,1.698141e-06,1.907849e-06,2.866756e-06,3.027227e-06,3.620019e-07,3.606125e-07,8.043444e-07,2.753330e-06,5.540177e-07,6.124567e-07,2.031572e-07,8.742005e-07,3.651463e-07
12.255860,2.699641e-06,1.820194e-06,9.625564e-06,4.936710e-06,1.477005e-05,4.366412e-06,9.917668e-06,4.321518e-06,5.063905e-06,6.099966e-06,3.613970e-06,1.942749e-06,1.599023e-06,1.751269e-06,2.857510e-06,2.803403e-06,3.907623e-07,3.240871e-07,7.989652e-07,2.923969e-06,6.373206e-07,7.142926e-07,2.327961e-07,1.121198e-06,4.138580e-07
12.280270,2.660588e-06,1.829016e-06,9.624079e-06,5.068141e-06,1.481198e-05,4.392872e-06,9.854637e-06,4.462236e-06,5.227994e-06,5.993174e-06,3.684530e-06,1.873842e-06,1.583955e-06,1.784606e-06,2.648188e-06,2.866739e-06,3.962098e-07,2.771805e-07,7.422362e-07,2.918261e-06,7.005264e-07,7.843694e-07,2.453376e-07,1.331581e-06,4.411161e-07
12.304690,2.622825e-06,1.830585e-06,9.565669e-06,5.224526e-06,1.487650e-05,4.493101e-06,9.752929e-06,4.378076e-06,5.295922e-06,5.828688e-06,3.763113e-06,1.889276e-06,1.555746e-06,1.809153e-06,2.516409e-06,3.047106e-06,3.532217e-07,2.654559e-07,6.904029e-07,2.717352e-06,7.353896e-07,8.074546e-07,2.484875e-07,1.462468e-06,4.319610e-07
12.329100,2.579634e-06,1.833512e-06,9.478703e-06,5.298878e-06,1.528401e-05,4.580445e-06,9.807675e-06,4.342175e-06,5.119290e-06,6.033893e-06,3.866072e-06,1.933296e-06,1.609021e-06,1.823846e-06,2.599655e-06,2.919362e-06,3.702928e-07,2.506974e-07,6.524618e-07,2.470778e-06,7.402285e-07,7.857410e-07,2.380204e-07,1.494555e-06,3.958379e-07
12.353520,2.558881e-06,1.820981e-06,9.414825e-06,5.373383e-06,1.567736e-05,4.570430e-06,9.622839e-06,4.426517e-06,5.184279e-06,6.045524e-06,3.939563e-06,1.959374e-06,1.710665e-06,1.885619e-06,2.565863e-06,2.710754e-06,4.566965e-07,2.210046e-07,5.871295e-07,2.423629e-06,7.330050e-07,7.387157e-07,2.162402e-07,1.393846e-06,3.575106e-07
12.377930,2.556864e-06,1.814273e-06,9.479045e-06,5.467804e-06,1.602801e-05,4.703489e-06,9.460081e-06,4.408235e-06,5.292219e-06,5.873860e-06,3.835439e-06,2.055994e-06,1.616836e-06,1.818826e-06,2.359950e-06,2.584670e-06,4.962812e-07,2.534946e-07,4.556339e-07,2.307830e-06,6.971561e-07,6.690213e-07,1.898535e-07,1.218153e-06,3.208459e-07
12.402340,2.535937e-06,1.824485e-06,9.465036e-06,5.616579e-06,1.627360e-05,4.825213e-06,9.598718e-06,4.416262e-06,5.330963e-06,5.852234e-06,3.955331e-06,2.079429e-06,1.553156e-06,1.750305e-06,2.241274e-06,2.400500e-06,4.988620e-07,3.374962e-07,3.096075e-07,2.069609e-06,6.398246e-07,5.997865e-07,1.666495e-07,9.920057e-07,3.159464e-07
12.426760,2.531969e-06,1.818545e-06,9.518060e-06,5.688796e-06,1.671815e-05,4.840534e-06,9.535883e-06,4.351952e-06,5.411520e-06,5.807030e-06,4.127555e-06,1.988271e-06,1.662666e-06,1.923194e-06,2.124884e-06,2.103662e-06,5.306711e-07,3.666212e-07,2.572431e-07,1.676334e-06,5.415257e-07,5.247498e-07,1.504619e-07,7.131742e-07,3.012140e-07
12.451170,2.526353e-06,1.826261e-06,9.687143e-06,5.714562e-06,1.726332e-05,4.860447e-06,9.438787e-06,4.363768e-06,5.417558e-06,5.876309e-06,4.065230e-06,2.032151e-06,1.724526e-06,2.043095e-06,1.895683e-06,2.081657e-06,5.472966e-07,3.655527e-07,2.091304e-07,1.275875e-06,4.657730e-07,4.637794e-07,1.434412e-07,4.586451e-07,2.928576e-07
12.475590,2.505502e-06,1.843677e-06,9.792688e-06,5.849753e-06,1.749289e-05,4.851124e-06,9.500635e-06,4.514851e-06,5.599260e-06,5.870095e-06,4.076497e-06,2.124011e-06,1.742450e-06,2.008853e-06,1.923393e-06,2.218795e-06,5.266504e-07,3.901880e-07,1.340457e-07,1.016166e-06,3.942266e-07,4.232913e-07,1.416447e-07,2.187931e-07,2.776558e-07
12.500000,2.482735e-06,1.859991e-06,9.923986e-06,5.919674e-06,1.785068e-05,4.887418e-06,9.606640e-06,4.464444e-06,5.778150e-06,5.717450e-06,4.163286e-06,2.048444e-06,1.790997e-06,2.019117e-06,1.973788e-06,2.102782e-06,5.022541e-07,4.358981e-07,1.428017e-07,6.859325e-07,3.521964e-07,4.127011e-07,1.414623e-07,2.634329e-07,2.597460e-07
12.524410,2.466096e-06,1.868648e-06,1.005979e-05,5.951518e-06,1.828821e-05,4.896989e-06,9.876007e-06,4.367170e-06,5.666068e-06,5.891859e-06,4.315592e-06,2.001593e-06,1.776526e-06,2.050321e-06,1.820609e-06,1.857709e-06,5.417166e-07,4.344661e-07,2.278126e-07,2.642151e-07,3.072459e-07,3.852002e-07,1.370793e-07,4.840387e-07,2.437202e-07
12.548830,2.454417e-06,1.880993e-06,1.022521e-05,6.015665e-06,1.857248e-05,4.803506e-06,9.927390e-06,4.437051e-06,5.694413e-06,6.044358e-06,4.530877e-06,2.004269e-06,1.756628e-06,2.052123e-06,1.800255e-06,1.927260e-06,5.672291e-07,4.310605e-07,2.850158e-07,3.235108e-07,2.419611e-07,3.329871e-07,1.230698e-07,6.484944e-07,2.153383e-07
12.573240,2.412755e-06,1.904915e-06,1.027576e-05,6.089814e-06,1.880328e-05,4.832574e-06,9.951964e-06,4.441424e-06,5.901612e-06,5.905964e-06,4.472468e-06,1.975743e-06,1.906809e-06,2.204429e-06,1.959137e-06,2.204366e-06,5.321799e-07,4.562890e-07,3.336392e-07,6.905206e-07,1.598399e-07,2.562136e-07,9.867742e-08,7.301470e-07,1.659732e-07
12.597660,2.388271e-06,1.897500e-06,1.023258e-05,6.148874e-06,1.895303e-05,4.827044e-06,1.016274e-05,4.402651e-06,5.921730e-06,5.872191e-06,4.397547e-06,2.068923e-06,1.975624e-06,2.327416e-06,2.032685e-06,2.332677e-06,4.707866e-07,4.749807e-07,4.391412e-07,9.546281e-07,5.168724e-08,1.576661e-07,7.243947e-08,6.723207e-07,1.253165e-07
12.622070,2.364349e-06,1.870324e-06,1.019747e-05,6.046729e-06,1.910896e-05,4.673801e-06,9.998042e-06,4.309126e-06,5.877110e-06,5.855824e-06,4.574564e-06,2.101017e-06,1.824898e-06,2.197546e-06,2.095672e-06,2.496407e-06,4.537936e-07,4.354684e-07,5.596547e-07,1.195490e-06,5.296676e-08,1.094179e-07,6.476912e-08,5.465089e-07,1.134528e-07
12.646480,2.326351e-06,1.857963e-06,1.005396e-05,6.014523e-06,1.897869e-05,4.609184e-06,9.799696e-06,4.162872e-06,5.800947e-06,5.820745e-06,4.621229e-06,1.985959e-06,1.819414e-06,2.183429e-06,2.247634e-06,2.780734e-06,4.248235e-07,3.781373e-07,6.251241e-07,1.551390e-06,1.772088e-07,1.753655e-07,8.702318e-08,3.529425e-07,1.327564e-07
12.670900,2.303783e-06,1.840956e-06,9.873136e-06,5.990964e-06,1.875442e-05,4.564174e-06,9.656008e-06,4.204312e-06,5.767801e-06,5.812937e-06,4.487745e-06,1.993831e-06,1.892510e-06,2.344167e-06,2.228159e-06,2.759052e-06,3.757046e-07,3.572637e-07,6.289237e-07,1.855370e-06,3.072760e-07,2.628975e-07,1.157418e-07,2.794998e-07,1.679006e-07
12.695310,2.282838e-06,1.834079e-06,9.727522e-06,5.882531e-06,1.882309e-05,4.565459e-06,9.494017e-06,4.206345e-06,5.947302e-06,5.561732e-06,4.495110e-06,2.120261e-06,1.905520e-06,2.358447e-06,2.203172e-06,2.619901e-06,3.591894e-07,3.508613e-07,6.614110e-07,1.971094e-06,4.450298e-07,3.719373e-07,1.445918e-07,4.754282e-07,1.812081e-07
12.719730,2.264696e-06,1.831671e-06,9.625316e-06,5.874989e-06,1.859213e-05,4.526850e-06,9.330597e-06,4.058517e-06,5.890444e-06,5.408706e-06,4.488727e-06,2.161604e-06,1.973787e-06,2.331180e-06,2.426136e-06,2.825262e-06,3.800886e-07,3.229844e-07,7.256794e-07,2.009342e-06,5.568548e-07,4.566910e-07,1.613572e-07,7.470860e-07,2.088589e-07
12.744140,2.223091e-06,1.846081e-06,9.514383e-06,5.922039e-06,1.824640e-05,4.446529e-06,8.974971e-06,4.049991e-06,5.702594e-06,5.530698e-06,4.556964e-06,2.187830e-06,1.947419e-06,2.327016e-06,2.489285e-06,3.080045e-06,3.698293e-07,2.854537e-07,7.709436e-07,2.071792e-06,6.240294e-07,5.125549e-07,1.764207e-07,1.045189e-06,2.413053e-07
12.768550,2.190021e-06,1.840441e-06,9.376899e-06,5.990239e-06,1.795778e-05,4.499577e-06,8.710526e-06,4.035147e-06,5.758992e-06,5.433069e-06,4.618938e-06,2.195855e-06,1.808907e-06,2.214143e-06,2.334819e-06,2.976699e-06,3.193687e-07,2.785828e-07,7.491125e-07,2.205343e-06,6.678250e-07,5.383459e-07,1.816010e-07,1.310425e-06,2.813995e-07
12.792970,2.154479e-06,1.841097e-06,9.397556e-06,5.994898e-06,1.794474e-05,4.479297e-06,8.680097e-06,3.963612e-06,5.758224e-06,5.280087e-06,4.440537e-06,2.146033e-06,1.786008e-06,2.219572e-06,2.279995e-06,2.829470e-06,3.333958e-07,2.647110e-07,7.149438e-07,2.292760e-06,6.962347e-07,5.412761e-07,1.798986e-07,1.513009e-06,3.192424e-07
12.817380,2.092841e-06,1.848285e-06,9.331230e-06,6.016750e-06,1.795701e-05,4.365924e-06,8.409842e-06,3.918937e-06,5.729987e-06,5.220082e-06,4.417027e-06,2.224740e-06,1.887136e-06,2.374343e-06,2.257879e-06,2.800742e-06,3.997808e-07,2.229569e-07,7.114403e-07,2.230173e-06,7.238274e-07,5.609745e-07,1.834706e-07,1.572945e-06,3.594004e-07
12.841800,2.049990e-06,1.833068e-06,9.241431e-06,6.118880e-06,1.771788e-05,4.315560e-06,8.187513e-06,3.818475e-06,5.727553e-06,5.119675e-06,4.567221e-06,2.352131e-06,1.864465e-06,2.366657e-06,2.172804e-06,2.674797e-06,4.271244e-07,2.059601e-07,6.797934e-07,2.078156e-06,7.203014e-07,5.864596e-07,1.937019e-07,1.551442e-06,4.082375e-07
12.866210,2.006885e-06,1.816093e-06,9.208943e-06,6.098390e-06,1.792643e-05,4.263756e-06,8.096145e-06,3.809877e-06,5.662471e-06,5.102991e-06,4.493484e-06,2.279766e-06,1.747724e-06,2.201719e-06,2.177689e-06,2.403214e-06,4.178520e-07,2.578869e-07,5.935761e-07,2.030134e-06,7.114837e-07,6.246865e-07,2.148123e-07,1.378575e-06,4.725213e-07
12.890620,1.964002e-06,1.794376e-06,9.138570e-06,6.097244e-06,1.805143e-05,4.247490e-06,8.062643e-06,3.868668e-06,5.775235e-06,5.012629e-06,4.365649e-06,2.216378e-06,1.697245e-06,2.150328e-06,2.185637e-06,2.365605e-06,4.623323e-07,2.838854e-07,4.594359e-07,2.030029e-06,6.906128e-07,6.445560e-07,2.291267e-07,1.175662e-06,5.202398e-07
12.915040,1.919810e-06,1.773198e-06,9.035897e-06,6.120227e-06,1.795059e-05,4.144987e-06,8.060026e-06,3.729426e-06,5.833401e-06,4.809586e-06,4.324591e-06,2.287373e-06,1.638892e-06,2.183923e-06,2.025185e-06,2.395207e-06,4.878132e-07,2.736143e-07,3.559734e-07,1.925367e-06,6.830770e-07,6.765556e-07,2.400533e-07,9.782854e-07,5.553855e-07
12.939450,1.891212e-06,1.738937e-06,8.897201e-06,6.077455e-06,1.795127e-05,4.064519e-06,7.867547e-06,3.645910e-06,5.618301e-06,4.896815e-06,4.322798e-06,2.299617e-06,1.619270e-06,2.165357e-06,1.861035e-06,2.133828e-06,4.655119e-07,2.724703e-07,3.003234e-07,1.645184e-06,6.912571e-07,6.921735e-07,2.377710e-07,8.260171e-07,5.443488e-07
12.963870,1.900822e-06,1.720862e-06,8.948192e-06,6.048359e-06,1.812341e-05,4.106830e-06,7.885226e-06,3.676581e-06,5.664095e-06,4.964586e-06,4.506144e-06,2.284253e-06,1.711780e-06,2.219203e-06,1.894549e-06,1.759718e-06,4.693683e-07,3.089919e-07,2.356285e-07,1.391797e-06,6.997114e-07,7.046078e-07,2.330393e-07,7.829125e-07,5.050506e-07
12.988280,2.026498e-06,1.851653e-06,9.642146e-06,6.407217e-06,1.959229e-05,4.319057e-06,8.496188e-06,3.907473e-06,6.173612e-06,5.195354e-06,4.848433e-06,2.430104e-06,1.780551e-06,2.380385e-06,2.030107e-06,1.888530e-06,5.544362e-07,3.441809e-07,1.887818e-07,1.244950e-06,7.294275e-07,7.413339e-07,2.302126e-07,8.878137e-07,4.800200e-07
13.012700,2.166059e-06,1.971845e-06,1.026165e-05,6.832841e-06,2.076492e-05,4.528212e-06,8.840516e-06,4.150117e-06,6.598673e-06,5.517671e-06,4.948605e-06,2.454658e-06,1.775735e-06,2.330777e-06,2.045944e-06,2.099725e-06,6.120350e-07,3.699676e-07,2.188062e-07,1.105032e-06,7.132294e-07,7.320098e-07,2.150327e-07,1.084628e-06,4.315273e-07
13.037110,2.312942e-06,2.100051e-06,1.105832e-05,7.225602e-06,2.186472e-05,4.832281e-06,9.265366e-06,4.301290e-06,7.002417e-06,5.832547e-06,5.327002e-06,2.531994e-06,1.990583e-06,2.477338e-06,2.139291e-06,2.234217e-06,6.108417e-07,4.316454e-07,3.018643e-07,7.332271e-07,6.550471e-07,6.694939e-07,1.855457e-07,1.302963e-06,3.733654e-07
13.061520,2.455564e-06,2.238629e-06,1.190630e-05,7.533464e-06,2.316893e-05,5.119729e-06,9.793822e-06,4.503603e-06,7.264248e-06,6.242712e-06,5.730973e-06,2.842977e-06,2.245691e-06,2.821875e-06,2.236096e-06,2.657132e-06,6.018177e-07,4.955245e-07,3.642134e-07,2.421280e-07,5.761961e-07,5.623747e-07,1.451591e-07,1.462812e-06,2.997645e-07
13.085940,2.604157e-06,2.377224e-06,1.279841e-05,8.017966e-06,2.394244e-05,5.419248e-06,1.022853e-05,4.863685e-06,7.754611e-06,6.609737e-06,5.945866e-06,2.972780e-06,2.361222e-06,2.927945e-06,2.231756e-06,3.025816e-06,6.314707e-07,5.030577e-07,4.276412e-07,3.915999e-07,4.524531e-07,4.270769e-07,9.920396e-08,1.495169e-06,2.028569e-07
13.110350,2.748341e-06,2.518038e-06,1.370276e-05,8.511181e-06,2.469424e-05,5.633607e-06,1.064610e-05,5.047249e-06,8.407685e-06,6.668266e-06,6.153459e-06,2.947189e-06,2.471668e-06,2.972960e-06,2.429126e-06,3.077133e-06,6.285924e-07,4.743055e-07,5.508414e-07,8.831211e-07,3.044235e-07,2.942782e-07,6.233982e-08,1.336260e-06,1.151657e-07
13.134770,2.899327e-06,2.662271e-06,1.466814e-05,8.953898e-06,2.573243e-05,5.884004e-06,1.084959e-05,5.187500e-06,8.670478e-06,6.963477e-06,6.332670e-06,3.135916e-06,2.596527e-06,3.208011e-06,2.658242e-06,3.377704e-06,5.737475e-07,4.755392e-07,7.172789e-07,1.266984e-06,1.330589e-07,1.537345e-07,5.720892e-08,1.044144e-06,1.173258e-07
13.159180,3.012015e-06,2.836380e-06,1.561678e-05,9.374475e-06,2.686789e-05,6.271466e-06,1.126149e-05,5.504964e-06,8.928636e-06,7.491153e-06,6.695319e-06,3.319936e-06,2.661947e-06,3.444875e-06,2.624848e-06,4.223550e-06,5.921462e-07,5.011403e-07,7.987706e-07,1.784081e-06,1.402214e-07,1.341562e-07,6.813212e-08,6.444822e-07,1.755826e-07
13.183590,3.141305e-06,2.978472e-06,1.637627e-05,9.865015e-06,2.792912e-05,6.466039e-06,1.178592e-05,5.727423e-06,9.479258e-06,7.742550e-06,7.149962e-06,3.558589e-06,2.992885e-06,3.735939e-06,2.647939e-06,4.950973e-06,6.468956e-07,4.875860e-07,8.245142e-07,2.326365e-06,2.897842e-07,2.583744e-07,1.033855e-07,2.733189e-07,1.968044e-07
13.208010,3.272846e-06,3.122686e-06,1.731553e-05,1.042817e-05,2.876152e-05,6.650256e-06,1.194815e-05,5.912596e-06,9.831397e-06,7.999715e-06,7.211202e-06,3.926695e-06,3.350892e-06,4.216431e-06,2.896666e-06,5.270177e-06,6.135546e-07,4.593107e-07,9.017153e-07,2.867107e-06,4.321805e-07,3.794737e-07,1.528838e-07,4.899842e-07,1.737644e-07
13.232420,3.369692e-06,3.280573e-06,1.815282e-05,1.076545e-05,3.022297e-05,6.929938e-06,1.232382e-05,6.119593e-06,1.022153e-05,8.362047e-06,7.273800e-06,4.007384e-06,3.346925e-06,4.361970e-06,3.082106e-06,5.634387e-06,5.363796e-07,4.812158e-07,1.041162e-06,3.148711e-06,5.391326e-07,4.630990e-07,2.110133e-07,1.046886e-06,1.420998e-07
13.256840,3.467726e-06,3.415789e-06,1.886019e-05,1.118010e-05,3.147409e-05,7.163626e-06,1.281256e-05,6.256342e-06,1.059276e-05,8.630804e-06,7.829147e-06,4.088919e-06,3.359672e-06,4.274270e-06,3.186243e-06,6.073934e-06,5.724437e-07,4.844070e-07,1.143625e-06,3.280327e-06,6.858874e-07,5.628894e-07,2.866994e-07,1.581668e-06,2.267074e-07
13.281250,3.557945e-06,3.541736e-06,1.957638e-05,1.159861e-05,3.252338e-05,7.372799e-06,1.329246e-05,6.672142e-06,1.090109e-05,9.086834e-06,8.149754e-06,4.490930e-06,3.610110e-06,4.690607e-06,3.435559e-06,6.250972e-06,6.138892e-07,4.188183e-07,1.147432e-06,3.443087e-06,8.459883e-07,6.939885e-07,3.678334e-07,2.127156e-06,3.585737e-07
13.305660,3.652912e-06,3.659095e-06,2.031769e-05,1.183112e-05,3.387822e-05,7.439981e-06,1.370055e-05,6.980809e-06,1.163523e-05,9.270391e-06,8.204619e-06,4.797447e-06,3.758566e-06,5.172429e-06,3.447277e-06,6.237515e-06,6.303223e-07,3.727467e-07,1.179356e-06,3.662442e-06,1.064717e-06,9.215186e-07,4.679256e-07,2.568146e-06,5.468955e-07
13.330080,3.719317e-06,3.795430e-06,2.109904e-05,1.212065e-05,3.497339e-05,7.632164e-06,1.389217e-05,7.015968e-06,1.198177e-05,9.396067e-06,8.346416e-06,4.852375e-06,3.891209e-06,5.332299e-06,3.288900e-06,6.709010e-06,7.047960e-07,4.442661e-07,1.277096e-06,3.841823e-06,1.255516e-06,1.160589e-06,5.585318e-07,2.774023e-06,7.425058e-07
13.354490,3.649871e-06,3.740970e-06,2.087164e-05,1.199773e-05,3.446670e-05,7.541012e-06,1.390621e-05,6.990712e-06,1.151981e-05,9.677547e-06,8.102706e-06,4.819336e-06,3.868188e-06,5.344091e-06,3.413843e-06,6.740759e-06,7.813081e-07,4.649179e-07,1.253759e-06,3.585519e-06,1.396787e-06,1.354832e-06,6.215542e-07,2.755343e-06,9.382857e-07
13.378910,3.521456e-06,3.574356e-06,2.035943e-05,1.171071e-05,3.274832e-05,7.024012e-06,1.342484e-05,6.779247e-06,1.122612e-05,9.437846e-06,8.052843e-06,4.702122e-06,3.510599e-06,5.067562e-06,3.453518e-06,5.879118e-06,7.803177e-07,4.351764e-07,1.083640e-06,3.159765e-06,1.494075e-06,1.438242e-06,6.344558e-07,2.551376e-06,1.099308e-06
13.403320,3.375408e-06,3.436854e-06,1.995609e-05,1.134567e-05,3.133728e-05,6.669683e-06,1.262665e-05,6.525216e-06,1.089431e-05,8.990576e-06,7.945657e-06,4.563123e-06,3.183748e-06,4.684961e-06,3.195882e-06,4.842960e-06,7.284631e-07,4.297931e-07,8.578772e-07,3.034632e-06,1.527191e-06,1.460738e-06,6.201349e-07,2.337189e-06,1.195329e-06
13.427730,3.259174e-06,3.279494e-06,1.941068e-05,1.102403e-05,3.018660e-05,6.406240e-06,1.216320e-05,6.261646e-06,1.052374e-05,8.677516e-06,7.347178e-06,4.561914e-06,3.215777e-06,4.640254e-06,3.046146e-06,4.344014e-06,7.414957e-07,4.456413e-07,6.956936e-07,2.970241e-06,1.513136e-06,1.435186e-06,5.777195e-07,2.208387e-06,1.212673e-06
13.452150,3.147567e-06,3.143787e-06,1.895944e-05,1.093683e-05,2.862381e-05,6.107021e-06,1.170621e-05,5.880216e-06,1.005020e-05,8.346489e-06,7.002065e-06,4.351894e-06,3.127545e-06,4.668450e-06,2.958365e-06,3.935223e-06,7.989130e-07,4.395029e-07,5.884313e-07,2.683953e-06,1.376183e-06,1.329652e-06,5.172286e-07,2.049661e-06,1.158092e-06
13.476560,3.034085e-06,3.022562e-06,1.847954e-05,1.066834e-05,2.761704e-05,5.801840e-06,1.116900e-05,5.705143e-06,9.436589e-06,8.203620e-06,6.839827e-06,3.869493e-06,2.771672e-06,4.291487e-06,2.801483e-06,3.280727e-06,7.954566e-07,4.364933e-07,4.186504e-07,2.203031e-06,1.201810e-06,1.180588e-06,4.490153e-07,1.953236e-06,1.023145e-06
13.500980,2.919147e-06,2.915570e-06,1.800701e-05,1.035105e-05,2.701391e-05,5.457908e-06,1.055795e-05,5.586404e-06,9.227655e-06,7.907974e-06,6.497779e-06,3.743601e-06,2.603379e-06,3.844352e-06,2.735776e-06,2.866977e-06,7.124625e-07,4.706575e-07,2.624158e-07,1.752112e-06,9.694507e-07,9.622798e-07,3.785945e-07,1.830634e-06,8.765879e-07
13.525390,2.811712e-06,2.802662e-06,1.748448e-05,1.011210e-05,2.618789e-05,5.240557e-06,9.897519e-06,5.256345e-06,8.992663e-06,7.313903e-06,6.175930e-06,3.688093e-06,2.591905e-06,3.779420e-06,2.740212e-06,2.518523e-06,6.712642e-07,5.094397e-07,2.721637e-07,1.489694e-06,7.796777e-07,7.731199e-07,3.110371e-07,1.799609e-06,7.083719e-07
13.549800,2.718291e-06,2.688048e-06,1.701338e-05,9.866450e-06,2.538603e-05,5.037405e-06,9.485661e-06,5.043104e-06,8.369514e-06,7.077357e-06,5.749511e-06,3.424609e-06,2.572795e-06,3.640962e-06,2.553608e-06,1.957155e-06,6.450276e-07,4.862310e-07,3.193105e-07,1.108058e-06,6.028293e-07,6.194328e-07,2.564771e-07,1.745652e-06,5.619025e-07
13.574220,2.595530e-06,2.606063e-06,1.660349e-05,9.600386e-06,2.460693e-05,4.699088e-06,9.033068e-06,4.892540e-06,7.939023e-06,6.913702e-06,5.423443e-06,3.242299e-06,2.653892e-06,3.437705e-06,2.295875e-06,1.798560e-06,5.623190e-07,4.223820e-07,3.280675e-07,5.989046e-07,4.516998e-07,5.295865e-07,2.264568e-07,1.637034e-06,4.179863e-07
13.598630,2.476414e-06,2.499031e-06,1.597541e-05,9.163122e-06,2.419721e-05,4.483670e-06,8.370111e-06,4.655394e-06,7.613932e-06,6.545205e-06,5.351919e-06,3.009560e-06,2.620931e-06,3.356756e-06,2.295423e-06,2.388490e-06,4.745317e-07,3.879993e-07,3.682939e-07,1.109795e-07,3.332562e-07,4.555779e-07,2.028619e-07,1.437169e-06,2.907580e-07
13.623050,2.364588e-06,2.389878e-06,1.538331e-05,8.823536e-06,2.348837e-05,4.306012e-06,7.966747e-06,4.433891e-06,7.182190e-06,6.239824e-06,5.014347e-06,2.785341e-06,2.366086e-06,3.074939e-06,2.263162e-06,2.692570e-06,4.589516e-07,3.766839e-07,4.652462e-07,4.886332e-07,2.379081e-07,3.795298e-07,1.750595e-07,1.134417e-06,2.149214e-07
13.647460,2.245629e-06,2.287160e-06,1.478945e-05,8.454996e-06,2.261574e-05,4.070270e-06,7.613736e-06,4.186193e-06,6.797355e-06,5.938079e-06,4.563807e-06,2.798278e-06,2.351557e-06,2.882588e-06,2.074159e-06,2.700649e-06,4.325003e-07,3.347417e-07,5.184462e-07,7.896911e-07,1.703073e-07,2.894726e-07,1.360089e-07,7.686863e-07,2.075044e-07
13.671880,2.139161e-06,2.175207e-06,1.407333e-05,7.976881e-06,2.202064e-05,3.831373e-06,7.209361e-06,3.978489e-06,6.363573e-06,5.648324e-06,4.384574e-06,2.729213e-06,2.484247e-06,3.101989e-06,1.932011e-06,2.927285e-06,3.543232e-07,2.890251e-07,5.021811e-07,1.020826e-06,8.096250e-08,1.856151e-07,9.325619e-08,4.912475e-07,2.295641e-07
13.696290,2.040199e-06,2.060830e-06,1.331884e-05,7.629336e-06,2.105444e-05,3.567749e-06,6.787484e-06,3.906540e-06,5.997217e-06,5.435703e-06,4.208189e-06,2.470412e-06,2.408522e-06,3.137453e-06,1.798501e-06,3.086502e-06,2.638538e-07,2.763858e-07,4.869756e-07,1.306870e-06,2.160635e-08,7.306380e-08,4.602461e-08,3.064035e-07,2.305398e-07
13.720700,1.958110e-06,1.940401e-06,1.250702e-05,7.282579e-06,2.003825e-05,3.382416e-06,6.334202e-06,3.692911e-06,5.807798e-06,5.035131e-06,3.918415e-06,2.333569e-06,2.289783e-06,2.919401e-06,1.586337e-06,3.063832e-06,2.410963e-07,2.490627e-07,5.074566e-07,1.583937e-06,1.544676e-07,6.559195e-08,4.125822e-08,3.105624e-07,1.950342e-07
13.745120,1.939910e-06,1.914053e-06,1.222510e-05,7.180308e-06,1.982629e-05,3.301155e-06,6.287039e-06,3.563958e-06,5.588995e-06,4.864171e-06,3.787591e-06,2.377701e-06,2.277281e-06,2.920378e-06,1.593285e-06,3.327239e-06,2.416186e-07,2.029893e-07,5.287461e-07,1.722220e-06,2.983326e-07,1.769710e-07,7.950375e-08,4.315563e-07,1.617124e-07
13.769530,1.967194e-06,1.924780e-06,1.205332e-05,7.196579e-06,2.005631e-05,3.218575e-06,6.295904e-06,3.620189e-06,5.406713e-06,5.037278e-06,3.663575e-06,2.366753e-06,2.229164e-06,3.022433e-06,1.705012e-06,3.793142e-06,2.381534e-07,1.543118e-07,5.283285e-07,1.761210e-06,4.443729e-07,2.996145e-07,1.210568e-07,5.136353e-07,1.282832e-07
13.793950,2.004982e-06,1.938441e-06,1.189206e-05,7.215861e-06,2.039972e-05,3.247138e-06,6.194915e-06,3.621886e-06,5.425772e-06,5.056500e-06,3.674560e-06,2.360991e-06,2.293566e-06,3.061387e-06,1.632774e-06,3.918030e-06,2.873949e-07,1.641326e-07,5.138493e-07,1.750588e-06,5.648890e-07,4.094056e-07,1.606870e-07,5.769893e-07,1.522879e-07
13.818360,2.022249e-06,1.977955e-06,1.183809e-05,7.324223e-06,2.044542e-05,3.298972e-06,6.290970e-06,3.619081e-06,5.407123e-06,4.999921e-06,3.806746e-06,2.341191e-06,2.408492e-06,3.262275e-06,1.560786e-06,3.750332e-06,3.415600e-07,1.831882e-07,5.359671e-07,1.836227e-06,6.689707e-07,4.854539e-07,1.889775e-07,6.152605e-07,2.256304e-07
13.842770,2.052900e-06,2.007455e-06,1.169414e-05,7.276298e-06,2.082237e-05,3.290682e-06,6.373593e-06,3.599217e-06,5.400072e-06,4.989720e-06,3.715458e-06,2.242488e-06,2.333294e-06,3.337088e-06,1.602255e-06,3.671310e-06,3.555790e-07,1.792989e-07,5.691870e-07,1.879291e-06,7.645319e-07,5.274076e-07,2.092753e-07,6.453565e-07,3.179618e-07
13.867190,2.071152e-06,2.042866e-06,1.165928e-05,7.225728e-06,2.129126e-05,3.296625e-06,6.333533e-06,3.535750e-06,5.353475e-06,4.951842e-06,3.617649e-06,2.289251e-06,2.159035e-06,3.133116e-06,1.604734e-06,3.785283e-06,3.645723e-07,1.890711e-07,5.604330e-07,1.810947e-06,8.582154e-07,5.674376e-07,2.163913e-07,7.866320e-07,4.133217e-07
13.891600,2.078598e-06,2.075618e-06,1.164797e-05,7.248287e-06,2.136723e-05,3.296935e-06,6.300627e-06,3.592205e-06,5.242616e-06,5.060988e-06,3.660077e-06,2.393527e-06,2.140598e-06,3.029814e-06,1.626730e-06,3.780981e-06,4.327378e-07,2.186304e-07,5.053386e-07,1.675584e-06,9.178175e-07,6.004331e-07,2.172157e-07,1.006792e-06,5.076937e-07
13.916020,2.061288e-06,2.114277e-06,1.168713e-05,7.208956e-06,2.156764e-05,3.382868e-06,6.247262e-06,3.622172e-06,5.333874e-06,5.077869e-06,3.635907e-06,2.308291e-06,2.166576e-06,3.126135e-06,1.708996e-06,3.560701e-06,4.839250e-07,2.256481e-07,4.479055e-07,1.651456e-06,9.443828e-07,6.520043e-07,2.254010e-07,1.277723e-06,5.635252e-07
13.940430,2.049652e-06,2.126623e-06,1.160354e-05,7.139380e-06,2.176169e-05,3.407674e-06,6.401310e-06,3.527057e-06,5.398290e-06,4.923921e-06,3.609694e-06,2.181303e-06,2.072558e-06,3.106842e-06,1.694848e-06,3.422937e-06,4.997021e-07,2.364150e-07,4.259486e-07,1.706008e-06,9.487128e-07,6.812014e-07,2.352496e-07,1.498324e-06,5.789321e-07
13.964840,2.052160e-06,2.121879e-06,1.152104e-05,7.022304e-06,2.204129e-05,3.372623e-06,6.422578e-06,3.551970e-06,5.231870e-06,4.986439e-06,3.533091e-06,2.182882e-06,1.987788e-06,2.927543e-06,1.615000e-06,3.208155e-06,5.102183e-07,2.803498e-07,3.855529e-07,1.695504e-06,9.672321e-07,7.155133e-07,2.510917e-07,1.633772e-06,5.549097e-07
13.989260,2.038784e-06,2.129683e-06,1.154350e-05,6.996070e-06,2.198588e-05,3.456592e-06,6.340398e-06,3.574654e-06,5.223916e-06,5.109686e-06,3.410749e-06,2.156201e-06,1.861977e-06,2.836258e-06,1.692664e-06,2.633077e-06,5.352075e-07,3.223324e-07,2.941980e-07,1.566168e-06,9.864553e-07,7.352635e-07,2.591025e-07,1.698478e-06,4.900648e-07
14.013670,2.040955e-06,2.118030e-06,1.137227e-05,6.919359e-06,2.189261e-05,3.499713e-06,6.495804e-06,3.534374e-06,5.228220e-06,5.050988e-06,3.468785e-06,2.133943e-06,1.713028e-06,2.711869e-06,1.807237e-06,2.163949e-06,5.386163e-07,3.273745e-07,2.384057e-07,1.404586e-06,9.783570e-07,7.542328e-07,2.651422e-07,1.678968e-06,4.260309e-07
14.038090,2.047514e-06,2.106406e-06,1.118481e-05,6.826111e-06,2.199850e-05,3.509658e-06,6.586501e-06,3.531284e-06,5.168944e-06,5.106880e-06,3.536784e-06,2.135401e-06,1.804686e-06,2.584868e-06,1.769031e-06,2.213889e-06,5.123258e-07,3.164704e-07,2.544488e-07,1.284460e-06,9.387792e-07,7.527752e-07,2.605906e-07,1.636166e-06,3.571003e-07
14.062500,2.053597e-06,2.096959e-06,1.101706e-05,6.876683e-06,2.168515e-05,3.518096e-06,6.619281e-06,3.444775e-06,5.166951e-06,5.078595e-06,3.369277e-06,2.019035e-06,1.947530e-06,2.682233e-06,1.706853e-06,2.128702e-06,4.929808e-07,3.163022e-07,2.556808e-07,1.203850e-06,8.451954e-07,6.938320e-07,2.455399e-07,1.547524e-06,3.096542e-07
14.086910,2.056630e-06,2.093016e-06,1.087734e-05,6.856290e-06,2.151578e-05,3.542478e-06,6.634352e-06,3.489018e-06,5.022632e-06,5.120133e-06,3.339218e-06,1.941124e-06,1.868084e-06,2.656206e-06,1.727449e-06,1.779590e-06,5.180825e-07,3.246256e-07,2.439346e-07,9.732083e-07,7.409030e-07,6.064498e-07,2.197038e-07,1.361542e-06,2.811473e-07
14.111330,2.060297e-06,2.087840e-06,1.076810e-05,6.815534e-06,2.159072e-05,3.599608e-06,6.695315e-06,3.558974e-06,5.067723e-06,5.226734e-06,3.377481e-06,2.056071e-06,1.811668e-06,2.365466e-06,1.707687e-06,1.646646e-06,5.153709e-07,3.191940e-07,2.749538e-07,6.576021e-07,6.050198e-07,4.749772e-07,1.772529e-07,1.124811e-06,2.723082e-07
14.135740,2.094870e-06,2.091199e-06,1.078648e-05,6.850883e-06,2.179210e-05,3.583432e-06,6.915851e-06,3.499626e-06,5.222119e-06,5.113056e-06,3.408212e-06,2.086339e-06,1.933752e-06,2.358347e-06,1.692993e-06,1.757401e-06,4.587829e-07,3.070088e-07,3.496445e-07,5.992390e-07,4.683167e-07,3.458407e-07,1.239878e-07,7.961323e-07,3.018503e-07
14.160160,2.160104e-06,2.165408e-06,1.126963e-05,7.111221e-06,2.245469e-05,3.664305e-06,7.121644e-06,3.593112e-06,5.242334e-06,5.278227e-06,3.557030e-06,2.080362e-06,2.076252e-06,2.621738e-06,1.788552e-06,2.012793e-06,4.075779e-07,3.251021e-07,4.071284e-07,7.746643e-07,2.932029e-07,2.107036e-07,7.187436e-08,4.805485e-07,3.282267e-07
14.184570,2.233185e-06,2.221753e-06,1.169492e-05,7.401960e-06,2.296666e-05,3.864297e-06,7.357294e-06,3.726493e-06,5.306889e-06,5.614297e-06,3.527316e-06,2.202282e-06,2.208471e-06,2.793913e-06,1.784441e-06,2.610989e-06,3.862365e-07,3.324618e-07,4.265209e-07,9.300362e-07,1.287831e-07,1.284596e-07,1.933506e-08,1.761416e-07,3.429864e-07
14.208980,2.305673e-06,2.278276e-06,1.217171e-05,7.576450e-06,2.399447e-05,3.983507e-06,7.827898e-06,3.822751e-06,5.465812e-06,5.783568e-06,3.580999e-06,2.305869e-06,2.388490e-06,2.985421e-06,1.621306e-06,3.302122e-06,3.388318e-07,3.005800e-07,4.613472e-07,1.158799e-06,1.469744e-07,1.857255e-07,5.067316e-08,1.362750e-07,3.040266e-07
14.233400,2.363001e-06,2.340687e-06,1.266748e-05,7.862594e-06,2.489309e-05,4.051433e-06,8.142777e-06,3.949206e-06,5.594658e-06,5.945774e-06,3.851613e-06,2.395777e-06,2.396056e-06,3.204216e-06,1.604467e-06,3.627260e-06,2.684708e-07,2.465214e-07,5.181231e-07,1.578336e-06,3.036920e-07,3.216498e-07,1.011409e-07,3.403923e-07,2.270471e-07
14.257810,2.427211e-06,2.389849e-06,1.305111e-05,8.156172e-06,2.549394e-05,4.115229e-06,8.362706e-06,4.014764e-06,5.772649e-06,6.080764e-06,3.960174e-06,2.575779e-06,2.383533e-06,3.256112e-06,1.662027e-06,3.773215e-06,2.614858e-07,2.301506e-07,5.528856e-07,2.032275e-06,4.149193e-07,4.439871e-07,1.445033e-07,5.155322e-07,1.449807e-07
14.282230,2.498663e-06,2.431726e-06,1.341319e-05,8.341695e-06,2.653600e-05,4.221088e-06,8.555923e-06,4.136128e-06,5.829172e-06,6.189804e-06,3.991625e-06,2.543422e-06,2.620320e-06,3.476053e-06,1.621279e-06,4.261509e-06,2.655477e-07,2.241399e-07,5.375312e-07,2.272772e-06,4.789976e-07,5.251167e-07,1.786766e-07,6.785788e-07,1.474702e-07
14.306640,2.590497e-06,2.461630e-06,1.372047e-05,8.564404e-06,2.750747e-05,4.374030e-06,8.835140e-06,4.379399e-06,5.903241e-06,6.510286e-06,4.139754e-06,2.498816e-06,2.757343e-06,3.979500e-06,1.610954e-06,4.891406e-06,2.292752e-07,1.982768e-07,5.124482e-07,2.374705e-06,5.176575e-07,5.622660e-07,1.991058e-07,7.265471e-07,2.428424e-07
14.331050,2.666948e-06,2.512407e-06,1.409261e-05,8.786906e-06,2.841574e-05,4.410023e-06,9.223776e-06,4.440345e-06,6.252069e-06,6.598359e-06,4.278340e-06,2.707718e-06,2.683603e-06,4.131806e-06,1.654986e-06,5.212522e-06,2.379671e-07,1.689107e-07,5.437560e-07,2.475261e-06,5.690628e-07,5.458205e-07,2.083900e-07,7.666882e-07,3.517907e-07
14.355470,2.753597e-06,2.552085e-06,1.433441e-05,9.037527e-06,2.920196e-05,4.518750e-06,9.323751e-06,4.504616e-06,6.381597e-06,6.592619e-06,4.438291e-06,2.834229e-06,2.696575e-06,4.088958e-06,1.604894e-06,5.446701e-06,3.449489e-07,1.792121e-07,5.645388e-07,2.591829e-06,6.214704e-07,5.515162e-07,2.179973e-07,8.032781e-07,4.723400e-07
14.379880,2.855749e-06,2.583719e-06,1.446284e-05,9.201485e-06,3.009537e-05,4.721986e-06,9.483113e-06,4.683738e-06,6.438197e-06,6.924912e-06,4.540804e-06,2.882649e-06,2.705430e-06,4.278969e-06,1.635111e-06,5.718317e-06,4.440901e-07,1.728467e-07,5.353249e-07,2.648029e-06,7.073511e-07,5.756216e-07,2.306273e-07,1.104034e-06,5.614855e-07
14.404300,2.931678e-06,2.638950e-06,1.474540e-05,9.321034e-06,3.126785e-05,4.817558e-06,9.843590e-06,4.800889e-06,6.684188e-06,7.156433e-06,4.477317e-06,2.939816e-06,2.679777e-06,4.350597e-06,1.885313e-06,5.710544e-06,5.178595e-07,1.792061e-07,4.955151e-07,2.430233e-06,8.448290e-07,6.610345e-07,2.690225e-07,1.534251e-06,6.422642e-07
14.428710,3.018571e-06,2.681173e-06,1.496827e-05,9.536441e-06,3.193304e-05,4.933787e-06,9.973167e-06,4.908883e-06,6.888628e-06,7.316366e-06,4.670135e-06,2.915919e-06,2.837321e-06,4.406167e-06,1.951185e-06,5.308569e-06,6.082354e-07,2.525364e-07,4.876604e-07,2.206206e-06,1.035086e-06,7.682988e-07,3.139831e-07,2.063991e-06,6.684158e-07
14.453120,3.099451e-06,2.731626e-06,1.521049e-05,9.571500e-06,3.292408e-05,5.094600e-06,1.006180e-05,4.925559e-06,7.099542e-06,7.561719e-06,4.956942e-06,2.957753e-06,2.847693e-06,4.631644e-06,1.925463e-06,5.120665e-06,6.968909e-07,3.369270e-07,4.821571e-07,2.132816e-06,1.241182e-06,9.219132e-07,3.680286e-07,2.478822e-06,6.474751e-07
14.477540,3.167303e-06,2.775046e-06,1.547314e-05,9.593662e-06,3.399040e-05,5.287610e-06,1.018212e-05,4.944576e-06,7.212731e-06,7.751348e-06,4.980021e-06,3.157879e-06,2.582938e-06,4.509208e-06,2.118171e-06,5.422589e-06,7.439109e-07,3.829180e-07,4.439900e-07,2.216758e-06,1.398729e-06,1.084251e-06,4.115819e-07,2.775579e-06,5.857047e-07
14.501950,3.210392e-06,2.827275e-06,1.578974e-05,9.703179e-06,3.451099e-05,5.510379e-06,1.035604e-05,5.158125e-06,7.241879e-06,8.140819e-06,5.006228e-06,3.176810e-06,2.538698e-06,4.189348e-06,2.263826e-06,5.280806e-06,7.545807e-07,4.071306e-07,3.452503e-07,2.138726e-06,1.474041e-06,1.200893e-06,4.492170e-07,2.942477e-06,5.149373e-07
14.526370,3.254687e-06,2.858963e-06,1.606155e-05,9.826347e-06,3.493381e-05,5.583379e-06,1.066788e-05,5.271174e-06,7.595966e-06,8.443740e-06,5.131037e-06,3.009505e-06,2.730741e-06,4.348683e-06,2.345083e-06,4.507077e-06,8.216577e-07,4.555517e-07,2.961210e-07,1.915121e-06,1.458283e-06,1.277992e-06,4.722032e-07,2.989727e-06,4.841095e-07
14.550780,3.269026e-06,2.829646e-06,1.599315e-05,9.819884e-06,3.479799e-05,5.698708e-06,1.057235e-05,5.168699e-06,7.802037e-06,8.274939e-06,5.232489e-06,3.041754e-06,2.791604e-06,4.575436e-06,2.509260e-06,3.831776e-06,8.927177e-07,4.955478e-07,3.112620e-07,1.779637e-06,1.348449e-06,1.227977e-06,4.604671e-07,2.853946e-06,4.996563e-07
14.575200,3.170669e-06,2.743511e-06,1.562440e-05,9.511861e-06,3.408110e-05,5.704947e-06,1.038173e-05,5.083925e-06,7.459952e-06,8.204134e-06,5.260302e-06,3.028855e-06,2.812870e-06,4.339763e-06,2.469201e-06,3.413187e-06,8.749793e-07,5.083056e-07,2.866857e-07,1.732671e-06,1.157243e-06,1.093440e-06,4.148694e-07,2.585771e-06,5.260534e-07
14.599610,3.101678e-06,2.634011e-06,1.515977e-05,9.396353e-06,3.304992e-05,5.519210e-06,1.043759e-05,4.947922e-06,7.275065e-06,8.290128e-06,5.082381e-06,2.850291e-06,2.768607e-06,4.144441e-06,2.286633e-06,2.927739e-06,7.923776e-07,5.017053e-07,2.734090e-07,1.505628e-06,9.379820e-07,8.914173e-07,3.514340e-07,2.162372e-06,5.778314e-07
14.624020,3.054980e-06,2.521996e-06,1.464653e-05,9.248629e-06,3.193765e-05,5.328105e-06,1.021091e-05,4.820679e-06,7.115904e-06,8.115007e-06,4.800211e-06,2.764654e-06,2.653070e-06,3.949150e-06,2.268384e-06,2.826112e-06,7.356177e-07,5.141296e-07,3.472670e-07,1.163172e-06,6.925627e-07,6.971579e-07,2.733178e-07,1.793840e-06,6.160038e-07
14.648440,3.005701e-06,2.427106e-06,1.429503e-05,9.011176e-06,3.144807e-05,5.160182e-06,9.973860e-06,4.701839e-06,6.937739e-06,8.035374e-06,4.840949e-06,2.623407e-06,2.784815e-06,3.760343e-06,2.365407e-06,3.193308e-06,6.968551e-07,5.151560e-07,4.415452e-07,9.382563e-07,4.309375e-07,4.879161e-07,1.955633e-07,1.466402e-06,6.624470e-07
14.672850,2.966700e-06,2.337750e-06,1.388248e-05,8.900748e-06,3.077017e-05,5.038513e-06,9.819363e-06,4.512365e-06,6.827302e-06,7.784389e-06,4.830658e-06,2.465412e-06,3.033435e-06,3.988503e-06,2.270441e-06,3.073826e-06,6.288448e-07,4.703626e-07,4.798424e-07,1.159371e-06,2.136814e-07,3.085981e-07,1.313110e-07,1.339433e-06,6.567085e-07
14.697270,2.933684e-06,2.257653e-06,1.348144e-05,8.761912e-06,3.007903e-05,4.884954e-06,9.787219e-06,4.497544e-06,6.532701e-06,7.592545e-06,4.641205e-06,2.500028e-06,2.961852e-06,4.261726e-06,2.121932e-06,2.804170e-06,5.318517e-07,3.927165e-07,5.179052e-07,1.362892e-06,1.486323e-07,1.918488e-07,8.547214e-08,1.308752e-06,6.101753e-07
14.721680,2.925921e-06,2.170013e-06,1.304479e-05,8.603689e-06,2.966196e-05,4.644408e-06,9.772455e-06,4.474592e-06,6.407349e-06,7.568522e-06,4.586463e-06,2.476113e-06,2.776526e-06,4.033198e-06,2.021526e-06,3.281916e-06,4.972575e-07,3.549733e-07,5.929479e-07,1.525515e-06,1.999742e-07,2.161462e-07,7.036290e-08,1.195747e-06,5.029943e-07
14.746090,2.903853e-06,2.112212e-06,1.274553e-05,8.419811e-06,2.938978e-05,4.507427e-06,9.482145e-06,4.287021e-06,6.431601e-06,7.243256e-06,4.501260e-06,2.270250e-06,2.839015e-06,3.844191e-06,1.844156e-06,3.913670e-06,4.587883e-07,3.335727e-07,6.557810e-07,1.842591e-06,2.180428e-07,2.939297e-07,7.731093e-08,1.017963e-06,3.456841e-07
14.770510,2.880659e-06,2.058823e-06,1.252305e-05,8.201503e-06,2.915165e-05,4.413495e-06,9.271072e-06,4.217536e-06,6.192922e-06,6.946722e-06,4.467449e-06,2.129518e-06,2.865376e-06,4.100452e-06,1.685891e-06,4.073195e-06,3.491210e-07,2.982819e-07,6.619275e-07,2.341652e-06,2.666818e-07,3.203167e-07,8.804269e-08,7.015452e-07,1.710467e-07
14.794920,2.858246e-06,2.007746e-06,1.221458e-05,8.026285e-06,2.855852e-05,4.211678e-06,9.197424e-06,4.180665e-06,5.984465e-06,6.931642e-06,4.417647e-06,2.111013e-06,2.801682e-06,4.207572e-06,1.688849e-06,4.365060e-06,2.268637e-07,2.454649e-07,6.366963e-07,2.691570e-06,3.138322e-07,3.287327e-07,1.018569e-07,3.639320e-07,7.870381e-08
14.819340,2.802035e-06,1.981080e-06,1.205060e-05,7.706356e-06,2.823240e-05,4.082423e-06,8.869939e-06,4.079886e-06,5.911593e-06,6.774229e-06,4.144728e-06,2.057301e-06,2.762569e-06,4.151440e-06,1.618523e-06,4.688408e-06,2.057457e-07,2.174167e-07,6.105521e-07,2.808814e-06,3.721543e-07,3.487457e-07,1.066106e-07,6.196881e-08,1.973379e-07
14.843750,2.750674e-06,1.941843e-06,1.182854e-05,7.449402e-06,2.789579e-05,3.996640e-06,8.547097e-06,3.982996e-06,5.773785e-06,6.594815e-06,3.971853e-06,2.048381e-06,2.572168e-06,4.147051e-06,1.386824e-06,4.516737e-06,2.224192e-07,1.854429e-07,5.955258e-07,2.800146e-06,4.273315e-07,3.920841e-07,1.279803e-07,3.182619e-07,3.103794e-07
14.868160,2.692792e-06,1.898979e-06,1.161257e-05,7.276042e-06,2.700018e-05,3.912417e-06,8.303327e-06,3.826851e-06,5.657834e-06,6.480254e-06,4.013830e-06,2.007165e-06,2.338464e-06,3.953568e-06,1.339622e-06,4.349155e-06,2.314973e-07,1.269803e-07,5.648289e-07,2.890623e-06,4.933655e-07,4.418892e-07,1.564244e-07,6.332823e-07,4.120846e-07
14.892580,2.636650e-06,1.848526e-06,1.137772e-05,7.016526e-06,2.633330e-05,3.819570e-06,8.077048e-06,3.706644e-06,5.494050e-06,6.294051e-06,3.908840e-06,1.857863e-06,2.331209e-06,3.731702e-06,1.398040e-06,4.606336e-06,2.994758e-07,1.009180e-07,4.956101e-07,2.910693e-06,5.802520e-07,4.947121e-07,1.873500e-07,9.646504e-07,4.730041e-07
14.916990,2.555308e-06,1.807505e-06,1.116657e-05,6.771589e-06,2.566059e-05,3.658700e-06,7.882785e-06,3.708352e-06,5.276738e-06,6.274909e-06,3.721827e-06,1.884606e-06,2.356595e-06,3.763764e-06,1.355328e-06,4.754285e-06,3.505132e-07,1.395444e-07,4.291388e-07,2.752636e-06,6.460099e-07,5.396686e-07,2.102219e-07,1.255843e-06,5.014029e-07
14.941410,2.479291e-06,1.754439e-06,1.094663e-05,6.516478e-06,2.500885e-05,3.621661e-06,7.464236e-06,3.591952e-06,5.298044e-06,6.192487e-06,3.621513e-06,1.943859e-06,2.145079e-06,3.693912e-06,1.352175e-06,4.452008e-06,3.609551e-07,1.611894e-07,3.880364e-07,2.403928e-06,6.954512e-07,5.733724e-07,2.235816e-07,1.431235e-06,4.854160e-07
14.965820,2.412382e-06,1.692651e-06,1.058034e-05,6.338244e-06,2.414197e-05,3.547640e-06,7.252801e-06,3.441521e-06,5.246396e-06,5.857510e-06,3.515377e-06,1.853317e-06,1.922866e-06,3.273934e-06,1.380547e-06,4.023071e-06,3.865638e-07,1.639095e-07,3.647337e-07,2.072396e-06,6.950720e-07,5.993147e-07,2.317708e-07,1.535616e-06,4.219948e-07
14.990230,2.362159e-06,1.678210e-06,1.050532e-05,6.236672e-06,2.371338e-05,3.428435e-06,7.294499e-06,3.449637e-06,5.092850e-06,5.875103e-06,3.561376e-06,1.823388e-06,1.865650e-06,2.984158e-06,1.377715e-06,3.784945e-06,4.700572e-07,2.056750e-07,3.114011e-07,1.932789e-06,6.985020e-07,6.040956e-07,2.311501e-07,1.501654e-06,3.402767e-07
15.014650,2.325671e-06,1.651138e-06,1.036648e-05,6.121114e-06,2.367643e-05,3.365573e-06,7.097345e-06,3.392154e-06,5.067176e-06,5.984874e-06,3.579894e-06,1.844678e-06,1.763760e-06,2.939293e-06,1.415474e-06,3.565783e-06,5.267447e-07,2.461271e-07,2.362594e-07,1.745331e-06,6.832135e-07,5.896190e-07,2.298138e-07,1.440961e-06,2.606340e-07
15.039060,2.292621e-06,1.618162e-06,1.014505e-05,6.093377e-06,2.328165e-05,3.315020e-06,6.964435e-06,3.363460e-06,5.014410e-06,5.939408e-06,3.401916e-06,1.836550e-06,1.791254e-06,2.799545e-06,1.569445e-06,3.238752e-06,5.323234e-07,2.652885e-07,2.071187e-07,1.506840e-06,6.853830e-07,5.617921e-07,2.209668e-07,1.323635e-06,2.252777e-07
15.063480,2.266503e-06,1.582185e-06,9.975864e-06,5.978564e-06,2.301502e-05,3.279814e-06,6.937326e-06,3.303848e-06,4.985837e-06,5.961650e-06,3.370460e-06,1.858483e-06,1.865922e-06,2.772155e-06,1.605822e-06,3.085619e-06,5.335148e-07,2.890015e-07,2.077043e-07,1.235835e-06,6.645835e-07,5.360036e-07,2.116503e-07,1.212573e-06,2.513761e-07
15.087890,2.231739e-06,1.552293e-06,9.846943e-06,5.845046e-06,2.295186e-05,3.203148e-06,7.012161e-06,3.235715e-06,4.979123e-06,5.838946e-06,3.444860e-06,1.859160e-06,1.752390e-06,2.780818e-06,1.512116e-06,3.057455e-06,5.552701e-07,3.340570e-07,1.835175e-07,1.117610e-06,6.232436e-07,5.258067e-07,1.997563e-07,1.101415e-06,2.938046e-07
15.112300,2.194053e-06,1.522691e-06,9.808554e-06,5.712709e-06,2.273961e-05,3.118040e-06,7.040840e-06,3.313644e-06,4.824344e-06,5.809634e-06,3.367506e-06,1.760180e-06,1.747225e-06,2.519351e-06,1.506768e-06,2.614771e-06,5.401981e-07,3.591486e-07,1.653313e-07,1.125425e-06,5.711005e-07,5.089831e-07,1.925351e-07,9.726188e-07,3.332291e-07
15.136720,2.172136e-06,1.483800e-06,9.701818e-06,5.562224e-06,2.256054e-05,3.133190e-06,6.911024e-06,3.288457e-06,4.864730e-06,5.869786e-06,3.336833e-06,1.705394e-06,1.938888e-06,2.443418e-06,1.517247e-06,1.962034e-06,5.124502e-07,3.525947e-07,2.069085e-07,1.075819e-06,4.952722e-07,4.705406e-07,1.833194e-07,9.097584e-07,3.529247e-07
15.161130,2.132433e-06,1.459648e-06,9.689355e-06,5.421768e-06,2.221409e-05,3.085661e-06,6.979319e-06,3.197563e-06,4.931100e-06,5.660455e-06,3.291170e-06,1.797758e-06,2.048085e-06,2.670213e-06,1.469130e-06,1.855281e-06,5.086415e-07,3.338173e-07,2.526128e-07,9.477229e-07,4.193028e-07,3.994900e-07,1.711327e-07,9.266760e-07,3.664321e-07
15.185550,2.108965e-06,1.426101e-06,9.730485e-06,5.228063e-06,2.203707e-05,3.013256e-06,7.011839e-06,3.222065e-06,4.791772e-06,5.570657e-06,3.283110e-06,1.803262e-06,2.065604e-06,2.760810e-06,1.483583e-06,2.003742e-06,5.171406e-07,3.401567e-07,2.614627e-07,1.017161e-06,3.122666e-07,3.169594e-07,1.485698e-07,9.746644e-07,3.618077e-07
15.209960,2.087251e-06,1.391518e-06,9.720422e-06,5.118536e-06,2.166289e-05,3.032477e-06,6.833731e-06,3.215021e-06,4.742421e-06,5.655879e-06,3.372693e-06,1.704978e-06,2.111863e-06,2.733126e-06,1.466442e-06,1.992526e-06,4.870524e-07,3.385358e-07,2.790855e-07,1.189049e-06,1.883429e-07,1.946108e-07,1.174121e-07,1.020821e-06,3.233167e-07
15.234380,2.049658e-06,1.368232e-06,9.836232e-06,5.012765e-06,2.099822e-05,3.047983e-06,6.786950e-06,3.201099e-06,4.726706e-06,5.578388e-06,3.264939e-06,1.682395e-06,2.165513e-06,2.806368e-06,1.326057e-06,2.072209e-06,4.137303e-07,3.204669e-07,3.464465e-07,1.288448e-06,3.716819e-08,6.931229e-08,7.837853e-08,9.354020e-07,2.689409e-07
15.258790,2.008230e-06,1.345653e-06,9.942389e-06,4.840296e-06,2.071071e-05,3.058728e-06,6.776264e-06,3.165325e-06,4.687215e-06,5.543371e-06,3.110753e-06,1.620029e-06,2.206407e-06,2.918389e-06,1.214123e-06,2.218922e-06,3.384579e-07,3.008848e-07,4.034053e-07,1.235819e-06,1.111561e-07,1.016960e-07,4.814667e-08,8.028344e-07,1.895215e-07
15.283200,1.966165e-06,1.321846e-06,1.004958e-05,4.740336e-06,2.029217e-05,3.023682e-06,6.766414e-06,3.072514e-06,4.683545e-06,5.478708e-06,3.167424e-06,1.585553e-06,2.363176e-06,2.979664e-06,1.231506e-06,2.151482e-06,2.980689e-07,2.913015e-07,4.228517e-07,1.366484e-06,2.407212e-07,2.568018e-07,5.030513e-08,5.724648e-07,1.122014e-07
15.307620,1.935927e-06,1.290197e-06,1.009886e-05,4.666884e-06,1.981660e-05,2.998566e-06,6.678622e-06,3.086299e-06,4.548127e-06,5.408211e-06,3.182286e-06,1.635093e-06,2.416645e-06,3.189644e-06,1.206475e-06,2.232339e-06,2.552968e-07,2.667165e-07,4.291876e-07,1.631728e-06,3.384098e-07,4.139123e-07,8.644824e-08,3.713082e-07,9.124938e-08
15.332030,1.890813e-06,1.268494e-06,1.018078e-05,4.646552e-06,1.934093e-05,3.034933e-06,6.500503e-06,3.096222e-06,4.476988e-06,5.509313e-06,3.138688e-06,1.570705e-06,2.215445e-06,3.282013e-06,1.099080e-06,2.649146e-06,1.920184e-07,2.199628e-07,4.453047e-07,1.806127e-06,4.079201e-07,5.353905e-07,1.246042e-07,3.246916e-07,1.346042e-07
15.356450,1.857901e-06,1.239884e-06,1.029959e-05,4.616291e-06,1.883774e-05,2.971460e-06,6.565751e-06,2.993669e-06,4.583793e-06,5.424013e-06,3.098869e-06,1.484420e-06,2.185010e-06,3.074133e-06,1.088657e-06,2.929467e-06,1.626809e-07,1.615731e-07,4.666362e-07,1.844046e-06,4.398360e-07,6.084272e-07,1.558202e-07,5.283075e-07,1.994192e-07
15.380860,1.844270e-06,1.201647e-06,1.029104e-05,4.605492e-06,1.856232e-05,2.890684e-06,6.569988e-06,2.969912e-06,4.526838e-06,5.224990e-06,3.021649e-06,1.536708e-06,2.282827e-06,3.141324e-06,1.098139e-06,2.790869e-06,1.450185e-07,1.326977e-07,4.484712e-07,1.911771e-06,4.512927e-07,6.356457e-07,1.738479e-07,8.088053e-07,2.618404e-07
15.405270,1.820983e-06,1.177230e-06,1.032725e-05,4.638546e-06,1.814631e-05,2.868412e-06,6.426636e-06,2.953040e-06,4.443061e-06,5.257732e-06,3.073063e-06,1.557195e-06,2.267604e-06,3.332554e-06,1.093779e-06,2.671789e-06,9.995405e-08,1.141883e-07,4.112916e-07,2.100856e-06,4.262755e-07,6.182691e-07,1.784926e-07,1.091776e-06,3.146318e-07
15.429690,1.820667e-06,1.157627e-06,1.043144e-05,4.608652e-06,1.807346e-05,2.841166e-06,6.488166e-06,2.915556e-06,4.446327e-06,5.267623e-06,3.163106e-06,1.567485e-06,2.260290e-06,3.282565e-06,1.219764e-06,2.774188e-06,1.351752e-07,7.828681e-08,3.938806e-07,2.237565e-06,3.772275e-07,5.689163e-07,1.657006e-07,1.315613e-06,3.435482e-07
15.454100,1.820606e-06,1.140926e-06,1.045425e-05,4.587027e-06,1.823492e-05,2.808827e-06,6.613866e-06,2.909219e-06,4.389056e-06,5.248830e-06,3.046355e-06,1.597826e-06,2.219158e-06,3.180738e-06,1.320442e-06,2.770580e-06,2.247174e-07,5.919771e-08,3.932589e-07,2.183998e-06,3.226644e-07,5.012046e-07,1.478704e-07,1.409254e-06,3.494824e-07
15.478520,1.827230e-06,1.125398e-06,1.046081e-05,4.590272e-06,1.817075e-05,2.748650e-06,6.741670e-06,2.845196e-06,4.394995e-06,5.257793e-06,3.008727e-06,1.570473e-06,2.056389e-06,3.080511e-06,1.270470e-06,2.693929e-06,2.782602e-07,8.105117e-08,3.684544e-07,2.050341e-06,3.190817e-07,4.288940e-07,1.262385e-07,1.412811e-06,3.156528e-07
15.502930,1.821246e-06,1.121165e-06,1.044448e-05,4.547735e-06,1.824284e-05,2.707545e-06,6.790724e-06,2.850629e-06,4.354465e-06,5.161481e-06,3.078704e-06,1.581291e-06,2.016988e-06,2.857813e-06,1.330324e-06,2.773550e-06,3.043454e-07,1.001051e-07,3.118765e-07,1.930089e-06,3.637457e-07,3.928757e-07,1.159398e-07,1.260380e-06,2.641126e-07
15.527340,1.811536e-06,1.120451e-06,1.050762e-05,4.511980e-06,1.826230e-05,2.720124e-06,6.744001e-06,2.927853e-06,4.247674e-06,5.166330e-06,3.061329e-06,1.679226e-06,2.121240e-06,2.771434e-06,1.486590e-06,2.738533e-06,3.375293e-07,1.365405e-07,2.441378e-07,1.902312e-06,4.295367e-07,4.430686e-07,1.227168e-07,1.059585e-06,2.097999e-07
15.551760,1.799026e-06,1.116054e-06,1.046115e-05,4.465797e-06,1.828020e-05,2.666476e-06,6.864825e-06,2.878120e-06,4.332367e-06,5.174100e-06,3.048430e-06,1.673060e-06,2.049336e-06,2.890395e-06,1.540482e-06,2.394769e-06,3.720698e-07,1.983927e-07,2.094047e-07,1.746021e-06,4.918047e-07,5.381251e-07,1.459227e-07,8.065342e-07,1.815683e-07
15.576170,1.757171e-06,1.125224e-06,1.049744e-05,4.483917e-06,1.809941e-05,2.627057e-06,6.888661e-06,2.840713e-06,4.360402e-06,4.967343e-06,3.020507e-06,1.570519e-06,1.916943e-06,2.762565e-06,1.575796e-06,2.055700e-06,3.876644e-07,2.389356e-07,1.542970e-07,1.430163e-06,5.271053e-07,6.287005e-07,1.756572e-07,5.723181e-07,1.852272e-07
15.600590,1.721618e-06,1.124006e-06,1.057047e-05,4.459059e-06,1.784345e-05,2.657957e-06,6.744572e-06,2.876939e-06,4.251885e-06,4.909937e-06,3.004270e-06,1.577757e-06,1.925399e-06,2.523482e-06,1.610733e-06,2.105932e-06,3.964009e-07,2.553597e-07,8.175757e-08,1.119377e-06,5.493597e-07,6.876427e-07,2.014386e-07,4.761341e-07,2.062413e-07
15.625000,1.691028e-06,1.113840e-06,1.058292e-05,4.423847e-06,1.789219e-05,2.651226e-06,6.774491e-06,2.871178e-06,4.248001e-06,4.961509e-06,3.124396e-06,1.611039e-06,1.914514e-06,2.500937e-06,1.546564e-06,2.234667e-06,4.264838e-07,2.654756e-07,4.529187e-08,8.771984e-07,5.350408e-07,7.066922e-07,2.152907e-07,5.707445e-07,2.347252e-07
15.649410,1.662049e-06,1.100944e-06,1.061854e-05,4.480377e-06,1.768094e-05,2.634724e-06,6.772030e-06,2.874446e-06,4.245624e-06,4.887178e-06,3.128795e-06,1.590689e-06,1.955680e-06,2.476999e-06,1.477143e-06,2.119914e-06,4.514371e-07,2.909931e-07,1.026159e-07,6.949099e-07,5.026814e-07,6.711028e-07,2.133448e-07,8.280448e-07,2.611281e-07
15.673830,1.631629e-06,1.088265e-06,1.065368e-05,4.509236e-06,1.744623e-05,2.579259e-06,6.752905e-06,2.841865e-06,4.228614e-06,4.867739e-06,2.985065e-06,1.607954e-06,2.057676e-06,2.469676e-06,1.508823e-06,1.995773e-06,4.314092e-07,3.128542e-07,1.477989e-07,3.709453e-07,4.329509e-07,6.048624e-07,1.985492e-07,1.053833e-06,2.762588e-07
15.698240,1.606202e-06,1.072818e-06,1.070153e-05,4.536461e-06,1.734894e-05,2.571659e-06,6.613184e-06,2.778270e-06,4.247791e-06,4.804872e-06,2.974515e-06,1.554900e-06,1.995113e-06,2.564020e-06,1.505990e-06,2.019087e-06,3.823139e-07,3.165407e-07,1.881592e-07,1.842164e-07,3.393966e-07,4.996976e-07,1.694891e-07,1.216973e-06,2.800792e-07
15.722660,1.597796e-06,1.048302e-06,1.063650e-05,4.543414e-06,1.728940e-05,2.567380e-06,6.483943e-06,2.834016e-06,4.119197e-06,4.751985e-06,3.024655e-06,1.456384e-06,1.885383e-06,2.508614e-06,1.378778e-06,1.899783e-06,3.683616e-07,3.114124e-07,2.502759e-07,5.236130e-07,2.322044e-07,3.689661e-07,1.300580e-07,1.259318e-06,2.473713e-07
15.747070,1.573864e-06,1.038032e-06,1.053478e-05,4.530029e-06,1.735246e-05,2.480285e-06,6.574562e-06,2.820899e-06,4.105371e-06,4.863040e-06,3.009891e-06,1.484811e-06,2.018133e-06,2.350329e-06,1.283940e-06,1.896363e-06,3.552875e-07,3.192589e-07,3.243590e-07,7.565484e-07,1.244586e-07,2.181585e-07,8.503981e-08,1.162167e-06,1.968170e-07
15.771480,1.557852e-06,1.026990e-06,1.052234e-05,4.516881e-06,1.729133e-05,2.432265e-06,6.514153e-06,2.750118e-06,4.211638e-06,4.763836e-06,3.029583e-06,1.494804e-06,2.168793e-06,2.476274e-06,1.215193e-06,2.265470e-06,3.257535e-07,3.133323e-07,3.749057e-07,9.353139e-07,4.132616e-08,5.434997e-08,4.084794e-08,9.633224e-07,1.255769e-07
15.795900,1.554034e-06,1.012395e-06,1.037382e-05,4.434612e-06,1.739455e-05,2.421766e-06,6.391364e-06,2.765393e-06,4.151756e-06,4.622037e-06,2.975569e-06,1.408421e-06,2.099547e-06,2.671011e-06,1.110558e-06,2.430388e-06,2.912145e-07,2.780668e-07,3.953451e-07,1.178425e-06,4.607503e-08,1.138848e-07,2.265836e-08,6.919413e-07,6.247306e-08
15.820310,1.536131e-06,1.006669e-06,1.026679e-05,4.403594e-06,1.743720e-05,2.383179e-06,6.467750e-06,2.743649e-06,4.123779e-06,4.645629e-06,2.973817e-06,1.375478e-06,2.028139e-06,2.570759e-06,1.068538e-06,2.251763e-06,2.665351e-07,2.411961e-07,4.185417e-07,1.471740e-06,1.160620e-07,2.512487e-07,5.967024e-08,3.990787e-07,6.837973e-08
15.844730,1.515091e-06,1.002216e-06,1.022338e-05,4.370163e-06,1.718278e-05,2.355915e-06,6.521917e-06,2.727333e-06,4.106843e-06,4.610139e-06,3.099233e-06,1.394843e-06,2.007577e-06,2.479392e-06,1.042039e-06,2.255088e-06,2.360689e-07,2.287535e-07,4.489698e-07,1.705677e-06,1.848332e-07,3.451614e-07,9.848906e-08,2.772174e-07,1.207092e-07
15.869140,1.499613e-06,1.004481e-06,1.029596e-05,4.309186e-06,1.720424e-05,2.327652e-06,6.598040e-06,2.701442e-06,4.106665e-06,4.629351e-06,3.078341e-06,1.404755e-06,1.975182e-06,2.571424e-06,9.276983e-07,2.404095e-06,1.749887e-07,2.153485e-07,4.645917e-07,1.820229e-06,2.269514e-07,4.388599e-07,1.244970e-07,5.314153e-07,1.771855e-07
15.893550,1.496269e-06,1.004046e-06,1.045223e-05,4.302133e-06,1.717066e-05,2.344347e-06,6.607467e-06,2.667952e-06,4.173576e-06,4.624735e-06,3.041188e-06,1.462504e-06,2.098862e-06,2.605691e-06,8.436897e-07,2.421179e-06,1.127752e-07,1.869968e-07,4.435188e-07,1.908595e-06,2.603916e-07,5.136025e-07,1.460218e-07,8.468793e-07,2.281728e-07
15.917970,1.482778e-06,1.009701e-06,1.061274e-05,4.302565e-06,1.703972e-05,2.360251e-06,6.583246e-06,2.766165e-06,4.123006e-06,4.566980e-06,3.115243e-06,1.512185e-06,2.203638e-06,2.734026e-06,9.268701e-07,2.433565e-06,1.366560e-07,1.494987e-07,4.153194e-07,2.045016e-06,2.863471e-07,5.770557e-07,1.554482e-07,1.177411e-06,2.780971e-07
15.942380,1.479799e-06,1.010569e-06,1.089215e-05,4.335512e-06,1.689457e-05,2.324604e-06,6.705326e-06,2.845014e-06,4.110706e-06,4.647239e-06,3.156595e-06,1.471060e-06,2.099320e-06,2.858860e-06,9.754823e-07,2.589537e-06,1.579042e-07,1.290203e-07,4.129168e-07,2.183508e-06,3.169338e-07,6.043611e-07,1.639371e-07,1.420760e-06,3.073325e-07
15.966800,1.496193e-06,9.997421e-07,1.107403e-05,4.349814e-06,1.671549e-05,2.365572e-06,6.643313e-06,2.809472e-06,4.275669e-06,4.637565e-06,3.212975e-06,1.551061e-06,2.035311e-06,2.737088e-06,9.506839e-07,2.537999e-06,1.550831e-07,1.095184e-07,4.094387e-07,2.233533e-06,3.512985e-07,6.204545e-07,1.687028e-07,1.551375e-06,3.272295e-07
15.991210,1.500385e-06,1.001608e-06,1.125396e-05,4.389419e-06,1.666387e-05,2.418426e-06,6.564390e-06,2.858772e-06,4.296247e-06,4.463757e-06,3.222132e-06,1.687465e-06,2.157383e-06,2.575920e-06,1.005808e-06,2.252294e-06,1.899591e-07,6.834006e-08,3.943831e-07,2.152660e-06,3.676702e-07,6.307468e-07,1.703303e-07,1.564436e-06,3.289733e-07
16.015620,1.509381e-06,1.004199e-06,1.152017e-05,4.512374e-06,1.637178e-05,2.427351e-06,6.667020e-06,2.915771e-06,4.239178e-06,4.492360e-06,3.192938e-06,1.680640e-06,2.220056e-06,2.685742e-06,1.044282e-06,2.144292e-06,2.254146e-07,8.874005e-08,3.480768e-07,2.017847e-06,3.716678e-07,6.415383e-07,1.705496e-07,1.468921e-06,3.326917e-07
16.040040,1.522724e-06,1.005905e-06,1.166700e-05,4.569275e-06,1.615532e-05,2.429344e-06,6.707600e-06,2.937400e-06,4.292739e-06,4.540795e-06,3.333360e-06,1.681088e-06,2.174416e-06,2.789827e-06,1.081187e-06,2.259893e-06,2.387917e-07,1.396759e-07,3.089532e-07,1.960437e-06,3.611661e-07,6.494699e-07,1.729795e-07,1.289811e-06,3.479275e-07
16.064450,1.539983e-06,1.008589e-06,1.174654e-05,4.623977e-06,1.620621e-05,2.430481e-06,6.684383e-06,2.980516e-06,4.304380e-06,4.508287e-06,3.472298e-06,1.697545e-06,2.194829e-06,2.694451e-06,1.212751e-06,2.280850e-06,2.742567e-07,1.583190e-07,2.830584e-07,1.892898e-06,3.555473e-07,6.311009e-07,1.782231e-07,1.117399e-06,3.659630e-07
16.088870,1.542609e-06,1.021546e-06,1.176567e-05,4.700230e-06,1.616653e-05,2.472795e-06,6.598514e-06,2.941936e-06,4.388065e-06,4.526282e-06,3.388756e-06,1.682369e-06,2.127686e-06,2.705289e-06,1.311759e-06,2.097929e-06,3.339511e-07,1.773847e-07,2.469461e-07,1.713283e-06,3.536373e-07,6.000401e-07,1.806218e-07,8.923224e-07,3.847298e-07
16.113280,1.542600e-06,1.037113e-06,1.188660e-05,4.754707e-06,1.623823e-05,2.492553e-06,6.581529e-06,2.969205e-06,4.442607e-06,4.451952e-06,3.368066e-06,1.746097e-06,2.077627e-06,2.671964e-06,1.283310e-06,2.016330e-06,3.551030e-07,2.267799e-07,1.805732e-07,1.396705e-06,3.576518e-07,5.626111e-07,1.822050e-07,7.239824e-07,3.789729e-07
16.137700,1.549197e-06,1.044012e-06,1.191763e-05,4.823107e-06,1.625419e-05,2.461477e-06,6.752936e-06,3.059736e-06,4.369225e-06,4.481711e-06,3.428673e-06,1.799747e-06,2.255362e-06,2.561434e-06,1.248097e-06,1.914436e-06,3.463007e-07,2.603474e-07,1.118067e-07,1.137233e-06,3.564419e-07,5.392409e-07,1.759548e-07,6.055827e-07,3.562037e-07
16.162110,1.534037e-06,1.061108e-06,1.194581e-05,4.878289e-06,1.635481e-05,2.502827e-06,6.738387e-06,3.038268e-06,4.491325e-06,4.603629e-06,3.462922e-06,1.728838e-06,2.260858e-06,2.734576e-06,1.313515e-06,1.684188e-06,3.358160e-07,2.720724e-07,7.615472e-08,9.590445e-07,3.555044e-07,5.279670e-07,1.694304e-07,6.586337e-07,3.289897e-07
16.186520,1.525390e-06,1.070941e-06,1.213545e-05,5.002137e-06,1.632847e-05,2.531188e-06,6.738120e-06,3.045036e-06,4.623504e-06,4.518490e-06,3.554008e-06,1.692070e-06,2.098616e-06,2.832191e-06,1.312583e-06,1.680435e-06,3.435135e-07,2.950083e-07,5.400299e-08,7.813013e-07,3.559581e-07,5.191377e-07,1.619667e-07,7.895243e-07,2.919982e-07
16.210940,1.522027e-06,1.072759e-06,1.225196e-05,5.062057e-06,1.621499e-05,2.527243e-06,6.930451e-06,3.118275e-06,4.609768e-06,4.456496e-06,3.537011e-06,1.732552e-06,2.092136e-06,2.668427e-06,1.278289e-06,2.000010e-06,3.418797e-07,3.272072e-07,3.882590e-08,4.855618e-07,3.525674e-07,4.986276e-07,1.550924e-07,9.189194e-07,2.581050e-07
16.235350,1.515372e-06,1.073453e-06,1.238418e-05,5.065549e-06,1.639124e-05,2.529875e-06,7.050186e-06,3.129318e-06,4.677910e-06,4.525551e-06,3.526318e-06,1.712112e-06,2.151077e-06,2.632988e-06,1.285816e-06,2.085587e-06,3.248278e-07,3.383546e-07,1.147856e-07,1.861092e-07,3.242635e-07,4.694569e-07,1.471526e-07,9.658458e-07,2.126856e-07
16.259770,1.511036e-06,1.072075e-06,1.252678e-05,5.126077e-06,1.642514e-05,2.524115e-06,7.150827e-06,3.144553e-06,4.740976e-06,4.516345e-06,3.698672e-06,1.654872e-06,2.190479e-06,2.734649e-06,1.207377e-06,1.869158e-06,3.167941e-07,3.214071e-07,1.932347e-07,2.287181e-07,2.724846e-07,4.163845e-07,1.356240e-07,9.204882e-07,1.623097e-07
16.284180,1.512148e-06,1.070708e-06,1.267385e-05,5.153531e-06,1.636017e-05,2.551292e-06,7.139012e-06,3.113377e-06,4.765571e-06,4.547480e-06,3.761415e-06,1.642535e-06,2.270306e-06,2.757291e-06,1.100220e-06,1.874343e-06,3.128426e-07,3.000819e-07,2.465204e-07,3.999540e-07,1.982276e-07,3.644070e-07,1.189109e-07,8.097241e-07,1.212121e-07
16.308590,1.531901e-06,1.060240e-06,1.277529e-05,5.163554e-06,1.635082e-05,2.522459e-06,7.212039e-06,3.091323e-06,4.870913e-06,4.553568e-06,3.695142e-06,1.581216e-06,2.265309e-06,2.765650e-06,1.123530e-06,2.054199e-06,2.760132e-07,2.965572e-07,2.932841e-07,5.368008e-07,1.270420e-07,2.849904e-07,9.966550e-08,6.613537e-07,1.095634e-07
16.333010,1.524781e-06,1.051538e-06,1.261979e-05,5.118667e-06,1.612859e-05,2.455164e-06,7.275261e-06,3.184170e-06,4.781900e-06,4.452524e-06,3.724464e-06,1.573815e-06,2.096470e-06,2.748516e-06,1.120902e-06,2.108923e-06,2.132697e-07,2.835348e-07,3.486524e-07,8.102726e-07,9.987307e-08,2.387242e-07,7.254731e-08,4.725700e-07,1.222511e-07
16.357420,1.514728e-06,1.042347e-06,1.252169e-05,5.048893e-06,1.586531e-05,2.443863e-06,7.093948e-06,3.158181e-06,4.798056e-06,4.488358e-06,3.724946e-06,1.635139e-06,2.095036e-06,2.531384e-06,1.011796e-06,2.160411e-06,1.828070e-07,2.494177e-07,4.045810e-07,1.117055e-06,1.527829e-07,2.756506e-07,5.333042e-08,3.136941e-07,1.150777e-07
16.381840,1.527412e-06,1.021856e-06,1.236806e-05,5.010117e-06,1.540934e-05,2.389182e-06,7.009434e-06,3.074326e-06,4.961726e-06,4.383369e-06,3.710979e-06,1.569247e-06,2.252043e-06,2.438829e-06,9.335516e-07,2.284008e-06,1.822898e-07,2.191545e-07,4.260616e-07,1.341408e-06,2.225312e-07,3.880313e-07,5.108968e-08,1.838717e-07,9.534112e-08
16.406250,1.533096e-06,1.011959e-06,1.208501e-05,4.898506e-06,1.502116e-05,2.294934e-06,7.066131e-06,3.062958e-06,4.927506e-06,4.197518e-06,3.713344e-06,1.500770e-06,2.203051e-06,2.632774e-06,9.272707e-07,2.204129e-06,1.647854e-07,2.000649e-07,4.064059e-07,1.440466e-06,2.882681e-07,4.983142e-07,7.407557e-08,2.645054e-07,5.298635e-08
16.430660,1.538612e-06,1.008326e-06,1.194346e-05,4.824686e-06,1.479391e-05,2.232193e-06,6.975599e-06,3.034149e-06,4.874194e-06,4.184616e-06,3.558203e-06,1.573005e-06,2.118047e-06,2.646852e-06,9.026923e-07,1.939667e-06,1.373623e-07,1.698237e-07,3.992185e-07,1.571226e-06,3.268623e-07,6.008535e-07,1.016421e-07,4.309952e-07,3.953377e-08
16.455080,1.543215e-06,1.010036e-06,1.187180e-05,4.828118e-06,1.429198e-05,2.179631e-06,6.864121e-06,3.017604e-06,4.848144e-06,4.172412e-06,3.558696e-06,1.618986e-06,2.159362e-06,2.487055e-06,9.311423e-07,1.919315e-06,1.371646e-07,1.171322e-07,4.166265e-07,1.779729e-06,3.504233e-07,6.624017e-07,1.289676e-07,5.710131e-07,9.166451e-08
16.479490,1.555048e-06,1.008906e-06,1.186607e-05,4.793973e-06,1.387117e-05,2.164906e-06,6.752295e-06,2.959693e-06,4.824427e-06,4.161851e-06,3.684581e-06,1.629648e-06,2.149864e-06,2.465913e-06,9.816413e-07,2.048353e-06,1.385392e-07,8.813513e-08,4.150021e-07,1.918281e-06,3.373410e-07,7.046575e-07,1.441773e-07,6.462961e-07,1.550720e-07
16.503910,1.550381e-06,1.017510e-06,1.175786e-05,4.817660e-06,1.350059e-05,2.132791e-06,6.681950e-06,2.876160e-06,4.876919e-06,4.109808e-06,3.616384e-06,1.649598e-06,2.193364e-06,2.450560e-06,9.306321e-07,1.987551e-06,1.384356e-07,1.004013e-07,3.784543e-07,1.944983e-06,3.226180e-07,6.884575e-07,1.531410e-07,7.152555e-07,2.224648e-07
16.528320,1.544034e-06,1.028791e-06,1.180009e-05,4.861235e-06,1.310289e-05,2.092653e-06,6.697342e-06,2.898255e-06,4.814795e-06,3.989768e-06,3.510301e-06,1.590773e-06,2.274227e-06,2.413618e-06,8.777816e-07,1.782910e-06,1.762925e-07,1.037305e-07,3.428773e-07,1.871972e-06,3.167957e-07,6.548147e-07,1.485386e-07,7.631260e-07,2.866155e-07
16.552730,1.549564e-06,1.027037e-06,1.185546e-05,4.926046e-06,1.274187e-05,2.125854e-06,6.504036e-06,2.918370e-06,4.689280e-06,3.978932e-06,3.455985e-06,1.545051e-06,2.185030e-06,2.494438e-06,9.553305e-07,1.736621e-06,2.293822e-07,1.030030e-07,3.252246e-07,1.806186e-06,3.359332e-07,5.881708e-07,1.401828e-07,8.079021e-07,3.475803e-07
16.577150,1.533537e-06,1.037548e-06,1.178198e-05,4.925689e-06,1.244291e-05,2.125648e-06,6.349655e-06,2.823959e-06,4.775499e-06,4.009533e-06,3.408640e-06,1.610175e-06,2.024030e-06,2.471628e-06,1.015176e-06,1.646497e-06,2.466752e-07,1.327111e-07,3.052112e-07,1.792799e-06,3.703709e-07,5.377415e-07,1.240694e-07,8.528497e-07,3.764517e-07
16.601560,1.517044e-06,1.045873e-06,1.184124e-05,4.902038e-06,1.246453e-05,2.100922e-06,6.340841e-06,2.817432e-06,4.807174e-06,3.855334e-06,3.418204e-06,1.599521e-06,2.069376e-06,2.271963e-06,9.985776e-07,1.502292e-06,2.400772e-07,1.589347e-07,2.465153e-07,1.692370e-06,4.008095e-07,5.369566e-07,1.119375e-07,8.512927e-07,3.896169e-07
16.625980,1.507329e-06,1.048768e-06,1.184214e-05,4.972525e-06,1.229423e-05,2.092258e-06,6.188302e-06,2.840705e-06,4.703568e-06,3.757518e-06,3.367271e-06,1.501434e-06,2.123958e-06,2.249563e-06,1.019741e-06,1.588900e-06,2.463872e-07,1.675067e-07,1.870834e-07,1.460466e-06,4.360175e-07,5.751395e-07,1.082739e-07,8.328755e-07,3.714276e-07
16.650390,1.493506e-06,1.047763e-06,1.176881e-05,4.956261e-06,1.217802e-05,2.074919e-06,6.036470e-06,2.803543e-06,4.748479e-06,3.757202e-06,3.237786e-06,1.496367e-06,2.011451e-06,2.352816e-06,1.018582e-06,1.749458e-06,2.656414e-07,1.902695e-07,1.437319e-07,1.158397e-06,4.572147e-07,6.358427e-07,1.161869e-07,8.076780e-07,3.364391e-07
16.674800,1.468431e-06,1.048534e-06,1.160434e-05,4.915929e-06,1.218908e-05,2.069520e-06,5.870019e-06,2.787263e-06,4.740166e-06,3.662320e-06,3.279206e-06,1.484094e-06,1.924003e-06,2.268379e-06,9.851962e-07,1.666254e-06,2.695731e-07,2.315522e-07,1.169265e-07,8.950598e-07,4.744029e-07,6.650008e-07,1.348675e-07,7.842532e-07,2.933017e-07
16.699220,1.444679e-06,1.047312e-06,1.147328e-05,4.880510e-06,1.212240e-05,2.012573e-06,5.822699e-06,2.706090e-06,4.731245e-06,3.631832e-06,3.349654e-06,1.442775e-06,1.821677e-06,2.159868e-06,1.005509e-06,1.489091e-06,2.647979e-07,2.516398e-07,7.556666e-08,7.267312e-07,4.600058e-07,6.857805e-07,1.496552e-07,7.682071e-07,2.500345e-07
16.723630,1.437888e-06,1.030348e-06,1.132118e-05,4.852915e-06,1.205024e-05,1.974209e-06,5.817366e-06,2.688470e-06,4.770674e-06,3.567502e-06,3.228540e-06,1.438219e-06,1.689631e-06,2.118008e-06,1.037886e-06,1.513826e-06,2.744483e-07,2.472183e-07,4.177593e-08,4.814396e-07,4.242735e-07,6.685013e-07,1.595532e-07,6.996726e-07,2.038373e-07
16.748050,1.411194e-06,1.026195e-06,1.099651e-05,4.817169e-06,1.188290e-05,1.970754e-06,5.652534e-06,2.759409e-06,4.643011e-06,3.483064e-06,3.197090e-06,1.374616e-06,1.740700e-06,2.010858e-06,9.803326e-07,1.576782e-06,2.740440e-07,2.424002e-07,9.026549e-08,1.781992e-07,3.581890e-07,6.229613e-07,1.556861e-07,6.188023e-07,1.622243e-07
16.772460,1.384523e-06,1.022725e-06,1.086659e-05,4.738140e-06,1.180725e-05,1.901572e-06,5.671552e-06,2.710755e-06,4.703209e-06,3.538999e-06,3.194295e-06,1.287504e-06,1.793933e-06,1.963609e-06,9.000365e-07,1.563176e-06,2.452539e-07,2.499865e-07,1.391852e-07,1.371653e-07,2.914758e-07,5.314563e-07,1.436898e-07,4.712729e-07,1.255722e-07
16.796880,1.365004e-06,1.012150e-06,1.072595e-05,4.768039e-06,1.166246e-05,1.838645e-06,5.743872e-06,2.652421e-06,4.878739e-06,3.454357e-06,3.169742e-06,1.315235e-06,1.662220e-06,2.036944e-06,9.147218e-07,1.603168e-06,2.084063e-07,2.506335e-07,1.740090e-07,3.000429e-07,2.195593e-07,4.133992e-07,1.236791e-07,3.444775e-07,1.211371e-07
16.821290,1.347538e-06,1.004886e-06,1.053782e-05,4.805357e-06,1.135440e-05,1.796703e-06,5.702954e-06,2.642575e-06,4.852013e-06,3.333349e-06,3.229256e-06,1.346286e-06,1.584555e-06,1.932646e-06,9.063780e-07,1.689587e-06,2.037893e-07,2.309937e-07,2.181662e-07,4.076696e-07,1.464685e-07,2.663719e-07,9.765499e-08,2.437864e-07,1.387464e-07
16.845700,1.324921e-06,9.979822e-07,1.035715e-05,4.800358e-06,1.122920e-05,1.764539e-06,5.675311e-06,2.612604e-06,4.841834e-06,3.349970e-06,3.128720e-06,1.293151e-06,1.645937e-06,1.715708e-06,8.631762e-07,1.596358e-06,2.006222e-07,2.169173e-07,2.767429e-07,5.888137e-07,7.654729e-08,1.456638e-07,6.873370e-08,1.758486e-07,1.644655e-07
16.870120,1.299505e-06,9.931054e-07,1.024733e-05,4.845341e-06,1.107968e-05,1.747752e-06,5.645493e-06,2.603319e-06,4.836043e-06,3.355193e-06,3.039117e-06,1.259114e-06,1.674948e-06,1.684498e-06,8.722949e-07,1.417897e-06,1.755332e-07,2.125223e-07,3.195821e-07,7.980967e-07,1.994547e-08,1.292698e-07,5.062493e-08,1.175087e-07,1.699058e-07
16.894530,1.282901e-06,9.788911e-07,1.022188e-05,4.853076e-06,1.094423e-05,1.696337e-06,5.728239e-06,2.511614e-06,4.857457e-06,3.378546e-06,3.144217e-06,1.281786e-06,1.695184e-06,1.706541e-06,8.299676e-07,1.416686e-06,1.515843e-07,1.948171e-07,3.304836e-07,9.838190e-07,6.115093e-08,2.250844e-07,5.657289e-08,4.063504e-08,1.609115e-07
16.918950,1.250407e-06,9.734012e-07,1.010973e-05,4.847066e-06,1.088226e-05,1.685564e-06,5.763093e-06,2.449866e-06,4.962365e-06,3.347337e-06,3.145119e-06,1.284086e-06,1.738340e-06,1.678230e-06,7.553441e-07,1.494039e-06,1.434187e-07,1.564194e-07,3.271654e-07,1.075612e-06,1.089428e-07,3.248771e-07,7.766927e-08,7.148351e-08,1.440778e-07
16.943360,1.221007e-06,9.670500e-07,1.013825e-05,4.791637e-06,1.086321e-05,1.689377e-06,5.628457e-06,2.492786e-06,4.855509e-06,3.256461e-06,3.076807e-06,1.341370e-06,1.708338e-06,1.686956e-06,7.977173e-07,1.391532e-06,1.199056e-07,1.276740e-07,3.391554e-07,1.179797e-06,1.429252e-07,4.043444e-07,1.003959e-07,1.759838e-07,1.352967e-07
16.967770,1.203310e-06,9.488903e-07,1.020474e-05,4.765780e-06,1.089032e-05,1.649118e-06,5.630666e-06,2.447852e-06,4.802629e-06,3.319479e-06,3.046066e-06,1.371447e-06,1.732066e-06,1.663956e-06,8.654498e-07,1.241093e-06,9.985369e-08,1.181978e-07,3.558942e-07,1.310775e-06,1.709732e-07,4.695449e-07,1.154867e-07,3.005011e-07,1.494695e-07
16.992190,1.180544e-06,9.341945e-07,1.018224e-05,4.759061e-06,1.072752e-05,1.632992e-06,5.594862e-06,2.371196e-06,4.944189e-06,3.336570e-06,2.961527e-06,1.303249e-06,1.909684e-06,1.602480e-06,8.504976e-07,1.183690e-06,1.159254e-07,1.051083e-07,3.474179e-07,1.464377e-06,2.020671e-07,5.002911e-07,1.262306e-07,4.240807e-07,1.945601e-07
17.016600,1.159200e-06,9.198441e-07,1.023619e-05,4.648443e-06,1.064523e-05,1.624521e-06,5.437403e-06,2.367181e-06,4.908339e-06,3.221147e-06,2.981460e-06,1.309386e-06,1.983495e-06,1.666880e-06,8.139327e-07,1.074711e-06,1.425992e-07,8.168947e-08,3.262097e-07,1.554415e-06,2.364464e-07,5.082030e-07,1.276504e-07,6.052469e-07,2.454839e-07
17.041020,1.143539e-06,9.049115e-07,1.031174e-05,4.549695e-06,1.066989e-05,1.613352e-06,5.316277e-06,2.354622e-06,4.840301e-06,3.199020e-06,2.968545e-06,1.353637e-06,1.887385e-06,1.788414e-06,8.324858e-07,9.487043e-07,1.449969e-07,7.785938e-08,3.085081e-07,1.555123e-06,2.604853e-07,5.125267e-07,1.261246e-07,7.798336e-07,3.045898e-07
17.065430,1.137398e-06,8.849197e-07,1.041407e-05,4.471748e-06,1.054032e-05,1.591221e-06,5.189725e-06,2.358809e-06,4.841242e-06,3.185363e-06,2.831175e-06,1.311682e-06,1.898437e-06,1.738651e-06,8.398734e-07,9.846420e-07,1.375883e-07,7.837026e-08,3.093833e-07,1.528512e-06,2.751140e-07,5.189817e-07,1.214199e-07,9.511302e-07,3.544996e-07
17.089840,1.122865e-06,8.707626e-07,1.041488e-05,4.366376e-06,1.039889e-05,1.549421e-06,5.143618e-06,2.309375e-06,4.807200e-06,3.152900e-06,2.844535e-06,1.287905e-06,1.958132e-06,1.668032e-06,8.443752e-07,1.056384e-06,1.514882e-07,7.324898e-08,2.944538e-07,1.551381e-06,2.771564e-07,5.460441e-07,1.153710e-07,1.067420e-06,3.802830e-07
17.114260,1.107836e-06,8.643756e-07,1.042533e-05,4.284773e-06,1.021997e-05,1.542927e-06,5.061214e-06,2.239096e-06,4.867794e-06,3.134605e-06,2.903620e-06,1.267137e-06,1.946522e-06,1.747316e-06,9.001545e-07,9.617033e-07,1.660195e-07,8.041348e-08,2.549896e-07,1.573958e-06,2.825674e-07,5.536061e-07,1.170645e-07,1.123666e-06,3.802321e-07
17.138670,1.110570e-06,8.468543e-07,1.050346e-05,4.201900e-06,1.003311e-05,1.525587e-06,4.930570e-06,2.295121e-06,4.792867e-06,3.034310e-06,2.840107e-06,1.206645e-06,1.996077e-06,1.742439e-06,8.945459e-07,8.526047e-07,1.697800e-07,1.095830e-07,2.088815e-07,1.470846e-06,2.835250e-07,5.605999e-07,1.231322e-07,1.119207e-06,3.530274e-07
17.163090,1.104576e-06,8.358813e-07,1.039627e-05,4.175612e-06,9.791602e-06,1.468470e-06,4.980076e-06,2.321798e-06,4.637006e-06,3.023835e-06,2.804554e-06,1.214600e-06,1.973167e-06,1.738576e-06,8.318046e-07,9.539074e-07,1.792954e-07,1.316091e-07,1.814412e-07,1.279206e-06,2.747877e-07,5.380894e-07,1.356531e-07,1.063081e-06,3.034607e-07
17.187500,1.095735e-06,8.314039e-07,1.031760e-05,4.133235e-06,9.453239e-06,1.441471e-06,5.005704e-06,2.280270e-06,4.746302e-06,3.077114e-06,2.759597e-06,1.225797e-06,1.784553e-06,1.766067e-06,8.684465e-07,1.075430e-06,2.030689e-07,1.329085e-07,1.514185e-07,1.088002e-06,2.603269e-07,5.199630e-07,1.414342e-07,9.669723e-07,2.417191e-07
17.211910,1.084858e-06,8.280596e-07,1.029556e-05,4.059924e-06,9.309089e-06,1.424948e-06,4.908167e-06,2.277171e-06,4.822270e-06,2.978901e-06,2.737702e-06,1.125098e-06,1.725430e-06,1.657819e-06,9.325307e-07,1.132196e-06,2.070229e-07,1.380942e-07,1.128000e-07,9.358865e-07,2.483005e-07,4.953246e-07,1.456593e-07,8.417081e-07,1.738792e-07
17.236330,1.072853e-06,8.249835e-07,1.026562e-05,4.064237e-06,9.132525e-06,1.411524e-06,4.886672e-06,2.263465e-06,4.764161e-06,2.889871e-06,2.796991e-06,1.058674e-06,1.771143e-06,1.548174e-06,9.037610e-07,1.227920e-06,1.889226e-07,1.512336e-07,5.182499e-08,7.712523e-07,2.471581e-07,4.608698e-07,1.426984e-07,6.587090e-07,1.117106e-07
17.260740,1.053443e-06,8.242499e-07,1.019746e-05,4.025080e-06,8.920872e-06,1.404191e-06,4.883249e-06,2.246269e-06,4.747807e-06,2.883872e-06,2.728480e-06,1.070609e-06,1.705946e-06,1.586746e-06,8.893090e-07,1.329339e-06,1.822918e-07,1.569794e-07,4.003208e-09,5.429229e-07,2.509362e-07,4.194088e-07,1.362711e-07,4.735427e-07,8.400192e-08
17.285160,1.033212e-06,8.265798e-07,1.013347e-05,3.968137e-06,8.865625e-06,1.383628e-06,4.929339e-06,2.218444e-06,4.712786e-06,2.876231e-06,2.619339e-06,1.043161e-06,1.646992e-06,1.588525e-06,8.957975e-07,1.277498e-06,1.939622e-07,1.514667e-07,3.303316e-08,2.546866e-07,2.523754e-07,3.795502e-07,1.275169e-07,3.099559e-07,1.288769e-07
17.309570,1.041454e-06,8.294455e-07,1.030870e-05,3.979263e-06,8.959672e-06,1.416785e-06,4.996806e-06,2.175653e-06,4.808740e-06,2.935523e-06,2.700656e-06,1.027533e-06,1.637712e-06,1.524127e-06,8.710677e-07,1.281191e-06,1.978967e-07,1.589309e-07,7.707121e-08,6.798519e-08,2.344979e-07,3.548883e-07,1.164677e-07,3.046459e-07,1.954860e-07
17.333980,1.038391e-06,8.361414e-07,1.036048e-05,4.008025e-06,9.049110e-06,1.436586e-06,4.957994e-06,2.197031e-06,4.947495e-06,2.953306e-06,2.761140e-06,1.011970e-06,1.576184e-06,1.482624e-06,9.083439e-07,1.428055e-06,1.858868e-07,1.728962e-07,1.373306e-07,1.446818e-07,2.109128e-07,3.266897e-07,1.009574e-07,4.213002e-07,2.542162e-07
17.358400,1.034386e-06,8.461454e-07,1.043845e-05,4.027224e-06,9.050549e-06,1.431038e-06,5.036692e-06,2.265526e-06,4.905230e-06,2.932009e-06,2.773138e-06,9.635185e-07,1.624097e-06,1.411108e-06,9.814401e-07,1.539616e-06,1.784812e-07,1.725404e-07,1.910988e-07,2.530663e-07,1.682551e-07,2.999430e-07,8.507524e-08,5.161313e-07,2.869373e-07
17.382810,1.040910e-06,8.475831e-07,1.060351e-05,3.972187e-06,9.154201e-06,1.458676e-06,5.037001e-06,2.236661e-06,4.980722e-06,3.042306e-06,2.794097e-06,9.803238e-07,1.766602e-06,1.310852e-06,9.627186e-07,1.514530e-06,1.753215e-07,1.530959e-07,2.217603e-07,4.624517e-07,1.305421e-07,2.474658e-07,6.708436e-08,5.704469e-07,2.909892e-07
17.407230,1.048835e-06,8.493863e-07,1.066548e-05,3.977191e-06,9.315113e-06,1.479013e-06,4.968590e-06,2.236671e-06,5.190593e-06,3.098260e-06,2.776504e-06,1.051466e-06,1.731166e-06,1.357704e-06,9.107592e-07,1.460253e-06,1.549959e-07,1.421835e-07,2.374884e-07,6.852984e-07,9.791796e-08,1.893032e-07,4.867958e-08,5.366503e-07,2.620839e-07
17.431640,1.057386e-06,8.521913e-07,1.068278e-05,4.022046e-06,9.287816e-06,1.490597e-06,4.986047e-06,2.287950e-06,5.186825e-06,3.053462e-06,2.790949e-06,1.043125e-06,1.652295e-06,1.396525e-06,9.289373e-07,1.458558e-06,1.323126e-07,1.418526e-07,2.602289e-07,8.538259e-07,1.089057e-07,1.561412e-07,2.670469e-08,4.807102e-07,2.203221e-07
17.456050,1.065345e-06,8.599222e-07,1.063669e-05,4.027879e-06,9.320270e-06,1.496320e-06,5.005919e-06,2.316954e-06,5.212775e-06,3.110917e-06,2.864829e-06,1.033889e-06,1.784272e-06,1.281933e-06,9.495323e-07,1.402100e-06,1.425420e-07,1.377878e-07,2.843323e-07,9.470222e-07,1.525459e-07,1.877346e-07,1.026690e-08,3.811171e-07,1.676488e-07
17.480470,1.085860e-06,8.606189e-07,1.063843e-05,4.073652e-06,9.352274e-06,1.493729e-06,5.082050e-06,2.364300e-06,5.269823e-06,3.146986e-06,2.804200e-06,1.080775e-06,1.912897e-06,1.252479e-06,9.553350e-07,1.269437e-06,1.589634e-07,1.205687e-07,2.964785e-07,1.074180e-06,2.072548e-07,2.628454e-07,3.254769e-08,2.908731e-07,1.436080e-07
17.504880,1.095297e-06,8.668384e-07,1.054115e-05,4.129979e-06,9.349727e-06,1.515924e-06,5.107566e-06,2.335518e-06,5.293898e-06,3.179389e-06,2.779188e-06,1.102116e-06,1.974071e-06,1.349007e-06,1.005678e-06,1.225838e-06,1.501380e-07,1.110913e-07,2.870911e-07,1.266155e-06,2.455640e-07,3.555555e-07,6.375345e-08,3.430273e-07,1.768882e-07
17.529300,1.100608e-06,8.843903e-07,1.039771e-05,4.197739e-06,9.378284e-06,1.513037e-06,5.122005e-06,2.333497e-06,5.426815e-06,3.221845e-06,2.887911e-06,1.119794e-06,2.042379e-06,1.399491e-06,1.002062e-06,1.245045e-06,1.436530e-07,1.082150e-07,2.729318e-07,1.410907e-06,2.761109e-07,4.383592e-07,9.081269e-08,5.406159e-07,2.438956e-07
17.553710,1.110758e-06,8.937786e-07,1.042828e-05,4.223606e-06,9.418003e-06,1.487983e-06,5.306818e-06,2.440739e-06,5.373256e-06,3.174812e-06,2.907575e-06,1.149602e-06,2.017951e-06,1.424688e-06,9.167318e-07,1.048970e-06,1.636908e-07,9.168594e-08,2.692511e-07,1.492109e-06,2.886870e-07,4.974464e-07,1.178865e-07,7.873410e-07,3.228228e-07
17.578120,1.114773e-06,9.065632e-07,1.038741e-05,4.241809e-06,9.638899e-06,1.502764e-06,5.395731e-06,2.476693e-06,5.287182e-06,3.233663e-06,2.925747e-06,1.118652e-06,1.989899e-06,1.469765e-06,9.252273e-07,8.285400e-07,1.770677e-07,7.340947e-08,2.686151e-07,1.486365e-06,2.938314e-07,5.262180e-07,1.368049e-07,1.005347e-06,3.877932e-07
17.602540,1.120347e-06,9.186679e-07,1.033770e-05,4.318746e-06,9.735052e-06,1.512600e-06,5.406915e-06,2.465434e-06,5.499262e-06,3.346600e-06,2.954620e-06,1.117671e-06,2.144688e-06,1.448000e-06,9.851855e-07,8.501637e-07,1.842132e-07,9.267556e-08,2.565637e-07,1.520048e-06,2.978866e-07,5.200381e-07,1.526104e-07,1.190576e-06,4.292546e-07
17.626950,1.128837e-06,9.287589e-07,1.033986e-05,4.308501e-06,9.807772e-06,1.521355e-06,5.535819e-06,2.503834e-06,5.625588e-06,3.284881e-06,2.948200e-06,1.196535e-06,2.260148e-06,1.482350e-06,9.566247e-07,8.601380e-07,2.047143e-07,1.169457e-07,2.213908e-07,1.567647e-06,3.058736e-07,4.931429e-07,1.573463e-07,1.280059e-06,4.294489e-07
17.651370,1.146736e-06,9.333337e-07,1.039552e-05,4.284460e-06,1.005267e-05,1.524853e-06,5.636508e-06,2.526288e-06,5.598381e-06,3.245467e-06,3.060550e-06,1.219776e-06,2.159829e-06,1.626030e-06,8.860222e-07,8.613699e-07,2.324571e-07,1.221480e-07,1.992483e-07,1.551003e-06,3.165151e-07,4.543013e-07,1.557170e-07,1.336601e-06,4.079400e-07
17.675780,1.159774e-06,9.394736e-07,1.046435e-05,4.291306e-06,1.018956e-05,1.520967e-06,5.768766e-06,2.554689e-06,5.643199e-06,3.304717e-06,3.121292e-06,1.173222e-06,2.046443e-06,1.652275e-06,8.832505e-07,9.907857e-07,2.349841e-07,1.308723e-07,1.837989e-07,1.413490e-06,3.288705e-07,4.164919e-07,1.459933e-07,1.304080e-06,3.559660e-07
17.700200,1.170113e-06,9.548984e-07,1.048329e-05,4.266856e-06,1.027995e-05,1.538589e-06,5.777681e-06,2.546948e-06,5.640547e-06,3.342067e-06,3.034439e-06,1.182568e-06,2.046735e-06,1.553277e-06,8.731344e-07,1.103647e-06,2.120928e-07,1.491485e-07,1.623485e-07,1.224169e-06,3.650251e-07,4.030095e-07,1.308378e-07,1.230303e-06,3.057616e-07
17.724610,1.199637e-06,9.568446e-07,1.066330e-05,4.221485e-06,1.034082e-05,1.523919e-06,5.740522e-06,2.492995e-06,5.744345e-06,3.421869e-06,3.055657e-06,1.199956e-06,2.007431e-06,1.532074e-06,8.742249e-07,1.090708e-06,2.084729e-07,1.632576e-07,1.188360e-07,1.069884e-06,3.888411e-07,3.968244e-07,1.182179e-07,1.090565e-06,2.469924e-07
17.749020,1.216282e-06,9.667294e-07,1.070690e-05,4.145328e-06,1.046748e-05,1.513073e-06,5.824266e-06,2.556693e-06,5.833730e-06,3.419281e-06,3.158413e-06,1.198687e-06,1.986110e-06,1.569436e-06,9.281755e-07,1.242807e-06,2.237436e-07,1.637020e-07,7.528683e-08,9.197148e-07,4.034050e-07,4.014607e-07,1.090188e-07,8.810947e-07,2.008797e-07
17.773440,1.224860e-06,9.877251e-07,1.068684e-05,4.147575e-06,1.057534e-05,1.543380e-06,5.787175e-06,2.602874e-06,5.704122e-06,3.394901e-06,3.175426e-06,1.240014e-06,1.994131e-06,1.563486e-06,9.197598e-07,1.527259e-06,2.169117e-07,1.739401e-07,5.244054e-08,7.322816e-07,3.841535e-07,4.093062e-07,1.113496e-07,6.310116e-07,1.760671e-07
17.797850,1.228635e-06,1.008943e-06,1.072300e-05,4.149207e-06,1.041786e-05,1.540846e-06,5.730755e-06,2.552520e-06,5.816696e-06,3.529441e-06,3.237957e-06,1.218043e-06,1.865171e-06,1.578331e-06,8.658290e-07,1.701300e-06,2.002377e-07,1.983133e-07,3.147649e-08,4.713196e-07,3.525632e-07,4.245328e-07,1.155665e-07,4.366168e-07,1.930436e-07
17.822270,1.230948e-06,1.027252e-06,1.075156e-05,4.105924e-06,1.043829e-05,1.535403e-06,5.810407e-06,2.564770e-06,6.002699e-06,3.556469e-06,3.247881e-06,1.154176e-06,1.810606e-06,1.581778e-06,9.068377e-07,1.742090e-06,2.077731e-07,2.092667e-07,2.608591e-08,1.998060e-07,3.114289e-07,4.102154e-07,1.214018e-07,4.189190e-07,2.462777e-07
17.846680,1.219632e-06,1.046096e-06,1.072755e-05,4.136675e-06,1.044735e-05,1.528002e-06,5.842939e-06,2.594978e-06,5.985430e-06,3.509544e-06,3.230362e-06,1.180632e-06,2.009952e-06,1.469602e-06,1.003107e-06,1.843374e-06,2.051344e-07,1.868963e-07,7.688122e-08,4.698902e-08,2.693936e-07,3.726506e-07,1.211883e-07,5.641079e-07,2.931426e-07
17.871090,1.202969e-06,1.066947e-06,1.066021e-05,4.153664e-06,1.038488e-05,1.520049e-06,5.901916e-06,2.652897e-06,5.998431e-06,3.558353e-06,3.340206e-06,1.207961e-06,2.090460e-06,1.429303e-06,1.031333e-06,1.953129e-06,1.718696e-07,1.719036e-07,1.252685e-07,1.147611e-07,2.161817e-07,3.058962e-07,1.205901e-07,7.092680e-07,3.237447e-07
17.895510,1.201757e-06,1.068855e-06,1.074911e-05,4.174785e-06,1.037375e-05,1.530266e-06,5.873503e-06,2.697023e-06,5.996315e-06,3.598594e-06,3.326420e-06,1.182186e-06,2.032930e-06,1.534609e-06,1.039085e-06,1.911603e-06,1.607025e-07,1.772851e-07,1.539790e-07,2.473248e-07,1.612388e-07,2.249666e-07,1.110873e-07,8.253734e-07,3.239865e-07
17.919920,1.194799e-06,1.067712e-06,1.079089e-05,4.190320e-06,1.041379e-05,1.492418e-06,5.897349e-06,2.633914e-06,6.057060e-06,3.666517e-06,3.250904e-06,1.183224e-06,2.113091e-06,1.508807e-06,1.071590e-06,1.924167e-06,1.839175e-07,1.693944e-07,1.802048e-07,4.681221e-07,1.111108e-07,1.513009e-07,9.447652e-08,8.651861e-07,2.983059e-07
17.944340,1.190100e-06,1.068009e-06,1.076469e-05,4.253150e-06,1.050326e-05,1.475156e-06,6.055132e-06,2.674526e-06,6.212495e-06,3.697365e-06,3.332512e-06,1.190765e-06,2.212312e-06,1.459200e-06,1.044346e-06,2.039882e-06,1.855940e-07,1.533845e-07,2.150724e-07,6.869514e-07,7.314699e-08,9.883469e-08,7.287314e-08,8.634821e-07,2.624619e-07
17.968750,1.197525e-06,1.058501e-06,1.087203e-05,4.339419e-06,1.045676e-05,1.481749e-06,6.009375e-06,2.790582e-06,6.041400e-06,3.615488e-06,3.394078e-06,1.179421e-06,2.320962e-06,1.512925e-06,1.051402e-06,2.045512e-06,1.759693e-07,1.593357e-07,2.483451e-07,7.856526e-07,4.924048e-08,1.080352e-07,5.781079e-08,8.294923e-07,2.127972e-07
17.993160,1.206685e-06,1.048557e-06,1.094983e-05,4.341485e-06,1.051128e-05,1.470780e-06,6.007815e-06,2.771415e-06,5.951621e-06,3.727307e-06,3.424700e-06,1.226800e-06,2.538460e-06,1.552268e-06,1.145496e-06,1.826989e-06,1.847058e-07,1.646883e-07,2.627432e-07,9.042354e-07,1.825915e-08,1.749120e-07,5.645068e-08,7.698706e-07,1.612898e-07
18.017580,1.219408e-06,1.039122e-06,1.099382e-05,4.377185e-06,1.074546e-05,1.468115e-06,6.078499e-06,2.782808e-06,6.189524e-06,3.851919e-06,3.470878e-06,1.245133e-06,2.619087e-06,1.634825e-06,1.155223e-06,1.635535e-06,2.028022e-07,1.446320e-07,2.539401e-07,1.102990e-06,5.242159e-08,2.322554e-07,7.430278e-08,7.307025e-07,1.160381e-07
18.041990,1.237114e-06,1.035354e-06,1.099559e-05,4.434919e-06,1.082974e-05,1.463671e-06,6.122734e-06,2.800368e-06,6.232051e-06,3.778238e-06,3.408844e-06,1.165298e-06,2.525900e-06,1.786957e-06,1.087575e-06,1.549499e-06,2.068733e-07,1.253796e-07,2.563553e-07,1.355225e-06,1.297324e-07,2.887185e-07,9.682391e-08,7.550186e-07,1.011503e-07
18.066410,1.269124e-06,1.026297e-06,1.101980e-05,4.430106e-06,1.096018e-05,1.466070e-06,6.160921e-06,2.813085e-06,6.254649e-06,3.772252e-06,3.494460e-06,1.177486e-06,2.581059e-06,1.825018e-06,1.089348e-06,1.435313e-06,2.167214e-07,1.399626e-07,2.641451e-07,1.508091e-06,2.069251e-07,3.319433e-07,1.153494e-07,8.077822e-07,1.269328e-07
18.090820,1.290142e-06,1.022127e-06,1.102993e-05,4.418432e-06,1.117925e-05,1.470967e-06,6.092774e-06,2.843772e-06,6.240818e-06,3.788069e-06,3.632879e-06,1.251155e-06,2.750727e-06,1.804756e-06,1.117102e-06,1.219118e-06,2.498344e-07,1.601037e-07,2.677199e-07,1.576455e-06,2.790460e-07,3.759581e-07,1.304276e-07,9.024081e-07,1.716145e-07
18.115230,1.301686e-06,1.035872e-06,1.092228e-05,4.400113e-06,1.139431e-05,1.452155e-06,6.039667e-06,2.755671e-06,6.232621e-06,3.860000e-06,3.553155e-06,1.250875e-06,2.776408e-06,1.930375e-06,1.098637e-06,1.111078e-06,2.712399e-07,1.623424e-07,2.472552e-07,1.649210e-06,3.408634e-07,4.309583e-07,1.357911e-07,9.488625e-07,1.964746e-07
18.139650,1.325872e-06,1.041907e-06,1.099821e-05,4.430814e-06,1.155104e-05,1.467747e-06,6.061949e-06,2.737147e-06,6.431126e-06,3.960498e-06,3.551030e-06,1.256218e-06,2.742874e-06,2.091879e-06,1.094949e-06,1.000422e-06,2.605473e-07,1.656461e-07,2.210227e-07,1.736047e-06,4.014934e-07,4.990090e-07,1.357464e-07,9.668433e-07,2.067581e-07
18.164060,1.343826e-06,1.049967e-06,1.109151e-05,4.404918e-06,1.155478e-05,1.498886e-06,5.939720e-06,2.836889e-06,6.374452e-06,3.898776e-06,3.605118e-06,1.273079e-06,2.732742e-06,2.107396e-06,1.083793e-06,8.159921e-07,2.418403e-07,1.820965e-07,2.089363e-07,1.819827e-06,4.428683e-07,5.541393e-07,1.365654e-07,9.594749e-07,2.063827e-07
18.188480,1.360350e-06,1.061621e-06,1.112688e-05,4.341626e-06,1.175942e-05,1.493339e-06,5.887328e-06,2.829396e-06,6.237693e-06,3.950767e-06,3.613729e-06,1.255157e-06,2.577904e-06,2.131066e-06,9.972722e-07,9.988058e-07,2.529691e-07,1.910555e-07,1.994301e-07,1.771644e-06,4.750981e-07,5.958513e-07,1.376382e-07,9.233827e-07,2.097816e-07
18.212890,1.375181e-06,1.074691e-06,1.122032e-05,4.356093e-06,1.187957e-05,1.505334e-06,5.987303e-06,2.775505e-06,6.426077e-06,4.117559e-06,3.690151e-06,1.309935e-06,2.490197e-06,2.138715e-06,9.684717e-07,1.399270e-06,2.585903e-07,1.875242e-07,1.682891e-07,1.624191e-06,4.705284e-07,6.251154e-07,1.521991e-07,8.580009e-07,2.239018e-07
18.237300,1.398710e-06,1.082420e-06,1.138456e-05,4.317206e-06,1.184033e-05,1.517532e-06,5.988586e-06,2.792883e-06,6.557710e-06,4.106128e-06,3.655745e-06,1.385477e-06,2.564566e-06,2.014933e-06,1.044905e-06,1.616188e-06,2.418932e-07,2.140486e-07,1.245999e-07,1.442413e-06,4.520599e-07,6.393414e-07,1.661980e-07,7.934837e-07,2.391521e-07
18.261720,1.417367e-06,1.087499e-06,1.162101e-05,4.267740e-06,1.192062e-05,1.541056e-06,6.005974e-06,2.816073e-06,6.484669e-06,4.050543e-06,3.615296e-06,1.346285e-06,2.409702e-06,2.016363e-06,1.058040e-06,1.739387e-06,2.375226e-07,2.539909e-07,9.156263e-08,1.309839e-06,4.242007e-07,6.379115e-07,1.820443e-07,7.293521e-07,2.447181e-07
18.286130,1.427530e-06,1.105012e-06,1.174328e-05,4.257514e-06,1.193613e-05,1.561896e-06,5.967647e-06,2.865697e-06,6.475267e-06,4.107435e-06,3.739931e-06,1.326734e-06,2.132530e-06,2.097048e-06,9.989864e-07,2.012814e-06,2.465584e-07,2.675820e-07,8.738967e-08,1.165969e-06,4.013265e-07,6.132415e-07,1.893321e-07,7.657240e-07,2.537248e-07
18.310550,1.450172e-06,1.107421e-06,1.195823e-05,4.259307e-06,1.190621e-05,1.549748e-06,5.993390e-06,2.855815e-06,6.436985e-06,4.131697e-06,3.735607e-06,1.361356e-06,2.084340e-06,1.989429e-06,1.005407e-06,2.320520e-06,2.305661e-07,2.501721e-07,5.950047e-08,8.955749e-07,3.963129e-07,5.623523e-07,1.926933e-07,8.357303e-07,2.578064e-07
18.334960,1.427750e-06,1.084463e-06,1.189753e-05,4.163543e-06,1.149155e-05,1.539125e-06,5.929448e-06,2.718159e-06,6.351701e-06,4.086691e-06,3.509526e-06,1.305699e-06,2.053197e-06,1.777033e-06,9.999242e-07,2.392500e-06,1.873679e-07,2.336138e-07,3.314559e-08,5.498609e-07,3.780600e-07,4.817263e-07,1.817573e-07,9.284425e-07,2.647705e-07
18.359380,1.402862e-06,1.067528e-06,1.166437e-05,4.017623e-06,1.115640e-05,1.519314e-06,5.700931e-06,2.726790e-06,6.287514e-06,3.982253e-06,3.444632e-06,1.290698e-06,1.970964e-06,1.727507e-06,9.902997e-07,2.556806e-06,1.650339e-07,2.329791e-07,6.429499e-08,3.310216e-07,3.633955e-07,4.160104e-07,1.635282e-07,9.602479e-07,2.530459e-07
18.383790,1.382308e-06,1.046633e-06,1.144020e-05,3.973559e-06,1.094551e-05,1.463419e-06,5.575172e-06,2.710863e-06,5.914701e-06,3.794770e-06,3.402240e-06,1.260331e-06,1.962546e-06,1.652479e-06,1.071792e-06,2.808706e-06,1.717944e-07,2.199474e-07,9.039849e-08,2.396669e-07,3.329384e-07,3.535039e-07,1.386306e-07,9.291412e-07,2.280087e-07
18.408200,1.363081e-06,1.025232e-06,1.115279e-05,3.945398e-06,1.049769e-05,1.424709e-06,5.520457e-06,2.612742e-06,5.727616e-06,3.814800e-06,3.318365e-06,1.173330e-06,1.844802e-06,1.541108e-06,1.088724e-06,2.823127e-06,1.662560e-07,2.004892e-07,1.033326e-07,2.012343e-07,3.085977e-07,3.160234e-07,1.072183e-07,8.492794e-07,1.846063e-07
18.432620,1.337936e-06,1.003097e-06,1.082721e-05,3.859589e-06,1.019009e-05,1.376892e-06,5.387479e-06,2.568972e-06,5.720491e-06,3.791935e-06,3.288974e-06,1.167458e-06,1.728527e-06,1.520460e-06,1.007643e-06,2.623615e-06,1.474808e-07,2.019712e-07,1.352928e-07,2.951506e-07,2.695983e-07,2.732514e-07,7.860001e-08,7.561322e-07,1.330266e-07
18.457030,1.306060e-06,9.892531e-07,1.040573e-05,3.819196e-06,1.001551e-05,1.334696e-06,5.291467e-06,2.506044e-06,5.560459e-06,3.634004e-06,3.140045e-06,1.196958e-06,1.882829e-06,1.409131e-06,9.774618e-07,2.586246e-06,1.503786e-07,2.084703e-07,1.733094e-07,5.078337e-07,2.211718e-07,2.330120e-07,5.444438e-08,6.337454e-07,8.947215e-08
18.481450,1.292369e-06,9.633876e-07,1.004749e-05,3.775898e-06,9.807635e-06,1.288398e-06,5.146531e-06,2.460788e-06,5.430093e-06,3.541791e-06,3.035542e-06,1.141712e-06,1.985843e-06,1.300948e-06,1.012585e-06,2.572589e-06,1.627711e-07,1.839535e-07,1.935096e-07,6.596169e-07,1.569238e-07,1.782376e-07,3.933978e-08,5.127783e-07,6.739884e-08
18.505860,1.269310e-06,9.356377e-07,9.768153e-06,3.726131e-06,9.590592e-06,1.235774e-06,5.081216e-06,2.395477e-06,5.234632e-06,3.432826e-06,3.068001e-06,1.071225e-06,1.895162e-06,1.414899e-06,9.821703e-07,2.432810e-06,1.623294e-07,1.479795e-07,1.956738e-07,7.075515e-07,1.038556e-07,1.258542e-07,3.029160e-08,3.562072e-07,4.560332e-08
18.530270,1.238837e-06,9.178649e-07,9.362879e-06,3.621655e-06,9.405296e-06,1.223403e-06,5.028279e-06,2.249732e-06,5.087638e-06,3.390885e-06,2.957883e-06,1.053941e-06,1.861498e-06,1.472827e-06,9.310846e-07,2.209132e-06,1.777557e-07,1.480948e-07,1.967355e-07,7.748316e-07,8.696194e-08,8.124483e-08,2.512623e-08,2.386369e-07,2.528935e-08
18.554690,1.213086e-06,8.953851e-07,9.025845e-06,3.527521e-06,9.401212e-06,1.191554e-06,4.847449e-06,2.212663e-06,5.087117e-06,3.364426e-06,2.833243e-06,1.038352e-06,1.849279e-06,1.417438e-06,9.022895e-07,2.071727e-06,2.124593e-07,1.692107e-07,2.034006e-07,9.512192e-07,1.217284e-07,9.734351e-08,2.313659e-08,2.153560e-07,1.322016e-08
18.579100,1.186796e-06,8.738033e-07,8.752740e-06,3.484023e-06,9.241820e-06,1.146557e-06,4.806709e-06,2.223475e-06,4.854244e-06,3.199699e-06,2.764429e-06,1.031258e-06,1.821504e-06,1.432632e-06,8.224472e-07,1.871670e-06,2.228060e-07,1.726778e-07,2.071507e-07,1.087680e-06,1.570431e-07,1.627589e-07,3.068620e-08,2.835330e-07,3.863823e-08
18.603520,1.154769e-06,8.508817e-07,8.490873e-06,3.381885e-06,9.024204e-06,1.126410e-06,4.758113e-06,2.125209e-06,4.632220e-06,3.148052e-06,2.671530e-06,1.043923e-06,1.874983e-06,1.465387e-06,7.524854e-07,1.538102e-06,2.133989e-07,1.712706e-07,1.989796e-07,1.140427e-06,2.039032e-07,2.454920e-07,4.882174e-08,3.667746e-07,6.510639e-08
18.627930,1.118520e-06,8.313423e-07,8.215535e-06,3.311698e-06,8.932291e-06,1.104007e-06,4.609967e-06,2.041582e-06,4.660709e-06,3.167422e-06,2.628299e-06,9.939073e-07,1.870897e-06,1.496346e-06,7.673178e-07,1.252353e-06,2.139461e-07,1.824124e-07,1.845844e-07,1.126939e-06,2.402843e-07,3.093716e-07,6.687426e-08,4.294473e-07,8.528371e-08
18.652340,1.093030e-06,8.049464e-07,7.962430e-06,3.268301e-06,8.722295e-06,1.092437e-06,4.468522e-06,1.989236e-06,4.577629e-06,3.034295e-06,2.548125e-06,9.535503e-07,1.730833e-06,1.575606e-06,7.311015e-07,1.188784e-06,2.275596e-07,1.920976e-07,1.714091e-07,1.176122e-06,2.691920e-07,3.627517e-07,9.109848e-08,4.719446e-07,1.135654e-07
18.676760,1.064590e-06,7.749614e-07,7.777357e-06,3.209429e-06,8.498163e-06,1.069725e-06,4.288157e-06,1.945352e-06,4.421376e-06,2.914520e-06,2.397583e-06,1.004702e-06,1.627930e-06,1.606788e-06,6.313526e-07,1.070587e-06,2.267098e-07,1.847236e-07,1.677503e-07,1.233018e-06,2.842263e-07,3.863142e-07,1.113012e-07,5.159003e-07,1.501779e-07
18.701170,1.032457e-06,7.520029e-07,7.501953e-06,3.147497e-06,8.309259e-06,1.047568e-06,4.180097e-06,1.919347e-06,4.269106e-06,2.840110e-06,2.387794e-06,1.001734e-06,1.651559e-06,1.514187e-06,5.845525e-07,8.158071e-07,2.115527e-07,1.981381e-07,1.507485e-07,1.209295e-06,2.943495e-07,4.021338e-07,1.289078e-07,5.550587e-07,1.870705e-07
18.725590,1.013811e-06,7.228274e-07,7.257917e-06,3.078997e-06,8.190139e-06,1.049644e-06,4.051678e-06,1.808645e-06,4.111257e-06,2.774771e-06,2.348538e-06,9.570634e-07,1.613894e-06,1.434624e-06,5.723224e-07,8.049954e-07,2.067805e-07,2.271162e-07,1.237302e-07,1.086119e-06,3.059305e-07,4.029836e-07,1.377447e-07,5.741683e-07,2.167097e-07
18.750000,9.935460e-07,6.939595e-07,7.081046e-06,3.064037e-06,8.049017e-06,1.025298e-06,3.841928e-06,1.727416e-06,4.096553e-06,2.753435e-06,2.189503e-06,9.521044e-07,1.468276e-06,1.455670e-06,5.636866e-07,8.358709e-07,2.034411e-07,2.343701e-07,9.687798e-08,9.595020e-07,3.185850e-07,3.855966e-07,1.396528e-07,5.974143e-07,2.363459e-07
18.774410,9.748110e-07,6.678743e-07,6.854387e-06,3.023791e-06,7.776545e-06,9.978764e-07,3.744957e-06,1.726595e-06,3.966104e-06,2.622525e-06,2.090281e-06,9.301077e-07,1.366576e-06,1.424729e-06,5.710029e-07,8.666605e-07,1.823121e-07,2.138869e-07,8.747028e-08,8.637031e-07,3.215244e-07,3.575816e-07,1.340043e-07,6.134018e-07,2.388369e-07
18.798830,9.585229e-07,6.426012e-07,6.651397e-06,2.942649e-06,7.642353e-06,9.830003e-07,3.643887e-06,1.665781e-06,3.689823e-06,2.498114e-06,2.019222e-06,8.968193e-07,1.261499e-06,1.320453e-06,5.728446e-07,1.087965e-06,1.486260e-07,1.968232e-07,7.901607e-08,7.446524e-07,3.096900e-07,3.221323e-07,1.227332e-07,6.553820e-07,2.376520e-07
18.823240,9.472050e-07,6.174789e-07,6.457947e-06,2.899028e-06,7.551704e-06,9.561803e-07,3.508404e-06,1.589025e-06,3.588884e-06,2.505247e-06,1.956534e-06,8.913145e-07,1.164122e-06,1.259605e-06,5.340212e-07,1.292749e-06,1.286943e-07,1.900978e-07,6.162789e-08,6.061947e-07,2.843133e-07,2.923790e-07,1.104034e-07,6.873480e-07,2.251325e-07
18.847660,9.390880e-07,5.980002e-07,6.360554e-06,2.857720e-06,7.434971e-06,9.386448e-07,3.435594e-06,1.553072e-06,3.554990e-06,2.464235e-06,1.946253e-06,8.480595e-07,1.200082e-06,1.184826e-06,5.346145e-07,1.336344e-06,1.206079e-07,1.772838e-07,4.737330e-08,4.271489e-07,2.514377e-07,2.718592e-07,9.371046e-08,6.933873e-07,2.124548e-07
18.872070,9.516707e-07,6.102448e-07,6.410069e-06,2.885742e-06,7.638958e-06,9.484499e-07,3.476258e-06,1.566770e-06,3.571622e-06,2.445469e-06,1.922689e-06,8.088704e-07,1.206663e-06,1.140428e-06,6.273215e-07,1.360880e-06,1.071203e-07,1.609459e-07,5.334519e-08,2.832742e-07,2.240640e-07,2.641430e-07,8.249505e-08,6.910474e-07,1.945774e-07
18.896480,9.719645e-07,6.198260e-07,6.461937e-06,2.891247e-06,7.864940e-06,9.617656e-07,3.567664e-06,1.603508e-06,3.602428e-06,2.455112e-06,1.900486e-06,8.319120e-07,1.100934e-06,1.199137e-06,6.822680e-07,1.541801e-06,8.802450e-08,1.538990e-07,5.587067e-08,2.069532e-07,1.932722e-07,2.484187e-07,7.074799e-08,6.358953e-07,1.611946e-07
18.920900,9.861152e-07,6.284409e-07,6.616161e-06,2.908269e-06,8.144405e-06,9.870012e-07,3.659781e-06,1.593098e-06,3.571433e-06,2.453480e-06,1.969111e-06,8.558607e-07,1.098152e-06,1.208849e-06,6.865418e-07,1.690829e-06,8.379110e-08,1.553423e-07,5.790892e-08,1.542861e-07,1.608993e-07,2.254137e-07,6.519656e-08,5.629536e-07,1.160675e-07
18.945310,9.979464e-07,6.395000e-07,6.682710e-06,2.945066e-06,8.286251e-06,9.851719e-07,3.715549e-06,1.565684e-06,3.628212e-06,2.519933e-06,1.982884e-06,8.389718e-07,1.176535e-06,1.107844e-06,7.293761e-07,1.736887e-06,7.753845e-08,1.398417e-07,7.301994e-08,1.164167e-07,1.235196e-07,1.911989e-07,6.191451e-08,4.713871e-07,6.775945e-08
18.969730,1.011440e-06,6.470772e-07,6.741885e-06,2.926654e-06,8.404935e-06,9.809106e-07,3.880093e-06,1.632406e-06,3.712017e-06,2.550385e-06,1.948916e-06,8.383149e-07,1.199552e-06,1.094363e-06,7.640034e-07,1.800101e-06,6.115491e-08,1.028234e-07,1.025245e-07,2.367337e-07,9.731501e-08,1.560252e-07,6.007772e-08,3.907661e-07,4.323411e-08
18.994140,1.024749e-06,6.532417e-07,6.810412e-06,2.947980e-06,8.602541e-06,9.969966e-07,3.994412e-06,1.688279e-06,3.625860e-06,2.502409e-06,1.956935e-06,8.163785e-07,1.228787e-06,1.159939e-06,7.677716e-07,1.893681e-06,7.228707e-08,8.529331e-08,1.227153e-07,3.797473e-07,9.405010e-08,1.155019e-07,5.578006e-08,3.087395e-07,6.285307e-08
19.018550,1.038750e-06,6.560465e-07,6.900372e-06,2.991737e-06,8.629430e-06,1.007081e-06,4.035312e-06,1.681963e-06,3.608810e-06,2.556409e-06,1.945933e-06,7.941454e-07,1.245505e-06,1.176265e-06,8.129655e-07,1.821560e-06,1.010427e-07,9.698295e-08,1.291533e-07,4.602838e-07,9.424442e-08,7.914533e-08,4.672806e-08,2.392961e-07,8.897568e-08
19.042970,1.048018e-06,6.625055e-07,6.990017e-06,3.002442e-06,8.648026e-06,1.023623e-06,4.107285e-06,1.703397e-06,3.751866e-06,2.635653e-06,1.962489e-06,8.467411e-07,1.202670e-06,1.219216e-06,8.408171e-07,1.668392e-06,1.138111e-07,9.553369e-08,1.321888e-07,5.066860e-07,7.959354e-08,4.736118e-08,3.470067e-08,2.006151e-07,1.003675e-07
19.067380,1.070756e-06,6.646992e-07,7.062772e-06,3.035427e-06,8.725676e-06,1.032313e-06,4.169826e-06,1.732079e-06,3.800461e-06,2.594060e-06,1.983313e-06,8.656785e-07,1.241583e-06,1.253561e-06,7.863222e-07,1.669697e-06,1.228191e-07,1.010453e-07,1.472436e-07,6.143055e-07,4.970035e-08,5.928415e-08,2.270694e-08,2.024982e-07,1.018304e-07
19.091800,1.092044e-06,6.630387e-07,7.221817e-06,3.086903e-06,8.781575e-06,1.053993e-06,4.280065e-06,1.778835e-06,3.824372e-06,2.569495e-06,1.936872e-06,8.268218e-07,1.335178e-06,1.213767e-06,7.403701e-07,1.669669e-06,1.485013e-07,1.247296e-07,1.550217e-07,7.764327e-07,1.219613e-08,9.048387e-08,1.459006e-08,2.214196e-07,9.072033e-08
19.116210,1.108379e-06,6.686886e-07,7.305525e-06,3.162718e-06,8.804733e-06,1.081670e-06,4.325248e-06,1.825666e-06,3.833386e-06,2.571179e-06,1.947756e-06,8.520556e-07,1.309072e-06,1.265393e-06,7.545669e-07,1.545015e-06,1.713488e-07,1.360384e-07,1.506854e-07,8.854543e-07,4.626556e-08,1.191829e-07,2.495126e-08,2.154267e-07,6.850228e-08
19.140620,1.136244e-06,6.707843e-07,7.348367e-06,3.193570e-06,8.753104e-06,1.080018e-06,4.323498e-06,1.793405e-06,3.834878e-06,2.587885e-06,2.020446e-06,8.989406e-07,1.258327e-06,1.412579e-06,7.452687e-07,1.350658e-06,1.850159e-07,1.365902e-07,1.406249e-07,9.477454e-07,9.909935e-08,1.578229e-07,4.139620e-08,1.573494e-07,3.135517e-08
19.165040,1.158180e-06,6.742210e-07,7.427009e-06,3.187713e-06,8.902226e-06,1.092113e-06,4.422281e-06,1.822260e-06,3.996945e-06,2.662856e-06,1.992220e-06,9.201218e-07,1.294129e-06,1.447477e-06,7.009144e-07,1.245813e-06,2.017786e-07,1.624906e-07,1.434919e-07,1.005882e-06,1.668575e-07,2.073450e-07,5.764043e-08,8.719447e-08,3.267776e-08
19.189450,1.175512e-06,6.803063e-07,7.449526e-06,3.232813e-06,9.081611e-06,1.116842e-06,4.448119e-06,1.887261e-06,4.010600e-06,2.614927e-06,1.955685e-06,9.633045e-07,1.306857e-06,1.434955e-06,6.754598e-07,1.138653e-06,2.287777e-07,2.030847e-07,1.448910e-07,1.097569e-06,2.308717e-07,2.669081e-07,7.058848e-08,8.424268e-08,9.350326e-08
19.213870,1.186704e-06,6.908307e-07,7.437729e-06,3.234831e-06,9.129129e-06,1.119638e-06,4.426115e-06,1.882922e-06,3.926457e-06,2.589266e-06,1.965395e-06,9.893676e-07,1.328177e-06,1.496553e-06,6.181712e-07,1.010306e-06,2.389448e-07,2.237902e-07,1.311160e-07,1.209815e-06,2.953803e-07,3.353527e-07,7.948932e-08,1.869163e-07,1.515958e-07
19.238280,1.207612e-06,6.990805e-07,7.383544e-06,3.219217e-06,9.300322e-06,1.125444e-06,4.486005e-06,1.879772e-06,4.013893e-06,2.687865e-06,1.953935e-06,9.912129e-07,1.363655e-06,1.512359e-06,5.534735e-07,1.020736e-06,2.303725e-07,2.261311e-07,1.041918e-07,1.206102e-06,3.383882e-07,3.907628e-07,8.634946e-08,3.110027e-07,2.072105e-07
19.262700,1.229407e-06,7.007457e-07,7.398363e-06,3.223541e-06,9.455549e-06,1.123831e-06,4.522923e-06,1.884066e-06,4.101656e-06,2.715561e-06,2.015687e-06,1.048434e-06,1.300643e-06,1.517374e-06,5.925783e-07,1.168788e-06,2.209305e-07,2.360904e-07,9.562406e-08,1.134020e-06,3.664519e-07,4.575223e-07,9.541322e-08,4.295868e-07,2.439177e-07
19.287110,1.243417e-06,7.092676e-07,7.383396e-06,3.244143e-06,9.577286e-06,1.131629e-06,4.607297e-06,1.904765e-06,4.160979e-06,2.704697e-06,2.042222e-06,1.100066e-06,1.202915e-06,1.584653e-06,6.355772e-07,1.142383e-06,2.254273e-07,2.525677e-07,9.708581e-08,1.043031e-06,3.690297e-07,5.063291e-07,1.019626e-07,5.436738e-07,2.679041e-07
19.311520,1.269909e-06,7.138031e-07,7.311430e-06,3.276380e-06,9.606255e-06,1.142617e-06,4.661187e-06,1.939184e-06,4.192571e-06,2.696662e-06,2.001307e-06,1.063815e-06,1.253790e-06,1.558984e-06,5.981349e-07,1.084402e-06,2.251330e-07,2.553241e-07,9.532047e-08,9.927049e-07,3.606030e-07,5.451556e-07,1.120819e-07,6.432276e-07,2.817605e-07
19.335940,1.291986e-06,7.176029e-07,7.368829e-06,3.277522e-06,9.618430e-06,1.118296e-06,4.704174e-06,1.894516e-06,4.163822e-06,2.691223e-06,2.053972e-06,1.039667e-06,1.307176e-06,1.442476e-06,5.984566e-07,1.319217e-06,2.094101e-07,2.507939e-07,8.571928e-08,9.171259e-07,3.456167e-07,5.554815e-07,1.170461e-07,7.111118e-07,2.867606e-07
19.360350,1.315702e-06,7.248363e-07,7.431468e-06,3.345944e-06,9.742485e-06,1.121770e-06,4.882790e-06,1.875278e-06,4.271643e-06,2.763600e-06,2.097879e-06,1.072282e-06,1.261827e-06,1.468361e-06,6.492174e-07,1.530644e-06,1.960543e-07,2.586822e-07,9.460381e-08,7.488661e-07,3.188717e-07,5.341601e-07,1.229089e-07,7.168700e-07,2.790157e-07
19.384770,1.343294e-06,7.310391e-07,7.509627e-06,3.424579e-06,9.668517e-06,1.145052e-06,4.948354e-06,1.976321e-06,4.364058e-06,2.779334e-06,2.078266e-06,1.070715e-06,1.230767e-06,1.546711e-06,6.941644e-07,1.627319e-06,1.881537e-07,2.668961e-07,1.086803e-07,5.664447e-07,2.833465e-07,4.858373e-07,1.241364e-07,6.796817e-07,2.623190e-07
19.409180,1.362411e-06,7.312964e-07,7.526401e-06,3.421130e-06,9.586021e-06,1.145156e-06,4.902296e-06,2.001734e-06,4.185571e-06,2.681948e-06,2.064525e-06,1.074159e-06,1.206842e-06,1.496400e-06,7.499841e-07,1.776380e-06,1.607864e-07,2.494671e-07,1.079526e-07,5.040093e-07,2.418509e-07,4.090753e-07,1.191113e-07,5.822282e-07,2.246714e-07
19.433590,1.364828e-06,7.280916e-07,7.542019e-06,3.454338e-06,9.600732e-06,1.151395e-06,4.917216e-06,1.979572e-06,4.131784e-06,2.717580e-06,2.029772e-06,1.075983e-06,1.169927e-06,1.434373e-06,8.092040e-07,1.916038e-06,1.211760e-07,2.094829e-07,1.025386e-07,5.108076e-07,2.173150e-07,3.297584e-07,1.084979e-07,4.868439e-07,1.850328e-07
19.458010,1.349322e-06,7.370977e-07,7.505095e-06,3.485800e-06,9.529427e-06,1.152886e-06,4.910561e-06,1.986488e-06,4.211670e-06,2.751589e-06,2.001640e-06,1.004568e-06,1.217309e-06,1.418745e-06,8.031047e-07,1.858236e-06,9.697762e-08,1.772640e-07,1.188858e-07,4.802078e-07,1.959256e-07,2.495070e-07,8.817223e-08,3.886139e-07,1.515346e-07
19.482420,1.339540e-06,7.402183e-07,7.399203e-06,3.501269e-06,9.475988e-06,1.167232e-06,4.924818e-06,1.990312e-06,4.186131e-06,2.666608e-06,2.023578e-06,9.863349e-07,1.263065e-06,1.374996e-06,8.087340e-07,1.793349e-06,9.701803e-08,1.590788e-07,1.433099e-07,4.644906e-07,1.838360e-07,1.814127e-07,6.536200e-08,3.255282e-07,1.426802e-07
19.506840,1.314340e-06,7.421905e-07,7.380929e-06,3.436465e-06,9.482647e-06,1.173765e-06,4.860390e-06,2.046977e-06,4.163975e-06,2.602094e-06,1.954105e-06,1.026963e-06,1.182337e-06,1.412716e-06,8.903945e-07,1.880444e-06,9.244935e-08,1.338380e-07,1.572249e-07,5.919813e-07,1.608400e-07,1.349810e-07,3.769593e-08,2.820060e-07,1.424721e-07
19.531250,1.283753e-06,7.452501e-07,7.282446e-06,3.394786e-06,9.717269e-06,1.156573e-06,4.783631e-06,2.043408e-06,4.052808e-06,2.523644e-06,1.892854e-06,1.007380e-06,1.130493e-06,1.515532e-06,9.321450e-07,1.923310e-06,8.051288e-08,1.072207e-07,1.599716e-07,7.104439e-07,1.320981e-07,1.367981e-07,1.320190e-08,2.537225e-07,1.429883e-07
19.555660,1.255345e-06,7.425612e-07,7.159326e-06,3.384709e-06,9.773070e-06,1.174722e-06,4.825208e-06,1.993066e-06,4.023962e-06,2.511824e-06,1.941575e-06,9.728281e-07,1.198743e-06,1.469829e-06,9.031072e-07,1.808535e-06,9.955802e-08,9.404416e-08,1.744720e-07,7.433413e-07,9.504014e-08,1.413112e-07,1.565287e-08,2.591655e-07,1.323215e-07
19.580080,1.230257e-06,7.358320e-07,7.063280e-06,3.309742e-06,9.764942e-06,1.180054e-06,4.721482e-06,2.040776e-06,4.132207e-06,2.528210e-06,1.910384e-06,9.794929e-07,1.203913e-06,1.376581e-06,8.761515e-07,1.670294e-06,1.178101e-07,8.652309e-08,1.918350e-07,7.556933e-07,5.766570e-08,1.380181e-07,3.529974e-08,2.496586e-07,1.157155e-07
19.604490,1.208101e-06,7.222582e-07,6.998376e-06,3.268821e-06,9.867180e-06,1.168710e-06,4.656648e-06,2.074425e-06,4.053673e-06,2.422843e-06,1.855309e-06,9.712990e-07,1.154003e-06,1.433858e-06,8.636629e-07,1.597733e-06,1.281927e-07,6.854647e-08,1.950221e-07,8.463158e-07,3.557625e-08,1.111376e-07,5.064712e-08,2.215510e-07,9.472225e-08
19.628910,1.180702e-06,7.111798e-07,6.959273e-06,3.248791e-06,9.826767e-06,1.159211e-06,4.671949e-06,2.038930e-06,3.938870e-06,2.362403e-06,1.824869e-06,9.906754e-07,1.150527e-06,1.478186e-06,8.193756e-07,1.454112e-06,1.560594e-07,6.910652e-08,1.827007e-07,9.624189e-07,3.970613e-08,6.468403e-08,5.915195e-08,1.552383e-07,7.820672e-08
19.653320,1.166994e-06,6.974427e-07,6.882991e-06,3.214046e-06,9.739006e-06,1.152399e-06,4.690365e-06,2.032824e-06,4.009537e-06,2.412410e-06,1.767583e-06,1.029685e-06,1.105346e-06,1.461838e-06,8.059920e-07,1.278389e-06,1.913011e-07,1.031869e-07,1.804724e-07,1.013873e-06,7.273468e-08,6.321226e-08,6.141908e-08,9.189804e-08,7.196353e-08
19.677730,1.156241e-06,6.787444e-07,6.881861e-06,3.180753e-06,9.638359e-06,1.157908e-06,4.717601e-06,2.012785e-06,4.016670e-06,2.377922e-06,1.777029e-06,1.007048e-06,1.099490e-06,1.501756e-06,8.216841e-07,1.213903e-06,2.027954e-07,1.264460e-07,1.831904e-07,1.011586e-06,1.134630e-07,1.274774e-07,5.819564e-08,1.532559e-07,9.433845e-08
19.702150,1.145561e-06,6.657726e-07,6.873639e-06,3.153933e-06,9.572221e-06,1.132812e-06,4.674825e-06,2.051679e-06,4.049552e-06,2.351216e-06,1.797740e-06,9.871214e-07,1.186419e-06,1.481923e-06,7.492547e-07,1.193985e-06,1.986626e-07,1.308754e-07,1.782312e-07,1.046821e-06,1.465937e-07,2.082967e-07,5.725956e-08,2.689710e-07,1.331414e-07
19.726560,1.148103e-06,6.490796e-07,6.785136e-06,3.183553e-06,9.509214e-06,1.107283e-06,4.737194e-06,2.053804e-06,3.995636e-06,2.304569e-06,1.722151e-06,1.051400e-06,1.196348e-06,1.433973e-06,6.396638e-07,1.001084e-06,2.091026e-07,1.433477e-07,1.506965e-07,1.132595e-06,1.666179e-07,2.771823e-07,6.075887e-08,3.766751e-07,1.708689e-07
19.750980,1.146826e-06,6.342153e-07,6.719758e-06,3.193953e-06,9.289530e-06,1.118996e-06,4.835760e-06,1.969406e-06,3.935306e-06,2.279194e-06,1.724381e-06,1.068347e-06,1.120303e-06,1.507055e-06,6.347456e-07,8.519775e-07,2.250880e-07,1.622656e-07,1.244771e-07,1.192432e-06,1.843348e-07,3.416739e-07,7.772000e-08,4.457070e-07,1.969333e-07
19.775390,1.148504e-06,6.233588e-07,6.611953e-06,3.189232e-06,9.202263e-06,1.119369e-06,4.784173e-06,1.993570e-06,4.068297e-06,2.332858e-06,1.752095e-06,1.029961e-06,1.111188e-06,1.556328e-06,6.395837e-07,9.281369e-07,2.284543e-07,1.673697e-07,1.033162e-07,1.143812e-06,2.069632e-07,3.950420e-07,9.806618e-08,5.101538e-07,2.092500e-07
19.799800,1.140047e-06,6.170912e-07,6.527644e-06,3.237578e-06,9.189264e-06,1.118546e-06,4.797709e-06,2.064592e-06,4.048538e-06,2.275711e-06,1.713341e-06,1.017231e-06,1.140194e-06,1.469576e-06,6.219351e-07,1.000769e-06,2.226058e-07,1.675236e-07,8.892036e-08,1.022554e-06,2.296541e-07,4.285076e-07,1.199501e-07,5.340640e-07,2.051680e-07
19.824220,1.137666e-06,6.128688e-07,6.412954e-06,3.255803e-06,9.068611e-06,1.127792e-06,4.856239e-06,2.085475e-06,3.910075e-06,2.210578e-06,1.705802e-06,9.787545e-07,1.140551e-06,1.418026e-06,6.314422e-07,1.059471e-06,2.208131e-07,1.819541e-07,6.899640e-08,9.512411e-07,2.501530e-07,4.353966e-07,1.353765e-07,5.489057e-07,1.951736e-07
19.848630,1.132473e-06,6.049530e-07,6.355074e-06,3.257786e-06,9.056149e-06,1.130882e-06,4.874929e-06,2.087037e-06,3.909367e-06,2.254504e-06,1.661464e-06,9.488532e-07,1.155795e-06,1.437724e-06,6.249856e-07,1.202719e-06,2.134487e-07,1.952811e-07,5.877857e-08,8.783728e-07,2.561574e-07,4.157603e-07,1.450146e-07,5.221023e-07,1.851670e-07
19.873050,1.118123e-06,6.044010e-07,6.331465e-06,3.261753e-06,9.110437e-06,1.137837e-06,4.910557e-06,2.085605e-06,3.965486e-06,2.272998e-06,1.640758e-06,9.747699e-07,1.145560e-06,1.419736e-06,6.101353e-07,1.326814e-06,1.896736e-07,1.873306e-07,7.419122e-08,7.474580e-07,2.567044e-07,3.938002e-07,1.490601e-07,4.787461e-07,1.711044e-07
19.897460,1.114405e-06,6.017492e-07,6.254707e-06,3.294220e-06,9.223602e-06,1.129038e-06,4.870229e-06,2.132704e-06,4.012557e-06,2.239555e-06,1.675270e-06,9.425241e-07,1.055385e-06,1.421924e-06,6.663461e-07,1.298551e-06,1.560690e-07,1.705599e-07,9.106083e-08,5.142301e-07,2.408615e-07,3.619139e-07,1.438369e-07,4.241357e-07,1.612928e-07
19.921880,1.107606e-06,5.965484e-07,6.263500e-06,3.337286e-06,9.212398e-06,1.116803e-06,4.846537e-06,2.184894e-06,3.976717e-06,2.179185e-06,1.624070e-06,8.681611e-07,1.036583e-06,1.448578e-06,7.333067e-07,1.346296e-06,1.426873e-07,1.579630e-07,9.171309e-08,3.367696e-07,2.249383e-07,3.373059e-07,1.324408e-07,3.983059e-07,1.575473e-07
19.946290,1.100943e-06,5.938721e-07,6.301018e-06,3.320372e-06,9.186234e-06,1.128309e-06,4.869904e-06,2.140921e-06,3.861457e-06,2.123926e-06,1.571434e-06,8.635693e-07,1.092469e-06,1.350266e-06,7.217968e-07,1.534063e-06,1.366404e-07,1.514002e-07,1.011206e-07,2.971676e-07,1.952262e-07,3.056382e-07,1.109006e-07,4.092795e-07,1.675583e-07
19.970700,1.100922e-06,5.913158e-07,6.350353e-06,3.337779e-06,9.353091e-06,1.117243e-06,4.781892e-06,2.140866e-06,3.917119e-06,2.163270e-06,1.585387e-06,8.644435e-07,1.053883e-06,1.272359e-06,7.139923e-07,1.667607e-06,1.178189e-07,1.396886e-07,1.208939e-07,2.895132e-07,1.558876e-07,2.798299e-07,8.871680e-08,4.383651e-07,1.875677e-07
19.995120,1.107454e-06,5.905322e-07,6.438890e-06,3.364314e-06,9.427228e-06,1.100391e-06,4.777600e-06,2.225370e-06,4.011200e-06,2.191563e-06,1.596885e-06,8.392648e-07,9.921910e-07,1.359814e-06,7.649780e-07,1.636377e-06,9.360844e-08,1.220851e-07,1.390641e-07,3.460161e-07,1.104451e-07,2.436866e-07,6.659705e-08,4.544350e-07,2.054844e-07
20.019530,1.118129e-06,5.863508e-07,6.526634e-06,3.341733e-06,9.507008e-06,1.094472e-06,4.839081e-06,2.231283e-06,3.903886e-06,2.114748e-06,1.585402e-06,8.499881e-07,9.810033e-07,1.382077e-06,7.951571e-07,1.613977e-06,8.630291e-08,1.096813e-07,1.439322e-07,5.292614e-07,6.922811e-08,2.087738e-07,5.088566e-08,4.542853e-07,2.111610e-07
20.043950,1.121208e-06,5.873320e-07,6.639950e-06,3.337024e-06,9.675127e-06,1.086063e-06,4.853022e-06,2.211614e-06,3.878020e-06,2.120186e-06,1.567058e-06,8.272775e-07,9.553740e-07,1.321483e-06,8.139275e-07,1.654077e-06,7.723102e-08,1.022180e-07,1.490123e-07,7.090250e-07,7.021176e-08,1.719945e-07,4.323288e-08,4.207305e-07,1.981317e-07
20.068360,1.133779e-06,5.886372e-07,6.665131e-06,3.321810e-06,9.786233e-06,1.081284e-06,4.885124e-06,2.218607e-06,3.970093e-06,2.172595e-06,1.520884e-06,8.101305e-07,9.487437e-07,1.305264e-06,8.531852e-07,1.597615e-06,7.522174e-08,7.782647e-08,1.597026e-07,8.551088e-07,8.456881e-08,1.223548e-07,4.376281e-08,3.861197e-07,1.723769e-07
20.092770,1.139091e-06,5.887976e-07,6.699258e-06,3.309871e-06,9.877561e-06,1.058148e-06,4.885933e-06,2.227933e-06,3.990993e-06,2.151831e-06,1.525327e-06,8.759802e-07,9.789742e-07,1.271706e-06,8.260852e-07,1.530014e-06,1.057578e-07,5.282742e-08,1.748645e-07,9.086949e-07,9.593066e-08,6.623800e-08,4.558659e-08,3.230344e-07,1.361077e-07
20.117190,1.138933e-06,5.961027e-07,6.731296e-06,3.259153e-06,9.868373e-06,1.047334e-06,4.954719e-06,2.284747e-06,4.024495e-06,2.147586e-06,1.559539e-06,8.884265e-07,9.114364e-07,1.211746e-06,7.560485e-07,1.554209e-06,1.366859e-07,5.519851e-08,1.720621e-07,9.811199e-07,1.000171e-07,8.239651e-09,4.349968e-08,2.383431e-07,9.710854e-08
20.141600,1.146782e-06,6.005206e-07,6.691806e-06,3.198211e-06,9.983962e-06,1.064927e-06,5.035021e-06,2.266770e-06,3.988022e-06,2.130252e-06,1.519873e-06,8.610261e-07,8.235153e-07,1.252992e-06,7.719805e-07,1.553831e-06,1.496578e-07,6.568371e-08,1.630730e-07,1.085148e-06,9.917046e-08,6.650909e-08,4.162073e-08,1.110361e-07,6.889668e-08
20.166020,1.152215e-06,6.045240e-07,6.674795e-06,3.198627e-06,1.005037e-05,1.057211e-06,4.959598e-06,2.208309e-06,3.982534e-06,2.133501e-06,1.511295e-06,8.970688e-07,8.719906e-07,1.239730e-06,8.050267e-07,1.371399e-06,1.556384e-07,6.933568e-08,1.594929e-07,1.145842e-06,9.457921e-08,1.128155e-07,3.406737e-08,4.892168e-08,7.262416e-08
20.190430,1.156434e-06,6.077543e-07,6.629477e-06,3.161705e-06,9.921000e-06,1.051783e-06,4.963450e-06,2.268337e-06,4.112312e-06,2.188015e-06,1.555155e-06,9.369058e-07,9.166945e-07,1.117254e-06,7.640334e-07,1.201113e-06,1.794054e-07,8.200884e-08,1.670439e-07,1.127586e-06,9.417754e-08,1.486624e-07,3.729442e-08,2.129666e-07,1.143662e-07
20.214840,1.151746e-06,6.156509e-07,6.576161e-06,3.134268e-06,9.899130e-06,1.060769e-06,5.033167e-06,2.333896e-06,4.083757e-06,2.153347e-06,1.549227e-06,9.688227e-07,9.114050e-07,1.110252e-06,7.086866e-07,1.189169e-06,2.019775e-07,9.911751e-08,1.611701e-07,1.076651e-06,1.143848e-07,1.837122e-07,5.109965e-08,3.591938e-07,1.641119e-07
20.239260,1.155961e-06,6.230445e-07,6.464750e-06,3.145498e-06,9.837295e-06,1.062337e-06,5.022867e-06,2.350289e-06,3.959763e-06,2.113122e-06,1.545159e-06,1.002840e-06,9.392439e-07,1.170541e-06,6.723495e-07,1.160746e-06,2.140591e-07,1.085365e-07,1.395515e-07,1.073899e-06,1.577486e-07,2.174277e-07,7.378068e-08,4.899484e-07,2.110495e-07
20.263670,1.157611e-06,6.243928e-07,6.385684e-06,3.166062e-06,9.722216e-06,1.069315e-06,5.025534e-06,2.374481e-06,3.999205e-06,2.180227e-06,1.533096e-06,9.935172e-07,9.234584e-07,1.150387e-06,6.096334e-07,1.062374e-06,2.224839e-07,1.154295e-07,1.186118e-07,1.119148e-06,2.085982e-07,2.533582e-07,9.393891e-08,5.721513e-07,2.355957e-07
20.288090,1.152027e-06,6.313239e-07,6.375003e-06,3.176092e-06,9.553970e-06,1.060413e-06,4.961554e-06,2.379091e-06,4.049539e-06,2.206003e-06,1.503441e-06,9.632296e-07,9.218750e-07,1.160423e-06,5.989424e-07,1.030705e-06,2.368417e-07,1.304528e-07,1.097746e-07,1.099495e-06,2.554917e-07,2.848722e-07,1.095710e-07,6.314311e-07,2.461846e-07
20.312500,1.154804e-06,6.346576e-07,6.294248e-06,3.137888e-06,9.447035e-06,1.073799e-06,4.957646e-06,2.432433e-06,4.102528e-06,2.192083e-06,1.531548e-06,9.813912e-07,1.021053e-06,1.155442e-06,6.329168e-07,1.020179e-06,2.377666e-07,1.513790e-07,8.932569e-08,1.028522e-06,2.842036e-07,3.254041e-07,1.230281e-07,6.533896e-07,2.388635e-07
20.336910,1.151863e-06,6.370975e-07,6.252114e-06,3.139884e-06,9.508527e-06,1.100784e-06,4.944479e-06,2.476577e-06,4.097994e-06,2.160860e-06,1.544487e-06,1.014742e-06,1.073866e-06,1.095079e-06,5.957312e-07,8.964720e-07,2.190556e-07,1.580550e-07,6.387507e-08,9.340453e-07,3.012830e-07,3.624239e-07,1.292899e-07,6.507290e-07,2.226666e-07
20.361330,1.149411e-06,6.411123e-07,6.222767e-06,3.126284e-06,9.437361e-06,1.090426e-06,4.802079e-06,2.415984e-06,3.989565e-06,2.114631e-06,1.483345e-06,9.737670e-07,1.034635e-06,1.143375e-06,5.516156e-07,8.997200e-07,2.015103e-07,1.534432e-07,4.582726e-08,9.079463e-07,3.042803e-07,4.029216e-07,1.349535e-07,6.058469e-07,2.029862e-07
20.385740,1.146351e-06,6.448530e-07,6.189882e-06,3.073745e-06,9.430791e-06,1.091412e-06,4.811504e-06,2.434914e-06,4.055336e-06,2.166951e-06,1.478127e-06,9.411637e-07,1.017160e-06,1.245849e-06,5.920356e-07,1.076918e-06,2.064807e-07,1.542912e-07,5.419479e-08,8.683254e-07,2.961226e-07,4.314701e-07,1.311897e-07,5.303298e-07,1.882592e-07
20.410160,1.150141e-06,6.483390e-07,6.155113e-06,3.066534e-06,9.515593e-06,1.104775e-06,4.848506e-06,2.494138e-06,4.124430e-06,2.200407e-06,1.502272e-06,9.474920e-07,1.060837e-06,1.246201e-06,6.235360e-07,1.184358e-06,2.037263e-07,1.598112e-07,6.063947e-08,7.444860e-07,2.740932e-07,4.412065e-07,1.272654e-07,4.514866e-07,1.775946e-07
20.434570,1.159520e-06,6.463117e-07,6.108805e-06,3.047273e-06,9.484663e-06,1.113279e-06,4.798054e-06,2.477205e-06,4.003716e-06,2.131828e-06,1.496932e-06,9.207439e-07,1.078462e-06,1.185675e-06,6.405291e-07,1.152276e-06,1.838750e-07,1.555453e-07,6.570493e-08,5.658559e-07,2.396022e-07,4.238890e-07,1.187633e-07,4.146885e-07,1.900894e-07
20.458980,1.164485e-06,6.495407e-07,6.124216e-06,3.019579e-06,9.429176e-06,1.117515e-06,4.767268e-06,2.465434e-06,3.987805e-06,2.150898e-06,1.500839e-06,9.165147e-07,1.071444e-06,1.201264e-06,6.727359e-07,1.201868e-06,1.594690e-07,1.466583e-07,7.797918e-08,4.384176e-07,1.928878e-07,3.827528e-07,1.103622e-07,4.522407e-07,2.229446e-07
20.483400,1.181759e-06,6.501958e-07,6.076199e-06,2.982040e-06,9.359406e-06,1.106805e-06,4.738262e-06,2.430559e-06,4.029865e-06,2.195756e-06,1.465553e-06,9.152162e-07,1.066001e-06,1.240384e-06,6.613466e-07,1.279365e-06,1.433822e-07,1.408230e-07,9.839872e-08,4.101271e-07,1.526455e-07,3.305627e-07,1.006720e-07,5.171761e-07,2.702445e-07
20.507810,1.190920e-06,6.486773e-07,6.044073e-06,2.970571e-06,9.368557e-06,1.123423e-06,4.817200e-06,2.440556e-06,4.070298e-06,2.201749e-06,1.434783e-06,8.593450e-07,1.011516e-06,1.252269e-06,6.477268e-07,1.240296e-06,1.174444e-07,1.386236e-07,1.104265e-07,3.251721e-07,1.234417e-07,2.577653e-07,9.009128e-08,5.641743e-07,3.046318e-07
20.532230,1.192828e-06,6.545522e-07,6.038019e-06,3.006081e-06,9.292230e-06,1.140498e-06,4.855946e-06,2.485656e-06,4.114125e-06,2.208019e-06,1.473163e-06,8.498193e-07,9.813362e-07,1.289620e-06,7.010101e-07,1.277939e-06,8.054160e-08,1.212122e-07,1.158579e-07,2.825007e-07,1.092959e-07,1.841491e-07,7.714115e-08,5.819063e-07,3.232541e-07
20.556640,1.200822e-06,6.668431e-07,6.026319e-06,3.011357e-06,9.151264e-06,1.132038e-06,4.820396e-06,2.424314e-06,4.050182e-06,2.182355e-06,1.465245e-06,8.846765e-07,1.069344e-06,1.295930e-06,7.774248e-07,1.423083e-06,6.913648e-08,9.380544e-08,1.267410e-07,4.396688e-07,1.038950e-07,9.521386e-08,5.775142e-08,5.723464e-07,3.125489e-07
20.581050,1.214223e-06,6.836830e-07,6.064480e-06,3.071897e-06,9.242465e-06,1.143989e-06,4.976456e-06,2.406722e-06,4.111549e-06,2.239298e-06,1.451347e-06,8.771987e-07,1.086914e-06,1.228568e-06,7.746201e-07,1.445074e-06,7.563172e-08,7.593347e-08,1.491908e-07,6.116645e-07,9.973277e-08,3.978260e-08,3.800252e-08,5.337212e-07,2.845735e-07
20.605470,1.224094e-06,6.962337e-07,6.119799e-06,3.154757e-06,9.251078e-06,1.156238e-06,5.120826e-06,2.501554e-06,4.291999e-06,2.340371e-06,1.501527e-06,8.589879e-07,1.011674e-06,1.266551e-06,7.386116e-07,1.304543e-06,7.178785e-08,6.804917e-08,1.624994e-07,7.274812e-07,1.014184e-07,9.189656e-08,1.538255e-08,4.709863e-07,2.373069e-07
20.629880,1.220846e-06,7.143355e-07,6.244866e-06,3.212269e-06,9.232646e-06,1.156222e-06,5.185666e-06,2.552732e-06,4.259674e-06,2.316669e-06,1.527643e-06,8.728362e-07,9.960547e-07,1.341377e-06,7.567721e-07,1.276855e-06,6.984800e-08,5.216688e-08,1.637786e-07,8.299707e-07,1.034195e-07,1.475394e-07,9.904562e-09,3.668518e-07,1.814690e-07
20.654300,1.226087e-06,7.303779e-07,6.310630e-06,3.261359e-06,9.272612e-06,1.158764e-06,5.283337e-06,2.585899e-06,4.196698e-06,2.314985e-06,1.552392e-06,8.715869e-07,1.025595e-06,1.291580e-06,7.825525e-07,1.337666e-06,9.861286e-08,3.791516e-08,1.654625e-07,9.736514e-07,9.520877e-08,1.788677e-07,3.348845e-08,2.605504e-07,1.172847e-07
20.678710,1.226693e-06,7.400087e-07,6.376384e-06,3.300821e-06,9.415457e-06,1.155635e-06,5.330693e-06,2.609623e-06,4.270002e-06,2.411023e-06,1.573018e-06,9.043553e-07,1.047543e-06,1.219399e-06,7.961881e-07,1.328237e-06,1.259040e-07,4.453624e-08,1.769908e-07,1.119597e-06,8.501471e-08,1.800476e-07,5.703786e-08,1.868910e-07,6.717155e-08
20.703120,1.224808e-06,7.529322e-07,6.512888e-06,3.367166e-06,9.624597e-06,1.193016e-06,5.460025e-06,2.629679e-06,4.344799e-06,2.462175e-06,1.539430e-06,9.739626e-07,1.103811e-06,1.222461e-06,8.394295e-07,1.289284e-06,1.463074e-07,5.044718e-08,1.823665e-07,1.171204e-06,8.234677e-08,1.620255e-07,7.636283e-08,2.187668e-07,7.546808e-08
20.727540,1.235004e-06,7.598197e-07,6.612076e-06,3.390701e-06,9.705478e-06,1.212345e-06,5.479457e-06,2.730297e-06,4.461943e-06,2.492626e-06,1.578712e-06,9.617083e-07,1.129586e-06,1.214599e-06,8.335172e-07,1.320510e-06,1.775388e-07,5.845568e-08,1.772149e-07,1.168902e-06,1.043396e-07,1.347999e-07,8.835408e-08,3.146906e-07,1.280732e-07
20.751950,1.246033e-06,7.635427e-07,6.752086e-06,3.396775e-06,9.913132e-06,1.206047e-06,5.450012e-06,2.730333e-06,4.439611e-06,2.467723e-06,1.633242e-06,9.354269e-07,1.095406e-06,1.230941e-06,7.636258e-07,1.271372e-06,2.085643e-07,8.173860e-08,1.580052e-07,1.142818e-06,1.285417e-07,1.293282e-07,9.418040e-08,3.926673e-07,1.779584e-07
20.776370,1.259707e-06,7.659591e-07,6.910500e-06,3.437324e-06,1.013712e-05,1.238408e-06,5.616970e-06,2.679211e-06,4.377099e-06,2.442800e-06,1.591790e-06,9.856431e-07,1.155935e-06,1.289335e-06,7.724450e-07,1.142695e-06,2.125148e-07,1.103097e-07,1.475120e-07,1.152822e-06,1.583287e-07,1.783730e-07,9.222641e-08,4.496740e-07,2.027957e-07
20.800780,1.267428e-06,7.703174e-07,7.105349e-06,3.427563e-06,1.021640e-05,1.275759e-06,5.693640e-06,2.774984e-06,4.536682e-06,2.552241e-06,1.582787e-06,1.004517e-06,1.269102e-06,1.254701e-06,8.337002e-07,1.198187e-06,2.087353e-07,1.263195e-07,1.359665e-07,1.166490e-06,1.836876e-07,2.652346e-07,9.417282e-08,4.721319e-07,2.025149e-07
20.825200,1.282985e-06,7.764552e-07,7.250162e-06,3.412283e-06,1.038477e-05,1.310934e-06,5.678269e-06,2.824774e-06,4.576860e-06,2.585928e-06,1.623424e-06,9.907822e-07,1.284383e-06,1.204613e-06,8.238202e-07,1.381768e-06,2.242715e-07,1.355000e-07,1.186090e-07,1.114339e-06,2.123908e-07,3.687559e-07,9.986187e-08,4.717233e-07,1.815534e-07
20.849610,1.292330e-06,7.786310e-07,7.353837e-06,3.415412e-06,1.052400e-05,1.340874e-06,5.685020e-06,2.829281e-06,4.490874e-06,2.540634e-06,1.636706e-06,1.004221e-06,1.294799e-06,1.288352e-06,7.927579e-07,1.415019e-06,2.438116e-07,1.516305e-07,8.468021e-08,9.978647e-07,2.450093e-07,4.573969e-07,1.186842e-07,4.294143e-07,1.546930e-07
20.874020,1.291308e-06,7.908714e-07,7.519342e-06,3.441026e-06,1.062612e-05,1.374119e-06,5.701091e-06,2.822940e-06,4.547340e-06,2.605302e-06,1.678786e-06,9.835255e-07,1.344889e-06,1.358310e-06,7.984838e-07,1.348226e-06,2.450447e-07,1.707490e-07,5.598217e-08,9.222425e-07,2.710109e-07,5.230586e-07,1.416278e-07,3.699914e-07,1.331002e-07
20.898440,1.303772e-06,8.014875e-07,7.606438e-06,3.478360e-06,1.060179e-05,1.431776e-06,5.797324e-06,2.801748e-06,4.623917e-06,2.661416e-06,1.668657e-06,9.861379e-07,1.325946e-06,1.352395e-06,7.955058e-07,1.393416e-06,2.338779e-07,1.731800e-07,5.326415e-08,8.897004e-07,2.896157e-07,5.583016e-07,1.669293e-07,2.967118e-07,1.291677e-07
20.922850,1.313929e-06,8.078725e-07,7.685330e-06,3.472318e-06,1.053654e-05,1.459002e-06,5.769965e-06,2.892776e-06,4.759217e-06,2.707687e-06,1.637463e-06,1.036792e-06,1.347175e-06,1.409372e-06,8.192206e-07,1.428095e-06,2.291313e-07,1.744822e-07,5.627888e-08,8.302825e-07,2.926772e-07,5.606570e-07,1.892698e-07,3.280091e-07,1.549682e-07
20.947270,1.323634e-06,8.158090e-07,7.811876e-06,3.515739e-06,1.062841e-05,1.461291e-06,5.716719e-06,2.924042e-06,4.796112e-06,2.721797e-06,1.701285e-06,1.020849e-06,1.416563e-06,1.421868e-06,8.867530e-07,1.443626e-06,2.166289e-07,1.870037e-07,6.096070e-08,6.493444e-07,2.907226e-07,5.310820e-07,2.039222e-07,4.376197e-07,2.064215e-07
20.971680,1.333933e-06,8.236198e-07,7.898167e-06,3.562596e-06,1.058706e-05,1.494800e-06,5.856544e-06,2.832226e-06,4.705621e-06,2.688277e-06,1.710280e-06,9.817612e-07,1.359842e-06,1.373411e-06,8.858329e-07,1.575989e-06,1.881809e-07,1.942325e-07,8.874949e-08,4.617619e-07,2.791305e-07,4.924835e-07,2.072994e-07,5.795439e-07,2.781094e-07
20.996090,1.352396e-06,8.331913e-07,7.970837e-06,3.571413e-06,1.054413e-05,1.507424e-06,5.903823e-06,2.852649e-06,4.854967e-06,2.787013e-06,1.681316e-06,1.011727e-06,1.233922e-06,1.438672e-06,8.120156e-07,1.740941e-06,1.607939e-07,1.831320e-07,1.163735e-07,3.642016e-07,2.607467e-07,4.247823e-07,1.949492e-07,6.921961e-07,3.460093e-07
21.020510,1.380708e-06,8.355030e-07,8.008534e-06,3.598044e-06,1.063738e-05,1.512756e-06,5.912394e-06,2.919902e-06,5.040636e-06,2.885683e-06,1.718374e-06,1.033589e-06,1.253164e-06,1.518575e-06,8.287358e-07,1.757793e-06,1.607617e-07,1.645730e-07,1.302204e-07,3.101663e-07,2.168998e-07,3.567637e-07,1.734733e-07,7.581431e-07,3.947177e-07
21.044920,1.403626e-06,8.426422e-07,8.140681e-06,3.614673e-06,1.070354e-05,1.519878e-06,5.986269e-06,2.934650e-06,4.979669e-06,2.830278e-06,1.746951e-06,1.030692e-06,1.280345e-06,1.443012e-06,8.785302e-07,1.600018e-06,1.543958e-07,1.543751e-07,1.385149e-07,2.800772e-07,1.581998e-07,2.771097e-07,1.350697e-07,7.766311e-07,4.128451e-07
21.069340,1.445287e-06,8.506227e-07,8.281193e-06,3.633356e-06,1.079948e-05,1.538540e-06,6.068711e-06,2.953113e-06,4.965776e-06,2.843272e-06,1.789805e-06,1.043685e-06,1.246679e-06,1.399341e-06,8.680426e-07,1.583314e-06,1.285548e-07,1.458010e-07,1.614075e-07,4.528301e-07,9.007486e-08,2.146167e-07,9.340979e-08,7.451398e-07,4.017401e-07
21.093750,1.475093e-06,8.541587e-07,8.393081e-06,3.624849e-06,1.081976e-05,1.583038e-06,6.217363e-06,2.937025e-06,5.042516e-06,2.939562e-06,1.822131e-06,1.015379e-06,1.240925e-06,1.443499e-06,8.849170e-07,1.706083e-06,1.004537e-07,1.262883e-07,1.863793e-07,7.200807e-07,3.031696e-08,1.808360e-07,4.748025e-08,6.718770e-07,3.609336e-07
21.118160,1.490985e-06,8.722050e-07,8.607123e-06,3.599951e-06,1.092474e-05,1.586009e-06,6.274368e-06,2.963949e-06,5.155683e-06,3.004339e-06,1.775071e-06,9.767009e-07,1.187399e-06,1.432553e-06,8.791999e-07,1.720022e-06,9.536239e-08,1.049085e-07,2.006548e-07,9.741788e-07,5.178283e-08,1.558800e-07,5.826442e-09,5.727182e-07,3.040404e-07
21.142580,1.499361e-06,8.941562e-07,8.752597e-06,3.623042e-06,1.102832e-05,1.585033e-06,6.368390e-06,3.030602e-06,5.294675e-06,3.049241e-06,1.787157e-06,1.038478e-06,1.114205e-06,1.410279e-06,8.034477e-07,1.639644e-06,9.351415e-08,9.419965e-08,1.984262e-07,1.117254e-06,1.026017e-07,1.328256e-07,3.874379e-08,4.373298e-07,2.317830e-07
21.166990,1.461765e-06,8.967532e-07,8.677079e-06,3.492857e-06,1.067245e-05,1.597286e-06,6.468907e-06,2.870316e-06,5.103347e-06,2.931122e-06,1.814534e-06,1.037987e-06,1.170904e-06,1.375307e-06,7.814012e-07,1.649335e-06,1.059930e-07,8.026963e-08,2.019715e-07,1.250994e-06,1.478135e-07,1.094227e-07,7.128391e-08,3.232271e-07,1.485929e-07
21.191410,1.421766e-06,8.949942e-07,8.581586e-06,3.405536e-06,1.047748e-05,1.589489e-06,6.378622e-06,2.761384e-06,4.956110e-06,2.855112e-06,1.751782e-06,9.708399e-07,1.230178e-06,1.245490e-06,8.474023e-07,1.550433e-06,1.375567e-07,5.477837e-08,2.055587e-07,1.401711e-06,1.756570e-07,1.181905e-07,9.555253e-08,2.926238e-07,8.670511e-08
21.215820,1.368226e-06,8.972774e-07,8.519320e-06,3.358640e-06,1.021043e-05,1.572837e-06,6.202312e-06,2.764542e-06,4.993633e-06,2.907326e-06,1.681519e-06,9.623104e-07,1.160894e-06,1.135399e-06,8.314016e-07,1.382457e-06,1.564737e-07,4.413624e-08,2.038168e-07,1.532651e-06,1.874985e-07,1.372086e-07,1.041589e-07,3.487947e-07,9.070877e-08
21.240230,1.326893e-06,8.930139e-07,8.399158e-06,3.317296e-06,9.878737e-06,1.551459e-06,6.113073e-06,2.704672e-06,4.846791e-06,2.843720e-06,1.655711e-06,9.481933e-07,1.144111e-06,1.206359e-06,7.598545e-07,1.452517e-06,1.589336e-07,6.418576e-08,1.850048e-07,1.534925e-06,1.735715e-07,1.622719e-07,1.055440e-07,4.143228e-07,1.455556e-07
21.264650,1.283105e-06,8.754528e-07,8.190540e-06,3.263963e-06,9.507619e-06,1.529478e-06,5.994652e-06,2.627900e-06,4.637599e-06,2.739416e-06,1.611125e-06,9.202774e-07,1.210128e-06,1.214659e-06,7.601997e-07,1.600598e-06,1.604337e-07,7.464932e-08,1.668341e-07,1.436829e-06,1.482391e-07,1.854034e-07,9.617507e-08,4.476283e-07,1.862088e-07
21.289060,1.233843e-06,8.615363e-07,8.049761e-06,3.195941e-06,9.216638e-06,1.520382e-06,5.939586e-06,2.543293e-06,4.565555e-06,2.738319e-06,1.601886e-06,9.227724e-07,1.236273e-06,1.129784e-06,7.634076e-07,1.575498e-06,1.822980e-07,8.464384e-08,1.579104e-07,1.370903e-06,1.418534e-07,2.027845e-07,9.162805e-08,4.510107e-07,2.034618e-07
21.313480,1.197598e-06,8.434647e-07,7.874536e-06,3.180195e-06,9.054094e-06,1.458076e-06,5.708479e-06,2.475645e-06,4.506859e-06,2.714685e-06,1.570142e-06,8.834080e-07,1.286803e-06,1.131608e-06,7.513262e-07,1.431154e-06,2.036753e-07,9.949937e-08,1.489144e-07,1.320037e-06,1.612003e-07,2.198020e-07,8.924223e-08,4.286804e-07,1.911425e-07
21.337890,1.164915e-06,8.199550e-07,7.672739e-06,3.131917e-06,8.771437e-06,1.408206e-06,5.530448e-06,2.503005e-06,4.492857e-06,2.672905e-06,1.493065e-06,8.289677e-07,1.320975e-06,1.152371e-06,7.767011e-07,1.433233e-06,2.063839e-07,1.131100e-07,1.245695e-07,1.244307e-06,2.030132e-07,2.289098e-07,9.498709e-08,3.942243e-07,1.671090e-07
21.362300,1.137996e-06,7.947880e-07,7.519919e-06,3.051402e-06,8.578114e-06,1.381717e-06,5.479546e-06,2.437305e-06,4.378118e-06,2.604945e-06,1.482502e-06,8.315843e-07,1.252049e-06,1.166736e-06,7.591396e-07,1.472592e-06,2.004206e-07,1.192658e-07,9.553528e-08,1.065386e-06,2.400716e-07,2.297654e-07,1.082924e-07,3.505204e-07,1.438584e-07
21.386720,1.108394e-06,7.705322e-07,7.395324e-06,3.003492e-06,8.497955e-06,1.331830e-06,5.292060e-06,2.316098e-06,4.160173e-06,2.483937e-06,1.470516e-06,8.370691e-07,1.254809e-06,1.255663e-06,6.761781e-07,1.452367e-06,2.052114e-07,1.234481e-07,7.316916e-08,8.919011e-07,2.769910e-07,2.405802e-07,1.214534e-07,3.248130e-07,1.382903e-07
21.411130,1.085582e-06,7.495483e-07,7.289899e-06,2.924473e-06,8.323734e-06,1.282278e-06,5.114462e-06,2.314609e-06,4.196791e-06,2.498504e-06,1.396794e-06,7.948617e-07,1.320509e-06,1.277398e-06,6.712561e-07,1.500411e-06,1.984951e-07,1.355367e-07,6.272104e-08,8.032485e-07,3.043695e-07,2.610126e-07,1.360638e-07,3.361181e-07,1.433776e-07
21.435550,1.060143e-06,7.244482e-07,7.105159e-06,2.833094e-06,8.193306e-06,1.242687e-06,5.016945e-06,2.285076e-06,4.182473e-06,2.490405e-06,1.362029e-06,7.641008e-07,1.294486e-06,1.217670e-06,7.225704e-07,1.603806e-06,1.786555e-07,1.478282e-07,4.101789e-08,7.395419e-07,3.153713e-07,2.891117e-07,1.437081e-07,3.925090e-07,1.601611e-07
21.459960,1.024784e-06,7.093206e-07,6.956963e-06,2.730948e-06,8.054938e-06,1.221061e-06,4.923887e-06,2.249152e-06,4.011481e-06,2.358591e-06,1.339477e-06,7.531461e-07,1.203193e-06,1.227900e-06,7.080475e-07,1.498320e-06,1.658549e-07,1.470728e-07,2.626562e-08,6.395547e-07,3.080881e-07,3.098937e-07,1.478508e-07,4.667152e-07,1.836884e-07
21.484380,1.000762e-06,6.949907e-07,6.777444e-06,2.633641e-06,7.959303e-06,1.198293e-06,4.828690e-06,2.191041e-06,3.914834e-06,2.304389e-06,1.318474e-06,7.267244e-07,1.132797e-06,1.276879e-06,6.645898e-07,1.293693e-06,1.718341e-07,1.362994e-07,4.039730e-08,5.065347e-07,2.821590e-07,3.157507e-07,1.412401e-07,5.162695e-07,2.116425e-07
21.508790,9.725991e-07,6.763926e-07,6.527271e-06,2.551354e-06,7.814170e-06,1.143757e-06,4.669072e-06,2.107589e-06,3.824984e-06,2.274091e-06,1.329551e-06,7.294279e-07,1.055264e-06,1.243161e-06,6.449038e-07,1.280448e-06,1.644454e-07,1.320049e-07,5.262222e-08,4.060403e-07,2.423049e-07,3.064075e-07,1.311105e-07,5.419712e-07,2.313466e-07
21.533200,9.410881e-07,6.617613e-07,6.327290e-06,2.441170e-06,7.594818e-06,1.118086e-06,4.584871e-06,2.096994e-06,3.848206e-06,2.265705e-06,1.268903e-06,7.225647e-07,9.955055e-07,1.194759e-06,5.973657e-07,1.288664e-06,1.382033e-07,1.308784e-07,5.426031e-08,3.846412e-07,1.866964e-07,2.853479e-07,1.161346e-07,5.233803e-07,2.387309e-07
21.557620,9.092135e-07,6.472033e-07,6.103701e-06,2.377248e-06,7.473461e-06,1.118196e-06,4.569635e-06,2.034344e-06,3.819662e-06,2.228482e-06,1.208987e-06,6.576039e-07,9.869410e-07,1.158535e-06,5.831830e-07,1.196188e-06,1.117724e-07,1.188751e-07,6.708343e-08,3.009745e-07,1.387249e-07,2.457982e-07,9.824800e-08,4.972973e-07,2.210241e-07
21.582030,8.813584e-07,6.329695e-07,5.870845e-06,2.327387e-06,7.237930e-06,1.092771e-06,4.384742e-06,1.903218e-06,3.646191e-06,2.105411e-06,1.216232e-06,6.235062e-07,9.292527e-07,1.086581e-06,6.162813e-07,1.106617e-06,9.581227e-08,1.024724e-07,8.588879e-08,1.988085e-07,9.136945e-08,1.980779e-07,7.979679e-08,4.500876e-07,1.947510e-07
21.606450,8.559570e-07,6.128527e-07,5.624863e-06,2.258054e-06,6.948698e-06,1.070622e-06,4.203819e-06,1.847484e-06,3.589998e-06,2.057091e-06,1.185443e-06,6.269982e-07,7.987257e-07,1.042221e-06,5.973578e-07,1.070191e-06,7.739929e-08,9.504232e-08,1.014349e-07,2.484836e-07,5.682390e-08,1.383424e-07,5.934546e-08,3.961577e-07,1.560243e-07
21.630860,8.237528e-07,5.963348e-07,5.437758e-06,2.207017e-06,6.721240e-06,1.044502e-06,4.071811e-06,1.820538e-06,3.594364e-06,2.074533e-06,1.143305e-06,5.967418e-07,7.442059e-07,1.044356e-06,5.294594e-07,9.307013e-07,6.251077e-08,8.740673e-08,1.082959e-07,3.899983e-07,3.517622e-08,8.132517e-08,4.062035e-08,3.268682e-07,1.276217e-07
21.655270,8.019510e-07,5.818805e-07,5.311051e-06,2.161049e-06,6.494482e-06,1.023799e-06,3.936604e-06,1.754938e-06,3.451818e-06,2.004951e-06,1.103059e-06,5.662772e-07,7.528599e-07,9.825209e-07,5.037516e-07,7.597079e-07,6.690096e-08,6.887919e-08,1.156876e-07,4.870532e-07,5.469266e-08,3.172508e-08,2.307462e-08,2.473446e-07,9.579389e-08
21.679690,7.817118e-07,5.603280e-07,5.147968e-06,2.139606e-06,6.305750e-06,9.947737e-07,3.799759e-06,1.692368e-06,3.312476e-06,1.932136e-06,1.061997e-06,5.542694e-07,7.111399e-07,8.462029e-07,5.114496e-07,7.867005e-07,7.023345e-08,4.752863e-08,1.249530e-07,5.661954e-07,7.747810e-08,5.609734e-08,7.858614e-09,1.560725e-07,6.243276e-08
21.704100,7.570308e-07,5.425816e-07,5.073494e-06,2.098124e-06,6.069680e-06,9.414981e-07,3.587107e-06,1.609675e-06,3.247923e-06,1.921242e-06,1.059127e-06,5.277405e-07,6.799906e-07,7.858064e-07,4.953279e-07,8.533243e-07,6.226417e-08,3.813266e-08,1.319424e-07,6.794272e-07,8.920932e-08,9.329366e-08,6.032714e-09,7.509145e-08,2.796900e-08
21.728520,7.360435e-07,5.258407e-07,5.028334e-06,2.046198e-06,5.915719e-06,9.168865e-07,3.456741e-06,1.564181e-06,3.190794e-06,1.887654e-06,1.047450e-06,5.197012e-07,6.641912e-07,7.649251e-07,4.870595e-07,7.968812e-07,6.433150e-08,3.423065e-08,1.284595e-07,8.077034e-07,9.652909e-08,1.164836e-07,1.620336e-08,2.067537e-08,2.888307e-08
21.752930,7.149863e-07,5.095943e-07,4.956552e-06,2.018662e-06,5.802962e-06,8.962378e-07,3.370171e-06,1.556985e-06,3.179706e-06,1.855840e-06,9.898214e-07,5.254228e-07,6.305962e-07,7.082574e-07,4.808059e-07,7.205269e-07,8.425078e-08,2.908932e-08,1.201407e-07,8.571586e-07,1.047320e-07,1.272631e-07,2.575452e-08,5.078846e-08,6.413994e-08
21.777340,7.105000e-07,5.037606e-07,4.984599e-06,2.005060e-06,5.746687e-06,8.733645e-07,3.246802e-06,1.510178e-06,3.108590e-06,1.820613e-06,9.890257e-07,4.993589e-07,6.573320e-07,7.030601e-07,4.564479e-07,7.943714e-07,9.633552e-08,3.231505e-08,1.159551e-07,8.809874e-07,1.193445e-07,1.331392e-07,3.535874e-08,9.457775e-08,8.907376e-08
21.801760,7.056150e-07,5.042744e-07,5.040498e-06,2.010483e-06,5.819321e-06,8.694451e-07,3.201489e-06,1.493804e-06,3.040561e-06,1.779011e-06,1.027474e-06,4.899829e-07,7.252320e-07,6.969243e-07,4.534234e-07,8.651152e-07,1.029503e-07,4.277641e-08,1.171079e-07,8.807272e-07,1.328277e-07,1.222044e-07,4.394489e-08,1.334902e-07,1.081958e-07
21.826170,7.068399e-07,5.067483e-07,5.107212e-06,2.027487e-06,5.904096e-06,8.724410e-07,3.227236e-06,1.525620e-06,3.125061e-06,1.835157e-06,1.012246e-06,5.118045e-07,7.134934e-07,6.529719e-07,5.002055e-07,9.562676e-07,1.125686e-07,4.736976e-08,1.106798e-07,9.043715e-07,1.426807e-07,1.072512e-07,4.871758e-08,1.784434e-07,1.220978e-07
21.850590,7.048375e-07,5.038487e-07,5.095119e-06,2.040078e-06,5.977488e-06,8.812949e-07,3.236180e-06,1.537152e-06,3.135868e-06,1.852414e-06,9.983617e-07,5.179447e-07,6.917165e-07,7.023531e-07,5.091456e-07,1.111599e-06,1.229071e-07,5.306535e-08,9.906670e-08,9.109613e-07,1.522960e-07,9.474979e-08,5.166792e-08,2.122662e-07,1.427876e-07
21.875000,6.946589e-07,5.068045e-07,5.107190e-06,2.052950e-06,6.045334e-06,8.830489e-07,3.259777e-06,1.545368e-06,3.077106e-06,1.814407e-06,1.004512e-06,5.261033e-07,7.448762e-07,7.901683e-07,4.681564e-07,1.201417e-06,1.201795e-07,6.935606e-08,8.351996e-08,8.550632e-07,1.612096e-07,1.108038e-07,5.262245e-08,2.349380e-07,1.663904e-07
21.899410,6.897089e-07,5.106661e-07,5.130667e-06,2.044888e-06,6.095473e-06,8.698726e-07,3.237733e-06,1.541451e-06,3.050004e-06,1.807316e-06,1.010270e-06,5.349323e-07,7.754644e-07,7.957321e-07,4.531042e-07,1.144144e-06,1.152970e-07,8.310315e-08,7.080595e-08,7.563637e-07,1.762066e-07,1.460926e-07,5.473588e-08,2.480529e-07,1.889568e-07
21.923830,6.846471e-07,5.107976e-07,5.068942e-06,2.063318e-06,6.222414e-06,8.893045e-07,3.288190e-06,1.532664e-06,3.039608e-06,1.817968e-06,1.049165e-06,5.186487e-07,7.827832e-07,8.103396e-07,4.555395e-07,1.120212e-06,1.240077e-07,8.792041e-08,5.926440e-08,6.650403e-07,1.914527e-07,1.858171e-07,5.426071e-08,2.629365e-07,2.046163e-07
21.948240,6.787858e-07,5.097459e-07,5.030754e-06,2.062109e-06,6.249469e-06,9.050236e-07,3.344116e-06,1.565032e-06,3.100868e-06,1.835909e-06,1.052154e-06,5.282859e-07,8.000664e-07,8.777970e-07,4.443070e-07,1.253074e-06,1.319483e-07,8.936078e-08,4.274318e-08,6.083330e-07,2.002151e-07,2.218520e-07,5.617830e-08,2.821481e-07,2.117125e-07
21.972660,6.722241e-07,5.093356e-07,5.010059e-06,2.033372e-06,6.290416e-06,8.984317e-07,3.267753e-06,1.537752e-06,3.126686e-06,1.840481e-06,1.025461e-06,5.638223e-07,7.629185e-07,9.061352e-07,4.517612e-07,1.335440e-06,1.268742e-07,9.589225e-08,2.202192e-08,5.303380e-07,2.067968e-07,2.449562e-07,5.924874e-08,3.065324e-07,2.189061e-07
21.997070,6.677290e-07,5.108475e-07,5.014979e-06,2.028889e-06,6.413519e-06,9.012916e-07,3.235538e-06,1.477798e-06,3.046307e-06,1.774325e-06,1.040950e-06,5.668477e-07,7.127947e-07,9.349786e-07,4.482568e-07,1.311019e-06,1.149203e-07,9.898989e-08,2.075092e-08,4.254590e-07,2.155652e-07,2.579624e-07,6.421572e-08,3.195542e-07,2.239057e-07
22.021480,6.645683e-07,5.054001e-07,4.980049e-06,2.021566e-06,6.474540e-06,9.005903e-07,3.242859e-06,1.495866e-06,3.104695e-06,1.768085e-06,1.059779e-06,5.504931e-07,7.307850e-07,9.849002e-07,3.934823e-07,1.304660e-06,1.101175e-07,9.496496e-08,2.680993e-08,3.027086e-07,2.226111e-07,2.573762e-07,7.026283e-08,3.258251e-07,2.257960e-07
22.045900,6.548569e-07,5.031170e-07,4.964920e-06,2.022244e-06,6.515550e-06,9.032319e-07,3.231697e-06,1.502705e-06,3.181438e-06,1.814871e-06,1.048817e-06,5.532188e-07,7.380044e-07,9.490099e-07,3.609409e-07,1.288645e-06,1.062411e-07,9.131459e-08,2.714192e-08,2.236863e-07,2.226730e-07,2.465821e-07,7.332127e-08,3.180533e-07,2.179745e-07
22.070310,6.529563e-07,5.023322e-07,4.998559e-06,2.008546e-06,6.503069e-06,8.891175e-07,3.200809e-06,1.495977e-06,3.112855e-06,1.773076e-06,1.047493e-06,5.536290e-07,6.933121e-07,9.063753e-07,3.860625e-07,1.151234e-06,9.602930e-08,9.363020e-08,3.511779e-08,1.839582e-07,2.079575e-07,2.188687e-07,7.482751e-08,3.092213e-07,1.964908e-07
22.094730,6.515187e-07,4.961874e-07,4.961144e-06,1.996371e-06,6.531355e-06,8.704382e-07,3.131178e-06,1.482326e-06,3.098312e-06,1.759626e-06,1.030618e-06,5.433826e-07,6.602449e-07,9.424662e-07,3.863746e-07,1.016976e-06,8.888382e-08,9.358478e-08,5.377342e-08,1.296077e-07,1.814202e-07,1.793442e-07,7.014444e-08,3.057130e-07,1.695989e-07
22.119140,6.484732e-07,4.919621e-07,4.942499e-06,1.998448e-06,6.563157e-06,8.818508e-07,3.158769e-06,1.447323e-06,3.105591e-06,1.784362e-06,1.033286e-06,5.475272e-07,6.424926e-07,9.585142e-07,3.675872e-07,9.957596e-07,9.406824e-08,8.470203e-08,6.413886e-08,1.316133e-07,1.477440e-07,1.350386e-07,6.275728e-08,2.953915e-07,1.441039e-07
22.143550,6.458009e-07,4.884112e-07,4.938900e-06,1.970148e-06,6.519972e-06,8.779722e-07,3.172745e-06,1.475890e-06,3.171507e-06,1.802408e-06,1.073903e-06,5.302166e-07,6.235103e-07,9.290880e-07,3.716446e-07,9.825371e-07,9.071193e-08,7.188422e-08,7.116478e-08,2.604888e-07,1.060708e-07,9.507785e-08,5.087332e-08,2.763989e-07,1.280556e-07
22.167970,6.447440e-07,4.869030e-07,4.930330e-06,1.962879e-06,6.580278e-06,8.579461e-07,3.098013e-06,1.495846e-06,3.260435e-06,1.832714e-06,1.052809e-06,5.056593e-07,6.337882e-07,8.923645e-07,3.591724e-07,8.449744e-07,7.453865e-08,6.647535e-08,8.288086e-08,3.871495e-07,6.618036e-08,5.960946e-08,3.788950e-08,2.465948e-07,1.259252e-07
22.192380,6.423268e-07,4.822331e-07,4.898151e-06,1.965250e-06,6.598341e-06,8.547952e-07,3.124969e-06,1.456259e-06,3.182419e-06,1.790619e-06,1.037465e-06,5.258292e-07,6.388337e-07,8.579498e-07,3.653718e-07,6.546758e-07,6.442823e-08,6.219751e-08,9.984411e-08,4.647640e-07,3.214610e-08,3.312040e-08,2.537752e-08,2.204245e-07,1.168795e-07
22.216800,6.323983e-07,4.827995e-07,4.866074e-06,1.947323e-06,6.563656e-06,8.519810e-07,3.176637e-06,1.468524e-06,3.154068e-06,1.755079e-06,1.080430e-06,5.337508e-07,6.000137e-07,8.103846e-07,4.112539e-07,5.820892e-07,7.157131e-08,5.263537e-08,1.087493e-07,5.439805e-07,5.193341e-08,3.352842e-08,2.071507e-08,1.954106e-07,1.066355e-07
22.241210,6.294345e-07,4.850336e-07,4.878015e-06,1.930712e-06,6.556555e-06,8.496678e-07,3.195325e-06,1.492812e-06,3.257458e-06,1.817577e-06,1.088334e-06,5.057488e-07,5.853062e-07,8.089687e-07,4.246871e-07,5.538378e-07,7.301351e-08,4.541628e-08,1.119125e-07,6.622894e-07,9.299719e-08,5.277555e-08,2.843186e-08,1.761785e-07,8.912797e-08
22.265620,6.232519e-07,4.810345e-07,4.822042e-06,1.906034e-06,6.553867e-06,8.325857e-07,3.204137e-06,1.499528e-06,3.245946e-06,1.819938e-06,1.084032e-06,5.030982e-07,6.377168e-07,8.406315e-07,4.104327e-07,5.543074e-07,7.482249e-08,4.539732e-08,1.126853e-07,7.833386e-07,1.241864e-07,8.093436e-08,4.015410e-08,1.467891e-07,7.202203e-08
22.290040,6.113323e-07,4.804760e-07,4.808430e-06,1.895744e-06,6.590273e-06,8.209270e-07,3.194019e-06,1.510892e-06,3.214970e-06,1.780558e-06,1.081776e-06,5.089787e-07,6.514460e-07,7.840628e-07,4.159838e-07,6.759271e-07,8.356427e-08,3.968574e-08,1.193267e-07,8.407204e-07,1.422324e-07,1.002554e-07,4.974007e-08,1.057310e-07,4.557050e-08
22.314450,5.996484e-07,4.807095e-07,4.827193e-06,1.855884e-06,6.535861e-06,8.376886e-07,3.263131e-06,1.490028e-06,3.185419e-06,1.777666e-06,1.071798e-06,5.071922e-07,6.344113e-07,7.433246e-07,4.566134e-07,7.431842e-07,8.769374e-08,2.983148e-08,1.250855e-07,8.491621e-07,1.474256e-07,1.212308e-07,5.578019e-08,8.021880e-08,1.329793e-08
22.338870,5.888671e-07,4.797999e-07,4.813349e-06,1.815226e-06,6.556094e-06,8.297289e-07,3.263499e-06,1.496350e-06,3.172062e-06,1.777991e-06,1.118852e-06,5.251659e-07,6.407601e-07,7.919663e-07,4.821159e-07,6.986768e-07,8.182726e-08,3.289322e-08,1.239061e-07,8.661481e-07,1.459678e-07,1.391858e-07,5.860803e-08,1.146647e-07,4.868535e-08
22.363280,5.799823e-07,4.748842e-07,4.789873e-06,1.807926e-06,6.614787e-06,8.188982e-07,3.168027e-06,1.515311e-06,3.255674e-06,1.809511e-06,1.155028e-06,5.270463e-07,6.350380e-07,8.081389e-07,4.910298e-07,8.249625e-07,7.965223e-08,4.462357e-08,1.148824e-07,9.118757e-07,1.434561e-07,1.544365e-07,5.664700e-08,1.844883e-07,1.092044e-07
22.387700,5.672613e-07,4.700277e-07,4.770530e-06,1.788665e-06,6.559873e-06,8.192685e-07,3.160860e-06,1.459951e-06,3.235097e-06,1.803245e-06,1.122047e-06,5.017643e-07,6.452894e-07,8.197283e-07,4.983626e-07,1.068373e-06,9.041493e-08,4.956091e-08,1.079755e-07,9.588097e-07,1.354591e-07,1.678889e-07,5.352318e-08,2.471277e-07,1.718821e-07
22.412110,5.603090e-07,4.664101e-07,4.808815e-06,1.780311e-06,6.511487e-06,8.183540e-07,3.154952e-06,1.427106e-06,3.154320e-06,1.733110e-06,1.130404e-06,5.162371e-07,6.988510e-07,8.538296e-07,4.727417e-07,1.198694e-06,9.636256e-08,5.228008e-08,1.013045e-07,9.056075e-07,1.356901e-07,1.677243e-07,4.887354e-08,3.085790e-07,2.207466e-07
22.436520,5.549730e-07,4.564313e-07,4.816921e-06,1.776250e-06,6.443199e-06,8.192272e-07,3.129338e-06,1.442203e-06,3.237933e-06,1.747697e-06,1.160229e-06,5.427103e-07,7.033052e-07,8.598738e-07,4.485172e-07,1.234450e-06,9.264021e-08,5.869070e-08,9.001682e-08,8.377071e-07,1.395588e-07,1.635082e-07,4.571676e-08,3.483991e-07,2.595145e-07
22.460940,5.451211e-07,4.488458e-07,4.835364e-06,1.783169e-06,6.397849e-06,8.079202e-07,3.075114e-06,1.434842e-06,3.270203e-06,1.771826e-06,1.162399e-06,5.395080e-07,6.569345e-07,8.795878e-07,4.729396e-07,1.295522e-06,8.477557e-08,6.342447e-08,6.737296e-08,8.012711e-07,1.599221e-07,1.520745e-07,4.801675e-08,3.745060e-07,2.754258e-07
22.485350,5.397785e-07,4.431991e-07,4.917234e-06,1.802545e-06,6.344136e-06,8.161963e-07,3.024005e-06,1.435363e-06,3.209265e-06,1.723284e-06,1.168919e-06,5.438971e-07,6.502642e-07,9.596391e-07,4.795846e-07,1.338113e-06,8.570793e-08,6.333412e-08,4.472476e-08,7.837344e-07,1.811433e-07,1.517814e-07,5.323368e-08,3.699334e-07,2.791598e-07
22.509770,5.347766e-07,4.355597e-07,4.967639e-06,1.808408e-06,6.247002e-06,8.334813e-07,3.045115e-06,1.401687e-06,3.194217e-06,1.712829e-06,1.147014e-06,5.467500e-07,6.694528e-07,9.969206e-07,4.383358e-07,1.276964e-06,8.254350e-08,6.497705e-08,3.079438e-08,7.202387e-07,1.972428e-07,1.533775e-07,6.260535e-08,3.324190e-07,2.652708e-07
22.534180,5.298482e-07,4.281376e-07,5.021597e-06,1.839727e-06,6.242351e-06,8.215319e-07,2.994369e-06,1.381905e-06,3.169289e-06,1.712335e-06,1.141417e-06,5.308576e-07,6.542156e-07,9.464819e-07,4.017640e-07,1.301312e-06,7.479918e-08,7.392731e-08,1.708155e-08,6.013714e-07,2.001368e-07,1.623898e-07,6.893824e-08,2.581359e-07,2.375576e-07
22.558590,5.233085e-07,4.214898e-07,5.063569e-06,1.858155e-06,6.186416e-06,8.150782e-07,2.929257e-06,1.412806e-06,3.271057e-06,1.738127e-06,1.195791e-06,5.427757e-07,6.376248e-07,9.384654e-07,3.833337e-07,1.410232e-06,7.692153e-08,7.809768e-08,2.266913e-09,4.976945e-07,1.920918e-07,1.734730e-07,7.390703e-08,1.694916e-07,1.938313e-07
22.583010,5.200737e-07,4.171031e-07,5.111423e-06,1.848737e-06,6.136058e-06,8.204967e-07,2.972162e-06,1.391685e-06,3.322753e-06,1.764976e-06,1.191783e-06,5.469881e-07,6.272929e-07,9.577914e-07,3.586905e-07,1.412699e-06,8.451560e-08,7.387797e-08,2.350668e-08,4.133475e-07,1.799174e-07,1.857670e-07,7.430075e-08,7.340033e-08,1.375927e-07
22.607420,5.191149e-07,4.086048e-07,5.132282e-06,1.848884e-06,6.200695e-06,8.175910e-07,2.992237e-06,1.369423e-06,3.217849e-06,1.697409e-06,1.163656e-06,5.125874e-07,5.770163e-07,9.311205e-07,3.497394e-07,1.254794e-06,7.695997e-08,6.617300e-08,4.038849e-08,3.289543e-07,1.618451e-07,1.966251e-07,7.241580e-08,7.836788e-08,7.180771e-08
22.631840,5.122498e-07,4.020509e-07,5.114955e-06,1.841186e-06,6.269524e-06,8.084531e-07,2.983411e-06,1.386526e-06,3.231795e-06,1.676439e-06,1.200971e-06,5.014816e-07,5.699001e-07,9.392158e-07,3.512807e-07,1.143472e-06,6.355782e-08,6.438003e-08,5.256292e-08,1.872062e-07,1.403296e-07,1.988242e-07,6.751530e-08,1.571374e-07,4.555384e-08
22.656250,5.103661e-07,4.002927e-07,5.148808e-06,1.832970e-06,6.360665e-06,7.881585e-07,2.970060e-06,1.392319e-06,3.286987e-06,1.714421e-06,1.221566e-06,5.185367e-07,6.004575e-07,9.384672e-07,3.178557e-07,1.077673e-06,6.584573e-08,6.292061e-08,6.569880e-08,4.307151e-08,1.124103e-07,1.907942e-07,5.885654e-08,2.288275e-07,8.244729e-08
22.680660,5.140234e-07,3.946415e-07,5.145166e-06,1.812535e-06,6.412274e-06,7.805874e-07,2.969956e-06,1.394290e-06,3.261989e-06,1.699228e-06,1.238035e-06,5.113893e-07,5.732631e-07,8.604020e-07,2.975323e-07,9.622483e-07,7.509997e-08,5.667138e-08,8.476771e-08,1.629310e-07,8.336224e-08,1.666993e-07,4.856488e-08,2.830355e-07,1.245940e-07
22.705080,5.179485e-07,3.882393e-07,5.099205e-06,1.801799e-06,6.494872e-06,7.792495e-07,3.021791e-06,1.378167e-06,3.231164e-06,1.668714e-06,1.236172e-06,5.122248e-07,5.340451e-07,8.147507e-07,3.314427e-07,8.762975e-07,7.699319e-08,5.239921e-08,1.014811e-07,3.029386e-07,5.467136e-08,1.337717e-07,3.670581e-08,3.172272e-07,1.486541e-07
22.729490,5.244315e-07,3.823994e-07,5.108587e-06,1.820543e-06,6.582674e-06,7.552492e-07,2.995780e-06,1.355236e-06,3.176515e-06,1.650641e-06,1.200917e-06,5.122774e-07,5.432331e-07,8.459289e-07,3.529422e-07,8.313224e-07,8.091788e-08,5.630547e-08,1.111457e-07,4.214968e-07,3.032898e-08,9.710345e-08,2.541413e-08,3.249004e-07,1.584460e-07
22.753910,5.329891e-07,3.780870e-07,5.138498e-06,1.817191e-06,6.527122e-06,7.370566e-07,2.943806e-06,1.371913e-06,3.181644e-06,1.644900e-06,1.237687e-06,4.937101e-07,5.494584e-07,8.264926e-07,3.488816e-07,7.435636e-07,9.143152e-08,5.190744e-08,1.123095e-07,5.756466e-07,3.564467e-09,6.109687e-08,1.487367e-08,3.029894e-07,1.548800e-07
22.778320,5.435780e-07,3.724170e-07,5.180718e-06,1.821497e-06,6.512758e-06,7.301232e-07,2.992084e-06,1.358701e-06,3.239595e-06,1.671676e-06,1.289865e-06,5.150593e-07,5.605440e-07,7.771177e-07,3.641737e-07,5.817205e-07,9.308499e-08,4.150857e-08,1.202335e-07,7.482944e-07,2.732939e-08,5.086325e-08,6.421064e-09,2.609434e-07,1.440153e-07
22.802730,5.458402e-07,3.700571e-07,5.185238e-06,1.850786e-06,6.530896e-06,7.176609e-07,3.016390e-06,1.299312e-06,3.162591e-06,1.644510e-06,1.276144e-06,5.505731e-07,5.775300e-07,7.754844e-07,3.707143e-07,5.810064e-07,8.900926e-08,4.136250e-08,1.293230e-07,8.440791e-07,6.398481e-08,7.333444e-08,2.390443e-09,2.082003e-07,1.315016e-07
22.827150,5.511715e-07,3.743323e-07,5.259082e-06,1.863016e-06,6.488683e-06,7.096392e-07,3.011932e-06,1.286593e-06,3.108937e-06,1.585757e-06,1.272311e-06,5.389918e-07,5.534249e-07,7.506694e-07,3.762013e-07,7.566555e-07,9.142256e-08,5.121603e-08,1.362618e-07,8.782249e-07,1.035503e-07,1.049493e-07,1.122399e-08,1.761885e-07,1.266242e-07
22.851560,5.560535e-07,3.758419e-07,5.307052e-06,1.874838e-06,6.467292e-06,7.027237e-07,3.014636e-06,1.285178e-06,3.198622e-06,1.605774e-06,1.296359e-06,5.344903e-07,5.213584e-07,7.449508e-07,4.210670e-07,8.407555e-07,1.037489e-07,5.423418e-08,1.313777e-07,8.907290e-07,1.397868e-07,1.280349e-07,2.022600e-08,2.067289e-07,1.354685e-07
22.875980,5.512202e-07,3.809327e-07,5.323032e-06,1.874463e-06,6.450125e-06,7.086587e-07,3.009150e-06,1.275908e-06,3.188404e-06,1.606422e-06,1.305619e-06,5.600833e-07,5.562688e-07,7.947972e-07,4.501870e-07,8.654745e-07,1.058179e-07,5.415157e-08,1.288271e-07,9.364899e-07,1.663148e-07,1.432785e-07,2.973343e-08,2.685694e-07,1.639162e-07
22.900390,5.466106e-07,3.877784e-07,5.399515e-06,1.891987e-06,6.523815e-06,7.178387e-07,3.041231e-06,1.265925e-06,3.136666e-06,1.559483e-06,1.318188e-06,5.686210e-07,5.866931e-07,7.876159e-07,4.314938e-07,9.654023e-07,1.003018e-07,5.996316e-08,1.289195e-07,9.711613e-07,1.881672e-07,1.438317e-07,3.918540e-08,3.393174e-07,1.941646e-07
22.924800,5.420802e-07,3.931771e-07,5.453698e-06,1.872896e-06,6.507226e-06,7.022611e-07,3.015796e-06,1.231864e-06,3.099155e-06,1.541417e-06,1.300733e-06,5.847283e-07,5.750778e-07,7.477534e-07,4.135370e-07,1.061770e-06,9.796927e-08,6.348905e-08,1.255610e-07,9.393529e-07,2.043781e-07,1.417975e-07,4.691265e-08,4.056945e-07,2.195729e-07
22.949220,5.385869e-07,3.957173e-07,5.484038e-06,1.837334e-06,6.556154e-06,7.034489e-07,2.958652e-06,1.220314e-06,3.074173e-06,1.537061e-06,1.271776e-06,6.031418e-07,5.815331e-07,7.930440e-07,4.265989e-07,1.077717e-06,9.620921e-08,6.247127e-08,1.122019e-07,8.775360e-07,2.152419e-07,1.403970e-07,5.425151e-08,4.519799e-07,2.372655e-07
22.973630,5.322420e-07,3.969967e-07,5.480500e-06,1.835043e-06,6.716228e-06,7.113443e-07,2.999101e-06,1.232081e-06,3.144886e-06,1.552051e-06,1.316482e-06,5.907833e-07,5.802601e-07,8.582070e-07,4.309161e-07,1.222541e-06,8.593815e-08,6.250052e-08,9.167388e-08,8.092054e-07,2.175191e-07,1.524614e-07,5.811895e-08,4.722179e-07,2.431587e-07
22.998050,5.315782e-07,4.000928e-07,5.495075e-06,1.824258e-06,6.769971e-06,7.106515e-07,2.982718e-06,1.198546e-06,3.165995e-06,1.562175e-06,1.330627e-06,5.968438e-07,5.734488e-07,8.676468e-07,4.258640e-07,1.387484e-06,7.515192e-08,7.192907e-08,7.425443e-08,7.922446e-07,2.055130e-07,1.696397e-07,6.062625e-08,4.597195e-07,2.415289e-07
23.022460,5.377644e-07,3.962997e-07,5.510500e-06,1.817132e-06,6.799662e-06,7.063728e-07,2.931325e-06,1.180139e-06,3.059949e-06,1.505095e-06,1.288956e-06,6.247199e-07,6.095425e-07,8.930680e-07,4.221837e-07,1.396230e-06,7.403033e-08,7.814837e-08,6.285752e-08,7.546799e-07,1.935685e-07,1.851993e-07,5.918971e-08,4.123603e-07,2.284995e-07
23.046880,5.386517e-07,3.909833e-07,5.452703e-06,1.817442e-06,6.805919e-06,6.967068e-07,2.874496e-06,1.199421e-06,3.069928e-06,1.475412e-06,1.295765e-06,6.084874e-07,6.299264e-07,9.036884e-07,3.859605e-07,1.279770e-06,7.345339e-08,7.460874e-08,4.660409e-08,6.906993e-07,1.790928e-07,2.034899e-07,5.612049e-08,3.325891e-07,2.013171e-07
23.071290,5.467410e-07,3.919461e-07,5.527493e-06,1.844530e-06,6.854889e-06,7.113400e-07,2.871235e-06,1.199082e-06,3.133356e-06,1.517348e-06,1.336594e-06,5.863030e-07,5.945918e-07,8.674661e-07,3.461571e-07,1.243214e-06,6.396660e-08,6.826917e-08,2.644451e-08,5.873686e-07,1.798667e-07,2.161371e-07,5.284922e-08,2.431779e-07,1.619163e-07
23.095700,5.547898e-07,3.920166e-07,5.621316e-06,1.888661e-06,6.895734e-06,7.139124e-07,2.914656e-06,1.208823e-06,3.094735e-06,1.500026e-06,1.359931e-06,5.825756e-07,5.926107e-07,9.061729e-07,3.505853e-07,1.254670e-06,5.189212e-08,6.651961e-08,4.959472e-09,5.078349e-07,1.779484e-07,2.266501e-07,4.994921e-08,1.615649e-07,1.151278e-07
23.120120,5.615741e-07,3.934336e-07,5.677734e-06,1.903407e-06,6.831557e-06,6.998336e-07,2.857805e-06,1.201431e-06,3.097759e-06,1.483460e-06,1.385309e-06,5.750416e-07,6.370134e-07,9.679543e-07,3.556648e-07,1.202263e-06,5.321993e-08,6.201711e-08,1.510502e-08,4.727950e-07,1.770197e-07,2.148111e-07,5.098313e-08,1.326137e-07,6.931221e-08
23.144530,5.636794e-07,3.965984e-07,5.721762e-06,1.948133e-06,6.904095e-06,7.062668e-07,2.836183e-06,1.196491e-06,3.056959e-06,1.481918e-06,1.365762e-06,5.728392e-07,6.517295e-07,9.384819e-07,3.223379e-07,1.128407e-06,5.871213e-08,5.603218e-08,2.399968e-08,4.017755e-07,1.714007e-07,1.973675e-07,5.052550e-08,1.748760e-07,6.743009e-08
23.168950,5.669233e-07,4.036584e-07,5.796404e-06,1.996531e-06,6.958589e-06,7.134865e-07,2.920057e-06,1.229438e-06,3.070119e-06,1.474353e-06,1.353981e-06,5.818565e-07,6.542684e-07,9.060736e-07,3.032274e-07,1.088466e-06,5.779018e-08,5.200816e-08,4.357831e-08,2.721162e-07,1.645814e-07,1.646234e-07,5.156253e-08,2.363218e-07,1.037216e-07
23.193360,5.708346e-07,4.069400e-07,5.869010e-06,2.019643e-06,6.965307e-06,7.123467e-07,2.950815e-06,1.212655e-06,3.133190e-06,1.510775e-06,1.429756e-06,5.585195e-07,6.612733e-07,9.192162e-07,3.137114e-07,9.789816e-07,6.282829e-08,5.508191e-08,6.742591e-08,1.304868e-07,1.563130e-07,1.344410e-07,5.005872e-08,2.945771e-07,1.384118e-07
23.217770,5.672103e-07,4.118282e-07,5.855059e-06,2.047983e-06,7.083517e-06,7.186476e-07,2.983584e-06,1.182739e-06,3.050816e-06,1.489768e-06,1.452723e-06,5.298250e-07,6.407338e-07,9.269115e-07,3.197301e-07,7.507809e-07,7.560268e-08,5.307778e-08,8.718770e-08,1.145667e-07,1.392014e-07,1.104342e-07,4.954947e-08,3.378594e-07,1.619897e-07
23.242190,5.684096e-07,4.196415e-07,5.877674e-06,2.061586e-06,7.208760e-06,7.247468e-07,3.045918e-06,1.189961e-06,3.030886e-06,1.451457e-06,1.445514e-06,5.561318e-07,6.554470e-07,9.327045e-07,3.569954e-07,6.443572e-07,7.536785e-08,4.350879e-08,9.262412e-08,2.074883e-07,1.137163e-07,8.954811e-08,4.544950e-08,3.602424e-07,1.721454e-07
23.266600,5.726021e-07,4.220011e-07,5.886538e-06,2.071607e-06,7.378833e-06,7.443783e-07,3.115778e-06,1.196610e-06,3.103213e-06,1.473949e-06,1.479372e-06,5.787179e-07,7.130654e-07,9.567695e-07,3.981855e-07,6.812182e-07,7.227361e-08,3.993356e-08,9.991775e-08,3.673585e-07,7.815286e-08,7.551876e-08,3.944956e-08,3.422469e-07,1.733350e-07
23.291020,5.752828e-07,4.232696e-07,5.804063e-06,2.050494e-06,7.502724e-06,7.448619e-07,3.213670e-06,1.208484e-06,3.101172e-06,1.475306e-06,1.488435e-06,5.637625e-07,7.213218e-07,9.372956e-07,3.873236e-07,6.257413e-07,8.365267e-08,4.973916e-08,1.138987e-07,5.475009e-07,4.678224e-08,5.865397e-08,3.217721e-08,3.011852e-07,1.615094e-07
23.315430,5.791160e-07,4.242340e-07,5.742694e-06,2.034294e-06,7.701384e-06,7.378354e-07,3.212702e-06,1.200933e-06,3.084756e-06,1.448513e-06,1.523878e-06,5.737499e-07,6.797661e-07,9.042343e-07,3.930488e-07,5.627355e-07,9.777613e-08,5.521199e-08,1.284502e-07,6.974460e-07,2.173558e-08,4.621294e-08,2.490742e-08,2.288524e-07,1.449993e-07
23.339840,5.857204e-07,4.256796e-07,5.699572e-06,2.050344e-06,7.933429e-06,7.551741e-07,3.273114e-06,1.177772e-06,3.042843e-06,1.436692e-06,1.532198e-06,5.880787e-07,6.676455e-07,9.571492e-07,4.477500e-07,6.270602e-07,1.015301e-07,5.484281e-08,1.311560e-07,7.948405e-07,2.502146e-08,2.361629e-08,2.068096e-08,1.521633e-07,1.190358e-07
23.364260,5.962424e-07,4.235655e-07,5.691982e-06,2.031939e-06,7.975439e-06,7.642162e-07,3.391801e-06,1.200131e-06,3.046742e-06,1.431269e-06,1.487521e-06,5.941145e-07,6.858315e-07,9.992229e-07,4.904752e-07,6.902244e-07,1.026070e-07,6.271013e-08,1.299488e-07,8.501963e-07,4.560720e-08,9.397295e-09,2.434348e-08,8.386087e-08,9.816620e-08
23.388670,5.985294e-07,4.219650e-07,5.658011e-06,2.009436e-06,8.032484e-06,7.658586e-07,3.401313e-06,1.203488e-06,3.179123e-06,1.468185e-06,1.512596e-06,6.276829e-07,6.810004e-07,9.626679e-07,5.067440e-07,8.103111e-07,1.076493e-07,6.882682e-08,1.355290e-07,9.261292e-07,6.679577e-08,5.361136e-08,2.994988e-08,7.668268e-08,9.746708e-08
23.413090,6.036220e-07,4.266827e-07,5.713506e-06,1.999079e-06,8.109454e-06,7.645807e-07,3.397308e-06,1.170366e-06,3.183419e-06,1.483755e-06,1.568921e-06,6.470425e-07,6.919828e-07,9.340794e-07,5.181322e-07,1.055967e-06,1.089559e-07,6.646647e-08,1.446365e-07,1.008375e-06,8.445265e-08,1.018073e-07,3.760222e-08,1.232659e-07,1.141922e-07
23.437500,6.115511e-07,4.277249e-07,5.850491e-06,1.994712e-06,8.151021e-06,7.647701e-07,3.411936e-06,1.188488e-06,3.124488e-06,1.425061e-06,1.551149e-06,6.331238e-07,6.931449e-07,9.435114e-07,5.215909e-07,1.228013e-06,1.014498e-07,6.763519e-08,1.404723e-07,1.062628e-06,1.022548e-07,1.472863e-07,4.376527e-08,1.826283e-07,1.360316e-07
23.461910,6.143348e-07,4.296843e-07,5.915552e-06,1.991754e-06,8.140026e-06,7.736742e-07,3.456110e-06,1.200020e-06,3.206710e-06,1.429023e-06,1.538962e-06,6.700176e-07,6.547436e-07,9.393238e-07,5.097737e-07,1.244293e-06,9.471974e-08,8.195725e-08,1.266812e-07,1.023191e-06,1.149713e-07,1.860918e-07,4.878323e-08,2.392790e-07,1.540178e-07
23.486330,6.183375e-07,4.335173e-07,6.045308e-06,1.977612e-06,8.068516e-06,7.621550e-07,3.498823e-06,1.206354e-06,3.217879e-06,1.456006e-06,1.555930e-06,7.115197e-07,6.679097e-07,9.657331e-07,5.319517e-07,1.253714e-06,9.921888e-08,9.197617e-08,1.084224e-07,9.699917e-07,1.346824e-07,2.148569e-07,5.235973e-08,2.712270e-07,1.676934e-07
23.510740,6.218280e-07,4.371838e-07,6.212372e-06,2.003440e-06,8.108247e-06,7.476444e-07,3.457131e-06,1.211869e-06,3.206951e-06,1.442878e-06,1.585331e-06,7.055271e-07,7.261380e-07,1.010488e-06,5.597484e-07,1.379974e-06,9.820162e-08,9.253800e-08,9.923355e-08,9.506858e-07,1.563313e-07,2.355767e-07,5.601869e-08,2.848155e-07,1.725196e-07
23.535160,6.265586e-07,4.397878e-07,6.375206e-06,2.014469e-06,8.047128e-06,7.567197e-07,3.503438e-06,1.186996e-06,3.188511e-06,1.444541e-06,1.650149e-06,7.134942e-07,7.202261e-07,9.732395e-07,5.362556e-07,1.487296e-06,8.376150e-08,8.763244e-08,8.477013e-08,9.589738e-07,1.793907e-07,2.471066e-07,6.178324e-08,2.705128e-07,1.766039e-07
23.559570,6.261296e-07,4.417676e-07,6.488692e-06,2.004408e-06,7.951130e-06,7.522726e-07,3.622266e-06,1.204316e-06,3.127875e-06,1.432036e-06,1.623893e-06,7.101293e-07,6.944776e-07,9.192220e-07,4.894017e-07,1.508240e-06,7.115177e-08,8.969942e-08,6.113551e-08,9.066827e-07,1.941105e-07,2.508389e-07,6.971303e-08,2.512195e-07,1.657743e-07
23.583980,6.295122e-07,4.476242e-07,6.584346e-06,2.022217e-06,7.996603e-06,7.493338e-07,3.650324e-06,1.230130e-06,3.190202e-06,1.450261e-06,1.571153e-06,6.883401e-07,7.194210e-07,9.758490e-07,4.836675e-07,1.566272e-06,7.064843e-08,8.853655e-08,3.597520e-08,7.967053e-07,1.985961e-07,2.511272e-07,7.728586e-08,2.416955e-07,1.507249e-07
23.608400,6.371480e-07,4.480641e-07,6.703529e-06,2.033365e-06,8.005911e-06,7.521697e-07,3.716002e-06,1.201154e-06,3.213942e-06,1.487237e-06,1.637700e-06,7.155064e-07,7.409412e-07,9.995730e-07,4.827163e-07,1.598956e-06,6.324750e-08,8.324107e-08,2.953349e-08,6.997171e-07,1.937218e-07,2.421827e-07,8.497603e-08,2.552639e-07,1.397312e-07
23.632810,6.371704e-07,4.475925e-07,6.711006e-06,2.048315e-06,8.025875e-06,7.600496e-07,3.791564e-06,1.196302e-06,3.105927e-06,1.450392e-06,1.673706e-06,7.313172e-07,7.579909e-07,9.699775e-07,4.594735e-07,1.475816e-06,5.712545e-08,8.043106e-08,3.371342e-08,6.385335e-07,1.867020e-07,2.353830e-07,8.976988e-08,2.813288e-07,1.497313e-07
23.657230,6.399161e-07,4.511818e-07,6.758596e-06,2.063459e-06,8.039735e-06,7.709468e-07,3.882127e-06,1.217110e-06,3.125701e-06,1.427043e-06,1.662314e-06,6.970210e-07,8.042171e-07,9.871982e-07,4.451179e-07,1.299505e-06,6.417547e-08,8.516884e-08,4.592226e-08,5.853020e-07,1.744347e-07,2.360512e-07,9.270476e-08,3.046206e-07,1.790611e-07
23.681640,6.450132e-07,4.525950e-07,6.868607e-06,2.095165e-06,8.107516e-06,7.604786e-07,3.946213e-06,1.227634e-06,3.187246e-06,1.459639e-06,1.669037e-06,6.841776e-07,7.846838e-07,9.791805e-07,4.203211e-07,1.278996e-06,7.069747e-08,8.175828e-08,6.968279e-08,4.300898e-07,1.548821e-07,2.380017e-07,9.067046e-08,3.350026e-07,2.098103e-07
23.706050,6.507349e-07,4.532814e-07,6.937801e-06,2.135246e-06,8.177754e-06,7.631492e-07,3.930834e-06,1.257268e-06,3.168821e-06,1.453538e-06,1.670483e-06,6.989210e-07,7.469937e-07,9.511833e-07,3.719825e-07,1.266387e-06,6.783344e-08,6.519208e-08,9.919440e-08,2.415109e-07,1.299727e-07,2.405391e-07,8.592257e-08,3.559262e-07,2.335821e-07
23.730470,6.560696e-07,4.538649e-07,7.027052e-06,2.129140e-06,8.121996e-06,7.844097e-07,4.029225e-06,1.260643e-06,3.174545e-06,1.433319e-06,1.709921e-06,6.984277e-07,8.016385e-07,1.010196e-06,3.942636e-07,1.137125e-06,7.092188e-08,5.329665e-08,1.168378e-07,9.434778e-08,1.072910e-07,2.266055e-07,7.766859e-08,3.722867e-07,2.440006e-07
23.754880,6.652456e-07,4.585666e-07,7.153641e-06,2.140871e-06,8.239433e-06,7.895946e-07,4.128663e-06,1.273769e-06,3.129189e-06,1.425577e-06,1.746822e-06,7.112919e-07,8.358215e-07,1.044754e-06,4.497252e-07,9.618203e-07,8.814521e-08,5.607304e-08,1.257654e-07,1.123890e-07,8.906610e-08,2.094679e-07,6.366422e-08,3.691247e-07,2.442822e-07
23.779300,6.837868e-07,4.608025e-07,7.348067e-06,2.168013e-06,8.433819e-06,7.942866e-07,4.083883e-06,1.320836e-06,3.162783e-06,1.418491e-06,1.682866e-06,7.267580e-07,8.323120e-07,9.918355e-07,4.448460e-07,8.551683e-07,1.008886e-07,5.730889e-08,1.343748e-07,2.260751e-07,7.776328e-08,1.802465e-07,4.928053e-08,3.369486e-07,2.372548e-07
23.803710,6.980299e-07,4.594317e-07,7.475901e-06,2.178986e-06,8.553257e-06,7.999092e-07,4.068403e-06,1.317104e-06,3.291647e-06,1.469921e-06,1.669238e-06,6.974685e-07,8.459474e-07,1.012420e-06,4.354605e-07,7.243004e-07,1.063052e-07,5.819335e-08,1.527620e-07,4.429528e-07,6.423143e-08,1.518317e-07,3.265657e-08,2.805256e-07,2.168476e-07
23.828120,7.129738e-07,4.640697e-07,7.587773e-06,2.193032e-06,8.698031e-06,8.060449e-07,4.079339e-06,1.316299e-06,3.271321e-06,1.479962e-06,1.744295e-06,7.196320e-07,8.323758e-07,1.068665e-06,4.684186e-07,6.301857e-07,1.126463e-07,6.978630e-08,1.626438e-07,6.579724e-07,4.523639e-08,1.090613e-07,2.101417e-08,2.086234e-07,1.888684e-07
23.852540,7.309630e-07,4.661344e-07,7.801805e-06,2.199379e-06,8.823093e-06,8.130192e-07,4.113256e-06,1.349968e-06,3.266611e-06,1.438647e-06,1.740397e-06,7.615052e-07,8.051992e-07,1.079363e-06,4.916180e-07,7.128027e-07,1.252217e-07,7.794939e-08,1.613638e-07,8.206630e-07,2.861008e-08,6.691677e-08,1.199598e-08,1.341886e-07,1.481440e-07
23.876950,7.450818e-07,4.695212e-07,7.944292e-06,2.228401e-06,9.024427e-06,8.020524e-07,4.144921e-06,1.367263e-06,3.343369e-06,1.451640e-06,1.719419e-06,7.374468e-07,8.360987e-07,1.115741e-06,5.271370e-07,8.038617e-07,1.246445e-07,7.815343e-08,1.532658e-07,9.188825e-07,3.850705e-08,3.795334e-08,1.050503e-08,8.137799e-08,1.016237e-07
23.901370,7.582583e-07,4.753585e-07,8.030151e-06,2.232808e-06,9.116281e-06,8.086936e-07,4.107680e-06,1.387832e-06,3.358322e-06,1.467642e-06,1.715813e-06,7.235928e-07,8.638612e-07,1.137870e-06,5.839284e-07,7.771981e-07,1.187251e-07,8.049981e-08,1.644635e-07,9.980115e-07,6.886044e-08,5.856239e-08,1.177558e-08,6.346699e-08,5.895688e-08
23.925780,7.700853e-07,4.841408e-07,8.099819e-06,2.224440e-06,9.189212e-06,8.274717e-07,4.199162e-06,1.383870e-06,3.383171e-06,1.464884e-06,1.714907e-06,7.520042e-07,8.176443e-07,1.078807e-06,5.792787e-07,8.100441e-07,1.209464e-07,9.691605e-08,1.759628e-07,1.090784e-06,1.081820e-07,9.196011e-08,1.472798e-08,8.072884e-08,3.292971e-08
23.950200,7.830118e-07,4.915411e-07,8.189523e-06,2.263557e-06,9.420963e-06,8.258363e-07,4.310213e-06,1.367094e-06,3.373868e-06,1.468316e-06,1.787039e-06,7.686022e-07,7.969331e-07,1.057253e-06,5.574093e-07,1.012276e-06,1.289211e-07,1.082027e-07,1.733879e-07,1.181018e-06,1.444684e-07,1.237992e-07,1.965625e-08,1.194600e-07,3.017097e-08
23.974610,7.842559e-07,4.999307e-07,8.231752e-06,2.279869e-06,9.486088e-06,8.358344e-07,4.303473e-06,1.403865e-06,3.363679e-06,1.458666e-06,1.797912e-06,7.942410e-07,8.525300e-07,1.128879e-06,5.870305e-07,1.198597e-06,1.257820e-07,1.101467e-07,1.586246e-07,1.203539e-06,1.830711e-07,1.438663e-07,3.072243e-08,1.552022e-07,4.126791e-08
23.999020,7.887027e-07,5.146796e-07,8.277133e-06,2.291248e-06,9.533912e-06,8.518775e-07,4.388699e-06,1.412868e-06,3.482005e-06,1.489339e-06,1.735773e-06,8.074097e-07,8.631465e-07,1.148060e-06,6.191434e-07,1.314707e-06,1.141062e-07,1.055118e-07,1.521548e-07,1.151947e-06,2.106885e-07,1.669125e-07,4.628536e-08,1.917570e-07,5.585599e-08
24.023440,7.987294e-07,5.235508e-07,8.438685e-06,2.306049e-06,9.613298e-06,8.672242e-07,4.488450e-06,1.377947e-06,3.507595e-06,1.527566e-06,1.768116e-06,7.777923e-07,8.918396e-07,1.098617e-06,6.157274e-07,1.435215e-06,1.051747e-07,1.084181e-07,1.503304e-07,1.076003e-06,2.225915e-07,1.845437e-07,6.285350e-08,2.293330e-07,7.174259e-08
24.047850,8.026815e-07,5.297153e-07,8.498688e-06,2.333385e-06,9.734158e-06,8.811560e-07,4.580397e-06,1.394709e-06,3.436909e-06,1.497659e-06,1.817416e-06,7.717698e-07,9.288297e-07,1.119051e-06,6.077311e-07,1.523393e-06,9.782374e-08,1.079708e-07,1.346535e-07,1.073334e-06,2.225566e-07,1.987821e-07,7.971496e-08,2.840180e-07,9.091015e-08
24.072270,8.085005e-07,5.368152e-07,8.543272e-06,2.349187e-06,9.804388e-06,8.810823e-07,4.647779e-06,1.417348e-06,3.518233e-06,1.495870e-06,1.809806e-06,8.144619e-07,8.964929e-07,1.114237e-06,6.045309e-07,1.479006e-06,8.058186e-08,9.923603e-08,1.025183e-07,1.038824e-06,2.118809e-07,2.097095e-07,9.292851e-08,3.487465e-07,1.090965e-07
24.096680,8.147148e-07,5.424268e-07,8.652966e-06,2.316327e-06,9.796021e-06,9.064078e-07,4.652574e-06,1.438934e-06,3.582736e-06,1.541223e-06,1.819017e-06,8.082140e-07,9.191604e-07,1.107499e-06,5.707850e-07,1.439098e-06,6.496945e-08,9.718551e-08,7.497640e-08,9.669694e-07,2.017319e-07,2.204702e-07,1.017303e-07,4.154988e-07,1.269913e-07
24.121090,8.238110e-07,5.460990e-07,8.761997e-06,2.322748e-06,1.002643e-05,9.317350e-07,4.796455e-06,1.475836e-06,3.584559e-06,1.542215e-06,1.817008e-06,7.856302e-07,1.020547e-06,1.189146e-06,5.768209e-07,1.575145e-06,6.408397e-08,1.049634e-07,5.608515e-08,8.239036e-07,1.899730e-07,2.363733e-07,1.034122e-07,4.573503e-07,1.507432e-07
24.145510,8.256028e-07,5.471557e-07,8.848872e-06,2.330546e-06,1.022295e-05,9.350079e-07,4.866112e-06,1.474811e-06,3.596035e-06,1.539529e-06,1.844924e-06,7.975565e-07,1.051766e-06,1.194737e-06,6.235583e-07,1.649989e-06,6.190584e-08,1.029402e-07,3.687490e-08,7.286849e-07,1.862490e-07,2.514921e-07,1.013208e-07,4.825998e-07,1.726841e-07
24.169920,8.289167e-07,5.541980e-07,8.898428e-06,2.306334e-06,1.027279e-05,9.452334e-07,4.801845e-06,1.505889e-06,3.530421e-06,1.532974e-06,1.919035e-06,7.821314e-07,1.009158e-06,1.134559e-06,6.013499e-07,1.544237e-06,4.954917e-08,8.758160e-08,1.875922e-08,6.863108e-07,1.810696e-07,2.538733e-07,9.590384e-08,4.666161e-07,1.947244e-07
24.194340,8.384699e-07,5.573806e-07,9.058436e-06,2.295244e-06,1.040528e-05,9.520302e-07,4.827152e-06,1.552531e-06,3.577419e-06,1.537328e-06,1.876410e-06,7.886531e-07,1.000047e-06,1.171275e-06,5.410353e-07,1.408659e-06,4.816172e-08,7.158690e-08,4.847355e-08,5.983442e-07,1.848189e-07,2.457415e-07,8.521379e-08,4.494141e-07,1.995911e-07
24.218750,8.397918e-07,5.580231e-07,9.159553e-06,2.285205e-06,1.051446e-05,9.595054e-07,4.882920e-06,1.533789e-06,3.693753e-06,1.598404e-06,1.816348e-06,8.272795e-07,1.013470e-06,1.249355e-06,5.406056e-07,1.371685e-06,6.561863e-08,6.464077e-08,7.918509e-08,4.328994e-07,1.914088e-07,2.267652e-07,7.646831e-08,4.146454e-07,1.949728e-07
24.243160,8.450993e-07,5.628819e-07,9.202727e-06,2.285162e-06,1.061312e-05,9.589012e-07,4.968158e-06,1.554184e-06,3.636352e-06,1.598471e-06,1.888043e-06,8.104030e-07,1.016740e-06,1.251000e-06,5.609079e-07,1.267245e-06,7.686080e-08,5.915782e-08,1.000027e-07,2.108208e-07,1.927117e-07,2.017827e-07,6.649967e-08,3.786655e-07,1.779363e-07
24.267580,8.522189e-07,5.648271e-07,9.342677e-06,2.268571e-06,1.060009e-05,9.502193e-07,5.006074e-06,1.591351e-06,3.654065e-06,1.555657e-06,1.919654e-06,7.871826e-07,1.047350e-06,1.228067e-06,5.732789e-07,1.123186e-06,8.722354e-08,5.350778e-08,1.126327e-07,6.323854e-08,1.870254e-07,1.736920e-07,6.528421e-08,3.238654e-07,1.611622e-07
24.291990,8.591763e-07,5.663003e-07,9.453376e-06,2.275399e-06,1.062487e-05,9.681327e-07,5.023255e-06,1.610202e-06,3.712911e-06,1.569986e-06,1.908937e-06,8.291941e-07,1.033826e-06,1.233690e-06,6.074404e-07,1.110467e-06,1.006374e-07,6.070441e-08,1.389980e-07,7.327126e-08,1.636359e-07,1.456128e-07,6.620557e-08,2.569914e-07,1.478790e-07
24.316410,8.669840e-07,5.669408e-07,9.547466e-06,2.319191e-06,1.072571e-05,9.731630e-07,5.197365e-06,1.639374e-06,3.703050e-06,1.568752e-06,1.905976e-06,8.485362e-07,9.451233e-07,1.214024e-06,6.094727e-07,1.077391e-06,1.166287e-07,6.850761e-08,1.603577e-07,2.496395e-07,1.329343e-07,1.172233e-07,6.776801e-08,1.891624e-07,1.364117e-07
24.340820,8.786893e-07,5.695911e-07,9.608956e-06,2.323164e-06,1.060713e-05,9.631546e-07,5.267680e-06,1.619289e-06,3.731481e-06,1.565395e-06,1.873861e-06,8.277801e-07,9.375906e-07,1.244417e-06,5.742322e-07,8.887357e-07,1.219377e-07,6.897685e-08,1.647799e-07,5.124991e-07,9.538988e-08,8.586537e-08,6.631878e-08,1.521886e-07,1.170773e-07
24.365230,9.042977e-07,5.705855e-07,9.671583e-06,2.335216e-06,1.054635e-05,9.740932e-07,5.268662e-06,1.624282e-06,3.681253e-06,1.560948e-06,1.939778e-06,8.240922e-07,9.671209e-07,1.331215e-06,6.017961e-07,7.488957e-07,1.239793e-07,7.174838e-08,1.544331e-07,7.394115e-07,6.213760e-08,6.551695e-08,5.985315e-08,1.518488e-07,9.537562e-08
24.389650,9.232539e-07,5.646450e-07,9.709049e-06,2.369725e-06,1.061648e-05,9.843082e-07,5.395710e-06,1.677830e-06,3.694856e-06,1.539556e-06,1.999828e-06,8.177256e-07,9.217275e-07,1.279000e-06,6.707753e-07,8.585084e-07,1.409758e-07,9.470758e-08,1.563141e-07,8.777236e-07,2.951267e-08,4.770716e-08,5.111342e-08,1.646919e-07,6.913123e-08
24.414060,9.447079e-07,5.658326e-07,9.599929e-06,2.388298e-06,1.062511e-05,9.933770e-07,5.490886e-06,1.665604e-06,3.840827e-06,1.578304e-06,1.939937e-06,8.220473e-07,8.670617e-07,1.196437e-06,6.813604e-07,9.228124e-07,1.575300e-07,1.147093e-07,1.636574e-07,9.970905e-07,1.780556e-08,2.697381e-08,3.899923e-08,1.520382e-07,6.037134e-08
24.438480,9.715969e-07,5.655771e-07,9.607696e-06,2.399002e-06,1.066166e-05,9.944038e-07,5.551553e-06,1.649617e-06,3.818118e-06,1.597645e-06,1.931840e-06,8.724935e-07,8.437013e-07,1.205590e-06,6.603315e-07,9.874972e-07,1.567245e-07,1.229507e-07,1.633438e-07,1.155839e-06,4.947185e-08,1.231041e-08,3.049495e-08,1.113567e-07,5.055503e-08
24.462890,9.930951e-07,5.660618e-07,9.619611e-06,2.391024e-06,1.069263e-05,9.958831e-07,5.579952e-06,1.681209e-06,3.776471e-06,1.552892e-06,1.963360e-06,8.788651e-07,8.077775e-07,1.196207e-06,6.616054e-07,1.127112e-06,1.495776e-07,1.261540e-07,1.507709e-07,1.305270e-06,7.809850e-08,5.782785e-08,3.316727e-08,5.625643e-08,4.348045e-08
24.487300,1.011927e-06,5.701374e-07,9.573255e-06,2.426646e-06,1.093277e-05,1.027327e-06,5.601216e-06,1.695006e-06,3.870878e-06,1.554949e-06,1.960840e-06,8.383708e-07,8.366275e-07,1.154560e-06,6.622452e-07,1.195800e-06,1.504930e-07,1.368702e-07,1.468057e-07,1.392695e-06,1.046832e-07,1.133163e-07,4.211495e-08,4.580963e-08,2.963963e-08
24.511720,1.026141e-06,5.791260e-07,9.554889e-06,2.445743e-06,1.109037e-05,1.045675e-06,5.730857e-06,1.733052e-06,3.909964e-06,1.586739e-06,1.969737e-06,8.594610e-07,9.020752e-07,1.153423e-06,6.577680e-07,1.214241e-06,1.461307e-07,1.451392e-07,1.482939e-07,1.382215e-06,1.288405e-07,1.679712e-07,5.513192e-08,1.259080e-07,4.033426e-08
24.536130,1.042756e-06,5.897129e-07,9.600479e-06,2.429413e-06,1.107837e-05,1.045933e-06,5.731209e-06,1.758025e-06,3.948039e-06,1.583337e-06,1.935586e-06,8.894499e-07,8.791029e-07,1.112999e-06,6.931295e-07,1.364748e-06,1.303290e-07,1.427132e-07,1.470394e-07,1.327539e-06,1.580936e-07,2.163544e-07,6.434490e-08,2.405935e-07,7.359981e-08
24.560550,1.044956e-06,5.985682e-07,9.699177e-06,2.453839e-06,1.128473e-05,1.068829e-06,5.617090e-06,1.766208e-06,3.955264e-06,1.585288e-06,1.930278e-06,8.770753e-07,8.580037e-07,1.033789e-06,6.742168e-07,1.611142e-06,1.170086e-07,1.423271e-07,1.289269e-07,1.287578e-06,1.914026e-07,2.711968e-07,7.090129e-08,3.537690e-07,1.163609e-07
24.584960,1.046972e-06,6.150682e-07,9.726195e-06,2.467795e-06,1.142681e-05,1.080584e-06,5.677034e-06,1.833374e-06,3.900016e-06,1.563112e-06,2.011037e-06,8.953430e-07,9.539865e-07,1.080877e-06,5.985762e-07,1.714020e-06,1.151584e-07,1.558912e-07,1.056076e-07,1.258149e-06,2.193348e-07,3.101005e-07,7.618171e-08,4.792119e-07,1.557195e-07
24.609380,1.055272e-06,6.267146e-07,9.915266e-06,2.481809e-06,1.152592e-05,1.095231e-06,5.705980e-06,1.861939e-06,4.006047e-06,1.569102e-06,2.005229e-06,8.923664e-07,1.033581e-06,1.157915e-06,5.937421e-07,1.690499e-06,1.064728e-07,1.610382e-07,9.513964e-08,1.168734e-06,2.388011e-07,3.430126e-07,8.096985e-08,5.706738e-07,1.976075e-07
24.633790,1.056290e-06,6.344192e-07,1.012413e-05,2.493945e-06,1.160055e-05,1.107735e-06,5.729470e-06,1.839697e-06,4.091791e-06,1.622693e-06,1.915489e-06,8.660360e-07,1.067081e-06,1.121587e-06,6.333285e-07,1.728964e-06,8.442423e-08,1.457210e-07,9.062574e-08,9.860892e-07,2.496719e-07,3.504716e-07,8.654032e-08,6.281885e-07,2.375400e-07
24.658200,1.063992e-06,6.436779e-07,1.019578e-05,2.533183e-06,1.174479e-05,1.117391e-06,5.717746e-06,1.877705e-06,4.040062e-06,1.612702e-06,1.921808e-06,9.040684e-07,1.116390e-06,1.133308e-06,6.380069e-07,1.783011e-06,6.268925e-08,1.273512e-07,7.359174e-08,8.186010e-07,2.501177e-07,3.433368e-07,9.272755e-08,6.457850e-07,2.667536e-07
24.682620,1.077004e-06,6.484187e-07,1.030231e-05,2.575456e-06,1.188334e-05,1.145940e-06,5.689904e-06,1.917237e-06,4.100755e-06,1.582741e-06,1.952067e-06,9.250930e-07,1.116509e-06,1.224657e-06,6.210450e-07,1.708893e-06,5.741444e-08,1.213600e-07,6.202523e-08,7.353725e-07,2.425509e-07,3.156452e-07,9.643507e-08,6.258979e-07,2.828357e-07
24.707030,1.095745e-06,6.500377e-07,1.036254e-05,2.562865e-06,1.180382e-05,1.142501e-06,5.785429e-06,1.936172e-06,4.170215e-06,1.602132e-06,1.957273e-06,8.877247e-07,1.089325e-06,1.265048e-06,6.104414e-07,1.649041e-06,4.778363e-08,1.108852e-07,7.494028e-08,6.803412e-07,2.315064e-07,2.840493e-07,1.006516e-07,5.789397e-07,2.740418e-07
24.731450,1.107687e-06,6.469036e-07,1.041699e-05,2.580660e-06,1.192945e-05,1.137524e-06,5.735536e-06,1.963982e-06,4.146568e-06,1.602386e-06,1.952469e-06,8.897924e-07,1.151419e-06,1.338768e-06,5.807050e-07,1.732583e-06,4.914871e-08,9.145179e-08,9.181032e-08,5.046735e-07,2.082344e-07,2.557527e-07,1.013726e-07,5.289037e-07,2.459918e-07
24.755860,1.120058e-06,6.513556e-07,1.040838e-05,2.613523e-06,1.216366e-05,1.152345e-06,5.674318e-06,1.933907e-06,4.168581e-06,1.592623e-06,1.899918e-06,9.086345e-07,1.201459e-06,1.429617e-06,5.902242e-07,1.685335e-06,6.938484e-08,7.902958e-08,9.622449e-08,3.561544e-07,1.842185e-07,2.324204e-07,9.995636e-08,4.681810e-07,2.079596e-07
24.780270,1.142313e-06,6.544553e-07,1.052459e-05,2.609080e-06,1.222476e-05,1.152696e-06,5.758767e-06,1.955773e-06,4.113479e-06,1.594922e-06,1.912349e-06,9.047234e-07,1.131131e-06,1.401496e-06,6.652138e-07,1.466201e-06,7.927878e-08,7.331943e-08,1.134854e-07,3.349948e-07,1.538702e-07,2.257519e-07,9.448660e-08,4.311089e-07,1.710093e-07
24.804690,1.150083e-06,6.548105e-07,1.070036e-05,2.600710e-06,1.234977e-05,1.151534e-06,5.780661e-06,2.010258e-06,4.141122e-06,1.575103e-06,1.996158e-06,9.128852e-07,1.094967e-06,1.367292e-06,6.774979e-07,1.334611e-06,8.497284e-08,6.021732e-08,1.406697e-07,3.547493e-07,1.406717e-07,2.237995e-07,8.487527e-08,4.005758e-07,1.532480e-07
24.829100,1.157811e-06,6.617340e-07,1.073664e-05,2.595172e-06,1.252045e-05,1.141052e-06,5.806738e-06,1.975854e-06,4.315806e-06,1.619053e-06,1.977408e-06,8.976268e-07,1.109166e-06,1.482834e-06,6.308874e-07,1.338379e-06,1.025082e-07,4.304136e-08,1.656777e-07,3.450570e-07,1.330648e-07,2.271382e-07,7.270089e-08,4.179402e-07,1.484674e-07
24.853520,1.165116e-06,6.683713e-07,1.088023e-05,2.620984e-06,1.278809e-05,1.136777e-06,5.818384e-06,1.994730e-06,4.263779e-06,1.636586e-06,1.926865e-06,8.353689e-07,1.081225e-06,1.537120e-06,6.491750e-07,1.282707e-06,1.291357e-07,6.118242e-08,1.710459e-07,4.135020e-07,1.275970e-07,2.221672e-07,5.662230e-08,4.495409e-07,1.568161e-07
24.877930,1.163905e-06,6.766293e-07,1.103219e-05,2.601573e-06,1.281277e-05,1.152270e-06,5.868666e-06,2.026238e-06,4.273836e-06,1.583821e-06,1.965647e-06,8.317516e-07,1.066846e-06,1.504240e-06,6.905289e-07,1.211401e-06,1.435622e-07,8.474359e-08,1.725283e-07,5.706248e-07,1.144980e-07,2.065355e-07,4.438741e-08,4.764299e-07,1.639914e-07
24.902340,1.158745e-06,6.834745e-07,1.115614e-05,2.590801e-06,1.282909e-05,1.132684e-06,6.028815e-06,2.051867e-06,4.368703e-06,1.590979e-06,1.970514e-06,8.629280e-07,1.042232e-06,1.507151e-06,7.048813e-07,1.201175e-06,1.501977e-07,9.802665e-08,1.754261e-07,7.467473e-07,8.868959e-08,1.717330e-07,3.000401e-08,4.671983e-07,1.714812e-07
24.926760,1.153219e-06,6.926338e-07,1.119522e-05,2.637618e-06,1.306443e-05,1.122265e-06,5.986786e-06,2.098902e-06,4.410361e-06,1.603705e-06,1.980570e-06,8.343199e-07,9.427540e-07,1.471883e-06,7.374178e-07,1.172187e-06,1.553226e-07,1.163942e-07,1.852265e-07,8.355564e-07,6.480956e-08,1.180180e-07,2.163833e-08,4.215044e-07,1.747579e-07
24.951170,1.159654e-06,6.990117e-07,1.119026e-05,2.664653e-06,1.308124e-05,1.130705e-06,5.968685e-06,2.099418e-06,4.490565e-06,1.612276e-06,1.975600e-06,8.085010e-07,8.970476e-07,1.407803e-06,7.572125e-07,1.079789e-06,1.646100e-07,1.384770e-07,1.827701e-07,9.456379e-07,5.293198e-08,5.688915e-08,1.283663e-08,3.436365e-07,1.641166e-07
24.975590,1.158234e-06,6.974859e-07,1.119102e-05,2.710223e-06,1.313956e-05,1.124573e-06,6.083692e-06,2.140694e-06,4.463772e-06,1.615720e-06,1.919583e-06,8.092514e-07,9.432785e-07,1.422240e-06,7.149900e-07,1.189361e-06,1.623602e-07,1.489959e-07,1.688082e-07,1.108116e-06,7.674744e-08,3.783885e-08,1.198394e-08,2.600468e-07,1.330102e-07
25.000000,1.162879e-06,7.006188e-07,1.099880e-05,2.775165e-06,1.317386e-05,1.129993e-06,6.108164e-06,2.225926e-06,4.436269e-06,1.579906e-06,1.987362e-06,7.967626e-07,9.398695e-07,1.400943e-06,7.222744e-07,1.454448e-06,1.528595e-07,1.522104e-07,1.590287e-07,1.290227e-06,1.255926e-07,8.688516e-08,1.782824e-08,1.825710e-07,9.029496e-08
25.024410,1.176563e-06,6.994794e-07,1.083247e-05,2.852331e-06,1.317776e-05,1.134780e-06,6.136340e-06,2.210985e-06,4.598487e-06,1.599291e-06,2.033246e-06,8.091516e-07,8.962912e-07,1.274871e-06,7.907253e-07,1.531022e-06,1.544149e-07,1.626804e-07,1.604075e-07,1.391669e-06,1.761962e-07,1.346640e-07,2.795472e-08,1.607571e-07,3.767411e-08
25.048830,1.184311e-06,6.947494e-07,1.071421e-05,2.906001e-06,1.317439e-05,1.158183e-06,6.107210e-06,2.198031e-06,4.634228e-06,1.650930e-06,1.974568e-06,8.325028e-07,9.009232e-07,1.198050e-06,7.929241e-07,1.493996e-06,1.619353e-07,1.809825e-07,1.528226e-07,1.373427e-06,2.237650e-07,1.850599e-07,3.836632e-08,1.909756e-07,3.339541e-08
25.073240,1.191369e-06,6.922387e-07,1.054692e-05,2.923492e-06,1.310453e-05,1.179085e-06,6.108879e-06,2.264660e-06,4.584799e-06,1.624197e-06,1.942183e-06,8.005646e-07,9.136496e-07,1.205918e-06,7.534920e-07,1.597597e-06,1.496535e-07,1.893033e-07,1.251607e-07,1.347594e-06,2.542605e-07,2.199980e-07,5.471753e-08,2.465877e-07,8.023588e-08
25.097660,1.196593e-06,6.924599e-07,1.046258e-05,2.987522e-06,1.336013e-05,1.170461e-06,6.126372e-06,2.289339e-06,4.733417e-06,1.616633e-06,1.941833e-06,7.896664e-07,9.481830e-07,1.173234e-06,7.352878e-07,1.693635e-06,1.291993e-07,1.812100e-07,9.235134e-08,1.346105e-06,2.702553e-07,2.435125e-07,7.259789e-08,3.120234e-07,1.203843e-07
25.122070,1.208538e-06,6.936197e-07,1.045023e-05,3.027264e-06,1.362051e-05,1.188583e-06,5.966912e-06,2.335109e-06,4.780589e-06,1.641658e-06,1.959758e-06,8.401017e-07,1.052854e-06,1.145883e-06,7.241642e-07,1.695930e-06,1.126403e-07,1.704525e-07,8.189078e-08,1.295861e-06,2.786207e-07,2.519818e-07,9.054450e-08,3.600105e-07,1.604838e-07
25.146480,1.185471e-06,6.783876e-07,1.037984e-05,2.959796e-06,1.347872e-05,1.190697e-06,5.798281e-06,2.290099e-06,4.713708e-06,1.597538e-06,1.958891e-06,8.311251e-07,1.067463e-06,1.145232e-06,7.180923e-07,1.793673e-06,9.720843e-08,1.689932e-07,7.214295e-08,1.133437e-06,2.702551e-07,2.523721e-07,1.045546e-07,3.718165e-07,1.941878e-07
25.170900,1.155096e-06,6.687293e-07,1.018276e-05,2.890935e-06,1.349085e-05,1.164692e-06,5.696833e-06,2.219964e-06,4.623930e-06,1.570353e-06,1.863881e-06,7.879805e-07,1.008870e-06,1.080714e-06,7.543459e-07,1.909901e-06,7.499890e-08,1.600099e-07,5.790328e-08,9.002979e-07,2.539791e-07,2.570829e-07,1.126254e-07,3.692916e-07,2.178901e-07
25.195310,1.130647e-06,6.586114e-07,1.006907e-05,2.813388e-06,1.352111e-05,1.145328e-06,5.480558e-06,2.225208e-06,4.444036e-06,1.523699e-06,1.782379e-06,7.915937e-07,1.022235e-06,1.099160e-06,7.439187e-07,1.843231e-06,5.791442e-08,1.364632e-07,5.901672e-08,6.955459e-07,2.268500e-07,2.613174e-07,1.177743e-07,3.565362e-07,2.273752e-07
25.219730,1.098193e-06,6.465600e-07,1.005347e-05,2.734663e-06,1.353460e-05,1.120689e-06,5.292900e-06,2.176877e-06,4.461209e-06,1.487011e-06,1.836617e-06,7.728668e-07,1.065412e-06,1.224789e-06,6.668973e-07,1.670974e-06,5.544757e-08,1.232375e-07,8.172678e-08,5.485489e-07,2.053770e-07,2.727125e-07,1.192019e-07,3.560436e-07,2.217991e-07
25.244140,1.071897e-06,6.368019e-07,9.919649e-06,2.625227e-06,1.338954e-05,1.108071e-06,5.102307e-06,2.097443e-06,4.467535e-06,1.502919e-06,1.808506e-06,7.711191e-07,1.035332e-06,1.252337e-06,6.378749e-07,1.650252e-06,4.995046e-08,1.185670e-07,8.965759e-08,4.100394e-07,1.946285e-07,2.640452e-07,1.144495e-07,3.600777e-07,1.938175e-07
25.268550,1.047555e-06,6.234017e-07,9.779105e-06,2.542436e-06,1.329399e-05,1.088917e-06,4.971475e-06,2.072661e-06,4.325788e-06,1.470686e-06,1.725258e-06,7.904211e-07,9.905165e-07,1.193717e-06,6.643302e-07,1.724568e-06,4.200543e-08,9.998700e-08,9.046891e-08,2.349407e-07,1.999129e-07,2.569171e-07,1.058185e-07,3.574670e-07,1.664762e-07
25.292970,1.026355e-06,6.090709e-07,9.604456e-06,2.498254e-06,1.326636e-05,1.047675e-06,4.869654e-06,2.044475e-06,4.278995e-06,1.409025e-06,1.700684e-06,7.453914e-07,9.629832e-07,1.208418e-06,6.581011e-07,1.660454e-06,5.431985e-08,6.919826e-08,1.015188e-07,1.794849e-07,2.070338e-07,2.363205e-07,9.104922e-08,3.621428e-07,1.354129e-07
25.317380,1.002668e-06,5.912703e-07,9.421536e-06,2.419743e-06,1.293386e-05,1.037546e-06,4.653653e-06,2.028910e-06,4.259097e-06,1.385177e-06,1.665383e-06,6.945048e-07,8.981428e-07,1.239512e-06,6.280140e-07,1.559976e-06,7.949353e-08,5.032870e-08,1.227428e-07,3.346493e-07,2.053598e-07,2.165867e-07,7.796786e-08,3.718233e-07,1.242940e-07
25.341800,9.789393e-07,5.764136e-07,9.201464e-06,2.358147e-06,1.257081e-05,1.026798e-06,4.561561e-06,1.997632e-06,4.216532e-06,1.360869e-06,1.657904e-06,6.917284e-07,8.709241e-07,1.222001e-06,6.126822e-07,1.555600e-06,9.152034e-08,4.872267e-08,1.290357e-07,4.322779e-07,1.915956e-07,1.877564e-07,6.371190e-08,3.908017e-07,1.193315e-07
25.366210,9.656695e-07,5.620298e-07,8.962087e-06,2.313474e-06,1.225132e-05,1.011415e-06,4.535565e-06,1.937771e-06,4.186698e-06,1.339658e-06,1.623207e-06,6.709194e-07,8.908675e-07,1.248933e-06,5.681316e-07,1.497315e-06,9.948500e-08,5.330383e-08,1.260603e-07,4.647251e-07,1.699346e-07,1.511309e-07,5.628846e-08,4.108942e-07,1.224244e-07
25.390620,9.450380e-07,5.429226e-07,8.820485e-06,2.254757e-06,1.181923e-05,1.010913e-06,4.439807e-06,1.956308e-06,4.047626e-06,1.306262e-06,1.525212e-06,6.447038e-07,8.131746e-07,1.242108e-06,5.271982e-07,1.346245e-06,1.130613e-07,6.373431e-08,1.241313e-07,5.395227e-07,1.398085e-07,1.155623e-07,5.113138e-08,4.072926e-07,1.313763e-07
25.415040,9.273680e-07,5.291722e-07,8.625837e-06,2.195393e-06,1.140314e-05,1.007508e-06,4.369821e-06,1.955289e-06,3.981413e-06,1.248453e-06,1.506242e-06,6.312154e-07,7.144748e-07,1.129788e-06,5.542063e-07,1.375570e-06,1.211971e-07,8.379746e-08,1.282044e-07,6.528186e-07,1.039774e-07,8.180999e-08,4.897362e-08,3.816805e-07,1.398740e-07
25.439450,9.159093e-07,5.153934e-07,8.437305e-06,2.134449e-06,1.099395e-05,1.008552e-06,4.270688e-06,1.872387e-06,4.028401e-06,1.243921e-06,1.532599e-06,5.978345e-07,7.047130e-07,1.097405e-06,5.553504e-07,1.473469e-06,1.202634e-07,9.854148e-08,1.260918e-07,7.008006e-07,6.399607e-08,6.170395e-08,4.620683e-08,3.243937e-07,1.430804e-07
25.463870,9.029963e-07,5.004533e-07,8.314853e-06,2.109041e-06,1.072524e-05,9.948888e-07,4.194578e-06,1.840836e-06,3.887717e-06,1.240874e-06,1.476637e-06,5.732337e-07,6.860207e-07,1.115454e-06,4.859112e-07,1.411241e-06,1.242169e-07,1.028503e-07,1.157260e-07,6.810580e-07,2.353380e-08,4.171285e-08,4.092285e-08,2.585702e-07,1.373614e-07
25.488280,8.918625e-07,4.860665e-07,8.162308e-06,2.066336e-06,1.040256e-05,9.677443e-07,4.111266e-06,1.824332e-06,3.785290e-06,1.185974e-06,1.410213e-06,5.897524e-07,6.641551e-07,1.030388e-06,4.553593e-07,1.297754e-06,1.347476e-07,1.147758e-07,1.064859e-07,6.738365e-07,3.256711e-08,2.021752e-08,3.455606e-08,1.915363e-07,1.157131e-07
25.512700,8.804853e-07,4.732203e-07,8.016637e-06,1.994251e-06,9.929184e-06,9.621746e-07,3.946353e-06,1.798667e-06,3.774970e-06,1.160288e-06,1.363675e-06,5.778413e-07,6.601399e-07,9.447544e-07,4.752612e-07,1.283863e-06,1.382551e-07,1.367659e-07,1.099677e-07,7.540514e-07,6.893597e-08,1.459157e-08,2.194528e-08,1.402620e-07,9.098722e-08
25.537110,8.785053e-07,4.632978e-07,7.849320e-06,1.964657e-06,9.679289e-06,9.459189e-07,3.870638e-06,1.778669e-06,3.682078e-06,1.142422e-06,1.322632e-06,5.388703e-07,6.154453e-07,9.006621e-07,4.757263e-07,1.283999e-06,1.300135e-07,1.477352e-07,1.109321e-07,8.091768e-07,1.000120e-07,5.196849e-08,1.115420e-08,1.299143e-07,6.529374e-08
25.561520,8.702074e-07,4.489470e-07,7.748514e-06,1.931863e-06,9.446427e-06,9.139116e-07,3.812908e-06,1.709101e-06,3.605489e-06,1.108107e-06,1.325523e-06,5.414611e-07,5.812754e-07,8.269657e-07,4.833471e-07,1.214384e-06,1.180477e-07,1.459006e-07,1.026722e-07,8.087860e-07,1.286918e-07,9.460199e-08,1.548032e-08,1.542492e-07,5.987311e-08
25.585940,8.618528e-07,4.395594e-07,7.582167e-06,1.890298e-06,9.148988e-06,8.908523e-07,3.658257e-06,1.665676e-06,3.469970e-06,1.081076e-06,1.269088e-06,5.430050e-07,6.257751e-07,7.880708e-07,4.884215e-07,1.252777e-06,1.119314e-07,1.480157e-07,8.671494e-08,7.710811e-07,1.534590e-07,1.369415e-07,2.895715e-08,1.865883e-07,7.273343e-08
25.610350,8.540842e-07,4.299333e-07,7.355967e-06,1.851162e-06,8.880966e-06,8.625429e-07,3.547321e-06,1.657195e-06,3.314400e-06,1.033750e-06,1.191807e-06,5.298429e-07,6.528200e-07,7.947841e-07,4.415504e-07,1.306743e-06,1.043069e-07,1.510341e-07,7.732520e-08,7.734778e-07,1.829857e-07,1.776538e-07,4.266560e-08,2.034931e-07,8.904202e-08
25.634770,8.360613e-07,4.209742e-07,7.192629e-06,1.824072e-06,8.634735e-06,8.383589e-07,3.453715e-06,1.591820e-06,3.330630e-06,1.004589e-06,1.203303e-06,5.286642e-07,6.298105e-07,7.395297e-07,4.283772e-07,1.211463e-06,9.182248e-08,1.477064e-07,7.100664e-08,7.791330e-07,2.024391e-07,2.153879e-07,5.350137e-08,2.058381e-07,1.012748e-07
25.659180,8.178695e-07,4.164784e-07,6.980167e-06,1.807473e-06,8.461708e-06,8.097415e-07,3.374592e-06,1.536468e-06,3.292766e-06,1.009429e-06,1.198712e-06,5.004330e-07,6.331235e-07,6.756276e-07,4.801218e-07,1.058125e-06,8.140710e-08,1.369916e-07,5.786152e-08,7.261618e-07,2.167437e-07,2.486687e-07,6.058589e-08,1.814694e-07,1.102785e-07
25.683590,7.974291e-07,4.129041e-07,6.776460e-06,1.749373e-06,8.106824e-06,7.757193e-07,3.308174e-06,1.520827e-06,3.166599e-06,9.738251e-07,1.151328e-06,4.724160e-07,6.477592e-07,7.127318e-07,4.853077e-07,1.028657e-06,7.811406e-08,1.298931e-07,4.332322e-08,6.198741e-07,2.189902e-07,2.622566e-07,6.407842e-08,1.653072e-07,1.103123e-07
25.708010,7.798101e-07,4.094025e-07,6.556409e-06,1.717117e-06,7.871793e-06,7.646692e-07,3.180131e-06,1.485753e-06,3.134390e-06,9.249579e-07,1.117438e-06,4.845219e-07,6.377455e-07,7.530874e-07,4.693469e-07,1.023548e-06,6.732765e-08,1.271798e-07,4.308451e-08,5.208615e-07,2.177871e-07,2.645108e-07,6.445191e-08,1.633698e-07,1.011627e-07
25.732420,7.552540e-07,4.019747e-07,6.358788e-06,1.687986e-06,7.732547e-06,7.450662e-07,3.140672e-06,1.454572e-06,3.096488e-06,9.057425e-07,1.085236e-06,4.826235e-07,6.538686e-07,7.573659e-07,4.639712e-07,9.477695e-07,4.927578e-08,1.179834e-07,4.998984e-08,4.477307e-07,2.095512e-07,2.449873e-07,6.092253e-08,1.923291e-07,8.705063e-08
25.756840,7.302774e-07,3.977149e-07,6.132642e-06,1.636899e-06,7.485828e-06,7.227962e-07,3.113246e-06,1.408343e-06,3.024543e-06,8.815606e-07,1.073721e-06,4.515378e-07,6.505801e-07,7.904047e-07,4.533823e-07,8.923244e-07,3.448571e-08,9.702360e-08,5.200630e-08,3.853646e-07,1.915929e-07,2.188503e-07,5.581752e-08,2.314513e-07,7.149150e-08
25.781250,7.110958e-07,3.914625e-07,5.881365e-06,1.598464e-06,7.307307e-06,7.142331e-07,3.013394e-06,1.356169e-06,2.974418e-06,8.582215e-07,1.063422e-06,4.287407e-07,5.921969e-07,7.878793e-07,4.420164e-07,8.712345e-07,3.067697e-08,7.894543e-08,5.170111e-08,2.817934e-07,1.678595e-07,1.833015e-07,4.701968e-08,2.658185e-07,7.066897e-08
25.805660,6.856693e-07,3.815568e-07,5.721562e-06,1.570133e-06,7.151637e-06,6.985339e-07,2.951080e-06,1.348290e-06,2.853987e-06,8.332119e-07,9.942781e-07,4.139321e-07,5.652396e-07,7.562822e-07,4.563711e-07,8.060217e-07,2.642771e-08,6.674270e-08,6.339176e-08,1.914652e-07,1.370336e-07,1.427905e-07,4.015550e-08,2.972666e-07,7.962667e-08
25.830080,6.619675e-07,3.732503e-07,5.523548e-06,1.553194e-06,7.014659e-06,6.854337e-07,2.861574e-06,1.307301e-06,2.788428e-06,7.943791e-07,9.461118e-07,3.892613e-07,5.794056e-07,7.909338e-07,4.595751e-07,7.096643e-07,2.667793e-08,5.482354e-08,7.638207e-08,1.919731e-07,1.076107e-07,1.067003e-07,3.371166e-08,3.181900e-07,9.072910e-08
25.854490,6.379369e-07,3.633191e-07,5.324746e-06,1.506776e-06,6.759471e-06,6.561303e-07,2.783951e-06,1.227696e-06,2.780853e-06,7.833413e-07,9.605663e-07,3.762775e-07,5.595544e-07,8.152694e-07,4.105823e-07,7.490128e-07,3.423622e-08,3.608446e-08,8.162706e-08,2.304276e-07,8.495601e-08,7.759525e-08,2.927304e-08,3.261458e-07,9.877669e-08
25.878910,6.252267e-07,3.594885e-07,5.237257e-06,1.491131e-06,6.617247e-06,6.424876e-07,2.727630e-06,1.214230e-06,2.700203e-06,7.879450e-07,9.589677e-07,3.646615e-07,5.310583e-07,7.818008e-07,3.817157e-07,8.355795e-07,3.866591e-08,2.829518e-08,8.152407e-08,2.585459e-07,8.094548e-08,7.733487e-08,2.611799e-08,3.224794e-07,9.940580e-08
25.903320,6.130050e-07,3.555355e-07,5.189543e-06,1.509995e-06,6.677233e-06,6.450939e-07,2.659743e-06,1.205683e-06,2.677677e-06,7.655130e-07,9.356535e-07,3.358455e-07,5.123809e-07,7.626277e-07,3.969349e-07,8.005656e-07,4.313149e-08,2.729296e-08,8.656352e-08,2.888703e-07,8.015159e-08,8.724895e-08,2.380962e-08,2.959580e-07,9.862200e-08
25.927730,5.991447e-07,3.535079e-07,5.141439e-06,1.504747e-06,6.638548e-06,6.291368e-07,2.672108e-06,1.205854e-06,2.706995e-06,7.637476e-07,9.198538e-07,3.344930e-07,4.824682e-07,7.704073e-07,3.885802e-07,7.717278e-07,5.402138e-08,2.297946e-08,9.002668e-08,3.469941e-07,8.003547e-08,1.016549e-07,2.266295e-08,2.524988e-07,9.197327e-08
25.952150,5.901708e-07,3.514920e-07,5.060900e-06,1.498165e-06,6.580645e-06,6.148549e-07,2.642820e-06,1.201201e-06,2.674659e-06,7.610346e-07,8.992684e-07,3.470171e-07,4.723495e-07,7.588456e-07,3.673691e-07,8.457563e-07,6.705200e-08,3.161966e-08,8.889144e-08,4.109739e-07,7.823309e-08,1.027500e-07,1.919129e-08,1.879596e-07,8.199677e-08
25.976560,5.779003e-07,3.464458e-07,5.037176e-06,1.490997e-06,6.568273e-06,6.065591e-07,2.559048e-06,1.162753e-06,2.666778e-06,7.499548e-07,9.061958e-07,3.338228e-07,4.927691e-07,7.466622e-07,3.545585e-07,8.986955e-07,7.206151e-08,4.998829e-08,8.009304e-08,4.214177e-07,6.901868e-08,9.100614e-08,1.656303e-08,1.230210e-07,6.717765e-08
26.000980,5.697249e-07,3.436021e-07,5.003051e-06,1.481962e-06,6.563958e-06,5.935010e-07,2.520860e-06,1.172711e-06,2.584806e-06,7.469987e-07,9.116010e-07,3.283124e-07,4.807496e-07,7.356118e-07,3.203519e-07,8.947835e-07,7.160904e-08,6.330878e-08,7.443868e-08,4.194590e-07,5.845239e-08,6.852441e-08,1.133364e-08,5.847740e-08,4.740247e-08
26.025390,5.703895e-07,3.387789e-07,4.928648e-06,1.463193e-06,6.557584e-06,5.842222e-07,2.473426e-06,1.180700e-06,2.515265e-06,7.236910e-07,8.678798e-07,3.336143e-07,4.361421e-07,6.822375e-07,2.990533e-07,9.702465e-07,7.219362e-08,7.044657e-08,7.208661e-08,4.347278e-07,3.926809e-08,3.829697e-08,6.456738e-09,8.276214e-09,3.315236e-08
26.049800,5.670419e-07,3.316855e-07,4.882172e-06,1.429705e-06,6.499529e-06,5.696502e-07,2.450066e-06,1.148279e-06,2.573754e-06,7.217800e-07,8.659421e-07,3.378491e-07,4.322104e-07,6.294669e-07,3.304771e-07,1.036356e-06,7.462889e-08,8.256870e-08,6.983140e-08,4.717132e-07,3.220509e-08,7.005744e-09,3.636023e-09,4.801988e-08,3.354448e-08
26.074220,5.647700e-07,3.245772e-07,4.798404e-06,1.423201e-06,6.539605e-06,5.659472e-07,2.409292e-06,1.145956e-06,2.544157e-06,7.399765e-07,8.881839e-07,3.518166e-07,4.444003e-07,6.426276e-07,3.500827e-07,9.840068e-07,7.345327e-08,9.355977e-08,6.251074e-08,4.940975e-07,5.561192e-08,3.407261e-08,8.244241e-09,8.104017e-08,4.567850e-08
26.098630,5.624111e-07,3.182778e-07,4.707536e-06,1.409286e-06,6.581071e-06,5.691189e-07,2.359837e-06,1.148602e-06,2.492210e-06,7.267560e-07,8.790773e-07,3.615350e-07,4.351655e-07,6.383288e-07,3.294252e-07,9.084506e-07,7.141676e-08,9.774307e-08,5.100094e-08,4.722824e-07,8.563308e-08,7.112426e-08,1.277198e-08,1.045570e-07,5.559401e-08
26.123050,5.645514e-07,3.133496e-07,4.598506e-06,1.382318e-06,6.497901e-06,5.594471e-07,2.377291e-06,1.156866e-06,2.500781e-06,7.117665e-07,8.739749e-07,3.485032e-07,4.388852e-07,5.808044e-07,3.227923e-07,9.390711e-07,7.094000e-08,9.825890e-08,4.460849e-08,4.514262e-07,1.145459e-07,1.082595e-07,1.795877e-08,1.046992e-07,6.296112e-08
26.147460,5.597106e-07,3.062937e-07,4.523259e-06,1.379631e-06,6.480369e-06,5.600884e-07,2.352688e-06,1.158118e-06,2.486903e-06,7.060727e-07,8.577518e-07,3.450405e-07,4.390716e-07,5.574544e-07,3.456233e-07,9.490661e-07,7.144699e-08,1.029517e-07,4.005465e-08,4.427282e-07,1.374973e-07,1.372783e-07,2.289033e-08,8.960440e-08,6.308176e-08
26.171880,5.531134e-07,3.033423e-07,4.436154e-06,1.377675e-06,6.434391e-06,5.641055e-07,2.311720e-06,1.121854e-06,2.496365e-06,6.981094e-07,8.541115e-07,3.632528e-07,4.194555e-07,5.464757e-07,3.633433e-07,8.852318e-07,6.409036e-08,1.091807e-07,2.854815e-08,4.425508e-07,1.543546e-07,1.560998e-07,2.945944e-08,5.173881e-08,6.178569e-08
26.196290,5.469367e-07,3.013194e-07,4.299957e-06,1.376257e-06,6.347717e-06,5.594683e-07,2.309282e-06,1.124581e-06,2.463083e-06,6.984292e-07,8.795167e-07,3.665482e-07,4.399432e-07,5.306302e-07,3.847454e-07,8.743733e-07,5.262676e-08,1.100685e-07,1.913998e-08,3.859558e-07,1.628474e-07,1.661358e-07,3.497794e-08,1.566473e-08,5.580915e-08
26.220700,5.355109e-07,2.993037e-07,4.213910e-06,1.360198e-06,6.205171e-06,5.530086e-07,2.284270e-06,1.142478e-06,2.394976e-06,6.803267e-07,8.559865e-07,3.628735e-07,4.709521e-07,5.668249e-07,4.039721e-07,8.555220e-07,4.702308e-08,1.013255e-07,2.632514e-08,3.082814e-07,1.635102e-07,1.688887e-07,4.033126e-08,6.422232e-08,4.938377e-08
26.245120,5.242878e-07,2.991687e-07,4.124236e-06,1.358965e-06,6.102709e-06,5.394642e-07,2.257170e-06,1.108430e-06,2.449415e-06,6.632263e-07,8.153317e-07,3.667082e-07,4.544104e-07,5.952946e-07,3.902280e-07,7.543303e-07,4.558940e-08,9.444710e-08,3.384980e-08,2.408030e-07,1.505646e-07,1.673489e-07,4.491746e-08,1.174958e-07,4.971910e-08
26.269530,5.133965e-07,2.985757e-07,4.041376e-06,1.367276e-06,6.090444e-06,5.346136e-07,2.220201e-06,1.077370e-06,2.463165e-06,6.765263e-07,8.229746e-07,3.556274e-07,4.275078e-07,5.725663e-07,3.771839e-07,6.707905e-07,4.013611e-08,8.973037e-08,3.638793e-08,2.047852e-07,1.300601e-07,1.641279e-07,4.824660e-08,1.674883e-07,6.312380e-08
26.293950,5.056819e-07,2.978606e-07,3.992763e-06,1.348020e-06,5.961558e-06,5.325619e-07,2.178287e-06,1.069486e-06,2.393716e-06,6.701177e-07,8.335735e-07,3.462313e-07,4.307834e-07,5.785776e-07,4.087528e-07,7.004918e-07,3.568665e-08,8.236869e-08,4.517718e-08,1.632469e-07,1.077235e-07,1.528773e-07,4.982583e-08,2.031289e-07,8.691929e-08
26.318360,4.983268e-07,2.942457e-07,3.956937e-06,1.335146e-06,5.864684e-06,5.154557e-07,2.188045e-06,1.057719e-06,2.400300e-06,6.516206e-07,8.306073e-07,3.557747e-07,4.369550e-07,6.262405e-07,4.223432e-07,7.082841e-07,3.620086e-08,6.857480e-08,5.719808e-08,1.189549e-07,9.159029e-08,1.415707e-07,4.892875e-08,2.338930e-07,1.103018e-07
26.342770,4.922481e-07,2.906034e-07,3.945331e-06,1.323850e-06,5.843459e-06,5.067208e-07,2.137664e-06,1.055880e-06,2.414184e-06,6.531137e-07,8.167353e-07,3.396571e-07,4.331471e-07,6.409744e-07,3.999174e-07,6.509654e-07,3.261157e-08,5.954366e-08,6.834017e-08,1.494189e-07,8.171676e-08,1.231508e-07,4.493308e-08,2.494729e-07,1.269927e-07
26.367190,4.924030e-07,2.864044e-07,3.897228e-06,1.301870e-06,5.795084e-06,4.979004e-07,2.071356e-06,1.027755e-06,2.405993e-06,6.493858e-07,7.821861e-07,3.146109e-07,4.395221e-07,6.287486e-07,3.829173e-07,6.229488e-07,2.653074e-08,5.501307e-08,7.235731e-08,2.203689e-07,7.548655e-08,1.088523e-07,3.854442e-08,2.566207e-07,1.373960e-07
26.391600,4.882872e-07,2.790098e-07,3.884202e-06,1.281950e-06,5.773097e-06,4.861354e-07,2.044906e-06,1.000931e-06,2.393817e-06,6.459958e-07,7.865754e-07,3.156502e-07,4.206776e-07,6.391658e-07,3.711452e-07,6.684173e-07,3.107689e-08,4.596849e-08,7.725217e-08,2.680652e-07,7.160337e-08,9.379078e-08,2.877163e-08,2.463501e-07,1.380027e-07
26.416020,4.857618e-07,2.740444e-07,3.874463e-06,1.260821e-06,5.748209e-06,4.755848e-07,2.013619e-06,1.012592e-06,2.312153e-06,6.410121e-07,8.008239e-07,3.102073e-07,3.909804e-07,6.294935e-07,3.518957e-07,6.833491e-07,3.967349e-08,3.056650e-08,8.330662e-08,3.011567e-07,7.201852e-08,7.669820e-08,1.999922e-08,2.193545e-07,1.343127e-07
26.440430,4.851708e-07,2.691832e-07,3.840546e-06,1.256838e-06,5.766133e-06,4.634820e-07,1.997284e-06,9.919471e-07,2.287119e-06,6.219520e-07,7.675037e-07,2.996721e-07,4.117746e-07,6.150065e-07,3.452994e-07,6.974817e-07,4.159511e-08,2.737698e-08,8.858151e-08,3.330537e-07,7.211038e-08,5.803110e-08,1.242098e-08,1.794195e-07,1.240796e-07
26.464840,4.838210e-07,2.645318e-07,3.845965e-06,1.242201e-06,5.746717e-06,4.618297e-07,1.964061e-06,9.573127e-07,2.329741e-06,6.274981e-07,7.467866e-07,2.981505e-07,4.288024e-07,6.461542e-07,3.477612e-07,7.840105e-07,4.226827e-08,3.205054e-08,8.678212e-08,3.819678e-07,6.387497e-08,4.592286e-08,1.283060e-08,1.326590e-07,1.089984e-07
26.489260,4.792535e-07,2.596289e-07,3.849860e-06,1.220232e-06,5.630735e-06,4.552262e-07,1.951671e-06,9.592257e-07,2.275864e-06,6.413619e-07,7.635735e-07,2.822936e-07,4.095796e-07,6.394018e-07,3.108424e-07,8.318980e-07,4.606955e-08,3.342575e-08,8.032572e-08,4.135580e-07,5.176460e-08,4.595920e-08,1.811794e-08,8.389158e-08,8.846398e-08
26.513670,4.719776e-07,2.570796e-07,3.857141e-06,1.220053e-06,5.599453e-06,4.414357e-07,1.970767e-06,9.551270e-07,2.247274e-06,6.265708e-07,7.638355e-07,2.778480e-07,4.099533e-07,5.836405e-07,2.574307e-07,7.850216e-07,5.009314e-08,3.978256e-08,7.794650e-08,4.075098e-07,3.861024e-08,5.109396e-08,2.393027e-08,4.969339e-08,6.243636e-08
26.538090,4.675994e-07,2.567147e-07,3.835394e-06,1.207784e-06,5.527473e-06,4.399416e-07,1.943946e-06,9.617105e-07,2.258235e-06,6.208711e-07,7.606048e-07,2.943577e-07,4.112668e-07,5.776208e-07,2.552894e-07,7.807838e-07,5.075331e-08,4.923856e-08,7.881185e-08,3.925166e-07,3.570083e-08,5.445009e-08,2.769187e-08,3.158636e-08,3.399342e-08
26.562500,4.592860e-07,2.544405e-07,3.845442e-06,1.191497e-06,5.417586e-06,4.363906e-07,1.918851e-06,9.511599e-07,2.231487e-06,6.172029e-07,7.484357e-07,2.949628e-07,3.997628e-07,5.915665e-07,2.673969e-07,8.504197e-07,5.401268e-08,5.333775e-08,7.511454e-08,4.063145e-07,4.464821e-08,5.359518e-08,2.817637e-08,4.443989e-08,1.745067e-08
26.586910,4.520501e-07,2.542234e-07,3.876407e-06,1.173333e-06,5.321322e-06,4.269436e-07,1.932115e-06,9.238461e-07,2.231716e-06,6.087888e-07,7.312721e-07,2.841820e-07,4.135558e-07,5.738954e-07,2.590894e-07,8.694139e-07,5.922026e-08,5.258875e-08,6.739628e-08,4.250454e-07,5.776790e-08,5.464402e-08,2.539956e-08,6.425313e-08,3.034065e-08
26.611330,4.486830e-07,2.532604e-07,3.864288e-06,1.162898e-06,5.253279e-06,4.215908e-07,1.910492e-06,9.343590e-07,2.179309e-06,6.080559e-07,7.575684e-07,2.854303e-07,4.196802e-07,5.796133e-07,2.649459e-07,8.491317e-07,5.918039e-08,6.104209e-08,6.127212e-08,4.246811e-07,7.073422e-08,5.390770e-08,2.000560e-08,7.950971e-08,4.564597e-08
26.635740,4.500116e-07,2.538975e-07,3.927354e-06,1.165607e-06,5.288385e-06,4.211474e-07,1.927399e-06,9.481576e-07,2.157679e-06,5.998109e-07,7.716915e-07,2.903063e-07,3.953503e-07,5.828568e-07,2.705250e-07,8.650376e-07,5.420862e-08,7.166449e-08,5.917423e-08,4.033124e-07,8.832993e-08,5.637357e-08,1.541678e-08,8.434807e-08,5.909570e-08
26.660160,4.543736e-07,2.553364e-07,3.989289e-06,1.145844e-06,5.259769e-06,4.322076e-07,1.939333e-06,9.324500e-07,2.233612e-06,5.988209e-07,7.462638e-07,2.967430e-07,3.938267e-07,5.459121e-07,2.755798e-07,8.571907e-07,4.953452e-08,7.735501e-08,5.420281e-08,3.978860e-07,1.060732e-07,6.589731e-08,1.413107e-08,7.611390e-08,6.496649e-08
26.684570,4.592997e-07,2.561017e-07,4.025331e-06,1.136500e-06,5.283782e-06,4.368425e-07,1.957027e-06,9.287750e-07,2.249760e-06,6.184201e-07,7.579633e-07,3.142788e-07,4.203358e-07,5.552304e-07,3.224073e-07,7.789126e-07,4.925604e-08,7.788400e-08,4.344146e-08,4.116239e-07,1.246123e-07,8.718399e-08,1.927442e-08,6.083734e-08,6.630009e-08
26.708980,4.677704e-07,2.574331e-07,4.038117e-06,1.129611e-06,5.381703e-06,4.359816e-07,1.994295e-06,9.314816e-07,2.215266e-06,6.194949e-07,7.778884e-07,3.154901e-07,4.242760e-07,5.983840e-07,3.662102e-07,6.968904e-07,4.770741e-08,8.112292e-08,3.266950e-08,3.996752e-07,1.379735e-07,1.126625e-07,2.710624e-08,4.589236e-08,6.140163e-08
26.733400,4.726719e-07,2.564426e-07,4.034297e-06,1.113373e-06,5.407554e-06,4.458198e-07,1.962933e-06,9.385440e-07,2.233463e-06,6.139126e-07,7.933401e-07,3.075088e-07,4.256058e-07,5.952980e-07,3.641895e-07,7.073350e-07,4.428614e-08,8.338996e-08,2.591565e-08,3.626399e-07,1.508728e-07,1.407603e-07,3.533884e-08,5.874363e-08,4.856691e-08
26.757810,4.779389e-07,2.580300e-07,4.045802e-06,1.113179e-06,5.454910e-06,4.507265e-07,1.939286e-06,9.518025e-07,2.260640e-06,6.217950e-07,8.085858e-07,3.259535e-07,4.268149e-07,5.951707e-07,3.730769e-07,6.981384e-07,4.151536e-08,8.020463e-08,2.126307e-08,3.034162e-07,1.603725e-07,1.635666e-07,4.228117e-08,8.282666e-08,3.325509e-08
26.782230,4.869682e-07,2.600948e-07,4.005037e-06,1.117647e-06,5.478866e-06,4.531264e-07,1.952351e-06,9.351285e-07,2.294313e-06,6.275171e-07,7.952738e-07,3.373034e-07,4.074959e-07,6.180372e-07,4.038793e-07,6.158097e-07,4.041156e-08,7.391702e-08,1.491715e-08,2.589833e-07,1.690466e-07,1.771730e-07,4.709205e-08,1.068957e-07,3.296063e-08
26.806640,4.900237e-07,2.604024e-07,3.997617e-06,1.133050e-06,5.485209e-06,4.587824e-07,1.944912e-06,9.431015e-07,2.316166e-06,6.357694e-07,7.977478e-07,3.268297e-07,4.065219e-07,6.209305e-07,4.167727e-07,5.326571e-07,3.449087e-08,7.310745e-08,1.828085e-08,2.155323e-07,1.708057e-07,1.825014e-07,4.935175e-08,1.242907e-07,5.549200e-08
26.831050,4.915049e-07,2.629621e-07,4.003748e-06,1.139458e-06,5.431651e-06,4.628988e-07,1.947306e-06,9.709231e-07,2.258758e-06,6.364743e-07,8.309402e-07,3.229891e-07,4.358841e-07,6.358548e-07,4.327311e-07,5.253169e-07,2.696706e-08,7.244129e-08,3.238003e-08,1.606847e-07,1.630670e-07,1.773183e-07,4.797162e-08,1.412142e-07,8.168133e-08
26.855470,4.917881e-07,2.664835e-07,3.996726e-06,1.156799e-06,5.331722e-06,4.705117e-07,1.948760e-06,9.514887e-07,2.305651e-06,6.199811e-07,8.241502e-07,3.257003e-07,4.365467e-07,6.713078e-07,4.463080e-07,4.918410e-07,2.872452e-08,6.528813e-08,4.272074e-08,8.479790e-08,1.462613e-07,1.624659e-07,4.509635e-08,1.522821e-07,1.037555e-07
26.879880,4.934914e-07,2.711547e-07,4.022280e-06,1.193016e-06,5.334470e-06,4.680437e-07,1.962629e-06,9.503655e-07,2.376294e-06,6.369814e-07,8.013126e-07,3.241764e-07,4.114997e-07,6.614145e-07,4.267770e-07,4.924730e-07,3.419143e-08,5.164848e-08,5.026820e-08,9.197975e-08,1.241002e-07,1.376498e-07,3.867775e-08,1.581291e-07,1.190999e-07
26.904300,4.927770e-07,2.739086e-07,4.075544e-06,1.209858e-06,5.261829e-06,4.628420e-07,2.003881e-06,9.681972e-07,2.359850e-06,6.531655e-07,8.197372e-07,3.339039e-07,4.113533e-07,6.235717e-07,3.967319e-07,5.905217e-07,3.376348e-08,4.204639e-08,6.077987e-08,1.536684e-07,9.875228e-08,1.019353e-07,3.190407e-08,1.551202e-07,1.265766e-07
26.928710,4.909725e-07,2.769971e-07,4.171764e-06,1.231454e-06,5.183002e-06,4.681252e-07,1.991535e-06,9.839719e-07,2.399162e-06,6.486905e-07,8.350226e-07,3.341316e-07,4.218528e-07,6.458388e-07,4.092007e-07,6.369073e-07,3.504244e-08,3.782848e-08,7.521719e-08,1.978603e-07,7.734491e-08,6.320433e-08,2.417508e-08,1.376576e-07,1.295738e-07
26.953120,4.935249e-07,2.802214e-07,4.229845e-06,1.255368e-06,5.186090e-06,4.631540e-07,2.019632e-06,1.008999e-06,2.443374e-06,6.571105e-07,8.519525e-07,3.152730e-07,4.240610e-07,6.716083e-07,4.202101e-07,6.388569e-07,4.000158e-08,3.196393e-08,8.366784e-08,2.299879e-07,5.874193e-08,2.607218e-08,1.641386e-08,1.181296e-07,1.270447e-07
26.977540,4.918894e-07,2.802538e-07,4.283764e-06,1.273679e-06,5.208871e-06,4.558102e-07,2.073713e-06,1.002226e-06,2.473038e-06,6.621090e-07,8.584892e-07,3.239062e-07,4.422506e-07,6.562932e-07,3.952849e-07,7.139664e-07,4.250628e-08,3.009487e-08,8.552575e-08,2.938791e-07,4.866660e-08,3.190637e-08,1.107040e-08,9.687466e-08,1.170448e-07
27.001950,4.913449e-07,2.818543e-07,4.352338e-06,1.280694e-06,5.258994e-06,4.508706e-07,2.092280e-06,9.989339e-07,2.515322e-06,6.689696e-07,8.333103e-07,3.449570e-07,4.432395e-07,6.455259e-07,3.656795e-07,8.636771e-07,4.425265e-08,3.754033e-08,8.492940e-08,3.488183e-07,5.339077e-08,5.537033e-08,9.278277e-09,8.011093e-08,1.014118e-07
27.026370,4.944597e-07,2.831333e-07,4.363586e-06,1.272030e-06,5.287637e-06,4.503912e-07,2.126271e-06,1.036337e-06,2.481772e-06,6.804728e-07,8.603736e-07,3.439609e-07,4.207398e-07,6.352293e-07,3.407943e-07,9.450692e-07,5.054225e-08,4.283356e-08,8.958416e-08,3.764209e-07,6.300435e-08,6.979854e-08,1.222703e-08,6.309908e-08,7.719960e-08
27.050780,4.976907e-07,2.829500e-07,4.374581e-06,1.279569e-06,5.419065e-06,4.550094e-07,2.152796e-06,1.039788e-06,2.480917e-06,6.718416e-07,8.953409e-07,3.491436e-07,4.403986e-07,6.090613e-07,3.066360e-07,9.664440e-07,5.712484e-08,4.195332e-08,9.170903e-08,3.832941e-07,6.320516e-08,7.470322e-08,1.389896e-08,4.209923e-08,4.947745e-08
27.075200,5.009958e-07,2.819819e-07,4.377701e-06,1.280329e-06,5.604612e-06,4.490170e-07,2.210441e-06,1.018500e-06,2.581165e-06,6.751694e-07,8.778570e-07,3.543680e-07,4.724771e-07,6.374291e-07,3.022266e-07,1.027018e-06,5.804059e-08,5.109107e-08,8.735006e-08,4.036264e-07,5.492010e-08,7.158149e-08,1.423484e-08,2.557029e-08,2.486813e-08
27.099610,5.040844e-07,2.810749e-07,4.375454e-06,1.270233e-06,5.668685e-06,4.497738e-07,2.251793e-06,1.029570e-06,2.578347e-06,7.032576e-07,8.663647e-07,3.501738e-07,4.567041e-07,6.821452e-07,3.213034e-07,1.070437e-06,5.439678e-08,6.417418e-08,7.934434e-08,4.382307e-07,3.838840e-08,6.087330e-08,1.289936e-08,3.049755e-08,7.837099e-09
27.124020,5.132318e-07,2.815411e-07,4.364449e-06,1.274713e-06,5.774905e-06,4.593671e-07,2.232428e-06,1.032941e-06,2.547005e-06,6.999463e-07,8.693275e-07,3.645147e-07,4.334713e-07,6.571146e-07,3.047916e-07,1.020839e-06,5.175780e-08,7.175710e-08,7.547839e-08,4.656187e-07,3.420189e-08,5.498563e-08,1.301899e-08,5.288402e-08,1.768747e-08
27.148440,5.184090e-07,2.790315e-07,4.350969e-06,1.269538e-06,5.850602e-06,4.586249e-07,2.267282e-06,1.053794e-06,2.585266e-06,6.976507e-07,8.808766e-07,3.785842e-07,4.376327e-07,6.309291e-07,2.784494e-07,9.930544e-07,5.502795e-08,7.464126e-08,7.393439e-08,4.678578e-07,5.156237e-08,6.704071e-08,1.529515e-08,6.918936e-08,2.917703e-08
27.172850,5.228980e-07,2.781714e-07,4.401802e-06,1.261071e-06,5.875470e-06,4.630974e-07,2.317531e-06,1.057160e-06,2.601044e-06,7.121311e-07,9.078281e-07,3.699930e-07,4.373264e-07,6.644670e-07,3.085281e-07,1.068724e-06,5.447724e-08,7.992561e-08,6.663602e-08,4.563075e-07,7.982720e-08,1.047721e-07,2.010385e-08,8.750772e-08,3.789047e-08
27.197270,5.342835e-07,2.795649e-07,4.423926e-06,1.251281e-06,5.900821e-06,4.695609e-07,2.329014e-06,1.041074e-06,2.657424e-06,7.166500e-07,9.001211e-07,3.695725e-07,4.521179e-07,6.719930e-07,3.467938e-07,1.051225e-06,5.151363e-08,8.371428e-08,5.440866e-08,4.511316e-07,1.116266e-07,1.429435e-07,2.547161e-08,1.092251e-07,4.082992e-08
27.221680,5.437819e-07,2.788517e-07,4.460080e-06,1.253680e-06,5.912652e-06,4.735309e-07,2.364360e-06,1.070556e-06,2.646244e-06,7.315546e-07,8.794338e-07,3.915901e-07,4.763032e-07,6.666300e-07,3.644640e-07,9.380818e-07,5.175670e-08,8.321319e-08,4.480884e-08,4.646791e-07,1.424859e-07,1.776088e-07,3.213042e-08,1.399013e-07,4.291459e-08
27.246090,5.533870e-07,2.787323e-07,4.561205e-06,1.265349e-06,5.977487e-06,4.761513e-07,2.387041e-06,1.083504e-06,2.603422e-06,7.255045e-07,9.207003e-07,3.959683e-07,4.552709e-07,6.898752e-07,3.910075e-07,8.587685e-07,5.080719e-08,7.929651e-08,3.870104e-08,4.424237e-07,1.702736e-07,2.044503e-07,3.772567e-08,1.673978e-07,4.051445e-08
27.270510,5.618003e-07,2.790799e-07,4.625440e-06,1.254477e-06,5.946599e-06,4.679994e-07,2.410265e-06,1.064211e-06,2.683121e-06,7.143093e-07,9.308679e-07,3.968704e-07,4.390435e-07,6.719130e-07,4.004363e-07,7.998551e-07,4.287077e-08,8.121964e-08,2.985557e-08,3.892278e-07,1.861565e-07,2.210747e-07,4.221865e-08,1.900604e-07,4.613954e-08
27.294920,5.732084e-07,2.817335e-07,4.665405e-06,1.255618e-06,5.895844e-06,4.660327e-07,2.420213e-06,1.071282e-06,2.733910e-06,7.355929e-07,9.038070e-07,4.022430e-07,4.737058e-07,6.687736e-07,3.993332e-07,6.731976e-07,3.691851e-08,8.713648e-08,1.713367e-08,3.228405e-07,1.946002e-07,2.313978e-07,4.524184e-08,2.006381e-07,6.104715e-08
27.319340,5.824341e-07,2.825578e-07,4.671661e-06,1.262189e-06,5.931600e-06,4.719725e-07,2.379494e-06,1.092166e-06,2.734850e-06,7.476996e-07,9.087041e-07,3.888642e-07,4.984018e-07,7.210933e-07,4.408735e-07,5.845855e-07,3.905793e-08,8.603324e-08,1.184422e-08,2.777715e-07,1.857695e-07,2.328061e-07,4.618010e-08,2.034760e-07,8.324937e-08
27.343750,5.890512e-07,2.861433e-07,4.722629e-06,1.255342e-06,5.903288e-06,4.643899e-07,2.400987e-06,1.125415e-06,2.792075e-06,7.466123e-07,9.178927e-07,3.899769e-07,5.003697e-07,7.425732e-07,4.813531e-07,6.033936e-07,4.232818e-08,7.586444e-08,1.918652e-08,2.409036e-07,1.742510e-07,2.279983e-07,4.709974e-08,1.987313e-07,1.012615e-07
27.368160,5.995827e-07,2.910554e-07,4.731642e-06,1.252013e-06,5.888808e-06,4.618740e-07,2.429783e-06,1.148704e-06,2.844902e-06,7.549004e-07,9.441124e-07,4.113578e-07,5.087079e-07,7.140156e-07,4.652100e-07,5.538490e-07,4.019244e-08,6.916781e-08,2.570506e-08,1.618298e-07,1.565849e-07,2.131593e-07,4.750481e-08,1.942199e-07,1.127557e-07
27.392580,6.026629e-07,2.931070e-07,4.729951e-06,1.246987e-06,5.865930e-06,4.657130e-07,2.400934e-06,1.129495e-06,2.906754e-06,7.582997e-07,9.626509e-07,4.020961e-07,5.155861e-07,7.180186e-07,4.349876e-07,4.632367e-07,3.721159e-08,6.546170e-08,3.502238e-08,7.161016e-08,1.395280e-07,1.968075e-07,4.703313e-08,1.785266e-07,1.172253e-07
27.416990,5.986001e-07,2.946859e-07,4.722800e-06,1.245726e-06,5.838978e-06,4.661169e-07,2.384855e-06,1.135218e-06,2.917433e-06,7.607236e-07,9.296619e-07,3.796535e-07,5.096473e-07,7.402181e-07,4.328585e-07,5.017777e-07,3.849733e-08,5.664851e-08,5.136182e-08,6.263915e-08,1.172271e-07,1.764800e-07,4.554960e-08,1.658877e-07,1.162679e-07
27.441410,5.948950e-07,2.965408e-07,4.677719e-06,1.230145e-06,5.794839e-06,4.686045e-07,2.371019e-06,1.164652e-06,2.827381e-06,7.624883e-07,9.264996e-07,3.802190e-07,5.358205e-07,7.362221e-07,4.256433e-07,6.142022e-07,3.827723e-08,4.768836e-08,6.606043e-08,1.054650e-07,9.588417e-08,1.566415e-07,4.125585e-08,1.518522e-07,1.122750e-07
27.465820,5.927062e-07,2.983037e-07,4.646517e-06,1.215868e-06,5.673984e-06,4.616842e-07,2.380527e-06,1.138769e-06,2.846630e-06,7.406268e-07,9.602345e-07,3.798099e-07,5.559798e-07,7.511473e-07,4.233425e-07,6.603128e-07,3.606910e-08,4.534201e-08,7.505226e-08,1.434762e-07,7.769442e-08,1.381271e-07,3.622463e-08,1.548467e-07,1.095112e-07
27.490230,5.865441e-07,2.976561e-07,4.624398e-06,1.216110e-06,5.648675e-06,4.671490e-07,2.377004e-06,1.115919e-06,2.921932e-06,7.499979e-07,9.556517e-07,3.782628e-07,5.249776e-07,7.722057e-07,4.255969e-07,7.263790e-07,4.125452e-08,4.418423e-08,8.132950e-08,1.940399e-07,6.387004e-08,1.131665e-07,2.789127e-08,1.670839e-07,1.003903e-07
27.514650,5.788428e-07,2.981375e-07,4.641957e-06,1.198287e-06,5.576243e-06,4.730338e-07,2.329379e-06,1.119438e-06,2.869524e-06,7.714740e-07,9.300460e-07,3.839755e-07,5.185632e-07,7.239430e-07,4.006899e-07,8.237448e-07,4.839552e-08,3.563443e-08,8.984435e-08,2.580185e-07,5.410568e-08,8.219976e-08,1.956999e-08,1.793017e-07,9.079047e-08
27.539060,5.771620e-07,2.995496e-07,4.637959e-06,1.188232e-06,5.491114e-06,4.674455e-07,2.371068e-06,1.115390e-06,2.829087e-06,7.592057e-07,9.181945e-07,3.691177e-07,5.415239e-07,7.022131e-07,3.542424e-07,8.627382e-07,4.651607e-08,3.008958e-08,9.735154e-08,3.014373e-07,3.679605e-08,5.142052e-08,8.634448e-09,1.819444e-07,7.741026e-08
27.563480,5.694382e-07,2.968892e-07,4.615663e-06,1.185494e-06,5.456771e-06,4.701827e-07,2.402661e-06,1.124790e-06,2.845131e-06,7.529888e-07,9.095701e-07,3.579666e-07,5.373219e-07,7.431439e-07,3.492184e-07,8.875040e-07,4.422709e-08,3.966475e-08,1.001407e-07,3.105448e-07,1.743396e-08,2.637305e-08,3.600009e-09,1.635997e-07,6.611846e-08
27.587890,5.609060e-07,2.954639e-07,4.652059e-06,1.189761e-06,5.432324e-06,4.727998e-07,2.392460e-06,1.105614e-06,2.840799e-06,7.580119e-07,9.287830e-07,3.735240e-07,5.334545e-07,7.428035e-07,3.694332e-07,9.892235e-07,4.739252e-08,4.829998e-08,9.571749e-08,3.287256e-07,1.315443e-08,2.527079e-08,1.408110e-08,1.321306e-07,5.780990e-08
27.612300,5.553238e-07,2.943306e-07,4.647812e-06,1.189160e-06,5.418768e-06,4.729653e-07,2.411510e-06,1.086815e-06,2.887062e-06,7.550118e-07,9.273855e-07,3.673566e-07,5.220264e-07,7.244671e-07,3.558653e-07,1.109450e-06,4.963953e-08,4.943822e-08,9.074209e-08,3.662114e-07,3.122551e-08,4.710870e-08,2.395880e-08,9.239104e-08,4.621908e-08
27.636720,5.500018e-07,2.921275e-07,4.637640e-06,1.174893e-06,5.316952e-06,4.654763e-07,2.414000e-06,1.117151e-06,2.849246e-06,7.650450e-07,8.924052e-07,3.488791e-07,4.822661e-07,7.279799e-07,3.392615e-07,1.113643e-06,4.792686e-08,5.427160e-08,8.901273e-08,4.064206e-07,4.810572e-08,6.591389e-08,3.042051e-08,5.165267e-08,3.152790e-08
27.661130,5.454765e-07,2.890417e-07,4.656674e-06,1.181031e-06,5.279558e-06,4.535308e-07,2.424731e-06,1.103474e-06,2.798104e-06,7.504004e-07,9.053540e-07,3.493362e-07,4.567751e-07,7.131296e-07,3.450776e-07,1.059599e-06,4.796155e-08,6.107877e-08,8.647893e-08,4.269797e-07,6.447508e-08,8.623635e-08,3.413961e-08,5.080247e-08,7.090798e-09
27.685550,5.406221e-07,2.855397e-07,4.693488e-06,1.182177e-06,5.288944e-06,4.568752e-07,2.391521e-06,1.075003e-06,2.878291e-06,7.325647e-07,9.284145e-07,3.491151e-07,4.711983e-07,6.912909e-07,3.386400e-07,1.046372e-06,4.889480e-08,6.065925e-08,7.726688e-08,4.291588e-07,8.010329e-08,9.628147e-08,3.405455e-08,9.140130e-08,2.174027e-08
27.709960,5.419554e-07,2.832823e-07,4.734560e-06,1.175244e-06,5.220056e-06,4.535649e-07,2.355595e-06,1.075943e-06,2.875867e-06,7.506173e-07,9.009802e-07,3.510583e-07,4.628280e-07,7.096798e-07,3.536093e-07,1.026999e-06,4.550952e-08,5.816750e-08,6.367848e-08,4.418307e-07,9.559030e-08,1.000196e-07,3.226365e-08,1.377698e-07,4.696229e-08
27.734380,5.395987e-07,2.774691e-07,4.732938e-06,1.179838e-06,5.195921e-06,4.429018e-07,2.396663e-06,1.080083e-06,2.861415e-06,7.495403e-07,8.867715e-07,3.639248e-07,4.196195e-07,6.989981e-07,3.890334e-07,9.422920e-07,3.762844e-08,6.576136e-08,5.490338e-08,4.653584e-07,1.074260e-07,1.037946e-07,3.013402e-08,1.795220e-07,7.015920e-08
27.758790,5.372793e-07,2.730200e-07,4.770702e-06,1.180029e-06,5.183529e-06,4.425618e-07,2.387382e-06,1.107680e-06,2.896376e-06,7.457359e-07,8.804358e-07,3.563902e-07,4.075739e-07,6.370326e-07,3.821142e-07,8.960431e-07,3.379823e-08,7.335274e-08,4.695164e-08,4.655728e-07,1.160180e-07,1.133112e-07,2.927274e-08,2.075868e-07,8.584553e-08
27.783200,5.420244e-07,2.704617e-07,4.776556e-06,1.181984e-06,5.173042e-06,4.417932e-07,2.350238e-06,1.101648e-06,2.906568e-06,7.493161e-07,8.831366e-07,3.402488e-07,4.055501e-07,6.128682e-07,3.615357e-07,8.924012e-07,3.545977e-08,7.243299e-08,3.649190e-08,4.439351e-07,1.258389e-07,1.333972e-07,3.244042e-08,2.148826e-07,9.876847e-08
27.807620,5.433674e-07,2.655719e-07,4.740990e-06,1.171449e-06,5.152249e-06,4.411606e-07,2.357326e-06,1.071659e-06,2.965051e-06,7.434039e-07,9.106969e-07,3.550373e-07,3.999824e-07,6.225141e-07,3.778438e-07,8.063925e-07,3.440478e-08,6.755679e-08,2.228032e-08,3.979306e-07,1.363152e-07,1.522580e-07,3.924160e-08,2.069433e-07,1.085455e-07
27.832030,5.420101e-07,2.612629e-07,4.738584e-06,1.162459e-06,5.109878e-06,4.374013e-07,2.367327e-06,1.094610e-06,2.939583e-06,7.531763e-07,8.863272e-07,3.688376e-07,4.254485e-07,5.948743e-07,4.023701e-07,6.246418e-07,3.135077e-08,6.572406e-08,1.264996e-08,3.595234e-07,1.489342e-07,1.765738e-07,4.799689e-08,1.829647e-07,1.149280e-07
27.856450,5.377003e-07,2.582182e-07,4.707829e-06,1.162857e-06,5.159170e-06,4.337214e-07,2.391267e-06,1.104578e-06,2.837808e-06,7.469912e-07,8.594644e-07,3.611998e-07,4.247454e-07,5.816357e-07,4.002637e-07,5.221784e-07,3.147800e-08,6.287189e-08,1.270513e-08,3.191363e-07,1.591529e-07,1.908153e-07,5.568823e-08,1.511453e-07,1.170651e-07
27.880860,5.355234e-07,2.575381e-07,4.655464e-06,1.141618e-06,5.155221e-06,4.395934e-07,2.383840e-06,1.078832e-06,2.885672e-06,7.225022e-07,8.875347e-07,3.591065e-07,4.057119e-07,5.693877e-07,3.978123e-07,5.090946e-07,3.206192e-08,5.509959e-08,1.352029e-08,2.671701e-07,1.611173e-07,2.039260e-07,6.073658e-08,1.237544e-07,1.104365e-07
27.905270,5.283064e-07,2.552783e-07,4.570723e-06,1.132644e-06,5.159104e-06,4.374374e-07,2.378241e-06,1.069227e-06,2.925234e-06,7.369483e-07,8.915244e-07,3.552966e-07,4.336650e-07,5.263904e-07,3.858142e-07,4.553478e-07,3.001996e-08,4.906246e-08,1.922683e-08,1.836057e-07,1.569414e-07,2.087723e-07,6.264792e-08,1.035352e-07,9.882478e-08
27.929690,5.187378e-07,2.541608e-07,4.523897e-06,1.126739e-06,5.214462e-06,4.325660e-07,2.443099e-06,1.063836e-06,2.871052e-06,7.492718e-07,8.815042e-07,3.482039e-07,4.650939e-07,5.326993e-07,3.516309e-07,4.481843e-07,3.219513e-08,4.871256e-08,3.139244e-08,9.101190e-08,1.460398e-07,2.027235e-07,6.077956e-08,1.044424e-07,8.746101e-08
27.954100,5.158905e-07,2.553527e-07,4.481320e-06,1.115018e-06,5.216906e-06,4.361925e-07,2.457337e-06,1.076372e-06,2.843522e-06,7.378142e-07,8.685607e-07,3.609996e-07,4.637661e-07,5.749178e-07,3.375331e-07,5.010592e-07,3.808656e-08,4.662275e-08,4.382081e-08,3.417709e-08,1.346967e-07,1.866997e-07,5.635805e-08,1.270448e-07,8.144176e-08
27.978520,5.109113e-07,2.537666e-07,4.396330e-06,1.101053e-06,5.202372e-06,4.330514e-07,2.457306e-06,1.076967e-06,2.819044e-06,7.326676e-07,8.469852e-07,3.658642e-07,4.599954e-07,5.670880e-07,3.523825e-07,5.223054e-07,4.190605e-08,3.817240e-08,4.973095e-08,5.608846e-08,1.151914e-07,1.579745e-07,4.835506e-08,1.616396e-07,8.437387e-08
28.002930,5.063080e-07,2.516106e-07,4.370799e-06,1.087230e-06,5.152542e-06,4.261671e-07,2.489008e-06,1.042329e-06,2.854047e-06,7.260898e-07,8.608983e-07,3.446059e-07,4.669586e-07,5.502306e-07,3.355767e-07,5.876905e-07,4.072475e-08,3.098061e-08,5.713870e-08,1.055892e-07,9.263639e-08,1.235315e-07,3.920379e-08,1.958358e-07,8.960712e-08
28.027340,5.057401e-07,2.495408e-07,4.358760e-06,1.089792e-06,5.141040e-06,4.146783e-07,2.481384e-06,1.048889e-06,2.881481e-06,7.314507e-07,8.711910e-07,3.447739e-07,4.680137e-07,5.667967e-07,2.970612e-07,7.550197e-07,4.025976e-08,3.324535e-08,6.731797e-08,1.839981e-07,6.515311e-08,8.850595e-08,2.902831e-08,2.151123e-07,9.506156e-08
28.051760,5.079948e-07,2.467052e-07,4.326602e-06,1.086254e-06,5.138050e-06,4.064233e-07,2.473837e-06,1.070999e-06,2.797910e-06,7.377080e-07,8.345216e-07,3.571069e-07,4.828381e-07,5.760485e-07,2.865644e-07,8.832163e-07,4.317799e-08,3.842696e-08,7.634115e-08,2.506834e-07,4.112285e-08,5.362028e-08,1.789403e-08,2.235502e-07,1.009933e-07
28.076170,5.110069e-07,2.423939e-07,4.296784e-06,1.077287e-06,5.054942e-06,4.079209e-07,2.432105e-06,1.044295e-06,2.790464e-06,7.135489e-07,8.350160e-07,3.451686e-07,5.066015e-07,5.850994e-07,2.761628e-07,8.960670e-07,4.409374e-08,4.038961e-08,7.726804e-08,2.941889e-07,2.837909e-08,2.486715e-08,9.735436e-09,2.103183e-07,1.047229e-07
28.100590,5.129555e-07,2.375833e-07,4.277841e-06,1.081972e-06,5.021580e-06,3.985966e-07,2.406178e-06,1.019819e-06,2.865670e-06,7.030792e-07,8.617908e-07,3.345441e-07,4.839023e-07,6.137936e-07,2.661696e-07,9.084709e-07,4.182861e-08,4.521457e-08,7.416557e-08,3.049474e-07,2.743169e-08,5.751219e-09,6.815083e-09,1.881920e-07,1.080389e-07
28.125000,5.222430e-07,2.350974e-07,4.282767e-06,1.076127e-06,4.995974e-06,3.897206e-07,2.442527e-06,1.015417e-06,2.841123e-06,7.173269e-07,8.526618e-07,3.283889e-07,4.469916e-07,6.179152e-07,2.768810e-07,9.732223e-07,4.245485e-08,4.964195e-08,7.365332e-08,3.283912e-07,2.979915e-08,2.701696e-08,9.608575e-09,1.569258e-07,9.984455e-08
28.149410,5.243626e-07,2.294597e-07,4.238743e-06,1.068816e-06,4.934768e-06,3.907979e-07,2.401129e-06,1.016636e-06,2.827081e-06,7.095704e-07,8.416750e-07,3.117912e-07,4.504275e-07,5.930069e-07,2.716249e-07,1.030154e-06,4.500754e-08,4.978068e-08,7.435372e-08,3.655588e-07,3.380082e-08,4.007479e-08,1.086706e-08,1.279547e-07,8.522388e-08
28.173830,5.218475e-07,2.254227e-07,4.253237e-06,1.062398e-06,4.903966e-06,3.884926e-07,2.353766e-06,1.031178e-06,2.862090e-06,7.021979e-07,8.238942e-07,3.206936e-07,4.491749e-07,6.190755e-07,2.491661e-07,1.023182e-06,4.158346e-08,4.667944e-08,7.226616e-08,3.960136e-07,3.808792e-08,4.852199e-08,1.162563e-08,1.101238e-07,6.120774e-08
28.198240,5.211760e-07,2.246738e-07,4.277459e-06,1.056575e-06,4.865552e-06,3.848389e-07,2.362629e-06,1.003243e-06,2.883371e-06,7.041072e-07,8.161139e-07,3.274301e-07,4.257968e-07,6.489049e-07,2.569286e-07,1.057279e-06,3.535534e-08,5.054343e-08,6.436558e-08,4.051460e-07,4.775073e-08,5.412949e-08,1.240995e-08,1.120803e-07,3.584457e-08
28.222660,5.190242e-07,2.243220e-07,4.262569e-06,1.050785e-06,4.878227e-06,3.806364e-07,2.358684e-06,9.862493e-07,2.947043e-06,6.983845e-07,8.461595e-07,3.088676e-07,4.152392e-07,6.197856e-07,2.879410e-07,1.083936e-06,3.350914e-08,5.729973e-08,5.661915e-08,3.969212e-07,5.763118e-08,7.216105e-08,1.567421e-08,1.279145e-07,2.985564e-08
28.247070,5.163490e-07,2.244720e-07,4.281983e-06,1.030720e-06,4.835151e-06,3.784696e-07,2.356235e-06,1.004791e-06,2.893018e-06,7.078323e-07,8.442213e-07,3.038623e-07,3.949554e-07,5.953863e-07,2.948600e-07,1.006981e-06,3.467741e-08,5.760285e-08,5.191292e-08,4.055771e-07,7.193385e-08,9.775918e-08,2.014216e-08,1.472720e-07,5.027283e-08
28.271480,5.121597e-07,2.242258e-07,4.337174e-06,1.024258e-06,4.811721e-06,3.822157e-07,2.344037e-06,9.930066e-07,2.814986e-06,6.947683e-07,8.112769e-07,3.113510e-07,3.625011e-07,5.918874e-07,2.856089e-07,8.711225e-07,3.262038e-08,5.345291e-08,4.586306e-08,4.198929e-07,9.247717e-08,1.286816e-07,2.677865e-08,1.612950e-07,7.513496e-08
28.295900,5.144432e-07,2.257570e-07,4.391145e-06,1.016250e-06,4.842470e-06,3.766581e-07,2.346183e-06,9.718040e-07,2.862578e-06,6.744839e-07,8.227571e-07,3.103916e-07,3.794481e-07,5.558016e-07,2.929435e-07,8.190128e-07,2.920955e-08,5.183909e-08,3.555409e-08,4.193667e-07,1.132701e-07,1.544699e-07,3.326265e-08,1.566298e-07,9.597467e-08
28.320310,5.164676e-07,2.245908e-07,4.398130e-06,9.973704e-07,4.797323e-06,3.735768e-07,2.394416e-06,9.681524e-07,2.868447e-06,6.875559e-07,8.346400e-07,3.179647e-07,3.940587e-07,5.448569e-07,2.931738e-07,7.915533e-07,2.818352e-08,5.163804e-08,2.374777e-08,3.934651e-07,1.285558e-07,1.790362e-07,3.943222e-08,1.451703e-07,1.149506e-07
28.344730,5.164714e-07,2.222311e-07,4.413778e-06,9.879311e-07,4.758013e-06,3.785091e-07,2.373592e-06,9.707243e-07,2.822036e-06,6.948724e-07,8.282127e-07,3.185883e-07,3.719025e-07,5.552153e-07,3.009258e-07,6.868268e-07,2.739597e-08,4.703333e-08,1.690556e-08,3.559590e-07,1.345040e-07,1.957231e-07,4.367247e-08,1.230839e-07,1.230517e-07
28.369140,5.248354e-07,2.219970e-07,4.463703e-06,9.816025e-07,4.741103e-06,3.751837e-07,2.344404e-06,9.873670e-07,2.796606e-06,6.902356e-07,8.275279e-07,3.025831e-07,3.770446e-07,5.107156e-07,3.315079e-07,5.942095e-07,2.395060e-08,4.306652e-08,1.480528e-08,3.305617e-07,1.369201e-07,2.066676e-07,4.590061e-08,1.009129e-07,1.242429e-07
28.393550,5.312644e-07,2.191397e-07,4.433211e-06,9.834872e-07,4.725647e-06,3.698142e-07,2.346295e-06,9.794508e-07,2.762455e-06,6.870943e-07,8.013235e-07,3.032537e-07,4.000576e-07,4.585747e-07,3.322977e-07,5.262578e-07,2.560936e-08,4.574073e-08,8.004852e-09,3.118491e-07,1.347245e-07,2.110757e-07,4.590799e-08,8.423269e-08,1.130298e-07
28.417970,5.363974e-07,2.160831e-07,4.411180e-06,9.781234e-07,4.704935e-06,3.631261e-07,2.315817e-06,9.544293e-07,2.777841e-06,6.792201e-07,8.005024e-07,3.156834e-07,4.135871e-07,4.655991e-07,3.035856e-07,4.149037e-07,3.124294e-08,4.784046e-08,8.656021e-09,2.656633e-07,1.310707e-07,1.994105e-07,4.414152e-08,7.972736e-08,9.213577e-08
28.442380,5.392800e-07,2.135815e-07,4.385307e-06,9.669341e-07,4.608632e-06,3.625539e-07,2.280809e-06,9.798420e-07,2.779275e-06,6.825016e-07,8.176684e-07,3.075280e-07,4.375629e-07,4.691354e-07,2.993416e-07,2.916931e-07,3.347556e-08,4.142513e-08,1.799379e-08,1.965931e-07,1.221080e-07,1.856908e-07,4.226836e-08,9.468446e-08,6.665177e-08
28.466800,5.428806e-07,2.131693e-07,4.345165e-06,9.658977e-07,4.580091e-06,3.631966e-07,2.224254e-06,9.973197e-07,2.683162e-06,6.881160e-07,7.944789e-07,2.954906e-07,4.427812e-07,4.639471e-07,3.109258e-07,3.270363e-07,3.282827e-08,3.418814e-08,2.344438e-08,1.220341e-07,1.116142e-07,1.653034e-07,4.018494e-08,1.179466e-07,4.303073e-08
28.491210,5.384476e-07,2.117634e-07,4.266335e-06,9.441666e-07,4.532169e-06,3.516494e-07,2.208194e-06,9.718114e-07,2.690045e-06,6.643780e-07,7.770709e-07,2.995172e-07,4.256907e-07,4.787370e-07,3.010115e-07,3.887276e-07,3.436132e-08,3.145301e-08,2.940731e-08,7.507089e-08,1.002278e-07,1.544750e-07,3.727428e-08,1.490000e-07,3.196471e-08
28.515620,5.296384e-07,2.126424e-07,4.199037e-06,9.265983e-07,4.461954e-06,3.444931e-07,2.223905e-06,9.650508e-07,2.752091e-06,6.567756e-07,7.911108e-07,2.970327e-07,4.348951e-07,4.698852e-07,2.949088e-07,3.814020e-07,3.748389e-08,3.212759e-08,3.955248e-08,3.010924e-08,9.027062e-08,1.406876e-07,3.498001e-08,1.728108e-07,4.026475e-08
28.540040,5.269291e-07,2.169773e-07,4.162098e-06,9.089634e-07,4.460928e-06,3.437171e-07,2.158865e-06,9.641268e-07,2.700151e-06,6.690079e-07,7.945711e-07,2.967154e-07,4.664230e-07,4.698894e-07,2.922968e-07,4.315961e-07,3.768980e-08,3.044350e-08,4.925372e-08,5.692343e-08,8.227735e-08,1.277186e-07,3.124554e-08,1.842819e-07,5.662347e-08
28.564450,5.200828e-07,2.185026e-07,4.071652e-06,8.871159e-07,4.455693e-06,3.342168e-07,2.114903e-06,9.777632e-07,2.696070e-06,6.545751e-07,7.871933e-07,2.980613e-07,4.653239e-07,5.081103e-07,2.677316e-07,5.486762e-07,3.768652e-08,3.222977e-08,5.443666e-08,1.258878e-07,7.393887e-08,1.136860e-07,2.896961e-08,1.836853e-07,7.360262e-08
28.588870,5.115729e-07,2.194530e-07,4.029592e-06,8.605652e-07,4.454591e-06,3.271844e-07,2.132626e-06,9.873340e-07,2.718666e-06,6.466505e-07,7.725269e-07,2.778603e-07,4.479090e-07,5.261023e-07,2.589530e-07,6.461037e-07,4.001418e-08,3.594383e-08,5.663983e-08,1.818984e-07,6.264552e-08,9.725435e-08,2.446199e-08,1.713033e-07,8.672174e-08
28.613280,5.035681e-07,2.200861e-07,4.026396e-06,8.319038e-07,4.411410e-06,3.200977e-07,2.114255e-06,9.560108e-07,2.756521e-06,6.437986e-07,7.438431e-07,2.628991e-07,4.456736e-07,5.131836e-07,2.759292e-07,7.202620e-07,4.190119e-08,3.618359e-08,5.837529e-08,2.065289e-07,4.905793e-08,7.809324e-08,1.990095e-08,1.510833e-07,9.683450e-08
28.637700,4.973597e-07,2.203492e-07,4.011105e-06,8.225805e-07,4.401787e-06,3.194633e-07,2.112742e-06,9.487034e-07,2.813799e-06,6.396756e-07,7.584966e-07,2.767304e-07,4.270999e-07,5.222178e-07,2.737567e-07,8.434721e-07,3.835484e-08,3.403468e-08,6.173886e-08,2.482019e-07,3.152672e-08,5.385566e-08,1.419826e-08,1.271885e-07,9.734700e-08
28.662110,4.899082e-07,2.187719e-07,3.996022e-06,8.078699e-07,4.393789e-06,3.187434e-07,2.096033e-06,9.597502e-07,2.743966e-06,6.463157e-07,7.758207e-07,2.772967e-07,4.128153e-07,5.413282e-07,2.538832e-07,8.861140e-07,3.303828e-08,3.809765e-08,6.286875e-08,2.947974e-07,1.878609e-08,2.715245e-08,9.576638e-09,9.832896e-08,8.979973e-08
28.686520,4.801288e-07,2.162977e-07,3.988440e-06,7.965148e-07,4.295895e-06,3.101726e-07,2.125186e-06,9.394953e-07,2.687431e-06,6.299535e-07,7.450502e-07,2.666639e-07,4.202678e-07,5.418696e-07,2.496360e-07,8.367147e-07,3.252081e-08,4.512595e-08,6.107165e-08,3.445530e-07,1.631391e-08,1.599008e-08,9.966019e-09,7.371100e-08,7.767155e-08
28.710940,4.763377e-07,2.154506e-07,4.011159e-06,8.056762e-07,4.234185e-06,3.132618e-07,2.160250e-06,9.205453e-07,2.744497e-06,6.123563e-07,7.400639e-07,2.666913e-07,4.036992e-07,5.491251e-07,2.515749e-07,8.364186e-07,3.186670e-08,4.704574e-08,5.623576e-08,3.692496e-07,2.758290e-08,4.107789e-08,1.489807e-08,6.173340e-08,6.636512e-08
28.735350,4.699266e-07,2.120823e-07,3.977013e-06,8.155810e-07,4.169936e-06,3.164048e-07,2.118486e-06,9.124012e-07,2.744170e-06,6.269955e-07,7.493573e-07,2.674627e-07,3.581635e-07,5.533593e-07,2.549590e-07,9.019487e-07,2.710099e-08,4.481961e-08,5.341357e-08,3.799683e-07,4.074073e-08,6.896509e-08,1.955867e-08,6.662714e-08,6.212372e-08
28.759770,4.617969e-07,2.082998e-07,3.926943e-06,8.266425e-07,4.072550e-06,3.130278e-07,2.111800e-06,9.119037e-07,2.711856e-06,6.340036e-07,7.459821e-07,2.728088e-07,3.433532e-07,5.157194e-07,2.669338e-07,9.299221e-07,2.346255e-08,4.435378e-08,5.182203e-08,3.930358e-07,5.348081e-08,9.005920e-08,2.450739e-08,8.493279e-08,7.081904e-08
28.784180,4.577633e-07,2.058185e-07,3.898592e-06,8.311878e-07,3.956510e-06,3.108351e-07,2.118987e-06,9.322921e-07,2.703828e-06,6.291256e-07,7.482938e-07,2.870821e-07,3.523593e-07,4.880353e-07,2.665679e-07,8.896627e-07,2.211622e-08,4.444472e-08,4.594196e-08,4.198580e-07,6.113722e-08,1.028176e-07,2.720428e-08,9.753079e-08,8.327331e-08
28.808590,4.548169e-07,2.025725e-07,3.823057e-06,8.386361e-07,3.825854e-06,3.119864e-07,2.088086e-06,9.076718e-07,2.674868e-06,6.290246e-07,7.305355e-07,2.851891e-07,3.373589e-07,4.995738e-07,2.415311e-07,8.428265e-07,1.887633e-08,4.076766e-08,3.658641e-08,4.346623e-07,6.646310e-08,1.111344e-07,2.978109e-08,1.011641e-07,9.745673e-08
28.833010,4.527507e-07,1.991155e-07,3.744566e-06,8.459166e-07,3.772086e-06,3.186925e-07,2.046838e-06,8.935938e-07,2.746012e-06,6.181984e-07,7.118504e-07,2.778051e-07,3.259084e-07,4.864418e-07,2.356605e-07,7.989802e-07,1.500314e-08,3.708219e-08,2.719588e-08,4.159618e-07,6.788360e-08,1.189188e-07,3.045099e-08,9.815740e-08,1.081505e-07
28.857420,4.484725e-07,1.954562e-07,3.678968e-06,8.398072e-07,3.715831e-06,3.187858e-07,2.006737e-06,9.226680e-07,2.727886e-06,6.312233e-07,7.262422e-07,2.888180e-07,3.285916e-07,4.432083e-07,2.545495e-07,7.094000e-07,1.700559e-08,3.893857e-08,2.321110e-08,3.802747e-07,7.321862e-08,1.235492e-07,3.103864e-08,9.478721e-08,1.093850e-07
28.881840,4.505006e-07,1.934176e-07,3.639874e-06,8.418451e-07,3.682079e-06,3.146331e-07,2.011544e-06,9.193727e-07,2.630418e-06,6.330614e-07,7.172282e-07,2.967816e-07,3.230873e-07,4.162189e-07,2.596361e-07,6.006530e-07,2.134312e-08,4.117147e-08,1.924263e-08,3.601492e-07,8.057702e-08,1.315576e-07,3.279543e-08,9.112820e-08,1.013917e-07
28.906250,4.507051e-07,1.894621e-07,3.596502e-06,8.410431e-07,3.727268e-06,3.197741e-07,1.991963e-06,9.069461e-07,2.673085e-06,6.078317e-07,6.867168e-07,2.878026e-07,3.498501e-07,3.930505e-07,2.518450e-07,6.033291e-07,2.272484e-08,3.554785e-08,1.207750e-08,3.400722e-07,8.827448e-08,1.399860e-07,3.551752e-08,9.658490e-08,8.434789e-08
28.930660,4.467083e-07,1.845288e-07,3.552376e-06,8.296265e-07,3.743347e-06,3.204484e-07,1.913708e-06,8.943624e-07,2.690599e-06,6.119120e-07,6.911995e-07,2.851242e-07,3.834607e-07,3.655453e-07,2.509774e-07,5.899604e-07,2.348888e-08,2.949600e-08,8.017932e-09,3.021626e-07,9.458603e-08,1.544609e-07,3.999848e-08,1.045281e-07,6.019748e-08
28.955080,4.473312e-07,1.823097e-07,3.568907e-06,8.223885e-07,3.771165e-06,3.160838e-07,1.896955e-06,8.949654e-07,2.663473e-06,6.194492e-07,6.916347e-07,2.820765e-07,3.740128e-07,3.767937e-07,2.447775e-07,4.855523e-07,2.748141e-08,2.792846e-08,1.185378e-08,2.382435e-07,9.875748e-08,1.683841e-07,4.367561e-08,1.279774e-07,4.267891e-08
28.979490,4.467768e-07,1.796953e-07,3.545531e-06,8.149402e-07,3.806636e-06,3.153485e-07,1.893624e-06,9.237678e-07,2.639530e-06,6.149382e-07,6.980660e-07,2.733147e-07,3.653383e-07,3.794561e-07,2.397592e-07,4.120838e-07,3.123228e-08,2.731409e-08,1.446981e-08,1.703671e-07,1.043527e-07,1.807591e-07,4.657357e-08,1.520164e-07,4.338204e-08
29.003910,4.452903e-07,1.773670e-07,3.504988e-06,8.162111e-07,3.864601e-06,3.145215e-07,1.866765e-06,9.119235e-07,2.610432e-06,6.119544e-07,6.940601e-07,2.800361e-07,3.836058e-07,3.547299e-07,2.580670e-07,4.336725e-07,3.216003e-08,2.546096e-08,1.813963e-08,1.157055e-07,1.051527e-07,1.858638e-07,4.777504e-08,1.762042e-07,6.223948e-08
29.028320,4.439833e-07,1.758929e-07,3.497549e-06,8.125445e-07,3.928022e-06,3.161691e-07,1.863829e-06,8.872102e-07,2.684974e-06,6.031115e-07,6.618031e-07,2.802755e-07,3.994786e-07,3.732413e-07,2.659535e-07,4.389973e-07,3.567530e-08,2.762886e-08,2.767212e-08,5.797541e-08,1.036316e-07,1.789515e-07,4.694100e-08,1.896635e-07,7.968296e-08
29.052730,4.464146e-07,1.763391e-07,3.500938e-06,8.138647e-07,3.933882e-06,3.132210e-07,1.861452e-06,9.044812e-07,2.722610e-06,6.131394e-07,6.699230e-07,2.577176e-07,4.087043e-07,4.118123e-07,2.469984e-07,4.792168e-07,4.142579e-08,3.184247e-08,3.642927e-08,5.561660e-09,9.268501e-08,1.681198e-07,4.459304e-08,1.927336e-07,9.649800e-08
29.077150,4.469584e-07,1.760778e-07,3.485972e-06,8.274921e-07,3.987168e-06,3.083937e-07,1.883207e-06,9.106742e-07,2.621956e-06,6.242892e-07,6.918722e-07,2.487053e-07,4.175352e-07,4.201552e-07,2.397252e-07,5.643470e-07,4.329594e-08,3.335434e-08,4.144589e-08,8.149732e-08,7.910636e-08,1.473743e-07,3.972359e-08,1.845639e-07,1.091940e-07
29.101560,4.439988e-07,1.752712e-07,3.435473e-06,8.283514e-07,4.014312e-06,3.128491e-07,1.890648e-06,8.929006e-07,2.598471e-06,6.027592e-07,6.811502e-07,2.489252e-07,4.112098e-07,4.294739e-07,2.568874e-07,5.803271e-07,4.189157e-08,3.131062e-08,4.339102e-08,1.567708e-07,6.144177e-08,1.281906e-07,3.253061e-08,1.688040e-07,1.163978e-07
29.125980,4.467754e-07,1.769427e-07,3.421960e-06,8.280496e-07,3.983721e-06,3.107142e-07,1.852881e-06,8.864821e-07,2.658171e-06,5.903568e-07,6.766708e-07,2.409829e-07,3.953045e-07,4.474159e-07,2.611245e-07,5.528223e-07,4.108560e-08,3.401483e-08,4.723493e-08,2.160379e-07,4.281419e-08,9.951565e-08,2.485202e-08,1.514690e-07,1.147925e-07
29.150390,4.466983e-07,1.771776e-07,3.383267e-06,8.270397e-07,3.977524e-06,3.043991e-07,1.878509e-06,8.845213e-07,2.645962e-06,6.081215e-07,6.801698e-07,2.374010e-07,4.116554e-07,4.562787e-07,2.602434e-07,6.060272e-07,4.197119e-08,4.092208e-08,5.177381e-08,2.467480e-07,2.484131e-08,7.234238e-08,1.553233e-08,1.345230e-07,1.060364e-07
29.174800,4.444217e-07,1.768442e-07,3.333646e-06,8.266252e-07,3.979978e-06,3.039668e-07,1.901695e-06,9.037502e-07,2.636951e-06,6.130729e-07,6.868087e-07,2.325338e-07,4.214687e-07,4.703788e-07,2.621545e-07,7.149384e-07,4.111751e-08,4.379307e-08,5.325117e-08,2.848608e-07,7.791788e-09,4.224898e-08,8.239845e-09,1.135352e-07,8.736161e-08
29.199220,4.427800e-07,1.772566e-07,3.337335e-06,8.282784e-07,4.020840e-06,3.053166e-07,1.890899e-06,9.140115e-07,2.627663e-06,6.122396e-07,7.034964e-07,2.210713e-07,3.942288e-07,5.073659e-07,2.490947e-07,7.579309e-07,3.760458e-08,4.315821e-08,5.185339e-08,3.407270e-07,1.101637e-08,1.814741e-08,1.243706e-09,9.390186e-08,6.676781e-08
29.223630,4.418065e-07,1.778746e-07,3.343164e-06,8.196453e-07,4.029231e-06,3.092274e-07,1.905476e-06,8.872895e-07,2.644245e-06,6.094261e-07,6.937580e-07,2.293490e-07,3.821409e-07,5.077467e-07,2.435833e-07,7.531677e-07,3.484829e-08,4.474731e-08,5.018547e-08,3.809993e-07,2.667861e-08,1.731755e-08,4.539572e-09,6.903420e-08,4.451626e-08
29.248050,4.395924e-07,1.778678e-07,3.355974e-06,8.229016e-07,4.053108e-06,3.061622e-07,1.928325e-06,8.982796e-07,2.716500e-06,6.055761e-07,6.727766e-07,2.444987e-07,3.827101e-07,4.782294e-07,2.625647e-07,7.709195e-07,3.364749e-08,4.625818e-08,5.039519e-08,3.970367e-07,3.749022e-08,3.415491e-08,9.717356e-09,4.630306e-08,3.366908e-08
29.272460,4.337132e-07,1.771240e-07,3.369736e-06,8.190376e-07,4.112782e-06,3.031179e-07,1.977405e-06,9.269081e-07,2.671842e-06,6.206805e-07,6.932206e-07,2.375088e-07,3.694591e-07,4.854757e-07,2.725116e-07,7.506078e-07,2.906721e-08,4.303588e-08,4.943179e-08,3.914887e-07,4.529058e-08,5.013338e-08,1.342642e-08,2.674841e-08,4.202442e-08
29.296880,4.336995e-07,1.787488e-07,3.418782e-06,8.076164e-07,4.099438e-06,3.082386e-07,1.984384e-06,9.215388e-07,2.620942e-06,6.183483e-07,7.004241e-07,2.436489e-07,3.713868e-07,4.860574e-07,2.564764e-07,7.019412e-07,2.094066e-08,4.029023e-08,4.453921e-08,4.105422e-07,5.246355e-08,6.984001e-08,1.689757e-08,4.891072e-09,5.870902e-08
29.321290,4.341082e-07,1.792427e-07,3.463203e-06,8.076432e-07,4.112685e-06,3.062369e-07,1.952345e-06,9.186794e-07,2.698618e-06,6.011678e-07,6.754155e-07,2.572686e-07,3.736326e-07,4.678770e-07,2.419843e-07,7.067875e-07,1.618880e-08,4.092645e-08,3.709704e-08,4.297231e-07,6.256766e-08,8.714506e-08,2.044682e-08,1.795924e-08,7.646663e-08
29.345700,4.321178e-07,1.782146e-07,3.470591e-06,8.089266e-07,4.148430e-06,3.029503e-07,1.984899e-06,9.170818e-07,2.721029e-06,6.134706e-07,6.719812e-07,2.595893e-07,3.446133e-07,4.668994e-07,2.443297e-07,7.570977e-07,1.544837e-08,4.276317e-08,3.166262e-08,4.381937e-07,7.371723e-08,1.042426e-07,2.386273e-08,4.862242e-08,9.206232e-08
29.370120,4.339766e-07,1.782548e-07,3.531205e-06,8.096409e-07,4.164028e-06,3.042010e-07,2.005597e-06,9.260056e-07,2.700618e-06,6.238226e-07,6.777911e-07,2.711428e-07,3.338596e-07,4.508504e-07,2.380069e-07,7.305443e-07,1.123660e-08,3.915296e-08,2.825797e-08,4.165342e-07,8.268788e-08,1.175602e-07,2.860281e-08,7.684288e-08,1.012156e-07
29.394530,4.360903e-07,1.775298e-07,3.597282e-06,8.037768e-07,4.161593e-06,3.047182e-07,1.991112e-06,9.531846e-07,2.701671e-06,6.200864e-07,6.822243e-07,2.750150e-07,3.646453e-07,4.079768e-07,2.412121e-07,6.512799e-07,9.696629e-09,3.133822e-08,2.353295e-08,3.914677e-07,8.791913e-08,1.304368e-07,3.273008e-08,1.019796e-07,1.011544e-07
29.418950,4.390542e-07,1.765591e-07,3.627710e-06,8.004164e-07,4.117331e-06,3.042933e-07,1.983375e-06,9.366996e-07,2.687345e-06,6.224510e-07,6.919204e-07,2.625441e-07,3.723347e-07,3.916371e-07,2.523722e-07,5.885097e-07,1.381134e-08,2.600440e-08,1.565149e-08,3.786263e-07,9.076638e-08,1.427546e-07,3.649032e-08,1.213042e-07,9.598867e-08
29.443360,4.406388e-07,1.750835e-07,3.649912e-06,8.040360e-07,4.130090e-06,2.972267e-07,1.969233e-06,9.265729e-07,2.764947e-06,6.170546e-07,6.703244e-07,2.688463e-07,3.690485e-07,3.997602e-07,2.344135e-07,5.786379e-07,1.590783e-08,2.368249e-08,1.172450e-08,3.693497e-07,9.199523e-08,1.506471e-07,3.831964e-08,1.313647e-07,8.489809e-08
29.467770,4.462818e-07,1.751971e-07,3.687397e-06,7.919583e-07,4.124727e-06,2.950932e-07,1.970163e-06,9.485255e-07,2.784811e-06,6.291373e-07,6.546950e-07,2.822183e-07,3.781439e-07,3.740371e-07,2.265932e-07,5.450832e-07,1.991340e-08,1.716176e-08,1.108739e-08,3.362207e-07,9.210750e-08,1.500894e-07,3.867559e-08,1.353291e-07,7.943519e-08
29.492190,4.482219e-07,1.741285e-07,3.732273e-06,7.867312e-07,4.076595e-06,2.989171e-07,1.927774e-06,9.418770e-07,2.678770e-06,6.426157e-07,6.735843e-07,2.810351e-07,3.694361e-07,3.526169e-07,2.512394e-07,5.322315e-07,2.757565e-08,1.473789e-08,7.479214e-09,2.743366e-07,8.884207e-08,1.427612e-07,3.770293e-08,1.363190e-07,7.807587e-08
29.516600,4.448184e-07,1.727143e-07,3.738444e-06,7.888546e-07,4.100002e-06,2.948544e-07,1.871127e-06,9.287437e-07,2.671753e-06,6.226203e-07,6.700222e-07,2.726395e-07,3.720967e-07,3.601206e-07,2.623992e-07,5.687454e-07,3.331487e-08,1.961157e-08,8.728076e-09,2.157512e-07,8.523561e-08,1.322337e-07,3.546298e-08,1.301897e-07,8.222525e-08
29.541020,4.441837e-07,1.742916e-07,3.786129e-06,7.886843e-07,4.112556e-06,2.916828e-07,1.881206e-06,9.224303e-07,2.697366e-06,6.168638e-07,6.589624e-07,2.683800e-07,4.011344e-07,3.556920e-07,2.607202e-07,5.447454e-07,3.480243e-08,1.992637e-08,1.772111e-08,1.710151e-07,8.231818e-08,1.254788e-07,3.267931e-08,1.198835e-07,8.913948e-08
29.565430,4.413357e-07,1.756510e-07,3.812584e-06,7.897284e-07,4.123787e-06,2.944253e-07,1.871901e-06,9.245387e-07,2.680011e-06,6.310944e-07,6.638769e-07,2.625410e-07,3.975984e-07,3.732621e-07,2.656476e-07,4.913822e-07,3.621531e-08,1.944983e-08,2.482258e-08,1.276350e-07,8.497847e-08,1.212853e-07,2.963578e-08,9.701131e-08,9.577910e-08
29.589840,4.370603e-07,1.771221e-07,3.796768e-06,7.912436e-07,4.099293e-06,2.964585e-07,1.836241e-06,9.555580e-07,2.679916e-06,6.352884e-07,6.602335e-07,2.619769e-07,3.737858e-07,3.991189e-07,2.709925e-07,5.488438e-07,3.939261e-08,2.711297e-08,2.798491e-08,8.435258e-08,9.074923e-08,1.217672e-07,2.631899e-08,7.675572e-08,1.034467e-07
29.614260,4.319673e-07,1.787040e-07,3.789468e-06,8.014135e-07,4.096073e-06,2.991163e-07,1.837715e-06,9.518507e-07,2.645641e-06,6.402230e-07,6.751705e-07,2.645537e-07,3.801945e-07,3.838850e-07,2.707724e-07,6.703784e-07,4.247344e-08,3.488880e-08,3.202181e-08,8.401421e-08,9.265356e-08,1.203127e-07,2.526992e-08,6.297179e-08,1.094701e-07
29.638670,4.299661e-07,1.810263e-07,3.776325e-06,7.977526e-07,4.111326e-06,2.958176e-07,1.842454e-06,9.268381e-07,2.683785e-06,6.325420e-07,6.777601e-07,2.488831e-07,3.880860e-07,3.793857e-07,2.933893e-07,7.002450e-07,4.304522e-08,3.876214e-08,3.789429e-08,1.329086e-07,9.177043e-08,1.213309e-07,2.528554e-08,7.695946e-08,1.104186e-07
29.663090,4.288416e-07,1.824844e-07,3.760674e-06,7.918936e-07,4.055734e-06,2.979747e-07,1.864664e-06,9.535295e-07,2.750497e-06,6.300291e-07,6.515170e-07,2.380441e-07,3.806661e-07,4.107675e-07,3.078956e-07,6.889818e-07,4.376568e-08,4.318260e-08,4.262758e-08,1.732401e-07,8.501159e-08,1.202685e-07,2.608942e-08,9.620795e-08,1.049110e-07
29.687500,4.241347e-07,1.817810e-07,3.708251e-06,7.970964e-07,4.058051e-06,3.038402e-07,1.843501e-06,9.732914e-07,2.673296e-06,6.486576e-07,6.583025e-07,2.486123e-07,3.854729e-07,4.248989e-07,2.891155e-07,7.142390e-07,4.585318e-08,4.827308e-08,4.327334e-08,2.287563e-07,7.695552e-08,1.121625e-07,2.561339e-08,1.123196e-07,8.974676e-08
29.711910,4.250870e-07,1.826460e-07,3.681589e-06,7.915500e-07,4.091782e-06,3.004264e-07,1.809363e-06,9.674102e-07,2.639380e-06,6.428030e-07,6.757117e-07,2.488992e-07,3.770619e-07,4.234978e-07,2.762570e-07,7.268740e-07,4.548324e-08,5.230400e-08,4.241678e-08,2.852851e-07,6.326768e-08,1.001923e-07,2.421666e-08,1.206814e-07,7.334018e-08
29.736330,4.267874e-07,1.824949e-07,3.682636e-06,7.819173e-07,4.080579e-06,3.013478e-07,1.840261e-06,9.674899e-07,2.716015e-06,6.268972e-07,6.636756e-07,2.431792e-07,3.575896e-07,4.310059e-07,2.832785e-07,7.091958e-07,4.091583e-08,5.131856e-08,4.308485e-08,3.508863e-07,5.071946e-08,7.685880e-08,2.140306e-08,1.212424e-07,5.463624e-08
29.760740,4.279814e-07,1.812797e-07,3.631747e-06,7.706259e-07,4.080609e-06,3.043358e-07,1.835549e-06,9.656646e-07,2.722429e-06,6.409213e-07,6.569496e-07,2.477697e-07,3.708675e-07,4.218053e-07,2.805759e-07,7.551968e-07,3.614326e-08,5.109128e-08,4.465113e-08,3.796062e-07,3.922168e-08,5.927365e-08,1.808042e-08,1.152393e-07,4.210700e-08
29.785160,4.304452e-07,1.804025e-07,3.605815e-06,7.640468e-07,4.084065e-06,3.046909e-07,1.809929e-06,9.904789e-07,2.707244e-06,6.489166e-07,6.519061e-07,2.494137e-07,3.934616e-07,4.069752e-07,2.779629e-07,8.340473e-07,3.385746e-08,5.437168e-08,4.348105e-08,3.868137e-07,3.696162e-08,5.481094e-08,1.641799e-08,1.064094e-07,3.311068e-08
29.809570,4.323787e-07,1.793998e-07,3.594176e-06,7.618667e-07,4.135974e-06,3.012542e-07,1.799355e-06,1.011881e-06,2.681252e-06,6.474427e-07,6.541179e-07,2.555942e-07,3.830624e-07,4.233844e-07,2.795600e-07,7.995600e-07,3.144179e-08,5.712482e-08,3.852367e-08,3.904321e-07,4.305313e-08,7.024495e-08,1.691044e-08,9.047172e-08,2.416185e-08
29.833980,4.322753e-07,1.785413e-07,3.586239e-06,7.498306e-07,4.145364e-06,2.950351e-07,1.792046e-06,9.848717e-07,2.676738e-06,6.454184e-07,6.761376e-07,2.713304e-07,3.616302e-07,4.345783e-07,2.566367e-07,7.148173e-07,2.606980e-08,5.444853e-08,3.382842e-08,4.085286e-07,5.332785e-08,9.646735e-08,1.954670e-08,8.460133e-08,1.608855e-08
29.858400,4.276263e-07,1.773607e-07,3.559617e-06,7.531867e-07,4.124572e-06,2.973129e-07,1.779945e-06,9.909688e-07,2.773473e-06,6.383863e-07,6.676016e-07,2.684235e-07,3.713344e-07,4.108981e-07,2.318137e-07,6.777980e-07,2.038113e-08,5.019345e-08,3.217016e-08,4.222345e-07,5.974059e-08,1.222728e-07,2.444970e-08,9.013253e-08,1.271991e-08
29.882810,4.238724e-07,1.775763e-07,3.511961e-06,7.521884e-07,4.135046e-06,2.972944e-07,1.715746e-06,1.003379e-06,2.734101e-06,6.519532e-07,6.379219e-07,2.527837e-07,3.793432e-07,3.878151e-07,2.350445e-07,6.803286e-07,1.729508e-08,4.637223e-08,2.988035e-08,3.958280e-07,6.585560e-08,1.402939e-07,2.771742e-08,1.059181e-07,1.583457e-08
29.907230,4.184148e-07,1.770825e-07,3.482312e-06,7.417884e-07,4.071855e-06,2.884647e-07,1.665404e-06,9.788504e-07,2.599767e-06,6.567961e-07,6.443012e-07,2.589826e-07,3.906213e-07,3.926356e-07,2.336180e-07,6.553395e-07,1.307929e-08,4.279869e-08,2.431558e-08,3.625876e-07,6.778795e-08,1.539535e-07,3.065266e-08,1.244128e-07,2.684888e-08
29.931640,4.098296e-07,1.753428e-07,3.410777e-06,7.364756e-07,3.990253e-06,2.877973e-07,1.676123e-06,9.607974e-07,2.591599e-06,6.262493e-07,6.399460e-07,2.639248e-07,4.105859e-07,3.821583e-07,2.137559e-07,6.307505e-07,9.366084e-09,3.604682e-08,1.854025e-08,3.388550e-07,6.986131e-08,1.556105e-07,3.164034e-08,1.379285e-07,3.996801e-08
29.956050,4.045982e-07,1.749865e-07,3.371510e-06,7.328986e-07,3.921894e-06,2.897526e-07,1.642366e-06,9.402949e-07,2.569693e-06,6.200674e-07,6.221576e-07,2.579232e-07,3.976514e-07,3.676920e-07,2.015532e-07,6.409003e-07,1.431056e-08,2.921238e-08,1.791649e-08,3.341767e-07,6.860683e-08,1.525051e-07,3.113412e-08,1.446196e-07,5.663010e-08
29.980470,4.002024e-07,1.742355e-07,3.370395e-06,7.292230e-07,3.861861e-06,2.891655e-07,1.604995e-06,9.440524e-07,2.533283e-06,6.260482e-07,6.195844e-07,2.562491e-07,3.817938e-07,3.674805e-07,2.026342e-07,5.884915e-07,1.984949e-08,2.591455e-08,1.693848e-08,3.133798e-07,6.715556e-08,1.439578e-07,3.051732e-08,1.457631e-07,7.337480e-08
30.004880,3.976529e-07,1.731230e-07,3.351769e-06,7.167350e-07,3.805897e-06,2.872564e-07,1.604272e-06,9.634789e-07,2.503074e-06,6.254532e-07,6.084987e-07,2.467959e-07,4.097583e-07,3.484288e-07,2.058751e-07,5.109566e-07,2.095874e-08,2.276309e-08,1.198171e-08,2.672593e-07,6.970642e-08,1.400471e-07,2.876548e-08,1.399308e-07,8.718134e-08
30.029300,3.950157e-07,1.709340e-07,3.340282e-06,7.080298e-07,3.714071e-06,2.824143e-07,1.602360e-06,9.342341e-07,2.440783e-06,6.259512e-07,6.099074e-07,2.359887e-07,4.218521e-07,3.407008e-07,2.189118e-07,5.510542e-07,2.314224e-08,1.457789e-08,1.005657e-08,2.142398e-07,7.374773e-08,1.395252e-07,2.751232e-08,1.265304e-07,9.404420e-08
30.053710,3.971656e-07,1.694902e-07,3.334837e-06,7.090228e-07,3.687505e-06,2.848557e-07,1.605018e-06,9.137887e-07,2.484281e-06,6.097429e-07,6.169267e-07,2.406505e-07,4.040194e-07,3.748578e-07,2.387350e-07,6.271642e-07,2.862076e-08,8.891478e-09,1.479248e-08,1.808572e-07,8.061524e-08,1.411461e-07,2.661678e-08,1.090367e-07,9.758962e-08
30.078120,4.009400e-07,1.676963e-07,3.359677e-06,6.951389e-07,3.669960e-06,2.836123e-07,1.567510e-06,9.299753e-07,2.497297e-06,6.081498e-07,5.894440e-07,2.365600e-07,3.962650e-07,3.826624e-07,2.325095e-07,6.013383e-07,3.210219e-08,1.505659e-08,1.807230e-08,1.490568e-07,8.396709e-08,1.448157e-07,2.645297e-08,8.781930e-08,9.608491e-08
30.102540,4.002657e-07,1.639319e-07,3.333249e-06,6.811982e-07,3.589962e-06,2.771531e-07,1.549398e-06,9.261376e-07,2.396856e-06,6.185517e-07,5.782238e-07,2.192492e-07,3.929317e-07,3.644353e-07,2.292314e-07,5.849465e-07,3.419189e-08,1.899107e-08,2.052022e-08,9.976147e-08,8.533213e-08,1.462710e-07,2.687954e-08,8.325811e-08,9.432862e-08
30.126950,4.012816e-07,1.619176e-07,3.305401e-06,6.753063e-07,3.558564e-06,2.773458e-07,1.565036e-06,9.114287e-07,2.364019e-06,6.007941e-07,5.855557e-07,2.122053e-07,3.819250e-07,3.684390e-07,2.589621e-07,6.102553e-07,3.761131e-08,2.380239e-08,2.481269e-08,2.953283e-08,8.078565e-08,1.485789e-07,2.711547e-08,9.436583e-08,8.812126e-08
30.151370,3.982931e-07,1.599271e-07,3.300488e-06,6.718599e-07,3.543765e-06,2.756594e-07,1.533682e-06,8.988040e-07,2.396942e-06,5.807333e-07,5.734685e-07,2.103010e-07,3.906378e-07,3.778954e-07,2.786193e-07,6.047550e-07,4.120736e-08,3.118938e-08,3.027352e-08,4.113484e-08,7.514513e-08,1.468376e-07,2.643816e-08,1.110112e-07,7.885991e-08
30.175780,3.928106e-07,1.589603e-07,3.247712e-06,6.680036e-07,3.546057e-06,2.691892e-07,1.497013e-06,8.870888e-07,2.375258e-06,5.866855e-07,5.617173e-07,2.027849e-07,3.913342e-07,3.767399e-07,2.766705e-07,6.021032e-07,4.105963e-08,3.702460e-08,3.337327e-08,9.093491e-08,6.782111e-08,1.388053e-07,2.449737e-08,1.265316e-07,6.449287e-08
30.200200,3.854222e-07,1.591137e-07,3.186285e-06,6.604091e-07,3.494558e-06,2.624858e-07,1.481238e-06,9.088948e-07,2.349921e-06,5.864781e-07,5.459510e-07,2.015804e-07,3.549547e-07,3.872266e-07,2.760502e-07,6.616889e-07,3.819822e-08,3.826380e-08,3.269620e-08,1.269765e-07,5.853456e-08,1.257312e-07,2.164142e-08,1.296980e-07,4.874314e-08
30.224610,3.791315e-07,1.607900e-07,3.120228e-06,6.671041e-07,3.452394e-06,2.561644e-07,1.450027e-06,9.005348e-07,2.277024e-06,5.838885e-07,5.332036e-07,1.964369e-07,3.453312e-07,3.876158e-07,2.736946e-07,7.024337e-07,3.636028e-08,3.929860e-08,3.179138e-08,1.717057e-07,4.631013e-08,1.063677e-07,1.849346e-08,1.315877e-07,3.759427e-08
30.249020,3.719489e-07,1.621454e-07,3.072170e-06,6.634848e-07,3.447033e-06,2.569846e-07,1.421050e-06,8.721072e-07,2.250261e-06,5.728090e-07,5.439443e-07,1.866616e-07,3.624479e-07,3.582556e-07,2.599199e-07,6.459020e-07,3.673801e-08,4.386352e-08,3.313343e-08,2.302482e-07,3.243470e-08,8.615432e-08,1.435824e-08,1.224417e-07,3.747241e-08
30.273440,3.610218e-07,1.620387e-07,3.010459e-06,6.552825e-07,3.364700e-06,2.534311e-07,1.374281e-06,8.850792e-07,2.300148e-06,5.577329e-07,5.417417e-07,1.938406e-07,3.577427e-07,3.513408e-07,2.628819e-07,5.768682e-07,3.504947e-08,4.804620e-08,3.343705e-08,2.712284e-07,2.024267e-08,6.529834e-08,1.107574e-08,1.114242e-07,4.117667e-08
30.297850,3.539490e-07,1.635595e-07,2.967267e-06,6.547099e-07,3.306642e-06,2.464530e-07,1.356484e-06,8.866149e-07,2.225739e-06,5.726246e-07,5.153473e-07,2.054428e-07,3.466686e-07,3.593710e-07,2.719099e-07,5.771433e-07,3.122159e-08,4.742662e-08,2.984958e-08,2.915277e-07,1.462692e-08,4.733673e-08,6.964709e-09,9.104693e-08,4.443807e-08
30.322270,3.471007e-07,1.641046e-07,2.975086e-06,6.482356e-07,3.274470e-06,2.485908e-07,1.371474e-06,8.676684e-07,2.133452e-06,5.716672e-07,5.107876e-07,1.979295e-07,3.413561e-07,3.436193e-07,2.531645e-07,5.847269e-07,2.830000e-08,4.559711e-08,2.488104e-08,2.850188e-07,1.586767e-08,3.579592e-08,4.302305e-09,6.326482e-08,4.142781e-08
30.346680,3.396701e-07,1.632708e-07,2.956707e-06,6.380548e-07,3.238238e-06,2.488828e-07,1.335696e-06,8.479669e-07,2.124238e-06,5.469485e-07,5.101300e-07,1.934445e-07,3.220227e-07,3.269743e-07,2.284039e-07,5.627173e-07,2.605348e-08,4.527624e-08,2.297508e-08,2.919420e-07,2.488087e-08,2.998667e-08,4.378494e-09,3.360937e-08,3.785435e-08
30.371090,3.332318e-07,1.621878e-07,2.953515e-06,6.228832e-07,3.205064e-06,2.487271e-07,1.312783e-06,8.301890e-07,2.093749e-06,5.412426e-07,4.954077e-07,1.946190e-07,3.103967e-07,3.239634e-07,2.208172e-07,5.736197e-07,2.036667e-08,4.421638e-08,2.108107e-08,3.007795e-07,3.523525e-08,3.629658e-08,6.792963e-09,2.206628e-08,3.251358e-08
30.395510,3.271906e-07,1.605887e-07,2.972050e-06,6.111878e-07,3.172818e-06,2.465060e-07,1.306185e-06,8.387656e-07,2.060033e-06,5.407419e-07,4.904677e-07,1.911571e-07,3.254788e-07,3.089573e-07,2.130048e-07,5.749399e-07,1.384658e-08,3.994994e-08,1.682076e-08,2.934143e-07,4.478204e-08,4.735294e-08,9.834252e-09,4.051094e-08,3.149801e-08
30.419920,3.217816e-07,1.589360e-07,2.986022e-06,5.978606e-07,3.192891e-06,2.480737e-07,1.302769e-06,8.445168e-07,2.016029e-06,5.387094e-07,4.771903e-07,1.967218e-07,3.241430e-07,2.953587e-07,1.991555e-07,5.109106e-07,1.276433e-08,3.585100e-08,1.284871e-08,2.590638e-07,5.374475e-08,5.982701e-08,1.358620e-08,5.694034e-08,3.825099e-08
30.444340,3.137881e-07,1.558405e-07,2.978257e-06,5.720586e-07,3.178775e-06,2.527541e-07,1.288299e-06,8.047275e-07,1.967606e-06,5.354746e-07,4.731066e-07,1.980461e-07,2.982281e-07,3.017360e-07,1.916664e-07,4.767137e-07,1.317783e-08,3.442326e-08,1.253991e-08,2.284371e-07,6.154612e-08,7.737829e-08,1.694229e-08,6.967976e-08,5.155881e-08
30.468750,3.082712e-07,1.538204e-07,2.945537e-06,5.554537e-07,3.137915e-06,2.490687e-07,1.250179e-06,7.951419e-07,2.016379e-06,5.193419e-07,4.826193e-07,1.860914e-07,2.981147e-07,2.936313e-07,1.743259e-07,5.267729e-07,1.101100e-08,3.246590e-08,1.413683e-08,2.219676e-07,6.686394e-08,9.147083e-08,2.077549e-08,7.282999e-08,6.464421e-08
30.493160,3.044373e-07,1.520145e-07,2.931144e-06,5.444084e-07,3.153424e-06,2.468527e-07,1.252325e-06,8.014816e-07,2.013617e-06,5.178198e-07,4.679659e-07,1.859067e-07,3.021264e-07,2.635774e-07,1.523100e-07,5.561784e-07,1.157786e-08,2.627111e-08,1.489918e-08,2.134488e-07,7.234577e-08,1.046708e-07,2.329275e-08,7.701392e-08,7.728227e-08
30.517580,2.982703e-07,1.491178e-07,2.885350e-06,5.322927e-07,3.144555e-06,2.486710e-07,1.255480e-06,7.834853e-07,1.914926e-06,5.275780e-07,4.510738e-07,1.918643e-07,2.967269e-07,2.640838e-07,1.584352e-07,5.327336e-07,1.536296e-08,1.903920e-08,1.515445e-08,1.898274e-07,7.417943e-08,1.117657e-07,2.541417e-08,7.604230e-08,8.443247e-08
30.541990,2.950027e-07,1.473205e-07,2.822109e-06,5.225899e-07,3.103829e-06,2.442697e-07,1.217032e-06,7.710731e-07,1.915024e-06,5.040092e-07,4.515698e-07,1.861260e-07,3.037469e-07,2.721314e-07,1.705090e-07,5.229427e-07,1.762267e-08,1.575822e-08,1.764812e-08,1.511087e-07,7.446378e-08,1.120516e-07,2.640753e-08,7.542463e-08,8.625433e-08
30.566410,2.919083e-07,1.450841e-07,2.792525e-06,5.155482e-07,3.034763e-06,2.380123e-07,1.196411e-06,7.477024e-07,1.925187e-06,4.892711e-07,4.469843e-07,1.797892e-07,2.964932e-07,2.672121e-07,1.616150e-07,5.240042e-07,2.086884e-08,1.303103e-08,2.081574e-08,1.270436e-07,7.075407e-08,1.117566e-07,2.716639e-08,7.918936e-08,8.499490e-08
30.590820,2.892096e-07,1.425080e-07,2.760657e-06,5.158899e-07,2.961649e-06,2.316956e-07,1.181251e-06,7.465749e-07,1.919007e-06,4.901586e-07,4.376992e-07,1.762508e-07,2.762675e-07,2.736208e-07,1.565236e-07,5.279608e-07,2.542462e-08,9.406066e-09,2.169282e-08,1.125438e-07,6.893770e-08,1.042091e-07,2.659809e-08,9.010628e-08,8.152958e-08
30.615230,2.856818e-07,1.395178e-07,2.749295e-06,5.115047e-07,2.897291e-06,2.278482e-07,1.154134e-06,7.573781e-07,1.898399e-06,4.875145e-07,4.306453e-07,1.710624e-07,2.861803e-07,2.706540e-07,1.652222e-07,5.325176e-07,2.851978e-08,1.331766e-08,2.172013e-08,8.957312e-08,6.863237e-08,9.835555e-08,2.493482e-08,1.104192e-07,7.917152e-08
30.639650,2.843192e-07,1.373171e-07,2.739896e-06,5.078359e-07,2.781460e-06,2.267026e-07,1.125502e-06,7.342425e-07,1.829051e-06,4.875138e-07,4.099944e-07,1.697180e-07,3.033996e-07,2.561282e-07,1.716345e-07,5.764054e-07,2.835055e-08,1.784327e-08,2.407226e-08,5.396164e-08,7.033435e-08,8.987029e-08,2.274914e-08,1.299361e-07,7.643754e-08
30.664060,2.840253e-07,1.356625e-07,2.745820e-06,5.136238e-07,2.692321e-06,2.194623e-07,1.091676e-06,7.211433e-07,1.835159e-06,4.712987e-07,4.129527e-07,1.722694e-07,2.916596e-07,2.673582e-07,1.798329e-07,5.994866e-07,2.877373e-08,1.864780e-08,2.719837e-08,5.116340e-08,7.116332e-08,8.428191e-08,2.024593e-08,1.434357e-07,7.231977e-08
30.688480,2.803028e-07,1.324716e-07,2.738375e-06,5.122185e-07,2.635904e-06,2.149141e-07,1.092104e-06,7.303485e-07,1.852072e-06,4.622985e-07,4.191116e-07,1.608979e-07,2.828851e-07,2.864407e-07,1.950244e-07,5.490430e-07,3.106144e-08,2.133589e-08,2.827091e-08,8.454042e-08,6.940964e-08,7.885082e-08,1.805274e-08,1.483029e-07,7.005977e-08
30.712890,2.782766e-07,1.305566e-07,2.706643e-06,5.082199e-07,2.550361e-06,2.146941e-07,1.090662e-06,7.281961e-07,1.777953e-06,4.740875e-07,4.008693e-07,1.506760e-07,2.861661e-07,2.766498e-07,1.935599e-07,4.981412e-07,3.278820e-08,2.725256e-08,2.687260e-08,1.083061e-07,6.667078e-08,7.743206e-08,1.662739e-08,1.416516e-07,6.814502e-08
30.737300,2.755351e-07,1.289872e-07,2.710158e-06,5.053570e-07,2.486540e-06,2.104002e-07,1.056841e-06,7.176708e-07,1.720029e-06,4.687781e-07,3.952811e-07,1.563322e-07,2.845652e-07,2.674806e-07,1.783846e-07,5.138357e-07,3.269997e-08,3.169510e-08,2.638364e-08,1.264032e-07,6.042100e-08,7.803645e-08,1.549197e-08,1.311066e-07,7.188758e-08
30.761720,2.738015e-07,1.283682e-07,2.710594e-06,5.063832e-07,2.454276e-06,2.076175e-07,1.055364e-06,7.032498e-07,1.710452e-06,4.553518e-07,3.972611e-07,1.575026e-07,2.976506e-07,2.744174e-07,1.828959e-07,5.289717e-07,3.282304e-08,3.348715e-08,2.727473e-08,1.678792e-07,5.388863e-08,7.444784e-08,1.501058e-08,1.141280e-07,7.520937e-08
30.786130,2.720716e-07,1.283464e-07,2.690259e-06,5.033250e-07,2.458083e-06,2.059504e-07,1.067285e-06,7.024175e-07,1.694922e-06,4.528605e-07,3.929354e-07,1.551625e-07,3.136675e-07,2.727723e-07,1.879974e-07,4.964010e-07,3.307043e-08,3.548450e-08,2.741494e-08,2.087941e-07,4.285040e-08,6.625748e-08,1.411587e-08,9.497239e-08,7.622436e-08
30.810550,2.709792e-07,1.285451e-07,2.664852e-06,4.931481e-07,2.443027e-06,2.055490e-07,1.065843e-06,7.275378e-07,1.686254e-06,4.527069e-07,3.907220e-07,1.549536e-07,3.012153e-07,2.749109e-07,1.805482e-07,4.921375e-07,3.159743e-08,3.796614e-08,2.518893e-08,2.288869e-07,3.040386e-08,5.342243e-08,1.285306e-08,7.225552e-08,7.248806e-08
30.834960,2.707511e-07,1.292684e-07,2.638966e-06,4.936260e-07,2.424950e-06,2.063113e-07,1.065306e-06,7.225378e-07,1.634241e-06,4.568941e-07,3.809718e-07,1.480020e-07,2.874927e-07,2.840770e-07,1.728421e-07,4.739656e-07,2.719032e-08,3.875499e-08,2.246311e-08,2.351160e-07,1.954401e-08,3.984660e-08,1.119409e-08,4.620801e-08,6.342282e-08
30.859380,2.680639e-07,1.286777e-07,2.615319e-06,4.939387e-07,2.465176e-06,2.024489e-07,1.056598e-06,7.019335e-07,1.621944e-06,4.520898e-07,3.759941e-07,1.457618e-07,2.972143e-07,2.732513e-07,1.662263e-07,4.047791e-07,2.360418e-08,3.689965e-08,2.217395e-08,2.386698e-07,1.897481e-08,3.577230e-08,8.964023e-09,1.882021e-08,5.252571e-08
30.883790,2.676430e-07,1.289898e-07,2.567318e-06,4.876347e-07,2.471314e-06,2.022256e-07,1.069078e-06,7.104368e-07,1.680642e-06,4.378719e-07,3.858794e-07,1.514572e-07,3.011073e-07,2.639495e-07,1.504741e-07,3.475181e-07,2.282937e-08,3.545190e-08,2.134473e-08,2.408766e-07,2.651032e-08,4.385383e-08,7.672719e-09,7.270796e-09,4.032850e-08
30.908200,2.667506e-07,1.291962e-07,2.551845e-06,4.855713e-07,2.452984e-06,2.042072e-07,1.075856e-06,7.135758e-07,1.657723e-06,4.448505e-07,3.837702e-07,1.486460e-07,2.861340e-07,2.798066e-07,1.457976e-07,3.726976e-07,2.068476e-08,3.586771e-08,1.804966e-08,2.396519e-07,3.669268e-08,6.102359e-08,7.931389e-09,2.432187e-08,2.714495e-08
30.932620,2.640116e-07,1.284458e-07,2.537422e-06,4.841928e-07,2.442949e-06,2.010255e-07,1.049193e-06,7.050521e-07,1.595004e-06,4.503027e-07,3.696454e-07,1.397641e-07,2.809616e-07,2.917145e-07,1.518645e-07,3.874972e-07,1.700575e-08,3.522047e-08,1.350952e-08,2.196843e-07,4.436278e-08,7.939641e-08,1.027642e-08,3.037898e-08,1.761067e-08
30.957030,2.627568e-07,1.285515e-07,2.509752e-06,4.852145e-07,2.433100e-06,2.000271e-07,1.042420e-06,6.962763e-07,1.608897e-06,4.312336e-07,3.690566e-07,1.419082e-07,2.734343e-07,2.786064e-07,1.416640e-07,3.520270e-07,1.378371e-08,3.181910e-08,1.152227e-08,1.971960e-07,5.031171e-08,9.339472e-08,1.360735e-08,3.114015e-08,2.079524e-08
30.981450,2.616862e-07,1.286304e-07,2.507728e-06,4.825146e-07,2.426285e-06,2.007335e-07,1.035838e-06,6.835925e-07,1.626062e-06,4.213965e-07,3.676214e-07,1.438986e-07,2.562759e-07,2.738082e-07,1.259092e-07,3.409705e-07,1.199305e-08,2.805950e-08,1.114619e-08,1.747690e-07,5.199471e-08,1.007798e-07,1.643097e-08,2.276694e-08,3.205828e-08
31.005860,2.614503e-07,1.288283e-07,2.506052e-06,4.833392e-07,2.387722e-06,2.043503e-07,1.017218e-06,6.913169e-07,1.635294e-06,4.232533e-07,3.654067e-07,1.421948e-07,2.651489e-07,2.741049e-07,1.276809e-07,3.520246e-07,9.972747e-09,2.554613e-08,9.505961e-09,1.758405e-07,5.038116e-08,1.034274e-07,1.861931e-08,1.638765e-08,4.468175e-08
31.030270,2.594413e-07,1.279937e-07,2.512830e-06,4.885658e-07,2.381444e-06,2.068022e-07,9.981901e-07,6.950680e-07,1.626709e-06,4.230051e-07,3.628054e-07,1.443742e-07,2.662719e-07,2.594832e-07,1.339426e-07,3.593822e-07,1.043601e-08,2.233188e-08,9.230286e-09,1.716746e-07,4.652855e-08,9.704394e-08,1.974235e-08,2.300390e-08,5.077397e-08
31.054690,2.595222e-07,1.277084e-07,2.511598e-06,4.825980e-07,2.377021e-06,2.042574e-07,9.785853e-07,6.700122e-07,1.587813e-06,4.226745e-07,3.488454e-07,1.391260e-07,2.415959e-07,2.672336e-07,1.369788e-07,3.851118e-07,1.416509e-08,1.699451e-08,1.209221e-08,1.553819e-07,4.385845e-08,9.231818e-08,1.954097e-08,3.981981e-08,5.196546e-08
31.079100,2.614143e-07,1.281609e-07,2.534307e-06,4.778668e-07,2.325968e-06,2.062130e-07,9.822499e-07,6.684963e-07,1.620014e-06,4.099689e-07,3.454580e-07,1.355966e-07,2.323445e-07,2.752822e-07,1.434001e-07,4.363584e-07,1.697455e-08,1.296310e-08,1.479239e-08,1.342781e-07,4.445759e-08,8.538642e-08,1.851307e-08,6.410563e-08,4.899786e-08
31.103520,2.619984e-07,1.272055e-07,2.566103e-06,4.767067e-07,2.306945e-06,2.081741e-07,9.705203e-07,6.772430e-07,1.642900e-06,4.046243e-07,3.538311e-07,1.438727e-07,2.424185e-07,2.566952e-07,1.460991e-07,4.495588e-07,1.677910e-08,1.190486e-08,1.529843e-08,1.294843e-07,4.815985e-08,8.166084e-08,1.624107e-08,8.718732e-08,4.552338e-08
31.127930,2.645129e-07,1.271640e-07,2.559758e-06,4.733215e-07,2.301990e-06,2.049948e-07,9.328458e-07,6.671043e-07,1.584168e-06,4.179232e-07,3.455365e-07,1.437065e-07,2.440442e-07,2.432836e-07,1.393223e-07,4.149356e-07,1.743768e-08,9.530837e-09,1.653468e-08,1.249398e-07,5.228335e-08,7.958349e-08,1.392465e-08,1.111350e-07,4.345869e-08
31.152340,2.653659e-07,1.263754e-07,2.578162e-06,4.685407e-07,2.295940e-06,2.039822e-07,9.262024e-07,6.570301e-07,1.573627e-06,4.129167e-07,3.380877e-07,1.362960e-07,2.453057e-07,2.505795e-07,1.485155e-07,4.185996e-07,2.132118e-08,7.336203e-09,1.978803e-08,9.956010e-08,5.507087e-08,8.190055e-08,1.217270e-08,1.259088e-07,4.541202e-08
31.176760,2.649262e-07,1.257149e-07,2.594675e-06,4.612736e-07,2.273935e-06,2.026729e-07,9.220155e-07,6.421226e-07,1.577348e-06,4.025514e-07,3.422554e-07,1.346525e-07,2.468638e-07,2.501574e-07,1.667447e-07,4.545993e-07,2.395413e-08,1.051009e-08,2.297581e-08,6.765473e-08,5.652437e-08,8.817506e-08,1.181547e-08,1.330867e-07,4.835028e-08
31.201170,2.619292e-07,1.250484e-07,2.612474e-06,4.633220e-07,2.254410e-06,2.016904e-07,9.095851e-07,6.437931e-07,1.564603e-06,4.037684e-07,3.368717e-07,1.335046e-07,2.344550e-07,2.435232e-07,1.659008e-07,4.702236e-07,2.463221e-08,1.541657e-08,2.367654e-08,6.717240e-08,5.662404e-08,9.142675e-08,1.260409e-08,1.297361e-07,5.519103e-08
31.225590,2.592954e-07,1.256069e-07,2.616835e-06,4.590219e-07,2.274280e-06,1.997307e-07,9.013003e-07,6.614089e-07,1.562513e-06,4.048432e-07,3.338920e-07,1.342154e-07,2.368318e-07,2.468319e-07,1.627351e-07,4.512424e-07,2.625934e-08,1.841648e-08,2.336091e-08,8.642566e-08,5.430276e-08,9.433169e-08,1.346787e-08,1.177194e-07,6.218216e-08
31.250000,2.561341e-07,1.269848e-07,2.628246e-06,4.497232e-07,2.238482e-06,1.950001e-07,8.906745e-07,6.488337e-07,1.523315e-06,4.077943e-07,3.298872e-07,1.380611e-07,2.619309e-07,2.400187e-07,1.653592e-07,4.491539e-07,2.771235e-08,2.158620e-08,2.455689e-08,1.006923e-07,4.928967e-08,8.912626e-08,1.395285e-08,9.927590e-08,7.009766e-08
31.274410,2.503489e-07,1.275016e-07,2.643001e-06,4.471017e-07,2.204157e-06,1.963173e-07,9.021787e-07,6.378113e-07,1.526746e-06,4.045051e-07,3.174300e-07,1.352388e-07,2.626108e-07,2.329854e-07,1.632979e-07,4.248388e-07,2.607081e-08,2.579964e-08,2.533352e-08,1.196759e-07,4.043556e-08,8.180494e-08,1.370531e-08,7.994809e-08,7.417650e-08
31.298830,2.468413e-07,1.292728e-07,2.625610e-06,4.430235e-07,2.194419e-06,1.962249e-07,8.978959e-07,6.435447e-07,1.579744e-06,3.937184e-07,3.241733e-07,1.288516e-07,2.561461e-07,2.531764e-07,1.599790e-07,3.651759e-07,2.365131e-08,2.827797e-08,2.385565e-08,1.583660e-07,2.985048e-08,6.869376e-08,1.272333e-08,5.570764e-08,7.310379e-08
31.323240,2.433031e-07,1.306447e-07,2.627995e-06,4.387599e-07,2.177781e-06,1.924617e-07,8.791244e-07,6.381643e-07,1.552382e-06,4.020752e-07,3.297020e-07,1.313191e-07,2.629225e-07,2.534619e-07,1.622358e-07,3.306802e-07,2.328976e-08,2.767434e-08,2.105516e-08,1.958152e-07,2.075491e-08,5.532785e-08,1.108629e-08,3.337554e-08,6.649597e-08
31.347660,2.394760e-07,1.310307e-07,2.627230e-06,4.334960e-07,2.155509e-06,1.926660e-07,8.933840e-07,6.315549e-07,1.508561e-06,4.050939e-07,3.192310e-07,1.346708e-07,2.605230e-07,2.383256e-07,1.565455e-07,3.533518e-07,2.416169e-08,2.743092e-08,1.971046e-08,2.146142e-07,1.178460e-08,4.030741e-08,8.397128e-09,9.109074e-09,5.603021e-08
31.372070,2.365402e-07,1.310709e-07,2.606417e-06,4.327004e-07,2.123538e-06,1.930386e-07,8.978937e-07,6.190063e-07,1.512034e-06,3.896943e-07,3.157497e-07,1.298750e-07,2.603249e-07,2.463768e-07,1.367775e-07,3.427542e-07,2.296971e-08,2.994260e-08,1.944960e-08,2.179865e-07,6.868134e-09,2.385757e-08,5.890420e-09,1.120565e-08,4.222507e-08
31.396480,2.348224e-07,1.307023e-07,2.589160e-06,4.312378e-07,2.113575e-06,1.956378e-07,8.949246e-07,6.087890e-07,1.509983e-06,3.820621e-07,3.148002e-07,1.267654e-07,2.658403e-07,2.547479e-07,1.296325e-07,2.923975e-07,2.049112e-08,3.115860e-08,1.750001e-08,2.222880e-07,9.353446e-09,9.145727e-09,3.750044e-09,2.547351e-08,3.088537e-08
31.420900,2.343183e-07,1.303169e-07,2.567052e-06,4.226080e-07,2.080215e-06,1.935567e-07,8.945742e-07,6.198539e-07,1.521769e-06,3.792257e-07,3.115881e-07,1.268783e-07,2.538947e-07,2.614072e-07,1.310063e-07,2.716930e-07,1.824806e-08,2.944752e-08,1.357075e-08,2.292490e-07,1.655336e-08,1.348478e-08,4.158580e-09,3.147049e-08,1.898336e-08
31.445310,2.311957e-07,1.281593e-07,2.551868e-06,4.224060e-07,2.021283e-06,1.899602e-07,8.993391e-07,6.119059e-07,1.496480e-06,3.806805e-07,3.142871e-07,1.247310e-07,2.340496e-07,2.756115e-07,1.230220e-07,2.724306e-07,1.666450e-08,2.801857e-08,1.027045e-08,2.232639e-07,2.415039e-08,2.506887e-08,6.153825e-09,2.724489e-08,1.023379e-08
31.469730,2.289032e-07,1.265887e-07,2.504259e-06,4.239137e-07,2.004397e-06,1.909303e-07,9.184976e-07,5.915260e-07,1.448859e-06,3.821234e-07,3.050014e-07,1.291318e-07,2.308959e-07,2.776138e-07,1.147642e-07,2.651382e-07,1.346132e-08,2.738179e-08,9.452065e-09,1.985358e-07,3.009930e-08,3.507095e-08,8.330103e-09,1.556405e-08,8.114927e-09
31.494140,2.252087e-07,1.253036e-07,2.472819e-06,4.202537e-07,1.979327e-06,1.876766e-07,9.046489e-07,5.983583e-07,1.481178e-06,3.669295e-07,2.960862e-07,1.318017e-07,2.333337e-07,2.649204e-07,1.094635e-07,2.863281e-07,1.176985e-08,2.529034e-08,8.499148e-09,1.634182e-07,3.612585e-08,4.521523e-08,1.028341e-08,8.399744e-10,1.315894e-08
31.518550,2.201200e-07,1.236912e-07,2.453028e-06,4.159917e-07,1.943591e-06,1.831623e-07,8.857158e-07,5.968751e-07,1.484201e-06,3.617210e-07,3.036346e-07,1.242864e-07,2.206519e-07,2.664493e-07,9.917972e-08,3.276430e-07,1.325443e-08,2.194660e-08,8.084994e-09,1.422988e-07,4.279998e-08,5.462930e-08,1.239456e-08,2.116285e-08,1.715741e-08
31.542970,2.159661e-07,1.230943e-07,2.409924e-06,4.123527e-07,1.905598e-06,1.815883e-07,8.896713e-07,5.894701e-07,1.430575e-06,3.712475e-07,3.011123e-07,1.225549e-07,2.064814e-07,2.809796e-07,1.017843e-07,3.330343e-07,1.341430e-08,1.920216e-08,1.068489e-08,1.255818e-07,4.736673e-08,6.376597e-08,1.361501e-08,4.097353e-08,1.688378e-08
31.567380,2.117105e-07,1.225316e-07,2.374303e-06,4.127642e-07,1.886908e-06,1.788489e-07,8.819944e-07,5.777321e-07,1.425700e-06,3.627627e-07,2.943438e-07,1.301343e-07,2.001145e-07,2.783877e-07,1.159861e-07,3.261587e-07,1.197403e-08,1.870608e-08,1.417712e-08,1.096532e-07,5.083592e-08,7.089193e-08,1.508065e-08,6.363276e-08,1.312023e-08
31.591800,2.079859e-07,1.221318e-07,2.338082e-06,4.050017e-07,1.879915e-06,1.765621e-07,8.704717e-07,5.594986e-07,1.414741e-06,3.535767e-07,2.977802e-07,1.298661e-07,1.906801e-07,2.657779e-07,1.156000e-07,3.550961e-07,1.270596e-08,1.695576e-08,1.557471e-08,8.184625e-08,4.946295e-08,7.513010e-08,1.575771e-08,8.592198e-08,1.405677e-08
31.616210,2.035038e-07,1.211098e-07,2.310253e-06,3.986257e-07,1.839376e-06,1.723527e-07,8.609668e-07,5.692751e-07,1.422372e-06,3.484466e-07,2.965306e-07,1.258718e-07,1.977723e-07,2.618528e-07,1.116143e-07,3.976722e-07,1.568713e-08,1.296341e-08,1.615314e-08,7.835629e-08,4.793482e-08,7.740438e-08,1.673864e-08,1.064454e-07,2.244361e-08
31.640620,2.010705e-07,1.204819e-07,2.289764e-06,3.995343e-07,1.826742e-06,1.700527e-07,8.564959e-07,5.736491e-07,1.422313e-06,3.458778e-07,2.995763e-07,1.236554e-07,2.099068e-07,2.511668e-07,1.180786e-07,4.150972e-07,1.757438e-08,9.541269e-09,1.763156e-08,9.008357e-08,4.452062e-08,7.684983e-08,1.749804e-08,1.227677e-07,3.492330e-08
31.665040,2.017341e-07,1.210308e-07,2.285393e-06,3.974765e-07,1.843668e-06,1.736524e-07,8.676749e-07,5.606349e-07,1.388890e-06,3.536828e-07,3.028448e-07,1.196002e-07,2.024214e-07,2.458900e-07,1.253286e-07,4.245414e-07,1.950124e-08,9.204244e-09,2.020340e-08,9.219287e-08,4.333817e-08,7.684608e-08,1.785777e-08,1.319142e-07,4.598253e-08
31.689450,2.014065e-07,1.199798e-07,2.307162e-06,3.953747e-07,1.834666e-06,1.728802e-07,8.549320e-07,5.638524e-07,1.428509e-06,3.476143e-07,2.922324e-07,1.199450e-07,1.954360e-07,2.540725e-07,1.315664e-07,4.426874e-07,2.214332e-08,9.207296e-09,2.229919e-08,8.550962e-08,4.320780e-08,7.175915e-08,1.757507e-08,1.315995e-07,5.645557e-08
31.713870,2.038380e-07,1.192406e-07,2.307988e-06,3.946880e-07,1.826723e-06,1.732590e-07,8.474432e-07,5.672820e-07,1.480311e-06,3.410395e-07,2.966992e-07,1.234664e-07,2.117649e-07,2.494615e-07,1.403624e-07,4.385973e-07,2.398259e-08,1.065177e-08,2.279881e-08,9.480156e-08,4.323494e-08,6.614179e-08,1.645251e-08,1.260577e-07,6.588177e-08
31.738280,2.070879e-07,1.183530e-07,2.318142e-06,3.935623e-07,1.817034e-06,1.770250e-07,8.621903e-07,5.672677e-07,1.463715e-06,3.529555e-07,3.075193e-07,1.178888e-07,2.234607e-07,2.302456e-07,1.442407e-07,4.108454e-07,2.323905e-08,1.455866e-08,2.374517e-08,1.131615e-07,4.472612e-08,5.886433e-08,1.509533e-08,1.139707e-07,7.408023e-08
31.762700,2.102980e-07,1.167841e-07,2.345539e-06,3.930051e-07,1.810571e-06,1.801527e-07,8.594049e-07,5.641045e-07,1.454179e-06,3.547144e-07,3.040243e-07,1.132499e-07,2.258669e-07,2.382542e-07,1.405093e-07,4.108718e-07,2.309152e-08,1.701882e-08,2.590497e-08,1.254920e-07,4.466375e-08,5.536436e-08,1.336352e-08,1.015583e-07,7.852404e-08
31.787110,2.126820e-07,1.148796e-07,2.361833e-06,3.897986e-07,1.799627e-06,1.820920e-07,8.572039e-07,5.510144e-07,1.458547e-06,3.466980e-07,3.047598e-07,1.164892e-07,2.358914e-07,2.566197e-07,1.412301e-07,4.406992e-07,2.539880e-08,1.782575e-08,2.717887e-08,1.242401e-07,4.518022e-08,5.418243e-08,1.185392e-08,8.743763e-08,7.854326e-08
31.811520,2.150280e-07,1.132167e-07,2.374757e-06,3.954951e-07,1.774209e-06,1.805859e-07,8.609858e-07,5.567133e-07,1.476667e-06,3.417222e-07,3.038843e-07,1.154808e-07,2.392636e-07,2.526357e-07,1.530377e-07,4.230639e-07,2.742178e-08,1.972473e-08,2.637057e-08,1.468428e-07,4.215079e-08,5.382127e-08,1.074114e-08,7.335020e-08,7.064717e-08
31.835940,2.173729e-07,1.128641e-07,2.379348e-06,4.005835e-07,1.787980e-06,1.802442e-07,8.703152e-07,5.691271e-07,1.504903e-06,3.398160e-07,3.032268e-07,1.129718e-07,2.364286e-07,2.550879e-07,1.524988e-07,3.684048e-07,2.643745e-08,2.358097e-08,2.517128e-08,1.755991e-07,3.604134e-08,5.251427e-08,1.007578e-08,5.875762e-08,5.803352e-08
31.860350,2.174290e-07,1.121476e-07,2.401580e-06,3.995172e-07,1.780209e-06,1.819065e-07,8.802557e-07,5.533319e-07,1.469049e-06,3.474956e-07,3.106193e-07,1.135630e-07,2.522898e-07,2.643160e-07,1.430230e-07,3.302837e-07,2.525699e-08,2.662864e-08,2.549807e-08,2.013103e-07,2.520325e-08,4.495765e-08,9.738739e-09,4.703127e-08,4.134814e-08
31.884770,2.189060e-07,1.129988e-07,2.391389e-06,4.026546e-07,1.750050e-06,1.793535e-07,8.659229e-07,5.460167e-07,1.454073e-06,3.491582e-07,3.065288e-07,1.094537e-07,2.601376e-07,2.622574e-07,1.391767e-07,3.003357e-07,2.474453e-08,2.737942e-08,2.613438e-08,2.088306e-07,1.270025e-08,3.698308e-08,9.342761e-09,4.186812e-08,2.327185e-08
31.909180,2.191140e-07,1.142130e-07,2.374961e-06,4.066342e-07,1.733104e-06,1.780970e-07,8.544658e-07,5.532678e-07,1.505922e-06,3.364110e-07,2.983635e-07,1.092929e-07,2.449866e-07,2.803874e-07,1.351071e-07,2.485862e-07,2.269260e-08,2.770473e-08,2.461634e-08,2.161776e-07,1.051420e-09,2.260516e-08,8.402898e-09,4.050590e-08,6.974211e-09
31.933590,2.178282e-07,1.149988e-07,2.375228e-06,4.111335e-07,1.723567e-06,1.797907e-07,8.676974e-07,5.520215e-07,1.490354e-06,3.401452e-07,3.034123e-07,1.186883e-07,2.356219e-07,3.087244e-07,1.307996e-07,2.142633e-07,1.940668e-08,2.928219e-08,2.165143e-08,2.301081e-07,1.443189e-08,9.853101e-09,6.404787e-09,3.696553e-08,1.219932e-08
31.958010,2.169656e-07,1.165196e-07,2.364132e-06,4.107395e-07,1.717466e-06,1.782152e-07,8.615642e-07,5.517346e-07,1.453610e-06,3.489020e-07,3.053926e-07,1.192609e-07,2.362604e-07,3.092837e-07,1.333426e-07,2.146031e-07,1.770066e-08,2.871616e-08,1.831835e-08,2.406557e-07,2.680414e-08,1.794684e-08,3.453478e-09,3.075240e-08,2.679816e-08
31.982420,2.165355e-07,1.181640e-07,2.367285e-06,4.148383e-07,1.688745e-06,1.783232e-07,8.532049e-07,5.413930e-07,1.456502e-06,3.424463e-07,3.006955e-07,1.161668e-07,2.309291e-07,3.047672e-07,1.326615e-07,1.824601e-07,1.815643e-08,2.617983e-08,1.585643e-08,2.347248e-07,3.795926e-08,3.831463e-08,5.841954e-10,1.835982e-08,3.885188e-08
32.006840,2.169609e-07,1.200828e-07,2.362353e-06,4.228766e-07,1.690988e-06,1.770439e-07,8.531797e-07,5.369975e-07,1.461027e-06,3.373625e-07,3.029778e-07,1.220692e-07,2.248009e-07,3.208395e-07,1.163311e-07,1.483461e-07,1.686199e-08,2.466044e-08,1.249076e-08,2.141050e-07,4.693994e-08,5.884241e-08,4.897488e-09,1.154128e-08,4.828134e-08
32.031250,2.155154e-07,1.206092e-07,2.371764e-06,4.238178e-07,1.703211e-06,1.789521e-07,8.494544e-07,5.531857e-07,1.486779e-06,3.348573e-07,3.034604e-07,1.267008e-07,2.176292e-07,3.306742e-07,1.109499e-07,1.777250e-07,1.371318e-08,2.525672e-08,7.206773e-09,1.959136e-07,5.225306e-08,7.672311e-08,8.972784e-09,1.668715e-08,5.016769e-08
32.055660,2.156560e-07,1.213847e-07,2.378334e-06,4.300845e-07,1.685798e-06,1.826946e-07,8.548841e-07,5.527499e-07,1.479377e-06,3.358250e-07,3.083254e-07,1.313950e-07,1.948328e-07,3.287818e-07,1.226909e-07,2.232394e-07,1.192693e-08,2.432852e-08,3.870410e-09,1.833891e-07,5.425568e-08,8.756346e-08,1.303102e-08,2.791000e-08,4.613164e-08
32.080080,2.159042e-07,1.224187e-07,2.394070e-06,4.395475e-07,1.689405e-06,1.817913e-07,8.396655e-07,5.443330e-07,1.452170e-06,3.397044e-07,3.145294e-07,1.390516e-07,1.831748e-07,3.362933e-07,1.253398e-07,2.497476e-07,1.277537e-08,2.108982e-08,7.206370e-09,1.675606e-07,5.118976e-08,9.407920e-08,1.636968e-08,4.190586e-08,3.546619e-08
32.104490,2.144722e-07,1.221705e-07,2.453205e-06,4.482499e-07,1.695982e-06,1.846195e-07,8.404647e-07,5.517248e-07,1.503018e-06,3.299299e-07,3.045016e-07,1.371703e-07,1.928548e-07,3.270013e-07,1.262040e-07,2.837827e-07,1.303595e-08,1.761651e-08,8.903611e-09,1.426116e-07,4.658574e-08,9.409084e-08,1.861635e-08,5.864408e-08,2.403460e-08
32.128910,2.141644e-07,1.225869e-07,2.495294e-06,4.574701e-07,1.700054e-06,1.889952e-07,8.580775e-07,5.539250e-07,1.554825e-06,3.234963e-07,3.014677e-07,1.336050e-07,1.900651e-07,3.061444e-07,1.319011e-07,3.218274e-07,1.438589e-08,1.547927e-08,1.032178e-08,1.121312e-07,4.247850e-08,8.899926e-08,2.008571e-08,7.505179e-08,2.484825e-08
32.153320,2.137656e-07,1.229061e-07,2.537195e-06,4.666269e-07,1.697349e-06,1.904324e-07,8.547992e-07,5.504942e-07,1.531113e-06,3.335158e-07,3.123446e-07,1.399383e-07,1.812160e-07,3.072246e-07,1.305752e-07,3.379057e-07,1.736298e-08,1.254069e-08,1.466645e-08,9.368411e-08,4.093387e-08,8.059549e-08,1.985664e-08,8.865430e-08,3.943132e-08
32.177730,2.138655e-07,1.232617e-07,2.577902e-06,4.802299e-07,1.698167e-06,1.913266e-07,8.582121e-07,5.480510e-07,1.528194e-06,3.344687e-07,3.133416e-07,1.419079e-07,1.864323e-07,3.072233e-07,1.335433e-07,3.555187e-07,1.869710e-08,9.337884e-09,1.829521e-08,9.287009e-08,4.134251e-08,6.892956e-08,1.867022e-08,9.706685e-08,5.651275e-08
32.202150,2.130698e-07,1.231102e-07,2.603194e-06,4.839817e-07,1.721940e-06,1.900025e-07,8.681387e-07,5.381735e-07,1.534255e-06,3.249743e-07,3.128106e-07,1.373369e-07,1.859445e-07,2.820689e-07,1.475435e-07,3.997852e-07,1.785024e-08,9.494000e-09,2.005780e-08,7.697999e-08,4.144021e-08,5.955644e-08,1.615856e-08,9.829701e-08,7.212043e-08
32.226560,2.133051e-07,1.228916e-07,2.613552e-06,4.820139e-07,1.711073e-06,1.912757e-07,8.794637e-07,5.516683e-07,1.544097e-06,3.218358e-07,3.153705e-07,1.364928e-07,1.893648e-07,2.646253e-07,1.526943e-07,4.348416e-07,1.930530e-08,1.127312e-08,2.129235e-08,6.915825e-08,4.510369e-08,5.556061e-08,1.324770e-08,9.679427e-08,8.585126e-08
32.250980,2.141734e-07,1.233983e-07,2.598050e-06,4.851789e-07,1.703717e-06,1.918846e-07,8.892006e-07,5.576067e-07,1.573208e-06,3.188433e-07,3.151766e-07,1.341921e-07,2.072806e-07,2.631003e-07,1.442260e-07,4.222063e-07,2.313097e-08,1.103858e-08,2.369269e-08,8.861442e-08,4.785857e-08,6.228050e-08,1.084527e-08,9.246891e-08,9.634632e-08
32.275390,2.131242e-07,1.224340e-07,2.605222e-06,4.827446e-07,1.733206e-06,1.886086e-07,8.762416e-07,5.404750e-07,1.533914e-06,3.261315e-07,3.196976e-07,1.333578e-07,2.096082e-07,2.516183e-07,1.466466e-07,4.063112e-07,2.471578e-08,1.214525e-08,2.589144e-08,1.178723e-07,4.923165e-08,7.207771e-08,9.559641e-09,8.987204e-08,1.003489e-07
32.299800,2.148056e-07,1.224700e-07,2.600971e-06,4.772647e-07,1.759124e-06,1.896606e-07,8.837674e-07,5.419965e-07,1.538575e-06,3.276850e-07,3.241413e-07,1.366135e-07,2.028801e-07,2.613407e-07,1.548934e-07,4.039433e-07,2.436942e-08,1.685852e-08,2.636478e-08,1.324747e-07,4.592909e-08,7.779140e-08,9.774911e-09,8.594351e-08,9.813875e-08
32.324220,2.166504e-07,1.227298e-07,2.592557e-06,4.694268e-07,1.789661e-06,1.900707e-07,9.026637e-07,5.440186e-07,1.587448e-06,3.168790e-07,3.134268e-07,1.319785e-07,2.187876e-07,2.770202e-07,1.547100e-07,3.881051e-07,2.453219e-08,2.047234e-08,2.540639e-08,1.464220e-07,4.041103e-08,7.885376e-08,1.086035e-08,8.200816e-08,8.730767e-08
32.348630,2.177986e-07,1.222326e-07,2.612242e-06,4.643705e-07,1.813867e-06,1.881770e-07,8.956244e-07,5.443467e-07,1.565440e-06,3.221945e-07,3.154544e-07,1.225092e-07,2.330965e-07,2.610370e-07,1.572214e-07,3.666843e-07,2.478698e-08,2.249719e-08,2.504479e-08,1.735026e-07,3.273195e-08,7.264008e-08,1.184041e-08,7.948658e-08,7.061877e-08
32.373050,2.181295e-07,1.214933e-07,2.624553e-06,4.617790e-07,1.855481e-06,1.877502e-07,8.957229e-07,5.423019e-07,1.550555e-06,3.268065e-07,3.231998e-07,1.243747e-07,2.314743e-07,2.642191e-07,1.597139e-07,3.564518e-07,2.294120e-08,2.441526e-08,2.592941e-08,2.104592e-07,2.439091e-08,6.476225e-08,1.223778e-08,7.647917e-08,5.007257e-08
32.397460,2.187042e-07,1.209551e-07,2.649192e-06,4.531678e-07,1.887754e-06,1.881350e-07,8.969255e-07,5.270940e-07,1.556042e-06,3.224832e-07,3.177517e-07,1.288834e-07,2.355605e-07,2.979668e-07,1.488038e-07,3.471674e-07,2.168123e-08,2.713887e-08,2.642033e-08,2.247214e-07,1.666787e-08,4.974475e-08,1.179670e-08,7.547519e-08,3.038673e-08
32.421880,2.197887e-07,1.215338e-07,2.675370e-06,4.549444e-07,1.883256e-06,1.926444e-07,8.947355e-07,5.308920e-07,1.572410e-06,3.192918e-07,3.194284e-07,1.265277e-07,2.330496e-07,3.119500e-07,1.426609e-07,3.087310e-07,2.297865e-08,2.739118e-08,2.502462e-08,2.301920e-07,7.381205e-09,2.997061e-08,1.007665e-08,7.152187e-08,1.420504e-08
32.446290,2.192640e-07,1.210879e-07,2.722989e-06,4.597665e-07,1.902054e-06,1.962616e-07,8.921608e-07,5.489529e-07,1.614919e-06,3.151743e-07,3.190452e-07,1.253729e-07,2.237609e-07,3.267859e-07,1.541132e-07,2.478107e-07,2.404979e-08,2.565388e-08,2.281349e-08,2.277479e-07,1.155684e-09,6.789941e-09,6.998557e-09,6.230427e-08,1.038437e-08
32.470700,2.195197e-07,1.214836e-07,2.751425e-06,4.632357e-07,1.906343e-06,1.966109e-07,8.790242e-07,5.403665e-07,1.596365e-06,3.188121e-07,3.204077e-07,1.256773e-07,2.297392e-07,3.469157e-07,1.552860e-07,2.093648e-07,2.220768e-08,2.588773e-08,2.168257e-08,2.381486e-07,1.104112e-08,1.708481e-08,4.090281e-09,4.930383e-08,2.038305e-08
32.495120,2.193721e-07,1.224298e-07,2.745673e-06,4.691505e-07,1.887080e-06,2.024807e-07,8.944085e-07,5.400829e-07,1.572239e-06,3.244627e-07,3.322989e-07,1.253480e-07,2.367213e-07,3.509667e-07,1.464725e-07,2.039988e-07,2.021051e-08,2.834433e-08,2.007144e-08,2.427768e-07,1.909307e-08,3.674813e-08,3.463726e-09,3.339952e-08,2.810427e-08
32.519530,2.177696e-07,1.224839e-07,2.753892e-06,4.750918e-07,1.859987e-06,2.058760e-07,9.142651e-07,5.493678e-07,1.650202e-06,3.130202e-07,3.278333e-07,1.353609e-07,2.238431e-07,3.593905e-07,1.474362e-07,1.724713e-07,1.970311e-08,2.883359e-08,1.623980e-08,2.289702e-07,2.665003e-08,5.547399e-08,6.620561e-09,2.465743e-08,3.437768e-08
32.543950,2.168424e-07,1.229251e-07,2.736554e-06,4.817214e-07,1.830543e-06,2.067702e-07,9.083876e-07,5.468585e-07,1.685617e-06,3.101061e-07,3.191234e-07,1.419872e-07,2.086946e-07,3.889932e-07,1.428904e-07,1.463788e-07,1.941030e-08,2.711046e-08,1.069915e-08,2.019381e-07,3.350187e-08,6.849650e-08,1.044735e-08,2.927586e-08,3.445554e-08
32.568360,2.149912e-07,1.227080e-07,2.691827e-06,4.765584e-07,1.800593e-06,2.074605e-07,9.152823e-07,5.457698e-07,1.660645e-06,3.200011e-07,3.228076e-07,1.372824e-07,2.062135e-07,3.966954e-07,1.379189e-07,1.581867e-07,1.812447e-08,2.518916e-08,7.652138e-09,1.864501e-07,4.013384e-08,7.993723e-08,1.412758e-08,3.903020e-08,2.888677e-08
32.592770,2.128466e-07,1.221637e-07,2.630833e-06,4.700506e-07,1.733268e-06,2.055856e-07,9.208103e-07,5.342595e-07,1.651395e-06,3.160001e-07,3.224217e-07,1.373230e-07,2.026550e-07,3.763883e-07,1.476035e-07,1.561489e-07,1.828004e-08,2.413400e-08,7.255392e-09,1.787935e-07,4.718109e-08,8.740999e-08,1.665145e-08,4.619217e-08,1.915914e-08
32.617190,2.094530e-07,1.209027e-07,2.571981e-06,4.702242e-07,1.692232e-06,2.064876e-07,9.254700e-07,5.287472e-07,1.628593e-06,3.074018e-07,3.200695e-07,1.427647e-07,1.996413e-07,3.713252e-07,1.535445e-07,1.736835e-07,1.976101e-08,2.163785e-08,6.555873e-09,1.644312e-07,5.100238e-08,9.449317e-08,1.849173e-08,5.207429e-08,1.467821e-08
32.641600,2.078362e-07,1.197056e-07,2.520317e-06,4.629916e-07,1.688951e-06,2.042652e-07,9.234966e-07,5.403831e-07,1.638125e-06,2.991072e-07,3.204418e-07,1.420791e-07,2.025251e-07,3.746151e-07,1.431098e-07,2.251721e-07,1.914498e-08,1.867329e-08,8.621349e-09,1.332617e-07,5.188094e-08,9.844792e-08,1.881733e-08,5.318905e-08,2.494435e-08
32.666020,2.069763e-07,1.189838e-07,2.448802e-06,4.558293e-07,1.668832e-06,2.011686e-07,9.057831e-07,5.329656e-07,1.635777e-06,2.935403e-07,3.119266e-07,1.385168e-07,1.941837e-07,3.624464e-07,1.426679e-07,2.623511e-07,1.693947e-08,1.781632e-08,1.330248e-08,1.125121e-07,5.015405e-08,9.857922e-08,1.876128e-08,5.200983e-08,3.838722e-08
32.690430,2.039571e-07,1.166115e-07,2.407186e-06,4.502215e-07,1.654883e-06,2.019688e-07,9.115694e-07,5.160769e-07,1.578976e-06,2.986322e-07,3.138973e-07,1.366496e-07,1.872917e-07,3.512230e-07,1.534548e-07,2.643625e-07,1.731727e-08,1.745811e-08,1.688851e-08,1.050065e-07,4.622048e-08,9.819448e-08,1.785658e-08,4.891381e-08,5.124837e-08
32.714840,2.025883e-07,1.146164e-07,2.367935e-06,4.450657e-07,1.646148e-06,1.983228e-07,9.096926e-07,5.149014e-07,1.579954e-06,2.951496e-07,3.191240e-07,1.299826e-07,2.012069e-07,3.383947e-07,1.546108e-07,2.714921e-07,1.912360e-08,1.519318e-08,1.875841e-08,9.365262e-08,4.114328e-08,9.555492e-08,1.669288e-08,5.204897e-08,6.205637e-08
32.739260,2.019707e-07,1.131441e-07,2.317164e-06,4.406094e-07,1.644338e-06,1.934043e-07,8.877104e-07,5.067872e-07,1.602488e-06,2.840875e-07,3.047362e-07,1.304413e-07,2.061677e-07,3.064449e-07,1.541068e-07,3.006444e-07,1.947288e-08,1.167406e-08,2.121330e-08,7.140110e-08,3.494400e-08,9.099959e-08,1.544657e-08,6.265195e-08,7.215841e-08
32.763670,2.020167e-07,1.116710e-07,2.292220e-06,4.336878e-07,1.635853e-06,1.905782e-07,8.814905e-07,5.002566e-07,1.558703e-06,2.867044e-07,2.986024e-07,1.347430e-07,1.963983e-07,2.908157e-07,1.557413e-07,3.153712e-07,1.930820e-08,1.116611e-08,2.462410e-08,5.800940e-08,2.784215e-08,8.257733e-08,1.413734e-08,7.887279e-08,8.123674e-08
32.788090,2.009506e-07,1.096628e-07,2.264118e-06,4.350911e-07,1.612021e-06,1.880211e-07,8.701857e-07,4.888185e-07,1.536028e-06,2.873033e-07,3.040073e-07,1.262460e-07,1.940315e-07,3.063443e-07,1.507614e-07,3.145406e-07,1.921960e-08,1.234786e-08,2.724752e-08,6.822964e-08,2.155222e-08,6.837566e-08,1.268158e-08,9.378429e-08,8.708755e-08
32.812500,2.006278e-07,1.076127e-07,2.233934e-06,4.339479e-07,1.616701e-06,1.872903e-07,8.567570e-07,4.690702e-07,1.517849e-06,2.803682e-07,2.991882e-07,1.182147e-07,1.974736e-07,3.003299e-07,1.480951e-07,3.279371e-07,1.919617e-08,1.277044e-08,2.735096e-08,8.290280e-08,1.973617e-08,5.526034e-08,1.099505e-08,1.032910e-07,8.720304e-08
32.836910,2.004617e-07,1.065009e-07,2.184543e-06,4.281479e-07,1.601498e-06,1.828554e-07,8.445929e-07,4.724684e-07,1.520054e-06,2.752700e-07,2.948213e-07,1.196388e-07,1.974503e-07,2.809817e-07,1.590892e-07,3.304130e-07,1.738070e-08,1.409487e-08,2.667955e-08,9.375225e-08,2.172745e-08,4.391885e-08,9.844461e-09,1.040886e-07,8.179450e-08
32.861330,1.978054e-07,1.043724e-07,2.163547e-06,4.278089e-07,1.564702e-06,1.785630e-07,8.337318e-07,4.706750e-07,1.545893e-06,2.672918e-07,2.905137e-07,1.173370e-07,2.016089e-07,2.823472e-07,1.660871e-07,2.970037e-07,1.610590e-08,1.665923e-08,2.713895e-08,1.186455e-07,2.461399e-08,3.800201e-08,8.647149e-09,1.009595e-07,7.104861e-08
32.885740,1.964645e-07,1.032565e-07,2.152211e-06,4.250388e-07,1.542197e-06,1.780108e-07,8.476121e-07,4.542643e-07,1.501295e-06,2.689486e-07,2.865585e-07,1.169180e-07,2.017387e-07,2.857493e-07,1.559134e-07,2.619912e-07,1.690961e-08,1.720656e-08,2.800129e-08,1.530048e-07,2.451090e-08,3.756614e-08,7.621952e-09,9.060054e-08,5.771355e-08
32.910160,1.942403e-07,1.027006e-07,2.124790e-06,4.215331e-07,1.517019e-06,1.733638e-07,8.511925e-07,4.519383e-07,1.486063e-06,2.698561e-07,2.950910e-07,1.167910e-07,1.864882e-07,2.874050e-07,1.517152e-07,2.540044e-07,1.759538e-08,1.655256e-08,2.768710e-08,1.864107e-07,2.241070e-08,3.984774e-08,6.769822e-09,7.787641e-08,4.312370e-08
32.934570,1.910735e-07,1.019600e-07,2.120877e-06,4.139900e-07,1.496344e-06,1.690364e-07,8.382011e-07,4.476852e-07,1.538761e-06,2.579533e-07,2.940156e-07,1.107700e-07,1.783191e-07,3.027534e-07,1.582558e-07,2.437164e-07,1.538869e-08,1.749009e-08,2.564182e-08,2.009636e-07,1.846506e-08,4.047031e-08,6.600544e-09,6.059338e-08,2.979193e-08
32.958980,1.874641e-07,1.014319e-07,2.112830e-06,4.117987e-07,1.463902e-06,1.668492e-07,8.480437e-07,4.411840e-07,1.540243e-06,2.546582e-07,2.806503e-07,1.096804e-07,1.871363e-07,3.067964e-07,1.577039e-07,2.134307e-07,1.259596e-08,2.000109e-08,2.410253e-08,2.079388e-07,1.321594e-08,3.970231e-08,7.149464e-09,4.012114e-08,1.761442e-08
32.983400,1.842304e-07,1.010276e-07,2.104159e-06,4.121772e-07,1.460550e-06,1.641910e-07,8.547906e-07,4.353570e-07,1.525260e-06,2.581263e-07,2.810557e-07,1.171728e-07,1.820998e-07,2.918292e-07,1.628472e-07,1.874722e-07,1.239774e-08,2.147862e-08,2.310897e-08,2.203998e-07,8.080182e-09,3.402360e-08,7.227104e-09,1.991095e-08,5.653841e-09
33.007810,1.817473e-07,1.011063e-07,2.088815e-06,4.048596e-07,1.466617e-06,1.638220e-07,8.572464e-07,4.210866e-07,1.509922e-06,2.547280e-07,2.798406e-07,1.187803e-07,1.707613e-07,3.011137e-07,1.681269e-07,1.684748e-07,1.198386e-08,2.090921e-08,2.138479e-08,2.326792e-07,8.948644e-09,2.259591e-08,7.246314e-09,1.860139e-08,5.349408e-09
33.032230,1.777141e-07,1.001013e-07,2.078275e-06,4.019900e-07,1.444178e-06,1.609290e-07,8.558238e-07,4.223445e-07,1.489834e-06,2.493758e-07,2.772967e-07,1.170857e-07,1.655764e-07,3.194164e-07,1.610669e-07,1.383741e-07,1.118320e-08,1.989779e-08,1.757058e-08,2.323012e-07,1.748395e-08,8.428981e-09,6.479610e-09,3.426413e-08,1.155724e-08
33.056640,1.759921e-07,9.942818e-08,2.072301e-06,3.996620e-07,1.434617e-06,1.606327e-07,8.461702e-07,4.303807e-07,1.507186e-06,2.412364e-07,2.789602e-07,1.201294e-07,1.541872e-07,3.089499e-07,1.503348e-07,1.152223e-07,1.270412e-08,1.953932e-08,1.270508e-08,2.096411e-07,2.561708e-08,1.598873e-08,6.150287e-09,4.643235e-08,1.360955e-08
33.081050,1.749637e-07,9.908394e-08,2.037687e-06,3.954729e-07,1.425665e-06,1.618631e-07,8.545080e-07,4.174465e-07,1.482906e-06,2.373823e-07,2.724755e-07,1.211150e-07,1.473964e-07,3.019077e-07,1.557332e-07,1.338627e-07,1.443031e-08,1.848570e-08,8.984437e-09,1.919312e-07,3.341947e-08,3.435931e-08,6.151259e-09,5.466474e-08,1.031029e-08
33.105470,1.726397e-07,9.753615e-08,2.021741e-06,3.912942e-07,1.414680e-06,1.583626e-07,8.443276e-07,4.095555e-07,1.425241e-06,2.429159e-07,2.721038e-07,1.226664e-07,1.527240e-07,3.027540e-07,1.607953e-07,1.435027e-07,1.388651e-08,1.591249e-08,5.940122e-09,1.785422e-07,3.772633e-08,5.101408e-08,7.854445e-09,5.535315e-08,9.468899e-09
33.129880,1.701228e-07,9.580694e-08,1.999466e-06,3.859347e-07,1.400578e-06,1.567717e-07,8.236325e-07,4.094881e-07,1.441467e-06,2.378177e-07,2.787298e-07,1.256970e-07,1.464492e-07,2.885561e-07,1.494736e-07,1.365173e-07,1.339100e-08,1.529516e-08,1.764836e-09,1.660276e-07,4.004895e-08,6.639484e-08,1.019483e-08,5.216754e-08,1.615056e-08
33.154300,1.671926e-07,9.402625e-08,1.963669e-06,3.843372e-07,1.382552e-06,1.564830e-07,8.166552e-07,4.038507e-07,1.442663e-06,2.308555e-07,2.717997e-07,1.203718e-07,1.364167e-07,2.880291e-07,1.426661e-07,1.572838e-07,1.506145e-08,1.640189e-08,3.152020e-09,1.407001e-07,4.015598e-08,7.577381e-08,1.303710e-08,4.362531e-08,2.723575e-08
33.178710,1.644019e-07,9.276025e-08,1.933012e-06,3.764690e-07,1.383061e-06,1.561866e-07,7.996215e-07,4.029436e-07,1.394202e-06,2.346810e-07,2.641263e-07,1.141421e-07,1.418670e-07,2.926623e-07,1.406342e-07,1.845658e-07,1.680244e-08,1.531816e-08,7.755122e-09,1.064760e-07,3.963065e-08,8.357573e-08,1.591329e-08,3.224299e-08,3.585123e-08
33.203120,1.599851e-07,9.110673e-08,1.908938e-06,3.699602e-07,1.359548e-06,1.551663e-07,7.810464e-07,3.939650e-07,1.368958e-06,2.336388e-07,2.661970e-07,1.175064e-07,1.479665e-07,2.710730e-07,1.326502e-07,1.971678e-07,1.670670e-08,1.219532e-08,1.012691e-08,8.034368e-08,3.815387e-08,8.367573e-08,1.801157e-08,2.388501e-08,4.368887e-08
33.227540,1.562436e-07,8.975086e-08,1.892618e-06,3.696418e-07,1.339982e-06,1.512757e-07,7.630733e-07,3.849078e-07,1.344233e-06,2.280646e-07,2.643247e-07,1.188311e-07,1.479432e-07,2.465459e-07,1.331793e-07,2.124664e-07,1.694341e-08,1.128148e-08,1.227067e-08,6.730697e-08,3.563326e-08,7.999867e-08,1.930991e-08,3.373873e-08,5.031132e-08
33.251950,1.529332e-07,8.913287e-08,1.854786e-06,3.664996e-07,1.338731e-06,1.505326e-07,7.497147e-07,3.906050e-07,1.351607e-06,2.231617e-07,2.628164e-07,1.133116e-07,1.500209e-07,2.423016e-07,1.362676e-07,2.367858e-07,1.770318e-08,1.184549e-08,1.534319e-08,4.979766e-08,3.320347e-08,7.123883e-08,1.909331e-08,5.659809e-08,5.621399e-08
33.276370,1.481233e-07,8.776160e-08,1.822236e-06,3.644892e-07,1.326535e-06,1.494982e-07,7.516823e-07,3.821884e-07,1.365860e-06,2.162056e-07,2.593774e-07,1.101737e-07,1.506873e-07,2.402885e-07,1.224400e-07,2.422836e-07,1.752175e-08,1.160495e-08,1.845541e-08,3.757665e-08,3.044452e-08,5.842308e-08,1.812283e-08,7.712351e-08,6.042982e-08
33.300780,1.445024e-07,8.646564e-08,1.799764e-06,3.632935e-07,1.311701e-06,1.453862e-07,7.329609e-07,3.725878e-07,1.314371e-06,2.186112e-07,2.508677e-07,1.063135e-07,1.461597e-07,2.343533e-07,1.106663e-07,2.287113e-07,1.602295e-08,1.204635e-08,2.001638e-08,5.203598e-08,3.009941e-08,4.562336e-08,1.588528e-08,9.525437e-08,6.244419e-08
33.325200,1.421740e-07,8.560167e-08,1.761104e-06,3.644387e-07,1.293180e-06,1.445894e-07,7.122161e-07,3.718472e-07,1.312844e-06,2.170290e-07,2.562711e-07,1.023408e-07,1.528014e-07,2.378987e-07,1.169336e-07,2.283124e-07,1.565476e-08,1.364139e-08,2.011246e-08,7.745808e-08,2.823444e-08,3.601982e-08,1.297041e-08,1.053502e-07,6.065658e-08
33.349610,1.405422e-07,8.440469e-08,1.733591e-06,3.638880e-07,1.285017e-06,1.435887e-07,7.103659e-07,3.648916e-07,1.344339e-06,2.057583e-07,2.617190e-07,1.057721e-07,1.611004e-07,2.352998e-07,1.187099e-07,2.406877e-07,1.659370e-08,1.411176e-08,2.064751e-08,9.152558e-08,2.561017e-08,3.127935e-08,9.700401e-09,1.087737e-07,5.693258e-08
33.374020,1.392788e-07,8.280194e-08,1.714478e-06,3.586115e-07,1.272188e-06,1.425313e-07,6.985444e-07,3.612127e-07,1.334404e-06,2.035549e-07,2.522282e-07,1.035671e-07,1.550753e-07,2.247644e-07,1.170672e-07,2.384937e-07,1.613015e-08,1.314873e-08,2.185566e-08,1.033662e-07,2.058488e-08,2.791938e-08,6.298896e-09,1.062808e-07,5.218696e-08
33.398440,1.392777e-07,8.073539e-08,1.697399e-06,3.573401e-07,1.241602e-06,1.413849e-07,6.901117e-07,3.509399e-07,1.327859e-06,2.039870e-07,2.486605e-07,9.487089e-08,1.482583e-07,2.415422e-07,1.193603e-07,2.228706e-07,1.413596e-08,1.291371e-08,2.226471e-08,1.245447e-07,1.542051e-08,2.897727e-08,4.035294e-09,9.816073e-08,4.904997e-08
33.422850,1.408878e-07,7.929986e-08,1.678127e-06,3.571292e-07,1.230503e-06,1.391295e-07,6.803790e-07,3.394907e-07,1.301373e-06,2.015806e-07,2.486489e-07,9.481943e-08,1.501034e-07,2.567655e-07,1.169086e-07,2.162785e-07,1.256446e-08,1.473711e-08,2.174861e-08,1.523816e-07,1.163340e-08,2.862143e-08,4.256805e-09,8.403123e-08,4.538798e-08
33.447270,1.405809e-07,7.685988e-08,1.663261e-06,3.516501e-07,1.226188e-06,1.397586e-07,6.750645e-07,3.439899e-07,1.289896e-06,1.979062e-07,2.449372e-07,9.660148e-08,1.473424e-07,2.495263e-07,1.164004e-07,2.016291e-07,1.158272e-08,1.581375e-08,2.086377e-08,1.668763e-07,9.984469e-09,2.891617e-08,6.152472e-09,6.571706e-08,4.072304e-08
33.471680,1.410156e-07,7.403109e-08,1.669609e-06,3.484295e-07,1.211415e-06,1.386026e-07,6.793691e-07,3.432620e-07,1.302847e-06,1.899095e-07,2.455347e-07,9.429715e-08,1.463942e-07,2.510744e-07,1.280276e-07,1.734521e-07,9.656655e-09,1.515055e-08,2.084511e-08,1.767358e-07,1.170240e-08,2.505251e-08,7.407954e-09,4.161261e-08,3.335379e-08
33.496090,1.415568e-07,7.203931e-08,1.660133e-06,3.428324e-07,1.207688e-06,1.351716e-07,6.676767e-07,3.325809e-07,1.266588e-06,1.885037e-07,2.400042e-07,9.453438e-08,1.489687e-07,2.603001e-07,1.387569e-07,1.488636e-07,8.196111e-09,1.472190e-08,2.081666e-08,1.822126e-07,1.434531e-08,2.250289e-08,7.867136e-09,1.770084e-08,2.359922e-08
33.520510,1.424132e-07,7.065496e-08,1.666701e-06,3.409643e-07,1.211311e-06,1.360493e-07,6.659385e-07,3.329700e-07,1.246289e-06,1.934078e-07,2.383236e-07,9.431945e-08,1.425238e-07,2.610839e-07,1.389111e-07,1.471769e-07,8.641973e-09,1.494145e-08,1.983024e-08,1.965038e-07,1.821772e-08,2.537741e-08,7.189123e-09,1.081457e-08,1.365894e-08
33.544920,1.437745e-07,7.021212e-08,1.692183e-06,3.389229e-07,1.233790e-06,1.382139e-07,6.821726e-07,3.339596e-07,1.296672e-06,1.906474e-07,2.489831e-07,9.482913e-08,1.343301e-07,2.685504e-07,1.414508e-07,1.428978e-07,8.935205e-09,1.400971e-08,1.785015e-08,2.070456e-07,1.990645e-08,3.372226e-08,6.381936e-09,3.045370e-08,3.762277e-09
33.569340,1.448577e-07,7.014855e-08,1.703492e-06,3.387166e-07,1.244591e-06,1.384858e-07,6.861517e-07,3.353148e-07,1.311757e-06,1.900201e-07,2.491892e-07,1.015468e-07,1.386966e-07,2.790930e-07,1.521529e-07,1.170995e-07,7.660220e-09,1.244769e-08,1.548250e-08,2.052436e-07,2.021734e-08,4.373060e-08,5.331699e-09,4.680939e-08,6.968742e-09
33.593750,1.464845e-07,7.109372e-08,1.703592e-06,3.429518e-07,1.262642e-06,1.383552e-07,6.915691e-07,3.370816e-07,1.308163e-06,1.964166e-07,2.444669e-07,1.057704e-07,1.409935e-07,2.683938e-07,1.548228e-07,1.004993e-07,7.666322e-09,1.287327e-08,1.399967e-08,1.946487e-07,1.896699e-08,5.015622e-08,5.044147e-09,5.864427e-08,1.751243e-08
33.618160,1.465490e-07,7.186134e-08,1.695120e-06,3.416030e-07,1.295987e-06,1.368609e-07,7.043735e-07,3.313849e-07,1.306902e-06,1.983134e-07,2.472140e-07,1.009288e-07,1.341308e-07,2.568813e-07,1.578402e-07,1.064808e-07,9.661118e-09,1.394921e-08,1.152705e-08,1.842504e-07,1.831766e-08,5.747580e-08,6.209649e-09,6.537664e-08,3.000662e-08
33.642580,1.479725e-07,7.281488e-08,1.702577e-06,3.424322e-07,1.305720e-06,1.375435e-07,7.167753e-07,3.369210e-07,1.301146e-06,1.993378e-07,2.496157e-07,1.000466e-07,1.324857e-07,2.714245e-07,1.648285e-07,1.078938e-07,1.101836e-08,1.340378e-08,8.042527e-09,1.826785e-07,2.016772e-08,6.057640e-08,8.384331e-09,6.766258e-08,4.154383e-08
33.666990,1.504556e-07,7.470973e-08,1.695024e-06,3.446260e-07,1.316081e-06,1.378196e-07,7.362459e-07,3.442179e-07,1.339530e-06,1.969963e-07,2.536740e-07,1.044825e-07,1.310196e-07,2.759157e-07,1.598435e-07,1.181886e-07,1.172562e-08,1.155027e-08,4.029141e-09,1.717143e-07,2.378352e-08,6.431325e-08,1.091609e-08,6.466332e-08,5.148855e-08
33.691410,1.515142e-07,7.559235e-08,1.686825e-06,3.458519e-07,1.326009e-06,1.361965e-07,7.365752e-07,3.395902e-07,1.350639e-06,1.957357e-07,2.568673e-07,1.058289e-07,1.303702e-07,2.625035e-07,1.496046e-07,1.444302e-07,1.340762e-08,1.053755e-08,1.664145e-09,1.501711e-07,2.783488e-08,6.549530e-08,1.267111e-08,5.471475e-08,5.731999e-08
33.715820,1.527831e-07,7.621953e-08,1.694908e-06,3.464569e-07,1.333057e-06,1.382620e-07,7.370163e-07,3.411723e-07,1.322438e-06,2.030551e-07,2.496070e-07,1.079870e-07,1.389964e-07,2.556498e-07,1.533611e-07,1.555595e-07,1.502433e-08,1.059357e-08,2.218980e-09,1.211737e-07,3.077528e-08,6.543859e-08,1.402848e-08,4.075833e-08,5.798755e-08
33.740230,1.541215e-07,7.688963e-08,1.687752e-06,3.440810e-07,1.336357e-06,1.393004e-07,7.524514e-07,3.461449e-07,1.352161e-06,2.041431e-07,2.529009e-07,1.082526e-07,1.417970e-07,2.438613e-07,1.590461e-07,1.555355e-07,1.495399e-08,9.926405e-09,4.336732e-09,1.023410e-07,3.383279e-08,6.746896e-08,1.415453e-08,2.438825e-08,5.416544e-08
33.764650,1.556693e-07,7.779348e-08,1.686586e-06,3.472522e-07,1.324634e-06,1.400451e-07,7.525844e-07,3.467970e-07,1.387867e-06,1.995418e-07,2.649450e-07,1.027082e-07,1.324604e-07,2.329733e-07,1.500356e-07,1.791049e-07,1.470917e-08,1.001560e-08,8.010849e-09,8.586426e-08,3.494482e-08,7.017543e-08,1.400505e-08,2.456607e-08,4.821729e-08
33.789060,1.554883e-07,7.821004e-08,1.695171e-06,3.471857e-07,1.338461e-06,1.404936e-07,7.553497e-07,3.471536e-07,1.391841e-06,2.015643e-07,2.630199e-07,1.061435e-07,1.325989e-07,2.406688e-07,1.424582e-07,2.090556e-07,1.561205e-08,1.226923e-08,1.132472e-08,6.132721e-08,3.490738e-08,7.528107e-08,1.333111e-08,4.019308e-08,4.170393e-08
33.813480,1.559026e-07,7.851804e-08,1.722231e-06,3.454111e-07,1.345190e-06,1.410994e-07,7.576481e-07,3.418973e-07,1.397173e-06,2.051260e-07,2.622730e-07,1.125215e-07,1.411746e-07,2.416339e-07,1.395535e-07,2.199015e-07,1.675195e-08,1.321559e-08,1.342558e-08,2.911652e-08,3.218079e-08,7.655664e-08,1.244559e-08,5.781517e-08,3.664742e-08
33.837890,1.575221e-07,8.000389e-08,1.742431e-06,3.484077e-07,1.343479e-06,1.442044e-07,7.644744e-07,3.387235e-07,1.394129e-06,2.054432e-07,2.660868e-07,1.098474e-07,1.421505e-07,2.228129e-07,1.321472e-07,2.166898e-07,1.632796e-08,1.259870e-08,1.437277e-08,2.814256e-09,2.757177e-08,7.667615e-08,1.162984e-08,7.097175e-08,3.576279e-08
33.862300,1.574175e-07,8.075307e-08,1.757947e-06,3.490425e-07,1.356602e-06,1.436587e-07,7.752893e-07,3.498521e-07,1.398235e-06,2.049847e-07,2.663300e-07,1.083319e-07,1.411040e-07,2.226079e-07,1.331118e-07,2.257163e-07,1.538554e-08,1.329031e-08,1.632372e-08,2.463397e-08,2.264453e-08,7.096881e-08,1.066429e-08,7.996773e-08,4.179997e-08
33.886720,1.581252e-07,8.137797e-08,1.796100e-06,3.513565e-07,1.363216e-06,1.432112e-07,7.670559e-07,3.495556e-07,1.426056e-06,2.006332e-07,2.715449e-07,1.102497e-07,1.440770e-07,2.393519e-07,1.429950e-07,2.246646e-07,1.468957e-08,1.577753e-08,1.871992e-08,4.363344e-08,1.740816e-08,6.324072e-08,9.803937e-09,8.413834e-08,5.372753e-08
33.911130,1.592243e-07,8.234954e-08,1.810996e-06,3.550828e-07,1.371982e-06,1.471006e-07,7.743403e-07,3.435263e-07,1.395130e-06,2.013928e-07,2.708819e-07,1.101171e-07,1.389518e-07,2.399183e-07,1.389757e-07,2.058321e-07,1.411088e-08,1.726578e-08,1.988905e-08,6.873203e-08,1.386514e-08,5.332349e-08,8.967722e-09,8.409955e-08,6.692049e-08
33.935550,1.605882e-07,8.317830e-08,1.815915e-06,3.635912e-07,1.372982e-06,1.478499e-07,7.927555e-07,3.488685e-07,1.385278e-06,2.074066e-07,2.675657e-07,1.130740e-07,1.376540e-07,2.412618e-07,1.317380e-07,2.030490e-07,1.233889e-08,1.740494e-08,1.929138e-08,1.019446e-07,9.708171e-09,4.067960e-08,7.878745e-09,7.786072e-08,7.780278e-08
33.959960,1.615215e-07,8.369877e-08,1.823614e-06,3.731709e-07,1.384372e-06,1.475984e-07,7.902244e-07,3.471120e-07,1.442074e-06,2.029734e-07,2.766832e-07,1.148836e-07,1.488114e-07,2.520588e-07,1.394034e-07,2.176387e-07,1.051235e-08,1.774894e-08,1.895873e-08,1.314486e-07,6.992498e-09,2.701105e-08,6.265009e-09,6.720940e-08,8.206690e-08
33.984380,1.631206e-07,8.388115e-08,1.832601e-06,3.771425e-07,1.399134e-06,1.469452e-07,8.002082e-07,3.480052e-07,1.443590e-06,2.026496e-07,2.853179e-07,1.099104e-07,1.496429e-07,2.480264e-07,1.482317e-07,2.063978e-07,1.015982e-08,1.823690e-08,2.013370e-08,1.530746e-07,4.601814e-09,1.247021e-08,3.988675e-09,5.012440e-08,8.081053e-08
34.008790,1.652710e-07,8.473087e-08,1.834533e-06,3.869267e-07,1.382425e-06,1.462476e-07,8.137835e-07,3.477952e-07,1.440502e-06,2.091787e-07,2.789820e-07,1.112367e-07,1.434928e-07,2.526154e-07,1.534325e-07,1.789154e-07,9.556524e-09,1.768192e-08,2.069500e-08,1.691543e-07,5.132763e-09,1.196887e-08,1.445001e-09,3.192621e-08,7.243718e-08
34.033200,1.647333e-07,8.449217e-08,1.824845e-06,3.957020e-07,1.381870e-06,1.474029e-07,8.271788e-07,3.437425e-07,1.441734e-06,2.098051e-07,2.799927e-07,1.194270e-07,1.486558e-07,2.741171e-07,1.636351e-07,1.702368e-07,6.858204e-09,1.582175e-08,1.951036e-08,1.929724e-07,6.887716e-09,2.028272e-08,1.383079e-09,1.404027e-08,6.099207e-08
34.057620,1.650111e-07,8.433653e-08,1.840289e-06,4.004484e-07,1.386661e-06,1.453055e-07,8.384967e-07,3.516491e-07,1.442437e-06,2.106379e-07,2.832497e-07,1.205636e-07,1.530966e-07,2.740238e-07,1.672948e-07,1.639973e-07,5.169080e-09,1.514079e-08,1.780468e-08,2.150516e-07,8.931612e-09,2.970610e-08,4.244042e-09,8.025565e-09,4.686095e-08
34.082030,1.656047e-07,8.521794e-08,1.846192e-06,4.047667e-07,1.386592e-06,1.451067e-07,8.309206e-07,3.545825e-07,1.488882e-06,2.076205e-07,2.839014e-07,1.174861e-07,1.530008e-07,2.598822e-07,1.655994e-07,1.515509e-07,6.374651e-09,1.587293e-08,1.702698e-08,2.310333e-07,1.286731e-08,3.322439e-08,6.626135e-09,1.590856e-08,3.306042e-08
34.106450,1.653005e-07,8.592980e-08,1.858794e-06,4.070314e-07,1.391665e-06,1.478690e-07,8.382977e-07,3.493433e-07,1.496494e-06,2.061943e-07,2.922577e-07,1.180162e-07,1.577956e-07,2.622261e-07,1.772078e-07,1.554176e-07,7.172026e-09,1.526086e-08,1.598899e-08,2.279543e-07,1.833130e-08,3.701769e-08,9.120037e-09,2.295647e-08,2.308727e-08
34.130860,1.644304e-07,8.662046e-08,1.895900e-06,4.101607e-07,1.404561e-06,1.472245e-07,8.493791e-07,3.526177e-07,1.475359e-06,2.132778e-07,2.868270e-07,1.158506e-07,1.543609e-07,2.672117e-07,1.910369e-07,1.678051e-07,8.704775e-09,1.293977e-08,1.339135e-08,2.239129e-07,2.210040e-08,3.940610e-08,1.080198e-08,2.843913e-08,2.527727e-08
34.155270,1.636759e-07,8.723619e-08,1.930604e-06,4.063965e-07,1.442871e-06,1.470596e-07,8.406987e-07,3.539813e-07,1.510091e-06,2.139411e-07,2.825897e-07,1.174190e-07,1.465308e-07,2.676869e-07,1.852803e-07,1.664130e-07,1.147534e-08,1.116902e-08,9.780795e-09,2.200518e-07,2.548735e-08,4.197604e-08,1.251293e-08,3.289057e-08,3.692744e-08
34.179690,1.638445e-07,8.851798e-08,1.961991e-06,4.029778e-07,1.466084e-06,1.475875e-07,8.446356e-07,3.560763e-07,1.531277e-06,2.100282e-07,2.951522e-07,1.225289e-07,1.526077e-07,2.801418e-07,1.748630e-07,1.597839e-07,1.338473e-08,1.053016e-08,6.921875e-09,2.175167e-07,2.741650e-08,4.701162e-08,1.304000e-08,3.603031e-08,4.719767e-08
34.204100,1.621193e-07,8.908625e-08,1.982163e-06,4.018477e-07,1.496757e-06,1.495310e-07,8.473067e-07,3.554944e-07,1.536338e-06,2.130275e-07,2.974582e-07,1.182889e-07,1.611967e-07,2.767490e-07,1.771745e-07,1.833113e-07,1.348760e-08,9.576015e-09,4.731523e-09,2.017807e-07,3.000668e-08,5.232395e-08,1.356265e-08,3.793188e-08,5.493756e-08
34.228520,1.610374e-07,8.919086e-08,2.015916e-06,3.957996e-07,1.544034e-06,1.521223e-07,8.509713e-07,3.450720e-07,1.536914e-06,2.151739e-07,2.959498e-07,1.120012e-07,1.566559e-07,2.600357e-07,1.730200e-07,2.139549e-07,1.451427e-08,8.764363e-09,2.447854e-09,1.697060e-07,3.244649e-08,6.209899e-08,1.375547e-08,4.333449e-08,5.588817e-08
34.252930,1.611236e-07,9.016150e-08,2.035279e-06,3.938811e-07,1.572831e-06,1.505454e-07,8.555315e-07,3.506671e-07,1.511822e-06,2.182458e-07,2.985947e-07,1.161591e-07,1.522725e-07,2.631241e-07,1.670609e-07,2.199923e-07,1.684702e-08,1.114043e-08,2.015550e-09,1.380237e-07,3.400275e-08,7.209826e-08,1.428895e-08,5.202031e-08,5.277663e-08
34.277340,1.600980e-07,9.046186e-08,2.027069e-06,3.943272e-07,1.606561e-06,1.523685e-07,8.498279e-07,3.597046e-07,1.534034e-06,2.184019e-07,2.971820e-07,1.198347e-07,1.511047e-07,2.736064e-07,1.702443e-07,2.220879e-07,1.861797e-08,1.292277e-08,5.504812e-09,1.127723e-07,3.487303e-08,8.180875e-08,1.561314e-08,6.169434e-08,4.501545e-08
34.301760,1.595201e-07,9.046286e-08,2.032237e-06,3.963963e-07,1.635249e-06,1.548160e-07,8.738013e-07,3.531078e-07,1.546147e-06,2.126152e-07,3.010835e-07,1.185152e-07,1.484272e-07,2.658594e-07,1.608515e-07,2.424065e-07,1.854211e-08,1.222639e-08,8.486801e-09,9.163305e-08,3.547098e-08,8.457073e-08,1.672349e-08,7.013976e-08,3.504409e-08
34.326170,1.593783e-07,9.061830e-08,2.026963e-06,3.975670e-07,1.658493e-06,1.535481e-07,8.910986e-07,3.537125e-07,1.494742e-06,2.174257e-07,3.040988e-07,1.178792e-07,1.521176e-07,2.590717e-07,1.426264e-07,2.476186e-07,1.869581e-08,1.247439e-08,1.040871e-08,5.427075e-08,3.686383e-08,8.511985e-08,1.821271e-08,7.324015e-08,2.321416e-08
34.350590,1.600341e-07,9.066302e-08,2.009476e-06,3.961098e-07,1.666536e-06,1.525435e-07,8.926709e-07,3.563626e-07,1.513150e-06,2.214177e-07,2.938908e-07,1.169620e-07,1.577723e-07,2.585495e-07,1.416659e-07,2.395087e-07,1.950436e-08,1.551765e-08,1.303002e-08,1.523256e-08,3.781775e-08,8.223650e-08,1.897866e-08,7.477462e-08,1.640515e-08
34.375000,1.599069e-07,9.041419e-08,1.989151e-06,4.012251e-07,1.647253e-06,1.511184e-07,9.098556e-07,3.552485e-07,1.554438e-06,2.163575e-07,2.983831e-07,1.165819e-07,1.500922e-07,2.530033e-07,1.495113e-07,2.562498e-07,1.905576e-08,1.769921e-08,1.669483e-08,3.044529e-08,3.799805e-08,7.683762e-08,1.954837e-08,7.347087e-08,2.825708e-08
34.399410,1.605120e-07,8.959096e-08,1.976892e-06,4.042955e-07,1.647063e-06,1.509555e-07,9.257174e-07,3.580391e-07,1.553499e-06,2.185710e-07,3.088718e-07,1.225090e-07,1.421166e-07,2.557722e-07,1.477775e-07,2.764967e-07,1.736103e-08,1.839298e-08,1.935643e-08,5.275823e-08,3.627375e-08,6.994748e-08,1.916619e-08,7.479013e-08,4.760937e-08
34.423830,1.635645e-07,9.002578e-08,1.977095e-06,4.040489e-07,1.645641e-06,1.503862e-07,9.392442e-07,3.529163e-07,1.558918e-06,2.227406e-07,3.061516e-07,1.228523e-07,1.497304e-07,2.671463e-07,1.503395e-07,2.636622e-07,1.674606e-08,2.011913e-08,1.990383e-08,6.548266e-08,3.235643e-08,5.857601e-08,1.792048e-08,7.416166e-08,6.657012e-08
34.448240,1.648415e-07,8.978111e-08,1.956943e-06,4.081631e-07,1.629622e-06,1.477779e-07,9.386931e-07,3.547410e-07,1.540129e-06,2.241219e-07,3.048051e-07,1.138495e-07,1.531469e-07,2.575061e-07,1.572525e-07,2.427025e-07,1.685983e-08,2.198853e-08,2.011978e-08,9.233172e-08,2.693375e-08,4.910551e-08,1.546220e-08,7.211090e-08,8.091712e-08
34.472660,1.663656e-07,8.871974e-08,1.962730e-06,4.080241e-07,1.627129e-06,1.493846e-07,9.247431e-07,3.665547e-07,1.550430e-06,2.259765e-07,3.013574e-07,1.163576e-07,1.499611e-07,2.411235e-07,1.582247e-07,2.404665e-07,1.546603e-08,2.210696e-08,2.123926e-08,1.251510e-07,2.043677e-08,3.766911e-08,1.207933e-08,6.578277e-08,8.751104e-08
34.497070,1.679061e-07,8.788727e-08,1.964663e-06,4.054230e-07,1.616076e-06,1.496942e-07,9.298198e-07,3.614552e-07,1.603891e-06,2.192891e-07,2.994008e-07,1.228883e-07,1.530541e-07,2.533987e-07,1.683454e-07,2.331021e-07,1.246281e-08,2.087751e-08,2.228962e-08,1.466394e-07,1.318025e-08,3.037074e-08,8.161314e-09,5.765534e-08,8.757249e-08
34.521480,1.688340e-07,8.680565e-08,1.936083e-06,3.978799e-07,1.606490e-06,1.460783e-07,9.223392e-07,3.569630e-07,1.572688e-06,2.173869e-07,3.074464e-07,1.217982e-07,1.541915e-07,2.607322e-07,1.845693e-07,2.140718e-07,9.997125e-09,2.076221e-08,2.183326e-08,1.565311e-07,5.131254e-09,2.116658e-08,4.518581e-09,4.780292e-08,7.997837e-08
34.545900,1.687466e-07,8.580196e-08,1.918802e-06,3.918346e-07,1.587865e-06,1.455359e-07,9.032981e-07,3.599123e-07,1.555656e-06,2.239508e-07,3.012392e-07,1.245237e-07,1.542065e-07,2.523863e-07,1.857895e-07,2.114232e-07,8.309937e-09,2.203641e-08,2.053535e-08,1.726120e-07,3.765936e-09,1.134526e-08,1.570480e-09,3.943047e-08,6.909918e-08
34.570310,1.684366e-07,8.455816e-08,1.911866e-06,3.890009e-07,1.575834e-06,1.462123e-07,9.050852e-07,3.588842e-07,1.589271e-06,2.198141e-07,2.893976e-07,1.220760e-07,1.645860e-07,2.493901e-07,1.822961e-07,2.206371e-07,6.071190e-09,2.167760e-08,1.944919e-08,2.005112e-07,1.132238e-08,4.116654e-09,2.681319e-09,2.898771e-08,5.580498e-08
34.594730,1.695645e-07,8.458002e-08,1.912657e-06,3.810273e-07,1.586943e-06,1.477940e-07,9.024100e-07,3.611737e-07,1.587098e-06,2.155442e-07,2.958889e-07,1.179360e-07,1.704074e-07,2.441759e-07,1.910872e-07,1.992351e-07,4.977892e-09,1.870290e-08,1.890455e-08,2.226795e-07,1.818028e-08,1.735745e-08,5.378159e-09,1.748179e-08,4.375833e-08
34.619140,1.685969e-07,8.447285e-08,1.891637e-06,3.795535e-07,1.575171e-06,1.488727e-07,8.989787e-07,3.530637e-07,1.583085e-06,2.170891e-07,2.989592e-07,1.245876e-07,1.613016e-07,2.307762e-07,2.015009e-07,1.732188e-07,6.069216e-09,1.703318e-08,1.774270e-08,2.304273e-07,2.125640e-08,3.147009e-08,6.794191e-09,6.648877e-09,3.634077e-08
34.643550,1.679961e-07,8.389455e-08,1.888233e-06,3.803234e-07,1.573688e-06,1.485195e-07,8.978945e-07,3.457686e-07,1.562399e-06,2.166254e-07,2.958512e-07,1.282063e-07,1.565200e-07,2.350935e-07,2.006052e-07,1.796525e-07,6.952075e-09,1.569485e-08,1.467547e-08,2.327819e-07,2.313073e-08,4.487973e-08,7.933334e-09,1.802886e-08,4.040335e-08
34.667970,1.688425e-07,8.445288e-08,1.902363e-06,3.782302e-07,1.577253e-06,1.516595e-07,8.946856e-07,3.519897e-07,1.539976e-06,2.184107e-07,2.961665e-07,1.236460e-07,1.644945e-07,2.490392e-07,2.015523e-07,1.946266e-07,7.009222e-09,1.309133e-08,1.143377e-08,2.377250e-07,2.378401e-08,5.536100e-08,8.575065e-09,3.424625e-08,4.939624e-08
34.692380,1.696317e-07,8.479459e-08,1.893698e-06,3.770259e-07,1.564683e-06,1.531602e-07,9.124797e-07,3.508278e-07,1.560757e-06,2.149403e-07,2.912925e-07,1.228141e-07,1.628360e-07,2.397477e-07,2.000145e-07,1.912638e-07,9.185757e-09,9.873114e-09,9.321346e-09,2.461124e-07,2.361054e-08,6.493868e-08,9.235913e-09,4.823633e-08,5.729720e-08
34.716800,1.703894e-07,8.496301e-08,1.904583e-06,3.758323e-07,1.545354e-06,1.510585e-07,9.177484e-07,3.429321e-07,1.540523e-06,2.105435e-07,2.956355e-07,1.260802e-07,1.599568e-07,2.275138e-07,1.832961e-07,1.957975e-07,1.241087e-08,9.360045e-09,7.862395e-09,2.385664e-07,2.371488e-08,7.086237e-08,1.080441e-08,6.042884e-08,6.042813e-08
34.741210,1.713320e-07,8.494586e-08,1.924042e-06,3.791651e-07,1.516294e-06,1.509010e-07,9.089165e-07,3.429646e-07,1.492237e-06,2.151569e-07,2.991832e-07,1.268309e-07,1.596561e-07,2.388647e-07,1.754858e-07,2.094697e-07,1.382446e-08,9.401840e-09,5.529887e-09,2.232499e-07,2.322125e-08,7.190201e-08,1.239376e-08,7.190281e-08,5.750495e-08
34.765620,1.733398e-07,8.560828e-08,1.944463e-06,3.775668e-07,1.511155e-06,1.501613e-07,9.219089e-07,3.407591e-07,1.511350e-06,2.160888e-07,2.864016e-07,1.299969e-07,1.470637e-07,2.392345e-07,1.796102e-07,2.078150e-07,1.459025e-08,8.018649e-09,3.466737e-09,1.935233e-07,2.521837e-08,6.884320e-08,1.463197e-08,8.166741e-08,5.102894e-08
34.790040,1.725203e-07,8.536843e-08,1.948130e-06,3.738631e-07,1.497344e-06,1.499416e-07,9.237464e-07,3.384386e-07,1.533549e-06,2.110958e-07,2.826695e-07,1.306071e-07,1.406090e-07,2.362812e-07,1.728644e-07,2.099644e-07,1.629965e-08,7.022722e-09,3.926374e-09,1.678213e-07,2.785825e-08,6.315572e-08,1.585940e-08,8.736782e-08,4.294386e-08
34.814450,1.717824e-07,8.437882e-08,1.959748e-06,3.746007e-07,1.468728e-06,1.482540e-07,9.203423e-07,3.363589e-07,1.529128e-06,2.128517e-07,2.913371e-07,1.251807e-07,1.481576e-07,2.426168e-07,1.528025e-07,2.384642e-07,1.772420e-08,9.217963e-09,4.980739e-09,1.448546e-07,3.247946e-08,5.897392e-08,1.664849e-08,8.838002e-08,3.449390e-08
34.838870,1.717819e-07,8.480843e-08,1.976464e-06,3.699598e-07,1.464381e-06,1.454865e-07,9.068250e-07,3.292739e-07,1.525289e-06,2.160848e-07,2.917055e-07,1.291718e-07,1.426937e-07,2.310698e-07,1.414042e-07,2.579886e-07,1.708285e-08,1.187714e-08,5.722316e-09,1.163043e-07,3.529086e-08,5.929495e-08,1.650273e-08,8.202349e-08,2.909526e-08
34.863280,1.699296e-07,8.507152e-08,1.961126e-06,3.671850e-07,1.449292e-06,1.460220e-07,8.878114e-07,3.353010e-07,1.498740e-06,2.175558e-07,2.885951e-07,1.348494e-07,1.316269e-07,2.197245e-07,1.353577e-07,2.416623e-07,1.677178e-08,1.351975e-08,7.382641e-09,7.771005e-08,3.676532e-08,6.326908e-08,1.604974e-08,7.247746e-08,2.882313e-08
34.887700,1.676585e-07,8.535137e-08,1.964835e-06,3.652791e-07,1.439196e-06,1.434386e-07,8.910727e-07,3.423733e-07,1.509400e-06,2.176947e-07,2.834854e-07,1.293551e-07,1.308011e-07,2.309231e-07,1.251668e-07,2.269497e-07,1.768030e-08,1.622812e-08,1.019861e-08,3.338271e-08,3.636228e-08,6.920955e-08,1.504477e-08,6.172588e-08,3.822410e-08
34.912110,1.650706e-07,8.590645e-08,1.974586e-06,3.656880e-07,1.429963e-06,1.388650e-07,8.777548e-07,3.348969e-07,1.541750e-06,2.109468e-07,2.783758e-07,1.255582e-07,1.294236e-07,2.307354e-07,1.280494e-07,2.379991e-07,1.832542e-08,1.949671e-08,1.228574e-08,1.055659e-08,3.487067e-08,7.368972e-08,1.340382e-08,5.542230e-08,5.066399e-08
34.936520,1.629531e-07,8.681067e-08,1.970657e-06,3.643370e-07,1.433157e-06,1.380398e-07,8.582751e-07,3.350125e-07,1.512362e-06,2.101614e-07,2.838714e-07,1.232138e-07,1.287865e-07,2.151776e-07,1.316965e-07,2.358833e-07,1.712697e-08,2.059088e-08,1.275791e-08,2.687946e-08,3.273386e-08,7.768919e-08,1.204855e-08,5.540541e-08,6.291620e-08
34.960940,1.601134e-07,8.764923e-08,1.961967e-06,3.598902e-07,1.437917e-06,1.371205e-07,8.630655e-07,3.381237e-07,1.516068e-06,2.156920e-07,2.838444e-07,1.189493e-07,1.333379e-07,2.090889e-07,1.217818e-07,2.290020e-07,1.562942e-08,1.992607e-08,1.309765e-08,5.372549e-08,2.930358e-08,7.707227e-08,1.110447e-08,5.824932e-08,7.002330e-08
34.985350,1.574426e-07,8.770195e-08,1.957728e-06,3.617605e-07,1.421754e-06,1.362704e-07,8.575557e-07,3.370138e-07,1.547772e-06,2.117679e-07,2.707058e-07,1.204828e-07,1.328223e-07,2.056329e-07,1.286306e-07,2.422505e-07,1.470122e-08,2.163237e-08,1.443553e-08,8.568804e-08,2.554840e-08,7.358153e-08,1.093167e-08,6.415708e-08,7.179757e-08
35.009770,1.573285e-07,8.849146e-08,1.973906e-06,3.609072e-07,1.425172e-06,1.336003e-07,8.532889e-07,3.386009e-07,1.535830e-06,2.097744e-07,2.699895e-07,1.228638e-07,1.288221e-07,2.012832e-07,1.466133e-07,2.489458e-07,1.353117e-08,2.358538e-08,1.559500e-08,1.069400e-07,2.020640e-08,6.456132e-08,1.080623e-08,6.951071e-08,6.758524e-08
35.034180,1.563653e-07,8.883759e-08,1.970965e-06,3.577476e-07,1.426495e-06,1.314460e-07,8.519121e-07,3.299533e-07,1.530626e-06,2.115867e-07,2.751176e-07,1.149519e-07,1.411121e-07,2.067513e-07,1.481050e-07,2.206061e-07,1.103912e-08,2.373410e-08,1.515367e-08,1.174258e-07,1.551399e-08,5.012562e-08,1.067065e-08,7.486261e-08,6.117565e-08
35.058590,1.562533e-07,8.810461e-08,1.966744e-06,3.587124e-07,1.411160e-06,1.323946e-07,8.585373e-07,3.254939e-07,1.509935e-06,2.100712e-07,2.712287e-07,1.094911e-07,1.540594e-07,2.092292e-07,1.509783e-07,2.066583e-07,9.112402e-09,2.201976e-08,1.434912e-08,1.242027e-07,1.100919e-08,3.517430e-08,9.931980e-09,7.530977e-08,5.075460e-08
35.083010,1.576531e-07,8.768323e-08,1.983925e-06,3.599065e-07,1.404664e-06,1.295421e-07,8.822510e-07,3.312357e-07,1.487062e-06,2.122358e-07,2.704029e-07,1.141559e-07,1.557998e-07,1.929664e-07,1.587368e-07,2.235541e-07,8.391275e-09,2.136667e-08,1.493394e-08,1.389472e-07,6.944687e-09,1.854522e-08,8.497847e-09,7.160438e-08,4.030893e-08
35.107420,1.592517e-07,8.689928e-08,1.979489e-06,3.624201e-07,1.397732e-06,1.266001e-07,8.799916e-07,3.257082e-07,1.511274e-06,2.097579e-07,2.671782e-07,1.144386e-07,1.596752e-07,1.888952e-07,1.593295e-07,2.343805e-07,7.155333e-09,2.079435e-08,1.531590e-08,1.572451e-07,4.174913e-09,8.639528e-09,6.919224e-09,6.295042e-08,2.599587e-08
35.131840,1.601338e-07,8.567987e-08,1.978047e-06,3.612893e-07,1.398907e-06,1.260600e-07,8.802258e-07,3.203710e-07,1.480188e-06,2.061999e-07,2.657116e-07,1.117566e-07,1.631203e-07,1.991852e-07,1.639769e-07,2.314653e-07,4.608086e-09,1.859949e-08,1.418786e-08,1.720647e-07,5.239048e-09,1.716940e-08,5.840843e-09,5.014559e-08,1.052492e-08
35.156250,1.607950e-07,8.374562e-08,1.984412e-06,3.609420e-07,1.385831e-06,1.252931e-07,8.944485e-07,3.202329e-07,1.438023e-06,2.118063e-07,2.725260e-07,1.111680e-07,1.609491e-07,1.979249e-07,1.763160e-07,2.339064e-07,4.648449e-09,1.550755e-08,1.167154e-08,1.762682e-07,9.307429e-09,2.720599e-08,5.968351e-09,3.677998e-08,6.504459e-09
35.180660,1.627868e-07,8.293834e-08,2.007957e-06,3.654835e-07,1.362230e-06,1.244164e-07,8.953569e-07,3.155025e-07,1.459816e-06,2.114543e-07,2.660184e-07,1.085962e-07,1.689208e-07,1.995271e-07,1.768896e-07,2.403200e-07,6.891243e-09,1.419174e-08,9.409942e-09,1.810038e-07,1.357160e-08,3.761878e-08,7.827226e-09,2.780951e-08,1.944847e-08
35.205080,1.621827e-07,8.214123e-08,2.021351e-06,3.649597e-07,1.364409e-06,1.225761e-07,8.899041e-07,3.141506e-07,1.470368e-06,2.068104e-07,2.556020e-07,1.130734e-07,1.760516e-07,2.081067e-07,1.656012e-07,2.323977e-07,8.329889e-09,1.339499e-08,8.143111e-09,1.934068e-07,1.676782e-08,4.433141e-08,1.027414e-08,2.577922e-08,2.847149e-08
35.229490,1.609263e-07,8.089260e-08,2.031393e-06,3.683694e-07,1.352032e-06,1.226564e-07,8.795048e-07,3.064182e-07,1.479331e-06,2.084052e-07,2.602859e-07,1.194066e-07,1.677122e-07,2.051781e-07,1.616473e-07,2.319684e-07,1.035200e-08,1.121557e-08,6.397015e-09,2.013285e-07,1.969807e-08,4.819330e-08,1.207085e-08,3.072959e-08,3.126525e-08
35.253910,1.602125e-07,8.072778e-08,2.063160e-06,3.728236e-07,1.345868e-06,1.239998e-07,8.751268e-07,2.981103e-07,1.478273e-06,2.089218e-07,2.614133e-07,1.158302e-07,1.590109e-07,2.110058e-07,1.641735e-07,2.499954e-07,1.239410e-08,7.978266e-09,4.027033e-09,1.976690e-07,2.273153e-08,5.057090e-08,1.352729e-08,3.894127e-08,3.008674e-08
35.278320,1.588506e-07,8.090899e-08,2.063438e-06,3.749794e-07,1.348082e-06,1.211531e-07,8.792800e-07,3.056275e-07,1.455325e-06,2.113237e-07,2.610608e-07,1.138326e-07,1.602000e-07,2.297664e-07,1.572426e-07,2.599090e-07,1.351703e-08,7.159209e-09,3.075610e-09,1.775918e-07,2.507208e-08,5.283917e-08,1.389763e-08,4.452570e-08,2.650617e-08
35.302730,1.577818e-07,8.133333e-08,2.056429e-06,3.745667e-07,1.349875e-06,1.197692e-07,8.616301e-07,3.042138e-07,1.489574e-06,2.108613e-07,2.601781e-07,1.202734e-07,1.572882e-07,2.307624e-07,1.524108e-07,2.403698e-07,1.344221e-08,7.560684e-09,4.308410e-09,1.601704e-07,2.636704e-08,5.950862e-08,1.379844e-08,4.764460e-08,2.725908e-08
35.327150,1.569150e-07,8.169929e-08,2.058282e-06,3.731696e-07,1.346489e-06,1.216037e-07,8.488292e-07,2.967695e-07,1.504405e-06,2.027632e-07,2.513192e-07,1.247664e-07,1.505981e-07,2.209237e-07,1.504737e-07,2.236787e-07,1.467854e-08,7.747730e-09,5.009887e-09,1.409322e-07,2.643452e-08,6.635969e-08,1.306074e-08,4.538746e-08,3.134319e-08
35.351560,1.574768e-07,8.246475e-08,2.058741e-06,3.760092e-07,1.333526e-06,1.209712e-07,8.541642e-07,2.981837e-07,1.471188e-06,2.041410e-07,2.523259e-07,1.251295e-07,1.490400e-07,2.250982e-07,1.343242e-07,2.290684e-07,1.666766e-08,1.055209e-08,5.974265e-09,1.233563e-07,2.632734e-08,7.278834e-08,1.225832e-08,3.961760e-08,3.929035e-08
35.375980,1.567385e-07,8.298037e-08,2.045265e-06,3.731594e-07,1.345692e-06,1.204710e-07,8.373446e-07,2.979547e-07,1.488957e-06,2.071104e-07,2.565239e-07,1.247438e-07,1.398919e-07,2.312677e-07,1.231812e-07,2.245006e-07,1.740297e-08,1.409581e-08,8.337708e-09,8.998910e-08,2.777044e-08,7.659066e-08,1.196333e-08,3.345016e-08,4.822485e-08
35.400390,1.560089e-07,8.240560e-08,2.012240e-06,3.684357e-07,1.351757e-06,1.185834e-07,8.228661e-07,3.003715e-07,1.503252e-06,2.025481e-07,2.468007e-07,1.200395e-07,1.304801e-07,2.270786e-07,1.275448e-07,2.129119e-07,1.664659e-08,1.579994e-08,1.063423e-08,5.296061e-08,2.942478e-08,7.895779e-08,1.188543e-08,3.273111e-08,5.862018e-08
35.424800,1.566892e-07,8.264845e-08,1.997991e-06,3.691042e-07,1.343553e-06,1.181818e-07,8.118951e-07,2.982039e-07,1.497466e-06,2.025763e-07,2.433496e-07,1.161301e-07,1.356600e-07,2.274084e-07,1.247963e-07,2.176908e-07,1.619270e-08,1.605892e-08,1.178975e-08,1.836337e-08,3.078781e-08,8.048201e-08,1.266062e-08,3.715944e-08,6.774234e-08
35.449220,1.559593e-07,8.250019e-08,1.963903e-06,3.666969e-07,1.356981e-06,1.186654e-07,8.072750e-07,2.906528e-07,1.489033e-06,2.028075e-07,2.458050e-07,1.217120e-07,1.358602e-07,2.196180e-07,1.167820e-07,2.159195e-07,1.602110e-08,1.845406e-08,1.208107e-08,1.826448e-08,3.069146e-08,7.917692e-08,1.346504e-08,4.536917e-08,7.346787e-08
35.473630,1.549982e-07,8.186867e-08,1.927857e-06,3.636846e-07,1.366669e-06,1.157312e-07,8.101504e-07,2.936179e-07,1.455306e-06,2.035712e-07,2.439197e-07,1.216808e-07,1.243832e-07,1.981358e-07,1.195640e-07,1.832948e-07,1.480530e-08,2.104466e-08,1.290530e-08,2.893733e-08,3.016399e-08,7.376407e-08,1.459380e-08,5.310739e-08,7.406013e-08
35.498050,1.540451e-07,8.135374e-08,1.919303e-06,3.592224e-07,1.372554e-06,1.150979e-07,7.863661e-07,2.976752e-07,1.449638e-06,2.053887e-07,2.454241e-07,1.125862e-07,1.215319e-07,1.922051e-07,1.247247e-07,1.661225e-07,1.276676e-08,2.219915e-08,1.373935e-08,5.616434e-08,2.787001e-08,6.661906e-08,1.460864e-08,6.087736e-08,6.951339e-08
35.522460,1.533552e-07,8.100423e-08,1.909017e-06,3.573431e-07,1.363606e-06,1.158879e-07,7.713865e-07,2.901330e-07,1.462892e-06,2.013214e-07,2.404558e-07,1.113453e-07,1.257410e-07,1.975682e-07,1.275755e-07,1.931644e-07,1.191637e-08,2.236142e-08,1.381319e-08,8.582665e-08,2.485207e-08,5.696874e-08,1.381017e-08,6.594240e-08,6.003018e-08
35.546880,1.516869e-07,8.079216e-08,1.901254e-06,3.571989e-07,1.359762e-06,1.153079e-07,7.713857e-07,2.891990e-07,1.417734e-06,1.988213e-07,2.352825e-07,1.126019e-07,1.298100e-07,1.869601e-07,1.391957e-07,2.041457e-07,1.141454e-08,2.323378e-08,1.283011e-08,1.072443e-07,2.063470e-08,4.951505e-08,1.220578e-08,6.969758e-08,5.142874e-08
35.571290,1.496244e-07,7.985636e-08,1.890088e-06,3.511584e-07,1.367420e-06,1.146807e-07,7.560938e-07,2.902513e-07,1.381896e-06,2.036975e-07,2.439042e-07,1.101276e-07,1.357906e-07,1.714271e-07,1.467141e-07,1.980170e-07,9.527493e-09,2.351066e-08,1.241743e-08,1.089293e-07,1.435038e-08,4.203770e-08,1.000131e-08,6.843946e-08,4.267827e-08
35.595700,1.499377e-07,7.978972e-08,1.893606e-06,3.493225e-07,1.352344e-06,1.137583e-07,7.437730e-07,2.860829e-07,1.401640e-06,2.012375e-07,2.430701e-07,1.110952e-07,1.405604e-07,1.653815e-07,1.404684e-07,2.100827e-07,6.850098e-09,2.198793e-08,1.301681e-08,1.157442e-07,8.020730e-09,3.540723e-08,7.509969e-09,6.291358e-08,3.654127e-08
35.620120,1.495379e-07,7.990399e-08,1.884382e-06,3.450308e-07,1.346977e-06,1.147916e-07,7.362082e-07,2.854780e-07,1.392664e-06,1.965256e-07,2.330860e-07,1.082622e-07,1.358007e-07,1.601918e-07,1.415829e-07,2.254195e-07,4.951363e-09,1.887777e-08,1.303653e-08,1.285851e-07,2.709956e-09,2.708824e-08,4.971466e-09,5.343085e-08,3.065101e-08
35.644530,1.497100e-07,7.925613e-08,1.848537e-06,3.365478e-07,1.343498e-06,1.145691e-07,7.384494e-07,2.764607e-07,1.397624e-06,1.984258e-07,2.307982e-07,1.032419e-07,1.371989e-07,1.549886e-07,1.521981e-07,2.224034e-07,4.425639e-09,1.771301e-08,1.184773e-08,1.411592e-07,5.413396e-09,1.860192e-08,2.345722e-09,4.238009e-08,2.533284e-08
35.668950,1.502398e-07,7.878196e-08,1.835777e-06,3.301783e-07,1.324392e-06,1.116608e-07,7.436006e-07,2.760320e-07,1.382604e-06,1.974573e-07,2.327711e-07,1.090698e-07,1.497365e-07,1.592968e-07,1.547814e-07,2.420134e-07,3.940359e-09,1.716728e-08,1.001532e-08,1.432970e-07,9.564202e-09,1.332503e-08,1.767318e-09,3.037522e-08,2.099182e-08
35.693360,1.504680e-07,7.814471e-08,1.810696e-06,3.245143e-07,1.308880e-06,1.124525e-07,7.312362e-07,2.828954e-07,1.357709e-06,2.001108e-07,2.334776e-07,1.127109e-07,1.503352e-07,1.563507e-07,1.530693e-07,2.812866e-07,4.978189e-09,1.486009e-08,9.171965e-09,1.409207e-07,1.191706e-08,1.409104e-08,3.236561e-09,2.280551e-08,1.857247e-08
35.717770,1.498380e-07,7.735612e-08,1.774274e-06,3.219669e-07,1.291936e-06,1.132427e-07,7.370472e-07,2.779244e-07,1.389177e-06,1.981903e-07,2.350530e-07,1.091324e-07,1.439575e-07,1.474264e-07,1.514081e-07,2.937320e-07,6.507406e-09,1.150139e-08,8.529383e-09,1.457806e-07,1.337744e-08,2.165743e-08,4.691436e-09,1.891350e-08,1.768195e-08
35.742190,1.486074e-07,7.608722e-08,1.735552e-06,3.154372e-07,1.290833e-06,1.117712e-07,7.442537e-07,2.739751e-07,1.380193e-06,1.907674e-07,2.269791e-07,1.083871e-07,1.441810e-07,1.602398e-07,1.441287e-07,2.798299e-07,7.204490e-09,9.380383e-09,7.016253e-09,1.563832e-07,1.370550e-08,3.240791e-08,5.686024e-09,1.995798e-08,1.459644e-08
35.766600,1.484449e-07,7.569064e-08,1.716534e-06,3.117570e-07,1.276828e-06,1.100044e-07,7.326880e-07,2.736744e-07,1.360620e-06,1.918892e-07,2.237261e-07,1.107477e-07,1.409940e-07,1.734493e-07,1.356681e-07,2.867237e-07,8.025670e-09,7.653673e-09,5.065902e-09,1.588710e-07,1.298251e-08,4.000982e-08,6.634403e-09,2.184540e-08,1.105551e-08
35.791020,1.462735e-07,7.538546e-08,1.707447e-06,3.140640e-07,1.251788e-06,1.076643e-07,7.283043e-07,2.720697e-07,1.382986e-06,1.912550e-07,2.309350e-07,1.131043e-07,1.363758e-07,1.722415e-07,1.381968e-07,3.027242e-07,1.031681e-08,5.273716e-09,4.708356e-09,1.516218e-07,1.317564e-08,4.721447e-08,7.607767e-09,2.234581e-08,1.253620e-08
35.815430,1.437580e-07,7.455176e-08,1.696903e-06,3.127478e-07,1.246992e-06,1.074297e-07,7.260410e-07,2.739255e-07,1.392586e-06,1.867838e-07,2.243311e-07,1.188355e-07,1.389014e-07,1.756644e-07,1.392298e-07,3.008629e-07,1.277101e-08,5.166552e-09,5.289094e-09,1.358714e-07,1.533118e-08,4.922493e-08,9.089897e-09,2.000217e-08,1.855612e-08
35.839840,1.421275e-07,7.457041e-08,1.720186e-06,3.143293e-07,1.228350e-06,1.060130e-07,7.304226e-07,2.685135e-07,1.395559e-06,1.862548e-07,2.165110e-07,1.195613e-07,1.330014e-07,1.807692e-07,1.260212e-07,2.989545e-07,1.371331e-08,7.186564e-09,4.905737e-09,1.236615e-07,2.037195e-08,4.915565e-08,1.024003e-08,1.809965e-08,2.626345e-08
35.864260,1.399330e-07,7.470312e-08,1.739287e-06,3.177814e-07,1.204753e-06,1.032636e-07,7.278643e-07,2.619007e-07,1.389372e-06,1.850112e-07,2.164567e-07,1.126138e-07,1.204710e-07,1.795372e-07,1.154685e-07,3.042504e-07,1.410214e-08,8.755632e-09,5.054622e-09,1.116367e-07,2.501539e-08,4.889518e-08,1.166263e-08,2.060104e-08,3.335551e-08
35.888670,1.378003e-07,7.475101e-08,1.748657e-06,3.227934e-07,1.180232e-06,1.044162e-07,7.057111e-07,2.676813e-07,1.348498e-06,1.855844e-07,2.145403e-07,1.129082e-07,1.228579e-07,1.891354e-07,1.162658e-07,2.854430e-07,1.491707e-08,9.194371e-09,6.955994e-09,9.052422e-08,2.985224e-08,4.831812e-08,1.259779e-08,3.098491e-08,4.068830e-08
35.913090,1.355936e-07,7.454817e-08,1.766583e-06,3.253667e-07,1.161667e-06,1.046942e-07,7.048144e-07,2.660252e-07,1.362995e-06,1.874284e-07,2.164284e-07,1.168372e-07,1.285264e-07,1.979141e-07,1.121457e-07,2.467440e-07,1.566345e-08,1.136408e-08,8.650888e-09,6.152153e-08,3.240761e-08,5.179720e-08,1.361403e-08,4.259992e-08,4.649730e-08
35.937500,1.346757e-07,7.449381e-08,1.781549e-06,3.247853e-07,1.144941e-06,1.036698e-07,7.058070e-07,2.599276e-07,1.380459e-06,1.813475e-07,2.128443e-07,1.124560e-07,1.236487e-07,1.863439e-07,1.048406e-07,2.264443e-07,1.498279e-08,1.454525e-08,9.085834e-09,3.054506e-08,3.395513e-08,5.462429e-08,1.399089e-08,5.380072e-08,5.214167e-08
35.961910,1.330990e-07,7.447250e-08,1.791295e-06,3.267384e-07,1.112119e-06,1.035649e-07,6.906982e-07,2.622488e-07,1.333281e-06,1.812986e-07,2.062195e-07,1.094639e-07,1.227373e-07,1.748206e-07,1.054221e-07,2.262338e-07,1.458195e-08,1.667968e-08,9.776334e-09,1.682217e-08,3.439891e-08,6.030662e-08,1.396586e-08,6.146266e-08,5.309471e-08
35.986330,1.310201e-07,7.343316e-08,1.778295e-06,3.231576e-07,1.094536e-06,1.036806e-07,6.884930e-07,2.626130e-07,1.327973e-06,1.873143e-07,2.103023e-07,1.068012e-07,1.220061e-07,1.764998e-07,9.908717e-08,2.147093e-07,1.521440e-08,1.806501e-08,1.103869e-08,1.860431e-08,3.326405e-08,6.456840e-08,1.362739e-08,6.717150e-08,5.136964e-08
36.010740,1.302089e-07,7.266023e-08,1.773785e-06,3.164767e-07,1.081857e-06,1.048390e-07,6.866378e-07,2.626176e-07,1.341684e-06,1.844377e-07,2.140520e-07,1.019687e-07,1.189261e-07,1.712208e-07,9.439250e-08,1.846389e-07,1.546780e-08,2.055422e-08,1.164318e-08,3.340382e-08,3.115265e-08,6.919445e-08,1.272785e-08,7.001538e-08,4.601669e-08
36.035160,1.287071e-07,7.189521e-08,1.768002e-06,3.138798e-07,1.060960e-06,1.031028e-07,6.919923e-07,2.592689e-07,1.342242e-06,1.827460e-07,2.069008e-07,1.031827e-07,1.273824e-07,1.644348e-07,1.052685e-07,1.682596e-07,1.384626e-08,2.240466e-08,1.138457e-08,5.957254e-08,2.737727e-08,6.954281e-08,1.215870e-08,7.018561e-08,3.993791e-08
36.059570,1.275909e-07,7.071534e-08,1.736803e-06,3.101793e-07,1.061428e-06,1.010782e-07,6.905365e-07,2.522488e-07,1.350571e-06,1.838175e-07,2.026700e-07,1.038864e-07,1.365112e-07,1.633633e-07,1.114551e-07,1.535721e-07,1.192434e-08,2.221673e-08,1.066060e-08,8.223449e-08,2.251525e-08,6.601114e-08,1.128455e-08,6.693723e-08,3.553397e-08
36.083980,1.270860e-07,6.979208e-08,1.717403e-06,3.061448e-07,1.071425e-06,1.020107e-07,6.809422e-07,2.573569e-07,1.333538e-06,1.843978e-07,1.998893e-07,9.778631e-08,1.338375e-07,1.542089e-07,1.074970e-07,1.326998e-07,1.065422e-08,2.111753e-08,1.060139e-08,9.233062e-08,1.758711e-08,5.893766e-08,1.059045e-08,6.090436e-08,3.433322e-08
36.108400,1.270287e-07,6.884576e-08,1.702735e-06,3.006878e-07,1.086412e-06,1.011850e-07,6.911706e-07,2.618534e-07,1.329439e-06,1.875504e-07,1.996404e-07,9.330491e-08,1.329937e-07,1.448225e-07,1.098042e-07,1.519620e-07,9.611906e-09,2.129506e-08,1.101159e-08,9.767136e-08,1.308625e-08,4.729481e-08,9.614650e-09,5.042538e-08,3.352282e-08
36.132810,1.267056e-07,6.801149e-08,1.690627e-06,2.990019e-07,1.091182e-06,9.870769e-08,6.925952e-07,2.560587e-07,1.354226e-06,1.853897e-07,2.043556e-07,9.795058e-08,1.399106e-07,1.515425e-07,1.132596e-07,1.867741e-07,7.735909e-09,2.202474e-08,1.085785e-08,1.038456e-07,8.991446e-09,3.387950e-08,8.395158e-09,3.931944e-08,3.221104e-08
36.157230,1.260138e-07,6.653403e-08,1.673779e-06,3.006649e-07,1.092329e-06,9.654088e-08,6.791822e-07,2.558386e-07,1.326158e-06,1.803429e-07,1.978290e-07,9.902015e-08,1.414371e-07,1.538173e-07,1.138289e-07,1.919544e-07,6.512062e-09,2.103377e-08,9.826356e-09,1.181098e-07,4.510653e-09,2.271062e-08,6.947934e-09,2.834148e-08,2.923439e-08
36.181640,1.271326e-07,6.553514e-08,1.658417e-06,2.978556e-07,1.107157e-06,9.500338e-08,6.762381e-07,2.550169e-07,1.310363e-06,1.827968e-07,1.913250e-07,9.764793e-08,1.425705e-07,1.436551e-07,1.210268e-07,1.929982e-07,6.034110e-09,1.872780e-08,8.904876e-09,1.242141e-07,2.031652e-09,1.784219e-08,5.383953e-09,2.091569e-08,2.703515e-08
36.206050,1.273164e-07,6.500550e-08,1.651881e-06,2.990580e-07,1.100690e-06,9.462824e-08,6.762714e-07,2.550123e-07,1.331684e-06,1.808199e-07,1.966358e-07,9.839290e-08,1.468428e-07,1.448009e-07,1.266648e-07,2.195662e-07,4.629982e-09,1.719562e-08,8.856684e-09,1.229761e-07,5.333915e-09,2.580615e-08,3.920315e-09,1.626476e-08,2.352679e-08
36.230470,1.271140e-07,6.374303e-08,1.621751e-06,3.019929e-07,1.087489e-06,9.284863e-08,6.743359e-07,2.555639e-07,1.327888e-06,1.775085e-07,1.955700e-07,9.500211e-08,1.406841e-07,1.512522e-07,1.199091e-07,2.409155e-07,3.247611e-09,1.584177e-08,8.289584e-09,1.195544e-07,8.828268e-09,3.696000e-08,3.365263e-09,1.339805e-08,2.038729e-08
36.254880,1.273000e-07,6.281749e-08,1.606089e-06,3.019511e-07,1.081623e-06,9.186458e-08,6.626874e-07,2.478835e-07,1.333446e-06,1.781448e-07,1.879619e-07,9.809895e-08,1.335618e-07,1.526303e-07,1.155598e-07,2.531862e-07,4.778574e-09,1.279916e-08,6.531671e-09,1.258697e-07,1.131268e-08,4.562630e-08,4.211608e-09,1.167453e-08,1.695640e-08
36.279300,1.271526e-07,6.197310e-08,1.600112e-06,3.012523e-07,1.066876e-06,9.334285e-08,6.432601e-07,2.475958e-07,1.311521e-06,1.763817e-07,1.852864e-07,1.067009e-07,1.371276e-07,1.618117e-07,1.211210e-07,2.700680e-07,6.424482e-09,9.090234e-09,5.192805e-09,1.323609e-07,1.385673e-08,5.084134e-08,6.072481e-09,1.008161e-08,1.774719e-08
36.303710,1.269730e-07,6.131815e-08,1.583099e-06,2.990226e-07,1.049390e-06,9.247600e-08,6.435566e-07,2.517416e-07,1.280751e-06,1.780973e-07,1.836640e-07,1.050219e-07,1.356096e-07,1.667362e-07,1.210130e-07,2.859723e-07,6.908634e-09,7.452697e-09,4.998433e-09,1.312057e-07,1.522020e-08,5.201437e-08,7.991827e-09,9.267192e-09,2.341027e-08
36.328120,1.263242e-07,6.053982e-08,1.566649e-06,2.993159e-07,1.022239e-06,9.113559e-08,6.389410e-07,2.470172e-07,1.307937e-06,1.777540e-07,1.857339e-07,1.022994e-07,1.248245e-07,1.593274e-07,1.169090e-07,2.808170e-07,8.030327e-09,6.527694e-09,4.619283e-09,1.195870e-07,1.689559e-08,4.997351e-08,9.433914e-09,5.976576e-09,3.146474e-08
36.352540,1.272228e-07,6.007493e-08,1.552005e-06,2.950007e-07,1.010870e-06,9.113801e-08,6.258143e-07,2.440655e-07,1.304173e-06,1.716664e-07,1.865136e-07,1.049449e-07,1.170781e-07,1.594711e-07,1.174389e-07,2.569181e-07,8.970649e-09,4.182631e-09,3.681621e-09,1.091284e-07,1.667980e-08,4.867054e-08,1.039543e-08,6.607544e-09,3.821688e-08
36.376950,1.277284e-07,6.025634e-08,1.551887e-06,2.902507e-07,1.002475e-06,9.090583e-08,6.279857e-07,2.453440e-07,1.272681e-06,1.731626e-07,1.775933e-07,1.057884e-07,1.150536e-07,1.709134e-07,1.156389e-07,2.578635e-07,9.285139e-09,3.357420e-09,3.924672e-09,1.018028e-07,1.659110e-08,4.614373e-08,1.066607e-08,1.395851e-08,4.361144e-08
36.401370,1.283910e-07,5.975997e-08,1.534225e-06,2.913816e-07,9.843922e-07,9.079364e-08,6.297072e-07,2.453415e-07,1.278438e-06,1.759704e-07,1.781943e-07,1.056947e-07,1.103930e-07,1.736534e-07,1.101095e-07,2.695188e-07,9.550100e-09,5.627502e-09,5.464894e-09,9.291911e-08,1.632423e-08,4.729192e-08,1.045601e-08,2.349010e-08,4.791632e-08
36.425780,1.299834e-07,5.972172e-08,1.524873e-06,2.892203e-07,9.901275e-07,8.864884e-08,6.317361e-07,2.459650e-07,1.286677e-06,1.731212e-07,1.851419e-07,1.051477e-07,1.129626e-07,1.668694e-07,1.138904e-07,2.595106e-07,1.070759e-08,7.515551e-09,6.723239e-09,7.225544e-08,1.710747e-08,4.934830e-08,9.728593e-09,3.242950e-08,4.976100e-08
36.450200,1.305414e-07,5.943154e-08,1.530837e-06,2.863639e-07,9.974096e-07,8.696719e-08,6.288480e-07,2.395864e-07,1.297520e-06,1.723166e-07,1.826879e-07,1.002851e-07,1.151723e-07,1.648603e-07,1.164609e-07,2.312086e-07,1.188293e-08,9.785244e-09,7.267534e-09,4.945032e-08,1.973094e-08,5.556968e-08,8.346751e-09,3.963794e-08,4.983343e-08
36.474610,1.305993e-07,5.887686e-08,1.521863e-06,2.845570e-07,9.965177e-07,8.704858e-08,6.206408e-07,2.350715e-07,1.306481e-06,1.718590e-07,1.787741e-07,9.714992e-08,1.045687e-07,1.573936e-07,1.077628e-07,2.124100e-07,1.210160e-08,1.275054e-08,8.304717e-09,3.545643e-08,2.175366e-08,6.099353e-08,7.308424e-09,4.441941e-08,4.671158e-08
36.499020,1.298544e-07,5.822023e-08,1.514804e-06,2.859102e-07,9.899834e-07,8.433962e-08,6.290506e-07,2.418739e-07,1.283508e-06,1.728090e-07,1.750089e-07,1.013974e-07,1.047157e-07,1.475740e-07,1.015556e-07,1.874234e-07,1.120674e-08,1.477041e-08,9.802861e-09,2.746041e-08,2.360543e-08,6.656156e-08,6.731683e-09,4.683026e-08,4.103845e-08
36.523440,1.293452e-07,5.802130e-08,1.504922e-06,2.870808e-07,9.855847e-07,8.105895e-08,6.249470e-07,2.423884e-07,1.293438e-06,1.763729e-07,1.738072e-07,1.008918e-07,1.150153e-07,1.514174e-07,1.021866e-07,1.573537e-07,1.077144e-08,1.501273e-08,1.045929e-08,1.989409e-08,2.418245e-08,6.966562e-08,7.563942e-09,4.807375e-08,3.559236e-08
36.547850,1.268502e-07,5.805920e-08,1.496932e-06,2.827736e-07,9.895680e-07,7.864796e-08,6.074067e-07,2.363859e-07,1.310515e-06,1.725297e-07,1.773522e-07,9.423357e-08,1.156921e-07,1.458475e-07,1.005970e-07,1.508120e-07,1.076686e-08,1.533230e-08,1.002822e-08,2.533824e-08,2.486453e-08,6.788616e-08,8.683754e-09,4.671827e-08,3.336843e-08
36.572270,1.234296e-07,5.762713e-08,1.475322e-06,2.837463e-07,9.687558e-07,7.679406e-08,6.058019e-07,2.365359e-07,1.270952e-06,1.683995e-07,1.750756e-07,9.287079e-08,1.165141e-07,1.281366e-07,9.777768e-08,1.599088e-07,1.001858e-08,1.675570e-08,9.314559e-09,4.200395e-08,2.413317e-08,6.462978e-08,9.874168e-09,4.268722e-08,3.602936e-08
36.596680,1.209139e-07,5.781731e-08,1.457690e-06,2.824265e-07,9.555888e-07,7.572500e-08,6.023437e-07,2.347670e-07,1.254482e-06,1.709147e-07,1.684621e-07,9.236325e-08,1.194227e-07,1.258219e-07,9.943949e-08,1.476607e-07,9.084855e-09,1.790256e-08,9.120473e-09,5.669375e-08,2.196356e-08,5.822207e-08,1.060354e-08,3.635518e-08,4.002145e-08
36.621090,1.178677e-07,5.828234e-08,1.449809e-06,2.784559e-07,9.494525e-07,7.344140e-08,5.965169e-07,2.328372e-07,1.270567e-06,1.682437e-07,1.703536e-07,9.213219e-08,1.188873e-07,1.299200e-07,9.502854e-08,1.214788e-07,8.935685e-09,1.785214e-08,8.790026e-09,6.194421e-08,1.847909e-08,5.274722e-08,1.072185e-08,2.859032e-08,4.352753e-08
36.645510,1.152200e-07,5.844283e-08,1.420523e-06,2.761324e-07,9.335594e-07,7.334311e-08,5.808915e-07,2.296612e-07,1.258284e-06,1.641427e-07,1.718422e-07,9.457435e-08,1.232261e-07,1.265300e-07,8.507718e-08,1.359621e-07,8.605717e-09,1.765239e-08,7.825069e-09,6.880695e-08,1.368922e-08,4.557224e-08,1.020959e-08,2.262813e-08,4.459246e-08
36.669920,1.131870e-07,5.867896e-08,1.392627e-06,2.746246e-07,9.191845e-07,7.440015e-08,5.635762e-07,2.221487e-07,1.251049e-06,1.649836e-07,1.665133e-07,9.061697e-08,1.305447e-07,1.269543e-07,8.751931e-08,1.605560e-07,6.960310e-09,1.745510e-08,6.661011e-09,7.640869e-08,9.262904e-09,3.725606e-08,9.026430e-09,2.190861e-08,4.399567e-08
36.694340,1.118655e-07,5.871421e-08,1.371970e-06,2.731166e-07,9.083864e-07,7.291379e-08,5.662650e-07,2.234431e-07,1.221707e-06,1.639685e-07,1.626885e-07,8.400576e-08,1.294497e-07,1.276885e-07,9.163861e-08,1.732271e-07,5.547604e-09,1.678025e-08,6.071891e-09,8.634407e-08,5.905974e-09,2.825519e-08,7.558074e-09,2.462365e-08,4.225246e-08
36.718750,1.108308e-07,5.863391e-08,1.351057e-06,2.691577e-07,9.065951e-07,7.281009e-08,5.551321e-07,2.242158e-07,1.187039e-06,1.649560e-07,1.589289e-07,8.660177e-08,1.229576e-07,1.251289e-07,8.651018e-08,1.989643e-07,5.379429e-09,1.484407e-08,6.181539e-09,8.978442e-08,5.436765e-09,1.926557e-08,6.074260e-09,2.848794e-08,3.897936e-08
36.743160,1.096298e-07,5.774653e-08,1.327831e-06,2.669710e-07,8.979155e-07,7.325511e-08,5.418599e-07,2.173216e-07,1.201957e-06,1.641533e-07,1.586134e-07,8.930211e-08,1.260634e-07,1.335100e-07,8.507774e-08,2.212947e-07,5.624722e-09,1.265239e-08,5.782158e-09,8.417202e-08,8.084868e-09,1.278758e-08,4.887236e-09,2.976750e-08,3.348740e-08
36.767580,1.096801e-07,5.679616e-08,1.300496e-06,2.666371e-07,8.851235e-07,7.396936e-08,5.432979e-07,2.159444e-07,1.181728e-06,1.580917e-07,1.616963e-07,8.670318e-08,1.284571e-07,1.456892e-07,8.517526e-08,2.223163e-07,5.330425e-09,1.202819e-08,4.847361e-09,8.382061e-08,1.045595e-08,1.236433e-08,4.822449e-09,3.015621e-08,2.665976e-08
36.791990,1.087660e-07,5.576214e-08,1.289876e-06,2.603655e-07,8.897072e-07,7.361221e-08,5.419652e-07,2.161044e-07,1.149430e-06,1.591545e-07,1.556076e-07,8.547985e-08,1.248838e-07,1.449516e-07,8.079447e-08,2.253425e-07,5.405532e-09,1.164030e-08,4.686805e-09,8.777435e-08,1.228617e-08,1.713516e-08,5.475910e-09,2.811236e-08,1.800382e-08
36.816410,1.078017e-07,5.412906e-08,1.266442e-06,2.560008e-07,8.816828e-07,7.198845e-08,5.392630e-07,2.156725e-07,1.152927e-06,1.600591e-07,1.494123e-07,8.420829e-08,1.235178e-07,1.418963e-07,8.367755e-08,2.558093e-07,5.863964e-09,9.519921e-09,5.277779e-09,8.958135e-08,1.287989e-08,2.517077e-08,6.422657e-09,2.570469e-08,1.036386e-08
36.840820,1.069423e-07,5.282231e-08,1.246149e-06,2.539052e-07,8.669904e-07,7.261276e-08,5.266469e-07,2.156777e-07,1.143260e-06,1.562108e-07,1.538568e-07,8.323986e-08,1.172544e-07,1.479442e-07,8.849628e-08,2.758892e-07,5.975614e-09,7.285457e-09,4.970321e-09,8.139840e-08,1.232766e-08,3.261428e-08,7.274166e-09,2.266475e-08,6.651805e-09
36.865230,1.054718e-07,5.160364e-08,1.237989e-06,2.523377e-07,8.582822e-07,7.247679e-08,5.237609e-07,2.078667e-07,1.145030e-06,1.550521e-07,1.539931e-07,8.595137e-08,1.075793e-07,1.502305e-07,8.433839e-08,2.711334e-07,6.206351e-09,6.141623e-09,4.183257e-09,7.262099e-08,1.230132e-08,3.792514e-08,7.884988e-09,2.116205e-08,7.647288e-09
36.889650,1.035409e-07,5.058234e-08,1.228262e-06,2.487046e-07,8.547659e-07,7.032255e-08,5.308598e-07,2.065738e-07,1.145322e-06,1.525117e-07,1.499659e-07,8.461629e-08,1.092143e-07,1.516373e-07,8.073602e-08,2.589674e-07,7.489056e-09,5.124082e-09,4.508177e-09,6.613489e-08,1.341441e-08,4.104140e-08,8.033125e-09,2.216930e-08,1.084941e-08
36.914060,1.010540e-07,4.953127e-08,1.221480e-06,2.440018e-07,8.518756e-07,6.934281e-08,5.185033e-07,2.117683e-07,1.113919e-06,1.517619e-07,1.473847e-07,7.789253e-08,1.128267e-07,1.570242e-07,8.722927e-08,2.541059e-07,8.615520e-09,4.127976e-09,5.360622e-09,6.110876e-08,1.555943e-08,4.201436e-08,8.197095e-09,2.550458e-08,1.403770e-08
36.938480,9.963901e-08,4.880191e-08,1.211813e-06,2.440072e-07,8.328730e-07,6.892285e-08,5.063956e-07,2.085421e-07,1.130552e-06,1.539972e-07,1.425823e-07,7.728729e-08,1.062329e-07,1.529501e-07,9.101547e-08,2.397207e-07,8.638219e-09,5.485356e-09,5.625793e-09,5.030689e-08,1.799290e-08,4.179762e-08,8.100783e-09,2.863368e-08,1.720203e-08
36.962890,9.792274e-08,4.860622e-08,1.207832e-06,2.405223e-07,8.256459e-07,6.820995e-08,5.070728e-07,2.060409e-07,1.133126e-06,1.485233e-07,1.438820e-07,7.942246e-08,1.010934e-07,1.427758e-07,9.031176e-08,2.221061e-07,8.275852e-09,7.098651e-09,5.843175e-09,3.614064e-08,2.051487e-08,4.073116e-08,8.504358e-09,3.083090e-08,1.934823e-08
36.987300,9.602997e-08,4.799575e-08,1.193677e-06,2.369620e-07,8.194409e-07,6.742571e-08,4.997314e-07,2.036084e-07,1.091645e-06,1.457121e-07,1.446798e-07,7.751474e-08,1.025690e-07,1.447500e-07,9.062595e-08,2.181831e-07,8.286661e-09,7.686375e-09,7.243858e-09,2.527721e-08,2.278179e-08,3.810891e-08,8.972480e-09,3.198697e-08,2.104005e-08
37.011720,9.492933e-08,4.755282e-08,1.173532e-06,2.374236e-07,8.016839e-07,6.615960e-08,4.891756e-07,2.017215e-07,1.084782e-06,1.468597e-07,1.379919e-07,7.542725e-08,1.006026e-07,1.450045e-07,8.925096e-08,2.131471e-07,8.464915e-09,8.136930e-09,8.715359e-09,2.767967e-08,2.444165e-08,3.747165e-08,9.561768e-09,3.129912e-08,2.216825e-08
37.036130,9.338325e-08,4.705867e-08,1.167776e-06,2.365572e-07,7.933123e-07,6.660260e-08,4.731299e-07,2.017535e-07,1.078559e-06,1.429706e-07,1.373267e-07,7.363096e-08,1.007020e-07,1.339706e-07,8.407184e-08,1.823732e-07,8.126619e-09,9.703037e-09,9.307384e-09,2.855558e-08,2.516338e-08,3.744576e-08,1.005821e-08,3.017964e-08,2.552463e-08
37.060550,9.206141e-08,4.629995e-08,1.153421e-06,2.355291e-07,7.863858e-07,6.563646e-08,4.628745e-07,1.936964e-07,1.075835e-06,1.410740e-07,1.399634e-07,7.096254e-08,1.044267e-07,1.262337e-07,8.538364e-08,1.447025e-07,7.999563e-09,1.167173e-08,9.268819e-09,2.988461e-08,2.453901e-08,4.155686e-08,1.017503e-08,2.812725e-08,3.033868e-08
37.084960,9.072691e-08,4.549407e-08,1.136520e-06,2.338413e-07,7.787279e-07,6.352300e-08,4.628273e-07,1.892587e-07,1.068908e-06,1.398072e-07,1.371484e-07,7.365217e-08,9.966014e-08,1.216918e-07,8.940565e-08,1.260538e-07,8.204209e-09,1.249956e-08,9.374222e-09,3.624182e-08,2.249192e-08,4.465348e-08,1.010276e-08,2.515281e-08,3.630308e-08
37.109380,8.989634e-08,4.459811e-08,1.118396e-06,2.344267e-07,7.656442e-07,6.291740e-08,4.500023e-07,1.931677e-07,1.022862e-06,1.391611e-07,1.353351e-07,7.659567e-08,9.618123e-08,1.145766e-07,8.348016e-08,1.147963e-07,7.984777e-09,1.306347e-08,9.687062e-09,4.721929e-08,1.971747e-08,4.740687e-08,9.623529e-09,2.210861e-08,4.035345e-08
37.133790,8.876587e-08,4.391013e-08,1.097459e-06,2.347917e-07,7.513439e-07,6.232590e-08,4.443588e-07,1.912583e-07,1.010465e-06,1.416832e-07,1.305738e-07,7.291578e-08,1.014897e-07,1.139935e-07,7.684353e-08,1.029602e-07,6.602018e-09,1.392061e-08,9.293186e-09,5.209411e-08,1.624727e-08,4.681790e-08,9.162068e-09,1.998104e-08,4.223436e-08
37.158200,8.720199e-08,4.286471e-08,1.075911e-06,2.309991e-07,7.480515e-07,6.151881e-08,4.475574e-07,1.863695e-07,1.019078e-06,1.383728e-07,1.283345e-07,6.935918e-08,1.029837e-07,1.173305e-07,7.633725e-08,1.066794e-07,5.679340e-09,1.415920e-08,8.211746e-09,5.336892e-08,1.328739e-08,4.338527e-08,8.241583e-09,2.032202e-08,4.176789e-08
37.182620,8.648367e-08,4.199399e-08,1.047447e-06,2.307583e-07,7.321368e-07,5.984977e-08,4.457914e-07,1.850359e-07,9.889974e-07,1.338490e-07,1.330173e-07,7.147939e-08,9.914856e-08,1.089411e-07,7.335508e-08,1.152967e-07,5.746289e-09,1.311899e-08,7.067241e-09,5.432467e-08,9.872915e-09,3.822855e-08,7.300396e-09,2.169384e-08,3.935397e-08
37.207030,8.518811e-08,4.139781e-08,1.031910e-06,2.312239e-07,7.161159e-07,5.852059e-08,4.426799e-07,1.852454e-07,9.687890e-07,1.353950e-07,1.303992e-07,7.189024e-08,9.805432e-08,1.030106e-07,7.016839e-08,1.076513e-07,5.614055e-09,1.199498e-08,6.548403e-09,6.135907e-08,6.569219e-09,3.063918e-08,6.150915e-09,2.246426e-08,3.540692e-08
37.231450,8.381799e-08,4.047221e-08,1.014552e-06,2.291558e-07,7.133296e-07,5.880468e-08,4.386168e-07,1.876705e-07,9.717942e-07,1.347238e-07,1.248762e-07,7.134479e-08,9.678059e-08,1.107546e-07,7.158327e-08,1.166073e-07,5.006749e-09,1.189876e-08,5.968658e-09,6.566775e-08,2.776011e-09,2.382444e-08,5.089051e-09,2.177752e-08,3.083382e-08
37.255860,8.310172e-08,3.980216e-08,9.923063e-07,2.267072e-07,7.095114e-07,5.774008e-08,4.447096e-07,1.848343e-07,9.675921e-07,1.315588e-07,1.255163e-07,7.151260e-08,9.630168e-08,1.150600e-07,6.870125e-08,1.507596e-07,4.999937e-09,1.206014e-08,4.833449e-09,6.668471e-08,4.828815e-10,1.939806e-08,3.949935e-09,1.955697e-08,2.440425e-08
37.280270,8.270829e-08,3.915403e-08,9.783722e-07,2.243623e-07,7.046399e-07,5.609680e-08,4.521913e-07,1.779829e-07,9.725374e-07,1.303529e-07,1.260182e-07,6.868058e-08,1.003532e-07,1.160574e-07,6.289473e-08,1.722126e-07,5.036337e-09,1.094091e-08,3.597586e-09,6.370397e-08,2.678760e-09,1.958013e-08,2.800907e-09,1.658470e-08,1.791682e-08
37.304690,8.258564e-08,3.864599e-08,9.606024e-07,2.239942e-07,6.957735e-07,5.623189e-08,4.441426e-07,1.822127e-07,9.546334e-07,1.279469e-07,1.265231e-07,6.922289e-08,9.995433e-08,1.179719e-07,6.440924e-08,1.746155e-07,4.586550e-09,9.534424e-09,3.154338e-09,6.536377e-08,5.229163e-09,2.446415e-08,1.820312e-09,1.343398e-08,1.026614e-08
37.329100,8.239561e-08,3.788404e-08,9.424211e-07,2.208569e-07,6.958341e-07,5.594524e-08,4.443169e-07,1.846751e-07,9.336033e-07,1.285514e-07,1.244900e-07,7.325525e-08,9.147072e-08,1.151925e-07,6.835738e-08,1.793762e-07,4.579449e-09,8.418250e-09,2.901672e-09,6.936855e-08,7.402778e-09,2.887349e-08,2.039323e-09,9.453104e-09,3.938515e-09
37.353520,8.284943e-08,3.705355e-08,9.178935e-07,2.170954e-07,6.971620e-07,5.550147e-08,4.514521e-07,1.808906e-07,9.545925e-07,1.285743e-07,1.190091e-07,7.099153e-08,8.818408e-08,1.141279e-07,6.528403e-08,1.914702e-07,5.417829e-09,7.330100e-09,2.426405e-09,6.783756e-08,9.986700e-09,3.191836e-08,3.115913e-09,5.437582e-09,1.078049e-09
37.377930,8.278909e-08,3.648676e-08,9.001335e-07,2.164227e-07,6.863368e-07,5.469387e-08,4.479832e-07,1.795889e-07,9.355954e-07,1.229302e-07,1.185018e-07,6.661429e-08,9.151891e-08,1.203224e-07,6.340210e-08,1.936529e-07,5.952705e-09,5.503429e-09,2.674553e-09,6.088682e-08,1.156851e-08,3.335354e-08,4.480990e-09,4.674515e-09,2.972597e-09
37.402340,8.271614e-08,3.555188e-08,8.798138e-07,2.120596e-07,6.862493e-07,5.391774e-08,4.423811e-07,1.776426e-07,8.972049e-07,1.223730e-07,1.208860e-07,6.685809e-08,8.997639e-08,1.240771e-07,6.474248e-08,1.950995e-07,5.736830e-09,4.685977e-09,3.599080e-09,5.249487e-08,1.264034e-08,3.286067e-08,5.706777e-09,8.741883e-09,3.150717e-09
37.426760,8.284720e-08,3.488431e-08,8.471021e-07,2.068433e-07,6.850130e-07,5.380008e-08,4.345016e-07,1.768201e-07,8.915878e-07,1.225811e-07,1.158190e-07,6.627858e-08,8.704494e-08,1.169701e-07,6.376030e-08,2.052044e-07,5.514340e-09,5.154555e-09,4.264278e-09,4.916741e-08,1.265638e-08,3.208282e-08,6.598312e-09,1.373318e-08,2.237631e-09
37.451170,8.230485e-08,3.424753e-08,8.231398e-07,2.021434e-07,6.772320e-07,5.230831e-08,4.334768e-07,1.740240e-07,8.834249e-07,1.185224e-07,1.122846e-07,6.610468e-08,8.701395e-08,1.141118e-07,6.586662e-08,2.067673e-07,5.637053e-09,4.934929e-09,4.496729e-09,4.371021e-08,1.231034e-08,3.035660e-08,7.147125e-09,1.674439e-08,4.274047e-09
37.475590,8.140702e-08,3.367609e-08,7.996471e-07,1.984948e-07,6.683552e-07,5.081632e-08,4.340638e-07,1.665741e-07,8.791523e-07,1.166156e-07,1.134639e-07,6.644138e-08,8.330681e-08,1.187225e-07,7.025248e-08,1.836473e-07,5.764455e-09,4.005423e-09,5.164394e-09,3.224963e-08,1.203958e-08,2.872826e-08,7.446940e-09,1.864821e-08,8.560404e-09
37.500000,8.003935e-08,3.313347e-08,7.811860e-07,1.937852e-07,6.622514e-07,5.081903e-08,4.218413e-07,1.647002e-07,8.636585e-07,1.151828e-07,1.126404e-07,6.205091e-08,8.121097e-08,1.152638e-07,6.909066e-08,1.604142e-07,5.643198e-09,4.589320e-09,6.320900e-09,1.942597e-08,1.175276e-08,2.959788e-08,7.207202e-09,1.975415e-08,1.290665e-08
37.524410,7.911068e-08,3.277906e-08,7.650676e-07,1.864029e-07,6.633477e-07,5.041266e-08,4.164494e-07,1.660380e-07,8.288934e-07,1.149807e-07,1.117973e-07,5.915468e-08,8.617300e-08,1.121967e-07,6.410029e-08,1.570327e-07,6.015455e-09,5.732018e-09,7.273276e-09,1.760019e-08,1.192226e-08,3.228672e-08,6.658041e-09,2.086652e-08,1.831811e-08
37.548830,7.763993e-08,3.279922e-08,7.569051e-07,1.834896e-07,6.503155e-07,4.946754e-08,4.157210e-07,1.615606e-07,8.233968e-07,1.162688e-07,1.072948e-07,6.175555e-08,8.417084e-08,1.116378e-07,6.365877e-08,1.469623e-07,6.276918e-09,6.346824e-09,7.680607e-09,2.128949e-08,1.193009e-08,3.584390e-08,5.801451e-09,2.181575e-08,2.360374e-08
37.573240,7.592487e-08,3.254119e-08,7.546061e-07,1.794423e-07,6.424689e-07,4.838478e-08,4.040765e-07,1.572874e-07,8.213867e-07,1.129070e-07,1.025314e-07,6.136737e-08,7.817468e-08,1.036001e-07,6.511451e-08,1.314892e-07,5.933414e-09,7.032485e-09,7.964050e-09,2.518788e-08,1.297162e-08,3.834127e-08,5.251717e-09,2.294142e-08,2.832789e-08
37.597660,7.524681e-08,3.262134e-08,7.510518e-07,1.739884e-07,6.448273e-07,4.783895e-08,3.966685e-07,1.558670e-07,7.957278e-07,1.098854e-07,1.055324e-07,5.885862e-08,7.957065e-08,9.858176e-08,6.277112e-08,1.223626e-07,5.148778e-09,7.954358e-09,8.439918e-09,3.209427e-08,1.388561e-08,3.941999e-08,4.915936e-09,2.350724e-08,3.153998e-08
37.622070,7.751012e-08,3.426600e-08,7.935791e-07,1.781539e-07,6.658211e-07,5.040735e-08,4.076385e-07,1.620628e-07,8.241817e-07,1.159738e-07,1.107378e-07,6.092499e-08,8.403910e-08,1.091570e-07,6.331465e-08,1.150895e-07,5.066990e-09,8.858847e-09,9.220133e-09,4.540317e-08,1.545241e-08,4.077876e-08,5.349339e-09,2.590211e-08,3.431219e-08
37.646480,7.976697e-08,3.567862e-08,8.358006e-07,1.833150e-07,6.843671e-07,5.149940e-08,4.266291e-07,1.709240e-07,8.639118e-07,1.197106e-07,1.108328e-07,6.157164e-08,8.599760e-08,1.136579e-07,6.428537e-08,9.068825e-08,5.390431e-09,8.841424e-09,9.397136e-09,5.539059e-08,1.560174e-08,3.984213e-08,5.915770e-09,2.820205e-08,3.453864e-08
37.670900,8.194928e-08,3.703898e-08,8.734674e-07,1.900450e-07,7.015524e-07,5.322784e-08,4.460283e-07,1.728330e-07,8.961582e-07,1.224759e-07,1.137788e-07,6.270795e-08,9.065611e-08,1.109481e-07,6.036992e-08,8.346371e-08,5.283664e-09,9.175783e-09,8.758887e-09,6.138218e-08,1.457314e-08,3.856345e-08,6.594054e-09,3.091550e-08,3.345635e-08
37.695310,8.451888e-08,3.827457e-08,9.112841e-07,1.956862e-07,7.236016e-07,5.610029e-08,4.515468e-07,1.754460e-07,9.400661e-07,1.266382e-07,1.193181e-07,6.678228e-08,9.148855e-08,1.153135e-07,5.836777e-08,1.030596e-07,5.044963e-09,1.018811e-08,8.449152e-09,6.461434e-08,1.267111e-08,3.425934e-08,7.147952e-09,3.205579e-08,3.026905e-08
37.719730,8.700569e-08,3.970038e-08,9.440651e-07,2.042385e-07,7.408167e-07,5.814821e-08,4.698261e-07,1.870969e-07,9.554290e-07,1.289725e-07,1.246549e-07,6.671627e-08,8.999716e-08,1.203357e-07,6.390599e-08,1.180603e-07,5.291502e-09,1.135154e-08,8.488626e-09,7.017773e-08,9.703765e-09,2.887562e-08,7.287688e-09,3.125072e-08,2.654978e-08
37.744140,8.907733e-08,4.076054e-08,9.743231e-07,2.143834e-07,7.491582e-07,6.004167e-08,4.921683e-07,1.944020e-07,9.824344e-07,1.350120e-07,1.296372e-07,6.479034e-08,9.866543e-08,1.249417e-07,6.287423e-08,1.233766e-07,5.433219e-09,1.142216e-08,8.216069e-09,7.593142e-08,6.457261e-09,2.121057e-08,7.142548e-09,2.775270e-08,2.115997e-08
37.768550,9.184447e-08,4.185244e-08,9.914098e-07,2.201586e-07,7.684746e-07,6.139119e-08,5.051337e-07,1.985638e-07,1.042429e-06,1.392629e-07,1.296735e-07,6.868004e-08,1.082181e-07,1.391200e-07,5.889829e-08,1.396939e-07,4.939788e-09,1.123197e-08,7.038870e-09,7.854559e-08,4.610516e-09,1.338675e-08,6.314759e-09,2.267496e-08,1.448120e-08
37.792970,9.390929e-08,4.303668e-08,1.014959e-06,2.280371e-07,7.777071e-07,6.341024e-08,5.172979e-07,2.062237e-07,1.057333e-06,1.387291e-07,1.312620e-07,7.311595e-08,1.088779e-07,1.449488e-07,6.368242e-08,1.661982e-07,5.194433e-09,1.128431e-08,5.943461e-09,7.525558e-08,6.219663e-09,5.413002e-09,5.226508e-09,1.667488e-08,7.489749e-09
37.817380,9.591212e-08,4.374753e-08,1.043521e-06,2.368423e-07,7.773899e-07,6.516382e-08,5.295502e-07,2.119858e-07,1.055636e-06,1.438284e-07,1.393818e-07,7.425182e-08,1.121075e-07,1.424558e-07,6.846665e-08,1.832975e-07,6.416914e-09,1.094191e-08,5.221499e-09,7.393292e-08,1.000985e-08,2.475014e-09,4.275941e-09,1.137451e-08,6.776970e-09
37.841800,9.847805e-08,4.466192e-08,1.064299e-06,2.437757e-07,7.853734e-07,6.495704e-08,5.546049e-07,2.206261e-07,1.088001e-06,1.495560e-07,1.415550e-07,7.564283e-08,1.171366e-07,1.507613e-07,7.174286e-08,2.105245e-07,7.134738e-09,9.558030e-09,4.392476e-09,7.579216e-08,1.372098e-08,1.034698e-08,4.142730e-09,7.905209e-09,1.323649e-08
37.866210,1.011188e-07,4.565587e-08,1.092903e-06,2.481737e-07,7.980199e-07,6.633405e-08,5.719163e-07,2.250066e-07,1.112667e-06,1.499192e-07,1.402811e-07,7.579384e-08,1.182230e-07,1.614196e-07,7.998671e-08,2.453889e-07,7.004933e-09,9.035014e-09,2.908317e-09,7.881263e-08,1.623885e-08,2.054746e-08,5.325965e-09,7.761068e-09,1.801879e-08
37.890620,1.036749e-07,4.673522e-08,1.119759e-06,2.510074e-07,8.157043e-07,6.873508e-08,5.772213e-07,2.240164e-07,1.151544e-06,1.534078e-07,1.451768e-07,7.742568e-08,1.260265e-07,1.645967e-07,8.444160e-08,2.590569e-07,7.244091e-09,9.483806e-09,2.024775e-09,7.484903e-08,1.777291e-08,2.903785e-08,7.119526e-09,1.070299e-08,1.969797e-08
37.915040,1.056991e-07,4.755345e-08,1.148532e-06,2.572861e-07,8.249043e-07,6.970460e-08,6.019015e-07,2.365351e-07,1.169523e-06,1.561833e-07,1.503694e-07,8.523848e-08,1.336244e-07,1.694034e-07,8.356978e-08,2.459379e-07,7.751560e-09,9.408042e-09,3.004197e-09,6.920325e-08,1.858747e-08,3.829573e-08,8.945857e-09,1.393341e-08,1.832496e-08
37.939450,1.088085e-07,4.829951e-08,1.173784e-06,2.596071e-07,8.486553e-07,7.078068e-08,6.226559e-07,2.462171e-07,1.153475e-06,1.617145e-07,1.553209e-07,8.921047e-08,1.309801e-07,1.756973e-07,9.081059e-08,2.508798e-07,7.962445e-09,7.996135e-09,3.941275e-09,6.580527e-08,1.900510e-08,4.547126e-08,1.036289e-08,1.514652e-08,1.353608e-08
37.963870,1.114405e-07,4.948234e-08,1.200023e-06,2.604885e-07,8.844196e-07,7.197671e-08,6.297705e-07,2.483113e-07,1.195785e-06,1.705579e-07,1.579997e-07,8.561994e-08,1.307542e-07,1.740503e-07,1.027127e-07,2.745089e-07,7.986153e-09,7.212712e-09,4.590680e-09,6.463086e-08,1.996044e-08,5.171170e-08,1.123682e-08,1.348939e-08,7.078303e-09
37.988280,1.136509e-07,5.014070e-08,1.230322e-06,2.673928e-07,9.036866e-07,7.446662e-08,6.434248e-07,2.531241e-07,1.218384e-06,1.699003e-07,1.550351e-07,8.828180e-08,1.390034e-07,1.842544e-07,1.056405e-07,2.771336e-07,8.889631e-09,7.830056e-09,5.945727e-09,5.941158e-08,2.003904e-08,5.617732e-08,1.130031e-08,9.578797e-09,3.233351e-09
38.012700,1.170963e-07,5.095584e-08,1.241828e-06,2.740435e-07,9.314717e-07,7.689474e-08,6.618606e-07,2.575680e-07,1.211644e-06,1.715722e-07,1.595976e-07,9.447305e-08,1.426153e-07,2.006212e-07,1.074847e-07,2.697867e-07,9.578330e-09,8.083029e-09,8.332078e-09,4.555875e-08,2.082443e-08,5.865674e-08,1.097885e-08,8.221448e-09,1.360538e-08
38.037110,1.203337e-07,5.200552e-08,1.259243e-06,2.813082e-07,9.654759e-07,7.779333e-08,6.894568e-07,2.679672e-07,1.241809e-06,1.780035e-07,1.692373e-07,9.723936e-08,1.406338e-07,1.981280e-07,1.118129e-07,2.649821e-07,8.946119e-09,8.460621e-09,1.011680e-08,3.351621e-08,2.167996e-08,5.872915e-08,1.012287e-08,1.531582e-08,2.610220e-08
38.061520,1.238071e-07,5.292777e-08,1.279715e-06,2.885099e-07,9.983354e-07,8.086211e-08,7.041847e-07,2.761950e-07,1.271465e-06,1.801079e-07,1.690724e-07,1.012973e-07,1.417823e-07,1.912518e-07,1.105305e-07,2.463708e-07,8.050420e-09,1.006956e-08,1.121002e-08,2.876945e-08,2.392392e-08,5.565839e-08,9.605414e-09,2.549125e-08,3.962791e-08
38.085940,1.270394e-07,5.371998e-08,1.295854e-06,2.984461e-07,1.022568e-06,8.369317e-08,7.060268e-07,2.724751e-07,1.314091e-06,1.831696e-07,1.709885e-07,1.025500e-07,1.401257e-07,1.988071e-07,1.116175e-07,2.065809e-07,8.148369e-09,1.169022e-08,1.277608e-08,2.658851e-08,2.484081e-08,4.951191e-08,9.433702e-09,3.481708e-08,5.173531e-08
38.110350,1.312539e-07,5.434480e-08,1.315216e-06,3.084211e-07,1.036876e-06,8.470271e-08,7.331826e-07,2.785217e-07,1.351092e-06,1.850418e-07,1.757630e-07,1.010250e-07,1.357870e-07,2.049169e-07,1.169777e-07,1.847967e-07,8.290095e-09,1.139403e-08,1.487334e-08,2.771158e-08,2.520313e-08,4.381213e-08,9.764360e-09,4.312469e-08,6.053765e-08
38.134770,1.346924e-07,5.537673e-08,1.339340e-06,3.127688e-07,1.063821e-06,8.625168e-08,7.537889e-07,2.918458e-07,1.343749e-06,1.867062e-07,1.798745e-07,1.061785e-07,1.419674e-07,2.073086e-07,1.165239e-07,1.947083e-07,7.757842e-09,1.136132e-08,1.621932e-08,4.277661e-08,2.391148e-08,4.022260e-08,1.046102e-08,5.017187e-08,6.574704e-08
38.159180,1.376243e-07,5.585887e-08,1.377746e-06,3.225604e-07,1.070259e-06,8.759658e-08,7.617146e-07,2.963421e-07,1.388436e-06,1.941732e-07,1.887019e-07,1.111915e-07,1.442818e-07,2.133130e-07,1.080196e-07,1.908841e-07,7.473692e-09,1.283733e-08,1.611046e-08,6.746619e-08,2.140596e-08,4.104498e-08,1.102123e-08,5.599514e-08,6.507182e-08
38.183590,1.412145e-07,5.677072e-08,1.400481e-06,3.312537e-07,1.072078e-06,8.952334e-08,7.791981e-07,3.017397e-07,1.455925e-06,1.951371e-07,1.886753e-07,1.072895e-07,1.329269e-07,2.133676e-07,1.056325e-07,1.612156e-07,7.410611e-09,1.450121e-08,1.566957e-08,8.704230e-08,1.976240e-08,4.294472e-08,1.159830e-08,5.898196e-08,6.176386e-08
38.208010,1.431034e-07,5.795649e-08,1.429594e-06,3.350872e-07,1.094364e-06,9.034776e-08,7.990145e-07,3.066202e-07,1.452811e-06,1.921330e-07,1.861598e-07,1.027330e-07,1.281073e-07,2.001816e-07,1.057180e-07,1.509430e-07,6.796890e-09,1.464806e-08,1.591430e-08,9.843505e-08,1.674097e-08,4.481049e-08,1.138606e-08,5.889289e-08,5.476398e-08
38.232420,1.442739e-07,5.886424e-08,1.462078e-06,3.379085e-07,1.113572e-06,8.982145e-08,8.271173e-07,3.136262e-07,1.458349e-06,1.983628e-07,1.954429e-07,1.051860e-07,1.330226e-07,2.069785e-07,9.993053e-08,1.643237e-07,5.544553e-09,1.462801e-08,1.598685e-08,1.112031e-07,1.428002e-08,4.586724e-08,1.096145e-08,5.387835e-08,4.616608e-08
38.256840,1.450538e-07,6.000184e-08,1.484612e-06,3.419423e-07,1.129878e-06,9.250718e-08,8.423896e-07,3.243287e-07,1.487073e-06,2.021115e-07,2.007768e-07,1.071605e-07,1.345383e-07,2.238802e-07,9.761887e-08,1.781268e-07,5.623886e-09,1.482603e-08,1.500235e-08,1.286365e-07,1.118733e-08,4.428880e-08,9.487392e-09,4.529055e-08,3.601848e-08
38.281250,1.461558e-07,6.133451e-08,1.509335e-06,3.492435e-07,1.140552e-06,9.463856e-08,8.494559e-07,3.203338e-07,1.521987e-06,2.021042e-07,1.983654e-07,1.089856e-07,1.412803e-07,2.173254e-07,9.657857e-08,2.192771e-07,6.854834e-09,1.437010e-08,1.331813e-08,1.418866e-07,9.411581e-09,3.881030e-08,7.730968e-09,3.352243e-08,2.396957e-08
38.305660,1.471823e-07,6.320108e-08,1.526422e-06,3.509762e-07,1.176030e-06,9.475378e-08,8.825298e-07,3.207449e-07,1.579372e-06,2.042110e-07,1.997069e-07,1.099579e-07,1.480539e-07,2.138869e-07,9.086917e-08,2.641438e-07,7.576950e-09,1.239037e-08,1.181918e-08,1.454193e-07,9.349517e-09,2.833820e-08,5.813094e-09,2.095292e-08,1.400909e-08
38.330080,1.474670e-07,6.479719e-08,1.541362e-06,3.566763e-07,1.209355e-06,9.620207e-08,9.001138e-07,3.387708e-07,1.573330e-06,2.049476e-07,2.030970e-07,1.040328e-07,1.448134e-07,2.203990e-07,9.304486e-08,2.837513e-07,7.778276e-09,1.174049e-08,1.077371e-08,1.409108e-07,1.009531e-08,1.760171e-08,4.009699e-09,1.050042e-08,1.588270e-08
38.354490,1.498564e-07,6.632862e-08,1.544891e-06,3.670504e-07,1.226437e-06,9.777841e-08,9.007268e-07,3.468541e-07,1.566209e-06,2.140281e-07,2.107839e-07,1.058005e-07,1.538736e-07,2.198828e-07,1.066585e-07,2.861836e-07,8.899362e-09,1.255963e-08,8.661060e-09,1.395241e-07,1.095586e-08,1.358951e-08,2.790715e-09,9.738328e-09,2.563566e-08
38.378910,1.520471e-07,6.828528e-08,1.544235e-06,3.724951e-07,1.265864e-06,1.011518e-07,9.195806e-07,3.484205e-07,1.630139e-06,2.227400e-07,2.182793e-07,1.155751e-07,1.716501e-07,2.261291e-07,1.136421e-07,3.280427e-07,1.009021e-08,1.257321e-08,5.714815e-09,1.411949e-07,1.366968e-08,2.505822e-08,2.666364e-09,1.793929e-08,3.297273e-08
38.403320,1.545342e-07,6.940365e-08,1.562458e-06,3.791238e-07,1.303371e-06,1.029601e-07,9.410999e-07,3.542124e-07,1.641273e-06,2.203820e-07,2.118659e-07,1.166734e-07,1.764368e-07,2.347905e-07,1.130520e-07,3.856830e-07,1.041753e-08,1.106379e-08,2.946446e-09,1.357444e-07,1.847607e-08,3.885229e-08,4.297884e-09,2.503786e-08,3.610515e-08
38.427730,1.586474e-07,7.044155e-08,1.564421e-06,3.868132e-07,1.327940e-06,1.045603e-07,9.707502e-07,3.603030e-07,1.621101e-06,2.240001e-07,2.101302e-07,1.141907e-07,1.766829e-07,2.256686e-07,1.203932e-07,4.070776e-07,1.131759e-08,1.005433e-08,3.121387e-09,1.234755e-07,2.459639e-08,5.087414e-08,6.385645e-09,2.910173e-08,3.459379e-08
38.452150,1.630620e-07,7.123854e-08,1.569905e-06,3.944331e-07,1.352041e-06,1.088267e-07,9.717408e-07,3.757809e-07,1.657137e-06,2.324792e-07,2.213092e-07,1.186915e-07,1.848301e-07,2.207427e-07,1.290827e-07,4.119129e-07,1.310812e-08,1.008201e-08,3.615748e-09,1.040202e-07,2.956595e-08,5.916490e-08,8.529103e-09,2.758066e-08,2.931592e-08
38.476560,1.672286e-07,7.187653e-08,1.579548e-06,4.010856e-07,1.371650e-06,1.107238e-07,9.731535e-07,3.808919e-07,1.688916e-06,2.334540e-07,2.235812e-07,1.208461e-07,1.926754e-07,2.420523e-07,1.336476e-07,4.327357e-07,1.367405e-08,9.710623e-09,4.945092e-09,9.323123e-08,3.351536e-08,6.594097e-08,1.063120e-08,2.056642e-08,2.137188e-08
38.500980,1.702098e-07,7.195581e-08,1.589698e-06,4.040734e-07,1.402157e-06,1.113843e-07,1.004749e-06,3.770130e-07,1.739904e-06,2.367212e-07,2.230884e-07,1.253419e-07,1.971118e-07,2.608183e-07,1.465748e-07,4.278180e-07,1.272705e-08,9.718428e-09,7.525424e-09,8.242390e-08,3.676228e-08,6.696648e-08,1.284039e-08,8.783709e-09,1.111060e-08
38.525390,1.738655e-07,7.181734e-08,1.596170e-06,4.131006e-07,1.413116e-06,1.127453e-07,1.015238e-06,3.918719e-07,1.761436e-06,2.384564e-07,2.248682e-07,1.338667e-07,2.058698e-07,2.608406e-07,1.534705e-07,3.931938e-07,1.230254e-08,1.123871e-08,1.017981e-08,6.813379e-08,3.934087e-08,6.658879e-08,1.504736e-08,9.270772e-09,4.434364e-09
38.549800,1.754901e-07,7.222663e-08,1.601113e-06,4.165015e-07,1.430300e-06,1.137963e-07,1.020153e-06,4.040550e-07,1.732439e-06,2.413472e-07,2.271688e-07,1.318407e-07,2.055285e-07,2.696745e-07,1.466911e-07,4.058860e-07,1.253872e-08,1.332178e-08,1.192843e-08,4.530531e-08,4.056664e-08,6.274229e-08,1.679253e-08,2.634309e-08,1.895362e-08
38.574220,1.758253e-07,7.204439e-08,1.628988e-06,4.145029e-07,1.467891e-06,1.148076e-07,1.041844e-06,4.050641e-07,1.793984e-06,2.505543e-07,2.374486e-07,1.308974e-07,1.935377e-07,2.783307e-07,1.469827e-07,4.374652e-07,1.256620e-08,1.329003e-08,1.374910e-08,3.709397e-08,3.868694e-08,6.203732e-08,1.820903e-08,4.423868e-08,3.646875e-08
38.598630,1.777913e-07,7.236331e-08,1.649960e-06,4.163336e-07,1.482486e-06,1.135479e-07,1.069168e-06,4.115628e-07,1.850927e-06,2.482297e-07,2.420971e-07,1.407475e-07,1.998851e-07,2.854009e-07,1.554353e-07,4.181219e-07,1.185468e-08,1.309004e-08,1.652245e-08,4.632006e-08,3.533139e-08,6.466461e-08,1.859381e-08,6.030161e-08,5.139258e-08
38.623050,1.793175e-07,7.360444e-08,1.676408e-06,4.192030e-07,1.498563e-06,1.128783e-07,1.100014e-06,4.143020e-07,1.825951e-06,2.442700e-07,2.358808e-07,1.437473e-07,2.105896e-07,3.117254e-07,1.549856e-07,3.635643e-07,1.150099e-08,1.521991e-08,1.921270e-08,5.206418e-08,3.260384e-08,6.940163e-08,1.842437e-08,7.404928e-08,6.238338e-08
38.647460,1.807783e-07,7.498333e-08,1.716310e-06,4.227814e-07,1.522550e-06,1.152534e-07,1.109810e-06,4.252382e-07,1.834545e-06,2.515704e-07,2.432265e-07,1.414217e-07,2.024311e-07,3.294881e-07,1.483759e-07,3.360387e-07,1.134852e-08,1.767994e-08,2.079162e-08,6.082987e-08,3.036054e-08,7.207734e-08,1.712707e-08,8.475919e-08,6.850077e-08
38.671880,1.820023e-07,7.639184e-08,1.745816e-06,4.223741e-07,1.565464e-06,1.142772e-07,1.124948e-06,4.323234e-07,1.846955e-06,2.532094e-07,2.522141e-07,1.392098e-07,1.954551e-07,3.190683e-07,1.455417e-07,3.097678e-07,1.006481e-08,1.794551e-08,2.083796e-08,9.119038e-08,2.968169e-08,7.066352e-08,1.583355e-08,9.158984e-08,6.873885e-08
38.696290,1.844426e-07,7.739166e-08,1.776099e-06,4.248748e-07,1.597996e-06,1.126335e-07,1.165862e-06,4.197226e-07,1.883873e-06,2.532543e-07,2.495164e-07,1.342680e-07,1.922884e-07,3.178467e-07,1.395089e-07,2.791344e-07,7.935155e-09,1.858785e-08,2.098301e-08,1.184471e-07,2.834523e-08,6.833067e-08,1.390693e-08,9.216069e-08,6.505774e-08
38.720700,1.833718e-07,7.755331e-08,1.775178e-06,4.217618e-07,1.585001e-06,1.111769e-07,1.147376e-06,4.193815e-07,1.905164e-06,2.486655e-07,2.447936e-07,1.324408e-07,1.791540e-07,3.308756e-07,1.301882e-07,2.742992e-07,7.580453e-09,1.915205e-08,2.176937e-08,1.353642e-07,2.621862e-08,6.107341e-08,1.169631e-08,8.573785e-08,5.890875e-08
38.745120,1.814015e-07,7.692011e-08,1.788685e-06,4.107848e-07,1.595688e-06,1.098819e-07,1.126949e-06,4.277067e-07,1.840137e-06,2.423720e-07,2.387614e-07,1.358266e-07,1.770077e-07,3.242923e-07,1.293435e-07,2.787609e-07,8.271035e-09,1.868952e-08,2.176655e-08,1.444037e-07,2.328065e-08,5.268463e-08,1.007639e-08,7.270074e-08,4.964491e-08
38.769530,1.812858e-07,7.603146e-08,1.787690e-06,4.032470e-07,1.590630e-06,1.100883e-07,1.127713e-06,4.241154e-07,1.824852e-06,2.483421e-07,2.388292e-07,1.301484e-07,1.824058e-07,3.156068e-07,1.276985e-07,2.518619e-07,7.962102e-09,1.672195e-08,2.051588e-08,1.636238e-07,1.978767e-08,4.048851e-08,9.183845e-09,5.677576e-08,4.101926e-08
38.793950,1.799902e-07,7.550824e-08,1.772522e-06,3.963689e-07,1.565835e-06,1.087439e-07,1.122338e-06,4.187903e-07,1.854811e-06,2.492372e-07,2.474425e-07,1.201068e-07,1.730612e-07,3.165414e-07,1.121461e-07,2.184826e-07,7.774882e-09,1.534035e-08,1.868097e-08,1.812831e-07,1.497324e-08,2.813681e-08,9.621176e-09,3.820657e-08,3.006160e-08
38.818360,1.778582e-07,7.436739e-08,1.771463e-06,3.870965e-07,1.551637e-06,1.092591e-07,1.114741e-06,4.122358e-07,1.817141e-06,2.411161e-07,2.397165e-07,1.213148e-07,1.667770e-07,2.984900e-07,1.059257e-07,2.528663e-07,8.900458e-09,1.562384e-08,1.810558e-08,1.890985e-07,8.234616e-09,2.066465e-08,9.516380e-09,1.990035e-08,2.067963e-08
38.842770,1.759212e-07,7.318751e-08,1.756509e-06,3.777967e-07,1.534663e-06,1.109287e-07,1.080236e-06,4.132188e-07,1.785853e-06,2.407595e-07,2.295724e-07,1.244540e-07,1.776833e-07,2.844430e-07,1.149974e-07,2.860520e-07,9.646158e-09,1.564762e-08,1.714730e-08,1.861117e-07,1.895067e-09,2.094197e-08,9.011936e-09,3.849776e-09,1.465531e-08
38.867190,1.742565e-07,7.207701e-08,1.740253e-06,3.685977e-07,1.522160e-06,1.094297e-07,1.063629e-06,4.196960e-07,1.780801e-06,2.407307e-07,2.331611e-07,1.232925e-07,1.810339e-07,2.955683e-07,1.170099e-07,2.940962e-07,9.698412e-09,1.391555e-08,1.481376e-08,1.794906e-07,9.598343e-09,2.543110e-08,7.295096e-09,1.156025e-08,1.397052e-08
38.891600,1.726898e-07,7.137753e-08,1.730358e-06,3.650041e-07,1.495560e-06,1.091039e-07,1.071162e-06,4.076902e-07,1.788256e-06,2.372914e-07,2.329747e-07,1.255660e-07,1.816239e-07,2.878477e-07,1.233102e-07,3.068472e-07,1.085635e-08,1.201671e-08,1.150932e-08,1.793233e-07,1.652901e-08,3.011646e-08,5.385305e-09,2.462107e-08,1.301999e-08
38.916020,1.703883e-07,7.065207e-08,1.725642e-06,3.571218e-07,1.481697e-06,1.100696e-07,1.053978e-06,3.970443e-07,1.819530e-06,2.347930e-07,2.302147e-07,1.230253e-07,1.876541e-07,2.621402e-07,1.324185e-07,3.272856e-07,1.253309e-08,1.152437e-08,9.031791e-09,1.778701e-07,2.291075e-08,3.645766e-08,2.665524e-09,3.405124e-08,9.950078e-09
38.940430,1.711459e-07,6.963778e-08,1.726064e-06,3.503803e-07,1.478304e-06,1.102370e-07,1.046970e-06,4.057979e-07,1.785048e-06,2.295795e-07,2.272985e-07,1.209449e-07,1.823627e-07,2.522972e-07,1.314332e-07,3.216861e-07,1.307905e-08,1.065291e-08,7.241676e-09,1.678249e-07,2.709600e-08,4.206416e-08,2.095059e-09,3.978614e-08,1.114581e-08
38.964840,1.719488e-07,6.966069e-08,1.713294e-06,3.516131e-07,1.446215e-06,1.103023e-07,1.057230e-06,4.012949e-07,1.720446e-06,2.299022e-07,2.218877e-07,1.296070e-07,1.812389e-07,2.477946e-07,1.344346e-07,3.204167e-07,1.221648e-08,9.418119e-09,5.115741e-09,1.495747e-07,3.045436e-08,5.046344e-08,5.192333e-09,3.881972e-08,1.680043e-08
38.989260,1.717424e-07,6.904778e-08,1.720410e-06,3.506218e-07,1.422975e-06,1.089893e-07,1.059694e-06,3.925950e-07,1.753815e-06,2.346259e-07,2.275007e-07,1.327758e-07,1.918280e-07,2.421198e-07,1.498874e-07,3.602459e-07,1.235632e-08,1.010858e-08,1.970217e-09,1.331705e-07,3.258053e-08,5.605374e-08,8.689298e-09,3.304312e-08,2.492597e-08
39.013670,1.734123e-07,6.800504e-08,1.719044e-06,3.485486e-07,1.412867e-06,1.096031e-07,1.060640e-06,3.872493e-07,1.749267e-06,2.261501e-07,2.304296e-07,1.265543e-07,1.921994e-07,2.539772e-07,1.564843e-07,3.808144e-07,1.302719e-08,1.155187e-08,1.705092e-09,1.223357e-07,3.280115e-08,6.359570e-08,1.186892e-08,2.368120e-08,2.906123e-08
39.038090,1.755340e-07,6.711939e-08,1.702903e-06,3.457683e-07,1.393406e-06,1.105926e-07,1.043965e-06,3.821732e-07,1.688390e-06,2.196974e-07,2.222752e-07,1.273203e-07,1.803242e-07,2.524752e-07,1.518622e-07,3.604725e-07,1.254957e-08,1.113844e-08,3.923351e-09,1.126388e-07,3.345993e-08,7.021441e-08,1.411212e-08,1.692497e-08,3.155228e-08
39.062500,1.776061e-07,6.625305e-08,1.699204e-06,3.440638e-07,1.370576e-06,1.082518e-07,1.041406e-06,3.864478e-07,1.660420e-06,2.222762e-07,2.193069e-07,1.329158e-07,1.736774e-07,2.356411e-07,1.529580e-07,3.228921e-07,1.175557e-08,1.019032e-08,5.311952e-09,9.078940e-08,3.231776e-08,7.757612e-08,1.549457e-08,2.226357e-08,3.271562e-08
39.086910,1.781706e-07,6.508029e-08,1.686253e-06,3.433866e-07,1.334805e-06,1.075355e-07,1.048304e-06,3.764451e-07,1.628549e-06,2.194009e-07,2.235028e-07,1.335601e-07,1.735568e-07,2.444799e-07,1.550955e-07,3.189987e-07,1.191681e-08,1.089926e-08,7.616008e-09,6.955017e-08,3.248872e-08,8.241275e-08,1.542946e-08,3.265402e-08,3.509578e-08
39.111330,1.798777e-07,6.352401e-08,1.661859e-06,3.377135e-07,1.320530e-06,1.077820e-07,1.018233e-06,3.602021e-07,1.638893e-06,2.169230e-07,2.217053e-07,1.344868e-07,1.678151e-07,2.656573e-07,1.481531e-07,3.112470e-07,1.149767e-08,1.255891e-08,1.057704e-08,5.075948e-08,3.308930e-08,8.366403e-08,1.480876e-08,4.504113e-08,3.834599e-08
39.135740,1.798509e-07,6.283530e-08,1.617579e-06,3.383054e-07,1.297896e-06,1.071024e-07,9.956512e-07,3.645169e-07,1.632608e-06,2.113897e-07,2.179821e-07,1.303510e-07,1.668702e-07,2.684749e-07,1.480188e-07,2.974353e-07,9.690313e-09,1.263209e-08,1.257572e-08,4.076636e-08,3.435380e-08,8.232499e-08,1.319407e-08,5.498789e-08,4.033049e-08
39.160160,1.782734e-07,6.173610e-08,1.590372e-06,3.378828e-07,1.268298e-06,1.065093e-07,9.892353e-07,3.689867e-07,1.573075e-06,2.072359e-07,2.114856e-07,1.209157e-07,1.658078e-07,2.655966e-07,1.464653e-07,3.052061e-07,7.808399e-09,1.290592e-08,1.342518e-08,2.143254e-08,3.380568e-08,7.621425e-08,1.147226e-08,6.429754e-08,4.141324e-08
39.184570,1.781797e-07,6.101524e-08,1.563678e-06,3.343226e-07,1.264869e-06,1.049642e-07,9.717024e-07,3.650881e-07,1.572318e-06,2.116174e-07,2.061539e-07,1.209354e-07,1.498233e-07,2.720140e-07,1.334441e-07,3.056543e-07,7.176483e-09,1.417690e-08,1.391570e-08,5.854773e-09,3.150349e-08,7.028477e-08,9.947587e-09,6.942744e-08,4.245175e-08
39.208980,1.771246e-07,6.118263e-08,1.526410e-06,3.325608e-07,1.255738e-06,1.047286e-07,9.488487e-07,3.613826e-07,1.586908e-06,2.101527e-07,2.137347e-07,1.237697e-07,1.422202e-07,2.683354e-07,1.227939e-07,2.714938e-07,6.593524e-09,1.465312e-08,1.486734e-08,3.453567e-08,2.813299e-08,6.186543e-08,8.959826e-09,7.120878e-08,4.409494e-08
39.233400,1.757233e-07,6.139758e-08,1.510244e-06,3.312270e-07,1.247803e-06,1.044428e-07,9.168295e-07,3.559155e-07,1.544278e-06,2.034643e-07,2.132807e-07,1.162468e-07,1.475672e-07,2.650694e-07,1.216806e-07,2.368828e-07,5.448861e-09,1.322995e-08,1.545542e-08,5.827729e-08,2.408867e-08,5.447783e-08,9.215522e-09,6.775554e-08,4.795426e-08
39.257810,1.738489e-07,6.167034e-08,1.495366e-06,3.309658e-07,1.235644e-06,1.015174e-07,9.039016e-07,3.597512e-07,1.517977e-06,2.031850e-07,2.027675e-07,1.095978e-07,1.436281e-07,2.756883e-07,1.178730e-07,2.595157e-07,4.714755e-09,1.244066e-08,1.508298e-08,7.378333e-08,1.993356e-08,4.747075e-08,9.643230e-09,6.065098e-08,4.947178e-08
39.282230,1.730083e-07,6.185562e-08,1.487843e-06,3.251921e-07,1.239048e-06,1.014487e-07,9.105236e-07,3.617689e-07,1.506505e-06,2.014404e-07,2.012685e-07,1.065246e-07,1.383970e-07,2.664472e-07,1.091349e-07,2.776450e-07,4.685312e-09,1.311056e-08,1.407724e-08,9.560351e-08,1.440038e-08,4.162365e-08,9.966668e-09,5.224795e-08,4.945553e-08
39.306640,1.712621e-07,6.253930e-08,1.478124e-06,3.218692e-07,1.242927e-06,1.015820e-07,8.906773e-07,3.462671e-07,1.513670e-06,1.978510e-07,2.010989e-07,1.030020e-07,1.407655e-07,2.434424e-07,1.043605e-07,2.680365e-07,4.550824e-09,1.295293e-08,1.353508e-08,1.188023e-07,9.290438e-09,3.827061e-08,9.438511e-09,4.514764e-08,4.634650e-08
39.331050,1.680738e-07,6.247508e-08,1.485134e-06,3.209142e-07,1.224090e-06,1.005208e-07,8.943691e-07,3.435984e-07,1.544380e-06,1.949806e-07,1.992607e-07,1.045318e-07,1.412747e-07,2.443733e-07,9.674715e-08,2.723197e-07,5.052412e-09,1.130208e-08,1.334476e-08,1.406303e-07,5.404358e-09,3.612725e-08,8.312639e-09,3.846340e-08,4.237901e-08
39.355470,1.670120e-07,6.216873e-08,1.497722e-06,3.134161e-07,1.230216e-06,9.953006e-08,9.076498e-07,3.489683e-07,1.498915e-06,1.883497e-07,1.961461e-07,1.038498e-07,1.456065e-07,2.474855e-07,8.888213e-08,2.857919e-07,6.978082e-09,9.930211e-09,1.261124e-08,1.470257e-07,5.724360e-09,3.259060e-08,6.180043e-09,3.377025e-08,3.777505e-08
39.379880,1.652069e-07,6.243435e-08,1.495674e-06,3.068630e-07,1.236885e-06,9.770183e-08,9.092024e-07,3.417068e-07,1.454249e-06,1.888242e-07,1.901138e-07,9.588453e-08,1.582857e-07,2.396309e-07,9.583550e-08,2.745208e-07,8.451866e-09,9.275930e-09,1.073169e-08,1.461494e-07,6.848678e-09,2.495725e-08,3.693512e-09,2.765469e-08,3.256122e-08
39.404300,1.628318e-07,6.227555e-08,1.509717e-06,2.988824e-07,1.231679e-06,9.817947e-08,9.124595e-07,3.346058e-07,1.482201e-06,1.916119e-07,1.899207e-07,9.609321e-08,1.583225e-07,2.330015e-07,1.036731e-07,2.685118e-07,8.858334e-09,8.059548e-09,8.875798e-09,1.467722e-07,7.277410e-09,1.518956e-08,1.065377e-09,2.314005e-08,2.549294e-08
39.428710,1.604433e-07,6.192737e-08,1.512070e-06,2.919716e-07,1.224368e-06,9.703906e-08,9.064316e-07,3.293880e-07,1.465616e-06,1.837373e-07,1.954333e-07,1.015252e-07,1.511964e-07,2.225321e-07,9.882077e-08,2.995484e-07,9.564354e-09,6.784689e-09,7.548985e-09,1.498500e-07,8.705410e-09,5.129175e-09,1.415450e-09,1.897804e-08,1.639226e-08
39.453120,1.583525e-07,6.141668e-08,1.499106e-06,2.849927e-07,1.217709e-06,9.451548e-08,9.251099e-07,3.272181e-07,1.418026e-06,1.788589e-07,1.911916e-07,1.002511e-07,1.602928e-07,2.053622e-07,9.865962e-08,3.106560e-07,1.071090e-08,7.416466e-09,6.618820e-09,1.444051e-07,1.252974e-08,9.178135e-09,3.819277e-09,1.623273e-08,7.646287e-09
39.477540,1.562532e-07,6.116837e-08,1.485186e-06,2.780832e-07,1.224802e-06,9.445221e-08,9.339590e-07,3.300321e-07,1.395610e-06,1.801259e-07,1.848777e-07,9.734706e-08,1.681229e-07,2.111079e-07,1.089621e-07,2.875149e-07,1.131546e-08,8.671830e-09,4.719120e-09,1.293983e-07,1.789007e-08,2.121362e-08,5.803426e-09,1.259480e-08,1.310910e-08
39.501950,1.531047e-07,6.066044e-08,1.473492e-06,2.770627e-07,1.216090e-06,9.379098e-08,9.166578e-07,3.186648e-07,1.372975e-06,1.779552e-07,1.877460e-07,9.658290e-08,1.650124e-07,2.247913e-07,1.126073e-07,2.605822e-07,1.128006e-08,8.632118e-09,2.717847e-09,1.126986e-07,2.272004e-08,3.294779e-08,7.478611e-09,7.011011e-09,2.306587e-08
39.526370,1.517841e-07,5.997921e-08,1.465564e-06,2.734771e-07,1.214226e-06,9.279528e-08,9.206653e-07,3.084474e-07,1.384007e-06,1.760406e-07,1.874868e-07,9.674481e-08,1.632685e-07,2.136167e-07,1.157317e-07,2.670642e-07,1.153178e-08,8.576452e-09,2.524930e-09,1.020852e-07,2.832097e-08,4.372329e-08,8.506757e-09,2.308371e-09,3.049220e-08
39.550780,1.498022e-07,5.975340e-08,1.440924e-06,2.706292e-07,1.224167e-06,9.192955e-08,9.246866e-07,3.165357e-07,1.377674e-06,1.719907e-07,1.867760e-07,1.006761e-07,1.577901e-07,2.070103e-07,1.234700e-07,2.658044e-07,1.200113e-08,9.268775e-09,3.182504e-09,9.216311e-08,3.356245e-08,5.198800e-08,9.342372e-09,7.620322e-09,3.605148e-08
39.575200,1.466515e-07,5.903165e-08,1.427605e-06,2.720124e-07,1.211479e-06,9.056171e-08,9.149382e-07,3.177339e-07,1.324517e-06,1.683662e-07,1.827525e-07,1.050603e-07,1.480513e-07,2.167194e-07,1.220839e-07,2.561692e-07,1.183150e-08,1.026648e-08,3.592570e-09,8.001432e-08,3.817481e-08,5.728369e-08,1.009976e-08,1.416997e-08,3.928012e-08
39.599610,1.447248e-07,5.801088e-08,1.421774e-06,2.723321e-07,1.197235e-06,9.043272e-08,9.008901e-07,3.166722e-07,1.341344e-06,1.729823e-07,1.741641e-07,9.979492e-08,1.476361e-07,2.187456e-07,1.179723e-07,2.649230e-07,1.057511e-08,1.051382e-08,5.485295e-09,6.232874e-08,4.076047e-08,5.844052e-08,1.099322e-08,1.913745e-08,3.972527e-08
39.624020,1.430685e-07,5.722898e-08,1.404703e-06,2.724182e-07,1.182376e-06,8.821524e-08,8.788869e-07,3.134939e-07,1.352783e-06,1.709527e-07,1.769964e-07,9.449621e-08,1.493982e-07,2.264367e-07,1.237248e-07,2.650298e-07,9.543715e-09,1.108897e-08,7.891319e-09,4.982721e-08,4.073508e-08,5.860369e-08,1.204817e-08,2.410051e-08,3.846915e-08
39.648440,1.415915e-07,5.651861e-08,1.398461e-06,2.700587e-07,1.166035e-06,8.618820e-08,8.814569e-07,3.100438e-07,1.316747e-06,1.663448e-07,1.824918e-07,9.798923e-08,1.378745e-07,2.366668e-07,1.274280e-07,2.272021e-07,9.224660e-09,1.231862e-08,9.347211e-09,4.768341e-08,3.894530e-08,5.624328e-08,1.274860e-08,2.876971e-08,3.418441e-08
39.672850,1.395390e-07,5.573383e-08,1.392992e-06,2.690982e-07,1.142876e-06,8.657888e-08,8.768309e-07,3.177398e-07,1.306139e-06,1.675168e-07,1.757101e-07,9.781056e-08,1.274185e-07,2.301663e-07,1.202123e-07,2.076700e-07,8.592942e-09,1.286419e-08,1.022248e-08,3.986426e-08,3.523308e-08,5.514558e-08,1.340595e-08,3.400056e-08,2.988940e-08
39.697270,1.393940e-07,5.456739e-08,1.384893e-06,2.670551e-07,1.109300e-06,8.573615e-08,8.581317e-07,3.139062e-07,1.289350e-06,1.649923e-07,1.716639e-07,9.483982e-08,1.255588e-07,2.242565e-07,1.142029e-07,2.376735e-07,7.234417e-09,1.212400e-08,1.127377e-08,2.874478e-08,3.172851e-08,5.265039e-08,1.344532e-08,3.766534e-08,3.071421e-08
39.721680,1.394176e-07,5.405477e-08,1.365124e-06,2.593964e-07,1.096109e-06,8.452781e-08,8.609379e-07,3.044186e-07,1.313970e-06,1.632471e-07,1.731021e-07,9.343670e-08,1.199954e-07,2.356964e-07,1.126557e-07,2.453951e-07,6.130537e-09,1.173024e-08,1.253447e-08,2.627897e-08,2.703937e-08,4.860588e-08,1.321585e-08,3.940034e-08,3.784165e-08
39.746090,1.381038e-07,5.326226e-08,1.347579e-06,2.538673e-07,1.079901e-06,8.326400e-08,8.574044e-07,3.073142e-07,1.332006e-06,1.595821e-07,1.707068e-07,8.814205e-08,1.153746e-07,2.369628e-07,1.074695e-07,2.362325e-07,5.373001e-09,1.220287e-08,1.339068e-08,3.946574e-08,2.316649e-08,4.509530e-08,1.239638e-08,4.028485e-08,4.786231e-08
39.770510,1.383458e-07,5.197457e-08,1.340205e-06,2.488024e-07,1.053692e-06,8.233173e-08,8.430545e-07,3.074058e-07,1.279361e-06,1.541060e-07,1.707995e-07,8.714851e-08,1.138388e-07,2.210715e-07,1.075823e-07,2.416316e-07,4.101658e-09,1.233252e-08,1.315897e-08,5.163112e-08,1.889515e-08,4.055768e-08,1.124629e-08,3.947955e-08,5.657976e-08
39.794920,1.383862e-07,5.105902e-08,1.313545e-06,2.426267e-07,1.046378e-06,8.230854e-08,8.286386e-07,3.036566e-07,1.259674e-06,1.568491e-07,1.649454e-07,9.113122e-08,1.063899e-07,2.114158e-07,1.107182e-07,2.429232e-07,2.293595e-09,1.134113e-08,1.265348e-08,6.306499e-08,1.586600e-08,3.709465e-08,9.372147e-09,3.955362e-08,6.197745e-08
39.819340,1.380539e-07,5.008472e-08,1.298622e-06,2.378654e-07,1.043578e-06,8.049997e-08,8.152803e-07,2.971922e-07,1.272407e-06,1.575343e-07,1.602516e-07,8.915796e-08,1.027603e-07,2.033426e-07,1.025337e-07,2.298123e-07,2.577570e-09,1.030094e-08,1.240372e-08,8.257342e-08,1.400992e-08,3.020546e-08,7.222884e-09,3.921954e-08,6.424717e-08
39.843750,1.370248e-07,4.910030e-08,1.294171e-06,2.333499e-07,1.051087e-06,7.911718e-08,8.172866e-07,2.888229e-07,1.256062e-06,1.516315e-07,1.663170e-07,8.414085e-08,1.112502e-07,1.900628e-07,9.377200e-08,2.400562e-07,3.456474e-09,9.672382e-09,1.245027e-08,1.041521e-07,1.236030e-08,2.290695e-08,5.164094e-09,3.802025e-08,6.284537e-08
39.868160,1.362562e-07,4.796826e-08,1.288287e-06,2.318019e-07,1.053901e-06,7.915951e-08,8.051246e-07,2.916265e-07,1.238771e-06,1.492168e-07,1.649550e-07,8.519425e-08,1.157144e-07,1.876392e-07,9.562999e-08,2.631534e-07,3.665005e-09,8.796429e-09,1.165307e-08,1.188197e-07,1.013624e-08,1.345206e-08,3.490378e-09,3.500002e-08,6.014821e-08
39.892580,1.347624e-07,4.730018e-08,1.279773e-06,2.280386e-07,1.060437e-06,7.758616e-08,7.807272e-07,2.897432e-07,1.206169e-06,1.483922e-07,1.594656e-07,8.774296e-08,1.115210e-07,1.853499e-07,9.755351e-08,2.643454e-07,4.448312e-09,6.825162e-09,1.014680e-08,1.275967e-07,6.226934e-09,5.100495e-09,3.124206e-09,3.010745e-08,5.334787e-08
39.916990,1.317587e-07,4.660639e-08,1.275036e-06,2.261583e-07,1.070698e-06,7.632304e-08,7.803331e-07,2.734392e-07,1.194003e-06,1.484621e-07,1.578092e-07,8.772276e-08,1.138578e-07,1.669717e-07,9.381098e-08,2.385022e-07,5.667838e-09,5.061919e-09,8.629821e-09,1.309135e-07,4.221418e-09,6.010960e-09,3.409447e-09,2.382403e-08,4.482855e-08
39.941410,1.303338e-07,4.570901e-08,1.283751e-06,2.271802e-07,1.057755e-06,7.526083e-08,7.741878e-07,2.693755e-07,1.223989e-06,1.482714e-07,1.564321e-07,8.721061e-08,1.181083e-07,1.517624e-07,9.414903e-08,2.290458e-07,6.391552e-09,5.039090e-09,7.866205e-09,1.373846e-07,4.919691e-09,1.234912e-08,4.151359e-09,1.789472e-08,3.407088e-08
39.965820,1.289067e-07,4.561610e-08,1.279926e-06,2.249753e-07,1.049857e-06,7.388425e-08,7.598659e-07,2.721309e-07,1.194397e-06,1.420896e-07,1.578141e-07,8.408584e-08,1.188896e-07,1.559343e-07,9.256857e-08,2.388006e-07,6.862220e-09,4.597478e-09,6.704389e-09,1.411953e-07,7.438325e-09,1.766708e-08,4.457089e-09,1.111718e-08,2.305399e-08
