929,25,28,13.431000,8.00,2,2,2
freq,site_01,site_02,site_03,site_04,site_05,site_06,site_07,site_08,site_09,site_10,site_11,site_12,site_13,site_14,site_15,site_16,site_17,site_18,site_19,site_20,site_21,site_22,site_23,site_24,site_25
0.000000,4.177340e-07,7.391254e-07,3.369071e-07,1.523168e-06,1.312781e-07,2.851282e-07,3.064937e-07,1.308537e-07,2.781322e-07,4.082737e-07,2.719783e-07,5.792773e-07,4.900246e-07,6.394685e-07,1.904571e-06,4.338421e-07,8.832357e-07,4.546474e-07,3.771736e-07,1.974305e-07,7.978161e-07,4.585983e-07,1.165490e-07,2.578361e-06,1.547284e-07
0.048828,2.824014e-06,3.388202e-07,6.626873e-07,1.385858e-06,1.326341e-06,8.961602e-07,5.432527e-07,3.030508e-07,6.539064e-08,4.864640e-07,4.540882e-07,4.915571e-07,1.442767e-07,3.034072e-07,1.907720e-07,3.303167e-07,9.661025e-08,1.865644e-07,4.067846e-07,2.454956e-07,8.131281e-08,5.652678e-08,8.138421e-08,5.731317e-08,1.456052e-07
0.097656,5.932765e-06,8.522182e-07,1.148540e-06,3.447794e-06,2.652567e-06,1.722691e-06,1.662473e-06,1.066324e-06,2.358038e-07,1.420276e-06,8.717721e-07,1.574733e-06,3.430622e-07,8.425678e-07,6.579893e-07,4.064914e-07,3.103731e-07,7.958389e-07,6.478442e-07,3.200417e-07,2.838277e-07,1.877292e-07,2.624240e-07,2.513778e-07,2.470882e-07
0.146484,8.199072e-06,2.043418e-06,1.522008e-06,6.713819e-06,3.704387e-06,2.117058e-06,2.824563e-06,2.519419e-06,9.114365e-07,2.216249e-06,1.594472e-06,2.200269e-06,2.674441e-07,1.817295e-06,1.128972e-06,4.411928e-07,9.172973e-07,1.221608e-06,9.008034e-07,4.195593e-07,5.353134e-07,2.483750e-07,3.660889e-07,5.081671e-07,6.344154e-07
0.195312,9.990730e-06,4.361550e-06,2.118296e-06,1.147272e-05,4.333844e-06,4.054153e-06,3.449892e-06,4.282563e-06,1.679741e-06,2.618877e-06,1.480553e-06,1.626894e-06,3.355354e-07,2.922504e-06,1.860507e-06,4.638856e-07,1.079555e-06,5.597325e-07,7.025688e-07,2.835441e-07,8.184029e-07,5.900415e-07,5.400497e-07,6.015006e-07,1.199275e-07
0.244141,1.265808e-05,7.668702e-06,3.290758e-06,1.648269e-05,4.419882e-06,8.053799e-06,3.510617e-06,6.005996e-06,2.240440e-06,3.395682e-06,2.240083e-06,1.137319e-06,1.204900e-06,3.358220e-06,3.600306e-06,4.209792e-07,2.459219e-06,5.825961e-07,4.048496e-07,1.428057e-06,7.795671e-07,1.167836e-06,4.809107e-07,1.428514e-06,8.162343e-07
0.292969,1.730066e-05,1.158243e-05,4.913558e-06,2.007638e-05,4.138207e-06,1.188865e-05,3.514313e-06,8.027233e-06,2.328954e-06,4.957883e-06,3.883169e-06,2.179783e-06,1.936413e-06,4.105240e-06,5.789912e-06,1.018248e-06,2.932079e-06,3.955069e-07,5.453941e-07,1.907780e-06,2.160508e-07,1.258224e-06,1.088095e-07,1.867330e-06,1.460614e-06
0.341797,2.291921e-05,1.529484e-05,6.511935e-06,2.109709e-05,4.727220e-06,1.397985e-05,4.807308e-06,9.412680e-06,1.803946e-06,6.175031e-06,4.699399e-06,4.369152e-06,1.574695e-06,5.243301e-06,8.686766e-06,7.199878e-07,1.311608e-06,6.978257e-07,8.527549e-07,9.599430e-07,2.532646e-07,4.994102e-07,2.339516e-07,2.606327e-06,1.050865e-06
0.390625,2.846408e-05,1.868684e-05,7.584555e-06,2.079541e-05,6.725790e-06,1.546172e-05,7.475779e-06,1.011193e-05,8.633632e-07,6.392601e-06,5.274296e-06,4.268229e-06,8.236863e-07,7.410345e-06,1.043026e-05,1.795112e-06,1.463940e-06,1.191867e-06,1.334464e-06,6.708875e-07,1.276361e-06,7.791354e-07,3.110546e-07,3.006150e-06,1.493120e-06
0.439453,3.179805e-05,2.128395e-05,7.857754e-06,1.967587e-05,8.421682e-06,1.687585e-05,8.636061e-06,1.102978e-05,3.634881e-07,5.932492e-06,6.323716e-06,2.813657e-06,1.946688e-06,1.129523e-05,8.549970e-06,1.845908e-06,1.065360e-06,2.525340e-06,1.909447e-06,7.786166e-07,2.669807e-06,1.220729e-06,1.387345e-07,3.560414e-06,1.815305e-06
0.488281,3.098698e-05,2.213098e-05,7.743789e-06,1.768074e-05,8.783499e-06,1.720383e-05,6.345159e-06,1.060955e-05,1.052996e-06,5.101059e-06,7.933174e-06,8.343568e-07,4.241055e-06,1.431615e-05,6.363805e-06,2.457520e-06,2.156876e-06,2.435065e-06,2.545565e-06,2.840317e-06,2.508344e-06,2.098181e-06,1.141290e-06,4.006588e-06,1.245385e-06
0.537109,2.678636e-05,2.072758e-05,8.443329e-06,1.700579e-05,8.254700e-06,1.673330e-05,2.015128e-06,9.942879e-06,1.225819e-06,3.533513e-06,9.065309e-06,5.603080e-06,5.489326e-06,1.432329e-05,4.368470e-06,1.827492e-06,3.039448e-06,7.050812e-07,3.076767e-06,2.986456e-06,2.228245e-06,2.414809e-06,9.932487e-07,4.337965e-06,1.805854e-06
0.585938,2.322840e-05,1.908530e-05,1.045905e-05,2.014476e-05,7.377233e-06,1.681434e-05,1.226063e-06,1.295438e-05,2.431975e-06,2.802550e-06,8.280817e-06,1.142236e-05,4.825201e-06,1.231329e-05,1.774412e-06,1.553720e-06,3.899482e-06,8.391257e-07,2.403561e-06,1.930943e-06,1.961473e-06,1.092910e-06,6.858985e-07,4.128954e-06,1.078215e-06
0.634766,2.442298e-05,2.434050e-05,1.260311e-05,2.512173e-05,5.940846e-06,1.755115e-05,3.744701e-06,1.517690e-05,4.288834e-06,7.607804e-06,5.759629e-06,1.590322e-05,3.659926e-06,1.142781e-05,9.447664e-07,3.270241e-06,5.789913e-06,2.334183e-06,1.171104e-06,5.137436e-06,3.281314e-06,1.147301e-06,7.858763e-07,5.459467e-06,3.065967e-06
0.683594,2.690686e-05,3.778783e-05,1.352841e-05,2.903092e-05,5.366280e-06,1.732201e-05,1.007008e-05,1.327208e-05,6.167731e-06,1.467366e-05,4.192957e-06,1.270265e-05,2.733137e-06,1.042301e-05,1.931351e-06,3.743519e-06,2.946520e-06,5.761861e-06,7.820405e-07,3.096663e-06,4.569469e-06,8.408979e-07,7.085997e-07,5.667581e-06,5.815713e-06
0.732422,2.732761e-05,5.317093e-05,1.270937e-05,3.108727e-05,7.489979e-06,1.538338e-05,1.636606e-05,1.011325e-05,1.017247e-05,2.178192e-05,5.649501e-06,5.966496e-06,3.086787e-06,1.042069e-05,3.106883e-06,2.645642e-06,3.032105e-06,7.908719e-06,1.347185e-06,3.902161e-07,3.650701e-06,1.842342e-06,2.097949e-06,2.445807e-06,5.230437e-06
0.781250,3.029085e-05,6.504749e-05,1.045385e-05,3.174440e-05,9.088983e-06,1.278415e-05,1.866348e-05,9.511170e-06,1.486577e-05,2.582409e-05,6.775115e-06,1.250484e-05,6.002893e-06,1.418043e-05,2.313194e-06,1.498157e-06,2.554666e-06,5.098195e-06,2.249683e-06,2.556882e-06,5.615098e-07,4.099078e-06,2.309353e-06,5.454667e-06,3.306144e-06
0.830078,4.082662e-05,7.006666e-05,7.525692e-06,3.196796e-05,7.676388e-06,9.805871e-06,1.674636e-05,1.018403e-05,1.555967e-05,2.419432e-05,8.100107e-06,1.583550e-05,8.056858e-06,1.734852e-05,3.792692e-07,2.727529e-06,4.866354e-06,2.950443e-06,2.683098e-06,2.576441e-06,3.161296e-06,3.306284e-06,1.826183e-06,6.671545e-06,1.817245e-06
0.878906,5.360231e-05,6.715488e-05,5.107263e-06,3.257323e-05,3.577807e-06,5.235595e-06,1.330290e-05,1.262419e-05,1.023456e-05,1.906906e-05,1.089788e-05,1.673579e-05,6.936928e-06,1.825332e-05,5.041450e-06,4.800814e-06,2.845221e-06,3.107569e-06,1.194851e-06,3.055091e-06,3.207046e-06,2.920332e-06,1.383992e-06,4.020685e-06,2.525803e-06
0.927734,6.222168e-05,5.717808e-05,5.980859e-06,3.629796e-05,3.263189e-06,5.213156e-07,1.018151e-05,1.720451e-05,5.398153e-06,1.499490e-05,1.093625e-05,1.754979e-05,7.775615e-06,1.994070e-05,1.141011e-05,5.546984e-06,7.081448e-06,9.303328e-07,2.646743e-06,2.780473e-06,1.085512e-06,5.578052e-06,5.626503e-07,6.697285e-06,2.796076e-06
0.976562,6.761306e-05,4.303189e-05,1.000589e-05,4.640779e-05,7.239621e-06,5.478360e-06,5.729811e-06,1.903740e-05,1.169455e-05,1.042077e-05,8.132448e-06,1.583110e-05,9.498460e-06,1.937653e-05,1.430946e-05,4.324992e-06,8.351352e-06,3.801558e-06,4.134226e-06,7.984740e-07,3.253383e-06,3.632752e-06,5.360759e-07,8.133538e-06,1.728265e-06
1.025391,7.839468e-05,2.909943e-05,1.453881e-05,5.944327e-05,9.669469e-06,8.700698e-06,3.985806e-06,1.553213e-05,1.775896e-05,5.127980e-06,7.646274e-06,1.210068e-05,9.156746e-06,1.634647e-05,1.056465e-05,4.928066e-06,4.857622e-06,7.082717e-06,4.040452e-06,1.351846e-06,3.764039e-06,1.038091e-06,1.120611e-06,1.350209e-05,6.653570e-06
1.074219,9.414759e-05,1.897626e-05,1.706786e-05,6.234829e-05,1.048438e-05,7.859649e-06,1.872656e-05,8.442617e-06,2.220902e-05,6.195499e-06,6.653905e-06,8.155109e-06,5.533420e-06,1.030104e-05,1.072987e-05,4.766528e-06,7.447994e-06,7.076414e-06,1.763905e-06,1.673764e-06,2.473224e-06,9.824416e-07,1.408150e-06,1.406801e-05,7.673688e-06
1.123047,1.087606e-04,1.861946e-05,1.662569e-05,5.052952e-05,1.151459e-05,3.044669e-06,3.297938e-05,1.071310e-05,2.773944e-05,1.226935e-05,4.449083e-06,7.409701e-06,6.786067e-06,6.714553e-06,1.662458e-05,4.751620e-06,1.764965e-05,5.643712e-06,1.131183e-06,6.851931e-06,2.839017e-06,1.340776e-06,1.297887e-06,1.396930e-05,4.036452e-06
1.171875,1.124745e-04,2.216979e-05,1.303270e-05,2.751187e-05,1.382247e-05,3.624220e-06,3.812769e-05,1.339853e-05,3.224455e-05,1.976983e-05,4.676426e-06,1.140454e-05,1.276049e-05,9.219271e-06,1.468705e-05,5.100582e-06,1.751930e-05,8.805564e-06,3.795961e-06,6.213251e-06,5.160161e-06,1.015638e-06,9.720930e-07,3.667303e-06,9.070855e-06
1.220703,1.002441e-04,2.204689e-05,8.990987e-06,1.442209e-05,1.699337e-05,9.294701e-06,2.939486e-05,8.766275e-06,3.369222e-05,2.251830e-05,5.861730e-06,1.518628e-05,1.634512e-05,4.246737e-06,1.238234e-05,5.005642e-06,1.289183e-05,9.358999e-06,4.415076e-06,8.685287e-06,4.760446e-06,2.273522e-06,1.500834e-06,1.405987e-05,7.624215e-06
1.269531,7.454100e-05,1.575053e-05,1.394498e-05,2.793224e-05,1.926198e-05,2.015093e-05,1.050964e-05,7.087296e-06,3.212502e-05,1.718154e-05,5.203079e-06,1.366790e-05,1.454096e-05,1.080921e-05,1.433303e-05,4.683715e-06,5.243064e-06,1.151585e-05,1.692806e-06,8.108223e-06,4.517286e-06,2.268936e-06,1.721140e-06,9.346569e-06,6.153567e-06
1.318359,4.929001e-05,3.778211e-06,2.565912e-05,3.702504e-05,1.856239e-05,3.191120e-05,1.230162e-05,1.559818e-05,2.825786e-05,8.479958e-06,3.772335e-06,9.668394e-06,1.052981e-05,1.618040e-05,1.073791e-05,2.745197e-06,5.850005e-06,1.186681e-05,3.397700e-06,4.071887e-06,5.407105e-06,2.286374e-06,1.500802e-06,8.826382e-06,6.026809e-06
1.367188,5.234205e-05,1.103073e-05,3.748946e-05,4.548949e-05,1.452558e-05,3.462023e-05,2.330098e-05,2.180775e-05,2.443173e-05,1.007199e-05,5.837246e-06,5.815874e-06,1.334069e-05,1.723571e-05,1.394806e-05,2.225045e-06,6.160740e-06,8.485992e-06,5.452961e-06,3.324150e-06,5.344581e-06,4.826907e-06,2.681367e-06,2.526832e-06,6.505388e-06
1.416016,7.426757e-05,2.445282e-05,4.574751e-05,5.943542e-05,1.170879e-05,2.697660e-05,2.130776e-05,2.637752e-05,2.286124e-05,1.532124e-05,5.784306e-06,5.909722e-06,1.558932e-05,1.545422e-05,2.043313e-05,2.683295e-06,5.654026e-06,5.712846e-06,6.231499e-06,6.227827e-06,4.864075e-06,5.313176e-06,1.168286e-06,9.745733e-06,7.544363e-06
1.464844,8.900001e-05,3.244596e-05,4.822637e-05,7.194408e-05,1.661396e-05,2.013566e-05,9.952651e-06,2.729393e-05,1.972232e-05,1.859007e-05,1.284784e-06,6.390720e-06,1.338899e-05,2.379498e-05,2.347889e-05,8.065220e-06,1.605201e-06,3.971689e-06,2.628111e-06,7.883388e-06,3.490707e-06,4.770389e-06,1.546718e-06,2.888348e-06,5.079788e-06
1.513672,8.990438e-05,3.269838e-05,4.492897e-05,7.673197e-05,2.364647e-05,2.128843e-05,9.636552e-06,2.102370e-05,1.176752e-05,2.086083e-05,7.883308e-06,1.176493e-05,9.028205e-06,1.948565e-05,2.349544e-05,7.967227e-06,3.015010e-06,1.091809e-05,4.903192e-06,8.055189e-06,4.745312e-06,6.201859e-06,1.377769e-06,9.007507e-06,5.845707e-06
1.562500,8.162247e-05,2.560547e-05,3.822917e-05,7.442982e-05,2.813331e-05,3.410626e-05,2.335946e-05,1.095790e-05,7.193052e-06,2.105481e-05,1.245505e-05,1.720393e-05,2.701452e-06,3.523771e-06,1.958227e-05,5.719170e-06,6.973883e-06,1.515026e-05,8.636445e-06,6.847859e-06,6.093670e-06,5.054008e-06,1.095132e-06,6.489253e-06,1.437119e-05
1.611328,7.614332e-05,1.406446e-05,3.140005e-05,6.636749e-05,3.059464e-05,5.702031e-05,3.457729e-05,5.962414e-06,1.244125e-05,2.109595e-05,1.152235e-05,1.646205e-05,3.066182e-06,1.009457e-05,1.080432e-05,6.652119e-06,7.610970e-06,9.154606e-06,6.461995e-06,7.798843e-06,2.897355e-06,2.493136e-06,2.894104e-06,1.081034e-05,3.647552e-06
1.660156,8.232221e-05,2.776716e-06,2.581793e-05,4.930981e-05,3.384453e-05,7.149510e-05,3.915344e-05,5.527311e-06,1.371332e-05,2.182649e-05,1.318350e-05,6.014968e-06,7.400385e-06,1.727166e-05,1.516799e-05,9.680007e-06,6.129218e-06,7.091413e-06,3.465863e-06,6.401493e-06,2.282670e-06,9.287946e-07,3.040454e-06,1.589067e-05,7.210325e-06
1.708984,9.439935e-05,8.415684e-06,2.033474e-05,2.052964e-05,3.854224e-05,6.553794e-05,3.536902e-05,1.234779e-05,1.134704e-05,1.890435e-05,1.584322e-05,6.122234e-06,1.730739e-05,2.639619e-05,1.404479e-05,5.415273e-06,9.187102e-06,8.278936e-06,6.423303e-06,3.443466e-06,4.684478e-06,5.221228e-06,4.564838e-06,1.251522e-05,9.733924e-06
1.757812,1.024202e-04,1.516029e-05,1.470634e-05,1.782759e-05,4.226509e-05,4.307120e-05,2.817413e-05,2.383527e-05,9.270504e-06,1.227076e-05,1.355286e-05,8.442373e-06,2.214157e-05,2.729366e-05,9.422441e-06,3.135673e-06,9.550379e-06,6.271064e-06,4.895306e-06,2.515672e-06,4.903069e-06,4.459450e-06,5.258274e-06,1.375679e-05,5.870841e-06
1.806641,1.021170e-04,2.096369e-05,1.204333e-05,5.229438e-05,4.295588e-05,1.946874e-05,2.506625e-05,3.165125e-05,8.207652e-06,8.009859e-06,1.018093e-05,1.397458e-05,2.107380e-05,1.993587e-05,1.586398e-05,6.071721e-06,4.921533e-06,5.370512e-06,3.123938e-06,2.098862e-06,3.416843e-06,2.047952e-06,6.511717e-06,1.305592e-05,6.721168e-06
1.855469,9.427152e-05,2.759572e-05,1.392010e-05,7.346256e-05,4.066845e-05,1.335123e-05,2.710965e-05,3.272207e-05,7.982947e-06,1.030219e-05,8.873830e-06,1.655025e-05,2.248960e-05,2.070185e-05,2.600618e-05,7.168383e-06,2.446855e-06,2.944100e-06,1.552694e-06,2.173865e-06,8.326329e-06,7.928753e-06,4.246726e-06,8.707303e-06,3.694097e-06
1.904297,8.184263e-05,3.478457e-05,1.696426e-05,7.447782e-05,3.661056e-05,2.409716e-05,3.164394e-05,2.971817e-05,8.646772e-06,1.237697e-05,7.814183e-06,2.016147e-05,2.291849e-05,2.787825e-05,3.228227e-05,8.871593e-06,4.721316e-06,1.176436e-05,5.020403e-06,4.966094e-06,5.740894e-06,3.634840e-06,1.879225e-06,7.987729e-06,1.109618e-05
1.953125,6.802094e-05,4.096628e-05,2.049683e-05,5.706064e-05,3.163471e-05,4.209881e-05,3.185447e-05,2.677706e-05,9.795713e-06,1.074829e-05,5.180257e-06,2.870031e-05,2.055703e-05,2.438370e-05,3.096880e-05,9.279774e-06,8.092656e-06,1.276284e-05,6.340739e-06,6.028315e-06,3.155569e-06,3.597546e-06,2.482008e-06,9.617797e-06,6.028077e-06
2.001953,5.651122e-05,4.459263e-05,2.524486e-05,3.179443e-05,2.621923e-05,6.058537e-05,2.249095e-05,2.417246e-05,1.178810e-05,9.004562e-06,1.355954e-05,2.951190e-05,1.867433e-05,2.406001e-05,1.650351e-05,9.261782e-06,8.898524e-06,2.155354e-06,5.117381e-06,3.787989e-06,2.741101e-06,6.319884e-06,7.561499e-07,1.131486e-05,9.143080e-07
2.050781,5.301335e-05,4.458392e-05,2.967625e-05,1.612372e-05,2.121943e-05,6.981129e-05,8.689945e-06,1.832333e-05,1.509254e-05,6.495193e-06,2.140189e-05,2.656728e-05,1.815124e-05,3.993982e-05,2.383936e-05,7.366450e-06,7.755355e-06,9.862077e-06,3.820720e-06,7.519473e-06,1.243779e-06,5.423026e-06,2.305942e-06,1.044711e-05,2.906638e-06
2.099609,6.047186e-05,4.082375e-05,3.125584e-05,1.418956e-05,1.782243e-05,6.364825e-05,6.165176e-06,7.334555e-06,1.853168e-05,3.879937e-06,2.487281e-05,2.401293e-05,1.710172e-05,4.032095e-05,2.425302e-05,9.480712e-06,1.054490e-05,1.246625e-05,4.574564e-06,1.133199e-05,2.882320e-06,4.991574e-06,5.425812e-06,9.366595e-06,1.428007e-05
2.148438,7.354862e-05,3.454111e-05,2.879779e-05,1.965080e-05,1.619966e-05,4.534370e-05,8.541759e-06,7.947078e-06,2.015301e-05,1.187011e-05,2.747762e-05,2.597863e-05,1.179840e-05,3.284734e-05,1.311119e-05,8.295289e-06,1.240969e-05,1.617080e-05,3.403483e-06,1.215662e-05,4.097185e-06,2.149474e-06,5.878999e-06,1.540128e-05,6.542427e-06
2.197266,8.519634e-05,2.790311e-05,2.328980e-05,4.845715e-05,1.492720e-05,3.305894e-05,1.874727e-05,1.238965e-05,1.988894e-05,1.375658e-05,2.281705e-05,2.464053e-05,1.022217e-06,2.698207e-05,1.310143e-05,9.479637e-06,1.090484e-05,1.962841e-05,7.225115e-06,1.310574e-05,2.971864e-06,2.310819e-06,5.580446e-06,1.047557e-05,4.092128e-06
2.246094,9.158786e-05,2.253177e-05,1.767750e-05,8.348459e-05,1.204372e-05,3.942789e-05,2.869436e-05,3.004981e-06,1.969817e-05,1.148615e-05,1.016470e-05,1.632947e-05,1.212022e-05,2.330569e-05,1.911036e-05,1.026321e-05,1.341539e-05,1.324972e-05,9.487596e-06,1.634382e-05,4.067438e-06,5.341002e-07,1.549955e-06,5.459069e-06,3.418013e-06
2.294922,9.245863e-05,1.863539e-05,1.617936e-05,1.093150e-04,7.844195e-06,4.104056e-05,2.862434e-05,1.646129e-05,1.972926e-05,1.355746e-05,5.530654e-06,8.952896e-06,2.109893e-05,2.038158e-05,2.471713e-05,1.349851e-05,1.229994e-05,3.165914e-06,2.977885e-06,1.310562e-05,1.497217e-06,1.980322e-06,3.729960e-06,1.754591e-05,5.709578e-06
2.343750,9.020319e-05,1.695977e-05,2.128309e-05,1.170905e-04,1.067660e-05,2.738953e-05,2.149602e-05,3.424730e-05,1.884245e-05,1.709603e-05,6.356193e-06,1.848211e-06,2.545323e-05,1.633361e-05,3.395406e-05,1.135121e-05,1.222223e-05,1.150532e-05,3.509297e-06,1.221602e-05,3.736280e-06,3.277744e-06,3.477914e-06,1.945717e-05,2.464898e-06
2.392578,8.745589e-05,1.879259e-05,3.139578e-05,1.044321e-04,1.873760e-05,1.230544e-05,1.593837e-05,4.178160e-05,2.003797e-05,2.478197e-05,1.232637e-05,1.159878e-05,2.415826e-05,1.930191e-05,4.015312e-05,7.075641e-07,1.054810e-05,8.177874e-06,6.482889e-06,1.027074e-05,4.732985e-06,4.185292e-06,4.904718e-07,7.182330e-06,6.920013e-06
2.441406,8.406144e-05,2.119153e-05,4.332031e-05,7.464131e-05,2.344282e-05,2.725200e-05,9.146441e-06,3.931170e-05,2.698043e-05,2.990563e-05,1.865230e-05,1.686554e-05,2.051086e-05,1.822732e-05,3.433550e-05,1.370208e-05,1.119965e-05,1.015932e-05,1.040808e-05,7.737851e-06,3.903607e-06,5.109255e-06,3.515575e-06,1.615223e-05,7.933144e-06
2.490234,7.695498e-05,1.903879e-05,5.294857e-05,4.026566e-05,2.193673e-05,3.922854e-05,1.586621e-05,3.212171e-05,3.488679e-05,2.800367e-05,1.965878e-05,8.961961e-06,1.831793e-05,1.539787e-05,2.893156e-05,1.775573e-05,8.048847e-06,5.000953e-06,9.891569e-06,4.568894e-06,5.760390e-06,4.325298e-06,3.222195e-06,1.594716e-05,7.019996e-06
2.539062,6.356458e-05,9.294339e-06,5.675129e-05,3.735623e-05,1.684322e-05,4.039137e-05,3.875673e-05,2.608770e-05,3.561790e-05,3.191599e-05,2.034095e-05,2.613683e-06,1.677969e-05,1.478088e-05,2.875883e-05,1.545704e-05,7.573099e-06,1.576874e-05,9.667332e-06,6.699032e-06,6.777141e-06,2.923216e-06,3.122732e-06,7.377017e-06,1.650950e-05
2.587891,4.570696e-05,8.771736e-06,5.406295e-05,5.656936e-05,1.566052e-05,3.624986e-05,5.954738e-05,2.574716e-05,2.551305e-05,4.367094e-05,2.859944e-05,9.637310e-06,1.548649e-05,8.654862e-06,3.831401e-05,9.192504e-06,1.204952e-05,1.338757e-05,4.200250e-07,1.212650e-05,5.650186e-06,3.952717e-06,6.525611e-06,2.099221e-05,1.405019e-05
2.636719,3.430388e-05,3.081428e-05,4.793264e-05,6.397614e-05,1.806304e-05,3.525254e-05,7.259887e-05,3.067351e-05,1.043751e-05,5.199027e-05,3.571449e-05,1.946773e-05,1.413691e-05,6.637091e-06,5.108292e-05,6.054902e-06,1.066996e-05,1.073227e-05,1.034455e-05,5.239171e-06,5.558967e-06,4.264253e-06,2.523009e-06,1.791297e-05,2.338327e-06
2.685547,4.242623e-05,5.321519e-05,4.238547e-05,6.533491e-05,1.676129e-05,4.338213e-05,7.766096e-05,3.581667e-05,1.049704e-05,5.626882e-05,2.831734e-05,3.262646e-05,1.370304e-05,7.843387e-06,5.846398e-05,8.785027e-06,1.098778e-05,9.662538e-06,1.007573e-05,4.423464e-06,3.832423e-06,2.106727e-06,1.786501e-06,8.330679e-06,2.954991e-06
2.734375,5.691302e-05,7.193991e-05,3.744733e-05,7.389804e-05,1.217434e-05,5.896022e-05,7.623605e-05,3.220788e-05,1.332479e-05,5.792979e-05,1.048682e-05,3.941719e-05,1.495864e-05,8.573900e-06,5.248888e-05,7.381878e-06,1.161581e-05,8.415326e-06,8.911145e-06,1.282619e-05,5.019827e-06,6.349835e-06,1.140871e-06,9.195539e-06,7.270484e-06
2.783203,6.420544e-05,8.545570e-05,3.062305e-05,8.271058e-05,1.407731e-05,7.334836e-05,6.923756e-05,2.597338e-05,8.024325e-06,5.504996e-05,1.588140e-05,4.489114e-05,1.837994e-05,1.371560e-05,3.586502e-05,7.084599e-06,1.317339e-05,1.858324e-05,6.262190e-06,6.122784e-06,3.306265e-06,8.917890e-06,2.038603e-06,1.299897e-05,7.559007e-06
2.832031,6.044236e-05,9.463287e-05,2.498278e-05,8.090913e-05,2.123741e-05,7.569525e-05,5.764090e-05,3.600070e-05,2.028691e-06,5.013163e-05,2.301707e-05,4.245839e-05,1.366133e-05,2.725721e-05,3.210363e-05,9.545579e-06,1.259988e-05,2.799557e-05,5.011437e-06,4.705755e-06,4.019560e-06,7.755493e-06,5.312876e-07,1.299807e-05,5.829342e-06
2.880859,4.786070e-05,1.012016e-04,2.804329e-05,7.200749e-05,2.534391e-05,5.978428e-05,4.470536e-05,3.967834e-05,5.338012e-06,4.688746e-05,1.760886e-05,2.530999e-05,9.050366e-06,2.913847e-05,4.079310e-05,1.052212e-05,8.950411e-06,2.403048e-05,2.101358e-06,1.097366e-05,6.105875e-06,2.616490e-06,1.901638e-06,2.509214e-06,2.856750e-06
2.929688,3.402377e-05,1.060927e-04,3.479006e-05,6.594214e-05,2.532059e-05,3.014309e-05,3.663011e-05,2.923166e-05,7.408692e-06,4.361063e-05,3.471584e-06,1.140113e-05,7.185303e-06,1.529870e-05,4.216966e-05,6.960834e-06,8.331888e-06,2.706889e-05,4.331506e-06,4.652199e-06,3.237358e-06,2.211567e-06,1.839232e-06,1.599899e-05,5.876728e-06
2.978516,2.902738e-05,1.090953e-04,3.662046e-05,6.323925e-05,2.395652e-05,1.969669e-05,3.595204e-05,3.304163e-05,9.772835e-06,3.776647e-05,1.104181e-05,5.021920e-06,1.411778e-05,2.372457e-07,3.470406e-05,3.654851e-06,8.773681e-06,2.369674e-05,4.164460e-06,3.366167e-06,3.158651e-06,4.980832e-06,4.891558e-07,1.786843e-05,7.171485e-06
3.027344,3.098027e-05,1.092851e-04,3.254217e-05,5.995995e-05,2.318904e-05,4.458761e-05,3.611100e-05,4.439098e-05,1.259829e-05,2.867657e-05,1.890158e-05,7.500853e-06,1.842618e-05,1.302151e-05,1.876896e-05,4.058416e-06,9.687922e-06,2.162498e-05,7.268112e-06,1.194598e-05,2.006485e-06,1.242898e-06,3.335754e-06,1.072360e-05,5.433731e-06
3.076172,2.916411e-05,1.055155e-04,2.787014e-05,5.935113e-05,2.151439e-05,6.013160e-05,3.226663e-05,4.381765e-05,1.258446e-05,1.789367e-05,2.366303e-05,8.843237e-06,1.108641e-05,2.651990e-05,1.480147e-05,1.152350e-05,5.701848e-06,8.922067e-06,6.018455e-06,7.116775e-06,1.328333e-06,3.386358e-06,5.283338e-06,1.317044e-05,5.132692e-06
3.125000,2.047157e-05,9.805910e-05,2.834885e-05,6.651951e-05,1.715728e-05,6.097033e-05,2.578317e-05,4.113524e-05,7.726276e-06,8.876744e-06,3.065858e-05,2.050397e-05,5.163694e-06,2.633404e-05,2.594902e-05,1.368536e-05,3.798386e-06,1.559731e-05,3.284885e-06,9.069017e-06,5.026050e-06,1.778460e-06,9.534259e-07,8.117190e-06,3.502354e-06
3.173828,1.169442e-05,9.108505e-05,3.219669e-05,8.000880e-05,1.057802e-05,4.961286e-05,1.952336e-05,4.567505e-05,2.251297e-06,2.275669e-05,3.593490e-05,2.350653e-05,1.361312e-05,2.778124e-05,2.861341e-05,1.633458e-05,6.060598e-06,2.398507e-05,6.455722e-07,1.053260e-05,7.347978e-06,3.151979e-06,4.606867e-06,1.939864e-05,1.054868e-05
3.222656,2.117796e-05,9.084441e-05,3.522330e-05,9.136362e-05,3.997586e-06,3.475967e-05,1.361017e-05,5.426405e-05,9.794607e-06,3.364313e-05,3.410796e-05,1.432508e-05,3.270988e-05,3.071411e-05,2.212229e-05,1.562266e-05,2.441158e-06,2.717640e-05,2.016711e-06,5.315918e-06,2.231088e-06,6.264660e-06,5.171952e-06,1.877406e-05,9.255592e-06
3.271484,3.680303e-05,9.655090e-05,3.566623e-05,8.962272e-05,3.857907e-06,3.771561e-05,7.567946e-06,6.246369e-05,1.918751e-05,2.706891e-05,3.363779e-05,1.973483e-05,4.560769e-05,2.417570e-05,9.600623e-06,3.066120e-06,3.923246e-06,2.361734e-05,5.274688e-06,5.993912e-06,3.552034e-06,3.396311e-06,4.904757e-06,1.269430e-05,1.101820e-05
3.320312,4.931825e-05,9.922480e-05,3.253761e-05,6.984165e-05,7.743923e-06,5.955584e-05,3.028652e-06,6.272122e-05,2.357667e-05,1.011112e-05,4.161313e-05,3.344582e-05,4.830056e-05,8.884806e-06,1.029638e-05,4.371456e-06,7.128011e-06,2.600465e-05,1.017255e-05,1.522755e-06,4.231245e-06,2.533606e-06,1.715039e-06,4.257696e-06,1.033932e-05
3.369141,5.645464e-05,9.266585e-05,2.536394e-05,4.581038e-05,1.093028e-05,7.692306e-05,7.063311e-06,5.112362e-05,1.831845e-05,7.221399e-06,3.908636e-05,3.471431e-05,2.695253e-05,1.492551e-05,2.108135e-05,1.000851e-05,2.794654e-06,2.926548e-05,6.132077e-06,1.246153e-05,7.032861e-06,2.169672e-06,3.390992e-06,9.197785e-06,9.230526e-06
3.417969,5.978484e-05,8.128639e-05,1.506030e-05,5.813395e-05,1.374979e-05,7.990015e-05,2.045388e-05,3.101464e-05,1.777903e-05,2.214793e-05,2.388660e-05,2.314303e-05,2.397686e-05,1.936079e-05,1.652121e-05,1.106286e-05,5.892453e-06,1.678364e-05,3.891156e-06,1.473713e-05,5.372350e-06,2.331132e-06,4.091806e-07,2.185436e-05,7.147806e-06
3.466797,6.448321e-05,7.931529e-05,3.652402e-06,8.992650e-05,1.604589e-05,7.577532e-05,3.754786e-05,7.984282e-06,3.095912e-05,3.419437e-05,1.540627e-05,3.079643e-05,3.589886e-05,5.554118e-06,2.548199e-05,1.301147e-05,6.421779e-06,2.799097e-05,5.628494e-07,4.316702e-06,3.016102e-06,5.907172e-06,5.739458e-06,1.184540e-05,5.417334e-06
3.515625,7.316638e-05,9.177615e-05,6.773370e-06,1.097784e-04,1.691920e-05,7.821090e-05,5.008088e-05,1.444770e-05,4.025317e-05,3.408140e-05,1.122318e-05,4.191432e-05,4.467879e-05,1.216767e-05,2.292700e-05,1.725998e-05,2.056024e-06,2.328047e-05,5.783968e-06,6.091380e-06,7.832277e-07,5.700688e-06,3.008225e-06,2.151995e-05,1.034828e-05
3.564453,8.056543e-05,1.050176e-04,1.437740e-05,1.104641e-04,1.576278e-05,8.305143e-05,5.168031e-05,2.726849e-05,4.460624e-05,2.500035e-05,9.398730e-06,4.068650e-05,4.069781e-05,2.806410e-05,7.525003e-06,2.397887e-05,5.864946e-06,2.022111e-05,6.870911e-06,1.335747e-05,5.464818e-06,3.145832e-06,2.170468e-06,1.723483e-05,8.114625e-06
3.613281,7.954739e-05,1.067305e-04,1.772656e-05,9.372593e-05,1.339844e-05,7.935214e-05,4.375935e-05,2.671464e-05,4.639067e-05,1.387405e-05,1.220543e-05,4.558896e-05,2.196016e-05,3.360871e-05,1.748059e-05,2.340551e-05,9.811725e-06,1.582655e-05,5.209009e-06,1.953126e-05,2.025597e-06,6.480472e-06,2.327057e-06,2.406909e-06,3.725874e-06
3.662109,6.966417e-05,9.319816e-05,1.826581e-05,6.505428e-05,1.190550e-05,6.610707e-05,3.470170e-05,1.526105e-05,4.517113e-05,2.497435e-05,4.976974e-06,4.644044e-05,2.986529e-05,2.811038e-05,2.428492e-05,1.585476e-05,6.480857e-06,8.857837e-06,3.355658e-06,1.527945e-05,2.383478e-06,3.985041e-06,4.911322e-06,9.741727e-06,8.970042e-06
3.710938,6.250465e-05,6.683341e-05,2.352817e-05,3.773791e-05,1.234989e-05,4.767362e-05,3.658253e-05,6.166940e-06,4.250300e-05,4.453856e-05,9.326630e-06,3.927756e-05,2.431142e-05,2.107549e-05,2.629893e-05,9.028522e-06,3.272341e-06,9.664912e-06,4.427958e-06,3.079204e-06,8.495692e-06,5.094213e-06,5.520751e-06,2.012904e-05,2.439655e-06
3.759766,7.277208e-05,3.569621e-05,3.525461e-05,4.673072e-05,1.399606e-05,3.328895e-05,5.467015e-05,1.357434e-05,4.097026e-05,4.714610e-05,1.728754e-05,3.325547e-05,7.171338e-06,1.907767e-05,3.420466e-05,1.670909e-05,1.212868e-06,2.032864e-05,7.693834e-06,3.512292e-06,6.376322e-06,4.866914e-06,6.574848e-06,1.718727e-05,4.626949e-06
3.808594,9.296242e-05,3.499548e-05,4.477466e-05,7.817831e-05,1.582611e-05,3.386166e-05,7.403593e-05,1.755928e-05,4.259934e-05,4.148375e-05,1.692396e-05,2.952249e-05,2.075622e-05,1.960979e-05,3.202239e-05,1.507504e-05,7.425103e-06,2.002052e-05,2.686000e-06,6.785104e-06,2.315921e-06,3.666699e-06,5.942366e-06,2.050358e-05,6.351305e-06
3.857422,1.084215e-04,7.245197e-05,4.447738e-05,1.047958e-04,1.612420e-05,3.628410e-05,7.910710e-05,1.679432e-05,3.885659e-05,4.662930e-05,1.140861e-05,3.951899e-05,4.189489e-05,2.360824e-05,3.133179e-05,5.122100e-06,1.044546e-05,1.268185e-05,3.434946e-06,8.224174e-06,2.707677e-06,2.592613e-06,2.331489e-06,2.179953e-05,7.651231e-06
3.906250,1.134793e-04,1.117936e-04,3.181539e-05,1.209286e-04,1.328928e-05,2.917145e-05,6.927578e-05,1.374910e-05,1.986885e-05,4.697710e-05,8.810549e-06,3.677009e-05,5.819331e-05,1.553046e-05,3.181396e-05,1.316952e-05,1.114267e-05,1.215207e-05,4.055653e-06,9.215034e-06,5.635558e-06,4.694952e-06,5.545615e-06,1.341155e-05,2.010471e-06
3.955078,1.092726e-04,1.417962e-04,1.259411e-05,1.269882e-04,7.895926e-06,1.880711e-05,6.060409e-05,1.186978e-05,1.885112e-05,3.378193e-05,1.239618e-05,1.458792e-05,6.034855e-05,2.464575e-05,1.317132e-05,9.741848e-06,9.572756e-06,2.343145e-05,7.782851e-06,9.315052e-06,4.103284e-06,3.391389e-06,4.025020e-06,1.081791e-05,3.416819e-06
4.003906,9.958430e-05,1.561109e-04,2.364475e-05,1.246317e-04,4.098912e-06,1.900766e-05,6.111513e-05,1.234751e-05,4.133346e-05,1.819224e-05,1.656912e-05,2.363153e-05,5.153724e-05,3.411334e-05,7.326696e-06,1.464012e-05,1.031249e-05,2.592452e-05,5.530434e-06,5.809224e-06,5.650763e-06,5.287609e-06,1.363573e-06,1.873014e-05,4.239231e-06
4.052734,8.841581e-05,1.527090e-04,4.619729e-05,1.156466e-04,4.809305e-06,2.172144e-05,5.917735e-05,1.189608e-05,4.798979e-05,1.031378e-05,1.899112e-05,3.374165e-05,3.284999e-05,3.379840e-05,8.763715e-06,1.852321e-05,1.047398e-05,2.264111e-05,3.294887e-06,5.372959e-06,7.249137e-06,4.219130e-06,5.871553e-06,1.332937e-05,3.020798e-06
4.101562,7.947621e-05,1.352655e-04,6.075987e-05,1.019559e-04,3.678796e-06,1.499814e-05,5.099531e-05,1.042871e-05,4.462099e-05,1.332709e-05,1.710600e-05,2.667562e-05,1.982845e-05,3.417305e-05,1.054043e-05,2.189872e-05,9.031680e-06,1.811247e-05,4.364324e-06,1.407746e-05,5.676300e-06,2.124018e-06,7.305043e-06,1.185420e-05,5.070599e-06
4.150391,7.585277e-05,1.137339e-04,6.395781e-05,8.554340e-05,1.390503e-06,2.822573e-06,4.008955e-05,1.168026e-05,3.824655e-05,2.617269e-05,2.010956e-05,1.087715e-05,2.229236e-05,2.494793e-05,6.615370e-06,2.695319e-05,6.693411e-06,6.912012e-06,5.387141e-06,1.223875e-05,2.439641e-06,3.882212e-07,1.957575e-06,1.299978e-05,4.822495e-06
4.199219,7.725699e-05,9.875691e-05,5.654535e-05,6.775262e-05,3.662208e-06,2.461987e-05,2.996920e-05,1.718258e-05,2.604203e-05,3.482317e-05,3.410080e-05,3.637814e-06,1.714769e-05,1.466321e-05,8.228727e-06,2.781600e-05,5.007836e-06,9.090694e-06,4.709814e-06,7.552136e-06,1.673513e-06,2.800007e-06,4.361058e-06,9.165375e-06,6.464939e-06
4.248047,8.049018e-05,9.106900e-05,4.476516e-05,4.968841e-05,6.293355e-06,4.376028e-05,3.058223e-05,2.602591e-05,1.296105e-05,3.621762e-05,4.500733e-05,5.578015e-06,1.726409e-05,1.095612e-05,6.059086e-06,2.176666e-05,3.107923e-06,1.901130e-05,4.716871e-06,3.973951e-06,3.681160e-06,3.538808e-06,2.447766e-06,8.314210e-06,6.565100e-06
4.296875,8.270606e-05,8.271425e-05,4.250769e-05,3.081036e-05,1.234079e-05,5.345389e-05,3.760707e-05,3.312291e-05,1.017741e-05,4.018346e-05,4.633468e-05,2.148125e-05,2.022284e-05,1.059446e-05,8.617481e-06,1.585987e-05,3.542450e-06,1.170343e-05,2.492188e-06,7.992591e-06,3.355807e-06,5.240339e-06,2.225382e-06,1.186512e-05,3.972844e-06
4.345703,8.160183e-05,7.159505e-05,5.461199e-05,8.911950e-06,2.041129e-05,5.212667e-05,3.869141e-05,3.281594e-05,1.032818e-05,4.962823e-05,4.020138e-05,3.746632e-05,1.790923e-05,1.898156e-05,1.217414e-05,9.423733e-06,2.879943e-06,6.159460e-06,3.424493e-06,7.268222e-06,4.711612e-06,1.218322e-06,3.191217e-06,1.546733e-05,5.979000e-06
4.394531,7.433000e-05,6.506202e-05,6.803417e-05,2.089257e-05,2.566170e-05,4.322051e-05,3.568077e-05,2.355283e-05,1.287516e-05,5.485553e-05,3.413777e-05,4.449536e-05,2.718073e-05,2.113946e-05,1.758568e-05,9.359807e-06,1.010136e-05,1.815761e-05,4.202319e-06,3.813398e-06,7.835996e-06,3.124979e-06,2.879997e-06,3.281847e-06,3.946637e-06
4.443359,5.904581e-05,6.543100e-05,7.479978e-05,4.589615e-05,2.515524e-05,3.121664e-05,3.377920e-05,7.890062e-06,2.391666e-05,5.083383e-05,3.644422e-05,3.849264e-05,2.341491e-05,1.266708e-05,2.865182e-05,7.845879e-06,1.074323e-05,2.687254e-05,8.230474e-06,5.145298e-06,5.819051e-06,5.662134e-06,2.938712e-06,7.270069e-06,1.302731e-06
4.492188,3.836586e-05,6.204511e-05,7.513291e-05,5.914680e-05,2.039059e-05,1.639917e-05,3.152272e-05,1.173512e-05,3.146599e-05,3.943629e-05,4.079994e-05,2.634202e-05,1.910206e-05,1.357417e-05,3.214132e-05,5.407428e-06,7.386469e-06,3.076222e-05,1.024346e-05,2.439323e-06,1.859655e-06,3.764246e-06,2.179491e-06,2.328599e-05,1.065326e-06
4.541016,2.454524e-05,4.726344e-05,7.400453e-05,5.555949e-05,1.748894e-05,7.245878e-06,2.796954e-05,2.790398e-05,3.035485e-05,2.809930e-05,3.895268e-05,2.257786e-05,1.158561e-05,6.529544e-06,3.191085e-05,1.564292e-05,6.214496e-06,2.887463e-05,6.648758e-06,9.221591e-06,5.742982e-06,1.489773e-06,1.308320e-06,4.314051e-05,2.551143e-06
4.589844,3.103302e-05,2.873887e-05,7.719017e-05,4.205063e-05,1.959074e-05,2.303909e-05,2.453471e-05,3.799314e-05,3.159850e-05,3.294011e-05,3.410653e-05,1.709012e-05,1.028414e-05,2.575076e-05,3.099244e-05,2.675718e-05,4.214347e-06,2.400126e-05,3.129797e-06,7.157172e-06,1.118965e-06,3.574448e-06,1.521986e-06,4.911155e-05,4.048996e-06
4.638672,3.971866e-05,3.344212e-05,8.626735e-05,3.778223e-05,2.169645e-05,3.431849e-05,2.303681e-05,4.326626e-05,3.484154e-05,4.580153e-05,2.918313e-05,8.979977e-06,2.654146e-05,3.896897e-05,2.073709e-05,2.939477e-05,1.292953e-06,1.537195e-05,7.779539e-06,3.963268e-06,8.630535e-06,3.804647e-06,3.220272e-06,4.705502e-05,4.722143e-06
4.687500,4.180218e-05,4.797116e-05,9.680146e-05,4.565603e-05,2.109658e-05,4.436808e-05,2.564867e-05,4.797654e-05,3.023421e-05,5.025903e-05,2.181240e-05,1.371752e-05,3.079287e-05,3.296494e-05,2.648843e-05,1.888414e-05,4.652635e-06,1.409484e-05,5.606368e-06,3.174118e-06,8.190178e-06,2.137801e-06,5.208832e-06,2.500178e-05,7.067910e-06
4.736328,4.331460e-05,4.826000e-05,1.022979e-04,4.833119e-05,1.878605e-05,5.858009e-05,2.878335e-05,4.982490e-05,2.571584e-05,4.611371e-05,1.487924e-05,2.626843e-05,2.582888e-05,2.362152e-05,6.237629e-05,1.037675e-05,5.648673e-06,5.343577e-06,7.594987e-06,2.512014e-06,1.205459e-05,1.732883e-06,4.011115e-06,2.098695e-05,4.781753e-06
4.785156,5.152680e-05,3.152107e-05,9.897903e-05,4.010366e-05,1.641329e-05,6.737186e-05,2.830636e-05,4.419688e-05,2.477152e-05,3.934357e-05,1.013062e-05,3.329176e-05,2.604139e-05,1.319779e-05,7.173262e-05,8.217871e-06,5.817571e-06,1.023020e-05,3.515283e-06,4.005677e-06,9.032572e-06,3.391329e-06,4.070929e-06,2.982931e-05,4.628523e-06
4.833984,6.221123e-05,1.816903e-05,8.816999e-05,2.443310e-05,1.469065e-05,6.312878e-05,2.441699e-05,3.215500e-05,1.826590e-05,3.659752e-05,3.928747e-06,3.256727e-05,2.969764e-05,2.271898e-06,4.487194e-05,1.019976e-05,5.346421e-06,9.521865e-06,8.815275e-06,1.301038e-06,3.293544e-06,2.829949e-06,3.793236e-06,1.045335e-05,6.270997e-06
4.882812,6.718415e-05,4.100158e-05,7.528405e-05,1.508254e-05,1.367149e-05,5.071935e-05,1.824373e-05,1.789194e-05,1.385024e-05,4.021421e-05,2.850833e-06,4.817607e-05,2.502276e-05,4.595741e-06,1.904242e-05,1.602703e-05,2.597052e-06,2.346758e-05,8.706383e-06,6.017490e-06,8.390419e-07,3.231187e-06,3.389494e-06,2.596019e-06,7.113479e-06
4.931641,6.281808e-05,6.107665e-05,6.525012e-05,2.791547e-05,1.395611e-05,3.731237e-05,1.180005e-05,6.928427e-06,1.887228e-05,4.472444e-05,1.161299e-05,5.237802e-05,1.821184e-05,5.940286e-06,2.049351e-05,1.849407e-05,6.532264e-07,2.396639e-05,5.152213e-06,6.559736e-06,3.100824e-06,1.052399e-06,6.135544e-06,1.177376e-05,9.428251e-06
4.980469,5.047135e-05,6.536340e-05,5.855653e-05,4.069566e-05,1.663792e-05,2.368575e-05,1.180075e-05,2.470565e-06,2.124049e-05,5.047499e-05,2.362049e-05,3.515154e-05,1.291105e-05,1.020048e-05,1.714689e-05,7.823156e-06,3.043357e-06,2.770422e-05,5.142755e-06,4.209659e-06,1.329286e-06,2.717287e-06,5.764205e-06,1.173089e-05,3.394645e-06
5.029297,3.456755e-05,5.527793e-05,5.438883e-05,4.689832e-05,2.088738e-05,1.978072e-05,1.564096e-05,9.385338e-06,1.978721e-05,5.760583e-05,3.494449e-05,4.057841e-05,1.315967e-05,2.379807e-05,1.940408e-05,8.696949e-06,5.389241e-06,2.017772e-05,7.164774e-06,4.595604e-06,2.284470e-07,4.097443e-06,5.040129e-06,1.225505e-05,2.310304e-06
5.078125,2.047763e-05,4.262500e-05,5.527244e-05,5.341376e-05,2.445232e-05,2.928199e-05,1.696795e-05,2.418263e-05,1.781769e-05,5.929337e-05,4.415058e-05,5.214627e-05,7.003035e-06,2.703412e-05,3.777445e-05,1.774502e-05,5.750526e-06,7.274231e-06,6.664366e-06,9.980642e-06,1.232191e-06,3.387960e-06,2.138919e-06,6.179379e-06,5.635989e-06
5.126953,1.512581e-05,4.285944e-05,6.355114e-05,6.881019e-05,2.611702e-05,3.714345e-05,1.705740e-05,3.325095e-05,1.717653e-05,4.805419e-05,5.199305e-05,4.129829e-05,2.131094e-05,2.657543e-05,2.203016e-05,2.050866e-05,4.835117e-06,2.828936e-05,7.810102e-06,1.208470e-05,4.150420e-06,4.628161e-06,5.680104e-07,2.133589e-05,2.971153e-06
5.175781,2.355409e-05,5.036933e-05,7.667495e-05,8.781487e-05,2.614197e-05,4.563119e-05,1.816365e-05,3.473217e-05,1.796148e-05,2.427324e-05,5.827431e-05,2.439419e-05,3.338021e-05,2.291501e-05,6.313626e-06,2.409009e-05,3.128604e-06,1.728043e-05,6.870318e-06,1.025030e-05,8.575972e-06,3.191854e-06,4.201503e-06,1.390836e-05,5.208230e-06
5.224609,3.940648e-05,5.251567e-05,9.008561e-05,9.896523e-05,2.501271e-05,5.805458e-05,1.999389e-05,3.547344e-05,1.889526e-05,1.686205e-05,6.029161e-05,1.330051e-05,2.670537e-05,3.045401e-05,1.541519e-05,1.480766e-05,1.648921e-06,2.243839e-05,6.411301e-06,1.255921e-05,6.055247e-06,3.334049e-06,2.307478e-06,1.000754e-05,3.820918e-06
5.273438,5.793036e-05,5.182087e-05,1.000199e-04,9.641749e-05,2.268047e-05,7.125577e-05,2.104104e-05,3.303983e-05,1.805163e-05,3.096136e-05,5.402985e-05,7.208092e-06,1.622768e-05,4.226981e-05,1.706200e-05,7.205979e-06,2.863764e-06,2.982556e-05,8.090698e-06,4.918351e-06,4.439893e-06,3.635582e-06,2.283705e-06,1.979592e-06,7.375535e-06
5.322266,7.538540e-05,6.132779e-05,1.040174e-04,8.364487e-05,1.951632e-05,7.973771e-05,1.873551e-05,2.255106e-05,1.511858e-05,3.099781e-05,4.100248e-05,1.563461e-05,2.255461e-05,2.807132e-05,1.418591e-05,5.287171e-06,4.703271e-06,1.070967e-05,5.395189e-06,1.112690e-05,2.759072e-06,2.630499e-06,2.950597e-06,6.211874e-06,8.110875e-06
5.371094,8.883589e-05,8.127220e-05,1.014042e-04,7.024721e-05,1.686436e-05,7.579720e-05,1.262120e-05,1.033557e-05,1.487026e-05,1.807455e-05,2.592549e-05,7.171066e-06,2.691475e-05,1.665726e-05,1.829222e-05,1.764737e-05,5.974107e-06,7.293977e-06,4.528955e-06,6.701562e-06,3.280754e-06,1.207737e-06,3.196860e-06,1.474493e-05,4.133029e-06
5.419922,9.723583e-05,9.766182e-05,9.350322e-05,6.026159e-05,1.524553e-05,5.558064e-05,1.031033e-05,3.609840e-06,2.008396e-05,9.929203e-07,2.057322e-05,9.813193e-06,3.545495e-05,2.396464e-05,3.814200e-05,1.657835e-05,5.934859e-06,5.646230e-06,9.372915e-06,1.713241e-06,9.730759e-07,2.735751e-06,5.484574e-06,2.734225e-05,1.744278e-06
5.468750,1.014202e-04,9.914020e-05,8.288053e-05,4.741371e-05,1.316652e-05,2.573126e-05,1.602319e-05,4.057544e-06,2.618134e-05,1.539521e-05,3.431661e-05,1.184234e-06,3.728132e-05,2.073414e-05,4.596679e-05,8.474219e-06,1.591369e-06,7.003318e-06,7.390643e-06,5.114970e-06,2.778106e-06,2.512438e-06,4.475797e-06,1.073288e-05,4.804353e-06
5.517578,1.028178e-04,8.166290e-05,7.189998e-05,2.879142e-05,9.289645e-06,6.797252e-06,2.048452e-05,1.287097e-05,3.530089e-05,1.748929e-05,4.336126e-05,1.914575e-05,3.410301e-05,2.211000e-05,4.857440e-05,6.898420e-06,4.548320e-06,1.722165e-05,6.763421e-06,8.527478e-06,8.385727e-07,1.140443e-06,3.324007e-06,9.375277e-06,3.793355e-06
5.566406,1.019358e-04,4.942022e-05,6.151602e-05,1.295963e-05,3.836355e-06,1.868739e-05,2.298353e-05,1.605093e-05,4.656988e-05,2.406220e-05,4.129915e-05,2.636107e-05,2.665092e-05,1.924720e-05,5.020345e-05,3.027706e-06,4.210412e-06,2.518282e-05,7.549268e-06,3.376407e-06,2.526234e-06,1.098874e-06,2.989577e-06,8.344752e-06,1.303433e-06
5.615234,9.815791e-05,2.162421e-05,5.118819e-05,1.130988e-05,2.189368e-06,2.487449e-05,2.962734e-05,1.067181e-05,5.024504e-05,3.871373e-05,3.314092e-05,3.483556e-05,1.228078e-05,1.253433e-05,4.825645e-05,1.166303e-05,3.878189e-06,1.789138e-05,3.102073e-06,4.980196e-06,2.468880e-06,2.208878e-06,1.546979e-06,1.583827e-05,3.167738e-06
5.664062,9.107616e-05,4.056672e-05,4.005808e-05,1.407186e-05,7.316907e-06,2.913731e-05,4.283780e-05,2.825405e-06,4.246271e-05,4.344592e-05,2.803294e-05,3.731562e-05,1.618946e-05,2.685859e-05,4.090520e-05,9.381327e-06,2.493429e-06,1.742740e-05,6.496793e-06,7.866087e-06,3.931199e-06,2.518069e-06,3.603571e-07,2.587571e-05,4.734683e-06
5.712891,8.183194e-05,6.291144e-05,2.862379e-05,2.878713e-05,1.082798e-05,2.941576e-05,5.393362e-05,8.802705e-06,3.107615e-05,4.182480e-05,3.035680e-05,2.768809e-05,2.182336e-05,3.360657e-05,2.611721e-05,7.529496e-06,6.799945e-07,1.786498e-05,1.777471e-06,5.016447e-06,4.372101e-06,2.134904e-06,2.854041e-06,2.659585e-05,6.439483e-06
5.761719,7.268664e-05,7.145411e-05,2.029644e-05,4.956015e-05,1.217742e-05,2.498386e-05,5.317997e-05,1.292905e-05,2.838179e-05,4.352527e-05,2.856352e-05,1.495174e-05,9.795565e-06,2.322905e-05,1.589952e-05,8.725293e-06,1.631308e-06,7.088167e-06,6.403641e-06,6.397573e-06,1.910157e-06,1.789238e-06,1.023766e-06,5.416345e-07,4.170496e-06
5.810547,6.442951e-05,6.851258e-05,1.989570e-05,6.489694e-05,1.136387e-05,2.238398e-05,3.916334e-05,1.599927e-05,3.598846e-05,4.482354e-05,1.985181e-05,1.031975e-05,1.358146e-05,9.016434e-06,7.653741e-06,1.630014e-05,1.803864e-06,4.111524e-06,8.362380e-06,5.647050e-06,1.579889e-06,2.983294e-06,3.284961e-06,5.136520e-06,4.791951e-06
5.859375,5.466381e-05,6.022058e-05,2.414166e-05,7.050080e-05,8.971651e-06,2.120163e-05,2.225992e-05,2.066980e-05,4.147327e-05,3.673227e-05,1.307026e-05,1.623396e-05,2.238579e-05,1.807856e-05,2.359805e-05,2.260344e-05,6.474029e-07,8.714533e-06,9.953415e-06,6.369461e-06,5.278532e-06,2.024551e-06,2.476651e-06,3.140388e-05,3.112981e-06
5.908203,4.067811e-05,5.028021e-05,2.736858e-05,7.037965e-05,5.953943e-06,1.593399e-05,1.751776e-05,3.044773e-05,3.808757e-05,2.066672e-05,1.350854e-05,1.401832e-05,2.322029e-05,1.590486e-05,2.191265e-05,2.051946e-05,2.292701e-06,1.036903e-05,1.032110e-05,1.122942e-05,4.096696e-06,2.065401e-06,1.039959e-06,1.726048e-05,3.912929e-06
5.957031,2.539207e-05,4.006121e-05,2.902619e-05,7.255681e-05,3.138999e-06,1.367453e-05,1.596385e-05,3.999903e-05,3.186386e-05,1.845936e-05,1.819846e-05,1.127973e-05,2.400407e-05,7.261564e-06,3.862000e-05,2.242322e-05,2.265250e-06,1.110292e-05,7.935900e-06,6.814748e-06,4.035277e-06,2.779508e-06,4.917706e-07,2.530696e-05,5.969763e-06
6.005859,2.659944e-05,3.682999e-05,3.170808e-05,7.797601e-05,8.934536e-07,1.895501e-05,9.936274e-06,3.891921e-05,2.730066e-05,1.799497e-05,2.249153e-05,4.697776e-06,1.354589e-05,4.927033e-06,4.533942e-05,2.069920e-05,3.153976e-06,1.844569e-05,1.625736e-06,4.286085e-06,1.457526e-06,1.438591e-06,8.200643e-07,2.674563e-05,4.117480e-06
6.054688,4.474313e-05,4.723676e-05,3.745078e-05,7.798969e-05,1.006215e-06,1.981867e-05,9.320408e-06,2.545222e-05,2.157142e-05,9.945392e-06,2.194684e-05,1.347782e-05,4.444287e-06,2.183167e-05,3.916034e-05,7.419016e-06,3.367838e-06,1.401737e-05,4.227938e-06,6.187378e-06,2.152732e-06,3.091123e-06,1.551892e-06,9.171082e-06,1.859735e-06
6.103516,6.213732e-05,6.059769e-05,4.549835e-05,6.517991e-05,2.887736e-06,1.362959e-05,1.209668e-05,7.833336e-06,1.774211e-05,1.339758e-05,1.591493e-05,1.948304e-05,4.949588e-06,2.579372e-05,3.873817e-05,1.876157e-05,1.764732e-06,1.911805e-05,6.190801e-06,8.619594e-06,4.208011e-06,8.392581e-07,1.735904e-06,2.820636e-05,9.624377e-07
6.152344,7.327660e-05,6.634710e-05,5.448229e-05,4.014007e-05,5.225845e-06,4.930904e-06,1.282093e-05,4.673228e-06,1.307145e-05,1.703739e-05,8.586709e-06,2.085683e-05,3.129451e-06,1.551116e-05,4.253107e-05,1.499306e-05,3.647497e-06,1.662458e-05,3.879487e-06,9.063488e-06,4.007574e-06,1.391998e-06,2.264794e-06,2.602886e-05,3.996009e-06
6.201172,7.694638e-05,6.175809e-05,6.453837e-05,1.319918e-05,7.962647e-06,3.911106e-06,1.077279e-05,9.383655e-06,3.752736e-06,3.205063e-05,4.741954e-06,1.217168e-05,6.974574e-06,6.011046e-06,4.086917e-05,7.683063e-06,3.695890e-06,2.133233e-05,1.493736e-06,6.501477e-06,2.672240e-06,4.869927e-06,2.187213e-06,1.197086e-05,3.315344e-06
6.250000,7.295410e-05,5.010934e-05,7.651317e-05,2.377775e-05,1.071114e-05,7.047266e-06,5.412419e-06,8.408244e-06,7.290854e-06,4.169132e-05,4.748090e-06,1.024713e-05,1.143679e-05,1.055065e-06,2.817359e-05,1.202876e-05,4.124661e-06,1.443387e-05,2.598180e-06,4.061522e-06,4.322435e-07,5.177089e-06,1.344826e-06,6.346596e-06,4.752816e-06
6.298828,6.222255e-05,3.755541e-05,8.970087e-05,4.226068e-05,1.305061e-05,7.252983e-06,1.286913e-05,4.111226e-06,1.175211e-05,3.360671e-05,7.710335e-06,1.222911e-05,2.014378e-05,5.209135e-06,1.259242e-05,1.128158e-05,5.550696e-06,3.839517e-06,5.542362e-06,3.987568e-06,2.869867e-06,5.811434e-06,1.223923e-06,9.422385e-06,3.289235e-06
6.347656,4.972009e-05,2.957943e-05,1.015355e-04,5.123769e-05,1.457667e-05,9.037545e-06,2.426190e-05,1.650524e-06,1.083679e-05,2.139919e-05,1.192620e-05,7.118590e-06,3.170440e-05,1.061595e-05,4.006505e-06,2.224287e-05,3.263065e-06,3.845798e-06,9.091943e-06,2.693088e-07,2.610188e-06,5.397212e-06,1.527482e-06,5.255460e-06,1.957875e-06
6.396484,4.651123e-05,2.878154e-05,1.103526e-04,5.147882e-05,1.489229e-05,1.642250e-05,3.077021e-05,4.452819e-06,1.495113e-05,2.301187e-05,9.609275e-06,7.097611e-06,3.515462e-05,1.308035e-05,5.860004e-06,2.286447e-05,3.475301e-06,1.177794e-05,7.972697e-06,7.321641e-06,3.042328e-06,2.065579e-06,1.254870e-06,1.858236e-05,4.812146e-06
6.445312,5.624035e-05,3.394058e-05,1.180156e-04,5.144185e-05,1.392089e-05,2.225066e-05,3.295204e-05,1.004896e-05,2.340419e-05,2.368733e-05,2.590726e-06,1.122408e-05,2.535361e-05,1.367450e-05,1.233770e-05,5.795787e-06,6.597836e-07,1.462793e-05,5.669599e-06,5.941956e-06,1.211942e-06,3.341644e-07,7.693274e-07,2.878917e-05,2.608451e-06
6.494141,6.801119e-05,4.051309e-05,1.276545e-04,6.462302e-05,1.229389e-05,2.092161e-05,3.367612e-05,1.392040e-05,2.515207e-05,2.352294e-05,1.683511e-05,1.227609e-05,1.396436e-05,1.709314e-05,2.423112e-05,1.833159e-05,2.829973e-06,1.437715e-05,7.028661e-06,5.171696e-06,4.516557e-06,8.983287e-07,2.434111e-06,2.296130e-05,8.197523e-06
6.542969,7.473643e-05,4.386533e-05,1.372428e-04,8.717875e-05,1.100685e-05,1.572943e-05,3.274160e-05,1.191273e-05,1.983979e-05,2.415469e-05,2.196643e-05,1.079464e-05,2.938001e-05,2.456910e-05,3.174220e-05,2.678303e-05,3.611605e-06,1.077005e-05,2.953319e-06,5.366015e-06,2.407122e-06,1.345794e-06,3.090130e-06,1.603002e-05,4.631847e-06
6.591797,7.643948e-05,4.207038e-05,1.391780e-04,1.044423e-04,1.020519e-05,1.969824e-05,2.887352e-05,2.312340e-05,1.315592e-05,1.484562e-05,1.504308e-05,1.101608e-06,3.544492e-05,2.718073e-05,2.505677e-05,3.337162e-05,5.009166e-06,1.514888e-05,6.189324e-06,4.518203e-06,2.138560e-06,2.777924e-06,3.183161e-06,2.466136e-05,3.329248e-06
6.640625,7.551297e-05,3.677867e-05,1.282067e-04,1.086075e-04,9.079873e-06,2.652029e-05,2.288833e-05,4.466037e-05,7.526062e-06,1.673781e-05,5.737291e-06,1.691753e-05,2.853572e-05,2.023615e-05,3.061482e-05,2.327954e-05,2.175184e-06,1.137506e-05,2.864155e-06,4.500759e-06,1.052677e-06,2.714968e-06,2.152263e-06,1.236284e-05,5.169686e-06
6.689453,7.264298e-05,3.184953e-05,1.087681e-04,1.018592e-04,7.185584e-06,2.553780e-05,1.762062e-05,5.842305e-05,9.834954e-06,4.177111e-05,8.632915e-06,2.277910e-05,1.695494e-05,9.901992e-06,4.204300e-05,8.709454e-06,1.781220e-06,3.985955e-06,3.659517e-06,3.159399e-06,1.296661e-06,1.402122e-06,2.629579e-06,1.517557e-05,5.999081e-06
6.738281,6.709663e-05,2.982407e-05,9.422794e-05,9.224799e-05,4.758039e-06,1.677234e-05,1.805201e-05,5.812975e-05,1.822593e-05,5.943859e-05,9.484114e-06,1.379071e-05,4.910206e-06,6.678405e-06,3.865584e-05,1.132300e-05,2.316238e-06,5.190410e-06,2.570523e-06,3.446352e-06,3.208013e-06,1.571584e-06,2.446813e-06,2.264605e-05,3.602430e-06
6.787109,5.944760e-05,3.030529e-05,9.040487e-05,8.364962e-05,2.060420e-06,7.040284e-06,2.339095e-05,4.585395e-05,2.808890e-05,6.197290e-05,6.305829e-06,1.075049e-06,6.193213e-06,8.981147e-06,3.808981e-05,1.691480e-05,1.928612e-06,4.207667e-06,4.215350e-06,1.808532e-06,3.681276e-06,1.045552e-06,9.270111e-07,3.746895e-05,5.762902e-07
6.835938,5.131465e-05,3.322795e-05,8.469493e-05,7.108412e-05,8.671599e-07,1.066269e-05,2.679245e-05,2.686581e-05,3.607878e-05,4.849868e-05,9.527613e-06,1.317154e-05,1.673426e-05,8.528980e-06,4.372102e-05,1.891419e-05,1.900736e-06,6.132001e-06,1.157257e-06,3.052119e-06,1.925237e-06,1.214130e-06,2.005756e-06,6.517980e-06,4.363598e-06
6.884766,4.238785e-05,3.938712e-05,6.757697e-05,4.992271e-05,3.786695e-06,1.785666e-05,2.528397e-05,1.642818e-05,4.038863e-05,3.053623e-05,2.102935e-05,1.654052e-05,1.980062e-05,7.151856e-06,4.328574e-05,2.030076e-05,1.569166e-06,1.764731e-05,4.405382e-06,3.573335e-06,3.028053e-06,1.208447e-06,1.471717e-06,2.265237e-05,2.503063e-06
6.933594,3.122675e-05,4.772500e-05,5.102323e-05,2.371222e-05,6.220018e-06,2.105428e-05,2.043236e-05,2.048670e-05,4.118901e-05,4.031801e-05,3.517629e-05,3.662256e-06,1.309706e-05,9.086610e-06,3.688258e-05,1.251507e-05,1.475632e-06,1.131735e-05,7.955729e-06,3.879207e-06,3.022973e-06,2.597759e-06,2.201842e-06,1.713821e-05,1.652083e-06
6.982422,2.302293e-05,5.593654e-05,6.133663e-05,7.108820e-06,8.036730e-06,1.849162e-05,1.474383e-05,1.394532e-05,3.607248e-05,6.203894e-05,4.346984e-05,1.356723e-05,1.540524e-05,1.692370e-05,3.277056e-05,1.137363e-05,6.856516e-07,9.231202e-06,5.133856e-06,2.648003e-06,2.610750e-06,3.997492e-06,2.106444e-06,2.278568e-05,3.039634e-06
7.031250,3.095321e-05,6.232140e-05,8.413767e-05,1.917916e-05,9.801884e-06,1.065811e-05,8.602885e-06,1.222893e-05,2.713606e-05,7.107451e-05,3.684936e-05,1.190792e-05,2.294625e-05,1.953998e-05,3.290592e-05,1.879205e-05,1.091649e-06,1.573956e-05,4.171823e-06,5.299406e-06,3.527240e-07,1.751448e-06,4.538247e-07,3.571588e-05,2.750889e-06
7.080078,4.609282e-05,6.589091e-05,9.761061e-05,3.493392e-05,1.189441e-05,1.320898e-06,5.558143e-06,2.415820e-05,2.172857e-05,6.175520e-05,2.111752e-05,1.617392e-06,3.225608e-05,1.724022e-05,4.571135e-05,6.219786e-06,1.614094e-06,1.204647e-05,3.704153e-06,1.424010e-06,3.478643e-06,8.964751e-07,2.131056e-06,3.286171e-05,2.687667e-06
7.128906,5.665684e-05,6.574285e-05,9.837285e-05,5.704040e-05,1.360061e-05,8.990177e-06,9.283243e-06,2.368532e-05,1.915518e-05,4.115875e-05,2.437690e-05,1.042899e-05,3.068175e-05,1.957733e-05,5.227650e-05,1.276781e-05,2.601579e-06,1.768889e-06,4.051273e-06,3.733239e-06,3.524664e-06,1.512754e-06,1.183793e-06,1.351118e-05,4.247525e-07
7.177734,5.942386e-05,6.114051e-05,9.118282e-05,7.906213e-05,1.381352e-05,1.309659e-05,1.046559e-05,1.782710e-05,1.772110e-05,3.291210e-05,3.077201e-05,1.956684e-05,1.137021e-05,1.767462e-05,2.217267e-05,1.685255e-05,1.109901e-06,6.758803e-06,5.089025e-06,2.488261e-06,3.444076e-06,1.126243e-06,2.257538e-06,2.206051e-05,3.178623e-07
7.226562,5.565848e-05,5.238067e-05,8.045827e-05,9.306466e-05,1.204768e-05,9.986587e-06,8.992176e-06,2.343576e-05,1.960435e-05,4.420627e-05,2.702126e-05,2.532392e-05,1.724295e-05,1.524216e-05,1.982981e-05,9.054157e-06,1.402903e-06,1.782150e-06,2.898776e-06,5.187628e-06,1.720167e-06,2.150128e-06,1.694501e-06,2.259894e-05,4.285847e-06
7.275391,4.794757e-05,4.146546e-05,6.757231e-05,9.877737e-05,8.685906e-06,1.708611e-06,1.032468e-05,2.968980e-05,2.440626e-05,5.127809e-05,2.198850e-05,3.927906e-05,3.182659e-05,1.335651e-05,3.568335e-05,3.683938e-06,2.543707e-06,7.907038e-06,1.074149e-06,8.207323e-06,1.468740e-06,2.758860e-06,2.158956e-06,2.822943e-05,3.766134e-06
7.324219,3.758558e-05,3.162039e-05,5.511142e-05,1.031837e-04,4.594511e-06,1.108585e-05,1.264914e-05,2.869223e-05,2.740138e-05,4.817118e-05,1.323305e-05,4.027054e-05,4.572142e-05,1.135198e-05,3.099965e-05,1.347722e-05,1.255639e-06,8.915103e-06,6.249687e-07,8.440387e-06,8.690072e-07,2.999547e-06,2.263282e-06,1.554354e-05,8.776930e-07
7.373047,2.458227e-05,2.521326e-05,5.010900e-05,1.112970e-04,1.031072e-06,1.735765e-05,1.213570e-05,1.973049e-05,2.352892e-05,3.934334e-05,3.709013e-06,2.819948e-05,5.238122e-05,1.283453e-05,4.241031e-05,2.972333e-05,6.983306e-07,8.774701e-06,2.147554e-06,7.541182e-06,9.054807e-07,1.400059e-06,2.643223e-06,9.219418e-06,1.559534e-06
7.421875,9.956641e-06,2.184400e-05,5.658017e-05,1.190180e-04,3.360476e-06,1.493950e-05,9.541584e-06,6.121382e-06,1.423750e-05,3.530146e-05,1.324097e-05,1.305243e-05,4.419056e-05,1.271858e-05,5.197370e-05,3.323790e-05,1.101125e-06,8.920781e-06,5.827739e-06,5.220609e-06,1.048578e-07,8.947163e-07,1.533374e-06,1.905090e-05,3.222095e-06
7.470703,7.737324e-06,2.062594e-05,6.932178e-05,1.190156e-04,5.773602e-06,6.550674e-06,7.248540e-06,9.320410e-06,5.482127e-06,4.467540e-05,1.441969e-05,9.254605e-06,2.645697e-05,6.354665e-06,3.781060e-05,2.627844e-05,1.193528e-06,1.764972e-05,4.741927e-06,6.793985e-06,1.210013e-06,9.030465e-07,6.212715e-07,3.515731e-06,8.490420e-07
7.519531,1.973103e-05,2.227825e-05,8.280742e-05,1.092603e-04,6.651545e-06,9.771464e-06,5.943798e-06,1.470656e-05,4.891009e-06,5.831019e-05,1.550716e-05,1.826450e-05,1.592188e-05,1.401224e-05,2.175596e-05,3.389861e-05,2.583378e-06,2.324933e-05,1.315529e-06,9.259586e-06,1.337773e-06,7.573724e-07,2.283888e-06,1.060847e-05,2.386769e-06
7.568359,2.923621e-05,2.627744e-05,9.378243e-05,9.499823e-05,6.094222e-06,1.745325e-05,5.619402e-06,1.251776e-05,5.268046e-06,6.623022e-05,1.797506e-05,1.428746e-05,1.628888e-05,2.092420e-05,2.992366e-05,3.296770e-05,3.347184e-06,1.297788e-05,4.036631e-06,9.191277e-06,9.854700e-07,1.305488e-06,2.656185e-06,1.378903e-05,2.290604e-06
7.617188,3.689638e-05,3.102156e-05,9.968671e-05,8.240286e-05,5.325976e-06,2.105994e-05,9.711609e-06,1.028976e-05,1.628757e-07,6.678250e-05,1.437118e-05,4.574081e-06,1.923615e-05,1.841776e-05,2.846142e-05,1.850199e-05,3.222813e-06,4.154947e-06,1.741911e-06,8.432731e-06,1.092740e-06,1.432754e-06,1.122271e-06,1.821538e-05,1.536517e-06
7.666016,4.414139e-05,3.641074e-05,9.929180e-05,6.930769e-05,5.499165e-06,2.243995e-05,1.646287e-05,1.162732e-05,7.640952e-06,6.225738e-05,5.581758e-06,9.438595e-06,2.427995e-05,1.301702e-05,1.798510e-06,3.200881e-06,9.975568e-07,1.755056e-05,3.950155e-06,2.804933e-06,1.506383e-06,1.152832e-06,8.801732e-07,4.020907e-06,2.140294e-06
7.714844,5.032649e-05,4.266207e-05,9.393908e-05,4.906678e-05,5.619957e-06,2.212489e-05,2.135659e-05,9.874111e-06,1.348850e-05,5.346834e-05,4.680502e-06,1.989433e-05,2.131889e-05,8.102494e-06,3.150014e-05,4.802940e-06,6.120308e-07,1.706024e-05,5.829271e-06,1.790800e-06,1.453850e-06,1.309087e-06,1.285066e-06,2.665448e-06,1.062333e-06
7.763672,5.305546e-05,4.797775e-05,8.728811e-05,2.235772e-05,4.618563e-06,1.864117e-05,2.197503e-05,1.248979e-05,1.658694e-05,4.024192e-05,1.243464e-05,2.541934e-05,1.247985e-05,3.715442e-06,3.399897e-05,1.500447e-05,1.688301e-06,8.186415e-06,4.367460e-06,3.116147e-06,7.526684e-07,1.730822e-06,5.440786e-07,1.290167e-06,2.412897e-06
7.812500,5.040162e-05,4.933160e-05,8.261873e-05,1.573372e-05,3.333771e-06,1.270417e-05,1.901248e-05,2.162848e-05,1.975381e-05,2.740714e-05,1.684381e-05,3.186813e-05,1.820835e-05,9.793247e-06,3.658344e-05,2.756115e-05,1.756249e-06,7.120564e-06,6.153901e-06,8.958849e-07,1.967799e-06,2.189852e-06,1.500886e-06,1.595579e-05,4.196851e-06
7.861328,4.264182e-05,4.503496e-05,7.939372e-05,3.554656e-05,4.006513e-06,8.221983e-06,1.578172e-05,2.689557e-05,2.383288e-05,2.868574e-05,1.969195e-05,3.333248e-05,2.113691e-05,1.384754e-05,3.278333e-05,2.846998e-05,1.999512e-06,9.817018e-06,4.366327e-06,4.287513e-06,2.656812e-06,2.246777e-06,1.348573e-06,1.607673e-05,3.145806e-06
7.910156,3.304843e-05,3.642007e-05,7.436729e-05,4.880583e-05,5.607343e-06,8.724039e-06,1.450761e-05,2.536711e-05,2.673564e-05,3.927675e-05,1.816799e-05,2.800146e-05,1.201912e-05,1.152914e-05,2.925320e-05,1.995769e-05,1.763193e-06,9.331194e-06,6.268913e-07,6.964576e-06,1.110722e-06,3.057054e-06,8.169655e-07,2.074542e-05,1.873967e-06
7.958984,2.737993e-05,2.805823e-05,6.721108e-05,5.648164e-05,6.593030e-06,1.157156e-05,1.273307e-05,1.804152e-05,2.791112e-05,4.488751e-05,1.127062e-05,1.961663e-05,1.018057e-05,7.371926e-06,2.602365e-05,1.339355e-05,1.617827e-06,4.768380e-06,3.967038e-06,6.318741e-06,1.089868e-06,1.679984e-06,8.633955e-07,1.639313e-05,3.156787e-06
8.007812,2.823290e-05,2.508075e-05,6.354866e-05,6.279759e-05,6.888792e-06,1.420759e-05,8.779285e-06,8.576906e-06,3.011551e-05,4.251243e-05,2.263126e-06,1.295199e-05,1.869187e-05,5.235571e-06,4.705784e-06,6.972764e-06,1.529058e-06,1.295875e-05,4.111354e-06,5.142039e-06,7.723498e-07,1.421212e-06,1.681156e-06,2.995533e-05,2.381581e-06
8.056641,3.085457e-05,2.635535e-05,6.788356e-05,6.925166e-05,6.741860e-06,1.513056e-05,6.070498e-06,7.419535e-06,3.186940e-05,3.313507e-05,9.329398e-06,1.397965e-05,1.944142e-05,7.822943e-06,2.024204e-05,7.610576e-07,1.846290e-06,9.164624e-06,4.889004e-06,3.323074e-06,1.935163e-06,1.472423e-06,1.068741e-06,1.940274e-05,1.534614e-06
8.105469,3.161703e-05,2.712631e-05,7.425611e-05,7.400070e-05,6.243797e-06,1.351251e-05,5.696020e-06,1.108718e-05,2.764734e-05,1.895171e-05,2.011737e-05,1.163538e-05,1.711016e-05,2.248517e-05,8.221694e-06,2.733746e-06,2.152383e-06,1.758000e-06,4.712427e-06,1.975231e-06,1.688740e-06,7.226090e-07,1.012085e-06,3.027876e-05,9.765480e-07
8.154297,3.134488e-05,2.608630e-05,7.385126e-05,7.290973e-05,5.565785e-06,1.099724e-05,3.870254e-06,1.232471e-05,1.873223e-05,8.519052e-06,2.766157e-05,3.987204e-06,1.750372e-05,2.365333e-05,1.472022e-05,1.002518e-06,1.707751e-06,2.707145e-06,4.216643e-06,3.390811e-06,1.759524e-06,1.136848e-06,1.078060e-06,1.941624e-05,5.440197e-07
8.203125,3.287293e-05,2.435484e-05,6.385570e-05,6.241364e-05,5.015875e-06,1.333484e-05,7.747396e-06,1.392784e-05,1.525777e-05,1.537273e-05,3.457032e-05,3.737483e-06,2.097049e-05,1.787018e-05,2.806622e-05,5.322209e-06,1.920870e-06,1.314395e-05,2.325028e-06,2.145008e-06,2.060455e-06,1.089622e-06,9.578148e-07,1.983338e-05,7.675497e-07
8.251953,3.744578e-05,2.280247e-05,4.863834e-05,4.420401e-05,4.505809e-06,2.105275e-05,1.379352e-05,1.818362e-05,1.730587e-05,2.409363e-05,3.925820e-05,1.922379e-06,2.431509e-05,1.934917e-05,2.516073e-05,1.769920e-05,1.857545e-06,1.534551e-05,2.906210e-06,1.455940e-06,2.859438e-06,7.509795e-07,9.066087e-07,1.237285e-05,9.784835e-07
8.300781,4.318543e-05,2.179402e-05,3.844292e-05,3.099640e-05,3.540600e-06,2.877818e-05,1.716330e-05,2.187255e-05,1.998721e-05,2.901456e-05,3.626020e-05,3.392567e-07,2.770002e-05,1.392800e-05,1.394362e-05,3.034909e-05,8.530509e-07,1.080511e-05,2.048596e-06,2.702811e-06,2.035171e-06,1.622851e-06,1.308973e-06,2.768214e-05,7.832229e-07
8.349609,4.677354e-05,2.269935e-05,4.083153e-05,3.698961e-05,1.936982e-06,3.294665e-05,1.791925e-05,2.043618e-05,2.422319e-05,2.655657e-05,2.733348e-05,2.438796e-07,2.936878e-05,3.412073e-06,1.763550e-05,2.466529e-05,1.706192e-06,5.869855e-06,3.610710e-06,4.684280e-06,1.213024e-06,2.600568e-06,1.189483e-06,1.899436e-05,1.283726e-06
8.398438,4.527283e-05,2.695657e-05,4.849089e-05,4.465427e-05,1.129807e-07,3.241446e-05,1.668795e-05,1.725927e-05,2.435980e-05,1.796345e-05,1.769376e-05,2.815839e-06,2.580004e-05,5.594345e-06,2.348102e-05,1.203733e-05,1.657926e-06,8.693196e-06,2.923790e-06,5.839124e-06,2.078131e-06,2.434730e-06,7.259346e-07,3.204295e-05,2.982906e-06
8.447266,3.752148e-05,3.363105e-05,5.398020e-05,4.216303e-05,1.240742e-06,2.846034e-05,1.337463e-05,2.100114e-05,1.940529e-05,1.493510e-05,1.002483e-05,6.839001e-06,2.216481e-05,4.498354e-06,3.507147e-05,3.343418e-06,7.762324e-07,6.430698e-06,1.105009e-06,6.755675e-06,1.583941e-06,1.041357e-06,6.007198e-07,3.331001e-05,2.185676e-06
8.496094,2.528561e-05,4.054794e-05,5.832764e-05,3.958715e-05,1.565657e-06,2.367105e-05,9.165806e-06,2.602275e-05,1.488412e-05,2.706804e-05,7.774820e-06,6.885004e-06,1.397568e-05,4.015701e-06,3.147611e-05,1.143151e-05,7.608016e-07,1.136834e-05,1.380404e-06,6.334744e-06,3.281045e-06,1.815571e-06,8.069673e-07,1.511940e-05,2.563433e-06
8.544922,1.436552e-05,4.595974e-05,6.677254e-05,5.468738e-05,1.077381e-06,2.067474e-05,6.038187e-06,2.615788e-05,1.014793e-05,4.202180e-05,9.284979e-06,7.105357e-06,2.997885e-06,4.011974e-06,2.376280e-05,1.912002e-05,1.117859e-06,1.573258e-05,2.614747e-06,5.827682e-06,2.337151e-06,1.779287e-06,2.332278e-07,3.173560e-05,2.231759e-06
8.593750,1.319997e-05,4.856614e-05,7.909654e-05,7.530226e-05,1.543968e-06,2.055492e-05,4.445184e-06,2.194821e-05,7.705714e-06,4.894080e-05,1.274977e-05,8.672330e-06,2.354875e-06,1.150285e-05,1.476100e-05,2.163771e-05,1.550704e-06,1.101985e-05,3.351227e-06,2.632750e-06,1.239544e-06,1.135925e-06,5.258181e-07,2.526768e-05,1.684975e-06
8.642578,1.526099e-05,4.731234e-05,8.741437e-05,8.484781e-05,2.672206e-06,2.069967e-05,4.325387e-06,1.664528e-05,1.309117e-05,4.419224e-05,1.930916e-05,1.505298e-05,5.417886e-06,1.753069e-05,1.510123e-05,3.072702e-05,7.895530e-07,7.889892e-06,3.547056e-06,2.972015e-06,1.976344e-06,4.991208e-07,1.056225e-06,2.727813e-05,8.813690e-07
8.691406,1.333736e-05,4.162853e-05,8.416820e-05,7.990454e-05,3.110547e-06,1.777043e-05,4.330625e-06,1.534571e-05,1.630504e-05,3.749428e-05,2.471361e-05,1.643646e-05,1.039364e-05,2.019806e-05,2.561748e-05,2.442579e-05,1.131602e-06,5.164773e-06,4.000024e-06,5.499523e-06,9.548800e-07,1.111150e-06,9.576607e-07,8.733555e-07,1.651983e-06
8.740234,1.143347e-05,3.188783e-05,6.755052e-05,6.948105e-05,2.721086e-06,1.212881e-05,4.610939e-06,1.777817e-05,1.688854e-05,3.671012e-05,2.420553e-05,9.794565e-06,6.611788e-06,1.942295e-05,2.998963e-05,1.717041e-05,1.858828e-06,2.351774e-06,6.260941e-06,3.480355e-06,1.023654e-06,1.033196e-06,5.410978e-07,1.598221e-05,1.279163e-06
8.789062,1.475416e-05,1.978223e-05,4.142629e-05,6.683412e-05,2.399227e-06,1.004995e-05,6.852884e-06,1.688293e-05,1.861324e-05,3.063654e-05,1.997491e-05,1.982477e-06,6.637771e-06,1.697548e-05,2.799264e-05,1.023135e-05,1.805518e-06,4.878438e-06,6.352901e-06,1.296492e-06,9.070097e-07,1.466377e-06,8.337188e-07,1.228572e-05,2.071941e-06
8.837891,1.715269e-05,9.911785e-06,1.444864e-05,7.173869e-05,3.024471e-06,1.446857e-05,8.871033e-06,1.017846e-05,2.386610e-05,2.177382e-05,2.555083e-05,7.475605e-06,9.227166e-06,1.882212e-05,2.437153e-05,5.368264e-06,9.038790e-07,4.231655e-06,4.312913e-06,1.413813e-06,1.457526e-06,1.684382e-06,6.774453e-07,1.671350e-05,2.183260e-06
8.886719,1.349845e-05,1.288235e-05,2.943014e-05,7.424916e-05,3.773729e-06,1.779651e-05,9.387581e-06,6.920910e-06,2.710401e-05,2.941105e-05,3.740869e-05,1.277421e-05,5.884648e-06,1.823414e-05,2.295999e-05,5.539834e-06,7.944814e-07,9.380510e-07,2.425098e-06,5.192547e-06,1.975609e-06,1.015923e-06,1.506358e-06,1.200813e-05,4.368251e-07
8.935547,3.589715e-06,2.023322e-05,6.234048e-05,7.072648e-05,4.081484e-06,1.652273e-05,9.279973e-06,1.276627e-05,2.394541e-05,3.214779e-05,4.212168e-05,8.222073e-06,9.038923e-07,1.517652e-05,2.650551e-05,1.229456e-05,4.716564e-07,1.556671e-06,1.956571e-06,8.674060e-06,1.788247e-06,1.508431e-06,1.604682e-06,2.573708e-05,6.726254e-07
8.984375,9.827502e-06,2.385338e-05,9.099560e-05,6.390626e-05,4.276579e-06,1.070969e-05,9.874679e-06,1.336734e-05,1.939967e-05,1.947203e-05,3.803750e-05,4.583859e-06,4.613391e-06,1.256836e-05,2.050338e-05,1.275931e-05,5.160493e-07,8.798183e-07,3.300373e-06,1.005114e-05,1.239887e-06,1.868897e-06,1.258366e-06,2.459452e-05,1.224245e-06
9.033203,2.248647e-05,2.207274e-05,1.073805e-04,5.827475e-05,4.778844e-06,3.296641e-06,1.089235e-05,9.313810e-06,1.753011e-05,1.346721e-05,3.069909e-05,1.405199e-05,1.171506e-05,1.138233e-05,1.871403e-05,1.100608e-05,1.069445e-06,1.161726e-05,4.298954e-06,9.893619e-06,1.821284e-06,1.173368e-06,9.225708e-07,2.808900e-05,1.313955e-06
9.082031,3.137505e-05,1.491472e-05,1.086538e-04,5.750010e-05,5.360256e-06,5.055494e-06,1.020057e-05,7.241462e-06,1.474124e-05,1.932837e-05,2.182103e-05,1.729512e-05,2.626745e-05,1.170671e-05,1.313688e-05,1.460332e-05,1.181186e-06,2.327596e-05,3.892940e-06,6.486373e-06,4.486812e-07,6.138175e-07,1.052607e-06,1.711138e-05,7.919691e-07
9.130859,3.568347e-05,5.716559e-06,1.009036e-04,6.321652e-05,5.612906e-06,8.156624e-06,7.218013e-06,6.299740e-06,1.433764e-05,1.550240e-05,1.373055e-05,1.362575e-05,3.388095e-05,1.088253e-05,8.784369e-06,3.039760e-05,1.081551e-06,1.871816e-05,2.386508e-06,3.820926e-06,6.230498e-07,1.232149e-06,8.959715e-07,1.539738e-05,1.657933e-06
9.179688,3.688220e-05,1.446632e-05,9.322507e-05,7.424159e-05,5.475027e-06,8.233985e-06,6.819170e-06,2.609654e-06,1.684637e-05,9.972427e-06,1.805732e-05,6.581003e-06,2.669679e-05,8.375164e-06,2.585796e-05,3.456526e-05,8.365974e-07,7.953037e-06,1.257503e-06,1.628140e-06,1.324215e-06,8.395268e-07,1.170966e-06,1.025089e-05,4.468582e-07
9.228516,3.705192e-05,2.896075e-05,8.420279e-05,8.659538e-05,5.092707e-06,7.705007e-06,9.718391e-06,1.926051e-06,1.721470e-05,5.222486e-06,2.361367e-05,3.759856e-06,1.606327e-05,6.230199e-06,3.098081e-05,2.032001e-05,6.328245e-07,1.735070e-05,2.142010e-06,2.512816e-06,6.249036e-07,7.118029e-07,8.226734e-07,2.993307e-05,8.696241e-07
9.277344,3.679594e-05,4.093684e-05,6.519875e-05,9.485038e-05,4.516003e-06,7.585432e-06,9.891855e-06,4.447168e-06,1.557179e-05,1.675414e-05,2.318455e-05,1.044985e-05,1.761820e-05,5.370224e-06,2.417082e-05,7.592710e-06,1.211242e-06,2.377162e-05,1.860043e-06,5.024911e-07,1.326382e-06,6.677563e-08,2.791445e-07,1.677475e-05,1.975066e-07
9.326172,3.512563e-05,4.782014e-05,4.031305e-05,9.486759e-05,3.704897e-06,5.555849e-06,6.930873e-06,4.582225e-06,1.284833e-05,2.893711e-05,2.122354e-05,9.638245e-06,1.830499e-05,5.775629e-06,1.274760e-05,7.339018e-06,1.858338e-06,2.479362e-05,1.068746e-06,1.675428e-06,1.226088e-06,4.820591e-07,9.000479e-07,1.482275e-05,4.901582e-07
9.375000,3.110573e-05,4.889391e-05,4.095289e-05,8.613667e-05,2.740436e-06,2.053677e-06,3.730189e-06,3.898404e-06,9.159656e-06,3.140532e-05,2.003332e-05,3.371295e-06,1.770693e-05,9.445212e-06,1.083696e-05,1.168585e-05,1.692125e-06,1.521152e-05,4.670494e-07,2.500843e-06,2.238569e-06,5.426231e-07,9.618986e-07,2.501874e-05,8.986989e-07
9.423828,2.490698e-05,4.562036e-05,5.872879e-05,7.171062e-05,1.859483e-06,7.600519e-06,1.487040e-06,6.114303e-06,6.257276e-06,2.696069e-05,1.899052e-05,3.144628e-06,1.501549e-05,1.321036e-05,1.124629e-05,2.125790e-05,1.432101e-06,4.711021e-06,3.010184e-06,9.092153e-07,2.276340e-06,4.487447e-07,9.720616e-07,1.568166e-05,1.058916e-06
9.472656,1.781424e-05,4.098511e-05,6.001447e-05,5.576585e-05,1.299407e-06,1.374672e-05,1.861133e-06,1.172348e-05,5.582567e-06,1.691241e-05,2.070625e-05,9.950230e-06,1.131696e-05,1.673803e-05,1.377936e-05,1.759683e-05,8.198799e-07,9.603230e-06,3.928477e-06,3.539002e-06,1.196476e-06,2.900045e-07,1.212734e-06,6.609733e-06,1.866191e-06
9.521484,1.222727e-05,3.706372e-05,4.201131e-05,4.089533e-05,1.182773e-06,1.780320e-05,5.184109e-06,1.840287e-05,4.758024e-06,7.246501e-06,2.302539e-05,1.605528e-05,1.224084e-05,1.575945e-05,1.009087e-05,2.316312e-05,3.666154e-07,1.674886e-05,2.426497e-06,4.793247e-06,5.306098e-07,2.865297e-07,1.029090e-07,6.501665e-06,5.170064e-07
9.570312,1.143203e-05,3.275383e-05,3.175707e-05,2.757431e-05,1.421840e-06,1.945564e-05,6.882024e-06,2.496717e-05,2.881321e-06,1.142482e-05,2.447306e-05,1.681030e-05,1.520882e-05,8.810763e-06,1.421301e-05,3.040452e-05,1.544102e-06,1.628883e-05,1.143358e-06,1.660171e-06,2.785102e-07,3.683545e-07,1.235571e-06,1.209850e-05,2.686834e-07
9.619141,1.460518e-05,2.548209e-05,5.248436e-05,1.759605e-05,1.727888e-06,1.810364e-05,6.733515e-06,2.868049e-05,1.953433e-06,5.249986e-06,2.482079e-05,1.178228e-05,1.759549e-05,3.713460e-06,2.561391e-05,2.102065e-05,2.116834e-06,5.440205e-06,1.558059e-06,8.094720e-07,3.993912e-07,9.381777e-07,1.601520e-06,2.836357e-05,6.752024e-07
9.667969,1.803097e-05,1.480113e-05,6.936117e-05,1.991771e-05,1.858083e-06,1.361266e-05,6.246584e-06,2.623943e-05,4.074574e-06,1.724282e-05,1.780021e-05,3.516985e-06,2.598117e-05,7.866410e-06,3.215928e-05,1.530895e-05,1.794630e-06,4.107678e-06,1.956695e-06,1.943387e-06,7.844810e-07,1.103914e-06,1.152241e-06,1.798119e-05,1.044494e-06
9.716797,2.012960e-05,7.670524e-06,7.057763e-05,3.138679e-05,1.712760e-06,8.099130e-06,6.043598e-06,2.015625e-05,6.097879e-06,3.318299e-05,8.711297e-06,6.159950e-06,2.806919e-05,6.892496e-06,4.835946e-05,2.214171e-05,1.261965e-06,8.500748e-06,2.159847e-06,1.249824e-06,1.873172e-06,6.530756e-07,3.320277e-07,5.585928e-06,1.392737e-06
9.765625,2.082406e-05,1.603551e-05,5.991617e-05,4.162430e-05,1.310668e-06,4.799082e-06,5.650204e-06,1.745425e-05,6.629415e-06,3.858500e-05,2.015218e-05,5.590426e-06,2.045419e-05,7.250002e-06,6.169975e-05,2.186790e-05,1.234281e-06,8.398432e-06,9.307686e-07,1.934978e-06,1.910318e-06,2.539234e-07,6.136007e-07,1.565186e-05,1.919328e-06
9.814453,2.096482e-05,2.387875e-05,4.412561e-05,4.826246e-05,7.525405e-07,3.634076e-06,4.958557e-06,1.525754e-05,7.718638e-06,3.802493e-05,2.617612e-05,1.630175e-06,1.601289e-05,5.922569e-06,6.167557e-05,2.450661e-05,1.306721e-06,3.860678e-06,1.570384e-06,3.509080e-06,1.489098e-06,5.458514e-07,7.093298e-07,2.678439e-05,1.323564e-06
9.863281,2.172309e-05,2.616862e-05,2.949724e-05,5.279909e-05,3.988252e-07,5.160033e-06,3.896776e-06,1.012196e-05,1.095941e-05,3.625466e-05,2.446200e-05,2.096698e-06,1.539891e-05,5.651916e-06,5.705241e-05,1.730226e-05,1.071198e-06,4.848688e-06,1.024652e-06,1.694544e-06,4.291326e-07,5.873928e-07,4.255486e-07,1.807973e-05,1.357490e-06
9.912109,2.355484e-05,2.367467e-05,3.263024e-05,5.481596e-05,7.532881e-07,1.021126e-05,3.054303e-06,5.996705e-06,1.400866e-05,3.203113e-05,2.229535e-05,4.012538e-06,2.372208e-05,1.256794e-05,5.339673e-05,2.024959e-05,6.594335e-07,1.054439e-05,1.912916e-06,2.386514e-06,4.692923e-07,5.617859e-07,2.728539e-07,4.662122e-06,1.063781e-06
9.960938,2.602257e-05,2.120653e-05,5.266690e-05,5.029883e-05,1.050848e-06,1.577543e-05,2.846745e-06,4.003434e-06,1.557923e-05,2.671303e-05,1.799309e-05,5.074820e-06,2.889646e-05,1.810687e-05,4.440186e-05,2.609790e-05,7.320834e-08,9.248166e-06,1.511056e-06,1.109876e-06,3.933295e-07,3.349826e-07,9.123320e-07,1.312019e-05,5.135600e-07
10.009766,2.879863e-05,2.480705e-05,6.894462e-05,3.663972e-05,1.021575e-06,1.884103e-05,2.621377e-06,1.265453e-05,1.591921e-05,2.608633e-05,1.056462e-05,4.168611e-06,2.092964e-05,1.570913e-05,4.511637e-05,2.470854e-05,5.505589e-07,1.199567e-05,1.743144e-06,1.054073e-06,7.262492e-07,7.801931e-07,1.074030e-06,1.263928e-05,1.532361e-06
10.058594,3.207651e-05,3.297519e-05,7.282653e-05,1.617262e-05,7.090514e-07,1.708714e-05,4.002478e-06,2.164600e-05,1.440011e-05,2.966813e-05,4.862757e-06,6.638558e-06,8.768459e-06,1.457905e-05,4.573620e-05,1.418819e-05,8.491646e-07,6.013900e-06,2.280970e-06,3.463951e-06,5.618908e-07,2.521992e-07,6.053533e-07,7.594441e-06,2.180655e-06
10.107422,3.576353e-05,4.089151e-05,6.659219e-05,6.209107e-06,4.677959e-07,1.166400e-05,6.177038e-06,2.549841e-05,1.076656e-05,3.400611e-05,3.790675e-06,1.021173e-05,5.887503e-06,1.360508e-05,4.019559e-05,2.487731e-05,4.875939e-07,1.154032e-05,1.756275e-06,4.174343e-06,8.936358e-07,7.196707e-07,5.978910e-07,6.714328e-06,8.694054e-07
10.156250,3.876428e-05,4.606955e-05,6.067219e-05,2.465846e-05,8.019876e-07,9.707430e-06,6.952106e-06,2.480052e-05,8.592262e-06,3.837602e-05,6.772995e-06,7.387694e-06,1.209880e-05,1.030267e-05,3.307640e-05,2.479298e-05,6.809243e-07,1.436176e-05,1.686470e-06,2.472331e-06,1.515706e-06,8.621276e-07,9.600145e-07,1.313338e-05,5.585955e-07
10.205078,3.947888e-05,4.769094e-05,6.214618e-05,3.740128e-05,1.288895e-06,1.282938e-05,5.974617e-06,2.151124e-05,8.512242e-06,3.620510e-05,1.204814e-05,6.915800e-06,2.981028e-05,5.875014e-06,3.384961e-05,8.389724e-06,6.760873e-07,1.089941e-05,1.338182e-06,1.022503e-06,1.597435e-06,6.460022e-07,4.951937e-07,9.480467e-06,1.271901e-06
10.253906,3.692753e-05,4.567140e-05,6.498714e-05,4.153927e-05,1.672799e-06,1.403067e-05,4.271071e-06,1.916760e-05,6.008156e-06,2.651097e-05,1.676756e-05,1.716242e-05,3.511306e-05,2.881644e-06,3.519928e-05,8.967260e-06,4.621542e-07,8.543235e-06,1.396362e-06,2.842159e-06,1.374944e-06,3.920039e-07,6.211973e-08,6.035851e-06,4.203087e-07
10.302734,3.157884e-05,4.031544e-05,6.198140e-05,3.414795e-05,1.826435e-06,1.333725e-05,3.272007e-06,2.282013e-05,1.898908e-06,2.519265e-05,1.698336e-05,1.788809e-05,2.205556e-05,3.704680e-06,2.317221e-05,1.917397e-05,1.972870e-07,1.578983e-06,2.148152e-06,2.675218e-06,6.110604e-07,3.912197e-07,1.311270e-07,4.830806e-06,1.355283e-06
10.351562,2.555318e-05,3.242893e-05,5.415661e-05,1.701491e-05,1.672884e-06,1.364806e-05,3.256030e-06,2.861197e-05,2.206410e-06,3.533479e-05,1.135227e-05,1.157443e-05,1.817465e-05,5.487546e-06,8.294156e-06,2.268147e-05,3.045723e-07,3.290455e-06,9.725783e-07,1.922109e-06,5.470672e-07,2.752174e-07,1.516535e-07,9.632725e-06,1.449636e-06
10.400391,2.176622e-05,2.375739e-05,4.957013e-05,1.637736e-05,1.261401e-06,1.554467e-05,2.414466e-06,3.075670e-05,6.177230e-06,4.181114e-05,2.411416e-06,9.551674e-06,2.687078e-05,1.023142e-05,1.255980e-05,1.996197e-05,4.765385e-07,6.622894e-06,1.622242e-06,1.531053e-06,1.182162e-06,7.929911e-08,1.429495e-07,6.393522e-06,1.644066e-06
10.449219,2.119980e-05,1.774001e-05,5.319306e-05,3.273013e-05,7.714946e-07,1.742689e-05,1.855222e-06,2.792422e-05,9.580510e-06,3.907145e-05,1.248277e-05,1.405835e-05,2.502647e-05,1.401562e-05,2.385246e-05,1.638798e-05,5.288779e-07,1.138505e-05,1.911377e-06,2.490450e-06,1.069185e-06,5.030612e-07,3.234142e-07,9.964947e-06,2.385798e-06
10.498047,2.192009e-05,1.813020e-05,5.794673e-05,3.577034e-05,4.005340e-07,1.800620e-05,6.203177e-06,2.209123e-05,9.437265e-06,3.005037e-05,2.396074e-05,1.317280e-05,2.607388e-05,1.736029e-05,2.362566e-05,7.391504e-06,4.352586e-07,1.549102e-05,1.316155e-06,6.337362e-07,5.263024e-07,5.802240e-07,2.382310e-07,6.619758e-06,9.309081e-07
10.546875,2.265224e-05,2.267835e-05,5.531924e-05,2.093442e-05,2.012561e-07,1.756709e-05,1.054441e-05,1.643832e-05,6.725785e-06,2.817167e-05,2.900721e-05,1.514743e-05,2.975286e-05,1.702729e-05,2.900564e-05,4.724132e-06,6.465412e-08,1.159464e-05,1.494259e-06,1.768570e-06,6.607209e-07,6.378123e-07,3.174898e-07,1.313764e-05,1.616982e-06
10.595703,2.415249e-05,2.725276e-05,4.332147e-05,6.752062e-06,1.243064e-07,1.672460e-05,1.263042e-05,1.186823e-05,6.612083e-06,3.373680e-05,2.544351e-05,1.688557e-05,2.574747e-05,1.200370e-05,2.578005e-05,1.024082e-05,7.782681e-08,4.987070e-06,8.776271e-07,2.406826e-06,1.419568e-06,4.297660e-07,4.178098e-07,2.845626e-05,2.348180e-06
10.644531,2.717178e-05,3.032352e-05,2.662181e-05,3.594354e-05,1.502318e-07,1.466984e-05,1.189559e-05,7.688270e-06,7.918171e-06,3.348978e-05,1.918695e-05,1.440544e-05,1.496881e-05,6.002801e-06,1.331312e-05,1.247378e-05,3.139965e-07,6.733731e-06,2.030860e-06,1.662681e-06,1.346041e-06,8.199688e-07,5.834568e-07,1.069896e-05,1.654220e-06
10.693359,3.072281e-05,3.152346e-05,1.606638e-05,5.632479e-05,1.013935e-07,1.184191e-05,9.483721e-06,6.349159e-06,7.932531e-06,2.787409e-05,2.170059e-05,1.152675e-05,9.356527e-06,4.502490e-06,6.498758e-06,1.094834e-05,3.024663e-07,6.695023e-06,1.579683e-06,2.750905e-06,5.159210e-07,6.397663e-07,7.665855e-07,4.223867e-05,6.209249e-07
10.742188,3.292408e-05,3.078946e-05,1.762624e-05,6.119664e-05,1.770968e-07,1.104193e-05,7.501743e-06,6.996095e-06,7.731628e-06,2.324936e-05,2.534464e-05,7.098439e-06,7.571283e-06,6.839169e-06,2.476577e-05,1.106199e-05,4.172488e-07,3.173580e-06,1.368838e-06,2.635624e-06,7.364171e-07,4.513907e-07,1.508187e-07,2.128089e-05,6.079127e-07
10.791016,3.241773e-05,2.861282e-05,1.776576e-05,5.002617e-05,4.551331e-07,1.086567e-05,7.058702e-06,6.037887e-06,7.985775e-06,1.706044e-05,1.921452e-05,7.666925e-06,4.789710e-06,9.006697e-06,2.344863e-05,1.089292e-05,5.353176e-07,6.349348e-06,1.680225e-06,2.858605e-06,8.343327e-07,6.491870e-07,6.271698e-07,2.569243e-05,1.291491e-06
10.839844,2.899934e-05,2.651791e-05,1.421712e-05,3.116443e-05,7.049237e-07,7.872893e-06,7.233474e-06,4.135645e-06,8.458250e-06,5.212483e-06,5.336188e-06,3.376730e-06,8.092690e-06,1.084544e-05,1.078869e-05,1.050987e-05,2.309074e-07,6.150189e-06,2.270366e-06,3.230531e-06,1.078905e-06,6.246256e-07,6.575735e-07,2.791217e-05,1.313098e-06
10.888672,2.380231e-05,2.623587e-05,1.828067e-05,3.279805e-05,8.436431e-07,3.062435e-06,7.125814e-06,2.792875e-06,8.345454e-06,1.011329e-05,6.510596e-06,5.970034e-06,1.542929e-05,1.256431e-05,1.902067e-05,1.177770e-05,6.868016e-07,1.327722e-05,2.262866e-06,2.742394e-06,7.876097e-07,5.672312e-07,2.057642e-07,2.103681e-05,3.556995e-07
10.937500,1.920280e-05,2.735716e-05,3.071103e-05,5.376208e-05,8.402772e-07,4.055260e-06,6.437919e-06,6.402398e-06,6.160049e-06,2.146463e-05,9.164024e-06,9.948112e-06,1.979198e-05,1.110357e-05,1.587270e-05,6.896461e-06,8.806004e-07,1.257405e-05,4.928223e-07,2.113525e-06,1.094865e-06,6.034529e-07,5.849294e-07,1.815397e-05,1.022798e-06
10.986328,1.758331e-05,2.734357e-05,4.332864e-05,6.627023e-05,6.931140e-07,6.682489e-06,5.538240e-06,1.204486e-05,3.531662e-06,2.541339e-05,7.585480e-06,1.363580e-05,1.850872e-05,8.467558e-06,2.028614e-05,2.452363e-06,7.058706e-07,1.933721e-05,4.103849e-07,1.265383e-06,5.957672e-07,1.167618e-07,2.837388e-07,8.965813e-06,3.437907e-07
11.035156,1.849145e-05,2.411296e-05,5.292330e-05,6.287677e-05,4.683064e-07,7.330421e-06,4.841986e-06,1.507809e-05,8.609454e-06,2.208238e-05,9.177344e-06,1.659193e-05,1.667354e-05,6.405108e-06,2.711707e-05,2.528864e-06,3.647791e-07,1.786426e-05,3.697160e-07,2.391349e-06,6.150478e-07,3.540207e-07,1.857048e-07,5.721123e-06,6.866075e-07
11.083984,1.949316e-05,1.770112e-05,5.854507e-05,4.799420e-05,4.258650e-07,6.923031e-06,3.352981e-06,1.339051e-05,1.424063e-05,1.543999e-05,9.881873e-06,1.691301e-05,1.750286e-05,3.775957e-06,2.471363e-05,5.108987e-06,5.184548e-07,8.999794e-06,5.631654e-07,3.166281e-06,9.988841e-07,5.348566e-07,6.150981e-07,1.254403e-05,3.224012e-07
11.132812,1.932157e-05,1.213941e-05,5.946064e-05,3.327652e-05,6.501845e-07,6.513543e-06,1.220327e-06,1.010183e-05,1.580825e-05,1.130897e-05,1.051365e-05,1.683392e-05,1.502012e-05,2.925995e-06,1.550644e-05,1.324326e-05,7.884101e-07,7.343833e-06,1.704044e-06,3.187781e-06,6.286485e-07,3.697718e-07,3.015195e-07,8.805783e-06,2.442950e-07
11.181641,1.803834e-05,1.590763e-05,5.450439e-05,2.609806e-05,8.549608e-07,5.701672e-06,3.242690e-06,1.002075e-05,1.219470e-05,1.693862e-05,1.171812e-05,1.364552e-05,1.756207e-05,2.942891e-06,9.916320e-06,2.002907e-05,6.414619e-07,3.128875e-06,1.873543e-06,1.036768e-06,7.716070e-07,9.461156e-08,2.854918e-07,1.362597e-05,7.025218e-07
11.230469,1.611498e-05,2.490844e-05,4.360197e-05,1.931313e-05,9.474875e-07,3.167870e-06,4.684471e-06,9.952624e-06,6.021037e-06,2.942287e-05,1.278536e-05,6.746616e-06,2.790037e-05,2.480453e-06,1.094853e-05,1.839002e-05,2.681277e-07,5.718851e-06,7.822354e-07,4.455907e-07,3.821237e-07,8.467452e-08,3.036620e-07,1.404268e-05,8.038415e-07
11.279297,1.384722e-05,3.282773e-05,3.108195e-05,1.310345e-05,9.628825e-07,5.428890e-06,5.937639e-06,1.053359e-05,4.368756e-06,4.227391e-05,1.234935e-05,5.683177e-06,2.936611e-05,2.733557e-06,1.188095e-05,1.084017e-05,9.382562e-08,5.884217e-06,1.065016e-06,1.378445e-06,6.167191e-07,3.304464e-07,3.560263e-07,1.662098e-05,5.523821e-07
11.328125,1.130448e-05,3.778022e-05,2.757368e-05,2.214796e-05,9.715225e-07,1.217933e-05,9.208638e-06,1.205123e-05,5.105334e-06,5.012392e-05,1.114307e-05,9.088626e-06,2.396518e-05,2.151607e-06,6.394897e-06,8.804868e-06,2.183981e-07,1.195618e-05,7.780027e-07,3.059150e-06,3.161178e-07,4.514862e-07,2.154043e-07,1.190026e-05,6.723195e-07
11.376953,8.576494e-06,3.949399e-05,3.412727e-05,3.237949e-05,1.021093e-06,1.683290e-05,1.215182e-05,1.023279e-05,3.512897e-06,4.937555e-05,1.236698e-05,1.003201e-05,1.388176e-05,2.030701e-06,1.278982e-05,9.156963e-06,5.431242e-07,1.425616e-05,3.256625e-07,2.499910e-06,1.558603e-07,3.084095e-07,3.449964e-07,8.092374e-06,8.068993e-07
11.425781,5.985755e-06,3.832522e-05,4.029090e-05,3.415915e-05,1.153185e-06,1.728886e-05,1.290090e-05,7.705910e-06,3.120824e-06,4.055958e-05,1.600004e-05,8.133913e-06,8.971708e-06,4.490095e-06,2.793285e-05,1.403657e-05,6.566369e-07,1.305609e-05,6.565135e-07,1.803131e-06,4.461509e-07,3.960012e-07,1.041604e-07,2.194106e-05,1.375175e-06
11.474609,4.083607e-06,3.483146e-05,4.473490e-05,2.770457e-05,1.406438e-06,1.425420e-05,1.241141e-05,8.712072e-06,3.347822e-06,2.797702e-05,1.714222e-05,5.179710e-06,1.092736e-05,6.333768e-06,2.843834e-05,1.720590e-05,4.356790e-07,1.559727e-05,2.493123e-07,1.167851e-06,2.571935e-07,6.417972e-07,2.248607e-07,3.161152e-05,6.253665e-07
11.523438,3.062925e-06,2.981056e-05,5.024422e-05,1.758318e-05,1.714275e-06,1.007824e-05,1.230160e-05,8.841477e-06,2.924150e-06,1.695281e-05,1.377751e-05,2.660193e-06,8.580823e-06,5.814362e-06,1.571206e-05,1.740164e-05,4.534460e-07,1.573279e-05,5.337666e-07,1.142282e-06,2.808817e-07,2.818406e-07,4.009286e-07,2.418021e-05,5.198982e-07
11.572266,2.069980e-06,2.469635e-05,5.414642e-05,8.950691e-06,1.904935e-06,6.776717e-06,1.230476e-05,7.888934e-06,3.521753e-06,1.101099e-05,1.392870e-05,2.421258e-06,6.050365e-06,4.128599e-06,7.716961e-06,1.241144e-05,6.192762e-07,1.169382e-05,9.584596e-07,1.906367e-06,4.891556e-07,3.097477e-07,1.773713e-07,1.637391e-05,9.639711e-07
11.621094,5.721094e-07,2.160467e-05,5.056789e-05,6.547363e-06,1.839733e-06,5.066818e-06,1.133371e-05,8.866771e-06,4.227191e-06,1.100328e-05,1.678689e-05,3.530368e-06,2.666138e-06,5.334686e-06,9.584065e-06,7.011103e-06,5.555682e-07,6.088281e-06,1.212340e-06,2.077914e-06,7.183799e-07,2.987355e-07,1.843335e-07,7.401971e-06,1.211967e-06
11.669922,2.446636e-06,2.156437e-05,3.771670e-05,1.021414e-05,1.527114e-06,4.952972e-06,8.939486e-06,1.094110e-05,5.711020e-06,1.755401e-05,1.482850e-05,6.022519e-06,2.128885e-06,2.760161e-06,1.617699e-05,9.363269e-06,3.578661e-07,5.228026e-06,1.178268e-06,2.986195e-06,2.406129e-07,1.507425e-07,1.149263e-07,7.548710e-06,7.968756e-07
11.718750,4.977769e-06,2.271231e-05,2.059027e-05,1.473200e-05,1.131695e-06,6.379334e-06,5.629140e-06,1.243442e-05,8.071114e-06,2.721904e-05,1.248220e-05,8.013133e-06,9.237253e-06,2.735631e-06,1.051937e-05,8.510553e-06,1.055306e-07,4.951883e-06,5.343953e-07,2.408498e-06,3.278713e-07,2.055776e-07,1.820216e-07,1.093663e-05,4.713679e-07
11.767578,6.732703e-06,2.247225e-05,1.307414e-05,1.851913e-05,8.330910e-07,8.350463e-06,2.798845e-06,1.454193e-05,9.547020e-06,3.420452e-05,1.332053e-05,1.133670e-05,1.540224e-05,5.494960e-06,2.030016e-05,7.179290e-06,2.274009e-07,6.183982e-06,7.652757e-07,1.221934e-06,1.180533e-07,2.499900e-07,1.352424e-07,8.776347e-06,2.656179e-07
11.816406,7.256056e-06,1.966063e-05,1.873960e-05,2.132870e-05,6.215266e-07,9.361517e-06,1.723293e-06,1.642088e-05,9.889786e-06,3.370177e-05,1.041911e-05,1.376359e-05,1.462985e-05,4.319033e-06,3.302277e-05,4.456398e-06,4.636214e-07,6.936793e-06,9.829230e-07,1.878939e-06,2.507415e-07,2.966394e-07,8.216581e-08,2.477305e-05,5.283126e-07
11.865234,6.774122e-06,1.456403e-05,2.119600e-05,2.307070e-05,4.825366e-07,9.146371e-06,2.898060e-06,1.666938e-05,1.058550e-05,2.662464e-05,1.992200e-06,1.483562e-05,8.851487e-06,2.833839e-06,2.571296e-05,4.569643e-06,2.920166e-07,3.686546e-06,5.874132e-07,2.786537e-06,3.972601e-07,4.672245e-07,7.266014e-08,3.094464e-05,6.383494e-07
11.914062,6.185068e-06,8.497042e-06,1.985116e-05,2.380895e-05,6.347225e-07,8.954579e-06,4.714814e-06,1.814166e-05,1.183648e-05,1.986668e-05,6.975152e-06,1.621565e-05,1.367623e-05,5.744209e-06,3.043540e-05,7.589948e-06,4.276690e-07,6.103265e-06,1.822136e-07,2.851939e-06,6.815735e-07,2.582778e-07,2.065047e-07,3.301160e-05,3.414250e-07
11.962891,6.453065e-06,3.874805e-06,1.664008e-05,2.420298e-05,8.851703e-07,9.233909e-06,5.188472e-06,2.019079e-05,1.148631e-05,1.700043e-05,1.174032e-05,1.606669e-05,1.337918e-05,6.062484e-06,2.876650e-05,1.497464e-05,4.267628e-07,2.122578e-06,1.332042e-07,1.928429e-06,5.119817e-07,2.972891e-07,3.179252e-07,3.437794e-05,4.261540e-07
12.011719,7.534995e-06,4.591067e-06,1.030924e-05,2.424115e-05,9.466792e-07,8.944171e-06,3.700604e-06,1.888231e-05,9.488226e-06,1.805431e-05,1.344262e-05,1.629893e-05,1.301950e-05,4.640780e-06,1.272733e-05,1.181564e-05,3.675076e-07,1.396637e-05,2.566431e-07,1.405804e-06,9.248295e-08,1.384450e-07,1.608788e-07,3.179779e-05,5.007427e-07
12.060547,8.715343e-06,6.464073e-06,1.179735e-05,2.234543e-05,7.702760e-07,7.949474e-06,1.287204e-06,1.488110e-05,9.945764e-06,2.097255e-05,1.387496e-05,1.288496e-05,1.664922e-05,2.710055e-06,1.902334e-05,7.485960e-06,2.330180e-07,2.117686e-05,8.780027e-07,1.533031e-06,4.955170e-07,3.805410e-07,2.053449e-07,1.194991e-05,7.016932e-07
12.109375,9.513563e-06,6.859685e-06,3.022644e-05,1.854312e-05,5.724793e-07,7.307845e-06,1.569875e-06,1.121814e-05,1.157323e-05,1.980493e-05,1.275165e-05,9.140258e-06,1.962391e-05,2.002833e-06,2.878666e-05,8.655079e-06,6.106233e-08,2.108435e-05,2.376103e-07,1.134748e-06,6.955243e-07,5.853236e-07,1.961393e-07,7.928298e-06,4.406305e-07
12.158203,9.912781e-06,6.086461e-06,5.115801e-05,1.863564e-05,7.300649e-07,7.729364e-06,2.775887e-06,8.946756e-06,1.002509e-05,1.480672e-05,1.231060e-05,1.040813e-05,2.560988e-05,4.095153e-06,2.655687e-05,1.065176e-05,1.572285e-07,1.741749e-05,1.089639e-06,3.410286e-07,7.781278e-07,5.563175e-07,4.198144e-07,1.945224e-05,8.546066e-07
12.207031,1.036559e-05,4.910543e-06,6.874346e-05,2.522268e-05,1.032459e-06,8.587719e-06,3.151037e-06,7.880253e-06,6.330880e-06,1.081165e-05,1.004988e-05,9.023334e-06,2.879245e-05,3.265072e-06,2.073011e-05,6.881216e-06,1.377619e-07,1.020208e-05,6.151400e-07,1.135261e-06,5.175855e-07,5.598099e-07,5.525626e-07,2.629911e-05,7.904637e-07
12.255859,1.131035e-05,3.942487e-06,8.025997e-05,3.075051e-05,1.200080e-06,8.491531e-06,2.913108e-06,8.678914e-06,4.299329e-06,1.196512e-05,6.258935e-06,8.785326e-06,2.324345e-05,5.253234e-06,1.056068e-05,3.832861e-06,6.069198e-08,3.730167e-06,3.140718e-07,2.925820e-06,1.007552e-07,3.610261e-07,4.763080e-07,2.216796e-05,2.885944e-07
12.304688,1.237659e-05,3.398400e-06,8.515700e-05,3.043236e-05,1.187457e-06,6.533854e-06,2.275555e-06,1.186474e-05,4.324548e-06,1.388645e-05,9.307998e-06,9.505314e-06,1.146468e-05,7.491564e-06,1.442229e-05,2.803049e-06,1.911501e-07,5.254239e-06,8.556388e-07,1.830301e-06,2.552563e-07,2.211755e-07,5.278747e-07,9.594422e-06,6.293982e-07
12.353516,1.255337e-05,3.537808e-06,8.382990e-05,2.493626e-05,1.060832e-06,3.382314e-06,1.679453e-06,1.409789e-05,6.522246e-06,9.439012e-06,1.074691e-05,1.308470e-05,3.888341e-06,6.779947e-06,1.625794e-05,3.266791e-06,1.360692e-07,9.514821e-06,1.325992e-06,8.394811e-07,3.999403e-07,1.201576e-07,2.291724e-07,1.471636e-05,3.800341e-07
12.402344,1.105835e-05,4.893999e-06,7.711446e-05,1.872608e-05,8.998096e-07,3.102560e-06,1.777705e-06,1.277519e-05,1.062756e-05,5.366010e-06,6.678827e-06,1.241868e-05,4.027365e-06,4.197231e-06,2.033603e-05,7.453850e-06,1.202651e-07,5.260062e-06,1.056323e-06,5.567798e-07,5.121727e-07,1.833474e-07,1.814472e-07,3.454913e-06,3.814785e-07
12.451172,7.822234e-06,7.196774e-06,6.661697e-05,1.673808e-05,7.371408e-07,5.581890e-06,2.222472e-06,9.083031e-06,1.404871e-05,1.415191e-05,5.358194e-06,8.561480e-06,7.350040e-06,2.427675e-06,2.473481e-05,1.043479e-05,1.611809e-07,5.334672e-06,5.198846e-07,9.112089e-07,4.432294e-07,2.603339e-08,1.092429e-07,1.314597e-05,3.951500e-07
12.500000,3.486730e-06,9.573016e-06,5.476253e-05,2.088823e-05,6.276557e-07,6.945386e-06,2.622523e-06,5.958027e-06,1.486187e-05,1.710387e-05,1.453277e-05,2.352135e-06,9.633356e-06,3.367130e-06,2.770125e-05,1.236368e-05,2.383897e-07,3.342682e-06,3.555284e-07,1.292515e-06,4.523091e-07,2.547259e-07,3.043626e-07,2.021139e-05,3.781836e-07
12.548828,9.405859e-07,1.122503e-05,4.355117e-05,3.039424e-05,6.898704e-07,6.537735e-06,3.349185e-06,3.933184e-06,1.342689e-05,1.255330e-05,2.155735e-05,5.573527e-06,8.561047e-06,6.524889e-06,1.818979e-05,1.090685e-05,3.455508e-07,2.908061e-06,9.082134e-07,1.054750e-06,5.846583e-07,2.073142e-07,2.771697e-07,1.483890e-05,6.341011e-07
12.597656,4.441262e-06,1.170740e-05,3.346623e-05,4.218002e-05,8.770210e-07,4.245778e-06,4.157743e-06,1.876474e-06,1.243360e-05,6.495676e-06,2.220481e-05,7.611929e-06,5.027456e-06,7.330918e-06,6.366286e-06,7.572676e-06,3.365099e-07,6.291756e-06,9.318139e-07,1.786825e-07,5.003091e-07,1.087683e-07,1.760419e-07,1.191657e-05,3.976346e-07
12.646484,6.441915e-06,1.112062e-05,2.456348e-05,5.205888e-05,1.045816e-06,1.377825e-06,4.371562e-06,3.361086e-07,1.238455e-05,4.648672e-06,1.761507e-05,4.551150e-06,6.661292e-06,3.775650e-06,8.918669e-06,1.151713e-05,1.990488e-07,7.743797e-06,1.102130e-06,1.041804e-06,2.205081e-07,1.953887e-07,2.942386e-07,1.653667e-05,7.012855e-07
12.695312,6.778387e-06,1.039870e-05,1.803934e-05,5.694593e-05,1.155052e-06,5.535165e-06,3.946858e-06,1.000234e-06,1.112420e-05,2.769922e-06,1.385989e-05,5.160802e-06,7.724782e-06,4.743792e-06,9.927682e-06,1.058719e-05,1.296571e-07,3.079867e-06,1.351042e-06,1.210052e-06,2.914541e-07,1.607006e-07,1.069773e-07,1.584473e-05,8.799976e-07
12.744141,5.619839e-06,1.145139e-05,1.427475e-05,5.576410e-05,1.220246e-06,1.083076e-05,3.222245e-06,2.348469e-06,8.624930e-06,8.262387e-06,1.155902e-05,7.101826e-06,7.466699e-06,5.648762e-06,1.066189e-05,1.281231e-05,7.654221e-08,3.400977e-06,1.786966e-06,1.122705e-06,5.553093e-07,1.229596e-07,9.538443e-08,5.913522e-06,6.431549e-07
12.792969,3.315788e-06,1.526192e-05,1.039965e-05,4.925566e-05,1.228190e-06,1.497149e-05,2.267304e-06,3.636949e-06,6.420211e-06,1.431790e-05,6.906212e-06,8.249579e-06,1.218386e-05,1.615778e-06,1.388311e-05,1.398354e-05,7.028768e-08,7.937517e-06,1.099471e-06,4.598062e-07,3.412632e-07,1.918732e-07,5.912402e-08,4.865099e-06,3.899234e-07
12.841797,4.185612e-07,2.043904e-05,4.481409e-06,3.960020e-05,1.150439e-06,1.641363e-05,1.248032e-06,3.838323e-06,5.336797e-06,1.487820e-05,3.610396e-06,7.247489e-06,1.446318e-05,2.205671e-06,7.960973e-06,7.964840e-06,1.841991e-07,7.250023e-06,1.481608e-06,4.114794e-07,1.018818e-07,2.969571e-07,5.623515e-08,5.585428e-06,4.234669e-07
12.890625,2.607127e-06,2.503572e-05,5.402138e-06,3.038944e-05,1.017217e-06,1.458321e-05,7.331427e-07,3.279822e-06,4.974628e-06,1.011786e-05,7.073743e-06,5.949792e-06,1.103839e-05,2.364558e-06,7.709694e-06,5.539693e-06,2.513588e-07,1.014359e-05,1.109064e-06,1.275840e-06,3.478916e-07,1.497453e-07,9.572575e-08,4.037611e-06,1.165076e-07
12.939453,4.770615e-06,2.766225e-05,1.405486e-05,2.713066e-05,9.330211e-07,1.139169e-05,4.088836e-07,3.705158e-06,4.306090e-06,6.913481e-06,1.175531e-05,6.164820e-06,6.388310e-06,1.473941e-06,1.462853e-05,8.742978e-06,2.507775e-07,1.359267e-05,2.591575e-07,2.410697e-06,3.724148e-07,3.248602e-07,8.184275e-08,1.040882e-05,3.371070e-07
12.988281,5.548593e-06,2.786350e-05,2.465933e-05,3.332807e-05,9.724702e-07,1.076173e-05,4.845519e-07,5.041855e-06,3.527648e-06,9.957946e-06,1.351724e-05,7.400137e-06,8.912438e-06,2.996763e-06,1.494931e-05,1.079353e-05,2.261266e-07,1.439247e-05,5.387833e-07,1.113112e-06,1.211379e-07,3.828302e-07,2.211739e-07,1.771778e-05,4.699606e-07
13.037109,4.745529e-06,2.614071e-05,3.807306e-05,4.402640e-05,1.075861e-06,1.191408e-05,1.312120e-06,6.209042e-06,3.801222e-06,1.321795e-05,1.446890e-05,7.532527e-06,7.808990e-06,4.696133e-06,1.358367e-05,1.141245e-05,1.291916e-07,7.724422e-06,2.865348e-07,9.065945e-07,2.764663e-07,7.836872e-08,1.654265e-07,1.344479e-05,4.557629e-07
13.085938,2.718599e-06,2.341154e-05,5.226943e-05,5.188167e-05,1.137105e-06,1.113618e-05,2.172225e-06,7.567054e-06,5.201158e-06,1.435075e-05,1.654085e-05,5.531132e-06,6.214254e-06,4.755632e-06,9.234071e-06,8.830709e-06,7.904576e-08,5.098535e-06,2.561760e-07,9.786929e-07,4.830831e-07,1.766334e-07,2.086777e-07,7.153297e-06,2.306556e-07
13.134766,2.776475e-07,2.023604e-05,6.272850e-05,5.138461e-05,1.094353e-06,8.592208e-06,3.090000e-06,9.519210e-06,7.267147e-06,1.108406e-05,1.502210e-05,4.084450e-06,1.517593e-05,4.559700e-06,8.939562e-06,1.569329e-06,9.860582e-08,9.749442e-06,3.380950e-07,7.545290e-07,2.686914e-07,2.115921e-07,2.765470e-07,4.528967e-06,2.531460e-07
13.183594,1.804172e-06,1.678258e-05,6.563016e-05,4.058034e-05,9.364060e-07,7.331264e-06,3.733413e-06,1.112176e-05,8.947921e-06,8.417976e-06,9.658375e-06,2.393166e-06,1.940758e-05,2.442788e-06,7.622804e-06,1.030593e-05,1.567381e-07,1.041538e-05,2.129578e-07,1.103355e-06,2.599100e-07,1.469431e-07,1.921460e-07,5.725732e-06,4.869963e-07
13.232422,2.990572e-06,1.382353e-05,6.026538e-05,2.307117e-05,6.841591e-07,7.550524e-06,3.803136e-06,1.146517e-05,9.041265e-06,1.440035e-05,3.403236e-06,8.290247e-07,1.857302e-05,1.297166e-06,6.042242e-06,1.303487e-05,7.332783e-08,7.283690e-06,2.642867e-07,7.179881e-07,4.009823e-07,2.195692e-07,1.296444e-07,5.325791e-06,5.719897e-07
13.281250,3.807323e-06,1.306161e-05,4.935693e-05,1.553291e-05,3.703773e-07,6.710864e-06,3.516656e-06,1.015688e-05,7.407552e-06,1.947357e-05,3.347862e-06,3.183097e-06,1.083623e-05,1.341805e-06,1.435084e-05,1.206442e-05,1.656210e-07,3.017576e-06,7.718576e-07,1.085022e-06,3.084216e-07,2.122851e-07,2.263692e-07,8.516852e-06,1.517563e-07
13.330078,5.365602e-06,1.446571e-05,3.739284e-05,2.795975e-05,7.930867e-08,4.921645e-06,3.191097e-06,7.336554e-06,5.400766e-06,2.110439e-05,7.989878e-06,3.262461e-06,4.176294e-06,2.739739e-06,2.907924e-05,3.009737e-06,9.349093e-08,7.148552e-06,8.742898e-07,1.545217e-06,4.793477e-07,1.319155e-07,3.894124e-07,1.156119e-05,1.955190e-07
13.378906,7.725420e-06,1.554594e-05,2.814105e-05,3.679739e-05,2.998503e-07,3.491999e-06,2.751270e-06,5.398787e-06,5.215115e-06,1.968005e-05,8.414702e-06,5.480772e-07,7.823548e-06,2.517786e-06,3.709930e-05,4.330132e-06,1.002198e-07,7.934713e-06,7.677756e-07,1.119683e-06,3.926836e-07,2.469076e-07,3.822368e-07,1.417998e-05,1.671174e-07
13.427734,1.001422e-05,1.444769e-05,2.288843e-05,3.699248e-05,4.983517e-07,1.935109e-06,2.170365e-06,5.361319e-06,6.435677e-06,1.487640e-05,4.862357e-06,5.091858e-06,1.460223e-05,6.958303e-06,2.955684e-05,1.020726e-05,1.337368e-07,5.275943e-06,1.398243e-07,5.033974e-07,1.685879e-07,9.589896e-08,1.333723e-07,7.489356e-06,1.750636e-07
13.476562,1.148590e-05,1.086484e-05,2.026419e-05,3.071024e-05,5.646354e-07,1.331436e-06,1.796475e-06,3.849614e-06,6.233268e-06,9.624351e-06,5.787453e-06,8.356018e-06,1.956506e-05,9.079194e-06,2.053693e-05,1.628769e-05,2.039961e-07,3.570876e-06,2.905193e-07,4.080416e-07,1.589666e-07,1.323961e-07,1.552668e-07,2.909548e-06,1.312196e-07
13.525391,1.182184e-05,5.626844e-06,1.793487e-05,2.238452e-05,5.965399e-07,4.270453e-06,2.006614e-06,4.566445e-06,3.746420e-06,1.110173e-05,9.650459e-06,9.158066e-06,1.594984e-05,7.036133e-06,2.072421e-05,1.973103e-05,1.327562e-07,3.651170e-06,2.529270e-07,3.794468e-07,1.662191e-07,1.720166e-07,1.414717e-07,8.011294e-06,4.775985e-07
13.574219,1.112812e-05,2.622679e-07,1.581945e-05,1.694155e-05,7.787200e-07,6.680314e-06,2.649100e-06,8.522474e-06,7.211511e-07,1.646477e-05,1.000674e-05,7.955266e-06,1.362721e-05,5.519078e-06,2.679482e-05,1.369126e-05,1.764494e-08,3.581163e-06,3.411978e-07,1.936018e-07,1.128448e-07,9.538790e-08,8.181579e-08,7.608748e-06,5.163468e-07
13.623047,9.818834e-06,4.319107e-06,1.747206e-05,1.833819e-05,1.080802e-06,7.894493e-06,3.170977e-06,1.190452e-05,1.145174e-06,2.107083e-05,8.997389e-06,5.039387e-06,9.983050e-06,4.601331e-06,1.804761e-05,8.205622e-06,1.030816e-07,2.377180e-06,1.319907e-07,7.649989e-07,1.458732e-07,2.086984e-07,9.216121e-08,1.603469e-05,4.795484e-07
13.671875,8.404221e-06,6.932094e-06,2.301821e-05,2.548994e-05,1.337731e-06,8.048939e-06,3.115333e-06,1.413603e-05,2.801094e-06,2.289933e-05,9.296500e-06,3.280527e-06,5.445223e-06,2.431530e-06,5.788346e-06,1.031751e-05,2.145998e-07,5.592732e-06,5.238823e-08,5.695542e-07,1.711101e-07,1.161080e-07,1.189682e-07,2.533632e-05,2.668390e-07
13.720703,7.205249e-06,8.123784e-06,2.815315e-05,3.512009e-05,1.444052e-06,7.367787e-06,2.453143e-06,1.329010e-05,4.937541e-06,2.121072e-05,9.334319e-06,5.037515e-06,3.479225e-06,2.399427e-06,3.390643e-06,1.171742e-05,2.533703e-07,7.417004e-06,1.867006e-07,1.017914e-06,1.475791e-07,9.016507e-08,2.093336e-07,2.164446e-05,2.755221e-07
13.769531,6.183143e-06,9.293223e-06,3.123236e-05,4.419854e-05,1.373706e-06,6.071935e-06,1.731330e-06,8.850963e-06,7.401543e-06,1.785476e-05,9.104227e-06,7.513778e-06,3.195299e-06,4.025169e-06,3.746367e-06,1.512534e-05,2.030574e-07,5.672046e-07,7.358549e-07,6.649682e-07,2.647782e-07,9.408233e-08,1.522935e-07,1.224910e-05,4.173342e-07
13.818359,5.136706e-06,1.122636e-05,3.362371e-05,4.961585e-05,1.163971e-06,4.531922e-06,1.672061e-06,4.026147e-06,1.019848e-05,1.253241e-05,1.043979e-05,7.671541e-06,6.240075e-06,4.070077e-06,9.728609e-06,1.180596e-05,8.360031e-08,7.607879e-06,1.242900e-06,3.358176e-07,3.368702e-07,1.311740e-07,1.528103e-07,1.140554e-05,3.768341e-07
13.867188,4.056626e-06,1.308097e-05,3.607744e-05,5.047931e-05,8.960980e-07,3.065299e-06,1.903277e-06,1.119935e-06,1.120265e-05,5.851087e-06,1.032506e-05,8.237692e-06,8.061094e-06,3.014383e-06,1.125731e-05,1.215041e-05,2.349859e-08,7.547006e-06,6.813210e-07,3.948222e-07,3.699334e-07,2.397193e-08,1.791546e-07,3.684450e-06,2.616992e-07
13.916016,3.219688e-06,1.392167e-05,3.714272e-05,5.112241e-05,6.701811e-07,1.947698e-06,1.968615e-06,2.084355e-06,9.595405e-06,1.171850e-05,6.848031e-06,8.511119e-06,7.589998e-06,3.227634e-06,5.451972e-06,1.107275e-05,3.366767e-08,7.791780e-06,6.372787e-07,3.734348e-07,2.893920e-07,3.805297e-08,3.056926e-07,9.138987e-06,3.225406e-07
13.964844,2.857095e-06,1.384435e-05,3.680348e-05,5.731330e-05,5.543221e-07,1.719807e-06,2.048429e-06,4.702624e-06,7.699715e-06,1.720151e-05,6.412910e-06,7.816957e-06,8.709717e-06,3.846882e-06,3.202835e-06,8.455270e-06,6.497177e-08,8.511986e-06,1.208281e-06,9.490321e-07,3.018567e-07,5.100914e-08,2.463389e-07,5.760739e-06,3.215101e-07
14.013672,2.721339e-06,1.358857e-05,3.910082e-05,6.569190e-05,5.250591e-07,2.412500e-06,2.274461e-06,4.844343e-06,6.548098e-06,1.742428e-05,8.445457e-06,5.299448e-06,6.847644e-06,3.630856e-06,1.093271e-05,7.264938e-06,1.260496e-07,4.574444e-06,9.050321e-07,9.193154e-07,3.330948e-07,1.300686e-07,8.659544e-08,9.305040e-06,2.470844e-07
14.062500,2.450661e-06,1.330012e-05,4.665235e-05,6.731568e-05,5.165558e-07,3.466381e-06,2.469621e-06,4.292370e-06,4.845236e-06,1.622121e-05,7.989638e-06,8.459289e-07,1.061634e-06,3.624594e-06,1.372477e-05,5.884521e-06,1.633368e-07,5.442373e-06,2.023485e-07,8.732612e-07,1.599085e-07,1.510110e-07,1.019712e-07,1.762192e-05,2.267597e-07
14.111328,2.107568e-06,1.226293e-05,5.505957e-05,5.779304e-05,4.897754e-07,4.142443e-06,2.512999e-06,4.284974e-06,3.245133e-06,1.367242e-05,8.315851e-06,5.113495e-06,9.050741e-06,3.259163e-06,9.041932e-06,4.673678e-06,2.094222e-07,6.813520e-06,1.025185e-07,4.156717e-07,1.185887e-07,4.824299e-08,1.730094e-07,1.302262e-05,1.545700e-07
14.160156,2.152108e-06,1.005991e-05,5.810506e-05,4.012415e-05,4.247231e-07,3.765878e-06,2.419697e-06,3.278111e-06,2.400556e-06,9.256059e-06,9.512238e-06,6.699376e-06,1.422511e-05,3.033978e-06,1.035378e-05,4.245958e-06,1.464257e-07,3.081191e-06,3.475852e-07,6.646022e-07,6.334512e-08,1.634637e-07,1.534158e-07,1.871572e-05,2.727094e-07
14.208984,2.645518e-06,7.351020e-06,5.222602e-05,2.248256e-05,3.237650e-07,2.479032e-06,2.115858e-06,3.074469e-06,1.906389e-06,6.900461e-06,9.367816e-06,7.392872e-06,9.494468e-06,4.198343e-06,1.551931e-05,1.992569e-06,2.716221e-08,4.222474e-06,6.652530e-07,3.555263e-07,2.100117e-07,9.601587e-08,6.504517e-08,2.153400e-05,4.026094e-07
14.257812,3.052348e-06,5.635835e-06,3.718978e-05,1.256839e-05,2.301437e-07,1.649380e-06,1.459493e-06,3.909580e-06,2.574393e-06,5.511813e-06,8.719254e-06,3.512489e-06,3.578053e-06,4.412177e-06,1.445081e-05,2.961731e-06,7.811511e-08,5.932970e-06,6.994159e-07,2.347697e-08,1.001718e-07,8.819319e-08,1.723208e-07,1.949134e-05,4.400265e-07
14.306641,2.979600e-06,6.199309e-06,1.575394e-05,8.049007e-06,2.039972e-07,2.264162e-06,6.174990e-07,4.694827e-06,3.836117e-06,2.280928e-06,8.430481e-06,3.337433e-06,5.915820e-06,2.722077e-06,1.194757e-05,4.513234e-06,9.278765e-08,5.587427e-06,6.298672e-07,3.017347e-07,1.074921e-07,8.703300e-08,2.221609e-07,1.970889e-05,4.293220e-08
14.355469,2.357941e-06,9.234569e-06,8.340512e-06,7.310499e-06,2.181778e-07,3.072244e-06,7.244545e-07,5.955020e-06,3.958342e-06,3.391809e-06,9.865282e-06,9.522384e-06,4.149134e-06,2.089852e-07,6.578602e-06,3.880843e-06,1.804976e-08,3.241409e-06,5.775609e-07,5.391471e-07,1.029164e-07,1.110365e-07,1.782806e-07,2.644790e-05,3.559065e-07
14.404297,1.410118e-06,1.424508e-05,2.753643e-05,1.378563e-05,2.136466e-07,3.674746e-06,1.295520e-06,6.760151e-06,3.488698e-06,8.432512e-06,1.225744e-05,1.396133e-05,1.115561e-06,2.832221e-06,2.195917e-06,1.436305e-06,7.250359e-08,1.148816e-06,2.658812e-07,6.049223e-07,6.288251e-08,7.602207e-08,8.240438e-08,1.174140e-05,2.640738e-07
14.453125,7.379448e-07,1.995595e-05,3.873922e-05,1.784103e-05,1.870695e-07,3.711039e-06,1.873935e-06,5.648874e-06,3.753435e-06,1.365046e-05,1.149798e-05,1.359718e-05,4.035861e-06,3.908118e-06,7.898999e-06,6.661727e-06,1.186615e-07,4.335363e-06,1.005832e-07,6.972766e-07,8.058011e-08,8.839194e-08,7.280831e-08,2.414288e-05,2.786358e-07
14.501953,1.035379e-06,2.470143e-05,4.018009e-05,1.626313e-05,1.588570e-07,2.905755e-06,2.603740e-06,4.962382e-06,2.325664e-06,1.616329e-05,6.919751e-06,1.109134e-05,4.466067e-06,2.884890e-06,1.293192e-05,8.948274e-06,7.499622e-08,5.736430e-06,2.046639e-07,1.046602e-06,5.543014e-08,7.047272e-08,7.013684e-08,2.301643e-05,1.844141e-07
14.550781,1.367755e-06,2.710184e-05,3.471269e-05,1.123872e-05,1.450204e-07,1.431207e-06,3.087076e-06,7.451578e-06,2.470496e-06,1.439030e-05,3.649202e-06,1.019467e-05,3.844921e-06,3.335125e-06,9.981323e-06,1.136351e-05,4.700403e-08,5.558562e-07,3.484166e-07,9.505060e-07,7.268272e-08,4.525355e-08,8.590141e-08,1.935471e-05,2.152365e-07
14.599609,1.391463e-06,2.647058e-05,2.924730e-05,7.531516e-06,1.610220e-07,5.601673e-07,2.973306e-06,7.856217e-06,5.547808e-06,1.036785e-05,5.282255e-06,8.006723e-06,4.459192e-06,3.090980e-06,8.502981e-06,5.542869e-06,4.222323e-08,2.687535e-06,6.763912e-08,1.226604e-06,1.564029e-07,5.083975e-08,1.218660e-07,1.079631e-05,1.121175e-07
14.648438,1.256075e-06,2.290728e-05,2.889227e-05,8.717866e-06,2.167702e-07,1.680840e-06,2.461085e-06,5.346078e-06,5.174941e-06,5.903935e-06,6.200375e-06,5.523947e-06,6.198588e-06,2.837164e-06,1.051031e-05,7.891989e-06,4.905066e-08,5.690572e-06,4.307475e-07,1.306789e-06,1.127331e-07,7.042389e-08,6.190136e-08,2.698908e-06,3.121488e-07
14.697266,1.320767e-06,1.719837e-05,3.045417e-05,1.341851e-05,2.997252e-07,1.765193e-06,2.046729e-06,3.259188e-06,2.267168e-06,8.799621e-07,6.703155e-06,4.575540e-06,5.913718e-06,3.200173e-06,1.092537e-05,9.995307e-06,1.249299e-07,9.676410e-06,4.168251e-07,1.374172e-06,2.836828e-07,9.052472e-08,1.419973e-07,6.661506e-06,2.953296e-07
14.746094,1.834137e-06,1.061184e-05,3.168896e-05,1.808004e-05,3.891426e-07,6.745604e-07,1.666345e-06,2.358138e-06,4.139239e-06,1.026368e-05,6.167257e-06,5.043114e-06,3.707277e-06,3.443402e-06,1.416632e-05,6.578690e-06,8.765069e-08,9.285963e-06,4.327757e-07,8.234456e-07,3.358013e-07,6.256730e-08,1.777789e-07,9.743929e-06,2.866766e-07
14.794922,2.505643e-06,4.560970e-06,3.675221e-05,1.892921e-05,4.661836e-07,1.554973e-06,9.296158e-07,4.456445e-06,6.048538e-06,1.933381e-05,3.715335e-06,5.847236e-06,6.863666e-07,2.880177e-06,1.469051e-05,3.574307e-06,7.400845e-08,1.466038e-06,5.208517e-07,8.407755e-07,3.097274e-07,4.622932e-08,7.353949e-08,6.068389e-06,2.953142e-07
14.843750,2.867553e-06,7.721745e-07,4.706982e-05,1.463973e-05,5.114433e-07,2.930705e-06,6.694592e-07,6.785425e-06,6.536906e-06,2.489403e-05,4.318944e-06,5.371062e-06,2.103932e-06,7.886467e-07,1.233760e-05,2.338978e-06,9.439729e-08,1.083028e-05,3.287079e-07,8.351327e-07,2.123674e-07,3.839254e-08,8.647621e-08,7.025218e-06,8.780002e-08
14.892578,2.552851e-06,3.304046e-06,5.723802e-05,1.024160e-05,5.054986e-07,3.709914e-06,1.522123e-06,6.487257e-06,7.042683e-06,2.496288e-05,7.803604e-06,5.827121e-06,3.588708e-06,2.627758e-06,1.171399e-05,5.472436e-06,4.558440e-08,1.166438e-05,2.079470e-07,2.360119e-07,1.452653e-07,7.617612e-08,1.239921e-07,8.368409e-06,7.646387e-08
14.941406,1.457115e-06,5.733399e-06,6.201480e-05,1.482862e-05,4.457813e-07,4.721568e-06,1.950781e-06,5.046027e-06,6.764518e-06,2.019654e-05,9.135983e-06,7.148664e-06,6.572747e-06,3.591406e-06,1.025989e-05,7.882138e-06,1.155321e-07,8.636670e-06,4.231588e-07,5.757018e-07,8.999999e-08,1.890210e-07,8.451135e-08,8.362084e-06,1.509749e-07
14.990234,6.321667e-07,7.911004e-06,5.968920e-05,2.049256e-05,3.715592e-07,5.617636e-06,1.799870e-06,4.950593e-06,4.835824e-06,1.566572e-05,9.878856e-06,5.863521e-06,7.392504e-06,2.790249e-06,6.618871e-06,4.611278e-06,1.103782e-07,1.969783e-06,5.532225e-07,1.337623e-06,7.629470e-08,1.324018e-07,3.514429e-08,9.409972e-06,4.258906e-08
15.039062,2.379136e-06,9.157859e-06,5.182663e-05,2.113409e-05,3.441847e-07,5.308187e-06,1.334422e-06,5.748014e-06,2.527839e-06,1.417892e-05,1.193924e-05,3.772095e-06,5.080592e-06,9.803875e-07,9.799274e-06,7.408110e-06,1.048378e-07,7.096560e-06,3.164526e-07,7.730632e-07,7.525868e-08,2.314842e-08,9.185553e-08,1.229487e-05,2.179054e-07
15.087891,3.998259e-06,8.985135e-06,4.167911e-05,1.768216e-05,3.463422e-07,4.225175e-06,9.111443e-07,5.835804e-06,3.423233e-06,1.045638e-05,1.365995e-05,4.888443e-06,7.091934e-06,1.610768e-06,1.619040e-05,1.069006e-05,1.370137e-07,8.634259e-06,4.380359e-07,9.258137e-07,1.123591e-07,3.464795e-08,1.550342e-07,1.987128e-05,3.095135e-07
15.136719,5.083294e-06,8.530750e-06,3.225852e-05,1.643620e-05,3.110338e-07,4.296830e-06,7.648860e-07,4.573726e-06,5.108880e-06,5.222235e-06,1.500465e-05,5.191998e-06,1.272263e-05,1.344093e-06,1.428254e-05,1.031570e-05,1.529716e-07,8.194612e-06,3.010210e-07,9.278963e-07,3.651422e-08,6.815646e-08,3.108405e-08,1.461645e-05,1.984199e-07
15.185547,5.767880e-06,1.019004e-05,2.547894e-05,2.107198e-05,2.464064e-07,5.324769e-06,6.480130e-07,3.136237e-06,5.708129e-06,6.998607e-06,1.564754e-05,2.284924e-06,1.592476e-05,4.989793e-07,7.810649e-06,1.469982e-05,1.716108e-07,8.508935e-06,1.166633e-07,1.044643e-06,4.717476e-08,8.520141e-08,4.825595e-08,8.809703e-06,2.832900e-07
15.234375,6.459878e-06,1.361349e-05,2.295982e-05,2.572308e-05,2.314566e-07,5.974402e-06,3.421105e-07,2.674174e-06,4.835841e-06,7.868386e-06,1.385629e-05,1.995965e-06,1.717906e-05,1.936824e-06,2.749918e-06,1.309830e-05,1.763814e-07,6.106140e-06,2.314934e-07,3.104202e-07,2.870505e-08,1.356089e-07,8.371306e-08,1.206283e-05,2.991029e-07
15.283203,7.379046e-06,1.656387e-05,2.495519e-05,2.597388e-05,2.511639e-07,6.001924e-06,4.213758e-07,3.477937e-06,2.537132e-06,5.678107e-06,1.045969e-05,2.889887e-06,1.343501e-05,2.627125e-06,3.586276e-06,4.874848e-06,1.037798e-07,1.574234e-06,1.076564e-07,6.585508e-07,5.461688e-08,1.205554e-07,5.546120e-08,1.100124e-05,1.408385e-07
15.332031,8.339500e-06,1.785468e-05,2.816477e-05,2.131253e-05,2.208938e-07,5.160869e-06,7.300612e-07,4.969050e-06,9.132990e-07,4.648176e-06,7.700902e-06,1.162515e-06,1.202970e-05,2.023483e-06,1.965231e-06,3.145885e-06,8.229340e-08,3.385313e-06,1.848558e-07,3.746534e-07,1.247919e-07,9.630952e-08,4.134514e-08,4.685962e-06,1.075908e-07
15.380859,9.044432e-06,1.746992e-05,2.894056e-05,1.384740e-05,1.362925e-07,3.240739e-06,8.498501e-07,5.694069e-06,1.769022e-06,6.883025e-06,5.650270e-06,2.377989e-06,1.300079e-05,2.213393e-06,9.192653e-06,3.926408e-06,5.170455e-08,6.402125e-06,2.080632e-07,5.934848e-07,9.162466e-08,5.052984e-08,8.732404e-08,1.156978e-05,1.518212e-07
15.429688,9.338211e-06,1.595095e-05,2.637780e-05,6.942661e-06,7.160695e-08,8.010239e-07,8.214647e-07,5.662406e-06,1.769673e-06,1.095213e-05,4.687056e-06,4.816733e-06,1.271400e-05,1.908753e-06,1.125244e-05,4.827421e-06,3.213510e-08,7.303103e-06,1.431650e-07,6.400856e-07,8.487311e-08,1.138523e-08,3.117871e-08,8.859968e-06,1.816593e-07
15.478516,9.186872e-06,1.382174e-05,2.296051e-05,4.066534e-06,7.354344e-08,1.817826e-06,5.992405e-07,5.245189e-06,1.759765e-06,1.306344e-05,5.058704e-06,6.749781e-06,1.488660e-05,2.321565e-06,1.114723e-05,5.207891e-06,4.745273e-08,4.716850e-06,1.712898e-07,2.283150e-07,2.590847e-08,1.527820e-08,3.589970e-08,1.139789e-05,1.599977e-07
15.527344,8.578929e-06,1.147979e-05,2.210376e-05,6.165018e-06,4.497706e-08,3.220511e-06,5.266082e-07,4.202109e-06,1.785689e-06,1.081108e-05,5.529473e-06,6.816438e-06,1.290067e-05,2.997275e-06,9.011638e-06,2.791847e-06,3.005740e-08,1.887553e-06,2.626193e-07,4.884537e-07,6.423323e-08,1.997051e-08,5.034682e-08,1.133551e-05,1.946742e-07
15.576172,7.514790e-06,9.412911e-06,2.257313e-05,1.070671e-05,4.467617e-08,3.693601e-06,1.014504e-06,3.118911e-06,2.143148e-06,6.008868e-06,6.074934e-06,5.153448e-06,8.887250e-06,2.919166e-06,5.557321e-06,7.912842e-06,8.339061e-08,2.379399e-06,7.318092e-08,2.193881e-07,9.965116e-08,9.571556e-09,6.964089e-08,1.397664e-05,1.326024e-07
15.625000,6.072596e-06,8.022023e-06,2.053307e-05,1.528681e-05,1.188000e-07,3.723473e-06,1.313922e-06,3.621932e-06,2.395011e-06,2.835839e-06,6.180015e-06,3.186249e-06,3.242929e-06,2.135634e-06,8.854282e-06,9.816522e-06,1.212195e-07,3.723598e-06,3.297123e-07,8.868067e-08,5.192686e-08,3.592243e-08,4.731153e-08,7.041680e-06,1.327418e-07
15.673828,4.440126e-06,7.047198e-06,1.570181e-05,1.715512e-05,1.645516e-07,3.883521e-06,1.160730e-06,4.902467e-06,2.177759e-06,3.075117e-06,5.698664e-06,3.292323e-06,4.250597e-06,2.288923e-07,1.623763e-05,1.074871e-05,1.094612e-07,2.360071e-06,1.790754e-07,3.839412e-07,2.263252e-08,3.393549e-08,1.017950e-07,6.827933e-06,5.385309e-08
15.722656,2.861330e-06,5.841717e-06,1.283124e-05,1.484666e-05,1.774565e-07,4.214922e-06,7.108561e-07,5.536443e-06,1.791701e-06,4.754770e-06,5.310752e-06,4.131509e-06,7.145472e-06,2.544596e-06,2.053779e-05,2.775371e-06,6.976119e-08,2.623609e-06,2.354125e-07,4.152623e-07,9.255427e-08,5.644736e-08,2.583457e-08,1.400622e-05,1.686955e-07
15.771484,1.539676e-06,4.219422e-06,1.469824e-05,9.623892e-06,1.800363e-07,4.433692e-06,4.651745e-07,5.356704e-06,1.068444e-06,5.694047e-06,4.953982e-06,4.201542e-06,7.152808e-06,4.031624e-06,1.661759e-05,7.534649e-06,7.797221e-08,3.783450e-06,2.829091e-07,2.753744e-07,1.289276e-07,5.401358e-08,3.288035e-08,5.807927e-06,1.426565e-07
15.820312,5.731948e-07,2.600488e-06,1.629708e-05,8.648492e-06,1.851186e-07,4.510775e-06,7.806566e-07,4.948475e-06,1.418560e-06,4.619428e-06,4.064949e-06,5.007960e-06,7.099004e-06,4.267505e-06,1.084479e-05,8.309884e-06,9.402871e-08,1.201826e-06,4.646292e-07,5.048747e-07,1.141648e-07,4.657868e-08,7.368113e-08,8.649390e-06,1.455108e-07
15.869141,2.465490e-07,1.592485e-06,1.733964e-05,1.518886e-05,1.883915e-07,4.559896e-06,1.039741e-06,4.547136e-06,2.699975e-06,7.054818e-07,2.770340e-06,4.930587e-06,5.138798e-06,2.602794e-06,1.191206e-05,6.514650e-06,2.762004e-08,3.231407e-06,4.294400e-07,7.477082e-07,7.884276e-08,7.327768e-08,1.847572e-08,7.720983e-06,2.034348e-07
15.917969,7.092797e-07,1.178439e-06,2.244082e-05,2.157920e-05,1.897521e-07,4.480281e-06,1.003490e-06,3.587507e-06,3.839125e-06,6.565241e-06,1.431380e-06,3.482883e-06,5.976729e-06,3.359126e-07,1.389237e-05,4.716435e-06,3.440807e-08,1.191949e-06,3.111101e-07,5.838440e-07,4.646772e-08,9.655667e-08,5.327627e-08,8.274784e-06,1.731652e-08
15.966797,1.195656e-06,6.671445e-07,3.024961e-05,2.493863e-05,1.919810e-07,4.091078e-06,7.086872e-07,1.999318e-06,4.203644e-06,1.215740e-05,1.121515e-06,3.209094e-06,7.760673e-06,1.331705e-06,1.190063e-05,2.910501e-06,7.067851e-08,4.354315e-06,1.281675e-07,4.905614e-07,1.149552e-07,6.292520e-08,7.651634e-08,1.121384e-05,1.027844e-07
16.015625,1.713405e-06,7.505266e-07,3.572358e-05,2.446442e-05,1.911224e-07,3.332455e-06,4.262253e-07,1.121460e-06,3.606129e-06,1.238009e-05,4.635532e-06,3.705526e-06,7.767789e-06,2.380731e-06,1.257378e-05,3.605740e-06,4.671943e-08,5.051065e-06,1.171113e-07,3.897491e-07,1.312621e-07,2.545853e-08,8.630213e-08,4.348702e-06,1.248925e-07
16.064453,2.243836e-06,2.151704e-06,3.721474e-05,2.046176e-05,1.825428e-07,2.249482e-06,4.399477e-07,2.485814e-06,3.588970e-06,7.583951e-06,7.064033e-06,4.339462e-06,8.079992e-06,2.929807e-06,1.444463e-05,8.035985e-06,4.342947e-08,8.294433e-07,1.473158e-07,4.250518e-08,1.016093e-07,4.666048e-08,3.074710e-08,1.017499e-05,2.157107e-07
16.113281,2.750591e-06,3.681785e-06,3.725090e-05,1.448671e-05,1.667433e-07,1.412953e-06,3.669950e-07,4.039102e-06,4.413821e-06,2.067827e-06,6.644304e-06,4.878248e-06,5.115440e-06,2.941553e-06,1.607535e-05,1.331958e-05,6.491487e-08,2.369183e-06,2.722025e-07,3.465564e-07,1.402290e-07,1.000128e-08,3.810857e-08,9.593740e-06,7.817914e-08
16.162109,3.197198e-06,4.744872e-06,3.851331e-05,9.336224e-06,1.456049e-07,1.972896e-06,2.235032e-09,4.500338e-06,4.337697e-06,3.113635e-06,5.831659e-06,3.783111e-06,2.794297e-06,2.887966e-06,1.431996e-05,1.714383e-05,5.243862e-08,4.407063e-06,1.694916e-07,3.299502e-07,7.856771e-08,1.527468e-08,2.616948e-08,1.300618e-05,1.436755e-07
16.210938,3.525397e-06,4.920670e-06,3.905896e-05,7.740578e-06,1.184299e-07,2.710604e-06,4.622888e-07,3.354243e-06,2.960248e-06,7.250723e-06,6.940306e-06,1.796884e-06,3.646864e-06,2.665950e-06,1.056267e-05,1.577841e-05,2.709756e-08,5.053031e-06,7.177954e-08,4.043331e-07,3.981135e-08,4.229840e-08,2.273679e-08,9.932118e-06,3.395182e-08
16.259766,3.651568e-06,4.440687e-06,3.499482e-05,8.657669e-06,8.542956e-08,2.815599e-06,7.039061e-07,1.945986e-06,1.766182e-06,1.123967e-05,6.889496e-06,2.793811e-06,4.319421e-06,1.964587e-06,1.129621e-05,1.531848e-05,1.042664e-08,3.545226e-06,1.164863e-07,6.486237e-07,3.086465e-08,3.065863e-08,3.671659e-08,8.000053e-06,1.135519e-07
16.308594,3.522889e-06,4.605612e-06,2.560100e-05,9.555940e-06,5.580799e-08,2.515557e-06,6.277163e-07,2.703612e-06,2.085134e-06,1.405860e-05,5.753499e-06,4.597460e-06,5.612511e-06,1.373499e-06,6.021823e-06,1.157903e-05,2.424052e-08,4.697454e-06,1.320878e-07,5.714246e-07,6.137649e-08,1.965620e-08,1.105946e-08,5.632533e-06,5.652057e-08
16.357422,3.197969e-06,6.059229e-06,1.581226e-05,8.637387e-06,4.659550e-08,2.327082e-06,7.711472e-07,3.542221e-06,1.294237e-06,1.465242e-05,4.413833e-06,5.652326e-06,6.368474e-06,7.537414e-07,5.679997e-06,1.272064e-05,5.223230e-08,2.168436e-06,1.700489e-07,6.398375e-07,1.052244e-07,8.073162e-08,2.349892e-08,7.740515e-06,4.198546e-08
16.406250,2.867457e-06,7.467816e-06,1.633084e-05,4.368370e-06,5.000036e-08,2.404041e-06,1.330773e-06,3.916786e-06,1.509624e-06,1.279229e-05,3.822333e-06,5.072812e-06,4.503386e-06,2.443693e-06,4.516959e-06,1.586371e-05,6.587557e-08,1.722890e-06,2.929841e-07,6.128840e-07,7.205779e-08,8.927378e-08,4.972506e-08,5.587195e-06,8.989118e-08
16.455078,2.712438e-06,7.707802e-06,2.278300e-05,3.104686e-06,4.669817e-08,2.638396e-06,1.815548e-06,4.502109e-06,3.590563e-06,1.037578e-05,5.346332e-06,3.427210e-06,3.500387e-06,3.513654e-06,1.811474e-06,1.244974e-05,3.228822e-08,5.275782e-06,3.569206e-07,7.215658e-07,5.298810e-08,5.444212e-08,2.059776e-08,3.625215e-06,4.678439e-08
16.503906,2.677943e-06,6.560371e-06,2.604901e-05,1.108287e-05,3.249748e-08,3.006700e-06,2.064415e-06,4.972252e-06,4.639882e-06,8.785156e-06,5.293807e-06,3.988307e-06,3.882978e-06,2.292755e-06,1.508708e-06,4.560475e-06,3.100984e-08,6.419282e-06,4.255305e-07,4.167932e-07,5.873075e-08,4.263558e-08,6.155241e-08,7.073671e-06,3.783695e-08
16.552734,2.551991e-06,4.542479e-06,2.499974e-05,1.618728e-05,6.238188e-09,3.418344e-06,2.124516e-06,4.957810e-06,4.968138e-06,7.806350e-06,5.044526e-06,3.591631e-06,3.617277e-06,8.742847e-07,6.045361e-06,4.306164e-06,5.719599e-08,3.363750e-06,1.628076e-07,2.261152e-07,1.231730e-07,3.933958e-08,6.502956e-08,1.856061e-06,7.401188e-08
16.601562,2.262027e-06,2.612703e-06,2.072242e-05,1.670408e-05,3.817545e-08,3.662491e-06,2.039709e-06,4.574128e-06,4.807395e-06,6.634755e-06,7.378540e-06,1.544776e-06,7.289977e-06,6.361903e-07,9.241413e-06,8.115325e-06,4.852158e-08,3.905940e-06,7.065428e-08,9.933854e-08,1.121076e-07,3.731031e-08,4.365217e-08,1.129903e-05,2.958374e-08
16.650391,2.025815e-06,1.929558e-06,1.395080e-05,1.519512e-05,8.517079e-08,3.634688e-06,1.705619e-06,3.641460e-06,3.960553e-06,4.486009e-06,8.475545e-06,3.472699e-06,1.019499e-05,1.468273e-06,8.868765e-06,1.019372e-05,6.307801e-08,6.453928e-06,7.311901e-08,2.100025e-07,2.927699e-09,2.167978e-08,4.925117e-08,9.588665e-06,5.917965e-08
16.699219,2.188532e-06,2.500202e-06,5.391630e-06,1.679081e-05,1.224376e-07,3.406898e-06,1.021879e-06,2.368885e-06,2.963700e-06,5.276501e-06,7.052632e-06,2.670981e-06,1.362543e-05,1.470656e-06,8.168935e-06,6.463881e-06,6.985513e-08,7.269551e-06,1.518781e-07,2.394934e-07,2.029041e-08,2.475764e-08,1.703989e-08,5.772540e-06,1.226262e-07
16.748047,2.679650e-06,3.346222e-06,5.635495e-06,1.997878e-05,1.461821e-07,2.966447e-06,3.290696e-07,1.504399e-06,2.439950e-06,7.374630e-06,4.569861e-06,1.690428e-06,1.545301e-05,2.260955e-06,1.166767e-05,5.773325e-06,6.186965e-08,4.313150e-06,2.826127e-07,9.005088e-07,9.515854e-08,8.545434e-09,2.395688e-08,5.870571e-06,5.811109e-08
16.796875,3.129346e-06,4.127321e-06,1.332989e-05,2.000897e-05,1.702660e-07,2.320052e-06,7.369103e-07,9.169160e-07,2.260059e-06,7.258791e-06,2.762086e-06,3.150916e-06,1.161338e-05,1.831603e-06,1.333099e-05,7.625229e-06,6.482415e-08,3.088470e-06,6.647266e-08,8.054096e-07,1.921941e-08,8.086280e-09,1.715128e-08,2.740454e-06,1.943237e-08
16.845703,3.305273e-06,4.604863e-06,1.743028e-05,1.594859e-05,2.012590e-07,2.115174e-06,9.676128e-07,2.241523e-06,2.409635e-06,5.810043e-06,1.901766e-06,4.039172e-06,4.132128e-06,6.654804e-07,8.774078e-06,8.202429e-06,5.165631e-08,2.049345e-06,2.639242e-07,4.490910e-07,7.157458e-08,6.521755e-08,2.713958e-08,9.727371e-06,7.810726e-08
16.894531,3.170847e-06,4.724817e-06,1.707543e-05,1.011952e-05,2.207657e-07,2.797953e-06,1.073160e-06,3.882862e-06,2.801849e-06,2.477936e-06,1.062713e-06,4.834076e-06,5.283827e-06,3.579949e-07,3.451890e-06,1.390303e-06,3.718655e-08,9.815672e-07,1.058199e-07,3.300032e-07,9.627086e-08,7.599151e-08,4.033160e-08,3.677818e-06,5.676303e-08
16.943359,2.837090e-06,4.698979e-06,1.364366e-05,5.864204e-06,2.093659e-07,3.643060e-06,1.464352e-06,4.774166e-06,2.845795e-06,5.334334e-06,1.730737e-06,4.906454e-06,9.241291e-06,9.683668e-07,5.692440e-06,5.322038e-06,4.646189e-08,3.458608e-06,6.608375e-08,7.462750e-07,7.329902e-08,1.794790e-08,2.656117e-08,1.024397e-05,8.245825e-08
16.992188,2.480045e-06,4.706979e-06,9.305622e-06,4.818569e-06,1.666185e-07,4.228600e-06,1.710981e-06,5.190707e-06,2.201977e-06,1.355102e-05,3.609537e-06,4.418742e-06,8.602204e-06,1.524418e-06,3.839389e-06,2.987680e-06,3.656150e-08,4.611120e-06,7.553660e-08,4.991418e-07,6.630587e-08,1.835361e-08,3.150046e-08,2.817041e-06,1.499006e-07
17.041016,2.204783e-06,4.651837e-06,4.986432e-06,5.145905e-06,1.119958e-07,4.297890e-06,1.466658e-06,5.113072e-06,1.207238e-06,1.873976e-05,4.165200e-06,4.226281e-06,5.767827e-06,1.856570e-06,2.621553e-06,5.168215e-06,3.355975e-08,3.395644e-06,8.409602e-08,2.444670e-07,3.938362e-08,7.190751e-08,5.677464e-08,1.482684e-05,1.208891e-07
17.089844,1.952721e-06,4.417851e-06,3.468221e-06,5.547154e-06,8.261078e-08,3.652886e-06,8.436338e-07,4.528088e-06,1.009917e-06,1.808634e-05,3.036208e-06,3.827483e-06,4.605529e-06,1.159481e-06,6.828633e-06,6.955824e-06,2.553393e-08,1.258986e-06,1.805188e-08,2.996146e-07,9.034122e-08,7.811033e-08,4.893690e-08,1.855158e-05,1.045280e-07
17.138672,1.597922e-06,4.218105e-06,8.978705e-06,6.214797e-06,9.850571e-08,2.548084e-06,1.326244e-07,4.226273e-06,1.657661e-06,1.223632e-05,2.349284e-06,2.745100e-06,4.284617e-06,1.100818e-06,1.280921e-05,8.356360e-06,6.300983e-09,1.912730e-06,8.555342e-08,3.845716e-07,8.920405e-08,6.769254e-08,3.326360e-08,1.014906e-05,2.854312e-08
17.187500,1.102376e-06,4.487633e-06,1.391039e-05,8.396545e-06,1.193870e-07,1.626607e-06,4.925489e-07,3.826939e-06,2.290969e-06,5.176263e-06,2.523362e-06,1.270666e-06,4.573772e-06,1.823305e-06,1.171867e-05,7.632313e-06,1.114823e-08,2.640398e-06,1.388346e-07,2.064858e-07,6.607684e-08,5.582342e-08,5.963684e-08,7.446123e-06,5.266620e-08
17.236328,5.857803e-07,5.282068e-06,1.491651e-05,1.197999e-05,1.180113e-07,1.125479e-06,9.197819e-07,2.389838e-06,2.489869e-06,3.036554e-06,1.953043e-06,1.227728e-06,8.102390e-06,1.676772e-06,6.442209e-06,7.694899e-06,2.088983e-08,2.040520e-06,2.305670e-07,8.817721e-08,1.044534e-07,4.185251e-08,3.047510e-08,1.683716e-06,7.086635e-08
17.285156,4.781261e-07,6.171779e-06,1.100633e-05,1.533204e-05,9.061346e-08,7.492195e-07,1.052198e-06,1.899800e-06,1.664074e-06,1.316645e-06,2.555769e-06,3.491767e-06,1.203990e-05,9.480607e-07,2.297950e-06,1.035941e-05,3.891076e-08,2.900513e-06,2.164376e-07,2.083232e-07,1.126216e-07,4.391582e-09,6.992670e-08,1.641227e-06,2.897389e-08
17.333984,7.973433e-07,6.730300e-06,4.856692e-06,1.737348e-05,5.605587e-08,4.679343e-07,9.079616e-07,3.142833e-06,1.261702e-07,5.895945e-06,3.804551e-06,5.020692e-06,1.339805e-05,7.222308e-07,5.342203e-06,9.361086e-06,3.210982e-08,4.570335e-06,2.385596e-07,8.356368e-08,7.899356e-08,4.251488e-08,8.062228e-08,6.364375e-06,5.164397e-08
17.382812,1.075259e-06,6.780313e-06,8.085112e-06,1.828774e-05,7.019752e-08,7.024963e-08,7.264679e-07,3.350679e-06,2.037341e-06,1.169378e-05,4.171818e-06,5.824816e-06,1.263475e-05,9.367764e-07,8.665571e-06,6.633412e-06,2.140594e-08,4.390095e-06,1.238348e-07,2.141903e-07,5.504059e-08,5.527539e-08,9.975504e-08,4.810848e-06,8.503833e-08
17.431641,1.270861e-06,6.411742e-06,1.415121e-05,1.917733e-05,1.172444e-07,6.020283e-07,7.325008e-07,3.529395e-06,3.343513e-06,1.335621e-05,3.599492e-06,5.359345e-06,8.225146e-06,6.326776e-07,8.745175e-06,4.710304e-06,1.671698e-08,1.675682e-06,1.795786e-07,9.089439e-08,6.057494e-08,3.575561e-08,6.122415e-08,7.383163e-06,3.463627e-08
17.480469,1.427813e-06,5.831400e-06,1.802206e-05,2.080380e-05,1.571710e-07,1.198773e-06,9.456232e-07,4.621205e-06,4.038135e-06,1.139298e-05,2.239033e-06,4.003156e-06,2.918183e-06,9.260900e-07,9.389606e-06,2.987009e-06,1.314367e-08,3.179135e-06,2.012985e-07,5.504573e-07,4.308414e-08,3.009130e-08,3.873434e-08,4.268944e-06,2.911287e-08
17.529297,1.547343e-06,5.088640e-06,2.234603e-05,2.267055e-05,1.827773e-07,1.444576e-06,1.255824e-06,5.372535e-06,4.442555e-06,8.299234e-06,1.289685e-06,3.529835e-06,7.165550e-06,1.940599e-06,1.004047e-05,4.606250e-06,8.371136e-09,8.891482e-07,2.097084e-07,3.961106e-07,4.122666e-08,9.891911e-09,2.531141e-08,5.180922e-06,1.739270e-08
17.578125,1.598038e-06,4.005159e-06,2.945536e-05,2.392846e-05,1.973129e-07,1.319514e-06,1.380244e-06,5.270916e-06,4.684041e-06,4.653617e-06,3.318473e-06,3.532015e-06,8.358606e-06,1.667738e-06,7.911388e-06,4.735660e-06,1.355656e-08,2.895069e-06,1.174893e-07,3.515834e-07,2.835487e-08,1.098906e-08,2.012109e-08,5.887084e-06,2.397645e-08
17.626953,1.574500e-06,2.480876e-06,3.707527e-05,2.460979e-05,2.040970e-07,9.173117e-07,1.149482e-06,4.342005e-06,4.615719e-06,1.107283e-06,5.214992e-06,2.784252e-06,7.362960e-06,6.355681e-07,6.503761e-06,7.656622e-06,2.706304e-08,3.091290e-06,1.417939e-07,3.673309e-07,4.216239e-08,4.656954e-08,8.878167e-09,8.188031e-06,2.629317e-08
17.675781,1.511599e-06,1.017328e-06,4.172672e-05,2.541247e-05,2.012305e-07,6.276033e-07,6.902743e-07,2.703384e-06,3.909655e-06,2.517264e-06,5.702346e-06,1.576252e-06,6.828017e-06,9.942923e-07,6.841619e-06,9.300533e-06,9.644938e-09,3.451384e-06,5.593801e-08,4.198377e-07,9.983383e-08,4.293796e-08,3.963566e-08,9.927080e-06,3.090322e-08
17.724609,1.438415e-06,1.629806e-06,4.207700e-05,2.629682e-05,1.846368e-07,1.049813e-06,3.304564e-07,1.202357e-06,2.729171e-06,4.035882e-06,5.354422e-06,1.804993e-06,3.858078e-06,1.041472e-06,4.978669e-06,8.102866e-06,1.026426e-08,6.598703e-06,1.615273e-07,2.223767e-07,9.501665e-08,3.049685e-08,3.582027e-08,3.476210e-06,4.623463e-08
17.773438,1.331938e-06,2.543836e-06,3.940216e-05,2.598494e-05,1.542581e-07,1.638389e-06,2.998507e-07,1.592206e-06,2.430964e-06,3.777746e-06,5.279325e-06,3.136684e-06,4.053253e-06,3.586784e-07,1.563429e-06,2.213574e-06,7.536616e-09,5.304446e-06,1.802191e-07,8.866829e-08,2.122502e-08,3.158092e-08,4.155770e-08,6.159763e-06,1.707828e-08
17.822266,1.138733e-06,2.600514e-06,3.598977e-05,2.322719e-05,1.160184e-07,2.404574e-06,3.446994e-07,2.233491e-06,2.877701e-06,3.033420e-06,4.742045e-06,3.981366e-06,6.550952e-06,2.306172e-06,6.428032e-06,3.491585e-06,1.964179e-08,2.350879e-06,9.536153e-08,3.073157e-07,2.132707e-08,8.592037e-09,2.850653e-08,5.363694e-06,7.968475e-08
17.871094,8.372226e-07,2.018454e-06,3.259022e-05,1.830728e-05,7.912476e-08,3.133426e-06,3.531317e-07,2.319504e-06,2.678039e-06,4.407131e-06,3.940932e-06,3.888102e-06,6.554266e-06,3.692681e-06,7.356218e-06,3.530445e-06,9.576087e-09,2.842475e-06,1.391619e-07,2.901376e-07,6.771244e-08,3.562112e-08,5.689451e-08,4.631374e-06,4.495284e-08
17.919922,4.823730e-07,2.051372e-06,2.817612e-05,1.381633e-05,5.364898e-08,3.200354e-06,2.864653e-07,1.965340e-06,2.597592e-06,5.594726e-06,4.390372e-06,3.424706e-06,7.716173e-06,3.698743e-06,1.246783e-05,4.746458e-06,1.631770e-08,4.076533e-06,2.149787e-07,4.522331e-07,4.658038e-08,3.948332e-08,4.620516e-08,4.532305e-06,8.333377e-08
17.968750,2.888579e-07,3.267320e-06,2.352946e-05,1.287573e-05,5.344709e-08,2.516296e-06,1.153532e-07,1.434726e-06,2.835192e-06,7.141642e-06,4.920732e-06,2.809368e-06,7.644384e-06,2.059065e-06,1.779957e-05,9.195643e-06,3.806576e-08,2.644643e-06,1.859129e-07,3.851830e-07,4.883708e-08,4.033788e-08,4.327861e-08,1.271629e-05,1.252124e-07
18.017578,4.355921e-07,4.581367e-06,2.487763e-05,1.378879e-05,7.915309e-08,2.011680e-06,1.694678e-07,1.573106e-06,2.151342e-06,1.007761e-05,4.708089e-06,1.696459e-06,5.936314e-06,1.272644e-06,1.667938e-05,9.554577e-06,4.456526e-08,1.059327e-06,1.877795e-07,3.100799e-07,8.061882e-08,2.371236e-08,2.964237e-08,1.721468e-05,3.845854e-08
18.066406,5.746487e-07,5.475114e-06,3.535920e-05,1.374349e-05,1.113252e-07,2.265115e-06,5.562468e-07,2.344931e-06,1.337200e-06,1.285305e-05,3.643523e-06,1.040590e-06,7.267153e-06,1.488060e-06,1.036943e-05,6.463596e-06,2.879605e-08,1.272323e-06,9.399440e-08,3.518469e-07,4.103411e-08,3.362616e-08,6.500884e-09,1.452152e-05,3.317399e-08
18.115234,6.258055e-07,5.819999e-06,4.856064e-05,1.353990e-05,1.327360e-07,2.311571e-06,1.000103e-06,2.747858e-06,2.414277e-06,1.427039e-05,1.992254e-06,2.359850e-06,9.760673e-06,6.668254e-07,4.350013e-06,1.277344e-06,2.447086e-08,2.176645e-06,1.219523e-07,2.402030e-07,2.749907e-08,2.518333e-08,1.213423e-08,9.876574e-06,6.807659e-08
18.164062,6.837277e-07,5.579896e-06,5.854521e-05,1.453943e-05,1.333047e-07,1.858377e-06,1.407815e-06,2.996879e-06,3.407752e-06,1.516670e-05,1.823943e-06,3.401919e-06,1.193727e-05,4.101431e-07,9.309342e-06,4.023359e-06,3.014602e-09,2.120343e-06,1.127223e-07,1.533500e-07,4.468140e-08,3.149672e-08,5.740850e-08,9.266340e-06,5.144417e-08
18.212891,8.459947e-07,4.740241e-06,6.198531e-05,1.531623e-05,1.149187e-07,1.400438e-06,1.647726e-06,3.700766e-06,3.644629e-06,1.696403e-05,1.548051e-06,2.765741e-06,1.188942e-05,7.484342e-07,1.010163e-05,4.334525e-06,7.167352e-09,4.888012e-06,1.373721e-07,2.230195e-07,4.662881e-08,4.117797e-08,6.707585e-08,7.399554e-06,9.799906e-08
18.261719,1.094931e-06,3.404273e-06,5.798961e-05,1.412150e-05,9.215906e-08,1.637166e-06,1.615013e-06,4.321544e-06,3.247128e-06,1.744691e-05,1.491740e-06,1.362070e-06,7.311406e-06,8.637405e-07,6.687062e-06,4.590415e-06,1.903065e-08,7.480154e-06,1.152891e-07,3.057639e-07,3.067286e-08,2.934082e-08,2.027899e-08,4.631724e-06,2.423579e-08
18.310547,1.352288e-06,2.029078e-06,4.805579e-05,1.109197e-05,8.078289e-08,2.301661e-06,1.333730e-06,4.354551e-06,2.666637e-06,1.477348e-05,3.624799e-06,3.316127e-06,4.469602e-06,1.014320e-06,4.161750e-06,4.286991e-06,2.629393e-08,8.322754e-06,1.165784e-07,4.214777e-07,5.025337e-09,3.407653e-08,2.102561e-10,7.143158e-06,2.370267e-08
18.359375,1.532990e-06,2.014297e-06,3.539186e-05,7.607715e-06,7.778058e-08,2.700420e-06,9.761636e-07,3.656862e-06,2.358075e-06,1.244832e-05,4.471987e-06,4.519840e-06,1.023460e-05,9.115997e-07,3.272284e-06,4.341155e-06,1.937452e-08,8.559772e-06,8.410847e-08,1.857353e-07,1.697527e-08,1.701753e-08,2.680047e-09,5.117986e-06,8.484760e-09
18.408203,1.555172e-06,3.419158e-06,2.335469e-05,4.791058e-06,7.142759e-08,2.547155e-06,7.341895e-07,2.190149e-06,2.200285e-06,1.269514e-05,4.065505e-06,4.275109e-06,1.094655e-05,9.136672e-07,1.505629e-06,5.271854e-06,9.188614e-09,5.329789e-06,7.359235e-08,1.020010e-07,3.046570e-08,1.479593e-08,8.888184e-09,6.832843e-06,2.830760e-08
18.457031,1.372468e-06,4.967096e-06,1.350423e-05,2.631579e-06,6.060682e-08,1.960005e-06,6.022588e-07,1.124997e-06,2.054085e-06,1.158371e-05,3.795726e-06,3.332388e-06,7.594511e-06,9.847500e-07,5.730893e-06,5.244277e-06,1.123695e-08,2.738210e-06,1.196134e-07,1.140420e-07,1.995125e-08,2.559077e-08,3.671112e-08,8.269041e-06,5.194331e-08
18.505859,1.018167e-06,6.252314e-06,5.124220e-06,9.986091e-07,5.090029e-08,1.299011e-06,4.017631e-07,1.999035e-06,2.373023e-06,9.182998e-06,3.375316e-06,2.443448e-06,5.594472e-06,1.111117e-06,6.732808e-06,4.086316e-06,1.610422e-08,2.554710e-06,1.147336e-07,7.147159e-08,5.547743e-08,2.331932e-08,1.919386e-08,4.832740e-06,3.194425e-08
18.554688,6.397784e-07,7.004288e-06,3.168331e-06,2.114427e-06,4.575820e-08,9.017551e-07,1.848952e-07,2.545503e-06,2.970141e-06,8.130460e-06,2.304506e-06,2.604271e-06,5.234108e-06,1.417359e-06,3.971954e-06,1.029246e-06,1.542756e-08,4.626767e-06,1.276248e-07,1.318128e-07,5.674930e-08,4.370884e-09,2.345050e-08,4.793570e-06,4.129970e-08
18.603516,5.095308e-07,6.975927e-06,9.614185e-06,3.697768e-06,4.437563e-08,7.469979e-07,5.682769e-07,2.551190e-06,3.141210e-06,7.210493e-06,1.767215e-06,3.088935e-06,4.201310e-06,1.277160e-06,1.825717e-06,2.887055e-06,1.965167e-08,3.520380e-06,1.170574e-07,3.558231e-07,2.490598e-08,6.535334e-09,4.630814e-09,4.748790e-06,4.357822e-08
18.652344,6.285770e-07,6.122624e-06,1.324591e-05,4.288088e-06,4.457822e-08,8.211309e-07,9.539020e-07,2.191613e-06,2.826452e-06,5.405849e-06,2.555588e-06,3.079697e-06,3.665600e-06,8.328592e-07,2.899635e-06,3.728755e-06,2.531244e-08,1.461241e-06,1.602067e-07,5.161131e-07,2.307326e-08,1.098417e-08,1.832101e-08,9.100286e-06,5.015943e-08
18.701172,7.341867e-07,4.793376e-06,1.358270e-05,3.540367e-06,4.397130e-08,1.291493e-06,1.086331e-06,1.628193e-06,2.203049e-06,3.446302e-06,3.577359e-06,3.479513e-06,8.969280e-07,9.700823e-07,4.482078e-06,2.207053e-06,2.467225e-08,2.521294e-06,1.444490e-07,4.621817e-07,3.138432e-08,2.017717e-08,2.513681e-08,1.227387e-05,2.546347e-08
18.750000,8.195643e-07,3.794711e-06,1.299271e-05,1.852571e-06,3.997559e-08,1.813931e-06,9.574434e-07,1.171815e-06,1.350061e-06,1.736878e-06,4.324026e-06,3.652292e-06,3.697925e-06,9.266501e-07,5.663091e-06,8.641544e-07,1.966433e-08,2.720419e-06,6.085978e-08,1.621363e-07,3.324461e-08,2.618392e-08,1.361193e-08,1.212844e-05,4.893166e-08
18.798828,9.521592e-07,3.833024e-06,1.505660e-05,3.112864e-07,3.387035e-08,2.108906e-06,6.847230e-07,8.876276e-07,8.437813e-07,2.854258e-06,4.498465e-06,2.556990e-06,5.985748e-06,3.940711e-07,6.541876e-06,5.472952e-07,9.721239e-09,5.256702e-07,3.306429e-08,2.488242e-07,4.249262e-08,2.544225e-08,2.952987e-08,1.104533e-05,2.711784e-08
18.847656,1.100923e-06,4.498576e-06,1.885150e-05,3.776510e-07,3.720671e-08,2.138328e-06,3.606658e-07,6.081306e-07,9.348295e-07,4.318321e-06,4.060965e-06,8.645247e-07,6.834755e-06,4.858533e-07,5.293580e-06,5.470756e-07,1.116779e-08,1.950276e-06,4.116217e-08,2.779829e-07,3.669848e-08,1.728597e-08,2.949978e-08,2.912740e-06,7.602374e-08
18.896484,1.192184e-06,5.223329e-06,2.111241e-05,1.216500e-06,5.202912e-08,1.949476e-06,3.261836e-08,6.580365e-07,8.059806e-07,3.898302e-06,3.425363e-06,1.044982e-06,5.031214e-06,1.351209e-06,4.423370e-06,1.976810e-06,1.384912e-08,3.412840e-06,1.828071e-07,1.616572e-07,6.968828e-09,1.523120e-08,1.428820e-08,1.788502e-06,6.114424e-08
18.945312,1.195250e-06,5.889881e-06,2.035972e-05,3.553415e-06,6.283206e-08,1.597743e-06,3.577067e-07,1.444843e-06,3.704358e-07,3.897119e-06,3.083557e-06,1.397779e-06,3.824414e-06,1.697238e-06,5.074736e-06,5.627544e-06,4.803813e-09,1.926123e-06,2.245657e-07,1.188761e-07,2.953799e-08,1.022473e-08,1.435033e-08,3.010673e-06,1.071956e-07
18.994141,1.118323e-06,6.348021e-06,1.692636e-05,5.937156e-06,6.179131e-08,1.198657e-06,6.373396e-07,2.216886e-06,2.919959e-07,6.471098e-06,2.870907e-06,3.725282e-07,2.178413e-06,1.725437e-06,5.192522e-06,6.996857e-06,2.583904e-09,5.574713e-06,9.942983e-08,2.688963e-07,1.318013e-08,2.817218e-09,1.689025e-08,3.721231e-06,1.121170e-07
19.042969,9.796012e-07,6.280398e-06,1.218303e-05,7.198327e-06,5.610763e-08,9.100862e-07,7.701421e-07,2.876993e-06,9.467683e-07,8.319681e-06,2.334961e-06,7.394432e-07,2.967277e-06,1.654606e-06,2.519028e-06,7.596815e-06,3.089600e-09,7.194604e-06,9.416687e-08,2.432617e-07,1.511070e-08,1.629133e-08,1.485384e-08,2.341892e-06,3.226825e-08
19.091797,8.052047e-07,5.503087e-06,8.219673e-06,6.851761e-06,6.036462e-08,7.613320e-07,7.300340e-07,3.185138e-06,1.208036e-06,8.456245e-06,1.566156e-06,5.844662e-07,3.822977e-06,1.356275e-06,1.272786e-06,3.731004e-06,5.270401e-09,4.341771e-06,5.456978e-08,1.707565e-07,1.837249e-08,1.079411e-08,2.202537e-08,6.937974e-06,5.005031e-08
19.140625,6.409965e-07,4.250487e-06,7.955862e-06,5.438221e-06,7.108012e-08,6.257170e-07,5.520506e-07,2.795812e-06,9.760035e-07,7.786286e-06,1.069591e-06,5.408923e-07,3.787756e-06,6.260809e-07,6.422502e-06,3.925414e-06,5.676174e-09,3.996753e-06,5.388483e-08,1.625440e-07,7.186112e-09,1.431834e-08,3.963227e-08,5.633345e-06,3.273580e-08
19.189453,5.403104e-07,3.248142e-06,1.094402e-05,4.517986e-06,7.576384e-08,5.138263e-07,3.597375e-07,2.222045e-06,6.184821e-07,7.091295e-06,7.559858e-07,1.684728e-06,4.486862e-06,4.646999e-07,1.255297e-05,7.226168e-06,5.621635e-09,9.820553e-07,1.067343e-07,5.928557e-08,1.796171e-08,1.514604e-08,4.916239e-08,4.972665e-06,5.119754e-08
19.238281,5.282748e-07,3.123305e-06,1.414999e-05,5.122426e-06,7.202155e-08,5.288809e-07,3.267727e-07,2.151652e-06,7.152329e-07,6.277656e-06,1.449174e-06,1.942820e-06,3.215528e-06,1.760450e-07,1.284585e-05,5.926617e-06,7.306060e-09,2.624696e-06,1.505135e-07,8.055113e-08,2.346820e-08,1.559734e-08,3.437055e-08,3.806604e-06,5.569337e-08
19.287109,5.817268e-07,3.300955e-06,1.633670e-05,6.202384e-06,6.315353e-08,5.704622e-07,3.519642e-07,2.041680e-06,1.252787e-06,5.341128e-06,1.865828e-06,1.063733e-06,6.871663e-08,7.881558e-07,8.451085e-06,3.937100e-06,6.734683e-09,3.002999e-06,1.646607e-07,2.068943e-07,9.804922e-09,1.496789e-08,2.439561e-08,8.542997e-06,3.850109e-08
19.335938,6.326833e-07,3.042961e-06,1.783181e-05,6.942924e-06,5.015901e-08,6.528198e-07,2.994255e-07,1.563248e-06,1.888840e-06,4.819541e-06,9.612406e-07,4.688734e-07,3.079231e-06,1.485583e-06,5.175876e-06,2.220496e-06,2.837368e-09,3.600862e-06,8.714782e-08,3.996914e-07,1.586784e-08,7.857840e-09,1.891317e-08,9.063918e-06,7.859787e-08
19.384766,5.970261e-07,2.335716e-06,2.009571e-05,7.085257e-06,3.267189e-08,7.509740e-07,2.199913e-07,1.134799e-06,2.283037e-06,4.040891e-06,1.105233e-06,8.826943e-07,4.380742e-06,1.890606e-06,3.376889e-06,1.467201e-06,2.533117e-09,2.778957e-06,4.143244e-08,4.076623e-07,1.267739e-08,1.233676e-08,1.160721e-08,1.277159e-06,2.598343e-08
19.433594,4.305008e-07,1.784745e-06,2.401394e-05,6.482308e-06,1.474755e-08,6.599573e-07,1.560903e-07,1.470403e-06,2.221959e-06,1.892645e-06,1.662318e-06,9.554790e-07,5.336207e-06,2.095822e-06,4.489412e-06,1.898511e-06,6.383402e-09,2.448011e-06,1.817679e-08,2.475824e-07,2.663998e-08,8.668404e-09,9.527838e-09,8.321487e-06,1.851806e-08
19.482422,1.943344e-07,2.013197e-06,2.854460e-05,5.425772e-06,9.192400e-09,4.982746e-07,2.220827e-07,1.764404e-06,1.882192e-06,1.171840e-06,1.413970e-06,2.082900e-07,6.215672e-06,2.503390e-06,6.928438e-06,3.547269e-06,5.091458e-09,1.594258e-06,6.003231e-08,2.037891e-07,4.958276e-08,2.844148e-09,1.131078e-08,5.775431e-06,7.531974e-08
19.531250,2.354854e-07,2.497798e-06,3.201890e-05,4.588995e-06,1.218406e-08,6.557657e-07,4.274981e-07,1.371700e-06,1.638751e-06,3.345987e-06,2.393284e-06,7.520708e-07,5.491718e-06,2.452041e-06,7.424967e-06,4.425268e-06,7.142220e-09,2.032895e-06,8.902107e-08,9.720591e-08,2.370899e-08,2.555643e-09,1.483381e-08,2.612830e-06,8.877801e-08
19.580078,3.856765e-07,2.692459e-06,3.371060e-05,4.338905e-06,1.279514e-08,7.689901e-07,5.585855e-07,7.506017e-07,1.263020e-06,3.635425e-06,2.659226e-06,9.772422e-07,3.279506e-06,1.491178e-06,6.420185e-06,2.591783e-06,1.281164e-08,7.425854e-07,8.418592e-08,6.088918e-08,2.493117e-08,6.267671e-09,2.849584e-08,1.107150e-05,9.281673e-08
19.628906,3.615435e-07,2.512038e-06,3.405801e-05,5.674075e-06,2.334646e-08,6.901763e-07,5.762354e-07,7.370593e-07,4.461957e-07,2.342906e-06,1.934158e-06,1.342705e-06,1.813639e-06,6.838546e-07,4.269875e-06,5.844252e-06,8.471644e-09,1.477544e-06,5.335546e-08,1.072170e-07,1.759852e-08,1.072989e-08,2.740425e-08,8.953895e-06,6.179151e-08
19.677734,1.793349e-07,2.056366e-06,3.378539e-05,9.138106e-06,4.053365e-08,7.832708e-07,6.239990e-07,7.049601e-07,4.314873e-07,1.225833e-06,2.403068e-06,1.713667e-06,2.659529e-06,7.534372e-07,2.205887e-06,6.562576e-06,1.588680e-09,3.110966e-06,3.496691e-09,6.271142e-08,2.162385e-08,7.208407e-09,1.888152e-08,4.736367e-06,6.202915e-08
19.726562,2.444510e-07,1.487691e-06,3.294560e-05,1.295376e-05,5.453625e-08,1.055866e-06,7.255017e-07,4.473255e-07,8.344796e-07,1.290225e-06,3.361995e-06,1.832514e-06,2.301079e-06,4.605198e-07,2.097718e-06,4.707722e-06,2.725313e-09,2.703777e-06,9.411048e-08,1.296623e-07,1.412258e-08,2.445697e-09,1.622104e-08,2.784880e-06,4.268549e-08
19.775391,4.926293e-07,1.095080e-06,3.099929e-05,1.526214e-05,5.921941e-08,1.282410e-06,7.404403e-07,4.910050e-07,9.322302e-07,1.219277e-06,3.864785e-06,1.968167e-06,1.491066e-06,6.871337e-08,2.694853e-06,2.787513e-06,4.800044e-09,1.539066e-06,1.547105e-07,1.388497e-07,3.004197e-08,9.364457e-09,8.693292e-09,4.918578e-06,2.786724e-08
19.824219,6.105457e-07,1.231990e-06,2.749753e-05,1.530242e-05,5.382984e-08,1.464155e-06,6.509876e-07,7.041590e-07,1.096070e-06,2.915291e-06,3.825367e-06,2.195317e-06,1.516416e-06,4.909701e-07,9.316069e-07,3.437614e-06,1.239022e-08,2.949667e-06,1.873037e-07,3.642371e-07,2.083592e-08,2.791337e-09,1.049358e-08,5.525938e-06,1.585182e-08
19.873047,5.923841e-07,1.638142e-06,2.226635e-05,1.349347e-05,4.449373e-08,1.549239e-06,5.649599e-07,7.115617e-07,9.252373e-07,5.077289e-06,3.291516e-06,2.161728e-06,3.974466e-06,3.458163e-07,3.442440e-07,4.528266e-06,1.632763e-08,2.472327e-06,1.515270e-07,2.384611e-07,9.086750e-09,1.161467e-08,9.359855e-09,4.226419e-06,7.185150e-09
19.921875,5.882627e-07,1.948174e-06,1.523472e-05,1.073854e-05,3.907367e-08,1.471314e-06,5.594564e-07,5.885510e-07,7.688751e-07,6.132188e-06,2.339848e-06,1.768830e-06,4.874225e-06,1.958869e-07,2.812650e-06,7.100372e-06,1.156189e-08,1.929190e-06,8.651530e-08,1.046910e-07,6.298191e-09,8.255046e-09,9.084760e-09,9.110155e-07,1.250143e-08
19.970703,7.114893e-07,2.109568e-06,6.646464e-06,7.700039e-06,3.529083e-08,1.329794e-06,5.701040e-07,7.706881e-07,1.324345e-06,5.474781e-06,1.205830e-06,1.219572e-06,3.021604e-06,6.539366e-07,5.764062e-06,8.276069e-06,5.214884e-09,1.914106e-06,9.145591e-08,1.599684e-07,1.948092e-08,1.081145e-08,1.347013e-08,4.106271e-06,1.610083e-08
20.019531,8.573251e-07,2.253276e-06,2.534426e-06,4.795852e-06,2.606740e-08,1.196275e-06,4.916771e-07,1.532131e-06,1.738401e-06,4.046624e-06,6.423202e-07,7.649831e-07,6.138289e-07,7.169386e-07,6.666627e-06,7.309532e-06,3.337207e-09,1.559884e-06,1.567903e-08,8.042005e-08,1.294096e-08,1.588650e-08,1.818504e-08,6.525477e-06,1.185813e-08
20.068359,9.428658e-07,2.490777e-06,1.027712e-05,2.421657e-06,1.383176e-08,9.198067e-07,3.232706e-07,2.582641e-06,1.695117e-06,4.486646e-06,5.487890e-07,9.106298e-07,1.964868e-06,4.442295e-07,6.458384e-06,5.138013e-06,7.600236e-09,2.430852e-06,4.490278e-08,1.330896e-07,1.419417e-08,1.033909e-08,9.098039e-09,5.779528e-06,2.156549e-08
20.117188,9.980197e-07,2.751616e-06,1.469329e-05,1.727671e-06,1.571694e-08,4.099886e-07,2.465906e-07,3.442442e-06,1.235738e-06,5.465599e-06,4.873974e-07,9.701859e-07,2.684391e-06,1.118818e-06,5.111902e-06,1.664677e-06,9.492616e-09,1.456804e-06,4.985886e-08,1.322345e-07,1.679201e-08,4.874117e-09,1.047497e-08,1.968841e-06,2.478544e-08
20.166016,1.055167e-06,2.853635e-06,1.463867e-05,3.864218e-06,2.398051e-08,1.827618e-07,3.246913e-07,3.587246e-06,1.124586e-06,4.964590e-06,3.711184e-07,6.470023e-07,2.591993e-06,1.363342e-06,4.170034e-06,2.396317e-06,8.817687e-09,1.291921e-06,1.377718e-07,1.964436e-07,1.263402e-08,8.317329e-09,8.064620e-09,2.227526e-06,8.853963e-09
20.214844,1.068818e-06,2.645766e-06,1.063608e-05,6.200948e-06,2.616734e-08,5.557010e-07,3.387863e-07,2.734806e-06,1.817218e-06,4.561707e-06,8.397423e-07,2.124527e-07,2.111889e-06,1.350744e-06,3.474287e-06,3.543756e-06,6.272465e-09,1.223701e-06,1.370778e-07,1.683596e-07,1.904337e-08,9.490250e-09,1.039441e-08,5.165130e-06,1.831779e-08
20.263672,9.902644e-07,2.083775e-06,5.365230e-06,7.088708e-06,2.330651e-08,5.319983e-07,2.539526e-07,1.172477e-06,2.254798e-06,5.944468e-06,9.462777e-07,2.740006e-07,3.830434e-06,1.239006e-06,2.334489e-06,1.681501e-06,8.835872e-09,1.442649e-06,1.019964e-07,2.270239e-08,4.145341e-08,8.075869e-09,1.619951e-08,7.052672e-06,2.912665e-08
20.312500,8.572402e-07,1.308711e-06,5.334216e-06,5.610641e-06,1.902548e-08,1.380535e-07,1.423060e-07,7.834694e-07,2.160954e-06,7.625813e-06,5.518433e-07,5.909695e-07,6.864431e-06,9.482772e-07,3.619130e-06,1.116819e-06,1.151069e-08,1.246794e-06,4.205585e-08,2.947317e-08,3.709395e-08,6.271768e-09,1.380930e-08,3.547600e-06,4.943530e-08
20.361328,7.635063e-07,9.731941e-07,8.127343e-06,2.245728e-06,1.505436e-08,4.119333e-07,1.388559e-07,1.821348e-06,1.752791e-06,8.336276e-06,7.207387e-07,1.024024e-06,7.388333e-06,1.056172e-06,3.306898e-06,1.300849e-06,6.863868e-09,2.319833e-06,3.095222e-08,1.996809e-07,9.463769e-09,4.091396e-09,1.421249e-08,5.516553e-06,1.889746e-08
20.410156,7.138417e-07,1.597792e-06,8.714555e-06,3.920348e-06,1.140794e-08,8.588947e-07,1.940907e-07,2.258754e-06,1.158497e-06,7.567258e-06,1.827548e-06,1.647681e-06,5.603609e-06,8.342133e-07,1.668606e-06,1.947527e-06,4.300852e-09,2.561376e-06,7.390854e-08,1.784042e-07,5.479326e-09,4.756720e-09,3.827732e-09,2.716446e-06,2.063848e-08
20.458984,6.138406e-07,2.300418e-06,8.138172e-06,8.509310e-06,9.070976e-09,1.051615e-06,1.984121e-07,2.108177e-06,5.743266e-07,6.102958e-06,2.802438e-06,2.130696e-06,3.158796e-06,4.943380e-07,2.374592e-06,2.926915e-06,6.995316e-09,2.273414e-06,4.926238e-08,1.280140e-07,7.427624e-09,1.270484e-08,6.497920e-09,3.571072e-06,3.872012e-08
20.507812,4.458913e-07,2.757937e-06,9.043763e-06,1.182432e-05,1.085101e-08,1.036750e-06,1.671775e-07,1.592661e-06,9.229007e-07,5.257771e-06,3.289477e-06,2.378588e-06,2.336823e-06,8.646977e-07,3.705107e-06,3.901015e-06,5.488358e-09,2.871576e-06,4.176815e-08,1.757840e-07,1.544190e-08,1.159372e-08,7.090990e-09,2.632964e-06,8.441493e-09
20.556641,3.695487e-07,3.008876e-06,1.081236e-05,1.322430e-05,1.630459e-08,1.082450e-06,1.505448e-07,1.339444e-06,1.146625e-06,4.571314e-06,4.010878e-06,2.312845e-06,3.878864e-06,9.266822e-07,3.771570e-06,5.521614e-06,6.544568e-09,2.168337e-06,6.559318e-08,3.730397e-08,7.247018e-09,1.192949e-08,1.222771e-08,3.440771e-06,1.969208e-08
20.605469,4.744645e-07,3.145812e-06,1.092082e-05,1.272458e-05,2.177217e-08,1.378703e-06,1.652717e-07,1.342546e-06,8.735316e-07,3.739633e-06,4.369289e-06,1.807390e-06,3.475562e-06,9.700078e-07,6.571319e-06,5.199156e-06,6.886555e-09,1.115631e-06,1.084612e-07,3.709210e-08,1.240204e-08,6.757748e-09,1.016280e-08,6.958835e-06,2.689114e-08
20.654297,5.486757e-07,3.150386e-06,8.453591e-06,1.059151e-05,2.431190e-08,1.717790e-06,2.361190e-07,1.052445e-06,1.132721e-06,4.705573e-06,3.459451e-06,1.492404e-06,2.735648e-06,1.279602e-06,6.707550e-06,2.910519e-06,3.261953e-09,7.411311e-07,6.828343e-08,1.943319e-07,1.162520e-08,2.885667e-09,1.147462e-08,6.564111e-06,2.164236e-08
20.703125,4.913418e-07,2.960753e-06,4.417650e-06,7.290944e-06,2.237935e-08,1.842221e-06,3.579405e-07,7.181557e-07,1.537153e-06,6.974596e-06,1.839341e-06,1.709141e-06,2.228885e-06,1.428090e-06,5.259088e-06,2.779415e-06,6.366407e-09,2.488364e-06,9.369319e-08,2.343754e-07,1.449955e-08,3.305094e-09,8.037523e-09,2.487933e-06,7.656663e-09
20.751953,3.463447e-07,2.675833e-06,2.751263e-06,4.390640e-06,1.609538e-08,1.687727e-06,4.430013e-07,6.786838e-07,1.560293e-06,8.456180e-06,9.220387e-07,2.012334e-06,2.871228e-06,1.168673e-06,6.361830e-06,1.436201e-06,8.318363e-09,3.500736e-06,6.347779e-08,2.967009e-07,1.235990e-08,2.533529e-09,3.979634e-09,4.557118e-06,1.896887e-08
20.800781,2.639014e-07,2.579018e-06,4.630031e-06,5.399933e-06,8.649358e-09,1.450320e-06,3.981093e-07,6.227451e-07,1.707005e-06,8.151777e-06,1.268915e-06,2.191911e-06,3.795986e-06,7.043248e-07,5.417042e-06,3.139003e-06,1.097385e-08,7.016158e-07,1.481733e-08,2.231517e-07,1.034653e-08,3.886515e-09,1.141302e-08,9.070562e-07,3.984148e-08
20.849609,3.419357e-07,2.760071e-06,4.700116e-06,7.889714e-06,1.163817e-08,1.417847e-06,2.248752e-07,3.593511e-07,1.851771e-06,5.627374e-06,1.220576e-06,2.378721e-06,4.048163e-06,2.801488e-07,4.478358e-06,1.929259e-06,9.983378e-09,2.432201e-06,2.088217e-08,1.280889e-07,2.144012e-08,2.390161e-09,1.069189e-08,8.815312e-06,2.920209e-08
20.898438,4.630496e-07,2.930630e-06,2.895788e-06,8.841883e-06,2.016377e-08,1.496503e-06,2.425893e-07,1.285633e-07,1.587513e-06,2.366228e-06,1.091417e-06,2.281916e-06,3.300471e-06,7.837607e-08,4.351842e-06,4.790252e-06,6.172412e-09,2.731633e-06,4.354123e-08,2.086895e-07,2.018238e-08,5.023812e-09,5.454635e-09,1.022601e-05,6.322350e-09
20.947266,5.714977e-07,2.846171e-06,3.270214e-06,8.101532e-06,2.536115e-08,1.433339e-06,4.481423e-07,4.016121e-07,1.118735e-06,4.565977e-06,1.326627e-06,1.809865e-06,1.727270e-06,2.322676e-07,3.176873e-06,6.228914e-06,5.794040e-09,2.775209e-06,5.389357e-08,1.587961e-07,2.044083e-08,5.347035e-09,6.679194e-09,3.042299e-06,1.245642e-08
20.996094,6.379261e-07,2.549186e-06,6.057946e-06,7.020272e-06,2.566243e-08,1.246846e-06,5.101489e-07,6.788700e-07,8.550380e-07,6.206930e-06,1.261862e-06,1.333111e-06,6.027696e-07,3.969836e-07,3.923675e-06,4.962618e-06,7.286644e-09,2.111882e-06,4.261261e-08,1.146631e-07,3.861356e-09,6.423564e-09,6.755030e-09,1.067810e-05,2.027434e-08
21.044922,6.178490e-07,2.279199e-06,8.216771e-06,6.891201e-06,2.278640e-08,1.046868e-06,3.957337e-07,9.585854e-07,8.972397e-07,5.740761e-06,9.354605e-07,1.068177e-06,2.858247e-06,1.534774e-07,4.936714e-06,3.187482e-06,7.057171e-09,1.404273e-06,5.071877e-08,1.565981e-07,1.325970e-08,1.943113e-09,3.176910e-09,1.135125e-05,6.101189e-09
21.093750,4.955543e-07,2.166681e-06,1.044074e-05,7.239839e-06,2.038167e-08,7.709418e-07,2.447769e-07,9.434154e-07,8.556640e-07,5.430062e-06,7.359958e-07,1.206104e-06,3.629053e-06,2.431049e-07,5.490900e-06,3.335751e-06,3.196402e-09,2.079361e-06,2.678024e-08,1.395559e-07,1.765023e-08,4.781084e-09,5.334783e-09,3.250521e-07,8.239149e-09
21.142578,3.310556e-07,2.047301e-06,1.409763e-05,7.381691e-06,2.063931e-08,5.287484e-07,2.957433e-07,7.460298e-07,5.525322e-07,4.554088e-06,7.093437e-07,1.589624e-06,3.244288e-06,3.429468e-07,4.310172e-06,2.589122e-06,3.253538e-09,2.239724e-06,5.396622e-08,3.374961e-08,2.113355e-08,6.338133e-09,5.177877e-09,1.050926e-06,1.523952e-08
21.191406,2.674367e-07,1.720293e-06,1.840531e-05,7.662961e-06,2.198355e-08,8.522282e-07,4.100676e-07,9.935131e-07,2.594907e-07,2.867359e-06,4.910000e-07,1.711275e-06,3.289785e-06,4.652567e-07,4.509599e-06,2.888183e-06,4.151601e-10,2.091530e-06,7.541795e-08,1.160831e-07,1.436710e-08,3.643675e-09,1.620084e-09,2.395556e-07,6.771312e-09
21.240234,3.018264e-07,1.170183e-06,2.143226e-05,8.407348e-06,2.227104e-08,1.270939e-06,4.566832e-07,1.457839e-06,1.609781e-07,3.439289e-06,5.239199e-07,1.318944e-06,3.927103e-06,6.253013e-07,4.955128e-06,1.436244e-06,2.818245e-09,1.575167e-06,4.540024e-08,1.368402e-07,1.904520e-08,3.731468e-09,1.144270e-08,1.029778e-06,1.894193e-08
21.289062,2.872082e-07,5.979425e-07,2.206365e-05,9.131167e-06,2.075473e-08,1.384508e-06,4.418254e-07,1.794153e-06,4.086498e-08,5.726126e-06,1.376985e-06,1.225955e-06,4.815632e-06,6.853523e-07,1.721144e-06,2.396102e-06,6.258735e-09,8.996132e-07,8.266217e-08,1.333402e-07,1.497418e-08,3.194124e-09,5.999782e-09,1.693121e-06,1.755567e-08
21.337891,2.844191e-07,6.246257e-07,2.067979e-05,9.178446e-06,1.796958e-08,1.184545e-06,3.857458e-07,1.857030e-06,9.313118e-08,8.735956e-06,2.309585e-06,1.632920e-06,4.009040e-06,8.232265e-07,2.712475e-06,3.858898e-06,5.695510e-09,2.217753e-06,9.218279e-08,1.027487e-07,3.824945e-09,5.865997e-09,5.724406e-09,1.557133e-06,1.268473e-08
21.386719,4.458324e-07,1.107727e-06,1.873179e-05,8.410594e-06,1.615008e-08,8.612551e-07,3.048778e-07,1.657332e-06,3.620037e-07,1.040912e-05,2.689864e-06,1.656638e-06,2.091041e-06,9.534411e-07,2.631651e-06,2.733230e-06,4.468326e-09,1.916361e-06,5.250898e-08,1.087740e-07,1.189198e-08,1.502056e-09,4.080297e-09,4.828058e-06,1.266767e-08
21.435547,6.493646e-07,1.543828e-06,1.731269e-05,7.397997e-06,1.735669e-08,6.359609e-07,2.262908e-07,1.207215e-06,8.182687e-07,1.002769e-05,2.517737e-06,1.490341e-06,1.000755e-06,1.025013e-06,1.245620e-06,1.292726e-06,1.893467e-09,1.837734e-06,3.082719e-08,8.799839e-08,9.070411e-09,6.488330e-09,4.490515e-09,3.605892e-06,1.008648e-08
21.484375,7.545004e-07,1.856399e-06,1.605725e-05,6.912122e-06,1.921741e-08,6.223491e-07,1.766811e-07,5.038397e-07,1.349369e-06,8.917806e-06,2.441314e-06,1.184956e-06,7.116695e-07,9.726064e-07,2.632070e-06,1.573370e-06,4.304453e-09,1.687978e-06,3.212387e-08,1.396106e-08,4.933085e-09,5.872258e-09,8.177605e-10,4.860360e-06,1.533814e-08
21.533203,7.131197e-07,2.008917e-06,1.409707e-05,6.936969e-06,1.840559e-08,7.101172e-07,1.604557e-07,8.977120e-07,1.862171e-06,7.782840e-06,2.711803e-06,6.731599e-07,2.066800e-06,7.593855e-07,2.322373e-06,1.852636e-06,6.602565e-09,1.180208e-06,4.863060e-08,2.646371e-08,4.693061e-09,1.924007e-09,4.895005e-09,5.984189e-06,1.228725e-08
21.582031,5.697897e-07,1.964996e-06,1.143680e-05,7.166530e-06,1.482470e-08,7.449793e-07,1.510939e-07,1.586118e-06,2.165464e-06,7.438720e-06,3.042121e-06,1.819809e-07,2.343839e-06,7.893073e-07,4.612506e-06,1.004331e-06,5.234879e-09,1.183458e-06,3.082363e-08,1.089617e-07,8.191668e-09,1.622127e-09,7.527360e-09,5.010473e-06,1.192474e-08
21.630859,4.638335e-07,1.730513e-06,9.056231e-06,7.825462e-06,1.125285e-08,7.836212e-07,1.140849e-07,1.746517e-06,2.089124e-06,7.548101e-06,3.120326e-06,5.451076e-07,1.012815e-06,8.019528e-07,3.734394e-06,1.327551e-06,1.586351e-09,5.114605e-07,2.222462e-08,2.489626e-07,9.738824e-09,1.051418e-09,7.934940e-09,1.330186e-06,1.941504e-08
21.679688,5.116714e-07,1.378731e-06,8.104865e-06,8.565819e-06,9.103414e-09,9.380360e-07,5.456980e-08,1.616123e-06,1.700752e-06,6.273606e-06,3.014694e-06,8.786965e-07,7.773127e-07,5.608318e-07,7.520617e-07,1.951535e-06,2.561592e-09,1.124771e-06,2.744833e-08,1.740884e-07,1.458720e-08,2.134672e-09,5.232930e-09,2.403240e-06,1.415170e-08
21.728516,6.090468e-07,1.016057e-06,8.717114e-06,8.122638e-06,6.116388e-09,1.040005e-06,7.500918e-08,1.466725e-06,1.392301e-06,4.104784e-06,2.831117e-06,6.857935e-07,1.568167e-06,3.740007e-07,2.077589e-06,3.053302e-06,3.728913e-09,1.581864e-06,5.047261e-08,1.171775e-07,1.351874e-08,3.360558e-09,5.168913e-09,2.935403e-06,1.743474e-08
21.777344,6.408262e-07,7.245722e-07,1.008587e-05,5.602481e-06,3.551595e-09,9.084612e-07,1.359215e-07,1.254971e-06,1.494572e-06,2.523954e-06,2.405981e-06,6.029339e-07,1.874761e-06,3.472758e-07,1.876483e-06,4.639386e-06,2.589856e-09,1.188824e-06,4.202452e-08,1.304506e-07,1.059752e-08,1.511055e-09,1.087607e-08,3.256977e-06,1.945665e-08
21.826172,5.844384e-07,6.342679e-07,1.143471e-05,1.293458e-06,6.632051e-09,5.881458e-07,1.763242e-07,1.148892e-06,1.554194e-06,1.278130e-06,1.981541e-06,9.290665e-07,2.145269e-06,2.173494e-07,1.528635e-06,4.915204e-06,1.950903e-09,1.255961e-06,4.756569e-08,8.883106e-08,1.261107e-08,2.046516e-09,1.121079e-08,3.438247e-06,2.069768e-08
21.875000,4.659237e-07,9.110136e-07,1.217379e-05,4.159339e-06,8.452775e-09,2.796689e-07,1.906586e-07,1.344013e-06,1.190442e-06,4.852394e-07,2.024547e-06,1.319615e-06,2.117304e-06,3.648322e-07,2.704215e-06,3.363210e-06,3.104183e-09,2.867248e-06,3.506977e-08,1.235445e-07,1.068545e-08,3.819791e-09,5.181370e-09,5.196709e-06,1.044893e-08
21.923828,3.398641e-07,1.373177e-06,1.190846e-05,8.968915e-06,7.603567e-09,1.423677e-07,1.723197e-07,1.521658e-06,5.885077e-07,8.047537e-07,2.156082e-06,1.587430e-06,2.013183e-06,8.862357e-07,3.232291e-06,1.965263e-06,1.756841e-09,2.759407e-06,3.934188e-08,1.662379e-07,4.448527e-09,2.965965e-09,2.803460e-09,3.594834e-06,2.421931e-08
21.972656,2.991854e-07,1.803443e-06,1.051030e-05,1.253433e-05,8.703624e-09,1.753583e-07,1.209361e-07,1.421671e-06,1.785625e-07,5.274904e-07,1.976223e-06,9.958075e-07,2.061484e-06,9.714163e-07,3.152851e-06,2.886402e-06,3.076875e-09,1.172787e-06,5.316752e-08,1.415565e-07,7.672956e-09,6.665821e-09,3.880321e-09,5.411140e-06,2.204687e-08
22.021484,3.747801e-07,2.124164e-06,8.129876e-06,1.456608e-05,1.230025e-08,2.783823e-07,5.067302e-08,1.102088e-06,3.304386e-08,3.618192e-07,1.613626e-06,7.850317e-07,1.884243e-06,8.493493e-07,4.398771e-06,4.684839e-06,2.143568e-09,7.786602e-07,6.062013e-08,1.211729e-07,7.993526e-09,6.908943e-09,3.373633e-09,4.234263e-06,1.232142e-08
22.070312,4.621846e-07,2.381536e-06,5.215317e-06,1.503854e-05,1.360317e-08,3.076539e-07,4.613573e-08,8.439032e-07,2.139625e-07,8.895749e-07,1.473773e-06,1.166571e-06,2.228401e-06,8.571241e-07,5.056578e-06,5.530843e-06,3.192186e-09,1.230973e-06,3.454920e-08,1.122902e-07,1.086759e-08,4.298077e-09,4.687317e-09,6.326780e-06,1.785885e-08
22.119141,4.867214e-07,2.646027e-06,2.670415e-06,1.390376e-05,1.082646e-08,2.687317e-07,1.348281e-07,7.970911e-07,2.277306e-07,8.900072e-07,1.659666e-06,1.373046e-06,2.601796e-06,6.491624e-07,4.212032e-06,4.389350e-06,3.220448e-09,1.208134e-06,4.819106e-08,1.238881e-07,9.433715e-09,2.284514e-09,8.501160e-09,4.166559e-06,7.113790e-09
22.167969,4.302181e-07,2.887036e-06,2.098566e-06,1.121343e-05,4.942540e-09,3.039474e-07,2.278420e-07,7.370350e-07,7.168232e-08,9.560357e-07,1.455430e-06,1.184166e-06,1.664960e-06,4.464532e-07,2.920194e-06,2.131262e-06,3.072165e-09,4.115880e-07,4.701167e-08,2.183357e-08,4.264453e-09,1.969538e-09,3.224167e-09,4.393611e-06,5.460514e-09
22.216797,3.142398e-07,2.995088e-06,2.385129e-06,7.423577e-06,1.968726e-09,3.667681e-07,3.018133e-07,5.436184e-07,4.432439e-07,1.391266e-06,1.165352e-06,3.239086e-07,1.525352e-06,3.269702e-07,2.132027e-06,2.542768e-06,2.003417e-09,6.226770e-07,5.317319e-08,6.921716e-08,7.488947e-09,3.237156e-09,5.538741e-09,3.220459e-06,1.009689e-08
22.265625,1.830649e-07,2.908400e-06,1.484574e-06,3.531526e-06,7.850748e-09,3.471053e-07,3.559185e-07,3.265108e-07,5.462542e-07,1.839324e-06,1.449047e-06,4.792813e-07,2.661022e-06,2.757482e-07,2.218171e-06,3.280541e-06,3.847557e-09,5.815813e-07,7.975296e-08,8.351109e-08,1.225792e-08,2.869448e-09,9.649929e-09,3.780055e-06,1.137041e-08
22.314453,7.920530e-08,2.676432e-06,2.064144e-06,1.748973e-06,1.151281e-08,2.807311e-07,4.164289e-07,2.187199e-07,3.438025e-07,1.740463e-06,1.834121e-06,9.611244e-07,2.844060e-06,5.144310e-07,9.068967e-07,2.205875e-06,3.491773e-09,4.968985e-07,4.475141e-08,7.780964e-08,1.398889e-08,3.150848e-09,5.430444e-09,2.601586e-06,1.110710e-08
22.363281,2.389555e-08,2.403944e-06,6.138549e-06,2.842470e-06,1.275035e-08,2.443860e-07,4.695937e-07,2.731162e-07,4.249336e-07,8.604645e-07,2.317896e-06,1.625348e-06,2.664072e-06,7.567963e-07,2.403294e-06,1.280151e-06,5.766667e-10,9.929350e-07,9.740285e-09,3.392680e-08,1.301375e-08,3.770278e-09,5.478236e-09,1.305478e-06,1.229256e-08
22.412109,6.882686e-08,2.126306e-06,1.096541e-05,3.099113e-06,1.265229e-08,1.883481e-07,4.574684e-07,4.930033e-07,5.796734e-07,1.087383e-06,2.014543e-06,2.059995e-06,2.868908e-06,7.591847e-07,1.367559e-06,1.523393e-06,2.173068e-09,4.585085e-07,4.815757e-08,8.064643e-08,1.387979e-08,2.471892e-09,3.387265e-09,1.398644e-06,1.827719e-08
22.460938,1.455819e-07,1.767634e-06,1.533704e-05,2.431127e-06,1.246846e-08,7.001411e-08,3.657962e-07,6.984322e-07,3.824697e-07,1.957142e-06,7.007636e-07,2.250288e-06,3.285049e-06,7.171680e-07,1.739788e-06,1.663981e-06,2.958085e-09,7.632675e-07,4.822621e-08,1.058612e-07,8.624297e-09,9.670087e-10,4.507769e-09,2.244639e-07,1.188969e-08
22.509766,2.115032e-07,1.254855e-06,1.825701e-05,2.158341e-06,1.160807e-08,1.511858e-07,2.679955e-07,7.810645e-07,2.398353e-07,3.141732e-06,8.821569e-07,2.328330e-06,3.618690e-06,6.122605e-07,3.685820e-06,1.210149e-06,4.708402e-09,1.775975e-06,3.057640e-08,3.558519e-08,2.844820e-09,1.534794e-09,4.778927e-09,4.511394e-06,2.214126e-08
22.558594,2.372331e-07,6.876412e-07,1.941785e-05,3.167478e-06,8.797677e-09,2.753111e-07,2.407902e-07,7.225268e-07,6.320480e-07,4.161356e-06,1.126928e-06,1.918339e-06,2.779773e-06,3.102586e-07,3.829310e-06,1.010139e-06,5.320035e-09,1.979715e-06,1.831180e-08,1.847886e-08,3.425363e-09,2.683087e-09,2.873869e-09,5.910456e-06,2.230326e-08
22.607422,2.154097e-07,6.701522e-07,1.964604e-05,4.196120e-06,5.006905e-09,3.654410e-07,2.174202e-07,5.636032e-07,8.996757e-07,3.590707e-06,3.737184e-07,1.094812e-06,1.628625e-06,6.619771e-07,3.982889e-06,7.765537e-07,2.568685e-09,6.800059e-07,8.846214e-09,1.616075e-08,5.676850e-09,2.443303e-09,1.318374e-09,6.076921e-06,1.869839e-08
22.656250,1.784119e-07,1.144955e-06,2.041355e-05,4.377758e-06,4.937044e-09,5.104560e-07,1.484575e-07,4.566959e-07,1.081829e-06,1.823828e-06,9.234532e-07,6.504363e-07,8.092829e-07,9.396265e-07,4.370152e-06,1.178832e-06,6.868629e-10,1.543477e-06,2.620581e-08,4.865402e-08,7.878235e-09,7.798014e-10,5.342004e-09,2.728519e-06,1.007037e-08
22.705078,1.938546e-07,1.425010e-06,2.208605e-05,3.879596e-06,6.828151e-09,6.760443e-07,1.266389e-07,4.119599e-07,1.270337e-06,3.060531e-06,1.331887e-06,8.560571e-07,1.431752e-06,1.109492e-06,2.388171e-06,1.263985e-06,1.701975e-09,1.445444e-06,8.852771e-09,8.447499e-08,1.046258e-08,7.014612e-10,2.987000e-09,4.051442e-06,3.529049e-09
22.753906,2.579212e-07,1.323851e-06,2.335812e-05,4.281267e-06,6.692062e-09,7.497758e-07,1.896466e-07,3.564071e-07,1.366972e-06,4.980493e-06,1.242390e-06,9.575482e-07,2.268907e-06,9.527347e-07,7.750282e-07,6.029399e-07,1.536494e-09,1.117533e-06,1.191741e-08,1.588741e-07,2.802976e-09,1.504072e-09,3.689538e-09,5.427392e-06,7.013276e-09
22.802734,3.079398e-07,8.875295e-07,2.284577e-05,6.001801e-06,5.344876e-09,6.890134e-07,2.190784e-07,6.158211e-07,1.281026e-06,5.312056e-06,1.527662e-06,7.480214e-07,2.682540e-06,6.375077e-07,1.835060e-06,1.925248e-06,1.024744e-09,3.951832e-07,3.005222e-08,1.479421e-07,6.793274e-09,1.168973e-09,7.901869e-10,4.732792e-06,1.145510e-08
22.851562,3.124712e-07,6.783626e-07,2.014874e-05,7.178574e-06,4.582872e-09,5.398721e-07,1.911502e-07,9.231232e-07,1.072464e-06,4.225200e-06,1.728150e-06,4.642271e-07,3.893694e-06,6.873153e-07,1.427918e-06,1.644770e-06,1.031730e-09,3.247912e-07,2.800397e-08,1.323177e-07,6.824992e-09,4.315316e-09,1.263910e-09,2.848906e-06,1.230244e-08
22.900391,2.716323e-07,1.369209e-06,1.562618e-05,6.592829e-06,3.520254e-09,3.964332e-07,1.394471e-07,9.954067e-07,8.705762e-07,2.753289e-06,1.310434e-06,5.200373e-07,3.987440e-06,6.605450e-07,1.534993e-06,7.384970e-07,1.027132e-09,5.605888e-07,1.472527e-08,6.533548e-08,5.822648e-09,3.700528e-09,5.194443e-09,8.013216e-06,1.355293e-08
22.949219,2.083008e-07,2.203033e-06,9.839919e-06,4.231529e-06,1.314423e-09,3.037614e-07,1.071716e-07,9.170900e-07,7.450457e-07,2.468683e-06,1.111802e-06,2.572984e-07,3.534625e-06,3.791718e-07,1.428481e-06,1.036042e-06,6.556358e-10,8.992289e-07,2.290887e-08,8.520029e-08,1.475074e-09,3.174168e-09,4.566840e-09,3.493280e-06,2.851489e-09
22.998047,1.617387e-07,2.842841e-06,4.375971e-06,1.263285e-06,4.232858e-09,2.605089e-07,1.207248e-07,9.003651e-07,6.859004e-07,3.687389e-06,1.900943e-06,5.261788e-07,3.234587e-06,8.340854e-08,1.397631e-06,9.417686e-07,1.071129e-09,7.067942e-07,2.393831e-08,1.049201e-07,7.425897e-09,2.300038e-09,5.590086e-09,3.388397e-06,5.016366e-09
23.046875,1.634727e-07,3.193485e-06,7.097278e-06,2.421167e-06,8.503310e-09,4.013730e-07,1.754600e-07,8.825480e-07,6.455913e-07,4.780350e-06,2.525131e-06,1.068939e-06,3.418754e-06,4.115886e-07,1.339683e-06,1.157372e-06,1.397458e-09,2.988988e-07,2.501602e-08,1.155405e-07,8.914395e-09,1.234981e-09,1.381874e-09,8.104638e-07,2.437185e-09
23.095703,1.956177e-07,3.269760e-06,1.317601e-05,4.143510e-06,1.165914e-08,6.053409e-07,2.295236e-07,6.898851e-07,5.798111e-07,4.898741e-06,2.435521e-06,1.238871e-06,2.908262e-06,5.371925e-07,7.265293e-07,2.007435e-06,1.914177e-09,1.654216e-06,1.189467e-08,9.309212e-08,5.794043e-09,3.179601e-09,3.309907e-09,3.269480e-06,8.817423e-09
23.144531,2.290507e-07,3.148298e-06,1.740921e-05,4.654091e-06,1.317186e-08,6.467735e-07,2.488555e-07,3.338937e-07,5.670626e-07,3.987739e-06,1.999080e-06,1.279453e-06,2.097219e-06,3.673334e-07,4.441719e-07,1.989724e-06,1.885360e-09,1.552994e-06,2.016947e-08,5.498964e-08,1.357476e-08,3.559755e-09,2.309935e-09,2.264488e-06,1.434092e-08
23.193359,2.516732e-07,2.920282e-06,1.896995e-05,4.608883e-06,1.320972e-08,4.520867e-07,2.318770e-07,8.559812e-08,7.403225e-07,2.450295e-06,1.914532e-06,1.339470e-06,1.152213e-06,5.344440e-07,9.581147e-07,2.417822e-06,2.274603e-10,4.354007e-07,1.445335e-08,6.985638e-08,1.812395e-08,2.951398e-09,1.927939e-09,2.704883e-06,1.074731e-08
23.242188,2.606064e-07,2.665964e-06,1.885875e-05,4.932421e-06,1.241313e-08,2.189696e-07,1.991281e-07,2.302437e-07,9.107095e-07,1.318807e-06,1.819012e-06,1.123619e-06,6.377663e-07,8.456377e-07,1.115166e-06,2.547734e-06,1.550559e-09,1.305634e-06,2.714069e-08,8.394128e-08,1.171696e-08,3.732162e-09,4.921822e-09,4.686786e-06,3.638479e-09
23.291016,2.628538e-07,2.451556e-06,1.895844e-05,5.771237e-06,1.162774e-08,4.526463e-07,1.670120e-07,2.330669e-07,8.752748e-07,1.984378e-06,1.478521e-06,6.811084e-07,1.157552e-06,9.547946e-07,1.523619e-06,1.715322e-06,1.649075e-09,1.129497e-06,3.878069e-08,7.370407e-08,5.099497e-09,4.589737e-09,7.687438e-09,9.907539e-07,5.642660e-09
23.339844,2.736232e-07,2.306893e-06,1.970720e-05,6.645500e-06,1.119830e-08,6.984522e-07,1.445151e-07,3.900703e-07,7.338290e-07,3.091926e-06,1.291160e-06,3.736288e-07,1.235141e-06,8.869740e-07,1.039441e-06,1.845052e-06,7.190396e-10,6.061932e-07,4.178000e-08,9.214516e-08,7.429065e-09,4.406822e-09,6.447426e-09,5.459772e-06,1.108547e-08
23.388672,2.975377e-07,2.184110e-06,1.960970e-05,7.222373e-06,1.061404e-08,8.066332e-07,1.407179e-07,6.696715e-07,7.385992e-07,4.185061e-06,1.237534e-06,4.721170e-07,8.028766e-07,7.302104e-07,6.983469e-07,2.417821e-06,6.074241e-10,4.803024e-07,2.471716e-08,8.711616e-08,5.245234e-09,2.726377e-09,7.617748e-09,1.345701e-06,2.742356e-10
23.437500,3.168973e-07,1.984400e-06,1.750681e-05,7.440577e-06,9.343072e-09,8.610961e-07,1.426233e-07,9.243823e-07,7.487762e-07,4.750328e-06,1.093844e-06,8.210664e-07,1.172212e-06,3.630024e-07,2.055305e-06,1.635815e-06,5.371782e-10,1.022836e-06,3.445139e-08,5.937599e-08,7.430091e-09,1.861749e-09,7.168919e-09,1.411534e-06,6.993725e-09
23.486328,3.090903e-07,1.658316e-06,1.386716e-05,7.434743e-06,7.639774e-09,9.295334e-07,1.311468e-07,1.123164e-06,5.914437e-07,4.310205e-06,8.896679e-07,9.962941e-07,1.848268e-06,2.081592e-07,2.379746e-06,6.254666e-07,1.419492e-09,1.424456e-06,3.494942e-08,6.300859e-08,4.817090e-09,6.705060e-10,3.662882e-09,7.044138e-07,6.905117e-09
23.535156,2.652217e-07,1.280145e-06,1.036468e-05,7.439774e-06,6.648138e-09,9.536520e-07,1.247561e-07,1.164513e-06,4.667492e-07,3.378512e-06,6.836947e-07,1.014353e-06,2.629749e-06,5.566046e-07,2.807011e-06,7.379250e-07,1.343065e-09,1.181758e-06,1.679964e-08,4.133626e-08,3.044829e-09,1.700844e-09,4.179551e-09,2.669702e-06,9.916587e-09
23.583984,1.937551e-07,1.022313e-06,8.251601e-06,7.529593e-06,7.525974e-09,8.719529e-07,1.536505e-07,9.908914e-07,4.847659e-07,2.819745e-06,4.834043e-07,1.087546e-06,2.946219e-06,6.786437e-07,3.930511e-06,1.889850e-06,7.735579e-10,4.757285e-07,1.095633e-08,3.941702e-08,5.023561e-09,7.668725e-10,4.405266e-09,7.854988e-07,7.064208e-10
23.632812,1.130800e-07,9.408461e-07,6.786213e-06,7.463737e-06,9.905294e-09,7.354812e-07,2.009176e-07,7.512539e-07,3.388978e-07,2.464276e-06,4.308951e-07,1.160022e-06,2.038877e-06,6.724334e-07,4.089097e-06,2.310802e-06,1.686347e-09,6.680471e-07,9.511548e-09,6.742091e-08,5.923599e-09,1.098211e-09,4.640123e-09,2.243541e-06,1.346965e-09
23.681641,4.045520e-08,8.530093e-07,4.850738e-06,7.042652e-06,1.283615e-08,6.730791e-07,2.471586e-07,5.921488e-07,1.088152e-07,2.749281e-06,7.050662e-07,9.593170e-07,5.198476e-07,8.527465e-07,2.844451e-06,2.095527e-06,1.929611e-09,1.806544e-06,1.676303e-08,9.261894e-08,2.642973e-09,6.918154e-10,7.680679e-10,1.966644e-06,1.291322e-09
23.730469,4.446944e-08,6.253808e-07,3.209320e-06,6.479196e-06,1.556565e-08,7.223604e-07,2.706319e-07,4.171660e-07,4.780831e-07,4.012930e-06,1.003948e-06,4.535325e-07,2.919069e-07,9.438102e-07,2.258895e-06,2.065226e-06,1.583960e-09,2.584566e-06,2.734835e-08,1.038773e-07,3.949391e-09,2.077922e-09,2.460763e-09,3.563532e-06,7.646525e-09
23.779297,1.144185e-07,2.903666e-07,4.091924e-06,6.058542e-06,1.732828e-08,7.917664e-07,2.388398e-07,4.747700e-07,7.023538e-07,5.059654e-06,1.031563e-06,1.809034e-07,6.322374e-07,7.312404e-07,2.133402e-06,1.265744e-06,9.385787e-10,2.050300e-06,2.628115e-08,1.200514e-07,2.807998e-09,2.112081e-09,2.416384e-09,1.781624e-06,6.804991e-09
23.828125,1.859907e-07,6.232403e-08,6.098055e-06,5.549135e-06,1.751864e-08,8.173543e-07,1.630627e-07,7.922449e-07,6.676985e-07,5.401722e-06,7.141688e-07,3.448917e-07,1.109905e-06,8.385230e-07,1.019542e-06,1.159604e-06,2.428694e-09,1.993957e-06,2.795750e-08,4.258421e-08,1.223753e-09,1.814427e-09,7.526165e-10,1.596261e-06,1.201991e-08
23.876953,2.400768e-07,3.311572e-07,7.768049e-06,4.731983e-06,1.620222e-08,7.957717e-07,1.672956e-07,8.979245e-07,4.414103e-07,5.260114e-06,3.864607e-07,4.734824e-07,8.183200e-07,1.004735e-06,1.716656e-07,1.966002e-06,2.255892e-09,1.801680e-06,2.791016e-08,1.524477e-07,5.364992e-09,1.076978e-09,3.349911e-09,2.278597e-06,9.614320e-09
23.925781,2.570659e-07,5.722196e-07,8.932448e-06,4.286802e-06,1.437499e-08,7.382039e-07,2.516395e-07,7.080685e-07,1.684955e-07,4.990571e-06,4.960115e-07,3.769296e-07,9.670139e-07,1.097213e-06,2.444040e-06,2.629852e-06,1.408971e-09,8.439118e-07,2.123257e-08,1.162990e-07,4.427931e-09,7.511152e-10,4.401541e-09,5.903524e-07,5.357978e-09
23.974609,2.282404e-07,8.167283e-07,9.604176e-06,4.736105e-06,1.329402e-08,6.485873e-07,3.033692e-07,4.382760e-07,2.520050e-07,5.015724e-06,7.916304e-07,3.806724e-07,1.760021e-06,1.002931e-06,3.496919e-06,2.522321e-06,5.324588e-10,1.214518e-06,6.913605e-10,7.047596e-08,2.690725e-09,5.895431e-10,3.625365e-09,4.146489e-06,6.715606e-09
24.023438,1.662101e-07,1.020117e-06,9.770884e-06,5.014035e-06,1.299564e-08,5.484379e-07,3.311543e-07,3.166990e-07,4.161641e-07,5.452484e-06,1.245523e-06,4.963658e-07,2.371127e-06,7.187326e-07,3.697969e-06,1.278315e-06,1.823713e-09,6.118955e-07,1.361310e-08,5.353362e-08,5.870166e-09,2.859796e-09,2.608050e-09,2.103110e-06,5.934377e-09
24.072266,1.205230e-07,1.106837e-06,9.467914e-06,4.386285e-06,1.237327e-08,4.617568e-07,3.627117e-07,2.618822e-07,4.335613e-07,5.596411e-06,1.566123e-06,4.526772e-07,2.615349e-06,4.260029e-07,3.798309e-06,5.877469e-07,1.423391e-09,5.732732e-07,3.117231e-08,3.325170e-08,4.906891e-09,2.256648e-09,5.646001e-09,3.263846e-06,4.350362e-09
24.121094,1.488819e-07,1.068294e-06,8.721068e-06,3.737326e-06,1.071781e-08,3.663058e-07,3.675984e-07,2.268471e-07,3.691524e-07,4.684848e-06,1.625725e-06,4.296611e-07,2.556719e-06,2.089297e-07,3.269670e-06,8.486556e-07,1.013690e-10,1.452779e-06,3.838154e-08,2.037069e-08,3.695983e-09,1.458005e-09,2.072457e-09,2.000596e-06,5.092261e-09
24.169922,1.961217e-07,9.854681e-07,7.486725e-06,4.477063e-06,8.150825e-09,2.615529e-07,3.172834e-07,2.955238e-07,2.894610e-07,3.060860e-06,1.567585e-06,3.499966e-07,3.039654e-06,9.190703e-08,2.858198e-06,1.506983e-06,3.644556e-10,1.797520e-06,3.256325e-08,3.415984e-08,8.556542e-09,9.703299e-10,2.879114e-09,1.498325e-06,6.460773e-09
24.218750,2.113285e-07,9.354546e-07,5.865812e-06,5.532254e-06,5.142374e-09,2.563656e-07,2.313869e-07,5.082958e-07,1.977155e-07,2.628986e-06,1.411089e-06,2.393143e-07,2.831331e-06,3.916215e-08,1.656965e-06,1.344056e-06,2.305271e-10,1.616404e-06,2.428803e-08,3.982262e-09,4.321513e-09,1.695455e-09,2.496633e-09,1.675756e-06,7.576343e-09
24.267578,1.885726e-07,8.799888e-07,4.448993e-06,5.583090e-06,2.118674e-09,3.491885e-07,1.471213e-07,7.972820e-07,1.646997e-07,3.112708e-06,1.075734e-06,2.310343e-07,1.775129e-06,7.635136e-08,7.963780e-07,1.019070e-06,2.878897e-10,5.413355e-07,2.178384e-08,6.751684e-08,1.416874e-09,1.768663e-09,1.343521e-09,1.195760e-06,8.620776e-09
24.316406,1.469248e-07,7.367687e-07,4.111569e-06,4.518473e-06,9.153006e-10,4.101112e-07,7.594323e-08,1.084528e-06,1.168374e-07,2.761074e-06,6.751112e-07,6.095581e-07,1.095374e-06,1.920941e-07,2.577522e-06,3.052899e-07,9.552026e-10,8.071977e-07,1.807777e-08,8.241699e-08,2.489349e-09,2.036063e-09,2.033838e-09,2.190785e-06,5.517154e-09
24.365234,1.153554e-07,4.976163e-07,4.594351e-06,2.964405e-06,2.910831e-09,3.885558e-07,1.293467e-08,1.268826e-06,3.230870e-07,1.914526e-06,5.407360e-07,6.159389e-07,5.917384e-07,2.537960e-07,3.211806e-06,8.672540e-07,1.715542e-09,1.549180e-06,1.565081e-08,7.554682e-08,2.460693e-09,2.079034e-09,8.630335e-10,1.291545e-06,4.930059e-09
24.414062,1.045239e-07,2.281183e-07,4.948223e-06,1.688087e-06,4.124595e-09,3.009903e-07,3.913641e-08,1.265428e-06,6.038822e-07,1.525899e-06,6.171876e-07,6.410229e-07,6.619027e-07,2.639548e-07,1.702264e-06,6.643065e-07,1.542889e-09,1.168149e-06,9.749736e-09,7.189424e-08,1.862782e-09,8.274878e-10,3.557579e-09,1.546007e-06,5.089358e-09
24.462891,1.083805e-07,1.294784e-08,4.911066e-06,1.356036e-06,4.800218e-09,2.292600e-07,5.730078e-08,1.124751e-06,6.990684e-07,2.148919e-06,6.104798e-07,4.918869e-07,1.665463e-07,2.449567e-07,2.681576e-06,2.086071e-06,6.623108e-10,7.679741e-07,1.106011e-08,3.529709e-08,1.727752e-09,3.474267e-10,4.167802e-09,7.464446e-07,5.719442e-09
24.511719,1.462515e-07,1.802677e-07,4.750586e-06,2.289783e-06,5.755420e-09,2.204631e-07,4.941080e-08,9.130364e-07,6.312332e-07,2.816113e-06,7.799115e-07,2.901247e-07,7.094427e-07,2.031360e-07,1.741218e-06,2.510107e-06,5.370659e-10,9.552807e-07,1.069085e-08,7.501763e-08,1.698193e-09,4.074300e-10,3.285418e-09,1.578966e-06,4.948021e-09
24.560547,2.200927e-07,3.337429e-07,5.000051e-06,3.726708e-06,7.006283e-09,2.438721e-07,5.949012e-08,5.903647e-07,5.312847e-07,2.429044e-06,1.144676e-06,3.267960e-07,1.306785e-06,1.448605e-07,1.003119e-06,2.145674e-06,1.321309e-09,4.863940e-07,1.024724e-08,1.356252e-07,4.118321e-09,5.374210e-11,4.228867e-09,2.739546e-06,4.375318e-09
24.609375,2.958002e-07,4.464143e-07,6.049415e-06,5.087128e-06,7.615809e-09,3.544642e-07,8.682787e-08,2.375086e-07,3.921333e-07,8.591890e-07,1.309306e-06,2.887667e-07,1.690445e-06,1.323614e-07,2.405066e-06,2.230134e-06,9.788912e-10,4.261242e-07,1.435579e-08,9.196259e-08,4.045804e-09,4.320179e-10,2.798721e-09,1.979719e-06,1.287164e-09
24.658203,3.415301e-07,4.511812e-07,7.431030e-06,6.331932e-06,6.967722e-09,4.917085e-07,9.009090e-08,1.245562e-07,2.395675e-07,1.286331e-06,1.237276e-06,4.651930e-07,2.447151e-06,2.644675e-07,1.859580e-06,1.698554e-06,9.749934e-10,1.277249e-07,1.330331e-08,4.555452e-08,3.896508e-09,8.518137e-10,1.464478e-09,2.993898e-06,3.534612e-09
24.707031,3.449664e-07,3.062521e-07,8.145761e-06,7.820792e-06,5.351704e-09,5.344983e-07,6.195365e-08,2.799411e-07,1.733746e-07,3.215509e-06,1.207173e-06,6.261905e-07,3.119680e-06,4.577003e-07,2.022337e-06,7.600578e-07,1.439565e-09,8.885329e-07,8.811380e-09,1.435045e-08,1.460014e-09,1.387881e-09,9.590954e-10,1.605196e-06,2.846431e-09
24.755859,3.216790e-07,1.653422e-07,7.569103e-06,9.498151e-06,3.636554e-09,4.645525e-07,3.827532e-08,6.317522e-07,1.887243e-07,4.275124e-06,1.182341e-06,5.999605e-07,3.042880e-06,5.458949e-07,1.455376e-06,5.841917e-07,1.042774e-09,1.223436e-06,7.509253e-09,2.328576e-08,3.194204e-09,1.032340e-09,1.904523e-09,1.763597e-06,3.411587e-09
24.804688,3.098785e-07,4.610166e-07,6.277866e-06,1.057091e-05,2.200841e-09,3.741991e-07,6.286558e-08,9.551581e-07,1.910846e-07,4.220592e-06,9.179864e-07,1.053900e-06,3.132006e-06,4.919891e-07,1.494820e-06,7.855092e-07,2.915306e-10,1.004036e-06,9.639801e-09,1.778100e-08,2.738103e-09,7.294732e-10,3.358491e-09,3.836177e-06,6.330939e-10
24.853516,3.307474e-07,8.024012e-07,6.378880e-06,1.022331e-05,5.230874e-10,3.446607e-07,8.467767e-08,1.096880e-06,8.978928e-08,3.604936e-06,4.488725e-07,1.248058e-06,3.247413e-06,3.823726e-07,1.589583e-06,1.153741e-06,2.089547e-10,1.083614e-06,2.090028e-08,3.914715e-09,6.069916e-09,3.327505e-10,1.577779e-09,3.937691e-06,5.768167e-09
24.902344,3.578685e-07,1.039463e-06,8.197603e-06,8.392028e-06,1.642655e-09,3.373526e-07,9.206024e-08,1.025715e-06,2.086855e-07,3.599211e-06,7.898397e-08,8.610392e-07,3.227818e-06,3.094845e-07,3.079721e-06,1.866079e-06,9.497661e-10,1.651841e-06,3.468938e-08,1.486525e-08,3.878066e-09,6.293513e-10,2.974561e-09,2.359726e-06,5.990526e-09
24.951172,3.555033e-07,1.142366e-06,9.352631e-06,6.203629e-06,3.443631e-09,3.405225e-07,9.179616e-08,7.651609e-07,4.017162e-07,4.192648e-06,3.372986e-07,8.777196e-07,3.312229e-06,2.673970e-07,3.773650e-06,2.127281e-06,1.341444e-09,9.426562e-07,3.428024e-08,4.594220e-08,1.660189e-09,1.788849e-10,3.240312e-09,3.679398e-06,2.657292e-09
25.000000,3.106535e-07,1.149171e-06,8.390348e-06,5.578585e-06,4.086405e-09,4.016119e-07,8.224319e-08,4.230513e-07,4.667494e-07,4.200999e-06,4.096766e-07,9.349316e-07,2.031270e-06,2.365862e-07,2.902715e-06,1.280272e-06,1.630190e-09,2.881866e-07,2.212777e-08,5.198065e-08,1.636798e-09,5.590763e-10,1.897862e-09,2.224617e-06,2.383307e-09
25.048828,2.323775e-07,1.127813e-06,5.338489e-06,6.224247e-06,3.527130e-09,5.071002e-07,6.531919e-08,1.948977e-07,3.649817e-07,3.307564e-06,3.963162e-07,5.643334e-07,1.684190e-06,2.326520e-07,2.224354e-06,1.700665e-06,1.354633e-09,2.140428e-08,2.100775e-08,4.157089e-08,4.323908e-09,1.576990e-09,4.238310e-10,6.065582e-06,5.339925e-09
25.097656,1.404200e-07,1.118753e-06,2.405250e-06,6.199973e-06,3.222737e-09,6.012867e-07,6.763777e-08,1.102383e-07,2.407652e-07,2.345937e-06,4.186556e-07,2.940823e-07,1.547764e-06,2.622334e-07,3.678710e-06,1.425890e-06,7.233202e-10,6.248495e-07,1.042983e-08,4.535882e-08,4.260402e-09,1.523638e-09,1.120048e-09,2.517247e-06,5.336891e-09
25.146484,5.444583e-08,1.111730e-06,5.135922e-06,5.060976e-06,4.341904e-09,6.325526e-07,9.192703e-08,7.113596e-08,3.269545e-07,2.293257e-06,3.913704e-07,4.504627e-07,7.192806e-07,2.366360e-07,4.246044e-06,4.496357e-07,5.222156e-10,8.762201e-07,5.102626e-09,4.200587e-08,2.594605e-09,4.915004e-10,1.246205e-09,6.204476e-07,2.620713e-09
25.195312,3.145988e-08,1.079451e-06,8.429417e-06,3.598743e-06,5.392196e-09,5.638497e-07,1.040194e-07,2.934569e-07,3.294210e-07,2.825650e-06,2.289357e-07,6.442906e-07,4.210567e-07,2.794076e-07,3.303332e-06,7.814394e-07,1.481751e-09,6.826387e-07,2.042390e-09,4.676639e-08,1.923274e-09,5.261369e-10,1.835168e-09,2.951678e-06,1.545618e-09
25.244141,8.123733e-08,1.011355e-06,1.023880e-05,2.939774e-06,5.475767e-09,4.204353e-07,9.016580e-08,4.598644e-07,2.274167e-07,2.982326e-06,2.228121e-07,4.239828e-07,1.187349e-06,3.227491e-07,2.398648e-06,4.610314e-07,9.477381e-10,7.139160e-07,1.387850e-08,4.702999e-08,1.747046e-09,3.161370e-10,1.842337e-09,4.340417e-06,4.472385e-10
25.292969,1.114957e-07,9.180883e-07,1.064713e-05,3.443042e-06,4.856243e-09,3.649244e-07,5.887596e-08,5.570391e-07,2.261049e-07,2.314185e-06,7.461372e-07,1.651725e-07,1.871414e-06,2.864595e-07,1.442229e-06,6.826808e-07,1.072791e-09,6.404373e-07,8.641534e-09,1.374193e-08,1.591915e-09,7.800037e-10,1.774056e-09,3.868415e-06,4.154055e-09
25.341797,1.134247e-07,8.278365e-07,1.036097e-05,4.671502e-06,4.190658e-09,4.616088e-07,3.105956e-08,6.940203e-07,1.798280e-07,1.453055e-06,1.151649e-06,1.487767e-07,1.479648e-06,3.875212e-07,1.468531e-06,5.443421e-07,1.635538e-10,8.138338e-08,1.374189e-08,4.474380e-08,4.124628e-09,1.869263e-10,1.202099e-09,2.781658e-07,4.050880e-09
25.390625,8.605431e-08,7.820354e-07,1.012359e-05,5.952315e-06,3.699159e-09,4.918816e-07,2.824711e-08,8.278050e-07,5.158096e-08,1.191219e-06,1.219002e-06,2.476276e-07,9.594858e-07,3.819980e-07,2.128451e-06,3.958470e-07,5.469226e-10,3.404176e-07,1.194081e-08,5.820753e-08,3.304523e-09,5.657632e-10,1.791486e-09,4.390022e-06,3.960637e-09
25.439453,3.755607e-08,8.045483e-07,1.023934e-05,6.495931e-06,3.152321e-09,3.721393e-07,3.935293e-08,8.155586e-07,3.466950e-08,1.148357e-06,1.066674e-06,4.722290e-07,5.058087e-07,3.901400e-07,1.241753e-06,6.738005e-07,1.186956e-09,3.965919e-07,8.325741e-09,5.526858e-08,1.219537e-09,3.529252e-10,1.304093e-09,5.602299e-06,2.421366e-09
25.488281,1.868720e-08,8.624794e-07,1.056539e-05,5.971881e-06,2.556561e-09,2.307867e-07,4.963436e-08,6.368360e-07,1.136377e-07,1.366465e-06,1.010855e-06,6.695991e-07,1.033633e-06,4.058004e-07,5.551377e-07,1.125255e-06,1.208321e-09,5.377653e-07,6.642541e-09,1.592797e-08,6.413313e-10,7.347154e-10,9.463755e-10,3.809215e-06,3.659816e-09
25.537109,6.322080e-08,8.914586e-07,1.076193e-05,4.823903e-06,2.234413e-09,2.835924e-07,5.289300e-08,3.803495e-07,2.221840e-07,1.268306e-06,1.013019e-06,7.556643e-07,1.546043e-06,2.034950e-07,8.346847e-07,1.223548e-06,8.067022e-10,9.563108e-07,1.013237e-08,3.021804e-08,3.043586e-09,6.571327e-10,5.947730e-10,1.228970e-06,5.322330e-09
25.585938,9.222488e-08,8.478436e-07,1.041583e-05,3.795328e-06,2.331671e-09,3.492442e-07,4.677902e-08,1.365753e-07,2.488718e-07,9.076811e-07,7.874596e-07,6.068756e-07,1.721725e-06,9.565197e-08,6.527858e-07,9.965751e-07,3.094996e-10,1.163638e-06,1.054230e-08,2.367359e-08,8.751696e-10,8.700577e-10,5.182178e-10,9.807062e-07,2.880876e-09
25.634766,1.129342e-07,7.298212e-07,9.206186e-06,2.856194e-06,2.665566e-09,3.323153e-07,3.965813e-08,9.016917e-08,1.638854e-07,1.397185e-06,3.003091e-07,5.693799e-07,1.586630e-06,8.262320e-08,1.521964e-06,1.345344e-06,3.130034e-10,2.493399e-07,8.852306e-09,2.739746e-08,2.978109e-09,7.567376e-10,1.163057e-09,5.549570e-07,1.695917e-09
25.683594,1.393121e-07,5.718028e-07,7.199557e-06,1.414160e-06,3.007813e-09,2.870476e-07,4.137744e-08,2.123697e-07,1.043961e-07,1.558871e-06,4.086723e-07,5.623057e-07,1.197663e-06,1.792034e-07,1.950593e-06,1.865259e-06,3.858207e-10,5.244496e-07,1.064769e-08,6.187688e-09,1.186742e-09,9.347408e-10,1.425711e-09,6.452919e-07,2.936308e-09
25.732422,1.735160e-07,4.224777e-07,5.012776e-06,5.012893e-07,3.136433e-09,2.271727e-07,4.248617e-08,2.552982e-07,2.454901e-07,8.513384e-07,8.130551e-07,5.320078e-07,1.198645e-06,1.850703e-07,1.509665e-06,2.056767e-06,3.004755e-10,1.660635e-07,1.678533e-08,7.215390e-09,1.249120e-09,3.713089e-10,1.401501e-09,2.049035e-06,2.682232e-09
25.781250,2.068311e-07,3.161129e-07,3.438362e-06,2.169870e-06,2.917061e-09,1.338907e-07,5.333800e-08,2.062156e-07,2.825479e-07,1.128365e-06,8.654095e-07,5.152733e-07,9.713098e-07,1.420004e-07,2.439885e-06,2.286958e-06,1.257484e-10,2.394752e-07,1.412674e-08,2.704780e-08,3.329989e-09,6.512586e-10,9.657831e-10,1.603455e-06,3.997982e-09
25.830078,2.324511e-07,2.611917e-07,2.290975e-06,2.959100e-06,2.452728e-09,1.368102e-07,9.258482e-08,7.534629e-08,1.478958e-07,2.373113e-06,6.638146e-07,3.125095e-07,5.174123e-07,4.183958e-07,2.673601e-06,1.671640e-06,4.532765e-10,4.209969e-07,1.013492e-08,3.034556e-08,4.114916e-09,7.145551e-10,1.067181e-09,5.481820e-07,3.914940e-09
25.878906,2.478256e-07,2.538970e-07,9.116359e-07,2.812073e-06,2.098868e-09,2.500440e-07,1.301309e-07,9.613864e-08,3.485189e-08,3.264918e-06,4.788611e-07,1.279055e-07,2.295849e-07,6.489706e-07,2.429261e-06,7.899245e-07,4.882547e-10,3.192832e-07,8.299463e-09,1.925922e-08,3.813942e-09,7.250528e-10,4.963603e-10,2.169254e-06,1.355199e-09
25.927734,2.503737e-07,2.670570e-07,2.801951e-06,2.294070e-06,2.089565e-09,3.119574e-07,1.372669e-07,1.912188e-07,1.333731e-07,3.759453e-06,2.969080e-07,4.076350e-07,5.517947e-07,6.226945e-07,2.946490e-06,3.862155e-07,6.478726e-10,6.456782e-07,1.046090e-08,3.424215e-08,2.582088e-09,8.601730e-10,8.296556e-10,2.064129e-06,2.142306e-09
25.976562,2.365288e-07,2.567254e-07,5.853040e-06,1.801907e-06,2.134995e-09,2.862573e-07,1.091852e-07,1.415233e-07,2.639032e-07,3.743895e-06,1.225901e-07,4.281306e-07,7.144102e-07,3.487085e-07,1.896551e-06,1.151575e-06,9.549557e-10,5.454126e-07,5.373284e-09,6.571248e-08,1.559604e-09,5.383249e-10,1.640115e-09,3.231987e-06,1.488854e-09
26.025391,2.060399e-07,2.247418e-07,8.167515e-06,1.181854e-06,1.882903e-09,1.943504e-07,6.227217e-08,1.669187e-07,4.171184e-07,3.616100e-06,3.816346e-07,4.715298e-07,9.081001e-07,1.299619e-07,2.133386e-06,1.706296e-06,1.057556e-09,4.059719e-07,7.194216e-09,7.016257e-08,2.489777e-09,4.921306e-10,1.082429e-09,2.390138e-06,3.370450e-09
26.074219,1.656405e-07,2.706813e-07,8.931694e-06,1.826545e-06,1.265083e-09,1.014888e-07,2.689666e-08,3.906622e-07,4.116776e-07,4.507740e-06,5.611062e-07,4.119592e-07,7.178590e-07,2.818247e-07,2.705958e-06,1.452820e-06,9.176951e-10,3.511835e-07,7.901082e-09,5.446007e-08,1.786543e-09,4.869289e-10,1.882190e-09,1.839840e-06,3.145933e-09
26.123047,1.266869e-07,4.226873e-07,7.995396e-06,3.768858e-06,4.583840e-10,7.766798e-08,5.326387e-08,5.188055e-07,2.591124e-07,5.805945e-06,6.889305e-07,2.404288e-07,4.082803e-08,3.983690e-07,2.753877e-06,1.544380e-06,7.463951e-10,3.454343e-07,7.734713e-09,5.766609e-08,2.490693e-09,3.733141e-10,8.813536e-10,2.457097e-07,1.538274e-09
26.171875,9.603389e-08,5.808903e-07,5.849467e-06,5.474335e-06,4.558952e-10,6.222016e-08,8.633014e-08,4.991309e-07,1.734508e-07,6.264023e-06,8.170930e-07,1.745103e-07,5.717797e-07,3.916733e-07,3.076726e-06,2.048286e-06,2.603871e-10,4.103042e-07,5.597767e-09,6.949155e-08,1.832187e-09,7.167664e-10,9.803289e-10,2.709078e-06,3.026106e-09
26.220703,6.943479e-08,6.763284e-07,3.626430e-06,6.216282e-06,9.438765e-10,3.951666e-08,9.680060e-08,3.921639e-07,1.800938e-07,5.559613e-06,8.151666e-07,1.970496e-07,5.330600e-07,4.078680e-07,3.201942e-06,2.593840e-06,4.318163e-10,5.044599e-07,1.168508e-09,6.104364e-08,3.091566e-09,7.491379e-10,1.558192e-09,2.540734e-06,5.206408e-09
26.269531,4.033146e-08,6.855022e-07,3.709887e-06,5.786347e-06,1.010156e-09,6.863186e-08,8.316905e-08,2.512675e-07,1.569515e-07,4.046946e-06,6.328662e-07,2.358082e-07,6.746278e-07,5.185121e-07,2.948748e-06,2.988813e-06,6.816801e-10,4.533604e-07,1.311604e-09,8.843364e-08,3.007233e-09,3.551074e-10,3.405558e-10,1.196427e-06,1.901705e-09
26.318359,1.776879e-08,6.193307e-07,6.002705e-06,4.415215e-06,6.604948e-10,9.406242e-08,6.623344e-08,1.386973e-07,1.335043e-07,2.970128e-06,4.175917e-07,1.833087e-07,1.637024e-06,4.694349e-07,2.890628e-06,1.761351e-06,4.756764e-10,3.012138e-07,3.572809e-09,6.858832e-08,1.799115e-09,3.272224e-10,1.419719e-09,1.604825e-06,4.435749e-09
26.367188,3.266009e-08,5.050949e-07,8.257655e-06,2.602027e-06,5.614045e-10,1.398330e-07,6.086137e-08,1.773190e-07,8.096329e-08,3.219232e-06,4.139392e-07,1.474236e-07,1.742381e-06,4.443780e-07,3.322855e-06,8.952191e-07,3.775724e-10,3.748528e-07,9.486316e-09,2.764983e-08,1.487794e-09,5.729842e-10,2.191896e-09,2.044311e-06,4.517218e-09
26.416016,4.774772e-08,3.705860e-07,9.539624e-06,9.295435e-07,1.294601e-09,2.130009e-07,5.042908e-08,1.832096e-07,3.099067e-08,3.094794e-06,5.606218e-07,2.111932e-07,1.238606e-06,4.365620e-07,3.458120e-06,1.162080e-06,8.300341e-11,7.831932e-07,1.398103e-08,3.424318e-08,3.332833e-09,2.745538e-10,3.750229e-10,9.805510e-07,3.301937e-09
26.464844,4.761221e-08,2.472819e-07,9.519940e-06,2.611467e-07,1.993840e-09,2.633134e-07,2.814111e-08,8.078851e-08,1.032426e-07,2.085353e-06,7.010735e-07,1.424100e-07,8.334847e-07,2.723451e-07,3.104028e-06,1.155761e-06,3.482439e-10,4.904594e-07,4.890737e-09,1.637791e-08,5.865330e-10,2.234972e-10,5.077001e-10,2.319137e-06,1.842416e-09
26.513672,3.376319e-08,1.860656e-07,8.420959e-06,5.891348e-07,2.391746e-09,2.587527e-07,1.192098e-08,8.853186e-08,1.465859e-07,1.671443e-06,8.248717e-07,2.416738e-07,4.094053e-07,1.729743e-07,2.659828e-06,1.155419e-06,7.146003e-10,3.058137e-07,5.603350e-09,1.119276e-08,1.246753e-09,2.719931e-10,1.308904e-09,2.723138e-06,3.774314e-09
26.562500,2.106698e-08,1.929846e-07,7.001554e-06,9.252330e-07,2.496019e-09,2.069363e-07,2.412228e-08,1.771645e-07,1.472235e-07,2.504184e-06,9.475512e-07,3.604645e-07,1.018590e-06,2.825704e-07,2.137919e-06,1.681204e-06,6.471434e-10,5.580006e-07,1.102996e-08,1.375258e-08,1.727135e-09,4.399566e-10,1.561715e-09,3.993803e-06,5.502527e-10
26.611328,3.809665e-08,1.829170e-07,6.173969e-06,1.734232e-06,2.448038e-09,1.381243e-07,3.948540e-08,1.954077e-07,1.417582e-07,3.157335e-06,1.011801e-06,3.525239e-07,1.243019e-06,3.631273e-07,1.392013e-06,1.718595e-06,1.303343e-10,8.629910e-07,8.538762e-09,1.449534e-08,1.393943e-09,4.796746e-10,1.106290e-09,3.370516e-06,6.015619e-10
26.660156,6.451224e-08,1.097327e-07,6.113795e-06,2.441741e-06,2.326370e-09,6.251742e-08,5.003195e-08,2.196457e-07,1.236949e-07,3.033867e-06,9.485913e-07,2.526194e-07,1.295284e-06,2.726972e-07,1.120372e-06,1.794595e-06,4.352425e-10,4.647328e-07,6.962752e-09,1.734492e-08,3.944397e-09,2.549736e-10,6.081888e-10,1.316905e-06,9.706771e-10
26.708984,8.679154e-08,4.785929e-08,6.169321e-06,2.641973e-06,2.094508e-09,5.407026e-08,4.867707e-08,2.805177e-07,6.427145e-08,2.149361e-06,8.267897e-07,2.560644e-07,9.902679e-07,6.158701e-08,1.455592e-06,1.660591e-06,7.819397e-10,4.422036e-07,6.142760e-09,1.401955e-08,4.013353e-09,2.321901e-10,8.660878e-10,2.470500e-06,2.229697e-09
26.757812,1.012615e-07,1.896527e-07,5.901499e-06,2.364831e-06,1.805004e-09,1.664857e-07,3.713989e-08,3.058073e-07,2.437242e-08,1.071863e-06,8.092294e-07,2.999390e-07,6.047817e-07,9.419752e-08,1.551351e-06,1.002529e-06,8.083359e-10,7.350618e-07,5.314471e-09,4.862956e-09,3.197375e-09,6.268954e-10,6.626907e-10,3.453530e-06,1.887800e-09
26.806641,1.069401e-07,3.195406e-07,5.467760e-06,1.839186e-06,1.685581e-09,2.420109e-07,2.778513e-08,2.592009e-07,7.407517e-08,9.028222e-07,8.180744e-07,2.646788e-07,5.514877e-07,3.510584e-08,1.767093e-06,4.218419e-07,6.353495e-10,8.035047e-07,1.300722e-08,1.041252e-08,1.431413e-09,6.398155e-10,1.249347e-09,2.737699e-06,3.541113e-09
26.855469,1.047707e-07,3.950286e-07,5.397899e-06,1.132065e-06,1.757187e-09,2.405360e-07,2.239607e-08,1.506325e-07,1.156560e-07,1.666691e-06,6.646949e-07,2.335529e-07,6.636908e-07,2.257256e-07,1.883086e-06,2.826688e-07,4.440623e-10,7.461552e-07,8.034076e-09,1.756951e-08,1.562307e-09,1.360358e-10,1.524660e-09,2.608584e-06,1.897091e-09
26.904297,9.778374e-08,4.107657e-07,6.066270e-06,1.694138e-06,1.719226e-09,1.947348e-07,1.320723e-08,3.352181e-08,1.092268e-07,2.294854e-06,3.999065e-07,2.736307e-07,8.520712e-07,3.788228e-07,1.676098e-06,6.859057e-07,1.898731e-10,5.715028e-07,2.147719e-09,2.062685e-08,1.396926e-09,2.529167e-10,1.347017e-09,2.150337e-06,4.101549e-09
26.953125,9.137171e-08,3.878974e-07,7.278080e-06,4.147800e-06,1.404748e-09,1.942485e-07,2.321806e-08,1.884905e-07,6.744959e-08,2.722188e-06,2.384146e-07,1.704622e-07,7.702032e-07,3.477040e-07,1.352865e-06,1.468376e-06,5.401443e-10,2.954513e-07,5.605608e-09,1.419536e-08,2.509519e-09,7.406513e-10,1.496364e-09,5.960289e-07,2.844375e-09
27.001953,9.139324e-08,3.569650e-07,8.497975e-06,6.881243e-06,9.388337e-10,2.236921e-07,3.931004e-08,2.939397e-07,1.906666e-07,3.127023e-06,1.880315e-07,1.109767e-07,4.942542e-07,1.646253e-07,7.899358e-07,1.619507e-06,6.646060e-10,4.322583e-07,5.936995e-09,2.899464e-08,3.273313e-09,5.822035e-10,9.737476e-10,1.795282e-06,3.462418e-09
27.050781,9.850500e-08,3.391616e-07,9.117066e-06,8.765119e-06,7.036326e-10,2.163469e-07,4.266726e-08,2.795048e-07,3.182833e-07,3.391311e-06,2.008441e-07,3.402771e-07,5.327623e-07,1.264702e-07,7.005043e-07,1.325048e-06,5.303430e-10,1.646439e-07,1.008285e-08,4.286402e-08,2.530794e-09,5.517641e-10,1.427714e-09,1.245370e-06,3.952893e-09
27.099609,1.066656e-07,3.494983e-07,8.614419e-06,9.070327e-06,9.137100e-10,1.806404e-07,3.704805e-08,2.856594e-07,3.442823e-07,3.562471e-06,2.612961e-07,4.127274e-07,5.567511e-07,9.264041e-08,1.073792e-06,1.443036e-06,4.659526e-10,3.173108e-07,6.423982e-09,5.647034e-09,1.704087e-09,3.978613e-10,2.086117e-09,1.312449e-06,1.219765e-09
27.148438,1.090719e-07,3.993333e-07,6.806140e-06,7.938175e-06,1.183800e-09,1.594985e-07,3.877046e-08,4.198425e-07,2.680695e-07,3.741112e-06,3.232311e-07,3.617800e-07,6.202776e-07,1.014795e-07,9.283886e-07,9.082759e-07,2.707824e-10,2.432117e-07,7.095662e-09,3.758308e-09,1.610560e-09,6.076075e-10,1.813402e-09,2.021167e-06,3.372159e-09
27.197266,1.025478e-07,4.690547e-07,4.075830e-06,6.534231e-06,1.298500e-09,1.745010e-07,4.450689e-08,4.762642e-07,2.144117e-07,3.524648e-06,3.738474e-07,2.872900e-07,8.759109e-07,1.629603e-07,1.996418e-07,7.336317e-07,4.015535e-10,2.052315e-07,4.091947e-09,3.869677e-08,1.508173e-09,6.692437e-10,7.115276e-10,1.637973e-06,1.966349e-09
27.246094,8.799544e-08,5.106486e-07,1.687567e-06,6.081167e-06,1.222918e-09,2.141000e-07,3.873057e-08,3.864982e-07,3.168357e-07,2.663044e-06,3.931783e-07,2.273809e-07,6.746584e-07,1.126511e-07,8.794657e-07,4.187361e-07,5.296330e-10,3.890845e-07,3.125195e-09,3.093882e-08,1.390447e-09,3.555177e-10,3.748750e-10,1.060239e-06,2.026035e-09
27.294922,6.887714e-08,4.830393e-07,2.160516e-06,6.078392e-06,1.059924e-09,2.519437e-07,1.964456e-08,2.361964e-07,4.355000e-07,1.541724e-06,4.314663e-07,1.323743e-07,2.970172e-07,2.264179e-07,1.476376e-06,3.355876e-07,5.393723e-10,3.956933e-07,1.098091e-09,2.900093e-08,3.116066e-09,5.736495e-10,7.192493e-10,3.613874e-06,2.290941e-09
27.343750,4.912203e-08,3.748217e-07,2.791963e-06,5.526683e-06,1.021758e-09,2.663652e-07,1.109233e-08,1.115691e-07,4.505578e-07,9.489327e-07,3.843698e-07,1.158209e-07,3.621011e-07,3.090456e-07,1.195614e-06,7.122220e-07,1.796854e-10,1.392424e-07,4.594696e-09,2.302886e-08,3.373423e-09,1.944131e-10,1.020339e-09,3.193934e-06,2.910725e-09
27.392578,3.195742e-08,2.077753e-07,2.341393e-06,4.630739e-06,1.164108e-09,2.549988e-07,2.912624e-08,4.188151e-08,3.558238e-07,1.180716e-06,1.989659e-07,2.788423e-07,3.761775e-07,2.682169e-07,2.260973e-07,4.730264e-07,2.852604e-10,3.061629e-07,5.852658e-09,1.630279e-08,2.720773e-09,1.725337e-10,3.358548e-10,1.781865e-06,2.934982e-09
27.441406,2.115537e-08,5.462382e-08,2.288831e-06,4.129574e-06,1.306186e-09,2.345401e-07,3.785085e-08,9.732957e-08,2.726187e-07,1.465444e-06,1.361639e-07,4.108489e-07,5.715350e-07,1.619867e-07,1.509574e-06,2.738413e-07,4.978691e-10,7.697355e-07,2.635072e-09,2.069561e-08,1.572890e-09,2.232497e-10,9.981695e-10,1.047957e-06,3.765625e-09
27.490234,2.121114e-08,1.774398e-07,3.555311e-06,3.798107e-06,1.307500e-09,2.299604e-07,3.764775e-08,2.674123e-07,2.539662e-07,1.575881e-06,1.973200e-07,4.910617e-07,5.419143e-07,1.793620e-07,1.964028e-06,2.946647e-07,3.568699e-10,7.998140e-07,4.846779e-09,1.509219e-08,7.143890e-10,1.280740e-10,1.059217e-09,3.348485e-07,1.892742e-09
27.539062,2.759966e-08,3.128467e-07,4.468977e-06,2.931380e-06,1.171016e-09,2.496748e-07,3.506059e-08,4.513171e-07,1.934115e-07,1.489611e-06,2.594786e-07,5.010527e-07,3.138954e-07,1.847997e-07,1.337114e-06,7.448130e-07,1.332538e-10,7.822844e-07,6.832850e-09,2.769265e-08,1.015091e-09,1.713848e-10,4.805557e-10,1.604539e-06,5.524512e-10
27.587891,3.394639e-08,4.059574e-07,4.158725e-06,1.633577e-06,1.113014e-09,2.679830e-07,3.269108e-08,5.057201e-07,1.085021e-07,1.080134e-06,3.109141e-07,4.981225e-07,6.761290e-07,1.649786e-07,1.301338e-06,6.426682e-07,1.365550e-10,8.753458e-07,4.587145e-09,1.483663e-08,1.879745e-09,1.830818e-10,4.448643e-10,8.911592e-07,1.769914e-09
27.636719,3.867341e-08,4.541308e-07,2.660897e-06,1.112076e-06,1.367859e-09,2.489944e-07,2.879127e-08,4.113344e-07,7.407809e-08,3.270502e-07,2.783061e-07,4.709995e-07,8.405714e-07,1.622924e-07,2.089805e-06,5.141032e-07,8.336529e-11,7.262412e-07,2.864836e-09,1.007542e-08,2.105516e-09,3.886382e-10,4.088834e-10,1.486352e-06,2.856513e-09
27.685547,4.173128e-08,4.576007e-07,9.621158e-07,1.556110e-06,1.728108e-09,1.773929e-07,2.445441e-08,3.330688e-07,9.785928e-08,5.061011e-07,2.780395e-07,4.632818e-07,8.494331e-07,8.848041e-08,2.863454e-06,1.414185e-07,1.699445e-10,7.725212e-07,4.080691e-09,1.553174e-08,1.579623e-09,1.859545e-10,3.682752e-10,2.139558e-06,2.053072e-09
27.734375,4.285355e-08,4.210248e-07,2.486990e-06,1.467219e-06,1.890761e-09,7.807898e-08,2.271270e-08,3.592896e-07,1.303145e-07,1.068677e-06,2.846659e-07,5.782543e-07,5.112968e-07,6.058156e-08,2.978941e-06,6.192789e-07,3.260519e-10,9.541280e-07,6.384175e-09,5.147822e-09,1.710753e-09,5.845624e-11,9.956954e-10,2.476576e-06,1.218875e-09
27.783203,4.188549e-08,3.535689e-07,4.579908e-06,6.765977e-07,1.754322e-09,9.425617e-08,2.551009e-08,4.277899e-07,1.166085e-07,1.447046e-06,2.448833e-07,6.805377e-07,3.005961e-07,9.746178e-08,2.914165e-06,8.255827e-07,1.614500e-10,7.112600e-07,1.753110e-09,1.277702e-08,1.620454e-09,1.560002e-10,1.214169e-09,1.148102e-06,3.215676e-10
27.832031,3.998861e-08,2.622465e-07,6.217556e-06,6.596370e-07,1.400011e-09,1.949580e-07,2.982646e-08,5.104028e-07,1.105186e-07,1.952016e-06,2.791548e-07,6.079262e-07,4.156322e-07,1.106190e-07,2.216161e-06,7.331316e-07,8.100593e-11,5.283960e-07,2.025647e-09,6.792690e-09,1.637622e-09,3.271259e-10,8.777603e-10,9.729576e-07,1.756273e-09
27.880859,3.941149e-08,1.510502e-07,7.248034e-06,2.079188e-06,1.001610e-09,2.877720e-07,2.619162e-08,5.183258e-07,1.672856e-07,2.312687e-06,4.383060e-07,3.342811e-07,5.016240e-07,2.006617e-07,1.169345e-06,7.153776e-07,1.191023e-10,3.520741e-07,4.238628e-09,1.659164e-08,1.676974e-09,5.211799e-10,1.093761e-09,5.098635e-07,2.793170e-09
27.929688,4.073726e-08,5.214195e-08,7.650280e-06,3.369294e-06,7.301259e-10,3.568352e-07,1.591019e-08,4.643074e-07,2.362669e-07,2.167638e-06,6.332148e-07,8.416605e-08,6.365064e-07,2.331115e-07,6.684140e-07,3.909741e-07,2.427688e-11,1.644569e-07,3.868656e-09,2.658147e-08,1.985587e-09,3.166804e-10,1.244625e-09,1.607898e-06,8.763860e-10
27.978516,4.144816e-08,1.204267e-07,7.553210e-06,4.211871e-06,6.554050e-10,3.711910e-07,3.366777e-08,4.467382e-07,2.698881e-07,1.774133e-06,6.795371e-07,1.507047e-07,7.227071e-07,1.502910e-07,7.481457e-07,6.038904e-07,9.107981e-11,3.152857e-07,4.225186e-09,3.847478e-08,7.811784e-10,3.703261e-10,8.025571e-10,1.180546e-06,1.642211e-09
28.027344,3.847530e-08,2.016016e-07,7.183694e-06,4.430087e-06,6.714093e-10,3.107194e-07,5.761585e-08,4.184696e-07,2.753779e-07,1.597609e-06,5.143869e-07,2.571199e-07,9.135311e-07,9.102619e-08,9.477400e-07,9.116882e-07,5.850169e-11,3.236132e-07,5.519762e-09,4.022794e-08,8.263860e-10,3.531986e-10,6.928185e-10,1.353521e-06,2.396228e-09
28.076172,3.052576e-08,2.329127e-07,6.692756e-06,4.168920e-06,6.691845e-10,2.148667e-07,6.766162e-08,3.200434e-07,3.589676e-07,1.553970e-06,2.925391e-07,2.551169e-07,1.335375e-06,1.800449e-08,8.113970e-07,8.047042e-07,1.527819e-10,3.139676e-07,4.824662e-09,3.641010e-08,1.510656e-09,1.358425e-10,5.323324e-10,1.743922e-06,1.264164e-09
28.125000,1.838142e-08,2.211866e-07,6.132416e-06,3.996577e-06,6.379321e-10,2.067625e-07,6.628289e-08,2.253009e-07,4.884238e-07,1.552977e-06,1.361490e-07,1.000463e-07,1.436657e-06,1.882935e-07,1.134285e-06,6.251239e-07,9.618264e-11,4.105483e-07,6.738584e-09,2.162045e-08,1.927066e-09,1.422953e-10,5.724752e-10,6.574187e-07,2.045842e-09
28.173828,4.277436e-09,1.981229e-07,5.642378e-06,4.414601e-06,5.772052e-10,2.660030e-07,6.553371e-08,2.159055e-07,5.466459e-07,1.414707e-06,1.068038e-07,1.768816e-07,1.092361e-06,2.697462e-07,1.739929e-06,7.361079e-07,1.063842e-10,3.756319e-07,7.363550e-09,1.988660e-08,1.372108e-09,3.570783e-10,8.305962e-10,2.808271e-06,1.401670e-09
28.222656,8.849366e-09,1.827297e-07,5.378074e-06,5.054840e-06,4.768774e-10,2.643938e-07,6.578013e-08,2.428296e-07,5.082114e-07,9.424880e-07,4.023855e-07,3.206238e-07,9.728333e-07,1.563119e-07,1.586822e-06,8.994401e-07,1.231762e-10,5.265874e-07,5.908214e-09,7.138760e-09,1.121682e-09,5.043543e-10,3.160830e-10,3.542884e-06,2.409248e-09
28.271484,1.804827e-08,1.569991e-07,5.119349e-06,5.232995e-06,4.387794e-10,1.905564e-07,5.847170e-08,2.716155e-07,4.099820e-07,4.590377e-07,6.606353e-07,2.705802e-07,8.916202e-07,3.353021e-08,1.057443e-06,2.882474e-07,1.428839e-10,5.370501e-07,1.569862e-09,1.173583e-08,7.208974e-10,4.411530e-10,5.713241e-10,8.337990e-07,2.299006e-09
28.320312,2.111578e-08,1.039637e-07,4.381177e-06,4.738689e-06,5.787587e-10,1.301175e-07,4.373735e-08,2.916875e-07,2.828736e-07,4.550303e-07,8.541911e-07,1.700935e-07,5.298987e-07,1.061786e-07,5.845357e-07,7.609366e-07,2.239178e-10,5.189197e-07,1.750127e-09,1.940739e-08,6.847377e-10,4.121390e-10,2.416502e-10,1.508912e-06,1.372962e-09
28.369141,1.728645e-08,3.475322e-08,2.960008e-06,4.021205e-06,7.342578e-10,1.476778e-07,3.342607e-08,2.813008e-07,1.461908e-07,8.958000e-07,1.003303e-06,7.153813e-08,1.206570e-07,1.674779e-07,1.968489e-07,3.887436e-07,2.727806e-10,4.861520e-07,2.964756e-09,3.564063e-08,1.089901e-09,2.913518e-10,3.883702e-10,3.380775e-06,2.562693e-09
28.417969,7.692794e-09,2.579073e-08,1.192660e-06,3.825893e-06,7.835896e-10,1.574372e-07,3.622821e-08,2.448558e-07,1.430546e-07,1.435266e-06,1.011871e-06,2.529650e-08,5.612631e-08,6.820226e-08,6.471354e-07,1.043534e-06,2.883417e-10,4.367793e-07,3.661600e-09,2.276811e-08,1.206436e-09,1.880993e-10,7.331901e-10,2.597651e-06,3.495160e-09
28.466797,8.787038e-09,6.107123e-08,9.241919e-07,4.153673e-06,7.833332e-10,1.443055e-07,3.804578e-08,1.934556e-07,2.593739e-07,1.601684e-06,7.878410e-07,7.082118e-08,2.522518e-07,8.084590e-08,6.437522e-07,1.238643e-06,2.578127e-10,2.484422e-07,5.654147e-09,2.303751e-08,1.358821e-09,2.485491e-10,6.834577e-10,3.671691e-06,1.614684e-09
28.515625,2.583011e-08,9.023572e-08,1.958153e-06,4.415986e-06,8.390543e-10,1.387406e-07,3.020979e-08,1.160981e-07,3.115852e-07,1.383186e-06,4.109183e-07,1.200991e-07,7.755444e-07,7.741874e-08,5.315608e-07,6.800936e-07,2.576694e-10,1.259870e-07,2.098335e-09,1.992480e-08,1.273846e-09,1.261815e-10,1.329284e-09,2.029231e-06,8.168781e-10
28.564453,4.462929e-08,1.323420e-07,2.555093e-06,4.365341e-06,9.070712e-10,1.354629e-07,1.750007e-08,2.906703e-08,2.748524e-07,1.748763e-06,2.020240e-07,1.941207e-07,1.039757e-06,2.508887e-07,3.070014e-07,1.576773e-07,2.204748e-10,2.688724e-07,8.213840e-09,1.589466e-08,9.431843e-10,2.301870e-10,8.780480e-10,2.536786e-06,3.063578e-10
28.613281,6.226913e-08,1.665291e-07,3.162704e-06,3.986781e-06,8.686499e-10,1.281067e-07,1.397420e-08,3.553147e-08,1.766112e-07,2.634984e-06,3.322884e-07,2.254668e-07,1.036262e-06,3.531064e-07,1.873246e-07,5.604742e-07,3.213471e-10,3.292085e-07,7.604588e-09,1.771346e-08,5.892075e-10,3.861986e-10,3.308525e-10,1.802284e-06,2.303817e-10
28.662109,7.453943e-08,1.652378e-07,4.126227e-06,3.239806e-06,6.872401e-10,1.323598e-07,2.541722e-08,7.171587e-08,5.531702e-08,2.966812e-06,3.355484e-07,1.930011e-07,9.650952e-07,3.472938e-07,2.284215e-07,6.467749e-07,2.037832e-10,2.239534e-07,2.905057e-09,2.995199e-08,8.036607e-10,3.542704e-10,2.676129e-10,1.121212e-06,6.409625e-10
28.710938,7.693140e-08,1.263150e-07,5.319354e-06,2.161833e-06,4.114304e-10,1.525833e-07,3.422483e-08,1.104708e-07,5.066175e-08,2.651125e-06,1.943603e-07,2.124694e-07,9.899913e-07,2.305461e-07,5.222145e-07,8.170284e-07,1.120710e-10,4.701127e-08,1.315853e-09,3.497711e-08,1.012995e-09,4.869324e-11,3.644937e-10,9.911641e-07,1.120696e-09
28.759766,6.747784e-08,9.274981e-08,6.695563e-06,9.524267e-07,1.399292e-10,1.702944e-07,2.943755e-08,1.231966e-07,8.118391e-08,2.358257e-06,4.292903e-08,2.485696e-07,9.470647e-07,1.155074e-07,7.363973e-07,6.550531e-07,6.934206e-11,2.345914e-07,4.024173e-09,2.206152e-08,9.193071e-10,4.761401e-11,8.892880e-10,1.334757e-06,1.163940e-09
28.808594,5.029511e-08,1.239784e-07,8.281352e-06,2.745742e-07,1.723326e-10,1.633779e-07,9.976533e-09,1.272507e-07,4.800068e-08,2.201381e-06,1.548914e-07,2.999970e-07,6.983566e-07,9.333993e-08,6.941887e-07,2.294593e-07,1.026929e-10,3.227575e-07,5.883499e-09,1.304215e-08,1.107152e-09,1.673602e-10,1.019406e-09,8.359303e-07,2.113728e-09
28.857422,4.016664e-08,1.695102e-07,9.787222e-06,1.479928e-06,3.036406e-10,1.325965e-07,1.470050e-08,1.538245e-07,5.202560e-08,1.961435e-06,2.246879e-07,2.813622e-07,4.961414e-07,1.181001e-07,4.893908e-07,1.320195e-07,5.414118e-11,1.872622e-07,5.472023e-09,1.113300e-08,1.389379e-09,2.461587e-10,8.927309e-10,6.681133e-07,5.234004e-10
28.906250,4.965810e-08,1.866260e-07,1.069827e-05,2.681038e-06,3.235210e-10,1.054831e-07,3.360812e-08,1.861397e-07,6.888915e-08,2.012158e-06,2.414194e-07,2.396250e-07,4.260299e-07,1.138901e-07,8.403042e-07,5.582748e-07,1.480772e-11,1.132896e-07,3.347789e-09,2.610991e-08,6.539836e-10,9.206655e-11,1.015557e-09,6.330062e-07,1.806216e-09
28.955078,6.304105e-08,1.696307e-07,1.071995e-05,3.535622e-06,2.349470e-10,8.856334e-08,4.490171e-08,2.536998e-07,5.029324e-08,2.157099e-06,2.189724e-07,2.948456e-07,4.693175e-07,9.269187e-08,1.108148e-06,7.324981e-07,1.079943e-10,2.746573e-07,2.627247e-09,1.160024e-08,5.131896e-10,5.264492e-11,7.231863e-10,9.231509e-07,2.131318e-09
29.003906,6.778232e-08,1.270442e-07,1.003588e-05,3.758429e-06,1.217661e-10,6.406733e-08,5.358530e-08,3.223674e-07,6.640146e-08,1.848626e-06,2.194187e-07,3.859702e-07,6.042201e-07,1.421087e-07,9.008437e-07,8.529107e-07,1.570978e-10,5.933364e-07,1.743617e-09,7.312634e-09,7.653483e-10,1.347551e-10,6.025577e-10,9.676053e-07,1.089748e-09
29.052734,6.324722e-08,8.366168e-08,9.124439e-06,3.559174e-06,2.002629e-10,5.880786e-08,5.970162e-08,3.139175e-07,9.926473e-08,1.185785e-06,3.506631e-07,3.668058e-07,3.466429e-07,1.433594e-07,7.932809e-07,1.206344e-06,8.332330e-11,5.677819e-07,4.616908e-10,1.514145e-08,6.589741e-10,1.386273e-10,8.110946e-10,9.218714e-07,8.589847e-10
29.101562,5.532580e-08,9.936636e-08,8.238153e-06,3.608912e-06,2.900350e-10,7.245548e-08,6.052109e-08,2.156905e-07,1.007057e-07,8.052819e-07,4.090762e-07,3.418342e-07,2.801960e-07,1.068839e-07,6.958845e-07,1.042103e-06,8.318423e-11,4.395249e-07,1.599133e-09,2.461668e-08,3.641813e-10,1.692448e-10,5.551302e-10,1.508372e-06,1.316437e-09
29.150391,5.020197e-08,1.557303e-07,7.174733e-06,4.041980e-06,2.468789e-10,5.868363e-08,5.654458e-08,9.535796e-08,6.085726e-08,7.495272e-07,2.928882e-07,3.364606e-07,4.980281e-07,5.615840e-08,6.412426e-07,6.925108e-07,8.409481e-11,4.675436e-07,2.848533e-09,1.437201e-08,1.839196e-10,1.837280e-10,4.224032e-10,1.372196e-06,1.010418e-09
29.199219,4.749226e-08,1.951176e-07,5.718523e-06,4.317462e-06,5.631824e-11,1.794324e-08,4.806790e-08,1.120831e-07,3.232111e-08,8.782062e-07,1.349206e-07,3.300195e-07,3.066428e-07,1.014632e-07,6.183452e-07,9.877839e-07,6.094370e-11,4.367483e-07,4.759588e-09,1.160240e-08,4.526697e-10,2.857438e-11,7.069336e-10,1.363746e-06,1.556151e-09
29.248047,4.257579e-08,1.970396e-07,4.110952e-06,4.312613e-06,2.307856e-10,2.201028e-08,3.498402e-08,1.563739e-07,7.910812e-08,1.434502e-06,1.523399e-07,2.041933e-07,2.735165e-07,1.188724e-07,7.588101e-07,1.038851e-06,2.258185e-11,2.679382e-07,5.343467e-09,2.013136e-08,7.626520e-10,1.248658e-10,3.730444e-10,8.757697e-07,1.131982e-09
29.296875,3.373612e-08,1.651162e-07,3.067172e-06,4.389060e-06,4.976936e-10,3.536667e-08,2.143481e-08,1.351643e-07,1.021869e-07,1.927479e-06,2.311181e-07,9.141487e-08,3.341574e-07,1.252681e-07,6.961159e-07,9.425966e-07,3.691103e-11,1.316702e-07,5.748601e-09,1.248827e-08,1.298242e-09,2.060188e-10,3.344523e-10,1.294108e-06,6.999410e-10
29.345703,2.320087e-08,1.208727e-07,2.992750e-06,4.566963e-06,6.717764e-10,3.147368e-08,1.579078e-08,8.454273e-08,1.231865e-07,2.243357e-06,2.614126e-07,2.537016e-07,2.291871e-07,1.252332e-07,4.718596e-07,3.377901e-07,1.182749e-10,1.477303e-07,2.965840e-09,1.423254e-08,8.763768e-10,1.663745e-10,7.697349e-10,1.604144e-06,1.051213e-09
29.394531,1.485633e-08,8.820613e-08,3.198381e-06,4.378023e-06,7.819597e-10,4.494711e-08,1.910691e-08,7.009703e-08,1.594745e-07,2.448385e-06,1.970203e-07,2.202750e-07,2.297529e-07,1.048041e-07,4.912745e-07,3.376999e-07,1.447498e-10,1.484306e-07,4.169496e-09,2.585085e-08,4.639580e-10,1.030556e-10,8.834458e-10,3.424717e-07,1.776336e-10
29.443359,1.314388e-08,6.617783e-08,3.121324e-06,3.589540e-06,9.557088e-10,5.690355e-08,2.332868e-08,7.693254e-08,1.830278e-07,2.472421e-06,2.025092e-07,2.157591e-07,1.882313e-07,1.280175e-07,9.452575e-08,4.071689e-07,6.663217e-11,8.912180e-08,5.852458e-09,2.392248e-08,5.416345e-10,6.465761e-11,6.688959e-10,9.403091e-07,6.058025e-10
29.492188,1.896257e-08,4.018535e-08,2.729238e-06,2.488079e-06,1.226568e-09,4.738755e-08,2.341736e-08,7.714586e-08,1.770306e-07,2.325079e-06,3.230508e-07,1.976677e-07,3.156032e-07,1.834735e-07,5.233675e-07,2.676160e-07,3.801653e-11,1.074193e-07,4.617602e-09,1.901226e-08,8.642863e-10,2.016222e-10,3.965484e-10,8.820361e-07,4.496415e-10
29.541016,2.738614e-08,4.635992e-08,2.215959e-06,1.557457e-06,1.476557e-09,2.385137e-08,1.714211e-08,6.580165e-08,1.403607e-07,2.082409e-06,3.835056e-07,1.879710e-07,8.638207e-07,1.774230e-07,3.346298e-07,3.333692e-07,1.224582e-10,2.414456e-07,4.095737e-09,2.875616e-08,6.860202e-10,6.320026e-11,1.487276e-10,4.874650e-07,6.705625e-10
29.589844,3.400794e-08,9.382928e-08,1.849144e-06,8.304839e-07,1.596616e-09,1.724305e-08,8.555685e-09,7.764699e-08,8.340757e-08,1.746821e-06,3.708496e-07,2.430672e-07,1.182480e-06,9.397752e-08,4.616792e-07,5.049530e-07,3.206448e-11,1.992007e-08,3.513646e-09,2.542677e-08,1.984472e-10,1.267986e-10,2.180412e-10,9.352096e-07,1.246957e-09
29.638672,3.613713e-08,1.377392e-07,1.676049e-06,3.219828e-07,1.562193e-09,3.265954e-08,8.552628e-09,1.678719e-07,4.642098e-08,1.376193e-06,2.970092e-07,2.508808e-07,1.095809e-06,1.881822e-08,1.703380e-06,1.008006e-06,7.079135e-11,3.781996e-07,1.444366e-09,1.432754e-08,8.112748e-10,2.686940e-11,4.656707e-10,8.639950e-07,1.668097e-09
29.687500,3.415391e-08,1.653726e-07,1.351114e-06,1.485531e-06,1.423680e-09,4.097818e-08,8.429811e-09,2.597751e-07,8.757613e-08,1.351444e-06,1.680022e-07,2.350346e-07,6.691967e-07,9.622070e-08,2.623678e-06,1.393433e-06,4.269249e-11,2.952456e-07,1.268307e-09,1.488000e-08,1.220012e-09,1.223805e-10,4.573943e-10,8.931661e-07,1.431916e-09
29.736328,3.224867e-08,1.769397e-07,6.104130e-07,2.646927e-06,1.272790e-09,4.290592e-08,4.076865e-09,3.083070e-07,1.335460e-07,1.770685e-06,1.159692e-07,2.482113e-07,4.565618e-07,8.959289e-08,2.524723e-06,1.133784e-06,1.075270e-10,3.112063e-07,1.320672e-09,2.823622e-08,4.563528e-10,7.210501e-11,5.368790e-10,5.450547e-07,1.160888e-09
29.785156,3.457785e-08,1.776410e-07,5.060577e-07,3.284075e-06,1.207875e-09,5.145917e-08,6.964574e-09,3.083414e-07,1.461816e-07,2.023499e-06,2.320998e-07,2.075969e-07,8.090872e-07,4.277563e-08,2.008782e-06,7.206394e-07,2.040368e-10,4.345383e-07,3.878172e-09,2.537886e-08,6.787413e-10,8.457422e-11,5.292121e-10,1.266878e-06,6.273776e-10
29.833984,3.895100e-08,1.714808e-07,1.507796e-06,3.213796e-06,1.262826e-09,6.783854e-08,7.208684e-09,2.571510e-07,1.210629e-07,1.814357e-06,3.561264e-07,2.979879e-07,1.075945e-06,6.923944e-08,1.356419e-06,9.772421e-07,2.283374e-10,4.195538e-07,5.029089e-09,1.090838e-08,5.900820e-10,4.510440e-11,4.607650e-10,1.759136e-06,1.200388e-09
29.882812,4.070369e-08,1.587018e-07,2.042742e-06,2.586466e-06,1.363660e-09,8.169901e-08,9.848713e-09,1.600431e-07,8.394672e-08,1.503534e-06,4.775925e-07,3.360538e-07,9.211551e-07,1.154871e-07,1.048658e-06,8.722925e-07,1.064188e-10,1.989948e-07,1.807706e-09,1.378514e-08,2.432497e-10,1.093988e-10,4.216152e-11,9.974521e-07,1.587965e-09
29.931641,3.848227e-08,1.368815e-07,1.889069e-06,1.722767e-06,1.399633e-09,9.269840e-08,2.092410e-08,6.242233e-08,9.214473e-08,1.572313e-06,5.644203e-07,3.356529e-07,6.061040e-07,1.588885e-07,9.075876e-07,7.923431e-07,8.958385e-11,1.872808e-07,4.055981e-09,6.246187e-09,9.330332e-11,6.092398e-11,2.459873e-10,1.030898e-06,5.401499e-10
29.980469,3.478226e-08,1.035611e-07,1.167734e-06,8.251213e-07,1.305991e-09,1.008836e-07,2.805367e-08,5.622714e-08,1.506341e-07,1.682407e-06,5.842234e-07,2.545416e-07,5.006391e-07,1.699258e-07,5.958610e-07,1.297924e-06,3.846815e-11,2.712515e-07,2.505254e-09,8.200781e-09,1.264052e-10,1.468858e-10,3.201195e-10,1.786147e-06,4.270203e-10
30.029297,3.344528e-08,5.924190e-08,2.528473e-07,3.027835e-07,1.078792e-09,1.005655e-07,2.946863e-08,1.081024e-07,1.975307e-07,1.693956e-06,5.295413e-07,1.492664e-07,3.401510e-07,1.782497e-07,5.522204e-07,9.230108e-07,6.064581e-11,2.662525e-07,1.691254e-09,6.137611e-09,7.256052e-10,1.196637e-10,2.916941e-10,8.539523e-07,5.870549e-10
30.078125,3.515923e-08,9.667072e-09,5.248568e-07,1.388289e-06,7.636129e-10,9.267145e-08,3.124827e-08,1.469382e-07,2.079430e-07,1.664292e-06,3.889703e-07,1.979976e-07,6.635781e-08,1.547562e-07,6.214194e-07,4.817904e-07,9.109461e-11,3.865199e-07,2.080882e-09,8.905130e-09,7.191869e-10,3.006737e-11,1.611249e-10,7.059518e-07,9.676225e-10
30.126953,3.730040e-08,3.703825e-08,1.080445e-06,2.499447e-06,4.345489e-10,8.616912e-08,3.340817e-08,1.355099e-07,2.067135e-07,1.361067e-06,1.754140e-07,1.352067e-07,3.325742e-07,9.956402e-08,4.408980e-07,3.600961e-07,6.490887e-11,2.271255e-07,3.335593e-09,1.376670e-08,3.293529e-10,7.220631e-11,6.441529e-11,4.246263e-07,6.854098e-10
30.175781,3.812657e-08,6.903075e-08,1.630376e-06,3.248856e-06,1.706521e-10,8.474594e-08,3.398868e-08,7.814654e-08,2.139937e-07,9.411851e-07,7.065958e-08,1.412717e-07,4.698495e-07,5.326484e-08,3.077891e-07,1.161591e-06,1.072722e-10,1.685908e-07,3.053164e-09,1.994992e-08,4.378077e-10,6.126441e-11,5.378700e-11,1.250730e-06,1.605693e-09
30.224609,3.794232e-08,8.066034e-08,2.138412e-06,3.382568e-06,4.414106e-11,7.854871e-08,4.161898e-08,6.362945e-08,2.169522e-07,9.440748e-07,2.255052e-07,9.903798e-08,6.927240e-07,2.934897e-08,8.787997e-07,1.590721e-06,1.380205e-10,2.239929e-07,1.828735e-09,1.741563e-08,2.452320e-10,1.728518e-11,1.897813e-10,6.981878e-07,6.454044e-10
30.273438,3.752597e-08,7.226500e-08,2.299338e-06,2.880898e-06,5.396291e-11,5.389707e-08,5.625333e-08,9.348559e-08,2.174925e-07,1.236697e-06,2.966468e-07,9.050533e-08,9.416680e-07,6.186049e-08,8.216370e-07,1.584060e-06,7.922163e-11,3.169071e-07,1.734271e-09,8.655324e-09,5.166569e-10,1.920178e-11,2.243963e-10,1.176817e-06,6.630712e-10
30.322266,3.657230e-08,5.105921e-08,1.967735e-06,1.980424e-06,4.181385e-11,1.207820e-08,6.581319e-08,8.321975e-08,2.193993e-07,1.550108e-06,2.834737e-07,1.607319e-07,9.124381e-07,8.296523e-08,6.491407e-07,1.311294e-06,4.730812e-11,3.069427e-07,1.255532e-09,4.847027e-09,4.557113e-10,5.405610e-11,3.389743e-10,1.511259e-06,5.607284e-10
30.371094,3.388975e-08,2.831305e-08,1.460185e-06,1.101716e-06,4.407248e-11,4.451238e-08,6.381765e-08,6.867316e-08,2.111325e-07,1.764726e-06,2.241998e-07,1.741047e-07,6.926647e-07,6.523251e-08,3.542535e-07,1.050882e-06,9.822574e-11,2.584648e-07,1.409067e-09,8.147896e-09,3.207300e-10,8.518104e-11,2.866715e-10,1.652237e-06,2.731682e-10
30.419922,2.874105e-08,1.311728e-08,1.451880e-06,7.544837e-07,1.140518e-10,8.923867e-08,5.170096e-08,1.003216e-07,1.941855e-07,1.869243e-06,1.982314e-07,1.511049e-07,3.781481e-07,4.893182e-08,3.710976e-07,6.907283e-07,1.091714e-10,2.758170e-07,1.644185e-09,5.474118e-09,4.352826e-10,9.185089e-11,2.728500e-10,2.146051e-06,1.080515e-09
30.468750,2.163944e-08,1.350030e-09,1.782258e-06,9.111651e-07,2.441950e-10,1.296999e-07,3.570853e-08,1.082614e-07,1.953563e-07,1.808578e-06,1.943737e-07,1.273761e-07,1.006490e-07,3.310807e-08,8.897335e-07,9.910418e-07,7.180950e-11,1.402401e-07,1.539506e-09,7.471855e-09,2.083538e-10,1.411920e-10,1.722034e-10,2.494250e-06,1.161913e-09
30.517578,1.404295e-08,1.760710e-08,1.978052e-06,1.232079e-06,3.821308e-10,1.675107e-07,2.377503e-08,8.364472e-08,1.979215e-07,1.537506e-06,2.130804e-07,1.067808e-07,1.573807e-07,4.674633e-08,1.209445e-06,9.416072e-07,4.653714e-11,1.736299e-07,1.570669e-09,9.447164e-09,6.258829e-10,1.567009e-10,2.303486e-10,9.294675e-07,1.024123e-09
30.566406,7.402213e-09,4.263363e-08,2.204986e-06,1.748180e-06,4.789317e-10,1.891487e-07,1.986701e-08,1.190318e-07,1.464803e-07,1.253625e-06,3.294103e-07,1.477319e-07,3.962190e-07,4.033878e-08,1.238983e-06,1.021052e-06,3.643721e-11,2.062230e-07,3.203209e-09,7.436279e-09,6.462929e-10,1.328124e-10,9.379183e-11,1.156831e-06,4.282500e-10
30.615234,3.699627e-09,6.703413e-08,2.617843e-06,2.287999e-06,5.230455e-10,1.817310e-07,2.078630e-08,1.633619e-07,5.108065e-08,1.107202e-06,3.868240e-07,1.753380e-07,4.143877e-07,9.890855e-09,7.486910e-07,1.227701e-06,3.002159e-11,1.082482e-07,6.743831e-10,1.562576e-08,3.249799e-10,9.803116e-11,1.280962e-10,6.914662e-07,8.108734e-10
30.664062,6.937160e-09,8.684083e-08,2.898993e-06,2.568139e-06,5.396097e-10,1.474080e-07,2.514952e-08,1.576848e-07,6.618278e-08,1.073256e-06,2.917809e-07,1.191513e-07,2.568772e-07,1.404606e-08,3.537181e-07,9.226899e-07,4.462614e-12,1.328133e-07,1.142409e-09,6.270106e-09,1.377807e-10,1.001508e-10,1.962045e-10,1.217829e-06,1.294387e-09
30.712891,1.158647e-08,1.045459e-07,2.755561e-06,2.420446e-06,5.396391e-10,1.006591e-07,3.032879e-08,1.725255e-07,1.046803e-07,1.043145e-06,1.608340e-07,7.644058e-08,2.851196e-07,4.459174e-08,5.717301e-07,7.290905e-07,5.257954e-11,1.714809e-07,9.125102e-11,8.785379e-09,1.026313e-10,1.171525e-10,2.184948e-10,9.199417e-07,1.577936e-10
30.761719,1.443690e-08,1.238621e-07,2.261575e-06,1.872396e-06,5.091324e-10,5.919936e-08,3.176728e-08,2.273851e-07,1.111916e-07,9.146091e-07,1.826755e-07,1.265438e-07,1.070234e-07,1.202585e-07,3.316648e-07,8.940338e-07,1.179053e-10,1.722580e-07,1.972280e-09,1.803590e-08,1.360511e-10,8.974263e-11,4.294812e-10,1.022414e-06,1.324777e-09
30.810547,1.440141e-08,1.416759e-07,1.753515e-06,1.122847e-06,4.463286e-10,2.878394e-08,2.719785e-08,2.394929e-07,1.009937e-07,8.427348e-07,1.691367e-07,1.633644e-07,2.032212e-07,1.752112e-07,1.740529e-07,1.129559e-06,1.739812e-10,2.000726e-07,2.588616e-09,1.605546e-08,3.441533e-10,7.358409e-11,2.063649e-10,4.141295e-07,1.128263e-09
30.859375,1.273806e-08,1.511062e-07,1.440442e-06,4.282215e-07,3.776170e-10,2.555421e-08,1.910247e-08,1.980084e-07,6.029872e-08,7.958244e-07,9.599629e-08,1.748490e-07,3.419174e-07,1.704295e-07,2.059979e-07,1.041941e-06,1.572173e-10,1.594680e-07,1.485174e-09,1.347475e-08,3.187051e-10,9.809903e-11,2.125152e-10,1.344572e-06,5.338959e-10
30.908203,1.361095e-08,1.509970e-07,1.252046e-06,5.822807e-08,3.293374e-10,7.033407e-08,1.768394e-08,1.318929e-07,2.708413e-08,5.855924e-07,1.396898e-07,1.001505e-07,4.118466e-07,1.309525e-07,1.983975e-07,5.391160e-07,6.628690e-11,2.237755e-07,1.874115e-09,3.712142e-09,7.212429e-10,1.395967e-10,1.031511e-11,2.171682e-06,6.174889e-10
30.957031,1.828374e-08,1.481726e-07,1.287408e-06,3.840962e-07,3.108621e-10,1.094812e-07,2.155133e-08,5.038292e-08,4.681961e-08,4.636367e-07,1.673068e-07,7.633349e-08,4.234524e-07,9.901665e-08,3.218727e-07,1.490193e-07,2.149300e-11,2.907594e-07,2.531491e-09,1.760247e-08,3.103757e-10,1.005240e-10,1.022818e-10,9.628560e-07,3.117930e-10
31.005859,2.310428e-08,1.473665e-07,1.577300e-06,6.522584e-07,3.150319e-10,1.239331e-07,1.772423e-08,3.404489e-08,3.858051e-08,6.391366e-07,1.358321e-07,2.357797e-07,3.434268e-07,3.188242e-08,6.263693e-07,3.001660e-07,7.215982e-11,4.730566e-07,4.612434e-09,1.642482e-08,2.897715e-10,4.377334e-11,7.790822e-11,5.333533e-07,1.682013e-10
31.054688,2.560104e-08,1.422756e-07,1.747696e-06,8.099478e-07,3.159643e-10,1.189613e-07,4.671139e-09,9.159113e-08,3.820334e-08,7.173823e-07,1.449405e-07,3.347496e-07,4.124903e-07,4.603871e-08,9.326178e-07,3.569186e-07,2.596135e-11,4.962913e-07,3.623932e-09,7.486111e-09,4.182578e-10,6.612271e-11,1.651306e-10,8.084317e-07,4.382673e-10
31.103516,2.534932e-08,1.252211e-07,1.560105e-06,7.597534e-07,2.918083e-10,1.110160e-07,1.151141e-08,1.152925e-07,5.899502e-08,6.051071e-07,1.617491e-07,3.218466e-07,4.548051e-07,6.011716e-08,1.119363e-06,8.194502e-08,1.329145e-10,3.881167e-07,1.618647e-09,1.773364e-09,5.209342e-10,5.918925e-11,1.819554e-10,2.797819e-07,2.947499e-10
31.152344,2.311724e-08,1.024187e-07,1.117993e-06,5.473316e-07,2.451139e-10,1.023947e-07,2.367179e-08,1.260000e-07,6.065310e-08,4.470586e-07,1.390192e-07,2.504323e-07,5.054959e-07,5.061266e-08,1.067428e-06,1.945918e-07,1.458165e-10,3.739274e-07,2.480246e-09,1.158482e-08,1.196887e-10,1.108167e-10,2.002971e-10,8.102068e-07,2.837749e-10
31.201172,1.997810e-08,9.529734e-08,7.811232e-07,4.045111e-07,1.933272e-10,8.611403e-08,2.967634e-08,1.346161e-07,4.908592e-08,3.997079e-07,1.319817e-07,1.714521e-07,5.539700e-07,6.831594e-08,8.989176e-07,2.118837e-07,1.071433e-10,4.076538e-07,3.125074e-09,1.399592e-08,2.901743e-10,6.205528e-11,2.287724e-10,4.313881e-07,6.308148e-10
31.250000,1.662801e-08,1.080856e-07,7.376729e-07,4.179298e-07,1.414108e-10,6.181739e-08,2.909420e-08,1.376462e-07,3.755611e-08,4.732328e-07,1.516242e-07,1.255708e-07,5.264449e-07,9.301080e-08,5.233101e-07,2.663021e-07,9.647360e-11,2.328515e-07,2.832285e-09,5.069304e-09,8.752491e-11,6.243962e-11,8.675703e-11,2.660759e-07,7.557915e-10
31.298828,1.316701e-08,1.179246e-07,6.894443e-07,4.100789e-07,9.940015e-11,3.412885e-08,2.097123e-08,1.348363e-07,1.743127e-08,5.966355e-07,1.532881e-07,1.893154e-07,4.853506e-07,1.061816e-07,1.255904e-07,2.700782e-07,8.101452e-11,2.167454e-07,1.153905e-09,5.091337e-09,1.791903e-10,6.357189e-11,2.619715e-10,1.233198e-06,6.464048e-10
31.347656,9.423839e-09,1.122807e-07,5.468702e-07,5.716212e-07,1.116699e-10,2.749444e-08,9.540216e-09,1.254238e-07,2.393444e-08,7.196554e-07,1.249686e-07,2.135782e-07,3.528951e-07,1.172302e-07,4.492893e-07,6.072453e-07,4.164674e-11,3.140329e-07,2.650155e-09,9.234069e-09,3.027914e-10,8.197508e-11,3.458390e-10,8.482437e-07,4.026043e-11
31.396484,5.622518e-09,9.548117e-08,4.835366e-07,9.551835e-07,1.621093e-10,4.980232e-08,1.468581e-08,1.132749e-07,4.404565e-08,7.859053e-07,6.311633e-08,2.040501e-07,3.632937e-07,1.275563e-07,6.669817e-07,6.799860e-07,3.856676e-11,2.698196e-07,3.181529e-09,1.018833e-08,5.597185e-10,2.317233e-11,2.633947e-10,1.273581e-06,4.982163e-10
31.445312,3.783778e-09,7.874941e-08,6.227117e-07,1.287657e-06,1.983433e-10,5.921501e-08,2.237950e-08,1.174920e-07,3.408603e-08,7.908690e-07,2.112325e-08,1.369034e-07,3.311042e-07,1.651682e-07,8.587307e-07,1.049998e-06,4.890776e-11,2.315163e-07,2.535492e-09,7.672693e-09,4.400081e-10,6.854332e-11,2.277914e-10,1.717933e-06,1.053874e-09
31.494141,5.670661e-09,6.948736e-08,9.476826e-07,1.398292e-06,2.024278e-10,4.286910e-08,2.203157e-08,1.307658e-07,2.887669e-08,7.349577e-07,8.910323e-08,3.259467e-08,2.035784e-07,2.150580e-07,1.039491e-06,1.086399e-06,1.874242e-11,1.849101e-07,1.012627e-09,1.013438e-08,4.412784e-10,4.938781e-11,2.259773e-10,1.992443e-06,1.289613e-09
31.542969,7.695195e-09,7.070130e-08,1.348058e-06,1.268730e-06,1.773842e-10,7.816511e-09,1.755352e-08,1.194083e-07,6.764555e-08,5.027387e-07,1.060132e-07,6.973322e-08,1.469335e-07,2.290489e-07,1.155956e-06,8.698790e-07,4.538568e-11,1.083749e-07,1.367963e-09,1.456272e-08,9.751922e-11,3.325649e-11,1.438811e-10,1.206706e-06,1.016469e-09
31.591797,8.669980e-09,8.459720e-08,1.662298e-06,1.063471e-06,1.582069e-10,2.655679e-08,1.760516e-08,8.168583e-08,9.685838e-08,1.173280e-07,8.159164e-08,1.230281e-07,2.278739e-07,1.707283e-07,1.128732e-06,9.873825e-07,3.281412e-11,6.625339e-08,1.868608e-09,1.758245e-08,3.318606e-10,6.015547e-11,3.831123e-11,4.583903e-07,3.735985e-10
31.640625,9.351671e-09,1.058531e-07,1.814437e-06,1.083847e-06,1.946703e-10,4.514888e-08,2.304623e-08,4.583018e-08,1.074509e-07,2.762467e-07,7.130983e-08,1.151943e-07,2.345228e-07,9.920905e-08,1.094965e-06,5.942080e-07,3.100394e-11,1.051193e-07,1.812305e-09,1.617530e-08,7.581471e-11,2.682715e-11,1.522080e-10,7.044548e-07,1.380228e-10
31.689453,1.064453e-08,1.258655e-07,1.843349e-06,1.290439e-06,2.658243e-10,6.407534e-08,2.859838e-08,2.267942e-08,1.129376e-07,4.138855e-07,6.168614e-08,8.020179e-08,2.856996e-07,1.524719e-08,7.099463e-07,2.790079e-07,2.726049e-11,9.296416e-08,8.525980e-10,8.550991e-09,9.633172e-11,3.088921e-11,1.830001e-10,8.534844e-07,5.718439e-10
31.738281,1.207977e-08,1.417190e-07,1.754482e-06,1.320379e-06,3.230262e-10,9.358181e-08,3.071526e-08,8.832731e-09,1.378463e-07,4.364355e-07,1.991117e-08,1.008319e-07,4.983509e-07,7.520144e-08,3.417848e-07,1.575788e-07,1.492313e-11,5.883157e-08,1.055738e-09,9.487673e-09,3.873574e-10,3.996237e-11,1.948853e-10,3.083127e-07,7.471828e-10
31.787109,1.254008e-08,1.548168e-07,1.423577e-06,1.007138e-06,3.408624e-10,1.043933e-07,2.671494e-08,3.071845e-08,1.588063e-07,3.633047e-07,5.530246e-08,1.054782e-07,4.954270e-07,1.209243e-07,3.242829e-07,7.570651e-08,1.639337e-11,1.208767e-07,1.149126e-09,1.369567e-08,2.342661e-10,3.114192e-11,2.152078e-10,5.858947e-07,7.302202e-10
31.835938,1.182339e-08,1.640303e-07,7.491293e-07,6.244185e-07,3.076679e-10,7.668365e-08,1.773361e-08,4.179130e-08,1.345346e-07,1.632185e-07,6.224884e-08,1.210185e-07,2.488627e-07,1.193090e-07,5.780684e-08,3.349085e-07,1.714822e-11,2.759629e-07,7.038329e-10,1.297647e-08,2.258608e-10,5.482443e-11,3.211595e-11,1.101337e-06,5.758231e-10
31.884766,1.146981e-08,1.646615e-07,3.047022e-07,8.972066e-07,2.262227e-10,2.288076e-08,1.315994e-08,4.755560e-08,6.926906e-08,3.976379e-07,9.442178e-08,1.186088e-07,5.769836e-08,5.198576e-08,5.176504e-07,6.097225e-07,3.245070e-11,1.741004e-07,1.041586e-09,1.497875e-08,2.082000e-10,2.932527e-11,1.814040e-10,8.630135e-07,5.728144e-10
31.933594,1.363725e-08,1.546080e-07,1.230367e-06,1.282879e-06,1.247697e-10,2.777237e-08,1.695803e-08,6.296737e-08,3.079442e-08,7.544498e-07,1.775494e-07,8.078023e-08,1.930627e-07,1.625076e-08,7.128734e-07,3.363584e-07,2.841935e-11,1.234658e-07,7.865519e-10,6.190347e-09,1.020718e-10,5.200177e-11,2.026882e-10,5.394246e-07,3.844789e-10
31.982422,1.774973e-08,1.380080e-07,1.902852e-06,1.300892e-06,8.924021e-11,5.302365e-08,1.748376e-08,8.001495e-08,6.150896e-08,1.042249e-06,1.777830e-07,6.665608e-08,2.974444e-07,3.306985e-08,5.211561e-07,1.365923e-07,6.066937e-11,1.935577e-07,3.111515e-10,4.143868e-09,3.391882e-10,9.004554e-11,1.890485e-10,1.633771e-06,3.410237e-10
32.031250,2.160071e-08,1.204500e-07,2.079022e-06,1.030437e-06,1.338891e-10,6.629931e-08,1.288759e-08,9.223258e-08,7.477360e-08,1.111132e-06,1.006878e-07,1.063492e-07,2.397990e-07,1.993264e-08,3.238878e-07,2.394607e-08,8.020623e-11,2.657374e-07,1.018698e-09,6.183731e-09,1.933589e-10,4.695536e-11,4.575219e-11,1.012880e-06,4.117994e-10
32.080078,2.365513e-08,1.007949e-07,1.774742e-06,9.341461e-07,1.604117e-10,7.926928e-08,7.179451e-09,9.883972e-08,7.045419e-08,8.146579e-07,1.841707e-07,1.384835e-07,1.228696e-07,3.644404e-08,4.892854e-07,3.349006e-07,5.322555e-11,2.036761e-07,1.370987e-09,8.489143e-09,2.541258e-10,2.466113e-11,5.859608e-11,3.817716e-07,3.983569e-10
32.128906,2.331736e-08,7.269810e-08,1.224429e-06,1.236589e-06,1.689219e-10,7.407852e-08,4.199682e-09,8.719934e-08,4.861949e-08,3.976455e-07,2.533093e-07,1.351022e-07,1.259040e-07,5.564532e-08,6.417765e-07,7.296832e-07,3.552419e-11,3.353587e-07,1.675859e-09,1.887550e-09,2.634918e-10,3.652019e-11,1.136536e-10,7.333561e-07,5.139313e-10
32.177734,2.074935e-08,3.591516e-08,7.634117e-07,1.574735e-06,1.733842e-10,4.216592e-08,4.646648e-09,4.860910e-08,1.780272e-08,6.032740e-07,2.195230e-07,1.396324e-07,1.239661e-07,6.219044e-08,5.829246e-07,7.105834e-07,4.692949e-11,1.987860e-07,1.837940e-09,4.953833e-09,2.119753e-10,4.190907e-11,8.725618e-11,7.557210e-07,4.313709e-10
32.226562,1.664022e-08,2.841213e-08,5.492660e-07,1.753718e-06,1.586184e-10,2.207510e-08,7.019932e-09,1.677076e-08,2.129970e-08,8.386912e-07,2.583917e-07,1.219682e-07,2.267992e-07,4.910336e-08,5.465058e-07,4.201824e-07,4.138134e-11,8.119037e-08,1.761762e-09,1.105437e-08,1.253560e-10,7.614514e-11,3.230321e-11,9.693523e-07,5.660107e-10
32.275391,1.197017e-08,6.442773e-08,4.550067e-07,1.712729e-06,1.110806e-10,5.465160e-08,9.412216e-09,6.128009e-08,3.483259e-08,8.520285e-07,3.379698e-07,7.078239e-08,3.185193e-07,4.998913e-08,3.564912e-07,5.069994e-08,2.527050e-11,1.197358e-07,7.666129e-10,5.232676e-09,1.007082e-10,3.257384e-11,2.749017e-11,4.912881e-07,7.524898e-10
32.324219,7.864416e-09,9.106457e-08,6.430314e-07,1.454333e-06,5.764118e-11,7.519015e-08,9.551734e-09,8.703773e-08,3.734098e-08,8.079348e-07,2.965276e-07,4.824070e-08,3.794328e-07,6.528545e-08,6.516708e-07,3.106113e-07,1.350816e-11,8.208582e-08,2.885456e-10,9.089449e-10,5.807297e-11,3.460893e-11,8.897968e-11,5.735956e-07,3.909197e-10
32.373047,5.419620e-09,9.929468e-08,1.074742e-06,1.105021e-06,6.863019e-11,8.209904e-08,6.465962e-09,8.277647e-08,3.172318e-08,8.121255e-07,1.759465e-07,5.949292e-08,2.902655e-07,7.720131e-08,5.888369e-07,2.727034e-07,3.836519e-11,1.285069e-07,5.005748e-10,4.875591e-09,9.177366e-11,6.659589e-11,1.316930e-10,8.605039e-07,1.577155e-10
32.421875,4.803451e-09,9.062638e-08,1.519325e-06,8.723367e-07,9.589643e-11,8.126119e-08,1.724922e-09,5.562809e-08,1.978096e-08,8.360753e-07,1.375579e-07,1.004445e-07,2.115692e-07,9.223866e-08,4.483639e-07,3.673749e-07,4.494651e-11,1.013079e-07,6.792191e-10,1.013709e-08,1.866669e-10,6.933629e-11,1.734826e-10,3.877226e-07,2.802226e-10
32.470703,5.044724e-09,7.241509e-08,1.937565e-06,8.493863e-07,1.029893e-10,7.239498e-08,2.303321e-09,4.105966e-08,1.789800e-08,8.264961e-07,1.469989e-07,1.374101e-07,3.335627e-07,8.386198e-08,3.830909e-07,3.250939e-07,2.114693e-11,8.687534e-08,1.017122e-09,9.727305e-09,1.676422e-10,2.421081e-11,1.454220e-10,1.094547e-06,4.682768e-10
32.519531,6.142934e-09,5.491907e-08,2.344191e-06,1.025889e-06,1.135455e-10,5.493793e-08,3.397811e-09,6.111374e-08,2.087989e-08,8.354050e-07,1.464498e-07,1.223850e-07,4.392869e-07,4.568904e-08,4.526972e-07,3.704839e-07,2.228150e-11,1.199434e-07,5.225420e-10,1.454862e-08,2.904587e-10,1.323190e-12,2.416972e-10,7.296312e-07,6.914959e-10
32.568359,8.342689e-09,4.696438e-08,2.699645e-06,1.294458e-06,1.381675e-10,3.138917e-08,3.244553e-09,6.999750e-08,1.568360e-08,9.756647e-07,1.736774e-07,7.426572e-08,4.140759e-07,3.128820e-08,6.822320e-07,3.313262e-07,3.095086e-11,2.382142e-07,2.554724e-10,1.847925e-08,4.362311e-10,3.666587e-11,2.144754e-10,5.153284e-07,5.400002e-10
32.617188,1.085146e-08,4.741837e-08,3.019856e-06,1.400145e-06,1.595674e-10,4.553118e-09,5.101993e-09,5.947756e-08,1.695095e-08,1.117122e-06,1.808284e-07,8.137186e-08,3.977935e-07,5.090502e-08,7.471625e-07,4.594681e-07,3.614003e-11,2.264540e-07,1.361394e-09,1.872397e-08,3.235478e-10,4.107648e-11,9.139733e-11,4.388778e-07,1.568095e-10
32.666016,1.265966e-08,4.745168e-08,3.459166e-06,1.219478e-06,1.661762e-10,2.539318e-08,9.096790e-09,4.618573e-08,3.610395e-08,1.093860e-06,1.449070e-07,1.182674e-07,4.307643e-07,6.810281e-08,4.766040e-07,6.374218e-07,1.765885e-11,2.142352e-07,1.498822e-09,8.640491e-09,3.744381e-11,5.240438e-11,7.951998e-11,3.793088e-07,5.507350e-10
32.714844,1.319593e-08,4.237135e-08,4.057260e-06,1.030200e-06,1.588780e-10,4.976674e-08,1.402881e-08,4.747314e-08,5.664233e-08,9.096749e-07,8.860143e-08,1.252766e-07,2.517408e-07,6.922877e-08,6.239888e-07,6.764297e-07,3.470596e-11,1.995698e-07,1.106617e-09,7.237057e-09,1.769717e-10,1.539799e-11,1.738016e-10,3.750420e-07,6.330467e-10
32.763672,1.248145e-08,3.466969e-08,4.540136e-06,1.233511e-06,1.417816e-10,6.001966e-08,1.821962e-08,5.295594e-08,5.562554e-08,5.899368e-07,4.616196e-08,1.215023e-07,1.022923e-07,5.460288e-08,1.036586e-06,5.059543e-07,4.673177e-11,2.037996e-07,3.197197e-10,8.838544e-09,2.592789e-10,2.602844e-11,1.126745e-10,3.121285e-07,5.216458e-10
32.812500,1.098529e-08,3.183237e-08,4.587490e-06,1.473778e-06,1.220414e-10,5.197856e-08,1.915256e-08,4.251021e-08,3.985039e-08,2.832048e-07,7.879157e-08,1.236787e-07,2.422403e-07,4.660021e-08,1.100956e-06,1.685367e-07,3.327360e-11,2.436998e-07,9.855537e-10,8.476542e-09,9.603632e-12,2.051235e-11,1.091782e-10,4.818931e-07,2.136703e-10
32.861328,9.289110e-09,3.405581e-08,4.182770e-06,1.371141e-06,1.063166e-10,4.077405e-08,1.481297e-08,2.061025e-08,4.761483e-08,3.906108e-07,1.279829e-07,9.165418e-08,3.786942e-07,3.971060e-08,7.629661e-07,3.555284e-08,6.436466e-12,2.438023e-07,8.811111e-10,1.124876e-08,1.989654e-10,4.274217e-11,1.148210e-10,3.824360e-07,8.297279e-11
32.910156,7.686314e-09,3.157185e-08,3.732068e-06,9.762063e-07,9.771311e-11,5.297989e-08,6.375896e-09,1.101610e-08,5.471362e-08,4.143887e-07,1.458173e-07,5.902078e-08,3.386613e-07,9.796663e-08,2.461697e-07,1.509265e-07,1.781772e-11,1.013759e-07,5.139684e-10,1.238543e-08,1.780799e-10,1.348176e-11,5.202586e-11,6.670100e-07,2.186410e-10
32.958984,6.070727e-09,1.927507e-08,3.701087e-06,7.993086e-07,9.384974e-11,6.756397e-08,5.612175e-09,3.400082e-08,6.242907e-08,2.608193e-07,1.389263e-07,7.682308e-08,1.410350e-07,1.269816e-07,2.276838e-07,3.436756e-07,2.493849e-11,6.904123e-08,6.829058e-10,8.065585e-09,1.068972e-10,1.046433e-11,7.744817e-11,3.083384e-08,1.084321e-10
33.007812,4.253819e-09,1.286310e-08,3.929410e-06,1.187328e-06,9.341043e-11,6.313226e-08,9.578532e-09,6.947600e-08,6.961606e-08,2.453774e-07,1.338621e-07,6.344896e-08,8.926741e-08,7.751920e-08,2.302528e-07,1.168600e-07,3.162664e-11,8.450899e-08,7.863350e-10,4.526711e-09,3.154813e-10,2.656509e-11,5.198091e-11,1.829116e-07,1.715834e-10
33.056641,2.292683e-09,3.508469e-08,3.925464e-06,1.591684e-06,9.301921e-11,4.020830e-08,7.208325e-09,8.055485e-08,4.029860e-08,4.753366e-07,1.134834e-07,1.525256e-08,1.262280e-07,2.608914e-08,1.613771e-07,3.530497e-07,2.515328e-11,5.444910e-08,9.301001e-10,6.236776e-09,2.184131e-10,1.298196e-11,8.706793e-11,4.390767e-07,3.132362e-10
33.105469,4.853280e-10,5.542498e-08,3.511678e-06,1.712433e-06,9.232796e-11,1.245195e-08,3.377446e-09,5.153974e-08,2.113233e-08,6.748858e-07,5.413904e-08,8.015840e-08,7.176252e-08,6.069991e-08,3.735389e-07,3.065962e-07,3.567661e-11,9.814682e-08,1.781867e-09,4.652948e-09,8.392626e-11,4.539559e-11,1.133557e-10,8.631192e-07,1.834569e-10
33.154297,9.103327e-10,6.522597e-08,2.878578e-06,1.502614e-06,9.212248e-11,2.468755e-08,6.421490e-09,1.485080e-08,7.828797e-08,5.680278e-07,2.482244e-08,1.123286e-07,2.035390e-07,9.278143e-08,3.545069e-07,3.585044e-07,5.241990e-11,6.497928e-08,1.431075e-09,4.436540e-09,1.656326e-10,2.722211e-11,2.295252e-11,4.853497e-07,2.426437e-10
33.203125,1.633201e-09,6.400447e-08,2.467599e-06,1.119879e-06,9.216080e-11,4.814767e-08,5.008798e-09,3.733244e-08,1.136378e-07,2.350065e-07,8.397992e-08,1.171735e-07,2.995597e-07,1.040761e-07,1.595538e-07,4.345263e-07,6.556275e-11,3.891213e-08,1.748146e-09,7.185780e-09,1.105774e-10,4.287893e-12,1.428691e-10,5.439415e-08,3.817574e-10
33.251953,1.733228e-09,5.773035e-08,2.711210e-06,8.885331e-07,9.450801e-11,6.730614e-08,4.836342e-09,3.657779e-08,1.387036e-07,3.770458e-07,9.902987e-08,1.419086e-07,2.044480e-07,8.068157e-08,3.174000e-07,2.823830e-07,6.705620e-11,9.085148e-08,1.071490e-09,7.300067e-09,7.762078e-11,2.086112e-11,1.733703e-10,4.916002e-07,3.740723e-10
33.300781,1.413113e-09,5.473793e-08,3.454319e-06,8.609576e-07,1.016640e-10,7.951218e-08,1.436236e-08,9.182447e-09,1.503196e-07,5.314826e-07,7.249101e-08,1.186968e-07,2.042761e-08,6.251144e-08,2.449146e-07,1.701074e-07,4.646334e-11,8.145306e-08,1.674711e-09,7.685392e-09,9.913676e-11,2.917519e-11,4.223372e-11,9.578440e-07,2.514714e-10
33.349609,1.436426e-09,5.709954e-08,4.219156e-06,7.098131e-07,1.076475e-10,8.066670e-08,2.089622e-08,2.850722e-08,1.383201e-07,5.156743e-07,3.216036e-08,9.709528e-08,1.280112e-07,6.254210e-08,1.677389e-07,5.058786e-07,3.147556e-11,7.579609e-08,5.486609e-10,7.421179e-09,1.036679e-10,1.769437e-11,8.405187e-11,8.941938e-07,8.948230e-11
33.398438,2.590375e-09,6.075969e-08,4.710481e-06,3.706959e-07,1.038368e-10,6.964588e-08,2.234408e-08,5.742838e-08,1.150587e-07,3.508322e-07,3.283365e-08,1.340683e-07,1.483497e-07,1.651614e-08,3.145936e-07,5.752283e-07,3.108735e-11,8.898865e-08,8.932296e-10,2.012532e-09,8.215815e-11,3.424674e-11,1.340113e-10,8.008905e-07,2.298296e-10
33.447266,4.197272e-09,6.413491e-08,4.897685e-06,3.872592e-07,9.662308e-11,5.067086e-08,2.184607e-08,6.595865e-08,1.058914e-07,2.427511e-07,4.042467e-08,1.634579e-07,1.025541e-07,3.382071e-08,5.003752e-07,4.209433e-07,4.484486e-11,1.018080e-07,4.026770e-10,4.677882e-09,3.023840e-11,3.889969e-11,1.120032e-10,2.361677e-07,1.493696e-10
33.496094,5.569928e-09,6.817973e-08,4.936064e-06,7.817875e-07,9.228731e-11,3.151457e-08,2.099696e-08,6.045038e-08,1.194561e-07,6.101271e-07,5.716610e-08,1.250510e-07,1.549279e-07,3.772018e-08,6.184198e-07,7.401593e-07,5.262484e-11,1.383311e-07,1.284658e-09,2.329738e-09,1.397333e-10,4.318565e-11,1.260928e-10,6.463649e-07,1.607976e-10
33.544922,6.219485e-09,7.169713e-08,4.942683e-06,1.072494e-06,8.100765e-11,2.084477e-08,1.673039e-08,5.529562e-08,1.250765e-07,8.089809e-07,9.290476e-08,6.254293e-08,3.012214e-07,4.354043e-08,5.056027e-07,8.746643e-07,4.237415e-11,1.353830e-07,6.645663e-10,5.982394e-09,1.213307e-10,2.199567e-11,1.030544e-10,7.354999e-07,2.655465e-10
33.593750,5.904993e-09,7.192523e-08,4.831462e-06,1.177184e-06,6.066289e-11,2.000612e-08,8.559162e-09,4.579014e-08,1.033049e-07,7.384820e-07,1.088410e-07,7.537300e-08,3.712146e-07,5.027929e-08,3.887948e-07,6.915820e-07,4.440838e-11,1.489108e-07,1.267389e-09,6.589876e-09,1.724776e-10,1.438561e-11,7.553047e-11,4.994986e-07,3.439096e-10
33.642578,4.701909e-09,6.936401e-08,4.427284e-06,1.050523e-06,6.765677e-11,1.835947e-08,3.290734e-09,2.792253e-08,7.420641e-08,5.805447e-07,8.863360e-08,6.779291e-08,4.656356e-07,4.650089e-08,3.778998e-07,5.141638e-07,3.643914e-11,8.916613e-08,1.428480e-09,5.109884e-09,1.649617e-10,6.522378e-12,7.179048e-11,3.838552e-07,3.152262e-10
33.691406,2.956900e-09,6.928246e-08,3.672211e-06,6.957617e-07,9.778017e-11,1.259176e-08,6.778445e-09,2.728564e-08,5.957352e-08,6.063633e-07,4.469429e-08,7.428389e-08,3.995147e-07,3.140300e-08,4.753077e-07,4.188667e-07,7.270841e-12,1.120177e-07,1.400178e-09,1.831759e-09,4.333679e-11,1.716825e-11,2.068799e-11,6.780615e-07,8.703317e-11
33.740234,1.433573e-09,7.489441e-08,2.709730e-06,3.004220e-07,1.094349e-10,9.911063e-09,7.690978e-09,4.392442e-08,5.344498e-08,8.638069e-07,7.189131e-09,6.103659e-08,2.564990e-07,6.292741e-08,4.876257e-07,2.334200e-07,2.051935e-11,1.834073e-07,1.246525e-09,3.016393e-09,8.766451e-11,3.004989e-11,3.434578e-11,1.152293e-06,2.353531e-10
33.789062,2.185961e-09,8.064652e-08,1.877326e-06,5.079777e-07,9.312462e-11,1.327362e-08,6.508640e-09,6.113553e-08,5.069340e-08,1.031899e-06,4.202001e-09,3.498135e-08,1.101824e-07,7.992034e-08,5.770349e-07,1.498218e-07,3.442467e-11,2.311167e-07,6.751714e-10,2.882338e-09,1.414278e-10,2.761535e-11,1.152695e-10,8.248660e-07,1.204678e-10
33.837891,4.037474e-09,7.816762e-08,1.535893e-06,8.737879e-07,6.447311e-11,1.496767e-08,3.544058e-09,6.983294e-08,3.269895e-08,9.372440e-07,2.031114e-08,3.480239e-08,1.436160e-07,6.773880e-08,5.569618e-07,2.450015e-07,5.094753e-11,2.011935e-07,6.514014e-10,3.523132e-09,1.132829e-10,2.279383e-11,1.535624e-10,6.204653e-07,2.066402e-10
33.886719,5.794082e-09,6.338669e-08,1.486506e-06,1.092591e-06,4.287185e-11,1.221582e-08,1.072016e-09,5.002496e-08,4.541102e-09,6.903609e-07,4.226346e-08,1.991484e-08,2.778830e-07,5.184390e-08,3.436652e-07,3.596802e-07,3.968571e-11,1.692077e-07,6.941135e-10,5.852262e-09,5.670293e-11,2.358835e-11,7.501809e-11,6.522929e-07,2.058766e-10
33.935547,7.109416e-09,3.794104e-08,1.256324e-06,1.109205e-06,3.334898e-11,4.278902e-09,4.516172e-09,3.028512e-08,3.390429e-08,4.979201e-07,4.327364e-08,1.178725e-08,2.848961e-07,6.836439e-08,4.226874e-07,3.072992e-07,9.342076e-12,5.243806e-08,5.312802e-10,8.153049e-09,9.068559e-11,1.871739e-11,4.786532e-11,7.317645e-07,1.837239e-10
33.984375,7.732773e-09,7.741155e-09,9.510507e-07,8.857145e-07,4.175970e-11,1.004184e-08,5.093786e-09,7.037731e-08,3.532690e-08,4.403344e-07,2.106092e-08,2.892218e-08,1.844877e-07,5.064077e-08,5.860220e-07,2.598033e-07,1.336416e-11,1.248776e-07,3.304915e-10,6.758859e-09,1.023788e-10,2.987031e-11,4.493214e-11,1.236826e-06,1.982121e-10
34.033203,7.561661e-09,2.211792e-08,1.312391e-06,5.830147e-07,6.192157e-11,2.017468e-08,2.607047e-09,8.336418e-08,2.184054e-08,5.812329e-07,1.517646e-08,4.978371e-08,1.194572e-07,1.747882e-08,4.885606e-07,3.152081e-07,1.611857e-11,1.385531e-07,4.335835e-10,3.103964e-09,9.796612e-11,1.661875e-11,4.396293e-11,6.928579e-07,1.771737e-11
34.082031,6.698525e-09,4.483057e-08,2.065750e-06,8.011275e-07,7.385340e-11,2.152257e-08,2.003810e-09,6.732385e-08,3.443838e-08,7.667450e-07,3.362212e-08,6.549603e-08,1.732983e-07,9.821692e-09,3.582109e-07,3.498738e-07,1.259086e-11,2.288816e-07,1.903108e-10,4.890256e-09,1.183596e-10,1.473571e-11,6.218658e-11,1.944850e-07,2.808137e-10
34.130859,5.424650e-09,5.896578e-08,2.643860e-06,1.250941e-06,7.019927e-11,1.459417e-08,7.809133e-09,6.821706e-08,4.302855e-08,8.203611e-07,3.868368e-08,6.952977e-08,2.382934e-07,1.767439e-08,2.027968e-07,3.952933e-07,1.236983e-11,1.255278e-07,2.772535e-10,1.925237e-09,1.623423e-10,2.787381e-11,1.035892e-10,5.095604e-07,1.926459e-10
34.179688,4.156727e-09,6.401216e-08,2.921928e-06,1.437694e-06,5.872290e-11,1.394612e-08,1.324792e-08,7.865584e-08,3.784320e-08,7.652967e-07,3.813638e-08,6.396105e-08,2.000772e-07,5.449566e-08,2.140976e-07,2.663385e-07,1.778513e-11,9.704241e-08,7.309676e-10,3.457131e-09,1.542847e-10,1.388209e-11,5.263608e-11,6.296337e-07,2.818926e-10
34.228516,3.476607e-09,6.011058e-08,2.991204e-06,1.313711e-06,5.204961e-11,2.166705e-08,1.612912e-08,7.384254e-08,3.049137e-08,6.535126e-07,2.915894e-08,6.612636e-08,2.251904e-07,7.960734e-08,3.701789e-07,1.009562e-07,3.008412e-11,8.505440e-08,4.110564e-10,7.579036e-09,1.864452e-10,1.204601e-11,6.549147e-11,6.047305e-07,2.577860e-10
34.277344,3.827572e-09,4.805903e-08,2.912241e-06,1.167337e-06,6.366277e-11,2.555092e-08,1.540386e-08,4.970284e-08,2.583011e-08,4.559341e-07,1.458457e-08,8.853223e-08,2.850343e-07,6.431408e-08,4.740636e-07,2.791553e-07,3.011366e-11,1.085090e-07,8.080717e-10,6.557143e-09,1.477896e-10,1.942631e-11,7.286657e-11,8.791755e-08,2.537518e-10
34.326172,4.850934e-09,3.051529e-08,2.585107e-06,1.286527e-06,8.669857e-11,2.932545e-08,1.157614e-08,1.485341e-08,1.750799e-08,2.071941e-07,4.615710e-08,1.070774e-07,2.816041e-07,3.369337e-08,2.818225e-07,2.169155e-07,4.229007e-11,5.969645e-08,1.411622e-09,5.686936e-09,1.228350e-10,2.359109e-11,7.141774e-11,4.260870e-07,2.250512e-10
34.375000,5.905344e-09,1.462298e-08,1.883636e-06,1.470660e-06,1.025954e-10,3.868224e-08,5.863728e-09,3.827915e-08,1.295816e-08,1.180105e-07,9.564505e-08,9.050519e-08,2.710610e-07,2.831792e-08,1.929162e-07,2.047308e-07,4.056215e-11,5.025222e-08,1.393962e-09,2.812797e-09,8.786772e-11,2.604497e-11,4.473758e-11,6.027844e-07,8.769711e-11
34.423828,6.533406e-09,1.752812e-08,8.382892e-07,1.522808e-06,1.045988e-10,4.947614e-08,2.817050e-09,4.976122e-08,2.431855e-08,2.583929e-07,1.237047e-07,4.656257e-08,1.843998e-07,1.262561e-08,3.840194e-07,3.087863e-07,3.628809e-11,1.070867e-07,8.852057e-10,2.436073e-09,2.305264e-11,1.359862e-11,9.050879e-11,5.493021e-07,9.810014e-11
34.472656,6.423754e-09,2.746376e-08,5.587792e-07,1.549295e-06,1.045740e-10,5.607056e-08,5.979132e-09,4.708729e-08,2.582991e-08,4.572374e-07,1.124179e-07,9.609139e-09,1.488582e-07,3.873381e-08,4.992940e-07,4.213347e-07,3.913120e-11,1.772062e-07,6.952257e-10,2.853279e-09,6.123604e-11,2.095269e-11,6.679033e-11,4.233768e-07,1.564568e-10
34.521484,5.455238e-09,3.206556e-08,1.741742e-06,1.652873e-06,1.127890e-10,5.623997e-08,6.898935e-09,5.796455e-08,2.577552e-08,6.999916e-07,8.738359e-08,3.477529e-08,2.063726e-07,7.150337e-08,4.110710e-07,4.145620e-07,2.072140e-11,1.635191e-07,5.568933e-10,7.801847e-09,4.945604e-11,1.109184e-11,2.378040e-11,3.633284e-07,1.543975e-10
34.570312,3.773332e-09,3.087868e-08,2.728577e-06,1.654387e-06,1.154098e-10,5.046134e-08,8.540272e-09,6.224405e-08,3.729533e-08,8.788414e-07,8.334770e-08,3.068427e-08,1.522512e-07,3.865635e-08,2.495078e-07,2.249420e-07,1.810211e-11,6.612189e-08,2.438054e-10,8.036793e-09,9.166740e-11,1.365794e-11,4.430001e-11,3.988974e-07,6.469932e-11
34.619141,1.830881e-09,2.594564e-08,3.328994e-06,1.331493e-06,9.771208e-11,4.097084e-08,1.278066e-08,4.959581e-08,3.840113e-08,9.105744e-07,9.063965e-08,2.725398e-08,1.088483e-07,3.391118e-08,3.128657e-07,4.138047e-08,1.787218e-11,7.077779e-08,2.330569e-10,4.462744e-09,7.605395e-11,6.696754e-12,1.420751e-11,4.436415e-07,1.906340e-10
34.667969,9.368645e-10,2.052839e-08,3.447256e-06,6.645130e-07,6.493804e-11,3.070173e-08,1.550677e-08,3.066283e-08,3.478771e-08,8.400424e-07,9.693638e-08,2.447644e-08,1.628522e-07,7.335684e-08,3.580734e-07,3.984166e-07,1.214384e-11,4.879731e-08,1.654675e-10,2.718361e-09,1.636628e-10,2.970877e-11,1.490684e-11,1.894564e-07,2.749165e-10
34.716797,1.740875e-09,1.859463e-08,3.076432e-06,1.763141e-07,4.194364e-11,2.194747e-08,1.527170e-08,3.574377e-08,4.339479e-08,7.460095e-07,1.028542e-07,2.923735e-08,1.878692e-07,7.251474e-08,3.971803e-07,4.818682e-07,2.036216e-11,4.003936e-08,1.987143e-10,5.983451e-09,6.491225e-11,6.780233e-12,8.883989e-12,5.098137e-07,1.711730e-10
34.765625,1.946840e-09,2.013558e-08,2.364412e-06,9.107377e-07,4.805657e-11,1.580401e-08,1.366076e-08,4.706916e-08,4.349519e-08,6.113514e-07,1.066223e-07,7.213636e-08,1.861988e-07,6.799841e-08,3.186910e-07,3.091081e-07,2.119381e-11,8.356176e-08,3.877868e-10,5.170462e-09,1.446158e-10,7.980831e-12,3.400489e-11,2.443960e-07,8.158606e-12
34.814453,1.411770e-09,2.085525e-08,1.712545e-06,1.372289e-06,5.535365e-11,1.195490e-08,1.222873e-08,3.363227e-08,3.052434e-08,4.583985e-07,8.884824e-08,6.911618e-08,1.425224e-07,6.445737e-08,2.275981e-07,1.097137e-07,3.506075e-11,8.422724e-08,2.281361e-10,2.350545e-09,5.275250e-11,1.278408e-11,1.802607e-11,1.188260e-07,5.387999e-11
34.863281,1.574916e-09,1.959801e-08,1.678865e-06,1.522875e-06,5.265285e-11,1.105425e-08,1.173418e-08,2.378079e-08,3.547219e-08,4.011172e-07,5.082208e-08,5.247760e-08,3.917356e-08,7.035822e-08,2.590722e-07,2.068876e-07,3.789160e-11,5.089816e-08,5.915451e-10,1.561169e-09,3.424176e-11,1.791130e-11,4.281031e-11,5.941333e-07,4.164094e-11
34.912109,3.330245e-09,2.044291e-08,2.090865e-06,1.454406e-06,4.546842e-11,1.670557e-08,1.240331e-08,4.132464e-08,6.978748e-08,4.107096e-07,4.934830e-08,2.321942e-08,9.918503e-08,4.069844e-08,3.062906e-07,2.923913e-07,2.038396e-11,4.749714e-08,7.098001e-10,1.815285e-09,9.711842e-11,1.382593e-11,4.427007e-11,4.209658e-07,1.708071e-10
34.960938,5.411130e-09,2.580846e-08,2.430126e-06,1.289686e-06,3.833566e-11,2.337161e-08,1.245948e-08,4.792061e-08,1.060013e-07,3.720894e-07,6.064429e-08,6.622004e-08,1.539143e-07,5.316846e-09,4.668079e-07,1.495256e-07,6.725616e-12,1.213997e-07,1.797590e-10,1.095829e-09,7.190171e-11,1.483173e-11,4.243736e-11,2.826772e-07,1.529894e-10
35.009766,7.250602e-09,3.121682e-08,2.563068e-06,1.138593e-06,3.205159e-11,2.425517e-08,1.025424e-08,5.387398e-08,1.198538e-07,2.897151e-07,6.128970e-08,9.229898e-08,1.095331e-07,1.092140e-08,5.417045e-07,1.510361e-07,2.033664e-11,1.482364e-07,5.512211e-10,1.599627e-09,8.939597e-11,1.742041e-11,3.347177e-11,5.288102e-07,9.276811e-11
35.058594,8.533384e-09,3.267909e-08,2.534853e-06,1.117273e-06,2.345052e-11,2.139420e-08,6.206069e-09,5.262568e-08,1.030928e-07,2.330406e-07,9.815551e-08,7.843589e-08,4.793835e-08,4.540110e-08,5.436109e-07,3.178046e-07,2.728384e-11,5.987611e-08,9.687770e-10,2.372473e-09,5.065743e-11,1.837070e-11,7.224352e-11,8.366695e-07,1.398488e-10
35.107422,9.073044e-09,2.988114e-08,2.386284e-06,1.244061e-06,1.050958e-11,2.680753e-08,2.085816e-09,3.710491e-08,7.711126e-08,1.860573e-07,1.329940e-07,6.187108e-08,3.381132e-08,7.542461e-08,5.667095e-07,2.578568e-07,2.227944e-11,1.113197e-07,9.305371e-10,1.891741e-09,5.993858e-11,1.847490e-11,3.809792e-11,7.245465e-07,1.505649e-10
35.156250,8.790518e-09,2.525570e-08,2.144722e-06,1.373905e-06,5.952901e-12,3.811918e-08,3.299678e-09,4.486325e-08,6.652862e-08,1.291998e-07,1.322410e-07,4.090450e-08,4.073967e-08,7.349987e-08,5.377922e-07,2.891263e-07,8.371389e-12,1.321324e-07,6.038185e-10,9.072072e-10,2.120761e-11,9.686424e-12,1.795413e-11,1.694965e-07,1.239995e-10
35.205078,7.686379e-09,2.173110e-08,1.895318e-06,1.362692e-06,2.017484e-11,4.460669e-08,6.311107e-09,6.451841e-08,5.686490e-08,4.459805e-08,1.278602e-07,5.582573e-08,1.210256e-07,5.766459e-08,5.458205e-07,2.901047e-07,2.366553e-11,1.004403e-07,3.149728e-10,4.677026e-10,6.521190e-11,1.119448e-11,6.884271e-11,1.436091e-07,2.028681e-10
35.253906,5.831544e-09,2.115198e-08,1.752101e-06,1.157442e-06,2.851128e-11,4.243907e-08,7.890578e-09,6.598212e-08,5.037355e-08,3.172872e-07,1.515694e-07,7.396194e-08,1.022381e-07,5.114402e-08,5.493862e-07,1.166952e-07,2.420138e-11,6.861794e-08,1.853300e-10,4.107541e-09,3.200372e-11,9.899134e-12,6.606026e-11,4.013101e-07,1.924716e-10
35.302734,3.387233e-09,2.501488e-08,1.708711e-06,7.911406e-07,2.995355e-11,3.216143e-08,7.843121e-09,5.595961e-08,6.464492e-08,6.655089e-07,1.612278e-07,6.116592e-08,4.099776e-08,3.509390e-08,5.358843e-07,1.520440e-07,2.607317e-11,7.406428e-08,3.642877e-10,3.558884e-09,6.145736e-11,1.549106e-11,2.802475e-11,6.248179e-07,1.139865e-10
35.351562,6.925486e-10,3.295611e-08,1.641428e-06,3.677809e-07,2.758885e-11,1.672807e-08,6.883222e-09,4.566751e-08,7.084334e-08,8.772617e-07,1.401247e-07,3.442963e-08,1.463465e-07,1.760258e-08,4.717083e-07,2.935219e-07,2.164248e-11,5.233741e-08,1.468815e-10,3.203380e-09,2.508542e-11,1.340199e-11,3.898024e-11,7.162459e-07,1.377145e-10
35.400391,1.974702e-09,4.152808e-08,1.478940e-06,1.489901e-07,2.430772e-11,2.413503e-09,5.865587e-09,3.225263e-08,6.251732e-08,8.737093e-07,1.110952e-07,1.474045e-08,1.055739e-07,1.894976e-08,4.182392e-07,2.096400e-07,1.224080e-11,7.408656e-08,5.301669e-11,3.511152e-09,4.474791e-11,1.032686e-11,2.595651e-11,6.167157e-07,2.359891e-10
35.449219,3.941727e-09,4.687995e-08,1.262386e-06,2.854199e-07,2.067539e-11,1.144724e-08,5.872663e-09,1.715385e-08,7.288095e-08,7.098489e-07,8.174932e-08,3.038769e-08,3.642042e-08,1.951362e-08,5.012127e-07,8.988904e-08,1.481782e-11,1.146618e-07,2.684772e-10,4.267329e-09,4.995928e-11,8.189956e-12,4.892428e-11,4.244298e-07,7.904422e-11
35.498047,5.022257e-09,4.678343e-08,1.095536e-06,2.692177e-07,1.694768e-11,1.746093e-08,7.681671e-09,1.052154e-08,9.534873e-08,4.514127e-07,4.642131e-08,3.622658e-08,1.500791e-07,3.992922e-08,5.550866e-07,1.986668e-07,1.574204e-11,8.659227e-08,3.471444e-10,1.200675e-09,8.602168e-11,2.152877e-11,4.126992e-11,4.840091e-07,1.394521e-10
35.546875,5.293252e-09,4.122223e-08,1.064759e-06,1.103877e-07,1.475572e-11,1.943947e-08,9.771857e-09,1.009335e-08,9.677335e-08,1.667490e-07,1.191040e-08,2.754307e-08,1.938251e-07,7.658838e-08,4.557031e-07,3.712468e-07,9.694259e-12,5.073863e-08,3.443160e-10,3.253633e-09,6.038487e-11,1.641030e-11,3.688859e-11,4.499834e-07,1.329109e-10
35.595703,5.222638e-09,3.201454e-08,1.155357e-06,2.315811e-07,1.685521e-11,1.885536e-08,1.044540e-08,1.010797e-08,7.442177e-08,1.639325e-07,1.306231e-08,4.903181e-08,1.679837e-07,9.857187e-08,3.660255e-07,3.808571e-07,1.079249e-11,4.846341e-08,5.117647e-11,4.309052e-09,4.924149e-11,4.674223e-12,2.603262e-11,2.031917e-07,9.164795e-11
35.644531,5.284338e-09,2.187859e-08,1.267745e-06,4.752869e-07,2.431118e-11,1.684691e-08,9.353675e-09,8.955933e-09,4.323745e-08,2.308152e-07,2.694823e-08,6.878265e-08,1.755513e-07,9.482048e-08,3.245005e-07,3.434475e-07,1.890234e-11,3.639865e-08,3.864526e-10,3.869661e-09,1.975814e-11,7.641530e-12,1.279510e-11,3.384234e-07,6.631328e-11
35.693359,5.418283e-09,1.347714e-08,1.320035e-06,6.547555e-07,3.635144e-11,1.689317e-08,7.473146e-09,2.399414e-08,1.087957e-08,1.212247e-07,3.783737e-08,8.052350e-08,2.815045e-07,8.520436e-08,3.128313e-07,2.002523e-07,9.238541e-12,9.262507e-08,4.113305e-10,3.407979e-09,4.873066e-11,5.466720e-12,3.190223e-11,5.288442e-07,2.596917e-11
35.742188,5.188189e-09,8.796487e-09,1.300071e-06,7.632172e-07,4.942288e-11,2.185965e-08,5.969381e-09,3.882395e-08,2.692176e-08,1.322946e-07,4.036548e-08,1.040784e-07,2.924288e-07,7.677410e-08,3.323758e-07,1.291730e-07,1.882136e-11,1.291882e-07,2.453694e-10,1.882218e-09,5.258750e-11,1.272308e-11,8.159062e-11,4.624222e-07,5.761369e-11
35.791016,4.340993e-09,8.001679e-09,1.236104e-06,8.207981e-07,5.813081e-11,2.848527e-08,4.750766e-09,3.782538e-08,5.243353e-08,2.773801e-07,3.379585e-08,1.115914e-07,2.693784e-07,5.980817e-08,2.910934e-07,2.286350e-07,2.292172e-11,1.429513e-07,2.393121e-10,2.131735e-09,6.002370e-11,1.278187e-11,7.153497e-11,3.928872e-07,1.657342e-10
35.839844,2.985556e-09,9.147866e-09,1.118536e-06,8.353309e-07,6.032027e-11,3.084877e-08,4.245024e-09,2.422668e-08,5.679135e-08,2.865634e-07,3.308530e-08,9.239824e-08,2.120053e-07,7.036426e-08,2.757547e-07,2.641174e-07,1.503050e-11,1.517499e-07,4.200339e-10,2.543909e-09,5.235729e-11,1.299990e-11,2.935581e-11,2.257075e-07,1.192169e-10
35.888672,1.475740e-09,1.148162e-08,8.844784e-07,7.905742e-07,5.687633e-11,2.460749e-08,5.623978e-09,2.258844e-08,4.732144e-08,2.225279e-07,2.425998e-08,6.059770e-08,1.048864e-07,9.377559e-08,2.684202e-07,3.183929e-07,3.093229e-11,1.208155e-07,1.268051e-10,5.717580e-09,8.290902e-11,6.048692e-12,2.109874e-11,1.558785e-07,1.634653e-11
35.937500,4.900833e-10,1.554054e-08,5.143822e-07,6.589441e-07,4.821684e-11,1.047295e-08,6.659625e-09,3.236111e-08,4.101766e-08,1.342701e-07,5.801716e-08,3.868301e-08,7.404276e-08,9.014389e-08,1.760661e-07,3.063395e-07,2.549057e-11,1.331352e-07,1.152072e-10,6.169434e-09,7.135483e-11,1.069928e-11,2.929285e-11,3.206496e-07,1.708056e-10
35.986328,1.047480e-09,2.161977e-08,3.233627e-07,4.317618e-07,3.553349e-11,8.746308e-09,5.533971e-09,4.116426e-08,3.449939e-08,7.911205e-08,9.674893e-08,4.576567e-08,7.673179e-08,7.084023e-08,1.248744e-07,4.395429e-07,1.288847e-11,1.267412e-07,1.924985e-10,4.528599e-09,8.956724e-11,1.679003e-11,4.827762e-11,3.016983e-07,5.481129e-11
36.035156,1.465466e-09,2.895517e-08,7.204496e-07,2.394787e-07,2.786367e-11,2.121224e-08,2.755442e-09,5.169597e-08,2.195316e-08,3.691514e-07,9.772220e-08,4.985269e-08,3.363989e-08,5.212932e-08,1.497870e-07,3.568934e-07,5.585080e-12,9.475006e-08,2.784396e-10,4.901378e-09,8.070762e-11,6.662662e-12,4.646339e-11,2.245339e-07,1.020740e-10
36.083984,1.488969e-09,3.582806e-08,1.084405e-06,4.818629e-07,3.523724e-11,2.592906e-08,1.883516e-09,5.994437e-08,1.001183e-08,5.568496e-07,7.584992e-08,4.354422e-08,1.562667e-07,3.341723e-08,2.408047e-07,2.311607e-07,1.034834e-11,4.471547e-08,2.163155e-10,3.449842e-09,1.530552e-11,1.495512e-11,6.015410e-12,4.383034e-07,1.697163e-10
36.132812,1.235837e-09,4.042504e-08,1.223966e-06,8.291613e-07,4.638906e-11,2.376122e-08,3.360796e-09,6.151307e-08,1.251548e-08,5.710215e-07,5.764590e-08,4.281206e-08,2.648853e-07,3.148047e-08,3.685918e-07,1.689417e-07,2.356762e-11,4.185708e-08,4.572440e-10,2.471177e-09,5.241979e-11,2.174485e-11,6.531106e-12,2.864631e-07,1.024883e-10
36.181641,9.132548e-10,4.203460e-08,1.125950e-06,1.049323e-06,5.055917e-11,1.937928e-08,4.307687e-09,5.771551e-08,2.586911e-08,6.092382e-07,4.241005e-08,5.331295e-08,2.786005e-07,2.136039e-08,3.279241e-07,9.501395e-08,2.969097e-11,5.108902e-08,5.006640e-10,1.973998e-09,5.891890e-11,1.628488e-11,1.555635e-11,6.859216e-07,1.094897e-10
36.230469,7.764889e-10,4.193589e-08,8.819568e-07,1.060209e-06,4.847364e-11,1.626158e-08,5.656623e-09,5.124163e-08,3.940491e-08,6.952178e-07,4.652593e-08,6.208129e-08,2.601675e-07,1.724865e-08,2.357793e-07,2.142453e-07,2.533889e-11,6.460808e-08,2.127616e-10,1.707498e-09,6.571046e-11,1.220273e-11,1.830335e-11,1.922294e-07,1.531001e-10
36.279297,7.624184e-10,4.269717e-08,6.879613e-07,8.923471e-07,4.393659e-11,1.401123e-08,6.475097e-09,3.888641e-08,4.683876e-08,6.132133e-07,5.609998e-08,4.844645e-08,2.070285e-07,4.609614e-08,1.718356e-07,3.970645e-07,3.833980e-11,8.059345e-08,2.262562e-10,2.840241e-09,5.947049e-11,2.151890e-11,4.315557e-11,3.370011e-07,1.003559e-10
36.328125,5.355326e-10,4.519442e-08,7.947458e-07,7.329208e-07,3.866967e-11,1.161976e-08,5.269010e-09,1.907295e-08,4.274075e-08,3.811856e-07,5.305482e-08,2.180046e-08,1.544631e-07,4.384911e-08,1.377723e-07,3.008924e-07,3.389771e-11,5.832165e-08,2.255429e-10,1.199655e-09,4.066814e-11,4.047383e-12,9.959544e-12,7.180242e-07,6.752058e-11
36.376953,4.868728e-10,4.720271e-08,1.142590e-06,8.011768e-07,3.316233e-11,1.024644e-08,2.369016e-09,1.516339e-08,3.804413e-08,2.938052e-07,4.584510e-08,2.252104e-08,1.286950e-07,4.314553e-08,1.252063e-07,1.265573e-07,3.852988e-11,4.457483e-08,4.873587e-10,9.132616e-10,1.144653e-10,1.387060e-11,1.380272e-11,4.486332e-07,9.363605e-11
36.425781,1.467991e-09,4.623761e-08,1.512780e-06,9.825827e-07,3.405158e-11,1.249569e-08,2.392175e-09,2.369586e-08,4.585668e-08,4.293630e-07,4.017597e-08,2.906675e-08,9.660294e-08,5.079166e-08,8.613630e-08,3.737594e-07,3.716412e-11,4.986422e-08,6.290583e-10,2.422406e-09,7.618790e-11,2.736648e-12,2.100947e-11,5.048327e-07,6.567295e-11
36.474609,2.678204e-09,4.238984e-08,1.762740e-06,1.101657e-06,4.209895e-11,1.632496e-08,4.633855e-09,2.611883e-08,4.542380e-08,4.449344e-07,3.346090e-08,5.737310e-08,9.113369e-08,4.333354e-08,9.529539e-08,2.684283e-07,8.879312e-12,5.353312e-08,5.068072e-10,2.754850e-09,1.502956e-11,7.799182e-12,2.282292e-11,4.480651e-07,5.663063e-11
36.523438,3.734688e-09,3.834026e-08,1.827448e-06,1.157688e-06,4.660791e-11,1.709870e-08,5.408773e-09,3.624915e-08,2.653335e-08,2.829935e-07,3.965635e-08,6.455541e-08,5.624605e-08,2.567463e-08,1.323980e-07,1.683322e-07,2.622258e-11,3.667472e-08,3.109294e-10,8.792810e-10,7.071522e-11,1.063605e-11,4.879912e-11,3.179261e-07,4.552500e-11
36.572266,4.403248e-09,3.618051e-08,1.753472e-06,1.217404e-06,4.064012e-11,1.566649e-08,5.139326e-09,4.577924e-08,3.037941e-09,1.000484e-07,5.149386e-08,4.650422e-08,1.445909e-08,7.579834e-09,5.650085e-08,2.656316e-07,3.397277e-11,2.606092e-08,6.133114e-11,1.815735e-09,7.636358e-11,6.978572e-12,4.688658e-11,4.190252e-07,8.391412e-11
36.621094,4.629499e-09,3.419664e-08,1.681279e-06,1.287974e-06,2.465957e-11,1.946916e-08,4.974226e-09,5.303739e-08,2.488455e-08,2.705669e-08,4.695249e-08,4.883297e-08,4.061976e-08,9.423806e-09,5.458316e-08,4.426199e-07,2.846951e-11,2.188879e-08,3.713666e-10,3.418328e-09,4.999311e-11,1.384674e-11,2.196553e-11,4.889085e-07,9.927961e-11
36.669922,4.539008e-09,2.922749e-08,1.684848e-06,1.324502e-06,8.483777e-12,2.483572e-08,5.202250e-09,6.243685e-08,3.744711e-08,1.826968e-07,3.516996e-08,6.949031e-08,3.441855e-08,2.099389e-08,9.112918e-08,5.146158e-07,3.288309e-11,3.426722e-08,3.682970e-10,2.556469e-09,5.618704e-11,1.436598e-11,2.315823e-11,4.035207e-07,1.597121e-11
36.718750,4.311337e-09,2.053270e-08,1.652067e-06,1.318913e-06,1.954924e-11,2.284806e-08,4.825042e-09,6.088853e-08,3.583768e-08,2.261486e-07,3.408149e-08,6.448009e-08,4.170138e-08,2.547943e-08,1.545268e-07,3.785758e-07,2.526647e-11,8.492944e-09,2.111804e-10,2.693055e-09,6.041195e-11,9.306370e-12,4.293937e-11,5.208987e-07,3.158365e-11
36.767578,4.024408e-09,1.100468e-08,1.447862e-06,1.310356e-06,3.060107e-11,1.253348e-08,3.650305e-09,4.225043e-08,2.127837e-08,1.206154e-07,4.007450e-08,2.492857e-08,2.096310e-08,2.624219e-08,2.169930e-07,2.499293e-07,1.840120e-11,5.239955e-08,3.069011e-10,2.566218e-09,5.044877e-11,1.012887e-11,2.036435e-11,6.583830e-07,4.845482e-11
36.816406,3.629102e-09,9.658587e-09,1.123280e-06,1.303648e-06,3.362904e-11,1.777447e-09,3.688779e-09,2.380469e-08,4.262680e-09,4.033149e-07,4.288821e-08,3.312220e-08,3.816083e-08,3.911587e-08,1.927496e-07,1.398208e-07,4.472540e-12,7.819908e-08,2.273906e-10,1.020899e-09,2.733311e-11,1.615904e-11,1.883008e-11,3.115351e-07,4.519811e-11
36.865234,3.059782e-09,1.651891e-08,1.011449e-06,1.226112e-06,3.071075e-11,7.300669e-09,5.284771e-09,2.579396e-08,1.219447e-08,6.182941e-07,3.071899e-08,6.974444e-08,5.686854e-08,3.428892e-08,2.690710e-07,1.305825e-07,9.116160e-12,1.019143e-07,4.934942e-11,6.505050e-10,5.620238e-11,8.109227e-12,2.649170e-11,1.559286e-07,3.319279e-11
36.914062,2.324795e-09,2.362641e-08,1.300873e-06,1.003371e-06,2.341421e-11,6.265088e-09,6.441986e-09,2.579398e-08,1.575703e-08,5.757991e-07,1.053068e-08,7.938417e-08,9.669310e-08,2.405166e-08,2.505723e-07,1.473358e-07,2.376004e-11,8.388241e-08,3.027805e-10,9.565851e-10,3.896790e-11,2.967925e-12,2.299750e-11,3.226089e-07,1.018521e-10
36.962891,1.516628e-09,3.025351e-08,1.655591e-06,6.597149e-07,1.259025e-11,8.828522e-09,6.523320e-09,1.599533e-08,1.289271e-08,4.318553e-07,8.107989e-09,5.751806e-08,1.296522e-07,3.683707e-08,1.359071e-07,2.930114e-07,3.165965e-11,1.012021e-07,2.835652e-10,1.618274e-09,5.212600e-11,3.859624e-12,9.949579e-12,3.455461e-07,9.247693e-11
37.011719,7.785134e-10,3.575790e-08,1.857905e-06,4.169983e-07,2.871704e-12,1.720820e-08,5.513747e-09,2.826386e-09,1.411298e-08,3.950935e-07,9.694978e-09,2.778690e-08,1.118106e-07,4.435348e-08,1.524292e-07,3.740077e-07,3.384433e-11,1.110309e-07,7.909229e-11,3.814205e-10,5.042841e-11,2.662146e-12,3.371636e-11,1.530704e-07,5.868389e-11
37.060547,2.965334e-10,3.857069e-08,1.895088e-06,5.240638e-07,2.090185e-11,2.263458e-08,4.109404e-09,7.945974e-09,2.400447e-08,3.554253e-07,2.134584e-08,1.944273e-08,5.985674e-08,5.041134e-08,2.266091e-07,3.135856e-07,2.563922e-11,1.359051e-07,2.003230e-10,9.099595e-10,3.193665e-11,4.033149e-12,5.876164e-11,4.506079e-07,8.662396e-11
37.109375,3.473598e-10,3.768592e-08,1.821821e-06,6.226802e-07,3.725978e-11,2.430157e-08,3.742584e-09,1.121816e-08,3.079927e-08,2.257357e-07,4.178634e-08,4.140958e-08,9.186157e-08,5.043312e-08,2.642960e-07,2.033957e-07,2.807544e-11,1.411889e-07,2.861250e-10,1.473823e-09,4.215007e-11,1.261984e-11,3.897508e-11,6.311354e-07,1.745633e-11
37.158203,6.863863e-10,3.374348e-08,1.664255e-06,5.141779e-07,4.799905e-11,2.333700e-08,3.798248e-09,6.780016e-09,3.027626e-08,9.413351e-08,5.758128e-08,5.263388e-08,1.322190e-07,3.876047e-08,2.161634e-07,2.847141e-08,1.631937e-11,8.706194e-08,2.643125e-10,1.852235e-09,2.778799e-11,9.282164e-12,4.175996e-11,2.995257e-07,7.310316e-11
37.207031,1.238303e-09,2.888643e-08,1.416309e-06,2.481849e-07,5.177823e-11,2.058996e-08,3.109377e-09,3.580183e-09,2.604420e-08,2.078528e-08,5.376225e-08,4.574048e-08,1.795678e-07,1.844954e-08,2.170323e-07,1.537822e-07,1.637858e-11,5.872067e-08,7.968286e-11,3.192412e-09,2.184757e-11,1.420853e-11,3.940405e-11,9.332255e-08,3.598615e-11
37.255859,1.860645e-09,2.560312e-08,1.098386e-06,1.428617e-07,4.962790e-11,1.788686e-08,3.069241e-09,7.907500e-09,2.134400e-08,1.171875e-07,4.199586e-08,4.378018e-08,2.258697e-07,6.894910e-09,2.380441e-07,1.400086e-07,2.683386e-11,8.061929e-08,6.647415e-11,1.332103e-09,2.647778e-11,2.356442e-11,1.888059e-11,2.178404e-07,5.633989e-11
37.304688,2.308686e-09,2.498900e-08,7.893885e-07,3.738530e-07,4.461724e-11,1.671157e-08,4.193505e-09,5.793007e-09,1.810065e-08,2.409197e-07,4.625938e-08,3.753975e-08,1.885571e-07,1.844912e-08,1.583836e-07,5.215284e-08,3.291057e-11,7.634182e-08,1.148825e-10,2.070393e-09,5.047303e-11,1.475005e-11,1.381649e-11,5.202405e-07,2.599093e-11
37.353516,2.402871e-09,2.614013e-08,6.258321e-07,5.788206e-07,3.788676e-11,1.743775e-08,4.582440e-09,5.084411e-09,2.075506e-08,2.570257e-07,4.592561e-08,2.934155e-08,1.042700e-07,8.718607e-09,1.123837e-07,7.643997e-09,2.580371e-11,7.084304e-08,9.000045e-11,3.749377e-09,3.758917e-11,1.126955e-11,1.195958e-11,5.530945e-07,3.213741e-11
37.402344,2.124864e-09,2.748967e-08,7.300777e-07,7.739197e-07,2.836534e-11,2.013822e-08,3.792027e-09,8.454994e-09,2.570365e-08,1.702778e-07,4.026562e-08,2.811727e-08,8.049744e-08,1.991346e-08,6.203927e-08,4.295056e-08,1.683000e-11,4.221961e-08,1.157737e-10,2.658446e-09,1.525089e-11,1.001277e-11,1.280404e-11,2.885469e-07,2.813685e-11
37.451172,1.623074e-09,2.777480e-08,1.010299e-06,9.060757e-07,1.611445e-11,2.233171e-08,2.874609e-09,1.465301e-08,3.143408e-08,7.774789e-08,3.541279e-08,2.626183e-08,6.956996e-08,3.058147e-08,1.571058e-07,1.348903e-07,5.210624e-12,5.407763e-08,7.765762e-11,1.270754e-09,3.414110e-11,8.285893e-12,6.353339e-12,7.337067e-08,4.134487e-11
37.500000,1.152289e-09,2.621572e-08,1.283798e-06,8.805917e-07,7.131035e-12,2.312746e-08,2.839826e-09,2.473935e-08,3.688488e-08,5.303718e-08,2.251897e-08,1.795058e-08,3.289271e-08,3.491378e-08,2.394565e-07,2.159236e-07,2.651893e-11,2.922642e-08,1.844121e-10,2.138240e-09,2.875654e-11,8.116551e-12,1.490182e-11,3.317153e-08,4.409936e-11
37.548828,9.367163e-10,2.261842e-08,1.398580e-06,6.848043e-07,1.664583e-11,2.538648e-08,2.540099e-09,2.683148e-08,3.422636e-08,7.439503e-08,9.115570e-09,1.292912e-08,5.136596e-08,4.011758e-08,2.060117e-07,2.363029e-07,2.305865e-11,8.489216e-09,5.236430e-11,1.371050e-09,1.826137e-11,1.487753e-11,1.213180e-11,1.378696e-07,8.196919e-11
37.597656,1.010068e-09,1.732286e-08,1.263862e-06,4.378067e-07,2.684819e-11,2.817741e-08,1.146281e-09,1.621810e-08,2.140524e-08,1.128779e-07,2.565545e-09,2.345062e-08,5.982771e-08,3.546608e-08,2.017759e-07,2.064360e-07,1.392665e-11,4.646192e-08,1.401394e-10,1.157994e-09,2.168699e-11,6.379911e-12,1.433111e-11,3.034862e-07,7.596002e-11
37.646484,1.268639e-09,1.093870e-08,8.937652e-07,3.192115e-07,3.189118e-11,2.708758e-08,7.844681e-10,2.196148e-09,1.538887e-08,1.858112e-07,1.433134e-08,3.768865e-08,5.208272e-08,2.617223e-08,1.099025e-07,1.876539e-07,8.711551e-12,6.443994e-08,1.972738e-10,1.536843e-09,4.940690e-12,9.440126e-12,3.213091e-11,5.390175e-07,5.638176e-11
37.695312,1.561592e-09,4.106441e-09,4.692809e-07,2.708437e-07,3.360068e-11,2.211400e-08,2.108514e-09,1.158296e-08,2.520847e-08,2.279881e-07,4.105205e-08,4.675728e-08,7.115691e-08,2.428347e-08,6.712939e-08,2.181628e-07,1.271889e-11,3.973996e-08,1.724381e-10,7.506254e-10,9.230869e-12,1.619161e-12,3.601773e-11,3.060535e-07,3.051450e-11
37.744141,1.715232e-09,2.873006e-09,5.239817e-07,1.617427e-07,3.530165e-11,1.856042e-08,2.229727e-09,1.131463e-08,3.021956e-08,2.186867e-07,6.571567e-08,5.377991e-08,1.012530e-07,2.035302e-08,6.389566e-08,1.615377e-07,2.712301e-11,9.015725e-09,1.697405e-10,1.103249e-09,2.082768e-11,7.565703e-12,3.049875e-11,2.830847e-07,6.648109e-11
37.792969,1.621317e-09,8.930660e-09,8.632242e-07,2.733345e-07,3.962595e-11,1.950892e-08,1.515888e-09,4.951321e-09,3.058768e-08,2.235374e-07,7.357331e-08,6.156873e-08,1.138531e-07,3.079720e-08,3.489523e-08,1.642088e-07,2.110508e-11,3.485732e-08,1.920884e-10,1.677687e-09,1.697865e-11,9.227570e-12,1.167228e-11,5.221020e-07,1.028799e-10
37.841797,1.299150e-09,1.371007e-08,1.062768e-06,5.087074e-07,4.313474e-11,2.178723e-08,9.997293e-10,1.343408e-08,2.932199e-08,2.362746e-07,8.413453e-08,7.230498e-08,1.055330e-07,4.477431e-08,1.724326e-07,1.602074e-07,1.357061e-11,6.322856e-08,9.581537e-11,8.005868e-10,1.535650e-11,4.713498e-12,2.346320e-11,4.321586e-07,6.014381e-11
37.890625,9.085395e-10,1.653208e-08,1.091623e-06,6.397700e-07,4.351286e-11,2.422356e-08,7.910727e-10,1.906215e-08,2.459845e-08,1.951572e-07,1.014380e-07,7.748956e-08,1.081452e-07,4.380226e-08,2.758922e-07,1.899483e-07,1.183989e-11,3.162253e-08,8.985078e-11,8.928436e-10,1.525998e-11,4.511454e-12,3.217361e-11,3.199859e-07,2.050787e-11
37.939453,7.679627e-10,1.703405e-08,1.033097e-06,6.160706e-07,4.180246e-11,2.684353e-08,2.084622e-10,1.485530e-08,1.814033e-08,1.258193e-07,9.273896e-08,6.013465e-08,1.345276e-07,3.990527e-08,2.446732e-07,1.731290e-07,2.180635e-11,7.463425e-08,5.216308e-11,1.278069e-09,4.528857e-12,3.806856e-12,1.593428e-11,3.143749e-07,3.917890e-11
37.988281,1.009123e-09,1.536686e-08,9.742523e-07,4.733327e-07,4.290855e-11,2.708542e-08,7.604273e-10,5.807133e-09,1.709793e-08,7.624655e-08,6.552612e-08,4.089631e-08,1.276095e-07,3.623516e-08,2.167070e-07,1.526385e-07,2.658437e-11,6.880078e-08,7.754220e-11,6.615433e-10,2.946678e-11,7.322742e-12,9.836707e-12,1.850401e-07,4.200310e-11
38.037109,1.341845e-09,1.241035e-08,9.195572e-07,2.902336e-07,4.624478e-11,2.272091e-08,1.672492e-09,1.341293e-09,1.906439e-08,2.692033e-08,5.218447e-08,5.096635e-08,8.489483e-08,2.678016e-08,2.372299e-07,2.186930e-07,2.419449e-11,5.383562e-08,1.210152e-10,1.566926e-09,1.064409e-11,4.198426e-12,7.494147e-12,2.231044e-07,4.983220e-11
38.085938,1.574727e-09,9.969784e-09,8.118150e-07,1.429168e-07,4.867594e-11,1.696330e-08,2.492003e-09,5.016937e-09,1.703586e-08,1.883261e-07,4.736559e-08,4.066713e-08,4.193935e-08,2.128584e-08,2.539154e-07,1.500984e-07,2.854728e-11,1.921219e-08,8.248025e-11,1.697355e-09,9.235511e-12,6.378553e-12,5.572886e-12,1.598474e-07,4.816317e-11
38.134766,1.621331e-09,1.008116e-08,6.210917e-07,7.410531e-08,4.841565e-11,1.712276e-08,3.246090e-09,9.487988e-09,1.257800e-08,3.213490e-07,4.765784e-08,2.073061e-08,7.464010e-09,3.043537e-08,2.990636e-07,9.179225e-08,2.946431e-11,5.415613e-08,1.396198e-10,1.780833e-09,4.357848e-12,1.098010e-11,1.022864e-11,5.150012e-07,3.886087e-11
38.183594,1.449301e-09,1.243044e-08,3.825977e-07,8.050595e-08,4.885142e-11,1.922060e-08,3.886059e-09,7.126439e-09,1.120767e-08,3.689551e-07,5.788388e-08,1.484664e-08,2.472775e-08,3.105398e-08,3.544786e-07,1.318731e-07,2.454324e-11,8.777491e-08,2.412684e-10,1.757660e-09,2.038359e-11,1.185488e-11,1.427175e-11,2.312400e-07,6.975735e-11
38.232422,1.095285e-09,1.537353e-08,1.959420e-07,1.245145e-07,5.390917e-11,1.670660e-08,4.325886e-09,4.325336e-09,1.295523e-08,3.719173e-07,6.962844e-08,1.917946e-08,5.251841e-08,3.048698e-08,3.067859e-07,1.965597e-07,1.160751e-11,1.083008e-07,2.263595e-10,2.193243e-09,2.685694e-11,9.326436e-12,1.890165e-11,1.182605e-07,4.513825e-11
38.281250,6.550514e-10,1.798719e-08,2.124747e-07,1.536570e-07,6.353078e-11,1.103335e-08,4.484679e-09,1.141469e-08,1.684203e-08,3.610296e-07,6.363686e-08,3.496011e-08,4.346290e-08,2.781823e-08,2.254594e-07,2.370157e-07,8.442652e-12,9.041302e-08,1.224195e-10,1.874735e-09,3.376236e-11,1.520668e-11,1.351787e-11,4.097256e-07,1.753818e-11
38.330078,2.389671e-10,1.955197e-08,3.421333e-07,1.276420e-07,7.152827e-11,8.092301e-09,4.184877e-09,1.200160e-08,1.788674e-08,2.996960e-07,3.570824e-08,2.634596e-08,2.118469e-08,1.901126e-08,2.143024e-07,1.755036e-07,1.420430e-11,7.576730e-08,7.683296e-11,8.088796e-10,2.604296e-11,2.801417e-11,3.518587e-12,4.757752e-07,5.495041e-11
38.378906,1.223862e-10,1.924554e-08,5.017307e-07,5.495519e-08,7.073595e-11,1.029187e-08,3.360390e-09,1.454700e-08,1.383950e-08,1.802939e-07,1.966046e-08,4.842882e-09,8.689098e-08,1.516333e-08,1.493925e-07,2.621461e-07,2.944448e-11,1.226840e-07,1.637183e-10,2.741567e-10,1.856402e-11,2.702059e-11,1.910557e-11,2.979097e-07,7.007295e-11
38.427734,3.445204e-10,1.652860e-08,6.503429e-07,7.358328e-08,5.731837e-11,1.347488e-08,2.663682e-09,2.107081e-08,1.047200e-08,4.722543e-08,3.678354e-08,6.617728e-09,1.192350e-07,1.883951e-08,7.605942e-08,2.745143e-07,3.625769e-11,1.096802e-07,1.523410e-10,2.493575e-10,2.285118e-11,1.821891e-11,1.244824e-11,3.598592e-07,8.785445e-11
38.476562,5.159450e-10,1.158128e-08,7.153821e-07,1.117829e-07,3.337437e-11,1.434295e-08,2.966454e-09,2.352115e-08,7.210932e-09,5.067811e-08,4.403073e-08,1.191328e-08,1.353120e-07,2.559063e-08,5.493877e-08,1.748651e-07,3.448849e-11,5.728111e-08,2.340166e-10,1.294463e-09,3.755785e-11,7.356720e-12,2.218845e-12,1.914904e-07,9.794590e-11
38.525391,6.401141e-10,5.377526e-09,6.516204e-07,1.378651e-07,1.734914e-11,1.127220e-08,3.394925e-09,2.300658e-08,4.346875e-09,9.064151e-08,3.331894e-08,2.871666e-08,1.369036e-07,3.071849e-08,4.294725e-08,1.391685e-07,2.518102e-11,3.688863e-08,2.130608e-10,1.941589e-09,3.750429e-11,1.001895e-11,2.673733e-11,4.528018e-07,4.906010e-11
38.574219,7.151135e-10,1.845320e-09,5.093624e-07,3.214655e-07,3.665941e-11,7.629584e-09,3.124710e-09,1.843921e-08,6.787893e-09,7.110969e-08,1.405417e-08,4.010387e-08,8.753235e-08,3.586271e-08,5.210450e-08,6.006694e-08,1.322922e-11,4.367980e-08,2.030394e-10,2.000733e-09,3.260373e-11,1.000561e-11,1.403848e-11,2.826482e-07,6.372721e-12
38.623047,7.574570e-10,6.802869e-09,5.266441e-07,5.881852e-07,5.483627e-11,1.107051e-08,2.328711e-09,7.553054e-09,1.802273e-09,4.645024e-08,1.830407e-08,4.201341e-08,3.866057e-08,4.226228e-08,6.396971e-08,7.966297e-08,1.813930e-11,3.680769e-08,1.435949e-10,2.100063e-09,1.074807e-11,1.220323e-11,2.694166e-11,6.092660e-08,2.775967e-11
38.671875,8.235179e-10,1.091253e-08,8.431154e-07,8.157319e-07,6.159593e-11,1.646763e-08,1.753819e-09,5.584613e-09,9.994539e-09,1.055483e-07,2.294573e-08,3.808616e-08,5.790937e-08,4.937595e-08,4.860842e-08,8.564181e-08,1.495565e-11,1.900306e-08,1.337186e-10,7.356706e-10,3.026455e-11,2.719970e-12,1.264783e-11,4.128032e-07,2.728504e-11
38.720703,9.309789e-10,1.381189e-08,1.259888e-06,9.463652e-07,5.875399e-11,2.025492e-08,2.038011e-09,1.497764e-08,1.739964e-08,1.463234e-07,2.269338e-08,2.753251e-08,3.834757e-08,4.873001e-08,2.296042e-08,3.268336e-08,1.310893e-11,2.780378e-08,1.903258e-10,3.727140e-10,1.579300e-11,1.749918e-11,3.338984e-12,3.704589e-07,3.663870e-11
38.769531,1.009250e-09,1.543652e-08,1.623249e-06,1.014325e-06,5.362831e-11,2.286330e-08,2.483677e-09,2.176452e-08,1.646190e-08,1.772436e-07,2.881564e-08,2.201933e-08,5.111701e-08,3.236627e-08,2.247073e-08,4.156121e-08,2.046261e-11,2.405514e-08,1.524206e-10,5.812426e-10,2.046352e-11,1.192524e-11,2.097079e-11,1.619145e-07,6.717854e-11
38.818359,9.710720e-10,1.555303e-08,1.831812e-06,1.083835e-06,5.221748e-11,2.449354e-08,2.335678e-09,2.667575e-08,1.085602e-08,2.401328e-07,4.036478e-08,3.663544e-08,6.775296e-08,2.655071e-08,2.558659e-08,5.907327e-08,2.134653e-11,3.628742e-08,1.235339e-10,7.715277e-10,1.788720e-11,2.071157e-11,1.240955e-11,6.406818e-08,1.988002e-11
38.867188,7.847021e-10,1.423937e-08,1.837079e-06,1.129316e-06,5.276670e-11,2.488186e-08,1.478506e-09,2.639095e-08,3.312868e-09,3.053899e-07,4.594275e-08,4.837675e-08,2.451241e-08,3.342792e-08,5.899975e-08,8.038249e-08,2.709381e-11,4.695272e-08,7.486242e-11,4.512043e-10,2.376148e-11,1.310723e-12,5.416619e-12,3.222094e-07,1.451139e-11
38.916016,4.978801e-10,1.237561e-08,1.677271e-06,1.065151e-06,5.097935e-11,2.434605e-08,2.658218e-10,2.173146e-08,8.089698e-09,3.099812e-07,4.541355e-08,4.123908e-08,7.354413e-08,3.498473e-08,1.371705e-07,1.324638e-07,2.491700e-11,4.315511e-08,5.399419e-11,3.592595e-10,3.759708e-11,1.198025e-11,1.311097e-11,2.743742e-07,5.719485e-11
38.964844,2.955934e-10,1.123035e-08,1.470640e-06,8.871369e-07,4.770205e-11,2.341767e-08,8.958068e-10,1.816599e-08,1.754436e-08,2.540510e-07,4.853365e-08,2.270821e-08,9.840347e-08,2.458997e-08,2.198844e-07,1.978373e-07,2.369454e-11,3.818220e-08,5.989153e-11,9.515533e-10,1.690634e-11,7.113792e-12,1.680552e-11,6.413016e-08,7.026191e-11
39.013672,4.048870e-10,1.090254e-08,1.316199e-06,7.587587e-07,4.710543e-11,2.212480e-08,1.675478e-09,1.472557e-08,2.010770e-08,2.293515e-07,5.404390e-08,3.272987e-08,1.557464e-07,2.333361e-08,2.573219e-07,1.564726e-07,3.712244e-11,3.847907e-08,1.035850e-10,1.894431e-09,2.034625e-11,4.375183e-12,1.385740e-11,1.445966e-08,4.330554e-11
39.062500,5.321108e-10,1.015236e-08,1.183210e-06,8.721024e-07,5.189795e-11,2.027623e-08,2.042783e-09,9.577587e-09,1.552701e-08,2.273479e-07,5.712952e-08,3.784397e-08,1.663909e-07,2.730041e-08,2.417250e-07,1.282886e-07,2.455140e-11,4.882366e-09,1.206192e-10,2.284756e-09,3.364231e-11,1.486767e-11,2.274702e-11,1.331825e-07,2.037281e-11
39.111328,5.261578e-10,8.201875e-09,9.872455e-07,1.108811e-06,5.981029e-11,1.776373e-08,2.030741e-09,1.077317e-08,8.434658e-09,1.837353e-07,5.415897e-08,3.965845e-08,1.224974e-07,2.638811e-08,1.841777e-07,1.820629e-07,8.505764e-12,2.333954e-08,3.169306e-11,2.003773e-09,2.210612e-11,1.343990e-11,2.025796e-11,3.218441e-07,5.410586e-11
39.160156,4.112765e-10,5.405991e-09,7.355549e-07,1.282482e-06,6.356961e-11,1.446776e-08,1.726551e-09,1.332796e-08,3.212337e-09,1.351947e-07,4.603032e-08,4.585507e-08,6.630175e-08,2.029215e-08,1.366146e-07,2.023447e-07,6.794403e-12,6.120149e-08,2.730367e-11,2.060847e-09,9.949564e-12,3.694618e-12,1.713847e-11,3.028538e-07,1.164232e-11
39.208984,2.793253e-10,2.781800e-09,5.530179e-07,1.315307e-06,5.810964e-11,1.095463e-08,1.242208e-09,1.066575e-08,4.628933e-09,1.575791e-07,3.570772e-08,3.976246e-08,6.728479e-08,1.319065e-08,6.709574e-08,1.772851e-07,3.055968e-11,8.071547e-08,7.789450e-11,8.066628e-10,8.926506e-12,8.261632e-12,1.375245e-11,2.245535e-07,3.206682e-11
39.257812,1.754380e-10,1.285113e-09,5.987606e-07,1.191610e-06,4.271304e-11,9.535906e-09,5.483655e-10,5.296831e-09,9.145588e-09,2.076632e-07,2.025407e-08,4.339429e-08,5.712655e-08,1.534717e-08,9.540852e-08,1.099355e-07,4.459921e-11,4.487598e-08,1.420957e-10,5.839813e-10,2.440711e-11,7.223243e-12,9.547644e-12,5.192292e-08,1.535183e-11
39.306641,2.204249e-11,1.023760e-09,8.700666e-07,9.378596e-07,2.437745e-11,1.143476e-08,5.357392e-10,8.523619e-09,1.283475e-08,1.650557e-07,2.307126e-08,5.085051e-08,3.890336e-08,2.017840e-08,1.398660e-07,1.194072e-07,4.398457e-11,5.007074e-08,6.620747e-11,4.352471e-10,1.140099e-11,5.910814e-12,1.402152e-11,3.724058e-07,3.606581e-11
39.355469,2.740376e-10,1.706499e-09,1.258691e-06,6.217402e-07,2.179406e-11,1.452304e-08,1.851824e-09,1.463412e-08,1.455529e-08,1.320693e-07,3.953745e-08,4.228381e-08,5.892201e-08,2.586819e-08,1.435763e-07,1.417080e-07,3.686413e-11,6.043601e-08,1.430552e-10,1.388334e-09,1.842702e-11,1.094016e-11,1.137644e-11,4.730180e-07,1.401921e-11
39.404297,6.485295e-10,2.858576e-09,1.637468e-06,3.471958e-07,4.343309e-11,1.759812e-08,2.850162e-09,1.744100e-08,1.459164e-08,2.347747e-07,4.039022e-08,2.269894e-08,3.780295e-08,2.449893e-08,1.618930e-07,9.467977e-08,2.476529e-11,2.986962e-08,2.076683e-10,1.971820e-09,1.960379e-11,5.672303e-13,1.485597e-11,3.837975e-07,3.189828e-11
39.453125,1.006711e-09,3.821980e-09,1.881451e-06,2.985458e-07,7.067689e-11,1.989590e-08,2.905477e-09,1.876687e-08,1.676977e-08,2.370766e-07,2.735388e-08,1.262498e-08,1.828766e-08,1.397785e-08,1.591352e-07,6.134886e-08,1.399992e-11,2.036229e-08,1.954888e-10,1.003150e-09,1.868321e-11,8.599927e-12,1.689304e-11,5.100301e-07,4.637999e-11
39.501953,1.237332e-09,4.558358e-09,1.929814e-06,4.730154e-07,9.356150e-11,2.033884e-08,2.027279e-09,1.803790e-08,2.141858e-08,1.703421e-07,1.483246e-08,1.452028e-08,7.479017e-08,3.172356e-09,1.117289e-07,7.190961e-08,8.858380e-12,3.204360e-08,2.308208e-10,1.735120e-09,1.387575e-11,6.426285e-12,1.603630e-11,3.729954e-07,2.493091e-11
39.550781,1.294505e-09,5.521436e-09,1.807626e-06,6.362939e-07,1.031991e-10,1.895094e-08,1.682135e-09,1.414102e-08,2.211820e-08,1.931819e-07,1.252384e-08,9.398334e-10,7.599232e-08,7.174948e-09,6.517954e-08,1.016697e-07,1.340523e-11,2.737140e-08,1.726252e-10,1.425711e-09,1.758212e-11,1.120993e-11,1.504891e-11,1.620525e-07,3.893609e-11
39.599609,1.226036e-09,6.898817e-09,1.577129e-06,6.680407e-07,9.813913e-11,1.747863e-08,2.615656e-09,1.432544e-08,1.683280e-08,2.059775e-07,1.994285e-08,1.910226e-08,3.886391e-08,1.124356e-08,1.591422e-07,1.393277e-07,2.830475e-11,2.487028e-08,1.302899e-10,8.143666e-10,1.587582e-11,9.353998e-12,1.173563e-11,2.530495e-07,2.358034e-11
39.648438,1.136526e-09,8.386523e-09,1.274394e-06,5.240893e-07,8.657855e-11,1.727036e-08,3.098894e-09,1.878337e-08,1.054294e-08,1.615497e-07,3.386650e-08,2.842717e-08,5.313840e-08,1.537739e-08,1.968959e-07,1.440067e-07,3.133454e-11,2.716853e-08,4.505256e-11,1.200097e-09,1.806369e-11,2.708114e-12,1.077364e-11,1.107469e-07,4.116540e-11
39.697266,1.063470e-09,9.592441e-09,9.323684e-07,2.751297e-07,7.986935e-11,1.724658e-08,2.816873e-09,2.384004e-08,7.095249e-09,1.282885e-07,4.368457e-08,2.937743e-08,8.472006e-08,2.122665e-08,1.738561e-07,9.324038e-08,2.514188e-11,4.699561e-08,8.660064e-11,8.519381e-10,1.886563e-11,1.006296e-11,1.364625e-11,1.290130e-07,4.356850e-11
39.746094,9.246521e-10,1.016510e-08,6.983093e-07,2.149226e-07,7.531207e-11,1.585896e-08,2.223816e-09,2.955307e-08,4.901928e-09,1.442829e-07,4.529338e-08,2.680697e-08,6.929954e-08,2.528132e-08,1.430999e-07,8.708628e-08,2.367846e-11,3.932770e-08,9.033266e-11,4.322615e-10,2.723647e-11,6.639844e-12,1.837347e-11,1.426631e-07,4.149482e-11
39.794922,6.490233e-10,9.751311e-09,7.526021e-07,3.480060e-07,6.417784e-11,1.285187e-08,1.739939e-09,3.042809e-08,1.263403e-08,1.719428e-07,3.808557e-08,2.039001e-08,6.591896e-09,1.799048e-08,1.366821e-07,7.727593e-08,1.967552e-11,5.099052e-08,4.379808e-11,1.216198e-09,1.162348e-11,7.229040e-12,1.625173e-11,1.516541e-07,1.703645e-11
39.843750,3.465259e-10,8.127911e-09,8.838543e-07,4.055136e-07,4.810565e-11,8.937460e-09,1.481765e-09,2.362837e-08,2.057387e-08,1.572349e-07,2.344669e-08,1.340170e-08,3.237576e-08,6.520643e-09,1.605998e-07,6.114916e-08,2.408839e-11,5.468966e-08,4.028445e-11,1.709944e-09,2.249091e-13,5.137277e-12,1.717770e-11,9.826284e-08,2.644177e-11
39.892578,4.657306e-10,5.491547e-09,8.591265e-07,4.594790e-07,3.888097e-11,5.132459e-09,1.384796e-09,1.409470e-08,2.199247e-08,8.494405e-08,1.711532e-08,1.294895e-08,5.751257e-08,1.128444e-08,2.070588e-07,1.267666e-07,3.542210e-11,1.442025e-08,8.855345e-11,1.271293e-09,1.731204e-11,1.531038e-12,1.250817e-11,2.089867e-08,2.625383e-11
39.941406,7.360344e-10,2.889108e-09,6.923834e-07,5.291636e-07,4.084036e-11,2.316457e-09,1.273315e-09,1.162835e-08,1.785814e-08,3.365548e-08,2.742788e-08,2.148177e-08,8.259616e-08,2.116603e-08,2.042556e-07,1.429220e-07,2.678903e-11,2.876573e-08,1.073579e-10,8.751633e-10,2.661322e-11,5.365123e-12,1.515114e-11,1.756015e-07,1.564208e-11
39.990234,8.233399e-10,3.192739e-09,5.996220e-07,4.951928e-07,4.496612e-11,7.017447e-10,1.097533e-09,1.529759e-08,1.252876e-08,1.361572e-07,4.038125e-08,2.945514e-08,7.271385e-08,2.723514e-08,1.355925e-07,1.771547e-07,1.518353e-11,2.059831e-08,9.441959e-11,8.119460e-10,2.728066e-11,4.173593e-12,8.561119e-12,2.475519e-07,5.405518e-12
40.039062,7.100382e-10,5.193051e-09,6.935646e-07,3.666564e-07,4.868737e-11,5.096190e-10,9.750596e-10,1.914192e-08,6.937753e-09,2.548790e-07,4.758127e-08,2.267455e-08,3.357772e-08,2.243122e-08,7.677751e-08,1.429255e-07,1.951715e-11,2.480330e-08,1.103912e-10,1.292497e-09,2.540486e-11,7.827960e-12,1.034544e-11,4.617874e-07,6.389582e-12
40.087891,5.742843e-10,6.609518e-09,7.565293e-07,4.484234e-07,5.114328e-11,5.417106e-10,9.663938e-10,2.417986e-08,2.885801e-09,3.231103e-07,3.926979e-08,7.893833e-09,4.768261e-08,1.364094e-08,1.195214e-07,6.913471e-08,5.936933e-12,1.484877e-08,6.754335e-11,9.916006e-10,1.696930e-11,2.765463e-12,1.691865e-11,1.198651e-07,1.637450e-11
40.136719,6.614870e-10,7.303627e-09,6.596568e-07,6.910136e-07,5.202573e-11,1.104150e-09,9.456693e-10,2.763221e-08,4.633353e-09,3.206576e-07,1.930194e-08,2.404971e-08,6.513526e-08,1.438509e-08,1.580743e-07,6.147985e-08,3.603072e-12,3.266633e-08,1.310642e-10,1.050457e-09,1.287387e-11,7.622389e-12,3.024769e-12,2.697730e-07,2.675895e-11
40.185547,8.419881e-10,7.602722e-09,4.486856e-07,7.964991e-07,5.099732e-11,4.053763e-09,8.962471e-10,2.456569e-08,8.222553e-09,3.568735e-07,9.621094e-09,3.110047e-08,6.734000e-08,8.791007e-09,9.791758e-08,2.954594e-08,3.392854e-12,4.373070e-08,7.615415e-11,7.444686e-10,1.733516e-11,1.332201e-11,1.138770e-11,1.716436e-07,8.850054e-12
40.234375,8.943843e-10,7.718447e-09,2.440330e-07,6.870286e-07,4.783086e-11,6.582259e-09,1.338242e-09,1.495687e-08,1.368537e-08,4.119562e-07,1.989854e-08,2.321355e-08,7.543827e-08,1.809381e-08,5.845484e-08,9.015423e-08,2.486835e-12,4.370276e-08,9.963851e-11,5.407086e-10,1.344885e-11,6.581314e-12,1.217162e-11,2.134884e-07,1.176062e-11
40.283203,7.607125e-10,7.548302e-09,8.384118e-08,4.401741e-07,4.039436e-11,7.337508e-09,2.203735e-09,3.737003e-09,1.733676e-08,3.837108e-07,2.963718e-08,1.276697e-08,6.255413e-08,1.715456e-08,1.105246e-07,8.215876e-08,7.731478e-12,3.837315e-08,6.325227e-11,4.758066e-10,2.803165e-11,9.137363e-12,1.481042e-11,2.604430e-07,2.126102e-11
40.332031,4.886452e-10,6.888897e-09,1.940250e-07,2.457912e-07,3.086489e-11,8.193086e-09,2.901585e-09,8.939497e-09,1.707289e-08,3.509036e-07,3.025707e-08,1.778383e-08,4.528032e-08,8.869352e-09,7.388551e-08,7.682950e-08,2.224672e-12,1.484108e-08,4.274453e-11,1.333874e-09,1.071412e-11,8.228818e-12,2.012064e-11,1.277780e-07,3.440485e-11
40.380859,1.847793e-10,5.810840e-09,5.911937e-07,2.888344e-07,2.532227e-11,1.113033e-08,3.197680e-09,1.742091e-08,1.230119e-08,3.727930e-07,1.649930e-08,2.097572e-08,2.492130e-08,6.422832e-09,1.005400e-08,1.027867e-07,4.938754e-12,4.346028e-08,7.502045e-11,9.747704e-10,1.583530e-11,4.120141e-12,2.234570e-11,1.754871e-07,3.407264e-11
40.429688,1.253044e-10,4.981956e-09,1.051257e-06,3.786717e-07,3.092341e-11,1.286974e-08,3.321299e-09,2.174840e-08,6.137728e-09,3.434947e-07,3.710534e-09,3.566586e-08,2.608557e-08,1.218850e-08,1.152200e-08,1.727375e-07,1.472870e-11,5.413049e-08,7.807629e-11,2.200184e-10,1.132370e-11,8.241997e-12,2.219148e-11,1.378403e-07,4.084243e-11
40.478516,2.582027e-10,5.311528e-09,1.443042e-06,4.112534e-07,4.682262e-11,1.112551e-08,3.547397e-09,2.046714e-08,7.931917e-09,2.552810e-07,1.707043e-08,4.922893e-08,4.959277e-08,1.600423e-08,1.419413e-08,2.072902e-07,1.758926e-11,2.675737e-08,1.029672e-10,3.992078e-11,1.819685e-11,4.904489e-12,1.308547e-11,6.658403e-08,2.858139e-11
40.527344,2.880402e-10,6.458186e-09,1.685374e-06,3.801816e-07,6.598357e-11,8.205258e-09,3.658035e-09,1.540566e-08,9.279104e-09,2.077254e-07,2.282646e-08,4.912343e-08,2.647986e-08,1.864728e-08,4.568463e-08,1.287174e-07,1.524979e-11,1.498162e-08,1.234069e-10,1.105702e-09,1.504378e-11,7.776666e-12,1.806377e-11,2.722062e-07,7.018057e-12
40.576172,2.425949e-10,7.334951e-09,1.806399e-06,2.893780e-07,7.762203e-11,8.626752e-09,3.290222e-09,1.090391e-08,7.625390e-09,2.044606e-07,2.588118e-08,3.210546e-08,8.624010e-09,1.807955e-08,1.045205e-07,8.366532e-08,1.063313e-11,1.062296e-08,9.984959e-11,1.732300e-09,1.916440e-11,6.909975e-12,1.908081e-11,2.289701e-07,7.557657e-12
40.625000,1.765613e-10,7.313960e-09,1.923561e-06,1.607852e-07,7.507397e-11,1.047290e-08,2.488689e-09,8.983941e-09,6.219081e-09,1.801861e-07,2.073233e-08,1.843338e-08,2.588172e-08,1.616298e-08,1.231662e-07,9.345573e-08,1.606023e-11,2.252485e-08,6.267710e-11,1.097795e-09,3.438352e-11,9.245588e-12,6.137153e-12,1.020049e-07,1.064332e-11
40.673828,1.386929e-10,6.239985e-09,2.109556e-06,3.206328e-08,6.383442e-11,1.141083e-08,1.752044e-09,7.907002e-09,3.274642e-09,1.479103e-07,7.216001e-09,2.613306e-08,4.322191e-08,1.395668e-08,1.066277e-07,8.641087e-08,3.446667e-11,3.314230e-08,5.530525e-11,4.538952e-10,2.673222e-11,1.955950e-11,1.862532e-11,1.059759e-07,8.086671e-12
40.722656,1.506571e-10,4.262389e-09,2.296034e-06,1.128877e-07,6.251902e-11,1.138121e-08,1.481353e-09,7.890566e-09,4.867759e-09,9.455175e-08,6.430245e-09,2.695298e-08,3.157944e-08,8.704131e-09,1.075527e-07,5.369066e-08,4.241121e-11,2.858234e-08,7.936011e-11,2.936646e-10,7.195951e-12,1.375492e-11,2.437669e-11,1.341799e-07,5.695892e-12
40.771484,1.952317e-10,1.774932e-09,2.364147e-06,2.639232e-07,7.449011e-11,9.583312e-09,1.376553e-09,9.605257e-09,9.781652e-09,5.137274e-08,9.183260e-09,1.918681e-08,2.655160e-08,8.349907e-09,1.026678e-07,5.911484e-08,3.637389e-11,3.155432e-08,1.156866e-10,9.217602e-10,6.587365e-12,2.533515e-12,2.305541e-11,2.013063e-07,2.168103e-11
40.820312,2.324466e-10,1.234882e-09,2.261593e-06,4.567670e-07,8.207483e-11,5.705386e-09,1.467635e-09,1.400125e-08,1.177461e-08,1.797607e-07,1.142247e-08,6.697898e-09,3.768746e-08,1.290649e-08,1.146827e-07,7.294196e-08,3.104062e-11,3.771376e-08,5.631803e-11,8.928814e-10,2.255543e-11,4.589531e-12,2.474816e-11,3.225767e-07,2.960252e-11
40.869141,2.202919e-10,3.228383e-09,2.025141e-06,6.678529e-07,7.723660e-11,1.076301e-09,2.019484e-09,1.871854e-08,1.028467e-08,3.029708e-07,1.658389e-08,7.236677e-09,4.021916e-08,9.663939e-09,1.017006e-07,6.253193e-08,2.329241e-11,3.474890e-08,5.662290e-11,8.958498e-10,2.484187e-11,7.333419e-12,1.177290e-11,2.357267e-07,2.410318e-11
40.917969,1.358614e-10,4.384629e-09,1.735554e-06,8.292271e-07,6.611176e-11,2.569568e-09,2.572582e-09,1.936377e-08,6.769947e-09,3.767304e-07,1.870858e-08,1.512388e-08,4.481555e-08,6.127724e-09,4.849402e-08,8.551110e-09,1.605070e-11,3.659323e-08,1.053069e-10,8.326809e-10,1.060141e-11,1.026788e-11,5.740313e-12,8.058499e-08,3.217731e-11
40.966797,1.167767e-10,4.635294e-09,1.455938e-06,8.664943e-07,5.709138e-11,4.488877e-09,2.750044e-09,1.517698e-08,3.001247e-09,3.793432e-07,1.890652e-08,1.600712e-08,5.514257e-08,1.085625e-08,8.110307e-08,1.006791e-07,2.134352e-11,4.004222e-09,7.901411e-11,4.406333e-10,7.552499e-12,3.924897e-12,4.477473e-12,8.225961e-08,3.037675e-11
41.015625,3.160690e-10,4.686434e-09,1.205273e-06,7.482786e-07,5.032768e-11,5.303218e-09,2.544825e-09,9.551001e-09,2.991877e-09,3.109125e-07,1.825076e-08,1.634683e-08,6.938804e-08,9.828620e-09,6.043808e-08,1.573241e-07,3.702788e-11,1.808646e-08,1.220810e-10,5.532170e-10,1.767279e-11,7.210062e-12,6.511503e-12,5.818555e-08,1.402470e-11
41.064453,5.273861e-10,5.268863e-09,9.850620e-07,5.148257e-07,4.738502e-11,5.846788e-09,2.057575e-09,6.464340e-09,1.144339e-08,2.147709e-07,1.536915e-08,1.129997e-08,7.401707e-08,6.721220e-09,7.850240e-09,1.252930e-07,4.119556e-11,1.593355e-09,2.061530e-10,3.670062e-10,2.126002e-11,2.883473e-12,1.683843e-11,1.046355e-07,3.683537e-11
41.113281,6.715051e-10,5.964101e-09,8.115076e-07,2.708478e-07,5.433129e-11,6.042994e-09,1.299020e-09,6.197661e-09,1.831314e-08,1.289678e-07,1.173894e-08,3.835296e-09,5.808141e-08,1.970099e-08,2.930277e-08,8.380655e-08,4.576045e-11,1.617348e-08,1.963095e-10,2.395975e-10,2.162984e-11,5.289377e-12,1.597360e-11,1.426425e-07,5.682291e-12
41.162109,7.095286e-10,5.895221e-09,7.047700e-07,1.984224e-07,6.536414e-11,5.345487e-09,3.114308e-10,6.918330e-09,2.058513e-08,4.339499e-08,1.270011e-08,1.772092e-08,2.752482e-08,1.949365e-08,6.471539e-08,6.701001e-08,4.059372e-11,1.029455e-08,1.248967e-10,2.421839e-10,9.884257e-12,1.112047e-11,7.783264e-12,6.524030e-08,1.061654e-11
41.210938,6.458776e-10,4.754623e-09,6.533590e-07,3.349171e-07,6.999664e-11,3.961076e-09,6.953658e-10,6.319282e-09,2.020667e-08,7.551886e-08,1.847725e-08,2.753605e-08,1.039835e-08,8.565609e-09,9.999426e-08,6.275093e-08,2.541398e-11,1.563839e-08,5.658105e-11,2.202969e-10,1.111337e-11,8.356848e-12,1.192103e-11,1.144388e-07,3.380343e-11
41.259766,5.285795e-10,2.922479e-09,6.170404e-07,5.156356e-07,6.868287e-11,3.196503e-09,1.404031e-09,2.775326e-09,1.869272e-08,1.128610e-07,2.328348e-08,2.759586e-08,2.782630e-08,9.585100e-10,1.018332e-07,6.020709e-08,1.608028e-11,8.132373e-09,7.403321e-11,1.760989e-10,2.752646e-11,1.021280e-11,1.004091e-11,2.159509e-07,3.379990e-11
41.308594,4.410455e-10,1.245881e-09,5.651375e-07,6.798261e-07,6.685753e-11,3.794387e-09,1.637909e-09,5.085332e-09,1.445137e-08,1.131028e-07,2.191691e-08,2.111435e-08,2.499944e-08,2.934501e-09,7.077117e-08,4.384259e-08,3.059764e-11,2.473261e-09,9.439076e-11,6.709757e-10,2.400531e-11,1.323141e-11,1.190323e-11,1.501901e-07,1.468717e-11
41.357422,4.246071e-10,8.491637e-10,4.936459e-07,7.724879e-07,6.547046e-11,5.013368e-09,1.450510e-09,1.076703e-08,9.517796e-09,1.487908e-07,1.420668e-08,1.980784e-08,9.169282e-09,1.694927e-09,7.501646e-08,4.657859e-08,3.502390e-11,5.138888e-09,7.767651e-11,8.331729e-10,2.406438e-11,1.210971e-11,1.388563e-11,3.700726e-07,1.528612e-11
41.406250,4.310311e-10,8.764906e-10,4.199996e-07,7.752262e-07,6.006969e-11,6.260161e-09,1.073744e-09,1.363012e-08,8.230756e-09,1.575089e-07,4.336490e-09,2.478539e-08,2.515823e-08,9.692178e-09,9.651563e-08,5.570375e-08,3.816749e-11,1.919435e-08,8.570386e-11,8.832166e-10,1.252430e-11,1.422060e-11,1.333798e-11,1.972414e-07,9.818733e-12
41.455078,4.268843e-10,8.378021e-10,3.749142e-07,7.214525e-07,5.177212e-11,6.920223e-09,7.360675e-10,1.341302e-08,8.800632e-09,1.455286e-07,4.192908e-09,2.863796e-08,2.415828e-08,1.042443e-08,1.073307e-07,9.684296e-08,2.990379e-11,2.439699e-08,1.076099e-10,6.556865e-10,2.412881e-11,1.345755e-11,1.295338e-11,1.979012e-07,1.194518e-11
41.503906,4.451634e-10,1.615309e-09,3.869536e-07,6.538994e-07,4.405037e-11,6.794932e-09,5.780448e-10,1.106609e-08,9.553820e-09,1.871814e-07,7.097093e-09,3.067726e-08,8.265683e-09,1.468449e-08,7.478212e-08,1.274125e-07,1.390275e-11,3.633723e-08,8.387989e-11,1.305554e-10,1.459850e-11,2.825752e-12,3.554248e-12,3.503175e-07,2.460984e-11
41.552734,5.144515e-10,2.575202e-09,4.454094e-07,5.773300e-07,3.638829e-11,6.264166e-09,6.213708e-10,8.268984e-09,8.622807e-09,2.034357e-07,9.679560e-09,3.412379e-08,2.204888e-08,1.578222e-08,7.096826e-08,9.612689e-08,1.445832e-11,3.945793e-08,3.814344e-11,2.763249e-10,2.273951e-11,1.251593e-11,1.282520e-11,1.708251e-07,2.256808e-11
41.601562,5.982499e-10,3.444089e-09,4.976357e-07,4.802565e-07,2.893474e-11,5.594931e-09,6.477822e-10,7.900572e-09,4.891976e-09,1.726068e-07,1.670318e-08,3.790692e-08,4.915735e-08,1.084435e-08,6.399463e-08,6.463351e-08,8.780259e-12,4.001586e-08,6.960862e-11,7.307386e-10,1.590808e-11,2.579492e-11,1.289601e-11,6.836805e-08,1.898644e-11
41.650391,6.419654e-10,4.348914e-09,4.906577e-07,3.925245e-07,3.404936e-11,4.587638e-09,5.722972e-10,1.042919e-08,4.351458e-09,1.532924e-07,1.821620e-08,3.424167e-08,5.866276e-08,6.003093e-09,2.630742e-08,1.356505e-07,8.535878e-12,4.442470e-08,9.291749e-11,9.774460e-10,1.720467e-11,1.737375e-11,1.167322e-11,7.635268e-08,4.932080e-11
41.699219,6.123272e-10,5.192847e-09,4.043747e-07,3.819959e-07,4.957080e-11,3.587045e-09,6.138641e-10,1.247910e-08,8.381624e-09,1.664463e-07,1.023339e-08,2.275853e-08,5.236304e-08,5.390045e-09,7.719608e-09,1.655305e-07,6.976378e-12,2.817864e-08,4.984291e-11,9.002725e-10,1.356694e-11,1.386515e-11,4.014114e-12,1.578990e-07,3.112746e-11
41.748047,5.125134e-10,5.550109e-09,2.866823e-07,4.406756e-07,6.065096e-11,4.917943e-09,7.743590e-10,1.203417e-08,1.026992e-08,2.089892e-07,6.481503e-09,1.951960e-08,5.862079e-08,1.345217e-08,3.791533e-09,1.437665e-07,1.197401e-11,4.029794e-09,2.662398e-11,4.589676e-10,2.146833e-13,9.058908e-12,4.662059e-12,3.667270e-08,1.415269e-11
41.796875,3.853494e-10,5.099101e-09,2.949079e-07,4.939196e-07,6.081830e-11,8.055977e-09,8.100263e-10,1.023967e-08,9.882724e-09,2.579711e-07,1.739796e-08,2.492919e-08,6.892384e-08,1.532676e-08,3.523224e-08,1.412216e-07,1.713055e-11,9.859063e-09,4.841550e-11,1.630447e-10,7.654045e-12,1.789444e-11,5.309598e-12,1.222751e-07,2.047091e-11
41.845703,3.262193e-10,4.075777e-09,4.343003e-07,5.159498e-07,5.013091e-11,1.048055e-08,6.921871e-10,8.407396e-09,9.061097e-09,2.847487e-07,2.619932e-08,2.273611e-08,4.929838e-08,1.636154e-08,8.188765e-08,6.922968e-08,1.845166e-11,7.582571e-09,3.941251e-11,1.063000e-09,1.388664e-11,1.030636e-11,8.508683e-12,1.600173e-07,1.514636e-11
41.894531,4.049809e-10,3.613034e-09,5.419531e-07,5.266524e-07,3.324699e-11,1.105011e-08,5.563707e-10,4.927895e-09,9.286193e-09,2.619425e-07,3.076637e-08,1.092427e-08,2.823176e-08,1.587891e-08,1.069473e-07,4.443091e-08,1.354396e-11,1.865416e-08,1.159678e-11,1.046928e-09,1.830110e-11,8.472366e-12,1.369830e-11,2.135299e-07,2.094445e-11
41.943359,5.336374e-10,4.626859e-09,5.468994e-07,5.294915e-07,1.713946e-11,1.013553e-08,5.288394e-10,1.724741e-09,1.092140e-08,1.770996e-07,2.877247e-08,6.674753e-09,3.115386e-08,2.117614e-08,1.081436e-07,6.390277e-08,7.915270e-12,2.216468e-08,2.335433e-11,2.821956e-10,1.403743e-11,1.875188e-12,1.268427e-11,2.292118e-07,1.296622e-11
41.992188,6.352212e-10,6.096142e-09,4.472124e-07,4.902696e-07,1.215997e-11,9.059459e-09,5.850336e-10,6.755195e-09,1.329217e-08,1.466471e-07,2.193359e-08,1.225800e-08,4.244314e-08,2.089912e-08,8.313760e-08,1.001378e-07,4.268824e-12,2.213853e-08,3.804994e-11,3.383144e-10,1.931064e-11,1.114238e-11,6.560175e-12,3.341879e-07,1.205779e-11
42.041016,6.975371e-10,7.075073e-09,2.917764e-07,3.873155e-07,1.755275e-11,8.456520e-09,5.853230e-10,1.038475e-08,1.498838e-08,2.305543e-07,2.072897e-08,8.327605e-09,4.317963e-08,1.817664e-08,6.434104e-08,8.337509e-08,1.593091e-11,2.626438e-08,1.454751e-11,4.518572e-10,1.508909e-11,2.205726e-12,6.858993e-12,1.760541e-07,1.597799e-11
42.089844,7.483256e-10,7.268712e-09,1.684949e-07,2.468124e-07,2.433474e-11,7.536320e-09,4.057250e-10,1.263752e-08,1.546306e-08,2.567494e-07,3.081288e-08,1.124557e-08,3.257111e-08,1.244067e-08,7.558873e-08,5.692258e-08,2.602587e-11,2.605796e-08,2.772614e-11,6.335537e-10,1.071491e-11,9.899097e-12,6.064239e-12,1.710913e-07,1.298629e-11
42.138672,8.138056e-10,6.712222e-09,1.349605e-07,1.227352e-07,3.256850e-11,5.566274e-09,4.991634e-11,1.323398e-08,1.538669e-08,2.266277e-07,4.099651e-08,2.039449e-08,2.918796e-08,3.687066e-09,5.688931e-08,7.238143e-08,1.780141e-11,9.429657e-09,5.899079e-11,1.064385e-09,4.876895e-12,9.163046e-12,4.222248e-12,1.156337e-07,3.150974e-11
42.187500,8.751509e-10,5.607199e-09,1.031581e-07,4.171023e-08,4.515509e-11,3.341616e-09,5.248700e-10,1.009896e-08,1.559470e-08,2.147114e-07,4.372469e-08,2.191536e-08,2.523579e-08,8.930902e-09,3.922257e-08,8.225190e-08,2.147473e-11,6.035966e-09,4.940938e-11,1.035305e-09,7.414900e-12,1.371233e-11,4.254075e-12,3.722147e-07,2.200623e-11
42.236328,8.867537e-10,4.319682e-09,1.003093e-07,5.033492e-08,6.084407e-11,4.091929e-09,1.058948e-09,4.480385e-09,1.595605e-08,1.990286e-07,3.756374e-08,1.782581e-08,1.248083e-08,9.064883e-09,8.875216e-08,6.112980e-08,3.353725e-11,6.711028e-09,3.388025e-11,9.327064e-10,1.106708e-11,2.066899e-11,1.306846e-12,3.068360e-07,1.868724e-11
42.285156,8.302610e-10,3.473917e-09,2.181637e-07,1.288980e-07,7.633614e-11,5.864938e-09,1.492764e-09,5.959114e-09,1.538055e-08,1.510521e-07,2.696938e-08,9.813249e-09,2.485487e-08,8.170949e-09,7.242651e-08,5.687057e-08,3.539341e-11,1.503328e-08,3.026749e-11,1.014265e-09,2.390750e-11,1.233376e-11,8.775123e-12,4.994268e-08,1.978333e-11
42.333984,7.429814e-10,3.537291e-09,3.261684e-07,1.818754e-07,8.864861e-11,5.513915e-09,1.755579e-09,9.072983e-09,1.319721e-08,1.270533e-07,1.971864e-08,4.758646e-09,2.877936e-08,1.013386e-08,4.238113e-08,5.056340e-08,2.180975e-11,1.760587e-08,3.577954e-11,7.473396e-10,6.941163e-12,8.915923e-12,7.472577e-12,5.185794e-08,1.427446e-11
42.382812,6.965538e-10,3.980537e-09,3.659250e-07,1.854687e-07,9.562385e-11,2.854394e-09,1.770127e-09,1.154373e-08,1.042182e-08,1.595955e-07,1.679021e-08,6.742058e-09,2.674779e-08,7.040255e-09,4.117445e-08,1.951151e-08,2.486266e-11,2.743336e-08,4.891916e-11,2.742415e-10,1.461964e-11,7.396293e-12,1.142150e-11,9.590481e-08,2.605649e-11
42.431641,7.239496e-10,4.092287e-09,3.454186e-07,1.553450e-07,9.697796e-11,2.501110e-09,1.484576e-09,1.473127e-08,9.733556e-09,2.056979e-07,1.094170e-08,2.392415e-09,1.882337e-08,1.148651e-08,5.352762e-08,5.808521e-08,2.348740e-11,2.989013e-08,1.830361e-11,3.278683e-10,1.215774e-11,7.802604e-12,1.231473e-11,5.353672e-08,6.230372e-12
42.480469,7.933086e-10,3.653469e-09,3.085841e-07,1.264596e-07,9.200334e-11,5.586968e-09,9.743670e-10,1.497552e-08,1.196538e-08,2.406344e-07,7.411652e-10,8.646840e-09,5.709389e-09,1.267272e-08,6.734724e-08,7.400838e-08,2.416372e-11,1.543628e-08,3.215190e-11,5.527570e-10,8.078314e-12,9.397995e-12,4.107050e-12,8.505480e-08,1.788527e-11
42.529297,8.926242e-10,2.773349e-09,2.655913e-07,1.236148e-07,8.191312e-11,7.259255e-09,4.680504e-10,1.113810e-08,1.429860e-08,2.465895e-07,1.037713e-08,1.439626e-08,3.223648e-08,2.178463e-09,8.007204e-08,5.806623e-08,3.413914e-11,2.020609e-08,4.541812e-11,4.770717e-10,2.202099e-11,5.999398e-12,1.028716e-11,3.288938e-08,1.586609e-11
42.578125,1.032089e-09,1.631818e-09,1.784390e-07,1.649205e-07,7.001722e-11,7.543427e-09,2.164942e-10,8.572786e-09,1.460280e-08,2.180377e-07,1.560844e-08,1.124603e-08,5.200795e-08,6.988797e-09,6.825132e-08,4.588818e-08,2.727986e-11,3.430876e-08,6.370047e-11,4.759313e-10,1.553301e-11,8.481478e-12,1.240825e-11,6.597014e-08,1.239565e-11
42.626953,1.185530e-09,3.409925e-10,9.698799e-08,2.365952e-07,6.228862e-11,7.053143e-09,1.355272e-10,1.163206e-08,1.292646e-08,1.802544e-07,1.492343e-08,9.379967e-09,5.027391e-08,1.094924e-08,2.013272e-08,5.822605e-08,3.091310e-11,2.704239e-08,4.986497e-11,4.046909e-10,1.130435e-11,6.883593e-12,1.502384e-11,1.634532e-07,6.308048e-12
42.675781,1.285803e-09,1.229521e-09,2.542734e-07,3.058871e-07,5.977256e-11,5.924583e-09,1.799734e-10,1.428207e-08,1.003945e-08,1.600598e-07,1.326429e-08,1.392185e-08,2.997354e-08,1.364100e-08,2.959862e-08,7.264004e-08,2.324569e-11,5.476241e-09,3.237397e-11,1.847087e-10,8.880003e-12,4.165820e-12,9.726480e-12,2.166242e-07,1.182422e-11
42.724609,1.278545e-09,2.811943e-09,4.410369e-07,3.560854e-07,6.090777e-11,4.538285e-09,3.095088e-10,1.397582e-08,6.027231e-09,1.499351e-07,1.344199e-08,1.756232e-08,2.072851e-08,1.072695e-08,2.828245e-09,5.162998e-08,6.166181e-12,1.464227e-08,3.757822e-11,5.063839e-10,2.153109e-11,1.400915e-11,8.324543e-12,9.815202e-08,1.650969e-11
42.773438,1.159971e-09,4.216608e-09,5.562513e-07,3.812352e-07,6.160278e-11,3.922617e-09,3.561424e-10,1.082121e-08,3.604344e-09,1.322467e-07,1.409943e-08,2.298739e-08,3.183920e-08,8.109754e-09,4.768482e-08,3.825394e-08,2.186499e-11,1.135219e-08,2.473550e-11,4.053883e-10,2.670210e-11,8.535486e-12,1.224083e-11,5.054110e-08,1.644364e-11
42.822266,9.784920e-10,5.119125e-09,5.732828e-07,3.808951e-07,6.129961e-11,4.422310e-09,4.355822e-10,5.251869e-09,5.899753e-09,9.565279e-08,1.160897e-08,2.997365e-08,3.731730e-08,1.005079e-08,5.495835e-08,4.485257e-08,1.762213e-11,9.273566e-09,7.203765e-12,1.019409e-10,1.837838e-11,3.163832e-12,1.068523e-11,9.915055e-08,2.486351e-11
42.871094,8.066349e-10,5.316472e-09,5.075046e-07,3.750442e-07,6.311338e-11,5.196511e-09,5.861083e-10,1.232936e-09,7.661018e-09,6.466172e-08,6.086943e-09,3.086602e-08,3.735746e-08,1.350692e-08,3.201882e-08,8.445521e-08,3.482564e-11,4.842145e-09,2.766030e-11,1.758443e-10,1.471942e-11,1.079933e-11,8.243518e-12,2.869722e-07,1.263264e-11
42.919922,7.175807e-10,4.836316e-09,4.014514e-07,3.869991e-07,7.106696e-11,5.331110e-09,6.482047e-10,5.698061e-09,9.109741e-09,6.269079e-08,9.584589e-09,3.131057e-08,1.823492e-08,1.515916e-08,2.431452e-08,1.186723e-07,4.419678e-11,1.128936e-08,3.762472e-11,7.967659e-11,1.753899e-11,9.771411e-12,1.001379e-11,2.415600e-07,3.343698e-12
42.968750,7.320119e-10,3.948486e-09,3.160516e-07,3.915994e-07,8.153286e-11,4.371446e-09,5.463342e-10,5.905940e-09,1.020852e-08,4.662385e-08,1.371154e-08,3.183558e-08,2.668673e-08,1.283672e-08,3.206432e-08,1.311688e-07,2.791740e-11,1.516668e-08,2.900128e-11,1.452033e-10,1.016208e-11,2.002988e-11,1.000347e-11,5.707369e-08,2.332417e-11
43.017578,8.003070e-10,3.053061e-09,3.186161e-07,3.453096e-07,8.704560e-11,2.608293e-09,3.319441e-10,3.615004e-09,9.535186e-09,2.837730e-08,1.345470e-08,2.473689e-08,3.649553e-08,1.048835e-08,2.467620e-08,1.349217e-07,2.937447e-11,1.618155e-08,1.932646e-11,4.981740e-10,1.428651e-11,3.893420e-12,1.716519e-11,1.097601e-07,2.072982e-11
43.066406,8.502726e-10,2.440143e-09,4.062065e-07,2.563412e-07,8.461430e-11,1.257263e-09,1.182657e-10,6.559644e-09,7.370823e-09,3.186397e-08,1.242390e-08,1.630358e-08,2.016162e-08,6.224194e-09,1.828957e-08,1.235742e-07,1.920859e-11,1.273071e-08,4.112290e-11,2.857519e-10,1.133082e-11,1.655619e-11,1.673187e-11,1.692229e-07,1.553006e-11
43.115234,8.385863e-10,2.087168e-09,5.217506e-07,1.974073e-07,7.750130e-11,3.095795e-09,6.971497e-11,1.053653e-08,4.937771e-09,6.692883e-08,1.576080e-08,1.197125e-08,3.177136e-09,5.445303e-09,2.109696e-08,9.740963e-08,2.381344e-11,8.807258e-09,1.206889e-11,2.229789e-10,4.913604e-12,1.022589e-11,6.169329e-12,1.096904e-07,1.886594e-11
43.164062,7.538046e-10,1.884536e-09,6.327718e-07,1.989170e-07,7.063978e-11,5.738984e-09,1.477536e-10,1.155473e-08,2.602942e-09,1.161283e-07,1.887909e-08,1.106354e-08,1.592090e-08,5.362137e-09,1.664045e-08,4.861700e-08,1.955578e-11,8.628275e-09,1.395548e-11,2.059906e-10,1.796894e-11,1.437453e-11,7.372988e-12,9.985301e-08,1.072806e-11
43.212891,6.104426e-10,1.928304e-09,7.277023e-07,1.836367e-07,6.493986e-11,7.727982e-09,2.297782e-10,9.686204e-09,3.454603e-10,1.356905e-07,1.456376e-08,9.847978e-09,3.274801e-08,2.461102e-09,3.153266e-08,4.971359e-08,6.658778e-12,1.691843e-08,4.015451e-12,3.103597e-10,3.140804e-11,4.442811e-12,5.827484e-12,1.617800e-07,1.423824e-11
43.261719,4.394877e-10,2.219088e-09,8.042613e-07,1.213810e-07,5.920436e-11,8.508683e-09,2.567629e-10,7.910557e-09,1.877633e-09,1.249285e-07,5.433654e-09,4.217206e-09,3.403100e-08,6.723176e-09,6.350138e-08,9.877808e-08,2.132705e-11,2.146710e-08,2.120387e-11,2.655076e-10,1.147436e-11,7.212689e-12,7.493411e-12,3.139099e-08,2.176523e-11
43.310547,2.782348e-10,2.467449e-09,8.662688e-07,5.395980e-08,5.156951e-11,8.512600e-09,1.517042e-10,7.722623e-09,3.249840e-09,1.154020e-07,6.396204e-09,3.912763e-09,3.029481e-08,9.332567e-09,5.453507e-08,1.360698e-07,2.294465e-11,2.091364e-08,3.662579e-11,2.484679e-10,1.090969e-11,5.023159e-12,4.025346e-12,7.135293e-08,9.405270e-12
43.359375,1.939470e-10,2.437169e-09,9.142788e-07,1.008559e-07,4.453127e-11,8.508247e-09,1.436348e-10,6.044122e-09,3.517315e-09,1.175345e-07,6.960635e-09,2.925308e-09,2.918636e-08,4.767067e-09,7.345731e-08,1.153115e-07,1.449592e-11,3.155906e-08,1.962991e-11,3.409216e-10,4.799639e-12,3.783683e-12,8.800212e-12,1.727424e-07,1.650648e-11
43.408203,2.592262e-10,2.133202e-09,9.326778e-07,1.770203e-07,4.109511e-11,8.321178e-09,4.473189e-10,4.181449e-09,2.847536e-09,1.331931e-07,3.233219e-09,9.749639e-09,2.340341e-08,3.176737e-09,8.031329e-08,7.007822e-08,7.463870e-12,2.749739e-08,3.633929e-11,3.283862e-10,2.383875e-12,8.460184e-12,1.182737e-11,1.661392e-07,3.022921e-11
43.457031,3.745387e-10,1.809002e-09,8.977083e-07,2.222959e-07,3.982526e-11,7.162328e-09,7.258950e-10,6.146363e-09,1.804132e-09,1.571974e-07,3.106416e-09,1.377781e-08,1.827865e-08,6.252649e-09,5.850083e-08,9.215053e-08,1.400068e-11,1.514944e-08,1.551370e-11,3.766253e-10,5.890534e-12,8.976774e-12,8.987624e-12,1.161176e-07,2.024020e-11
43.505859,4.576901e-10,1.764324e-09,8.082811e-07,2.249418e-07,3.489580e-11,4.856780e-09,9.533666e-10,6.546134e-09,1.428429e-09,1.562507e-07,2.834427e-09,1.860170e-08,2.496548e-08,3.300714e-09,5.037221e-08,5.279474e-08,4.898279e-12,7.665229e-09,2.689936e-11,2.319865e-10,6.514694e-12,7.632094e-12,1.477907e-11,1.072047e-07,1.823924e-11
43.554688,4.834884e-10,1.931717e-09,7.095104e-07,2.174196e-07,2.830245e-11,2.401449e-09,1.154230e-09,3.889748e-09,3.114386e-09,1.119922e-07,3.092357e-09,1.992454e-08,2.242342e-08,4.930452e-09,7.099775e-08,3.096730e-09,6.184719e-12,1.560624e-08,2.035398e-11,8.386715e-11,5.038295e-12,6.313420e-12,1.791363e-11,1.804077e-07,1.388201e-11
43.603516,4.592219e-10,2.046834e-09,6.700495e-07,2.519833e-07,2.749830e-11,2.531939e-09,1.274673e-09,7.257474e-10,5.497768e-09,4.175057e-08,5.862927e-09,1.966594e-08,2.082762e-08,1.010612e-08,8.762592e-08,2.296507e-08,2.461491e-11,2.586989e-08,7.907096e-12,3.825982e-10,1.583911e-11,6.340770e-12,1.411129e-11,1.600884e-07,2.804789e-12
43.652344,4.108728e-10,2.029321e-09,7.051111e-07,3.052891e-07,3.337991e-11,3.981081e-09,1.232158e-09,1.252833e-09,7.716764e-09,3.236204e-08,7.003881e-09,1.553564e-08,2.611024e-08,1.038204e-08,8.237475e-08,5.996169e-08,4.473118e-11,3.253934e-08,3.916278e-11,5.023958e-10,2.735851e-11,6.786373e-12,1.498610e-11,3.026649e-07,1.312114e-11
43.701172,3.544691e-10,1.952945e-09,7.711403e-07,3.233547e-07,3.883063e-11,4.760528e-09,1.043830e-09,1.297642e-09,9.711885e-09,7.944212e-08,6.154809e-09,4.868781e-09,2.912733e-08,1.391718e-08,5.488387e-08,7.987858e-08,4.315687e-11,3.083541e-08,3.346106e-11,3.520119e-10,1.558298e-11,1.239015e-11,9.613005e-12,1.326906e-07,2.820945e-11
43.750000,2.816597e-10,1.987737e-09,8.434227e-07,2.887744e-07,4.207636e-11,4.778364e-09,8.010316e-10,1.978455e-09,1.176933e-08,1.211055e-07,4.263554e-09,4.568818e-09,2.882520e-08,1.802692e-08,3.320955e-08,8.255210e-08,2.185310e-11,1.574171e-08,2.983692e-11,5.681130e-10,5.818757e-12,8.542448e-12,6.835588e-12,4.159483e-08,1.498904e-11
43.798828,1.886930e-10,2.390538e-09,9.199042e-07,2.145870e-07,4.186533e-11,4.132430e-09,5.451325e-10,2.590147e-09,1.349616e-08,1.539771e-07,3.658826e-09,4.455465e-09,2.700963e-08,1.821824e-08,5.416734e-08,6.671342e-08,1.577452e-11,2.669502e-09,4.991024e-11,3.372651e-10,9.548396e-12,4.877155e-12,5.146107e-12,8.789142e-08,3.804420e-11
43.847656,1.177369e-10,3.240547e-09,9.783079e-07,1.326507e-07,3.535348e-11,3.101096e-09,3.325905e-10,2.692313e-09,1.405914e-08,1.593590e-07,5.331814e-09,4.143263e-09,2.177498e-08,1.485409e-08,5.559398e-08,3.532501e-08,1.498530e-11,4.650048e-09,3.235829e-11,3.176481e-10,1.670711e-12,3.039563e-12,9.895904e-12,4.999820e-08,1.159646e-11
43.896484,1.461322e-10,4.276404e-09,9.728964e-07,1.104911e-07,2.410558e-11,2.329010e-09,3.975640e-10,1.975320e-09,1.321090e-08,1.342611e-07,7.445470e-09,8.708197e-09,2.666362e-08,1.216686e-08,3.145632e-08,3.184953e-08,9.509105e-12,9.496478e-09,3.370661e-11,4.699309e-10,1.057524e-11,8.495511e-12,7.437388e-12,1.095408e-07,8.478950e-12
43.945312,1.912538e-10,5.119834e-09,8.680413e-07,1.688823e-07,2.256543e-11,2.357340e-09,5.605550e-10,1.788525e-09,1.145339e-08,8.724071e-08,7.690273e-09,1.488334e-08,2.735840e-08,7.305157e-09,3.006346e-08,4.737262e-08,4.579071e-12,9.637478e-09,3.252182e-11,5.273003e-10,6.819027e-12,3.641623e-12,1.320861e-11,7.840391e-08,1.600244e-11
43.994141,1.897939e-10,5.467448e-09,6.646835e-07,2.487162e-07,3.427026e-11,2.665836e-09,5.790532e-10,4.697133e-09,9.515832e-09,3.019732e-08,4.805353e-09,1.336076e-08,1.402468e-08,2.156583e-09,4.107421e-08,5.611098e-08,1.584375e-11,1.599224e-08,1.772051e-11,2.388997e-10,9.332232e-12,1.110680e-11,1.065069e-11,1.389578e-07,7.377885e-12
44.042969,1.683157e-10,5.205875e-09,4.061335e-07,3.368704e-07,4.414203e-11,2.574281e-09,4.237807e-10,6.910692e-09,7.656699e-09,5.526682e-08,3.425585e-09,6.586708e-09,3.941904e-09,8.012729e-09,2.278600e-08,7.803655e-08,1.683279e-11,2.668687e-08,2.945774e-11,2.874772e-10,1.439182e-11,1.334212e-11,1.108025e-11,1.701474e-07,1.180464e-11
44.091797,1.979464e-10,4.441096e-09,1.780888e-07,4.138641e-07,5.004106e-11,1.972934e-09,1.913958e-10,7.692716e-09,5.580249e-09,9.329304e-08,5.358998e-09,6.998333e-09,1.045420e-08,1.139761e-08,9.968885e-09,7.313753e-08,2.384188e-11,2.486027e-08,1.229841e-11,5.392844e-10,3.835325e-12,7.727379e-12,1.100870e-11,9.199820e-08,1.218465e-11
44.140625,2.677296e-10,3.456099e-09,1.405352e-07,4.481454e-07,5.265690e-11,1.293633e-09,2.477315e-10,8.670322e-09,3.745852e-09,1.081517e-07,4.151229e-09,4.685743e-09,2.138160e-08,8.923668e-09,2.415922e-08,7.828558e-08,2.052342e-11,2.102872e-08,1.097178e-11,2.354499e-10,3.057205e-12,1.415485e-11,1.958929e-11,5.616070e-08,1.143555e-11
44.189453,3.133049e-10,2.606606e-09,1.864410e-07,4.313233e-07,4.864540e-11,1.064183e-09,5.038137e-10,9.800646e-09,3.875772e-09,1.198094e-07,9.277315e-10,1.774502e-09,1.989502e-08,1.119972e-08,4.207882e-08,5.358747e-08,3.163959e-12,1.927482e-08,3.270263e-11,3.208206e-10,2.092613e-11,1.114234e-11,1.788131e-11,4.378314e-08,1.074842e-11
44.238281,3.075227e-10,2.157828e-09,1.941807e-07,3.929689e-07,3.415471e-11,1.164222e-09,7.318188e-10,9.620096e-09,5.381486e-09,1.221909e-07,4.458229e-09,6.239667e-09,1.852051e-08,1.230314e-08,5.586425e-08,4.257985e-08,8.911373e-12,8.482546e-09,3.498366e-11,3.480192e-10,1.454610e-11,7.736232e-12,2.913073e-12,9.784259e-08,9.242445e-12
44.287109,2.575237e-10,2.097537e-09,2.774305e-07,3.666854e-07,1.283973e-11,1.679443e-09,8.871218e-10,9.319115e-09,7.152713e-09,1.248592e-07,5.148553e-09,8.789053e-09,1.385405e-08,1.058824e-08,5.433135e-08,4.307944e-08,3.914431e-12,6.252358e-09,2.570300e-11,2.939947e-10,3.847867e-12,1.147856e-11,6.996663e-12,1.150925e-07,1.558485e-11
44.335938,1.994800e-10,2.210553e-09,4.386753e-07,3.495936e-07,1.094628e-11,2.651538e-09,9.656021e-10,1.049470e-08,8.386622e-09,1.494136e-07,2.138913e-09,1.271686e-08,5.456234e-09,9.602520e-09,5.766121e-08,6.257223e-08,6.114194e-12,1.387919e-08,1.594468e-11,1.643299e-10,2.073646e-11,8.515741e-12,1.021445e-11,2.531590e-07,6.720940e-12
44.384766,1.764341e-10,2.306157e-09,5.762317e-07,3.350085e-07,2.360564e-11,3.539274e-09,1.002530e-09,1.145690e-08,7.911213e-09,1.728125e-07,2.244212e-09,1.653236e-08,1.214422e-08,8.710050e-09,5.711415e-08,5.605191e-08,1.180653e-11,1.803618e-08,2.290714e-11,3.670709e-10,2.367271e-11,9.147140e-12,1.473018e-11,2.612421e-07,2.082252e-11
44.433594,1.897912e-10,2.252340e-09,6.273567e-07,3.421090e-07,2.683638e-11,3.795394e-09,9.901413e-10,1.092144e-08,5.801995e-09,1.913621e-07,5.167504e-09,1.679486e-08,8.983181e-09,1.059180e-08,3.521737e-08,3.630957e-08,2.688956e-11,1.968312e-08,3.789813e-11,8.719883e-11,9.786732e-12,1.220923e-11,8.761176e-12,1.735357e-07,2.225663e-11
44.482422,1.971843e-10,1.987668e-09,5.732781e-07,3.649887e-07,2.322905e-11,3.455560e-09,8.756024e-10,9.290612e-09,3.695495e-09,2.102865e-07,1.023929e-08,1.232045e-08,5.383028e-09,1.331068e-08,2.265399e-08,7.627048e-08,3.339174e-11,1.736273e-08,3.193231e-11,1.102553e-10,1.044578e-11,1.258549e-11,9.781557e-12,1.470757e-07,1.398382e-11
44.531250,1.747105e-10,1.563957e-09,4.281626e-07,3.586913e-07,1.548165e-11,3.395408e-09,6.678844e-10,7.131806e-09,3.438696e-09,2.125019e-07,1.257990e-08,8.499008e-09,2.175123e-08,1.322148e-08,4.584326e-08,1.057928e-07,9.093997e-12,8.384845e-09,3.481279e-11,2.224421e-10,7.899712e-12,9.944260e-12,7.580068e-12,3.328559e-08,1.437101e-11
44.580078,1.198895e-10,1.139831e-09,2.368762e-07,2.923526e-07,1.466960e-11,3.654865e-09,4.485834e-10,4.692331e-09,5.075673e-09,2.074742e-07,8.098276e-09,1.106554e-08,3.362834e-08,9.565007e-09,6.846316e-08,9.226034e-08,1.473681e-11,3.038920e-09,1.150363e-11,1.915399e-10,1.283666e-11,6.225651e-12,6.507301e-12,7.277836e-08,9.979851e-12
44.628906,6.275148e-11,8.713033e-10,1.852101e-07,1.698582e-07,3.674597e-11,3.040538e-09,3.061626e-10,2.101194e-09,6.579233e-09,2.188801e-07,7.981076e-10,1.071061e-08,4.184998e-08,2.927945e-09,7.911919e-08,7.671790e-08,1.759073e-11,9.839692e-09,5.180019e-12,1.180212e-10,1.417672e-11,1.503488e-11,1.161858e-11,1.102397e-07,4.009506e-12
44.677734,8.074168e-11,7.196497e-10,3.745231e-07,1.889855e-08,6.180702e-11,1.570205e-09,2.474666e-10,6.147938e-10,6.503847e-09,2.217919e-07,3.335226e-09,9.108427e-09,4.497820e-08,3.366801e-09,7.559039e-08,5.511071e-08,1.580392e-11,2.169394e-08,4.700077e-12,1.583225e-10,1.319031e-11,1.649045e-11,1.553309e-11,1.150029e-07,1.325916e-11
44.726562,1.263402e-10,5.402676e-10,5.493636e-07,1.359602e-07,7.776430e-11,2.231453e-09,2.805970e-10,3.101796e-09,5.193788e-09,1.977115e-07,5.232535e-09,5.959100e-09,4.018638e-08,8.066490e-09,4.466098e-08,1.660201e-08,2.156541e-11,1.764791e-08,9.439676e-12,1.234261e-10,3.262262e-12,1.613842e-11,1.175287e-11,1.343080e-07,2.889265e-12
44.775391,1.449224e-10,3.568375e-10,6.263519e-07,2.640836e-07,7.899951e-11,3.610557e-09,4.634494e-10,4.699911e-09,4.239669e-09,1.826283e-07,1.012615e-08,1.429610e-09,3.899520e-08,1.178331e-08,1.506123e-08,3.324527e-08,2.469181e-11,7.042735e-09,1.345309e-11,2.763848e-10,1.134358e-11,6.091582e-12,1.079272e-11,2.419088e-08,1.261739e-11
44.824219,1.308134e-10,3.522782e-10,5.868012e-07,3.537667e-07,6.704528e-11,3.811194e-09,6.335939e-10,5.001180e-09,4.503161e-09,1.935814e-07,1.391867e-08,7.126205e-09,4.224378e-08,1.156240e-08,2.168163e-08,2.595795e-08,2.748126e-11,1.167564e-08,2.937529e-11,1.676455e-10,1.194025e-11,1.969003e-12,9.558313e-12,6.044937e-08,4.030421e-12
44.873047,9.960385e-11,4.692359e-10,4.730943e-07,3.999839e-07,4.609744e-11,3.237688e-09,6.541382e-10,4.348255e-09,5.275299e-09,1.896019e-07,1.733324e-08,7.174803e-09,4.319470e-08,6.983537e-09,5.005170e-08,5.836881e-08,2.977723e-11,1.697691e-08,2.744335e-11,2.160158e-10,2.441605e-12,1.254263e-11,1.592718e-11,5.655833e-08,1.623947e-11
44.921875,7.207416e-11,6.776665e-10,3.997132e-07,4.054728e-07,2.168567e-11,2.679447e-09,5.417906e-10,3.209975e-09,6.018680e-09,1.538070e-07,1.730402e-08,8.216115e-10,4.125347e-08,1.970414e-09,5.858171e-08,4.152276e-08,2.210025e-11,2.268912e-08,2.178774e-11,1.846605e-10,1.084627e-11,1.792200e-11,5.300268e-12,1.383310e-08,2.274041e-11
44.970703,6.081113e-11,1.035167e-09,4.513375e-07,3.800576e-07,5.493699e-12,2.315062e-09,4.049024e-10,1.645158e-09,6.884756e-09,1.103126e-07,1.338547e-08,8.789506e-09,3.309108e-08,5.705814e-09,7.040508e-08,2.328457e-08,7.783852e-12,2.545964e-08,3.667354e-11,2.337258e-10,2.336635e-11,1.633292e-11,8.714792e-12,6.291549e-08,9.439991e-12
45.019531,5.702753e-11,1.402694e-09,5.451513e-07,3.424651e-07,2.457665e-11,2.289184e-09,2.855038e-10,1.392487e-09,7.370682e-09,9.507315e-08,1.290381e-08,1.409058e-08,2.740659e-08,5.311749e-09,5.687754e-08,1.525903e-08,3.679096e-12,1.936098e-08,1.974050e-11,2.570816e-10,1.820131e-11,1.338776e-11,4.307307e-12,7.931174e-08,1.092220e-11
45.068359,5.146802e-11,1.567146e-09,6.129045e-07,3.177010e-07,3.886580e-11,2.516947e-09,1.820007e-10,2.973683e-09,6.369376e-09,1.048913e-07,1.129489e-08,1.435868e-08,2.816596e-08,2.078821e-09,1.902410e-08,9.546731e-09,5.492460e-13,1.037700e-08,6.617308e-12,2.714512e-10,2.448716e-11,6.114882e-12,1.446039e-11,3.856432e-08,9.253147e-12
45.117188,3.987340e-11,1.399192e-09,6.664538e-07,3.158519e-07,4.642063e-11,2.691413e-09,2.054946e-10,3.898905e-09,3.748178e-09,1.173786e-07,7.747347e-09,1.116284e-08,2.319263e-08,1.751246e-09,4.609049e-08,1.839616e-08,1.250492e-11,5.289941e-09,6.523125e-12,1.023985e-10,1.660214e-11,1.045206e-11,1.207055e-11,1.478583e-07,1.738703e-11
45.166016,2.297909e-11,9.195507e-10,7.224034e-07,3.165979e-07,4.983366e-11,2.928166e-09,3.209040e-10,4.070425e-09,6.193786e-10,1.280370e-07,8.739834e-09,6.306295e-09,2.569656e-08,3.407796e-09,5.399054e-08,3.270822e-08,1.329929e-11,1.303601e-08,6.546522e-12,2.857212e-10,1.512737e-11,1.229185e-11,1.244660e-11,8.340445e-08,2.650135e-11
45.214844,4.094370e-11,3.008083e-10,7.540803e-07,2.962466e-07,5.010740e-11,2.820539e-09,4.107411e-10,3.841093e-09,1.740848e-09,1.330234e-07,6.016173e-09,2.765104e-09,3.237714e-08,3.864109e-09,3.472570e-08,6.725711e-08,1.429136e-11,1.370072e-08,1.963597e-11,1.095399e-10,1.078581e-11,1.147327e-11,1.374727e-11,1.307759e-07,2.043949e-11
45.263672,9.501355e-11,3.838034e-10,7.279267e-07,2.568274e-07,4.830845e-11,1.757521e-09,4.324433e-10,3.506980e-09,2.510193e-09,1.299898e-07,2.021250e-09,3.807408e-09,2.363156e-08,2.701318e-09,1.617123e-08,8.993512e-08,2.176053e-11,7.779834e-09,2.608444e-11,1.097212e-10,1.443450e-11,7.116679e-12,1.116582e-11,1.850330e-07,2.499489e-11
45.312500,1.602060e-10,7.828153e-10,6.544023e-07,2.246374e-07,4.391383e-11,4.211967e-10,3.947254e-10,3.062298e-09,2.184847e-09,1.338207e-07,4.206969e-09,7.991216e-09,6.658348e-09,2.690334e-09,9.638575e-09,5.568035e-08,1.300411e-11,1.477078e-08,2.840779e-11,1.570461e-10,7.658448e-12,4.372341e-12,9.088360e-12,9.855474e-08,7.998073e-12
