999,25,12,11.889000,8.00,2,2,2
freq,site_01,site_02,site_03,site_04,site_05,site_06,site_07,site_08,site_09,site_10,site_11,site_12,site_13,site_14,site_15,site_16,site_17,site_18,site_19,site_20,site_21,site_22,site_23,site_24,site_25
0.000000,1.013649e-08,1.434496e-08,1.295496e-08,1.924049e-08,4.416799e-09,1.113545e-08,3.422814e-08,2.664557e-08,6.399647e-10,7.387156e-09,5.817649e-09,1.903732e-08,2.157397e-08,1.770464e-09,2.290732e-08,1.915445e-08,1.151709e-09,8.704312e-09,5.595593e-10,3.544286e-08,2.075683e-08,5.504641e-09,1.884712e-09,2.717045e-08,5.991363e-09
0.048828,8.932628e-09,1.549503e-08,2.648418e-08,4.789867e-08,1.719946e-08,2.841867e-09,1.487275e-08,2.398098e-08,3.181185e-08,3.264277e-09,6.498109e-09,9.167389e-09,7.713010e-09,5.703273e-09,1.025643e-08,7.979722e-09,5.079129e-09,2.614379e-09,1.177315e-09,2.875435e-09,4.205273e-09,1.453952e-09,4.763638e-09,7.334849e-09,3.117426e-09
0.097656,4.724617e-08,3.435938e-08,4.505260e-08,1.101893e-07,3.766071e-08,5.543131e-09,2.356333e-08,5.322249e-08,5.174824e-08,1.438757e-08,8.133486e-09,1.961287e-08,2.541631e-08,2.066602e-08,2.999072e-08,1.113488e-08,8.502426e-09,1.210713e-08,1.002616e-08,9.948769e-09,1.415288e-08,2.676906e-09,5.952320e-09,2.246707e-08,4.436003e-09
0.146484,1.304573e-07,5.596679e-08,5.214858e-08,1.797458e-07,5.676298e-08,3.787434e-08,2.105682e-08,5.865973e-08,5.898330e-08,3.673300e-08,2.519346e-08,1.885593e-08,4.816162e-08,4.425293e-08,5.384096e-08,1.186770e-08,1.666300e-08,3.109103e-08,1.494762e-08,6.906611e-09,1.716534e-08,8.652401e-09,1.582306e-08,3.610959e-08,1.111933e-08
0.195312,2.654257e-07,8.064982e-08,4.576461e-08,2.405358e-07,6.768783e-08,1.026665e-07,4.111369e-08,3.935914e-08,4.448147e-08,6.889445e-08,3.913038e-08,4.926437e-08,6.280874e-08,4.756874e-08,7.139414e-08,1.430384e-08,2.598870e-08,4.556957e-08,1.665659e-08,9.267978e-09,2.970492e-08,2.276930e-08,1.905778e-08,3.188170e-08,2.681584e-08
0.244141,4.352630e-07,9.883963e-08,2.985245e-08,2.596636e-07,6.675609e-08,1.803774e-07,7.927613e-08,7.633096e-08,1.048837e-08,1.200727e-07,4.018456e-08,9.630156e-08,5.669544e-08,2.585339e-08,1.219794e-07,3.224794e-08,4.125409e-08,5.826343e-08,1.552975e-08,3.229639e-08,2.848150e-08,1.406708e-08,9.812592e-09,2.267176e-08,1.473292e-08
0.292969,6.066006e-07,9.900834e-08,1.504092e-08,2.276557e-07,6.116137e-08,2.349989e-07,1.267599e-07,1.300959e-07,6.561978e-08,1.547359e-07,4.966157e-08,1.131103e-07,2.513948e-08,2.733847e-08,1.263409e-07,2.140477e-08,5.827531e-08,6.194231e-08,1.134962e-08,4.708240e-08,4.637546e-08,2.485882e-08,2.338074e-08,1.485708e-08,3.275208e-08
0.341797,7.136072e-07,7.820138e-08,2.139812e-08,1.954430e-07,7.298241e-08,2.321777e-07,2.005647e-07,1.521367e-07,1.297133e-07,1.482733e-07,5.119263e-08,9.476192e-08,2.661582e-08,6.558110e-08,9.920520e-08,2.907458e-08,6.111185e-08,5.041965e-08,2.456056e-08,2.678807e-08,2.685566e-08,2.925848e-08,2.117576e-08,7.572538e-08,3.058872e-08
0.390625,7.362698e-07,6.908790e-08,3.772207e-08,2.319020e-07,1.097078e-07,1.935564e-07,2.873698e-07,1.479961e-07,1.855301e-07,1.589467e-07,1.758129e-08,5.278998e-08,4.345780e-08,1.319569e-07,8.261942e-08,3.076995e-08,7.101310e-08,2.235414e-08,6.020622e-08,3.810302e-08,9.635412e-09,7.524133e-08,2.268960e-08,8.129118e-08,3.241331e-08
0.439453,6.735200e-07,1.066456e-07,5.456400e-08,2.551867e-07,1.513119e-07,1.993526e-07,3.354250e-07,1.562779e-07,2.198642e-07,2.279473e-07,4.410795e-08,4.988770e-08,3.738193e-08,1.901119e-07,4.725561e-08,3.868701e-08,9.535491e-08,4.731801e-08,4.866845e-08,2.696903e-08,2.519628e-09,9.098428e-08,2.440771e-08,7.647680e-08,2.454715e-08
0.488281,5.628757e-07,1.754238e-07,6.673507e-08,1.884400e-07,1.813600e-07,3.038021e-07,3.154274e-07,2.215379e-07,2.299013e-07,3.155847e-07,8.251076e-08,1.973828e-07,3.654249e-08,1.610620e-07,1.641418e-07,6.888708e-08,8.709056e-08,8.846440e-08,9.253352e-08,3.117745e-08,1.620222e-08,8.472639e-08,2.098739e-08,1.056731e-07,1.238762e-07
0.537109,4.475254e-07,2.801357e-07,6.929752e-08,3.950445e-08,1.959616e-07,4.647467e-07,2.498371e-07,3.290130e-07,2.151908e-07,4.104467e-07,9.658195e-08,3.325901e-07,5.715309e-08,9.148338e-08,2.105572e-07,7.195885e-08,8.626257e-08,9.851535e-08,8.762580e-08,4.256536e-08,4.108901e-08,6.555110e-08,5.009061e-08,1.493087e-07,9.536616e-08
0.585938,3.036824e-07,4.233969e-07,7.331234e-08,1.364821e-07,2.027456e-07,6.314687e-07,1.783310e-07,3.782432e-07,1.663861e-07,5.313341e-07,1.330271e-07,4.026162e-07,9.166988e-08,5.057673e-08,2.155001e-07,3.265209e-08,4.718186e-08,6.131503e-08,4.513867e-08,3.521207e-08,5.413264e-08,9.638336e-09,5.554554e-08,1.443521e-07,9.105215e-08
0.634766,8.212849e-08,5.806109e-07,1.146951e-07,2.784596e-07,2.207323e-07,7.537386e-07,1.305454e-07,2.616357e-07,1.148703e-07,6.458724e-07,1.986700e-07,4.197980e-07,1.034599e-07,1.002060e-07,2.763337e-07,2.318492e-08,5.055566e-08,3.637787e-08,3.338716e-08,5.960132e-08,7.618698e-08,2.974967e-08,1.391725e-08,8.390584e-08,3.208136e-08
0.683594,2.144333e-07,7.232776e-07,1.963951e-07,3.540630e-07,2.769263e-07,8.082386e-07,1.193653e-07,1.098169e-07,1.935681e-07,6.782916e-07,2.713085e-07,3.780612e-07,1.007671e-07,7.955527e-08,2.628912e-07,7.839995e-08,4.300797e-08,6.544300e-08,5.389983e-08,2.997890e-08,6.329766e-08,3.120312e-09,1.945888e-08,2.028515e-07,7.099890e-08
0.732422,5.242522e-07,8.586807e-07,2.903987e-07,3.591773e-07,3.786624e-07,8.173051e-07,1.756606e-07,3.860744e-07,3.074251e-07,6.175535e-07,2.941972e-07,2.931674e-07,7.218555e-08,1.349303e-07,1.732257e-07,8.819394e-08,5.049811e-08,4.615352e-08,6.421550e-08,3.831887e-08,6.266442e-08,2.116261e-08,3.807353e-09,8.437188e-08,8.610117e-08
0.781250,7.710579e-07,1.020132e-06,3.693896e-07,2.802935e-07,4.949358e-07,8.059520e-07,3.151131e-07,6.089953e-07,3.458190e-07,5.075674e-07,2.388900e-07,2.098927e-07,8.008996e-08,3.568760e-07,5.893358e-08,5.353830e-08,2.457249e-08,4.462425e-08,8.732404e-08,7.064174e-08,6.639392e-08,8.048676e-08,1.119547e-08,4.977001e-08,8.147316e-08
0.830078,9.025856e-07,1.223188e-06,4.232351e-07,9.814799e-08,5.810486e-07,7.903774e-07,4.868307e-07,7.925198e-07,3.390000e-07,3.889792e-07,2.141605e-07,1.249818e-07,1.946397e-07,4.998556e-07,2.509915e-07,1.805921e-08,1.168351e-07,1.348212e-08,5.819769e-08,8.040854e-08,8.912226e-08,7.918967e-08,2.531756e-08,1.528683e-08,1.813087e-07
0.878906,9.048555e-07,1.428108e-06,4.720188e-07,1.769757e-07,6.060550e-07,7.910953e-07,6.730476e-07,1.000931e-06,3.639665e-07,2.935598e-07,2.622501e-07,1.093963e-07,2.400670e-07,4.392731e-07,3.749384e-07,5.674373e-08,2.358039e-07,9.916129e-08,7.463698e-08,7.169439e-08,2.977575e-08,1.974400e-08,2.567114e-08,6.795011e-08,2.727027e-07
0.927734,7.729959e-07,1.561963e-06,5.380658e-07,4.810406e-07,5.649130e-07,8.112934e-07,8.810573e-07,1.073868e-06,3.553202e-07,1.812476e-07,2.946177e-07,1.552898e-07,3.024070e-07,2.452796e-07,3.672268e-07,8.459941e-08,2.132812e-07,1.518390e-07,9.505709e-08,1.942469e-07,7.217337e-08,3.317165e-08,8.537737e-09,9.527253e-08,2.063005e-07
0.976562,4.968129e-07,1.586506e-06,5.924092e-07,7.369469e-07,4.747053e-07,8.147439e-07,1.050515e-06,8.687871e-07,2.696164e-07,4.077187e-08,3.174048e-07,1.706005e-07,3.196535e-07,2.704856e-08,3.381566e-07,9.752029e-08,1.350003e-07,1.123241e-07,5.367354e-08,1.677793e-07,1.014871e-07,4.925890e-08,5.129497e-08,6.966260e-08,8.650977e-09
1.025391,1.629742e-07,1.553129e-06,5.831251e-07,9.307568e-07,3.645953e-07,7.923560e-07,1.134248e-06,4.903675e-07,2.176505e-07,2.568833e-07,3.287802e-07,3.729667e-07,2.422399e-07,1.553884e-07,6.063490e-07,1.564863e-07,1.730626e-07,9.028007e-08,4.104665e-08,1.131139e-07,7.804749e-08,9.979308e-08,6.264850e-08,1.254492e-07,6.657278e-08
1.074219,6.021426e-07,1.451904e-06,4.425525e-07,1.044503e-06,2.319307e-07,7.146738e-07,1.084818e-06,3.155042e-07,2.310683e-07,4.992052e-07,2.746039e-07,4.590251e-07,8.709050e-08,1.632983e-07,8.442727e-07,1.960882e-07,1.881824e-07,1.028335e-07,1.217547e-07,2.342853e-08,2.402034e-08,1.159791e-07,3.440047e-08,2.744552e-07,8.689693e-08
1.123047,1.213159e-06,1.370693e-06,2.129584e-07,1.158932e-06,1.605041e-07,7.291558e-07,1.111273e-06,5.463228e-07,2.714250e-07,7.287952e-07,1.996580e-07,3.466069e-07,1.343119e-07,1.009667e-07,8.466672e-07,9.566811e-08,1.180465e-07,2.054794e-07,1.038778e-07,3.327175e-08,2.887914e-08,5.114377e-08,5.757151e-08,3.275759e-07,2.237752e-08
1.171875,1.696285e-06,1.320129e-06,1.242941e-08,1.276993e-06,2.182411e-07,9.271734e-07,1.225758e-06,6.285114e-07,3.540588e-07,8.434198e-07,1.369135e-07,2.893238e-07,2.332979e-07,1.134856e-07,5.796509e-07,4.091273e-08,5.788768e-08,2.549796e-07,2.164571e-07,3.641812e-08,9.111995e-08,7.131494e-08,1.412435e-08,2.226182e-07,6.216245e-08
1.220703,1.909960e-06,1.308885e-06,1.197917e-07,1.337386e-06,2.825626e-07,1.251567e-06,1.268501e-06,5.531804e-07,4.246604e-07,7.659878e-07,1.705826e-07,5.255844e-07,1.632737e-07,2.681244e-07,2.864636e-07,4.313753e-08,5.907611e-08,1.658265e-07,1.331807e-07,1.130280e-07,9.711010e-08,2.028236e-08,5.342953e-08,2.264449e-07,1.444219e-07
1.269531,1.821015e-06,1.407112e-06,1.338825e-07,1.297758e-06,2.783296e-07,1.591166e-06,1.207217e-06,5.424928e-07,4.160469e-07,6.173413e-07,2.796101e-07,6.760363e-07,5.961066e-08,4.393855e-07,3.455820e-07,1.186401e-07,1.835130e-07,3.871838e-07,2.921711e-08,2.053542e-07,5.858049e-08,1.778131e-08,4.752717e-08,2.228168e-07,2.933863e-07
1.318359,1.565461e-06,1.678728e-06,4.176570e-07,1.191581e-06,1.922397e-07,1.838112e-06,1.160049e-06,6.936978e-07,3.087141e-07,5.901807e-07,3.120020e-07,6.080043e-07,3.011571e-07,4.262915e-07,2.127303e-07,1.495346e-07,2.744178e-07,2.730141e-07,1.231331e-07,2.119235e-07,3.224750e-08,1.565731e-07,1.030091e-07,2.436615e-07,3.002520e-07
1.367188,1.472064e-06,2.060597e-06,8.699511e-07,1.125082e-06,8.410977e-08,1.929942e-06,1.231307e-06,8.337802e-07,1.474687e-07,6.049147e-07,2.295300e-07,4.570749e-07,4.303525e-07,3.768236e-07,5.803578e-08,1.360275e-07,3.097762e-07,2.895899e-07,1.097033e-07,9.987470e-08,5.064025e-08,2.350775e-07,1.257273e-07,3.792394e-07,2.185423e-07
1.416016,1.760592e-06,2.415605e-06,1.301766e-06,1.193442e-06,2.092677e-07,1.878064e-06,1.362777e-06,9.168455e-07,1.906037e-07,5.029260e-07,2.030311e-07,3.705507e-07,3.457826e-07,6.286890e-07,2.604058e-07,1.088778e-07,3.959210e-07,2.666775e-07,1.112066e-07,4.537745e-08,1.334408e-07,5.331312e-08,7.183211e-08,6.430236e-07,7.493446e-08
1.464844,2.225853e-06,2.618542e-06,1.580892e-06,1.375696e-06,3.725322e-07,1.659471e-06,1.350938e-06,1.002402e-06,2.816064e-07,2.908933e-07,2.778032e-07,3.076964e-07,1.983805e-07,8.272724e-07,5.864810e-07,3.475546e-08,2.996611e-07,3.457071e-07,2.309806e-09,2.391215e-07,8.600546e-08,1.458684e-07,8.458907e-08,4.740845e-07,2.424654e-07
1.513672,2.626337e-06,2.601145e-06,1.678014e-06,1.585482e-06,4.580628e-07,1.181505e-06,1.112438e-06,1.023622e-06,2.184797e-07,2.299172e-07,2.612658e-07,3.694600e-07,2.415016e-07,6.913897e-07,9.135664e-07,1.082714e-07,2.496510e-07,1.085722e-07,1.110085e-07,2.873855e-07,1.836225e-07,4.763978e-08,3.421606e-08,2.524804e-07,1.915077e-07
1.562500,2.846922e-06,2.359317e-06,1.692461e-06,1.749880e-06,4.396851e-07,5.103132e-07,1.111538e-06,8.972939e-07,3.189651e-07,3.345807e-07,1.736218e-07,6.452598e-07,4.105131e-07,5.084808e-07,1.008007e-06,1.535266e-07,2.049112e-07,2.256954e-07,1.746013e-07,1.776961e-07,2.308473e-07,5.286302e-08,9.198378e-08,2.478578e-07,1.841690e-07
1.611328,2.861825e-06,1.947587e-06,1.767167e-06,1.832799e-06,3.465084e-07,4.885018e-07,1.677549e-06,7.951742e-07,5.768364e-07,4.384726e-07,1.282195e-07,8.306137e-07,4.373304e-07,6.709687e-07,6.899194e-07,1.113288e-07,1.376443e-07,3.484631e-07,2.110753e-07,1.961857e-07,9.894335e-08,9.243620e-08,9.695209e-08,1.045465e-07,1.905285e-07
1.660156,2.732593e-06,1.482692e-06,1.920492e-06,1.841576e-06,2.459111e-07,7.351099e-07,2.165906e-06,8.588753e-07,6.876322e-07,5.665718e-07,7.185711e-08,8.186723e-07,3.243527e-07,7.352060e-07,6.552697e-07,6.766354e-08,2.806514e-07,3.804614e-07,7.241160e-08,2.058275e-07,1.231837e-07,9.009222e-08,5.529612e-08,3.430530e-07,1.195559e-07
1.708984,2.588348e-06,1.184032e-06,2.042442e-06,1.801343e-06,1.868768e-07,5.151962e-07,2.221385e-06,8.666585e-07,7.381920e-07,5.971783e-07,9.619580e-08,7.011521e-07,2.647358e-07,5.270151e-07,6.483352e-07,8.099648e-08,2.844272e-07,3.699764e-07,1.889580e-07,8.666970e-08,6.796229e-08,1.271824e-07,4.230064e-08,3.276787e-07,3.789775e-07
1.757812,2.499373e-06,1.281014e-06,2.042889e-06,1.696052e-06,1.549946e-07,7.018004e-07,1.945242e-06,7.431527e-07,8.334879e-07,5.548789e-07,2.784993e-07,6.035378e-07,2.781305e-07,6.198874e-07,3.998289e-07,8.099713e-08,2.239738e-07,4.117500e-07,1.417068e-07,2.884498e-07,1.160014e-07,7.814599e-09,1.471764e-07,3.787306e-07,3.959325e-07
1.806641,2.357726e-06,1.620893e-06,1.919824e-06,1.466136e-06,1.611510e-07,1.268042e-06,1.712678e-06,6.091180e-07,7.672675e-07,5.809301e-07,4.189220e-07,4.729011e-07,3.272657e-07,8.663826e-07,4.231388e-07,7.476692e-08,2.350047e-07,4.302192e-07,6.168403e-08,3.394385e-07,1.688025e-07,2.945981e-08,5.877507e-08,2.908404e-07,2.538781e-07
1.855469,1.983546e-06,1.897914e-06,1.741899e-06,1.154100e-06,2.347934e-07,1.449874e-06,1.809000e-06,5.440842e-07,4.734355e-07,6.022901e-07,4.820529e-07,4.907505e-07,4.017030e-07,6.081450e-07,8.182548e-07,7.415405e-08,2.118764e-07,2.386732e-07,9.946436e-08,3.136435e-07,1.794916e-07,1.395711e-07,5.034124e-08,4.006605e-07,9.112703e-08
1.904297,1.312719e-06,1.930658e-06,1.596815e-06,1.212574e-06,3.243622e-07,1.483686e-06,2.019282e-06,5.799586e-07,1.980568e-07,5.091280e-07,4.726216e-07,6.354610e-07,5.939739e-07,1.848599e-07,1.280288e-06,1.774361e-07,1.321695e-07,1.958896e-07,2.014666e-07,1.864782e-07,1.627995e-07,2.139116e-07,7.407476e-08,3.944437e-07,9.180335e-08
1.953125,4.839791e-07,1.641650e-06,1.517003e-06,1.968622e-06,3.883753e-07,1.797296e-06,1.981216e-06,7.145599e-07,1.866726e-07,4.009218e-07,3.653962e-07,6.455075e-07,6.329828e-07,1.357201e-07,1.253806e-06,1.896325e-07,2.298386e-07,3.702727e-08,1.234192e-07,2.226739e-07,7.389467e-08,1.753644e-07,7.492018e-08,4.926956e-07,1.159541e-07
2.001953,5.795451e-07,1.045897e-06,1.443031e-06,2.981654e-06,4.373736e-07,2.019207e-06,1.721362e-06,8.959588e-07,2.620048e-07,5.283557e-07,2.998744e-07,8.356342e-07,4.431749e-07,3.778280e-07,7.205047e-07,1.096068e-07,2.209996e-07,3.166398e-08,1.276520e-07,3.181869e-08,1.654703e-07,1.024041e-07,6.688615e-08,5.026122e-07,2.832638e-07
2.050781,1.260273e-06,3.146512e-07,1.280485e-06,3.872071e-06,5.088823e-07,1.946355e-06,1.730974e-06,1.078989e-06,3.832290e-07,6.825789e-07,5.977637e-07,1.182527e-06,3.080455e-07,5.346704e-07,3.778327e-07,2.001960e-07,2.162591e-07,2.532324e-08,2.593851e-07,1.471590e-07,3.551210e-07,1.557840e-07,1.167596e-07,2.444706e-07,1.609175e-07
2.099609,1.708495e-06,7.967344e-07,9.937374e-07,4.385226e-06,5.893074e-07,1.879149e-06,2.053941e-06,1.206221e-06,4.148901e-07,6.733443e-07,9.443440e-07,1.183970e-06,3.606609e-07,6.491701e-07,4.510481e-07,4.753354e-07,4.969981e-08,1.915850e-07,3.787155e-07,9.167338e-08,3.033444e-07,5.363156e-08,1.957696e-07,8.946628e-08,2.210702e-07
2.148438,1.932233e-06,1.596356e-06,6.420130e-07,4.365586e-06,6.120365e-07,1.748034e-06,2.113219e-06,1.173464e-06,3.672486e-07,5.884503e-07,1.107802e-06,8.229012e-07,5.064656e-07,7.327966e-07,6.344006e-07,6.260650e-07,8.971877e-08,2.051125e-07,3.129816e-07,8.625618e-08,2.859568e-07,9.430613e-08,1.519767e-07,1.857786e-07,2.854220e-07
2.197266,2.027435e-06,2.119814e-06,3.803894e-07,3.793485e-06,5.575284e-07,1.172687e-06,1.662207e-06,9.664139e-07,3.358797e-07,5.960959e-07,1.054586e-06,5.641653e-07,5.653608e-07,7.775716e-07,8.051105e-07,6.411439e-07,3.763830e-07,4.753269e-08,1.927280e-07,1.587069e-07,2.029129e-07,1.154736e-07,1.517403e-07,4.655521e-07,2.885476e-07
2.246094,2.067781e-06,2.205123e-06,3.454581e-07,2.809648e-06,5.178355e-07,2.190667e-07,8.632031e-07,7.938656e-07,2.684929e-07,6.694207e-07,9.118316e-07,4.075530e-07,5.237777e-07,7.578305e-07,7.489491e-07,4.177732e-07,6.126164e-07,1.095799e-07,1.460619e-07,1.652654e-07,2.739699e-07,2.205387e-07,8.955874e-08,3.110862e-07,1.757991e-07
2.294922,2.053378e-06,1.795185e-06,3.451312e-07,1.684588e-06,5.631306e-07,7.300859e-07,7.366566e-08,7.381651e-07,1.280993e-07,7.163454e-07,7.330701e-07,6.623505e-07,3.998027e-07,4.734445e-07,6.398441e-07,1.617522e-07,5.796746e-07,3.225562e-07,7.180214e-08,1.522590e-07,1.639348e-07,2.937701e-07,6.116723e-08,1.783309e-07,6.800040e-09
2.343750,1.924785e-06,9.638957e-07,2.507542e-07,7.212894e-07,5.786874e-07,1.449391e-06,4.874368e-07,5.910086e-07,1.911059e-07,7.757320e-07,4.582453e-07,1.203553e-06,2.606110e-07,1.399931e-07,7.781401e-07,2.000210e-07,3.284271e-07,2.447101e-07,1.221535e-07,2.198828e-07,7.213048e-08,2.250968e-07,4.009516e-08,4.561812e-07,1.493247e-07
2.392578,1.626901e-06,1.680442e-07,1.847779e-07,1.725359e-07,5.018144e-07,2.023265e-06,6.421364e-07,3.760058e-07,3.923049e-07,7.353426e-07,2.006145e-07,1.537483e-06,3.753652e-07,4.821203e-07,1.006441e-06,5.307659e-07,7.830870e-08,3.817077e-07,1.468493e-07,4.027678e-07,1.511634e-07,1.353611e-07,1.046939e-07,4.347890e-07,1.952101e-07
2.441406,1.236072e-06,1.152838e-06,2.853747e-07,4.315947e-07,5.188164e-07,2.412544e-06,6.213105e-07,4.071831e-07,5.727686e-07,4.130056e-07,7.981777e-08,1.786945e-06,4.855911e-07,9.011406e-07,9.135195e-07,5.767721e-07,2.914451e-07,4.340496e-07,1.721347e-07,4.886420e-07,1.016657e-07,8.520467e-08,1.374677e-07,3.540580e-07,1.668001e-07
2.490234,1.127369e-06,1.912125e-06,3.613131e-07,9.171083e-07,7.304991e-07,2.471510e-06,7.832412e-07,9.144487e-07,7.464360e-07,1.873805e-07,2.124775e-07,1.835582e-06,3.909667e-07,9.673527e-07,5.709081e-07,4.739001e-07,1.907741e-07,2.800758e-07,2.613913e-07,4.957504e-07,8.529541e-08,2.162625e-07,1.120926e-07,3.094476e-07,2.473144e-07
2.539062,1.488287e-06,2.257590e-06,3.429639e-07,1.466711e-06,8.926978e-07,2.340797e-06,1.012111e-06,1.624699e-06,9.248185e-07,4.994162e-07,4.826448e-07,1.486161e-06,5.687695e-07,1.196808e-06,4.797150e-07,3.452581e-07,2.827198e-07,1.751283e-07,3.192723e-07,1.838779e-07,4.522686e-08,2.015852e-07,7.390049e-08,4.964762e-07,2.241176e-07
2.587891,1.858023e-06,2.186028e-06,3.493289e-07,1.883494e-06,8.613400e-07,2.249821e-06,1.035483e-06,2.198040e-06,1.055694e-06,4.681272e-07,6.918787e-07,9.461799e-07,4.354941e-07,1.132249e-06,5.346602e-07,2.931972e-07,1.782309e-07,1.442989e-07,2.767046e-07,1.091148e-07,9.207839e-08,1.080122e-07,7.013241e-08,2.583859e-07,2.934206e-07
2.636719,1.944493e-06,1.817220e-06,5.635472e-07,2.026931e-06,6.727583e-07,2.040545e-06,8.374684e-07,2.406415e-06,1.026971e-06,1.702609e-07,7.782364e-07,5.142172e-07,1.716295e-07,9.445211e-07,4.741035e-07,2.334625e-07,1.984123e-07,3.440711e-07,2.424073e-07,3.651307e-07,1.742575e-08,3.967427e-08,5.370447e-08,2.891121e-07,3.295664e-07
2.685547,1.773511e-06,1.333034e-06,8.917343e-07,1.888890e-06,4.905046e-07,1.623853e-06,8.363654e-07,2.247337e-06,7.581390e-07,1.512801e-07,6.431411e-07,6.238614e-07,1.560489e-07,9.014638e-07,3.749521e-07,3.607354e-07,2.556776e-07,6.559878e-07,1.813350e-07,2.608082e-07,1.108689e-07,1.102822e-07,6.817272e-08,5.142555e-07,1.357677e-07
2.734375,1.558744e-06,9.281268e-07,1.189249e-06,1.566075e-06,4.656135e-07,1.505369e-06,1.326197e-06,1.889640e-06,4.072155e-07,2.543923e-07,3.564119e-07,9.179879e-07,3.736704e-07,1.066924e-06,5.274176e-07,4.289252e-07,2.535775e-07,7.998008e-07,1.809873e-07,1.403825e-07,3.369800e-07,9.864313e-08,1.811853e-07,6.247803e-07,3.161928e-07
2.783203,1.421880e-06,7.702377e-07,1.351934e-06,1.196547e-06,5.591472e-07,1.849801e-06,1.840950e-06,1.522522e-06,5.973926e-07,2.120566e-07,3.292947e-07,1.019896e-06,6.872539e-07,1.245958e-06,4.429572e-07,3.617775e-07,1.815883e-07,9.952341e-07,1.493029e-07,3.595406e-07,3.681161e-07,5.925574e-08,1.731946e-07,5.200769e-07,2.018124e-07
2.832031,1.219200e-06,8.126403e-07,1.327230e-06,9.218801e-07,7.000070e-07,2.098891e-06,2.160156e-06,1.285280e-06,8.922508e-07,2.895508e-07,3.042561e-07,1.016201e-06,7.778753e-07,1.242979e-06,5.043101e-07,3.235664e-07,1.881102e-07,8.736626e-07,8.691597e-08,2.477296e-07,3.243175e-07,1.944786e-07,7.130238e-08,4.118426e-07,3.522179e-07
2.880859,8.160306e-07,8.767916e-07,1.132811e-06,8.355940e-07,8.204217e-07,2.085054e-06,2.391134e-06,1.379952e-06,9.013412e-07,7.240063e-07,1.014160e-07,9.897870e-07,5.848076e-07,1.043160e-06,5.776882e-07,5.787234e-07,1.848567e-07,5.844434e-07,1.146470e-07,1.499168e-07,1.115492e-07,2.816683e-07,3.882316e-08,8.106688e-07,4.269659e-07
2.929688,3.450414e-07,1.035065e-06,8.446151e-07,8.342334e-07,8.297315e-07,1.832595e-06,2.599882e-06,1.756763e-06,6.965081e-07,1.396293e-06,3.723830e-07,7.779766e-07,5.355302e-07,6.851401e-07,3.254554e-07,6.786529e-07,1.649492e-07,5.492319e-07,2.890346e-07,2.060693e-07,1.245923e-07,2.552888e-07,8.736524e-08,8.974530e-07,1.319096e-07
2.978516,5.390837e-07,1.487390e-06,5.364166e-07,7.248958e-07,6.921900e-07,1.364029e-06,2.573619e-06,1.927356e-06,5.512427e-07,2.073475e-06,5.562074e-07,4.969138e-07,3.800657e-07,5.091445e-07,3.661028e-07,5.285938e-07,1.786927e-07,4.117694e-07,4.450331e-07,2.748843e-07,8.991243e-08,1.089773e-07,8.735540e-08,4.456330e-07,3.135361e-07
3.027344,1.021209e-06,2.124111e-06,2.928627e-07,5.299977e-07,4.617915e-07,1.297218e-06,2.159644e-06,1.598929e-06,6.551405e-07,2.407246e-06,6.402065e-07,5.543771e-07,6.428649e-07,2.426715e-07,4.437995e-07,2.815623e-07,1.158443e-07,3.519517e-07,2.714189e-07,3.722780e-07,1.008842e-07,4.820138e-08,1.216194e-07,4.678605e-07,3.042022e-07
3.076172,1.441361e-06,2.668866e-06,5.487762e-07,7.834853e-07,2.606513e-07,2.061551e-06,1.544588e-06,1.006352e-06,8.373097e-07,2.181646e-06,6.285436e-07,8.376903e-07,8.712730e-07,2.978332e-07,5.721833e-07,1.076245e-07,1.213502e-07,4.904556e-07,3.787202e-08,2.584915e-07,7.399800e-08,6.647818e-08,1.608933e-07,3.507281e-07,2.528476e-07
3.125000,1.735237e-06,2.942596e-06,1.099142e-06,1.464768e-06,2.273938e-07,2.808555e-06,1.038854e-06,6.182561e-07,9.293460e-07,1.569061e-06,3.060550e-07,6.936736e-07,7.909839e-07,2.726826e-07,6.651128e-07,1.953523e-07,1.395685e-07,4.716614e-07,1.985016e-08,3.461370e-07,1.774421e-07,1.167879e-07,2.713379e-07,3.437939e-07,2.122187e-07
3.173828,1.768716e-06,2.988878e-06,1.620996e-06,2.177139e-06,2.886123e-07,3.213175e-06,6.488889e-07,3.378029e-07,8.610620e-07,1.031456e-06,2.929058e-07,2.735327e-07,6.822267e-07,2.444563e-07,7.969234e-07,2.254131e-07,2.940429e-07,3.428381e-07,1.041955e-07,2.923881e-07,1.633025e-07,2.264473e-07,2.156652e-07,4.262137e-07,1.304917e-07
3.222656,1.452429e-06,3.065863e-06,1.942530e-06,2.755988e-06,3.194952e-07,3.346530e-06,3.083561e-07,5.089957e-07,6.456101e-07,7.610791e-07,8.038088e-07,5.020992e-07,5.179839e-07,1.491261e-07,6.435639e-07,5.212274e-07,2.560280e-07,3.680891e-07,1.376160e-07,9.558805e-08,1.275074e-07,1.424960e-07,7.546183e-08,2.252917e-07,9.459373e-08
3.271484,9.838125e-07,3.356553e-06,1.999371e-06,3.151523e-06,2.839108e-07,3.217497e-06,2.619186e-07,7.637825e-07,3.293811e-07,6.475529e-07,9.130365e-07,2.883256e-07,4.551089e-07,5.561754e-07,6.367218e-07,5.602731e-07,2.394049e-07,2.290159e-07,1.098933e-07,2.147077e-07,2.729640e-07,2.236488e-07,1.312351e-07,1.800592e-07,2.285199e-07
3.320312,1.033774e-06,3.699058e-06,1.858331e-06,3.340911e-06,1.971531e-07,2.807292e-06,4.411149e-07,4.548490e-07,6.322418e-08,8.558695e-07,7.445823e-07,6.012026e-07,6.247216e-07,3.335725e-07,7.570939e-07,4.210832e-07,3.112796e-07,3.162692e-07,1.852132e-07,3.466971e-07,4.199704e-07,2.873802e-07,1.951295e-07,2.209871e-07,2.222867e-07
3.369141,1.462316e-06,3.825855e-06,1.650196e-06,3.262082e-06,2.131915e-07,2.363898e-06,9.429300e-07,2.651472e-07,3.697351e-07,1.415516e-06,7.410755e-07,1.103204e-06,6.628304e-07,6.101395e-07,7.471743e-07,2.226918e-07,2.527354e-07,2.713399e-07,1.094617e-07,3.906844e-07,2.302176e-07,2.278098e-07,1.806045e-07,1.507117e-07,3.364049e-07
3.417969,1.590961e-06,3.671161e-06,1.479861e-06,2.897165e-06,3.699718e-07,2.208185e-06,1.542062e-06,9.016230e-07,4.579454e-07,2.083879e-06,8.011090e-07,1.388980e-06,7.132015e-07,1.293125e-06,7.496185e-07,2.906688e-07,3.614257e-08,1.787816e-07,1.545826e-07,3.811631e-07,1.800717e-07,1.583188e-07,1.141802e-07,7.193026e-07,3.637380e-07
3.466797,1.284244e-06,3.409493e-06,1.498989e-06,2.531555e-06,5.184777e-07,2.268882e-06,1.944044e-06,1.232214e-06,5.524761e-07,2.500464e-06,7.255899e-07,1.211510e-06,8.719900e-07,1.357565e-06,5.674730e-07,4.392765e-07,2.716561e-07,1.425706e-07,1.036179e-07,3.551279e-07,1.776302e-07,4.428183e-08,1.528413e-07,9.409846e-07,1.281161e-07
3.515625,8.363981e-07,3.259387e-06,1.893380e-06,2.765679e-06,6.225671e-07,2.328318e-06,2.073170e-06,1.409388e-06,9.638356e-07,2.466600e-06,6.831957e-07,4.525961e-07,8.004602e-07,9.488694e-07,3.176278e-07,3.845429e-07,3.143349e-07,5.811203e-07,2.817999e-07,3.627700e-07,2.001894e-07,6.271857e-08,8.060355e-08,3.868746e-07,4.216472e-07
3.564453,8.181288e-07,3.214376e-06,2.518177e-06,3.508595e-06,6.948424e-07,2.289103e-06,2.034328e-06,1.453928e-06,1.346608e-06,1.957183e-06,6.944409e-07,4.682954e-07,4.602612e-07,5.715704e-07,8.145603e-07,4.292036e-07,2.496169e-07,7.659734e-07,2.650365e-07,3.625243e-07,1.954841e-07,1.819772e-07,1.232916e-07,7.761679e-07,3.996754e-07
3.613281,9.886173e-07,3.084511e-06,3.023734e-06,4.030601e-06,7.277021e-07,2.176630e-06,1.934486e-06,1.300079e-06,1.562187e-06,1.085714e-06,6.378812e-07,1.035521e-06,2.504601e-07,6.426036e-07,9.207543e-07,4.867534e-07,2.595559e-07,7.020442e-07,7.998709e-08,3.894782e-07,1.352643e-07,3.294809e-08,1.309770e-07,5.041910e-08,1.913235e-07
3.662109,8.812255e-07,2.760655e-06,3.165290e-06,3.904081e-06,6.822054e-07,2.152703e-06,1.662463e-06,1.105908e-06,1.595122e-06,7.005695e-07,4.759501e-07,1.132941e-06,4.387249e-07,6.742168e-07,7.834874e-07,3.979990e-07,2.493850e-07,5.163513e-07,6.742340e-08,2.326672e-07,1.474795e-07,1.091234e-07,5.305584e-08,1.274060e-07,3.040262e-07
3.710938,5.714859e-07,2.310088e-06,2.909042e-06,3.217481e-06,5.353891e-07,2.199698e-06,1.048895e-06,9.636341e-07,1.471092e-06,1.140539e-06,1.698917e-07,8.885473e-07,5.290894e-07,9.173178e-07,4.195483e-07,4.615958e-07,2.292810e-07,9.685513e-07,1.086500e-07,2.201435e-07,1.668101e-07,4.761987e-08,7.193329e-08,3.688090e-07,3.236874e-07
3.759766,5.504758e-07,1.907919e-06,2.415693e-06,2.589772e-06,3.180686e-07,2.094600e-06,7.605186e-07,8.036611e-07,1.458066e-06,1.262354e-06,5.444805e-07,2.864530e-07,3.162714e-07,7.992457e-07,4.425501e-07,1.965017e-07,2.040900e-07,8.124304e-07,2.205293e-07,5.168962e-07,4.469190e-08,1.176861e-07,1.748083e-07,3.910980e-07,3.898627e-07
3.808594,9.304972e-07,1.721444e-06,1.902738e-06,2.676281e-06,1.700126e-07,2.002672e-06,1.400832e-06,5.938917e-07,1.400419e-06,1.252628e-06,9.900102e-07,5.825249e-07,3.438579e-07,8.068870e-07,8.013826e-07,2.093912e-07,1.397599e-07,5.370308e-07,1.957126e-07,3.874619e-07,1.376600e-07,1.752195e-07,2.238005e-07,2.363283e-07,5.500867e-08
3.857422,1.505947e-06,1.790931e-06,1.453956e-06,3.095099e-06,3.083204e-07,2.432659e-06,1.564939e-06,3.776149e-07,8.701850e-07,1.163743e-06,1.222936e-06,1.227071e-06,2.565864e-07,8.877477e-07,1.326679e-06,7.336153e-07,1.821276e-07,2.891104e-07,4.285755e-08,5.323806e-07,1.380385e-07,1.866556e-07,1.810368e-07,3.017735e-07,8.583514e-08
3.906250,2.307918e-06,2.011776e-06,1.029012e-06,3.282301e-06,4.986660e-07,3.080085e-06,9.908140e-07,3.473257e-07,6.627972e-07,8.643211e-07,1.382382e-06,1.291206e-06,2.338783e-07,8.645384e-07,1.094753e-06,9.251272e-07,2.606550e-07,2.082061e-07,1.440344e-07,4.232011e-07,1.107654e-07,1.834873e-07,2.339162e-08,5.562397e-07,9.303997e-08
3.955078,3.174762e-06,2.252084e-06,7.569259e-07,3.275986e-06,6.478618e-07,3.259703e-06,5.690160e-07,5.916960e-07,1.352932e-06,6.917199e-07,1.341855e-06,9.137831e-07,6.057848e-07,8.846191e-07,1.017700e-06,6.428074e-07,3.468825e-07,7.326820e-08,2.151976e-07,1.883757e-07,2.575123e-08,8.820475e-08,2.085262e-07,3.164727e-07,2.069365e-07
4.003906,3.804873e-06,2.443623e-06,9.093890e-07,3.423055e-06,7.240727e-07,2.785021e-06,1.048415e-06,9.348806e-07,1.605062e-06,8.519133e-07,1.131162e-06,4.906412e-07,7.522392e-07,8.457382e-07,6.977967e-07,2.055590e-07,2.679307e-07,4.159210e-07,2.163340e-07,9.170766e-08,6.077425e-08,4.768409e-08,2.378066e-07,4.219276e-07,1.436088e-07
4.052734,3.951575e-06,2.600298e-06,1.194141e-06,3.842542e-06,6.995178e-07,2.084418e-06,1.302235e-06,1.111605e-06,1.438639e-06,1.283597e-06,1.199730e-06,5.045335e-07,6.522450e-07,7.005954e-07,2.371103e-07,5.125131e-07,1.773718e-07,5.642025e-07,2.264559e-07,1.138417e-07,2.487452e-07,5.298635e-08,1.159567e-07,1.423178e-07,2.622853e-07
4.101562,3.514458e-06,2.753378e-06,1.330218e-06,4.289208e-06,5.762789e-07,1.688812e-06,1.582029e-06,1.051805e-06,1.170075e-06,1.601509e-06,1.258603e-06,6.133341e-07,4.565268e-07,4.350659e-07,1.726321e-07,6.275380e-07,8.672408e-08,4.262523e-07,2.202895e-07,2.352294e-07,3.394611e-07,1.607992e-07,9.660927e-08,4.304252e-07,1.448185e-07
4.150391,2.587589e-06,2.878537e-06,1.298447e-06,4.524396e-06,4.055882e-07,1.424920e-06,1.966652e-06,9.442039e-07,7.984820e-07,1.423297e-06,1.096835e-06,4.049776e-07,3.161944e-07,3.773720e-07,2.461231e-07,3.561654e-07,1.752860e-07,6.029575e-07,1.358866e-07,2.604947e-07,3.325721e-07,2.138187e-07,1.211755e-07,7.963969e-07,2.235183e-07
4.199219,1.550606e-06,2.895962e-06,1.159629e-06,4.484874e-06,2.781589e-07,1.425893e-06,2.089437e-06,7.925945e-07,5.650394e-07,9.348544e-07,1.018087e-06,4.764083e-07,3.061408e-07,6.710895e-07,4.623151e-07,4.411970e-07,2.838653e-08,2.521137e-07,8.122791e-08,1.721676e-07,9.249285e-08,1.450309e-07,9.873695e-08,9.374530e-07,3.039330e-07
4.248047,1.510344e-06,2.753530e-06,9.432878e-07,4.224236e-06,2.672226e-07,2.152335e-06,1.869553e-06,5.133468e-07,8.011963e-07,6.518641e-07,9.032232e-07,7.478987e-07,3.417839e-07,1.027329e-06,4.047301e-07,5.012028e-07,9.584023e-08,2.212706e-07,1.586964e-07,2.653486e-07,1.321881e-07,1.566495e-07,9.960469e-08,5.008879e-07,3.929656e-08
4.296875,2.508022e-06,2.485849e-06,6.869879e-07,3.814966e-06,3.645550e-07,2.757499e-06,1.480058e-06,3.524129e-07,8.632777e-07,5.195234e-07,5.947649e-07,8.761927e-07,5.617690e-07,1.253205e-06,4.344153e-07,4.045859e-07,1.986554e-07,3.534734e-07,1.199855e-07,3.027568e-07,2.404490e-08,1.419299e-07,9.603515e-08,7.377252e-07,1.586499e-07
4.345703,3.450822e-06,2.195777e-06,5.557852e-07,3.349875e-06,5.373001e-07,2.614841e-06,1.169431e-06,6.266957e-07,6.525140e-07,3.834029e-07,3.827251e-07,9.147305e-07,6.461060e-07,1.384177e-06,8.878015e-07,2.000580e-07,1.321049e-07,1.264441e-07,1.441105e-07,2.704766e-07,1.662263e-07,7.265821e-08,1.099067e-07,1.185771e-06,2.547481e-07
4.394531,4.046396e-06,1.971738e-06,6.699203e-07,3.051492e-06,7.182476e-07,1.838141e-06,1.071532e-06,1.105343e-06,4.710691e-07,3.817884e-07,5.380704e-07,8.350004e-07,6.491453e-07,1.409058e-06,6.389450e-07,3.453046e-07,1.279767e-07,1.564746e-07,1.076241e-07,2.574998e-07,1.396232e-07,5.137797e-08,1.306059e-07,7.531785e-07,3.781742e-07
4.443359,4.312408e-06,1.816888e-06,8.506547e-07,3.192366e-06,8.293309e-07,1.407739e-06,9.466810e-07,1.426743e-06,5.099811e-07,3.736740e-07,7.414961e-07,5.102866e-07,9.024392e-07,1.166683e-06,7.270458e-07,4.231414e-07,2.953998e-08,1.445711e-08,1.653053e-08,3.839681e-07,3.896248e-07,1.506438e-07,2.935199e-08,4.498205e-07,3.696201e-07
4.492188,4.346136e-06,1.682184e-06,1.017364e-06,3.682914e-06,8.439504e-07,2.030890e-06,7.561668e-07,1.410216e-06,7.111861e-07,5.974230e-07,8.935100e-07,1.285580e-07,9.987996e-07,8.848538e-07,1.079600e-06,5.683829e-07,6.824122e-08,2.388447e-07,4.403676e-08,4.325611e-07,4.239329e-07,1.960215e-07,3.288141e-08,3.990443e-07,2.694879e-07
4.541016,4.185210e-06,1.547701e-06,1.182916e-06,4.144611e-06,8.005395e-07,2.616215e-06,8.970242e-07,1.197955e-06,1.009173e-06,1.093264e-06,9.550612e-07,3.586622e-07,8.308921e-07,7.571708e-07,7.111035e-07,5.121725e-07,1.916334e-07,1.855118e-07,7.303834e-08,9.370871e-08,2.089193e-07,1.533670e-07,3.076320e-08,1.130183e-07,1.266321e-07
4.589844,3.804687e-06,1.441140e-06,1.316118e-06,4.322545e-06,7.310348e-07,2.701687e-06,1.184577e-06,8.848963e-07,1.368959e-06,1.526753e-06,8.283168e-07,1.212504e-07,6.255647e-07,6.734969e-07,1.456348e-06,4.234518e-07,2.880216e-07,2.440996e-07,2.680639e-08,2.340311e-07,8.162330e-08,9.657254e-08,1.649298e-07,2.787080e-07,1.221730e-07
4.638672,3.247620e-06,1.406211e-06,1.398266e-06,4.191083e-06,5.887129e-07,2.359774e-06,1.298340e-06,3.634012e-07,1.577568e-06,1.686035e-06,5.597982e-07,6.466511e-07,5.949588e-07,7.000582e-07,1.569799e-06,2.463999e-07,2.679780e-07,2.613850e-07,1.547086e-07,7.538085e-08,1.233933e-07,1.190710e-07,1.954432e-07,7.631678e-07,1.243715e-07
4.687500,2.724341e-06,1.480654e-06,1.488827e-06,3.881128e-06,3.190666e-07,1.822364e-06,1.203468e-06,2.803986e-07,1.406079e-06,1.680206e-06,3.203295e-07,1.129474e-06,7.230991e-07,6.465375e-07,6.882526e-07,6.920945e-08,2.090922e-07,2.761640e-07,2.234908e-07,1.665428e-07,1.936318e-07,1.406425e-07,1.628648e-07,8.594263e-07,1.985250e-07
4.736328,2.498482e-06,1.688650e-06,1.600772e-06,3.544955e-06,1.770294e-07,1.324402e-06,9.548595e-07,7.735977e-07,9.976532e-07,1.669260e-06,1.598264e-07,1.070377e-06,7.864184e-07,4.514999e-07,3.902053e-07,1.589370e-07,4.692924e-08,3.424187e-07,1.271549e-07,8.764683e-08,2.208019e-07,1.123687e-07,3.179729e-08,1.424726e-07,3.919099e-08
4.785156,2.554774e-06,2.021518e-06,1.596848e-06,3.231108e-06,5.371541e-07,1.173443e-06,7.107558e-07,9.595795e-07,7.263055e-07,1.456373e-06,2.230487e-07,5.985486e-07,5.814842e-07,6.034790e-07,1.012600e-06,3.460853e-07,1.241964e-07,5.382202e-07,1.032032e-07,1.198083e-07,1.759026e-07,3.105198e-08,3.830389e-08,1.058630e-06,3.513588e-07
4.833984,2.631871e-06,2.429329e-06,1.329487e-06,2.904130e-06,8.131046e-07,1.591701e-06,5.505234e-07,8.687858e-07,5.927676e-07,9.603002e-07,2.921466e-07,5.851643e-07,3.424034e-07,7.566919e-07,1.108725e-06,4.187751e-07,1.064579e-07,5.520357e-07,1.513433e-07,1.736854e-07,1.976524e-07,4.923487e-08,7.280355e-08,9.221354e-07,2.562723e-07
4.882812,2.577971e-06,2.838388e-06,7.981219e-07,2.587843e-06,9.189160e-07,2.158207e-06,3.227539e-07,6.078809e-07,5.552373e-07,4.727644e-07,3.551857e-07,7.377344e-07,4.021597e-07,1.214648e-06,8.114864e-07,4.099656e-07,1.229212e-07,1.839687e-07,5.664781e-08,9.796842e-08,2.692002e-07,1.343529e-07,9.257333e-08,3.526726e-07,4.302997e-07
4.931641,2.413264e-06,3.169722e-06,3.017258e-07,2.398973e-06,9.375458e-07,2.346537e-06,2.708974e-07,4.859782e-07,5.625647e-07,1.657843e-07,5.742505e-07,8.019107e-07,1.124933e-06,1.422055e-06,5.800613e-07,3.145404e-07,3.644088e-07,3.151807e-07,5.819218e-08,2.613042e-07,1.710860e-07,1.336932e-07,1.568411e-07,3.550822e-07,3.325836e-07
4.980469,2.225361e-06,3.350236e-06,7.024832e-07,2.400862e-06,1.009465e-06,1.897019e-06,4.187454e-07,8.261552e-07,5.378551e-07,2.609275e-07,7.890305e-07,1.102878e-06,1.823905e-06,1.207310e-06,8.068465e-07,5.797407e-07,4.896413e-07,2.839875e-07,1.723642e-07,2.910419e-07,7.757365e-08,1.003696e-07,1.394600e-07,4.801688e-07,7.282015e-08
5.029297,2.094507e-06,3.326556e-06,1.179485e-06,2.567255e-06,1.129381e-06,1.009100e-06,3.331445e-07,1.130374e-06,7.368298e-07,6.413067e-07,9.861283e-07,1.459573e-06,1.685973e-06,1.037208e-06,1.036430e-06,7.905562e-07,3.347829e-07,4.615719e-07,1.320446e-07,1.476800e-07,2.627928e-07,1.916195e-07,1.510262e-07,6.745845e-07,7.093898e-08
5.078125,2.069238e-06,3.085812e-06,1.477523e-06,2.914284e-06,1.185370e-06,7.325816e-07,3.125374e-07,1.077952e-06,9.122768e-07,9.356123e-07,1.144416e-06,1.519389e-06,1.065420e-06,9.386159e-07,9.502864e-07,3.728231e-07,1.566816e-07,3.583439e-07,3.076597e-08,2.420080e-07,1.819690e-07,1.651107e-07,1.007394e-07,7.340399e-07,1.032596e-07
5.126953,2.145915e-06,2.671938e-06,1.572636e-06,3.452942e-06,1.134016e-06,1.220658e-06,5.547374e-07,6.683527e-07,8.180650e-07,1.188673e-06,1.094790e-06,1.363665e-06,1.204873e-06,8.181770e-07,9.247765e-07,4.487893e-07,2.200026e-07,3.581685e-07,1.213569e-07,1.417996e-07,1.743953e-08,5.572942e-08,5.084156e-08,5.059636e-07,1.217756e-07
5.175781,2.266847e-06,2.177630e-06,1.417138e-06,4.082439e-06,1.015922e-06,1.365922e-06,7.859392e-07,1.264063e-07,7.093415e-07,1.477572e-06,7.640892e-07,1.249327e-06,1.260327e-06,6.133134e-07,1.047094e-06,6.316448e-07,2.167085e-07,3.824789e-07,2.323122e-07,5.729188e-08,1.863738e-07,5.597179e-08,1.521247e-07,2.717807e-07,2.914363e-07
5.224609,2.363911e-06,1.703675e-06,1.005024e-06,4.635878e-06,8.816859e-07,1.211987e-06,1.062302e-06,6.293421e-07,9.495862e-07,1.703732e-06,2.675001e-07,1.342735e-06,1.019458e-06,4.840783e-07,1.606209e-06,2.445105e-07,1.393327e-07,1.291400e-07,1.289650e-07,1.614838e-07,1.093949e-07,5.979972e-08,9.776662e-08,6.351993e-07,3.232155e-07
5.273438,2.394844e-06,1.319271e-06,6.673206e-07,4.936943e-06,7.478819e-07,8.799326e-07,1.224450e-06,1.187965e-06,1.108336e-06,1.720281e-06,2.791659e-07,1.708903e-06,1.098125e-06,5.681722e-07,1.479664e-06,1.982339e-07,6.577837e-08,1.548453e-07,1.693971e-07,4.249352e-07,1.804680e-07,9.921351e-08,6.719796e-08,8.095649e-07,2.918883e-07
5.322266,2.343400e-06,1.092468e-06,1.103370e-06,4.851411e-06,6.182402e-07,4.014123e-07,1.067347e-06,1.298366e-06,9.299730e-07,1.512040e-06,7.154363e-07,1.494977e-06,1.485832e-06,6.436105e-07,7.988645e-07,1.987551e-07,5.027938e-08,5.013466e-07,1.743117e-07,4.117041e-07,1.655228e-07,1.007767e-07,3.382864e-08,1.344424e-07,3.635840e-07
5.371094,2.209417e-06,1.112909e-06,1.775953e-06,4.432735e-06,4.952770e-07,5.134840e-07,7.757190e-07,9.627099e-07,6.470372e-07,1.211642e-06,9.751282e-07,6.607226e-07,1.717294e-06,8.014126e-07,3.783945e-07,1.946241e-07,4.806670e-08,6.063537e-07,6.242573e-08,2.711784e-07,5.009200e-08,3.709738e-08,8.195031e-08,9.237295e-07,3.163420e-07
5.419922,2.008704e-06,1.305413e-06,2.341495e-06,4.075014e-06,3.688915e-07,7.620058e-07,8.958333e-07,1.021395e-06,3.931389e-07,1.003665e-06,9.814992e-07,1.717469e-07,1.495916e-06,9.318112e-07,3.467320e-07,5.024418e-07,1.282627e-07,5.055170e-07,1.425240e-07,1.918551e-07,9.511431e-08,1.558445e-07,1.128465e-07,8.379628e-07,2.472204e-07
5.468750,1.775827e-06,1.448279e-06,2.841949e-06,4.235973e-06,2.764444e-07,4.442006e-07,1.222792e-06,1.238182e-06,2.616207e-07,8.362448e-07,7.262758e-07,2.760130e-07,1.046845e-06,9.211365e-07,3.202784e-07,9.075671e-07,2.384735e-07,2.765589e-07,1.808104e-07,3.544046e-07,2.073441e-07,2.222663e-07,2.203803e-08,7.688605e-07,5.489783e-08
5.517578,1.555150e-06,1.398863e-06,3.346821e-06,4.730341e-06,3.537677e-07,4.244644e-07,1.405508e-06,9.304911e-07,7.865240e-07,6.275404e-07,3.436327e-07,6.817330e-07,8.695929e-07,1.056795e-06,9.917733e-07,8.244916e-07,2.417551e-07,6.322275e-08,9.153657e-08,2.881176e-07,2.206100e-07,1.000635e-07,3.837270e-08,5.891662e-07,8.651118e-08
5.566406,1.372557e-06,1.159774e-06,3.744068e-06,5.015629e-06,5.285806e-07,1.206516e-06,1.452566e-06,9.027458e-07,1.058841e-06,7.153760e-07,4.627318e-07,9.910306e-07,8.266996e-07,1.360151e-06,1.009410e-06,2.064871e-07,1.052322e-07,1.144281e-07,1.043525e-07,1.944078e-07,2.212078e-07,7.037326e-08,7.657522e-08,6.728860e-07,2.455925e-07
5.615234,1.202854e-06,8.543464e-07,3.827143e-06,4.909672e-06,6.540196e-07,1.668921e-06,1.421615e-06,1.378749e-06,8.714831e-07,1.007250e-06,6.071884e-07,1.177740e-06,5.069606e-07,1.261289e-06,7.175182e-07,2.560020e-07,1.789382e-07,3.051202e-07,6.064328e-08,2.546848e-07,7.217891e-08,9.109985e-08,1.217338e-07,5.637310e-07,1.884902e-07
5.664062,9.774429e-07,6.202917e-07,3.526856e-06,4.661459e-06,6.743917e-07,2.025490e-06,1.298770e-06,1.439022e-06,4.823510e-07,1.240610e-06,4.092525e-07,1.385353e-06,9.357220e-08,5.890849e-07,6.174355e-07,5.443562e-07,2.352546e-07,3.859482e-07,1.691496e-07,2.715326e-07,9.372980e-08,6.948969e-08,5.833281e-08,6.477547e-07,7.770574e-08
5.712891,6.379942e-07,4.333368e-07,3.070466e-06,4.551648e-06,6.004231e-07,2.542931e-06,1.058723e-06,1.090898e-06,2.218348e-07,1.174741e-06,1.756954e-07,1.204406e-06,3.753276e-07,9.109210e-07,3.787781e-07,9.145468e-07,2.342810e-07,5.822005e-07,2.054076e-07,3.757170e-07,2.022472e-07,7.600143e-08,2.683757e-08,4.275220e-07,2.102646e-07
5.761719,1.865788e-07,2.075824e-07,2.944054e-06,4.482667e-06,4.889066e-07,2.743640e-06,7.874596e-07,7.453414e-07,2.286170e-07,7.684070e-07,2.546050e-07,1.043719e-06,2.854369e-07,1.733494e-06,4.155256e-07,7.012836e-07,1.390008e-07,7.372930e-07,1.883864e-07,2.835862e-07,2.010490e-07,7.092469e-08,8.110062e-08,1.006598e-06,1.146986e-07
5.810547,3.553758e-07,4.642117e-07,3.353732e-06,4.189400e-06,4.126413e-07,2.156843e-06,7.444928e-07,9.633486e-07,4.892329e-07,9.957596e-07,6.343126e-07,1.074587e-06,1.871697e-07,2.449564e-06,3.524045e-07,2.588659e-07,1.175679e-07,8.163912e-07,2.092154e-07,1.086012e-07,2.090879e-07,1.658520e-07,1.397851e-07,6.938790e-07,1.181805e-07
5.859375,8.504439e-07,1.060563e-06,3.900642e-06,3.681795e-06,4.139516e-07,1.049780e-06,8.884170e-07,1.303702e-06,6.272883e-07,1.351140e-06,1.144486e-06,1.070956e-06,4.512236e-07,2.390679e-06,3.899021e-07,2.097113e-07,1.989467e-07,6.067683e-07,7.407882e-08,4.659087e-07,2.176780e-07,6.561506e-08,1.539627e-07,3.236203e-07,3.373920e-08
5.908203,1.235237e-06,1.712984e-06,4.159888e-06,3.303523e-06,4.703555e-07,1.123317e-06,8.703547e-07,1.254470e-06,5.409564e-07,9.273910e-07,1.487424e-06,1.319446e-06,7.633765e-07,1.846170e-06,9.619322e-07,5.983753e-07,2.085799e-07,1.511371e-07,2.328043e-07,4.311784e-07,6.677214e-08,1.365195e-07,1.025619e-08,7.557488e-07,1.739847e-07
5.957031,1.453136e-06,2.300182e-06,3.927972e-06,3.342383e-06,5.228423e-07,1.872812e-06,5.836511e-07,9.346101e-07,3.834068e-07,3.649640e-07,1.595823e-06,1.381095e-06,1.023999e-06,1.447769e-06,1.129175e-06,6.065728e-07,1.982393e-07,1.699071e-07,2.992591e-07,2.411545e-07,1.328772e-07,1.311901e-07,7.476891e-08,7.459431e-07,2.559883e-07
6.005859,1.503732e-06,2.696426e-06,3.209530e-06,3.726212e-06,5.209337e-07,2.015649e-06,2.746133e-07,7.326985e-07,4.907125e-07,1.386005e-06,1.548679e-06,8.062055e-07,9.458476e-07,1.208706e-06,1.049673e-06,2.840940e-07,8.434650e-08,3.518813e-07,1.783560e-07,6.946275e-08,9.389229e-08,7.146608e-08,3.230591e-08,5.086302e-07,3.417496e-07
6.054688,1.452129e-06,2.789746e-06,2.267723e-06,4.335254e-06,4.642966e-07,1.756745e-06,5.267255e-07,7.805245e-07,7.065164e-07,2.109668e-06,1.362121e-06,4.358606e-07,5.890492e-07,1.031470e-06,7.767456e-07,8.395813e-08,2.812247e-08,6.551574e-07,1.255847e-07,8.146911e-08,1.856043e-07,9.170261e-08,1.530626e-07,5.498769e-07,3.941664e-07
6.103516,1.405813e-06,2.554310e-06,1.832458e-06,5.096808e-06,4.302165e-07,1.714051e-06,7.877209e-07,9.455924e-07,6.760824e-07,2.249213e-06,1.256733e-06,7.704197e-07,4.972731e-07,1.120291e-06,4.940289e-07,3.527015e-07,7.868015e-08,4.768766e-07,1.554174e-07,3.315028e-07,1.663278e-07,4.422328e-08,2.470104e-07,1.051310e-06,1.443052e-07
6.152344,1.417569e-06,2.135420e-06,2.388858e-06,5.782154e-06,4.822145e-07,2.025477e-06,8.468584e-07,1.019257e-06,3.202066e-07,1.870888e-06,1.347053e-06,7.207062e-07,6.002566e-07,1.511170e-06,7.731985e-07,6.392258e-07,7.902315e-08,3.400800e-07,1.411527e-07,2.511897e-07,3.599347e-08,6.555495e-08,1.868595e-07,9.804104e-07,1.223153e-07
6.201172,1.410283e-06,1.854384e-06,3.093670e-06,6.103111e-06,5.467689e-07,2.252193e-06,7.682561e-07,1.024386e-06,4.036732e-07,1.406991e-06,1.192336e-06,3.566697e-07,5.979688e-07,1.674888e-06,1.011468e-06,5.795598e-07,7.340249e-08,3.939772e-07,5.864482e-08,9.895461e-08,4.850494e-08,1.279273e-07,3.395187e-09,3.520845e-07,2.209805e-07
6.250000,1.269162e-06,1.899995e-06,3.353708e-06,5.966547e-06,5.430126e-07,2.157273e-06,7.219367e-07,1.130822e-06,7.917765e-07,1.151890e-06,7.068047e-07,5.859144e-07,7.543248e-07,1.322891e-06,6.458156e-07,2.589933e-07,1.363653e-07,4.981384e-07,1.563188e-07,3.812776e-07,7.741891e-08,1.133667e-07,5.271182e-08,5.193084e-07,6.625335e-08
6.298828,9.809333e-07,2.039658e-06,3.022849e-06,5.561331e-06,4.638487e-07,1.765257e-06,8.623635e-07,1.244452e-06,8.004188e-07,6.866766e-07,2.493871e-07,1.260477e-06,8.780316e-07,8.854753e-07,6.989655e-07,1.749098e-07,1.889962e-07,3.403761e-07,1.466523e-07,4.389453e-07,5.879293e-08,1.620536e-07,7.554729e-08,6.414440e-07,7.561487e-08
6.347656,7.434883e-07,2.048330e-06,2.203767e-06,5.190312e-06,3.446799e-07,1.247680e-06,1.111035e-06,1.344702e-06,5.666377e-07,2.538309e-07,2.763040e-07,1.843769e-06,1.016747e-06,9.038076e-07,6.200178e-07,3.701259e-07,1.868292e-07,1.024842e-06,1.167575e-07,3.278610e-07,1.904609e-07,9.668548e-08,1.094579e-07,7.135423e-07,2.351871e-08
6.396484,8.759809e-07,1.959873e-06,1.201317e-06,4.976496e-06,2.249792e-07,9.744344e-07,1.267284e-06,1.545180e-06,6.185649e-07,9.900514e-07,3.971617e-07,2.230849e-06,8.179993e-07,6.198084e-07,4.633510e-07,4.772984e-07,1.940119e-07,1.276297e-06,1.756573e-07,1.254606e-07,2.390776e-07,2.653517e-08,1.122543e-07,1.259559e-06,7.694233e-08
6.445312,1.181784e-06,1.891732e-06,7.527332e-07,4.794553e-06,1.761021e-07,1.107130e-06,1.176797e-06,1.717243e-06,7.849908e-07,1.499090e-06,3.952231e-07,2.191558e-06,6.579741e-07,1.048017e-06,4.891930e-07,4.212722e-07,1.791111e-07,1.195868e-06,2.177291e-07,1.233095e-07,2.154939e-07,3.990525e-08,1.733980e-07,3.508578e-07,1.763832e-07
6.494141,1.355127e-06,1.811023e-06,1.226194e-06,4.495163e-06,2.622704e-07,1.108875e-06,8.105296e-07,1.735765e-06,7.087374e-07,1.724673e-06,4.533826e-07,1.746946e-06,7.199239e-07,1.563299e-06,3.082034e-07,5.554935e-07,1.513470e-07,8.065322e-07,1.720380e-07,2.902234e-07,5.359124e-08,3.297153e-08,1.433900e-07,2.798085e-07,2.902000e-07
6.542969,1.307036e-06,1.584092e-06,1.678734e-06,4.072361e-06,3.719376e-07,7.191501e-07,3.909007e-07,1.769820e-06,4.643997e-07,1.669382e-06,5.586606e-07,1.285950e-06,5.608063e-07,1.173814e-06,2.521884e-07,4.729786e-07,1.496599e-07,4.386003e-07,8.136841e-08,1.371118e-07,1.260499e-07,2.481844e-08,1.603497e-07,6.466022e-07,4.205825e-07
6.591797,1.101304e-06,1.183580e-06,2.109163e-06,3.663209e-06,4.230305e-07,3.005888e-07,6.116743e-07,1.883554e-06,5.701308e-07,1.244639e-06,5.761381e-07,1.000450e-06,6.050784e-07,1.038994e-06,5.711723e-07,1.008693e-07,9.295618e-08,3.719959e-07,1.861414e-07,2.676972e-07,1.320687e-07,2.780377e-08,1.532482e-07,1.363937e-07,3.512143e-07
6.640625,9.634169e-07,7.773325e-07,2.680478e-06,3.440006e-06,3.899992e-07,7.437277e-07,9.758172e-07,1.794986e-06,8.579121e-07,6.803200e-07,6.094815e-07,8.522066e-07,6.130923e-07,1.012431e-06,9.626734e-07,1.205250e-07,1.718860e-07,2.259610e-07,3.096460e-07,9.632080e-08,4.044514e-08,5.006650e-08,1.453744e-07,2.174176e-07,3.050799e-07
6.689453,1.144379e-06,7.274344e-07,3.204715e-06,3.449378e-06,2.993961e-07,1.131866e-06,1.066244e-06,1.397040e-06,8.335945e-07,6.736046e-07,7.229291e-07,1.021585e-06,5.270038e-07,4.499824e-07,1.048831e-06,5.530686e-07,2.397630e-07,4.994652e-07,2.348741e-07,1.542640e-07,9.988500e-08,1.026549e-07,1.488642e-07,5.787211e-07,2.424506e-07
6.738281,1.509201e-06,1.047978e-06,3.339443e-06,3.607859e-06,2.546382e-07,1.330102e-06,8.629856e-07,9.330784e-07,6.375361e-07,5.604702e-07,7.785047e-07,1.220304e-06,4.268620e-07,3.348294e-07,1.033130e-06,9.520144e-07,2.399398e-07,4.709052e-07,1.821194e-07,2.683805e-07,1.238828e-07,7.540886e-08,1.097025e-07,4.342459e-07,2.461018e-07
6.787109,1.787295e-06,1.431659e-06,2.917019e-06,3.863725e-06,3.264686e-07,1.541502e-06,6.263965e-07,6.827651e-07,7.100895e-07,9.110432e-07,6.875371e-07,8.327637e-07,1.806501e-07,9.461368e-07,1.025843e-06,7.093879e-07,2.106896e-07,2.819382e-07,2.595867e-07,1.726361e-07,6.920413e-08,5.372418e-08,1.408489e-07,4.092731e-07,1.649158e-07
6.835938,1.823284e-06,1.737750e-06,2.084042e-06,4.255868e-06,3.946791e-07,1.815677e-06,7.881827e-07,6.434108e-07,6.861964e-07,1.953873e-06,5.214397e-07,1.575031e-07,2.760701e-07,9.643402e-07,7.355581e-07,4.681177e-07,1.385991e-07,1.696939e-07,2.182009e-07,2.879430e-07,9.654084e-08,8.295345e-08,1.436235e-07,2.652224e-08,2.549359e-07
6.884766,1.569329e-06,1.878577e-06,1.362933e-06,4.860250e-06,3.689260e-07,1.920170e-06,1.047666e-06,6.908861e-07,3.792720e-07,2.428044e-06,4.545180e-07,9.482810e-07,5.269177e-07,5.660857e-07,1.049640e-06,4.677224e-07,1.119873e-07,3.682441e-07,1.483958e-07,3.643472e-07,6.643192e-08,7.876506e-08,9.771514e-08,3.885995e-07,2.778277e-07
6.933594,1.068826e-06,1.854663e-06,1.415287e-06,5.691792e-06,2.472362e-07,1.739520e-06,1.085312e-06,7.033317e-07,4.071180e-07,2.135107e-06,5.941613e-07,1.140588e-06,5.182882e-07,1.178299e-06,9.878035e-07,3.709042e-07,9.161663e-08,7.135250e-07,1.486557e-07,3.779782e-07,6.957239e-08,4.171184e-08,7.874521e-08,3.933280e-07,4.079258e-07
6.982422,4.459639e-07,1.834001e-06,1.796568e-06,6.598608e-06,1.568770e-07,1.515114e-06,9.109829e-07,6.015277e-07,5.737508e-07,1.633711e-06,9.969168e-07,1.134982e-06,3.422369e-07,1.002984e-06,5.726252e-07,4.739072e-07,8.054651e-08,6.167887e-07,1.344753e-07,4.850496e-07,3.932884e-08,7.575521e-08,4.177627e-08,7.382607e-07,1.098348e-07
7.031250,3.746579e-07,2.018456e-06,1.988535e-06,7.310375e-06,2.818664e-07,1.472506e-06,6.763754e-07,4.153603e-07,6.675242e-07,1.281974e-06,1.443852e-06,6.881560e-07,5.365640e-07,1.732662e-07,5.493733e-07,7.883848e-07,1.169299e-07,6.828574e-07,3.920072e-08,4.112345e-07,7.071467e-08,5.193243e-08,5.106678e-08,1.059168e-06,2.401472e-07
7.080078,9.392530e-07,2.332058e-06,2.011119e-06,7.626386e-06,4.181238e-07,1.374694e-06,5.460263e-07,2.581380e-07,1.046778e-06,1.087213e-06,1.574873e-06,1.694877e-07,6.982811e-07,6.253667e-07,7.368358e-07,8.070979e-07,1.149356e-07,3.729013e-07,9.000627e-08,3.617366e-07,1.540647e-07,5.499243e-08,1.180463e-07,5.578546e-07,7.113208e-08
7.128906,1.388727e-06,2.522563e-06,2.034426e-06,7.501102e-06,4.763478e-07,1.005969e-06,5.846133e-07,2.223586e-07,1.403032e-06,1.275032e-06,1.396055e-06,7.411009e-07,7.104888e-07,9.349484e-07,5.854959e-07,5.677454e-07,1.355349e-07,1.632859e-07,1.732690e-07,4.909681e-07,1.764457e-07,3.258982e-08,6.580385e-08,9.357116e-07,1.224160e-07
7.177734,1.651037e-06,2.438472e-06,2.160468e-06,6.924710e-06,4.574354e-07,4.093897e-07,7.347475e-07,2.226635e-07,1.356465e-06,1.484885e-06,1.257521e-06,8.462081e-07,7.933594e-07,7.099200e-07,7.137118e-07,2.768723e-07,1.954296e-07,2.437633e-07,1.527422e-07,5.776376e-07,2.219057e-07,4.776077e-08,2.122194e-08,5.994525e-07,1.232996e-07
7.226562,1.724009e-06,2.092102e-06,2.352883e-06,5.823165e-06,3.942994e-07,5.959222e-07,9.434023e-07,2.327187e-07,8.779274e-07,1.363913e-06,1.135265e-06,5.721163e-07,4.424969e-07,2.852510e-07,1.025557e-06,2.516981e-07,1.629758e-07,3.093592e-07,4.652907e-08,2.843921e-07,1.298222e-07,5.318181e-08,5.301134e-08,2.948177e-07,2.375874e-07
7.275391,1.663667e-06,1.614365e-06,2.481243e-06,4.233210e-06,3.246919e-07,1.508138e-06,1.144138e-06,2.731469e-07,4.001035e-07,1.238083e-06,7.969362e-07,4.323066e-07,8.474405e-07,1.401881e-07,9.493584e-07,1.931247e-07,1.087298e-07,5.061272e-07,1.263788e-07,2.817545e-07,1.099580e-07,6.440478e-08,7.876755e-08,4.355396e-07,2.869751e-07
7.324219,1.580234e-06,1.200942e-06,2.433313e-06,2.657501e-06,2.690034e-07,2.257633e-06,1.293487e-06,2.853105e-07,5.245335e-07,1.801494e-06,3.742028e-07,6.965379e-07,1.235483e-06,2.628045e-07,5.742812e-07,2.221615e-07,3.255529e-08,3.966435e-07,1.668284e-07,6.773346e-08,1.193116e-07,3.269690e-08,1.168554e-07,5.502838e-07,1.422551e-07
7.373047,1.576307e-06,1.071196e-06,2.272571e-06,2.171702e-06,2.206599e-07,2.582318e-06,1.424882e-06,2.875616e-07,4.973654e-07,2.340854e-06,2.829911e-07,5.492282e-07,9.241900e-07,3.536008e-07,8.513613e-07,5.038601e-07,5.639512e-08,3.883902e-07,1.521560e-07,2.207456e-07,5.500999e-08,7.460541e-08,1.161340e-07,1.889617e-07,4.850046e-08
7.421875,1.649757e-06,1.277802e-06,2.347156e-06,2.485619e-06,1.623448e-07,2.464499e-06,1.506001e-06,3.082939e-07,2.302829e-07,2.265929e-06,4.346266e-07,5.654766e-07,5.760960e-07,6.276813e-07,1.084560e-06,6.220140e-07,8.346636e-08,6.047448e-07,2.074591e-07,3.770572e-07,8.006604e-08,5.034368e-08,1.350967e-07,6.199599e-07,1.702172e-07
7.470703,1.710870e-06,1.641659e-06,2.926794e-06,2.324033e-06,1.248312e-07,2.102918e-06,1.378748e-06,2.795625e-07,2.289154e-07,2.147980e-06,5.382075e-07,6.849786e-07,4.640780e-07,6.165801e-07,9.198432e-07,7.290935e-07,1.769855e-07,6.413072e-07,6.662539e-08,3.165694e-07,1.198034e-07,6.375280e-08,1.265052e-07,1.098320e-06,1.158482e-07
7.519531,1.695402e-06,2.015637e-06,3.719496e-06,1.635877e-06,2.181741e-07,1.719435e-06,9.791868e-07,2.066036e-07,5.281891e-07,2.533766e-06,6.227450e-07,5.671009e-07,2.243741e-07,4.177682e-07,4.387891e-07,1.036166e-06,1.038056e-07,4.630581e-07,4.904290e-08,2.310489e-07,8.302116e-08,1.164213e-08,1.013746e-07,7.288356e-07,7.472810e-08
7.568359,1.634148e-06,2.333467e-06,4.258279e-06,1.286563e-06,3.800554e-07,1.464319e-06,5.237509e-07,1.428918e-07,1.078001e-06,2.617511e-06,6.282097e-07,4.105161e-07,2.811382e-07,8.653047e-07,2.104298e-07,1.188820e-06,8.310603e-08,3.979129e-07,9.376674e-08,1.436811e-07,2.531231e-09,3.089475e-08,1.144630e-07,1.611467e-07,7.886340e-08
7.617188,1.651171e-06,2.581035e-06,4.268700e-06,1.661159e-06,5.278570e-07,1.467190e-06,4.797068e-07,2.898835e-07,1.616439e-06,2.106474e-06,5.910536e-07,3.543868e-07,2.982502e-07,9.921747e-07,3.181224e-07,1.088562e-06,5.891592e-08,2.722416e-07,2.002740e-07,1.077687e-07,6.865217e-08,6.260150e-08,1.093675e-07,5.924735e-07,1.479330e-08
7.666016,1.843815e-06,2.765914e-06,3.861223e-06,1.931903e-06,6.180966e-07,1.573044e-06,5.875098e-07,5.616472e-07,1.809487e-06,1.634841e-06,6.846320e-07,3.401605e-07,4.751517e-07,9.912841e-07,5.192662e-07,2.485445e-07,1.280872e-07,1.704670e-07,1.269355e-07,8.861041e-08,2.863409e-08,6.492702e-08,6.901802e-08,1.153683e-06,1.138716e-07
7.714844,2.140794e-06,2.873501e-06,3.681048e-06,1.859780e-06,6.361761e-07,1.371755e-06,5.742938e-07,7.089579e-07,1.692934e-06,1.426106e-06,7.837221e-07,4.033383e-07,7.381092e-07,1.020089e-06,4.473727e-07,4.234254e-07,7.772656e-08,3.378367e-07,1.518086e-07,1.262535e-07,2.287988e-08,1.104134e-07,8.712844e-08,8.875729e-07,4.807442e-08
7.763672,2.379260e-06,2.847686e-06,4.295403e-06,1.467141e-06,5.889869e-07,6.856397e-07,6.685355e-07,6.698456e-07,1.658714e-06,9.295628e-07,7.840747e-07,5.348594e-07,9.635048e-07,9.498485e-07,3.877556e-07,4.094304e-07,2.039874e-08,6.437505e-07,2.118926e-07,2.096892e-07,1.257854e-07,8.849636e-08,8.763855e-08,1.939139e-07,1.165601e-07
7.812500,2.442619e-06,2.624454e-06,5.202804e-06,7.610638e-07,4.890208e-07,2.804068e-07,9.527722e-07,5.971531e-07,1.731268e-06,2.304198e-07,7.168748e-07,6.261206e-07,9.079527e-07,1.160168e-06,8.803307e-07,4.556733e-07,4.475793e-08,6.985838e-07,1.931350e-07,3.632253e-07,1.163807e-07,1.072945e-07,2.263013e-08,5.026094e-07,8.644447e-08
7.861328,2.305716e-06,2.186668e-06,5.685498e-06,8.266932e-07,3.610931e-07,1.124319e-06,1.224914e-06,7.417572e-07,1.590967e-06,5.019151e-07,5.486988e-07,6.295275e-07,8.067940e-07,1.536101e-06,1.290683e-06,5.808036e-07,6.886511e-08,3.865773e-07,1.759176e-07,4.523551e-07,5.155920e-08,7.776551e-08,7.184141e-08,2.983796e-07,1.494589e-07
7.910156,2.019390e-06,1.599847e-06,5.555725e-06,2.029899e-06,2.911485e-07,1.647897e-06,1.306451e-06,1.035584e-06,1.256502e-06,5.950635e-07,2.608903e-07,7.940213e-07,1.043447e-06,1.479574e-06,1.415588e-06,6.939886e-07,7.833829e-08,3.178487e-07,4.894840e-08,1.717215e-07,5.099533e-08,1.030233e-07,2.656838e-08,2.402716e-07,8.936989e-08
7.958984,1.664112e-06,1.072243e-06,5.095183e-06,3.058241e-06,3.534205e-07,2.020581e-06,1.152537e-06,1.229286e-06,1.001914e-06,7.675339e-07,3.178790e-07,1.204858e-06,1.018382e-06,9.552521e-07,1.171292e-06,4.693066e-07,1.215909e-07,3.709679e-07,8.468327e-08,7.032218e-08,1.267581e-07,8.599896e-08,3.775111e-08,1.975081e-07,1.789463e-07
8.007812,1.301499e-06,1.101893e-06,4.629717e-06,3.527078e-06,4.228760e-07,2.517000e-06,9.451373e-07,1.378770e-06,9.785558e-07,1.486478e-06,6.215375e-07,1.227071e-06,6.025672e-07,3.065156e-07,3.560694e-07,2.689159e-07,9.449963e-08,3.506515e-07,4.994536e-08,7.422548e-08,1.236528e-07,4.424597e-08,2.617368e-08,7.030737e-07,1.193717e-07
8.056641,9.567521e-07,1.720103e-06,4.088911e-06,3.296858e-06,3.924722e-07,3.140348e-06,9.210781e-07,1.595522e-06,1.038054e-06,2.213401e-06,7.207389e-07,9.267753e-07,2.801133e-07,7.136464e-07,6.200291e-07,1.850407e-07,5.049614e-08,4.612228e-07,1.163727e-07,1.428582e-07,3.756257e-08,6.386105e-08,3.493114e-08,2.487845e-07,1.463895e-07
8.105469,6.324353e-07,2.427004e-06,3.201199e-06,2.389428e-06,2.521752e-07,3.643769e-06,9.648188e-07,1.637903e-06,1.031905e-06,2.755102e-06,8.212657e-07,7.251395e-07,5.834045e-07,8.689204e-07,6.265544e-07,2.307173e-07,4.725055e-08,1.510119e-07,8.945448e-08,2.614494e-07,4.845392e-08,6.304005e-08,6.900278e-09,1.991203e-07,2.136991e-07
8.154297,3.236223e-07,2.938131e-06,2.012524e-06,1.052491e-06,6.130941e-08,3.689013e-06,1.004593e-06,1.509605e-06,1.005973e-06,3.002795e-06,9.156275e-07,3.250465e-07,5.666062e-07,5.930100e-07,7.400272e-07,5.229049e-07,5.377253e-08,1.691508e-07,1.251924e-07,2.181341e-07,9.252796e-08,8.855368e-08,3.363491e-08,4.074762e-07,1.562773e-07
8.203125,1.638041e-07,3.092565e-06,1.152417e-06,1.256683e-06,1.175469e-07,3.108004e-06,1.184877e-06,1.434121e-06,1.007345e-06,2.761204e-06,7.182409e-07,1.860371e-07,3.175543e-07,4.158347e-07,8.391740e-07,3.813150e-07,4.047080e-08,1.852970e-07,9.059565e-08,2.488530e-07,1.219564e-07,9.529813e-08,5.662016e-08,2.966869e-07,2.272908e-07
8.251953,4.808240e-07,2.870123e-06,1.383481e-06,2.719985e-06,2.028930e-07,2.124520e-06,1.369631e-06,1.076604e-06,9.579435e-07,2.200862e-06,3.621411e-07,5.920281e-07,2.178685e-07,3.943371e-07,7.831209e-07,2.469012e-08,5.121328e-08,2.454172e-07,3.872511e-08,3.612431e-07,5.480853e-08,8.303673e-08,2.558354e-08,3.211573e-07,1.810812e-07
8.300781,8.650008e-07,2.450419e-06,1.942611e-06,3.613326e-06,1.991454e-07,1.235243e-06,1.303832e-06,2.672679e-07,8.078598e-07,1.958218e-06,1.887737e-07,9.382521e-07,3.129613e-07,2.850906e-07,5.550137e-07,3.192485e-07,1.097836e-07,5.647434e-08,7.470088e-08,2.258984e-07,1.255590e-07,8.161350e-08,8.498474e-08,7.472862e-07,1.896873e-07
8.349609,1.184577e-06,2.168887e-06,2.625134e-06,3.618543e-06,1.419642e-07,8.027930e-07,9.549033e-07,8.056320e-07,6.425060e-07,1.913273e-06,1.384354e-07,1.135313e-06,3.722958e-07,3.602671e-07,5.337803e-07,4.630625e-07,1.597935e-07,4.521210e-07,5.791341e-08,1.252650e-07,1.211602e-07,4.702836e-08,8.949984e-08,8.726939e-07,1.991488e-07
8.398438,1.366228e-06,2.181435e-06,3.416467e-06,2.921243e-06,7.088179e-08,8.969972e-07,4.944586e-07,1.324382e-06,5.720933e-07,1.505926e-06,1.918945e-07,1.030136e-06,3.633203e-07,1.732156e-07,3.311201e-07,6.183699e-07,1.543830e-07,6.478956e-07,6.928192e-08,2.675352e-07,6.455083e-08,3.918697e-08,6.412164e-08,5.971889e-07,1.101989e-07
8.447266,1.405777e-06,2.233447e-06,3.894754e-06,2.135199e-06,2.946501e-08,1.315599e-06,2.310149e-07,1.356051e-06,5.064336e-07,9.176873e-07,4.557027e-07,8.478539e-07,3.576482e-07,3.591521e-07,1.174490e-07,6.958364e-07,1.149465e-07,5.225779e-07,1.737713e-07,2.426662e-07,7.323384e-08,1.655593e-08,7.640100e-08,8.422341e-07,5.912654e-08
8.496094,1.391436e-06,2.060237e-06,3.682938e-06,1.882088e-06,1.124852e-07,1.665809e-06,3.835621e-07,1.189757e-06,3.409317e-07,5.634871e-07,5.990202e-07,8.218331e-07,5.007655e-07,5.932924e-07,1.333041e-07,7.136312e-07,7.131592e-08,4.211877e-07,1.690158e-07,5.351412e-08,9.369440e-08,5.388839e-08,3.658542e-08,2.637689e-07,7.269541e-09
8.544922,1.445587e-06,1.639168e-06,2.855413e-06,1.998415e-06,1.922644e-07,1.777982e-06,4.978130e-07,9.029650e-07,2.726106e-08,4.461499e-07,3.895622e-07,6.741451e-07,7.976000e-07,5.983447e-07,1.549134e-07,3.729049e-07,3.467599e-08,3.447170e-07,1.719115e-07,2.208347e-07,8.915744e-08,1.075267e-07,1.027178e-07,5.215390e-07,9.349526e-08
8.593750,1.589651e-06,1.133142e-06,2.143782e-06,2.161797e-06,2.329968e-07,1.716460e-06,4.578666e-07,4.573298e-07,6.328617e-07,2.425544e-07,2.277677e-07,6.568391e-07,1.152240e-06,7.908235e-08,4.354999e-07,3.699652e-07,4.111206e-08,1.575049e-07,2.206436e-07,1.835662e-07,9.399045e-08,8.648039e-08,4.884639e-08,2.542654e-07,2.128029e-07
8.642578,1.737572e-06,7.766819e-07,2.412767e-06,2.371585e-06,2.373871e-07,1.609380e-06,3.452296e-07,2.245376e-07,1.311760e-06,5.536044e-07,5.254172e-07,9.438328e-07,1.277281e-06,6.678932e-07,1.003384e-06,7.998653e-07,7.019694e-08,3.701897e-07,1.654791e-07,2.974825e-07,4.688736e-08,4.279250e-08,5.520379e-08,2.982369e-07,9.280852e-08
8.691406,1.817897e-06,6.695684e-07,3.036456e-06,2.440655e-06,2.366870e-07,1.463176e-06,4.016510e-07,8.428714e-07,1.751906e-06,1.223488e-06,7.244479e-07,1.187313e-06,1.046098e-06,8.697645e-07,1.400720e-06,8.788169e-07,5.318926e-08,6.232347e-07,1.541951e-07,5.795094e-07,7.623546e-08,3.624824e-08,6.291329e-08,7.083781e-08,7.563988e-08
8.740234,1.821296e-06,6.270437e-07,3.386955e-06,2.077426e-06,2.376302e-07,1.134742e-06,5.371683e-07,1.287811e-06,1.822974e-06,1.488381e-06,7.281377e-07,1.213237e-06,7.177871e-07,7.536594e-07,1.306664e-06,9.432654e-07,7.886677e-08,7.017589e-07,1.245916e-07,4.141838e-07,5.585646e-08,4.542708e-08,1.662501e-08,2.392316e-07,1.608818e-07
8.789062,1.766720e-06,5.091582e-07,3.548893e-06,1.299685e-06,2.134341e-07,5.689021e-07,6.105374e-07,1.236296e-06,1.623774e-06,1.457824e-06,4.509834e-07,1.316290e-06,7.287581e-07,5.012420e-07,1.417954e-06,8.679958e-07,5.236330e-08,4.163650e-07,2.147350e-07,2.678971e-07,8.836294e-08,2.992282e-08,6.849627e-08,5.859088e-07,1.170601e-07
8.837891,1.660177e-06,3.270238e-07,3.704875e-06,1.116964e-06,1.600684e-07,4.105089e-08,7.360157e-07,8.388626e-07,1.321029e-06,1.512396e-06,4.295736e-07,1.487140e-06,5.430736e-07,3.930482e-07,1.397464e-06,6.537310e-07,3.784634e-08,6.915934e-07,1.608266e-07,3.922137e-07,1.143306e-07,5.288211e-08,6.016014e-08,5.568419e-07,5.625240e-08
8.886719,1.493523e-06,1.811324e-07,3.734792e-06,2.212580e-06,1.118311e-07,3.723408e-07,9.312424e-07,4.805051e-07,1.073452e-06,1.303662e-06,5.488243e-07,1.457082e-06,1.638279e-07,3.675720e-07,9.835280e-07,8.243591e-07,3.259303e-08,9.798309e-07,8.460399e-08,2.684940e-07,1.004007e-07,4.373758e-08,2.649254e-08,1.162499e-06,1.236060e-07
8.935547,1.275433e-06,2.312140e-07,3.432577e-06,3.345568e-06,8.850600e-08,4.069822e-07,1.045798e-06,2.398226e-07,9.647975e-07,7.059427e-07,3.762342e-07,9.663050e-07,4.245205e-07,3.995317e-07,7.358778e-07,7.754979e-07,1.379129e-08,6.886372e-07,2.761539e-08,1.902873e-07,7.625951e-08,3.502310e-08,4.481864e-08,2.344006e-07,7.216198e-08
8.984375,1.055614e-06,3.144307e-07,2.860455e-06,4.093011e-06,6.142946e-08,6.188618e-07,1.041547e-06,9.329636e-07,9.169024e-07,2.594371e-07,3.792870e-07,3.282986e-07,8.226146e-07,1.300476e-06,5.802324e-07,6.696039e-07,2.247099e-08,2.153533e-07,2.186594e-08,2.137834e-07,1.026082e-07,3.637798e-08,8.754175e-08,6.447640e-07,9.308150e-08
9.033203,9.156054e-07,2.921151e-07,2.386354e-06,4.344949e-06,5.816281e-08,8.658675e-07,9.687378e-07,1.516041e-06,8.319948e-07,3.664577e-07,5.225007e-07,4.070137e-07,1.056480e-06,1.811124e-06,3.052426e-07,6.312673e-07,3.726291e-08,8.079511e-07,4.830122e-08,3.229798e-07,1.000690e-07,5.219500e-08,4.681327e-08,3.648636e-07,1.655152e-07
9.082031,9.022307e-07,1.388161e-07,2.281109e-06,4.122064e-06,9.965383e-08,7.026741e-07,7.714440e-07,1.534828e-06,7.557620e-07,7.427948e-07,6.260406e-07,9.773794e-07,1.120163e-06,1.784371e-06,6.675216e-07,5.786564e-07,8.468915e-08,6.860426e-07,2.893156e-08,2.546444e-07,2.531480e-08,4.707416e-08,1.482451e-08,4.283085e-07,9.754696e-08
9.130859,9.624233e-07,1.525083e-07,2.289187e-06,3.531565e-06,1.159518e-07,3.853827e-07,3.702740e-07,1.148813e-06,7.353230e-07,1.047515e-06,6.405948e-07,1.865731e-06,1.133055e-06,1.226878e-06,8.448644e-07,4.721685e-07,1.130746e-07,6.115622e-07,1.076003e-07,2.268148e-07,3.722044e-08,7.255303e-08,1.896939e-08,1.201448e-06,1.384119e-07
9.179688,1.002192e-06,4.912294e-07,2.083546e-06,2.750455e-06,8.871710e-08,1.032777e-06,4.181279e-07,8.062514e-07,5.766283e-07,1.102017e-06,4.813301e-07,2.165723e-06,9.642930e-07,7.381997e-07,5.297608e-07,2.196743e-07,6.806606e-08,6.339846e-07,1.580455e-07,2.691947e-07,3.461684e-08,6.939987e-08,2.629028e-08,5.042758e-07,1.469347e-07
9.228516,9.557389e-07,8.405850e-07,1.638985e-06,2.016726e-06,4.989630e-08,1.663415e-06,1.055452e-06,7.293186e-07,2.640527e-07,1.198761e-06,2.892891e-07,1.697874e-06,6.073047e-07,4.640334e-07,5.054610e-08,1.792992e-07,2.259152e-08,6.099489e-07,1.892718e-07,2.633657e-07,1.969860e-08,5.660584e-08,3.102511e-08,1.830029e-07,1.481669e-07
9.277344,7.987777e-07,1.129562e-06,1.132540e-06,1.628371e-06,6.205906e-08,1.892157e-06,1.553528e-06,8.335717e-07,2.729960e-07,1.401635e-06,2.391986e-07,7.561957e-07,3.957333e-07,4.368032e-07,3.211451e-07,3.613093e-07,1.885286e-08,7.521885e-07,1.551170e-07,3.141336e-07,2.017878e-08,3.461037e-08,4.884190e-08,4.581547e-07,1.064856e-07
9.326172,5.693941e-07,1.300437e-06,7.903475e-07,1.795919e-06,7.515781e-08,1.802204e-06,1.760364e-06,8.182154e-07,4.408755e-07,1.397414e-06,3.481028e-07,7.479677e-07,5.342826e-07,4.455455e-07,2.128811e-07,2.982126e-07,5.173311e-08,8.332026e-07,1.058001e-07,2.272745e-07,3.300049e-08,6.181116e-08,7.291464e-08,6.475169e-07,1.319433e-07
9.375000,4.617154e-07,1.325454e-06,7.665439e-07,2.316459e-06,5.596809e-08,1.723622e-06,1.676858e-06,6.358705e-07,6.430031e-07,1.079499e-06,5.733926e-07,1.531936e-06,6.472643e-07,3.649278e-07,2.218902e-07,7.941115e-08,7.272003e-08,5.640406e-07,5.181165e-08,3.189977e-07,3.889214e-08,5.340097e-08,3.841409e-08,2.092830e-07,3.495728e-08
9.423828,6.811298e-07,1.220307e-06,9.842152e-07,2.801884e-06,1.864125e-08,1.885723e-06,1.433953e-06,6.405905e-07,7.663011e-07,5.658185e-07,7.723555e-07,1.357182e-06,8.066144e-07,4.891454e-07,3.597594e-07,2.210874e-07,9.080832e-08,2.694173e-07,3.632439e-08,4.331501e-07,5.471625e-08,2.487000e-08,4.948463e-08,8.231102e-07,3.556478e-08
9.472656,9.965540e-07,1.031405e-06,1.299594e-06,2.917327e-06,1.601482e-08,2.022454e-06,1.159481e-06,8.595595e-07,7.913840e-07,1.155047e-07,7.360126e-07,8.252303e-07,1.067464e-06,4.343272e-07,4.700229e-07,2.186518e-07,1.014747e-07,2.392654e-08,1.420729e-08,2.974090e-07,1.965386e-08,4.367485e-08,4.843214e-08,1.056319e-06,1.174695e-07
9.521484,1.223573e-06,7.953805e-07,1.694559e-06,2.470640e-06,3.308448e-08,1.712592e-06,8.120052e-07,1.106199e-06,9.722295e-07,5.005195e-07,4.320420e-07,8.452437e-07,1.146405e-06,2.682902e-07,5.392525e-07,1.774501e-07,7.746253e-08,4.218716e-07,7.466331e-08,3.869571e-08,5.726198e-08,2.357218e-08,6.724693e-08,1.080873e-06,7.342611e-08
9.570312,1.292838e-06,5.178059e-07,2.251653e-06,1.516180e-06,5.728805e-08,8.549056e-07,3.451452e-07,1.221322e-06,1.071082e-06,7.780510e-07,1.513129e-07,1.387918e-06,1.196262e-06,9.549045e-08,5.264273e-07,3.163485e-07,4.462940e-08,4.791542e-07,7.736710e-08,2.474483e-07,1.512620e-08,2.807507e-08,4.591939e-08,7.139436e-07,2.683174e-08
9.619141,1.200943e-06,2.652481e-07,2.991431e-06,4.898446e-07,1.045794e-07,3.904444e-07,3.604413e-07,1.133964e-06,8.970500e-07,8.218851e-07,3.384329e-07,1.754719e-06,1.246954e-06,1.323832e-07,5.489092e-07,3.082407e-07,2.410146e-08,1.327652e-07,1.909754e-08,8.774458e-08,2.161981e-08,4.094521e-08,6.823008e-08,1.001764e-06,5.001022e-08
9.667969,9.982011e-07,4.190664e-07,3.751358e-06,9.593509e-07,1.605596e-07,1.210683e-06,7.072648e-07,1.093910e-06,7.150205e-07,7.500651e-07,4.885265e-07,1.672581e-06,1.078324e-06,4.035063e-07,6.336022e-07,1.703584e-07,4.499317e-08,4.306496e-07,1.741738e-08,1.987523e-07,4.264614e-08,5.073493e-08,4.743063e-08,1.433956e-06,4.133617e-08
9.716797,7.674800e-07,7.593943e-07,4.263529e-06,1.544749e-06,2.073089e-07,1.466610e-06,8.042738e-07,1.129349e-06,5.680574e-07,5.712492e-07,5.891917e-07,1.407995e-06,8.257135e-07,7.595595e-07,7.717589e-07,2.253738e-07,6.447591e-08,1.558106e-07,5.477251e-08,2.414667e-07,6.997446e-08,5.582789e-08,6.048914e-08,7.338473e-07,1.787342e-08
9.765625,5.777300e-07,1.017577e-06,4.305100e-06,1.615057e-06,2.306142e-07,1.131682e-06,7.542962e-07,9.450461e-07,2.186559e-07,2.497685e-07,6.998063e-07,9.597547e-07,7.386062e-07,8.871317e-07,8.569403e-07,5.999585e-08,3.806973e-08,4.381184e-07,5.767345e-08,2.046059e-07,5.441736e-08,4.932937e-08,3.358886e-08,6.218300e-07,6.840299e-08
9.814453,4.286875e-07,1.131990e-06,3.818699e-06,1.258991e-06,2.227557e-07,5.184403e-07,7.171311e-07,5.771393e-07,3.958712e-07,6.652961e-07,8.273082e-07,6.133014e-07,5.606846e-07,6.389241e-07,6.941739e-07,1.852114e-07,3.924194e-08,1.382104e-07,1.008978e-07,5.512389e-08,1.945626e-08,6.551220e-09,1.561549e-08,1.033558e-06,8.493536e-08
9.863281,2.842628e-07,1.123806e-06,2.979611e-06,6.704479e-07,1.868529e-07,3.741209e-07,6.295604e-07,3.178285e-07,8.400856e-07,1.142845e-06,9.616891e-07,3.428354e-07,6.176546e-07,7.268852e-07,6.066252e-07,1.616132e-07,6.967456e-08,1.592674e-07,1.727940e-07,2.082354e-07,4.482484e-08,1.673723e-08,3.899975e-09,8.503038e-07,9.849090e-08
9.912109,2.347784e-07,1.068552e-06,2.206748e-06,2.209878e-07,1.411869e-07,8.631696e-07,5.110351e-07,2.768519e-07,1.093771e-06,1.320641e-06,1.083266e-06,3.036525e-07,7.425384e-07,8.327224e-07,7.568331e-07,3.016670e-07,6.781024e-08,4.043143e-07,1.562587e-07,2.888554e-07,2.723614e-08,2.324377e-08,4.868948e-08,6.184871e-07,1.243041e-07
9.960938,3.865694e-07,1.037008e-06,1.952873e-06,9.260638e-07,1.210921e-07,1.117806e-06,6.192431e-07,2.446211e-07,1.165308e-06,1.365873e-06,1.126160e-06,9.186104e-07,6.218429e-07,5.124290e-07,9.125371e-07,3.384053e-07,4.396569e-08,4.750009e-07,1.417404e-07,1.145117e-07,5.034874e-08,1.079882e-08,2.348750e-08,6.448962e-07,7.485176e-08
10.009766,5.473904e-07,1.029481e-06,2.069080e-06,1.776167e-06,1.420593e-07,9.551411e-07,8.266270e-07,6.014192e-08,1.072056e-06,1.545765e-06,1.008029e-06,1.400687e-06,3.852467e-07,1.623148e-07,9.218405e-07,2.089832e-07,4.110549e-09,4.601926e-07,1.786020e-07,1.115326e-07,6.415788e-08,1.886475e-08,5.408347e-09,9.233170e-07,6.862048e-08
10.058594,6.082057e-07,9.835224e-07,2.133654e-06,2.554418e-06,1.689221e-07,5.106978e-07,8.991805e-07,3.181728e-07,8.493152e-07,1.804399e-06,7.021606e-07,1.763328e-06,2.532578e-07,6.344396e-07,8.703505e-07,2.444148e-07,3.754901e-08,4.047505e-07,1.555002e-07,2.097556e-07,6.559245e-08,4.752464e-08,1.497295e-08,1.893175e-07,2.060623e-09
10.107422,5.580193e-07,8.379390e-07,2.180283e-06,3.069549e-06,1.731670e-07,5.649584e-07,7.946922e-07,6.623826e-07,6.796919e-07,1.800165e-06,3.479622e-07,1.649835e-06,4.801564e-07,9.780853e-07,6.882054e-07,3.331472e-07,4.356916e-08,2.717087e-07,5.061073e-08,9.985502e-08,1.592710e-08,3.662924e-08,1.060655e-08,4.076340e-08,4.450927e-08
10.156250,4.716772e-07,5.737655e-07,2.504626e-06,3.145082e-06,1.474571e-07,1.009798e-06,5.405497e-07,8.878373e-07,6.380735e-07,1.453827e-06,4.277378e-07,1.301932e-06,7.061414e-07,1.060391e-06,9.325390e-07,5.185966e-07,2.145270e-08,2.825042e-07,4.798112e-08,2.619910e-07,6.689718e-08,2.969543e-08,3.144895e-08,5.447795e-07,1.072974e-07
10.205078,4.726538e-07,2.244373e-07,3.096029e-06,2.725652e-06,9.907433e-08,1.370282e-06,2.028853e-07,1.058448e-06,5.326531e-07,1.240315e-06,6.360925e-07,9.866175e-07,7.383194e-07,1.093230e-06,1.183346e-06,5.169325e-07,2.847526e-08,2.935891e-07,1.109287e-07,3.887664e-07,8.737632e-08,2.526725e-08,4.274596e-08,4.245884e-07,2.750029e-08
10.253906,5.652474e-07,1.449103e-07,3.644963e-06,1.981945e-06,4.575382e-08,1.687392e-06,2.504837e-07,1.153960e-06,4.677477e-07,1.334973e-06,6.701721e-07,8.423414e-07,5.895259e-07,1.097505e-06,7.379555e-07,9.971393e-07,3.291031e-08,2.193416e-07,1.314198e-07,2.977993e-07,6.682272e-08,5.987545e-09,2.572552e-08,8.240091e-07,8.339918e-08
10.302734,6.559874e-07,4.302329e-07,3.906696e-06,1.304994e-06,3.706834e-08,1.889258e-06,5.194864e-07,1.027214e-06,5.261348e-07,1.185442e-06,6.407306e-07,1.045717e-06,3.229196e-07,9.772383e-07,4.823962e-07,1.028045e-06,3.946343e-08,3.087070e-07,7.604649e-08,1.185747e-07,8.700697e-08,6.427779e-09,2.367828e-08,4.411475e-07,4.647003e-08
10.351562,7.161689e-07,5.781223e-07,3.801600e-06,9.115664e-07,7.036366e-08,1.836397e-06,6.796662e-07,6.573045e-07,5.579933e-07,6.952795e-07,6.536093e-07,1.032693e-06,9.842978e-08,9.547699e-07,5.311808e-07,5.432008e-07,3.451499e-08,4.155354e-07,6.242828e-08,1.256714e-07,3.853554e-08,2.233247e-08,3.539563e-08,3.294838e-07,8.305543e-08
10.400391,7.683312e-07,5.911247e-07,3.381606e-06,4.288178e-07,8.679829e-08,1.528528e-06,7.800123e-07,1.896025e-07,6.841538e-07,4.399020e-07,6.856466e-07,6.931220e-07,4.534150e-07,9.035253e-07,4.960031e-07,1.161195e-07,2.488374e-08,3.037907e-07,3.096707e-08,1.535529e-07,5.594405e-08,2.510479e-08,5.045002e-08,3.310123e-07,7.628859e-08
10.449219,8.162567e-07,5.914047e-07,2.770002e-06,9.325703e-07,7.156734e-08,1.128889e-06,8.225954e-07,2.144958e-07,7.743538e-07,4.648623e-07,6.857087e-07,2.295508e-07,4.773195e-07,7.527241e-07,6.286588e-07,3.592775e-07,3.323163e-08,3.433603e-07,5.652009e-08,9.023492e-08,8.849061e-08,2.940425e-08,1.935939e-08,2.751636e-07,5.612282e-08
10.498047,8.251068e-07,7.480625e-07,2.099642e-06,2.472869e-06,2.242803e-08,8.613563e-07,7.181010e-07,4.213282e-07,6.544823e-07,2.741890e-07,5.635656e-07,2.392440e-07,2.964437e-07,1.186120e-06,8.436896e-07,2.423301e-07,2.440823e-08,4.326755e-07,5.124755e-08,1.854728e-07,7.118290e-08,2.287779e-08,2.999558e-08,6.082520e-07,2.345942e-08
10.546875,7.638997e-07,1.014371e-06,1.471729e-06,4.126368e-06,5.990082e-08,8.108099e-07,4.648511e-07,4.588741e-07,5.154619e-07,4.890282e-07,3.257751e-07,6.252147e-07,6.193136e-07,1.262552e-06,9.017280e-07,8.932575e-08,4.145416e-08,6.849487e-07,9.904026e-08,2.064220e-07,5.687935e-08,1.704768e-08,2.557638e-08,6.515637e-07,2.908365e-08
10.595703,6.437245e-07,1.236047e-06,9.680070e-07,5.487875e-06,1.428873e-07,8.282211e-07,2.929145e-07,4.311417e-07,5.346798e-07,5.735923e-07,1.708719e-07,9.134978e-07,4.967557e-07,7.190810e-07,5.752832e-07,5.241024e-08,4.824871e-08,7.692089e-07,9.007460e-08,1.276768e-07,4.310267e-08,1.691487e-08,1.234306e-08,3.213429e-07,9.916807e-08
10.644531,5.237162e-07,1.327116e-06,7.368647e-07,6.272624e-06,2.056670e-07,7.796777e-07,3.838584e-07,4.471768e-07,5.092838e-07,6.424204e-07,3.120500e-07,1.003763e-06,4.677022e-07,2.322128e-07,5.051814e-07,1.813728e-07,4.615913e-08,7.288913e-07,3.963206e-08,4.417935e-08,1.129468e-08,5.704794e-09,1.839183e-08,8.544654e-07,7.155135e-08
10.693359,4.762259e-07,1.292346e-06,9.087173e-07,6.317589e-06,2.269740e-07,7.424061e-07,5.040286e-07,5.640943e-07,4.159931e-07,9.482457e-07,4.215533e-07,7.272537e-07,6.537826e-07,6.444672e-07,6.927962e-07,2.296774e-07,2.276610e-08,7.338470e-07,1.695984e-08,1.574440e-07,3.731480e-08,1.036810e-08,1.699739e-08,5.436224e-07,1.251544e-07
10.742188,5.020450e-07,1.202316e-06,1.310816e-06,5.598236e-06,1.983616e-07,9.903021e-07,6.993508e-07,6.935883e-07,3.717417e-07,1.116666e-06,3.507060e-07,5.760250e-07,5.563691e-07,7.318950e-07,4.627824e-07,1.030244e-07,6.119707e-08,4.927377e-07,8.431808e-08,2.149723e-07,4.080252e-08,1.428406e-08,2.988704e-08,4.678071e-07,3.655859e-08
10.791016,5.376502e-07,1.114004e-06,1.770949e-06,4.290525e-06,1.265496e-07,1.417035e-06,9.131533e-07,6.755573e-07,3.743043e-07,1.320449e-06,4.302417e-07,7.711963e-07,4.332675e-07,6.160702e-07,3.193341e-07,4.394668e-07,8.162686e-08,1.808274e-07,1.037586e-07,1.551307e-07,3.627874e-08,2.977182e-08,4.214131e-08,6.220525e-07,1.136188e-08
10.839844,5.460191e-07,9.965132e-07,2.137027e-06,2.805530e-06,3.518787e-08,1.703694e-06,9.709595e-07,4.471389e-07,2.806052e-07,1.447058e-06,6.672516e-07,7.296160e-07,2.965283e-07,4.771717e-07,6.036679e-07,3.244730e-07,7.784727e-08,1.277790e-07,1.144643e-07,2.075630e-07,3.782676e-08,2.217093e-08,1.435745e-08,4.829375e-07,5.395839e-08
10.888672,5.298618e-07,7.778755e-07,2.219210e-06,1.708931e-06,6.842710e-08,1.699147e-06,8.332072e-07,1.456462e-07,1.277675e-07,1.226116e-06,7.136023e-07,5.321630e-07,3.647092e-07,3.380284e-07,8.496717e-07,2.502340e-07,7.096510e-08,4.354961e-07,9.317460e-08,3.830274e-07,5.845440e-08,1.622952e-08,3.123313e-08,7.416840e-07,7.355408e-08
10.937500,5.106285e-07,4.445427e-07,1.866786e-06,1.304179e-06,1.317238e-07,1.426736e-06,6.072353e-07,4.205456e-07,4.592895e-07,8.501850e-07,6.651540e-07,3.264636e-07,2.128829e-07,2.021078e-07,7.297089e-07,1.889018e-07,6.739784e-08,4.487758e-07,7.715990e-08,4.180259e-07,7.842931e-08,2.240511e-08,2.719533e-08,8.239494e-07,6.803814e-08
10.986328,5.088960e-07,2.034515e-07,1.070799e-06,1.113617e-06,1.555391e-07,9.898886e-07,4.173758e-07,6.924909e-07,6.919060e-07,4.321810e-07,6.151688e-07,2.229688e-07,4.067436e-07,1.348205e-07,5.323875e-07,3.167019e-07,4.386113e-08,1.227660e-07,8.246780e-08,3.293214e-07,5.649631e-08,3.602737e-08,6.535789e-08,8.748059e-07,3.636536e-08
11.035156,5.280370e-07,5.541709e-07,2.189022e-07,8.544611e-07,1.476149e-07,4.977074e-07,2.995643e-07,7.380213e-07,6.921479e-07,1.036273e-07,4.986533e-07,3.550478e-07,6.320784e-07,5.639189e-07,4.646102e-07,1.749828e-07,2.164449e-08,3.851508e-07,7.104351e-08,8.688694e-08,2.200423e-08,3.077803e-08,7.385097e-08,7.759019e-07,3.737679e-08
11.083984,5.523427e-07,9.979963e-07,1.188278e-06,7.732671e-07,1.357280e-07,4.109974e-07,2.300543e-07,6.310016e-07,6.426493e-07,4.394327e-07,3.813683e-07,4.171219e-07,6.161998e-07,6.453402e-07,5.286852e-07,4.028593e-07,2.509921e-08,2.011836e-07,1.092551e-07,2.731706e-08,1.598381e-08,2.005153e-08,1.675126e-08,2.120636e-07,2.681991e-08
11.132812,5.618850e-07,1.414742e-06,2.067015e-06,8.470142e-07,1.430643e-07,1.011852e-06,2.438549e-07,5.322747e-07,5.396882e-07,5.253542e-07,3.409104e-07,3.924043e-07,4.416833e-07,4.036131e-07,5.617684e-07,3.483046e-07,3.432639e-08,2.114451e-07,7.065010e-08,8.021901e-08,3.030057e-08,3.840020e-09,1.356343e-08,2.291190e-07,9.474814e-09
11.181641,5.462855e-07,1.740444e-06,2.590748e-06,8.787718e-07,1.627822e-07,1.671850e-06,3.824654e-07,4.180504e-07,1.737341e-07,9.164252e-07,3.717919e-07,3.594749e-07,2.768250e-07,4.692427e-07,6.877284e-07,1.596970e-07,3.073133e-08,2.591026e-07,5.548159e-08,9.945330e-08,1.765945e-08,1.381322e-08,2.038087e-08,5.170994e-08,6.946339e-08
11.230469,5.081664e-07,1.881248e-06,2.771909e-06,1.158270e-06,1.789458e-07,2.160325e-06,5.240678e-07,3.814444e-07,3.856086e-07,1.342022e-06,3.129721e-07,3.709766e-07,3.264634e-07,3.785023e-07,7.418097e-07,6.863734e-08,5.572853e-09,2.108321e-07,3.910043e-08,1.064109e-07,1.588123e-08,2.350986e-08,1.712469e-08,4.285277e-07,3.796414e-08
11.279297,4.586784e-07,1.759360e-06,2.671112e-06,1.891949e-06,1.801416e-07,2.315558e-06,6.125085e-07,5.948797e-07,8.325613e-07,1.333244e-06,1.298890e-07,3.908885e-07,5.278281e-07,2.959341e-07,4.984507e-07,1.378685e-07,1.162386e-08,2.322352e-07,7.901416e-08,1.761700e-07,2.874835e-08,2.352176e-08,2.503533e-08,5.957704e-07,3.363968e-08
11.328125,4.088581e-07,1.373551e-06,2.303206e-06,2.739181e-06,1.559428e-07,2.109131e-06,7.155908e-07,7.470967e-07,1.011391e-06,9.682351e-07,1.003867e-07,5.826611e-07,6.850880e-07,2.540189e-07,6.728274e-07,3.360018e-07,1.782162e-09,3.588201e-07,9.199622e-08,2.200818e-07,5.702636e-08,2.077213e-08,5.392376e-08,9.732978e-07,5.522354e-08
11.376953,3.611002e-07,8.306411e-07,1.712180e-06,3.302272e-06,1.029695e-07,1.689714e-06,8.518945e-07,7.705111e-07,1.002267e-06,4.857658e-07,3.011119e-07,5.827284e-07,1.038646e-06,5.273868e-07,7.451749e-07,4.841948e-07,1.550469e-08,4.193373e-07,9.800921e-08,1.259222e-07,6.891159e-08,2.550738e-08,4.644222e-08,8.378434e-07,5.511872e-08
11.425781,3.070380e-07,4.112123e-07,1.214239e-06,3.348357e-06,3.849565e-08,1.321722e-06,9.457952e-07,8.266030e-07,9.197665e-07,1.096378e-07,3.629629e-07,2.895595e-07,1.262439e-06,5.749080e-07,9.681248e-07,4.702280e-07,2.710867e-08,2.914071e-07,7.519729e-08,1.123012e-07,2.372212e-08,1.344215e-08,2.350369e-08,3.645705e-07,7.252309e-08
11.474609,2.348028e-07,5.595919e-07,1.356817e-06,2.973074e-06,5.543028e-08,1.164330e-06,9.524375e-07,9.205425e-07,7.425831e-07,6.693706e-07,2.383598e-07,1.753698e-07,1.016355e-06,5.174613e-07,9.607118e-07,5.219417e-07,2.459398e-08,1.324056e-07,6.441258e-08,1.117476e-07,2.385288e-08,2.147844e-08,1.212073e-08,4.413680e-07,7.124226e-08
11.523438,1.399039e-07,7.938266e-07,1.768754e-06,2.637696e-06,9.354924e-08,1.069315e-06,8.457430e-07,9.376425e-07,4.593354e-07,8.803809e-07,3.987489e-07,1.540926e-07,4.775659e-07,8.196529e-07,8.199417e-07,4.908807e-07,4.058890e-08,1.013116e-07,1.081083e-08,5.414701e-08,2.230848e-08,1.832101e-08,2.747382e-08,7.121168e-07,3.845062e-08
11.572266,4.249842e-08,8.514610e-07,1.929644e-06,2.696051e-06,9.138363e-08,8.529976e-07,6.221397e-07,9.010626e-07,1.732064e-07,1.094695e-06,5.804004e-07,2.029193e-08,1.873459e-07,1.049053e-06,7.462777e-07,4.411005e-07,3.981029e-08,6.975793e-07,9.080476e-08,1.139299e-07,8.681126e-09,2.011961e-08,3.199080e-08,2.239548e-07,1.844220e-08
11.621094,9.693936e-08,7.478096e-07,1.866090e-06,2.886660e-06,5.904338e-08,5.313308e-07,4.117101e-07,9.126993e-07,1.484066e-07,1.782793e-06,4.657887e-07,3.868886e-07,2.292795e-07,1.102078e-06,8.071335e-07,4.343631e-07,3.684279e-08,7.721355e-07,9.825058e-08,1.415224e-07,2.078634e-08,2.375688e-08,4.176448e-08,2.613270e-07,5.853464e-08
11.669922,1.761826e-07,5.420739e-07,1.923941e-06,2.942630e-06,8.128772e-08,2.849629e-07,3.693820e-07,1.006117e-06,1.887916e-07,2.313111e-06,1.450055e-07,5.629568e-07,1.487100e-07,1.024191e-06,7.311197e-07,4.003482e-07,3.098214e-08,5.157788e-07,7.635257e-08,1.501787e-07,2.478460e-08,7.424057e-09,2.491977e-08,6.569165e-07,1.227710e-08
11.718750,2.074403e-07,2.904374e-07,2.225405e-06,2.879752e-06,1.574053e-07,2.760138e-07,3.015544e-07,1.175820e-06,1.811030e-07,2.381956e-06,2.279062e-07,3.304313e-07,1.264902e-07,9.686341e-07,6.389517e-07,3.563458e-07,9.087825e-09,6.109392e-07,6.021909e-08,3.660162e-08,3.188897e-08,1.982307e-08,2.361634e-08,8.942213e-07,6.068961e-08
11.767578,1.791964e-07,8.892768e-08,2.477007e-06,2.579939e-06,2.242386e-07,4.094369e-07,1.846508e-07,1.392546e-06,3.544358e-07,2.139463e-06,4.884723e-07,4.559932e-07,1.528037e-07,6.649572e-07,7.620284e-07,2.468058e-07,2.477106e-08,3.057664e-07,6.456944e-08,2.209130e-07,5.328137e-08,2.482988e-08,2.395701e-08,4.410013e-07,6.170459e-08
11.816406,1.002079e-07,2.056582e-07,2.456719e-06,1.716461e-06,2.624382e-07,6.948685e-07,3.612396e-07,1.569118e-06,5.723305e-07,1.784744e-06,5.871887e-07,5.915758e-07,1.484277e-07,3.394424e-07,8.806062e-07,3.444641e-07,4.082709e-08,4.091999e-07,7.382106e-08,2.256427e-07,3.352462e-08,7.673739e-09,2.963467e-08,6.219223e-07,3.912402e-08
11.865234,3.274461e-08,2.971067e-07,2.206762e-06,3.702347e-07,2.692583e-07,1.032424e-06,5.413376e-07,1.647058e-06,7.154495e-07,1.462502e-06,5.601777e-07,6.577982e-07,2.246590e-07,6.487219e-07,8.508596e-07,5.817287e-07,4.998191e-08,4.147037e-07,1.026865e-07,1.902308e-07,1.689550e-08,1.781270e-08,3.648932e-08,1.058274e-06,6.007661e-08
11.914062,1.265028e-07,2.780072e-07,1.941184e-06,2.086754e-06,2.493809e-07,1.292492e-06,5.782245e-07,1.639718e-06,7.309666e-07,1.106610e-06,5.282555e-07,4.857523e-07,3.615569e-07,9.493019e-07,6.533355e-07,4.571538e-07,4.666874e-08,1.864076e-07,5.859265e-08,1.007963e-07,3.910883e-08,1.401829e-08,2.766555e-08,9.948093e-07,5.398823e-08
11.962891,2.094625e-07,2.182370e-07,1.844582e-06,4.246149e-06,2.093157e-07,1.459500e-06,5.046501e-07,1.548612e-06,6.226078e-07,1.002508e-06,5.654761e-07,3.838949e-07,1.803987e-07,1.039029e-06,3.095912e-07,4.860320e-07,1.819162e-08,2.031214e-07,4.743183e-08,1.679339e-07,3.037181e-08,8.877724e-09,2.165918e-08,6.817545e-07,6.465811e-08
12.011719,2.606212e-07,2.525939e-07,1.940833e-06,6.046574e-06,1.581075e-07,1.605086e-06,4.026515e-07,1.360687e-06,5.688658e-07,1.430867e-06,6.810528e-07,1.076084e-06,2.314709e-07,9.118852e-07,2.926393e-07,4.009817e-07,2.027068e-08,3.534713e-07,7.115819e-08,1.375131e-07,3.660452e-08,1.251458e-08,3.758584e-08,5.773857e-07,1.367854e-08
12.060547,2.835355e-07,3.198680e-07,2.200356e-06,7.268221e-06,1.115920e-07,1.759726e-06,3.805015e-07,1.171263e-06,6.239924e-07,1.601192e-06,8.103412e-07,1.192758e-06,4.227861e-07,3.953703e-07,4.178412e-07,2.017132e-07,4.417105e-08,5.699837e-07,6.779331e-08,5.941191e-08,3.801025e-08,2.253299e-08,2.868407e-08,7.177532e-08,5.397466e-08
12.109375,2.823165e-07,3.125593e-07,2.571088e-06,7.880378e-06,8.771925e-08,1.870633e-06,4.725692e-07,1.078256e-06,5.526268e-07,1.403574e-06,7.998822e-07,9.795974e-07,4.274962e-07,4.400674e-07,4.639672e-07,2.817433e-07,3.602447e-08,6.998071e-07,1.133367e-07,3.297645e-08,3.883763e-08,1.587276e-08,1.435607e-08,9.746227e-08,6.058399e-08
12.158203,2.597357e-07,2.741508e-07,2.888581e-06,7.905430e-06,8.110236e-08,1.889379e-06,6.247096e-07,9.787726e-07,3.385399e-07,1.290137e-06,5.651713e-07,8.689437e-07,4.548148e-07,5.376408e-07,3.519541e-07,2.400637e-07,1.925592e-08,5.113131e-07,7.839465e-08,1.214185e-07,6.481745e-08,5.424692e-09,2.661604e-08,8.831332e-07,5.133035e-08
12.207031,2.479596e-07,3.766583e-07,2.930748e-06,7.395519e-06,7.026400e-08,1.818403e-06,8.116913e-07,8.178331e-07,1.626963e-07,1.227124e-06,3.807755e-07,4.749836e-07,5.338142e-07,2.364858e-07,2.612311e-07,2.510216e-07,1.481499e-08,2.368163e-07,2.788639e-08,1.170510e-07,6.137022e-08,9.654832e-09,3.912144e-08,7.325436e-07,6.917842e-08
12.255859,3.186075e-07,5.821749e-07,2.547893e-06,6.516531e-06,5.359257e-08,1.667464e-06,9.649176e-07,6.461602e-07,1.411876e-07,9.795018e-07,5.239864e-07,4.522058e-07,8.460494e-07,1.087480e-07,4.393176e-07,3.963142e-07,1.811427e-08,2.740066e-07,3.965586e-08,1.226453e-07,1.425575e-08,8.051985e-09,1.979729e-08,4.246182e-07,1.452256e-08
12.304688,4.661796e-07,7.628768e-07,1.744528e-06,5.533304e-06,4.855821e-08,1.422322e-06,9.944096e-07,4.107101e-07,1.994250e-07,9.592826e-07,5.858129e-07,4.908978e-07,1.057402e-06,4.227806e-07,2.486111e-07,4.447980e-07,1.787121e-08,4.187868e-07,6.541468e-08,6.896715e-08,3.395933e-08,1.152526e-08,2.533985e-08,1.640847e-07,3.289429e-08
12.353516,6.180408e-07,8.774644e-07,7.298123e-07,4.622756e-06,5.724521e-08,1.115654e-06,8.825447e-07,1.423544e-07,2.283460e-07,1.284204e-06,6.165079e-07,8.188734e-07,8.715309e-07,5.604499e-07,6.132880e-07,5.218627e-07,1.190535e-08,2.539357e-07,1.035683e-08,7.848554e-09,4.099186e-08,1.511595e-08,2.171181e-08,3.495088e-07,4.526944e-08
12.402344,7.157038e-07,9.415676e-07,7.069987e-07,3.769296e-06,6.132273e-08,9.030080e-07,6.908438e-07,2.510269e-07,3.073119e-07,1.429450e-06,6.905609e-07,8.068497e-07,6.996053e-07,6.635293e-07,8.620612e-07,5.457804e-07,8.550234e-09,3.616233e-07,6.605905e-08,8.107394e-08,3.208155e-08,1.426121e-08,1.362213e-08,2.565338e-07,7.238067e-09
12.451172,7.284616e-07,9.811237e-07,1.544190e-06,2.937057e-06,5.396792e-08,8.412401e-07,4.806604e-07,4.594359e-07,4.763471e-07,1.337206e-06,6.632679e-07,3.477010e-07,6.101293e-07,6.418487e-07,8.005795e-07,6.550018e-07,2.105215e-08,4.198854e-07,7.733641e-08,1.233236e-07,7.692502e-09,1.885999e-09,1.738066e-09,1.782148e-07,4.714257e-08
12.500000,6.552048e-07,1.002255e-06,2.083916e-06,2.262941e-06,3.883235e-08,6.937586e-07,2.726239e-07,6.526431e-07,6.273957e-07,1.097593e-06,5.541238e-07,4.422481e-07,2.358163e-07,4.474507e-07,5.944655e-07,7.245475e-07,3.302442e-08,4.288567e-07,6.870632e-08,6.734189e-08,5.995701e-09,5.820420e-09,1.144368e-08,8.121952e-07,8.627183e-08
12.548828,5.197924e-07,1.005229e-06,2.282799e-06,1.947683e-06,2.468357e-08,3.713733e-07,1.767023e-07,7.543054e-07,7.031893e-07,7.378990e-07,4.354228e-07,3.543557e-07,6.301403e-08,3.530290e-07,3.618459e-07,5.034315e-07,2.655122e-08,2.239625e-07,7.987199e-08,3.055673e-08,1.837240e-08,1.737501e-08,1.658206e-08,8.598868e-07,5.647820e-08
12.597656,3.604673e-07,1.007397e-06,2.325976e-06,1.954505e-06,2.422385e-08,3.932033e-07,2.944640e-07,7.158357e-07,6.477083e-07,5.291551e-07,3.033917e-07,2.369152e-07,2.736583e-07,4.040411e-07,3.204386e-07,2.822680e-07,2.617006e-08,2.919760e-07,6.721827e-08,6.276567e-08,3.402964e-08,1.814046e-08,1.226313e-08,6.127293e-07,3.530282e-08
12.646484,2.198556e-07,1.027338e-06,2.434572e-06,2.087793e-06,3.458240e-08,6.809944e-07,3.722007e-07,5.778915e-07,4.446252e-07,4.153289e-07,2.336341e-07,4.924123e-07,4.147739e-07,7.519775e-07,2.730862e-07,5.131785e-07,1.937303e-08,1.466083e-07,7.823385e-08,4.682880e-08,3.434622e-08,2.485303e-08,1.220318e-08,8.275125e-07,3.853000e-08
12.695312,1.422187e-07,1.054259e-06,2.598320e-06,2.234420e-06,4.267615e-08,7.156739e-07,3.499272e-07,4.592133e-07,2.098602e-07,1.583308e-07,1.960584e-07,4.508605e-07,3.873343e-07,1.056729e-06,1.315193e-07,3.500811e-07,1.906130e-08,3.733274e-07,7.601512e-08,9.569859e-08,3.795963e-09,1.086903e-08,1.491393e-08,9.307185e-07,1.070954e-08
12.744141,1.405544e-07,1.059950e-06,2.597933e-06,2.298210e-06,4.205109e-08,5.339588e-07,2.841581e-07,6.036576e-07,2.420229e-07,2.685476e-07,1.355932e-07,2.120980e-07,4.291804e-07,9.155271e-07,6.806928e-07,2.615157e-07,1.489509e-08,2.964023e-07,5.942673e-08,4.656880e-08,1.389268e-08,6.185945e-09,4.117914e-09,2.239673e-07,6.453208e-08
12.792969,1.612925e-07,1.033807e-06,2.288057e-06,2.145865e-06,3.049078e-08,4.212394e-07,2.389518e-07,8.666051e-07,3.071014e-07,2.270758e-07,2.067847e-07,3.988523e-07,3.060572e-07,1.007747e-06,1.156695e-06,3.513064e-07,7.433537e-09,3.155514e-07,1.536622e-08,1.089513e-07,1.036723e-08,1.184970e-08,6.425592e-09,3.692960e-07,6.526467e-08
12.841797,1.819037e-07,9.858799e-07,1.796106e-06,1.693339e-06,1.063111e-08,4.719387e-07,2.319031e-07,1.017131e-06,1.898033e-07,2.900393e-07,2.872577e-07,4.380078e-07,1.698832e-07,1.079186e-06,1.257361e-06,5.505724e-07,1.839884e-08,1.452325e-07,3.721561e-08,1.197882e-07,1.223944e-08,1.558182e-08,9.757273e-09,3.342493e-07,5.901336e-08
12.890625,2.168634e-07,9.181508e-07,1.581105e-06,1.119503e-06,1.481112e-08,4.807066e-07,2.583597e-07,1.004712e-06,8.378503e-08,5.898781e-07,4.037252e-07,3.294697e-07,2.605694e-07,6.343618e-07,9.942611e-07,6.065829e-07,1.950404e-08,9.395557e-08,3.549149e-08,1.553443e-07,1.623638e-08,1.960539e-08,1.042043e-08,7.670207e-07,8.761869e-09
12.939453,2.825688e-07,8.101185e-07,1.854466e-06,1.268215e-06,3.361595e-08,4.388627e-07,2.752487e-07,8.891978e-07,2.607445e-07,9.789168e-07,5.177519e-07,1.857584e-07,3.440023e-07,4.057512e-07,5.399682e-07,4.954782e-07,7.860333e-09,1.415416e-07,2.818094e-08,6.733480e-08,3.534982e-08,4.173072e-09,8.794583e-09,7.975744e-07,2.890275e-08
12.988281,3.792678e-07,6.426693e-07,2.128626e-06,2.113654e-06,4.288413e-08,4.585703e-07,2.467391e-07,8.059238e-07,3.218518e-07,1.610311e-06,4.795819e-07,1.148627e-07,2.632471e-07,5.085186e-07,1.934705e-07,2.873436e-07,1.216154e-08,3.413148e-07,1.607199e-08,1.317926e-07,2.195203e-08,7.874014e-09,2.403308e-08,4.669721e-07,4.209989e-08
13.037109,4.892463e-07,4.291746e-07,2.068383e-06,2.831298e-06,4.097624e-08,5.632145e-07,1.994790e-07,7.380475e-07,3.431556e-07,2.071881e-06,2.965351e-07,3.028701e-07,2.461761e-07,4.825649e-07,1.809268e-07,4.686570e-07,1.623266e-08,3.699703e-07,3.684106e-08,9.268186e-08,2.302397e-08,3.888780e-09,2.318487e-08,5.660283e-07,2.613387e-08
13.085938,5.798551e-07,2.342707e-07,1.706689e-06,3.149255e-06,3.118149e-08,6.143170e-07,2.420349e-07,5.243893e-07,4.084275e-07,2.030537e-06,7.677643e-08,5.684907e-07,1.417679e-07,2.386958e-07,2.204271e-07,4.030023e-07,1.488308e-08,3.886316e-07,6.737472e-08,9.478202e-08,3.274710e-08,9.098326e-09,2.330050e-08,4.418472e-07,1.715557e-08
13.134766,6.121729e-07,1.975160e-07,1.327366e-06,3.227108e-06,1.950175e-08,5.123083e-07,3.748933e-07,1.864930e-07,4.878287e-07,1.727268e-06,1.809642e-07,7.540754e-07,9.561176e-08,4.300796e-07,2.992002e-07,5.376960e-07,1.403925e-08,2.539048e-07,4.366014e-08,1.335283e-07,1.981041e-08,4.774437e-09,2.426270e-08,5.053430e-07,9.390506e-09
13.183594,5.584427e-07,2.747868e-07,1.254808e-06,3.575920e-06,1.018773e-08,3.131684e-07,4.564793e-07,1.636614e-07,6.054281e-07,1.648897e-06,4.239039e-07,8.686665e-07,1.267874e-07,4.448995e-07,4.701430e-07,3.782447e-07,2.514734e-08,2.452742e-07,4.559696e-09,9.526151e-08,2.106717e-09,4.570482e-09,2.373784e-08,7.175955e-07,2.835903e-08
13.232422,4.295314e-07,3.179952e-07,1.469448e-06,4.438308e-06,2.210424e-09,1.605101e-07,3.938775e-07,4.283001e-07,7.535322e-07,1.649136e-06,6.150457e-07,8.644032e-07,1.133803e-07,3.016982e-07,7.111493e-07,5.148203e-07,2.847620e-08,3.518160e-07,4.642433e-08,6.501307e-08,1.629576e-08,7.725738e-09,8.889790e-09,3.060337e-07,3.784402e-08
13.281250,3.349769e-07,3.214368e-07,1.775265e-06,5.397339e-06,7.735666e-09,4.331440e-08,1.970935e-07,6.897982e-07,8.282631e-07,1.562504e-06,7.655416e-07,7.011491e-07,1.760151e-07,4.890180e-07,7.074942e-07,1.827880e-07,3.251089e-08,2.555918e-07,1.513725e-08,1.254817e-07,9.210712e-09,1.338199e-08,1.996290e-08,3.843284e-07,4.957934e-08
13.330078,4.508690e-07,3.231548e-07,2.064083e-06,5.938532e-06,1.641706e-08,1.590579e-07,3.164282e-08,8.598956e-07,7.417376e-07,1.554003e-06,8.285644e-07,5.031155e-07,1.822235e-07,4.864485e-07,4.339528e-07,1.176805e-07,2.941602e-08,1.056688e-08,2.314276e-08,5.594566e-08,3.071731e-08,9.836983e-09,1.772710e-08,4.437564e-07,3.575596e-08
13.378906,6.656226e-07,3.459566e-07,2.227549e-06,5.836578e-06,2.110914e-08,3.401997e-07,1.754919e-07,8.396994e-07,5.769020e-07,1.352200e-06,7.056617e-07,4.609624e-07,8.179581e-08,4.418621e-07,3.325903e-07,2.495490e-07,2.429645e-08,7.832358e-08,2.982471e-08,8.731335e-08,2.681789e-08,8.686859e-09,8.109967e-09,4.672584e-07,2.922828e-08
13.427734,8.293845e-07,3.779947e-07,2.182724e-06,5.193622e-06,2.070316e-08,4.218889e-07,1.953567e-07,6.625838e-07,5.563290e-07,7.479294e-07,5.442893e-07,6.245463e-07,7.488721e-08,5.289735e-07,3.475979e-07,4.095684e-07,1.810461e-08,8.342295e-08,1.349523e-08,1.703232e-07,2.088706e-08,3.940017e-09,1.181377e-08,1.050152e-06,4.847655e-08
13.476562,8.857486e-07,4.000434e-07,1.958536e-06,4.302063e-06,1.803369e-08,4.204665e-07,1.446632e-07,4.551549e-07,6.169530e-07,1.898031e-07,6.354899e-07,6.196933e-07,2.170647e-07,5.533948e-07,4.440922e-07,4.449335e-07,1.520756e-08,1.755275e-07,2.293680e-08,2.436946e-07,9.317882e-09,7.537706e-09,1.168098e-08,1.577426e-07,4.307610e-08
13.525391,8.336213e-07,4.026094e-07,1.692860e-06,3.411417e-06,2.127483e-08,3.868594e-07,1.067255e-07,3.364513e-07,6.100643e-07,6.894786e-07,7.693105e-07,3.638038e-07,2.946266e-07,4.957323e-07,5.440267e-07,3.042535e-07,6.113633e-09,2.260174e-07,3.899599e-08,2.329950e-07,2.226601e-08,1.305077e-08,4.303818e-09,4.053540e-07,3.015851e-08
13.574219,7.090372e-07,3.807634e-07,1.522101e-06,2.574256e-06,3.389855e-08,3.690157e-07,1.211211e-07,2.822193e-07,5.070923e-07,1.396599e-06,7.595297e-07,1.734792e-07,3.024667e-07,3.007893e-07,7.436728e-07,2.376482e-07,6.057198e-09,1.431168e-07,1.543005e-08,1.690707e-07,1.432993e-08,8.778493e-09,1.590014e-08,1.953906e-07,3.021612e-08
13.623047,5.629614e-07,3.285025e-07,1.474024e-06,1.740062e-06,4.838698e-08,5.088906e-07,1.794540e-07,1.776288e-07,2.627433e-07,2.003257e-06,6.182042e-07,2.742040e-07,6.436167e-07,6.513885e-07,8.085986e-07,5.037501e-08,4.493604e-09,1.067751e-07,4.367343e-08,9.096969e-08,1.849027e-08,9.998971e-09,2.456405e-08,4.186092e-07,5.955875e-09
13.671875,4.350086e-07,2.419725e-07,1.491494e-06,9.962482e-07,5.672363e-08,7.130970e-07,2.263032e-07,6.486814e-08,7.712746e-08,2.084987e-06,4.089517e-07,4.962325e-07,8.499480e-07,1.230450e-06,7.603637e-07,9.936277e-08,5.996783e-09,1.748147e-07,4.538470e-08,1.021982e-07,3.733395e-08,9.822876e-09,1.175653e-08,4.118181e-07,1.438532e-08
13.720703,3.407978e-07,1.302459e-07,1.470324e-06,8.392707e-07,5.402432e-08,7.912724e-07,2.291306e-07,1.402043e-07,3.664158e-07,1.635173e-06,2.600648e-07,5.048917e-07,7.948173e-07,1.489703e-06,7.282466e-07,1.503305e-07,1.472761e-09,3.409173e-07,2.764706e-08,1.094578e-07,1.430032e-08,7.168904e-09,1.306185e-09,3.482972e-07,8.411542e-09
13.769531,2.881514e-07,7.528468e-08,1.271318e-06,1.268461e-06,4.043312e-08,7.477653e-07,2.351094e-07,2.802463e-07,5.771745e-07,1.048212e-06,2.536075e-07,4.304103e-07,6.868820e-07,1.339129e-06,6.948658e-07,1.789429e-07,7.622300e-09,3.146015e-07,4.212821e-08,1.087195e-07,1.255851e-08,1.276743e-08,1.218826e-08,6.852919e-07,2.624242e-08
13.818359,2.852682e-07,1.718818e-07,8.260680e-07,1.627902e-06,2.082598e-08,7.837668e-07,3.070678e-07,4.936222e-07,7.513010e-07,6.286447e-07,2.212322e-07,6.431913e-07,6.230565e-07,1.056105e-06,6.054250e-07,3.101427e-07,9.523591e-09,8.682657e-08,7.521839e-08,1.281692e-07,2.551562e-09,1.513374e-08,2.744326e-08,6.752331e-07,2.405972e-08
13.867188,3.108559e-07,2.604450e-07,5.071469e-07,1.757750e-06,1.166121e-08,9.925442e-07,4.027986e-07,6.670899e-07,8.050707e-07,4.251727e-07,1.625432e-07,8.301410e-07,5.240393e-07,9.331825e-07,3.879830e-07,3.239287e-07,7.434166e-09,1.069387e-07,5.735046e-08,1.265884e-07,2.860061e-09,1.365847e-08,1.724161e-08,5.225738e-07,1.653217e-08
13.916016,3.289482e-07,3.023160e-07,1.101630e-06,1.701354e-06,2.880545e-08,1.216960e-06,4.767787e-07,6.945350e-07,6.914804e-07,3.806089e-07,2.068608e-07,7.687496e-07,3.938168e-07,8.237644e-07,1.434212e-07,5.105739e-07,4.419477e-09,9.722550e-08,1.600435e-08,1.701321e-07,1.485627e-08,6.272745e-09,6.600920e-09,5.749474e-07,3.659536e-08
13.964844,3.304706e-07,2.963909e-07,1.776597e-06,1.551452e-06,4.495890e-08,1.331143e-06,5.149155e-07,6.683865e-07,5.386689e-07,4.069473e-07,3.406474e-07,4.624359e-07,2.181024e-07,6.496959e-07,3.221262e-07,5.185455e-07,3.940380e-09,1.716962e-07,3.540769e-08,1.733425e-07,1.554370e-08,3.457078e-09,1.683633e-08,7.681665e-07,3.265089e-08
14.013672,3.353443e-07,2.585549e-07,2.131450e-06,1.393547e-06,5.379232e-08,1.337897e-06,4.902763e-07,7.813399e-07,4.246444e-07,6.368272e-07,4.275308e-07,2.447793e-07,4.397337e-08,7.207128e-07,4.042455e-07,4.222778e-07,7.331815e-09,1.345893e-07,1.952035e-08,7.203616e-08,2.977214e-08,4.146326e-10,1.768449e-08,9.547002e-08,1.352102e-08
14.062500,3.591020e-07,2.121446e-07,2.067383e-06,1.305304e-06,5.470713e-08,1.325260e-06,3.809425e-07,8.730497e-07,3.253905e-07,8.653194e-07,3.547695e-07,3.843558e-07,1.077160e-07,7.080421e-07,2.758437e-07,3.825824e-07,1.163815e-08,1.438455e-07,2.696699e-08,9.205990e-08,2.995753e-08,3.430548e-09,1.473560e-08,1.063990e-07,3.099509e-08
14.111328,3.858542e-07,1.858320e-07,1.680348e-06,1.335076e-06,5.176221e-08,1.328086e-06,2.181118e-07,7.223585e-07,3.527910e-07,8.709813e-07,2.808941e-07,4.947691e-07,3.560631e-07,4.685862e-07,1.798962e-07,6.200565e-07,1.065218e-08,1.738500e-07,2.207597e-08,6.305445e-08,1.569294e-08,4.233432e-09,1.031926e-08,2.648944e-07,3.090566e-08
14.160156,3.900117e-07,2.146562e-07,1.258119e-06,1.486596e-06,4.832155e-08,1.301511e-06,7.271236e-08,3.892257e-07,3.944782e-07,6.569441e-07,3.783996e-07,4.628749e-07,5.607447e-07,4.097282e-07,2.946362e-07,8.687310e-07,2.105196e-09,1.810485e-07,2.009653e-08,5.096019e-08,3.104274e-08,1.657414e-10,3.069109e-09,1.636455e-07,3.244589e-08
14.208984,3.644852e-07,2.997159e-07,1.154575e-06,1.755475e-06,4.126473e-08,1.268497e-06,3.151324e-08,1.419831e-07,3.189284e-07,3.694432e-07,4.192047e-07,2.480777e-07,4.817737e-07,5.487436e-07,3.663215e-07,6.301165e-07,8.349967e-09,2.010261e-07,4.273221e-08,9.914598e-08,2.453164e-08,3.923154e-09,1.280315e-08,1.780049e-07,1.828733e-08
14.257812,3.246685e-07,4.059567e-07,1.273009e-06,2.081167e-06,2.685762e-08,1.302816e-06,7.425983e-08,1.043347e-07,2.870592e-07,1.547708e-07,3.566582e-07,3.724288e-07,2.582327e-07,5.601081e-07,4.787029e-07,5.302605e-07,1.015528e-08,1.234966e-07,4.689331e-08,1.683478e-07,2.061637e-08,7.062485e-09,1.417472e-08,7.726193e-07,1.134649e-08
14.306641,2.942029e-07,5.012646e-07,1.237470e-06,2.328990e-06,8.407018e-09,1.342037e-06,7.674284e-08,1.717271e-07,3.841276e-07,2.271420e-07,2.128572e-07,5.447219e-07,2.139372e-07,3.098946e-07,5.507389e-07,3.689191e-07,2.708345e-09,2.726814e-07,3.465508e-08,1.646448e-07,2.783421e-08,7.345066e-09,6.164992e-09,6.848930e-07,2.604889e-08
14.355469,2.816832e-07,5.671382e-07,9.100265e-07,2.404998e-06,1.329086e-08,1.242488e-06,3.445950e-08,3.307819e-07,4.203223e-07,3.687350e-07,7.595651e-08,5.387910e-07,4.102299e-07,1.837684e-07,4.971054e-07,1.129377e-07,2.614906e-09,3.776473e-07,3.564276e-08,1.531161e-07,2.217868e-08,4.467637e-09,1.264398e-08,7.443686e-07,1.884149e-08
14.404297,2.749906e-07,5.996992e-07,4.793855e-07,2.322033e-06,2.640329e-08,9.785492e-07,9.448884e-08,4.105621e-07,3.652792e-07,3.551553e-07,1.263153e-07,6.146323e-07,4.948302e-07,3.060235e-07,2.810825e-07,2.977827e-07,6.969618e-09,3.944799e-07,1.033270e-08,1.457858e-07,9.646111e-09,4.215594e-09,5.237864e-09,4.272646e-07,1.965845e-08
14.453125,2.613269e-07,6.057578e-07,7.890466e-07,2.113145e-06,3.706613e-08,6.877146e-07,1.572281e-07,4.286542e-07,2.762092e-07,3.793359e-07,1.621280e-07,6.527293e-07,4.748823e-07,2.120732e-07,5.650033e-08,2.310734e-07,8.647144e-09,4.021261e-07,5.014861e-08,1.211398e-07,1.654804e-08,7.748539e-09,1.464378e-08,4.962511e-07,4.605908e-08
14.501953,2.390157e-07,5.952295e-07,1.438316e-06,1.751069e-06,4.733509e-08,5.100436e-07,1.605942e-07,4.692753e-07,1.931795e-07,5.969077e-07,1.798225e-07,5.195656e-07,5.100877e-07,1.249466e-07,1.985342e-07,2.588580e-07,1.335542e-08,4.053722e-07,4.339498e-09,1.246529e-07,1.221412e-08,3.495788e-09,1.716173e-08,4.519875e-07,4.628248e-08
14.550781,2.128214e-07,5.750347e-07,1.906383e-06,1.327510e-06,5.398245e-08,4.013460e-07,1.380554e-07,5.332096e-07,1.493227e-07,6.544355e-07,1.338168e-07,3.242327e-07,4.467028e-07,1.290320e-07,1.811405e-07,1.574614e-07,1.033457e-08,4.140616e-07,6.067911e-08,1.214165e-07,2.555970e-08,9.860848e-09,8.343753e-09,9.628370e-07,5.379798e-08
14.599609,1.863184e-07,5.486052e-07,2.048583e-06,1.403946e-06,5.369029e-08,4.200432e-07,1.334116e-07,6.297096e-07,1.622853e-07,4.667265e-07,3.094394e-08,3.863087e-07,2.168026e-07,6.975410e-08,2.995893e-07,4.955306e-07,5.953832e-09,3.644279e-07,4.053149e-08,7.193457e-08,1.104657e-08,7.973362e-09,1.236134e-08,7.868736e-07,1.460945e-08
14.648438,1.595294e-07,5.192545e-07,1.846195e-06,2.130252e-06,4.948918e-08,5.825529e-07,1.425371e-07,8.792811e-07,2.611638e-07,1.925361e-07,1.540014e-07,6.192646e-07,1.208049e-07,1.416065e-07,5.019889e-07,8.353754e-07,3.107905e-09,2.497331e-07,4.535818e-09,4.782111e-08,1.527321e-08,1.221983e-08,7.572177e-09,8.066078e-07,2.822970e-08
14.697266,1.334803e-07,4.901048e-07,1.378735e-06,2.869240e-06,4.923326e-08,6.872394e-07,1.555323e-07,1.207009e-06,4.302683e-07,3.195922e-07,2.945639e-07,6.953495e-07,1.410324e-07,2.789007e-07,6.355881e-07,8.313222e-07,5.191061e-09,2.467479e-07,7.071135e-09,6.060129e-08,2.181433e-08,1.344148e-08,1.387190e-08,8.704758e-07,2.589040e-08
14.746094,1.200900e-07,4.561965e-07,7.933560e-07,3.242494e-06,5.528981e-08,7.874097e-07,1.781377e-07,1.350831e-06,5.729089e-07,7.990232e-07,3.205808e-07,6.314171e-07,2.838433e-07,3.095202e-07,6.633609e-07,6.303720e-07,4.454453e-09,2.971981e-07,1.995461e-08,9.566452e-08,2.594047e-08,8.722275e-09,4.984525e-09,6.715818e-07,1.706753e-08
14.794922,1.399228e-07,3.985107e-07,2.636298e-07,3.143184e-06,6.242309e-08,9.896009e-07,2.570203e-07,1.212939e-06,6.504819e-07,1.198155e-06,2.381635e-07,7.283311e-07,3.638881e-07,2.724344e-07,5.188579e-07,1.161315e-07,3.504926e-09,2.490882e-07,1.338261e-08,1.415849e-07,1.299634e-08,5.004233e-09,1.522960e-08,3.890503e-07,1.229182e-08
14.843750,1.866885e-07,2.935737e-07,1.252016e-07,2.677068e-06,6.619828e-08,1.108152e-06,3.518538e-07,9.972017e-07,6.820377e-07,1.341921e-06,2.232802e-07,7.254464e-07,3.928688e-07,4.595056e-07,2.354449e-07,1.993960e-08,7.661929e-09,2.565372e-07,3.200469e-08,1.007883e-07,6.291399e-09,3.477170e-09,1.722492e-09,3.416898e-07,3.785954e-08
14.892578,2.331168e-07,1.337573e-07,2.439672e-07,2.134222e-06,6.489838e-08,9.653806e-07,3.689410e-07,9.113125e-07,6.225389e-07,1.340333e-06,2.124197e-07,5.280256e-07,4.807643e-07,5.975718e-07,3.802758e-07,3.269123e-07,8.487263e-09,1.749835e-07,5.275117e-08,5.125654e-08,1.387785e-08,8.733445e-09,9.812459e-09,1.658362e-07,3.777048e-08
14.941406,2.588554e-07,8.356036e-08,3.287599e-07,1.861413e-06,5.889301e-08,6.089916e-07,2.985225e-07,7.963962e-07,4.293500e-07,1.438635e-06,1.604433e-07,3.096970e-07,5.148307e-07,6.248183e-07,5.540213e-07,4.943502e-07,9.823450e-09,1.740806e-07,3.299608e-08,6.639463e-09,1.134523e-08,1.555867e-08,6.408757e-09,4.905524e-07,1.293978e-08
14.990234,2.581989e-07,2.794093e-07,5.566315e-07,1.862568e-06,5.071754e-08,2.435713e-07,2.429183e-07,5.489902e-07,2.018918e-07,1.619434e-06,2.382607e-07,1.061575e-07,3.771558e-07,4.811666e-07,5.595769e-07,4.979321e-07,9.857489e-09,2.161885e-07,1.762782e-08,1.201624e-08,1.044228e-08,1.078874e-08,1.108990e-08,4.352077e-07,1.844663e-08
15.039062,2.430485e-07,4.286464e-07,7.701254e-07,1.771609e-06,4.345937e-08,8.499197e-08,2.525094e-07,3.430047e-07,1.901202e-07,1.676046e-06,2.772490e-07,6.771933e-08,4.296571e-07,2.633022e-07,5.975291e-07,4.439185e-07,6.396418e-09,9.473545e-08,2.358746e-08,5.096466e-08,1.529535e-08,3.416757e-09,9.872539e-09,4.705007e-07,7.546568e-09
15.087891,2.381543e-07,4.871857e-07,8.180603e-07,1.336320e-06,3.757189e-08,5.212745e-08,2.412134e-07,3.206059e-07,3.739852e-07,1.510520e-06,2.113162e-07,1.043755e-07,4.896128e-07,4.374169e-07,6.297281e-07,4.604060e-07,7.304554e-09,2.252511e-07,1.507436e-08,9.855533e-08,1.117514e-08,4.734167e-09,5.284487e-09,5.321083e-07,1.370493e-08
15.136719,2.595222e-07,4.502001e-07,8.408833e-07,5.683706e-07,3.109787e-08,1.250176e-07,2.006341e-07,3.324313e-07,5.441074e-07,1.230499e-06,1.133379e-07,1.583180e-07,3.325230e-07,5.488753e-07,4.150640e-07,2.649263e-07,9.011641e-09,1.369110e-07,1.480023e-08,9.835515e-08,1.548187e-08,6.338671e-09,1.099918e-08,6.721335e-07,2.815356e-08
15.185547,2.994548e-07,3.741700e-07,1.278651e-06,6.180691e-07,2.326976e-08,3.272587e-07,1.680586e-07,3.507762e-07,5.671798e-07,1.043118e-06,4.973564e-08,1.168417e-07,2.070112e-07,6.588127e-07,1.141471e-07,5.438643e-07,1.537639e-08,1.684466e-07,2.883426e-08,5.269496e-08,1.848088e-08,5.122747e-09,1.340207e-08,8.279875e-07,1.291071e-08
15.234375,3.442611e-07,3.839102e-07,2.049014e-06,1.607020e-06,1.654630e-08,5.478537e-07,1.385681e-07,4.046413e-07,4.296374e-07,9.750909e-07,5.265713e-08,3.111672e-07,9.890033e-08,5.080128e-07,3.096112e-07,8.678382e-07,1.690408e-08,1.522728e-07,4.062886e-08,1.293071e-07,1.511505e-08,3.655287e-09,1.374985e-08,8.327935e-07,2.034353e-08
15.283203,3.863406e-07,5.077063e-07,2.777318e-06,2.429271e-06,1.719010e-08,7.138037e-07,9.750390e-08,4.109030e-07,2.515412e-07,8.737564e-07,7.772324e-08,4.111793e-07,2.034655e-07,4.325212e-07,4.304892e-07,6.431885e-07,8.561983e-09,1.665354e-07,2.151919e-08,6.427214e-08,1.124752e-08,2.733256e-09,1.301103e-08,9.886177e-07,2.772200e-08
15.332031,4.193102e-07,6.371198e-07,3.209434e-06,2.969082e-06,2.569214e-08,7.446484e-07,3.635684e-08,3.014271e-07,1.244149e-07,6.733771e-07,7.211187e-08,4.134457e-07,2.516916e-07,3.852881e-07,3.354263e-07,2.124345e-07,2.728653e-09,2.328154e-07,1.173062e-08,2.598580e-08,9.636790e-09,2.769732e-09,6.449628e-09,5.931950e-07,2.126062e-08
15.380859,4.345992e-07,7.051609e-07,3.257775e-06,3.254800e-06,3.570717e-08,6.182699e-07,6.699671e-08,1.688928e-07,4.233308e-08,7.831038e-07,2.071491e-08,4.152105e-07,1.780149e-07,2.600917e-07,2.415384e-07,2.515304e-07,5.681382e-09,1.245453e-07,1.871013e-08,7.436686e-08,1.153743e-08,1.643512e-09,5.594885e-09,9.463851e-07,2.179305e-08
15.429688,4.251665e-07,7.029689e-07,3.000807e-06,3.386670e-06,4.303477e-08,3.965386e-07,1.535788e-07,1.839085e-07,1.737541e-07,1.175223e-06,7.602152e-08,2.902537e-07,1.201207e-07,6.821433e-08,1.613001e-07,6.439550e-07,9.705660e-09,1.304169e-07,4.236364e-09,1.169424e-07,2.050463e-08,8.189308e-10,1.480195e-08,7.628843e-07,2.861458e-08
15.478516,3.903553e-07,6.535552e-07,2.608789e-06,3.525512e-06,4.538308e-08,1.792164e-07,1.928031e-07,1.816309e-07,3.165425e-07,1.148683e-06,1.841136e-07,2.191120e-07,4.603614e-07,1.086005e-07,9.246966e-08,7.112355e-07,4.821998e-09,3.039162e-07,2.194193e-08,4.226774e-08,2.565318e-08,1.748631e-09,1.104619e-08,2.616999e-07,2.347949e-08
15.527344,3.368014e-07,5.815550e-07,2.210060e-06,3.841720e-06,4.243225e-08,7.775822e-08,1.737345e-07,1.576041e-07,3.841053e-07,7.835450e-07,2.711020e-07,5.270115e-07,6.699490e-07,4.921130e-08,2.503015e-07,7.906943e-07,7.151854e-09,1.709803e-07,2.527664e-08,3.435455e-08,1.132515e-08,2.724678e-09,4.737393e-09,4.196403e-07,1.584757e-08
15.576172,2.756176e-07,4.907501e-07,1.814731e-06,4.301978e-06,3.565629e-08,1.757077e-07,1.427598e-07,1.964949e-07,3.496679e-07,1.242958e-06,3.133583e-07,5.738682e-07,6.601742e-07,2.877225e-07,2.911288e-07,7.372697e-07,7.439631e-09,2.653129e-08,1.407927e-08,2.907664e-08,1.123261e-08,7.321791e-09,5.949936e-09,8.210166e-08,2.739321e-08
15.625000,2.189526e-07,3.710725e-07,1.399401e-06,4.644905e-06,2.701973e-08,2.861346e-07,1.503542e-07,2.477910e-07,2.657237e-07,1.770515e-06,3.191218e-07,4.401461e-07,4.421349e-07,5.334181e-07,1.859080e-07,4.727294e-07,2.432735e-09,2.103604e-07,4.699112e-08,5.180448e-08,1.261481e-08,6.714192e-09,7.271122e-09,3.718777e-07,6.601710e-09
15.673828,1.779033e-07,2.234995e-07,1.047336e-06,4.677289e-06,1.746458e-08,3.543598e-07,1.782262e-07,3.324297e-07,2.171928e-07,1.683430e-06,3.225907e-07,4.396809e-07,1.904014e-07,6.014652e-07,4.084132e-08,3.918272e-07,5.584851e-09,2.731639e-07,4.563594e-08,4.358482e-08,9.053700e-09,6.681044e-09,6.052125e-09,1.595751e-07,1.551193e-08
15.722656,1.589437e-07,7.662111e-08,9.564473e-07,4.462801e-06,8.243099e-09,3.750195e-07,2.293387e-07,4.155887e-07,1.839415e-07,1.397854e-06,3.490582e-07,3.393227e-07,2.330368e-07,6.189768e-07,1.780449e-07,1.115871e-07,5.046288e-09,2.998867e-07,3.212786e-08,8.338155e-08,8.127912e-09,2.832788e-09,7.888692e-09,3.100260e-07,4.429549e-09
15.771484,1.569362e-07,9.308189e-08,1.122085e-06,4.177352e-06,1.140170e-08,3.808691e-07,3.016968e-07,4.350726e-07,1.143523e-07,1.480820e-06,3.912181e-07,1.573418e-07,4.874534e-07,6.294047e-07,3.123920e-07,3.120290e-07,2.712243e-09,3.352562e-07,2.269618e-08,2.228162e-08,8.624074e-09,1.825458e-09,1.403056e-08,5.254261e-07,1.308415e-08
15.820312,1.577826e-07,1.823532e-07,1.296662e-06,3.818944e-06,2.289176e-08,3.698726e-07,3.376510e-07,4.026639e-07,1.621864e-07,1.508546e-06,4.163290e-07,2.916309e-07,5.462154e-07,4.175023e-07,3.195169e-07,3.137313e-07,2.882403e-09,3.697059e-07,3.243235e-08,1.869367e-08,1.664198e-08,4.356076e-09,1.084155e-08,9.417552e-07,1.492888e-08
15.869141,1.507789e-07,2.271829e-07,1.311957e-06,3.237800e-06,3.270805e-08,3.176420e-07,2.973488e-07,3.912845e-07,2.789038e-07,1.259973e-06,4.021344e-07,5.432314e-07,4.858436e-07,1.065487e-07,3.507215e-07,5.170484e-07,5.331089e-09,8.955070e-08,4.191781e-08,2.837904e-08,3.874701e-09,6.133543e-09,4.965828e-09,7.292018e-07,6.288030e-09
15.917969,1.349395e-07,2.245044e-07,1.097968e-06,2.431376e-06,3.847346e-08,3.518981e-07,2.074562e-07,4.237674e-07,3.041171e-07,1.116689e-06,3.655573e-07,5.769863e-07,4.624373e-07,1.823744e-07,5.342415e-07,6.511332e-07,8.878240e-10,2.360040e-07,3.601344e-08,1.353948e-08,8.391742e-09,4.924015e-09,9.053888e-09,7.102073e-07,1.105508e-08
15.966797,1.185050e-07,1.806170e-07,6.626966e-07,1.608639e-06,3.978894e-08,5.653957e-07,1.365809e-07,4.300264e-07,2.380872e-07,1.246053e-06,3.796199e-07,4.427448e-07,3.349207e-07,1.964238e-07,6.416233e-07,4.325206e-07,4.713134e-09,4.280075e-07,4.090425e-08,5.601896e-08,4.162437e-09,6.422301e-09,5.149775e-09,6.296252e-07,2.392697e-09
16.015625,1.119683e-07,1.312030e-07,1.045167e-07,9.400289e-07,3.738502e-08,7.716286e-07,1.121804e-07,3.815048e-07,1.580170e-07,1.409860e-06,4.803337e-07,3.456747e-07,1.998273e-07,2.043356e-07,4.514734e-07,1.390953e-07,5.589061e-09,3.685329e-07,2.777463e-08,6.531755e-08,5.047531e-09,6.938514e-09,1.198088e-08,4.958534e-07,1.944969e-09
16.064453,1.179454e-07,1.678516e-07,4.810858e-07,4.933486e-07,3.244944e-08,8.630804e-07,1.243429e-07,3.090094e-07,1.020027e-07,1.526229e-06,5.473614e-07,5.028505e-07,2.171031e-07,2.657618e-07,1.303870e-07,3.169096e-07,5.923584e-09,3.372872e-07,1.285637e-08,5.700937e-08,1.230826e-09,4.865442e-09,6.763060e-09,3.740331e-07,6.932891e-09
16.113281,1.354905e-07,2.555244e-07,9.113157e-07,8.369536e-07,2.642647e-08,8.772995e-07,1.477255e-07,2.212029e-07,6.756419e-08,1.546587e-06,4.956302e-07,6.254567e-07,5.212373e-07,3.124894e-07,1.708293e-07,2.522891e-07,4.855181e-09,2.555915e-07,2.992614e-08,6.568671e-08,5.430423e-09,8.341157e-09,7.782251e-09,5.688064e-07,1.073774e-08
16.162109,1.668273e-07,3.051059e-07,1.146274e-06,1.411899e-06,2.133165e-08,8.833202e-07,1.392196e-07,1.259396e-07,6.625799e-08,1.535554e-06,3.788560e-07,6.531759e-07,5.493586e-07,2.521418e-07,1.651391e-07,1.524673e-07,5.825915e-09,1.657239e-07,2.960437e-08,5.147004e-08,1.252701e-08,5.024118e-09,1.221914e-08,3.566478e-07,7.591904e-09
16.210938,2.067968e-07,2.832102e-07,1.208779e-06,1.597276e-06,1.911464e-08,8.313655e-07,1.356447e-07,7.853304e-08,1.342858e-07,1.778061e-06,2.991033e-07,5.523736e-07,2.997412e-07,2.011305e-07,1.111127e-07,5.231589e-08,5.078798e-09,1.365437e-07,1.957277e-08,5.009397e-08,7.387805e-09,2.689661e-09,7.023222e-09,7.277156e-07,3.540127e-09
16.259766,2.390471e-07,2.104684e-07,1.155224e-06,1.205078e-06,1.889769e-08,6.387034e-07,1.710923e-07,5.304703e-08,2.444052e-07,2.084251e-06,2.757604e-07,3.671519e-07,1.495458e-07,1.679258e-07,2.361901e-07,6.772343e-08,3.688587e-09,1.318622e-07,1.613599e-08,3.018881e-08,4.132772e-09,4.489966e-09,7.344140e-09,5.211639e-07,8.496905e-09
16.308594,2.466542e-07,1.846598e-07,1.009918e-06,4.641784e-07,1.769542e-08,3.721265e-07,1.726173e-07,4.014257e-08,3.150134e-07,2.052409e-06,2.874419e-07,3.076681e-07,2.732714e-07,6.971934e-08,4.191478e-07,2.191948e-07,4.011260e-09,1.717304e-07,8.760496e-09,7.979815e-08,4.687337e-09,4.177710e-09,6.018984e-09,3.737574e-07,8.722503e-09
16.357422,2.223954e-07,2.653120e-07,7.779489e-07,8.294687e-07,1.451222e-08,3.752633e-07,1.275200e-07,1.665939e-07,3.241439e-07,1.848402e-06,3.215458e-07,2.172530e-07,1.935835e-07,3.842325e-08,5.435184e-07,3.116961e-07,4.129178e-09,1.967938e-07,1.593014e-08,1.116712e-07,7.171750e-09,4.749492e-09,8.243941e-09,2.549701e-07,8.802843e-09
16.406250,1.735326e-07,3.614758e-07,5.190889e-07,1.496787e-06,1.129889e-08,5.887049e-07,1.285485e-07,3.287472e-07,2.938134e-07,1.745525e-06,3.392377e-07,8.002179e-08,5.882360e-08,1.539676e-07,6.033530e-07,3.546158e-07,2.560552e-09,2.079283e-07,2.243571e-08,6.151867e-08,7.782055e-09,6.149982e-09,9.298697e-09,2.748538e-07,9.803187e-09
16.455078,1.218339e-07,4.367219e-07,3.700522e-07,1.745257e-06,9.697691e-09,7.027994e-07,1.822794e-07,4.503883e-07,2.096022e-07,1.442763e-06,3.047648e-07,6.762148e-08,3.033281e-07,1.743535e-07,5.954103e-07,3.578209e-07,3.597979e-09,8.813529e-08,1.369972e-08,2.861990e-08,4.506810e-09,8.041799e-09,8.399965e-10,4.776524e-07,5.111228e-09
16.503906,9.652908e-08,4.990019e-07,3.583340e-07,1.774275e-06,7.245425e-09,6.866735e-07,2.150706e-07,4.782391e-07,1.194024e-07,8.348929e-07,2.401339e-07,2.847521e-07,4.744901e-07,1.604498e-07,5.017725e-07,3.325364e-07,5.942358e-09,1.019681e-07,7.350417e-09,4.788661e-08,7.260020e-09,4.141468e-09,5.741332e-09,3.565252e-07,2.397209e-10
16.552734,9.928061e-08,5.482118e-07,3.967237e-07,1.979394e-06,1.988028e-09,6.138990e-07,2.255879e-07,4.620016e-07,2.475948e-07,3.264164e-07,1.679035e-07,5.552069e-07,4.858634e-07,4.862641e-07,4.644366e-07,3.734425e-07,5.489293e-09,7.132540e-08,7.372565e-09,4.997447e-08,5.275304e-09,1.616308e-09,7.413234e-09,2.300969e-07,1.678646e-08
16.601562,1.008130e-07,5.636600e-07,5.808242e-07,2.242477e-06,6.737480e-09,5.697294e-07,2.259392e-07,4.634439e-07,3.605703e-07,1.991563e-07,7.354608e-08,7.157777e-07,2.470209e-07,5.777727e-07,5.981733e-07,3.551126e-07,5.169043e-09,6.721101e-08,1.763891e-08,4.001706e-08,7.262648e-09,2.328454e-09,6.198196e-09,1.768595e-07,2.643902e-08
16.650391,8.833542e-08,5.278341e-07,8.596683e-07,2.164371e-06,1.460646e-08,5.531237e-07,2.142413e-07,4.230528e-07,3.502840e-07,1.178725e-07,1.003737e-07,6.592145e-07,1.248572e-07,4.711911e-07,5.703220e-07,4.622791e-07,4.385576e-09,9.853873e-08,1.524673e-08,4.953141e-08,8.986053e-09,6.938997e-10,1.998898e-09,2.307846e-07,1.046724e-08
16.699219,6.481997e-08,4.460669e-07,1.051280e-06,1.755228e-06,2.058887e-08,5.054316e-07,2.113520e-07,3.141443e-07,2.557204e-07,2.134054e-07,1.683202e-07,5.178099e-07,2.919047e-07,2.364936e-07,3.033004e-07,5.225037e-07,3.088109e-09,1.382427e-07,4.169859e-09,7.063720e-08,9.111707e-09,1.713947e-09,3.509479e-09,1.508648e-07,1.245811e-08
16.748047,3.953131e-08,3.438715e-07,1.114237e-06,1.702214e-06,2.437484e-08,4.127587e-07,2.607723e-07,2.188051e-07,1.347301e-07,3.482461e-07,1.650066e-07,4.567501e-07,4.588761e-07,1.808096e-07,4.965227e-07,4.162959e-07,5.984268e-09,9.244420e-08,1.248482e-08,5.675537e-08,9.766127e-09,2.903361e-09,3.598880e-09,4.082991e-07,4.468954e-09
16.796875,3.874191e-08,2.498904e-07,1.298828e-06,2.319100e-06,2.647283e-08,3.047880e-07,3.354269e-07,2.182089e-07,3.961015e-08,4.640261e-07,1.193451e-07,4.162150e-07,5.167696e-07,2.811654e-07,4.764680e-07,4.987085e-07,4.833293e-09,1.040674e-07,7.911817e-09,1.094222e-08,9.462541e-09,5.022664e-09,6.419841e-09,2.047802e-07,4.183262e-09
16.845703,7.143677e-08,1.793826e-07,1.842308e-06,2.873000e-06,2.714134e-08,2.131314e-07,3.846546e-07,2.861960e-07,1.391548e-07,6.275002e-07,1.218103e-07,3.276550e-07,3.588034e-07,4.451619e-07,2.487782e-07,6.234203e-07,1.277481e-09,1.291863e-07,1.582631e-08,5.381980e-08,9.337740e-09,3.487809e-09,3.789777e-09,1.016476e-07,1.245210e-08
16.894531,1.123939e-07,1.306365e-07,2.512033e-06,2.963300e-06,2.708630e-08,1.829059e-07,4.085966e-07,3.511285e-07,1.849081e-07,8.248891e-07,1.816654e-07,2.350956e-07,2.339956e-07,5.742686e-07,2.046338e-07,5.531237e-07,1.422917e-09,1.214178e-07,2.551812e-08,6.669887e-08,2.291808e-09,2.772711e-09,1.535241e-09,3.743475e-07,5.008942e-09
16.943359,1.530820e-07,9.306596e-08,2.947376e-06,2.621066e-06,2.813796e-08,2.279638e-07,4.206110e-07,4.214580e-07,1.879847e-07,1.025665e-06,2.197492e-07,2.006985e-07,2.309313e-07,5.799790e-07,6.774267e-08,4.230496e-07,1.551930e-09,1.195548e-07,3.270312e-08,3.862904e-08,4.080315e-09,1.231078e-09,5.019470e-09,6.659198e-07,1.014607e-08
16.992188,1.916334e-07,6.265173e-08,2.935095e-06,2.032740e-06,3.110429e-08,2.785188e-07,3.935625e-07,4.990173e-07,2.544053e-07,1.368376e-06,2.277682e-07,1.635529e-07,2.834790e-07,5.361820e-07,2.909349e-07,2.082355e-07,3.328124e-09,9.567485e-08,2.349046e-08,3.368237e-08,9.160668e-09,2.095731e-09,3.827527e-09,2.376384e-07,1.663500e-08
17.041016,2.276637e-07,7.516666e-08,2.527192e-06,1.322315e-06,3.428013e-08,2.986789e-07,3.077997e-07,4.647856e-07,3.256171e-07,1.749650e-06,2.153426e-07,4.391269e-08,3.272095e-07,3.248714e-07,3.852908e-07,2.230180e-07,2.041224e-09,1.692813e-07,2.841673e-08,7.665713e-08,1.361485e-08,4.591877e-09,3.619955e-09,1.295445e-07,1.735258e-08
17.089844,2.588421e-07,1.322144e-07,2.143357e-06,6.132147e-07,3.571249e-08,2.897870e-07,2.204488e-07,2.625983e-07,3.203190e-07,1.874712e-06,1.626013e-07,1.527978e-07,2.699352e-07,1.101206e-07,2.851166e-07,1.316056e-07,3.842322e-10,2.179040e-07,1.480443e-08,7.437387e-08,6.141992e-09,2.571099e-09,4.035676e-09,4.067290e-07,1.367604e-08
17.138672,2.802475e-07,1.880331e-07,2.305210e-06,6.955326e-07,3.481999e-08,2.551156e-07,2.142540e-07,8.979827e-08,2.613744e-07,1.598615e-06,6.712178e-08,2.629488e-07,1.083243e-07,1.734776e-07,3.834300e-07,3.338909e-08,3.049246e-10,1.753811e-07,1.362704e-08,6.018167e-08,6.418391e-09,1.902849e-09,4.543265e-09,5.421421e-07,9.276517e-09
17.187500,2.868735e-07,2.251059e-07,2.765824e-06,1.305901e-06,3.206052e-08,1.919291e-07,2.217069e-07,1.987563e-07,2.451761e-07,1.006383e-06,5.876274e-08,2.301880e-07,8.540112e-08,2.951854e-07,5.104342e-07,1.293557e-07,2.381598e-09,2.583234e-07,2.127536e-08,4.173430e-08,1.041468e-08,3.220142e-09,4.248085e-09,3.466389e-07,1.079164e-08
17.236328,2.764314e-07,2.570187e-07,2.962677e-06,1.699899e-06,2.831854e-08,1.404038e-07,1.756626e-07,1.694810e-07,2.709127e-07,5.605424e-07,9.937135e-08,8.126801e-08,1.605683e-07,3.241275e-07,3.191749e-07,1.720794e-07,3.047296e-09,3.406478e-07,1.476994e-08,2.394702e-08,1.437932e-08,1.917604e-09,6.905302e-09,2.402447e-07,1.789108e-08
17.285156,2.501253e-07,3.134179e-07,2.687733e-06,1.827864e-06,2.457239e-08,2.105804e-07,1.052248e-07,1.165213e-07,2.499279e-07,7.208068e-07,8.422719e-08,8.474928e-08,3.448651e-07,3.399440e-07,5.110662e-08,1.002241e-07,3.102791e-09,3.796374e-07,2.650584e-08,3.576495e-08,1.006070e-08,5.902857e-10,9.244056e-09,4.775362e-07,1.187065e-08
17.333984,2.114606e-07,3.932899e-07,2.068345e-06,1.837772e-06,2.108358e-08,3.160650e-07,8.151447e-08,1.536246e-07,1.769329e-07,9.067800e-07,5.145973e-08,1.942414e-07,4.853393e-07,3.318853e-07,4.284603e-07,1.406994e-07,2.886396e-09,2.933088e-07,2.853354e-08,2.396871e-08,5.114034e-09,1.129402e-09,6.489949e-09,8.128239e-07,1.065023e-08
17.382812,1.649291e-07,4.603828e-07,1.449599e-06,1.909980e-06,1.680658e-08,3.578106e-07,9.217591e-08,1.319882e-07,1.244861e-07,1.146027e-06,1.143110e-07,2.769725e-07,4.561300e-07,1.786498e-07,5.916983e-07,1.834226e-07,4.416113e-09,1.089641e-07,1.920704e-08,2.239269e-08,6.166101e-09,7.797285e-10,3.315953e-09,2.916397e-07,6.480628e-09
17.431641,1.173472e-07,4.791216e-07,1.162711e-06,2.079011e-06,1.070159e-08,3.543142e-07,9.274411e-08,1.140843e-07,1.539816e-07,1.418701e-06,2.379519e-07,2.801345e-07,3.038440e-07,1.537835e-07,1.736652e-07,1.097688e-07,3.809442e-09,7.274036e-08,4.639275e-09,7.364365e-08,3.579701e-09,1.116884e-09,2.809207e-09,1.191051e-07,1.101166e-08
17.480469,8.397175e-08,4.355674e-07,1.075576e-06,2.185642e-06,4.343850e-09,4.359305e-07,1.002004e-07,1.082457e-07,1.766108e-07,1.497750e-06,3.595935e-07,2.178192e-07,2.172805e-07,2.490482e-07,3.634123e-07,5.002762e-08,1.864661e-09,1.119120e-07,1.768885e-08,5.166243e-08,4.944486e-09,1.719846e-09,4.177503e-09,2.141235e-07,2.061090e-08
17.529297,8.428675e-08,3.434449e-07,8.566048e-07,2.038999e-06,6.973888e-09,6.134056e-07,1.125833e-07,8.898428e-08,1.196477e-07,1.291102e-06,4.651436e-07,1.527417e-07,2.509431e-07,2.359294e-07,3.971697e-07,1.500252e-07,1.428704e-09,1.191392e-07,1.674648e-08,4.557054e-08,7.024539e-09,2.636791e-09,2.347697e-09,1.083405e-07,1.233050e-08
17.578125,1.018334e-07,2.437580e-07,4.640561e-07,1.640964e-06,1.151719e-08,7.527547e-07,1.080783e-07,1.308313e-07,2.760520e-08,8.225202e-07,4.998725e-07,8.967015e-08,2.291751e-07,1.905440e-07,8.454288e-08,1.798437e-07,4.159019e-09,3.413662e-08,7.735569e-09,5.820104e-08,6.240194e-09,2.634502e-09,2.407917e-09,5.173794e-07,2.256846e-09
17.626953,1.095169e-07,1.918762e-07,2.029039e-07,1.404786e-06,1.266297e-08,7.644892e-07,1.133868e-07,1.704203e-07,1.570304e-07,2.525871e-07,4.067472e-07,1.509566e-07,1.867182e-07,1.909779e-07,2.859995e-07,2.806519e-07,5.788515e-09,9.413969e-08,1.769629e-09,5.598671e-08,3.494505e-09,2.744381e-09,3.099589e-09,6.364215e-07,1.134188e-08
17.675781,1.032427e-07,1.900974e-07,4.860545e-07,1.811317e-06,1.124024e-08,6.373286e-07,1.727194e-07,1.870360e-07,2.280540e-07,1.948884e-07,2.277713e-07,3.012855e-07,2.792756e-07,2.300759e-07,4.963540e-07,1.363209e-07,5.764241e-09,6.190773e-08,1.005826e-08,5.413461e-08,8.957372e-10,3.869619e-10,3.011337e-09,4.515537e-07,1.339657e-08
17.724609,1.002363e-07,1.794962e-07,6.877160e-07,2.518155e-06,1.015970e-08,4.220520e-07,2.336706e-07,1.541687e-07,2.147151e-07,4.297476e-07,9.932770e-08,3.361975e-07,4.252397e-07,2.555078e-07,5.594554e-07,3.154015e-08,5.007588e-09,1.060028e-07,1.978193e-08,7.588771e-08,1.752083e-09,2.866507e-09,1.038529e-09,1.520555e-07,1.009634e-08
17.773438,1.180007e-07,1.374108e-07,7.037491e-07,3.195503e-06,1.032988e-08,2.115393e-07,2.409398e-07,5.721618e-08,1.604863e-07,6.102015e-07,1.250152e-07,3.056333e-07,3.725447e-07,2.142404e-07,4.321132e-07,1.755517e-07,3.372726e-09,1.110584e-07,1.572048e-08,7.300022e-08,4.624769e-09,1.738911e-09,9.061914e-10,3.814546e-07,5.401014e-09
17.822266,1.447353e-07,8.709678e-08,5.531756e-07,3.764512e-06,9.848092e-09,2.012390e-07,1.958756e-07,7.258026e-08,1.012382e-07,7.426111e-07,2.024350e-07,3.568332e-07,2.510580e-07,1.447741e-07,1.342649e-07,2.660611e-07,5.350894e-10,5.878012e-08,1.476189e-08,4.105443e-08,6.846094e-09,1.022581e-09,1.712470e-09,9.919139e-08,4.804515e-09
17.871094,1.642488e-07,6.962835e-08,3.132812e-07,4.135016e-06,9.783532e-09,3.485308e-07,1.667391e-07,1.173422e-07,8.659717e-08,7.230732e-07,2.684084e-07,4.402941e-07,1.447599e-07,1.742533e-07,5.942512e-08,3.168134e-07,2.358151e-09,7.101657e-08,1.271766e-08,1.858684e-08,6.155048e-09,1.685882e-09,4.570702e-09,3.265185e-07,8.147299e-09
17.919922,1.786534e-07,7.902312e-08,3.151806e-07,4.174403e-06,1.324840e-08,4.629257e-07,1.881894e-07,8.071942e-08,1.550433e-07,5.775180e-07,2.458760e-07,4.725405e-07,4.990318e-08,2.116145e-07,2.661987e-07,2.782918e-07,2.115489e-09,9.505095e-08,8.043882e-09,4.889507e-08,6.763458e-09,1.866534e-09,4.149186e-09,4.092453e-07,1.184052e-08
17.968750,2.007411e-07,1.167992e-07,6.169037e-07,3.845154e-06,1.791583e-08,4.983620e-07,1.931748e-07,1.271831e-08,1.957922e-07,4.262237e-07,1.546607e-07,4.946887e-07,8.461325e-08,3.436318e-07,5.619736e-07,2.117435e-07,9.707672e-10,1.145018e-07,1.070022e-08,6.924600e-08,6.830524e-09,2.037288e-09,2.166863e-09,3.891817e-07,1.054941e-08
18.017578,2.309216e-07,2.043577e-07,8.663902e-07,3.276811e-06,2.030289e-08,4.502955e-07,1.647815e-07,2.731094e-08,1.848567e-07,3.689893e-07,1.038588e-07,4.035522e-07,1.902556e-07,4.283992e-07,7.728786e-07,2.468355e-07,2.210113e-09,9.273725e-08,1.368192e-08,7.544990e-08,3.665693e-09,2.033856e-09,2.693298e-09,1.373481e-07,3.404050e-09
18.066406,2.527599e-07,3.100558e-07,9.486771e-07,2.681959e-06,1.927887e-08,3.460042e-07,1.417632e-07,3.017230e-08,1.648099e-07,4.428408e-07,8.095428e-08,2.586520e-07,2.998884e-07,3.715531e-07,7.320717e-07,4.172423e-07,3.833917e-09,1.137298e-07,1.453178e-08,4.848027e-08,6.497283e-09,1.709077e-09,2.133512e-09,3.641200e-07,9.458257e-09
18.115234,2.513468e-07,3.915548e-07,8.367514e-07,2.190087e-06,1.563623e-08,2.381723e-07,1.323871e-07,9.816498e-08,1.647321e-07,6.213272e-07,8.694364e-08,2.272302e-07,3.308667e-07,2.252994e-07,5.087131e-07,4.847338e-07,4.389865e-09,2.103379e-07,6.784512e-09,2.025381e-08,3.951402e-09,8.970193e-10,3.135706e-09,3.490596e-07,9.213699e-09
18.164062,2.257257e-07,4.214512e-07,5.934712e-07,1.778835e-06,1.106924e-08,1.869684e-07,1.072178e-07,1.961528e-07,1.716278e-07,8.307192e-07,1.094107e-07,2.146283e-07,2.288156e-07,2.218295e-07,3.375000e-07,4.034728e-07,5.083979e-09,1.273654e-07,1.217654e-08,7.395041e-09,2.917982e-09,1.592915e-09,5.914740e-09,2.084745e-07,3.870058e-09
18.212891,1.887265e-07,3.976709e-07,4.904114e-07,1.389007e-06,7.680946e-09,1.887964e-07,8.069364e-08,2.816752e-07,1.513667e-07,9.811818e-07,1.017975e-07,2.338835e-07,1.582040e-07,3.004084e-07,4.311145e-07,2.952851e-07,3.282852e-09,6.370861e-08,1.304002e-08,4.233530e-08,4.650961e-10,2.588304e-09,2.620450e-09,4.438407e-07,1.146520e-08
18.261719,1.559414e-07,3.467320e-07,8.068654e-07,1.042772e-06,7.551179e-09,1.872984e-07,1.031490e-07,3.447247e-07,8.072706e-08,1.009912e-06,1.077467e-07,3.158164e-07,1.065383e-07,2.905528e-07,5.091993e-07,1.631800e-07,4.748754e-10,1.120776e-07,5.241804e-09,3.045470e-08,4.076970e-09,1.779579e-09,1.384723e-09,6.896363e-07,1.019530e-08
18.310547,1.289939e-07,3.141021e-07,1.261351e-06,8.447531e-07,9.230001e-09,1.668436e-07,1.465636e-07,3.688147e-07,3.733601e-08,9.134150e-07,1.578286e-07,4.348389e-07,4.319764e-08,3.030347e-07,4.081704e-07,7.001672e-08,1.604723e-09,1.382580e-07,7.851883e-09,3.666756e-08,7.306846e-09,2.568260e-09,1.795201e-10,6.055269e-07,7.451839e-09
18.359375,9.557345e-08,3.255121e-07,1.671563e-06,8.613917e-07,1.024276e-08,1.434147e-07,1.887979e-07,3.294977e-07,1.269364e-07,7.142029e-07,2.032456e-07,4.945093e-07,1.212756e-07,5.117007e-07,8.172631e-08,6.289642e-08,8.258498e-10,8.345431e-08,7.277077e-09,3.515191e-08,7.349101e-09,3.275413e-09,1.840913e-09,4.292227e-07,3.262274e-09
18.408203,4.929471e-08,3.578453e-07,1.961348e-06,9.869881e-07,1.045875e-08,1.527667e-07,2.361979e-07,2.460873e-07,2.192302e-07,3.996508e-07,1.722328e-07,3.747728e-07,2.368401e-07,5.150038e-07,2.229943e-07,8.278441e-08,1.291795e-09,1.103333e-07,2.213795e-08,2.329137e-08,8.354977e-09,2.125502e-09,2.040779e-09,4.976199e-08,3.812685e-09
18.457031,2.572208e-08,3.789767e-07,2.088051e-06,1.069623e-06,1.096128e-08,1.960908e-07,2.729717e-07,1.744473e-07,3.013682e-07,1.416254e-07,8.798114e-08,1.890956e-07,2.676635e-07,2.493654e-07,2.364827e-07,7.117602e-08,1.639395e-09,9.883759e-08,3.233519e-08,3.487738e-08,2.568517e-09,3.268752e-09,4.478297e-09,2.683837e-07,1.607484e-08
18.505859,7.172946e-08,3.767268e-07,2.038613e-06,1.005790e-06,1.179449e-08,2.215748e-07,2.710381e-07,1.239687e-07,3.426178e-07,5.056243e-07,1.052740e-07,1.593474e-07,1.915518e-07,1.026184e-07,3.318096e-07,2.536509e-07,5.639108e-10,1.418898e-07,2.197693e-08,3.870464e-08,5.758588e-09,3.264548e-09,2.847250e-09,6.861593e-08,1.701264e-08
18.554688,1.086562e-07,3.536188e-07,1.844205e-06,7.517460e-07,1.176842e-08,1.958084e-07,2.336890e-07,8.201314e-08,3.372538e-07,6.802218e-07,1.910895e-07,1.704515e-07,9.611604e-08,2.624641e-07,4.087706e-07,3.127869e-07,1.730745e-09,1.247153e-07,4.509464e-09,2.704223e-08,1.297311e-09,9.282465e-10,8.309124e-10,7.103700e-07,1.264815e-08
18.603516,1.242130e-07,3.160604e-07,1.589505e-06,3.574008e-07,1.024189e-08,1.234856e-07,2.082652e-07,9.596280e-08,2.999628e-07,5.526401e-07,2.428696e-07,1.553922e-07,5.382353e-08,2.375815e-07,4.374089e-07,2.725152e-07,6.331591e-10,1.568139e-07,1.382088e-08,6.185306e-08,3.834246e-09,9.784668e-10,5.170951e-09,7.216855e-07,1.129584e-08
18.652344,1.206961e-07,2.674930e-07,1.381937e-06,2.059060e-07,7.716035e-09,6.570241e-08,2.225532e-07,1.078563e-07,2.687342e-07,4.556615e-07,2.073194e-07,1.025293e-07,4.682205e-08,2.824895e-07,4.470062e-07,2.290740e-07,7.177448e-10,2.553018e-07,1.041736e-08,6.535608e-08,3.811521e-09,6.678057e-10,3.181947e-09,3.011028e-07,1.477494e-08
18.701172,1.071502e-07,2.080294e-07,1.262026e-06,4.942315e-07,5.381211e-09,1.298010e-07,2.389568e-07,7.053998e-08,2.661566e-07,6.556032e-07,1.055961e-07,1.163523e-07,1.000980e-07,2.575372e-07,4.462766e-07,1.061759e-07,1.254964e-09,2.930393e-07,1.493018e-08,3.325186e-08,1.512091e-09,2.186798e-09,1.057784e-09,3.875634e-07,1.184475e-08
18.750000,9.302896e-08,1.391795e-07,1.162663e-06,6.304369e-07,4.279998e-09,1.979604e-07,2.322744e-07,1.304017e-07,2.191366e-07,8.177712e-07,4.230363e-08,1.836184e-07,2.002418e-07,2.230853e-07,2.446111e-07,7.171117e-08,1.533004e-09,2.372906e-07,1.554886e-08,4.069633e-08,3.891507e-09,1.950120e-09,7.335118e-10,2.082415e-07,2.971558e-09
18.798828,8.204498e-08,6.897947e-08,1.012351e-06,6.419629e-07,4.059508e-09,2.214223e-07,2.081464e-07,2.508514e-07,1.530318e-07,8.403924e-07,7.134663e-08,1.859921e-07,2.382833e-07,1.647349e-07,1.507564e-07,1.375675e-07,1.077885e-09,1.478068e-07,1.377605e-08,4.748599e-08,2.372809e-09,1.901656e-09,4.908832e-09,4.531363e-07,4.488787e-09
18.847656,7.268234e-08,2.808525e-08,8.222589e-07,7.037344e-07,3.830110e-09,2.033962e-07,1.768794e-07,3.179090e-07,2.322465e-07,7.429208e-07,1.274212e-07,2.051773e-07,2.356951e-07,4.890586e-08,6.836733e-08,3.079344e-08,1.878405e-09,7.988525e-08,1.535408e-08,3.273279e-08,7.112867e-10,9.718847e-10,6.905251e-09,3.409554e-07,5.434055e-09
18.896484,6.420036e-08,5.648341e-08,6.595562e-07,8.534695e-07,4.239708e-09,1.698010e-07,1.440085e-07,3.217621e-07,2.938165e-07,6.398714e-07,1.854783e-07,2.421944e-07,2.877601e-07,1.162176e-07,2.486314e-07,8.783159e-08,1.868541e-09,9.234646e-08,1.267419e-08,4.801538e-08,2.156550e-09,2.134610e-09,5.151753e-09,1.239072e-07,1.360688e-09
18.945312,5.772871e-08,7.590776e-08,5.497205e-07,9.704813e-07,6.213039e-09,1.543435e-07,1.138007e-07,3.103773e-07,2.493340e-07,6.040889e-07,2.231957e-07,2.106973e-07,2.821968e-07,2.327870e-07,1.895922e-07,1.395499e-07,1.640955e-09,5.694524e-08,1.214961e-08,8.558911e-08,5.117433e-09,1.731718e-09,2.745326e-10,3.173623e-07,4.135602e-09
18.994141,5.199046e-08,7.491186e-08,4.405048e-07,9.991642e-07,8.735994e-09,1.650948e-07,8.856611e-08,3.147953e-07,1.468440e-07,4.616081e-07,2.135547e-07,1.904966e-07,1.331859e-07,2.952815e-07,1.887100e-07,1.056316e-07,5.564793e-10,1.870406e-08,6.100018e-09,3.338642e-08,5.033857e-10,1.965592e-09,4.089887e-10,6.747370e-07,2.225197e-09
19.042969,4.292659e-08,6.246284e-08,3.181004e-07,9.670605e-07,1.063859e-08,1.629147e-07,6.933265e-08,3.266360e-07,9.334974e-08,2.184518e-07,1.459267e-07,1.344757e-07,3.997441e-07,2.403765e-07,1.443881e-07,1.279444e-07,8.840699e-10,8.029118e-08,5.493996e-09,4.099782e-08,4.248755e-09,1.372178e-09,3.426439e-09,4.741146e-07,3.052371e-09
19.091797,2.889415e-08,5.063810e-08,3.247051e-07,9.149766e-07,1.152295e-08,1.286503e-07,5.728840e-08,3.500701e-07,1.461559e-07,3.861473e-07,8.584975e-08,2.955715e-08,5.058732e-07,1.065889e-07,4.135528e-07,2.169083e-07,1.626814e-09,9.994636e-08,7.714210e-09,2.953028e-08,5.518416e-09,2.404234e-09,3.420411e-09,2.597536e-07,8.768605e-09
19.140625,1.742899e-08,4.639958e-08,5.054626e-07,8.589178e-07,1.169893e-08,1.240931e-07,4.704578e-08,3.971682e-07,2.089836e-07,5.398930e-07,1.207235e-07,9.734612e-08,3.531138e-07,7.008366e-08,4.260106e-07,2.331768e-07,1.721975e-09,6.846644e-08,6.420354e-09,1.146871e-08,2.308914e-09,1.972300e-09,3.387073e-09,2.717542e-07,8.381127e-09
19.189453,2.578592e-08,5.217116e-08,6.941278e-07,8.014025e-07,1.177842e-08,1.739719e-07,3.689573e-08,4.460950e-07,2.604329e-07,5.969858e-07,1.797950e-07,2.571624e-08,3.302911e-07,2.189562e-07,2.938321e-07,1.371739e-07,1.507548e-09,8.103180e-08,1.232456e-08,3.443794e-09,1.446523e-09,1.186535e-09,4.375547e-09,2.042340e-07,1.780722e-09
19.238281,3.917464e-08,6.972742e-08,7.977786e-07,7.650626e-07,1.217272e-08,1.978208e-07,4.316104e-08,4.355582e-07,2.643244e-07,8.750491e-07,1.913436e-07,1.456538e-07,3.494079e-07,2.519646e-07,2.946068e-07,1.170832e-07,1.654702e-09,1.393466e-07,1.331877e-08,1.550471e-08,3.479159e-09,1.433348e-09,5.172667e-09,3.250767e-07,7.109636e-09
19.287109,4.574261e-08,9.409621e-08,7.852340e-07,7.936169e-07,1.281878e-08,1.766865e-07,5.598436e-08,3.119766e-07,2.098033e-07,1.133899e-06,1.447180e-07,2.064540e-07,3.020910e-07,1.926788e-07,2.525971e-07,2.939521e-07,1.241674e-09,1.358780e-07,9.132978e-09,2.788682e-08,2.729648e-09,1.441275e-09,2.749377e-09,1.392089e-07,1.039285e-08
19.335938,4.379260e-08,1.164377e-07,6.990933e-07,8.688707e-07,1.327791e-08,1.441534e-07,5.728953e-08,1.315367e-07,1.929677e-07,1.151040e-06,1.688857e-07,1.371557e-07,2.799314e-07,1.378921e-07,3.283485e-07,3.349076e-07,1.578878e-10,4.927759e-08,5.168625e-09,3.059036e-08,4.339383e-09,3.137923e-10,1.758692e-09,2.171339e-07,7.549500e-09
19.384766,3.568760e-08,1.303035e-07,6.972818e-07,9.023485e-07,1.308261e-08,1.386068e-07,5.779470e-08,2.713371e-07,2.416423e-07,9.979892e-07,2.516313e-07,4.663782e-08,2.272757e-07,1.709075e-07,3.981378e-07,2.271145e-07,4.130306e-10,5.720033e-08,5.182380e-09,4.067889e-08,1.051810e-09,1.435389e-09,1.607506e-09,2.433886e-07,3.837328e-09
19.433594,2.626095e-08,1.334571e-07,8.943729e-07,8.499330e-07,1.206343e-08,1.689675e-07,6.954491e-08,4.505719e-07,2.734632e-07,6.633789e-07,3.136591e-07,1.273633e-07,1.383887e-07,2.248481e-07,3.888397e-07,1.514035e-07,1.169313e-09,1.110248e-07,6.985762e-09,5.132281e-08,7.188626e-10,6.796823e-10,3.080872e-09,1.576120e-07,8.619844e-09
19.482422,2.495335e-08,1.269958e-07,1.157777e-06,7.534085e-07,1.040567e-08,2.139205e-07,7.769772e-08,4.896289e-07,3.052630e-07,1.952662e-07,3.589478e-07,2.624276e-07,9.488831e-08,2.290661e-07,2.831820e-07,2.390694e-07,1.412974e-09,1.248276e-07,1.014045e-08,2.107709e-08,3.874245e-09,5.809044e-10,3.455307e-09,2.882030e-07,1.457586e-09
19.531250,3.991193e-08,1.135391e-07,1.343131e-06,6.692321e-07,8.365431e-09,2.444135e-07,8.365115e-08,4.130249e-07,3.395600e-07,5.270218e-07,3.426336e-07,2.850977e-07,1.480415e-07,1.831188e-07,2.215143e-07,2.929038e-07,1.038235e-09,6.622386e-08,9.585981e-09,4.054176e-08,3.009654e-09,4.677037e-10,2.449991e-09,6.375907e-07,1.114432e-08
19.580078,6.476965e-08,9.641747e-08,1.427615e-06,6.364972e-07,5.991018e-09,2.407162e-07,1.063257e-07,3.157697e-07,3.343222e-07,8.404512e-07,2.469620e-07,1.717680e-07,2.735416e-07,8.455095e-08,2.489945e-07,3.230437e-07,3.630345e-10,2.833018e-08,4.363543e-09,3.934978e-08,8.954930e-10,4.245461e-10,2.885385e-09,3.905231e-07,4.339323e-09
19.628906,9.211448e-08,8.164074e-08,1.491731e-06,7.251579e-07,3.278849e-09,2.031668e-07,1.337715e-07,2.708404e-07,3.202775e-07,9.740971e-07,1.428098e-07,5.546518e-08,3.317882e-07,3.376935e-08,2.867496e-07,1.866457e-07,1.486053e-10,1.227663e-07,5.571835e-10,5.147834e-08,4.556100e-09,1.054270e-10,2.400064e-09,2.292893e-07,6.842685e-09
19.677734,1.157764e-07,8.059654e-08,1.601415e-06,8.808362e-07,1.347534e-09,1.830225e-07,1.427742e-07,2.628727e-07,3.450927e-07,9.900264e-07,9.144528e-08,1.282286e-07,2.169689e-07,3.540354e-08,3.392512e-07,8.515788e-08,1.279293e-09,1.204876e-07,3.935217e-09,2.414048e-08,3.056199e-09,7.083808e-10,1.907743e-09,3.234040e-07,1.651713e-09
19.726562,1.313247e-07,9.958088e-08,1.694720e-06,9.220054e-07,3.154482e-09,2.325462e-07,1.318348e-07,2.382609e-07,3.401344e-07,7.821154e-07,7.462567e-08,2.162572e-07,7.997843e-08,1.062570e-07,4.261430e-07,9.632470e-08,1.389696e-09,8.835181e-08,5.545448e-09,2.096319e-08,1.126937e-09,1.480462e-09,2.077545e-09,4.353934e-07,5.797997e-09
19.775391,1.375275e-07,1.289189e-07,1.660337e-06,7.779302e-07,4.787462e-09,2.780699e-07,1.157845e-07,1.992412e-07,2.695120e-07,4.156704e-07,1.015413e-07,2.584533e-07,1.920885e-07,1.490188e-07,4.996046e-07,7.720548e-08,1.366362e-09,1.587310e-07,4.540825e-09,1.721311e-08,2.059756e-09,1.225255e-09,1.563569e-09,5.974633e-07,3.325293e-09
19.824219,1.362569e-07,1.567394e-07,1.491102e-06,6.089202e-07,5.072380e-09,2.574692e-07,9.673472e-08,1.888360e-07,2.005214e-07,1.339695e-07,1.607923e-07,1.982396e-07,2.928880e-07,1.481147e-07,4.799117e-07,5.141486e-08,8.990779e-10,1.221237e-07,1.333726e-08,2.567686e-08,2.127024e-09,3.051387e-10,1.142078e-09,2.896312e-07,3.046203e-09
19.873047,1.304232e-07,1.774798e-07,1.347294e-06,6.177253e-07,4.091942e-09,1.802807e-07,6.283498e-08,1.682982e-07,1.598879e-07,2.051351e-07,2.033827e-07,6.777816e-08,2.604343e-07,2.007985e-07,2.911474e-07,1.329158e-07,3.423596e-10,2.794480e-08,1.143831e-08,2.565560e-08,1.088560e-09,1.191405e-09,1.165663e-09,7.139824e-08,1.585034e-09
19.921875,1.214611e-07,1.926819e-07,1.401403e-06,6.112833e-07,2.626821e-09,8.970991e-08,3.416982e-08,1.042023e-07,1.181573e-07,3.896386e-07,1.850899e-07,8.629919e-08,2.142117e-07,2.182633e-07,2.391851e-07,3.956440e-08,7.001857e-10,4.055551e-08,9.119917e-09,4.191209e-08,1.995586e-09,1.703803e-09,1.557004e-09,2.592192e-07,4.873678e-09
19.970703,1.088930e-07,2.079763e-07,1.550379e-06,4.511942e-07,2.103716e-09,1.210706e-08,5.493442e-08,8.297396e-08,1.192064e-07,4.534402e-07,1.226408e-07,1.640164e-07,2.503714e-07,1.843653e-07,5.166564e-07,4.556696e-08,9.965149e-10,7.579324e-08,9.466512e-09,5.941908e-08,2.264656e-09,1.248174e-09,1.463448e-09,2.369922e-07,5.625943e-09
20.019531,9.209770e-08,2.258617e-07,1.580681e-06,4.687677e-07,2.898916e-09,6.074830e-08,6.259123e-08,1.129275e-07,1.472846e-07,4.060901e-07,8.151777e-08,2.327388e-07,2.516883e-07,2.130584e-07,5.168133e-07,9.562093e-08,1.643304e-09,8.619876e-08,7.537740e-09,4.934581e-08,2.733850e-09,1.233495e-09,1.449042e-09,2.254339e-07,7.384332e-09
20.068359,7.207671e-08,2.412458e-07,1.426208e-06,7.743292e-07,4.114062e-09,1.000983e-07,4.226196e-08,1.051554e-07,1.763982e-07,4.243959e-07,9.120087e-08,3.020935e-07,2.612716e-07,2.237629e-07,2.737167e-07,2.033206e-07,1.612579e-09,5.949358e-08,4.822384e-09,5.628709e-08,2.603925e-09,1.104078e-09,1.773394e-09,3.815369e-07,5.491142e-09
20.117188,5.198171e-08,2.456416e-07,1.178236e-06,1.039283e-06,5.498037e-09,8.895801e-08,1.795178e-08,7.802756e-08,1.922692e-07,4.898935e-07,1.196594e-07,3.252900e-07,1.691326e-07,2.369894e-07,6.273031e-08,1.370171e-07,1.269021e-09,9.087858e-08,3.290203e-09,4.250452e-08,4.400521e-09,3.682062e-10,2.680103e-09,1.971408e-07,5.787513e-09
20.166016,3.711904e-08,2.342986e-07,9.962657e-07,1.283262e-06,6.529439e-09,3.719821e-08,2.820836e-08,7.000701e-08,1.606490e-07,4.857695e-07,1.425640e-07,3.093202e-07,8.362798e-08,2.694078e-07,1.073038e-07,6.381230e-08,7.786229e-10,1.579361e-07,1.883913e-09,6.277752e-08,4.152369e-09,6.659485e-10,2.177947e-09,2.314191e-07,3.701788e-09
20.214844,3.192508e-08,2.097423e-07,9.905844e-07,1.609921e-06,6.569240e-09,3.895723e-08,6.425276e-08,8.616979e-08,8.848689e-08,4.074190e-07,1.449235e-07,3.139583e-07,1.575769e-07,2.150435e-07,2.294334e-07,1.016155e-07,6.516855e-10,1.159011e-07,7.034800e-09,3.504993e-08,2.444131e-09,4.430256e-10,1.035342e-09,1.024260e-07,2.202234e-09
20.263672,3.136301e-08,1.804202e-07,1.178391e-06,1.900204e-06,5.433908e-09,9.734892e-08,9.663257e-08,1.161622e-07,3.684940e-08,3.200083e-07,1.460255e-07,3.533181e-07,1.783693e-07,1.661149e-07,3.539061e-07,2.700218e-08,6.967236e-10,7.071274e-08,8.137709e-09,2.742156e-08,1.168486e-09,3.463955e-10,3.148613e-09,1.381543e-07,2.979129e-09
20.312500,2.643474e-08,1.550285e-07,1.509532e-06,1.935894e-06,3.552601e-09,1.603247e-07,9.778027e-08,1.472480e-07,3.185266e-08,3.017129e-07,1.770063e-07,3.277596e-07,1.991587e-07,1.484493e-07,4.294590e-07,1.140675e-07,1.188986e-09,6.191413e-08,7.920346e-09,2.571801e-08,2.296826e-09,7.565354e-10,2.604921e-09,5.162441e-07,1.303824e-09
20.361328,1.410277e-08,1.355913e-07,1.864604e-06,1.616047e-06,1.649115e-09,2.178522e-07,7.450746e-08,1.571012e-07,6.774004e-08,3.586658e-07,1.994517e-07,2.699200e-07,1.652810e-07,1.159937e-07,2.793002e-07,7.430200e-08,1.414761e-09,9.598455e-08,2.793249e-09,1.099126e-08,2.279779e-09,5.979739e-10,1.341900e-09,3.311413e-07,1.728768e-09
20.410156,7.464973e-09,1.171623e-07,2.112853e-06,1.017582e-06,1.011182e-09,2.442842e-07,8.230739e-08,1.390879e-07,1.396073e-07,4.411324e-07,1.915094e-07,2.748008e-07,6.716753e-08,8.704398e-08,1.633428e-07,3.950682e-08,7.824549e-10,7.487779e-08,2.471231e-09,1.804558e-08,1.664200e-09,7.663000e-10,1.746341e-09,3.144663e-07,3.098131e-09
20.458984,2.515380e-08,9.508789e-08,2.193223e-06,4.820508e-07,2.479939e-09,2.307751e-07,1.049299e-07,1.354714e-07,1.709894e-07,4.983464e-07,1.822684e-07,2.530760e-07,1.481580e-07,4.243043e-08,3.512901e-07,2.977122e-08,5.581080e-10,6.218056e-08,3.610513e-09,1.380211e-08,1.793716e-09,1.010360e-09,3.018363e-09,4.212844e-07,3.296395e-09
20.507812,3.941993e-08,6.972538e-08,2.139017e-06,7.823419e-07,4.148031e-09,1.930100e-07,9.737008e-08,1.763992e-07,1.484917e-07,6.154076e-07,1.786585e-07,2.257090e-07,3.186006e-07,7.639889e-08,3.311792e-07,6.921219e-08,6.542329e-10,1.228260e-07,2.600587e-09,8.702520e-09,1.814814e-09,1.184359e-09,3.109276e-09,2.893659e-07,7.306801e-10
20.556641,4.625904e-08,4.562853e-08,2.026456e-06,1.270114e-06,5.294377e-09,1.567525e-07,7.549714e-08,2.114582e-07,1.356475e-07,8.197933e-07,1.596541e-07,1.301254e-07,3.785870e-07,1.269362e-07,1.409745e-07,8.463301e-08,3.829630e-10,1.562491e-07,4.240547e-09,5.272080e-09,2.737644e-09,1.578279e-09,1.854615e-09,7.598531e-07,2.705524e-09
20.605469,4.736042e-08,3.065284e-08,1.889891e-06,1.605664e-06,5.517197e-09,1.521741e-07,7.908134e-08,2.014888e-07,1.627602e-07,9.157705e-07,1.213033e-07,9.392497e-08,3.429021e-07,1.055466e-07,6.843690e-08,1.206056e-07,7.375193e-10,1.092215e-07,5.125771e-09,4.998208e-09,3.247580e-09,5.266933e-10,1.831587e-09,4.423727e-07,4.231016e-09
20.654297,4.818650e-08,3.390173e-08,1.700591e-06,1.874605e-06,5.084467e-09,1.986291e-07,9.969584e-08,1.397811e-07,1.787327e-07,9.272140e-07,8.205919e-08,2.540787e-07,3.035524e-07,2.483892e-08,1.691867e-07,1.615088e-07,5.469072e-10,9.607436e-08,3.329169e-09,1.952373e-08,2.264538e-09,3.864297e-10,9.066280e-10,6.703966e-07,3.416650e-09
20.703125,5.199992e-08,4.984249e-08,1.427680e-06,2.175278e-06,4.832419e-09,2.708833e-07,1.194160e-07,4.572671e-08,1.702921e-07,1.053749e-06,7.647875e-08,3.905411e-07,2.895537e-07,1.062481e-07,2.515820e-07,2.178344e-07,4.825581e-10,5.807659e-08,2.733232e-09,3.692223e-08,7.125030e-10,1.886951e-10,9.260364e-10,5.800687e-07,2.761603e-09
20.751953,5.581205e-08,7.023722e-08,1.087046e-06,2.442747e-06,5.018231e-09,3.320521e-07,1.268032e-07,5.856810e-08,1.522053e-07,1.090402e-06,6.520432e-08,4.409242e-07,2.764662e-07,1.594899e-07,2.090190e-07,2.429304e-07,1.076782e-09,1.005271e-07,1.691025e-09,5.452481e-08,9.706430e-10,6.568694e-10,4.557808e-10,3.889336e-07,2.325404e-09
20.800781,5.546290e-08,9.117266e-08,7.336380e-07,2.539206e-06,4.933640e-09,3.655666e-07,1.113823e-07,1.152555e-07,1.412616e-07,8.270890e-07,4.638901e-08,3.606870e-07,1.932473e-07,1.448638e-07,1.947438e-07,2.046132e-07,1.602767e-09,1.683405e-07,1.777639e-09,3.457343e-08,1.085253e-09,8.696219e-10,5.325514e-10,2.045962e-07,1.356021e-09
20.849609,5.012452e-08,1.081298e-07,4.289437e-07,2.411915e-06,4.138182e-09,3.749842e-07,8.537852e-08,1.179118e-07,1.456403e-07,4.554627e-07,7.458675e-08,2.214156e-07,1.185347e-07,7.885170e-08,2.102145e-07,1.802536e-07,1.725824e-09,1.319558e-07,1.400099e-09,3.675486e-08,5.957993e-10,6.195871e-10,8.068676e-10,8.537396e-08,1.775317e-09
20.898438,4.212304e-08,1.154546e-07,2.163931e-07,2.109461e-06,2.914075e-09,3.610735e-07,7.409416e-08,7.889433e-08,1.631630e-07,3.088902e-07,8.174437e-08,1.259521e-07,1.197812e-07,5.015926e-08,1.323605e-07,7.003764e-08,9.672079e-10,1.250343e-07,2.015098e-09,3.331007e-08,1.259720e-09,3.371870e-10,8.888827e-10,3.682417e-07,3.215593e-09
20.947266,3.459580e-08,1.085246e-07,1.111885e-07,1.700594e-06,1.990073e-09,3.190299e-07,6.675243e-08,3.630599e-08,1.921729e-07,2.997000e-07,9.063823e-08,1.501969e-07,1.249850e-07,1.351701e-07,8.814081e-09,8.577906e-08,7.126063e-10,8.745799e-08,6.163684e-09,1.456392e-08,2.033721e-09,7.132761e-10,6.043679e-10,2.037548e-07,2.128303e-09
20.996094,2.893312e-08,8.693222e-08,9.988602e-08,1.229763e-06,2.095792e-09,2.670047e-07,4.422442e-08,5.290134e-08,2.262653e-07,3.413665e-07,6.225570e-08,1.551157e-07,1.172372e-07,1.429473e-07,9.021993e-08,6.607346e-08,3.642847e-10,6.990157e-08,9.148520e-09,4.548245e-09,1.380868e-09,2.978530e-10,1.426429e-09,2.551784e-07,1.528221e-09
21.044922,2.430808e-08,5.788453e-08,1.400589e-07,7.622979e-07,3.072015e-09,2.350611e-07,1.688355e-08,8.877424e-08,2.443292e-07,3.155341e-07,7.419377e-08,1.701383e-07,1.243156e-07,1.741413e-07,1.156724e-07,1.796786e-07,1.350876e-10,6.083699e-08,9.099178e-09,3.703794e-09,1.505428e-09,5.919954e-10,1.308339e-09,2.814551e-07,2.670696e-09
21.093750,1.969785e-08,4.243842e-08,1.815452e-07,4.295566e-07,4.336480e-09,2.085661e-07,8.309747e-09,1.111096e-07,2.442148e-07,1.123737e-07,1.778376e-07,2.475899e-07,1.296407e-07,1.914372e-07,7.843820e-08,1.355275e-07,1.041457e-10,4.131345e-08,2.781667e-09,1.568355e-08,4.950527e-10,4.042689e-10,5.745714e-10,3.118814e-07,1.080560e-09
21.142578,1.524474e-08,5.645400e-08,2.462772e-07,3.310780e-07,5.330920e-09,1.622380e-07,3.235493e-09,1.050245e-07,2.466643e-07,3.305197e-07,2.344024e-07,2.962175e-07,1.387544e-07,1.641699e-07,6.051578e-08,2.051464e-07,9.233643e-11,1.708218e-08,4.492655e-09,1.643102e-08,9.064780e-10,2.353012e-10,1.000936e-09,2.565538e-07,1.743274e-09
21.191406,1.205985e-08,7.600031e-08,4.503570e-07,3.227594e-07,5.584917e-09,1.230122e-07,1.937308e-08,6.432130e-08,2.373239e-07,6.699283e-07,2.918044e-07,2.554846e-07,1.350516e-07,9.460523e-08,3.948825e-08,3.383007e-07,1.375056e-10,6.376473e-08,6.104950e-09,2.538184e-08,1.236687e-09,1.805152e-10,6.903796e-10,2.690448e-07,7.764549e-10
21.240234,1.154786e-08,8.995922e-08,7.971203e-07,3.382818e-07,4.945524e-09,1.210577e-07,3.738437e-08,2.413771e-08,1.955693e-07,8.361910e-07,3.235578e-07,1.633045e-07,9.162397e-08,1.320780e-08,4.518581e-08,3.102614e-07,5.144779e-10,8.875882e-08,4.104924e-09,5.012617e-09,1.118508e-09,8.929536e-10,1.657455e-09,2.918764e-07,3.674962e-09
21.289062,1.389161e-08,9.930277e-08,1.183293e-06,4.121390e-07,3.666423e-09,1.230944e-07,4.779719e-08,6.136317e-08,1.456460e-07,8.190173e-07,2.783039e-07,9.567457e-08,1.039627e-07,9.497143e-08,5.504959e-08,1.308785e-07,3.904671e-10,5.343778e-08,2.239086e-09,2.274518e-08,1.293956e-09,1.061957e-09,6.869689e-10,1.237504e-07,2.376833e-09
21.337891,1.762013e-08,1.044947e-07,1.482887e-06,5.369064e-07,2.297127e-09,1.203950e-07,5.215709e-08,8.921697e-08,1.057618e-07,6.576079e-07,2.318338e-07,6.347207e-08,1.962238e-07,1.694605e-07,6.521956e-08,1.434681e-07,2.558039e-10,2.810014e-08,4.431916e-10,1.533343e-08,1.970492e-09,4.041231e-10,8.131453e-10,3.034396e-07,3.586807e-09
21.386719,2.102419e-08,1.035516e-07,1.596030e-06,6.997424e-07,1.371784e-09,1.261376e-07,5.045314e-08,9.733076e-08,6.451735e-08,3.839637e-07,2.272167e-07,8.770900e-08,2.785342e-07,2.090931e-07,1.724754e-07,2.602651e-07,5.093844e-10,6.472288e-08,1.529318e-09,1.933388e-08,1.463291e-09,6.895244e-10,7.045241e-10,4.003819e-07,2.592826e-09
21.435547,2.272340e-08,9.779751e-08,1.505439e-06,8.104995e-07,8.543232e-10,1.237167e-07,3.989603e-08,7.913580e-08,3.975665e-08,3.574823e-07,2.350882e-07,1.163579e-07,2.766668e-07,2.382075e-07,2.489229e-07,1.841024e-07,7.600781e-10,6.430314e-08,1.106624e-09,2.712733e-08,2.611647e-09,8.407773e-10,7.737571e-10,2.669381e-07,1.565941e-09
21.484375,2.211596e-08,9.533007e-08,1.329415e-06,7.524822e-07,3.033010e-10,9.778166e-08,2.337251e-08,3.272857e-08,5.358727e-08,5.159689e-07,2.257955e-07,1.546713e-07,1.873103e-07,2.529474e-07,2.448934e-07,9.107231e-08,9.527040e-10,1.160080e-07,3.832115e-09,1.670946e-08,3.157940e-09,3.515801e-10,9.166723e-10,4.385537e-07,4.914368e-10
21.533203,1.991568e-08,1.023632e-07,1.303656e-06,5.393443e-07,7.907799e-10,5.920460e-08,1.391663e-08,2.998690e-08,8.001360e-08,4.230421e-07,1.515056e-07,1.302161e-07,6.096029e-08,1.795696e-07,2.204340e-07,1.020450e-07,1.067312e-09,8.694872e-08,2.537053e-09,3.555179e-08,2.620788e-10,9.192484e-10,6.494747e-10,2.644399e-07,9.626005e-10
21.582031,1.779905e-08,1.125520e-07,1.516202e-06,4.498038e-07,1.678973e-09,3.314070e-08,3.301136e-08,6.798878e-08,8.264381e-08,2.977479e-07,4.316710e-08,1.896623e-08,6.307942e-08,1.232723e-07,1.936707e-07,1.912954e-07,6.269610e-10,5.731123e-08,7.285671e-09,4.317375e-08,1.267677e-09,8.810150e-10,3.415609e-10,2.159876e-07,3.590656e-09
21.630859,1.639482e-08,1.153027e-07,1.787108e-06,5.876830e-07,2.382368e-09,3.612145e-08,6.252682e-08,8.699411e-08,4.628797e-08,3.995897e-07,3.148199e-08,1.177996e-07,1.333535e-07,1.280239e-07,1.959526e-07,2.014829e-07,3.796774e-10,8.065663e-08,8.068656e-09,3.731525e-08,6.393914e-10,2.591734e-10,1.596472e-10,2.791222e-07,2.733450e-09
21.679688,1.425000e-08,1.061496e-07,1.961279e-06,5.872905e-07,2.854175e-09,5.402134e-08,8.599289e-08,1.047895e-07,2.690192e-08,3.598332e-07,5.639551e-08,2.066107e-07,1.488603e-07,9.894642e-08,2.069158e-07,1.939580e-07,4.526107e-10,6.153511e-08,5.410317e-09,3.008477e-08,1.617306e-09,7.202279e-10,3.509475e-10,1.329836e-07,9.235840e-10
21.728516,1.132641e-08,8.841525e-08,2.008523e-06,3.506356e-07,3.191062e-09,7.460467e-08,9.253658e-08,1.396651e-07,7.437199e-08,1.823246e-07,7.317645e-08,2.463247e-07,1.317296e-07,5.149892e-08,1.851429e-07,1.359842e-07,3.218315e-10,2.666243e-08,2.513073e-09,2.416532e-08,1.541049e-09,3.591048e-10,1.853769e-09,7.105267e-08,2.442926e-09
21.777344,1.399709e-08,7.260309e-08,1.968363e-06,2.144958e-07,3.455343e-09,1.036224e-07,8.725664e-08,1.804184e-07,1.111099e-07,1.378368e-07,7.577197e-08,1.839582e-07,9.293163e-08,7.153267e-08,1.919853e-07,1.083920e-07,2.522747e-10,5.032657e-08,3.023306e-09,9.696392e-09,1.465981e-09,3.321547e-10,1.914475e-09,1.405354e-07,2.022838e-09
21.826172,2.405508e-08,7.250521e-08,1.891965e-06,4.494793e-07,3.599654e-09,1.436804e-07,8.877874e-08,2.032883e-07,1.245257e-07,2.648643e-07,8.711695e-08,4.516662e-08,5.705595e-08,1.392713e-07,1.635233e-07,1.500050e-07,9.562673e-11,9.599144e-08,3.399981e-09,9.671991e-09,6.192354e-10,6.835170e-10,9.425824e-10,3.167940e-07,9.104413e-10
21.875000,3.529366e-08,8.797670e-08,1.810518e-06,5.006462e-07,3.543379e-09,1.694983e-07,9.874022e-08,2.053528e-07,1.058570e-07,3.457643e-07,1.167161e-07,1.032547e-07,4.955918e-08,1.938115e-07,1.750181e-07,1.701581e-07,5.223850e-10,1.289874e-07,3.068196e-09,6.348597e-09,1.534979e-09,6.880973e-10,8.475816e-10,2.486483e-07,2.565996e-09
21.923828,4.352998e-08,1.062350e-07,1.713474e-06,3.463159e-07,3.265814e-09,1.632928e-07,1.014862e-07,1.931152e-07,6.826927e-08,3.377299e-07,1.286861e-07,1.435897e-07,6.367880e-08,2.535619e-07,2.086737e-07,1.685410e-07,7.666258e-10,1.110084e-07,1.173531e-09,4.914531e-09,1.739854e-09,2.083995e-10,2.497633e-10,2.064166e-07,4.525270e-09
21.972656,4.631592e-08,1.200887e-07,1.542570e-06,4.236616e-07,2.850781e-09,1.497660e-07,9.217540e-08,1.585097e-07,5.543891e-08,3.048114e-07,1.168118e-07,1.356495e-07,5.472423e-08,2.442771e-07,2.105784e-07,2.208024e-07,6.190371e-10,5.451051e-08,2.766093e-09,6.707252e-09,9.676105e-10,3.877729e-10,3.274203e-10,8.416438e-08,1.356538e-09
22.021484,4.274130e-08,1.299560e-07,1.237700e-06,7.964920e-07,2.500512e-09,1.592868e-07,7.603598e-08,9.992518e-08,8.331934e-08,2.269949e-07,1.206028e-07,1.382352e-07,2.126112e-08,1.787899e-07,2.273138e-07,2.436721e-07,2.717003e-10,5.324082e-08,2.129306e-09,6.702926e-09,1.595843e-09,4.525538e-10,1.404497e-09,3.831058e-07,8.489576e-10
22.070312,3.346923e-08,1.382536e-07,8.059875e-07,1.123630e-06,2.405000e-09,1.639393e-07,5.636052e-08,4.075482e-08,1.055828e-07,7.425548e-08,1.688265e-07,1.588961e-07,8.460700e-08,1.226850e-07,2.132461e-07,2.675561e-07,2.656302e-10,1.236585e-07,2.264174e-09,2.639486e-08,6.011114e-10,2.614896e-10,1.970789e-09,4.504734e-07,1.120982e-09
22.119141,2.057046e-08,1.429517e-07,3.508764e-07,1.327693e-06,2.497477e-09,1.429669e-07,3.427244e-08,1.656686e-08,1.054140e-07,1.256267e-07,1.912639e-07,1.426946e-07,1.788063e-07,1.158473e-07,1.444604e-07,2.060411e-07,2.884514e-10,1.702333e-07,3.956598e-09,3.570378e-08,4.871556e-10,6.202915e-10,1.619163e-09,4.920830e-07,2.354257e-09
22.167969,7.310522e-09,1.377756e-07,1.728272e-07,1.428243e-06,2.563946e-09,1.205147e-07,2.395592e-08,1.597978e-08,8.826161e-08,2.334984e-07,1.417223e-07,1.397129e-07,2.418848e-07,1.276292e-07,1.565762e-07,1.664929e-07,1.746323e-10,1.890796e-07,1.920191e-09,3.885309e-08,1.618955e-09,2.906888e-10,2.115855e-09,2.474173e-07,3.273007e-09
22.216797,6.335338e-09,1.186359e-07,3.765952e-07,1.475754e-06,2.541489e-09,1.295786e-07,3.734697e-08,1.062519e-08,5.843822e-08,3.476732e-07,7.995640e-08,1.472089e-07,1.921349e-07,1.320754e-07,1.485007e-07,1.536759e-07,1.279556e-10,1.144693e-07,4.117801e-09,2.098032e-08,1.605960e-09,3.981901e-10,1.296912e-09,3.527574e-07,1.049351e-09
22.265625,1.326486e-08,8.875841e-08,6.211650e-07,1.498720e-06,2.552120e-09,1.711107e-07,4.889064e-08,3.537660e-08,1.748182e-08,4.388196e-07,1.050715e-07,1.193431e-07,6.085546e-08,1.298962e-07,1.701836e-07,1.238198e-07,2.145774e-10,2.273489e-08,5.489576e-09,6.364416e-09,8.125928e-10,3.227266e-10,1.392020e-09,4.012909e-07,5.480165e-09
22.314453,1.575512e-08,5.985930e-08,9.631784e-07,1.473886e-06,2.708047e-09,2.186220e-07,5.107966e-08,8.396774e-08,2.137109e-08,4.897102e-07,1.237818e-07,7.204666e-08,6.236906e-08,1.492212e-07,1.849117e-07,8.467740e-08,2.140036e-10,1.687510e-08,4.462581e-09,2.038329e-08,8.560919e-10,4.844916e-10,7.118894e-10,3.107492e-07,6.125104e-09
22.363281,1.423359e-08,4.745408e-08,1.295095e-06,1.418901e-06,2.964005e-09,2.426728e-07,4.853327e-08,1.353602e-07,4.031700e-08,5.511316e-07,1.594060e-07,1.309438e-08,1.108881e-07,1.538538e-07,1.686373e-07,1.564249e-07,3.738749e-10,2.616974e-08,5.210393e-09,2.167275e-08,1.830198e-09,5.960606e-10,8.391137e-10,6.118863e-07,3.281028e-09
22.412109,1.060481e-08,4.822159e-08,1.448905e-06,1.500763e-06,3.223458e-09,2.351410e-07,4.669475e-08,1.613241e-07,4.194189e-08,5.835726e-07,1.993542e-07,1.033026e-07,1.236517e-07,1.191809e-07,1.020065e-07,1.033979e-07,5.982762e-10,5.480530e-08,4.509740e-09,7.214101e-09,1.295432e-09,4.278019e-10,1.380655e-09,4.929540e-07,1.162639e-09
22.460938,7.451764e-09,4.438285e-08,1.336975e-06,1.810075e-06,3.412145e-09,2.068189e-07,4.535636e-08,1.636734e-07,4.155972e-08,5.421673e-07,1.915649e-07,2.189527e-07,1.551291e-07,7.006465e-08,5.153972e-08,1.215842e-08,6.504830e-10,6.446373e-08,2.850205e-10,2.295094e-08,3.298713e-10,3.865812e-10,7.373828e-10,2.660966e-07,1.169747e-09
22.509766,7.124269e-09,3.160405e-08,9.913350e-07,2.151256e-06,3.412142e-09,1.615489e-07,4.326925e-08,1.864831e-07,4.297294e-08,4.563169e-07,1.672608e-07,2.544224e-07,2.411089e-07,6.422923e-08,1.544642e-07,9.391831e-08,4.753225e-10,5.553837e-08,1.698664e-09,2.248077e-08,6.952948e-10,1.373984e-10,3.059877e-10,2.019989e-07,2.378715e-09
22.558594,9.309772e-09,2.164665e-08,5.291568e-07,2.338670e-06,3.081827e-09,9.854344e-08,4.235124e-08,2.253517e-07,3.793246e-08,3.394739e-07,1.507490e-07,1.941180e-07,3.046496e-07,4.659223e-08,2.992627e-07,1.325032e-07,3.232669e-10,3.714902e-08,4.048237e-09,1.735110e-08,1.315245e-09,3.300869e-10,1.227933e-09,3.534090e-07,2.789387e-09
22.607422,1.275670e-08,3.415482e-08,1.056968e-07,2.374662e-06,2.393467e-09,4.335784e-08,4.436636e-08,2.291727e-07,2.977311e-08,1.517247e-07,1.180405e-07,1.007775e-07,3.356676e-07,4.501121e-08,3.564742e-07,1.605439e-07,4.293090e-10,2.399683e-08,2.119167e-09,8.457082e-09,9.235719e-10,5.700007e-10,1.145384e-09,3.474787e-07,3.532932e-09
22.656250,1.680007e-08,5.362470e-08,3.766903e-07,2.341958e-06,1.525000e-09,4.583855e-08,4.686607e-08,1.835156e-07,4.515844e-08,2.157855e-07,9.275415e-08,5.955557e-08,2.517670e-07,4.608941e-08,2.987269e-07,1.341150e-07,4.271725e-10,1.249716e-08,1.160208e-09,8.548695e-09,7.216975e-10,1.313609e-10,7.767588e-10,2.151911e-07,1.585309e-09
22.705078,2.043740e-08,6.991345e-08,7.782736e-07,2.232747e-06,8.330685e-10,4.795384e-08,4.431021e-08,1.141906e-07,6.051350e-08,5.228376e-07,1.010666e-07,4.270898e-08,7.676172e-08,3.282078e-08,1.958470e-07,1.695435e-07,3.937022e-10,2.234452e-08,1.536792e-09,8.719528e-09,6.724200e-10,2.218248e-10,6.367034e-10,7.661282e-08,1.372398e-09
22.753906,2.265599e-08,8.322035e-08,1.199374e-06,1.985214e-06,6.614876e-10,4.609410e-08,3.379483e-08,9.378665e-08,5.161270e-08,7.177326e-07,1.165293e-07,4.702691e-08,5.030456e-08,4.644855e-08,1.068210e-07,1.464488e-07,4.215253e-10,6.173169e-08,8.047430e-10,4.597053e-09,1.607896e-09,1.977723e-10,1.042630e-09,2.544616e-07,1.059655e-09
22.802734,2.334884e-08,9.629742e-08,1.598320e-06,1.646780e-06,8.291145e-10,7.965597e-08,1.966124e-08,1.496132e-07,3.470790e-08,7.417659e-07,1.165437e-07,8.135909e-08,1.208932e-07,9.679569e-08,4.669265e-08,9.231328e-08,3.071509e-10,7.089614e-08,2.053377e-09,8.367528e-09,1.172908e-09,2.108547e-10,4.621546e-10,1.119412e-07,1.813842e-09
22.851562,2.361821e-08,1.090980e-07,1.886614e-06,1.372327e-06,1.148380e-09,1.201229e-07,1.488955e-08,1.916274e-07,3.956280e-08,6.323703e-07,1.212708e-07,1.223860e-07,1.753857e-07,1.309107e-07,8.454054e-08,6.833069e-08,2.601641e-10,8.196120e-08,1.859721e-09,1.159980e-08,1.469007e-09,2.994068e-10,6.204551e-10,9.700828e-08,2.441875e-10
22.900391,2.450470e-08,1.181003e-07,1.978296e-06,1.211240e-06,1.482299e-09,1.531373e-07,2.361942e-08,1.940007e-07,3.637686e-08,4.606132e-07,1.350938e-07,1.289007e-07,1.865369e-07,1.344250e-07,1.367423e-07,1.475703e-07,1.976695e-10,7.208158e-08,2.295777e-09,1.312449e-08,2.972684e-10,2.543114e-10,8.889995e-10,1.023717e-07,2.414350e-09
22.949219,2.513749e-08,1.209580e-07,1.831262e-06,1.046669e-06,1.632702e-09,1.802498e-07,3.523820e-08,1.744143e-07,1.714829e-08,3.165049e-07,1.216040e-07,8.972047e-08,1.588383e-07,9.314494e-08,1.346528e-07,1.125286e-07,3.335463e-10,3.720584e-08,4.172741e-09,2.045886e-08,7.323288e-10,2.037393e-10,1.415352e-09,5.447789e-08,2.812398e-09
22.998047,2.347901e-08,1.196094e-07,1.471835e-06,8.416785e-07,1.628121e-09,1.954858e-07,4.368742e-08,1.472343e-07,1.758066e-08,2.666378e-07,8.412243e-08,4.579016e-08,1.183917e-07,8.298694e-08,1.544194e-07,1.271259e-07,1.407858e-10,3.488146e-08,4.655802e-09,2.146408e-08,5.885003e-10,2.340026e-10,1.309467e-09,1.201920e-07,6.148502e-10
23.046875,1.854455e-08,1.170517e-07,1.001829e-06,7.308705e-07,1.712817e-09,1.877849e-07,4.500013e-08,1.000940e-07,2.546217e-08,2.967733e-07,5.035903e-08,2.161328e-08,1.176151e-07,1.180200e-07,1.748872e-07,9.974060e-08,9.460361e-11,2.418889e-08,2.187037e-09,1.280631e-08,4.430253e-10,1.633534e-10,5.200833e-10,7.167793e-08,1.317721e-09
23.095703,1.172532e-08,1.114486e-07,6.141857e-07,8.002985e-07,1.897678e-09,1.607616e-07,4.298902e-08,3.029643e-08,2.842347e-08,3.422691e-07,4.351365e-08,5.767997e-09,1.559900e-07,9.216982e-08,2.035978e-07,2.728576e-08,2.634840e-10,2.111535e-08,7.038610e-09,2.984997e-08,7.349419e-10,2.024840e-10,4.326708e-10,4.664177e-08,1.008373e-09
23.144531,8.081656e-09,9.737608e-08,5.919834e-07,9.121561e-07,1.905203e-09,1.357659e-07,4.460872e-08,5.851829e-08,3.133006e-08,3.386231e-07,5.586472e-08,1.412747e-08,1.894596e-07,5.794650e-09,2.609531e-07,1.055718e-07,1.678157e-10,5.381166e-08,8.732021e-09,2.947533e-08,2.255599e-09,1.402550e-10,1.282231e-10,9.359200e-08,1.336371e-09
23.193359,1.103228e-08,7.321919e-08,8.207505e-07,9.121535e-07,1.611500e-09,1.209166e-07,4.752878e-08,1.132524e-07,2.353565e-08,2.836272e-07,7.727081e-08,5.548884e-08,2.003590e-07,1.174602e-07,2.862865e-07,2.413387e-07,3.597011e-10,8.414914e-08,4.538958e-09,1.204259e-08,3.005031e-10,3.313512e-10,2.383210e-10,1.324228e-07,9.996690e-10
23.242188,1.443844e-08,4.546229e-08,1.041854e-06,7.132729e-07,1.225384e-09,9.988499e-08,4.745279e-08,1.358126e-07,2.271666e-08,2.123339e-07,9.299489e-08,9.767338e-08,1.846467e-07,1.742748e-07,2.241867e-07,2.603627e-07,3.482043e-10,1.306703e-07,5.662613e-09,6.729952e-09,1.454081e-09,2.835590e-10,6.480371e-10,4.474401e-08,1.289720e-09
23.291016,1.685763e-08,2.673804e-08,1.214630e-06,3.515062e-07,1.092894e-09,7.059466e-08,4.626338e-08,1.390440e-07,5.520117e-08,1.413562e-07,8.295498e-08,1.078354e-07,1.509325e-07,1.375183e-07,8.089234e-08,1.365433e-07,2.732791e-10,9.299433e-08,5.700759e-09,5.424867e-09,1.393299e-09,1.345344e-10,2.981421e-10,5.857498e-08,1.162443e-09
23.339844,1.977470e-08,1.957469e-08,1.382378e-06,4.876626e-07,1.101722e-09,4.999429e-08,4.581324e-08,1.309021e-07,8.195245e-08,1.262507e-07,7.570441e-08,9.682978e-08,1.337430e-07,1.345898e-07,4.412524e-08,1.365353e-07,3.337658e-10,8.037104e-08,5.745316e-09,6.645955e-09,1.300654e-09,1.568388e-10,1.081687e-09,1.702351e-07,3.910402e-10
23.388672,2.357253e-08,8.873581e-09,1.600266e-06,1.029861e-06,9.393172e-10,3.692778e-08,4.376771e-08,1.108283e-07,8.152814e-08,2.248209e-07,8.260377e-08,7.843459e-08,1.688744e-07,1.244314e-07,1.173253e-07,1.321670e-07,5.603480e-10,9.078646e-08,4.109879e-09,4.398282e-09,1.116909e-09,2.232410e-10,2.853343e-10,2.121001e-07,6.952765e-10
23.437500,2.747691e-08,2.136674e-08,1.857914e-06,1.415249e-06,7.116067e-10,2.006143e-08,3.870899e-08,9.432487e-08,5.371166e-08,2.816022e-07,6.819209e-08,4.544923e-08,2.038006e-07,8.435100e-08,1.803932e-07,1.155390e-07,5.896481e-10,4.299268e-08,2.788344e-09,9.800165e-09,7.268606e-10,2.950318e-10,2.047758e-10,2.349163e-07,1.976080e-09
23.486328,3.146902e-08,4.902004e-08,2.063411e-06,1.499235e-06,8.447072e-10,2.677989e-08,3.353273e-08,8.888211e-08,3.517968e-08,2.115125e-07,5.137662e-08,9.659890e-08,1.885694e-07,7.770988e-08,1.738797e-07,2.509232e-07,3.398804e-10,7.327682e-08,1.793951e-09,1.063674e-08,6.612156e-10,3.453024e-10,3.851233e-10,1.193708e-07,1.321158e-09
23.535156,3.610830e-08,7.056842e-08,2.118345e-06,1.319298e-06,1.133698e-09,4.391422e-08,2.986658e-08,8.444140e-08,5.734994e-08,8.952833e-08,3.693190e-08,1.612123e-07,1.590552e-07,7.937945e-08,2.069215e-07,2.869887e-07,3.897061e-10,1.214298e-07,1.415618e-09,3.759834e-09,1.020114e-09,1.839519e-10,5.533316e-10,2.990849e-07,8.781716e-10
23.583984,4.084611e-08,7.940002e-08,1.995876e-06,1.124865e-06,1.190964e-09,5.021331e-08,2.284547e-08,8.970863e-08,7.992964e-08,1.762535e-07,3.266713e-08,1.651756e-07,1.196881e-07,8.472096e-08,1.738436e-07,1.773030e-07,3.966943e-10,1.369788e-07,1.728037e-09,1.125361e-08,9.130471e-10,9.521934e-11,3.563620e-10,4.418415e-07,1.791757e-09
23.632812,4.386843e-08,7.746027e-08,1.770395e-06,1.205964e-06,9.334809e-10,5.353027e-08,9.671149e-09,1.054462e-07,9.268226e-08,2.987856e-07,9.231968e-08,1.324653e-07,6.110379e-08,6.234256e-08,1.083451e-07,9.990201e-08,3.074669e-10,9.197587e-08,2.000165e-09,8.817733e-09,9.625157e-10,1.380319e-10,2.871781e-10,3.343649e-07,2.603964e-09
23.681641,4.364860e-08,7.309054e-08,1.584504e-06,1.429342e-06,5.032178e-10,6.343069e-08,6.870741e-09,1.160956e-07,8.889448e-08,3.755600e-07,1.223740e-07,1.131171e-07,2.825643e-08,4.609509e-08,1.000482e-07,1.792112e-07,3.651205e-10,1.373823e-08,3.133806e-09,3.134006e-09,1.245715e-09,1.188580e-10,4.269697e-10,3.969633e-07,1.237120e-09
23.730469,4.026376e-08,7.148191e-08,1.534055e-06,1.530125e-06,4.278007e-10,7.305205e-08,1.702872e-08,1.160707e-07,7.281166e-08,3.691982e-07,1.141541e-07,7.179742e-08,8.360923e-09,6.244352e-08,5.881369e-08,3.099296e-07,4.308969e-10,2.100934e-08,3.510689e-09,7.435682e-09,1.152326e-09,1.327935e-10,6.087097e-10,4.210683e-07,1.619097e-09
23.779297,3.561373e-08,6.857112e-08,1.564914e-06,1.484145e-06,7.675171e-10,7.574712e-08,2.023384e-08,1.139990e-07,5.745395e-08,3.337147e-07,9.399277e-08,1.946393e-08,5.603072e-09,7.857052e-08,6.558808e-08,3.000387e-07,1.937977e-10,3.954253e-08,1.983460e-09,5.398271e-09,9.157601e-10,1.336953e-10,5.678602e-10,1.555948e-07,7.715945e-10
23.828125,3.239753e-08,6.044643e-08,1.553821e-06,1.449625e-06,9.728359e-10,7.331961e-08,2.047066e-08,1.186623e-07,3.647408e-08,3.591505e-07,7.583589e-08,5.864491e-08,6.236444e-08,8.711225e-08,1.360293e-07,1.895469e-07,3.208932e-10,6.115481e-08,1.281282e-09,1.963713e-09,9.831026e-10,1.187907e-10,9.161876e-10,5.410297e-08,1.877274e-09
23.876953,3.188668e-08,5.235025e-08,1.426422e-06,1.518827e-06,9.771336e-10,6.475841e-08,2.150671e-08,1.181907e-07,3.110122e-09,3.313217e-07,1.057766e-07,5.813599e-08,1.040490e-07,1.197286e-07,1.850406e-07,6.099755e-08,2.699384e-10,4.716572e-08,3.251323e-09,8.766232e-09,2.149857e-10,2.678823e-10,6.285294e-10,1.059105e-07,1.369435e-09
23.925781,3.286546e-08,5.299015e-08,1.180136e-06,1.589164e-06,8.766413e-10,4.550060e-08,2.153580e-08,9.849374e-08,2.922483e-08,1.682256e-07,1.469786e-07,2.426633e-08,1.074342e-07,1.103226e-07,1.256585e-07,5.001979e-08,1.752684e-10,1.976832e-08,4.660810e-09,1.461559e-08,4.370444e-10,2.221593e-10,2.932285e-10,1.033447e-07,1.248613e-09
23.974609,3.347683e-08,5.763458e-08,8.756307e-07,1.587731e-06,7.981625e-10,2.101589e-08,1.953845e-08,6.485333e-08,4.475221e-08,5.925439e-08,1.634365e-07,2.275829e-08,1.351520e-07,5.131442e-08,3.705849e-08,8.517250e-08,2.332925e-10,2.279573e-08,4.529295e-09,1.928139e-08,9.724276e-10,1.534839e-10,5.093250e-10,2.314046e-07,1.473503e-09
24.023438,3.266754e-08,5.552924e-08,6.426824e-07,1.585817e-06,7.651736e-10,7.122484e-09,1.671396e-08,4.133546e-08,4.173225e-08,2.471161e-07,1.648084e-07,4.775193e-08,9.182080e-08,2.463125e-08,1.195157e-07,1.271323e-07,2.714842e-11,4.250577e-08,3.180189e-09,1.335040e-08,2.180141e-10,1.144989e-10,9.140573e-10,2.589172e-07,7.523579e-10
24.072266,2.999533e-08,4.556922e-08,6.281802e-07,1.621657e-06,7.116141e-10,6.016913e-09,1.335654e-08,5.010895e-08,2.919710e-08,3.639448e-07,1.394975e-07,1.052142e-07,4.214332e-09,5.099189e-08,2.459554e-07,1.083861e-07,8.272575e-11,3.173751e-08,2.247384e-09,2.602838e-09,9.608218e-10,2.341627e-11,5.011262e-10,1.364400e-07,1.723150e-09
24.121094,2.527965e-08,3.988137e-08,7.551892e-07,1.577318e-06,6.235540e-10,3.487071e-08,8.253691e-09,7.165035e-08,1.363909e-08,4.090234e-07,9.340317e-08,1.694220e-07,5.493355e-08,1.010739e-07,1.889183e-07,8.804506e-08,1.049955e-10,7.175806e-08,2.023701e-09,4.064995e-09,8.550864e-10,3.132055e-10,2.783405e-10,6.301432e-08,9.254455e-10
24.169922,1.868515e-08,4.873449e-08,8.547784e-07,1.360369e-06,6.351114e-10,6.492237e-08,3.021745e-09,9.388121e-08,7.780828e-09,3.703922e-07,7.567784e-08,1.699918e-07,6.931407e-08,1.102846e-07,1.395722e-07,1.427682e-07,6.081316e-11,3.305305e-08,2.384916e-09,2.817475e-09,8.595752e-10,2.902642e-10,4.852218e-10,9.440557e-08,1.236130e-09
24.218750,1.105891e-08,5.936869e-08,8.694261e-07,1.089910e-06,8.854029e-10,7.833027e-08,1.084216e-08,1.065834e-07,3.252567e-08,3.779334e-07,7.306936e-08,1.060008e-07,4.024142e-08,5.757517e-08,1.886238e-07,1.376887e-07,8.916284e-11,4.793552e-08,4.376160e-09,3.555736e-09,1.475216e-09,3.374141e-11,1.967738e-10,2.831755e-07,1.759983e-09
24.267578,4.931593e-09,6.054503e-08,8.205276e-07,1.032334e-06,1.235055e-09,7.600538e-08,1.884034e-08,9.713550e-08,5.293268e-08,5.371211e-07,4.676940e-08,3.468519e-08,6.915892e-08,8.758378e-08,2.044704e-07,9.141644e-08,1.127760e-10,6.752392e-08,2.908520e-09,4.642986e-09,1.508106e-09,9.192415e-11,1.130321e-10,2.566773e-07,1.491419e-09
24.316406,6.593233e-09,5.153647e-08,7.656819e-07,1.149310e-06,1.448329e-09,7.786987e-08,2.183538e-08,6.665484e-08,5.978665e-08,6.312269e-07,8.658677e-09,5.956550e-08,9.623332e-08,1.426912e-07,2.311406e-07,1.019726e-07,1.180648e-10,3.612179e-08,1.797508e-09,1.551265e-08,5.510792e-10,2.503721e-10,3.886960e-10,1.187623e-07,1.808133e-09
24.365234,1.015796e-08,3.867744e-08,7.490580e-07,1.161434e-06,1.351665e-09,8.509885e-08,1.915460e-08,4.020734e-08,5.273954e-08,5.618344e-07,4.806488e-08,9.036427e-08,7.778416e-08,1.253114e-07,1.698929e-07,1.633510e-07,1.645206e-10,1.778054e-08,5.159779e-10,2.242545e-08,6.559746e-11,1.397153e-10,2.788480e-10,1.231102e-07,1.041550e-09
24.414062,1.168210e-08,3.067914e-08,7.618840e-07,9.707239e-07,9.157321e-10,7.969302e-08,1.760486e-08,3.658232e-08,3.869766e-08,4.326157e-07,7.915030e-08,6.145282e-08,8.000781e-08,1.062836e-07,1.291910e-07,1.171268e-07,2.432394e-10,8.634742e-08,1.728914e-09,7.020256e-09,4.042179e-10,1.671644e-10,2.075180e-10,1.196501e-07,8.253509e-10
24.462891,1.203305e-08,3.005995e-08,7.683594e-07,6.710484e-07,5.315332e-10,5.887045e-08,2.471462e-08,3.294728e-08,3.134640e-08,3.479613e-07,9.438481e-08,1.056167e-09,6.741311e-08,1.158384e-07,1.627085e-07,1.104659e-07,2.253299e-10,8.968265e-08,1.501939e-09,1.439588e-08,3.917201e-10,1.239345e-10,5.912992e-10,1.558583e-07,4.992537e-10
24.511719,1.322761e-08,3.231271e-08,7.569059e-07,5.887429e-07,1.010171e-09,3.426496e-08,3.134686e-08,6.237479e-08,4.144989e-08,2.996052e-07,1.031410e-07,5.200778e-08,3.707563e-08,8.706437e-08,1.758084e-07,7.590604e-08,1.508515e-10,6.634392e-08,1.976939e-09,1.718979e-08,6.521926e-10,4.776374e-11,5.702591e-10,8.818039e-08,3.548466e-10
24.560547,1.567873e-08,3.552260e-08,7.603012e-07,9.508325e-07,1.541768e-09,3.463681e-08,3.073824e-08,1.071315e-07,5.675763e-08,3.420456e-07,1.048613e-07,8.673653e-08,2.368604e-08,5.020925e-08,1.501645e-07,6.373533e-08,1.433483e-10,7.746907e-08,2.258092e-09,3.664880e-09,7.300153e-10,7.335513e-11,4.028037e-10,7.200867e-08,2.749371e-10
24.609375,1.779688e-08,3.986635e-08,8.305630e-07,1.410666e-06,1.719462e-09,6.154926e-08,2.626440e-08,1.273693e-07,6.961782e-08,3.918203e-07,9.880350e-08,9.466519e-08,4.345168e-08,6.459960e-08,1.354147e-07,1.282049e-07,1.346973e-10,5.455417e-08,1.960844e-09,1.568223e-08,6.706624e-10,8.821359e-11,6.511906e-10,2.727584e-07,3.048638e-10
24.658203,1.827077e-08,4.647918e-08,9.672490e-07,1.711700e-06,1.571876e-09,7.922248e-08,2.537007e-08,1.124235e-07,7.610639e-08,3.139703e-07,9.031001e-08,9.330911e-08,9.161785e-08,8.170336e-08,1.071313e-07,9.744640e-08,1.490198e-10,3.526443e-08,5.796326e-10,2.086183e-08,8.153921e-10,9.795656e-11,7.828448e-10,2.352435e-07,1.048307e-09
24.707031,1.693014e-08,5.701954e-08,1.099411e-06,1.709745e-06,1.386296e-09,7.388292e-08,2.560236e-08,7.636178e-08,7.255469e-08,1.323859e-07,8.312494e-08,1.041998e-07,1.541563e-07,6.707384e-08,7.151457e-08,8.176438e-08,9.227029e-11,4.264518e-08,1.637720e-09,1.386336e-08,7.802896e-10,5.662858e-11,4.465769e-10,2.451738e-08,6.816445e-10
24.755859,1.437477e-08,6.933842e-08,1.147986e-06,1.390825e-06,1.418036e-09,5.406310e-08,2.157336e-08,4.650299e-08,5.949766e-08,1.016365e-07,7.811435e-08,7.641445e-08,1.919160e-07,3.727875e-08,4.660948e-08,1.056966e-07,1.114051e-10,3.193689e-08,2.143753e-09,5.538041e-09,5.324697e-10,9.669593e-11,4.194514e-10,1.678667e-07,6.316045e-10
24.804688,1.128434e-08,7.766454e-08,1.078119e-06,9.542882e-07,1.519400e-09,4.678495e-08,1.476531e-08,4.844988e-08,4.186105e-08,1.815154e-07,7.189442e-08,1.969813e-08,1.651602e-07,3.603618e-08,7.098948e-08,1.329257e-08,1.621036e-10,3.349642e-09,2.708312e-09,1.411614e-08,4.102305e-10,1.035629e-11,5.984839e-10,2.622371e-07,1.708496e-09
24.853516,8.177136e-09,7.829313e-08,9.211218e-07,8.677909e-07,1.471831e-09,5.833978e-08,9.354325e-09,6.669711e-08,2.643255e-08,1.676357e-07,6.366384e-08,1.295450e-08,1.371300e-07,2.262130e-08,1.114897e-07,8.645383e-08,2.275652e-10,1.241324e-08,2.307479e-09,1.521832e-08,6.922936e-10,4.499796e-11,2.529552e-10,4.043604e-07,7.966704e-10
24.902344,5.957106e-09,7.403739e-08,7.687508e-07,1.124896e-06,1.276816e-09,7.258209e-08,7.153713e-09,8.100288e-08,1.378730e-08,1.191787e-07,6.202351e-08,8.870164e-09,1.566479e-07,8.164520e-09,1.562004e-07,1.432873e-07,1.748710e-10,2.956868e-08,5.689031e-10,1.895558e-08,9.554370e-10,1.330115e-10,1.760971e-10,4.653232e-07,1.013991e-09
24.951172,5.698644e-09,7.273107e-08,7.083588e-07,1.227593e-06,1.063842e-09,8.081624e-08,6.450250e-09,8.403500e-08,6.696895e-09,9.709268e-08,5.938291e-08,9.657527e-09,1.327235e-07,2.229468e-08,1.649633e-07,8.420516e-08,1.083030e-10,3.500300e-08,1.978100e-09,5.187182e-09,8.952884e-10,5.110926e-11,1.173084e-10,2.687965e-07,4.701674e-10
25.000000,6.135147e-09,7.691246e-08,7.123424e-07,1.016983e-06,9.039942e-10,7.339162e-08,5.043116e-09,7.444491e-08,2.128529e-08,1.153973e-07,4.003682e-08,4.038370e-08,7.297920e-08,6.166655e-08,9.964004e-08,9.283062e-08,1.286649e-10,1.614751e-08,3.316261e-09,1.122873e-08,2.364435e-10,1.122260e-10,3.437648e-10,2.849946e-07,7.262244e-10
25.048828,5.398945e-09,7.967796e-08,6.841476e-07,5.721338e-07,7.500215e-10,4.922534e-08,3.446169e-09,6.324209e-08,3.510057e-08,1.433682e-07,2.175451e-08,5.198113e-08,4.587281e-08,7.813194e-08,5.500482e-08,8.484755e-08,1.861027e-10,2.227616e-08,3.792849e-09,9.344256e-09,2.990851e-10,1.879993e-11,2.112616e-10,1.198063e-07,4.447100e-10
25.097656,3.216491e-09,7.539918e-08,5.813028e-07,9.525514e-08,5.605083e-10,2.670360e-08,3.910659e-09,6.619109e-08,4.790036e-08,1.447370e-07,3.850609e-08,3.743791e-08,3.948393e-08,4.820079e-08,1.627558e-07,7.874099e-08,1.936171e-10,1.248694e-08,2.709092e-09,6.805025e-09,1.164788e-10,1.192523e-10,2.758188e-10,1.487628e-08,3.147464e-10
25.146484,5.293373e-10,6.663386e-08,4.408512e-07,3.430708e-07,3.666393e-10,3.824468e-08,6.680382e-09,6.902276e-08,5.556471e-08,1.316658e-07,5.644745e-08,2.246741e-08,5.793312e-08,1.023029e-08,1.889231e-07,1.420688e-07,1.091677e-10,2.120067e-08,2.122489e-09,4.575548e-09,2.929327e-10,1.482798e-10,1.430547e-10,1.616440e-07,5.457829e-10
25.195312,1.576560e-09,6.227110e-08,3.605760e-07,5.455596e-07,2.632955e-10,6.164025e-08,1.020378e-08,5.857381e-08,5.239785e-08,1.402994e-07,6.731337e-08,7.906713e-08,7.124874e-08,4.567134e-08,1.785723e-07,2.066942e-07,3.498386e-11,1.342173e-08,3.991314e-09,9.709791e-09,4.800657e-10,1.289955e-10,9.470331e-11,2.020701e-07,9.828808e-10
25.244141,2.422773e-09,6.706435e-08,3.810642e-07,5.936281e-07,3.245946e-10,8.202423e-08,1.434027e-08,5.429445e-08,4.511991e-08,1.809821e-07,6.676053e-08,1.101023e-07,6.570407e-08,5.682432e-08,2.217774e-07,2.188992e-07,1.292996e-10,1.373898e-08,3.805617e-09,1.656852e-08,3.080028e-10,1.443804e-10,3.340219e-10,3.404203e-07,2.859816e-10
25.292969,3.524612e-09,7.531382e-08,4.052102e-07,6.030514e-07,4.608074e-10,9.277312e-08,2.138133e-08,6.037437e-08,4.431893e-08,2.373290e-07,5.484169e-08,8.913465e-08,7.680639e-08,4.981642e-08,2.072989e-07,1.783918e-07,2.091970e-10,2.865070e-08,1.971857e-09,1.387187e-08,5.966564e-10,8.122346e-11,5.360154e-10,4.142811e-07,5.512709e-10
25.341797,5.996964e-09,8.021545e-08,3.899330e-07,6.545341e-07,5.856553e-10,8.883222e-08,2.908088e-08,5.229703e-08,4.434535e-08,3.434842e-07,3.776623e-08,4.361592e-08,5.605005e-08,5.176614e-08,1.460859e-07,1.175281e-07,2.587520e-10,8.459720e-09,4.584987e-10,7.520535e-09,4.511830e-10,3.044599e-11,4.865759e-10,2.099615e-07,1.031679e-09
25.390625,8.500406e-09,7.852655e-08,4.236620e-07,7.135893e-07,6.482815e-10,7.174749e-08,3.207934e-08,3.410883e-08,4.227368e-08,4.959718e-07,2.563586e-08,9.499316e-09,1.925087e-08,9.617810e-08,1.747254e-07,1.350524e-07,1.796148e-10,2.523808e-08,2.224876e-09,1.279757e-08,3.455726e-10,1.264536e-10,8.074576e-11,1.632804e-07,1.153603e-09
25.439453,1.000299e-08,6.916841e-08,5.821532e-07,7.339955e-07,6.283130e-10,5.026099e-08,3.033909e-08,2.669229e-08,4.835036e-08,5.870832e-07,3.134323e-08,5.951129e-08,2.936587e-08,1.179594e-07,1.499167e-07,1.268438e-07,5.825795e-11,4.502053e-08,2.785436e-09,9.286947e-09,2.353304e-10,1.680635e-10,1.226187e-10,1.564517e-07,7.539872e-10
25.488281,1.085330e-08,5.269415e-08,7.822794e-07,7.184602e-07,5.591012e-10,3.851199e-08,3.167581e-08,1.950862e-08,6.219000e-08,5.527033e-07,4.225405e-08,9.347337e-08,5.408777e-08,9.096393e-08,2.108884e-07,7.296312e-08,2.855212e-11,5.915459e-08,7.431899e-10,6.348349e-09,1.120822e-10,1.032739e-10,1.582173e-10,1.672537e-07,9.278272e-10
25.537109,1.220627e-08,3.183788e-08,9.318545e-07,6.661848e-07,5.225080e-10,4.147159e-08,3.810386e-08,3.512125e-09,7.785927e-08,4.432445e-07,4.936514e-08,1.009212e-07,6.987534e-08,5.075662e-08,2.626666e-07,2.129526e-08,5.574595e-11,7.090029e-08,9.661634e-10,9.854040e-09,2.443661e-10,5.918405e-11,2.898731e-10,1.236187e-07,7.087329e-10
25.585938,1.406822e-08,1.196026e-08,1.003511e-06,5.428916e-07,5.370287e-10,4.870120e-08,4.084322e-08,1.611298e-08,9.045325e-08,3.351620e-07,5.051136e-08,1.293216e-07,4.892044e-08,2.952062e-08,2.567797e-07,5.640082e-08,1.338057e-10,6.456152e-08,1.086980e-09,9.246701e-09,5.232320e-10,9.792866e-11,1.045515e-10,2.063509e-07,3.840688e-10
25.634766,1.506486e-08,9.868700e-09,1.027364e-06,3.523207e-07,5.166795e-10,5.384511e-08,3.424581e-08,2.385300e-08,8.578490e-08,2.625469e-07,4.634567e-08,1.519328e-07,7.466966e-08,1.497847e-08,2.578668e-07,9.332468e-08,2.377362e-10,5.563113e-08,1.486711e-09,4.270089e-09,5.298206e-10,5.105767e-11,1.164877e-10,3.215751e-07,9.115324e-10
25.683594,1.406436e-08,1.780635e-08,1.047212e-06,2.637370e-07,4.058146e-10,4.927017e-08,1.933851e-08,2.277292e-08,5.503519e-08,3.033129e-07,5.808079e-08,1.413549e-07,1.459122e-07,2.166463e-08,1.502954e-07,1.201819e-07,2.491675e-10,2.240918e-08,1.794156e-09,4.713020e-09,4.850139e-10,5.252561e-11,2.368451e-10,1.033531e-07,7.818300e-10
25.732422,1.095386e-08,1.925526e-08,1.063259e-06,3.719683e-07,2.454842e-10,2.937210e-08,4.772961e-09,3.288757e-08,1.774738e-08,4.065832e-07,7.670593e-08,1.322643e-07,1.220343e-07,4.906087e-08,7.583290e-08,1.083784e-07,3.160816e-10,7.126976e-09,2.558188e-09,4.961423e-09,1.669285e-10,7.464407e-11,1.258180e-11,5.947226e-08,1.007619e-09
25.781250,6.496749e-09,1.485183e-08,1.031918e-06,4.006204e-07,1.976899e-10,1.111519e-09,1.247210e-08,5.604691e-08,3.491504e-08,4.485444e-07,7.401641e-08,1.033281e-07,8.854159e-08,5.980696e-08,1.541212e-07,1.651628e-07,2.590354e-10,1.272927e-08,2.649291e-09,2.539384e-09,6.107384e-10,7.719710e-11,1.982082e-10,1.747279e-07,9.821997e-10
25.830078,3.131771e-09,6.394390e-09,9.188017e-07,2.559837e-07,3.007881e-10,2.357111e-08,1.520321e-08,7.283444e-08,4.004955e-08,3.959122e-07,5.240689e-08,5.407853e-08,5.160934e-08,5.348186e-08,2.173262e-07,1.765425e-07,1.121782e-10,1.654366e-08,2.084283e-09,5.595435e-09,7.173685e-10,1.057089e-10,1.743144e-10,2.189816e-08,5.700599e-10
25.878906,6.348492e-09,6.247115e-09,7.316894e-07,1.548589e-07,3.964190e-10,2.919792e-08,1.378134e-08,7.828552e-08,2.096088e-08,2.768718e-07,2.515510e-08,3.144979e-08,4.669830e-08,5.297603e-08,2.587180e-07,9.918486e-08,9.631023e-11,2.198986e-08,1.284239e-09,7.571806e-09,1.026349e-09,6.560102e-11,1.737477e-11,1.216344e-07,8.668710e-10
25.927734,1.108015e-08,2.006235e-08,5.129712e-07,4.383630e-07,4.642075e-10,1.664584e-08,1.812181e-08,8.059516e-08,1.522315e-08,1.556894e-07,3.705318e-09,3.287877e-08,7.074272e-08,7.092742e-08,2.451857e-07,3.243301e-08,1.138166e-10,4.550136e-08,1.279663e-09,8.186667e-09,1.202264e-09,4.869577e-11,3.613799e-10,1.727726e-07,6.069451e-10
25.976562,1.486122e-08,3.403706e-08,3.122350e-07,6.918678e-07,5.287220e-10,8.500950e-09,2.107101e-08,7.718209e-08,2.490766e-08,1.121527e-07,2.037147e-08,2.714399e-08,2.592443e-08,5.422557e-08,1.870822e-07,2.717981e-08,1.341252e-10,4.672028e-08,6.755204e-10,1.198970e-08,9.424990e-10,3.051164e-11,4.358901e-10,1.835770e-07,9.034433e-10
26.025391,1.691235e-08,4.490078e-08,1.621038e-07,8.226764e-07,5.949319e-10,3.013628e-08,1.658281e-08,5.660843e-08,1.934309e-08,1.241953e-07,1.341453e-08,8.553559e-09,4.266832e-08,2.225117e-08,1.244047e-07,2.337484e-08,2.039073e-10,2.136621e-08,6.181580e-10,1.315668e-08,6.525238e-10,4.080010e-11,3.320608e-10,1.996995e-07,4.511262e-10
26.074219,1.702663e-08,5.012629e-08,9.135354e-08,8.496391e-07,6.502671e-10,4.944321e-08,1.012507e-08,2.649887e-08,2.093216e-08,1.377557e-07,2.680883e-08,6.408965e-08,5.142604e-08,5.091607e-08,8.849688e-08,4.291119e-08,1.458757e-10,7.169652e-09,7.619596e-10,9.489007e-09,3.379102e-10,5.039589e-11,4.678483e-10,1.114915e-07,2.542926e-10
26.123047,1.570175e-08,4.914629e-08,1.856731e-07,8.534066e-07,6.593935e-10,6.004035e-08,1.143549e-08,1.632454e-08,3.549177e-08,1.693681e-07,3.915173e-08,1.119310e-07,2.668742e-08,8.510979e-08,1.138379e-07,6.046349e-08,5.486390e-11,1.578682e-08,3.535735e-10,4.271348e-09,4.539299e-10,2.235887e-11,1.455552e-10,1.377206e-07,4.759895e-10
26.171875,1.402707e-08,4.367578e-08,3.966995e-07,8.886790e-07,5.982549e-10,5.598733e-08,1.386466e-08,2.933330e-08,4.478274e-08,2.542993e-07,2.510780e-08,1.124732e-07,4.223624e-08,7.004327e-08,1.560882e-07,8.753870e-08,8.479144e-11,3.923918e-08,6.741066e-10,4.274394e-09,2.889760e-10,2.819714e-11,9.665021e-11,7.128757e-08,5.350062e-10
26.220703,1.303547e-08,3.677496e-08,6.699310e-07,8.979604e-07,4.985739e-10,3.997264e-08,1.422902e-08,5.709413e-08,5.009154e-08,3.653812e-07,1.874952e-08,7.813020e-08,8.171453e-08,3.019491e-08,1.546472e-07,1.116144e-07,1.894050e-10,4.899384e-08,1.094476e-09,1.549909e-09,9.413015e-11,6.905606e-11,1.344411e-10,1.218776e-07,4.840158e-10
26.269531,1.285067e-08,3.103917e-08,9.330876e-07,7.852060e-07,4.750672e-10,2.716760e-08,1.258948e-08,7.976046e-08,5.728717e-08,4.159414e-07,3.411509e-08,5.624850e-08,9.044759e-08,2.145555e-08,1.536144e-07,1.250425e-07,1.542914e-10,3.938528e-08,1.213567e-09,3.531177e-09,7.384414e-11,6.008153e-11,4.851746e-11,1.339033e-07,9.128166e-10
26.318359,1.276906e-08,2.723847e-08,1.099144e-06,5.524899e-07,5.725274e-10,2.533345e-08,7.545406e-09,8.055601e-08,6.665904e-08,3.932049e-07,4.052258e-08,3.717183e-08,1.060237e-07,1.624156e-08,1.012430e-07,1.618429e-07,1.080576e-10,5.594382e-09,5.054276e-10,6.178492e-09,2.195170e-10,8.710525e-11,2.887636e-10,7.087266e-08,7.303344e-10
26.367188,1.227322e-08,2.465993e-08,1.115438e-06,4.070310e-07,6.686113e-10,1.935959e-08,5.453483e-09,6.671069e-08,7.413118e-08,4.227506e-07,2.977822e-08,8.242409e-08,1.037427e-07,1.972771e-08,2.838397e-08,1.872285e-07,5.153858e-11,2.172247e-08,7.411454e-10,5.918957e-09,4.438655e-10,1.208684e-10,2.119388e-10,2.020143e-07,1.674415e-10
26.416016,1.158829e-08,2.196370e-08,1.014849e-06,5.208122e-07,6.748726e-10,6.474574e-09,1.006826e-08,5.772279e-08,8.030111e-08,5.102952e-07,8.431482e-09,1.030795e-07,8.059494e-08,3.491194e-08,4.714111e-08,1.333597e-07,5.242008e-11,1.389823e-08,2.141440e-10,4.886926e-10,2.991217e-10,7.903834e-11,2.415887e-10,1.733736e-07,3.758090e-10
26.464844,1.146352e-08,1.771495e-08,9.268065e-07,5.924520e-07,5.833019e-10,5.389933e-09,1.111303e-08,5.931551e-08,8.559056e-08,5.140211e-07,4.483832e-08,6.512946e-08,9.748311e-08,1.564998e-08,7.094622e-08,3.702171e-08,9.883464e-11,3.958842e-08,1.077933e-09,4.562168e-09,1.917490e-10,2.380209e-11,1.920725e-10,1.067738e-07,5.729371e-10
26.513672,1.206728e-08,1.197084e-08,9.508594e-07,4.681155e-07,4.433675e-10,1.261035e-08,1.004936e-08,6.084416e-08,7.796045e-08,4.217436e-07,8.093400e-08,2.912860e-08,1.176679e-07,5.772547e-08,5.879348e-08,5.188980e-08,9.003576e-11,6.133147e-08,1.964222e-09,8.930236e-09,3.383840e-10,4.702522e-11,1.491870e-10,6.447089e-08,5.036581e-10
26.562500,1.242310e-08,9.483005e-09,9.979363e-07,1.976993e-07,3.157695e-10,2.362921e-08,9.507633e-09,5.424825e-08,4.836283e-08,3.101134e-07,1.011317e-07,7.556435e-08,1.217647e-07,7.953523e-08,3.985129e-08,5.354404e-08,5.732021e-11,5.763057e-08,2.307031e-09,8.443380e-09,3.848878e-10,3.165958e-11,1.180682e-10,9.310207e-08,5.154658e-10
26.611328,1.135729e-08,1.321660e-08,9.341187e-07,1.046306e-07,2.337832e-10,4.114803e-08,6.716274e-09,3.980075e-08,7.752921e-09,2.105793e-07,9.289964e-08,1.190576e-07,1.150702e-07,9.823681e-08,3.915785e-08,6.960591e-08,3.704914e-11,5.239132e-08,1.628014e-09,5.424941e-09,4.327153e-10,2.646762e-11,1.863153e-10,1.873144e-07,5.951099e-10
26.660156,8.407690e-09,1.550951e-08,7.480148e-07,2.795515e-07,1.883197e-10,5.698066e-08,4.332332e-09,2.068873e-08,2.611213e-08,1.655795e-07,7.382225e-08,1.379257e-07,1.066639e-07,9.483824e-08,9.991465e-09,6.302323e-08,2.829816e-11,6.297870e-08,1.102568e-09,9.441440e-09,4.335629e-11,2.035881e-11,2.212740e-10,2.775330e-07,3.355618e-10
26.708984,3.984381e-09,1.380502e-08,5.965861e-07,3.161171e-07,1.636873e-10,6.575828e-08,7.496186e-09,3.843379e-09,4.018539e-08,1.662069e-07,7.436548e-08,1.468264e-07,7.970153e-08,6.354192e-08,3.446688e-08,1.188677e-07,1.357460e-11,3.024568e-08,7.664391e-10,6.593037e-09,1.813988e-10,4.620459e-11,2.575390e-10,1.429075e-07,9.843768e-10
26.757812,1.563637e-09,1.431288e-08,6.921527e-07,2.761793e-07,1.568104e-10,7.187847e-08,6.700644e-09,1.750247e-08,4.221077e-08,1.871251e-07,6.979914e-08,1.491263e-07,5.996985e-08,7.443352e-08,4.427690e-08,7.954051e-08,6.669518e-11,4.557099e-08,4.134915e-10,4.752826e-09,3.851496e-10,3.391120e-11,1.000805e-10,1.213473e-07,1.159108e-09
26.806641,5.835838e-09,2.213745e-08,9.215273e-07,2.560061e-07,1.622146e-10,8.223323e-08,2.040240e-09,3.164670e-08,3.791463e-08,3.195254e-07,5.861050e-08,1.336171e-07,9.720951e-08,7.686901e-08,1.081282e-07,1.078718e-07,4.937211e-11,7.912546e-08,5.390565e-10,2.334880e-09,6.466649e-10,2.477611e-11,2.089689e-10,8.340111e-08,6.215790e-10
26.855469,9.095602e-09,2.957767e-08,1.105338e-06,2.427522e-07,1.777221e-10,9.010762e-08,9.313917e-09,4.511021e-08,2.693747e-08,4.477463e-07,4.649297e-08,1.081794e-07,8.179330e-08,6.376283e-08,1.234290e-07,1.124657e-07,6.023817e-11,8.751444e-08,1.205431e-09,7.412304e-09,4.424541e-10,5.851644e-11,3.005472e-10,7.825226e-08,5.483814e-10
26.904297,1.102213e-08,3.130807e-08,1.190266e-06,1.912828e-07,2.074850e-10,8.488629e-08,1.660389e-08,5.738895e-08,1.377712e-08,4.802342e-07,1.071108e-08,9.199093e-08,3.620163e-08,4.714457e-08,1.093905e-07,1.445073e-07,6.857696e-11,6.692418e-08,6.960022e-10,9.690664e-09,1.605833e-10,6.688074e-11,2.185311e-10,9.146083e-08,5.327695e-10
26.953125,1.215983e-08,2.908553e-08,1.178703e-06,1.654440e-07,2.606584e-10,6.996505e-08,2.112427e-08,6.885724e-08,9.908686e-09,4.074620e-07,4.272402e-08,7.660943e-08,3.579343e-08,5.022658e-08,7.669686e-08,1.523802e-07,9.889361e-11,4.584483e-08,1.120951e-09,1.318367e-08,7.554104e-10,2.263891e-11,6.766003e-12,1.961829e-07,5.759826e-10
27.001953,1.327424e-08,3.189886e-08,1.082715e-06,2.399176e-07,3.334899e-10,5.992772e-08,2.229834e-08,7.258801e-08,2.209919e-08,2.592779e-07,8.288372e-08,3.974825e-08,6.424491e-08,4.942508e-08,4.903856e-08,1.179376e-07,1.320837e-10,6.237364e-08,1.253252e-09,9.394411e-09,6.923565e-10,1.700779e-11,3.716416e-11,2.550013e-07,1.998405e-10
27.050781,1.452785e-08,4.212765e-08,9.106857e-07,3.365248e-07,4.017101e-10,5.594273e-08,1.904572e-08,6.952561e-08,3.828076e-08,1.850207e-07,9.610542e-08,2.885595e-08,1.051001e-07,2.933841e-08,4.185537e-08,2.011471e-08,1.183065e-10,8.416501e-08,1.278354e-09,4.130971e-09,4.782244e-10,5.724455e-11,1.424298e-10,2.438591e-07,3.056334e-11
27.099609,1.526555e-08,5.059058e-08,6.739084e-07,4.047466e-07,4.342013e-10,5.138165e-08,1.294129e-08,7.456895e-08,5.239656e-08,2.895578e-07,8.683843e-08,8.662476e-08,1.209589e-07,3.882402e-08,5.987143e-08,1.288842e-07,9.767116e-11,8.193764e-08,5.854564e-10,3.517826e-11,2.229274e-10,3.999360e-11,1.698265e-10,9.368383e-08,2.036706e-10
27.148438,1.465335e-08,5.034626e-08,3.987246e-07,4.195589e-07,4.121033e-10,5.781344e-08,1.179368e-08,7.716506e-08,6.155231e-08,3.542253e-07,6.526057e-08,9.587970e-08,1.095768e-07,7.552620e-08,1.059675e-07,1.195121e-07,4.582323e-11,6.414959e-08,4.304647e-10,9.486778e-10,1.279304e-10,3.110419e-11,1.223062e-10,1.355534e-07,2.454439e-10
27.197266,1.233648e-08,4.019713e-08,1.494223e-07,3.581290e-07,3.328743e-10,7.477980e-08,1.589639e-08,6.413722e-08,6.932845e-08,3.146768e-07,3.875368e-08,9.086890e-08,8.088418e-08,1.015734e-07,1.027428e-07,6.162775e-08,6.929679e-11,2.525375e-08,1.212076e-09,1.634767e-09,2.844922e-10,4.972632e-11,1.472429e-10,8.028323e-08,3.912074e-10
27.246094,8.771263e-09,2.448104e-08,1.865502e-07,2.371593e-07,2.184195e-10,8.439809e-08,1.760331e-08,4.621643e-08,7.632571e-08,1.978410e-07,3.742259e-08,9.167431e-08,5.036559e-08,1.045694e-07,9.135861e-08,7.661771e-08,6.031375e-11,2.099963e-08,1.732293e-09,2.524862e-09,3.645504e-10,4.649002e-11,1.489834e-10,1.204725e-07,2.689924e-10
27.294922,5.580332e-09,1.557419e-08,3.375364e-07,2.454277e-07,1.509106e-10,8.027410e-08,1.681269e-08,3.249413e-08,7.323726e-08,1.461762e-07,5.744234e-08,8.703476e-08,4.487072e-08,8.942479e-08,1.052330e-07,8.128926e-08,4.521212e-11,8.789916e-10,1.569131e-09,8.739623e-10,1.419587e-10,5.017064e-11,1.407136e-10,1.401421e-07,3.661384e-10
27.343750,5.594990e-09,2.234886e-08,4.304555e-07,4.712660e-07,2.076079e-10,6.711165e-08,1.678164e-08,5.063012e-08,5.906508e-08,2.152380e-07,5.449750e-08,7.412347e-08,3.705282e-08,7.835130e-08,9.069361e-08,7.488792e-08,4.187509e-11,1.454214e-08,1.494883e-09,4.174253e-09,2.264978e-10,2.152517e-11,1.143286e-10,6.549239e-08,1.289987e-10
27.392578,7.668095e-09,2.777410e-08,4.790131e-07,7.115366e-07,2.610331e-10,5.123673e-08,1.849209e-08,9.083897e-08,4.971207e-08,2.373386e-07,5.084846e-08,4.811917e-08,3.496867e-08,6.959622e-08,7.995823e-08,4.522362e-08,3.049086e-11,1.270970e-08,1.321451e-09,7.302872e-09,1.989095e-10,3.900145e-11,7.980467e-11,1.459334e-07,2.654387e-11
27.441406,9.109366e-09,2.604017e-08,4.923364e-07,8.637824e-07,2.381827e-10,3.545585e-08,1.967624e-08,1.164035e-07,5.015737e-08,2.665193e-07,6.104323e-08,2.828981e-08,5.925093e-08,5.802753e-08,8.505525e-08,5.060691e-08,2.253411e-11,1.489064e-08,9.183023e-10,7.395916e-09,2.405501e-10,1.140710e-10,1.652543e-10,2.679195e-08,3.340142e-10
27.490234,9.320482e-09,1.939774e-08,4.489480e-07,8.675154e-07,1.468655e-10,2.028820e-08,1.787003e-08,1.162093e-07,4.731970e-08,3.399942e-07,4.689529e-08,4.681021e-08,4.519592e-08,4.130727e-08,7.821164e-08,2.204187e-08,1.759946e-11,3.730310e-08,2.209848e-10,2.651480e-09,3.171081e-10,8.152554e-11,1.490315e-10,2.460052e-07,4.114733e-10
27.539062,8.430331e-09,1.465491e-08,3.331300e-07,7.014244e-07,1.237745e-10,6.402053e-09,1.246341e-08,9.421237e-08,3.984298e-08,3.650513e-07,1.368939e-08,7.713058e-08,4.758048e-08,1.839808e-08,4.911927e-08,6.915378e-08,3.475377e-11,4.375537e-08,2.440059e-10,3.104541e-09,1.653244e-10,3.593284e-11,1.467612e-10,9.941779e-08,3.622896e-10
27.587891,6.631105e-09,1.710896e-08,1.748292e-07,3.981605e-07,2.337913e-10,6.813575e-09,6.305475e-09,6.092893e-08,2.917861e-08,3.259030e-07,8.777790e-09,7.670949e-08,5.915680e-08,1.585187e-08,1.855454e-08,1.084761e-07,3.820624e-11,4.121832e-08,2.447028e-10,3.745912e-09,1.713382e-10,2.990871e-11,1.180442e-10,6.097554e-08,1.205321e-10
27.636719,4.036418e-09,2.040822e-08,6.703226e-08,5.631648e-08,3.072573e-10,1.359295e-08,6.688544e-09,3.449058e-08,1.600965e-08,2.686255e-07,1.590947e-08,5.725066e-08,4.107938e-08,2.256840e-08,5.639241e-08,1.339390e-07,2.555564e-11,4.135638e-08,6.489691e-10,5.088546e-09,1.926782e-10,2.157215e-11,6.569499e-11,1.174023e-07,1.287887e-10
27.685547,9.380319e-10,1.954361e-08,9.284264e-08,2.955689e-07,2.973079e-10,1.619282e-08,9.115540e-09,2.768094e-08,3.065689e-08,2.019416e-07,2.718832e-08,3.109596e-08,1.977379e-08,3.629695e-08,8.915910e-08,1.361960e-07,3.313553e-11,4.402720e-08,9.888971e-10,4.539989e-09,2.916343e-10,4.879729e-11,5.942549e-11,2.831102e-08,4.028593e-10
27.734375,2.721591e-09,1.408568e-08,1.857082e-07,5.284646e-07,2.135162e-10,2.073916e-08,8.734474e-09,2.391612e-08,5.839323e-08,1.038841e-07,3.270341e-08,9.488809e-09,9.293001e-09,5.768428e-08,7.419710e-08,7.717389e-08,3.972521e-11,5.155124e-08,1.097255e-09,1.103570e-09,2.919481e-10,5.030955e-11,1.494384e-10,1.044537e-07,3.219032e-10
27.783203,5.714525e-09,5.860787e-09,4.079669e-07,6.800722e-07,1.002668e-10,2.891261e-08,6.698134e-09,2.162396e-08,7.809076e-08,3.733547e-08,2.955852e-08,4.424807e-08,2.381534e-08,5.267867e-08,3.339265e-08,1.935345e-08,2.902791e-11,5.211339e-08,6.499483e-10,2.029524e-09,1.519733e-10,2.413583e-11,2.578295e-10,3.718407e-08,5.425717e-10
27.832031,7.697212e-09,2.468399e-09,6.908657e-07,7.850978e-07,2.815537e-11,3.464398e-08,4.893484e-09,2.773589e-08,8.377272e-08,1.937469e-07,2.560040e-08,5.024880e-08,4.384299e-08,3.813487e-08,3.913440e-08,5.168747e-08,2.852548e-11,3.366705e-08,4.089622e-10,2.806925e-09,1.061149e-10,1.520961e-11,1.272466e-10,1.731095e-07,4.831611e-10
27.880859,8.268071e-09,8.176715e-09,9.423105e-07,8.369220e-07,7.388465e-11,3.504572e-08,4.547381e-09,3.293791e-08,7.489796e-08,3.005164e-07,2.616272e-08,3.302852e-08,4.649877e-08,3.133462e-08,5.484669e-08,3.320266e-08,4.184721e-11,2.450280e-08,1.742609e-10,5.575739e-09,2.920474e-10,3.058906e-11,6.215325e-11,1.410318e-07,6.521635e-10
27.929688,7.398945e-09,9.801540e-09,1.112874e-06,7.922346e-07,1.427609e-10,3.254495e-08,5.653528e-09,3.105853e-08,5.409048e-08,3.055230e-07,3.161139e-08,1.672077e-08,3.236613e-08,5.074455e-08,5.378478e-08,3.989330e-08,6.883134e-11,2.078883e-08,2.784599e-10,4.040863e-09,2.398392e-10,2.233901e-11,8.520796e-11,2.345487e-07,1.638601e-10
27.978516,5.419746e-09,7.200282e-09,1.211804e-06,6.395464e-07,2.402009e-10,3.039621e-08,6.793373e-09,2.272168e-08,3.082805e-08,2.090112e-07,4.065755e-08,1.123459e-08,2.403013e-08,3.838403e-08,5.641489e-08,4.175533e-08,6.231117e-11,1.679460e-08,7.522547e-10,2.195392e-09,3.231856e-10,4.858290e-11,1.398843e-10,2.071741e-07,7.348634e-11
28.027344,2.888765e-09,2.361577e-09,1.268020e-06,4.523932e-07,3.219946e-10,2.730024e-08,7.651766e-09,1.149666e-08,2.960433e-08,8.026777e-08,4.489520e-08,1.369191e-08,4.150517e-08,1.291954e-08,7.479656e-08,6.035311e-08,4.927050e-11,2.618073e-09,9.654129e-10,2.876159e-09,1.779356e-10,6.354202e-11,9.778114e-11,1.655773e-07,1.528917e-10
28.076172,5.521828e-10,6.336326e-09,1.270660e-06,3.897737e-07,3.408228e-10,1.983385e-08,8.909637e-09,4.507214e-09,4.390986e-08,2.043848e-07,3.712646e-08,2.324744e-08,5.888090e-08,1.552301e-08,5.411122e-08,6.649312e-08,4.703620e-11,1.863637e-08,1.321232e-09,3.862922e-09,9.999355e-11,2.863640e-11,5.652263e-11,1.092245e-07,8.475608e-11
28.125000,1.686679e-09,1.200543e-08,1.173043e-06,4.543587e-07,2.819049e-10,9.583779e-09,1.020298e-08,1.533935e-08,5.248198e-08,3.308271e-07,2.714147e-08,2.408694e-08,5.867637e-08,1.591689e-08,2.394921e-08,7.766039e-08,3.588959e-11,2.658405e-08,1.323051e-09,3.138888e-09,7.641470e-11,3.680745e-12,1.429681e-10,5.544769e-08,2.336936e-10
28.173828,2.870664e-09,1.474945e-08,9.526030e-07,4.891382e-07,1.858199e-10,1.495972e-08,1.056007e-08,2.923432e-08,5.413089e-08,3.376468e-07,2.802126e-08,2.630026e-08,3.757175e-08,2.130668e-08,1.590846e-08,8.038512e-08,4.121581e-11,2.208370e-08,1.272353e-09,7.290215e-09,2.000374e-10,1.395362e-11,1.592580e-10,1.075476e-07,1.598154e-10
28.222656,3.307616e-09,1.340698e-08,6.483431e-07,5.219615e-07,1.617715e-10,2.627574e-08,1.039271e-08,4.472728e-08,5.241423e-08,2.673953e-07,3.412461e-08,4.345085e-08,2.312887e-08,3.415180e-08,2.453939e-08,5.167340e-08,2.268978e-11,4.342132e-09,1.436358e-09,5.516187e-09,9.691600e-11,2.802737e-11,1.652872e-10,2.350309e-07,1.511807e-10
28.271484,3.221466e-09,8.561408e-09,3.585687e-07,6.956802e-07,2.189469e-10,2.914340e-08,1.153311e-08,5.936060e-08,5.299133e-08,2.268233e-07,3.698567e-08,3.765027e-08,3.260009e-08,3.297208e-08,1.795687e-08,8.068253e-08,1.591815e-11,3.061167e-08,1.292311e-09,2.979739e-09,1.020173e-10,2.017818e-11,1.692680e-10,2.261190e-07,1.938112e-10
28.320312,3.026154e-09,7.608934e-09,2.516870e-07,9.439112e-07,2.569527e-10,2.125715e-08,1.382704e-08,6.841880e-08,5.712421e-08,2.387958e-07,3.096563e-08,1.326303e-08,3.691597e-08,3.317803e-08,4.836140e-08,9.513333e-08,1.165043e-11,3.342087e-08,5.803335e-10,1.419885e-09,1.669765e-10,1.726753e-11,1.886803e-10,1.337664e-07,8.912884e-11
28.369141,3.067838e-09,1.668929e-08,3.459904e-07,1.083396e-06,2.656406e-10,1.201167e-08,1.475915e-08,6.701015e-08,5.800903e-08,2.598785e-07,1.941063e-08,2.447634e-09,4.646359e-08,4.097080e-08,7.785166e-08,6.475399e-08,3.790055e-12,2.131500e-08,4.507785e-10,2.804937e-09,1.487960e-10,1.056200e-11,1.452459e-10,1.479142e-07,2.503680e-10
28.417969,3.329356e-09,2.670460e-08,4.490374e-07,1.013644e-06,2.769582e-10,2.033541e-08,1.273398e-08,5.434695e-08,5.321561e-08,2.647296e-07,1.435072e-08,1.179951e-08,5.534940e-08,4.872643e-08,5.536091e-08,5.082405e-08,8.886884e-12,3.724091e-08,3.036903e-10,3.407753e-09,2.340121e-10,3.958390e-11,1.226656e-10,1.029299e-07,3.279627e-10
28.466797,3.545436e-09,3.392308e-08,5.163505e-07,7.727474e-07,2.933954e-10,2.798293e-08,8.193886e-09,3.691458e-08,4.994662e-08,2.348718e-07,1.277772e-08,8.021691e-09,4.981142e-08,4.854970e-08,2.101214e-08,6.861263e-08,1.787961e-11,3.966330e-08,9.797703e-11,7.988200e-10,3.949419e-10,3.736826e-11,1.367610e-11,1.128632e-07,1.819476e-10
28.515625,3.516848e-09,3.667218e-08,5.441767e-07,5.402088e-07,2.905542e-10,2.789000e-08,2.973510e-09,2.570674e-08,5.260032e-08,1.640320e-07,8.965827e-10,1.963215e-08,4.625264e-08,4.424121e-08,4.932709e-09,7.230090e-08,1.901701e-11,1.932593e-08,3.367928e-10,3.429782e-09,2.178075e-10,1.093788e-11,4.382208e-11,1.259096e-07,2.151318e-10
28.564453,3.195599e-09,3.479552e-08,5.415802e-07,4.757965e-07,2.634765e-10,2.535444e-08,1.128520e-09,2.653487e-08,5.302064e-08,1.047509e-07,2.321610e-08,3.718778e-08,5.118115e-08,5.590495e-08,4.561971e-08,3.647362e-08,1.118855e-11,1.123017e-08,2.129510e-10,6.344114e-09,2.277900e-11,1.736990e-11,2.619774e-11,5.614787e-08,2.584535e-10
28.613281,2.611273e-09,2.964642e-08,5.331359e-07,4.129087e-07,2.408036e-10,2.356128e-08,3.116553e-09,3.230622e-08,4.548339e-08,1.335784e-07,3.612562e-08,4.140338e-08,4.574636e-08,4.868330e-08,9.232558e-08,1.517941e-08,4.788965e-12,7.249278e-09,1.785999e-10,5.653960e-09,1.678498e-10,2.213724e-11,8.018847e-11,1.114381e-07,2.618905e-10
28.662109,1.871557e-09,2.363838e-08,5.271528e-07,1.995710e-07,2.501585e-10,1.822795e-08,3.570991e-09,3.379333e-08,3.454974e-08,1.405387e-07,2.644606e-08,5.318703e-08,2.822739e-08,3.210810e-08,1.038497e-07,4.712327e-08,1.442981e-11,1.266098e-08,2.571134e-10,2.726098e-09,2.146546e-10,1.525412e-11,1.551384e-10,1.064381e-07,5.248412e-10
28.710938,1.294205e-09,1.895843e-08,4.940667e-07,2.814361e-07,2.756662e-10,8.568875e-09,3.663784e-09,2.672200e-08,2.470575e-08,9.674475e-08,1.310959e-08,5.385477e-08,2.228155e-08,3.009924e-08,9.226070e-08,2.448423e-08,4.299129e-11,1.848779e-08,4.385758e-10,5.035981e-09,5.712150e-11,3.089711e-11,1.096780e-10,9.307192e-08,3.992799e-10
28.759766,1.583477e-09,1.562658e-08,4.003651e-07,6.824378e-07,2.855930e-10,4.151127e-09,4.540268e-09,1.459876e-08,1.263412e-08,6.920575e-08,2.846560e-08,3.911654e-08,2.015938e-08,3.889514e-08,6.424300e-08,2.550092e-08,5.903125e-11,7.837584e-09,1.825068e-10,6.059290e-09,9.290722e-11,4.694152e-11,9.168696e-11,5.052714e-08,8.562362e-11
28.808594,2.480037e-09,1.169537e-08,2.460746e-07,1.002249e-06,2.697534e-10,6.455429e-09,6.659343e-09,7.033181e-09,2.352079e-09,1.009024e-07,3.146331e-08,2.201418e-08,1.669241e-08,4.914367e-08,4.108210e-08,5.181219e-08,3.876670e-11,1.879096e-08,1.115179e-09,5.816350e-09,1.121160e-10,5.019827e-11,1.342137e-11,1.217203e-07,1.694403e-10
28.857422,3.371804e-09,5.870552e-09,9.843478e-08,1.156075e-06,2.419420e-10,2.288299e-09,9.512034e-09,8.627523e-09,1.673103e-08,1.632266e-07,3.728284e-08,1.829464e-08,2.584148e-08,6.077088e-08,4.536873e-08,4.264506e-08,6.528273e-12,9.768149e-09,1.356506e-09,3.287365e-09,1.945222e-10,2.237967e-11,1.246196e-10,1.150303e-07,1.265961e-10
28.906250,4.036704e-09,1.962655e-09,1.908433e-07,1.130748e-06,2.152378e-10,6.699328e-09,1.193592e-08,1.015073e-08,2.908281e-08,2.152372e-07,5.636885e-08,3.218406e-08,3.593312e-08,4.927807e-08,4.794451e-08,3.259219e-08,1.607232e-11,2.160615e-08,6.484133e-10,2.266214e-09,8.871444e-11,2.912933e-11,1.060148e-10,5.813613e-08,2.143139e-10
28.955078,4.455161e-09,9.297105e-09,3.317223e-07,9.481384e-07,1.837005e-10,1.436141e-08,1.276452e-08,5.572822e-09,3.592820e-08,2.277757e-07,6.632959e-08,4.327068e-08,4.477278e-08,2.700901e-08,4.629076e-08,4.962147e-08,1.255028e-11,2.617892e-08,4.240400e-10,3.201146e-09,2.233530e-10,3.551782e-11,1.525872e-10,2.696867e-08,3.358344e-10
29.003906,4.735293e-09,1.540273e-08,4.207057e-07,6.428463e-07,1.317985e-10,1.731971e-08,1.143675e-08,1.051936e-08,3.255122e-08,2.015212e-07,5.641576e-08,4.153348e-08,2.923219e-08,7.097676e-09,4.549708e-08,7.356885e-08,1.937871e-11,2.515318e-08,1.355297e-10,3.060730e-09,2.186654e-10,3.081411e-11,6.971683e-11,7.063994e-08,2.899074e-10
29.052734,4.992875e-09,1.898145e-08,4.541342e-07,2.674495e-07,7.448879e-11,1.527980e-08,8.273002e-09,2.532444e-08,2.000458e-08,1.380376e-07,3.435907e-08,3.348359e-08,3.020071e-08,2.574469e-08,2.493339e-08,7.529375e-08,5.097920e-12,2.544000e-08,6.632592e-10,2.367942e-09,9.866805e-11,2.085251e-11,1.147148e-10,1.099987e-07,2.550900e-11
29.101562,5.224264e-09,1.975253e-08,4.474889e-07,1.714402e-07,6.618927e-11,1.172912e-08,4.347530e-09,2.943270e-08,1.158813e-08,1.071364e-07,2.712460e-08,2.074082e-08,5.268093e-08,3.901498e-08,3.805063e-08,2.804818e-08,2.616446e-11,2.232241e-08,5.765349e-10,1.009150e-09,1.729199e-10,7.231962e-12,1.012549e-10,1.111460e-07,5.890720e-11
29.150391,5.301830e-09,1.835683e-08,4.176659e-07,4.938996e-07,9.597048e-11,1.210875e-08,8.974348e-10,2.168848e-08,2.135824e-08,2.028837e-07,2.711637e-08,6.541447e-09,5.749426e-08,4.981140e-08,9.495829e-08,6.534321e-08,5.043277e-11,3.859550e-08,2.219383e-10,1.921585e-09,1.601841e-10,2.933777e-11,1.950046e-10,1.208460e-07,2.828225e-10
29.199219,5.105280e-09,1.635333e-08,3.693969e-07,7.248665e-07,1.087889e-10,1.679720e-08,1.803094e-09,2.145595e-08,2.559361e-08,2.672672e-07,1.795375e-08,2.264478e-08,5.184475e-08,5.680909e-08,8.172252e-08,7.164638e-08,5.907718e-11,4.966134e-08,1.121960e-10,4.098611e-09,3.346719e-11,2.756218e-11,1.928900e-10,1.813588e-07,3.301825e-10
29.248047,4.612048e-09,1.570413e-08,2.967083e-07,8.439230e-07,1.095737e-10,2.318328e-08,4.430145e-09,2.539798e-08,1.687215e-08,2.541475e-07,1.759470e-08,3.284181e-08,4.565818e-08,4.703999e-08,3.830911e-08,2.991070e-08,5.129638e-11,4.727210e-08,3.388038e-10,4.926041e-09,4.460010e-11,1.170325e-11,1.557148e-10,1.083291e-07,1.434685e-10
29.296875,3.928159e-09,1.687641e-08,1.983992e-07,8.766211e-07,1.194127e-10,2.949447e-08,6.982250e-09,1.563665e-08,9.541029e-09,2.189035e-07,1.745288e-08,2.466960e-08,4.042253e-08,2.172147e-08,7.915526e-09,2.695184e-08,2.679741e-11,4.283131e-08,3.405636e-10,6.326497e-09,1.124363e-10,2.194793e-11,1.239713e-10,1.032754e-07,2.695940e-10
29.345703,3.227855e-09,1.830835e-08,8.929268e-08,8.506986e-07,1.343992e-10,3.375402e-08,8.360055e-09,3.161935e-09,2.094505e-08,2.005924e-07,2.052604e-08,5.428416e-09,3.364092e-08,1.614928e-08,2.505094e-08,6.016878e-08,5.531172e-12,5.272121e-08,8.258141e-11,2.695765e-09,8.257470e-11,1.599597e-11,9.087582e-11,7.392258e-08,2.463238e-10
29.394531,2.653073e-09,1.889107e-08,1.545108e-08,7.677184e-07,1.352117e-10,3.453118e-08,8.249973e-09,1.592280e-08,2.442613e-08,1.923595e-07,3.519366e-08,1.207682e-08,2.134916e-08,1.674530e-08,5.319102e-08,3.728681e-08,2.004922e-11,4.782788e-08,7.445682e-11,4.460160e-09,3.999891e-11,6.044024e-12,5.741837e-11,4.389472e-08,1.895703e-10
29.443359,2.184341e-09,1.941935e-08,6.767751e-08,6.164149e-07,1.220172e-10,3.103804e-08,7.813014e-09,1.195632e-08,1.966502e-08,2.332063e-07,4.858659e-08,1.978518e-08,1.129627e-08,8.263576e-09,4.063596e-08,3.313808e-08,1.457856e-11,2.857936e-08,1.607477e-10,3.994339e-09,1.066976e-10,9.005572e-12,6.828492e-11,2.874062e-08,1.685835e-10
29.492188,1.673834e-09,2.139219e-08,1.027051e-07,4.151408e-07,1.028600e-10,2.343698e-08,7.618320e-09,2.214803e-08,1.716782e-08,2.897553e-07,5.484368e-08,1.963820e-08,1.510006e-08,1.552039e-08,2.033593e-08,2.768234e-08,1.215035e-11,1.799092e-08,6.482126e-11,1.729947e-09,7.347061e-11,1.457136e-12,9.158781e-11,3.777561e-08,1.328400e-11
29.541016,9.740484e-10,2.422940e-08,1.587384e-07,2.626649e-07,8.931168e-11,1.630880e-08,6.552040e-09,5.754060e-08,2.314517e-08,2.973142e-07,5.224449e-08,1.849743e-08,1.487633e-08,2.028739e-08,2.069426e-08,2.117774e-08,8.770173e-12,1.058245e-08,1.225600e-10,9.721383e-10,6.123522e-11,1.783883e-11,9.048556e-11,5.940932e-08,1.355055e-10
29.589844,4.054440e-11,2.551988e-08,2.402183e-07,2.913561e-07,8.123339e-11,1.969763e-08,4.246300e-09,8.506170e-08,2.768865e-08,2.638168e-07,4.321581e-08,2.203318e-08,2.922413e-08,2.118836e-08,5.585201e-08,4.079496e-08,4.597480e-12,7.783581e-09,3.327851e-10,2.468508e-09,3.889171e-11,2.424527e-11,1.063833e-10,1.293733e-07,1.672921e-10
29.638672,1.083649e-09,2.358910e-08,3.061269e-07,3.487987e-07,7.512159e-11,2.773115e-08,1.806921e-09,9.074970e-08,2.236108e-08,2.371435e-07,2.910051e-08,2.704508e-08,3.231500e-08,3.106690e-08,5.640490e-08,4.751382e-08,3.317122e-11,3.013609e-08,1.157746e-10,2.272033e-09,2.073517e-10,6.830489e-12,9.526431e-11,1.321960e-07,2.345927e-10
29.687500,2.268808e-09,1.888850e-08,3.238404e-07,2.989067e-07,6.746456e-11,3.140277e-08,5.811314e-10,7.793163e-08,7.943358e-09,2.256816e-07,1.522220e-08,2.796757e-08,3.449570e-08,4.242114e-08,2.014105e-08,6.334652e-08,3.691129e-11,3.353680e-08,3.726202e-10,2.488529e-09,2.297520e-10,4.172627e-12,4.255019e-11,2.286236e-07,2.861964e-10
29.736328,3.345792e-09,1.426490e-08,2.973241e-07,1.375674e-07,6.100513e-11,2.897570e-08,8.706978e-10,5.994582e-08,8.135135e-09,2.011727e-07,1.636149e-08,2.464368e-08,4.828503e-08,4.670045e-08,3.446871e-08,6.632946e-08,3.845100e-11,2.503301e-08,4.698771e-10,1.380101e-09,1.152398e-10,1.171082e-11,5.295887e-11,1.688858e-07,3.572276e-11
29.785156,4.121840e-09,1.318814e-08,2.786143e-07,8.833680e-08,5.932311e-11,2.256909e-08,1.044339e-09,4.124012e-08,1.770019e-08,1.542822e-07,1.872577e-08,2.085501e-08,5.064832e-08,4.508062e-08,4.089626e-08,4.504109e-08,4.009539e-11,3.072743e-08,5.309099e-10,8.197377e-10,1.564875e-10,1.283424e-11,1.138135e-10,6.185389e-08,5.167822e-11
29.833984,4.426731e-09,1.434002e-08,3.169050e-07,2.904731e-07,6.596900e-11,1.629126e-08,2.904338e-11,2.069103e-08,1.883917e-08,9.663060e-08,2.267748e-08,1.546850e-08,2.609534e-08,3.897746e-08,2.809851e-08,4.501417e-08,2.320603e-11,1.802142e-08,3.428863e-10,1.690697e-09,7.340174e-11,7.757580e-12,1.171683e-10,1.812725e-08,1.334589e-10
29.882812,4.157120e-09,1.427165e-08,3.797730e-07,4.461524e-07,8.322166e-11,1.256670e-08,2.320954e-09,1.243109e-08,1.372674e-08,4.790183e-08,3.148598e-08,1.895953e-08,3.411021e-08,3.850861e-08,4.655764e-08,3.446537e-08,1.295911e-11,2.919553e-08,3.888938e-10,4.784712e-10,3.399772e-11,1.874669e-11,8.722359e-11,5.374466e-08,1.965602e-10
29.931641,3.318742e-09,1.226716e-08,4.253137e-07,5.786504e-07,1.088936e-10,8.835805e-09,4.938357e-09,1.810833e-08,6.616960e-09,2.456203e-08,3.689549e-08,2.364327e-08,4.672286e-08,5.136643e-08,7.103462e-08,1.162112e-08,1.353886e-11,3.983742e-08,6.634555e-10,2.026611e-09,9.802127e-11,1.171656e-11,7.343450e-11,4.944216e-08,1.255422e-10
29.980469,2.037430e-09,9.312650e-09,4.597025e-07,7.219807e-07,1.351752e-10,6.876599e-09,6.474501e-09,1.621384e-08,1.910955e-09,4.547052e-08,3.646562e-08,2.376421e-08,4.055082e-08,5.435045e-08,7.059884e-08,3.310005e-08,1.898734e-11,3.407192e-08,4.940837e-10,4.559825e-09,8.960077e-11,2.475080e-11,4.090362e-11,3.769047e-08,2.955913e-11
30.029297,5.557271e-10,6.564013e-09,5.080144e-07,8.426873e-07,1.578375e-10,1.318290e-08,6.585253e-09,1.428959e-08,2.424325e-09,1.021593e-07,2.869955e-08,3.140198e-08,4.880676e-08,5.808573e-08,5.506142e-08,3.290142e-08,2.779256e-11,2.294841e-08,3.022661e-10,3.546667e-09,1.766918e-10,3.101375e-11,3.760010e-11,9.048433e-08,3.127849e-11
30.078125,9.197812e-10,5.967240e-09,5.660285e-07,8.670954e-07,1.747965e-10,1.856531e-08,6.163896e-09,2.554403e-08,6.347391e-09,1.474421e-07,1.463593e-08,4.421857e-08,3.695997e-08,6.033154e-08,4.998750e-08,3.228839e-08,3.086300e-11,1.399604e-08,3.520140e-10,3.652909e-09,1.175398e-10,1.503707e-11,4.054969e-11,1.399607e-07,1.254039e-10
30.126953,2.020565e-09,9.355570e-09,6.054262e-07,7.576381e-07,1.813070e-10,1.798994e-08,5.744335e-09,3.613532e-08,1.049224e-08,1.466073e-07,7.495146e-09,4.444410e-08,2.085972e-08,3.872818e-08,5.900225e-08,6.037617e-08,2.821824e-11,7.702008e-09,5.540199e-10,4.465799e-09,1.681987e-10,6.657916e-12,3.289512e-12,1.775033e-07,1.394832e-10
30.175781,2.645042e-09,1.410604e-08,6.116280e-07,5.494588e-07,1.777428e-10,1.170140e-08,4.983708e-09,4.036533e-08,1.261284e-08,1.046543e-07,1.031595e-08,2.705904e-08,4.431229e-08,2.489752e-08,7.494022e-08,5.391991e-08,2.608025e-11,6.732201e-09,4.981046e-10,4.067330e-09,1.250058e-10,8.564040e-12,7.407131e-11,1.673925e-08,1.398128e-10
30.224609,2.799668e-09,1.762332e-08,5.938160e-07,3.454809e-07,1.680392e-10,3.394608e-09,4.638651e-09,4.086175e-08,1.158121e-08,7.071227e-08,6.670381e-09,1.758465e-08,4.264021e-08,6.278026e-09,6.428641e-08,3.058202e-08,2.890434e-11,5.722681e-09,2.355634e-10,5.154964e-10,9.973847e-11,1.440439e-11,7.652051e-11,9.806130e-08,1.021807e-10
30.273438,2.710659e-09,1.859130e-08,5.652121e-07,2.759212e-07,1.603134e-10,3.427148e-09,5.316735e-09,3.786127e-08,8.085403e-09,9.339609e-08,4.474248e-09,1.885525e-08,2.736582e-08,2.471900e-08,6.379112e-08,3.666203e-08,2.774517e-11,1.677626e-08,2.132616e-10,1.802007e-09,8.950324e-11,6.851032e-12,3.725576e-11,6.899335e-08,1.881873e-10
30.322266,2.742078e-09,1.703660e-08,5.234339e-07,3.246909e-07,1.634942e-10,8.186388e-09,5.615228e-09,3.085237e-08,5.939889e-09,1.479422e-07,1.233142e-08,9.054030e-09,3.070895e-08,3.379851e-08,5.728657e-08,4.780772e-08,1.718822e-11,2.001350e-08,6.406858e-10,1.127575e-09,1.068083e-10,7.374850e-12,3.733583e-11,1.122389e-07,9.634678e-11
30.371094,3.065238e-09,1.413979e-08,4.554616e-07,3.921674e-07,1.706150e-10,1.407339e-08,5.142753e-09,2.323109e-08,6.190934e-09,2.002051e-07,2.782774e-08,1.200929e-08,3.412313e-08,2.638097e-08,4.663144e-08,4.912302e-08,1.641899e-11,1.597744e-08,6.599585e-10,1.644831e-09,7.728394e-11,3.555081e-12,2.470732e-11,1.063882e-07,3.938850e-11
30.419922,3.462393e-09,1.137220e-08,3.547635e-07,4.498698e-07,1.744252e-10,1.980594e-08,4.805232e-09,1.722066e-08,4.547730e-09,2.177720e-07,4.168084e-08,3.651818e-08,2.145961e-08,2.094038e-08,5.546579e-08,5.301529e-08,1.571061e-11,9.955834e-09,4.166403e-10,2.489946e-09,5.590433e-11,9.901806e-12,3.404591e-11,4.072694e-08,1.499447e-10
30.468750,3.668676e-09,9.269085e-09,2.282916e-07,4.685409e-07,1.730489e-10,2.174996e-08,4.917368e-09,1.259166e-08,1.579446e-09,1.856570e-07,4.862197e-08,5.497756e-08,1.200927e-08,1.688628e-08,4.645877e-08,2.981756e-08,1.084092e-11,5.505040e-10,4.998148e-10,3.780036e-09,9.269198e-11,1.818449e-11,4.686161e-11,1.193778e-07,3.189022e-11
30.517578,3.629526e-09,7.357840e-09,9.388136e-08,4.304625e-07,1.683444e-10,1.876544e-08,5.338788e-09,1.879680e-08,1.248197e-09,1.206489e-07,4.699649e-08,5.372011e-08,5.580748e-09,1.410463e-08,4.115522e-08,4.453130e-08,1.669503e-11,5.448351e-09,5.866407e-10,2.456603e-09,5.653487e-11,1.023638e-11,2.794357e-11,1.728187e-07,3.365219e-11
30.566406,3.542300e-09,5.676409e-09,3.340371e-08,3.665347e-07,1.591198e-10,1.274661e-08,5.927332e-09,3.384139e-08,4.430285e-09,6.487883e-08,3.346605e-08,3.352037e-08,1.788109e-08,7.144064e-09,4.995183e-08,5.685897e-08,1.723187e-11,8.911017e-09,3.719209e-10,3.169772e-10,8.398402e-11,8.936311e-12,2.627081e-11,1.702070e-07,1.644135e-10
30.615234,3.711137e-09,5.442381e-09,1.164245e-07,3.422672e-07,1.408315e-10,6.278229e-09,5.970620e-09,4.452823e-08,9.057771e-09,3.378229e-08,1.981333e-08,1.629585e-08,4.636651e-09,1.593004e-08,3.398631e-08,3.675887e-08,1.144123e-11,7.293967e-09,4.548344e-10,5.597455e-10,1.118363e-10,1.119297e-11,2.004374e-11,5.511430e-08,2.099092e-10
30.664062,4.148010e-09,6.732391e-09,1.574514e-07,3.821338e-07,1.163665e-10,4.940668e-09,5.191201e-09,4.669682e-08,1.098716e-08,4.596758e-08,2.976172e-08,9.067048e-09,1.672136e-08,2.627929e-08,1.818304e-08,2.891762e-08,4.731453e-12,7.432892e-09,4.115740e-10,1.627944e-09,1.151431e-10,1.626283e-11,5.361264e-11,5.710398e-08,1.083819e-10
30.712891,4.531961e-09,8.109908e-09,1.656231e-07,4.529006e-07,9.410924e-11,1.055760e-08,4.158976e-09,4.277956e-08,9.677961e-09,1.106463e-07,3.627212e-08,1.736653e-08,1.867367e-08,2.551455e-08,5.070857e-08,4.089409e-08,1.968491e-12,7.269880e-09,2.109451e-10,1.353576e-09,1.248434e-10,7.208533e-12,5.428437e-11,1.360292e-07,2.203503e-10
30.761719,4.546817e-09,8.974518e-09,1.704880e-07,5.188790e-07,7.729673e-11,1.396637e-08,3.263609e-09,3.413075e-08,9.602462e-09,1.374300e-07,3.493619e-08,4.694910e-08,5.661687e-09,2.013410e-08,4.482633e-08,4.626751e-08,8.793386e-12,5.581678e-09,7.623348e-11,5.643608e-09,7.928952e-11,9.525696e-12,3.478497e-11,2.235892e-07,2.402406e-10
30.810547,4.141423e-09,9.641001e-09,1.846362e-07,5.452679e-07,6.299386e-11,1.270047e-08,2.499468e-09,2.712928e-08,1.054088e-08,9.608432e-08,3.263374e-08,6.287364e-08,3.730039e-08,1.717448e-08,2.083043e-08,7.294381e-08,1.505681e-11,5.598874e-09,1.349198e-10,5.182954e-09,2.833933e-11,1.602159e-11,4.371177e-11,7.848290e-08,9.110122e-11
30.859375,3.558598e-09,1.080617e-08,1.881901e-07,5.093738e-07,5.359575e-11,9.071175e-09,2.774610e-09,3.204414e-08,8.280441e-09,2.500472e-08,2.833581e-08,6.556269e-08,4.584334e-08,1.445769e-08,2.469153e-08,8.400032e-08,1.526407e-11,1.158518e-08,4.023815e-10,2.375610e-09,5.409364e-11,2.178193e-11,5.139360e-11,3.426242e-08,8.655875e-11
30.908203,3.162770e-09,1.281889e-08,1.675805e-07,4.303007e-07,5.267077e-11,9.131372e-09,4.242452e-09,3.713224e-08,2.657124e-09,6.726811e-08,2.343269e-08,5.818171e-08,2.537771e-08,1.425385e-08,3.215602e-08,7.375253e-08,7.743076e-12,9.978287e-09,3.005687e-10,8.978431e-10,3.707490e-11,9.126328e-12,5.178691e-11,1.180019e-07,1.102103e-10
30.957031,2.993195e-09,1.527738e-08,1.383452e-07,3.759259e-07,5.005065e-11,1.097209e-08,5.481187e-09,3.525283e-08,1.485379e-08,9.966292e-08,1.914033e-08,3.816096e-08,9.589617e-09,2.279207e-08,2.416550e-08,5.904156e-08,6.738896e-12,1.594263e-08,2.329410e-10,3.657497e-10,1.592135e-11,8.208490e-12,7.522251e-11,1.241064e-07,1.021347e-10
31.005859,2.698757e-09,1.739454e-08,1.303474e-07,3.963151e-07,4.323763e-11,1.097591e-08,5.446396e-09,3.194299e-08,2.868696e-08,1.038850e-07,1.465883e-08,2.515324e-08,8.438660e-09,2.778290e-08,1.981326e-08,6.379104e-08,1.021532e-11,1.742864e-08,2.122682e-10,2.292607e-10,7.453801e-11,6.574361e-12,6.656692e-11,6.633466e-08,7.154799e-11
31.054688,2.036109e-09,1.848247e-08,1.452274e-07,4.489922e-07,3.204840e-11,1.207370e-08,3.899318e-09,3.062000e-08,3.457645e-08,8.378864e-08,1.636465e-08,3.218635e-08,1.425239e-08,2.290913e-08,1.402163e-08,3.879949e-08,3.944387e-12,1.794042e-08,2.948043e-10,6.525467e-10,7.286569e-11,7.206841e-12,1.609456e-11,2.970761e-08,5.116151e-11
31.103516,1.088050e-09,1.818256e-08,1.694506e-07,4.752990e-07,2.460863e-11,1.499022e-08,1.835971e-09,2.764106e-08,3.192167e-08,3.998072e-08,2.060197e-08,3.811695e-08,2.045161e-08,2.301241e-09,1.281411e-08,1.250288e-08,3.930979e-12,4.021802e-08,3.059234e-10,2.781702e-09,4.986007e-11,9.327135e-12,4.274269e-12,6.908585e-08,1.847467e-10
31.152344,2.161378e-10,1.652848e-08,2.031577e-07,4.481006e-07,2.498073e-11,1.586292e-08,2.030050e-09,2.409342e-08,2.709359e-08,3.042759e-08,1.989423e-08,3.082398e-08,3.286020e-08,2.228418e-08,1.949971e-08,3.010890e-08,1.108022e-11,4.369301e-08,6.295481e-11,2.406942e-09,6.309895e-11,1.219126e-11,2.373203e-11,8.677600e-08,1.564642e-10
31.201172,5.584151e-10,1.389695e-08,2.375493e-07,3.677372e-07,2.929174e-11,1.380312e-08,2.841545e-09,2.466643e-08,2.091732e-08,5.686455e-08,1.556325e-08,1.644507e-08,4.039636e-08,2.881281e-08,4.731977e-08,2.809559e-08,1.245707e-11,3.340554e-08,2.387471e-10,1.180919e-09,5.236004e-11,8.200934e-12,7.045668e-11,2.100576e-08,1.539342e-10
31.250000,7.848657e-10,1.084994e-08,2.545264e-07,2.791616e-07,3.252632e-11,1.249776e-08,2.277924e-09,2.366079e-08,1.538576e-08,4.692020e-08,1.223117e-08,7.443459e-09,3.728877e-08,2.862138e-08,5.350657e-08,2.351211e-08,1.040893e-11,2.549158e-08,2.445057e-10,2.343506e-09,4.821558e-11,1.454986e-11,3.078474e-11,5.997110e-08,8.691367e-11
31.298828,7.801874e-10,7.873533e-09,2.531753e-07,2.719189e-07,3.197925e-11,1.473978e-08,3.786825e-10,1.701387e-08,1.881134e-08,1.166738e-08,1.078232e-08,9.501062e-09,1.752845e-08,2.592846e-08,4.166512e-08,3.232669e-08,7.034260e-12,9.248610e-09,1.279854e-10,1.571917e-10,5.268162e-11,1.534531e-11,6.515298e-11,3.598921e-08,1.498973e-10
31.347656,8.637529e-10,5.124142e-09,2.600767e-07,3.287212e-07,2.684715e-11,1.748126e-08,2.069248e-09,9.785028e-09,1.891086e-08,4.832058e-08,1.549546e-08,1.663173e-08,6.784391e-09,2.268840e-08,3.877662e-08,3.118005e-08,4.843009e-12,2.677600e-09,3.355205e-10,1.862699e-09,4.785810e-11,6.170201e-12,3.684812e-11,4.835555e-08,1.384886e-10
31.396484,9.749124e-10,2.436704e-09,2.948091e-07,3.492352e-07,2.217049e-11,1.844176e-08,3.793562e-09,7.948374e-09,1.096566e-08,8.603352e-08,2.475770e-08,2.281752e-08,1.410986e-09,2.727986e-08,4.753951e-08,2.386828e-08,1.126534e-11,6.804898e-09,3.984749e-10,1.169360e-09,4.460611e-11,6.061971e-12,3.844354e-11,5.566766e-08,1.318216e-10
31.445312,8.613404e-10,3.885868e-10,3.344708e-07,2.986938e-07,2.436477e-11,1.766034e-08,3.900267e-09,1.178552e-08,3.397111e-09,1.200203e-07,2.999248e-08,3.086044e-08,1.139614e-08,3.173070e-08,4.516929e-08,3.550433e-08,1.532289e-11,1.250389e-08,2.632262e-10,2.246514e-09,3.306182e-11,7.634509e-12,3.665253e-11,3.694912e-08,1.788443e-10
31.494141,5.822429e-10,3.274076e-09,3.462136e-07,1.958980e-07,3.305580e-11,1.604130e-08,2.943356e-09,1.404604e-08,2.439101e-09,1.539312e-07,2.810776e-08,3.862992e-08,7.621964e-09,3.167155e-08,2.453870e-08,3.001391e-08,7.893259e-12,5.059503e-09,1.088251e-10,3.083950e-09,4.386352e-11,5.871139e-12,1.924281e-11,9.411153e-09,7.349842e-11
31.542969,6.614137e-10,6.221749e-09,3.196515e-07,8.303877e-08,4.175939e-11,1.451429e-08,2.900666e-09,1.150404e-08,4.643810e-09,1.737263e-07,2.162889e-08,3.700037e-08,1.585186e-08,2.916593e-08,1.478252e-08,2.274669e-08,1.156481e-12,1.442287e-08,1.599402e-10,1.767584e-09,3.987852e-11,1.080712e-11,2.149270e-11,6.221030e-09,6.898701e-11
31.591797,9.911400e-10,9.208474e-09,2.688457e-07,9.609110e-08,4.593210e-11,1.377835e-08,3.356142e-09,9.840044e-09,9.953371e-09,1.705135e-07,1.497597e-08,2.244730e-08,3.592758e-08,2.762925e-08,3.080769e-08,4.822221e-08,5.195678e-12,1.516644e-08,2.898416e-10,1.177574e-09,1.992566e-11,9.465355e-12,4.729032e-11,1.739237e-08,3.314333e-11
31.640625,1.104305e-09,1.213677e-08,2.199215e-07,2.039263e-07,4.716271e-11,1.420413e-08,3.456260e-09,1.134182e-08,1.366784e-08,1.547473e-07,1.074498e-08,8.089897e-09,4.336061e-08,1.615696e-08,2.315669e-08,5.499870e-08,6.261335e-12,1.199484e-08,2.882804e-10,1.311203e-09,2.946853e-11,8.829513e-12,3.827430e-11,1.127801e-07,6.922317e-11
31.689453,9.887501e-10,1.463786e-08,1.912005e-07,2.850135e-07,5.159527e-11,1.445141e-08,4.431233e-09,1.128865e-08,1.295548e-08,1.501627e-07,8.904279e-09,1.407406e-08,3.345312e-08,5.717231e-09,1.465143e-08,4.523237e-08,6.679714e-12,1.190694e-08,2.622230e-10,2.848262e-09,3.731124e-11,1.636951e-11,5.399530e-12,1.552346e-07,1.093831e-10
31.738281,1.008510e-09,1.619872e-08,1.821538e-07,3.021182e-07,6.018159e-11,1.220636e-08,5.800487e-09,9.722853e-09,7.873775e-09,1.695610e-07,8.421661e-09,1.026070e-08,1.716038e-08,9.099293e-09,8.562747e-09,5.313035e-08,7.921307e-12,2.678798e-09,1.334440e-10,1.124548e-09,3.122854e-11,1.262970e-11,2.602331e-11,8.794696e-08,4.156286e-11
31.787109,1.326132e-09,1.650680e-08,1.893877e-07,2.443648e-07,6.924726e-11,8.001846e-09,6.233736e-09,9.097693e-09,1.069522e-08,2.100791e-07,8.695432e-09,1.231941e-08,3.423310e-09,1.674089e-08,2.332330e-08,7.394097e-08,1.121321e-11,1.071999e-08,2.631601e-10,9.714852e-10,4.678691e-11,2.565426e-12,9.662227e-13,6.651238e-08,1.205018e-10
31.835938,1.601429e-09,1.572110e-08,2.148971e-07,1.541588e-07,7.379466e-11,7.439990e-09,5.677634e-09,1.163234e-08,1.471714e-08,2.352296e-07,1.006211e-08,2.498409e-08,1.271295e-08,1.350629e-08,1.896647e-08,7.095669e-08,9.495684e-12,2.173220e-08,1.491538e-10,1.665050e-09,3.900129e-11,4.381330e-12,2.893797e-11,3.686648e-08,1.198619e-10
31.884766,1.617020e-09,1.440823e-08,2.509749e-07,1.686321e-07,8.026832e-11,9.057723e-09,5.092432e-09,1.552098e-08,1.160151e-08,2.022548e-07,1.124357e-08,3.373223e-08,2.263337e-08,6.314082e-09,9.134283e-09,4.934880e-08,6.271031e-12,1.782457e-08,1.024804e-10,2.622282e-09,6.522215e-12,6.754488e-12,3.420014e-11,1.017805e-07,1.994184e-11
31.933594,1.410261e-09,1.312421e-08,2.794000e-07,2.754914e-07,8.884111e-11,6.934026e-09,5.128820e-09,1.894453e-08,7.900511e-09,1.287819e-07,1.220910e-08,3.072805e-08,2.585851e-08,1.000083e-08,1.513899e-08,5.997590e-08,5.615099e-12,8.958557e-09,1.529849e-10,9.707641e-10,5.899074e-11,7.415312e-12,1.322063e-11,1.027970e-07,5.179574e-11
31.982422,1.156334e-09,1.194992e-08,2.835957e-07,3.767991e-07,9.524949e-11,1.720433e-09,5.142859e-09,1.793680e-08,8.040133e-09,9.029417e-08,1.442935e-08,1.257603e-08,3.125640e-08,9.498980e-09,1.855307e-08,7.475428e-08,3.516173e-12,5.071730e-09,2.912587e-10,2.452638e-09,7.060368e-11,7.894289e-12,1.387151e-11,6.638589e-08,1.529575e-10
32.031250,9.705192e-10,1.052610e-08,2.555087e-07,4.716268e-07,9.805377e-11,3.090174e-09,4.674599e-09,9.634445e-09,6.080856e-09,7.659668e-08,1.693300e-08,9.855840e-09,3.069868e-08,4.222618e-09,2.297421e-08,6.168873e-08,2.389289e-12,1.048731e-08,4.416742e-10,1.022536e-09,2.866217e-11,2.798145e-12,4.442720e-11,3.415275e-08,1.304769e-10
32.080078,7.870379e-10,8.519428e-09,1.981557e-07,5.692796e-07,9.481475e-11,6.360660e-09,4.383332e-09,3.171391e-09,5.103547e-09,5.026294e-08,1.885295e-08,2.413631e-08,2.015562e-08,1.193152e-08,4.246948e-08,1.025890e-08,1.689186e-12,1.699230e-08,4.481576e-10,8.597237e-10,2.916840e-11,5.930872e-12,6.201736e-11,9.825884e-08,4.657797e-11
32.128906,5.226575e-10,5.898029e-09,1.290957e-07,6.459342e-07,8.964467e-11,1.109265e-08,4.606310e-09,1.149001e-08,9.209860e-09,4.965584e-08,2.072171e-08,3.501077e-08,1.174505e-08,1.746263e-08,5.469253e-08,2.287376e-08,7.831340e-12,2.330223e-08,2.060042e-10,1.372687e-09,4.844714e-11,5.361840e-12,2.072424e-12,1.031462e-07,4.144732e-11
32.177734,2.935280e-10,3.008991e-09,9.161891e-08,6.631146e-07,8.204496e-11,1.641152e-08,4.725277e-09,1.238206e-08,1.348329e-08,3.165657e-08,2.151658e-08,4.015535e-08,6.677011e-09,1.295689e-08,5.572697e-08,2.462910e-08,9.815733e-12,1.587103e-08,1.897994e-10,9.802569e-10,3.998783e-11,3.040624e-12,2.340814e-11,3.389016e-08,8.919919e-11
32.226562,4.369480e-10,2.022206e-09,1.147064e-07,6.037167e-07,7.238316e-11,1.859373e-08,4.751689e-09,7.111430e-09,1.238571e-08,3.729623e-08,1.900946e-08,3.652926e-08,9.497270e-09,1.281002e-08,4.854197e-08,3.633893e-08,1.065917e-11,1.273240e-08,1.424338e-10,1.098180e-09,3.196635e-11,5.546103e-12,2.268128e-11,2.473525e-08,6.354065e-11
32.275391,6.928450e-10,4.599860e-09,1.459044e-07,4.885397e-07,6.033741e-11,1.744502e-08,4.830412e-09,3.609869e-09,5.114941e-09,8.111250e-08,1.499218e-08,2.301728e-08,1.837975e-08,6.509724e-09,4.944247e-08,5.778055e-08,5.041692e-12,2.102171e-08,7.887894e-11,5.443582e-10,3.489959e-11,8.067718e-12,1.202141e-11,3.536038e-08,9.072438e-11
32.324219,8.835289e-10,7.319474e-09,1.684819e-07,3.703586e-07,4.669774e-11,1.670684e-08,4.460249e-09,9.991086e-09,4.219537e-09,9.105275e-08,1.663035e-08,5.448530e-09,1.653662e-08,7.436269e-09,4.445401e-08,5.986769e-08,4.005618e-12,1.567583e-08,2.291530e-10,1.134805e-10,3.398919e-11,6.146250e-12,1.842875e-11,7.311902e-08,4.323624e-11
32.373047,1.009108e-09,9.459689e-09,2.027374e-07,3.017670e-07,3.655349e-11,1.726502e-08,3.506090e-09,1.436567e-08,9.284441e-09,7.154253e-08,2.159018e-08,3.625832e-09,6.812785e-09,1.562651e-08,2.988389e-08,5.855178e-08,7.338136e-12,7.353593e-09,3.701442e-10,9.180942e-10,2.095228e-11,4.449078e-12,1.495880e-11,7.601651e-08,6.244409e-11
32.421875,1.078204e-09,1.079669e-08,2.558937e-07,2.789864e-07,3.009773e-11,1.597112e-08,2.619543e-09,1.481630e-08,1.047536e-08,4.869642e-08,2.345804e-08,3.998364e-09,2.609872e-08,1.824982e-08,9.251922e-09,5.168074e-08,6.847165e-12,2.448485e-09,2.100026e-10,6.441612e-10,2.271354e-11,1.526426e-12,1.424070e-11,8.984558e-08,8.312087e-11
32.470703,1.086601e-09,1.124545e-08,3.076502e-07,2.591229e-07,3.313940e-11,1.263582e-08,2.652391e-09,1.306745e-08,8.325178e-09,5.745120e-08,2.065945e-08,5.870614e-09,2.821215e-08,1.932774e-08,1.138302e-08,3.007134e-08,9.186481e-12,6.464004e-09,2.381302e-10,8.612446e-10,5.545320e-11,4.083346e-12,1.172740e-11,9.316355e-09,7.841531e-11
32.519531,1.031363e-09,1.084256e-08,3.418633e-07,2.329994e-07,3.958603e-11,9.943170e-09,3.341517e-09,1.129062e-08,2.142081e-09,7.335673e-08,1.384732e-08,4.560555e-09,1.969395e-08,1.903864e-08,1.452020e-08,2.276294e-08,1.135042e-11,1.243412e-08,2.989170e-10,4.798771e-10,7.896793e-11,9.062279e-12,5.506368e-12,6.953507e-08,2.934264e-11
32.568359,9.337518e-10,9.744723e-09,3.654247e-07,2.329787e-07,4.348843e-11,8.377549e-09,3.573580e-09,9.768402e-09,6.808286e-09,6.608565e-08,7.001261e-09,1.026543e-08,1.729360e-08,2.137584e-08,1.491336e-08,2.853410e-08,1.147563e-11,8.280149e-09,1.268505e-10,6.033507e-10,4.132202e-11,9.038752e-12,1.475482e-11,1.210566e-07,4.764917e-11
32.617188,8.321168e-10,8.216064e-09,3.962282e-07,2.823542e-07,4.289062e-11,6.280349e-09,2.798043e-09,9.918578e-09,1.226179e-08,5.883174e-08,4.747184e-09,1.792856e-08,6.932193e-09,1.501612e-08,5.706213e-09,4.697784e-08,1.196941e-11,4.868965e-09,1.388288e-10,7.518886e-10,2.226898e-11,5.484498e-12,8.288118e-12,7.010494e-08,3.823356e-11
32.666016,7.664531e-10,6.548098e-09,4.332411e-07,3.452405e-07,3.853824e-11,3.801961e-09,1.511461e-09,1.288552e-08,1.134869e-08,6.045739e-08,4.276348e-09,1.766164e-08,8.674661e-09,4.976034e-09,5.439300e-09,3.158052e-08,3.448744e-12,9.693926e-09,2.137196e-10,6.046466e-10,1.870579e-11,3.051443e-12,1.110931e-11,9.050185e-08,4.436533e-11
32.714844,7.301322e-10,4.949769e-09,4.532098e-07,3.628684e-07,3.104424e-11,2.550775e-09,1.093915e-09,1.688031e-08,7.626853e-09,4.721241e-08,5.307232e-09,1.385518e-08,1.429598e-08,3.729969e-09,6.341092e-09,5.328237e-08,5.544935e-12,2.640852e-08,9.367836e-11,2.011354e-09,2.909928e-11,4.185181e-12,1.867932e-11,3.510491e-08,1.053045e-10
32.763672,6.687921e-10,3.547493e-09,4.370499e-07,2.930027e-07,2.431302e-11,4.838506e-09,1.180221e-09,2.026759e-08,1.128107e-08,4.746224e-08,7.336881e-09,1.209529e-08,1.405523e-08,1.728974e-08,3.486969e-08,4.233545e-08,5.909407e-12,2.657862e-08,8.415980e-11,2.286480e-09,3.928918e-11,6.464430e-12,1.213672e-11,4.173848e-08,1.344778e-10
32.812500,5.366620e-10,2.608945e-09,3.868084e-07,1.331156e-07,2.259728e-11,8.122574e-09,1.078675e-09,2.086418e-08,1.624627e-08,5.846470e-08,9.329877e-09,4.076622e-09,1.064986e-08,2.432564e-08,4.879727e-08,2.937630e-08,4.325740e-12,1.617146e-08,1.846919e-10,1.633843e-09,3.086156e-11,1.021946e-12,1.040190e-11,6.955515e-08,4.886175e-11
32.861328,4.000558e-10,2.649606e-09,3.228703e-07,1.217864e-07,2.618411e-11,9.800456e-09,1.371990e-09,1.757812e-08,1.765295e-08,5.146994e-08,9.072605e-09,1.712515e-08,1.292540e-08,2.910917e-08,2.937594e-08,2.359608e-08,3.483075e-12,7.565160e-09,1.202307e-10,1.811810e-09,1.446857e-11,2.701949e-12,2.399231e-11,4.241060e-08,3.808998e-11
32.910156,4.256359e-10,3.415210e-09,2.694589e-07,3.450317e-07,3.226136e-11,8.738696e-09,1.719000e-09,1.390576e-08,1.695991e-08,5.314721e-08,1.446474e-08,1.941145e-08,1.454248e-08,3.505265e-08,1.559444e-08,4.512203e-08,4.052404e-12,2.788289e-09,6.623028e-11,1.328048e-09,3.355176e-11,2.427840e-12,2.445560e-11,1.295289e-07,4.007340e-11
32.958984,5.450683e-10,4.144045e-09,2.392261e-07,5.278830e-07,3.541150e-11,5.577541e-09,2.053682e-09,1.425945e-08,1.556820e-08,7.141101e-08,1.913327e-08,2.184190e-08,9.849844e-09,2.939090e-08,7.065616e-09,3.446581e-08,6.091977e-12,8.404983e-09,2.467948e-11,5.778465e-10,3.695420e-11,6.974241e-12,1.502810e-11,1.074600e-07,6.579697e-11
33.007812,5.877257e-10,4.483919e-09,2.306089e-07,6.458589e-07,3.482803e-11,2.552575e-09,2.387760e-09,1.485274e-08,1.226562e-08,8.146332e-08,1.452907e-08,3.281603e-08,1.444777e-08,2.280041e-08,2.823297e-08,2.721624e-08,4.244892e-12,6.631068e-09,5.124228e-11,2.594979e-10,2.769951e-11,7.659268e-12,3.305672e-11,7.556373e-08,3.225659e-11
33.056641,5.766344e-10,4.446304e-09,2.383758e-07,7.087205e-07,2.929776e-11,2.364369e-09,2.366840e-09,1.209713e-08,7.000404e-09,7.837411e-08,1.584364e-08,4.327419e-08,2.027717e-08,1.803464e-08,3.700924e-08,4.714947e-08,3.956486e-12,4.428951e-09,6.326902e-11,5.353812e-10,3.081639e-11,6.911097e-12,1.923084e-11,9.732746e-08,6.745627e-11
33.105469,6.974837e-10,4.246458e-09,2.601237e-07,7.240406e-07,1.968771e-11,3.975977e-09,1.930904e-09,6.454683e-09,3.123690e-09,6.752469e-08,2.457538e-08,5.132615e-08,2.201407e-08,9.074219e-09,3.622121e-08,5.080937e-08,5.734061e-12,8.462273e-09,9.441873e-11,1.536772e-09,1.622727e-11,4.969261e-12,1.081586e-11,6.967944e-08,6.158865e-11
33.154297,9.606298e-10,4.049643e-09,2.937514e-07,6.846249e-07,1.068628e-11,7.537635e-09,1.414106e-09,2.428820e-09,2.085097e-09,6.200735e-08,2.515068e-08,5.220341e-08,2.782575e-08,1.174790e-08,2.924827e-08,4.106011e-08,4.072326e-12,7.468699e-09,1.955204e-10,1.833625e-09,5.379041e-12,1.915038e-12,1.906940e-11,2.919716e-08,2.794544e-11
33.203125,1.188719e-09,3.768998e-09,3.326230e-07,5.966796e-07,2.248460e-12,1.161904e-08,1.161371e-09,8.399143e-09,4.173701e-10,5.932184e-08,2.339941e-08,4.105389e-08,2.868947e-08,1.845294e-08,2.360960e-08,2.718070e-08,6.563282e-12,5.295609e-09,2.804658e-10,1.231923e-09,2.944473e-11,2.196052e-12,3.646884e-11,5.348390e-08,3.849287e-11
33.251953,1.292102e-09,3.273154e-09,3.681613e-07,5.024286e-07,5.921816e-12,1.418571e-08,1.296750e-09,1.239017e-08,8.958864e-10,4.612238e-08,2.342425e-08,2.496390e-08,2.069997e-08,1.920679e-08,2.588543e-08,3.556429e-08,4.038302e-12,1.133188e-08,2.624727e-10,1.211320e-09,6.412827e-11,3.759254e-12,9.551872e-12,9.648041e-08,6.061204e-11
33.300781,1.325365e-09,2.904497e-09,4.009448e-07,4.452774e-07,9.749143e-12,1.496197e-08,1.722103e-09,1.260356e-08,2.842919e-09,3.376914e-08,2.014625e-08,2.541582e-08,1.115804e-08,1.343315e-08,2.629064e-08,3.263737e-08,3.340986e-12,1.571679e-08,1.320687e-10,9.427132e-10,8.156863e-11,1.860561e-12,1.809906e-11,1.458273e-07,8.315064e-11
33.349609,1.424550e-09,3.555747e-09,4.426451e-07,4.111648e-07,9.024361e-12,1.528891e-08,2.260519e-09,1.457023e-08,5.388985e-09,2.619670e-08,1.904886e-08,2.631044e-08,5.849812e-09,1.031983e-08,2.676648e-08,2.361446e-08,5.042894e-12,2.073234e-08,1.380586e-11,8.731044e-10,9.445785e-11,2.740258e-12,1.127639e-11,7.942396e-08,4.639595e-11
33.398438,1.615153e-09,5.142471e-09,4.944636e-07,3.721046e-07,3.566053e-12,1.571214e-08,2.606090e-09,2.023966e-08,5.561326e-09,1.903648e-08,1.985511e-08,2.324211e-08,4.387610e-09,1.942113e-08,1.906488e-08,3.514955e-09,7.000923e-12,2.703149e-08,1.641984e-10,8.979926e-10,4.772411e-11,4.176634e-12,1.178156e-11,6.950903e-08,9.711034e-11
33.447266,1.767765e-09,6.866999e-09,5.298816e-07,3.564032e-07,6.178444e-12,1.540686e-08,2.446832e-09,2.045717e-08,4.963910e-09,5.538183e-08,1.534544e-08,2.252333e-08,5.046129e-10,2.204198e-08,5.949777e-09,2.018540e-08,7.612471e-12,2.453741e-08,1.478411e-10,1.229729e-09,2.343252e-11,5.874902e-12,2.457729e-11,7.485402e-08,7.772757e-11
33.496094,1.755313e-09,8.269109e-09,5.121318e-07,3.927896e-07,1.381794e-11,1.422951e-08,1.825123e-09,1.190938e-08,6.529195e-09,9.782420e-08,1.033593e-08,1.699817e-08,6.974885e-09,1.742995e-08,1.139782e-08,3.323609e-08,3.976326e-12,9.820249e-09,7.643012e-11,1.339308e-09,1.848207e-11,4.095173e-12,2.523865e-11,3.556546e-08,5.570812e-11
33.544922,1.552620e-09,9.219969e-09,4.248106e-07,4.374652e-07,1.762180e-11,1.269643e-08,1.196775e-09,7.175364e-09,7.245102e-09,1.355941e-07,1.103512e-08,9.715509e-09,1.063546e-08,1.776583e-08,1.089129e-08,5.320839e-08,1.467147e-12,5.719802e-09,1.609961e-10,1.288218e-09,3.707736e-11,4.857121e-12,2.381622e-11,4.104708e-08,1.190353e-11
33.593750,1.234387e-09,9.755424e-09,2.998164e-07,4.438751e-07,1.888686e-11,1.079917e-08,8.444846e-10,1.515550e-08,7.592241e-09,1.655453e-07,1.166933e-08,1.057376e-08,6.498177e-09,2.083417e-08,2.550045e-08,5.966937e-08,5.129915e-12,8.031913e-09,2.415110e-11,1.046132e-09,2.532076e-11,3.097374e-12,1.156519e-11,3.739395e-08,3.185216e-11
33.642578,9.322635e-10,9.907438e-09,2.587287e-07,4.068653e-07,2.063061e-11,8.601982e-09,5.255387e-10,1.985403e-08,7.300619e-09,1.790472e-07,1.106642e-08,1.311060e-08,6.528763e-09,1.884701e-08,3.585708e-08,1.905493e-08,6.850636e-12,1.425992e-08,2.092539e-10,8.830048e-10,2.832570e-12,1.799511e-12,4.918772e-12,5.021484e-08,2.633185e-11
33.691406,7.463373e-10,9.633935e-09,3.685106e-07,3.387240e-07,2.337764e-11,6.746097e-09,4.098827e-10,2.349625e-08,4.873071e-09,1.749902e-07,1.069483e-08,1.149314e-08,1.032152e-08,1.404640e-08,3.432613e-08,3.005039e-08,6.046979e-12,1.644469e-08,1.274074e-10,7.902589e-10,6.202654e-12,3.271963e-12,3.764952e-12,6.505354e-08,3.066252e-11
33.740234,6.598799e-10,8.891891e-09,4.951242e-07,2.431481e-07,2.414767e-11,5.965038e-09,6.392361e-10,2.543372e-08,2.474070e-09,1.550801e-07,1.053087e-08,8.211975e-09,6.611663e-09,9.016649e-09,3.189131e-08,4.553556e-08,6.756726e-12,1.417473e-08,5.899628e-11,2.494564e-10,1.067840e-11,2.095672e-12,7.318113e-12,9.371801e-08,1.213535e-11
33.789062,6.058364e-10,7.734107e-09,5.656051e-07,1.217651e-07,2.259158e-11,7.888423e-09,9.081382e-10,2.322561e-08,5.049827e-09,1.199957e-07,9.203565e-09,9.981759e-09,9.806885e-09,8.915346e-09,3.551777e-08,3.455863e-08,4.479489e-12,1.381054e-08,3.714022e-11,8.306395e-10,3.081855e-11,2.402517e-12,1.319556e-11,6.583465e-08,6.679018e-11
33.837891,6.004538e-10,6.358603e-09,5.722470e-07,2.942070e-08,2.471619e-11,1.245227e-08,1.141453e-09,1.799131e-08,8.579030e-09,8.596593e-08,4.725425e-09,7.184262e-09,2.049894e-08,1.069703e-08,2.901417e-08,1.250849e-08,3.744488e-12,1.513743e-08,2.728665e-11,7.904358e-10,3.884961e-11,3.037345e-12,1.825206e-11,6.894066e-08,5.580164e-11
33.886719,6.793559e-10,5.069477e-09,5.401325e-07,1.262448e-07,3.040549e-11,1.753536e-08,1.419348e-09,1.065927e-08,9.933587e-09,7.043348e-08,6.984213e-09,4.783952e-09,2.417712e-08,3.764253e-09,1.264377e-08,1.999206e-08,6.075528e-12,1.179474e-08,8.873047e-11,3.284921e-10,3.463172e-11,2.049089e-12,1.941724e-11,6.089207e-08,7.205890e-11
33.935547,7.940301e-10,4.208786e-09,5.048702e-07,1.906879e-07,3.626807e-11,2.116978e-08,2.199501e-09,3.608535e-09,1.014630e-08,6.618069e-08,1.598839e-08,1.040994e-08,2.402575e-08,1.010323e-08,1.827841e-08,9.307777e-09,1.081399e-12,1.085207e-08,8.615975e-11,1.311206e-09,3.869170e-11,4.450041e-12,6.433586e-12,7.917531e-08,2.028649e-11
33.984375,8.723522e-10,3.984171e-09,4.869118e-07,2.254611e-07,4.055708e-11,2.175567e-08,3.265662e-09,8.736398e-09,1.045976e-08,7.518214e-08,1.975729e-08,1.506102e-08,2.506669e-08,1.062368e-08,1.662252e-08,2.859591e-08,5.281746e-12,4.713203e-09,2.751978e-11,9.581096e-10,1.604034e-11,2.442982e-12,1.862616e-11,1.081007e-07,5.394290e-11
34.033203,8.694583e-10,4.272243e-09,4.814528e-07,2.734533e-07,3.714703e-11,1.882123e-08,3.940369e-09,1.254667e-08,7.699952e-09,9.319702e-08,1.862973e-08,1.602239e-08,2.100810e-08,2.038058e-09,1.842145e-08,3.108257e-08,4.254645e-12,9.598639e-09,9.479644e-11,1.511887e-09,7.824835e-12,3.407418e-12,2.594477e-11,6.976388e-08,3.548634e-11
34.082031,7.817470e-10,4.781068e-09,4.785602e-07,3.404232e-07,3.087443e-11,1.404522e-08,4.003948e-09,1.198048e-08,3.238575e-09,1.008195e-07,1.588048e-08,1.304588e-08,2.185823e-08,1.431590e-08,3.099896e-08,4.517058e-08,1.906116e-12,1.923180e-08,1.193074e-10,1.112829e-09,1.569497e-11,3.593849e-12,1.864525e-11,7.740058e-08,3.572368e-11
34.130859,6.379049e-10,5.287509e-09,4.835678e-07,3.857705e-07,2.580943e-11,1.086855e-08,3.875092e-09,9.418697e-09,6.708432e-09,9.792981e-08,1.090986e-08,1.506564e-08,2.706063e-08,2.174056e-08,2.649269e-08,5.988232e-08,8.621894e-13,2.243327e-08,1.133439e-10,1.545023e-09,1.414011e-11,1.996794e-12,4.593337e-12,1.537041e-08,2.500227e-11
34.179688,5.069344e-10,5.644597e-09,5.106322e-07,3.817976e-07,2.676517e-11,1.053003e-08,3.889106e-09,7.211944e-09,8.172907e-09,1.044681e-07,8.004561e-09,2.267104e-08,2.270659e-08,2.139147e-08,2.070855e-08,5.504314e-08,2.524386e-12,2.149988e-08,5.253833e-11,1.057492e-09,8.322836e-12,3.820400e-12,2.096411e-11,9.857072e-08,2.157882e-11
34.228516,4.706115e-10,5.748190e-09,5.592792e-07,3.391030e-07,3.052622e-11,1.056707e-08,3.744624e-09,5.776174e-09,5.529981e-09,1.073449e-07,9.903230e-09,2.596095e-08,1.709648e-08,1.983413e-08,1.592953e-08,3.613231e-08,2.800157e-12,1.563306e-08,2.034645e-11,2.774308e-10,1.654366e-11,2.635864e-12,1.751197e-11,1.183463e-07,2.473005e-11
34.277344,5.277826e-10,5.551910e-09,6.083094e-07,2.911797e-07,2.920696e-11,9.870894e-09,3.338908e-09,4.931562e-09,2.091109e-09,7.937096e-08,1.089842e-08,2.365921e-08,1.613676e-08,1.455242e-08,2.589897e-09,1.473554e-08,1.059217e-12,7.812748e-09,4.217257e-11,4.836932e-10,1.565755e-11,2.017997e-12,6.148806e-12,5.430317e-08,2.902401e-11
34.326172,5.890162e-10,5.146911e-09,6.331874e-07,2.508407e-07,2.510875e-11,8.535639e-09,2.993673e-09,5.143853e-09,1.602175e-09,3.629315e-08,1.095572e-08,2.503646e-08,9.028785e-09,1.427460e-08,2.101077e-08,2.264310e-08,3.012325e-12,4.615606e-09,8.193343e-11,2.453591e-10,7.455382e-12,1.074361e-12,2.751678e-12,3.055325e-08,2.876347e-11
34.375000,5.979977e-10,4.862471e-09,6.214459e-07,1.964726e-07,2.000270e-11,6.394190e-09,2.554942e-09,6.759951e-09,5.073261e-09,4.223202e-08,7.691777e-09,2.461648e-08,9.889631e-09,1.738929e-08,2.897288e-08,1.769259e-08,3.449015e-12,5.470036e-09,1.284744e-10,6.467472e-10,2.610409e-11,2.100616e-12,3.336913e-12,3.433666e-08,2.576993e-11
34.423828,5.471023e-10,5.195872e-09,5.770459e-07,1.166605e-07,1.688991e-11,3.258789e-09,1.817605e-09,8.993063e-09,9.990893e-09,5.753888e-08,1.205120e-09,1.766285e-08,5.180606e-09,1.494623e-08,2.456835e-08,3.791407e-08,3.715267e-12,5.636425e-09,1.247531e-10,1.746820e-09,1.965205e-11,4.481717e-12,7.137472e-12,6.120818e-08,1.551632e-11
34.472656,4.551445e-10,6.263919e-09,5.170700e-07,4.376452e-08,1.464259e-11,7.982557e-10,2.124146e-09,9.904764e-09,1.271457e-08,4.800811e-08,4.092470e-09,4.089469e-09,8.185269e-09,1.062313e-08,3.389692e-08,7.588416e-08,4.099750e-12,4.433062e-09,1.054006e-10,1.386284e-09,1.487188e-11,3.963099e-12,1.324219e-11,4.664475e-08,2.236787e-11
34.521484,3.633953e-10,7.593516e-09,4.628439e-07,7.085476e-08,1.099016e-11,4.257261e-09,3.379730e-09,9.082440e-09,1.170666e-08,1.505709e-08,5.283242e-09,9.670878e-09,1.630070e-08,3.014267e-09,4.228299e-08,6.144374e-08,3.609101e-12,3.364913e-09,1.266082e-10,1.158249e-09,2.288311e-11,2.560231e-12,8.845720e-12,4.029427e-08,2.006024e-11
34.570312,3.380688e-10,8.598845e-09,4.271947e-07,1.185733e-07,6.871802e-12,6.449516e-09,4.021762e-09,8.748259e-09,8.760575e-09,2.801671e-08,4.937835e-09,1.170242e-08,2.091461e-08,7.257600e-09,3.452760e-08,6.633649e-08,5.605661e-12,7.086036e-09,7.877888e-11,7.125232e-10,2.240525e-11,2.182841e-12,1.211203e-11,6.913031e-08,5.322650e-11
34.619141,3.872920e-10,8.891904e-09,4.064842e-07,1.669696e-07,7.342199e-12,7.364576e-09,3.733173e-09,1.033923e-08,5.570766e-09,5.109373e-08,7.009214e-09,1.126670e-08,2.316403e-08,1.358639e-08,4.306553e-08,6.424495e-08,1.724997e-12,7.426204e-09,2.021216e-11,6.290049e-10,1.360191e-11,1.773438e-12,5.390290e-12,8.094106e-09,4.778688e-11
34.667969,4.384612e-10,8.395470e-09,3.872928e-07,2.114354e-07,1.040178e-11,8.239107e-09,2.930820e-09,1.115087e-08,2.451206e-09,3.604212e-08,1.155717e-08,1.550149e-08,2.197477e-08,1.519371e-08,4.977384e-08,3.517896e-08,1.111838e-12,3.512316e-09,3.146297e-11,4.599477e-10,2.128050e-11,4.318371e-12,9.189786e-12,3.081669e-08,1.682919e-11
34.716797,4.461299e-10,7.407588e-09,3.591768e-07,2.209863e-07,1.209236e-11,8.978649e-09,2.069707e-09,8.193493e-09,1.610623e-09,1.931096e-08,1.688346e-08,9.210167e-09,2.225509e-08,1.053590e-08,4.183147e-08,4.613229e-08,1.642526e-12,8.761024e-09,1.205937e-10,1.233241e-09,1.646351e-11,2.049195e-12,1.067930e-11,4.573732e-08,3.216325e-11
34.765625,4.105247e-10,6.555640e-09,3.202385e-07,1.754988e-07,1.243362e-11,8.839261e-09,1.269560e-09,1.798757e-09,2.255524e-09,5.872275e-08,1.916746e-08,4.959993e-09,1.909172e-08,1.583022e-09,3.236092e-08,3.874361e-08,8.357323e-13,4.590824e-09,1.538614e-10,1.239596e-09,2.403319e-11,4.715957e-12,4.437984e-12,3.229753e-08,6.459009e-11
34.814453,3.572713e-10,6.369001e-09,2.757345e-07,8.828870e-08,9.436115e-12,8.658291e-09,6.466562e-10,5.725545e-09,6.244246e-09,7.000419e-08,1.725506e-08,4.159089e-09,7.259036e-09,8.538984e-09,2.129596e-08,2.462031e-08,2.692761e-12,8.404931e-09,1.904956e-10,6.722900e-10,2.149009e-11,2.142734e-12,9.117208e-12,4.755857e-09,4.207334e-11
34.863281,2.992605e-10,6.660400e-09,2.335105e-07,6.269654e-08,6.665471e-12,8.512138e-09,6.709371e-10,1.034080e-08,1.004569e-08,4.523365e-08,1.341577e-08,5.338643e-09,4.674407e-09,1.158866e-08,9.494836e-09,2.071279e-08,3.548567e-12,1.009584e-08,1.413058e-10,1.202627e-09,1.936326e-11,1.080765e-12,3.262225e-12,6.357832e-09,2.863221e-11
34.912109,2.271140e-10,6.829467e-09,1.977020e-07,1.585926e-07,6.954140e-12,6.592845e-09,1.069652e-09,1.174198e-08,1.139847e-08,6.474517e-09,9.545867e-09,8.989653e-09,7.937549e-09,1.235364e-08,4.442422e-09,1.554592e-08,2.448793e-12,9.578621e-09,3.700401e-11,1.403715e-09,1.912241e-11,2.223405e-12,7.674465e-12,7.999629e-08,9.030400e-12
34.960938,1.376140e-10,6.556152e-09,1.647073e-07,2.544813e-07,1.299168e-11,2.580767e-09,1.288013e-09,9.809260e-09,1.074929e-08,2.094238e-08,7.602328e-09,3.609607e-09,1.081770e-08,1.399113e-08,3.327283e-09,2.010281e-09,2.905731e-12,7.827827e-09,3.251930e-11,1.270061e-09,4.839799e-12,3.516817e-12,1.390577e-11,8.747400e-08,4.503842e-11
35.009766,9.881708e-11,5.897323e-09,1.288973e-07,3.325828e-07,1.837546e-11,1.622079e-09,1.096595e-09,5.051257e-09,8.302713e-09,3.202527e-08,6.892223e-09,8.489941e-09,2.145438e-08,1.517909e-08,6.502847e-09,1.841527e-08,1.920567e-12,7.493455e-09,1.300914e-10,9.205171e-10,1.016713e-11,2.029402e-12,1.003540e-11,6.773220e-08,7.308255e-11
35.058594,1.692417e-10,5.015916e-09,1.002381e-07,3.731230e-07,1.961309e-11,3.974500e-09,8.691159e-10,2.972211e-09,4.042097e-09,5.032309e-08,3.942612e-09,1.612430e-08,2.576379e-08,1.587251e-08,1.154109e-08,2.929931e-08,3.251432e-12,5.559916e-09,1.188533e-10,1.365156e-09,1.835020e-11,1.921708e-12,6.516194e-12,6.686832e-08,1.904173e-11
35.107422,2.680191e-10,3.900070e-09,1.161190e-07,3.613170e-07,1.876708e-11,4.950625e-09,1.461959e-09,5.626722e-09,1.863633e-09,6.531077e-08,9.199433e-10,1.801233e-08,2.256226e-08,1.645046e-08,1.446856e-08,4.411158e-09,2.201325e-12,6.729012e-09,7.116007e-11,9.908453e-10,1.033618e-11,2.460228e-12,8.625404e-12,1.114861e-07,4.040261e-11
35.156250,3.780079e-10,2.387615e-09,1.728616e-07,3.085231e-07,1.462862e-11,7.357496e-09,2.111861e-09,6.384909e-09,5.109216e-09,5.803912e-08,2.077138e-09,1.597598e-08,2.143115e-08,1.485214e-08,1.522453e-08,4.528874e-08,1.679299e-12,2.913173e-09,6.456398e-11,7.603818e-10,5.712291e-13,2.889214e-12,5.551415e-12,1.107220e-07,2.767855e-11
35.205078,4.755059e-10,6.033354e-10,2.304054e-07,2.510013e-07,1.162041e-11,1.104003e-08,2.233984e-09,5.579110e-09,7.241668e-09,5.026781e-08,3.019858e-09,1.121074e-08,2.275090e-08,1.222265e-08,9.638905e-09,7.075288e-08,1.166853e-12,5.648383e-09,4.586185e-11,1.065539e-09,8.315398e-12,1.580148e-12,1.851114e-12,1.325712e-08,1.349459e-12
35.253906,5.206118e-10,1.981097e-09,2.652686e-07,2.156437e-07,1.050469e-11,1.420054e-08,1.768480e-09,4.037630e-09,7.229475e-09,7.714556e-08,5.028980e-09,7.526649e-09,2.292611e-08,5.923198e-09,9.289905e-09,5.174082e-08,2.844382e-12,8.200273e-09,1.196568e-10,5.411084e-10,6.702956e-12,2.065865e-12,4.635814e-12,4.448319e-08,2.534598e-11
35.302734,4.679844e-10,3.994595e-09,2.704357e-07,1.930881e-07,8.731630e-12,1.577541e-08,9.376750e-10,4.611523e-09,5.039327e-09,1.029413e-07,5.914137e-09,1.638149e-08,2.079498e-08,3.724052e-09,1.925007e-08,1.866967e-08,4.021241e-12,7.722676e-09,1.862078e-10,5.480257e-10,4.757226e-12,1.923312e-12,1.351350e-11,6.900743e-08,1.181154e-11
35.351562,3.121945e-10,5.390472e-09,2.551911e-07,1.700950e-07,9.553355e-12,1.520189e-08,2.138809e-10,4.785786e-09,4.345810e-09,1.067197e-07,6.311703e-09,2.454945e-08,1.827511e-08,1.020582e-08,1.717850e-08,9.578706e-09,3.869522e-12,5.379163e-09,1.075090e-10,6.786304e-10,1.619346e-11,3.507864e-13,4.685546e-12,5.168749e-08,1.733392e-11
35.400391,8.924576e-11,5.902418e-09,2.413174e-07,1.462696e-07,9.722522e-12,1.270289e-08,5.248345e-10,2.145797e-09,5.823400e-09,9.827219e-08,6.668678e-09,2.479345e-08,1.372987e-08,1.061617e-08,1.517951e-09,1.526659e-08,2.873689e-12,8.560672e-09,3.480411e-11,4.641369e-10,3.114499e-11,2.245732e-12,5.695820e-12,3.884865e-08,1.207835e-11
35.449219,1.620686e-10,5.560759e-09,2.440927e-07,1.179347e-07,1.339951e-11,9.610921e-09,5.423431e-10,1.833009e-09,5.193584e-09,1.005137e-07,5.888794e-09,2.049357e-08,1.137655e-08,7.197409e-09,2.044469e-08,2.004659e-08,9.233960e-13,9.124026e-09,6.162456e-11,6.353347e-10,2.872955e-11,2.723262e-12,5.071525e-12,6.470187e-08,8.033210e-12
35.498047,3.504161e-10,4.610640e-09,2.523194e-07,9.584389e-08,1.604541e-11,7.640904e-09,6.479167e-10,6.026338e-09,2.310916e-09,1.116705e-07,4.200152e-09,1.866176e-08,1.377094e-08,4.188591e-09,2.785512e-08,9.125918e-09,1.211965e-12,1.040092e-08,8.282083e-11,2.477374e-10,1.093320e-11,2.716752e-12,1.215613e-11,3.201109e-08,2.313052e-12
35.546875,4.489103e-10,3.351738e-09,2.420634e-07,1.081868e-07,1.800620e-11,6.931892e-09,1.307507e-09,9.938672e-09,1.364295e-09,1.133394e-07,2.189765e-09,2.083413e-08,5.955807e-09,4.730896e-09,2.341585e-08,1.240717e-08,2.266126e-12,1.080641e-08,6.974823e-11,6.066098e-10,1.360926e-11,1.234238e-12,5.868332e-12,3.313320e-08,1.439794e-11
35.595703,4.471259e-10,2.012411e-09,2.001540e-07,1.264557e-07,1.666214e-11,6.138112e-09,1.879144e-09,1.133731e-08,4.705495e-09,1.009467e-07,3.147928e-09,2.318860e-08,4.288965e-09,7.476860e-09,1.505478e-08,2.720089e-08,4.359306e-12,6.583924e-09,5.564344e-11,9.988718e-10,1.318548e-11,9.296098e-13,1.026064e-11,1.416616e-08,3.072348e-11
35.644531,3.457788e-10,9.483150e-10,1.346669e-07,1.162807e-07,1.450692e-11,4.809807e-09,2.141814e-09,1.049211e-08,6.854039e-09,7.713718e-08,6.187197e-09,2.119245e-08,6.315827e-09,8.543935e-09,9.075124e-09,4.255763e-08,5.834401e-12,2.239354e-09,5.258093e-11,9.233677e-10,9.582632e-12,4.742885e-13,8.882448e-12,2.431677e-08,1.676545e-11
35.693359,1.764145e-10,1.325569e-09,9.370214e-08,9.991147e-08,1.206517e-11,3.579023e-09,2.172852e-09,1.090790e-08,6.696440e-09,5.060790e-08,7.509136e-09,1.556374e-08,2.741040e-09,2.705930e-09,7.028953e-09,5.246264e-08,3.623225e-12,4.173282e-09,3.505869e-11,1.840378e-10,1.918757e-11,8.445733e-13,6.091382e-12,9.151699e-08,3.348247e-11
35.742188,1.686618e-10,2.255956e-09,1.336369e-07,1.274325e-07,1.209314e-11,2.947670e-09,2.061721e-09,9.944400e-09,4.027743e-09,4.550046e-08,6.917271e-09,1.355047e-08,1.776148e-09,9.362179e-09,3.581526e-09,5.048582e-08,2.532720e-12,4.629843e-09,5.094392e-11,6.794994e-10,1.882122e-11,1.717835e-12,8.288208e-12,5.305550e-08,4.271981e-11
35.791016,4.085653e-10,2.864968e-09,1.855503e-07,1.657742e-07,1.262442e-11,3.060519e-09,1.841000e-09,5.477130e-09,2.831918e-09,6.164615e-08,6.962370e-09,1.147935e-08,2.751237e-09,1.538473e-08,9.886033e-09,2.966272e-08,6.747409e-13,3.759267e-09,7.219985e-11,3.530012e-10,6.233957e-12,6.381942e-13,5.880358e-12,5.643692e-08,2.408818e-11
35.839844,6.275154e-10,3.033332e-09,2.033098e-07,1.734622e-07,1.023202e-11,3.900123e-09,1.610820e-09,8.191425e-09,5.797602e-09,7.220235e-08,8.082069e-09,6.783832e-09,3.140015e-09,1.149249e-08,9.322305e-09,6.899217e-09,2.810255e-12,1.216779e-09,7.512870e-11,4.949524e-10,6.718804e-12,1.251902e-12,2.250673e-12,4.102466e-08,2.176381e-11
35.888672,7.436158e-10,2.892076e-09,1.788863e-07,1.485486e-07,7.049086e-12,4.676670e-09,1.487522e-09,1.357711e-08,6.644853e-09,7.017246e-08,8.471573e-09,4.322578e-09,1.271270e-08,5.192357e-09,6.088056e-09,2.138224e-08,1.893888e-12,2.659367e-10,5.156549e-11,5.391079e-10,1.045211e-11,1.929026e-12,3.433594e-12,4.368685e-08,1.566331e-11
35.937500,7.361411e-10,2.706358e-09,1.226331e-07,1.085570e-07,3.303004e-12,5.480467e-09,1.454434e-09,1.406204e-08,4.777814e-09,6.861683e-08,8.141347e-09,2.045123e-09,1.733057e-08,5.771465e-09,8.375992e-09,2.948110e-08,7.580805e-13,9.191992e-10,2.167306e-11,3.453177e-10,1.228154e-11,2.793370e-12,2.203423e-12,5.306465e-08,1.457738e-11
35.986328,6.204537e-10,2.672454e-09,5.493859e-08,6.785975e-08,2.863252e-12,7.018904e-09,1.358354e-09,1.019763e-08,2.083387e-09,7.584864e-08,6.893510e-09,3.743798e-09,1.484906e-08,3.795912e-09,4.914895e-09,2.661805e-08,1.986278e-12,7.002144e-10,1.516565e-11,6.483292e-10,1.610164e-12,2.417611e-12,4.585739e-12,4.247416e-08,1.571752e-11
36.035156,4.642384e-10,2.755211e-09,1.082210e-08,3.263899e-08,2.254715e-12,8.404971e-09,1.108567e-09,6.409588e-09,9.421251e-10,7.989241e-08,7.213470e-09,8.863138e-09,1.134828e-08,7.754075e-10,8.759955e-09,1.286248e-08,3.521238e-12,3.031419e-09,3.621683e-11,6.392383e-10,1.633378e-11,4.653287e-12,7.931527e-12,2.416107e-08,1.825741e-11
36.083984,3.394200e-10,2.811085e-09,4.397926e-08,3.269640e-08,3.426017e-12,8.520169e-09,8.532975e-10,7.077584e-09,2.021183e-09,7.910755e-08,1.070984e-08,1.064186e-08,1.275210e-08,3.643230e-10,1.561047e-08,1.796164e-08,1.313242e-13,2.347124e-09,5.284964e-11,1.013352e-09,1.109862e-11,2.305177e-12,3.226722e-12,2.446875e-08,1.423033e-11
36.132812,2.774119e-10,2.769057e-09,6.092247e-08,6.197948e-08,5.680983e-12,7.924344e-09,7.526201e-10,8.048540e-09,2.656756e-09,8.221484e-08,1.254890e-08,1.193523e-08,1.579391e-08,3.484711e-09,1.697046e-08,4.400375e-08,2.028443e-12,2.200523e-09,4.183957e-11,4.767119e-10,6.712432e-12,6.098130e-13,2.629525e-12,4.897149e-08,5.142008e-12
36.181641,2.327637e-10,2.655742e-09,7.062220e-08,8.569360e-08,8.041828e-12,7.956607e-09,6.383988e-10,7.092645e-09,2.885393e-09,8.651803e-08,1.151943e-08,1.030308e-08,1.217581e-08,8.877798e-09,1.567392e-08,4.753948e-08,1.537189e-12,3.621118e-09,1.338515e-11,5.460342e-10,3.387105e-12,1.058018e-12,6.922321e-12,2.401056e-08,7.732871e-12
36.230469,1.977836e-10,2.533140e-09,8.480458e-08,9.346894e-08,8.986549e-12,8.048606e-09,6.288387e-10,4.091344e-09,4.154595e-09,8.169142e-08,9.808772e-09,6.198289e-09,6.989982e-09,1.134395e-08,1.307253e-08,3.824014e-08,1.729960e-12,1.764519e-09,3.137231e-11,6.969567e-10,1.441374e-11,9.026998e-13,4.398879e-12,7.846962e-08,3.292487e-11
36.279297,2.005561e-10,2.448692e-09,1.006046e-07,7.707199e-08,9.199571e-12,6.867304e-09,9.804814e-10,3.414384e-09,4.569976e-09,6.829328e-08,8.372439e-09,9.347070e-09,6.391781e-09,7.048119e-09,1.162790e-08,1.783350e-08,3.228256e-12,3.792759e-09,1.595752e-12,5.988683e-10,1.410910e-11,1.793547e-12,2.939097e-12,3.341176e-08,2.428292e-11
36.328125,2.346915e-10,2.398730e-09,1.087691e-07,4.326690e-08,6.658374e-12,4.587272e-09,1.371414e-09,6.795189e-09,3.005533e-09,5.554346e-08,6.614963e-09,5.670609e-09,1.062821e-08,7.700283e-09,1.242131e-08,5.032192e-09,1.665770e-12,9.054932e-09,6.669178e-11,3.834187e-10,9.507570e-13,7.737738e-13,6.916771e-12,5.174904e-09,1.296278e-11
36.376953,2.532577e-10,2.335921e-09,1.035590e-07,5.442502e-08,3.737288e-12,2.855067e-09,1.591416e-09,6.133981e-09,1.491750e-09,4.419864e-08,4.586478e-09,1.031358e-08,1.179040e-08,1.041885e-08,7.351059e-09,2.345673e-08,2.386782e-12,7.374038e-09,8.344774e-11,3.958752e-10,1.018331e-11,1.197201e-12,7.491889e-12,2.082379e-08,3.196364e-11
36.425781,2.351537e-10,2.202834e-09,8.485823e-08,9.161016e-08,2.354371e-12,2.707032e-09,1.537575e-09,2.159344e-09,1.234522e-09,3.592772e-08,2.048925e-09,1.883755e-08,4.674402e-09,8.084515e-09,7.081642e-09,3.920844e-08,3.221607e-12,2.396115e-09,4.567907e-11,2.480420e-10,1.751588e-11,2.451418e-12,3.694835e-12,7.894007e-08,2.996253e-11
36.474609,1.784916e-10,1.976873e-09,6.081671e-08,9.387706e-08,3.419305e-12,2.511813e-09,1.203984e-09,4.424517e-09,1.182507e-09,4.953864e-08,1.594976e-09,2.135484e-08,4.646865e-09,5.497680e-09,1.844433e-08,4.421800e-08,2.978180e-12,3.602382e-09,4.555908e-11,4.064927e-10,2.151603e-11,3.827005e-13,6.548246e-12,7.355761e-08,8.866736e-12
36.523438,1.039188e-10,1.712067e-09,5.463150e-08,4.699325e-08,4.477221e-12,2.232049e-09,9.090681e-10,5.135714e-09,1.610595e-09,7.221605e-08,5.096286e-09,2.391649e-08,5.670229e-09,5.789050e-09,1.705617e-08,5.588667e-08,2.475275e-12,8.731303e-09,4.429384e-11,5.806365e-10,1.420603e-11,1.617511e-12,6.435429e-12,3.275597e-09,2.360831e-11
36.572266,7.732973e-11,1.533256e-09,7.680120e-08,4.303663e-08,4.005865e-12,2.997073e-09,1.021391e-09,1.973339e-09,2.159001e-09,8.073186e-08,7.535633e-09,2.462034e-08,5.646056e-09,1.120237e-08,2.412655e-08,5.123130e-08,2.713449e-12,1.207145e-08,7.507846e-11,5.413197e-10,4.719868e-12,1.006096e-12,5.252465e-12,7.033318e-08,2.157785e-11
36.621094,1.432359e-10,1.508739e-09,1.051462e-07,1.472860e-07,5.093425e-12,3.827092e-09,1.135389e-09,4.923665e-09,4.610259e-09,7.021420e-08,7.696147e-09,1.875079e-08,8.258230e-09,1.183013e-08,3.762006e-08,4.166834e-08,1.310498e-12,1.327540e-08,5.553505e-11,6.404272e-10,1.816134e-11,6.317106e-13,8.578186e-12,4.239165e-08,2.017607e-11
36.669922,1.939767e-10,1.520730e-09,1.309902e-07,2.421526e-07,6.011377e-12,3.734687e-09,9.941918e-10,1.069983e-08,5.859531e-09,4.757883e-08,6.742105e-09,1.570066e-08,8.703134e-09,7.579657e-09,2.509981e-08,3.062692e-08,8.579355e-13,1.019352e-08,3.460081e-11,6.496710e-10,1.733121e-11,6.831323e-13,6.005349e-12,6.131671e-08,6.611278e-12
36.718750,1.942762e-10,1.398043e-09,1.576985e-07,3.001021e-07,5.438233e-12,2.688401e-09,7.443555e-10,1.333858e-08,5.089510e-09,1.824425e-08,6.939118e-09,1.862613e-08,7.687013e-09,1.267513e-10,1.645262e-08,1.903043e-09,1.387080e-12,8.316718e-09,6.376458e-11,1.047521e-09,9.436167e-12,1.074796e-12,6.729569e-12,2.065280e-08,7.844587e-12
36.767578,1.453355e-10,1.080256e-09,1.877745e-07,2.974422e-07,5.326844e-12,1.189477e-09,6.070023e-10,1.123797e-08,4.129858e-09,1.899117e-08,7.305312e-09,1.709003e-08,5.021333e-09,5.951177e-09,1.005605e-08,2.324949e-08,1.227966e-12,5.953507e-09,3.016091e-11,1.192916e-09,8.637197e-12,1.969457e-12,7.398528e-12,2.161477e-08,2.108134e-11
36.816406,8.227518e-11,8.384673e-10,2.156928e-07,2.219938e-07,4.081060e-12,5.455881e-10,6.514561e-10,9.848405e-09,2.619226e-09,4.391738e-08,7.514033e-09,1.257797e-08,7.271461e-09,5.338288e-09,4.212342e-09,2.728735e-08,2.035000e-12,6.692173e-09,3.583150e-11,8.759676e-10,4.587578e-12,1.766412e-12,9.045510e-12,3.177495e-08,6.115241e-12
36.865234,1.262727e-10,1.392625e-09,2.316664e-07,8.536143e-08,5.131189e-12,1.822770e-09,7.022886e-10,1.311154e-08,2.236044e-09,5.541771e-08,7.040659e-09,1.032873e-08,5.704588e-09,3.689666e-09,1.286529e-08,1.808476e-08,3.737538e-13,3.065891e-09,4.218420e-11,5.599659e-10,3.778100e-12,9.775268e-13,7.510022e-12,5.908101e-09,1.231748e-11
36.914062,2.395821e-10,2.505780e-09,2.292911e-07,1.006352e-07,5.227134e-12,2.970896e-09,5.725957e-10,1.358742e-08,4.855780e-09,6.234857e-08,4.771424e-09,7.419921e-09,7.826160e-09,3.335545e-09,1.054438e-08,1.662111e-08,8.498927e-13,5.441343e-09,1.936429e-11,6.058696e-10,5.950066e-12,6.583096e-13,4.991759e-12,6.647442e-08,1.674441e-11
36.962891,3.616510e-10,3.747978e-09,2.097733e-07,2.637569e-07,4.348934e-12,3.610775e-09,2.870180e-10,1.091314e-08,6.309913e-09,6.788577e-08,4.004260e-09,2.773532e-09,1.381907e-08,2.005846e-09,6.238358e-09,1.081157e-08,8.826773e-13,4.084399e-09,2.258642e-11,4.302878e-10,7.829618e-12,6.967024e-13,4.811340e-12,5.287191e-08,2.563212e-11
37.011719,4.822957e-10,4.851482e-09,1.814243e-07,3.889653e-07,3.207734e-12,3.416956e-09,2.559280e-10,1.113308e-08,7.679509e-09,6.067345e-08,7.294269e-09,2.686362e-09,1.794444e-08,1.243677e-09,1.320467e-08,1.751897e-08,9.292059e-13,4.360404e-09,5.196155e-11,3.641069e-10,1.265468e-11,1.554673e-12,4.720609e-12,6.627138e-08,2.177547e-11
37.060547,5.913661e-10,5.598199e-09,1.554633e-07,4.595659e-07,2.199998e-12,2.489223e-09,4.876885e-10,1.375798e-08,8.640176e-09,5.195170e-08,9.742076e-09,5.580588e-09,1.718356e-08,4.193106e-09,2.274939e-08,3.000809e-08,9.349491e-13,5.107502e-09,7.611333e-11,7.840078e-10,7.076891e-12,1.730350e-12,5.066821e-12,4.244254e-08,1.229184e-11
37.109375,6.804119e-10,5.861363e-09,1.405510e-07,4.755566e-07,4.140980e-12,1.523981e-09,6.604980e-10,1.374580e-08,7.736438e-09,6.359653e-08,9.083916e-09,7.656148e-09,1.727729e-08,4.500278e-09,2.674190e-08,3.939402e-08,1.483735e-13,7.263892e-09,3.564328e-11,7.695247e-10,6.752760e-13,1.680226e-12,5.766108e-12,7.190845e-08,1.295644e-11
37.158203,7.318225e-10,5.645053e-09,1.387159e-07,4.423909e-07,5.291500e-12,1.202004e-09,8.064125e-10,9.502149e-09,5.976672e-09,7.488259e-08,5.803876e-09,6.975669e-09,1.322372e-08,4.442183e-09,1.339555e-08,3.452751e-08,1.700205e-12,7.709102e-09,4.484744e-11,5.828677e-10,6.013671e-12,1.775697e-12,1.652436e-12,3.591062e-08,7.278080e-12
37.207031,7.312182e-10,5.075384e-09,1.438274e-07,3.703276e-07,6.100739e-12,7.745531e-10,9.506006e-10,2.920358e-09,5.075397e-09,8.216818e-08,2.515368e-09,6.015851e-09,8.692505e-09,5.131984e-09,3.480519e-09,1.370151e-08,1.763346e-12,5.706189e-09,3.657009e-11,2.828868e-10,1.157558e-11,1.821316e-12,4.705152e-12,1.054147e-08,7.564771e-12
37.255859,6.691485e-10,4.348348e-09,1.439392e-07,2.836948e-07,6.945035e-12,9.239663e-10,1.047953e-09,2.021358e-09,5.089587e-09,9.674778e-08,2.749662e-09,8.412756e-09,9.531445e-09,5.073161e-09,1.054096e-08,4.268054e-09,2.573946e-12,7.005941e-09,5.020935e-11,3.865608e-10,9.323507e-12,8.409078e-13,3.607284e-12,3.259201e-08,8.796841e-12
37.304688,5.580141e-10,3.646832e-09,1.278820e-07,2.256394e-07,6.306843e-12,3.080484e-09,1.016813e-09,2.446908e-09,4.922771e-09,1.072898e-07,4.065011e-09,8.463922e-09,7.173947e-09,4.854935e-09,1.939591e-08,9.558915e-09,4.295701e-13,8.609554e-09,3.681560e-11,1.714755e-10,6.519598e-12,1.644502e-12,1.717841e-12,5.944938e-08,3.247769e-12
37.353516,4.298754e-10,3.080628e-09,9.353296e-08,2.232208e-07,7.380933e-12,5.646828e-09,8.516296e-10,1.066697e-09,4.288849e-09,9.971230e-08,4.578188e-09,7.229430e-09,1.017461e-08,5.491992e-09,2.346079e-08,2.693880e-09,5.161101e-13,3.504444e-09,3.048607e-11,2.731312e-10,6.119943e-12,1.474872e-12,1.037461e-12,4.110300e-08,7.331499e-12
37.402344,3.435656e-10,2.652760e-09,6.197934e-08,2.406314e-07,6.922159e-12,7.808517e-09,7.144753e-10,3.103163e-09,3.284154e-09,7.338759e-08,6.168114e-09,9.259732e-09,9.809724e-09,6.737500e-09,1.956409e-08,1.405454e-08,5.814311e-13,7.195515e-09,8.333394e-12,5.064438e-10,5.045947e-12,6.262667e-13,5.484135e-12,2.864217e-08,1.184404e-11
37.451172,3.279947e-10,2.271196e-09,8.237117e-08,2.367573e-07,6.487652e-12,8.797930e-09,7.240138e-10,2.695082e-09,1.186435e-09,4.419797e-08,7.720226e-09,9.428642e-09,3.808788e-09,8.805769e-09,1.559249e-08,1.957159e-08,8.857653e-13,8.512701e-09,5.256063e-11,2.160987e-10,4.738421e-12,1.783467e-12,2.078732e-12,1.737777e-08,1.185485e-11
37.500000,3.362774e-10,1.811096e-09,1.249562e-07,2.018353e-07,5.009214e-12,8.281133e-09,7.077613e-10,2.524748e-09,5.162329e-09,4.141795e-08,8.050322e-09,8.518276e-09,9.754749e-09,8.462907e-09,1.405440e-08,1.852401e-08,8.884545e-13,4.147935e-09,6.093102e-11,2.300822e-10,2.743503e-12,1.918233e-12,4.088122e-12,5.071677e-08,6.823608e-12
37.548828,3.234987e-10,1.220018e-09,1.492195e-07,1.475904e-07,3.668925e-12,6.760098e-09,5.363070e-10,5.002721e-09,9.358827e-09,4.977643e-08,8.167531e-09,8.960089e-09,1.060191e-08,7.192061e-09,6.245024e-09,1.173428e-08,1.171507e-12,1.859774e-09,4.206799e-11,4.037583e-10,4.456563e-12,1.386986e-12,2.607559e-12,5.823251e-08,7.644067e-12
37.597656,2.836674e-10,7.983182e-10,1.437186e-07,9.733271e-08,3.586821e-12,5.517263e-09,2.973512e-10,6.898702e-09,1.062331e-08,4.670309e-08,8.607981e-09,8.642176e-09,4.909406e-09,4.245848e-09,5.252348e-09,1.331851e-08,1.266296e-12,2.003988e-09,1.152867e-11,7.769509e-10,1.760417e-12,3.179391e-13,3.864767e-12,4.571355e-08,5.430694e-12
37.646484,2.304598e-10,1.320019e-09,1.122574e-07,7.371439e-08,3.668034e-12,5.257478e-09,3.971711e-10,8.152283e-09,1.007152e-08,3.268707e-08,8.304390e-09,9.715900e-09,3.167314e-09,6.362808e-10,1.256087e-08,1.999839e-08,1.243757e-12,3.135929e-09,1.381141e-11,4.044993e-10,5.995770e-12,1.223688e-12,3.856721e-12,5.840508e-08,5.157208e-12
37.695312,1.702435e-10,2.200992e-09,7.002207e-08,7.199639e-08,3.983996e-12,5.027291e-09,6.747251e-10,8.801679e-09,1.010464e-08,1.395720e-08,5.576618e-09,8.236047e-09,8.787456e-09,1.191711e-09,1.322344e-08,2.139427e-08,9.118515e-13,1.903317e-09,1.960542e-11,1.806624e-10,1.078786e-11,1.300314e-12,2.880581e-12,1.385982e-08,4.165513e-12
37.744141,1.060868e-10,2.904164e-09,4.103015e-08,7.415146e-08,5.279054e-12,4.124474e-09,8.209022e-10,8.520270e-09,9.889833e-09,1.116472e-08,4.235102e-09,5.313703e-09,9.935674e-09,1.770551e-09,1.372256e-08,1.964829e-08,6.160877e-13,1.605393e-09,5.107400e-11,2.724374e-10,3.580015e-12,6.714447e-13,5.536527e-13,4.743998e-08,2.984031e-12
37.792969,3.651227e-11,3.212723e-09,3.900299e-08,8.088094e-08,5.390240e-12,3.117140e-09,7.886157e-10,7.554670e-09,8.353908e-09,1.818420e-08,7.407691e-09,7.706615e-09,1.123647e-08,5.856716e-09,1.691252e-08,1.979052e-08,1.291563e-12,1.807490e-09,4.244157e-11,2.650891e-10,5.438727e-12,1.160952e-12,2.336768e-12,1.844642e-08,5.685563e-12
37.841797,3.108099e-11,3.079372e-09,4.200405e-08,9.729526e-08,5.213404e-12,3.013292e-09,6.402680e-10,6.626302e-09,6.779562e-09,1.174412e-08,8.505895e-09,9.006046e-09,1.212840e-08,1.009391e-08,1.943123e-08,2.006542e-08,3.675651e-12,5.586617e-09,3.615081e-11,3.012276e-10,2.497019e-12,2.637537e-12,1.885152e-12,2.870044e-08,8.672114e-12
37.890625,7.558438e-11,2.616431e-09,5.325959e-08,1.196024e-07,4.388621e-12,3.229827e-09,4.614624e-10,6.173009e-09,6.576644e-09,7.266364e-09,8.314614e-09,7.681318e-09,1.241543e-08,8.307008e-09,2.166355e-08,6.665530e-09,1.006102e-12,5.984347e-09,8.393084e-12,1.692044e-10,5.782657e-12,5.009663e-13,1.550910e-12,3.671631e-08,2.026774e-11
37.939453,9.055955e-11,2.044065e-09,8.144082e-08,1.373982e-07,2.924620e-12,2.902890e-09,2.921759e-10,6.855297e-09,6.953414e-09,1.719602e-08,8.258157e-09,6.189688e-09,1.077283e-08,4.312317e-09,1.687765e-08,8.677583e-09,2.070735e-12,8.109721e-09,2.416669e-11,7.305784e-11,1.007034e-11,1.134526e-12,3.277779e-12,6.026731e-08,1.472334e-11
37.988281,8.139569e-11,1.538441e-09,1.118109e-07,1.423071e-07,2.620304e-12,2.482290e-09,1.647265e-10,8.382834e-09,6.688341e-09,1.157716e-08,7.080988e-09,4.773508e-09,9.830928e-09,5.610246e-09,8.821309e-09,2.014941e-08,1.292180e-12,6.547106e-09,4.849554e-11,3.490856e-10,6.079742e-12,7.050107e-13,3.540754e-12,3.019719e-08,2.328128e-12
38.037109,6.121511e-11,1.091693e-09,1.308263e-07,1.379059e-07,1.864818e-12,2.572003e-09,1.236186e-10,9.131132e-09,5.550490e-09,2.155871e-08,4.617639e-09,2.684410e-09,5.966414e-09,4.666199e-09,8.795155e-09,2.499918e-08,1.201015e-12,3.726466e-09,4.219119e-11,4.887901e-10,1.825469e-12,3.615421e-13,1.455111e-12,2.568182e-08,1.128563e-12
38.085938,7.106888e-11,6.745884e-10,1.333039e-07,1.389857e-07,1.266551e-12,2.313292e-09,1.856459e-10,8.660551e-09,4.208750e-09,4.051941e-08,2.101937e-09,3.656360e-09,1.911103e-09,4.148534e-09,1.628038e-08,1.407991e-08,2.139576e-12,1.988233e-09,9.694202e-12,3.451245e-10,1.803150e-12,1.213934e-12,5.009096e-12,4.550714e-08,1.207370e-11
38.134766,1.116495e-10,7.259930e-10,1.210417e-07,1.486361e-07,2.097754e-12,1.182465e-09,3.246003e-10,7.013022e-09,3.773756e-09,4.485995e-08,3.117657e-09,6.722617e-09,5.599591e-09,4.704259e-09,1.963794e-08,4.252087e-09,1.770554e-12,1.631136e-09,4.275660e-11,3.277192e-10,2.417768e-12,6.051963e-13,4.273037e-12,4.962223e-08,1.413513e-11
38.183594,1.658866e-10,1.270511e-09,1.048085e-07,1.497723e-07,2.673689e-12,1.413993e-09,4.274696e-10,3.923674e-09,4.365246e-09,4.542169e-08,5.954024e-09,8.973794e-09,1.061649e-08,2.629668e-09,1.675845e-08,5.097635e-09,4.600729e-13,1.828676e-09,7.135796e-11,4.366114e-10,6.480613e-12,6.134423e-13,6.708538e-13,4.560489e-08,1.349293e-11
38.232422,2.183439e-10,1.760512e-09,1.084603e-07,1.290080e-07,3.739753e-12,2.918107e-09,4.031359e-10,1.896499e-09,4.911535e-09,5.218410e-08,7.799989e-09,1.001314e-08,1.469208e-08,1.912692e-09,1.611519e-08,1.094715e-08,1.767142e-12,1.491513e-09,5.327261e-11,5.534798e-10,1.081634e-11,8.055224e-13,2.023647e-12,6.002507e-08,1.476715e-11
38.281250,2.651040e-10,2.011189e-09,1.409103e-07,8.870722e-08,4.720861e-12,3.748696e-09,2.996375e-10,3.573879e-09,5.057933e-09,5.357417e-08,8.109468e-09,8.726822e-09,1.114362e-08,5.216754e-09,1.431994e-08,2.322878e-08,3.689560e-13,4.442019e-09,4.831083e-12,5.865420e-10,5.492428e-12,1.074118e-12,2.578576e-12,6.953249e-08,9.532304e-12
38.330078,2.904232e-10,2.033685e-09,1.772123e-07,4.216758e-08,5.229906e-12,4.201447e-09,3.515598e-10,3.470145e-09,5.164184e-09,4.870807e-08,6.976295e-09,6.842794e-09,2.899167e-09,6.698683e-09,9.713491e-09,2.879666e-08,1.720609e-12,5.767532e-09,2.821659e-11,4.905293e-10,3.847804e-12,1.231088e-12,2.998197e-13,6.092043e-08,1.291334e-11
38.378906,2.914820e-10,1.946122e-09,1.937087e-07,1.228842e-08,5.238575e-12,4.678000e-09,5.006219e-10,2.415851e-09,4.970768e-09,4.577877e-08,3.961506e-09,8.394120e-09,2.577637e-09,7.737725e-09,1.289344e-08,2.498697e-08,8.795907e-13,3.726465e-09,4.290948e-11,2.636937e-10,6.098952e-12,1.525218e-12,1.531819e-12,4.157526e-08,2.646315e-12
38.427734,2.630873e-10,1.874005e-09,1.821949e-07,3.212243e-08,3.660898e-12,4.557299e-09,5.671923e-10,2.413727e-09,4.336785e-09,4.339142e-08,8.889373e-10,1.151356e-08,3.998341e-10,8.794393e-09,7.717084e-09,1.829763e-08,1.397657e-12,1.127602e-09,4.931941e-11,4.839586e-10,4.548863e-12,1.265040e-12,2.525994e-12,4.383803e-08,5.013269e-12
38.476562,2.189629e-10,1.857089e-09,1.503541e-07,5.035567e-08,4.436817e-12,3.232136e-09,5.494090e-10,2.065028e-09,4.332393e-09,3.472706e-08,5.426460e-09,1.112628e-08,2.639366e-09,7.898860e-09,4.750535e-09,1.967055e-08,1.333170e-12,1.148385e-09,3.100622e-11,3.526040e-10,5.737004e-12,1.588471e-12,3.685769e-12,2.707113e-08,2.533430e-12
38.525391,1.693845e-10,1.822094e-09,1.168454e-07,6.621450e-08,4.738305e-12,1.336095e-09,4.972639e-10,9.223543e-10,5.170536e-09,1.722148e-08,8.231402e-09,5.893717e-09,7.633586e-09,5.323200e-09,3.067560e-09,2.211519e-08,3.996963e-12,8.300053e-10,1.392570e-11,7.561608e-11,1.170017e-12,1.019076e-12,2.635412e-12,3.256388e-08,5.710581e-12
38.574219,1.307815e-10,1.645444e-09,1.007442e-07,8.235187e-08,5.715199e-12,1.855235e-09,4.273769e-10,6.843543e-10,5.958811e-09,2.235436e-08,8.937647e-09,4.340803e-09,1.139879e-08,3.993413e-09,1.249187e-08,1.790648e-08,9.374901e-13,1.211323e-09,2.389464e-11,4.383536e-10,2.528165e-12,1.135213e-12,1.267127e-12,9.389209e-09,2.873761e-12
38.623047,1.028279e-10,1.229000e-09,1.102904e-07,9.593196e-08,5.155474e-12,2.660945e-09,3.708400e-10,1.839815e-09,6.054687e-09,4.884744e-08,8.384712e-09,6.371743e-09,1.077003e-08,4.504934e-09,1.681062e-08,1.256221e-08,9.606604e-13,4.821519e-09,2.086839e-11,2.970935e-10,5.555659e-12,5.368939e-13,5.321658e-12,2.970122e-08,2.466439e-12
38.671875,8.814706e-11,5.646553e-10,1.407753e-07,1.032160e-07,4.587472e-12,2.175153e-09,4.061258e-10,2.850734e-09,5.186170e-09,6.153757e-08,7.193436e-09,4.674353e-09,6.684557e-09,4.706332e-09,1.716632e-08,9.293743e-09,4.439387e-13,7.783328e-09,2.138161e-11,2.166154e-10,4.409294e-12,1.369698e-12,3.135022e-12,2.324972e-08,5.377163e-12
38.720703,9.355257e-11,3.188435e-10,1.769060e-07,1.037268e-07,4.033896e-12,1.694719e-09,5.136856e-10,3.305547e-09,4.015094e-09,5.705503e-08,4.664593e-09,1.925946e-09,2.769580e-09,2.595507e-09,1.813721e-08,4.613687e-09,3.361118e-13,6.454787e-09,1.985359e-11,4.863194e-10,6.487337e-12,1.520080e-12,9.885058e-13,2.993797e-08,4.830263e-12
38.769531,1.113226e-10,1.123775e-09,1.986418e-07,9.866648e-08,2.998596e-12,2.728736e-09,6.022639e-10,2.941397e-09,3.277833e-09,4.582602e-08,8.143206e-10,1.620571e-09,4.160716e-09,2.904447e-09,1.382271e-08,1.298460e-08,1.347154e-12,2.327710e-09,2.945305e-11,5.768585e-10,8.046461e-12,9.897574e-13,9.962812e-13,1.892517e-08,1.044873e-11
38.818359,1.155678e-10,1.761630e-09,1.921145e-07,8.587906e-08,2.798063e-12,3.529180e-09,6.418789e-10,2.370025e-09,2.662516e-09,3.568883e-08,3.618997e-09,4.131000e-09,5.171111e-09,5.416128e-09,8.179072e-09,9.433484e-09,1.729161e-12,4.173350e-09,2.819111e-11,3.663846e-10,2.298479e-12,4.124118e-13,2.368325e-12,1.267895e-08,5.421677e-12
38.867188,9.218961e-11,2.100419e-09,1.578853e-07,6.007167e-08,1.276614e-12,3.351907e-09,6.938173e-10,1.966131e-09,2.869214e-09,2.642919e-08,5.040067e-09,5.247057e-09,4.558145e-09,8.064659e-09,1.107380e-08,1.063936e-08,6.976932e-13,5.505954e-09,5.000106e-11,3.401844e-10,3.217121e-12,1.945762e-12,2.918875e-12,6.285398e-09,5.497028e-12
38.916016,4.561952e-11,2.134427e-09,1.130828e-07,1.934997e-08,6.518832e-13,2.388594e-09,7.977630e-10,2.775819e-09,4.405432e-09,1.668085e-08,3.762450e-09,7.184624e-09,4.105078e-09,7.666707e-09,1.079093e-08,8.859614e-09,1.003559e-13,3.261057e-09,6.805620e-11,1.051373e-10,2.978136e-12,8.999533e-13,2.755475e-12,1.540747e-08,1.134270e-11
38.964844,5.111062e-11,1.951492e-09,8.555718e-08,3.043551e-08,2.481801e-12,1.234952e-09,8.902814e-10,6.160336e-09,5.720155e-09,8.838671e-09,2.895223e-09,7.165312e-09,4.335930e-09,6.142511e-09,8.518465e-09,3.593534e-09,2.179274e-13,1.389105e-09,4.038624e-11,1.793468e-10,2.448715e-12,7.838739e-13,1.773322e-12,2.054423e-08,1.073516e-11
39.013672,1.101338e-10,1.678586e-09,8.283384e-08,7.748672e-08,2.266760e-12,1.639071e-09,9.276902e-10,8.964876e-09,5.814825e-09,6.487225e-09,3.926058e-09,4.198614e-09,6.975521e-09,7.843442e-09,1.545330e-08,4.228164e-09,8.756513e-13,2.454413e-09,2.935979e-11,2.271065e-10,3.060492e-12,1.354930e-12,1.204075e-12,3.313228e-08,1.323178e-12
39.062500,1.556053e-10,1.414324e-09,8.026502e-08,1.098974e-07,3.274320e-12,3.198083e-09,9.340218e-10,9.131497e-09,4.727953e-09,6.860095e-09,4.140830e-09,4.940236e-09,4.436071e-09,6.838302e-09,1.262405e-08,3.020230e-09,5.031647e-13,7.631804e-10,3.963295e-11,3.940599e-10,2.076362e-12,7.171570e-13,2.145191e-12,1.372798e-08,5.776565e-12
39.111328,1.730493e-10,1.190564e-09,7.307042e-08,1.221105e-07,3.230073e-12,4.616903e-09,9.030868e-10,7.232908e-09,3.331466e-09,7.543714e-09,3.692311e-09,6.014620e-09,1.434725e-09,5.307927e-09,5.749837e-09,7.493485e-09,1.326692e-12,4.145024e-09,2.994175e-11,2.744223e-10,1.565040e-12,7.690253e-13,1.303177e-12,4.279285e-08,1.033709e-11
39.160156,1.628071e-10,1.003118e-09,8.381555e-08,1.199513e-07,2.460997e-12,5.446351e-09,7.945729e-10,5.590891e-09,2.260272e-09,6.412543e-09,3.514814e-09,6.164048e-09,3.712931e-09,3.706315e-09,4.688742e-09,1.384518e-08,2.556753e-13,5.911146e-09,1.516448e-11,3.871953e-10,6.457913e-12,1.062741e-12,3.223218e-12,3.042441e-08,1.098629e-11
39.208984,1.276115e-10,8.450598e-10,1.149141e-07,1.210800e-07,1.895290e-12,5.435248e-09,6.293489e-10,4.940955e-09,1.402210e-09,2.079486e-08,3.501890e-09,9.048950e-09,8.118409e-09,2.337184e-09,7.795353e-09,1.557395e-08,1.095219e-12,5.602250e-09,1.074016e-11,3.358917e-10,5.494086e-12,2.260448e-13,2.937991e-12,4.645560e-08,1.005824e-11
39.257812,7.615902e-11,7.104311e-10,1.424995e-07,1.389826e-07,1.680412e-12,4.665620e-09,4.959448e-10,4.298055e-09,1.587699e-09,3.123723e-08,2.827340e-09,1.039083e-08,9.998672e-09,2.121486e-09,7.394391e-09,2.474796e-08,1.556514e-12,6.726565e-09,3.042613e-11,3.394916e-10,5.574199e-12,4.458481e-13,1.684556e-12,1.041116e-08,7.873445e-12
39.306641,4.156527e-11,5.834639e-10,1.498898e-07,1.638057e-07,3.250211e-12,3.765978e-09,3.890639e-10,3.592766e-09,2.711909e-09,3.678693e-08,1.471932e-09,7.774866e-09,1.113105e-08,3.146309e-09,6.302753e-09,1.845128e-08,5.585463e-13,5.779455e-09,1.444842e-11,1.239495e-10,5.249953e-12,1.328699e-12,2.503071e-12,7.296516e-09,3.024792e-12
39.355469,8.640769e-11,4.593559e-10,1.323675e-07,1.772217e-07,3.884506e-12,3.469640e-09,2.274400e-10,3.373610e-09,4.079446e-09,3.787550e-08,2.133424e-09,3.680036e-09,1.210007e-08,3.127228e-09,1.078258e-09,3.223576e-09,5.152468e-13,3.100338e-09,1.781455e-11,2.739151e-10,3.862011e-12,9.928333e-13,1.473222e-12,1.964435e-08,1.056733e-11
39.404297,1.338319e-10,4.090604e-10,9.694537e-08,1.699603e-07,3.795727e-12,3.477175e-09,2.917850e-10,3.574322e-09,5.329283e-09,2.945242e-08,3.382269e-09,1.104969e-09,8.748077e-09,2.290832e-10,7.459177e-09,6.701300e-09,9.192557e-13,2.690149e-09,2.178217e-11,1.779044e-10,2.835034e-12,1.430579e-12,1.592261e-12,3.010883e-08,4.566297e-12
39.453125,1.537174e-10,5.250406e-10,6.481502e-08,1.461379e-07,5.133152e-12,3.284446e-09,5.768324e-10,3.173406e-09,5.379315e-09,3.356265e-08,3.859045e-09,2.445865e-10,4.646370e-09,4.917652e-09,1.207480e-08,8.474843e-09,5.823326e-13,3.283694e-09,2.214608e-11,1.285716e-11,1.569250e-12,1.551755e-12,2.487008e-12,2.662896e-08,8.330337e-12
39.501953,1.470897e-10,7.125818e-10,6.554064e-08,1.204532e-07,5.780900e-12,3.155963e-09,7.228989e-10,2.470525e-09,3.471205e-09,4.121578e-08,3.764315e-09,1.371013e-09,4.590608e-09,7.568641e-09,1.561370e-08,1.078580e-08,2.227307e-12,1.489706e-09,4.631712e-12,2.339023e-10,2.394021e-12,1.472499e-12,1.420143e-12,4.524630e-08,4.041363e-12
39.550781,1.330146e-10,8.466670e-10,8.393577e-08,1.046350e-07,4.464882e-12,3.140185e-09,6.577063e-10,3.060233e-09,2.796846e-10,2.952864e-08,3.051547e-09,4.554163e-09,4.324203e-09,8.812465e-09,1.565443e-08,1.141516e-08,3.166314e-12,2.739079e-09,2.760811e-11,3.873976e-10,4.376438e-12,1.566776e-12,9.295349e-13,4.670537e-08,5.145927e-12
39.599609,1.356420e-10,8.742766e-10,9.384466e-08,9.231025e-08,3.886351e-12,2.736045e-09,5.028302e-10,4.119657e-09,2.753675e-09,1.347422e-08,2.024137e-09,5.808951e-09,2.632306e-09,9.743616e-09,1.109008e-08,1.346203e-08,7.629384e-13,3.282619e-09,2.176741e-11,3.026462e-10,4.678823e-12,1.130848e-12,9.014508e-13,2.149954e-08,3.138812e-12
39.648438,1.456654e-10,8.065275e-10,9.219456e-08,7.218178e-08,2.875903e-12,2.009083e-09,4.308301e-10,4.857223e-09,4.251455e-09,1.973983e-08,1.442672e-09,3.382211e-09,1.675983e-09,8.256193e-09,1.055138e-08,1.814122e-08,1.141076e-12,3.569637e-09,1.540178e-11,1.412413e-10,4.557342e-12,8.131623e-13,8.697613e-13,8.821031e-09,9.809971e-12
39.697266,1.485866e-10,6.866479e-10,8.386796e-08,4.729461e-08,1.821708e-12,1.865159e-09,3.992240e-10,5.146757e-09,4.543600e-09,3.771728e-08,2.042000e-09,2.013077e-09,2.250281e-09,4.983554e-09,1.315568e-08,2.226406e-08,7.814893e-13,2.732511e-09,2.048751e-11,4.472468e-11,5.162140e-12,4.264675e-13,1.540300e-12,1.618321e-08,6.141953e-12
39.746094,1.436066e-10,5.405556e-10,7.162035e-08,3.360698e-08,3.283175e-12,2.215439e-09,3.294006e-10,5.069340e-09,4.188350e-09,5.017264e-08,2.723153e-09,4.765884e-09,3.511575e-09,2.602298e-09,1.550676e-08,2.025325e-08,6.332378e-13,1.477415e-09,8.576132e-12,3.204159e-10,3.164772e-12,9.708802e-13,1.321204e-12,5.020712e-08,5.681445e-12
39.794922,1.409336e-10,3.606083e-10,5.449834e-08,3.276831e-08,2.901061e-12,2.169893e-09,2.911867e-10,5.416943e-09,2.991286e-09,5.581672e-08,2.652967e-09,4.736235e-09,4.237198e-09,1.488001e-09,2.109530e-08,2.102741e-08,2.276178e-12,6.247971e-10,2.341545e-12,3.322744e-10,3.214639e-12,2.833703e-13,6.938320e-13,6.058650e-08,6.130317e-12
39.843750,1.477685e-10,1.936319e-10,3.225563e-08,3.707733e-08,4.114159e-12,1.677722e-09,3.559857e-10,6.270946e-09,1.380196e-09,6.580158e-08,2.460043e-09,4.086202e-09,4.059901e-09,2.572168e-10,1.982438e-08,2.363524e-08,1.101037e-12,1.289894e-09,1.090484e-11,3.628105e-10,3.328785e-13,8.231350e-13,5.979377e-13,3.470926e-08,6.564156e-12
39.892578,1.519040e-10,3.036934e-10,8.322530e-09,6.505162e-08,3.849980e-12,1.239818e-09,4.921149e-10,6.771407e-09,5.663524e-10,6.307265e-08,3.050289e-09,5.487117e-09,3.175612e-09,2.822166e-09,8.198315e-09,1.409739e-08,2.356898e-12,2.471663e-09,6.511872e-12,1.413928e-10,2.288564e-12,8.333098e-13,1.485212e-12,1.790771e-08,1.856970e-12
39.941406,1.442341e-10,5.426541e-10,1.897616e-08,1.124581e-07,3.389856e-12,1.233288e-09,5.994920e-10,6.769485e-09,6.550564e-10,3.826620e-08,3.937568e-09,5.732535e-09,1.920305e-09,5.084359e-09,9.653051e-09,1.195163e-08,7.846849e-13,2.737375e-09,8.957905e-12,2.510680e-10,1.469302e-12,1.023425e-12,1.187883e-12,9.547451e-09,4.498307e-12
39.990234,1.246148e-10,7.320316e-10,4.155112e-08,1.625461e-07,2.060461e-12,1.208400e-09,6.072746e-10,6.416580e-09,1.464700e-09,7.220328e-09,4.708464e-09,4.592000e-09,2.031979e-09,5.451111e-09,1.291904e-08,1.489523e-08,1.621290e-12,2.395488e-09,4.582499e-12,2.724928e-10,1.206034e-12,2.819141e-13,1.605900e-12,4.041944e-08,8.673884e-12
40.039062,1.004048e-10,8.383516e-10,6.132941e-08,2.036768e-07,1.388413e-12,7.830488e-10,5.717606e-10,5.375441e-09,1.421678e-09,2.120469e-08,4.809972e-09,3.598028e-09,3.599201e-09,4.778113e-09,3.952454e-09,7.467422e-09,6.703028e-13,1.324931e-09,1.834317e-11,1.811785e-10,1.775477e-12,6.897279e-13,2.557242e-12,4.919211e-08,9.466212e-12
40.087891,8.136350e-11,8.847291e-10,7.627830e-08,2.292603e-07,1.969918e-12,4.100688e-10,6.055466e-10,3.545232e-09,1.095804e-09,4.393379e-08,3.843393e-09,2.476488e-09,3.312394e-09,5.299003e-09,5.934532e-09,8.500868e-09,1.069013e-12,2.408329e-09,2.163219e-11,1.729075e-10,2.731518e-12,5.030041e-13,2.246775e-12,7.866426e-08,1.348919e-11
40.136719,7.744276e-11,9.105910e-10,8.431043e-08,2.367286e-07,1.512381e-12,1.083201e-09,6.596166e-10,2.404578e-09,2.155449e-09,5.317278e-08,2.257380e-09,2.394239e-09,2.482766e-09,4.991608e-09,7.144564e-09,8.354798e-09,7.702734e-13,2.592122e-09,1.423517e-11,1.932145e-10,2.778708e-12,8.589520e-13,2.289749e-12,2.196460e-08,9.721027e-12
40.185547,9.556070e-11,9.445330e-10,8.443869e-08,2.267916e-07,1.179848e-12,1.826436e-09,6.283165e-10,3.774568e-09,2.570486e-09,5.365829e-08,9.621946e-10,4.403445e-09,6.654619e-09,4.014225e-09,6.061015e-09,5.606518e-09,1.272292e-12,3.429053e-09,1.132405e-11,1.254220e-10,1.852534e-12,8.451495e-13,8.157638e-13,5.232954e-09,5.489225e-12
40.234375,1.303063e-10,9.905837e-10,7.665717e-08,2.030342e-07,1.357875e-12,2.690128e-09,5.143361e-10,5.139464e-09,2.620482e-09,5.684401e-08,2.249584e-09,4.357115e-09,9.908227e-09,6.085501e-09,1.068593e-08,6.146645e-09,4.303847e-13,3.947438e-09,7.259726e-12,2.752117e-10,2.894429e-12,7.040633e-13,9.663448e-13,2.573146e-08,6.602754e-12
40.283203,1.616730e-10,1.054432e-09,6.176537e-08,1.706600e-07,1.605282e-12,3.578494e-09,3.879059e-10,5.252788e-09,2.907735e-09,5.160684e-08,3.159532e-09,3.055630e-09,1.025987e-08,8.141650e-09,1.730657e-08,5.951868e-09,1.968740e-13,3.562092e-09,2.090766e-12,8.963941e-11,2.177439e-12,8.008574e-13,1.182970e-12,1.332428e-08,5.282207e-12
40.332031,1.744473e-10,1.149059e-09,4.515241e-08,1.337093e-07,5.628567e-13,3.923591e-09,3.140624e-10,4.325863e-09,2.457519e-09,4.213326e-08,2.796472e-09,4.548818e-09,7.834826e-09,7.386734e-09,2.005926e-08,1.005571e-08,1.177544e-12,2.445766e-09,9.242101e-12,3.800973e-10,3.070744e-12,6.036588e-13,5.408100e-13,2.454244e-08,8.226514e-12
40.380859,1.579488e-10,1.263778e-09,4.350806e-08,9.267163e-08,1.857631e-12,3.346970e-09,2.699008e-10,3.459735e-09,1.241069e-09,3.973532e-08,2.313571e-09,5.038141e-09,3.776888e-09,5.377179e-09,1.770825e-08,5.290701e-09,1.923024e-12,1.312010e-09,1.041085e-11,3.615943e-10,2.849155e-12,9.763358e-13,1.624262e-12,2.590043e-08,8.234113e-12
40.429688,1.179230e-10,1.343093e-09,5.907511e-08,4.600500e-08,1.565489e-12,2.163754e-09,2.209670e-10,3.294452e-09,6.667675e-10,3.056781e-08,2.730538e-09,3.332069e-09,1.491084e-09,5.065725e-09,1.432371e-08,2.161398e-09,2.053761e-12,1.286058e-09,1.108627e-11,2.683747e-10,3.176701e-12,1.135761e-12,4.552518e-12,2.049146e-08,5.477607e-12
40.478516,7.357702e-11,1.308348e-09,7.032134e-08,8.166572e-09,1.691063e-12,1.379035e-09,2.857090e-10,3.167848e-09,1.552082e-09,1.873916e-08,3.839211e-09,6.957610e-10,2.423509e-09,3.906396e-09,1.265443e-08,8.305669e-09,2.089318e-12,1.351917e-09,1.116116e-11,1.880868e-10,2.666359e-12,1.616408e-12,3.306101e-12,2.060891e-08,4.974091e-12
40.527344,7.588313e-11,1.107397e-09,6.538841e-08,5.549739e-08,1.330478e-12,1.260480e-09,4.297980e-10,3.095821e-09,2.712642e-09,1.856075e-08,4.038516e-09,2.559030e-09,1.943099e-09,1.714224e-09,9.801071e-09,4.126229e-09,3.135020e-12,1.820495e-09,8.687225e-12,9.688282e-11,3.173001e-12,1.070318e-12,1.058169e-12,2.519266e-08,3.667652e-12
40.576172,1.164585e-10,7.481791e-10,4.371988e-08,9.203641e-08,1.213311e-12,7.939447e-10,5.021012e-10,3.124261e-09,3.542315e-09,2.763547e-08,2.659982e-09,3.318128e-09,1.457875e-09,7.776462e-10,7.746527e-09,5.019080e-09,3.905394e-13,2.826538e-09,6.265167e-12,7.076915e-11,3.733925e-13,1.520949e-12,1.438365e-12,1.966449e-08,4.596443e-12
40.625000,1.467618e-10,3.391541e-10,1.302477e-08,1.083835e-07,1.962112e-12,7.740359e-10,5.236161e-10,2.401190e-09,3.588028e-09,3.906448e-08,1.433390e-09,1.027777e-09,2.223506e-10,2.996855e-09,7.869831e-09,1.624868e-08,6.628557e-13,3.939313e-09,5.852634e-12,8.965547e-11,3.724555e-13,3.817886e-13,1.431841e-12,2.054721e-08,5.388637e-12
40.673828,1.624570e-10,3.314153e-10,2.225301e-08,1.079905e-07,1.299586e-12,1.592429e-09,6.095654e-10,8.317535e-10,2.940637e-09,4.055854e-08,2.236804e-09,2.018391e-09,1.415596e-09,3.813323e-09,6.454883e-09,1.445840e-08,3.065683e-13,3.411239e-09,1.340596e-11,1.298116e-10,3.593293e-12,9.039167e-13,1.821864e-12,2.149159e-08,3.034325e-12
40.722656,1.675271e-10,6.068037e-10,5.029651e-08,1.081346e-07,5.068913e-13,1.944884e-09,7.284206e-10,7.078745e-10,2.083089e-09,3.331180e-08,2.956258e-09,3.897705e-09,2.509766e-09,3.892270e-09,5.298415e-09,1.190667e-08,9.920049e-13,3.573832e-09,1.324929e-11,9.348617e-11,4.183843e-12,2.670625e-13,1.112312e-12,2.643094e-08,3.983424e-12
40.771484,1.687171e-10,7.218717e-10,7.320138e-08,1.195452e-07,1.136769e-13,1.858271e-09,7.952000e-10,1.455953e-09,1.640487e-09,2.460995e-08,3.282510e-09,5.233006e-09,3.799192e-09,3.847910e-09,8.696595e-09,7.120296e-09,1.292109e-12,2.354550e-09,7.034090e-12,9.971491e-11,3.932473e-12,3.975158e-13,9.844400e-13,1.874228e-08,5.970864e-12
40.820312,1.676654e-10,6.303644e-10,8.793343e-08,1.260753e-07,8.526712e-13,1.884006e-09,8.114215e-10,2.130945e-09,2.010957e-09,1.656696e-08,3.593711e-09,5.419931e-09,3.104439e-09,2.157799e-09,1.139608e-08,1.952370e-08,9.663136e-13,1.392661e-09,7.652954e-12,1.124456e-10,4.277665e-12,8.625908e-13,6.815137e-13,8.077762e-09,2.640017e-12
40.869141,1.666230e-10,3.813240e-10,8.694495e-08,1.083655e-07,7.656082e-13,2.076226e-09,7.665969e-10,3.145781e-09,2.708001e-09,1.990058e-08,3.246257e-09,4.854170e-09,3.711238e-09,1.666116e-09,9.286394e-09,1.487799e-08,1.966397e-12,1.259924e-09,9.277768e-12,1.006634e-10,3.866508e-12,3.441028e-13,1.002654e-12,1.488985e-08,3.945008e-12
40.917969,1.666588e-10,9.891062e-11,6.387308e-08,6.557872e-08,1.610742e-12,2.093108e-09,6.226500e-10,3.555976e-09,2.959326e-09,2.763204e-08,1.970423e-09,6.010530e-09,7.214702e-09,1.131535e-09,5.563594e-09,9.709302e-09,2.033982e-12,2.139488e-09,2.357381e-11,2.719463e-10,3.751679e-12,1.640842e-12,1.227972e-12,2.058760e-08,2.773801e-12
40.966797,1.616940e-10,2.496129e-10,2.962068e-08,3.738032e-08,2.024056e-12,2.001863e-09,4.151589e-10,2.853839e-09,2.347826e-09,2.972434e-08,1.964445e-09,7.865815e-09,7.609558e-09,4.129805e-10,7.603335e-09,6.287963e-09,8.201310e-13,2.887100e-09,1.278786e-11,4.712945e-10,2.197590e-12,8.283938e-13,3.122966e-13,2.347764e-08,3.031828e-12
41.015625,1.433155e-10,4.391448e-10,5.769884e-08,7.561320e-08,2.484407e-12,1.974999e-09,2.516576e-10,1.519202e-09,1.221501e-09,3.073117e-08,3.105325e-09,8.263716e-09,2.654080e-09,8.894628e-10,7.037358e-09,1.082721e-08,1.050688e-12,4.137046e-09,1.415270e-11,4.092792e-10,2.064991e-12,1.150744e-12,2.021164e-12,3.821348e-09,5.990100e-12
41.064453,1.087620e-10,5.196638e-10,1.067975e-07,1.083965e-07,2.195140e-12,1.855813e-09,1.944891e-10,1.527005e-09,1.105483e-09,3.086787e-08,3.913511e-09,5.999965e-09,3.511793e-09,3.474163e-09,7.477648e-09,1.559669e-08,2.362492e-13,3.897774e-09,1.225215e-11,2.274634e-10,2.134236e-12,1.252778e-13,9.473285e-13,1.836733e-08,3.539953e-12
41.113281,6.693703e-11,5.002030e-10,1.340875e-07,1.192172e-07,1.542740e-12,1.622533e-09,2.133167e-10,2.467901e-09,1.591714e-09,2.596370e-08,3.864165e-09,2.483559e-09,4.961455e-09,4.865466e-09,1.089477e-08,1.761011e-08,7.939208e-13,2.975585e-09,1.224092e-11,5.752188e-11,2.432528e-12,1.131572e-12,1.942836e-13,5.005986e-08,5.417791e-13
41.162109,3.611178e-11,4.062459e-10,1.296548e-07,1.180627e-07,1.083811e-12,1.723301e-09,2.707954e-10,2.560369e-09,1.610200e-09,2.088096e-08,2.753705e-09,5.837707e-10,3.733179e-09,3.285233e-09,1.244203e-08,1.192293e-08,2.049696e-12,3.143183e-09,1.556726e-11,1.589682e-10,1.207223e-12,2.123981e-13,1.071604e-12,4.787849e-08,3.504186e-12
41.210938,3.152448e-11,2.878388e-10,1.001127e-07,1.177372e-07,6.749232e-13,2.127870e-09,3.240837e-10,1.709558e-09,1.621782e-09,1.879106e-08,1.710763e-09,7.906091e-10,2.872474e-09,1.092643e-10,1.214255e-08,3.890567e-09,2.195629e-12,3.472311e-09,1.775644e-11,1.712957e-10,7.730979e-13,5.670100e-13,1.007092e-12,9.897273e-09,2.768589e-12
41.259766,2.820042e-11,3.000512e-10,6.931725e-08,1.198577e-07,4.312688e-13,2.237504e-09,3.627683e-10,6.562463e-10,1.777521e-09,1.744849e-08,1.876329e-09,8.495318e-10,3.111864e-09,2.864081e-09,8.546660e-09,9.404133e-09,4.615603e-13,2.814889e-09,2.066208e-11,1.051642e-10,1.405736e-12,1.218779e-12,1.133956e-12,1.560133e-08,3.146802e-12
41.308594,1.074841e-11,4.813304e-10,6.608606e-08,1.201218e-07,8.697689e-13,1.790999e-09,3.689406e-10,1.281538e-09,1.722616e-09,2.270841e-08,1.918844e-09,4.273245e-10,3.213397e-09,3.727433e-09,6.763251e-09,1.006785e-08,3.953326e-13,1.669534e-09,3.515846e-12,2.081764e-10,5.304594e-13,1.623756e-12,1.518538e-12,1.618270e-08,3.524646e-12
41.357422,2.581565e-11,6.769649e-10,7.448857e-08,1.154619e-07,7.181200e-13,9.455607e-10,2.986436e-10,2.212408e-09,1.318281e-09,3.290832e-08,1.274461e-09,2.470379e-09,2.513349e-09,2.425133e-09,1.022450e-08,6.372442e-09,9.307834e-13,2.224752e-09,1.854745e-11,2.210377e-10,7.798571e-13,7.617988e-13,2.266026e-12,2.925254e-08,5.385711e-12
41.406250,5.652697e-11,8.060113e-10,6.843654e-08,1.009942e-07,5.618645e-13,1.758733e-10,1.265797e-10,2.657831e-09,8.562567e-10,4.144718e-08,8.019139e-10,5.164575e-09,3.327020e-09,9.271068e-10,1.259050e-08,6.549428e-09,1.032885e-12,2.274489e-09,1.103468e-11,2.132217e-10,4.752592e-13,8.062740e-13,1.199837e-12,9.653746e-09,1.100855e-12
41.455078,7.992301e-11,8.405933e-10,4.726510e-08,7.192131e-08,8.025010e-13,8.465909e-10,1.608000e-10,2.287604e-09,1.322763e-09,3.974066e-08,1.570129e-09,7.141101e-09,2.310327e-09,1.871320e-09,1.638498e-08,3.998541e-09,1.250889e-12,3.486895e-09,2.863822e-12,1.908654e-10,2.885176e-12,8.518888e-13,3.374243e-13,4.288476e-08,1.422186e-12
41.503906,9.262827e-11,7.808799e-10,2.809222e-08,3.191513e-08,1.963400e-12,1.558944e-09,4.508020e-10,1.294427e-09,2.079902e-09,3.066836e-08,2.085947e-09,6.791520e-09,2.155918e-09,1.610615e-09,1.657500e-08,3.327173e-09,9.737343e-13,4.487073e-09,1.037766e-11,3.589150e-10,1.737062e-12,6.501828e-13,6.826341e-13,3.885317e-08,5.742262e-12
41.552734,9.738218e-11,6.412348e-10,3.390332e-08,2.489583e-08,1.081047e-12,2.268837e-09,6.515995e-10,1.012479e-09,2.490741e-09,3.995151e-08,2.050859e-09,5.159638e-09,3.156412e-09,1.972052e-09,1.163339e-08,2.723334e-09,6.260170e-13,1.747113e-09,1.448136e-11,3.193386e-10,2.743466e-12,6.254922e-13,1.039683e-12,2.279757e-08,6.302036e-12
41.601562,9.465046e-11,4.511127e-10,4.491565e-08,5.749961e-08,2.175840e-12,2.939818e-09,6.681583e-10,1.273532e-09,2.552167e-09,5.500473e-08,1.860512e-09,3.671517e-09,2.368278e-09,2.004776e-09,5.530200e-09,5.495498e-09,9.116616e-13,9.886949e-10,7.425019e-12,8.403198e-11,2.193185e-12,8.962263e-13,1.513130e-12,3.352323e-08,2.392064e-12
41.650391,8.699511e-11,3.246337e-10,4.832738e-08,7.623797e-08,2.093577e-12,3.421540e-09,5.266090e-10,1.469292e-09,2.411417e-09,5.856476e-08,1.124279e-09,1.935945e-09,1.136745e-09,1.213738e-09,4.841652e-09,1.379921e-08,3.509393e-13,1.095083e-09,1.914460e-11,1.164328e-10,1.264054e-12,9.827196e-13,1.884600e-12,4.693194e-08,2.591512e-12
41.699219,7.481549e-11,4.494885e-10,5.008128e-08,7.624052e-08,2.116866e-12,3.590869e-09,3.994146e-10,2.458715e-09,2.225167e-09,5.808405e-08,6.394608e-10,1.811263e-09,6.984526e-10,1.290832e-09,6.631433e-09,1.658242e-08,1.701557e-12,6.928586e-10,2.082911e-11,1.342292e-11,7.578683e-13,2.329920e-13,1.752780e-12,1.350063e-08,2.540683e-12
41.748047,6.075318e-11,6.838692e-10,5.919883e-08,5.770299e-08,2.260064e-12,3.435916e-09,4.093804e-10,3.378101e-09,2.313537e-09,5.804279e-08,2.354488e-09,2.636561e-09,1.055364e-09,2.123447e-09,8.207284e-09,9.693760e-09,4.764269e-13,2.156877e-09,1.238059e-11,1.225743e-10,2.080818e-12,9.342185e-13,1.424915e-12,3.274011e-08,2.086169e-12
41.796875,5.518114e-11,8.736150e-10,7.353911e-08,2.270584e-08,2.087490e-12,3.024320e-09,3.937988e-10,3.908545e-09,2.823655e-09,5.275724e-08,2.607251e-09,3.624561e-09,1.075198e-09,1.344376e-09,4.886114e-09,9.048441e-09,1.188527e-12,6.743066e-10,7.199534e-12,2.083604e-10,3.801273e-13,7.362102e-13,1.370737e-12,2.776345e-08,5.053048e-12
41.845703,6.537888e-11,9.758346e-10,8.379490e-08,2.946162e-08,2.123065e-12,2.429903e-09,2.783695e-10,4.321832e-09,3.201147e-09,4.363300e-08,1.569303e-09,4.875025e-09,1.835002e-09,6.921183e-10,5.284228e-09,1.326473e-08,3.476997e-13,2.110678e-09,1.190707e-12,1.942632e-10,8.788933e-13,1.584588e-12,4.614672e-13,3.311043e-08,4.674169e-12
41.894531,8.083410e-11,1.000852e-09,8.361538e-08,8.084245e-08,1.475459e-12,1.841886e-09,1.782823e-10,4.142501e-09,2.888029e-09,3.598183e-08,3.093494e-09,6.258278e-09,4.142711e-09,1.665295e-09,9.991183e-09,1.119318e-08,2.719244e-12,3.564426e-09,5.098328e-12,8.631556e-11,8.903827e-13,5.935517e-13,4.523152e-13,6.575897e-09,2.719850e-12
41.943359,9.203015e-11,9.832299e-10,7.284054e-08,1.249774e-07,1.769984e-12,1.676701e-09,2.584085e-10,2.937786e-09,2.228775e-09,3.111781e-08,5.223569e-09,7.214382e-09,5.883598e-09,1.597923e-09,6.820254e-09,1.520632e-09,1.302841e-12,2.878260e-09,7.925842e-13,1.089684e-10,3.659584e-13,9.392245e-13,7.740962e-13,8.351553e-09,2.617710e-12
41.992188,9.498001e-11,9.527731e-10,5.729961e-08,1.531152e-07,1.243641e-12,1.927316e-09,3.604162e-10,1.530775e-09,2.591218e-09,3.042868e-08,6.001541e-09,6.799058e-09,3.820631e-09,1.187013e-09,4.879855e-09,9.035635e-09,9.477283e-13,3.295428e-09,1.050083e-11,2.002662e-10,1.295585e-12,5.756406e-13,9.684261e-13,1.629521e-08,3.154828e-12
42.041016,9.142234e-11,9.147946e-10,4.571696e-08,1.625497e-07,1.462942e-12,2.106852e-09,3.883225e-10,1.661253e-09,3.585579e-09,3.520848e-08,5.523833e-09,5.670789e-09,2.374329e-09,5.680700e-10,1.177186e-08,7.986508e-09,5.921608e-13,3.077705e-09,7.354708e-12,2.323798e-10,1.690823e-12,2.471095e-13,1.005597e-12,8.202338e-09,5.433960e-12
42.089844,8.551307e-11,8.577224e-10,4.604791e-08,1.549431e-07,8.669082e-13,2.066213e-09,3.349955e-10,2.163970e-09,4.091698e-09,4.116146e-08,4.506679e-09,3.916449e-09,4.295094e-09,9.941010e-10,1.285697e-08,1.111679e-08,1.742207e-12,1.152799e-09,3.370020e-12,1.408912e-10,5.307047e-13,1.543128e-12,1.846316e-12,1.094029e-08,1.664153e-12
42.138672,7.402115e-11,7.640441e-10,6.424022e-08,1.346117e-07,1.244070e-12,1.917819e-09,2.308984e-10,2.268923e-09,3.975736e-09,4.209526e-08,3.399132e-09,1.796491e-09,3.986518e-09,2.334093e-09,1.033936e-08,1.341062e-08,9.458740e-13,9.959145e-10,9.281292e-12,9.516381e-11,4.112499e-13,5.788194e-13,2.135969e-13,2.338519e-08,2.301533e-12
42.187500,5.822848e-11,6.183976e-10,9.819657e-08,1.088816e-07,1.043027e-12,1.734556e-09,1.573494e-10,2.198707e-09,3.482952e-09,3.681769e-08,2.397169e-09,6.015038e-10,2.136515e-09,3.179744e-09,8.888114e-09,8.513586e-09,9.366035e-13,1.709046e-09,1.230160e-11,1.790170e-10,4.306017e-13,8.252148e-13,9.249728e-13,9.374839e-09,2.282453e-12
42.236328,3.752854e-11,4.254392e-10,1.380081e-07,8.966852e-08,1.629206e-12,1.467725e-09,1.773241e-10,1.913277e-09,2.759456e-09,2.857567e-08,1.705420e-09,5.829851e-10,3.724408e-09,3.406147e-09,1.196417e-08,5.833755e-09,1.198769e-12,1.875841e-09,8.446379e-12,1.988911e-10,1.193829e-12,8.783446e-13,5.635620e-13,7.469263e-09,1.629721e-12
42.285156,3.285775e-11,2.614636e-10,1.729059e-07,9.111582e-08,9.791792e-13,1.056449e-09,1.909638e-10,1.153808e-09,1.780497e-09,1.973643e-08,1.376980e-09,1.289075e-09,6.705891e-09,2.458468e-09,9.119886e-09,1.114396e-08,1.061585e-12,2.136574e-09,6.124603e-12,1.419874e-10,1.573737e-12,6.550815e-13,1.369829e-12,3.691747e-08,1.775577e-12
42.333984,5.682463e-11,3.412926e-10,1.965511e-07,1.131445e-07,6.858738e-13,5.948599e-10,1.498377e-10,2.677823e-10,8.799073e-10,1.359606e-08,1.523065e-09,1.886375e-09,6.327530e-09,1.632140e-09,8.209881e-09,1.220578e-08,1.303730e-12,2.193213e-09,8.056776e-12,1.324295e-10,5.995877e-13,1.493144e-13,1.531854e-12,2.189034e-08,2.504481e-12
42.382812,8.314348e-11,5.369508e-10,2.094583e-07,1.392622e-07,7.576664e-13,5.064705e-10,9.467280e-11,9.710543e-10,1.601928e-09,1.465806e-08,1.956363e-09,3.059313e-09,6.485528e-09,1.776486e-09,1.246313e-08,8.215739e-09,1.469798e-12,1.293361e-09,1.248879e-11,1.695969e-10,7.662390e-13,6.638718e-13,1.377485e-12,1.864356e-08,8.300026e-13
42.431641,1.061866e-10,6.610301e-10,2.167165e-07,1.535195e-07,1.180137e-12,6.585192e-10,9.039474e-11,1.001401e-09,2.789084e-09,1.722070e-08,2.336409e-09,2.946728e-09,9.028862e-09,2.510761e-09,1.586932e-08,1.056241e-08,2.095315e-12,1.886492e-09,1.734486e-11,2.177982e-10,2.526424e-12,9.639221e-13,2.207797e-12,2.511605e-08,1.043043e-12
42.480469,1.198764e-10,6.547177e-10,2.219277e-07,1.490009e-07,1.088234e-12,5.892786e-10,1.207743e-10,3.663316e-10,3.608600e-09,1.833193e-08,2.477817e-09,1.777989e-09,1.075556e-08,4.058795e-09,1.451909e-08,1.159507e-08,4.579692e-12,1.045836e-09,1.505523e-11,2.146240e-10,3.677930e-12,1.121758e-12,1.698790e-12,9.805345e-09,8.098770e-13
42.529297,1.219899e-10,5.242342e-10,2.233978e-07,1.319864e-07,1.827518e-12,3.738298e-10,1.680507e-10,1.030312e-09,3.899518e-09,1.644088e-08,2.213753e-09,1.939975e-09,1.044187e-08,5.344816e-09,1.034419e-08,7.357691e-09,8.242516e-13,2.207066e-09,4.160641e-12,1.242464e-10,9.487727e-13,6.538070e-13,1.721662e-12,2.000267e-08,1.496184e-12
42.578125,1.133968e-10,3.275622e-10,2.167823e-07,1.170322e-07,2.954830e-12,2.593382e-10,2.291032e-10,1.769640e-09,3.619610e-09,8.640886e-09,1.652115e-09,2.328787e-09,7.340070e-09,4.783291e-09,8.554141e-09,1.185710e-08,8.231834e-13,2.226762e-09,8.708236e-12,2.980834e-11,2.207527e-12,8.388352e-14,8.298772e-13,3.432769e-08,1.462738e-12
42.626953,9.428917e-11,2.069271e-10,2.001275e-07,1.092032e-07,2.923692e-12,3.928533e-10,2.890841e-10,2.073209e-09,2.983330e-09,3.468621e-09,1.383578e-09,3.163124e-09,4.965704e-09,2.777238e-09,5.248629e-09,1.016263e-08,4.727177e-13,2.417700e-09,6.802013e-12,1.238871e-10,1.454403e-12,4.910216e-13,1.182898e-12,4.079490e-08,1.628855e-12
42.675781,7.065181e-11,3.324892e-10,1.763166e-07,1.005854e-07,2.438394e-12,7.878709e-10,3.311245e-10,2.082669e-09,2.502543e-09,1.182867e-08,1.550606e-09,5.038402e-09,6.286199e-09,5.505884e-10,6.890909e-09,1.199725e-08,4.871178e-13,8.893792e-10,7.843559e-12,1.505408e-10,2.062085e-12,1.373431e-12,1.168741e-12,2.675396e-08,4.773057e-13
42.724609,5.071344e-11,5.348796e-10,1.521618e-07,9.085297e-08,2.176011e-12,1.332982e-09,3.261763e-10,2.003558e-09,2.275856e-09,1.587660e-08,1.748210e-09,6.179521e-09,4.489901e-09,1.236799e-09,8.872435e-09,1.042541e-08,1.164121e-12,2.352191e-09,8.226248e-12,1.247631e-10,2.495816e-12,1.137255e-12,1.132536e-12,2.892504e-08,2.687780e-12
42.773438,3.700345e-11,7.265801e-10,1.341202e-07,8.766351e-08,1.843188e-12,1.955273e-09,2.621313e-10,1.958852e-09,2.096302e-09,2.066163e-08,1.932549e-09,5.802833e-09,1.177230e-09,2.343091e-09,8.837358e-09,7.431283e-09,2.329415e-12,3.054550e-09,7.224806e-12,1.321450e-10,1.995212e-12,1.010818e-12,4.956311e-13,1.471878e-08,2.984546e-12
42.822266,2.147642e-11,8.644574e-10,1.219255e-07,8.674371e-08,1.556033e-12,2.605760e-09,1.563681e-10,1.934446e-09,2.022746e-09,2.391468e-08,2.236294e-09,4.576897e-09,1.941660e-09,2.730245e-09,8.927887e-09,5.119424e-09,8.739486e-13,3.411614e-09,6.259316e-12,1.411225e-10,1.401811e-12,6.948214e-14,8.912221e-13,1.920329e-08,1.770155e-12
42.871094,1.560568e-11,9.137253e-10,1.079677e-07,8.216381e-08,1.609357e-12,3.155680e-09,5.257831e-11,1.850426e-09,1.723766e-09,2.216394e-08,2.837557e-09,2.938659e-09,2.623207e-10,2.017837e-09,6.793125e-09,5.919474e-09,1.612867e-12,3.836277e-09,8.767284e-12,8.902912e-11,1.327280e-12,7.477807e-13,3.748127e-13,8.518065e-09,2.957322e-12
42.919922,3.259983e-11,8.681147e-10,8.470937e-08,8.882180e-08,1.761064e-12,3.461497e-09,8.739701e-11,1.634630e-09,1.029606e-09,1.961556e-08,3.162820e-09,2.545531e-09,2.356101e-09,8.193344e-10,3.478065e-09,5.416295e-09,1.183307e-12,3.181090e-09,1.482520e-12,7.013590e-11,2.127948e-12,6.745885e-13,3.398594e-13,1.151947e-08,1.056089e-12
42.968750,5.100485e-11,7.564415e-10,5.041574e-08,1.153428e-07,2.100770e-12,3.491242e-09,1.460437e-10,1.191661e-09,8.261438e-10,1.589755e-08,2.625871e-09,2.544913e-09,2.869344e-09,5.994424e-10,5.005655e-09,5.634070e-09,3.750272e-14,1.661606e-09,3.995200e-12,1.073253e-10,1.416606e-12,4.743665e-13,8.839508e-13,1.370226e-08,7.677611e-13
43.017578,6.061780e-11,6.058586e-10,1.359736e-08,1.399586e-07,1.681688e-12,3.312797e-09,1.460663e-10,4.688990e-10,1.088083e-09,1.336387e-08,1.431290e-09,1.912307e-09,2.151972e-09,1.551969e-09,6.940783e-09,8.110725e-09,1.183389e-12,1.571725e-09,2.949700e-12,2.056031e-10,6.750150e-13,7.290212e-13,1.266745e-12,1.576601e-08,1.042719e-12
43.066406,5.967882e-11,3.996055e-10,3.986833e-08,1.440506e-07,1.310090e-12,2.998226e-09,9.500554e-11,5.287976e-10,9.349242e-10,2.047238e-08,1.614341e-10,3.266500e-09,2.255235e-09,1.464114e-09,5.460564e-09,1.128982e-08,4.394819e-13,1.325031e-09,1.889247e-12,2.353743e-10,6.709833e-13,3.345332e-13,7.785981e-13,7.870548e-09,4.519013e-13
43.115234,5.029147e-11,1.262071e-10,7.747853e-08,1.257969e-07,1.788010e-12,2.611070e-09,8.532375e-11,1.360076e-09,3.818202e-10,2.431893e-08,1.220260e-09,3.543129e-09,2.723621e-09,1.313400e-09,6.665537e-09,7.678063e-09,1.032711e-12,7.157979e-10,5.060290e-12,1.527152e-10,6.676563e-13,8.769983e-13,2.655851e-13,2.138385e-08,3.212082e-12
43.164062,3.689190e-11,2.788534e-10,1.049386e-07,9.597231e-08,9.412792e-13,2.277602e-09,1.407234e-10,2.079346e-09,4.996871e-10,2.356512e-08,1.877291e-09,4.410361e-09,2.942244e-09,1.597120e-09,5.354610e-09,7.716843e-09,1.849673e-12,3.355049e-10,6.430928e-12,3.989776e-11,1.149188e-12,2.731308e-13,1.344151e-12,1.141789e-08,2.428932e-12
43.212891,2.284149e-11,6.310462e-10,1.188111e-07,6.767716e-08,1.559051e-12,2.140463e-09,1.629627e-10,2.605475e-09,1.494467e-09,2.459736e-08,1.657974e-09,4.857663e-09,3.288170e-09,1.308730e-09,4.053401e-09,1.109774e-08,9.410572e-13,3.226936e-10,6.369421e-12,8.305333e-11,1.554809e-12,8.593977e-14,4.833228e-13,2.213531e-08,1.850944e-12
43.261719,1.197653e-11,8.918669e-10,1.185967e-07,4.529523e-08,2.026061e-12,2.111058e-09,1.447395e-10,2.791463e-09,2.169674e-09,2.257457e-08,1.011199e-09,3.260346e-09,3.354063e-09,1.331517e-09,3.396122e-09,1.217411e-08,1.254706e-12,4.350926e-10,7.015565e-12,8.374156e-11,1.382636e-12,7.945970e-13,4.543890e-13,2.469537e-08,3.810678e-13
43.310547,9.934741e-12,1.010945e-09,1.064115e-07,2.537364e-08,2.013848e-12,1.973518e-09,1.051395e-10,2.808216e-09,2.355436e-09,1.472734e-08,7.690093e-10,2.162279e-09,2.697237e-09,1.607874e-09,6.693957e-09,1.262359e-08,1.490630e-12,9.824021e-10,6.161725e-12,9.927338e-11,1.234901e-12,3.118491e-13,2.069621e-12,2.491461e-08,4.210121e-13
43.359375,1.540631e-11,1.027748e-09,8.657313e-08,1.791597e-08,3.317037e-12,1.690777e-09,4.651790e-11,2.908297e-09,2.303516e-09,7.379378e-09,1.086653e-09,2.749816e-09,2.568416e-09,1.377482e-09,7.617993e-09,7.561246e-09,1.004061e-12,1.364275e-09,6.559070e-12,4.497437e-11,6.772535e-13,4.577622e-13,1.659923e-12,3.232742e-08,1.682687e-12
43.408203,1.876865e-11,1.037976e-09,6.423213e-08,3.549308e-08,3.495285e-12,1.408535e-09,4.844218e-11,2.886816e-09,2.137469e-09,5.794502e-09,1.240253e-09,3.989790e-09,3.436464e-09,8.701880e-10,4.313982e-09,5.127530e-09,9.079014e-13,2.470910e-09,1.628962e-12,1.583026e-10,7.294635e-13,1.459635e-13,1.067670e-12,2.532897e-08,1.636511e-12
43.457031,2.210878e-11,1.066368e-09,4.341667e-08,5.446642e-08,2.793924e-12,1.239962e-09,1.395209e-10,2.600918e-09,1.788738e-09,1.054439e-08,1.057984e-09,4.402672e-09,3.846496e-09,1.246549e-09,1.591032e-09,1.252134e-08,1.059205e-12,3.254743e-09,2.926405e-12,1.760961e-10,1.902604e-12,1.170158e-12,9.229312e-13,2.171420e-08,4.438144e-12
43.505859,2.401223e-11,1.027637e-09,2.943867e-08,6.900490e-08,3.248581e-12,1.176768e-09,2.077239e-10,2.259167e-09,1.484859e-09,1.555199e-08,1.099866e-09,3.910531e-09,2.736424e-09,2.034862e-09,3.894903e-09,1.440954e-08,1.288450e-12,2.658725e-09,5.380981e-12,5.003689e-11,4.201049e-13,6.171166e-13,9.788020e-13,3.784529e-08,2.865884e-12
43.554688,2.701752e-11,8.361936e-10,3.810285e-08,7.995829e-08,2.336650e-12,1.146779e-09,2.429652e-10,2.000779e-09,1.319424e-09,1.654624e-08,1.061815e-09,3.566134e-09,9.493033e-10,1.842623e-09,2.507949e-09,1.194139e-08,1.198828e-12,2.665266e-09,6.257927e-12,4.730767e-11,3.324646e-13,1.062455e-12,6.608273e-13,3.451637e-08,1.165331e-12
43.603516,2.911235e-11,4.977853e-10,6.619497e-08,8.850844e-08,3.446071e-12,1.094241e-09,2.563383e-10,1.661633e-09,1.096657e-09,1.580919e-08,7.384267e-10,2.342520e-09,1.407498e-09,2.120557e-09,3.054480e-09,8.823304e-09,1.324415e-13,1.551060e-09,5.706666e-12,8.760830e-11,8.958307e-13,1.649661e-12,1.572370e-12,1.409273e-08,7.368534e-13
43.652344,3.336325e-11,9.959096e-11,9.812352e-08,9.439256e-08,3.317703e-12,1.123130e-09,2.498614e-10,1.077398e-09,9.821356e-10,1.527091e-08,5.649925e-10,8.559504e-10,2.031080e-09,1.478263e-09,6.332651e-09,6.117617e-09,1.102847e-12,1.175322e-09,6.003758e-12,1.305178e-10,1.239920e-12,1.041630e-12,5.622284e-14,1.907574e-08,1.369541e-12
43.701172,3.467152e-11,2.501181e-10,1.237734e-07,9.752714e-08,3.259217e-12,1.286035e-09,2.098769e-10,4.291439e-10,9.904338e-10,1.263621e-08,8.833079e-10,9.541140e-10,1.227619e-09,5.670375e-10,7.803435e-09,5.968782e-09,3.123417e-13,1.177635e-09,8.026751e-12,1.441270e-10,1.195856e-12,2.745540e-13,1.138905e-12,8.196113e-09,1.689297e-12
43.750000,3.627121e-11,4.550932e-10,1.353317e-07,9.966186e-08,3.473002e-12,1.325646e-09,1.493419e-10,2.015966e-10,9.855494e-10,8.519352e-09,1.436254e-09,1.855658e-09,1.911716e-09,1.012627e-09,6.377622e-09,4.847087e-09,1.519478e-12,1.029685e-09,8.900469e-12,1.279373e-10,1.357541e-12,8.384341e-13,8.633465e-13,1.197557e-08,6.792932e-13
43.798828,3.057043e-11,5.086766e-10,1.282412e-07,1.025334e-07,3.148492e-12,1.064457e-09,1.197162e-10,2.205829e-10,1.328105e-09,5.976642e-09,1.414778e-09,1.162173e-09,2.186871e-09,1.913788e-09,5.118929e-09,7.875707e-09,4.894595e-13,9.032351e-10,2.703084e-12,8.441759e-11,3.550362e-13,4.375041e-13,3.985891e-13,1.337871e-08,1.406686e-12
43.847656,2.593454e-11,4.885579e-10,1.026594e-07,1.045586e-07,2.871666e-12,6.087930e-10,1.327583e-10,2.122789e-10,1.863632e-09,6.049607e-09,7.109679e-10,5.029781e-10,1.685689e-09,1.805825e-09,4.432377e-09,1.644307e-08,1.179817e-12,1.108509e-09,2.639565e-12,2.809666e-11,6.887353e-13,4.316103e-13,5.821799e-13,1.883574e-08,1.337545e-12
43.896484,2.933452e-11,5.010860e-10,6.423591e-08,1.018767e-07,3.128098e-12,2.276631e-10,1.390599e-10,3.489632e-10,2.180932e-09,9.089919e-09,9.048105e-11,1.328546e-09,1.518696e-09,1.126873e-09,3.685184e-09,1.937024e-08,1.414954e-12,9.786472e-10,5.410804e-12,5.178770e-11,4.173630e-13,3.220134e-13,1.187418e-12,7.402098e-09,2.211241e-12
43.945312,4.251915e-11,5.566710e-10,2.826388e-08,9.317453e-08,2.542840e-12,3.337789e-10,1.292412e-10,5.090017e-10,2.233472e-09,1.200914e-08,4.102710e-10,1.934140e-09,1.216946e-09,9.101097e-10,4.849454e-09,1.438207e-08,1.644739e-12,6.076940e-10,4.251285e-12,5.047120e-11,4.212417e-13,8.126256e-13,8.614220e-13,1.028513e-08,2.086875e-12
43.994141,5.250787e-11,5.858144e-10,3.877313e-08,8.274406e-08,1.842288e-12,6.954422e-10,1.201014e-10,6.634164e-10,2.124044e-09,1.536838e-08,3.860173e-10,1.863326e-09,1.229272e-09,1.069733e-09,6.486374e-09,9.161924e-09,5.083713e-13,4.784672e-10,5.411710e-12,8.113781e-11,6.704831e-13,4.939058e-13,4.085886e-13,2.950915e-09,5.816375e-13
44.042969,5.763027e-11,5.639962e-10,6.506144e-08,7.812197e-08,1.656365e-12,1.045954e-09,1.128792e-10,8.738048e-10,1.826493e-09,2.202733e-08,3.190383e-10,2.023110e-09,2.145025e-09,1.097049e-09,4.835319e-09,4.414227e-09,8.749180e-13,1.188517e-09,3.477930e-12,3.084259e-11,1.520724e-12,3.680542e-13,7.991685e-13,1.086258e-08,2.238066e-12
44.091797,5.561730e-11,5.227047e-10,7.869540e-08,8.195427e-08,1.789680e-12,1.239664e-09,1.051359e-10,9.804459e-10,1.376841e-09,2.748376e-08,3.068840e-10,2.251475e-09,1.999237e-09,7.577752e-10,1.264785e-09,3.717524e-09,1.864785e-12,2.398802e-09,9.082539e-12,6.926479e-11,1.498348e-12,1.577549e-13,1.372707e-12,1.362547e-08,1.340285e-12
44.140625,4.862284e-11,4.942158e-10,7.829418e-08,9.004169e-08,1.437914e-12,1.274028e-09,8.700364e-11,9.480146e-10,1.059946e-09,2.697046e-08,6.136650e-10,1.377656e-09,9.634666e-10,4.102000e-10,2.289960e-09,9.750416e-09,7.222000e-13,2.710602e-09,6.366899e-12,1.144760e-10,8.363060e-13,3.937547e-13,9.936497e-13,1.882481e-08,6.331486e-13
44.189453,3.858868e-11,4.743911e-10,6.871493e-08,9.883046e-08,1.122827e-12,1.258056e-09,4.783998e-11,1.071236e-09,1.019688e-09,2.217052e-08,8.849563e-10,1.626077e-10,2.037565e-09,1.308743e-09,1.430700e-09,1.411520e-08,8.312723e-13,2.171819e-09,2.249492e-13,6.455612e-11,7.567686e-13,5.316337e-13,1.662056e-12,2.445603e-08,8.508190e-13
44.238281,3.127002e-11,4.431814e-10,5.685212e-08,1.071138e-07,1.042295e-12,1.233286e-09,1.472026e-11,1.142445e-09,1.056831e-09,1.706480e-08,9.344900e-10,9.808723e-10,2.676531e-09,1.823937e-09,4.525711e-09,1.319374e-08,1.709418e-12,1.327364e-09,3.737749e-12,1.098873e-10,1.009570e-12,3.455700e-13,3.929984e-13,2.377589e-08,1.550825e-12
44.287109,2.766744e-11,4.032625e-10,4.755903e-08,1.130086e-07,1.075621e-12,1.142423e-09,7.268421e-11,9.515938e-10,9.471793e-10,1.107075e-08,1.149363e-09,2.323640e-09,2.951511e-09,1.719590e-09,7.554144e-09,5.973559e-09,1.417608e-12,1.393518e-09,4.871173e-12,6.492063e-11,1.175190e-12,3.597653e-13,9.240086e-13,1.403669e-08,1.734546e-12
44.335938,2.810377e-11,3.614581e-10,4.160606e-08,1.134964e-07,1.372459e-12,9.754449e-10,1.103128e-10,1.017836e-09,5.825991e-10,4.744900e-09,1.665001e-09,3.525916e-09,3.754057e-09,2.627134e-09,8.421694e-09,4.593508e-09,1.693935e-12,1.572127e-09,3.368670e-12,7.018862e-11,7.295156e-13,3.270151e-13,1.182346e-12,2.023308e-08,3.259253e-13
44.384766,2.878196e-11,3.127196e-10,3.922721e-08,1.065282e-07,1.936729e-12,7.868748e-10,1.119142e-10,1.421822e-09,1.202510e-10,5.934534e-09,1.739597e-09,3.785417e-09,4.282070e-09,3.443375e-09,8.996150e-09,5.610286e-09,1.648160e-12,8.681724e-10,4.887653e-12,9.700528e-11,1.463534e-12,5.677226e-13,2.133570e-12,2.297398e-08,1.795588e-12
44.433594,2.869381e-11,2.518929e-10,4.234163e-08,9.251568e-08,2.185241e-12,6.196309e-10,8.662599e-11,1.544719e-09,3.453036e-10,9.524036e-09,1.059308e-09,3.231959e-09,3.534766e-09,3.872424e-09,8.683327e-09,3.076202e-09,2.650306e-12,7.819235e-10,6.785883e-12,6.950378e-11,1.073845e-12,2.339944e-13,1.241090e-12,2.559123e-08,1.515932e-12
44.482422,2.653643e-11,2.025808e-10,4.934898e-08,7.418483e-08,2.675034e-12,4.714092e-10,7.047532e-11,1.148214e-09,7.882365e-10,1.295720e-08,7.402223e-11,2.194741e-09,1.843040e-09,4.031122e-09,7.328719e-09,6.887921e-09,3.710895e-12,7.462704e-10,3.950894e-12,7.336774e-11,1.183721e-12,7.347737e-13,1.024804e-12,1.951247e-08,2.996500e-12
44.531250,2.393706e-11,2.003248e-10,5.482510e-08,5.635727e-08,3.436852e-12,3.221008e-10,9.279084e-11,6.039300e-10,1.174332e-09,1.438568e-08,6.358470e-10,1.059493e-09,5.326249e-10,3.787193e-09,5.013439e-09,1.014373e-08,1.575983e-12,1.677379e-09,4.581968e-12,4.973690e-11,9.165768e-14,6.523426e-14,1.005104e-12,2.120460e-08,4.973296e-13
44.580078,1.796931e-11,2.229245e-10,5.512164e-08,4.906856e-08,1.678691e-12,1.923907e-10,1.227283e-10,8.963126e-10,1.133646e-09,1.143696e-08,8.738449e-10,1.145062e-09,1.893710e-10,3.338167e-09,2.799403e-09,8.954561e-09,1.540607e-12,1.829006e-09,4.420197e-12,2.946785e-11,1.002610e-12,7.196231e-13,9.092886e-13,2.230893e-08,1.383374e-12
44.628906,1.234092e-11,2.409957e-10,5.148916e-08,6.228609e-08,1.668724e-12,1.784332e-10,1.466636e-10,1.111646e-09,6.546072e-10,7.258558e-09,6.458719e-10,1.018959e-09,1.007816e-09,2.326414e-09,3.354702e-09,8.404909e-09,1.386935e-12,1.895700e-09,4.337898e-12,4.724530e-11,1.545238e-13,1.359383e-12,1.249994e-12,1.753933e-08,1.982558e-12
44.677734,5.409750e-12,2.645596e-10,5.028314e-08,8.619977e-08,1.573320e-12,2.747669e-10,1.662477e-10,8.463722e-10,9.116617e-10,9.166297e-09,2.662851e-10,1.294786e-09,1.595204e-09,2.186245e-09,6.066758e-09,6.383800e-09,1.200713e-12,2.219195e-09,8.754616e-13,7.524663e-11,1.819241e-12,8.311531e-13,6.683058e-13,1.085315e-08,8.253917e-13
44.726562,3.215197e-12,3.067264e-10,5.650766e-08,1.065079e-07,1.830968e-12,3.833352e-10,1.744260e-10,3.949355e-10,1.579672e-09,9.651990e-09,1.314867e-09,2.024993e-09,4.641701e-10,2.130877e-09,7.661137e-09,4.313798e-09,1.910123e-12,1.328817e-09,4.943425e-12,7.164493e-11,1.489595e-12,1.349940e-13,5.019214e-13,9.544993e-09,1.660125e-12
44.775391,8.720810e-12,3.377407e-10,6.586599e-08,1.158807e-07,4.091153e-12,4.689498e-10,1.627899e-10,2.095974e-10,1.723373e-09,3.821769e-09,2.028692e-09,2.111204e-09,1.809555e-09,1.783694e-09,7.987309e-09,5.460177e-09,1.918261e-12,1.711694e-09,5.063672e-12,1.536272e-10,3.312923e-13,6.364144e-13,4.301152e-13,1.071826e-08,4.224647e-13
44.824219,1.450354e-11,3.215295e-10,7.058894e-08,1.142627e-07,3.154116e-12,5.082417e-10,1.380876e-10,6.743616e-10,1.261332e-09,6.717962e-09,2.297000e-09,2.253213e-09,2.644461e-09,2.249502e-09,7.585917e-09,6.689778e-09,9.128414e-13,2.444502e-09,3.431232e-12,9.848496e-11,1.386461e-12,1.602124e-12,8.948507e-13,6.716642e-09,5.618762e-13
44.873047,1.900337e-11,2.503246e-10,6.583335e-08,1.059388e-07,3.128087e-12,4.893297e-10,1.200339e-10,1.066034e-09,6.334213e-10,1.773194e-08,2.622529e-09,2.791420e-09,2.379452e-09,2.165811e-09,5.297040e-09,2.217737e-09,1.605566e-12,2.181219e-09,2.155322e-12,3.305181e-11,1.164479e-12,4.876796e-13,7.028266e-13,1.240900e-08,6.252656e-13
44.921875,1.975410e-11,1.622657e-10,5.042983e-08,9.408809e-08,2.679074e-12,4.296952e-10,1.072450e-10,1.124326e-09,8.684436e-10,2.667720e-08,2.675603e-09,2.903962e-09,1.631707e-09,1.680268e-09,3.941427e-09,3.808605e-09,8.031889e-13,1.868045e-09,3.048646e-12,4.586165e-11,5.769753e-13,5.922172e-13,1.036174e-12,1.545936e-08,6.771798e-13
44.970703,2.234575e-11,1.410392e-10,2.657507e-08,7.955750e-08,3.126614e-12,3.650940e-10,9.129687e-11,1.003841e-09,1.253976e-09,3.136741e-08,2.055533e-09,3.523314e-09,1.155325e-09,1.267015e-09,4.186964e-09,4.752347e-09,1.326753e-12,1.143482e-09,3.598355e-12,5.625296e-11,7.002089e-13,1.607690e-13,2.298496e-13,1.012306e-08,4.790853e-13
45.019531,2.549541e-11,1.758499e-10,1.212656e-08,6.502961e-08,3.967466e-12,3.069675e-10,9.524767e-11,1.089676e-09,1.277418e-09,3.030052e-08,1.519221e-09,4.439913e-09,2.510244e-09,6.725325e-10,3.915165e-09,2.793550e-09,4.579842e-13,1.490908e-10,4.227358e-13,3.185497e-11,6.321354e-13,2.066272e-13,9.114655e-13,2.324109e-08,4.778624e-13
45.068359,2.798132e-11,1.797728e-10,3.837069e-08,5.464897e-08,4.009033e-12,2.334334e-10,1.157746e-10,1.251531e-09,1.112115e-09,2.318455e-08,1.482594e-09,4.351472e-09,3.193057e-09,4.893003e-10,2.215831e-09,4.963534e-09,1.164440e-13,1.376515e-09,3.440274e-12,2.953690e-11,1.233654e-12,4.181602e-13,1.561996e-13,1.666953e-08,4.575748e-13
45.117188,3.004559e-11,1.467017e-10,6.315967e-08,4.785117e-08,4.497550e-12,1.469975e-10,1.203807e-10,1.261629e-09,9.251090e-10,1.292731e-08,1.279037e-09,3.420824e-09,2.190165e-09,1.715787e-09,1.174157e-09,6.734402e-09,4.284892e-13,2.260078e-09,2.940034e-12,7.955702e-11,9.392164e-13,3.553606e-13,1.908692e-12,6.145581e-09,5.782546e-13
45.166016,3.002705e-11,1.307020e-10,7.743253e-08,4.301240e-08,3.585853e-12,1.150934e-10,1.016799e-10,1.162400e-09,6.706235e-10,1.289636e-08,1.274609e-09,2.320311e-09,2.634966e-09,2.258756e-09,3.247625e-09,4.209345e-09,1.283795e-12,1.888627e-09,2.279837e-12,1.055030e-10,8.629732e-13,1.171034e-12,9.544542e-13,1.473186e-08,1.337775e-12
45.214844,2.714774e-11,1.654708e-10,7.738774e-08,4.400544e-08,3.922730e-12,1.583827e-10,8.031227e-11,1.052525e-09,3.647100e-10,1.984920e-08,1.422787e-09,1.527815e-09,3.131570e-09,1.727235e-09,2.872627e-09,2.158435e-09,4.680217e-13,1.179194e-09,2.360740e-12,4.968097e-11,3.606220e-13,1.194551e-12,1.537328e-12,1.064640e-08,8.900442e-13
45.263672,2.165921e-11,2.041496e-10,6.280019e-08,4.961630e-08,2.582017e-12,2.106598e-10,6.541348e-11,9.233921e-10,2.083257e-10,2.049913e-08,1.362359e-09,1.195153e-09,1.855243e-09,7.729901e-10,1.309315e-09,7.808751e-09,4.938360e-13,7.821007e-10,4.170090e-12,3.790666e-11,3.455527e-13,3.137235e-13,1.022975e-12,9.461066e-09,8.531318e-13
45.312500,1.556477e-11,2.218493e-10,3.759497e-08,5.191600e-08,1.978893e-12,2.531580e-10,5.156455e-11,7.506574e-10,2.585458e-10,1.592002e-08,1.097974e-09,9.389946e-10,5.057462e-10,7.820576e-10,8.260210e-10,8.748232e-09,4.141895e-13,8.210757e-10,4.612690e-12,3.139446e-11,4.638982e-13,1.040721e-12,1.116722e-12,1.584548e-08,1.521867e-12
45.361328,7.785638e-12,2.299091e-10,1.338767e-08,4.761904e-08,2.026624e-12,3.241549e-10,4.858859e-11,9.173836e-10,3.240030e-10,1.309066e-08,6.332619e-10,7.280305e-10,1.939071e-09,6.864888e-10,1.995037e-09,6.592924e-09,1.714780e-12,6.906437e-10,3.818827e-12,3.787849e-11,3.642006e-13,6.808217e-13,2.114177e-12,6.043772e-09,4.767029e-13
45.410156,2.634130e-12,2.403188e-10,2.783155e-08,3.797800e-08,1.516380e-12,4.624777e-10,5.058654e-11,1.381666e-09,3.579610e-10,1.382600e-08,6.870544e-10,1.110259e-09,2.366100e-09,2.973997e-10,5.037209e-09,5.205515e-09,1.574682e-12,7.745764e-10,2.728707e-12,9.122115e-12,5.339281e-13,7.294395e-13,1.200748e-12,1.669104e-08,2.486086e-12
45.458984,4.557496e-12,2.435833e-10,4.840846e-08,2.420971e-08,1.186728e-12,6.142064e-10,3.270056e-11,1.580168e-09,3.298645e-10,1.216839e-08,1.151603e-09,1.461919e-09,1.199167e-09,1.811496e-10,6.268899e-09,8.605425e-09,2.566100e-12,1.181086e-09,8.572518e-13,8.208768e-12,1.348042e-12,9.472655e-13,1.164111e-12,1.760858e-08,9.105727e-13
45.507812,9.320601e-12,2.244264e-10,6.081727e-08,1.240688e-08,1.728724e-12,7.020879e-10,2.809727e-11,1.480149e-09,2.168637e-10,4.923236e-09,1.390675e-09,1.399129e-09,1.485899e-09,8.268604e-10,3.484230e-09,5.357204e-09,1.211502e-12,9.808589e-10,2.245641e-12,3.363710e-11,1.247000e-12,3.634133e-13,5.327902e-13,1.520821e-08,1.282990e-13
45.556641,1.406038e-11,1.795874e-10,6.477113e-08,2.088933e-08,1.957833e-12,7.032662e-10,6.510320e-11,1.620410e-09,9.294632e-11,8.301088e-09,1.350454e-09,1.310456e-09,2.345127e-09,1.596927e-09,4.742463e-10,3.630091e-09,6.634507e-13,8.926528e-10,2.571504e-13,4.982488e-11,1.355851e-12,7.101388e-13,5.276419e-13,1.180077e-08,1.527029e-12
45.605469,1.773609e-11,1.189333e-10,6.103090e-08,2.972940e-08,2.516351e-12,6.685072e-10,7.995039e-11,2.089281e-09,2.123371e-10,2.078946e-08,1.083156e-09,8.571135e-10,1.411234e-09,1.617075e-09,3.493173e-09,3.220533e-09,3.176218e-13,9.108045e-10,1.523888e-12,2.345260e-11,1.358504e-12,3.401170e-13,1.462117e-12,1.446913e-08,1.228656e-12
45.654297,2.261281e-11,5.900921e-11,4.967256e-08,2.874688e-08,2.369940e-12,6.590329e-10,6.264148e-11,2.372667e-09,3.753523e-10,2.604744e-08,8.437913e-10,4.000598e-10,3.314828e-10,8.471998e-10,5.679280e-09,2.619647e-09,1.157178e-12,7.171796e-10,2.420536e-12,3.651341e-11,2.051485e-13,1.057278e-12,3.141514e-13,3.659554e-08,2.331857e-12
45.703125,2.596495e-11,3.480346e-11,3.101263e-08,2.758343e-08,2.105530e-12,6.693615e-10,4.884325e-11,2.253130e-09,5.752222e-10,2.082250e-08,7.815816e-10,7.019974e-10,5.112939e-10,3.033205e-10,6.060568e-09,2.283693e-09,1.683428e-12,6.480593e-10,1.646317e-12,8.925027e-11,6.189404e-13,9.714136e-13,8.866785e-13,3.928081e-08,1.137187e-12
45.751953,2.773406e-11,7.233105e-11,7.834053e-09,3.869958e-08,2.068694e-12,6.462942e-10,8.364874e-11,1.808077e-09,7.627740e-10,1.384679e-08,6.475801e-10,1.069242e-09,4.429167e-10,3.538769e-10,6.192140e-09,3.820891e-09,2.131144e-12,5.158505e-10,7.308214e-13,4.323111e-11,3.613921e-13,3.999049e-13,5.340522e-13,2.783290e-08,1.264374e-12
45.800781,2.689135e-11,1.117267e-10,1.931506e-08,5.164571e-08,2.705384e-12,5.463910e-10,1.177887e-10,1.260612e-09,8.208182e-10,1.742857e-08,3.985346e-10,1.163200e-09,8.737030e-10,5.509586e-10,5.390785e-09,6.422851e-09,9.510337e-13,9.044618e-10,2.937961e-12,4.003833e-11,3.425735e-13,9.421929e-13,1.018725e-12,6.448941e-09,1.103663e-13
45.849609,2.378854e-11,1.413403e-10,4.204439e-08,6.001640e-08,2.629620e-12,3.425908e-10,1.350423e-10,1.096482e-09,6.964861e-10,1.951465e-08,2.646829e-10,1.275449e-09,1.895270e-09,1.061918e-09,4.702145e-09,5.482478e-09,1.147448e-12,6.562968e-10,5.014082e-12,1.494565e-11,6.880145e-13,8.429769e-13,5.820194e-13,3.350659e-09,2.076902e-12
45.898438,1.866593e-11,1.568043e-10,6.026995e-08,6.770593e-08,2.775578e-12,3.646727e-11,1.390258e-10,1.495710e-09,4.209831e-10,1.627603e-08,2.411167e-10,1.304604e-09,2.537856e-09,1.590626e-09,3.766252e-09,3.968451e-09,4.497253e-13,8.400292e-10,1.267875e-12,2.781565e-11,7.521974e-13,6.993457e-13,6.246276e-14,1.386026e-08,1.208410e-12
45.947266,1.627657e-11,1.603839e-10,7.374254e-08,7.533298e-08,2.460918e-12,3.178695e-10,1.303828e-10,1.852887e-09,1.064166e-10,1.034947e-08,2.512281e-10,1.457910e-09,2.948579e-09,1.995826e-09,2.811900e-09,3.183105e-09,6.658633e-13,1.016127e-09,6.731913e-13,2.830593e-11,6.407655e-13,1.103114e-12,6.009692e-13,1.523870e-08,1.072914e-12
45.996094,1.860448e-11,1.570436e-10,8.245006e-08,7.543925e-08,1.564873e-12,6.138673e-10,1.057542e-10,1.819989e-09,2.684416e-10,8.622481e-09,4.045926e-10,1.595227e-09,3.114218e-09,2.061750e-09,2.710858e-09,1.381961e-09,1.148392e-12,1.643986e-09,3.224862e-12,1.088609e-11,7.546524e-13,9.600725e-13,1.119978e-12,8.061399e-09,3.876917e-13
46.044922,2.043177e-11,1.597300e-10,8.493263e-08,6.228055e-08,1.587329e-12,7.470690e-10,7.603739e-11,1.356126e-09,4.885061e-10,1.591582e-08,6.262041e-10,1.143090e-09,2.191444e-09,2.053755e-09,2.780191e-09,2.863386e-09,2.156076e-12,2.134431e-09,4.244619e-12,9.334554e-12,1.083617e-12,3.204442e-13,8.196484e-13,1.502919e-08,2.021548e-12
46.093750,2.129273e-11,1.745000e-10,7.928574e-08,3.781766e-08,1.904381e-12,6.894150e-10,6.193513e-11,6.905375e-10,5.698238e-10,2.073576e-08,6.467918e-10,3.189213e-10,1.846566e-09,2.362391e-09,1.591891e-09,3.614771e-09,8.773953e-13,1.974277e-09,3.711406e-12,4.405214e-11,4.972368e-13,1.624553e-13,6.849701e-13,1.665061e-08,5.591559e-13
46.142578,1.910760e-11,1.961390e-10,6.554368e-08,1.124291e-08,2.008307e-12,5.181499e-10,5.628372e-11,3.842736e-10,4.914375e-10,2.663611e-08,3.975142e-10,1.335627e-09,2.507455e-09,2.584202e-09,1.027214e-09,3.330019e-09,4.482107e-13,7.766668e-10,3.407075e-12,4.784223e-11,9.414912e-13,2.421730e-13,8.258094e-13,1.505032e-08,2.011402e-12
46.191406,1.698976e-11,2.176658e-10,4.699223e-08,1.943764e-08,1.992714e-12,3.627954e-10,3.868853e-11,4.285907e-10,3.112806e-10,3.577926e-08,2.231622e-10,2.484711e-09,2.965665e-09,2.234018e-09,3.318262e-09,3.782771e-09,1.220273e-12,7.066565e-10,2.089790e-12,2.065033e-11,9.230319e-13,4.193600e-13,1.091010e-12,7.555272e-09,4.769370e-13
46.240234,1.256705e-11,2.476159e-10,3.045178e-08,3.648235e-08,1.877425e-12,2.888256e-10,2.251198e-11,1.940457e-10,1.827637e-10,4.033789e-08,3.033717e-10,3.644333e-09,4.020198e-09,1.753881e-09,3.746310e-09,1.992481e-09,1.668900e-12,8.255035e-10,2.706902e-12,6.883345e-12,1.323960e-12,4.297333e-13,8.686050e-13,1.245291e-08,1.802981e-12
46.289062,1.011316e-11,2.898347e-10,2.717579e-08,4.615673e-08,1.241294e-12,2.927496e-10,3.371231e-11,2.195645e-10,1.910668e-10,3.833375e-08,3.758527e-10,4.728933e-09,4.731835e-09,9.517886e-10,3.261056e-09,4.097453e-09,2.252841e-12,4.623665e-10,1.579018e-12,4.398876e-11,7.702879e-13,7.056356e-13,8.998595e-13,1.274201e-08,7.053366e-13
46.337891,8.605103e-12,3.322117e-10,3.895495e-08,4.991060e-08,1.242210e-12,3.330859e-10,5.095317e-11,4.696042e-10,2.541413e-10,3.313346e-08,2.935541e-10,4.766504e-09,4.582668e-09,9.765519e-10,4.060512e-09,6.047595e-09,9.007541e-13,1.971144e-10,2.764857e-12,7.679626e-11,1.234395e-12,3.251919e-13,1.559813e-12,6.304346e-09,1.356452e-12
46.386719,8.723098e-12,3.513362e-10,5.557477e-08,4.995682e-08,5.059943e-13,3.098361e-10,6.878333e-11,4.498512e-10,2.907987e-10,2.552380e-08,8.082853e-11,3.883730e-09,3.952023e-09,7.059910e-10,4.524484e-09,5.574672e-09,1.135644e-12,2.916525e-10,2.122379e-12,5.378321e-11,3.082998e-13,1.199172e-12,9.703301e-13,6.615929e-09,2.174172e-12
46.435547,7.316281e-12,3.330280e-10,7.132026e-08,4.858676e-08,6.554983e-13,2.249188e-10,8.055525e-11,2.442929e-10,2.540479e-10,1.649093e-08,6.059476e-10,2.780435e-09,3.037488e-09,3.913572e-10,4.038663e-09,4.588379e-09,2.991653e-12,8.284670e-10,1.951279e-12,4.548097e-11,9.317052e-13,1.093630e-12,7.225736e-13,9.886529e-09,5.929756e-13
46.484375,6.163667e-12,2.792665e-10,8.222666e-08,4.889670e-08,1.284187e-12,2.706491e-10,7.813995e-11,4.251688e-11,2.165098e-10,9.548155e-09,1.046589e-09,1.578426e-09,2.903661e-09,1.064200e-10,3.880412e-09,4.873399e-09,4.334538e-13,8.656105e-10,1.171982e-12,3.198601e-11,3.734381e-13,1.511654e-12,4.108951e-13,6.911706e-09,1.465219e-12
46.533203,4.215022e-12,2.102938e-10,8.625180e-08,5.363377e-08,9.605650e-13,3.822044e-10,6.256166e-11,2.395976e-11,3.127287e-10,5.740275e-09,1.276630e-09,9.393876e-10,3.033346e-09,3.545583e-10,3.429378e-09,6.163088e-09,1.013367e-12,1.086165e-09,1.684102e-12,7.922827e-12,9.320932e-13,4.796232e-13,7.421712e-13,1.748127e-08,4.944425e-13
46.582031,3.723825e-12,1.548899e-10,8.525010e-08,6.203495e-08,1.729408e-12,4.092354e-10,4.364078e-11,3.272292e-11,3.832713e-10,5.266793e-09,1.248219e-09,6.391648e-10,2.292036e-09,4.298639e-10,1.075765e-09,5.589479e-09,7.291795e-13,8.513680e-10,4.988260e-12,3.498370e-11,1.613094e-12,8.778228e-13,2.630107e-13,1.562902e-08,1.647573e-12
46.630859,2.675022e-12,1.437258e-10,8.451541e-08,7.046594e-08,9.008519e-13,3.891070e-10,3.069718e-11,9.931353e-11,3.808781e-10,3.491927e-09,9.635494e-10,4.012484e-10,9.484585e-10,3.635290e-10,2.071719e-09,2.351391e-09,1.046060e-12,7.288637e-10,4.733339e-12,5.361303e-11,6.063724e-13,1.514400e-12,4.853054e-13,6.190830e-09,1.009746e-12
46.679688,4.720725e-12,1.713076e-10,8.768810e-08,7.526621e-08,1.150181e-12,3.812812e-10,2.709945e-11,1.352346e-10,4.738648e-10,3.240539e-09,5.600907e-10,8.476969e-10,4.930441e-10,1.311146e-09,3.221458e-09,3.209482e-09,1.164838e-12,7.561628e-10,2.491880e-12,5.950737e-11,3.814661e-13,9.583142e-13,1.749093e-12,1.142100e-08,4.384635e-13
46.728516,7.235658e-12,2.099217e-10,9.216149e-08,7.350443e-08,1.912932e-12,3.501224e-10,2.845273e-11,1.385298e-10,5.440522e-10,1.145701e-08,5.880435e-10,1.643400e-09,1.727125e-09,1.127003e-09,1.491691e-09,7.125167e-09,2.725636e-12,6.333188e-10,1.608610e-12,1.000288e-10,7.591820e-13,9.304701e-13,1.506952e-12,5.049029e-09,1.549102e-12
46.777344,9.557320e-12,2.412893e-10,9.286543e-08,6.336333e-08,8.070990e-13,2.788296e-10,2.453296e-11,4.708575e-11,4.377466e-10,1.807418e-08,1.012386e-09,2.161799e-09,2.175768e-09,7.583787e-10,1.165949e-09,9.185371e-09,5.065223e-13,4.652263e-10,2.121158e-12,8.468488e-11,5.035026e-13,6.073391e-13,6.617527e-13,5.974144e-09,1.561692e-12
46.826172,8.915091e-12,2.555386e-10,8.850117e-08,4.599383e-08,1.411414e-12,2.433781e-10,2.572179e-11,1.990855e-10,6.027056e-10,2.139824e-08,1.195368e-09,2.181010e-09,1.181780e-09,1.731219e-09,1.784972e-09,9.388815e-09,1.885133e-12,4.678190e-10,2.025002e-12,6.611355e-11,8.616121e-13,9.707112e-13,7.073711e-13,1.332447e-08,1.468657e-12
46.875000,7.952718e-12,2.515936e-10,8.334145e-08,2.870840e-08,1.846705e-12,3.113371e-10,6.190524e-11,3.517774e-10,1.111080e-09,2.064656e-08,1.012025e-09,2.133031e-09,7.093490e-10,2.284631e-09,1.779179e-09,8.435963e-09,2.240153e-13,5.157006e-10,9.934569e-13,8.096272e-11,4.683724e-13,8.267067e-13,7.533690e-13,1.202632e-08,8.468530e-13
46.923828,7.645639e-12,2.357175e-10,8.317470e-08,2.627472e-08,9.004254e-13,4.493467e-10,1.106776e-10,2.785269e-10,1.417660e-09,1.746824e-08,1.023237e-09,2.473129e-09,1.448161e-09,1.889455e-09,3.091290e-09,5.435762e-09,2.178700e-13,2.677252e-10,1.925878e-12,7.678557e-11,1.631332e-12,1.003536e-13,4.305774e-13,1.180074e-08,8.154986e-13
46.972656,1.179480e-11,2.161807e-10,8.765601e-08,3.375306e-08,4.251813e-13,5.650739e-10,1.499138e-10,1.227922e-10,1.311428e-09,1.640497e-08,1.439025e-09,2.161044e-09,1.939440e-09,1.134764e-09,3.801826e-09,2.703814e-09,4.424954e-13,4.332032e-10,1.172326e-13,1.522461e-11,3.330999e-13,1.580005e-12,1.695279e-12,9.010630e-09,1.378490e-12
47.021484,1.577314e-11,1.981426e-10,9.042343e-08,3.590549e-08,4.931951e-14,5.559363e-10,1.669865e-10,3.175202e-10,9.497829e-10,1.705408e-08,1.643608e-09,7.861527e-10,2.090051e-09,4.287980e-10,2.525311e-09,2.729860e-09,4.458479e-13,6.695392e-10,4.789737e-13,1.173781e-11,2.141457e-13,6.016145e-13,1.506707e-12,1.190786e-08,1.102135e-12
47.070312,1.684354e-11,1.850888e-10,8.651072e-08,3.102153e-08,8.554611e-13,3.964748e-10,1.646300e-10,3.903470e-10,6.795617e-10,1.781552e-08,1.508526e-09,1.037699e-09,1.398885e-09,4.017535e-10,1.148719e-09,2.524317e-09,7.886192e-13,4.670263e-10,1.056448e-12,1.246768e-11,6.914709e-13,1.126644e-12,1.483521e-13,1.626653e-08,3.700071e-13
47.119141,1.682102e-11,1.799593e-10,7.615926e-08,2.376178e-08,1.940668e-12,1.939426e-10,1.501797e-10,3.593916e-10,6.811659e-10,1.897791e-08,1.116102e-09,1.113569e-09,7.329351e-10,8.212703e-10,1.786014e-09,3.163696e-09,5.204523e-13,3.777845e-10,8.502032e-13,1.382047e-11,1.546969e-12,1.342986e-12,4.421852e-13,2.481506e-09,3.029893e-13
47.167969,1.570776e-11,1.808549e-10,6.443270e-08,1.854662e-08,2.391219e-12,1.799646e-10,1.280732e-10,2.736531e-10,9.736604e-10,1.711818e-08,7.096108e-10,1.503879e-09,5.222413e-10,7.431222e-10,1.698808e-09,2.236301e-09,5.998954e-13,4.772011e-10,1.805439e-12,2.284888e-11,6.379291e-13,1.240848e-12,6.369089e-13,1.751063e-08,4.163768e-13
47.216797,1.331384e-11,1.789424e-10,5.750055e-08,1.406877e-08,2.623202e-12,1.975003e-10,1.044918e-10,1.662324e-10,1.213374e-09,1.072634e-08,9.073300e-10,1.898194e-09,1.258346e-09,9.315999e-10,2.505644e-09,1.413795e-09,4.142163e-13,8.121570e-10,6.716582e-13,3.852829e-11,5.959168e-13,5.503587e-13,2.416504e-13,2.185096e-08,9.862843e-13
47.265625,1.314128e-11,1.658020e-10,5.567724e-08,7.244943e-09,3.152366e-12,1.378916e-10,8.978949e-11,5.750684e-10,1.072968e-09,3.982237e-09,1.144732e-09,1.358450e-09,1.832218e-09,1.282977e-09,3.185018e-09,1.952703e-09,1.662267e-13,2.195756e-10,2.299064e-12,3.509742e-11,7.740845e-13,5.926124e-13,1.161819e-12,7.559008e-09,1.058689e-12
47.314453,1.557714e-11,1.365680e-10,5.307182e-08,8.340735e-09,4.329230e-12,2.224675e-10,8.607353e-11,9.210130e-10,6.350639e-10,6.451644e-09,1.146048e-09,1.454942e-09,1.581460e-09,1.476882e-09,1.345072e-09,3.919239e-09,6.585866e-13,7.589273e-10,1.148760e-12,3.457760e-11,7.688592e-13,5.380403e-13,2.534557e-12,2.444138e-09,2.271622e-13
47.363281,1.727214e-11,8.905526e-11,4.536084e-08,2.066794e-08,3.978317e-12,3.700920e-10,7.800925e-11,9.290757e-10,2.323758e-10,1.042464e-08,1.280939e-09,1.522367e-09,2.135557e-09,1.289557e-09,3.371127e-09,3.927143e-09,2.009947e-12,1.354804e-09,2.208739e-12,2.946668e-11,7.704181e-13,5.579427e-13,1.974838e-12,1.240634e-09,1.255234e-12
47.412109,1.843513e-11,3.213623e-11,3.318322e-08,3.237754e-08,3.474064e-12,4.391462e-10,5.911630e-11,6.892602e-10,8.204789e-11,1.242405e-08,1.498972e-09,2.323560e-09,2.614138e-09,8.042862e-10,4.356832e-09,3.710780e-09,2.891408e-12,6.453877e-10,2.840208e-12,3.677523e-12,7.263516e-13,7.460706e-13,1.164172e-12,1.467450e-08,8.854001e-13
47.460938,1.780233e-11,5.785737e-11,2.184208e-08,4.018615e-08,4.564122e-12,3.985197e-10,3.507178e-11,6.100082e-10,2.072655e-10,1.257631e-08,1.644355e-09,2.565393e-09,2.455248e-09,9.024217e-10,4.280254e-09,4.182043e-09,2.909327e-12,7.653257e-10,3.177691e-12,9.777597e-12,1.278837e-12,2.976342e-13,3.230072e-13,1.883106e-08,7.414412e-13
47.509766,1.466080e-11,1.252195e-10,1.985483e-08,4.257113e-08,5.056554e-12,2.568909e-10,1.494229e-11,7.333621e-10,2.876580e-10,1.173179e-08,1.726265e-09,1.978055e-09,2.013226e-09,1.041405e-09,4.948293e-09,5.767163e-09,1.035128e-12,9.464208e-10,3.324571e-12,3.062722e-11,1.184989e-12,1.150937e-12,3.063586e-13,1.280964e-08,1.378582e-12
47.558594,1.010479e-11,1.755806e-10,2.673660e-08,3.944664e-08,4.647447e-12,8.718838e-11,1.175645e-11,7.263157e-10,2.830352e-10,1.011966e-08,1.634254e-09,2.004548e-09,1.599187e-09,1.128555e-09,4.968535e-09,6.205618e-09,7.380260e-13,3.684654e-10,2.805848e-12,4.957858e-11,9.503442e-13,5.326114e-13,1.065014e-12,1.370755e-08,3.004820e-13
47.607422,5.464570e-12,1.989606e-10,3.703478e-08,3.192116e-08,4.726854e-12,1.894359e-10,2.031151e-11,5.876539e-10,3.047382e-10,7.456764e-09,1.556955e-09,1.957939e-09,9.920613e-10,1.403552e-09,3.627229e-09,6.049222e-09,1.791509e-12,3.810181e-10,8.136194e-13,5.381694e-11,4.227303e-14,3.606560e-13,4.392674e-13,7.510220e-09,7.733514e-13
47.656250,3.642581e-12,1.918214e-10,5.034801e-08,2.152253e-08,3.969374e-12,2.958353e-10,3.293335e-11,5.187807e-10,3.092161e-10,5.043993e-09,1.723976e-09,1.370768e-09,4.070735e-10,1.285500e-09,2.111529e-09,6.936829e-09,1.198802e-12,2.212751e-10,9.738872e-13,3.855295e-11,3.114008e-13,5.749238e-13,5.888924e-13,6.873003e-09,1.010214e-12
47.705078,4.650894e-12,1.668677e-10,6.513015e-08,9.284772e-09,3.762883e-12,2.760618e-10,4.126265e-11,5.248813e-10,3.711949e-10,5.886111e-09,1.705213e-09,8.308410e-10,3.503362e-10,1.250359e-09,3.713475e-09,5.236741e-09,1.488657e-12,1.396769e-10,1.808173e-12,7.277929e-11,3.573711e-13,7.902212e-14,1.272480e-12,9.074768e-09,1.877175e-12
47.753906,5.948155e-12,1.405721e-10,7.769671e-08,4.444825e-09,4.490410e-12,1.578082e-10,3.601571e-11,4.345792e-10,6.441647e-10,9.777984e-09,1.262906e-09,1.063720e-09,1.164785e-10,7.685599e-10,4.409072e-09,5.191168e-09,1.446075e-12,4.158572e-10,2.604939e-12,7.166050e-11,9.167944e-13,3.314901e-13,2.568235e-13,9.222395e-09,3.540136e-13
47.802734,9.605246e-12,1.306404e-10,8.523512e-08,1.733271e-08,3.669337e-12,1.694329e-10,1.520859e-11,2.534176e-10,8.507958e-10,1.285433e-08,7.733439e-10,1.491524e-09,8.454887e-11,4.791340e-10,3.771989e-09,6.895020e-09,1.287014e-12,7.732457e-10,1.888281e-12,5.482855e-11,1.679890e-12,7.386286e-13,1.008114e-12,1.578040e-08,1.287615e-12
47.851562,1.307118e-11,1.400517e-10,8.812383e-08,2.695256e-08,5.082441e-12,3.480724e-10,1.889999e-11,2.679295e-10,7.870796e-10,1.224545e-08,8.765144e-10,1.876011e-09,6.417097e-11,6.875124e-10,2.481850e-09,6.376481e-09,5.705658e-13,6.740949e-10,2.720407e-12,1.319478e-11,6.911211e-13,4.626885e-13,7.493354e-13,1.273678e-08,1.251262e-12
47.900391,1.511044e-11,1.600546e-10,8.977961e-08,3.113175e-08,5.052136e-12,4.753827e-10,3.545026e-11,4.996795e-10,7.353774e-10,9.843673e-09,1.065022e-09,2.285286e-09,4.098180e-10,7.415055e-10,1.953023e-09,7.839763e-09,5.411506e-13,1.591617e-10,5.041142e-13,3.604153e-11,6.284447e-13,2.602590e-13,3.057493e-13,1.290346e-08,7.406376e-13
47.949219,1.665412e-11,1.852188e-10,9.334123e-08,3.150647e-08,4.945542e-12,4.872269e-10,3.373263e-11,6.736056e-10,9.696432e-10,1.025706e-08,9.027427e-10,2.118765e-09,1.011586e-09,8.845061e-10,2.099645e-09,8.702177e-09,3.904967e-13,5.220162e-10,1.460249e-12,3.334324e-11,6.583169e-13,5.290986e-13,8.054443e-13,1.051997e-08,8.820408e-13
47.998047,1.472904e-11,2.101454e-10,9.808829e-08,3.317584e-08,4.362501e-12,3.801272e-10,2.193421e-11,7.158219e-10,1.073399e-09,1.110676e-08,5.191238e-10,1.328007e-09,1.294156e-09,8.126302e-10,2.324164e-09,9.308898e-09,2.166081e-12,5.971409e-10,1.241482e-12,3.995587e-11,3.379226e-13,3.239635e-13,1.209193e-12,1.201324e-08,6.028973e-13
48.046875,1.046367e-11,2.268252e-10,1.004296e-07,3.758485e-08,4.147780e-12,2.150722e-10,2.174575e-11,6.541460e-10,1.039479e-09,1.095437e-08,1.078517e-10,5.908148e-10,1.794133e-09,5.513725e-10,2.131344e-09,8.114764e-09,8.820942e-13,7.051202e-10,3.994108e-13,4.004857e-11,1.674135e-12,6.783585e-13,1.466601e-12,5.011571e-09,2.080148e-12
48.095703,3.766523e-12,2.319521e-10,9.747495e-08,4.044886e-08,4.689328e-12,1.570675e-10,2.254969e-11,4.868769e-10,1.109136e-09,1.071268e-08,3.439969e-10,5.031821e-10,2.096226e-09,9.864135e-10,9.663073e-10,3.369523e-09,1.441418e-12,6.608069e-10,2.241438e-12,1.669111e-11,1.316877e-12,2.860290e-13,2.805088e-13,3.822041e-09,5.857852e-13
48.144531,2.666152e-12,2.226814e-10,8.872766e-08,3.888397e-08,4.548255e-12,2.387098e-10,1.675512e-11,1.531754e-10,1.092370e-09,8.811506e-09,6.990782e-10,1.647897e-09,1.590607e-09,1.126462e-09,1.164783e-09,2.497504e-09,1.262895e-12,5.306953e-10,1.116533e-12,1.216116e-11,8.672914e-13,3.250589e-13,7.352511e-13,8.655031e-09,1.151285e-12
48.193359,9.063660e-12,2.028921e-10,7.575880e-08,3.345873e-08,4.662259e-12,2.837247e-10,2.186729e-11,3.459345e-10,8.603207e-10,5.437609e-09,7.141558e-10,1.810032e-09,1.045195e-09,1.312312e-09,3.142362e-09,4.228318e-09,1.972848e-12,3.963805e-10,1.786449e-12,1.561214e-11,4.332094e-13,4.822669e-13,2.212583e-13,3.680503e-09,2.389979e-12
48.242188,1.214957e-11,1.766827e-10,6.134735e-08,2.526143e-08,3.605704e-12,2.798062e-10,2.698045e-11,7.427379e-10,5.866287e-10,2.564355e-09,4.523157e-10,1.271750e-09,1.203986e-09,1.563389e-09,4.100305e-09,1.438884e-09,3.339016e-13,1.596217e-10,1.070971e-12,2.594249e-11,2.903853e-13,5.987478e-13,1.715663e-12,9.505302e-09,1.599285e-12
48.291016,1.556378e-11,1.574629e-10,4.846175e-08,1.440469e-08,3.357009e-12,2.410251e-10,2.101278e-11,8.385017e-10,3.564604e-10,3.635940e-10,3.662674e-10,1.190738e-09,1.604205e-09,1.341327e-09,3.849180e-09,1.826943e-09,1.183017e-12,5.022130e-10,1.463946e-12,3.312453e-11,3.616848e-13,1.186939e-12,5.683215e-13,7.732248e-10,1.656571e-12
48.339844,1.734970e-11,1.600418e-10,3.844063e-08,9.435656e-09,3.189314e-12,1.842433e-10,1.784190e-11,6.069762e-10,1.146179e-10,2.662289e-09,4.751093e-10,6.758978e-10,1.558806e-09,1.173791e-09,1.925806e-09,3.451464e-09,3.133541e-13,6.461231e-10,1.758652e-12,4.473849e-12,5.773346e-13,2.623110e-13,7.266326e-13,9.109970e-10,7.335198e-13
48.388672,1.855107e-11,1.802905e-10,2.949220e-08,2.248446e-08,1.877837e-12,1.407898e-10,3.409030e-11,3.122955e-10,1.833429e-10,3.504126e-09,5.398075e-10,3.766483e-10,1.326364e-09,1.253063e-09,1.436031e-09,4.292529e-09,2.179313e-12,2.640222e-10,8.390736e-13,3.362916e-11,9.455675e-13,4.495605e-13,8.365593e-13,9.776961e-09,1.212649e-12
48.437500,1.724398e-11,1.996314e-10,1.872956e-08,3.434080e-08,1.428440e-12,1.204366e-10,5.267519e-11,3.153450e-10,2.523592e-10,2.394720e-09,6.137872e-10,9.205627e-10,1.040336e-09,1.750634e-09,1.876529e-09,2.712714e-09,1.983787e-12,2.393494e-10,2.241995e-13,4.556312e-11,1.013764e-12,8.091653e-13,7.439725e-13,9.861617e-09,2.150310e-12
48.486328,1.790197e-11,2.041053e-10,5.825518e-09,3.787838e-08,1.480773e-12,1.242411e-10,6.687550e-11,3.801934e-10,1.617307e-10,2.652678e-10,7.865758e-10,1.087668e-09,6.754692e-11,2.001189e-09,1.168297e-09,4.106533e-09,6.703260e-13,4.094084e-10,4.414720e-13,3.849653e-11,8.642432e-13,4.553287e-13,7.027349e-13,6.095620e-09,3.399930e-13
48.535156,1.707080e-11,1.906614e-10,7.820826e-09,3.123637e-08,1.125692e-12,1.949026e-10,7.514499e-11,4.629572e-10,2.287883e-10,3.413429e-09,1.125858e-09,9.237887e-10,9.454257e-10,1.868478e-09,2.082263e-09,3.166272e-09,9.451486e-13,6.966436e-10,2.178272e-12,3.432517e-11,5.300850e-13,5.869933e-13,1.065327e-12,1.437137e-08,1.821678e-12
48.583984,1.688222e-11,1.648898e-10,1.694185e-08,1.681719e-08,2.251423e-12,2.787681e-10,7.865084e-11,5.175569e-10,3.885107e-10,8.129999e-09,1.410945e-09,7.617766e-10,1.245628e-09,1.316634e-09,1.821981e-09,4.265929e-09,4.225704e-13,5.502534e-10,2.701125e-12,1.175005e-11,6.287495e-13,3.191006e-13,1.186696e-12,1.931560e-08,1.251375e-12
48.632812,1.645533e-11,1.349815e-10,1.988431e-08,3.986327e-09,1.635634e-12,3.174859e-10,7.651100e-11,4.534517e-10,3.944100e-10,1.212346e-08,1.379895e-09,1.018588e-09,9.604753e-10,1.107809e-09,2.401823e-09,3.514952e-09,1.312975e-12,3.636020e-10,1.646818e-12,5.201361e-12,1.247536e-12,2.857030e-13,5.348531e-13,1.281450e-08,4.577618e-13
48.681641,1.710385e-11,1.072927e-10,1.645318e-08,1.531689e-08,1.908892e-12,3.089259e-10,6.952409e-11,3.143495e-10,2.427957e-10,1.373571e-08,1.132277e-09,1.401514e-09,3.820565e-10,1.318910e-09,2.142961e-09,2.599630e-09,1.723857e-12,3.025698e-10,1.159867e-12,1.844046e-11,5.975363e-13,6.191166e-13,6.023853e-13,8.419800e-09,4.575974e-13
48.730469,1.551337e-11,9.050217e-11,8.589201e-09,2.189171e-08,2.366008e-12,2.656143e-10,5.525859e-11,2.509473e-10,6.342352e-11,1.340985e-08,9.167632e-10,1.483104e-09,7.397032e-11,1.215439e-09,1.557350e-09,2.527154e-09,2.549116e-12,1.678814e-10,5.582313e-13,3.039768e-11,1.342980e-13,1.024556e-12,5.342727e-13,6.830133e-09,1.132362e-12
