979,25,17,12.317000,8.00,2,2,2
freq,site_01,site_02,site_03,site_04,site_05,site_06,site_07,site_08,site_09,site_10,site_11,site_12,site_13,site_14,site_15,site_16,site_17,site_18,site_19,site_20,site_21,site_22,site_23,site_24,site_25
0.000000,5.769008e-08,1.064524e-07,2.856514e-08,1.195998e-07,1.017039e-07,9.285903e-09,6.308557e-08,3.421806e-08,6.268472e-08,2.928967e-08,4.822501e-08,2.888876e-08,3.473799e-08,9.096204e-08,1.919877e-07,4.496835e-09,9.544667e-08,1.892586e-08,3.515526e-08,6.368388e-08,1.424632e-08,1.103665e-08,3.590591e-08,7.162764e-08,1.057369e-09
0.048828,9.662431e-08,7.327159e-08,7.435387e-08,5.737111e-08,9.679794e-08,4.807761e-08,6.012828e-08,2.228325e-08,3.111444e-08,2.404755e-08,3.294001e-08,8.501387e-09,1.930973e-08,1.818402e-08,2.298194e-08,9.621661e-09,6.787995e-09,7.673683e-09,1.389860e-08,3.917704e-10,8.958672e-09,1.336130e-08,9.686668e-09,1.284239e-09,3.338255e-08
0.097656,3.228129e-07,1.689817e-07,1.355414e-07,1.077494e-07,1.908092e-07,1.749162e-07,1.491144e-07,7.270761e-08,4.524092e-08,4.838765e-08,7.894871e-08,1.878600e-08,2.997932e-08,8.326391e-08,3.507520e-08,1.994122e-08,1.715703e-08,2.304859e-08,2.465480e-08,1.077047e-08,2.048165e-08,2.339716e-08,1.282136e-08,7.951139e-09,4.440300e-08
0.146484,6.282302e-07,2.661844e-07,1.783400e-07,1.260027e-07,2.964344e-07,3.519779e-07,2.769333e-07,8.934162e-08,7.693004e-08,1.448781e-07,9.850218e-08,1.209535e-07,8.602203e-08,1.619632e-07,8.850386e-08,1.985372e-08,3.439758e-08,4.443513e-08,1.667478e-08,4.183266e-08,1.712872e-08,8.749494e-09,2.501244e-08,2.885898e-08,1.707059e-08
0.195312,9.334802e-07,3.448946e-07,1.968811e-07,1.841392e-07,4.422361e-07,5.128852e-07,4.453624e-07,7.216019e-08,1.300950e-07,3.243309e-07,1.367803e-07,1.814236e-07,1.283009e-07,2.021579e-07,1.277305e-07,3.161914e-08,5.948105e-08,5.002190e-08,4.478112e-08,4.745949e-08,6.698767e-08,3.278127e-08,3.879814e-08,4.580040e-08,8.342355e-08
0.244141,1.210653e-06,3.802753e-07,1.971575e-07,3.767770e-07,6.158537e-07,6.354641e-07,6.193119e-07,2.657526e-07,1.881453e-07,4.724641e-07,2.043782e-07,8.426219e-08,1.648750e-07,2.341693e-07,9.339824e-08,6.338394e-08,1.014429e-07,9.268739e-08,1.134296e-07,5.586949e-08,6.121083e-08,3.352336e-08,2.141840e-08,5.516114e-08,5.375671e-08
0.292969,1.493268e-06,3.644523e-07,1.901006e-07,6.421135e-07,7.841368e-07,8.263365e-07,7.612280e-07,4.325465e-07,2.740718e-07,5.065123e-07,2.639710e-07,3.336946e-07,2.763812e-07,1.888190e-07,2.010645e-07,9.369008e-08,1.023517e-07,1.635884e-07,1.657727e-07,7.645389e-08,8.206065e-08,2.924223e-08,1.627349e-08,1.436939e-07,1.966904e-07
0.341797,1.669691e-06,3.245469e-07,1.744327e-07,8.618493e-07,9.028913e-07,1.105680e-06,8.526600e-07,4.316365e-07,3.440211e-07,4.529511e-07,3.099135e-07,4.404744e-07,4.657912e-07,2.933767e-07,2.229551e-07,1.204753e-07,1.614410e-07,2.456723e-07,6.780135e-08,1.571325e-07,7.633649e-08,5.254624e-08,5.909455e-08,1.662563e-07,2.075627e-07
0.390625,1.625276e-06,4.036291e-07,1.430948e-07,9.852993e-07,9.555938e-07,1.320325e-06,9.614103e-07,4.474463e-07,3.278222e-07,4.192413e-07,3.445942e-07,5.097635e-07,5.289241e-07,3.000927e-07,1.058710e-07,1.414141e-07,1.768770e-07,2.215439e-07,1.267066e-07,1.087987e-07,5.555620e-08,1.023603e-07,3.543362e-08,1.282416e-07,1.692486e-07
0.439453,1.373612e-06,6.563229e-07,1.452107e-07,1.062044e-06,9.305960e-07,1.271521e-06,1.104600e-06,6.288355e-07,2.153718e-07,4.746771e-07,3.470788e-07,5.864216e-07,3.736033e-07,2.487726e-07,6.259431e-08,1.157866e-07,6.520595e-08,1.663272e-07,9.799800e-08,1.329329e-07,6.786815e-08,9.377775e-08,9.969475e-08,9.097468e-08,6.929347e-08
0.488281,1.446063e-06,9.653423e-07,2.516113e-07,1.209130e-06,8.689865e-07,9.433742e-07,1.236917e-06,7.184511e-07,2.154723e-07,5.069724e-07,3.406834e-07,7.880548e-07,3.386943e-07,3.795468e-07,1.619967e-07,7.296146e-08,6.575924e-08,1.985072e-07,1.503643e-07,2.248178e-08,3.531279e-08,1.070604e-07,1.400814e-07,2.373589e-07,2.376587e-07
0.537109,2.132134e-06,1.211476e-06,3.967985e-07,1.393168e-06,8.885920e-07,5.809057e-07,1.369961e-06,6.955456e-07,3.845427e-07,3.574956e-07,4.178323e-07,9.802368e-07,4.035223e-07,4.611556e-07,3.025460e-07,9.643319e-08,1.839682e-07,2.136530e-07,1.249183e-07,1.037187e-07,9.743024e-08,1.751335e-07,8.456006e-08,2.128753e-07,8.990283e-08
0.585938,2.821331e-06,1.297779e-06,5.179713e-07,1.449827e-06,1.050345e-06,3.979329e-07,1.547311e-06,8.439571e-07,4.801186e-07,1.080253e-07,5.501043e-07,8.849927e-07,4.195330e-07,4.415107e-07,2.592420e-07,1.336620e-07,1.656478e-07,3.214690e-07,7.102335e-08,2.401818e-08,5.004806e-08,1.102936e-07,4.338539e-08,1.795408e-07,6.196985e-08
0.634766,3.119256e-06,1.255989e-06,5.886238e-07,1.427165e-06,1.251852e-06,2.048442e-07,1.710704e-06,1.144461e-06,4.803810e-07,5.409139e-08,5.787301e-07,7.118565e-07,4.775740e-07,5.259502e-07,3.388461e-07,2.469464e-07,1.489702e-07,4.703563e-07,2.127977e-07,7.053491e-08,7.940697e-08,2.296313e-08,1.002968e-07,2.736074e-07,1.729990e-07
0.683594,3.139989e-06,1.470886e-06,6.104666e-07,1.739588e-06,1.380635e-06,6.998436e-08,1.715563e-06,1.320140e-06,5.148276e-07,3.749454e-07,3.516676e-07,4.911213e-07,4.664374e-07,7.448165e-07,4.353011e-07,1.703296e-07,2.132668e-07,4.267774e-07,1.506229e-07,1.166107e-07,4.763580e-08,9.213644e-08,1.386782e-07,3.800419e-07,1.760369e-07
0.732422,3.379948e-06,2.296960e-06,6.033123e-07,2.510400e-06,1.452942e-06,2.595910e-07,1.498812e-06,1.401025e-06,7.012309e-07,9.117546e-07,3.051477e-07,4.634397e-07,3.345411e-07,9.480908e-07,5.736216e-07,2.918903e-07,2.135451e-07,3.349692e-07,7.271600e-08,1.578864e-07,2.566997e-08,6.206545e-08,6.872685e-08,1.715086e-07,4.954022e-07
0.781250,3.978784e-06,3.473570e-06,6.125464e-07,3.373033e-06,1.595588e-06,4.705090e-07,1.114897e-06,1.525351e-06,9.165942e-07,1.302386e-06,7.357289e-07,4.188763e-07,3.472120e-07,7.280027e-07,7.425017e-07,4.473886e-07,1.744981e-07,3.878028e-07,9.565024e-08,5.826558e-08,3.383354e-08,1.451097e-07,5.159886e-08,1.396902e-07,3.994085e-07
0.830078,4.574333e-06,4.629297e-06,7.048013e-07,4.027750e-06,1.891010e-06,8.225042e-07,7.373686e-07,1.500584e-06,1.169179e-06,1.392297e-06,8.914368e-07,6.107979e-07,5.888025e-07,4.695148e-07,7.019345e-07,4.942163e-07,2.582758e-07,4.220338e-07,2.083221e-07,2.169952e-07,2.242920e-07,3.182510e-07,1.301129e-07,2.768523e-07,2.515307e-07
0.878906,4.916657e-06,5.482795e-06,8.660651e-07,4.341474e-06,2.259486e-06,9.652614e-07,7.603437e-07,1.198693e-06,1.432139e-06,1.409879e-06,6.927272e-07,9.702437e-07,6.531612e-07,6.622133e-07,7.153326e-07,2.909207e-07,3.395830e-07,1.744145e-07,2.031897e-07,2.173409e-07,4.553805e-07,3.630577e-07,9.356140e-08,5.819623e-08,3.803451e-07
0.927734,5.039691e-06,5.861885e-06,9.753339e-07,4.307648e-06,2.557385e-06,6.896799e-07,1.235684e-06,8.467242e-07,1.393807e-06,1.481326e-06,4.364703e-07,1.076282e-06,4.981190e-07,7.189039e-07,1.104175e-06,3.363908e-08,2.798672e-07,3.401870e-07,3.365586e-07,2.094409e-07,4.571868e-07,8.340350e-08,4.470376e-08,3.760216e-07,3.114171e-07
0.976562,5.058830e-06,5.807374e-06,9.164236e-07,4.069704e-06,2.692301e-06,6.092891e-07,1.825297e-06,5.301049e-07,1.114448e-06,1.421091e-06,7.390175e-07,9.570485e-07,3.553946e-07,7.191955e-07,1.562894e-06,1.002671e-07,5.622213e-07,3.664693e-07,4.580306e-07,2.646167e-07,1.088612e-07,1.006219e-07,1.434878e-07,7.818020e-07,3.598289e-08
1.025391,5.003325e-06,5.665484e-06,6.872773e-07,3.951193e-06,2.720861e-06,1.076388e-06,2.572652e-06,6.043904e-07,1.186475e-06,1.241358e-06,1.265887e-06,9.597503e-07,4.636411e-07,7.079612e-07,1.831859e-06,2.612227e-07,5.234270e-07,1.736572e-07,3.147522e-07,5.327857e-07,2.873324e-07,2.317511e-07,2.173938e-07,5.900217e-07,2.811356e-07
1.074219,4.497455e-06,5.481334e-06,4.479582e-07,3.902647e-06,2.550805e-06,1.106480e-06,3.291465e-06,1.040749e-06,1.246020e-06,8.917934e-07,1.463445e-06,1.147943e-06,3.606798e-07,6.426649e-07,1.625304e-06,2.364817e-07,1.394478e-07,2.778152e-07,8.832297e-08,4.516007e-07,5.303368e-07,5.237854e-07,1.176069e-07,3.472608e-07,4.545399e-07
1.123047,3.658037e-06,5.528469e-06,6.199909e-07,4.070446e-06,2.397150e-06,6.874834e-07,3.764586e-06,1.109861e-06,1.191202e-06,5.380424e-07,1.216524e-06,1.560843e-06,5.462407e-07,1.153877e-06,1.376462e-06,2.585159e-07,1.546303e-07,2.037086e-07,1.505602e-07,8.202926e-07,4.751150e-07,3.646079e-07,5.361922e-08,2.467571e-07,6.438956e-07
1.171875,2.659779e-06,5.676006e-06,8.991566e-07,4.387199e-06,2.410479e-06,9.905609e-07,3.609034e-06,1.246612e-06,1.398897e-06,3.288975e-07,6.862342e-07,1.898642e-06,1.120313e-06,1.671500e-06,1.312007e-06,2.365140e-07,2.255163e-07,1.664826e-07,1.917398e-07,1.158328e-06,4.414850e-07,1.884398e-07,1.418662e-07,4.619870e-07,9.314258e-07
1.220703,1.621741e-06,5.670361e-06,1.001925e-06,4.736230e-06,2.622442e-06,1.852080e-06,2.741302e-06,1.750064e-06,1.459012e-06,1.079018e-07,1.517692e-07,1.950835e-06,1.414455e-06,1.827976e-06,1.294008e-06,2.691480e-07,4.505659e-07,1.623270e-07,2.704404e-07,1.094801e-06,3.771282e-07,2.731719e-07,1.339116e-07,7.712896e-07,6.855082e-07
1.269531,5.009371e-07,5.340624e-06,9.106008e-07,4.949427e-06,2.916763e-06,2.557292e-06,1.781129e-06,1.874661e-06,1.204261e-06,3.549680e-07,3.557855e-07,1.871865e-06,1.135031e-06,1.085542e-06,1.010692e-06,3.745398e-07,6.819780e-07,2.098176e-07,3.301130e-07,1.091520e-06,7.161288e-08,2.078542e-07,3.451521e-07,1.348369e-07,7.756035e-07
1.318359,8.268317e-07,4.632890e-06,7.302570e-07,4.804647e-06,3.131288e-06,3.025988e-06,2.063052e-06,1.577832e-06,1.025206e-06,8.624480e-07,7.943479e-07,1.424590e-06,7.437137e-07,8.657316e-07,4.976064e-07,5.365520e-07,6.175554e-07,3.885765e-07,5.267251e-07,1.356821e-06,4.790179e-08,5.690096e-07,3.416773e-07,6.250860e-07,6.710609e-07
1.367188,2.063797e-06,3.586302e-06,6.063588e-07,4.128038e-06,3.163522e-06,3.279568e-06,2.866538e-06,1.338416e-06,8.712149e-07,1.192686e-06,9.739611e-07,7.484716e-07,5.818336e-07,1.285523e-06,3.007305e-07,3.884592e-07,3.829891e-07,5.277684e-07,3.197392e-07,6.091962e-07,3.536544e-07,2.700932e-07,3.171645e-07,2.034114e-07,1.731845e-07
1.416016,2.966367e-06,2.384086e-06,6.239380e-07,3.016636e-06,3.039109e-06,3.351073e-06,3.096467e-06,1.292932e-06,4.802879e-07,1.279211e-06,8.292558e-07,6.051868e-07,5.553883e-07,1.158719e-06,8.812915e-07,1.479354e-07,3.120844e-07,9.103842e-08,3.160361e-07,7.943600e-07,5.148070e-08,2.117437e-07,1.108883e-07,2.567256e-07,5.240279e-07
1.464844,3.297308e-06,1.640228e-06,7.314518e-07,2.183550e-06,2.876558e-06,3.247447e-06,2.730517e-06,1.832521e-06,1.677191e-07,1.170487e-06,4.811533e-07,1.215299e-06,6.650716e-07,1.826539e-06,1.222319e-06,5.592498e-07,3.647373e-07,5.509427e-07,2.811894e-07,3.140675e-07,1.070653e-07,5.021200e-07,3.874582e-07,1.096829e-06,5.588803e-07
1.513672,3.060477e-06,2.114841e-06,8.009696e-07,2.719367e-06,2.739282e-06,2.922943e-06,2.424267e-06,2.839962e-06,6.398326e-07,9.584670e-07,1.655508e-07,2.384493e-06,6.584925e-07,1.903023e-06,8.114580e-07,7.522922e-07,7.346084e-07,9.708470e-07,1.513330e-07,4.604066e-07,2.537759e-07,7.206165e-07,3.220689e-07,9.699942e-07,8.108764e-07
1.562500,2.514625e-06,2.790625e-06,7.139056e-07,3.871675e-06,2.504086e-06,2.324641e-06,2.539456e-06,3.495289e-06,8.967077e-07,1.199826e-06,3.523147e-07,3.027459e-06,5.837741e-07,2.312465e-06,7.440013e-07,6.271647e-07,4.687062e-07,1.280013e-06,3.941609e-07,3.986481e-07,2.132669e-07,2.114995e-07,1.949922e-07,8.265520e-07,3.811853e-07
1.611328,2.026402e-06,2.807973e-06,4.649617e-07,4.815358e-06,1.980953e-06,1.601790e-06,2.601488e-06,3.325084e-06,8.429736e-07,2.187895e-06,9.575200e-07,2.953230e-06,4.751753e-07,2.105963e-06,1.377372e-06,3.050290e-07,1.336532e-07,1.214423e-06,2.661523e-07,2.629653e-07,8.808602e-08,2.793678e-07,4.406706e-07,6.706835e-07,1.522951e-07
1.660156,1.768683e-06,1.966804e-06,4.691502e-07,5.375049e-06,1.128874e-06,1.571243e-06,2.866385e-06,2.486855e-06,7.314233e-07,3.105794e-06,1.639149e-06,2.924196e-06,3.546329e-07,1.779643e-06,1.412299e-06,6.991235e-07,3.620251e-07,9.512481e-07,9.004095e-08,2.710691e-07,1.969350e-07,5.811487e-07,1.952556e-07,4.099930e-07,3.366123e-07
1.708984,1.604618e-06,7.424696e-07,9.034034e-07,5.463157e-06,2.739142e-07,2.600275e-06,3.732837e-06,1.553324e-06,7.262436e-07,3.275299e-06,1.898578e-06,2.973145e-06,5.333327e-07,1.863411e-06,1.985564e-06,9.694961e-07,6.678642e-07,6.153911e-07,6.149187e-08,4.261892e-07,7.926838e-07,3.963282e-07,2.355923e-07,7.508619e-07,1.385650e-07
1.757812,1.449707e-06,1.874520e-06,1.262998e-06,4.965617e-06,8.960485e-07,3.786727e-06,4.398337e-06,8.068636e-07,8.197605e-07,2.713360e-06,1.675940e-06,2.665307e-06,6.752018e-07,2.520567e-06,2.970892e-06,8.499242e-07,8.731194e-07,7.123789e-07,1.242646e-07,5.666057e-07,5.215823e-07,4.002069e-07,3.414299e-07,1.821987e-06,7.072353e-07
1.806641,1.547247e-06,3.624785e-06,1.402998e-06,3.982804e-06,1.395064e-06,4.569196e-06,4.412709e-06,4.277445e-07,9.356665e-07,2.067323e-06,1.340885e-06,2.321867e-06,3.359688e-07,2.669942e-06,2.972332e-06,5.188978e-07,8.993346e-07,1.044418e-06,3.088243e-07,4.443184e-07,3.812469e-07,7.488685e-07,2.245953e-07,1.404802e-06,1.150218e-06
1.855469,2.224464e-06,4.966489e-06,1.546832e-06,3.186746e-06,1.422175e-06,4.669781e-06,4.205546e-06,5.649053e-07,1.045766e-06,1.703892e-06,1.110682e-06,2.065248e-06,6.686456e-07,2.015379e-06,2.249519e-06,6.856277e-07,1.013677e-06,1.306450e-06,4.818915e-07,6.601556e-07,3.750835e-07,7.022263e-07,2.936626e-07,1.920011e-06,1.057964e-06
1.904297,3.396012e-06,5.730647e-06,2.122918e-06,3.601655e-06,1.129277e-06,4.175005e-06,3.815465e-06,5.711080e-07,1.340184e-06,2.197331e-06,1.038252e-06,1.640802e-06,7.788497e-07,1.458106e-06,1.181290e-06,7.017620e-07,8.292080e-07,8.394419e-07,3.513037e-07,1.720415e-07,5.088961e-07,4.229255e-07,2.646778e-07,1.117389e-06,9.096912e-07
1.953125,4.776034e-06,5.908443e-06,3.058276e-06,4.803612e-06,8.631754e-07,3.562326e-06,2.566736e-06,1.298356e-06,1.619076e-06,3.398812e-06,7.750872e-07,1.242223e-06,5.607721e-07,1.354316e-06,9.222605e-07,5.088919e-07,6.622461e-07,2.732530e-07,5.601492e-07,5.009476e-07,2.219453e-07,1.063223e-07,1.681309e-07,9.757584e-07,8.776065e-07
2.001953,6.060115e-06,5.528994e-06,3.949231e-06,5.706034e-06,8.533778e-07,3.248290e-06,5.940984e-07,1.892505e-06,2.304577e-06,4.009246e-06,6.094699e-08,1.262646e-06,6.538853e-07,1.285213e-06,1.577212e-06,2.642693e-07,3.726160e-07,2.150653e-07,5.565678e-07,2.738905e-07,1.241515e-07,6.854841e-07,2.415024e-07,3.428712e-07,6.254443e-07
2.050781,6.990599e-06,4.627296e-06,4.487132e-06,5.709334e-06,9.512499e-07,3.100852e-06,1.767320e-06,1.715598e-06,3.235195e-06,3.634631e-06,7.465919e-07,1.546143e-06,7.827176e-07,8.471626e-07,1.330827e-06,4.925527e-07,2.473944e-07,1.204348e-06,2.168833e-07,1.173385e-07,1.938906e-07,7.511189e-07,2.755918e-07,7.543431e-07,1.559998e-07
2.099609,7.408194e-06,3.322908e-06,4.565540e-06,4.648363e-06,1.113775e-06,2.859559e-06,2.793468e-06,1.104105e-06,3.393702e-06,2.778410e-06,9.566751e-07,2.004922e-06,5.823256e-07,9.988405e-07,6.573062e-07,5.137171e-07,3.308467e-07,1.221963e-06,8.000750e-08,2.635809e-08,5.090266e-08,2.995640e-07,2.037272e-07,7.876167e-07,9.651172e-07
2.148438,7.246809e-06,1.971024e-06,4.278622e-06,2.755695e-06,1.481346e-06,2.474892e-06,2.907449e-06,8.973873e-07,3.128301e-06,1.960558e-06,5.206202e-07,2.820606e-06,4.477014e-07,1.628116e-06,2.307323e-07,4.816540e-07,8.973740e-08,1.603944e-06,2.054244e-07,3.235997e-07,1.081450e-07,1.376822e-07,1.919021e-07,1.711293e-07,4.598374e-07
2.197266,6.485738e-06,1.772933e-06,3.823241e-06,5.388223e-07,2.068201e-06,1.982932e-06,3.415868e-06,1.593934e-06,3.472525e-06,1.564648e-06,4.119371e-07,3.001664e-06,8.308762e-07,1.655723e-06,6.185081e-07,8.270788e-07,6.229252e-07,1.732542e-06,7.646589e-07,6.001413e-07,4.295969e-07,3.126004e-07,1.821303e-07,1.157921e-06,4.702655e-07
2.246094,5.158683e-06,3.120572e-06,3.327516e-06,1.593407e-06,2.694826e-06,1.545276e-06,4.396594e-06,2.960019e-06,3.404554e-06,1.854422e-06,5.801714e-07,2.213359e-06,6.722636e-07,8.278458e-07,9.596258e-07,1.033043e-06,8.313559e-07,1.089889e-06,7.449150e-07,2.984402e-07,2.169260e-07,1.768916e-07,1.966125e-07,1.423937e-06,5.486147e-07
2.294922,3.573060e-06,4.719183e-06,2.750533e-06,3.396577e-06,3.127407e-06,1.509561e-06,4.728185e-06,4.123821e-06,2.651203e-06,2.034953e-06,2.635308e-07,1.885438e-06,2.651460e-07,7.049685e-07,1.310069e-06,6.552484e-07,3.126022e-07,2.978288e-07,1.740285e-07,3.627936e-07,3.782811e-07,2.137819e-07,2.779476e-07,2.096806e-06,5.599051e-07
2.343750,3.059012e-06,6.138609e-06,1.971607e-06,4.903736e-06,3.219114e-06,1.835150e-06,4.103311e-06,4.319483e-06,2.697874e-06,2.131110e-06,8.956258e-07,9.575420e-07,1.325075e-06,1.290002e-06,1.207012e-06,1.688718e-07,2.527734e-07,3.070460e-07,2.612303e-07,3.921645e-07,6.810807e-07,2.934669e-07,2.972973e-07,9.766665e-07,4.313680e-07
2.392578,4.736776e-06,7.285811e-06,9.412922e-07,5.937156e-06,2.988798e-06,1.883302e-06,3.022243e-06,3.477170e-06,2.926618e-06,2.819263e-06,1.605913e-06,8.654120e-07,1.625590e-06,2.029613e-06,9.344015e-07,2.648117e-07,5.271122e-07,1.125202e-06,1.019904e-06,7.162126e-07,2.901692e-07,3.407288e-07,3.793478e-07,3.735866e-07,1.304824e-06
2.441406,7.086111e-06,8.180408e-06,4.340067e-07,6.111820e-06,2.580794e-06,1.229059e-06,2.134870e-06,2.269525e-06,2.505672e-06,3.389904e-06,1.899530e-06,1.725052e-06,1.340253e-06,2.258363e-06,1.566327e-06,2.208276e-07,6.643542e-07,1.398640e-06,1.221106e-06,4.174402e-07,3.641385e-07,4.384160e-07,1.844587e-07,1.475517e-06,1.090015e-06
2.490234,9.139246e-06,8.762413e-06,1.764654e-06,5.240944e-06,2.145623e-06,1.068095e-06,1.531979e-06,2.043491e-06,2.113784e-06,3.383378e-06,1.913586e-06,1.314628e-06,1.457892e-06,2.160824e-06,2.232076e-06,3.551194e-07,4.668343e-07,1.518024e-06,6.730719e-07,3.539124e-07,7.866248e-07,2.996552e-07,1.645841e-07,1.022671e-06,4.670769e-07
2.539062,1.058185e-05,8.784554e-06,3.181864e-06,3.728095e-06,1.781355e-06,2.458654e-06,1.248385e-06,3.272294e-06,1.787426e-06,3.261526e-06,1.614771e-06,1.264291e-06,1.898059e-06,2.092045e-06,2.960151e-06,5.587384e-07,2.091993e-07,1.205391e-06,3.350886e-07,2.849304e-07,7.355670e-07,4.110084e-07,2.108836e-07,8.539172e-07,6.914962e-07
2.587891,1.137570e-05,7.982258e-06,4.596623e-06,2.520050e-06,1.568020e-06,3.290344e-06,1.730806e-06,4.741128e-06,1.185723e-06,3.096289e-06,8.722378e-07,1.912718e-06,1.759490e-06,1.425088e-06,3.667316e-06,3.821607e-07,7.382643e-07,1.160936e-06,6.217399e-07,2.974329e-07,7.005040e-07,5.276688e-07,5.639945e-07,5.262992e-07,7.017996e-07
2.636719,1.156830e-05,6.374857e-06,5.940099e-06,1.871284e-06,1.514597e-06,3.013265e-06,2.187024e-06,5.788112e-06,6.381950e-07,2.763654e-06,1.840036e-07,2.268436e-06,1.655450e-06,6.386944e-07,3.428383e-06,4.370232e-07,7.163403e-07,8.750099e-07,4.183764e-07,8.156072e-07,5.379661e-07,4.556887e-07,5.279036e-07,2.806506e-07,6.518751e-07
2.685547,1.114390e-05,4.430906e-06,7.016433e-06,6.291163e-07,1.464811e-06,2.026587e-06,2.030728e-06,6.243893e-06,4.609552e-07,2.500867e-06,8.253972e-07,2.237417e-06,1.988494e-06,1.580861e-06,2.049637e-06,8.707501e-07,1.114207e-06,1.372883e-06,7.486881e-08,8.482949e-07,3.335898e-07,3.817680e-07,5.184347e-07,1.198061e-06,1.014483e-07
2.734375,9.998851e-06,2.971089e-06,7.503765e-06,1.680289e-06,1.218622e-06,1.110639e-06,1.639397e-06,6.130114e-06,6.378215e-07,1.884269e-06,1.213684e-06,1.944708e-06,1.575400e-06,2.902572e-06,3.154505e-07,1.012153e-06,6.461301e-07,2.033850e-06,2.565755e-07,3.755832e-07,2.100965e-07,2.316820e-07,1.451693e-07,1.401703e-06,4.771955e-07
2.783203,8.055929e-06,2.456582e-06,7.120884e-06,4.409277e-06,7.119153e-07,1.023249e-06,2.035300e-06,5.534789e-06,1.165563e-06,8.067105e-07,1.370527e-06,1.367101e-06,1.885578e-06,3.150784e-06,1.586784e-06,8.077393e-07,7.374223e-07,1.252145e-06,1.851644e-07,1.821370e-07,5.359746e-07,4.585190e-08,7.098487e-08,1.250434e-06,1.931414e-07
2.832031,5.384640e-06,2.215926e-06,5.929123e-06,6.593029e-06,4.215021e-07,2.102668e-06,2.934445e-06,4.809342e-06,1.765761e-06,1.972278e-06,1.211786e-06,1.398462e-06,1.924868e-06,3.466422e-06,1.649509e-06,9.286321e-07,9.945483e-07,8.862672e-07,2.424682e-07,5.195124e-07,6.594015e-07,1.699924e-08,1.782404e-07,1.352772e-06,6.473274e-07
2.880859,2.413404e-06,1.907905e-06,4.531811e-06,7.742748e-06,9.888518e-07,3.152924e-06,3.458890e-06,4.351152e-06,1.865365e-06,3.760365e-06,8.675739e-07,2.788500e-06,1.668282e-06,3.354637e-06,1.418050e-06,1.348288e-06,1.223627e-06,1.145686e-06,3.483219e-07,7.661381e-07,8.556960e-07,3.414313e-07,3.892445e-07,1.850265e-06,3.436836e-07
2.929688,2.350551e-06,2.036945e-06,3.907026e-06,8.301653e-06,1.425449e-06,3.255274e-06,3.197751e-06,4.093433e-06,1.260543e-06,4.880431e-06,1.012008e-06,3.099169e-06,9.722706e-07,3.429240e-06,1.034168e-06,9.999288e-07,8.458536e-07,1.479704e-06,3.613585e-07,4.639916e-07,5.804831e-07,1.515462e-07,2.299161e-07,8.295558e-07,1.768806e-07
2.978516,5.478767e-06,2.573635e-06,4.042969e-06,9.030984e-06,1.540460e-06,2.246830e-06,2.278303e-06,3.734228e-06,6.418500e-07,4.954131e-06,1.151801e-06,2.585696e-06,6.651377e-07,3.100171e-06,7.588110e-07,3.962709e-07,3.132277e-07,1.821438e-06,2.204444e-07,8.043600e-07,3.764621e-07,6.299569e-07,4.906341e-07,8.724089e-07,5.095997e-07
3.027344,8.542406e-06,3.131757e-06,3.820608e-06,9.732716e-06,1.493348e-06,9.764777e-07,1.406234e-06,3.059623e-06,1.058167e-06,4.281897e-06,1.506217e-06,2.801613e-06,1.653875e-06,2.794828e-06,1.310372e-06,1.061803e-06,2.172223e-07,1.576579e-06,3.014873e-07,8.981412e-07,4.107586e-07,5.202658e-07,4.196223e-07,2.218905e-06,2.952762e-07
3.076172,1.102775e-05,3.844333e-06,2.804050e-06,9.524028e-06,1.383590e-06,1.092415e-06,1.398047e-06,2.037063e-06,1.479694e-06,4.170646e-06,2.383999e-06,2.816314e-06,1.495938e-06,3.760929e-06,1.269682e-06,9.712050e-07,2.810471e-07,1.238302e-06,6.748845e-08,5.060401e-07,5.335032e-07,3.718324e-07,3.221568e-07,1.216382e-06,3.176563e-07
3.125000,1.259336e-05,4.853574e-06,1.977125e-06,8.047700e-06,1.024144e-06,1.278149e-06,1.918987e-06,1.327515e-06,1.745749e-06,5.291410e-06,2.838246e-06,3.175170e-06,7.923428e-07,3.144678e-06,2.131638e-06,6.584351e-07,4.486680e-07,7.227505e-07,1.614051e-07,8.400393e-07,4.860265e-07,4.766708e-07,9.078217e-08,3.923106e-07,6.255326e-07
3.173828,1.294368e-05,5.856235e-06,3.014988e-06,5.881966e-06,4.294580e-07,1.387764e-06,2.386308e-06,1.837183e-06,2.239895e-06,6.325633e-06,2.544338e-06,2.577815e-06,1.433671e-06,1.294834e-06,2.426665e-06,5.880602e-07,6.202311e-07,6.149456e-07,2.577461e-07,1.225446e-06,3.585445e-07,1.825441e-07,6.744932e-09,1.367847e-06,3.415792e-07
3.222656,1.198859e-05,6.449019e-06,4.377146e-06,4.310854e-06,8.141801e-07,1.910488e-06,2.450909e-06,2.299523e-06,3.289397e-06,6.156591e-06,1.974850e-06,1.102664e-06,1.440240e-06,8.237407e-07,2.132765e-06,4.465570e-07,4.397670e-07,4.333477e-07,6.108479e-07,9.520311e-08,3.908604e-07,3.138304e-07,2.827434e-07,1.687254e-06,2.522703e-07
3.271484,1.004703e-05,6.482698e-06,4.968399e-06,4.263137e-06,1.330119e-06,1.878413e-06,2.358323e-06,2.034993e-06,4.389564e-06,4.720424e-06,1.451338e-06,1.179209e-06,6.123166e-07,2.854578e-07,1.790399e-06,2.685316e-07,5.965719e-07,2.781071e-07,1.118734e-06,8.973063e-07,3.134828e-07,1.721875e-07,4.921699e-07,8.874068e-07,2.565247e-07
3.320312,7.932630e-06,6.089876e-06,4.755844e-06,4.944172e-06,1.201965e-06,8.175101e-07,2.790117e-06,1.176647e-06,4.823916e-06,3.355769e-06,7.478471e-07,1.993948e-06,8.469728e-07,2.198385e-06,1.254238e-06,1.540116e-07,6.371153e-07,1.099502e-06,8.943228e-07,8.445593e-07,3.475571e-07,5.159916e-07,5.656637e-07,1.496644e-06,1.196622e-07
3.369141,6.643445e-06,5.516244e-06,4.351984e-06,5.527342e-06,6.499354e-07,8.328498e-07,3.350764e-06,6.972100e-07,4.437586e-06,3.696806e-06,1.266549e-06,2.204073e-06,4.282359e-07,3.328686e-06,8.732557e-07,9.276405e-07,4.010343e-07,2.866297e-07,8.545961e-07,3.280278e-07,3.780948e-07,3.082115e-07,1.885354e-07,1.349444e-06,2.325163e-07
3.417969,6.410174e-06,4.925287e-06,4.617289e-06,5.765524e-06,1.211507e-06,2.101451e-06,3.422886e-06,1.430397e-06,3.732120e-06,4.253422e-06,2.165062e-06,1.985762e-06,1.191479e-06,3.059780e-06,1.676609e-06,8.592594e-07,6.472617e-07,1.495305e-06,6.582616e-07,5.996434e-07,5.489703e-07,3.336951e-07,3.491342e-07,9.143108e-07,3.144420e-07
3.466797,6.699087e-06,4.358551e-06,5.664113e-06,5.470470e-06,2.199962e-06,2.407308e-06,3.229025e-06,2.102672e-06,3.377812e-06,3.888853e-06,2.311786e-06,9.369042e-07,1.966866e-06,2.211243e-06,1.618714e-06,6.443685e-07,6.343100e-07,1.355904e-06,7.576155e-07,8.302127e-07,6.716130e-07,4.403272e-07,4.549613e-07,1.788105e-06,4.559550e-07
3.515625,7.544401e-06,3.920206e-06,6.890151e-06,4.654040e-06,3.047977e-06,2.381450e-06,3.238903e-06,2.614294e-06,3.398066e-06,2.985001e-06,1.844871e-06,7.444215e-07,1.710305e-06,2.302002e-06,2.940458e-06,8.346662e-07,4.968274e-07,1.003235e-06,6.973638e-07,5.248342e-07,6.265563e-07,3.745504e-07,2.228636e-07,7.214300e-07,7.742541e-07
3.564453,9.219856e-06,3.973172e-06,7.812478e-06,4.162592e-06,3.971215e-06,3.300879e-06,3.156707e-06,2.701432e-06,3.246721e-06,2.404785e-06,1.191410e-06,1.581931e-06,6.897270e-07,3.299016e-06,3.786479e-06,1.054515e-06,4.391932e-07,1.366910e-06,8.279878e-07,1.857222e-07,5.369538e-07,2.670167e-07,3.797268e-07,1.821028e-06,5.166273e-07
3.613281,1.122771e-05,4.804635e-06,8.222156e-06,5.212068e-06,4.913179e-06,4.167279e-06,2.529722e-06,2.102389e-06,2.835462e-06,2.414041e-06,7.033578e-07,1.630946e-06,3.533623e-07,4.090466e-06,3.105144e-06,6.581662e-07,3.079147e-07,1.600106e-06,9.426775e-07,5.707319e-07,4.340837e-07,3.530629e-07,4.755439e-07,6.861144e-07,3.774596e-07
3.662109,1.276419e-05,6.124724e-06,8.115731e-06,6.996849e-06,5.352448e-06,3.678692e-06,1.769990e-06,1.818968e-06,2.798271e-06,2.498146e-06,6.595592e-07,1.116806e-06,9.542682e-07,4.190288e-06,1.862246e-06,3.897515e-07,3.192623e-07,3.289322e-06,7.820067e-07,7.192457e-07,2.403973e-07,5.667982e-07,2.762883e-07,1.120535e-06,1.667974e-07
3.710938,1.346089e-05,7.433833e-06,7.595772e-06,8.200587e-06,4.877179e-06,2.149130e-06,1.709801e-06,2.481527e-06,3.046322e-06,2.268021e-06,9.748569e-07,4.442123e-07,8.892836e-07,3.807697e-06,1.056161e-06,9.537079e-07,4.744610e-07,2.962484e-06,6.635540e-07,5.122370e-07,4.678602e-07,2.830604e-07,1.050977e-07,7.383258e-07,4.204302e-07
3.759766,1.345665e-05,8.373232e-06,6.737137e-06,8.463795e-06,3.586871e-06,3.441361e-06,1.582374e-06,2.624095e-06,2.779100e-06,1.674672e-06,1.192485e-06,1.205748e-06,3.161399e-07,2.829433e-06,1.119649e-06,1.237342e-06,4.582074e-07,1.737678e-06,7.251148e-07,7.203266e-07,7.912185e-07,1.457052e-07,1.420556e-07,9.360430e-07,1.252919e-07
3.808594,1.297374e-05,8.715391e-06,5.555554e-06,8.342053e-06,2.113978e-06,6.184934e-06,8.626785e-07,2.458802e-06,2.034263e-06,2.648798e-06,1.246228e-06,1.300041e-06,4.440013e-07,1.480621e-06,1.955268e-06,9.633997e-07,1.610940e-07,2.203830e-07,3.497912e-07,8.941078e-07,8.453440e-07,1.886811e-07,1.129051e-07,1.028672e-06,1.979916e-07
3.857422,1.194488e-05,8.282789e-06,4.181373e-06,8.655084e-06,1.420629e-06,7.451120e-06,9.325474e-07,2.744157e-06,1.460105e-06,4.600084e-06,1.463076e-06,1.332957e-06,8.839089e-07,9.599681e-07,2.219412e-06,1.162473e-06,3.039557e-07,1.226679e-06,3.087723e-07,2.945831e-07,5.134417e-07,1.485091e-07,3.991378e-07,1.590896e-06,4.989335e-07
3.906250,1.025072e-05,6.958636e-06,3.100057e-06,9.446299e-06,1.475788e-06,6.445813e-06,1.305404e-06,2.590698e-06,1.347338e-06,5.424918e-06,2.048667e-06,1.146703e-06,1.204544e-06,1.454089e-06,1.267169e-06,1.049786e-06,4.706991e-07,1.212826e-06,3.060903e-07,5.880637e-07,5.110930e-08,2.752860e-07,5.300517e-07,2.487476e-06,9.315116e-07
3.955078,8.388620e-06,4.814530e-06,2.894056e-06,1.007141e-05,1.299312e-06,4.167610e-06,8.432321e-07,1.694325e-06,1.578060e-06,4.552726e-06,2.290277e-06,1.609413e-06,2.026054e-06,2.421002e-06,6.436082e-07,8.906971e-07,3.612320e-07,1.747757e-06,3.411005e-07,1.280920e-06,2.423841e-07,2.670139e-07,2.251034e-07,1.428960e-06,1.038961e-06
4.003906,7.744874e-06,2.304464e-06,3.147778e-06,1.002884e-05,8.367794e-07,4.778038e-06,1.056712e-06,9.692643e-07,1.791847e-06,2.740225e-06,2.129061e-06,2.966504e-06,2.843933e-06,3.121942e-06,2.706573e-07,7.499039e-07,2.726555e-07,1.506879e-06,3.371537e-07,1.113705e-06,1.975000e-07,4.799377e-07,8.557910e-08,1.020902e-06,2.368361e-07
4.052734,8.911122e-06,1.535485e-06,3.143872e-06,9.208134e-06,4.749662e-07,7.717970e-06,2.160626e-06,4.787170e-07,2.057864e-06,2.117924e-06,2.648866e-06,2.876262e-06,2.356965e-06,2.728457e-06,1.210899e-06,5.046797e-07,4.175799e-07,2.836055e-07,3.907398e-07,9.607165e-07,4.209968e-07,2.848295e-07,2.171811e-07,1.218304e-06,1.367975e-07
4.101562,1.049039e-05,3.166671e-06,2.872643e-06,7.843424e-06,4.280188e-07,9.339370e-06,2.769158e-06,9.653667e-07,2.695671e-06,3.218107e-06,2.690315e-06,2.243447e-06,2.473996e-06,1.311926e-06,1.906980e-06,5.817889e-07,4.632245e-07,5.047885e-07,3.495046e-07,5.074603e-07,4.499341e-07,1.092299e-07,3.681728e-07,3.770924e-07,7.654119e-07
4.150391,1.125375e-05,4.073602e-06,2.651690e-06,6.670545e-06,3.903527e-07,9.051450e-06,2.903609e-06,2.738578e-06,3.008431e-06,3.873437e-06,1.524760e-06,2.155194e-06,2.981236e-06,1.009389e-06,2.166197e-06,3.557918e-07,3.075898e-07,8.628913e-07,9.062707e-08,3.765454e-07,5.922172e-07,1.344076e-07,5.063485e-07,2.768788e-07,2.616692e-07
4.199219,1.083993e-05,3.776854e-06,2.419423e-06,6.663160e-06,2.893039e-07,7.876275e-06,2.818172e-06,4.223653e-06,2.417282e-06,3.531688e-06,1.131328e-06,2.130948e-06,2.473327e-06,1.061778e-06,2.559091e-06,2.495189e-07,7.299657e-08,1.216440e-06,2.931999e-07,8.454829e-07,4.607150e-07,2.078937e-07,4.674747e-07,4.068762e-07,4.221243e-07
4.248047,9.397712e-06,2.378553e-06,1.760590e-06,7.792571e-06,2.319442e-07,6.746937e-06,2.408036e-06,4.527303e-06,1.651499e-06,2.639504e-06,1.246165e-06,1.908166e-06,2.372448e-06,1.062412e-06,4.371206e-06,1.119910e-07,3.453225e-07,6.415989e-07,3.130673e-07,8.327743e-07,3.923711e-07,2.050469e-07,3.044802e-07,1.254321e-06,8.073902e-07
4.296875,7.344465e-06,6.358210e-07,6.069045e-07,9.218549e-06,2.688704e-07,5.199606e-06,1.655094e-06,3.333907e-06,2.035304e-06,2.412562e-06,7.665599e-07,1.716730e-06,3.122418e-06,1.227311e-06,4.832633e-06,2.845542e-07,6.024773e-07,7.382999e-07,1.208226e-07,1.347572e-06,4.841142e-07,2.457209e-07,2.247879e-07,1.305152e-06,6.810456e-08
4.345703,5.435680e-06,2.524966e-06,1.231289e-06,1.051167e-05,4.077477e-07,3.004454e-06,1.312285e-06,1.741188e-06,2.413200e-06,2.602146e-06,1.343900e-06,2.295315e-06,2.691921e-06,1.031923e-06,4.225101e-06,4.362417e-07,7.486251e-07,1.175021e-06,1.135777e-07,3.207339e-07,2.398609e-07,2.230317e-07,1.917108e-07,1.076459e-06,4.242593e-07
4.394531,4.802563e-06,4.718609e-06,2.556768e-06,1.158073e-05,6.747544e-07,2.974269e-06,1.771117e-06,2.428077e-06,2.421600e-06,2.897732e-06,1.408637e-06,2.894488e-06,1.788097e-06,5.319982e-07,3.767651e-06,9.790653e-07,9.938976e-07,6.865997e-07,3.771010e-07,1.128356e-07,2.163490e-07,2.025692e-07,2.571776e-07,1.757842e-06,1.099075e-06
4.443359,5.525423e-06,6.099793e-06,3.215998e-06,1.224545e-05,1.048749e-06,5.081681e-06,1.955249e-06,3.360694e-06,2.555546e-06,3.856391e-06,9.500572e-07,2.667918e-06,2.232287e-06,1.217519e-06,4.035094e-06,1.441879e-06,8.213408e-07,4.358947e-07,3.832005e-07,6.992441e-07,1.688590e-07,4.003682e-07,2.041861e-07,1.598428e-06,6.664179e-07
4.492188,6.412166e-06,6.301321e-06,3.137692e-06,1.223417e-05,1.441951e-06,6.169833e-06,1.588492e-06,3.232921e-06,2.495303e-06,4.167499e-06,1.793288e-06,2.115940e-06,2.795404e-06,5.938849e-07,4.848596e-06,1.308637e-06,4.530363e-07,1.034417e-06,2.194247e-07,8.090172e-07,1.497610e-07,3.099307e-07,3.486183e-07,2.025558e-06,4.033789e-07
4.541016,7.009611e-06,5.388989e-06,3.004844e-06,1.153852e-05,1.749721e-06,5.779795e-06,1.490140e-06,2.470196e-06,2.073659e-06,3.012450e-06,2.621817e-06,1.607853e-06,2.474828e-06,1.344073e-06,4.070762e-06,1.021966e-06,3.239901e-07,1.353641e-06,2.461374e-07,8.364737e-07,4.525033e-07,4.221381e-07,3.969308e-07,2.991622e-06,8.243703e-07
4.589844,7.594706e-06,4.043341e-06,3.646477e-06,1.075797e-05,1.906890e-06,4.461545e-06,2.161983e-06,2.305433e-06,1.921073e-06,1.162255e-06,2.831626e-06,1.708841e-06,2.213046e-06,1.930894e-06,3.307797e-06,2.007725e-06,3.672463e-07,1.028322e-06,4.709954e-07,9.359845e-07,5.250126e-07,3.677203e-07,2.514588e-07,3.314249e-06,7.555283e-07
4.638672,8.300235e-06,3.565202e-06,4.542126e-06,1.098561e-05,1.903098e-06,3.157549e-06,2.633310e-06,3.037584e-06,2.203212e-06,3.201232e-07,2.989644e-06,1.843983e-06,2.855349e-06,1.955845e-06,3.629648e-06,1.782336e-06,1.662662e-07,5.567274e-07,6.078601e-07,1.163919e-06,3.386455e-07,2.668107e-07,3.213588e-07,6.036592e-07,1.022187e-06
4.687500,8.761823e-06,4.244829e-06,4.802037e-06,1.266453e-05,1.766443e-06,2.958275e-06,2.538214e-06,3.429119e-06,2.240906e-06,4.962081e-07,2.718676e-06,1.755363e-06,3.111712e-06,1.910358e-06,3.781382e-06,5.297390e-07,4.462778e-07,5.383982e-07,7.433775e-07,6.284719e-07,4.402360e-07,1.188306e-07,4.574485e-07,1.687666e-06,1.254821e-06
4.736328,8.641804e-06,4.864253e-06,4.119415e-06,1.489213e-05,1.552661e-06,3.812769e-06,2.122589e-06,3.048924e-06,1.629145e-06,2.782670e-07,2.048192e-06,2.352318e-06,2.702005e-06,1.996555e-06,3.242458e-06,1.400033e-06,6.606568e-07,9.905084e-07,3.199004e-07,2.290716e-07,3.401602e-07,2.306541e-07,3.221305e-07,1.390716e-06,7.178657e-07
4.785156,8.108708e-06,4.901350e-06,2.739506e-06,1.640717e-05,1.331310e-06,4.532337e-06,1.645490e-06,2.535328e-06,1.347418e-06,1.158604e-06,2.316261e-06,2.805415e-06,1.873982e-06,1.724545e-06,2.135742e-06,1.440071e-06,7.146790e-07,1.145180e-06,4.823689e-07,4.402285e-07,6.331942e-07,4.501655e-07,1.088299e-07,1.542290e-06,6.980035e-07
4.833984,7.688865e-06,4.668585e-06,1.230132e-06,1.635698e-05,1.150041e-06,4.379704e-06,1.522150e-06,2.639900e-06,2.511510e-06,1.885297e-06,2.499127e-06,2.849619e-06,1.112039e-06,1.109813e-06,4.726661e-07,6.690439e-07,3.396035e-07,8.927666e-07,5.534306e-07,5.851678e-07,5.795090e-07,2.802188e-07,1.530192e-07,1.134574e-06,9.073700e-07
4.882812,7.586026e-06,4.741044e-06,5.456136e-07,1.450403e-05,1.048285e-06,3.475219e-06,2.520791e-06,2.589748e-06,3.312831e-06,1.713598e-06,2.123924e-06,3.256842e-06,7.127675e-07,1.736043e-06,2.787331e-06,1.483739e-07,3.352371e-07,9.090455e-07,8.344033e-07,6.639064e-07,5.754601e-07,2.822226e-07,2.727804e-07,2.330319e-06,7.519656e-07
4.931641,7.416518e-06,5.220261e-06,1.207762e-06,1.124851e-05,1.097419e-06,2.862626e-06,3.751980e-06,2.230762e-06,3.368229e-06,4.241354e-07,1.828207e-06,3.526585e-06,9.372156e-07,2.623893e-06,3.200577e-06,5.923984e-07,2.932005e-07,6.283189e-07,7.289051e-07,2.848842e-07,2.632139e-07,2.868810e-07,5.727081e-08,2.382697e-06,8.782429e-07
4.980469,6.830936e-06,5.706568e-06,2.031762e-06,7.454313e-06,1.262036e-06,2.790095e-06,4.209160e-06,2.549464e-06,3.586027e-06,1.459469e-06,1.608515e-06,2.994071e-06,1.418256e-06,2.575234e-06,3.431765e-06,4.061419e-07,2.055592e-07,7.484562e-07,4.685526e-07,8.969061e-07,1.596324e-07,1.043497e-07,1.076273e-07,1.081987e-06,7.944948e-07
5.029297,5.972153e-06,5.861758e-06,3.045987e-06,4.037697e-06,1.361007e-06,2.130864e-06,3.686709e-06,2.887747e-06,4.260735e-06,2.461945e-06,1.678405e-06,2.888874e-06,1.744164e-06,2.272362e-06,3.306008e-06,5.348517e-07,5.750327e-07,1.364964e-06,1.785883e-07,1.374315e-06,1.528813e-07,2.799917e-07,1.876433e-07,1.950025e-06,5.955175e-07
5.078125,5.300355e-06,5.541686e-06,4.139874e-06,1.440138e-06,1.264051e-06,1.626729e-06,2.837792e-06,2.822153e-06,4.433551e-06,2.126501e-06,1.909940e-06,1.930495e-06,1.908155e-06,2.080265e-06,9.237729e-07,1.514164e-06,8.456269e-07,1.538647e-06,6.314527e-07,1.136285e-06,4.096811e-07,1.411424e-07,2.613212e-07,2.157042e-06,2.879558e-08
5.126953,5.028724e-06,4.694161e-06,5.174917e-06,6.834581e-07,9.861054e-07,3.222125e-06,2.345292e-06,3.058392e-06,3.655792e-06,2.206237e-06,2.120649e-06,6.438366e-07,1.484826e-06,2.247517e-06,2.311324e-06,1.769496e-06,8.901213e-07,7.387114e-07,5.237510e-07,8.397812e-07,3.369541e-07,1.810211e-07,2.993412e-07,1.090383e-06,8.413543e-07
5.175781,4.894168e-06,3.495018e-06,6.074536e-06,2.639306e-06,6.575263e-07,4.974008e-06,2.170652e-06,3.380312e-06,2.307308e-06,3.451923e-06,2.568483e-06,2.307627e-06,8.413041e-07,2.475727e-06,2.152502e-06,1.917210e-06,8.826163e-07,3.079152e-07,4.647024e-07,6.368018e-07,5.790176e-08,5.372010e-07,3.407054e-07,2.200990e-06,1.307704e-06
5.224609,4.622597e-06,3.086933e-06,6.813402e-06,4.588190e-06,4.394427e-07,6.285662e-06,2.990885e-06,3.238918e-06,1.006560e-06,4.000738e-06,3.044531e-06,3.082460e-06,1.515262e-06,2.317331e-06,1.529706e-06,2.032022e-06,4.371935e-07,4.634284e-07,1.726260e-07,3.352983e-07,2.357321e-07,4.654276e-07,4.596588e-07,2.965066e-06,9.493739e-07
5.273438,4.208057e-06,4.649192e-06,7.519027e-06,6.446242e-06,4.030933e-07,7.370202e-06,4.439122e-06,2.790887e-06,6.627760e-08,3.566340e-06,3.112002e-06,3.301079e-06,2.056858e-06,1.394916e-06,1.377035e-06,1.314954e-06,5.231724e-07,6.436352e-07,2.181775e-07,1.264217e-07,5.996131e-07,3.224721e-07,2.114351e-07,1.063756e-06,3.830664e-07
5.322266,3.765228e-06,6.743564e-06,8.445670e-06,8.296640e-06,4.755179e-07,8.158798e-06,5.117629e-06,2.180671e-06,6.085985e-07,2.755047e-06,2.464758e-06,1.914099e-06,1.975577e-06,1.255658e-06,1.856095e-06,4.609806e-07,5.292824e-07,1.016829e-06,3.205594e-07,4.264363e-07,4.267698e-07,4.483810e-07,1.354557e-07,9.809117e-07,4.453613e-07
5.371094,3.344135e-06,8.065427e-06,9.578376e-06,1.012959e-05,5.858359e-07,8.249432e-06,4.638884e-06,1.007719e-06,8.351623e-07,2.635875e-06,9.662049e-07,3.594160e-07,2.679583e-06,1.990842e-06,2.786041e-06,1.943661e-06,3.294269e-07,6.065983e-07,1.920120e-07,8.744107e-07,1.839678e-07,5.010661e-07,1.661140e-07,1.123487e-06,7.533410e-07
5.419922,2.919227e-06,8.022673e-06,1.043242e-05,1.162145e-05,6.933857e-07,7.320341e-06,3.779672e-06,1.320282e-06,5.992047e-07,2.643506e-06,1.011774e-06,8.103202e-07,2.792187e-06,1.938240e-06,3.420416e-06,2.319841e-06,3.128713e-07,1.231045e-06,3.544086e-07,1.299921e-06,2.158682e-07,3.587615e-07,3.235370e-08,1.797945e-06,7.684924e-07
5.468750,2.492690e-06,6.618791e-06,1.044738e-05,1.237780e-05,7.929645e-07,5.480780e-06,3.238903e-06,3.260058e-06,4.314222e-07,1.878864e-06,2.603334e-06,9.197035e-07,1.626042e-06,1.475326e-06,3.075594e-06,2.423336e-06,7.629226e-07,1.035442e-06,6.032811e-07,1.780092e-06,4.015926e-07,1.342306e-07,1.367407e-07,2.091099e-06,5.008568e-07
5.517578,2.171154e-06,4.452718e-06,9.448031e-06,1.227730e-05,9.237686e-07,3.945843e-06,2.541669e-06,4.250524e-06,3.436433e-07,2.430941e-06,3.464054e-06,2.262203e-07,2.420065e-06,1.338877e-06,1.820485e-06,1.290435e-06,8.516649e-07,5.425836e-07,4.937033e-07,1.971863e-06,5.748393e-07,5.151158e-08,2.091746e-07,7.787998e-07,3.415186e-07
5.566406,2.089311e-06,2.899127e-06,7.805167e-06,1.154846e-05,1.132531e-06,4.578475e-06,1.445868e-06,4.052383e-06,3.874809e-07,3.618231e-06,3.948901e-06,1.141467e-06,2.782596e-06,1.384452e-06,2.923371e-07,6.330096e-07,7.161243e-07,1.382162e-06,1.219152e-07,1.553226e-06,7.612987e-07,3.348805e-07,3.396453e-07,2.165876e-06,2.610976e-07
5.615234,2.147435e-06,3.563587e-06,6.384343e-06,1.060174e-05,1.421043e-06,5.886834e-06,5.278241e-07,3.008311e-06,1.487889e-06,3.691711e-06,4.333264e-06,1.819616e-06,2.109404e-06,8.280955e-07,9.015656e-07,5.925666e-07,3.769729e-07,1.622403e-06,4.989524e-07,1.058979e-06,7.687366e-07,6.287553e-07,1.711834e-07,2.039305e-06,4.215084e-07
5.664062,2.059050e-06,5.095315e-06,6.309520e-06,9.820292e-06,1.730339e-06,6.323857e-06,1.579806e-07,1.603747e-06,2.195936e-06,3.282899e-06,4.372224e-06,1.901997e-06,9.063958e-07,4.864185e-07,1.188993e-06,1.466478e-06,3.221258e-07,1.336745e-06,3.777927e-07,4.294016e-07,7.420365e-07,3.327253e-07,1.216227e-07,1.713591e-06,5.170109e-07
5.712891,1.764963e-06,6.309762e-06,7.901429e-06,9.445848e-06,1.964541e-06,6.156811e-06,7.281489e-07,1.570704e-06,2.159270e-06,3.690064e-06,3.563634e-06,9.954218e-07,1.511910e-07,1.106376e-06,2.700702e-06,1.010983e-06,2.446990e-07,2.181660e-06,2.667638e-07,3.051013e-07,5.377999e-07,1.872624e-07,1.572731e-07,1.423863e-06,3.835350e-07
5.761719,1.789048e-06,6.873312e-06,1.030034e-05,9.478172e-06,2.033992e-06,6.205233e-06,1.625729e-06,2.230039e-06,1.996567e-06,4.704640e-06,1.992873e-06,2.374234e-06,5.336864e-07,1.531063e-06,3.888265e-06,8.162689e-07,2.890240e-07,1.378697e-06,3.703862e-07,5.486146e-07,1.676349e-07,1.960976e-07,2.065166e-07,1.196785e-06,3.518410e-07
5.810547,2.592093e-06,6.617689e-06,1.251021e-05,9.538372e-06,1.912279e-06,6.588721e-06,2.463349e-06,2.381891e-06,2.245605e-06,5.202594e-06,9.826362e-07,2.596535e-06,1.276675e-06,1.998821e-06,4.178898e-06,2.141388e-06,4.371077e-07,8.587705e-07,2.954906e-07,4.402393e-07,3.905487e-07,1.638103e-07,7.688492e-08,1.301768e-06,3.645822e-07
5.859375,3.693663e-06,5.576057e-06,1.373724e-05,8.964153e-06,1.685790e-06,6.939177e-06,3.168002e-06,2.611122e-06,2.288453e-06,4.782179e-06,1.056443e-06,4.771173e-07,1.010413e-06,3.453019e-06,3.760539e-06,2.449626e-06,2.804803e-07,7.959757e-07,5.884311e-07,2.879990e-07,3.934963e-07,9.007235e-08,1.825074e-07,1.886633e-06,3.338888e-07
5.908203,4.714465e-06,4.110570e-06,1.356904e-05,7.247632e-06,1.522388e-06,7.166946e-06,3.632994e-06,2.618963e-06,2.102735e-06,3.969808e-06,1.608103e-06,2.223565e-06,1.005280e-06,3.803096e-06,2.646493e-06,2.096956e-06,1.665026e-07,9.472927e-07,9.134592e-07,2.605968e-07,2.868576e-07,1.446375e-07,3.990622e-07,2.781984e-06,5.559018e-07
5.957031,5.571091e-06,2.819233e-06,1.203984e-05,4.521966e-06,1.476371e-06,7.244527e-06,3.643855e-06,2.387578e-06,2.393782e-06,3.466596e-06,2.542709e-06,4.005264e-06,3.015511e-06,1.998076e-06,1.592445e-06,2.631746e-06,3.696839e-07,1.223184e-06,1.356878e-06,3.360259e-07,1.344780e-07,2.497037e-07,4.449680e-07,3.193154e-06,2.025557e-07
6.005859,6.187678e-06,2.239096e-06,9.617884e-06,2.495204e-06,1.424297e-06,6.803176e-06,3.048245e-06,2.665431e-06,3.053571e-06,3.318241e-06,2.811349e-06,5.377924e-06,3.374400e-06,2.276174e-07,1.667654e-06,2.820462e-06,4.798000e-07,8.549451e-07,7.382164e-07,6.581299e-07,2.980037e-07,2.863240e-07,8.164756e-08,2.497760e-06,5.261568e-07
6.054688,6.340306e-06,2.535399e-06,7.127200e-06,3.842650e-06,1.299156e-06,5.562392e-06,1.971608e-06,3.171200e-06,3.517892e-06,2.886012e-06,2.183742e-06,5.985542e-06,3.048791e-06,1.149918e-06,2.841276e-06,1.810094e-06,2.236357e-07,9.534423e-07,5.596637e-07,5.296072e-07,1.847443e-07,4.291166e-07,6.327022e-08,1.518491e-06,5.302139e-07
6.103516,5.841255e-06,3.524370e-06,5.738591e-06,5.074650e-06,1.149738e-06,4.806583e-06,1.411702e-06,3.009182e-06,3.371430e-06,2.532541e-06,9.337126e-07,4.396776e-06,2.463122e-06,1.082630e-06,3.203596e-06,1.169550e-06,2.211095e-07,1.481567e-06,8.787728e-07,2.613462e-07,1.739627e-07,3.760370e-07,1.009274e-07,1.068463e-06,4.809813e-07
6.152344,4.909890e-06,4.724401e-06,6.357554e-06,4.482995e-06,9.568968e-07,6.753876e-06,2.315349e-06,2.515732e-06,2.433549e-06,3.738509e-06,4.095978e-07,1.168000e-06,1.503440e-06,1.449704e-06,3.996834e-06,3.608208e-07,3.607931e-07,1.462796e-06,7.883607e-07,4.632230e-07,1.642906e-07,1.931071e-07,2.217495e-07,6.307111e-07,4.225788e-07
6.201172,4.387727e-06,5.551800e-06,8.383411e-06,2.563982e-06,6.340763e-07,9.437791e-06,3.487387e-06,3.524297e-06,1.354718e-06,5.281735e-06,1.272857e-06,1.496959e-06,5.647036e-07,1.624563e-06,4.025997e-06,7.426321e-07,4.370911e-07,1.883396e-06,3.805300e-07,9.897540e-07,3.769418e-07,1.955446e-07,4.039898e-07,8.678938e-07,4.598758e-07
6.250000,4.899279e-06,5.652710e-06,1.084753e-05,3.389314e-06,4.193817e-07,1.061085e-05,4.473237e-06,4.334242e-06,1.646125e-06,5.979246e-06,1.778719e-06,2.293733e-06,1.058916e-06,1.672596e-06,2.466331e-06,9.238639e-07,5.890058e-07,1.542361e-06,4.737613e-07,7.604856e-07,2.750130e-07,2.604900e-07,3.400748e-08,2.246018e-07,7.618198e-07
6.298828,5.768384e-06,5.073276e-06,1.305497e-05,6.772057e-06,7.620135e-07,9.927297e-06,4.844622e-06,3.321508e-06,2.271332e-06,5.757945e-06,2.133857e-06,2.252067e-06,2.222866e-06,1.186606e-06,7.110641e-07,3.587321e-07,4.047732e-07,8.526650e-07,5.405409e-07,1.282758e-06,3.920373e-07,9.333691e-08,1.509516e-07,1.918006e-06,9.948376e-07
6.347656,6.290692e-06,4.181979e-06,1.437664e-05,9.658109e-06,1.055044e-06,8.465800e-06,4.487527e-06,1.239556e-06,2.563090e-06,5.072045e-06,1.774939e-06,2.758204e-06,1.854509e-06,8.022350e-07,2.625810e-06,8.830116e-07,3.749592e-07,1.294577e-06,6.684784e-07,1.018282e-06,3.900863e-07,1.124463e-07,1.789656e-07,1.659403e-06,3.666163e-07
6.396484,6.428912e-06,3.382742e-06,1.437280e-05,1.138701e-05,1.028642e-06,7.158348e-06,4.555507e-06,2.216869e-06,2.551565e-06,4.422757e-06,8.543710e-07,2.818764e-06,6.704484e-07,1.347463e-06,4.571910e-06,1.213577e-06,3.354638e-07,8.931555e-07,4.387733e-07,6.516731e-07,1.125705e-07,2.337137e-07,3.093231e-07,1.569783e-06,3.200542e-07
6.445312,6.375765e-06,2.880982e-06,1.304415e-05,1.204113e-05,7.396217e-07,5.481712e-06,5.768674e-06,3.858267e-06,2.297808e-06,3.869833e-06,1.043694e-06,2.107596e-06,1.392314e-06,2.022992e-06,4.832781e-06,5.016202e-07,1.842624e-07,1.423071e-06,1.961168e-07,3.711194e-07,3.327119e-07,1.004740e-07,2.253866e-07,1.760342e-06,4.834886e-07
6.494141,6.057840e-06,2.822192e-06,1.096411e-05,1.189451e-05,3.977928e-07,2.969323e-06,6.697959e-06,3.723511e-06,2.505207e-06,3.151803e-06,1.568802e-06,1.602508e-06,1.659661e-06,1.748106e-06,4.920994e-06,3.585687e-07,2.560331e-07,1.461744e-06,3.381362e-07,3.239975e-07,2.944097e-07,1.078827e-07,3.427706e-08,1.559372e-06,5.532392e-07
6.542969,5.231896e-06,3.277610e-06,9.188363e-06,1.096272e-05,1.621242e-07,1.749298e-06,6.321615e-06,1.555124e-06,3.142401e-06,2.779508e-06,1.505377e-06,1.486033e-06,2.294018e-06,1.062291e-06,5.098516e-06,3.820830e-07,3.583447e-07,5.850562e-07,5.404427e-07,5.990525e-07,2.051867e-07,1.446908e-07,2.170750e-07,1.738946e-06,6.969932e-07
6.591797,3.990398e-06,3.940814e-06,8.661309e-06,9.074320e-06,2.614231e-07,3.651622e-06,4.729990e-06,1.417837e-06,3.184678e-06,3.786301e-06,9.121996e-07,1.149714e-06,2.042616e-06,1.442602e-06,3.864574e-06,6.327942e-07,2.194832e-07,4.435204e-07,1.843479e-07,3.895212e-07,2.532956e-07,7.519640e-08,2.663315e-07,3.117799e-06,4.724823e-07
6.640625,3.053263e-06,4.510151e-06,9.163651e-06,6.464205e-06,6.601151e-07,5.066839e-06,2.590757e-06,3.473458e-06,2.308848e-06,4.661498e-06,1.116553e-06,9.169761e-07,2.889422e-06,2.310474e-06,1.758278e-06,8.898510e-07,4.510831e-07,4.725549e-07,3.699181e-07,2.515696e-07,2.487872e-07,1.737126e-07,1.518150e-07,2.380072e-06,4.850643e-07
6.689453,3.043031e-06,5.069183e-06,9.610411e-06,4.301841e-06,1.087348e-06,5.662194e-06,8.755184e-07,4.883456e-06,9.821646e-07,4.073854e-06,1.955983e-06,1.696278e-06,3.149217e-06,2.351872e-06,3.587584e-06,6.905131e-07,3.332953e-07,9.524571e-07,3.541870e-07,5.709716e-07,3.811891e-07,2.345217e-07,1.134316e-07,1.199564e-06,4.283156e-07
6.738281,3.171776e-06,5.847291e-06,9.157838e-06,3.855947e-06,1.441449e-06,5.451350e-06,1.346174e-06,5.987759e-06,3.629350e-07,3.031685e-06,2.411709e-06,2.188234e-06,2.046682e-06,1.994252e-06,3.544142e-06,7.527867e-07,3.379855e-07,1.267146e-06,3.340364e-07,8.554478e-07,3.377570e-07,1.650413e-07,1.773344e-08,4.358104e-07,4.901471e-07
6.787109,2.663209e-06,6.676001e-06,7.517042e-06,4.145338e-06,1.724014e-06,4.366923e-06,2.038223e-06,5.643017e-06,7.650270e-07,3.679706e-06,2.213618e-06,1.974506e-06,1.092218e-06,1.402737e-06,1.113366e-06,6.589118e-07,4.728127e-07,1.369422e-06,3.317183e-07,5.174623e-07,1.650006e-07,9.068583e-08,2.153994e-07,1.894512e-06,7.214789e-07
6.835938,1.599536e-06,7.008479e-06,5.069341e-06,5.359625e-06,1.944131e-06,3.171609e-06,2.401770e-06,4.536499e-06,9.560514e-07,4.441501e-06,1.475555e-06,1.455081e-06,1.422663e-07,8.824784e-07,1.275521e-06,1.035807e-06,3.309060e-07,1.938092e-06,2.378298e-07,6.112626e-07,2.812506e-07,9.738007e-08,1.511565e-07,1.194472e-06,7.691405e-07
6.884766,8.635633e-07,6.399399e-06,3.450868e-06,8.588947e-06,2.046833e-06,3.440040e-06,2.677444e-06,4.820927e-06,1.351965e-06,4.465695e-06,1.272456e-06,1.289837e-06,1.598959e-06,2.689281e-06,1.995829e-06,1.563183e-06,2.472133e-07,2.340230e-06,5.403662e-07,7.917808e-07,1.274480e-07,8.125105e-08,2.381560e-07,1.102916e-06,5.059551e-07
6.933594,1.352368e-06,4.828883e-06,4.606110e-06,1.236987e-05,1.993463e-06,4.248458e-06,2.931964e-06,4.464465e-06,1.543735e-06,4.515958e-06,1.703246e-06,1.491708e-06,2.686738e-06,2.801312e-06,2.589269e-06,2.107552e-06,2.790891e-08,1.407644e-06,4.494195e-07,9.445846e-07,4.113886e-07,1.182565e-07,2.226066e-07,1.348482e-06,1.680539e-07
6.982422,1.880579e-06,2.792806e-06,6.325889e-06,1.514846e-05,1.841672e-06,4.072704e-06,3.160603e-06,2.284416e-06,1.823342e-06,4.479894e-06,1.914607e-06,1.480151e-06,3.177785e-06,2.239098e-06,2.604503e-06,1.742737e-06,9.980092e-08,6.772120e-07,3.061374e-07,4.233935e-07,5.274598e-07,1.051444e-07,2.021219e-07,1.955483e-06,5.504271e-07
7.031250,2.372566e-06,1.491556e-06,7.102045e-06,1.684562e-05,1.693556e-06,2.980380e-06,3.256407e-06,1.665694e-06,2.899011e-06,3.859139e-06,1.775511e-06,1.231526e-06,3.014393e-06,1.844678e-06,2.458933e-06,8.181788e-07,3.878316e-08,5.661088e-07,2.975383e-07,8.510263e-07,5.002468e-07,2.975978e-08,3.726048e-07,2.747669e-06,3.872537e-07
7.080078,2.967900e-06,1.884695e-06,6.902673e-06,1.853206e-05,1.594336e-06,2.777962e-06,3.114192e-06,2.594133e-06,3.742645e-06,2.873172e-06,1.561915e-06,1.000056e-06,2.061629e-06,2.590209e-06,1.173210e-06,6.865608e-07,1.473535e-07,1.037065e-06,2.165894e-07,6.318480e-07,2.597315e-07,2.564340e-07,2.014588e-07,1.262597e-06,4.727886e-07
7.128906,3.339507e-06,2.113578e-06,6.361109e-06,2.055969e-05,1.540895e-06,4.258154e-06,2.901446e-06,2.345281e-06,3.739005e-06,1.833796e-06,1.305463e-06,1.012096e-06,1.364743e-06,4.052862e-06,1.383278e-06,3.703165e-07,2.491458e-07,1.134846e-06,2.972857e-07,9.577230e-07,4.613243e-08,1.932836e-07,3.555753e-08,6.999193e-07,7.139735e-07
7.177734,3.121709e-06,1.911956e-06,6.286756e-06,2.177393e-05,1.534619e-06,5.653150e-06,2.938896e-06,2.452915e-06,3.642607e-06,1.346301e-06,5.690165e-07,2.263217e-06,3.238865e-07,4.611347e-06,2.073950e-06,3.226584e-07,2.077799e-07,2.890281e-07,3.585637e-07,4.841949e-07,3.102413e-07,1.641139e-07,2.883010e-08,1.920520e-06,3.501538e-07
7.226562,2.334681e-06,2.419459e-06,6.942110e-06,2.100503e-05,1.546591e-06,6.343231e-06,3.230510e-06,2.157308e-06,3.793789e-06,1.874314e-06,3.890874e-07,3.857421e-06,1.084091e-06,3.324869e-06,1.423791e-06,2.700569e-07,7.686609e-08,4.136377e-07,2.259657e-07,4.100770e-07,2.009038e-07,1.511707e-07,5.424350e-08,8.507522e-07,1.281458e-07
7.275391,1.624509e-06,3.673343e-06,7.863035e-06,1.810861e-05,1.502353e-06,6.259280e-06,3.466867e-06,8.933407e-07,3.451090e-06,2.072365e-06,6.756028e-07,4.904295e-06,2.052241e-06,2.847961e-06,1.342863e-06,1.944966e-07,2.424887e-07,3.111639e-07,8.584263e-08,5.588027e-07,1.777421e-07,1.013205e-07,1.491496e-07,2.363124e-06,8.533648e-08
7.324219,1.913941e-06,4.781706e-06,8.463420e-06,1.365772e-05,1.345524e-06,5.295236e-06,3.415119e-06,2.426501e-06,3.487917e-06,1.652285e-06,4.671143e-07,5.026636e-06,2.010392e-06,3.925677e-06,2.262484e-06,7.450438e-07,1.383381e-07,1.272267e-06,3.094292e-07,3.511764e-07,1.687940e-07,2.400955e-07,2.445219e-07,2.919801e-06,3.305854e-07
7.373047,2.494311e-06,5.390279e-06,8.375515e-06,8.347589e-06,1.084694e-06,3.554140e-06,3.200153e-06,3.805617e-06,4.679574e-06,1.149311e-06,4.109300e-07,4.843941e-06,1.238704e-06,3.168209e-06,1.586410e-06,4.204339e-07,3.146587e-07,2.100428e-06,2.666516e-07,1.580140e-07,3.519430e-07,1.814197e-07,1.705400e-07,8.304927e-07,4.465375e-07
7.421875,2.663217e-06,5.569125e-06,7.508881e-06,2.978073e-06,7.879531e-07,1.781228e-06,3.286052e-06,4.353789e-06,5.291579e-06,9.919042e-07,8.460256e-07,4.670068e-06,6.072693e-07,1.649550e-06,2.981548e-06,9.113106e-07,2.673412e-07,2.511719e-06,2.283999e-07,6.129859e-07,4.096773e-07,1.221560e-07,1.540915e-07,2.719176e-06,1.953526e-07
7.470703,2.516449e-06,5.494216e-06,6.057438e-06,1.435291e-06,5.419552e-07,1.353005e-06,3.623437e-06,4.851477e-06,4.582611e-06,1.424236e-06,1.355670e-06,3.843391e-06,6.101894e-07,3.562310e-07,3.446367e-06,2.058389e-06,1.554771e-07,2.277291e-06,2.339467e-07,1.077620e-06,3.072143e-07,2.090917e-07,1.627887e-07,3.358614e-06,4.503500e-07
7.519531,2.498978e-06,5.198450e-06,4.504159e-06,3.703888e-06,3.907061e-07,1.494409e-06,3.495294e-06,4.660937e-06,3.314539e-06,2.657648e-06,1.357550e-06,3.018764e-06,8.830473e-07,1.402668e-06,2.159381e-06,2.722607e-06,1.848709e-07,1.328158e-06,2.295455e-07,1.049910e-06,3.307029e-07,1.764664e-07,1.014367e-07,1.894535e-06,4.802272e-07
7.568359,2.738155e-06,4.654696e-06,3.654225e-06,4.052863e-06,3.061343e-07,1.221772e-06,2.558544e-06,3.529642e-06,2.660630e-06,4.144636e-06,9.505223e-07,3.148148e-06,6.682224e-07,2.721895e-06,1.416269e-06,1.977650e-06,4.584421e-08,1.964507e-06,8.146197e-08,1.020015e-06,2.217157e-07,1.488236e-07,1.695308e-07,1.172343e-06,8.575874e-08
7.617188,2.854070e-06,4.133823e-06,4.032704e-06,4.658536e-06,2.382527e-07,1.594696e-06,1.307750e-06,3.408419e-06,2.688766e-06,5.167830e-06,5.155515e-07,3.561765e-06,8.043849e-07,3.641898e-06,6.884340e-07,2.140269e-07,1.243020e-07,2.644929e-06,4.021810e-07,9.949064e-07,1.338515e-07,9.394808e-08,2.103745e-07,2.444028e-06,2.207937e-07
7.666016,2.534562e-06,4.338605e-06,4.944538e-06,6.621311e-06,1.971055e-07,2.705726e-06,1.088264e-06,4.317989e-06,2.606313e-06,5.841392e-06,6.671304e-07,3.786007e-06,1.448225e-06,2.714953e-06,4.861431e-07,1.063162e-06,2.547977e-07,2.826503e-06,1.857449e-07,7.634996e-07,1.271954e-07,1.311266e-07,2.432880e-07,2.118406e-06,2.440428e-07
7.714844,1.768672e-06,5.486723e-06,5.601636e-06,7.977223e-06,3.365409e-07,3.873602e-06,1.417137e-06,4.347319e-06,2.271549e-06,6.542509e-06,1.250287e-06,3.998581e-06,1.266168e-06,2.560554e-07,5.818343e-07,1.444985e-06,3.508914e-07,1.966514e-06,3.175457e-07,8.923148e-07,2.112583e-07,1.781635e-07,1.080542e-07,1.467405e-06,3.739347e-07
7.763672,8.017084e-07,6.885879e-06,5.670479e-06,7.686318e-06,6.044185e-07,4.870236e-06,1.407571e-06,3.371482e-06,2.191301e-06,6.606974e-06,1.919618e-06,3.331295e-06,4.034550e-07,1.456295e-06,1.278041e-06,6.901423e-07,2.786679e-07,1.141658e-06,8.352613e-07,7.057512e-07,1.108452e-07,1.481815e-07,6.619658e-08,7.003032e-07,4.843692e-07
7.812500,4.704624e-07,7.852489e-06,5.104371e-06,6.355022e-06,8.584445e-07,5.481235e-06,1.815128e-06,1.999770e-06,2.387785e-06,5.624193e-06,2.799309e-06,2.458697e-06,1.353834e-06,1.958377e-06,2.675425e-07,1.427535e-06,1.221549e-07,5.879428e-07,8.789953e-07,6.113094e-07,1.218105e-07,1.791834e-07,1.126749e-07,9.679371e-07,3.446833e-07
7.861328,9.466767e-07,8.052790e-06,4.049168e-06,5.489779e-06,1.033804e-06,5.560319e-06,2.913740e-06,7.542683e-07,2.397611e-06,4.182995e-06,3.372662e-06,3.256958e-06,2.123951e-06,1.404028e-06,1.253214e-06,1.870398e-06,1.380998e-07,7.095361e-07,4.233385e-07,3.602925e-07,2.478060e-07,1.399385e-07,1.316942e-07,8.629187e-07,4.198593e-07
7.910156,1.008089e-06,7.508596e-06,2.795995e-06,6.168811e-06,1.139335e-06,5.219740e-06,3.979008e-06,5.144750e-07,2.158478e-06,2.460919e-06,3.160041e-06,3.877473e-06,2.031840e-06,1.892871e-06,1.293045e-06,2.444947e-06,2.005870e-07,1.386870e-06,2.022312e-07,1.113212e-07,1.609376e-07,1.702993e-07,2.571281e-07,1.366274e-06,5.563369e-07
7.958984,5.937005e-07,6.533201e-06,1.835557e-06,8.155448e-06,1.189028e-06,4.558856e-06,4.442405e-06,9.126290e-07,1.782409e-06,7.670090e-07,2.747696e-06,3.079014e-06,1.075963e-06,2.332499e-06,8.231795e-07,1.089316e-06,3.464649e-07,1.555783e-06,2.433387e-07,1.330259e-07,1.345213e-07,7.797382e-08,3.321355e-07,1.925710e-06,1.949906e-07
8.007812,5.643743e-07,5.529753e-06,1.971770e-06,1.053985e-05,1.147153e-06,3.440141e-06,4.176332e-06,9.235801e-07,1.307138e-06,2.326499e-06,2.956119e-06,2.477161e-06,6.438912e-07,1.673172e-06,2.406742e-06,9.872201e-07,4.075120e-07,7.477074e-07,2.619669e-07,1.383986e-07,3.713822e-07,4.767984e-08,2.154599e-07,8.101333e-07,1.905980e-07
8.056641,1.475541e-06,4.673011e-06,2.978321e-06,1.230025e-05,9.986058e-07,2.280601e-06,3.448000e-06,5.204313e-07,8.464983e-07,3.813133e-06,3.127560e-06,3.166001e-06,1.017058e-06,1.225295e-06,2.200675e-06,9.248855e-07,3.557615e-07,4.299831e-07,3.803437e-07,5.472044e-07,3.278818e-07,7.546991e-08,2.297427e-07,2.177651e-06,1.942526e-07
8.105469,2.326132e-06,3.807389e-06,3.958306e-06,1.280026e-05,8.371384e-07,2.411353e-06,2.614844e-06,9.393173e-07,9.105779e-07,4.738691e-06,3.207385e-06,3.471574e-06,5.758053e-07,1.110682e-06,1.391205e-06,1.652125e-06,4.673752e-07,1.606459e-07,4.922874e-07,5.209331e-07,3.225702e-08,6.835638e-08,8.785616e-08,3.052349e-06,5.667594e-08
8.154297,2.852598e-06,2.784673e-06,4.276113e-06,1.199705e-05,7.837166e-07,2.697920e-06,2.037902e-06,2.103089e-06,1.359348e-06,5.101504e-06,3.364676e-06,2.994618e-06,1.500424e-08,7.408065e-07,1.506756e-06,1.939944e-06,3.945701e-07,2.738229e-07,3.248502e-07,1.833112e-07,3.476328e-08,1.800480e-07,2.078819e-07,2.552509e-06,2.234771e-07
8.203125,2.989999e-06,1.868929e-06,3.501568e-06,1.014030e-05,7.830039e-07,1.791057e-06,1.776011e-06,2.849314e-06,1.985944e-06,4.769946e-06,2.924343e-06,2.689025e-06,3.055828e-07,8.304704e-07,3.881979e-06,1.929567e-06,2.346631e-07,5.909589e-07,2.066299e-07,5.311208e-07,2.207265e-07,8.744035e-08,2.350980e-07,2.046978e-06,1.527591e-07
8.251953,2.808966e-06,1.793676e-06,2.058466e-06,7.477330e-06,7.287965e-07,5.197859e-07,1.133882e-06,2.974947e-06,2.885503e-06,3.864882e-06,2.106374e-06,3.515176e-06,1.320484e-06,1.240741e-06,5.003526e-06,1.965771e-06,1.270654e-07,7.388402e-07,8.419830e-08,6.542339e-07,4.102963e-08,3.117391e-08,2.516442e-07,1.880768e-06,1.516519e-07
8.300781,2.430818e-06,2.335520e-06,3.317432e-06,4.351592e-06,6.430396e-07,1.723592e-06,2.634779e-07,2.997445e-06,3.597600e-06,2.291953e-06,1.891886e-06,3.132083e-06,1.992778e-06,7.502639e-07,4.247200e-06,2.407660e-06,1.404165e-07,3.542974e-07,6.096154e-08,5.879718e-07,2.061479e-07,8.444845e-08,2.061187e-07,1.190288e-06,6.152006e-08
8.349609,1.978148e-06,2.652714e-06,6.384856e-06,1.449453e-06,5.755828e-07,2.611830e-06,1.944959e-06,2.757753e-06,3.700992e-06,1.039162e-06,1.817299e-06,1.284454e-06,1.737765e-06,1.284142e-06,3.583563e-06,2.459536e-06,1.958043e-07,1.371994e-06,4.786265e-07,1.474907e-07,1.946389e-07,5.871901e-08,7.725902e-08,1.527692e-06,3.950340e-07
8.398438,1.730630e-06,2.478903e-06,8.810245e-06,1.869713e-06,4.805245e-07,3.358124e-06,3.205882e-06,1.863700e-06,3.235006e-06,2.975156e-06,1.437919e-06,2.217495e-06,2.171826e-06,2.331904e-06,3.146426e-06,1.929508e-06,9.338709e-08,2.178574e-06,9.936005e-07,1.546142e-07,2.752956e-07,4.192412e-08,4.804019e-08,2.657612e-06,4.867359e-07
8.447266,2.153034e-06,1.870344e-06,9.738994e-06,3.936245e-06,3.056201e-07,3.848105e-06,3.838488e-06,2.820663e-06,2.656136e-06,4.687221e-06,1.105996e-06,3.849960e-06,2.729477e-06,2.124038e-06,1.062881e-06,2.155416e-06,1.923768e-07,2.367558e-06,1.083912e-06,4.138642e-07,2.283383e-07,1.534351e-07,3.951101e-08,1.414071e-06,6.736827e-07
8.496094,3.083056e-06,1.038198e-06,9.255279e-06,5.774515e-06,8.009336e-08,3.316372e-06,4.218443e-06,4.561211e-06,2.724905e-06,5.561959e-06,8.984992e-07,5.312945e-06,2.193988e-06,1.163693e-06,7.020442e-07,1.075501e-06,2.641207e-07,2.316254e-06,7.206008e-07,5.484402e-07,1.928033e-07,1.659055e-07,2.977431e-08,2.461414e-06,6.034659e-07
8.544922,3.987125e-06,5.411105e-07,8.533198e-06,7.202140e-06,1.269852e-07,2.071197e-06,4.508594e-06,4.596196e-06,3.256391e-06,5.512464e-06,6.202028e-07,5.526821e-06,1.432095e-06,2.684467e-07,1.204541e-06,1.163890e-06,8.081855e-08,1.471179e-06,3.419414e-07,9.160889e-08,1.546694e-07,8.215974e-08,4.504377e-08,6.666201e-07,3.790714e-07
8.593750,4.507191e-06,1.126072e-06,9.149779e-06,7.844362e-06,2.755548e-07,1.854259e-06,4.537952e-06,2.981130e-06,3.281482e-06,4.614527e-06,3.152245e-07,5.370305e-06,1.308524e-06,1.430089e-06,2.018168e-06,8.410871e-07,1.466699e-07,9.622589e-07,3.312992e-07,4.148287e-07,9.902087e-08,1.301987e-07,5.110119e-08,2.040485e-06,3.380546e-07
8.642578,4.516475e-06,1.861620e-06,1.105507e-05,7.387479e-06,3.710839e-07,2.227544e-06,4.438820e-06,1.767696e-06,2.741949e-06,3.522651e-06,3.183241e-07,4.937594e-06,1.903527e-06,2.367080e-06,2.188869e-06,1.243967e-06,2.378996e-07,2.002639e-07,8.753505e-08,6.854672e-07,1.946049e-07,1.380188e-07,9.908673e-08,2.033002e-06,3.384934e-07
8.691406,4.141996e-06,2.549971e-06,1.292506e-05,5.720820e-06,4.268073e-07,2.545084e-06,4.358053e-06,2.345745e-06,2.689301e-06,2.668000e-06,8.333697e-07,2.804164e-06,2.474720e-06,1.187068e-06,2.701622e-06,1.824317e-06,2.326250e-07,9.357371e-07,4.726696e-07,1.696960e-07,2.281441e-07,1.088717e-07,5.658871e-08,3.700570e-06,1.858446e-07
8.740234,3.735246e-06,3.154379e-06,1.384212e-05,2.936538e-06,4.442753e-07,3.471576e-06,4.002524e-06,2.565519e-06,2.987364e-06,1.704236e-06,1.510786e-06,6.396609e-07,2.551864e-06,9.838187e-07,3.125665e-06,1.980403e-06,2.121602e-07,1.153887e-06,3.902493e-07,5.493655e-07,1.635371e-07,1.163517e-07,1.854881e-07,4.107591e-06,5.499474e-07
8.789062,3.658470e-06,3.527308e-06,1.349799e-05,8.996585e-07,4.349216e-07,4.005365e-06,3.197891e-06,2.126684e-06,2.517787e-06,1.715822e-06,1.780445e-06,1.422228e-06,2.541720e-06,1.614763e-06,2.639747e-06,1.236078e-06,1.463456e-07,2.053521e-06,4.034604e-07,7.144388e-07,1.064401e-07,3.415327e-08,1.640968e-07,3.693048e-06,5.317053e-07
8.837891,3.909835e-06,3.451070e-06,1.201412e-05,4.770019e-06,4.202210e-07,3.363689e-06,2.286279e-06,1.892292e-06,1.460044e-06,3.127494e-06,1.612559e-06,1.034138e-06,1.873632e-06,1.080227e-06,1.802350e-06,9.814734e-07,4.616938e-08,1.870290e-06,3.869068e-07,1.205270e-07,1.893770e-07,5.357234e-08,1.460284e-07,3.602142e-06,6.508316e-07
8.886719,4.176995e-06,2.771784e-06,9.853816e-06,8.474368e-06,4.125648e-07,2.078634e-06,1.727601e-06,1.975870e-06,7.767492e-07,4.213034e-06,1.373319e-06,5.415662e-07,1.045970e-06,1.873369e-06,1.413327e-06,1.665179e-06,4.356444e-08,1.133579e-06,3.931513e-07,7.642617e-07,3.420271e-07,5.596582e-08,2.173570e-07,1.982027e-06,4.791726e-07
8.935547,4.218401e-06,1.508494e-06,7.686878e-06,1.130102e-05,4.251133e-07,1.338310e-06,1.479271e-06,1.525530e-06,8.075845e-07,4.402758e-06,9.352657e-07,8.816866e-07,9.674558e-07,2.146323e-06,1.690903e-06,1.880964e-06,8.156442e-08,4.009927e-07,9.630473e-08,1.227309e-06,3.630539e-07,8.847972e-08,2.739353e-07,4.812298e-07,2.680628e-07
8.984375,3.989674e-06,3.945831e-07,6.003023e-06,1.268271e-05,4.589057e-07,1.097738e-06,1.372156e-06,1.490495e-06,1.075884e-06,3.621598e-06,6.723639e-07,8.460690e-07,5.215386e-07,1.066634e-06,2.008754e-06,1.760635e-06,1.168056e-07,9.799543e-07,2.725167e-07,1.283959e-06,1.261701e-07,2.523063e-08,1.218751e-07,9.201589e-07,6.236510e-07
9.033203,3.602785e-06,2.024672e-06,4.669532e-06,1.214555e-05,4.682049e-07,1.071874e-06,1.552422e-06,2.619901e-06,1.042345e-06,2.304637e-06,9.321800e-07,9.895253e-07,3.761808e-07,7.532613e-07,1.764138e-06,1.290242e-06,1.040197e-07,1.171315e-06,1.907894e-07,9.742668e-07,1.958146e-07,1.631013e-07,8.334888e-08,1.360919e-06,4.462389e-07
9.082031,3.253757e-06,3.596792e-06,3.198487e-06,9.552402e-06,4.015464e-07,2.139587e-06,1.913864e-06,3.612379e-06,9.173593e-07,1.159215e-06,9.452713e-07,1.388301e-06,8.326945e-07,8.301735e-07,2.226426e-06,7.263760e-07,7.827867e-08,1.316041e-06,1.153444e-07,7.753522e-07,2.097446e-07,9.324123e-08,2.290125e-07,1.039528e-06,1.593693e-07
9.130859,3.104015e-06,4.814017e-06,1.443525e-06,5.733858e-06,2.588761e-07,3.470711e-06,2.132507e-06,4.025399e-06,9.643183e-07,6.237643e-07,1.028304e-06,1.693058e-06,8.819980e-07,1.595127e-06,3.507851e-06,1.082664e-06,1.521060e-07,9.924185e-07,3.658900e-07,6.550418e-07,1.807514e-07,1.457289e-07,1.292519e-07,2.408244e-06,4.290117e-08
9.179688,3.137357e-06,5.704428e-06,7.802047e-07,4.640316e-06,9.815621e-08,4.328370e-06,2.049432e-06,3.693655e-06,9.775803e-07,2.881027e-06,1.596334e-06,1.641752e-06,7.047072e-07,1.671331e-06,3.375733e-06,1.710141e-06,1.454284e-07,8.152651e-07,2.073028e-07,7.847359e-07,1.050023e-07,1.243100e-07,2.657180e-08,3.535511e-06,3.369932e-07
9.228516,3.175243e-06,6.433180e-06,2.310580e-06,8.007255e-06,2.841615e-08,4.340961e-06,1.770175e-06,2.949723e-06,1.539967e-06,5.350280e-06,2.257417e-06,1.247483e-06,1.335502e-06,1.741074e-06,1.912520e-06,1.825333e-06,2.375171e-07,7.533761e-07,2.404973e-07,5.202828e-07,4.545481e-08,9.054716e-08,3.360463e-08,2.812065e-06,2.529055e-07
9.277344,3.040859e-06,7.112717e-06,3.566037e-06,1.085642e-05,5.285677e-08,3.612300e-06,1.604850e-06,2.420751e-06,2.345149e-06,6.399783e-06,2.320992e-06,5.193454e-07,1.159120e-06,2.738759e-06,1.068530e-06,3.148960e-06,2.201421e-07,6.405222e-07,3.568284e-07,3.301808e-07,1.191428e-07,5.309273e-08,3.894487e-08,3.500940e-06,2.614868e-07
9.326172,2.670657e-06,7.665277e-06,4.474411e-06,1.190301e-05,1.504656e-07,2.717474e-06,1.733162e-06,2.131080e-06,2.861192e-06,5.511847e-06,1.920205e-06,6.366139e-07,2.184131e-07,3.428509e-06,7.676411e-07,2.791348e-06,1.357616e-07,1.166533e-06,4.052989e-07,4.008275e-07,1.755354e-07,5.945550e-08,4.671098e-09,3.199289e-06,4.310208e-07
9.375000,2.152963e-06,7.885863e-06,5.118961e-06,1.158221e-05,3.199887e-07,2.171431e-06,2.078183e-06,1.920698e-06,2.467141e-06,3.601953e-06,1.530003e-06,9.259647e-07,1.319381e-06,3.378945e-06,1.754435e-06,1.663392e-06,1.081276e-07,1.493938e-06,1.694088e-07,4.319025e-07,2.200812e-07,3.502204e-08,8.053620e-08,1.921869e-06,7.855324e-07
9.423828,1.730679e-06,7.609366e-06,5.444904e-06,1.057146e-05,4.786270e-07,1.940825e-06,2.594793e-06,1.656446e-06,1.729124e-06,2.053925e-06,9.168821e-07,8.897135e-07,1.764833e-06,2.466572e-06,2.144614e-06,1.185883e-06,2.086259e-07,1.489641e-06,1.947360e-07,3.356878e-07,1.679867e-07,6.517738e-09,1.093130e-07,1.470049e-06,5.248293e-07
9.472656,1.652993e-06,6.826961e-06,5.215898e-06,9.018230e-06,5.748420e-07,2.059394e-06,3.158206e-06,1.349469e-06,3.177136e-06,1.522674e-06,1.519958e-06,1.401090e-06,1.758180e-06,1.143891e-06,1.314717e-06,1.971981e-06,2.983158e-07,1.634697e-06,1.957206e-07,2.732813e-07,5.612052e-08,1.459095e-08,9.103450e-08,1.340012e-06,2.422226e-07
9.521484,1.827965e-06,5.710072e-06,4.206899e-06,7.257496e-06,5.916038e-07,2.772853e-06,3.517300e-06,1.132213e-06,4.521463e-06,1.970025e-06,2.343316e-06,1.682645e-06,1.432111e-06,4.431687e-07,5.598937e-07,2.440486e-06,3.275289e-07,1.305173e-06,1.953751e-07,4.654664e-07,6.627503e-08,9.684798e-08,6.904582e-08,1.856754e-06,1.966890e-07
9.570312,1.992482e-06,4.551103e-06,2.651204e-06,6.842534e-06,5.323129e-07,3.829242e-06,3.512768e-06,6.667197e-07,4.482558e-06,3.142668e-06,2.303864e-06,1.612216e-06,7.522247e-07,4.774678e-07,4.210372e-07,2.678377e-06,2.045501e-07,1.124364e-06,1.637608e-07,3.179502e-07,2.475440e-08,1.241555e-07,3.649712e-08,1.448248e-06,2.433696e-07
9.619141,2.049656e-06,3.611442e-06,2.523714e-06,8.222836e-06,4.074907e-07,4.702211e-06,3.191274e-06,1.435199e-06,3.501877e-06,4.184198e-06,1.770929e-06,1.351502e-06,6.323335e-07,5.697669e-07,6.113292e-07,1.952089e-06,6.382809e-08,1.043085e-06,1.131100e-07,2.425749e-09,1.638112e-07,5.730331e-08,9.240068e-08,1.066608e-06,1.984009e-07
9.667969,2.039409e-06,2.914105e-06,4.551703e-06,9.427801e-06,2.338766e-07,5.002368e-06,2.704638e-06,2.794442e-06,2.090762e-06,4.267513e-06,1.153938e-06,7.414508e-07,7.082750e-07,5.041232e-07,1.581519e-06,9.911933e-07,5.732324e-08,7.683169e-07,1.329468e-07,2.446069e-07,1.579219e-07,6.610779e-08,9.401724e-08,6.655968e-07,1.748033e-07
9.716797,2.034271e-06,2.244391e-06,6.383819e-06,9.334189e-06,3.129990e-08,4.615066e-06,2.130513e-06,3.739285e-06,6.198430e-07,3.687086e-06,1.562271e-06,7.522055e-07,5.503243e-07,8.715509e-07,2.037768e-06,5.941618e-07,1.217819e-07,5.967956e-07,1.931033e-07,4.231260e-07,8.667892e-08,1.620453e-07,1.209922e-07,1.204259e-06,1.675963e-07
9.765625,2.077670e-06,1.468374e-06,7.163124e-06,8.169745e-06,1.881212e-07,3.547152e-06,1.442859e-06,4.256500e-06,9.264205e-07,3.346446e-06,2.254441e-06,1.086854e-06,5.687579e-07,1.291213e-06,1.747626e-06,6.814059e-07,2.184764e-07,2.305251e-07,2.375809e-07,8.969210e-07,1.254858e-07,1.093370e-07,4.561814e-08,1.308357e-06,6.899705e-08
9.814453,2.154369e-06,9.157094e-07,6.890808e-06,6.665258e-06,4.071723e-07,1.905787e-06,6.480339e-07,4.139884e-06,1.281127e-06,2.934108e-06,2.127626e-06,1.259631e-06,1.676514e-06,1.210434e-06,1.772202e-06,1.070490e-06,1.948649e-07,1.102868e-06,1.697134e-07,9.239169e-07,1.697425e-07,7.927832e-08,9.348767e-08,4.012460e-07,1.011249e-07
9.863281,2.181402e-06,1.268847e-06,6.113640e-06,5.304576e-06,5.860020e-07,1.576451e-06,1.376234e-07,3.079449e-06,1.149601e-06,2.931987e-06,1.257173e-06,2.248582e-06,2.350117e-06,7.243788e-07,2.490254e-06,1.226054e-06,1.679087e-07,1.784671e-06,5.327231e-08,4.848232e-07,1.968946e-07,4.912892e-08,5.039864e-08,1.092400e-06,1.641814e-07
9.912109,2.047048e-06,1.813798e-06,5.506206e-06,4.144941e-06,6.651863e-07,3.587041e-06,6.744773e-07,1.650537e-06,1.018960e-06,4.124024e-06,1.693177e-07,3.082107e-06,1.996360e-06,9.218979e-07,2.577301e-06,1.231895e-06,1.062348e-07,1.461551e-06,1.916283e-07,2.308207e-07,1.077053e-07,5.079228e-08,1.091673e-08,9.454179e-07,2.271087e-08
9.960938,1.685210e-06,2.009511e-06,5.384453e-06,3.294503e-06,6.056709e-07,5.214293e-06,8.133308e-07,1.599188e-06,9.314437e-07,4.850045e-06,7.223038e-07,3.047598e-06,1.138131e-06,9.712838e-07,1.786798e-06,1.374701e-06,4.480683e-08,2.663126e-07,3.986984e-07,2.104716e-07,1.146455e-07,8.224290e-08,1.074308e-08,9.373413e-07,2.146457e-07
10.009766,1.130478e-06,1.804047e-06,5.727174e-06,3.722809e-06,4.259642e-07,5.989386e-06,5.502292e-07,2.319236e-06,8.134139e-07,4.467040e-06,4.559724e-07,2.502678e-06,1.075423e-06,7.408116e-07,8.952348e-07,1.289726e-06,7.939013e-08,6.014318e-07,5.015278e-07,5.582610e-07,9.266206e-08,5.484246e-08,1.513579e-07,1.213978e-06,1.949921e-07
10.058594,5.363399e-07,1.413082e-06,6.473352e-06,5.710106e-06,2.143556e-07,6.122610e-06,4.024393e-07,2.699181e-06,7.077896e-07,3.888468e-06,6.377716e-07,2.287427e-06,1.766561e-06,1.039407e-06,4.345270e-07,6.173249e-07,9.915641e-08,9.892039e-07,2.595172e-07,7.012975e-07,2.218929e-07,6.168794e-08,1.070495e-07,2.835713e-06,1.086412e-07
10.107422,3.179551e-07,1.276290e-06,7.535627e-06,8.049776e-06,1.644836e-07,5.794693e-06,9.025149e-07,2.850707e-06,6.550171e-07,3.999238e-06,1.050760e-06,1.899159e-06,2.266878e-06,1.075715e-06,6.747499e-07,6.431301e-07,1.115422e-07,1.785710e-06,2.932278e-07,5.303933e-07,1.389926e-07,5.648013e-08,9.558377e-08,2.179862e-06,2.881726e-08
10.156250,5.183951e-07,1.560190e-06,8.840327e-06,1.016084e-05,2.575668e-07,4.979265e-06,1.337515e-06,2.792634e-06,6.426802e-07,4.297343e-06,3.368560e-07,1.797764e-06,2.325002e-06,1.451773e-06,9.235453e-07,8.170690e-07,7.432012e-08,1.678279e-06,2.557430e-07,5.085356e-07,1.278911e-07,5.209857e-08,1.598477e-08,2.478348e-06,2.045572e-07
10.205078,5.391752e-07,1.888693e-06,1.025977e-05,1.218944e-05,3.177883e-07,3.933456e-06,1.623599e-06,2.197570e-06,9.755268e-07,4.579332e-06,1.452951e-06,1.663066e-06,2.119567e-06,2.005249e-06,3.426483e-07,1.532046e-06,4.651340e-08,1.116713e-06,1.733330e-07,2.139440e-07,6.889374e-08,7.581297e-08,4.218186e-08,3.867538e-06,2.177604e-07
10.253906,3.899146e-07,2.004994e-06,1.136569e-05,1.389063e-05,3.468954e-07,3.248345e-06,1.955101e-06,1.248169e-06,1.566051e-06,5.128094e-06,2.721068e-06,1.187373e-06,1.455060e-06,2.097493e-06,1.227060e-06,1.599563e-06,1.454529e-07,8.061583e-07,1.443646e-07,2.810631e-07,7.254794e-08,9.746423e-08,9.064951e-08,3.084661e-06,8.458203e-08
10.302734,3.724686e-07,1.858798e-06,1.153141e-05,1.408764e-05,3.675449e-07,2.866949e-06,2.310748e-06,1.154752e-06,2.110684e-06,5.441186e-06,3.270900e-06,1.129065e-06,6.263262e-07,1.637049e-06,1.760708e-06,9.671351e-07,1.400192e-07,9.226820e-07,3.657367e-07,2.531674e-07,1.227742e-07,1.385879e-07,5.087098e-08,2.897363e-06,1.526865e-07
10.351562,5.843053e-07,1.510734e-06,1.044362e-05,1.182481e-05,4.098816e-07,2.112441e-06,2.369276e-06,1.188987e-06,2.276297e-06,4.955988e-06,3.276961e-06,1.162392e-06,8.268571e-07,1.516717e-06,1.219125e-06,1.237403e-06,1.041849e-07,4.636650e-07,3.594070e-07,3.172703e-07,4.454529e-08,7.135995e-08,1.361781e-08,1.105399e-06,2.055361e-07
10.400391,7.648723e-07,1.083773e-06,8.604344e-06,8.005698e-06,4.932277e-07,8.604329e-07,1.940190e-06,6.989775e-07,2.021776e-06,3.791077e-06,3.573871e-06,7.577731e-07,8.899131e-07,1.393121e-06,3.411603e-07,1.048258e-06,5.057594e-08,4.529097e-07,3.053212e-07,4.837043e-07,5.989388e-08,1.088130e-07,4.551364e-08,1.278543e-06,3.181844e-07
10.449219,8.959083e-07,7.324134e-07,7.410186e-06,6.761189e-06,5.827705e-07,4.983901e-07,1.185844e-06,7.445071e-07,1.665430e-06,2.444888e-06,4.282557e-06,1.165886e-06,8.274520e-07,9.143444e-07,9.219259e-07,8.895686e-07,1.202121e-08,1.411215e-07,2.434539e-07,5.162442e-07,1.034118e-07,1.098210e-07,2.187498e-08,1.825046e-06,1.084341e-07
10.498047,1.102858e-06,5.585801e-07,7.771151e-06,9.048572e-06,6.277687e-07,1.326739e-06,4.812271e-07,8.565404e-07,1.163492e-06,1.571621e-06,4.189326e-06,1.828900e-06,1.042862e-06,2.464557e-07,1.402552e-06,7.628966e-07,2.781250e-08,2.889498e-07,1.367360e-07,3.482214e-07,7.265633e-08,8.585303e-08,5.327179e-08,1.833367e-06,8.689621e-08
10.546875,1.415048e-06,4.730740e-07,8.637827e-06,9.999923e-06,6.130825e-07,1.528355e-06,1.474436e-07,7.593888e-07,4.455368e-07,1.466218e-06,3.320849e-06,1.688132e-06,5.835591e-07,4.260066e-07,1.257170e-06,9.767968e-07,6.069782e-08,4.931174e-07,1.584231e-07,4.188987e-07,7.729248e-08,4.236920e-08,9.223351e-08,1.585262e-06,1.103236e-07
10.595703,1.704157e-06,4.403019e-07,8.891687e-06,8.321091e-06,5.620003e-07,1.299541e-06,4.486928e-07,8.057088e-07,5.194028e-07,1.376723e-06,2.778457e-06,2.129007e-06,3.870631e-07,6.865909e-07,6.464544e-07,1.792926e-06,6.272622e-08,8.990054e-07,1.069502e-07,3.340439e-07,1.020651e-07,5.052336e-08,6.157398e-08,8.044826e-07,2.097975e-07
10.644531,1.839346e-06,6.957330e-07,8.416178e-06,5.698304e-06,5.075700e-07,9.217999e-07,8.938258e-07,8.526093e-07,9.851434e-07,9.198762e-07,2.278742e-06,2.601990e-06,1.177096e-06,1.683728e-06,6.978537e-07,2.071388e-06,4.335349e-08,9.342870e-07,1.698108e-07,9.894976e-08,3.054346e-08,3.688109e-08,8.584582e-08,3.955807e-07,4.354538e-08
10.693359,1.780739e-06,1.151388e-06,7.643199e-06,4.895307e-06,4.656304e-07,5.182875e-07,1.291696e-06,8.558666e-07,1.447723e-06,2.793343e-07,1.474504e-06,2.060242e-06,1.603382e-06,2.199563e-06,9.257416e-07,2.191252e-06,8.075304e-08,4.141013e-07,2.724939e-07,9.836957e-08,8.240354e-08,1.070546e-08,8.963489e-08,1.023262e-06,1.834066e-07
10.742188,1.583975e-06,1.574648e-06,7.017580e-06,5.073121e-06,4.314468e-07,6.835150e-07,1.580101e-06,5.998242e-07,1.732480e-06,6.411145e-07,1.202821e-06,1.290535e-06,1.515214e-06,2.272333e-06,3.185774e-07,1.737098e-06,6.954641e-08,4.518381e-07,1.770458e-07,2.251909e-07,9.946855e-08,2.634372e-08,9.059709e-08,3.471971e-06,2.616474e-07
10.791016,1.337110e-06,1.859244e-06,6.725779e-06,4.017538e-06,3.911643e-07,1.397958e-06,1.730422e-06,6.539194e-07,1.806831e-06,1.317773e-06,1.518418e-06,2.869390e-07,1.591889e-06,2.391688e-06,1.503997e-06,1.437410e-06,5.624515e-08,7.281237e-07,1.207178e-07,2.400170e-07,1.238516e-07,2.603799e-08,7.247918e-08,2.339202e-06,2.516536e-07
10.839844,1.067834e-06,2.075886e-06,6.711596e-06,2.062063e-06,3.376775e-07,2.137325e-06,1.673760e-06,1.148599e-06,2.086398e-06,1.902707e-06,1.757384e-06,1.549228e-06,1.569901e-06,1.701111e-06,1.708528e-06,1.256898e-06,3.931827e-08,1.132393e-06,1.267828e-07,3.214629e-07,2.039841e-07,6.404393e-08,3.519954e-08,1.720162e-06,2.000412e-08
10.888672,7.423830e-07,2.417663e-06,6.834680e-06,1.761976e-06,2.837978e-07,2.689956e-06,1.507982e-06,1.194702e-06,2.604726e-06,2.275049e-06,1.735462e-06,2.826286e-06,1.230071e-06,6.006538e-07,2.305652e-06,5.304963e-07,7.007468e-08,1.934089e-06,1.949368e-07,5.358083e-07,1.039719e-07,9.338833e-08,2.177325e-08,8.402237e-07,1.607545e-07
10.937500,4.530318e-07,2.939682e-06,6.971559e-06,2.860683e-06,2.488073e-07,2.758080e-06,1.625334e-06,8.149177e-07,3.094572e-06,2.615445e-06,2.034968e-06,2.230110e-06,1.656869e-06,2.683262e-07,1.883646e-06,1.866201e-07,8.503898e-08,2.655408e-06,6.952241e-08,4.365227e-07,7.979151e-08,6.912699e-08,1.694535e-08,6.362311e-07,1.731075e-07
10.986328,6.341654e-07,3.466789e-06,6.913396e-06,3.278422e-06,2.227566e-07,2.086035e-06,2.039350e-06,4.689560e-07,3.548525e-06,3.136864e-06,2.174224e-06,1.535960e-06,2.398009e-06,5.810970e-07,1.279332e-06,2.957764e-07,9.403074e-08,1.879511e-06,1.235215e-07,4.186292e-07,9.285659e-08,5.593162e-08,5.166146e-08,2.721881e-06,4.456937e-08
11.035156,1.040535e-06,3.806554e-06,6.274420e-06,3.015454e-06,1.791447e-07,8.237105e-07,2.268234e-06,4.039656e-07,3.988744e-06,3.461371e-06,1.479483e-06,3.086637e-06,3.152003e-06,1.420147e-06,8.727709e-07,2.504561e-07,1.271669e-07,1.333660e-06,3.225713e-07,2.234341e-07,8.660231e-08,2.384171e-08,4.699585e-08,2.168256e-06,7.955309e-08
11.083984,1.306848e-06,3.896151e-06,4.725645e-06,2.441666e-06,1.205612e-07,1.265067e-06,2.039016e-06,4.914818e-07,4.046089e-06,3.301864e-06,1.291590e-06,3.390615e-06,3.337773e-06,2.897424e-06,1.599169e-06,1.024410e-06,1.091094e-07,7.584390e-07,1.984521e-07,2.722085e-07,3.928673e-08,4.725536e-08,2.905877e-08,8.198984e-07,1.823123e-07
11.132812,1.329839e-06,3.774228e-06,2.377165e-06,2.611924e-06,9.728374e-08,2.667568e-06,1.442319e-06,6.424210e-07,3.324178e-06,2.874457e-06,2.019595e-06,2.989937e-06,2.588493e-06,3.447803e-06,2.528360e-06,1.977194e-06,1.050540e-07,5.573735e-07,1.091508e-07,3.671363e-07,1.012716e-08,3.619171e-08,9.196812e-08,5.668263e-07,2.850139e-07
11.181641,1.130087e-06,3.460306e-06,7.463975e-07,3.861076e-06,1.311351e-07,3.413106e-06,8.737699e-07,7.463231e-07,1.998333e-06,2.476482e-06,2.132804e-06,2.878420e-06,1.423510e-06,2.927588e-06,2.613177e-06,2.194503e-06,2.899188e-08,3.740712e-07,2.057697e-07,1.381560e-07,4.335557e-08,1.954496e-08,6.769691e-08,4.392840e-07,2.397708e-07
11.230469,7.992053e-07,2.903731e-06,2.439684e-06,4.939188e-06,1.653364e-07,3.290764e-06,7.779079e-07,6.730334e-07,1.133558e-06,2.153258e-06,1.749555e-06,1.907885e-06,8.496465e-07,2.146474e-06,2.989278e-06,1.265212e-06,3.221354e-08,9.975041e-07,2.621300e-07,3.276905e-07,2.175946e-08,2.240506e-08,4.881086e-08,1.613563e-06,7.589214e-08
11.279297,4.338813e-07,2.107962e-06,3.257149e-06,5.383271e-06,1.807006e-07,2.530808e-06,8.128680e-07,3.307691e-07,1.767794e-06,1.889291e-06,1.357608e-06,1.523899e-06,4.241673e-07,1.186162e-06,3.107361e-06,5.844810e-07,2.580940e-08,1.538446e-06,2.697450e-07,4.451443e-07,6.669611e-08,5.398935e-08,5.842751e-08,1.013499e-06,7.291333e-08
11.328125,8.861257e-08,1.413531e-06,3.378590e-06,5.816559e-06,1.848394e-07,1.709419e-06,6.200482e-07,1.483258e-07,2.246141e-06,1.722754e-06,1.008078e-06,1.755665e-06,5.418946e-07,5.226834e-07,2.282951e-06,5.505196e-07,3.611293e-08,1.524398e-06,2.491185e-07,3.082159e-07,4.685230e-08,5.269283e-08,2.731372e-08,1.854023e-06,9.455557e-08
11.376953,2.165032e-07,1.608302e-06,4.281920e-06,6.660167e-06,1.894975e-07,1.278166e-06,3.830143e-07,3.829379e-07,2.047377e-06,1.822040e-06,9.535903e-07,1.285341e-06,7.600987e-07,3.919952e-07,1.063575e-06,1.541286e-06,4.136961e-08,1.287112e-06,2.040617e-07,5.105191e-07,7.979842e-08,3.630548e-08,2.672533e-08,6.377036e-07,2.621915e-08
11.425781,4.273490e-07,2.335382e-06,6.172519e-06,7.206514e-06,1.960493e-07,9.400491e-07,4.564296e-07,3.565357e-07,1.814685e-06,2.611978e-06,1.518462e-06,8.332012e-07,9.091055e-07,6.136596e-07,5.794067e-07,2.049893e-06,4.356720e-08,6.727853e-07,2.231598e-07,6.857187e-07,6.563735e-08,2.179890e-08,4.749459e-08,1.675530e-06,2.498636e-07
11.474609,4.749228e-07,2.926544e-06,8.065929e-06,7.157089e-06,1.946327e-07,4.794698e-07,5.418768e-07,6.669542e-07,2.216454e-06,3.516867e-06,1.952532e-06,1.777519e-07,1.034172e-06,1.007836e-06,3.925169e-07,1.837014e-06,4.292822e-08,4.060107e-07,2.446767e-07,5.046945e-07,1.171558e-07,1.331864e-08,5.085450e-08,1.897997e-06,2.038476e-07
11.523438,3.279938e-07,3.350955e-06,9.623889e-06,7.842848e-06,1.761783e-07,6.287694e-07,5.893634e-07,9.987775e-07,2.323952e-06,3.615996e-06,1.952300e-06,1.181901e-06,1.208318e-06,1.124809e-06,1.331376e-07,1.314180e-06,3.627910e-08,6.609661e-07,2.442564e-07,3.732783e-07,1.195262e-07,1.714320e-08,4.183305e-09,3.690713e-06,2.848822e-07
11.572266,2.550105e-07,3.806417e-06,1.095310e-05,1.021208e-05,1.405550e-07,1.091737e-06,7.123936e-07,1.144696e-06,1.622918e-06,2.861888e-06,1.563551e-06,1.717669e-06,2.594538e-06,1.060220e-06,5.514103e-07,9.622199e-07,8.170300e-08,8.453931e-07,4.712647e-08,2.540217e-07,9.995368e-08,1.966361e-08,3.647164e-08,1.121839e-06,1.480193e-07
11.621094,6.353774e-07,4.294543e-06,1.183690e-05,1.280752e-05,1.025785e-07,1.389534e-06,6.942104e-07,1.400546e-06,1.089369e-06,2.040846e-06,8.988422e-07,2.897263e-06,2.614996e-06,6.378136e-07,1.361236e-06,1.385093e-06,1.231416e-07,3.724352e-07,7.660196e-08,2.601369e-07,3.727965e-08,2.456714e-08,5.059459e-08,8.139543e-07,1.346233e-07
11.669922,1.021322e-06,4.535130e-06,1.164776e-05,1.405437e-05,1.057849e-07,1.540743e-06,3.859644e-07,1.565595e-06,1.951879e-06,2.004219e-06,4.818210e-07,3.883153e-06,1.787293e-06,2.561004e-07,1.661287e-06,9.036205e-07,4.771109e-08,6.877605e-07,1.715242e-07,3.672487e-07,3.333307e-08,7.367538e-08,1.717658e-08,5.793642e-07,1.311351e-07
11.718750,1.236392e-06,4.264452e-06,9.968996e-06,1.354258e-05,1.573287e-07,1.561943e-06,1.303055e-07,1.252460e-06,2.675422e-06,2.683071e-06,1.071385e-06,3.759254e-06,2.343506e-06,6.811091e-07,1.235779e-06,6.064104e-07,3.953936e-08,1.187773e-06,1.615307e-07,3.560631e-07,1.135632e-07,5.083896e-08,4.035550e-08,2.350944e-06,1.129727e-08
11.767578,1.264225e-06,3.494409e-06,7.050041e-06,1.187072e-05,2.081008e-07,1.366026e-06,5.741756e-07,5.462796e-07,2.604860e-06,3.083688e-06,1.656493e-06,2.926503e-06,2.641620e-06,8.942961e-07,9.003694e-07,1.737024e-06,5.558186e-08,1.299305e-06,1.296812e-07,2.012708e-07,1.433562e-07,6.492852e-08,3.635264e-08,9.210723e-07,8.612881e-08
11.816406,1.233734e-06,2.606656e-06,3.728061e-06,9.889230e-06,2.321853e-07,8.870209e-07,8.681975e-07,2.694079e-07,1.699643e-06,2.811748e-06,1.851898e-06,2.454947e-06,1.987542e-06,7.305930e-07,1.147165e-06,2.132234e-06,6.095302e-08,6.206817e-07,1.208372e-07,2.191931e-07,7.553209e-08,2.217445e-08,8.897772e-08,8.367418e-07,1.070502e-07
11.865234,1.311160e-06,2.182453e-06,1.054091e-06,7.839062e-06,2.322172e-07,4.083655e-07,1.026152e-06,5.860804e-07,4.049109e-07,2.418712e-06,1.723452e-06,2.439550e-06,1.276893e-06,5.364189e-07,7.811609e-07,1.624666e-06,3.325392e-08,1.429527e-07,1.627667e-07,3.106303e-07,3.355638e-08,3.428502e-08,7.232367e-08,3.203039e-07,1.341989e-07
11.914062,1.488593e-06,2.168898e-06,1.039650e-06,5.376125e-06,2.287376e-07,7.150227e-07,1.164302e-06,4.727795e-07,6.052011e-07,1.946801e-06,1.645565e-06,1.738256e-06,5.930541e-07,7.330458e-07,7.695622e-07,2.575981e-06,4.764174e-08,2.835976e-07,1.497312e-07,2.845277e-07,2.948904e-08,3.696384e-08,7.427119e-08,2.108850e-06,1.375418e-07
11.962891,1.646683e-06,1.915562e-06,1.665863e-06,2.484614e-06,2.292309e-07,9.978349e-07,1.429721e-06,4.119027e-07,9.035719e-07,1.049721e-06,1.774927e-06,5.588521e-07,1.303827e-07,9.836854e-07,9.880132e-07,2.725989e-06,2.879197e-08,1.909563e-07,6.885632e-08,2.940292e-07,8.421351e-08,3.145485e-08,7.606825e-08,2.243576e-06,1.548396e-07
12.011719,1.749756e-06,1.376629e-06,2.145890e-06,1.996637e-06,2.142885e-07,1.043389e-06,1.822604e-06,6.723307e-07,6.039608e-07,7.006210e-07,1.798213e-06,4.040614e-07,4.449769e-07,1.050076e-06,9.919474e-07,1.658270e-06,5.572967e-08,6.465490e-07,9.542552e-08,1.802737e-07,1.054747e-07,4.407192e-08,5.305877e-08,6.756781e-07,3.923430e-08
12.060547,1.843102e-06,1.750957e-06,3.365523e-06,4.761764e-06,1.669421e-07,1.141304e-06,2.113514e-06,6.882778e-07,4.504923e-07,1.009611e-06,1.523738e-06,4.497605e-07,8.512881e-07,1.031049e-06,2.099534e-06,6.618381e-07,2.112324e-08,6.634549e-07,1.063656e-07,6.083060e-08,7.567566e-08,6.619498e-08,4.464365e-08,1.448013e-06,1.546288e-07
12.109375,1.932326e-06,3.093534e-06,5.412198e-06,7.167885e-06,9.525187e-08,1.320189e-06,2.078404e-06,7.603951e-07,8.231308e-07,2.123565e-06,1.423249e-06,6.188334e-07,7.362653e-07,7.350739e-07,3.103237e-06,5.469998e-07,1.872052e-08,4.410556e-07,8.806076e-08,1.276254e-07,7.428870e-08,3.948574e-08,2.548536e-08,1.295246e-06,4.288991e-08
12.158203,1.935145e-06,4.350531e-06,7.755863e-06,8.833842e-06,4.847206e-08,1.369428e-06,1.742933e-06,1.118816e-06,1.021767e-06,3.776639e-06,1.534019e-06,9.642843e-07,4.995686e-07,1.995884e-07,2.901252e-06,7.095667e-07,6.440489e-08,1.300174e-07,1.320039e-07,3.261527e-07,9.079776e-08,5.776898e-09,5.387603e-09,1.032641e-06,3.792475e-08
12.207031,1.762424e-06,5.099944e-06,9.628327e-06,9.696566e-06,8.003890e-08,1.259296e-06,1.458793e-06,1.279441e-06,1.207475e-06,4.819716e-06,1.329542e-06,8.850872e-07,1.291492e-07,9.062371e-07,2.207678e-06,3.543343e-07,6.874895e-08,4.402433e-07,5.853783e-08,2.997134e-07,5.887398e-08,2.302188e-08,1.443439e-08,1.640309e-06,3.918765e-08
12.255859,1.401040e-06,5.301596e-06,1.037001e-05,9.648348e-06,9.844485e-08,1.151204e-06,1.496390e-06,1.138154e-06,1.478180e-06,4.869380e-06,1.123138e-06,8.042752e-07,7.358483e-07,1.089335e-06,2.386022e-06,3.808075e-07,7.047106e-08,8.263302e-07,1.500920e-07,3.568216e-07,1.192174e-07,1.309014e-08,5.082414e-09,1.646246e-06,1.706667e-07
12.304688,9.322698e-07,5.154224e-06,9.885331e-06,8.577832e-06,7.699008e-08,1.237267e-06,1.567177e-06,9.214857e-07,1.602821e-06,4.167619e-06,1.168661e-06,8.704108e-07,7.670881e-07,9.290819e-07,2.251743e-06,7.238622e-07,5.627129e-08,8.569319e-07,1.054625e-07,3.651388e-07,5.261407e-08,1.818734e-08,1.255586e-08,9.525288e-07,1.110620e-07
12.353516,5.217556e-07,4.869387e-06,8.883543e-06,6.596024e-06,2.384477e-08,1.417254e-06,1.435284e-06,6.338287e-07,1.622457e-06,3.067860e-06,1.055384e-06,6.883227e-07,7.262475e-07,8.873248e-07,2.592650e-06,1.128363e-06,4.686939e-08,6.773747e-07,4.921613e-08,2.036343e-07,7.134829e-08,3.666249e-08,1.266936e-08,5.983105e-07,1.393982e-07
12.402344,4.079410e-07,4.457571e-06,8.446821e-06,4.337370e-06,5.338865e-08,1.455805e-06,1.164252e-06,1.989949e-07,1.585177e-06,1.854231e-06,7.175838e-07,4.877497e-08,1.325014e-06,9.597897e-07,2.402212e-06,8.713086e-07,5.330956e-08,2.880998e-07,1.276845e-07,1.352010e-07,8.601211e-08,2.760881e-08,1.436620e-08,6.509103e-07,1.017105e-07
12.451172,5.015497e-07,3.770097e-06,8.793475e-06,3.263046e-06,1.172621e-07,1.443666e-06,8.745217e-07,7.449801e-07,1.413282e-06,1.202142e-06,5.079158e-07,5.013108e-07,1.911703e-06,8.751535e-07,1.520062e-06,1.205010e-06,4.549474e-08,3.327695e-07,9.746210e-08,9.681377e-08,5.243770e-08,2.984541e-08,3.989420e-08,1.700651e-06,8.181973e-08
12.500000,5.545841e-07,2.740404e-06,9.209090e-06,4.024944e-06,1.529988e-07,1.806524e-06,6.443975e-07,1.191020e-06,1.236005e-06,2.190957e-06,7.440664e-07,1.461053e-06,1.598385e-06,1.055592e-06,1.763366e-07,1.371178e-06,2.787095e-08,4.545485e-07,1.102657e-07,8.392353e-08,1.136930e-07,7.170215e-09,3.508928e-08,1.152476e-06,1.936897e-08
12.548828,5.789712e-07,1.534413e-06,9.273016e-06,5.385473e-06,1.482595e-07,2.493689e-06,6.890975e-07,1.252705e-06,1.182889e-06,3.237452e-06,1.099144e-06,2.587154e-06,8.625535e-07,1.400654e-06,1.579716e-06,1.095990e-06,5.597150e-08,7.874108e-07,2.212242e-07,8.511786e-08,4.169583e-08,2.201443e-08,3.054353e-08,2.059047e-06,1.503979e-07
12.597656,6.387972e-07,7.141739e-07,9.047205e-06,7.393465e-06,1.079408e-07,3.017797e-06,1.087372e-06,1.378363e-06,1.214057e-06,3.415819e-06,1.144082e-06,2.797886e-06,6.812130e-07,1.074590e-06,1.973659e-06,5.977536e-07,6.588632e-08,5.234499e-07,1.244085e-07,1.367106e-07,3.106350e-08,2.083526e-08,2.617545e-08,2.470663e-06,2.179982e-07
12.646484,7.167349e-07,1.039320e-06,8.513393e-06,9.988536e-06,6.461308e-08,3.055972e-06,1.524493e-06,1.780466e-06,1.253552e-06,2.898803e-06,5.618817e-07,2.321558e-06,8.425580e-07,7.616282e-07,1.469702e-06,1.171100e-06,3.087858e-08,4.497109e-07,4.209255e-08,1.883533e-07,7.475382e-08,3.112628e-08,2.892596e-08,2.286856e-06,1.350518e-07
12.695312,7.560447e-07,1.351815e-06,7.377289e-06,1.199928e-05,8.176273e-08,2.668207e-06,1.722148e-06,2.389648e-06,1.125786e-06,2.708876e-06,7.796658e-07,1.641324e-06,1.195984e-06,1.316832e-06,1.060380e-06,9.514510e-07,5.108830e-08,9.430434e-07,7.680044e-08,2.444439e-07,2.325557e-08,2.245306e-08,4.993781e-08,2.102969e-06,9.282633e-08
12.744141,7.344718e-07,1.270423e-06,5.398028e-06,1.213812e-05,1.184079e-07,2.368412e-06,1.588969e-06,3.077494e-06,7.470197e-07,3.052692e-06,1.413312e-06,9.740874e-07,1.386075e-06,1.474128e-06,1.411608e-06,2.968965e-07,5.545142e-08,1.066971e-06,1.242527e-07,1.585322e-07,4.448983e-08,2.645638e-08,1.022837e-08,1.822774e-06,1.157476e-07
12.792969,6.694717e-07,9.780342e-07,2.700799e-06,9.898771e-06,1.274307e-07,2.566431e-06,1.356950e-06,3.280869e-06,8.117708e-07,3.019819e-06,1.556117e-06,5.538565e-07,1.120110e-06,1.320807e-06,1.575223e-06,1.926222e-07,5.572263e-08,7.687872e-07,9.052282e-08,1.821742e-07,1.511326e-08,3.253298e-08,1.175468e-08,1.482005e-06,2.096648e-07
12.841797,5.923735e-07,8.548304e-07,1.306287e-06,5.799799e-06,1.020737e-07,2.821089e-06,1.417579e-06,2.723947e-06,1.263327e-06,2.432616e-06,1.893614e-06,4.876499e-07,9.036001e-07,7.560545e-07,1.482331e-06,9.647631e-07,3.128333e-08,7.503032e-07,5.219843e-08,2.198096e-07,7.384243e-08,1.989796e-09,4.221791e-08,6.575281e-07,1.572754e-07
12.890625,5.222815e-07,1.097065e-06,3.986251e-06,1.355687e-06,5.186523e-08,2.615228e-06,1.622455e-06,1.874143e-06,1.246609e-06,1.957524e-06,2.148286e-06,1.124816e-06,1.242850e-06,5.392653e-07,1.234682e-06,1.614654e-06,1.356630e-08,7.133936e-07,1.444398e-07,3.261324e-07,6.972548e-08,1.259409e-08,4.304080e-08,3.616618e-07,6.505075e-08
12.939453,4.540711e-07,1.492906e-06,6.185504e-06,3.785928e-06,1.064014e-08,1.864028e-06,1.574510e-06,1.278440e-06,1.471759e-06,1.990501e-06,2.036244e-06,1.660487e-06,1.635579e-06,1.361882e-07,1.443028e-06,1.330256e-06,2.915327e-08,6.661981e-07,1.283934e-07,2.535168e-07,6.226105e-08,1.969808e-08,3.705816e-08,7.090281e-07,1.155545e-07
12.988281,3.655357e-07,1.888537e-06,7.012853e-06,7.064086e-06,5.967386e-08,9.005965e-07,1.204294e-06,7.584071e-07,2.387993e-06,1.957132e-06,1.777870e-06,1.879366e-06,1.701471e-06,3.733216e-07,2.024413e-06,5.290540e-07,4.652299e-08,9.005280e-07,1.463686e-07,1.625040e-07,6.620113e-08,8.530353e-09,1.030953e-08,5.700851e-07,7.960909e-08
13.037109,2.396798e-07,2.185800e-06,6.218474e-06,9.160595e-06,9.751268e-08,9.042701e-07,8.144987e-07,3.413295e-07,2.929985e-06,1.601469e-06,1.056616e-06,1.331294e-06,1.327594e-06,3.013618e-07,1.622002e-06,2.976680e-07,3.997035e-08,5.269348e-07,1.367807e-07,1.237425e-07,4.405366e-08,1.753760e-08,7.897029e-09,1.389111e-06,6.630358e-08
13.085938,1.134912e-07,2.324716e-06,4.109732e-06,1.014362e-05,1.276414e-07,1.654061e-06,7.955998e-07,5.619189e-07,2.966473e-06,1.312379e-06,4.089829e-07,6.433567e-07,3.286023e-07,1.021663e-06,8.028444e-07,8.445949e-07,1.125241e-08,4.520711e-07,1.330750e-07,7.349261e-08,6.802969e-08,6.337874e-08,4.244199e-08,1.715863e-06,7.112346e-08
13.134766,1.918067e-07,2.370917e-06,1.481661e-06,1.016846e-05,1.590390e-07,2.260858e-06,8.281763e-07,9.749604e-07,2.970991e-06,1.490390e-06,1.349586e-06,8.928702e-07,1.097595e-06,1.297540e-06,8.378419e-07,1.332904e-06,1.361671e-08,2.917629e-07,5.982862e-08,1.378553e-07,8.275521e-08,4.034408e-08,5.659088e-08,1.616074e-06,8.788511e-08
13.183594,3.411436e-07,2.507934e-06,7.087003e-07,9.429453e-06,1.902467e-07,2.689262e-06,6.355965e-07,1.230982e-06,2.879405e-06,1.609594e-06,1.899695e-06,1.068292e-06,1.208527e-06,1.036297e-06,1.386689e-06,1.203985e-06,2.472232e-08,6.390659e-07,3.160787e-08,1.129303e-07,7.610719e-08,1.077838e-08,3.659357e-08,8.792784e-07,8.140653e-08
13.232422,4.350789e-07,2.813207e-06,1.781271e-06,8.086913e-06,2.102778e-07,2.831417e-06,4.337056e-07,9.825338e-07,2.584460e-06,1.689811e-06,1.984058e-06,7.551966e-07,6.444630e-07,4.881206e-07,1.423588e-06,9.096235e-07,4.366864e-08,8.367017e-07,4.284257e-08,1.078163e-07,5.689926e-08,3.348901e-08,5.000059e-08,2.397766e-06,1.265755e-07
13.281250,4.533699e-07,3.122786e-06,1.663700e-06,6.258225e-06,2.088055e-07,2.555437e-06,4.562713e-07,4.531526e-07,2.363067e-06,2.696475e-06,1.624191e-06,7.959462e-07,4.493172e-07,8.166060e-08,1.024326e-06,6.924659e-07,2.857791e-08,6.552887e-07,1.316431e-07,1.227252e-07,8.030000e-08,4.491474e-08,4.019394e-08,1.543883e-06,8.709192e-08
13.330078,4.135898e-07,3.222188e-06,9.396530e-07,4.425895e-06,1.822819e-07,1.975724e-06,3.819840e-07,2.904428e-07,2.226203e-06,3.690161e-06,1.059398e-06,1.402871e-06,1.262287e-06,2.757312e-07,8.414076e-07,6.579300e-07,1.593621e-08,9.919451e-07,1.332559e-07,2.638894e-07,5.296675e-08,2.449938e-08,2.517135e-08,1.748152e-06,3.841083e-08
13.378906,3.577990e-07,3.021178e-06,6.052286e-07,3.886589e-06,1.373374e-07,1.398047e-06,6.863931e-08,4.452497e-07,2.276362e-06,3.653622e-06,8.244283e-07,1.481673e-06,1.712542e-06,1.234262e-07,5.657675e-07,5.981687e-07,3.684842e-08,1.271544e-06,1.535678e-07,2.397003e-07,5.553921e-08,2.373402e-08,2.956965e-08,1.426682e-06,6.963387e-08
13.427734,3.501881e-07,2.572805e-06,4.274507e-07,4.797328e-06,9.751395e-08,9.217411e-07,4.571379e-07,1.457143e-06,2.436888e-06,3.735446e-06,1.040717e-06,8.331233e-07,1.360143e-06,7.907681e-07,1.419198e-07,4.967502e-07,3.777976e-08,9.382672e-07,1.024878e-07,1.765871e-07,7.091721e-08,3.568231e-08,4.207804e-08,1.346021e-06,1.205682e-07
13.476562,4.387234e-07,2.010136e-06,7.280470e-07,5.798012e-06,9.777987e-08,5.101693e-07,9.199704e-07,2.660272e-06,2.156349e-06,4.829574e-06,1.410520e-06,5.321149e-07,4.902361e-07,9.900829e-07,3.002949e-07,2.288802e-07,6.590239e-08,1.070782e-07,6.205331e-08,1.256810e-07,7.623301e-08,2.630941e-08,4.534816e-08,3.174559e-07,1.259125e-07
13.525391,5.794117e-07,1.471801e-06,2.172735e-06,6.777487e-06,1.195564e-07,8.047600e-07,1.174426e-06,3.676237e-06,1.408964e-06,4.888141e-06,1.638805e-06,1.055252e-06,1.020193e-06,6.777033e-07,5.167369e-07,2.321877e-07,5.377478e-08,8.081215e-07,7.484637e-08,2.013594e-07,6.821611e-08,1.839168e-08,3.939482e-08,4.319869e-07,4.270733e-08
13.574219,6.898936e-07,1.094194e-06,3.644944e-06,8.079135e-06,1.249340e-07,1.371435e-06,1.153926e-06,4.097507e-06,7.115850e-07,3.363548e-06,1.588153e-06,8.032593e-07,1.520698e-06,4.105847e-07,4.474660e-07,2.243695e-07,1.002508e-08,9.902988e-07,4.919235e-08,1.744278e-07,4.561969e-08,2.870667e-08,4.993048e-08,9.228172e-07,3.796376e-08
13.623047,7.154210e-07,1.047473e-06,4.760433e-06,9.207672e-06,1.086494e-07,1.657686e-06,9.318756e-07,3.481891e-06,4.302554e-07,1.951069e-06,1.294886e-06,1.313197e-07,1.374477e-06,4.789871e-07,5.959936e-07,3.159912e-07,2.615513e-08,2.782513e-07,6.061145e-08,5.476253e-07,5.607709e-08,4.383054e-08,4.773212e-08,7.181691e-07,5.449110e-08
13.671875,6.574249e-07,1.298880e-06,5.565755e-06,9.387810e-06,8.876558e-08,1.576273e-06,6.548608e-07,2.063550e-06,4.578893e-07,1.534590e-06,9.744046e-07,3.577379e-07,8.497352e-07,4.685217e-07,6.217193e-07,9.348348e-08,3.081385e-08,5.902981e-07,1.016782e-07,6.646929e-07,3.746888e-08,2.943163e-08,5.432777e-08,1.209775e-06,3.044569e-08
13.720703,5.776781e-07,1.577018e-06,6.228272e-06,8.637111e-06,8.293516e-08,1.242592e-06,4.381213e-07,1.351884e-06,4.687494e-07,1.668832e-06,9.726285e-07,4.033905e-07,5.244017e-07,2.397413e-07,7.611121e-07,5.150037e-07,1.745928e-08,1.173441e-06,5.370181e-08,3.815728e-07,3.064735e-08,1.228951e-08,2.258929e-08,2.682174e-07,7.573701e-09
13.769531,5.435131e-07,1.683126e-06,6.608788e-06,7.929790e-06,8.127320e-08,9.940289e-07,3.042776e-07,1.849631e-06,6.208791e-07,2.373715e-06,1.177435e-06,4.049068e-07,4.762074e-07,3.086344e-07,8.920263e-07,1.282095e-06,1.282060e-08,8.722394e-07,2.278020e-08,1.094214e-07,2.419712e-08,1.970090e-08,5.407582e-09,5.013150e-07,3.575305e-08
13.818359,5.440619e-07,1.539914e-06,6.408659e-06,7.930150e-06,7.375434e-08,1.178072e-06,2.167257e-07,1.989061e-06,9.206554e-07,2.263557e-06,1.228048e-06,6.380523e-07,1.229925e-06,8.739349e-07,8.106285e-07,9.391489e-07,7.754056e-09,4.538565e-07,3.010128e-08,1.608127e-08,1.054110e-08,1.734693e-08,4.083565e-08,9.714675e-07,5.405460e-08
13.867188,5.402722e-07,1.177670e-06,5.621802e-06,7.813470e-06,7.360060e-08,1.447347e-06,2.222638e-07,1.659500e-06,9.706970e-07,1.634916e-06,9.447975e-07,7.905508e-07,1.370456e-06,1.130204e-06,7.271907e-07,3.814906e-07,1.512904e-08,3.211552e-07,5.789021e-08,7.814598e-08,7.450553e-09,1.959466e-08,4.646646e-08,1.497801e-06,1.805704e-08
13.916016,5.465269e-07,7.306725e-07,4.628665e-06,6.644926e-06,8.752757e-08,1.442320e-06,3.596071e-07,1.013676e-06,8.435359e-07,1.266901e-06,5.093132e-07,1.280709e-06,1.126757e-06,8.240925e-07,7.189755e-07,8.014103e-07,1.391319e-08,2.150199e-07,1.580760e-08,3.055433e-07,2.242672e-08,1.232264e-08,4.849410e-08,2.737528e-07,7.075820e-08
13.964844,5.712168e-07,5.010750e-07,3.807879e-06,4.813880e-06,9.794584e-08,1.169159e-06,5.423289e-07,9.374855e-07,7.906004e-07,7.551299e-07,6.591430e-07,1.909410e-06,1.188776e-06,1.504458e-07,1.732786e-07,6.360294e-07,1.872020e-08,1.962935e-07,9.156846e-08,4.427305e-07,2.723495e-08,8.424895e-09,2.327450e-08,9.219112e-08,4.187815e-08
14.013672,5.552304e-07,7.084247e-07,3.217800e-06,4.366133e-06,9.367927e-08,8.813550e-07,7.025682e-07,1.472073e-06,6.650243e-07,7.286335e-07,7.653248e-07,2.064458e-06,9.095639e-07,3.093757e-07,5.887684e-07,2.875513e-07,2.815341e-08,7.667599e-07,1.532643e-07,2.500655e-07,2.764129e-08,2.788146e-08,3.154461e-08,5.543693e-07,9.504177e-08
14.062500,4.466588e-07,1.030630e-06,3.083505e-06,5.818619e-06,7.834187e-08,8.118882e-07,7.721997e-07,1.600341e-06,3.887865e-07,8.802178e-07,6.836995e-07,1.906621e-06,5.295422e-07,3.102185e-07,1.167657e-06,5.335274e-07,1.551049e-08,7.129777e-07,1.292603e-07,6.408890e-08,2.432527e-08,9.767473e-09,1.248768e-08,9.330578e-07,6.344149e-08
14.111328,3.078013e-07,1.388409e-06,3.790603e-06,7.108652e-06,6.329092e-08,8.243895e-07,7.678706e-07,1.724927e-06,1.836473e-07,1.424044e-06,1.016178e-06,1.789006e-06,5.640859e-07,2.162048e-07,1.511662e-06,1.147010e-06,8.710167e-09,9.442986e-07,4.698864e-08,9.847394e-08,3.219551e-08,1.156773e-08,2.596221e-08,1.730749e-06,4.313942e-08
14.160156,3.622002e-07,1.816801e-06,4.799147e-06,7.534061e-06,5.815903e-08,7.411481e-07,8.118198e-07,2.193318e-06,2.633276e-07,2.105802e-06,1.317456e-06,1.833184e-06,6.308215e-07,2.713711e-07,1.301554e-06,1.159556e-06,2.076971e-08,7.340455e-07,4.756372e-08,2.434900e-07,5.454860e-08,3.108778e-08,2.941018e-08,1.758799e-06,3.010201e-08
14.208984,5.441401e-07,2.270245e-06,5.292923e-06,7.401069e-06,6.145370e-08,6.601296e-07,8.743222e-07,2.472892e-06,3.289586e-07,2.084287e-06,1.480489e-06,1.771417e-06,8.271338e-07,4.327349e-07,1.409653e-06,1.106406e-06,3.423279e-09,5.900715e-07,5.944053e-08,3.519276e-07,3.725535e-08,2.085799e-08,1.209728e-08,1.532185e-06,5.958732e-08
14.257812,6.789721e-07,2.629421e-06,4.895843e-06,7.022139e-06,6.323451e-08,7.990474e-07,7.943926e-07,2.366044e-06,2.940467e-07,1.443123e-06,1.557601e-06,1.099625e-06,6.427996e-07,5.031416e-07,9.496348e-07,1.094504e-06,1.178232e-08,5.423171e-07,7.273702e-08,2.791594e-07,1.744085e-08,1.876965e-08,3.566208e-08,8.383998e-07,6.155963e-08
14.306641,7.814402e-07,2.780130e-06,3.661967e-06,6.244947e-06,5.657773e-08,1.039368e-06,5.712104e-07,2.043069e-06,2.681205e-07,1.070663e-06,1.307274e-06,2.948977e-07,7.560303e-07,2.047760e-07,1.150184e-06,3.895270e-07,1.837711e-08,7.388121e-07,8.160269e-08,1.413332e-07,3.256664e-08,4.796015e-10,1.974225e-08,1.224325e-06,7.376714e-08
14.355469,9.433638e-07,2.671217e-06,1.930934e-06,4.793518e-06,4.655324e-08,1.216879e-06,3.774624e-07,1.562792e-06,2.656664e-07,2.062062e-06,7.495961e-07,3.712698e-07,1.288855e-06,4.113801e-07,1.485337e-06,2.848154e-07,3.224287e-08,8.243056e-07,8.397031e-08,2.146151e-07,2.590370e-08,7.718083e-09,1.235162e-08,1.181069e-06,7.598092e-08
14.404297,1.164992e-06,2.333051e-06,1.291463e-06,2.794154e-06,5.120004e-08,1.383844e-06,2.782798e-07,9.013465e-07,1.160752e-07,3.253816e-06,3.763921e-07,3.699131e-07,1.224307e-06,9.107332e-07,1.366671e-06,9.913043e-07,2.993410e-08,4.557862e-07,7.087502e-08,2.567767e-07,2.310448e-08,1.123382e-08,2.776915e-08,1.002610e-06,8.738711e-08
14.453125,1.343634e-06,1.860844e-06,3.239202e-06,1.674359e-06,6.709529e-08,1.581096e-06,1.262108e-07,4.198647e-07,4.536582e-07,4.031233e-06,7.644770e-07,3.171173e-07,7.525733e-07,1.237082e-06,1.731927e-06,1.536454e-06,1.441112e-08,3.274579e-07,6.883728e-08,1.648700e-07,4.545690e-08,5.507501e-09,3.752343e-08,3.062451e-07,2.955051e-08
14.501953,1.391808e-06,1.381733e-06,5.243906e-06,3.193491e-06,7.433327e-08,1.658165e-06,1.736994e-07,7.186840e-07,8.784555e-07,4.050485e-06,1.101321e-06,2.549971e-07,3.679512e-07,1.244781e-06,1.619561e-06,1.681826e-06,1.965630e-08,5.846424e-07,1.154608e-07,8.938284e-08,5.462342e-08,1.294902e-08,1.723894e-08,6.717209e-07,2.995113e-08
14.550781,1.293452e-06,1.042551e-06,6.535300e-06,4.681598e-06,6.556248e-08,1.517329e-06,4.748116e-07,8.140541e-07,9.744236e-07,3.012936e-06,1.169221e-06,1.628103e-07,5.803860e-07,1.436678e-06,4.306956e-07,1.678462e-06,4.131479e-08,6.044072e-07,1.002419e-08,5.526797e-08,3.909950e-08,6.518113e-09,2.964381e-08,4.153584e-07,6.428890e-08
14.599609,1.096407e-06,9.841083e-07,6.702131e-06,5.160903e-06,4.605290e-08,1.356284e-06,7.530665e-07,4.545408e-07,7.290988e-07,1.329466e-06,1.069573e-06,1.421664e-07,1.113837e-06,1.166555e-06,1.254222e-06,1.414462e-06,3.092851e-08,8.828877e-07,9.640483e-08,1.536030e-07,2.104464e-08,1.223504e-08,2.490624e-08,1.000663e-06,3.315678e-08
14.648438,8.726307e-07,1.147480e-06,5.710060e-06,4.520044e-06,2.986488e-08,1.397914e-06,9.263842e-07,1.903434e-07,4.512006e-07,1.542121e-07,9.075644e-07,4.106113e-07,1.355684e-06,6.440830e-07,1.593644e-06,7.062297e-07,1.061990e-08,7.743334e-07,7.756753e-08,9.280082e-08,4.541487e-09,1.899652e-08,1.641152e-08,6.829130e-07,6.302837e-08
14.697266,6.720961e-07,1.309287e-06,4.044043e-06,3.195562e-06,2.897329e-08,1.395334e-06,9.469061e-07,8.653609e-07,2.289869e-07,3.115118e-07,6.481869e-07,5.411214e-07,1.277055e-06,8.609939e-07,1.885509e-06,7.723319e-07,1.153156e-08,3.559372e-07,6.375727e-08,2.757974e-07,1.740940e-08,7.440901e-09,1.823610e-08,4.497439e-07,4.504438e-08
14.746094,5.079637e-07,1.324291e-06,2.766024e-06,2.512861e-06,3.231256e-08,1.129652e-06,8.547042e-07,1.474174e-06,1.570845e-07,6.927103e-07,4.152822e-07,8.731853e-07,1.469842e-06,1.115703e-06,3.007227e-06,1.436595e-06,1.996319e-08,4.964725e-08,6.951072e-08,2.908716e-07,6.519372e-09,1.718715e-08,4.071525e-08,2.023949e-06,8.332150e-08
14.794922,3.918079e-07,1.190122e-06,2.756008e-06,3.540164e-06,3.051021e-08,9.810691e-07,7.617591e-07,2.076903e-06,4.774314e-07,1.142532e-06,3.451736e-07,1.101645e-06,1.533398e-06,1.097282e-06,3.135413e-06,1.046495e-06,1.093389e-08,7.610210e-08,1.103646e-07,2.737946e-07,9.021499e-09,1.183196e-08,3.582778e-08,9.044599e-07,6.636827e-08
14.843750,3.590930e-07,1.075489e-06,3.096185e-06,4.873201e-06,2.663712e-08,1.383352e-06,7.339922e-07,2.595236e-06,5.520721e-07,1.290893e-06,2.403890e-07,8.206890e-07,1.093327e-06,7.072440e-07,2.299454e-06,7.108739e-07,7.047095e-09,1.629717e-07,6.449770e-08,8.274503e-08,2.260856e-08,1.644026e-08,1.396062e-08,8.875120e-07,5.516627e-08
14.892578,4.017391e-07,1.188354e-06,3.200191e-06,5.645534e-06,3.197605e-08,1.798576e-06,7.247039e-07,2.739160e-06,4.399911e-07,1.609011e-06,4.934299e-07,3.779537e-07,1.239273e-06,5.263249e-07,1.921253e-06,6.737507e-07,1.979885e-08,4.510273e-07,8.083312e-08,7.908473e-08,3.602888e-08,1.593774e-08,1.330377e-08,1.146558e-06,1.002362e-08
14.941406,4.540589e-07,1.435920e-06,3.495079e-06,5.706608e-06,4.636188e-08,1.911386e-06,6.590862e-07,2.372820e-06,4.792965e-07,2.090089e-06,7.729798e-07,6.615217e-07,9.606210e-07,5.919004e-07,1.742564e-06,7.414995e-07,3.578190e-08,4.785534e-07,6.590361e-08,3.075732e-07,3.998680e-08,9.929887e-09,2.751743e-08,6.396642e-07,3.835200e-08
14.990234,4.741370e-07,1.595816e-06,4.061045e-06,5.192019e-06,5.802306e-08,1.796767e-06,5.004100e-07,1.758507e-06,6.295448e-07,2.271419e-06,8.442340e-07,8.535878e-07,1.285749e-07,7.435257e-07,7.322951e-07,4.669926e-07,2.736946e-08,7.366361e-07,8.293320e-08,3.043484e-07,3.899304e-08,1.037615e-08,1.832721e-08,1.553054e-06,5.559246e-08
15.039062,4.537843e-07,1.589601e-06,4.249854e-06,4.401133e-06,6.199754e-08,1.603440e-06,2.660633e-07,1.291840e-06,7.176870e-07,1.923565e-06,8.475393e-07,8.050751e-07,7.579231e-07,1.062245e-06,6.199595e-07,4.355793e-07,2.070712e-08,8.809697e-07,6.137426e-08,2.484147e-07,2.639244e-08,1.674956e-08,2.570863e-08,3.766124e-07,4.304379e-08
15.087891,4.020022e-07,1.497489e-06,3.561191e-06,3.740598e-06,6.504571e-08,1.326761e-06,2.523167e-08,9.705769e-07,7.503985e-07,1.286278e-06,7.738999e-07,7.520948e-07,6.529945e-07,8.800644e-07,1.615042e-06,7.442246e-07,1.958493e-08,8.702928e-07,6.730010e-08,2.197170e-07,2.758579e-08,2.762369e-08,1.552289e-08,1.016428e-06,6.947887e-08
15.136719,3.394483e-07,1.468651e-06,2.037523e-06,3.409296e-06,7.789018e-08,9.324260e-07,1.651809e-07,6.310592e-07,7.934172e-07,6.429513e-07,4.264394e-07,7.385692e-07,1.912665e-07,4.106740e-07,1.841332e-06,8.906457e-08,2.538950e-08,4.969687e-07,3.644171e-08,2.701855e-07,2.279877e-08,1.947260e-08,1.862544e-08,6.424494e-07,7.663828e-08
15.185547,3.026317e-07,1.540811e-06,3.498110e-07,3.105910e-06,9.734543e-08,6.316072e-07,2.401463e-07,6.367215e-07,8.645180e-07,1.090018e-06,4.003746e-07,7.472703e-07,3.770465e-07,3.120849e-07,1.573941e-06,9.563738e-07,2.832943e-08,8.268566e-07,6.384521e-08,1.971721e-07,2.482065e-08,1.077033e-08,1.428461e-08,1.037788e-06,5.580165e-08
15.234375,3.288424e-07,1.584974e-06,1.451019e-06,2.766292e-06,1.132531e-07,7.372922e-07,2.245492e-07,1.190030e-06,8.848192e-07,2.373424e-06,8.436994e-07,1.147751e-06,7.575271e-07,3.409830e-07,1.855959e-06,1.243389e-06,1.398711e-08,8.799430e-07,7.768733e-08,1.694161e-07,1.804014e-08,2.213261e-08,1.841067e-08,1.728528e-06,3.144801e-08
15.283203,4.103730e-07,1.455711e-06,2.077838e-06,3.259347e-06,1.210509e-07,8.900336e-07,1.858978e-07,1.669451e-06,8.073692e-07,3.059950e-06,9.491985e-07,1.328034e-06,1.139637e-06,7.070524e-07,1.877882e-06,1.356843e-06,2.702157e-09,5.980781e-07,9.014964e-08,2.429119e-07,2.563406e-08,2.114516e-08,1.280952e-08,6.079471e-07,1.154523e-08
15.332031,5.111254e-07,1.086027e-06,1.621442e-06,4.578570e-06,1.208874e-07,8.075002e-07,1.622933e-07,1.734570e-06,6.578906e-07,2.886028e-06,9.872141e-07,1.019176e-06,1.330351e-06,9.394922e-07,1.199965e-06,8.135947e-07,5.849683e-09,1.744158e-07,5.992182e-08,2.318334e-07,2.364149e-08,1.057850e-08,8.802735e-09,1.520438e-06,4.557341e-08
15.380859,6.032996e-07,5.000439e-07,3.914605e-07,5.528235e-06,1.134832e-07,5.432245e-07,1.695728e-07,1.446046e-06,4.431979e-07,2.610976e-06,1.196939e-06,5.476503e-07,1.244940e-06,9.139482e-07,3.535162e-07,3.281267e-07,4.681345e-09,2.452833e-07,9.026965e-08,2.477725e-07,1.870416e-08,1.016805e-08,1.781792e-09,1.329995e-06,4.379488e-09
15.429688,6.680444e-07,2.806064e-07,1.502624e-06,5.395940e-06,1.000583e-07,4.060169e-07,2.726503e-07,1.089400e-06,1.653811e-07,2.786871e-06,1.280051e-06,3.959034e-07,9.555186e-07,1.010224e-06,1.082102e-06,1.031682e-06,9.516327e-09,8.024981e-07,6.028261e-08,8.851695e-08,2.791904e-08,1.994878e-08,7.671765e-09,1.302562e-06,4.620012e-08
15.478516,6.913359e-07,9.833685e-07,3.138760e-06,4.231610e-06,8.423676e-08,5.307653e-07,3.993200e-07,6.634556e-07,1.377997e-07,2.951873e-06,1.154613e-06,7.283176e-07,6.060425e-07,8.309388e-07,2.035854e-06,1.120437e-06,1.483471e-08,1.215944e-06,7.581998e-08,7.347354e-08,1.865877e-08,2.617706e-08,1.864994e-09,7.314122e-07,2.122412e-08
15.527344,6.653286e-07,1.561735e-06,4.518385e-06,2.644855e-06,6.940370e-08,5.948955e-07,4.534136e-07,1.205820e-07,3.128510e-07,2.924845e-06,9.011991e-07,7.677379e-07,6.360506e-07,5.317913e-07,1.841843e-06,7.560808e-07,1.947045e-08,1.239661e-06,6.652002e-08,1.155855e-07,1.276235e-08,1.973130e-08,2.271479e-09,5.655704e-07,2.406720e-08
15.576172,5.922790e-07,1.898410e-06,5.704993e-06,1.368533e-06,5.379764e-08,5.612110e-07,4.092298e-07,6.159474e-07,4.116742e-07,2.783252e-06,5.533284e-07,4.867544e-07,9.236168e-07,5.476515e-07,1.281366e-06,3.411579e-07,2.629848e-08,8.640922e-07,3.464382e-08,3.009713e-08,2.055437e-08,1.683229e-08,3.967212e-09,1.086512e-06,1.065172e-08
15.625000,4.873958e-07,1.976572e-06,6.725239e-06,8.278076e-07,3.351423e-08,5.602694e-07,3.017487e-07,8.944129e-07,5.412592e-07,2.328061e-06,1.579651e-07,2.213746e-07,1.312530e-06,1.134699e-07,1.491964e-06,4.941059e-07,2.257203e-08,6.341508e-07,5.159098e-08,1.712374e-07,1.992581e-08,7.967647e-09,2.119626e-08,2.037638e-07,1.403056e-08
15.673828,3.785593e-07,1.869902e-06,7.347948e-06,1.034889e-06,9.342478e-09,6.510901e-07,1.861029e-07,7.736667e-07,6.947129e-07,1.420703e-06,5.176214e-07,4.517328e-07,1.813839e-06,4.192119e-07,1.735000e-06,8.348990e-07,1.443316e-08,9.245594e-07,4.180097e-08,7.809781e-08,8.726204e-09,3.188439e-09,1.333009e-08,1.295685e-06,2.801468e-08
15.722656,3.000324e-07,1.694692e-06,7.267317e-06,1.711924e-06,1.368146e-08,7.895901e-07,1.307146e-07,5.762095e-07,7.618412e-07,4.873195e-07,9.193417e-07,9.372945e-07,1.733179e-06,6.689030e-07,1.431700e-06,8.050836e-07,1.058076e-08,9.281565e-07,4.158119e-08,4.021491e-08,1.064632e-08,1.068367e-08,2.541275e-08,8.132280e-07,1.145804e-08
15.771484,2.706276e-07,1.519829e-06,6.429650e-06,2.615569e-06,3.061669e-08,8.950213e-07,2.129971e-07,5.413061e-07,6.970597e-07,6.800066e-07,9.910874e-07,6.730055e-07,1.113779e-06,9.115899e-07,5.851399e-07,8.444935e-07,2.519482e-09,6.324931e-07,3.032543e-08,1.994213e-07,1.734960e-08,1.780378e-08,2.596203e-08,3.987845e-07,4.897745e-08
15.820312,2.729042e-07,1.319826e-06,5.213746e-06,3.555455e-06,4.169357e-08,8.742315e-07,3.638039e-07,4.065060e-07,5.366358e-07,7.605263e-07,7.957473e-07,5.661634e-07,6.238841e-07,4.994226e-07,3.980045e-07,8.391628e-07,3.968528e-09,3.505264e-07,7.678574e-08,2.316669e-07,1.790435e-08,1.447417e-08,1.931445e-08,7.864804e-07,4.907965e-08
15.869141,2.819646e-07,1.041531e-06,4.340960e-06,4.171605e-06,4.937827e-08,6.871783e-07,5.082219e-07,1.662592e-07,3.787001e-07,8.108770e-07,6.203663e-07,1.156896e-06,4.543121e-07,7.290358e-07,7.199864e-07,7.531717e-07,9.079476e-09,6.578776e-07,1.769764e-08,2.644209e-08,3.034577e-09,1.178642e-08,1.260895e-08,3.055131e-07,6.858059e-08
15.917969,2.916358e-07,6.974014e-07,4.195444e-06,4.074812e-06,5.344346e-08,3.878939e-07,5.778161e-07,4.064052e-07,4.701852e-07,1.443794e-06,5.826141e-07,1.487395e-06,1.221207e-06,9.283963e-07,1.072438e-06,7.026007e-07,6.481828e-09,3.069689e-07,2.460279e-08,1.367412e-07,1.410141e-08,1.306179e-08,2.214603e-08,7.960592e-07,3.062361e-08
15.966797,3.027914e-07,4.308743e-07,4.220012e-06,3.270595e-06,5.163974e-08,1.857345e-07,5.264036e-07,6.731373e-07,6.766480e-07,2.084748e-06,5.287922e-07,1.207422e-06,1.629468e-06,8.115149e-07,9.192474e-07,5.170044e-07,1.627827e-08,8.791397e-07,5.732826e-08,7.803237e-08,3.554044e-09,2.937923e-09,1.706882e-08,1.083892e-06,2.535384e-08
16.015625,3.083174e-07,4.780996e-07,3.764993e-06,2.451707e-06,4.462334e-08,2.726101e-07,3.672920e-07,6.975690e-07,7.055112e-07,2.441808e-06,3.711222e-07,1.017610e-06,1.343232e-06,7.579283e-07,7.262501e-07,2.389563e-07,1.545889e-08,9.306877e-07,1.739180e-08,2.231879e-08,1.338152e-08,5.641292e-09,7.445232e-09,1.688797e-06,2.337751e-08
16.064453,2.937117e-07,6.385169e-07,2.678476e-06,2.396703e-06,3.814111e-08,2.277515e-07,1.757031e-07,4.705086e-07,5.362848e-07,2.276112e-06,1.798727e-07,1.440758e-06,9.996510e-07,4.343844e-07,8.230824e-07,3.656153e-07,6.021668e-09,3.442836e-07,4.644380e-08,1.149200e-07,2.707593e-08,2.522237e-09,1.743420e-08,1.049496e-06,2.500234e-08
16.113281,2.466673e-07,6.834668e-07,1.197027e-06,2.477664e-06,3.996669e-08,1.703747e-07,1.223393e-07,4.491533e-07,3.886457e-07,1.582277e-06,2.025550e-07,1.337398e-06,6.543281e-07,5.877338e-07,1.710163e-06,2.671120e-07,3.668944e-09,1.371789e-07,6.607010e-08,9.175256e-08,2.873073e-08,4.067413e-09,7.280867e-09,3.907742e-07,1.254139e-08
16.162109,1.702072e-07,5.723984e-07,2.950658e-07,2.021648e-06,5.056873e-08,5.728142e-07,2.754637e-07,8.029756e-07,4.583636e-07,8.584336e-07,3.651287e-07,1.069551e-06,4.312500e-07,7.160111e-07,2.034584e-06,5.307046e-07,2.147329e-09,2.234448e-07,7.144066e-08,1.182682e-07,1.806629e-08,6.426418e-09,1.553617e-08,1.879808e-06,1.693319e-08
16.210938,1.313127e-07,3.408804e-07,1.251281e-06,1.232322e-06,6.313475e-08,9.690079e-07,4.582166e-07,9.833966e-07,5.979179e-07,6.899677e-07,5.384867e-07,1.298428e-06,5.728622e-07,2.654228e-07,2.495605e-06,1.102259e-06,1.481781e-08,4.129727e-07,2.342525e-08,1.449188e-07,6.523984e-09,1.198037e-08,7.750793e-09,1.720133e-06,1.787874e-08
16.259766,2.332476e-07,6.853566e-08,1.442996e-06,7.365452e-07,7.047240e-08,1.210379e-06,5.901809e-07,9.514658e-07,7.082909e-07,1.286023e-06,5.420691e-07,1.490493e-06,6.083567e-07,2.464251e-07,2.947436e-06,1.900470e-06,2.117529e-08,4.849761e-07,4.818253e-08,1.746071e-07,4.608367e-09,1.234806e-08,1.220137e-08,1.239819e-06,2.431049e-08
16.308594,3.827436e-07,1.998261e-07,8.406627e-07,7.350314e-07,6.760223e-08,1.308571e-06,6.001590e-07,9.369187e-07,7.367923e-07,1.738088e-06,4.748821e-07,1.603836e-06,2.835885e-07,2.667156e-07,2.799928e-06,1.949449e-06,1.462263e-08,5.439922e-07,3.222936e-08,1.445234e-07,1.710663e-08,1.026213e-08,4.295509e-09,2.173089e-07,1.839837e-08
16.357422,5.162934e-07,3.692368e-07,8.145530e-07,8.237228e-07,5.380768e-08,1.339509e-06,4.995207e-07,9.289416e-07,7.014099e-07,1.500836e-06,6.808728e-07,1.531732e-06,1.153293e-07,8.352114e-08,1.923379e-06,2.187060e-06,8.022765e-09,4.392847e-07,3.150109e-08,1.221910e-07,2.981955e-08,6.043866e-09,1.148059e-08,5.824190e-07,1.389418e-08
16.406250,6.156446e-07,4.640949e-07,2.241268e-06,9.513365e-07,3.304972e-08,1.319967e-06,4.186463e-07,6.915057e-07,7.724103e-07,1.013698e-06,8.559243e-07,1.119601e-06,2.261212e-07,3.316956e-07,7.455992e-07,1.999381e-06,1.352787e-08,7.672282e-07,4.941912e-08,6.311958e-08,2.558954e-08,6.165487e-09,6.682695e-09,4.109670e-07,6.151921e-09
16.455078,6.906631e-07,5.503143e-07,3.536239e-06,1.189471e-06,1.265433e-08,1.199912e-06,4.509085e-07,3.090952e-07,9.704167e-07,1.311190e-06,7.958053e-07,5.892455e-07,3.860487e-07,6.830981e-07,6.160928e-07,1.258741e-06,8.774007e-09,5.619274e-07,4.950470e-08,2.422664e-08,2.240596e-08,7.618317e-09,6.461312e-09,2.499936e-07,6.408539e-09
16.503906,7.638174e-07,6.745152e-07,4.356818e-06,1.866418e-06,1.471022e-08,9.602934e-07,4.833061e-07,6.260159e-07,1.075070e-06,2.037044e-06,5.779616e-07,3.712785e-07,8.053338e-07,7.198172e-07,1.061188e-06,6.246770e-07,3.856199e-09,3.914552e-07,3.846577e-08,9.721181e-08,2.344677e-08,3.218463e-09,1.236902e-08,6.362189e-07,2.410689e-08
16.552734,8.399701e-07,7.895684e-07,4.685471e-06,2.884071e-06,3.081032e-08,7.543481e-07,4.448322e-07,1.076969e-06,9.905803e-07,2.234945e-06,4.667861e-07,7.022744e-07,9.442667e-07,5.760571e-07,9.294809e-07,2.316848e-07,3.392874e-09,3.278110e-07,2.458875e-08,1.371912e-07,2.316700e-08,3.503397e-09,1.833123e-08,1.160168e-06,6.454899e-08
16.601562,8.943514e-07,8.184911e-07,4.635995e-06,3.791302e-06,4.524424e-08,8.664358e-07,3.709576e-07,1.287918e-06,7.820875e-07,1.554838e-06,5.180506e-07,8.308430e-07,4.713314e-07,3.157717e-07,4.429632e-07,2.339763e-07,1.745849e-09,1.626984e-07,1.481286e-08,9.968617e-08,1.916522e-08,6.314340e-09,1.554579e-08,1.804664e-07,6.463233e-08
16.650391,8.939124e-07,7.377505e-07,4.227201e-06,4.483323e-06,5.498367e-08,1.103107e-06,3.077299e-07,1.265127e-06,4.739434e-07,1.523071e-06,4.615936e-07,7.466816e-07,2.314579e-07,4.607172e-07,6.197633e-07,1.410765e-07,8.751356e-09,1.575423e-07,1.629140e-08,5.989134e-08,2.416418e-08,1.733842e-09,8.786109e-09,7.381482e-07,2.292044e-08
16.699219,8.219835e-07,6.297032e-07,3.371801e-06,5.485077e-06,5.737226e-08,1.142757e-06,2.682700e-07,1.064794e-06,8.773432e-08,2.399854e-06,3.588329e-07,7.201038e-07,6.610799e-07,4.338923e-07,1.070507e-06,2.236741e-07,6.404350e-09,3.843223e-08,1.975388e-08,4.479959e-08,1.355995e-08,7.813247e-09,2.008910e-09,4.168417e-07,6.834755e-09
16.748047,6.851773e-07,6.699583e-07,2.122571e-06,7.252378e-06,5.212481e-08,9.201167e-07,2.584240e-07,7.158884e-07,4.063351e-07,2.464707e-06,3.036493e-07,6.731545e-07,6.809087e-07,3.673137e-07,9.946898e-07,2.949044e-07,1.463342e-08,1.914009e-07,1.812171e-08,5.336736e-08,1.454199e-08,5.859261e-09,5.310676e-09,1.001196e-06,9.114923e-09
16.796875,5.058995e-07,8.676140e-07,1.106707e-06,9.325583e-06,4.189739e-08,5.454048e-07,2.607185e-07,2.813286e-07,6.187007e-07,1.806480e-06,2.500447e-07,5.247316e-07,5.186227e-07,6.052913e-07,1.091362e-06,3.087293e-07,1.211052e-08,5.579248e-07,1.397585e-08,9.024716e-08,2.629142e-08,5.142646e-09,4.877119e-09,1.717814e-06,9.645272e-09
16.845703,3.130891e-07,1.055565e-06,1.656084e-06,1.084234e-05,3.081356e-08,2.031764e-07,2.540568e-07,1.351698e-07,5.535970e-07,1.035410e-06,2.768177e-07,3.459971e-07,7.374828e-07,8.695669e-07,8.253882e-07,3.329850e-07,1.119774e-08,7.242439e-07,3.701069e-08,1.125430e-07,2.245300e-08,7.200159e-09,1.154390e-08,1.054067e-06,1.911102e-08
16.894531,1.513686e-07,1.129419e-06,2.503758e-06,1.125918e-05,2.282991e-08,2.251929e-07,2.560391e-07,4.122612e-07,3.225866e-07,4.504823e-07,4.890970e-07,7.317619e-07,5.489478e-07,6.773456e-07,5.642686e-07,5.175707e-07,7.588381e-09,8.374439e-07,3.205432e-08,1.917765e-07,1.509306e-08,7.080845e-09,1.299166e-08,8.649113e-07,7.083234e-09
16.943359,1.449466e-07,1.072400e-06,2.946610e-06,1.061284e-05,2.026672e-08,3.744745e-07,2.758070e-07,5.714962e-07,4.522902e-08,2.932192e-07,6.663419e-07,1.045133e-06,5.866519e-07,6.924168e-07,9.698406e-07,2.493177e-07,3.901549e-09,6.549818e-07,5.316820e-08,1.595106e-07,1.345209e-08,1.517971e-08,1.480540e-08,1.919279e-06,2.247491e-08
16.992188,2.364876e-07,9.324827e-07,3.111863e-06,9.323350e-06,2.147625e-08,4.439028e-07,2.877486e-07,6.672083e-07,2.080848e-07,2.255230e-07,7.102461e-07,1.106135e-06,6.560775e-07,7.065888e-07,1.352709e-06,2.695437e-07,4.657118e-09,6.978905e-07,7.014224e-08,1.135622e-07,1.974684e-08,9.294604e-09,2.872509e-09,1.287605e-06,2.377597e-08
17.041016,2.983536e-07,7.977864e-07,3.310667e-06,7.672760e-06,2.373206e-08,4.474132e-07,2.736156e-07,7.033088e-07,2.939036e-07,9.976951e-07,1.009287e-06,8.937027e-07,8.665984e-07,3.382621e-07,1.462476e-06,3.461103e-07,1.054592e-08,6.600043e-07,6.562795e-08,8.028791e-08,1.700930e-08,1.089183e-08,1.282663e-08,5.136378e-07,2.740897e-08
17.089844,3.303475e-07,7.461943e-07,3.750180e-06,5.589562e-06,2.688480e-08,3.988568e-07,2.306548e-07,6.451835e-07,1.744693e-07,2.010111e-06,1.411043e-06,4.235423e-07,7.648351e-07,4.453517e-07,1.340373e-06,6.114694e-07,7.539345e-09,3.460704e-07,9.764657e-09,1.253252e-07,1.932344e-08,1.013947e-08,8.460854e-09,1.030582e-06,1.643437e-08
17.138672,3.681008e-07,7.696090e-07,4.373466e-06,3.208502e-06,3.083422e-08,2.927888e-07,1.792366e-07,6.934491e-07,1.974258e-07,2.554024e-06,1.461945e-06,3.470003e-07,2.175012e-07,7.027783e-08,1.121482e-06,1.107527e-06,6.317314e-09,2.627350e-07,4.036232e-08,1.055026e-07,2.650568e-08,3.751568e-09,9.118644e-09,2.410058e-06,2.753000e-08
17.187500,4.303428e-07,7.906529e-07,4.899646e-06,2.321334e-06,3.340579e-08,1.510933e-07,1.757138e-07,1.035557e-06,3.656124e-07,2.272451e-06,1.147240e-06,4.566352e-07,2.090567e-07,4.580259e-07,9.447989e-07,1.170389e-06,4.247926e-09,4.320418e-07,6.433523e-08,1.504767e-07,3.168017e-08,1.027170e-08,2.862763e-09,1.856488e-06,1.524148e-08
17.236328,4.946773e-07,7.472644e-07,5.053197e-06,4.113661e-06,3.255227e-08,1.850873e-07,2.254988e-07,1.336406e-06,4.364225e-07,1.684710e-06,6.458965e-07,1.694623e-07,6.030656e-07,6.099092e-07,9.330323e-07,7.679839e-07,4.452409e-09,4.300941e-07,3.688946e-08,1.166930e-07,2.685041e-08,1.081999e-08,3.722466e-09,8.510915e-07,2.665830e-08
17.285156,5.309044e-07,6.224406e-07,4.870567e-06,5.901867e-06,2.880215e-08,3.774963e-07,2.879966e-07,1.383902e-06,4.327912e-07,1.640266e-06,5.223264e-08,4.593983e-07,7.795040e-07,5.371435e-07,1.071776e-06,5.833701e-07,1.444306e-09,2.542456e-07,1.726283e-08,1.593964e-07,2.731264e-08,1.171319e-09,5.676471e-09,7.172232e-07,1.529186e-08
17.333984,5.288639e-07,4.470430e-07,4.786636e-06,7.010429e-06,2.544613e-08,5.714273e-07,3.485541e-07,1.248213e-06,3.614575e-07,1.506787e-06,6.414167e-07,1.002394e-06,8.058134e-07,6.798177e-07,1.754957e-06,6.569126e-07,4.418618e-09,1.918739e-07,6.034284e-08,1.779919e-07,1.192347e-08,7.727830e-09,1.209531e-08,1.022874e-06,3.114347e-08
17.382812,4.981049e-07,3.192572e-07,5.053767e-06,7.450887e-06,2.592189e-08,7.581543e-07,3.900776e-07,1.034389e-06,3.383092e-07,8.240774e-07,9.512357e-07,1.142524e-06,1.131322e-06,9.438659e-07,1.675356e-06,6.450016e-07,5.929262e-09,3.961076e-07,5.567717e-08,1.523371e-07,1.818088e-08,8.832113e-09,1.652039e-08,1.087825e-06,4.640089e-08
17.431641,4.532249e-07,3.671991e-07,5.201264e-06,7.408738e-06,2.988117e-08,9.331279e-07,4.076292e-07,7.395124e-07,3.823722e-07,2.272114e-07,8.624871e-07,1.031531e-06,1.347667e-06,1.024759e-06,8.207268e-07,5.056452e-07,6.217332e-09,7.355729e-07,1.421883e-08,2.133803e-08,1.098341e-08,6.697057e-09,1.115165e-08,5.912610e-07,1.069215e-08
17.480469,4.005701e-07,5.082968e-07,4.684640e-06,7.320928e-06,3.441695e-08,1.082607e-06,4.110852e-07,4.269338e-07,3.682253e-07,1.187000e-06,7.465569e-07,9.207921e-07,1.304854e-06,8.393125e-07,1.424851e-07,2.608304e-07,3.188223e-09,5.936708e-07,1.947403e-08,6.371788e-08,4.285520e-09,2.001086e-09,6.627084e-09,6.751800e-07,2.592655e-08
17.529297,3.387769e-07,6.312551e-07,3.652586e-06,7.584418e-06,3.707838e-08,1.225132e-06,3.864526e-07,2.321394e-07,3.901885e-07,1.726143e-06,6.702876e-07,9.917471e-07,9.788780e-07,5.089693e-07,1.743696e-07,2.799969e-07,3.601857e-09,2.885557e-07,3.163659e-08,1.954195e-08,3.298609e-09,3.978024e-09,9.652315e-09,1.923634e-06,1.734520e-08
17.578125,2.689723e-07,6.981792e-07,3.246146e-06,7.907682e-06,3.681788e-08,1.379940e-06,3.314019e-07,3.291131e-07,4.487757e-07,1.625749e-06,4.349209e-07,1.104902e-06,3.500446e-07,2.722948e-07,3.859340e-08,3.825732e-07,4.266366e-10,2.929774e-07,2.351760e-08,6.203244e-08,1.083048e-08,3.636212e-09,3.320944e-09,1.812410e-06,1.960711e-08
17.626953,2.005741e-07,6.875641e-07,4.122302e-06,7.621272e-06,3.467732e-08,1.479182e-06,3.201261e-07,7.974253e-07,4.186436e-07,1.363142e-06,3.440410e-07,9.451115e-07,6.852590e-07,2.196507e-07,4.947133e-07,3.671027e-07,5.408866e-09,1.374739e-07,5.274115e-08,1.039513e-07,1.257155e-08,2.594220e-09,1.085837e-08,1.433960e-06,1.627887e-08
17.675781,1.488408e-07,5.855869e-07,5.131255e-06,6.475930e-06,3.357546e-08,1.411321e-06,3.733835e-07,1.305969e-06,3.103982e-07,1.144613e-06,3.640213e-07,6.668577e-07,9.542581e-07,4.029430e-08,9.013210e-07,1.632746e-07,4.895531e-09,2.614529e-07,1.050797e-08,4.181647e-08,2.124621e-09,5.139197e-09,1.561087e-08,2.318095e-07,2.225986e-08
17.724609,1.256630e-07,4.186861e-07,5.566873e-06,4.831606e-06,3.583271e-08,1.144721e-06,3.926644e-07,1.590134e-06,2.096208e-07,1.258405e-06,3.806508e-07,5.647972e-07,7.469358e-07,2.934257e-07,1.141079e-06,2.839774e-07,3.187146e-09,3.159694e-07,2.952199e-08,8.227512e-08,1.492976e-08,5.216202e-09,1.305871e-08,1.206641e-06,1.204523e-08
17.773438,1.241556e-07,3.433636e-07,5.469147e-06,3.363107e-06,4.059011e-08,7.685172e-07,3.385110e-07,1.620486e-06,2.114640e-07,2.110337e-06,3.880674e-07,4.154135e-07,3.535956e-07,4.267959e-07,1.060539e-06,2.546685e-07,4.654000e-09,2.328841e-07,3.012472e-08,1.832476e-07,2.122774e-08,7.796800e-09,7.719965e-09,2.324482e-07,5.598632e-09
17.822266,1.229511e-07,5.108640e-07,5.167234e-06,2.560718e-06,4.497037e-08,4.378037e-07,2.428906e-07,1.537173e-06,2.648482e-07,2.597594e-06,2.873870e-07,3.149221e-07,3.903487e-07,4.451761e-07,3.705234e-07,3.898947e-07,2.792694e-09,5.231885e-07,4.277695e-09,1.814424e-07,9.346354e-09,7.472029e-09,1.463916e-09,1.082544e-06,1.177500e-08
17.871094,1.052072e-07,7.186449e-07,4.976087e-06,2.215711e-06,4.617461e-08,2.945895e-07,1.471068e-07,1.299398e-06,2.582500e-07,2.585710e-06,3.317360e-07,3.482301e-07,4.788202e-07,7.026875e-07,6.851935e-07,3.123680e-07,5.823694e-09,5.880560e-07,2.337976e-08,1.070957e-07,7.393184e-09,4.312652e-09,1.689143e-09,1.012470e-06,4.633166e-09
17.919922,6.385043e-08,8.180430e-07,5.047759e-06,1.833883e-06,4.266542e-08,3.253784e-07,1.024953e-07,7.942291e-07,1.863362e-07,2.524692e-06,3.257342e-07,2.757227e-07,5.209419e-07,8.209634e-07,1.358012e-06,3.851300e-07,4.362478e-09,5.518932e-07,2.100495e-08,2.268674e-08,2.156201e-09,2.208907e-09,4.582558e-09,3.987465e-07,6.638201e-09
17.968750,2.048652e-08,7.660833e-07,5.254626e-06,1.409372e-06,3.511685e-08,3.858455e-07,1.193191e-07,3.929852e-07,2.129533e-07,2.284715e-06,2.825552e-07,3.485087e-08,7.535083e-07,7.234549e-07,1.539839e-06,5.609961e-07,2.948031e-10,3.028857e-07,1.920663e-08,5.905566e-08,1.475001e-08,3.969046e-09,1.077331e-08,2.605855e-07,7.688055e-09
18.017578,8.426046e-08,6.091977e-07,5.244381e-06,1.363169e-06,2.634434e-08,3.946196e-07,1.020515e-07,7.515092e-07,3.134715e-07,1.842064e-06,2.694846e-07,2.636359e-07,7.585269e-07,4.858029e-07,1.280306e-06,4.531888e-07,1.174876e-09,1.395291e-07,3.306515e-08,1.002501e-07,1.392229e-08,4.196791e-09,1.591368e-08,9.659248e-07,1.394616e-08
18.066406,1.539084e-07,5.183792e-07,4.774118e-06,1.622811e-06,1.923191e-08,3.077521e-07,8.969278e-08,1.008344e-06,2.797900e-07,1.453271e-06,1.544786e-07,3.641421e-07,5.340201e-07,2.929482e-07,9.837188e-07,3.080346e-07,3.746793e-09,1.225838e-07,2.398472e-08,6.961506e-08,4.515003e-09,5.327398e-09,1.772489e-08,5.749710e-07,1.656003e-08
18.115234,1.996302e-07,6.455532e-07,4.011495e-06,1.805083e-06,1.381747e-08,1.327412e-07,1.860274e-07,9.855325e-07,2.204592e-07,1.012601e-06,2.839100e-07,2.898373e-07,4.166780e-07,1.695890e-07,8.924208e-07,5.102687e-07,5.996123e-09,8.700728e-08,1.225824e-08,5.102149e-08,1.643638e-09,4.371379e-09,8.774088e-09,5.488779e-07,2.013623e-08
18.164062,2.100216e-07,8.297560e-07,3.531158e-06,1.943770e-06,8.572871e-09,8.872565e-08,2.690922e-07,7.829999e-07,4.164211e-07,9.797304e-07,3.255781e-07,5.727551e-07,6.612924e-07,9.096528e-08,7.457931e-07,6.955190e-07,6.459880e-09,2.353338e-07,3.308368e-08,9.666685e-08,1.186669e-09,2.968370e-09,8.266655e-10,4.430581e-07,1.493573e-08
18.212891,1.899335e-07,9.036452e-07,3.700921e-06,2.049344e-06,4.682703e-09,2.359155e-07,2.823885e-07,5.384116e-07,5.312064e-07,2.207931e-06,4.124110e-07,9.745606e-07,7.945343e-07,2.671399e-07,6.407145e-07,7.132411e-07,3.310469e-09,1.944498e-07,3.377545e-08,1.015576e-07,9.913026e-09,3.900248e-09,7.893175e-09,1.237120e-07,6.693910e-09
18.261719,1.667102e-07,8.189704e-07,4.182703e-06,1.843177e-06,4.155818e-09,2.849193e-07,2.341542e-07,3.655221e-07,4.361621e-07,3.330680e-06,5.633332e-07,1.078400e-06,5.497258e-07,4.134728e-07,6.919846e-07,3.282798e-07,4.910730e-10,1.253482e-07,3.051246e-08,5.976101e-08,1.846519e-08,3.693858e-09,3.662767e-09,1.088450e-06,7.201681e-09
18.310547,1.758671e-07,6.223463e-07,4.614469e-06,1.202014e-06,3.714288e-09,2.698066e-07,1.619063e-07,2.827861e-07,2.532354e-07,3.235068e-06,5.268486e-07,8.934296e-07,2.818534e-07,2.284738e-07,5.221164e-07,4.114516e-07,1.832274e-09,1.893974e-07,2.958268e-08,4.558201e-08,7.683445e-09,6.538466e-09,2.533047e-09,5.470808e-07,4.688146e-09
18.359375,2.096865e-07,4.566221e-07,4.873276e-06,6.648913e-07,6.500338e-09,2.978690e-07,1.023795e-07,2.160182e-07,1.311804e-07,2.085877e-06,3.954831e-07,9.178396e-07,5.291878e-07,5.069361e-07,6.678895e-07,5.094090e-07,4.013470e-09,4.383677e-07,8.616023e-09,3.986809e-08,2.145984e-09,4.319361e-09,4.044413e-09,5.547476e-07,9.166113e-09
18.408203,2.328575e-07,4.728859e-07,4.870769e-06,1.107641e-06,1.176114e-08,3.894574e-07,7.739448e-08,1.147391e-07,8.815136e-08,1.992409e-06,2.907434e-07,8.884383e-07,6.472272e-07,4.386648e-07,8.449300e-07,2.562325e-07,2.779746e-09,5.150762e-07,9.591239e-09,4.876164e-08,5.006918e-09,9.192316e-10,1.275029e-09,1.240587e-06,9.962811e-09
18.457031,2.271745e-07,5.571759e-07,4.608830e-06,1.478506e-06,1.486603e-08,4.914241e-07,8.176631e-08,1.684117e-07,1.467202e-07,2.487623e-06,2.144875e-07,5.377950e-07,5.443379e-07,1.922750e-07,6.334426e-07,2.885263e-07,2.633072e-09,3.896920e-07,7.930260e-09,4.656009e-08,7.822520e-09,6.609176e-10,3.834792e-09,7.066775e-07,2.077081e-08
18.505859,1.942517e-07,5.597724e-07,4.352045e-06,1.469862e-06,1.486095e-08,5.828051e-07,9.298156e-08,3.556934e-07,1.559677e-07,1.992311e-06,1.162475e-07,1.836092e-07,4.185922e-07,8.740681e-08,8.573624e-07,2.644159e-07,2.458525e-09,9.874596e-08,1.812883e-08,8.005279e-08,7.585161e-09,1.006656e-09,7.600457e-10,1.671628e-06,1.239768e-08
18.554688,1.471019e-07,4.615479e-07,4.415560e-06,1.320248e-06,1.531891e-08,6.535978e-07,1.032264e-07,4.534934e-07,2.051016e-07,1.071975e-06,1.365377e-07,1.045759e-07,5.150203e-07,3.809304e-08,1.076668e-06,2.888022e-07,1.936292e-09,1.540354e-07,1.188151e-08,1.349336e-07,4.596795e-09,5.977361e-10,3.625211e-09,6.864374e-07,6.889761e-09
18.603516,1.005903e-07,3.160557e-07,4.663713e-06,1.336713e-06,1.903734e-08,7.043456e-07,1.205902e-07,4.122810e-07,3.172868e-07,3.603285e-07,2.983918e-07,2.173156e-07,5.402914e-07,8.219163e-08,7.177698e-07,2.200398e-07,5.063153e-10,1.616244e-07,2.132241e-08,1.160976e-07,5.938649e-09,2.204352e-09,4.197174e-09,2.559336e-07,1.720010e-08
18.652344,6.352616e-08,2.034611e-07,4.679421e-06,1.621601e-06,2.248503e-08,7.408954e-07,1.493204e-07,3.945521e-07,3.935678e-07,3.479599e-07,3.555850e-07,1.164484e-07,6.437299e-07,2.035247e-07,1.476889e-07,6.383071e-07,2.118135e-09,3.495369e-07,2.535719e-08,5.327443e-08,3.574651e-09,6.709429e-09,9.004252e-09,1.262341e-06,1.703616e-08
18.701172,3.790426e-08,1.782856e-07,4.277955e-06,1.976506e-06,2.276559e-08,7.406661e-07,1.817743e-07,4.229115e-07,4.746815e-07,7.193462e-07,3.650370e-07,3.746240e-07,9.083546e-07,2.309336e-07,8.292060e-07,9.333645e-07,5.431674e-09,5.889728e-07,9.706862e-09,3.543541e-08,4.371297e-09,5.538481e-09,6.154443e-09,1.775880e-06,1.638869e-08
18.750000,2.725519e-08,2.072456e-07,3.593928e-06,2.079023e-06,2.088207e-08,6.726867e-07,2.051128e-07,2.610996e-07,5.268164e-07,8.171473e-07,3.777166e-07,5.963020e-07,8.243462e-07,1.728317e-07,8.932505e-07,7.726250e-07,7.041538e-09,3.860634e-07,3.266443e-08,2.864241e-08,2.810701e-09,2.743813e-09,6.550979e-09,1.526408e-06,2.637060e-08
18.798828,3.175541e-08,2.465426e-07,2.872887e-06,1.765451e-06,1.948659e-08,5.535620e-07,1.978661e-07,9.085256e-08,4.686580e-07,1.415894e-06,3.223426e-07,3.680281e-07,4.472408e-07,1.834917e-07,6.206764e-07,3.844029e-07,4.829213e-09,1.184370e-07,2.679823e-08,3.785641e-08,4.789687e-09,2.416928e-09,1.088565e-08,1.567774e-07,2.029320e-08
18.847656,4.161342e-08,2.652756e-07,2.252986e-06,1.235989e-06,1.891002e-08,4.475469e-07,1.426048e-07,4.112854e-07,3.351241e-07,2.110295e-06,1.320357e-07,5.725116e-07,2.378320e-07,4.004310e-07,2.934764e-07,2.480173e-07,3.119188e-09,8.328050e-08,1.833435e-08,7.891863e-08,4.540822e-09,3.323982e-09,9.846132e-09,4.309153e-07,2.631289e-08
18.896484,5.854221e-08,2.400890e-07,1.749624e-06,1.103208e-06,1.765387e-08,4.054060e-07,5.193412e-08,5.807987e-07,2.345806e-07,2.521622e-06,1.215928e-07,8.695630e-07,3.235432e-07,4.850404e-07,2.959393e-07,1.433195e-07,1.861147e-09,2.342700e-07,3.793213e-09,9.891869e-08,2.695499e-09,3.184656e-09,7.008913e-09,9.700888e-07,1.854178e-08
18.945312,8.321087e-08,2.068915e-07,1.347536e-06,1.530617e-06,1.542135e-08,4.117761e-07,5.214757e-08,6.728065e-07,1.953692e-07,2.589238e-06,2.844483e-07,9.440349e-07,3.065078e-07,4.149158e-07,7.396889e-07,2.909239e-07,1.035378e-09,4.887595e-07,2.345309e-08,1.051391e-07,4.674125e-09,2.204987e-09,4.225137e-09,2.054365e-07,7.201630e-09
18.994141,1.058289e-07,2.755379e-07,9.569435e-07,2.118464e-06,1.229166e-08,4.076860e-07,1.000269e-07,7.674511e-07,1.446604e-07,2.164286e-06,4.020685e-07,9.203651e-07,2.025200e-07,4.882700e-07,8.452468e-07,3.312189e-07,2.517193e-09,5.025654e-07,2.116772e-08,4.779311e-08,1.085815e-08,2.226571e-09,2.130306e-09,3.263161e-07,7.770816e-09
19.042969,1.144336e-07,4.222162e-07,5.533247e-07,2.796549e-06,7.280906e-09,3.673744e-07,9.340650e-08,8.273991e-07,5.629662e-08,1.361888e-06,5.295404e-07,7.914011e-07,3.839723e-07,3.810908e-07,5.353418e-07,4.169252e-07,3.412652e-09,2.672658e-07,1.439145e-08,7.618552e-08,1.036465e-08,1.429820e-09,3.931655e-09,5.981895e-07,8.911374e-09
19.091797,1.020965e-07,5.583725e-07,9.456643e-07,3.493174e-06,5.961167e-10,3.408967e-07,5.788645e-08,8.550406e-07,8.874109e-08,5.082359e-07,5.059722e-07,9.961537e-07,7.339419e-07,2.155648e-07,4.106488e-07,5.367548e-07,2.495154e-09,1.336810e-07,1.060745e-08,2.242873e-08,8.825550e-09,2.207402e-09,6.598647e-09,4.084835e-07,1.624028e-08
19.140625,6.976044e-08,6.514646e-07,1.884566e-06,4.063540e-06,8.778207e-09,3.520377e-07,6.566906e-08,8.979041e-07,2.354543e-07,4.340927e-07,4.283494e-07,1.189804e-06,8.585099e-07,4.363511e-07,4.426899e-07,2.884380e-07,1.761544e-10,4.657749e-07,1.948334e-09,2.960112e-08,3.144606e-09,2.007991e-09,2.840371e-09,1.635310e-06,1.058105e-08
19.189453,2.668006e-08,7.101862e-07,2.693064e-06,4.401556e-06,1.586015e-08,3.732414e-07,9.833981e-08,9.530977e-07,3.648830e-07,1.292170e-06,5.155732e-07,1.093108e-06,6.876621e-07,4.129787e-07,3.566787e-07,5.525265e-07,2.200873e-09,3.645646e-07,1.222810e-08,4.770542e-08,3.156928e-09,4.324642e-09,8.458377e-09,1.449836e-06,1.340342e-08
19.238281,2.845426e-08,7.539800e-07,3.062699e-06,4.442585e-06,1.945897e-08,4.462687e-07,1.037943e-07,9.740165e-07,4.219694e-07,1.960251e-06,4.955312e-07,7.878412e-07,4.413158e-07,1.881544e-07,2.240565e-07,1.087902e-06,2.249904e-09,1.801458e-07,1.363058e-08,4.378224e-08,3.586724e-09,4.339944e-09,7.390352e-09,1.243993e-06,2.203115e-08
19.287109,6.698682e-08,7.835179e-07,2.920990e-06,4.146917e-06,1.928130e-08,5.256918e-07,7.647470e-08,9.475225e-07,4.163276e-07,2.452527e-06,2.641672e-07,4.452812e-07,2.218232e-07,8.214119e-08,3.518895e-07,1.159594e-06,2.204955e-09,3.014450e-07,3.475349e-09,3.835311e-08,8.542659e-10,2.567201e-09,5.330829e-09,1.940007e-08,8.814292e-09
19.335938,9.635527e-08,7.812388e-07,2.491946e-06,3.570262e-06,1.672077e-08,5.252701e-07,3.546635e-08,8.695969e-07,4.340080e-07,2.922925e-06,1.280635e-08,3.174691e-07,9.643707e-08,2.968446e-07,8.008148e-07,8.460414e-07,1.144960e-09,3.747718e-07,5.454154e-09,7.374552e-08,7.086871e-09,2.633564e-09,3.162482e-09,8.501289e-07,1.306103e-09
19.384766,1.174797e-07,7.352746e-07,2.216781e-06,2.972292e-06,1.364414e-08,5.723842e-07,1.547591e-08,7.116480e-07,5.027618e-07,3.207407e-06,1.085799e-07,3.765892e-07,1.836116e-07,4.565967e-07,9.057148e-07,2.698669e-07,2.296264e-09,3.247072e-07,1.136584e-08,7.113523e-08,7.382088e-09,1.895168e-09,5.507952e-09,8.213994e-07,1.257599e-08
19.433594,1.360078e-07,6.544940e-07,2.255480e-06,2.762431e-06,1.085956e-08,7.729161e-07,3.180149e-08,4.925377e-07,5.806491e-07,3.180168e-06,3.990533e-08,3.595021e-07,2.116045e-07,4.625882e-07,8.926583e-07,7.334061e-08,1.812401e-09,3.995282e-07,2.189272e-10,5.724523e-08,4.118237e-09,1.007480e-09,6.490651e-09,7.651144e-07,7.035965e-09
19.482422,1.560659e-07,5.629537e-07,2.216161e-06,2.972234e-06,7.842192e-09,9.191277e-07,6.373274e-08,2.873412e-07,6.504960e-07,2.975680e-06,6.604477e-08,3.068584e-07,2.019578e-07,3.904468e-07,8.183698e-07,9.825120e-08,2.425892e-09,4.019399e-07,1.121675e-08,2.312933e-08,4.567618e-09,3.421620e-09,8.899990e-09,1.210762e-06,8.660030e-09
19.531250,1.776049e-07,4.801655e-07,1.751698e-06,3.119507e-06,4.138189e-09,8.848181e-07,9.117618e-08,1.635181e-07,6.545742e-07,2.530502e-06,7.196106e-08,1.876067e-07,2.660905e-07,3.377082e-07,4.780532e-07,3.822638e-07,2.500025e-09,2.187509e-07,5.894408e-09,7.552111e-08,8.050102e-09,6.596011e-09,6.857091e-09,1.253490e-06,5.680225e-09
19.580078,1.986748e-07,4.048740e-07,8.725850e-07,2.881294e-06,2.449727e-09,7.278489e-07,1.051657e-07,1.594646e-07,5.330913e-07,1.698344e-06,1.488201e-07,2.371452e-07,3.930040e-07,6.875659e-08,3.436755e-08,4.289959e-07,3.165084e-09,5.205824e-08,1.695192e-08,7.681976e-08,1.051825e-08,4.480508e-09,1.304003e-09,1.213391e-06,8.051751e-09
19.628906,2.182019e-07,3.246584e-07,7.240019e-07,2.440227e-06,5.705937e-09,5.186821e-07,1.346743e-07,1.976621e-07,3.483385e-07,9.124354e-07,2.349881e-07,4.232526e-07,3.904023e-07,2.564316e-07,3.977279e-07,5.667356e-07,4.169741e-09,1.189010e-07,2.349248e-08,4.617632e-08,7.374523e-09,1.956850e-09,1.518372e-09,1.258863e-06,4.927399e-09
19.677734,2.356883e-07,2.451720e-07,1.833291e-06,2.432342e-06,7.854391e-09,2.459741e-07,1.818244e-07,2.151276e-07,2.049806e-07,8.868114e-07,3.082710e-07,4.651807e-07,4.046251e-07,3.819001e-07,4.512995e-07,7.514873e-07,4.025278e-09,1.133031e-07,1.094262e-08,4.922895e-08,5.890760e-09,3.342960e-09,3.310814e-09,1.547056e-06,5.577814e-09
19.726562,2.492121e-07,2.082812e-07,2.729663e-06,3.011353e-06,7.567005e-09,1.920298e-07,2.053317e-07,1.793775e-07,5.739816e-08,9.324953e-07,4.244991e-07,4.674874e-07,6.047575e-07,3.209525e-07,3.324646e-07,6.466888e-07,3.335597e-09,1.212338e-07,5.124853e-09,9.124597e-08,6.795747e-09,2.140244e-09,7.675327e-09,1.170896e-06,3.316097e-09
19.775391,2.552547e-07,2.380158e-07,3.124758e-06,3.581928e-06,5.640419e-09,4.352030e-07,1.894850e-07,8.361981e-08,1.550015e-07,9.461017e-07,4.248456e-07,2.686341e-07,5.450396e-07,2.016605e-07,4.510251e-07,5.664595e-07,1.938876e-09,5.035939e-08,9.526935e-09,1.101997e-07,7.840217e-09,9.464484e-10,4.771279e-09,4.385750e-07,1.296896e-09
19.824219,2.514469e-07,2.857476e-07,2.995717e-06,3.776004e-06,4.921625e-09,5.078085e-07,1.686892e-07,9.958521e-08,2.656706e-07,1.059191e-06,2.588540e-07,1.275596e-07,3.598483e-07,2.918010e-07,6.750587e-07,9.541081e-07,1.483273e-09,1.327696e-07,1.492858e-08,9.194407e-08,1.037201e-08,2.264134e-09,1.080034e-09,3.484026e-07,3.594436e-09
19.873047,2.396233e-07,3.183505e-07,2.590269e-06,3.659306e-06,6.232502e-09,3.988564e-07,1.853079e-07,2.428520e-07,2.499744e-07,1.039434e-06,9.891707e-08,4.108742e-07,3.243496e-07,3.430798e-07,5.997688e-07,1.194954e-06,2.158880e-09,2.445133e-07,1.506432e-08,4.608079e-09,1.063784e-08,2.772351e-09,1.706463e-09,1.420892e-06,1.664336e-08
19.921875,2.257735e-07,3.388300e-07,2.385069e-06,3.672635e-06,6.707356e-09,2.553337e-07,2.164030e-07,4.171288e-07,2.085277e-07,1.060266e-06,1.788371e-07,5.166633e-07,3.854963e-07,3.240619e-07,2.768333e-07,1.029697e-06,8.841114e-10,2.594443e-07,1.673784e-08,6.665797e-08,7.392360e-09,1.515255e-09,3.727065e-09,1.644367e-06,1.207885e-08
19.970703,2.155541e-07,3.522368e-07,2.584549e-06,4.191157e-06,5.284419e-09,2.216897e-07,2.311650e-07,5.855026e-07,1.791534e-07,1.151593e-06,2.681798e-07,5.178754e-07,2.809274e-07,3.907675e-07,5.465357e-08,6.071283e-07,3.015166e-09,2.446584e-07,2.286229e-08,1.055867e-07,2.857413e-09,2.327843e-09,1.737266e-09,4.663749e-07,9.621535e-09
20.019531,2.090184e-07,3.458453e-07,2.791946e-06,4.889353e-06,2.723063e-09,2.136830e-07,2.277420e-07,6.722464e-07,1.451442e-07,1.000975e-06,3.532166e-07,4.048805e-07,2.552465e-07,3.798397e-07,2.745553e-07,1.141936e-07,3.043472e-09,1.959729e-07,1.024663e-08,9.476604e-08,1.947434e-09,2.801443e-09,4.578424e-09,1.024106e-06,5.447055e-09
20.068359,2.013869e-07,3.075261e-07,2.637178e-06,5.149381e-06,3.167214e-09,1.778423e-07,2.102046e-07,6.542067e-07,1.917455e-07,5.436656e-07,4.545782e-07,2.490573e-07,5.296353e-07,2.660184e-07,6.578919e-07,2.423235e-07,1.194774e-09,2.029844e-07,5.843508e-09,1.136419e-07,4.699472e-09,3.483938e-09,7.861800e-09,1.294528e-06,8.370179e-09
20.117188,1.889413e-07,2.563889e-07,2.111369e-06,4.695775e-06,6.364106e-09,2.027149e-07,1.812738e-07,5.665070e-07,2.503086e-07,1.828293e-07,5.658918e-07,2.441759e-07,5.747096e-07,2.045093e-07,6.898747e-07,2.637303e-07,1.796060e-09,2.407391e-07,6.319501e-09,1.187126e-07,8.800065e-09,1.977838e-09,4.010966e-09,1.047941e-06,9.403015e-09
20.166016,1.728491e-07,2.450039e-07,1.594145e-06,3.796918e-06,8.721403e-09,2.880211e-07,1.520571e-07,4.199493e-07,2.940457e-07,7.907190e-07,6.363468e-07,3.206771e-07,5.426859e-07,1.383760e-07,4.345318e-07,1.711597e-07,2.355771e-09,2.835539e-07,1.629705e-08,6.703320e-08,9.279388e-09,1.568483e-09,4.164403e-10,7.111282e-07,1.020729e-08
20.214844,1.582727e-07,2.814318e-07,1.616842e-06,3.124981e-06,9.322034e-09,3.337255e-07,1.286778e-07,2.000833e-07,2.933515e-07,1.209300e-06,5.502819e-07,4.280668e-07,5.447674e-07,3.203803e-07,6.718415e-07,2.592863e-07,2.313851e-09,2.755920e-07,2.639828e-08,4.792214e-08,1.472565e-09,1.680209e-09,2.449288e-09,5.074079e-07,6.507103e-09
20.263672,1.500732e-07,3.079734e-07,1.890801e-06,2.989586e-06,8.168189e-09,3.288508e-07,9.268451e-08,9.755110e-08,3.106373e-07,1.276478e-06,2.876279e-07,6.505042e-07,6.178489e-07,3.623242e-07,7.238340e-07,5.526509e-07,2.679601e-09,2.112901e-07,7.011768e-09,2.112192e-08,3.219828e-09,1.377455e-09,3.599717e-09,2.795822e-07,4.283053e-09
20.312500,1.488887e-07,2.882258e-07,1.808250e-06,2.858451e-06,5.926803e-09,3.653865e-07,3.612412e-08,3.115724e-07,4.581557e-07,1.158936e-06,1.254010e-07,8.164353e-07,4.928802e-07,2.612161e-07,7.080509e-07,5.339279e-07,2.712808e-09,1.209146e-07,8.237259e-09,3.916893e-08,4.187388e-09,9.782142e-10,2.186063e-09,2.240639e-07,2.596199e-09
20.361328,1.528794e-07,2.249458e-07,1.228102e-06,2.331315e-06,3.279565e-09,4.622099e-07,7.070169e-08,4.351181e-07,5.525069e-07,1.092509e-06,2.392016e-07,6.927129e-07,2.020374e-07,2.287998e-07,3.337611e-07,2.299249e-07,1.924234e-09,1.443798e-07,7.750178e-09,7.173045e-08,3.751220e-09,2.338398e-09,2.662190e-09,4.843707e-07,5.820684e-09
20.410156,1.620010e-07,1.446073e-07,1.000098e-06,1.553796e-06,6.507174e-10,5.400711e-07,1.357690e-07,4.734786e-07,4.781957e-07,9.396128e-07,2.176346e-07,3.932948e-07,1.330695e-07,2.017015e-07,2.591249e-07,1.613940e-07,1.481467e-09,1.760616e-07,4.259524e-09,7.277166e-08,4.055333e-09,1.970577e-09,1.244958e-09,2.560709e-07,1.112642e-08
20.458984,1.762102e-07,8.530516e-08,2.145271e-06,1.068948e-06,3.088484e-09,5.733585e-07,1.606998e-07,5.146111e-07,3.219054e-07,5.137772e-07,1.289662e-07,2.878728e-07,3.756582e-07,1.780440e-07,5.203850e-07,1.360761e-07,8.432403e-10,1.141927e-07,1.246475e-08,7.766237e-08,5.575556e-09,1.047853e-09,3.607320e-09,1.393831e-06,5.583344e-09
20.507812,1.899842e-07,8.871968e-08,3.438999e-06,1.302901e-06,6.077079e-09,5.735614e-07,1.446362e-07,6.126806e-07,2.700263e-07,1.773234e-07,1.940664e-07,2.109512e-07,4.757569e-07,2.818338e-07,3.728115e-07,3.649040e-07,1.263666e-09,2.237872e-07,2.047321e-08,6.155310e-08,5.923623e-09,1.655022e-09,4.229506e-09,8.625995e-07,2.633809e-09
20.556641,1.934456e-07,1.326872e-07,4.367929e-06,1.721530e-06,7.936777e-09,5.531549e-07,1.191014e-07,7.016297e-07,3.303750e-07,6.662366e-07,2.508115e-07,1.989243e-07,4.970117e-07,3.434655e-07,1.635269e-07,2.581779e-07,1.383651e-09,3.342767e-07,1.661636e-08,4.570150e-08,6.382019e-09,2.428637e-09,3.371244e-09,3.456597e-07,3.736913e-09
20.605469,1.800257e-07,1.810550e-07,4.864464e-06,1.936471e-06,8.168371e-09,5.270873e-07,1.124858e-07,6.927350e-07,3.713120e-07,9.550587e-07,1.813599e-07,1.381871e-07,4.551612e-07,4.909194e-07,5.126262e-07,1.486232e-07,2.773236e-09,3.518256e-07,1.571769e-08,3.321558e-08,2.738726e-09,1.294723e-09,8.834933e-10,7.262381e-07,4.197544e-09
20.654297,1.533227e-07,2.159153e-07,5.163280e-06,1.820301e-06,7.148308e-09,4.673324e-07,1.121886e-07,6.009527e-07,3.382971e-07,1.275105e-06,1.791872e-07,1.429901e-07,2.186715e-07,5.648833e-07,5.638489e-07,8.527582e-08,3.887553e-09,2.014795e-07,1.516438e-08,6.051017e-08,3.837635e-09,4.821724e-10,8.346415e-10,5.323434e-07,2.003783e-09
20.703125,1.277390e-07,2.251261e-07,5.594955e-06,1.392715e-06,6.049889e-09,3.134106e-07,1.043570e-07,5.621822e-07,2.383275e-07,1.799451e-06,1.922245e-07,3.141076e-07,2.593570e-07,3.217361e-07,3.395948e-07,4.150213e-08,3.124330e-09,2.554545e-08,1.480197e-08,2.277897e-08,6.903145e-09,1.453100e-09,2.214392e-10,9.125362e-07,4.813174e-09
20.751953,1.147033e-07,2.132885e-07,6.264946e-06,9.526363e-07,6.085932e-09,1.366876e-07,8.967838e-08,6.164411e-07,1.174533e-07,2.056904e-06,5.808033e-08,3.821510e-07,4.866224e-07,1.425570e-07,1.282387e-07,1.864272e-07,2.226111e-09,1.358826e-07,1.012958e-08,4.611840e-08,6.217941e-09,9.108410e-10,2.378495e-09,4.305087e-07,8.742494e-09
20.800781,1.030244e-07,2.161753e-07,6.996008e-06,1.169365e-06,7.084153e-09,2.816122e-07,7.088192e-08,6.644117e-07,5.392524e-08,1.691259e-06,1.290991e-07,5.109487e-07,4.044698e-07,2.478275e-07,7.981839e-08,4.894311e-07,1.292676e-09,2.151506e-07,1.567186e-08,5.177234e-08,6.003051e-09,8.366235e-10,3.540453e-09,2.778030e-07,8.346360e-09
20.849609,7.284666e-08,2.728086e-07,7.545281e-06,1.843853e-06,7.937753e-09,4.023175e-07,6.548322e-08,6.678546e-07,1.309949e-07,8.440854e-07,2.794758e-07,5.405182e-07,3.597192e-07,3.164647e-07,1.798782e-08,4.546368e-07,9.810280e-10,2.628180e-07,1.066201e-08,5.676793e-08,6.234148e-09,1.114135e-09,6.039983e-09,5.569605e-07,8.189294e-09
20.898438,2.165409e-08,3.615923e-07,7.755086e-06,2.498231e-06,7.859639e-09,3.931443e-07,8.099257e-08,5.943913e-07,2.127332e-07,1.967615e-07,4.456352e-07,4.837640e-07,3.973436e-07,4.599935e-07,7.497841e-08,5.266612e-07,8.217617e-10,1.612579e-07,8.180968e-09,5.493112e-08,1.663855e-09,4.747961e-10,5.599300e-09,7.302025e-07,1.241302e-08
20.947266,6.182619e-08,4.360759e-07,7.588490e-06,2.999673e-06,6.671294e-09,4.300009e-07,9.670099e-08,4.144998e-07,2.836143e-07,8.347592e-07,5.790119e-07,4.976750e-07,4.340969e-07,5.327826e-07,2.958311e-07,5.763401e-07,8.222962e-10,1.357471e-07,1.212742e-08,1.192521e-08,1.999455e-09,1.325897e-09,1.649199e-09,6.036865e-07,1.111678e-08
20.996094,1.370909e-07,4.681562e-07,7.115942e-06,3.306462e-06,4.862340e-09,5.638928e-07,1.141675e-07,1.802636e-07,3.516186e-07,1.185514e-06,5.490179e-07,4.671419e-07,5.137123e-07,3.898233e-07,4.225845e-07,1.958493e-07,6.852453e-10,2.577053e-07,1.892771e-08,9.908910e-09,4.804871e-09,1.606885e-09,3.411628e-10,4.426245e-07,1.913903e-09
21.044922,2.006149e-07,4.569049e-07,6.446785e-06,3.380567e-06,3.433259e-09,6.121781e-07,1.375196e-07,1.179167e-07,4.063795e-07,1.296671e-06,3.596510e-07,3.493435e-07,5.508019e-07,3.842782e-07,4.250334e-07,1.773235e-07,3.252920e-10,1.793795e-07,1.269206e-08,2.685105e-08,3.110798e-09,2.704838e-09,3.040076e-09,1.119268e-06,9.020671e-09
21.093750,2.440590e-07,4.250596e-07,5.624119e-06,3.194753e-06,3.013060e-09,5.191301e-07,1.510334e-07,2.728679e-07,4.211269e-07,1.253025e-06,2.148135e-07,1.743563e-07,4.071609e-07,3.508428e-07,7.547718e-07,3.367125e-07,1.002956e-09,1.487913e-07,5.781910e-09,1.184293e-08,4.220908e-09,1.719219e-09,3.741825e-09,9.989649e-07,6.782315e-09
21.142578,2.679936e-07,3.969725e-07,4.596176e-06,2.779416e-06,2.891414e-09,3.631771e-07,1.464826e-07,3.486774e-07,3.933264e-07,8.887423e-07,2.526521e-07,6.468868e-08,2.440452e-07,2.662808e-07,9.363043e-07,3.649033e-07,7.415711e-10,1.821108e-07,9.105807e-09,5.147172e-08,6.444694e-09,1.195961e-09,1.404969e-09,5.114795e-07,8.779112e-09
21.191406,2.771792e-07,3.679531e-07,3.324622e-06,2.239707e-06,2.549317e-09,2.233253e-07,1.339062e-07,3.003226e-07,3.598368e-07,2.151692e-07,2.344690e-07,2.417613e-07,5.137669e-07,2.966350e-07,7.494665e-07,3.894368e-07,9.994497e-10,8.978276e-08,6.977826e-09,5.257628e-08,6.874579e-09,1.089076e-09,4.594033e-09,2.542164e-07,8.021328e-09
21.240234,2.746839e-07,3.081700e-07,1.922251e-06,1.696012e-06,2.308627e-09,1.120411e-07,1.170197e-07,1.790730e-07,3.370579e-07,4.608232e-07,1.681918e-07,2.599618e-07,5.139825e-07,1.350716e-07,4.025936e-07,1.804319e-07,2.867596e-10,6.306493e-08,7.800839e-09,6.473146e-08,8.738038e-09,1.392560e-09,4.530614e-09,6.173091e-07,8.536900e-09
21.289062,2.601203e-07,1.970529e-07,8.421389e-07,1.201394e-06,2.321412e-09,8.167808e-08,8.245906e-08,9.755713e-08,2.930821e-07,1.034764e-06,1.635806e-07,2.915341e-07,3.062912e-07,8.843372e-08,1.658656e-07,8.931342e-08,3.369304e-10,1.302353e-07,2.762831e-10,2.928138e-08,7.351004e-09,1.456067e-09,2.287335e-10,3.712144e-07,6.001905e-09
21.337891,2.326660e-07,6.420825e-08,1.159353e-06,7.787130e-07,2.086095e-09,9.148836e-08,3.159112e-08,1.108527e-07,2.163578e-07,1.559745e-06,1.423161e-07,6.137907e-07,1.803803e-07,1.405514e-07,6.846050e-08,2.064186e-07,4.922240e-10,1.255536e-07,7.393296e-09,5.985993e-09,3.926928e-09,6.510761e-10,2.021527e-09,1.207245e-07,3.569651e-09
21.386719,1.942063e-07,1.745245e-07,1.801589e-06,5.435798e-07,1.248846e-09,6.823909e-08,5.154759e-08,1.942072e-07,1.320712e-07,1.806700e-06,7.412541e-08,7.034808e-07,9.576265e-08,2.880218e-07,2.244835e-07,2.802239e-07,1.293763e-09,3.297925e-08,1.571316e-08,5.293387e-08,1.188579e-09,5.647572e-10,1.566789e-09,5.465433e-07,2.741608e-09
21.435547,1.496739e-07,3.368425e-07,2.176283e-06,4.975562e-07,1.986600e-10,1.179781e-07,8.892181e-08,2.741908e-07,6.690040e-08,1.717189e-06,8.389251e-09,4.861446e-07,9.851134e-08,3.646138e-07,2.999298e-07,4.788095e-07,1.063652e-09,1.236933e-07,1.762514e-08,4.678477e-08,1.757330e-09,5.290795e-10,1.843874e-09,6.521693e-07,5.862609e-09
21.484375,1.056025e-07,4.422602e-07,2.404584e-06,3.727402e-07,1.441025e-09,1.726129e-07,8.884286e-08,3.048450e-07,6.506031e-08,1.572635e-06,8.920537e-08,2.724624e-07,3.516119e-07,4.612098e-07,2.323716e-07,5.975930e-07,9.104979e-10,7.133890e-08,1.115337e-08,3.451940e-08,3.102596e-09,1.302327e-09,2.776484e-09,3.653352e-07,4.132289e-09
21.533203,6.864512e-08,4.613488e-07,2.646895e-06,2.320196e-07,2.342168e-09,1.685105e-07,7.094828e-08,3.106909e-07,8.777849e-08,1.395695e-06,1.751521e-07,4.407111e-08,5.022711e-07,4.093867e-07,2.871184e-07,3.466511e-07,1.391154e-09,1.500968e-07,4.347811e-09,5.436900e-08,1.155293e-09,2.017129e-09,2.535858e-09,4.748142e-07,5.652823e-09
21.582031,4.454972e-08,3.949999e-07,2.898796e-06,4.355877e-07,2.567997e-09,1.096644e-07,8.725719e-08,3.302865e-07,5.993011e-08,1.087846e-06,2.194286e-07,1.462618e-07,4.557838e-07,1.416372e-07,4.069805e-07,1.289629e-07,8.818652e-10,1.793206e-07,4.954116e-09,2.706460e-08,1.820429e-09,5.986977e-10,2.572342e-09,2.893323e-07,9.824400e-09
21.630859,3.765487e-08,2.823032e-07,3.031237e-06,5.665948e-07,2.213144e-09,6.044441e-08,1.179147e-07,3.355561e-07,1.299932e-07,8.006187e-07,2.417766e-07,1.495792e-07,2.435389e-07,1.266174e-07,4.912999e-07,2.148027e-07,1.261738e-09,1.787246e-07,1.508310e-08,3.738754e-08,5.105142e-09,5.704845e-10,1.851195e-09,8.016386e-07,7.174340e-09
21.679688,4.765643e-08,2.083353e-07,2.937453e-06,7.341916e-07,1.646136e-09,1.722670e-07,1.334961e-07,2.723742e-07,3.035770e-07,7.350089e-07,2.396126e-07,4.090888e-07,4.020884e-08,2.170379e-07,4.491740e-07,2.142708e-07,5.271839e-10,9.530443e-08,1.231768e-08,4.376685e-08,5.704161e-09,1.250545e-09,2.398598e-09,1.023941e-06,7.650008e-09
21.728516,6.652645e-08,2.266291e-07,2.608426e-06,1.492935e-06,1.346246e-09,2.789144e-07,1.417669e-07,1.434329e-07,4.339723e-07,8.885804e-07,1.885644e-07,6.663550e-07,8.429806e-08,1.799228e-07,7.198493e-07,4.036424e-07,1.362328e-09,9.319929e-08,1.189255e-08,2.185237e-08,3.474244e-09,9.006512e-10,1.500242e-09,7.370421e-07,4.043995e-09
21.777344,8.378657e-08,2.475668e-07,2.133316e-06,2.617300e-06,1.383201e-09,3.145054e-07,1.473449e-07,1.328804e-07,4.670322e-07,1.192285e-06,1.156380e-07,7.897851e-07,7.155726e-08,1.938891e-07,1.197987e-06,3.698408e-07,1.629914e-09,1.693452e-07,9.045102e-09,2.194703e-08,2.015245e-09,2.669291e-11,1.592465e-09,1.233614e-06,1.582920e-09
21.826172,9.020671e-08,2.107107e-07,1.655906e-06,3.677098e-06,1.317098e-09,3.204448e-07,1.378362e-07,2.522382e-07,4.500873e-07,1.532277e-06,9.418185e-08,6.966602e-07,7.689486e-08,2.786500e-07,1.013159e-06,6.753047e-08,1.008697e-09,1.391707e-07,5.480647e-09,3.081520e-08,2.835408e-09,7.452556e-10,1.184928e-09,1.565899e-06,2.463646e-09
21.875000,8.118526e-08,1.239652e-07,1.293271e-06,4.366365e-06,1.039183e-09,3.842390e-07,1.065633e-07,2.661387e-07,4.455524e-07,1.534381e-06,2.102324e-07,3.848051e-07,1.160344e-07,2.564719e-07,3.842902e-07,3.712805e-07,3.552103e-10,1.459864e-07,7.471304e-09,3.188810e-08,1.581330e-09,7.907419e-10,1.468616e-09,6.861328e-07,5.400416e-09
21.923828,5.943313e-08,3.903406e-08,1.038740e-06,4.572637e-06,9.758895e-10,4.664874e-07,6.235118e-08,1.469018e-07,4.223332e-07,1.068530e-06,3.357855e-07,1.151696e-07,1.852217e-07,1.687411e-07,1.836582e-07,6.300128e-07,1.041572e-09,2.867479e-07,4.116474e-09,2.134975e-08,1.138754e-09,6.904692e-10,1.230035e-09,6.163797e-07,3.683519e-09
21.972656,3.685523e-08,7.220120e-08,7.737848e-07,4.364715e-06,1.062333e-09,4.876958e-07,3.755038e-08,3.674165e-08,3.634692e-07,4.690044e-07,4.309286e-07,2.285374e-07,1.846662e-07,1.151634e-07,3.285698e-07,8.318616e-07,8.257523e-10,2.711050e-07,5.624747e-10,1.026849e-08,4.651793e-09,1.402268e-09,1.080533e-09,7.526734e-07,7.151108e-09
22.021484,3.399676e-08,9.935969e-08,4.520124e-07,3.873422e-06,5.714184e-10,4.343627e-07,5.654981e-08,1.292268e-07,3.074674e-07,3.700105e-07,4.518784e-07,3.016731e-07,2.078938e-07,8.887039e-08,5.486069e-07,6.691534e-07,3.666452e-10,1.364778e-07,7.763439e-09,3.274894e-08,4.805808e-09,1.791864e-09,1.225096e-09,2.185725e-07,6.016674e-09
22.070312,4.429553e-08,9.445199e-08,5.533350e-07,3.171824e-06,7.882761e-10,3.340357e-07,6.267397e-08,1.214894e-07,2.473207e-07,6.204237e-07,3.647670e-07,2.365102e-07,1.591195e-07,1.083407e-07,5.773794e-07,5.002475e-07,1.119471e-09,8.131065e-08,1.303660e-08,3.358847e-08,2.379132e-09,7.933232e-10,4.931405e-10,4.273283e-07,6.233993e-09
22.119141,4.895510e-08,1.079901e-07,1.178737e-06,2.293809e-06,2.701921e-09,2.257662e-07,4.132920e-08,6.998640e-08,1.619899e-07,6.491661e-07,2.702818e-07,2.787012e-07,2.086683e-07,1.991757e-07,5.159189e-07,2.667323e-07,1.640220e-09,1.409476e-07,1.898627e-08,2.448996e-08,2.576867e-09,1.377116e-10,1.526691e-09,4.249140e-07,3.512289e-09
22.167969,4.604497e-08,1.596348e-07,1.830499e-06,1.357497e-06,4.568168e-09,1.619384e-07,3.159588e-08,4.308569e-08,9.174621e-08,4.369755e-07,2.373978e-07,3.029787e-07,2.728278e-07,1.447035e-07,2.826974e-07,4.015624e-07,1.778304e-09,8.210909e-08,1.691390e-08,1.580161e-08,2.363656e-09,2.965954e-10,4.080845e-09,7.010132e-07,3.649021e-09
22.216797,3.994544e-08,2.141410e-07,2.283513e-06,6.444074e-07,5.820361e-09,1.568089e-07,5.953899e-08,4.348483e-08,8.258453e-08,3.528300e-07,1.801958e-07,3.147068e-07,2.146160e-07,1.469664e-07,7.933146e-08,2.960530e-07,1.500794e-09,9.376196e-08,1.525377e-08,2.890998e-08,3.077940e-09,5.124609e-10,2.364841e-09,2.126021e-07,4.891107e-09
22.265625,3.629462e-08,2.524985e-07,2.407620e-06,4.902120e-07,6.292113e-09,1.488936e-07,6.990814e-08,1.350746e-07,1.037662e-07,6.504504e-07,1.671601e-07,3.771143e-07,1.188475e-07,2.567757e-07,1.180551e-07,1.037139e-07,9.412762e-10,1.403385e-07,1.342855e-08,2.434737e-08,1.760879e-09,6.604406e-10,1.781015e-09,4.584255e-07,3.208449e-09
22.314453,4.140144e-08,2.715584e-07,2.186917e-06,6.769216e-07,6.274004e-09,1.296309e-07,5.523671e-08,2.289002e-07,1.485806e-07,1.121262e-06,2.168476e-07,3.880223e-07,1.629191e-07,2.950319e-07,1.137818e-07,2.248236e-07,8.375597e-10,2.042904e-07,1.165806e-08,4.784706e-08,1.739054e-09,9.825637e-10,2.288150e-09,7.335232e-08,3.414798e-09
22.363281,5.655138e-08,2.717660e-07,1.723974e-06,1.235180e-06,6.197801e-09,1.410706e-07,3.319241e-08,2.597271e-07,2.149287e-07,1.369834e-06,2.762006e-07,3.452758e-07,1.608640e-07,2.071122e-07,5.836275e-08,3.063377e-07,8.132328e-10,8.728469e-08,1.008077e-08,3.965591e-08,4.519726e-10,1.078573e-09,2.610851e-09,6.106727e-07,3.799778e-09
22.412109,7.586280e-08,2.536357e-07,1.183012e-06,2.031948e-06,6.244115e-09,1.799244e-07,2.053310e-08,2.383682e-07,2.700161e-07,1.170895e-06,3.092861e-07,2.820355e-07,1.157555e-07,6.349807e-08,4.023717e-07,2.510566e-07,3.016166e-10,1.450121e-07,9.383138e-09,2.630233e-08,1.955425e-10,9.199113e-10,4.188013e-11,8.657691e-07,1.430777e-09
22.460938,9.334577e-08,2.204699e-07,6.825238e-07,2.668080e-06,6.338409e-09,2.211063e-07,8.125835e-09,2.584269e-07,2.811787e-07,8.082941e-07,2.711699e-07,2.219630e-07,2.527609e-07,7.176551e-08,7.447259e-07,1.997687e-07,7.054433e-10,1.932325e-08,1.054799e-08,1.587944e-08,5.924150e-10,5.120700e-10,1.550206e-09,3.390726e-07,2.658669e-09
22.509766,1.058606e-07,1.793411e-07,2.214860e-07,2.866759e-06,6.330850e-09,2.514985e-07,3.551557e-08,2.877071e-07,2.655327e-07,7.126930e-07,1.787491e-07,1.914129e-07,4.450695e-07,1.006345e-07,9.328450e-07,4.120885e-07,8.429964e-10,1.361332e-07,1.219121e-08,1.720365e-10,9.594857e-10,8.228309e-10,1.944384e-09,6.663577e-07,4.639255e-09
22.558594,1.126119e-07,1.400164e-07,3.331249e-07,2.614308e-06,6.050567e-09,2.601634e-07,7.345713e-08,2.792732e-07,2.643899e-07,7.333361e-07,6.671496e-08,1.940805e-07,4.920760e-07,1.146084e-07,9.107389e-07,4.732072e-07,7.590755e-10,9.054430e-08,6.224133e-09,1.846768e-08,9.858595e-10,2.962287e-10,2.326232e-09,5.233191e-07,2.868134e-09
22.607422,1.135536e-07,1.229976e-07,9.002007e-07,2.169148e-06,5.453312e-09,2.601191e-07,1.018477e-07,3.107264e-07,2.378489e-07,7.845577e-07,9.682438e-08,1.704408e-07,3.650245e-07,1.377311e-07,8.057091e-07,4.200116e-07,1.438801e-09,1.175887e-07,5.180406e-09,6.922217e-09,1.021294e-09,9.412917e-10,4.712209e-10,2.197570e-07,2.239431e-09
22.656250,1.088677e-07,1.570067e-07,1.461188e-06,1.946271e-06,4.825021e-09,2.755838e-07,1.176194e-07,3.473378e-07,1.351077e-07,9.925002e-07,2.051136e-07,1.063459e-07,1.865514e-07,2.042394e-07,5.918625e-07,5.707029e-07,1.393001e-09,1.950483e-07,4.511357e-09,4.600717e-08,1.251673e-09,1.316271e-09,1.300946e-09,5.636675e-07,8.062152e-10
22.705078,9.993549e-08,2.290634e-07,1.940839e-06,2.215730e-06,4.607422e-09,2.863327e-07,1.241411e-07,3.012728e-07,7.195486e-08,1.336343e-06,2.452446e-07,8.388335e-08,1.554098e-07,2.673431e-07,4.115482e-07,6.449021e-07,6.969926e-10,2.251609e-07,3.396604e-09,6.239749e-08,1.221724e-09,5.259438e-10,1.139696e-09,5.800491e-07,2.083641e-09
22.753906,8.921931e-08,3.052790e-07,2.298114e-06,2.821637e-06,4.837683e-09,2.553751e-07,1.189647e-07,1.949480e-07,1.532866e-07,1.570242e-06,1.939072e-07,1.321681e-07,2.204006e-07,3.142186e-07,4.315383e-07,5.078144e-07,2.378919e-10,1.219147e-07,7.031967e-09,4.681698e-08,3.626258e-09,4.927314e-10,1.958685e-09,4.719635e-07,4.883952e-09
22.802734,7.737129e-08,3.595176e-07,2.490710e-06,3.390438e-06,5.249039e-09,1.828014e-07,1.010107e-07,1.059762e-07,1.428034e-07,1.517506e-06,9.138959e-08,1.669762e-07,2.532826e-07,3.163440e-07,4.094305e-07,3.262171e-07,2.096374e-10,4.137076e-08,5.362662e-09,3.108379e-08,2.845455e-09,1.267802e-10,9.986501e-10,6.119549e-07,1.166757e-09
22.851562,6.139796e-08,3.746283e-07,2.444218e-06,3.600363e-06,5.734817e-09,1.007498e-07,8.722396e-08,6.320472e-08,1.122249e-07,1.329192e-06,3.058839e-08,1.458159e-07,2.977386e-07,2.183524e-07,2.106050e-07,3.032754e-07,3.668288e-10,1.045322e-07,5.871251e-09,1.962457e-08,2.552478e-09,1.180147e-09,1.189346e-09,5.249660e-07,1.659718e-09
22.900391,3.805137e-08,3.439360e-07,2.086747e-06,3.475983e-06,6.150842e-09,3.755274e-08,9.843062e-08,1.238275e-08,1.928720e-07,1.233508e-06,7.001462e-08,1.602850e-07,3.588802e-07,2.002203e-07,2.392287e-08,2.426089e-07,4.771198e-10,1.546834e-07,8.838501e-09,6.451685e-09,1.413310e-09,1.083090e-09,4.048777e-10,5.986730e-07,1.262502e-09
22.949219,9.804399e-09,2.726607e-07,1.427401e-06,3.618337e-06,6.131143e-09,2.297980e-08,1.225871e-07,6.460899e-08,2.345276e-07,1.115648e-06,1.527766e-07,1.766013e-07,3.571590e-07,2.226940e-07,1.097596e-07,1.835602e-07,7.932582e-10,6.576019e-08,6.667099e-09,1.923905e-08,2.039993e-09,3.603012e-10,9.083504e-10,5.564919e-07,1.373193e-09
22.998047,2.569649e-08,1.798253e-07,6.799139e-07,4.481228e-06,5.378777e-09,7.785015e-08,1.413629e-07,1.370465e-07,1.965449e-07,8.178911e-07,1.906935e-07,2.274097e-07,3.429827e-07,1.193277e-07,3.470799e-07,1.585127e-07,6.993277e-10,1.427743e-07,7.013116e-09,1.602733e-08,1.588553e-09,5.990298e-10,1.607372e-09,3.947506e-07,1.806473e-09
23.046875,5.159726e-08,1.116385e-07,8.423855e-07,5.506383e-06,3.946789e-09,1.353706e-07,1.455005e-07,2.067142e-07,1.325361e-07,4.204580e-07,1.317425e-07,2.124119e-07,2.688858e-07,5.241570e-08,4.844210e-07,1.643660e-07,2.318634e-10,1.228961e-07,3.830640e-09,8.986867e-10,9.005001e-10,5.585950e-10,2.736835e-09,6.752420e-07,2.000530e-09
23.095703,6.802965e-08,1.335483e-07,1.655140e-06,5.991810e-06,2.216596e-09,1.774645e-07,1.310463e-07,3.138860e-07,9.811659e-08,3.840116e-07,6.010565e-08,2.248928e-07,1.887619e-07,1.782512e-07,4.298412e-07,3.055988e-07,2.195519e-10,1.293436e-07,5.846650e-09,2.630428e-08,2.016102e-09,3.969482e-10,1.712568e-09,4.202645e-07,3.699112e-09
23.144531,7.538902e-08,1.854919e-07,2.411016e-06,5.687688e-06,8.871630e-10,1.993995e-07,1.025065e-07,4.188921e-07,7.475598e-08,7.997410e-07,1.025530e-07,3.705433e-07,1.401689e-07,2.383576e-07,5.195700e-07,3.137188e-07,1.050046e-10,2.047957e-07,5.092367e-09,3.172418e-08,2.325302e-09,4.320058e-10,6.048660e-10,5.693281e-07,4.263243e-09
23.193359,7.796283e-08,2.108339e-07,3.037331e-06,4.760895e-06,1.484819e-09,2.078090e-07,7.227741e-08,4.389060e-07,2.501477e-08,1.186319e-06,1.694214e-07,4.170312e-07,7.535289e-08,2.364281e-07,4.175052e-07,3.390099e-07,6.235280e-11,2.259320e-07,2.668403e-09,1.729543e-08,1.251326e-09,3.356244e-10,1.438552e-09,4.605705e-07,4.678489e-09
23.242188,7.870687e-08,2.036226e-07,3.498351e-06,3.590014e-06,2.601436e-09,2.076747e-07,5.217223e-08,3.521071e-07,3.796483e-08,1.327810e-06,2.794811e-07,5.437867e-07,3.806885e-08,1.338343e-07,1.645009e-07,3.307217e-07,1.941145e-11,1.615799e-07,2.813172e-09,8.469358e-09,4.456788e-10,1.724842e-10,1.562688e-09,5.485780e-07,2.080913e-09
23.291016,7.649418e-08,1.800198e-07,3.703982e-06,2.558035e-06,3.488409e-09,2.036182e-07,4.487372e-08,2.198843e-07,7.314873e-08,1.120473e-06,3.362658e-07,5.866764e-07,1.208048e-07,1.884447e-07,3.759183e-07,2.031521e-07,1.244067e-10,2.426366e-07,3.438255e-09,5.886875e-09,1.506734e-09,2.132699e-10,1.472109e-09,2.491905e-07,2.081885e-09
23.339844,6.962338e-08,1.629608e-07,3.561100e-06,1.919039e-06,3.978814e-09,2.088504e-07,4.720462e-08,1.427804e-07,6.964439e-08,7.007192e-07,2.975143e-07,4.425562e-07,1.149962e-07,1.778798e-07,4.442863e-07,1.773803e-07,1.621419e-10,2.884503e-07,4.368762e-09,2.778552e-08,1.172849e-09,1.996454e-10,3.781139e-10,4.701919e-07,2.636443e-09
23.388672,5.947557e-08,1.582938e-07,3.064529e-06,1.655540e-06,4.008441e-09,2.348451e-07,5.629311e-08,1.365288e-07,6.619140e-08,4.325516e-07,2.275116e-07,3.758576e-07,6.654998e-08,6.825861e-08,5.064643e-07,1.102033e-07,1.790428e-10,2.146893e-07,2.652425e-09,2.602060e-08,1.149301e-09,1.219902e-10,7.257721e-10,5.136645e-07,2.550815e-09
23.437500,4.903413e-08,1.511998e-07,2.337626e-06,1.481547e-06,3.662845e-09,2.737937e-07,6.545632e-08,1.368085e-07,9.170065e-08,5.143513e-07,1.812610e-07,4.424291e-07,1.199354e-07,1.796266e-07,5.568007e-07,2.551874e-07,5.716490e-10,1.299557e-07,2.837098e-09,2.270711e-08,1.465755e-09,6.168588e-10,1.191281e-09,4.437957e-07,2.523165e-09
23.486328,3.862188e-08,1.327575e-07,1.599366e-06,1.163945e-06,3.120022e-09,2.986671e-07,6.562593e-08,1.507742e-07,1.705767e-07,6.217236e-07,1.906625e-07,4.642754e-07,1.431025e-07,2.853665e-07,5.554893e-07,1.783230e-07,7.766401e-10,5.743082e-08,5.464630e-09,1.188879e-08,2.190359e-09,7.978548e-10,2.023090e-09,6.443048e-07,1.661344e-09
23.535156,2.652084e-08,1.112067e-07,1.072118e-06,6.690693e-07,2.582918e-09,2.855355e-07,5.244983e-08,1.817663e-07,2.828146e-07,6.266913e-07,2.446909e-07,3.906119e-07,1.292790e-07,3.783475e-07,4.829007e-07,8.850484e-08,4.398958e-10,3.442980e-08,5.275127e-09,2.354659e-08,2.470608e-09,1.054656e-09,6.185654e-10,5.365210e-07,2.370474e-09
23.583984,1.811833e-08,9.963550e-08,8.122034e-07,4.812892e-07,2.272483e-09,2.403142e-07,3.269608e-08,2.062969e-07,3.821717e-07,5.119393e-07,2.774304e-07,2.531959e-07,1.119502e-07,3.874201e-07,2.518756e-07,1.130012e-07,4.843561e-11,1.179877e-07,7.141991e-09,2.248390e-08,4.770329e-10,5.881937e-10,7.698846e-10,6.943049e-07,1.835128e-09
23.632812,2.687962e-08,9.499920e-08,6.353556e-07,1.159610e-06,2.269596e-09,1.918558e-07,3.116605e-08,2.181775e-07,4.490933e-07,3.362968e-07,2.625239e-07,1.949511e-07,7.211547e-08,2.796409e-07,2.082429e-07,2.860698e-08,2.972214e-10,1.813264e-07,6.873434e-09,1.651671e-08,6.350240e-10,5.289096e-10,5.717839e-10,2.000061e-07,2.398202e-09
23.681641,3.995091e-08,8.409557e-08,3.939290e-07,1.882039e-06,2.348162e-09,1.465581e-07,4.734719e-08,2.254679e-07,4.709818e-07,3.964799e-07,1.908511e-07,2.335072e-07,2.831205e-08,1.427573e-07,2.389517e-07,1.282495e-07,5.590217e-10,1.458182e-07,7.423207e-09,2.540133e-08,8.279573e-10,3.284652e-10,8.595102e-10,4.875825e-07,3.061471e-09
23.730469,4.601421e-08,6.283994e-08,1.216289e-07,2.390328e-06,2.270278e-09,1.039591e-07,5.735931e-08,2.107529e-07,4.342477e-07,6.718412e-07,1.024145e-07,1.615547e-07,1.237438e-07,7.382348e-08,1.710984e-07,2.799922e-07,5.229432e-10,1.228186e-07,7.676537e-09,2.178863e-08,9.723775e-10,1.105371e-10,2.153472e-10,5.754868e-07,2.364150e-09
23.779297,4.243303e-08,3.642967e-08,2.910984e-07,2.673310e-06,2.029716e-09,1.213580e-07,5.611374e-08,1.522238e-07,3.571504e-07,8.606789e-07,1.018854e-07,1.163985e-07,2.116162e-07,5.113580e-08,6.014271e-08,3.439278e-07,3.630172e-10,5.198037e-08,4.408143e-09,2.583269e-08,7.546470e-10,2.459790e-10,2.009139e-10,7.793597e-07,1.192345e-09
23.828125,3.123872e-08,1.497470e-08,5.652204e-07,2.859520e-06,1.805130e-09,1.678331e-07,4.534731e-08,9.557877e-08,2.809570e-07,8.001750e-07,1.268123e-07,1.061915e-07,2.715639e-07,3.040790e-08,1.639672e-07,3.381500e-07,5.546657e-11,1.829704e-07,1.460773e-09,2.541650e-08,3.217080e-10,4.391221e-10,2.189198e-10,5.343222e-07,3.564481e-09
23.876953,1.758120e-08,2.842966e-08,7.478121e-07,2.987649e-06,1.850902e-09,1.735788e-07,2.940153e-08,1.218421e-07,2.148243e-07,4.713393e-07,1.015376e-07,1.355541e-07,3.330671e-07,1.041825e-07,2.844721e-07,3.553984e-07,2.787876e-10,2.255104e-07,2.606326e-09,1.786782e-08,3.368427e-10,7.841479e-10,6.616077e-10,7.313829e-07,1.496353e-09
23.925781,1.084224e-08,5.713982e-08,8.095337e-07,2.912475e-06,2.288846e-09,1.321830e-07,2.457489e-08,1.424830e-07,1.632460e-07,2.664574e-07,5.375338e-08,1.649914e-07,3.933696e-07,1.354846e-07,5.338307e-07,3.192358e-07,4.571148e-10,1.882156e-07,3.426807e-09,7.169907e-09,1.386067e-09,6.206503e-10,9.208647e-10,5.243029e-07,3.926373e-09
23.974609,1.620666e-08,8.577957e-08,7.517207e-07,2.524402e-06,2.919051e-09,6.966192e-08,4.032539e-08,1.316264e-07,1.771504e-07,6.298643e-07,5.285917e-08,1.636558e-07,4.152121e-07,1.423270e-07,7.681816e-07,3.007765e-07,4.675670e-10,1.182421e-07,4.420871e-09,2.500988e-08,4.723865e-10,2.161686e-10,1.317398e-09,3.829380e-07,4.734808e-09
24.023438,2.224945e-08,1.083518e-07,5.824229e-07,1.931916e-06,3.445052e-09,1.907465e-08,5.318849e-08,1.731464e-07,2.206523e-07,9.198240e-07,1.563405e-08,2.377312e-07,4.313736e-07,1.368436e-07,6.573431e-07,2.402044e-07,2.537527e-10,1.607441e-08,5.846385e-09,2.553490e-08,5.425356e-10,1.004274e-10,1.086054e-09,4.054509e-07,4.738097e-09
24.072266,2.651065e-08,1.210879e-07,3.106364e-07,1.403093e-06,3.719646e-09,4.363046e-08,5.412234e-08,2.701432e-07,2.338113e-07,9.654218e-07,1.073893e-07,2.828007e-07,3.926121e-07,1.226835e-07,4.092436e-07,2.995485e-07,7.762594e-11,4.839028e-08,4.514311e-09,2.141575e-08,1.535502e-09,2.690395e-10,6.923618e-10,3.668162e-07,4.697647e-09
24.121094,2.956507e-08,1.233586e-07,1.572666e-07,1.109569e-06,3.782289e-09,7.162310e-08,4.555203e-08,3.373857e-07,2.195303e-07,7.966626e-07,1.944800e-07,2.492489e-07,2.868517e-07,1.188600e-07,2.003140e-07,4.437655e-07,7.441617e-11,1.760872e-07,5.046440e-09,3.324630e-08,1.671329e-09,2.680792e-10,8.320585e-10,3.324842e-07,3.837321e-09
24.169922,3.124105e-08,1.177488e-07,4.832191e-07,9.718511e-07,3.703000e-09,8.435354e-08,3.352028e-08,3.304440e-07,1.872120e-07,7.448047e-07,2.026981e-07,2.612746e-07,2.206826e-07,1.359126e-07,7.987758e-08,5.384404e-07,1.214776e-10,1.901804e-07,6.593463e-09,2.166614e-08,8.425764e-10,3.157204e-10,7.749792e-10,3.123813e-07,3.002858e-09
24.218750,3.070635e-08,1.110870e-07,7.230560e-07,9.504850e-07,3.437874e-09,8.433272e-08,2.202069e-08,2.453881e-07,1.308981e-07,8.607842e-07,1.644461e-07,3.369770e-07,3.125728e-07,1.536724e-07,1.009790e-07,4.015512e-07,3.168443e-10,7.288702e-08,2.203456e-09,1.001284e-08,8.136146e-10,9.058742e-11,7.709127e-10,2.314868e-07,1.504631e-09
24.267578,2.774224e-08,1.132460e-07,7.347184e-07,1.133390e-06,2.958188e-09,7.507361e-08,1.893907e-08,1.194461e-07,7.583171e-08,8.463244e-07,1.380830e-07,3.624202e-07,4.085493e-07,9.670606e-08,6.890057e-08,2.628549e-07,5.009030e-10,1.949501e-08,4.377986e-09,9.099981e-09,1.787371e-09,4.387654e-10,5.522636e-10,3.367848e-07,1.777915e-09
24.316406,2.398070e-08,1.266362e-07,5.712517e-07,1.491657e-06,2.498473e-09,6.133802e-08,2.773482e-08,1.470419e-07,9.614589e-08,7.122410e-07,1.134819e-07,3.511923e-07,4.237539e-07,9.685742e-08,1.140063e-07,2.386570e-07,1.678162e-10,8.912577e-08,5.218406e-09,1.128983e-08,1.822487e-09,2.920169e-10,6.792425e-10,4.897418e-07,2.364803e-09
24.365234,2.284125e-08,1.408669e-07,6.326466e-07,1.896565e-06,2.449203e-09,4.781740e-08,3.382632e-08,2.510422e-07,1.460434e-07,6.033227e-07,8.436345e-08,3.076863e-07,3.792646e-07,2.167279e-07,3.367997e-07,3.312957e-07,1.807999e-10,1.292409e-07,6.825336e-09,1.802847e-08,2.914565e-10,2.689574e-10,4.902582e-10,4.177440e-07,1.762657e-09
24.414062,2.534519e-08,1.437195e-07,1.003220e-06,2.212216e-06,2.706428e-09,3.457565e-08,3.066344e-08,2.873109e-07,1.826254e-07,5.951345e-07,1.030637e-07,2.568367e-07,2.686570e-07,3.147040e-07,4.835474e-07,3.028199e-07,3.584849e-10,1.032607e-07,4.455882e-09,1.384205e-08,2.282925e-09,2.259722e-10,7.492469e-10,2.380526e-07,2.318160e-09
24.462891,2.793937e-08,1.293383e-07,1.271639e-06,2.365428e-06,2.810936e-09,2.701790e-08,2.339950e-08,2.880841e-07,1.966304e-07,6.665221e-07,1.680437e-07,2.120443e-07,1.128911e-07,3.457278e-07,6.099766e-07,2.273366e-07,2.305114e-10,5.279895e-08,5.561570e-09,1.899405e-08,2.026236e-09,1.862910e-10,7.489273e-10,3.868458e-07,2.458376e-09
24.511719,2.769626e-08,9.907773e-08,1.265598e-06,2.402119e-06,2.561285e-09,3.705380e-08,2.529889e-08,2.703171e-07,1.871283e-07,7.837081e-07,2.230229e-07,2.497780e-07,1.265061e-07,2.866150e-07,5.205622e-07,1.466646e-07,7.608546e-11,4.087678e-08,1.566532e-09,1.888721e-08,2.415558e-09,2.884779e-10,4.209073e-10,2.382291e-07,2.489991e-09
24.560547,2.560328e-08,5.968722e-08,1.052997e-06,2.399434e-06,2.040105e-09,5.851677e-08,3.147595e-08,1.983812e-07,1.754347e-07,9.115587e-07,2.679539e-07,3.252329e-07,2.441389e-07,1.749785e-07,2.069915e-07,1.699309e-07,2.340669e-10,9.336094e-08,2.147920e-09,2.606402e-08,1.188768e-09,1.505670e-10,1.176786e-09,6.140363e-07,2.737658e-09
24.609375,2.646599e-08,2.529069e-08,8.731001e-07,2.305806e-06,1.453179e-09,8.176741e-08,3.143144e-08,9.364544e-08,1.642704e-07,9.717659e-07,3.076365e-07,2.672583e-07,2.774379e-07,1.505753e-07,8.789947e-08,4.894991e-08,2.774355e-10,1.178752e-07,1.797037e-09,1.903065e-08,8.165146e-10,1.211623e-10,9.719075e-10,3.105075e-07,4.782473e-10
24.658203,3.221467e-08,3.552362e-08,8.618447e-07,1.998646e-06,1.018206e-09,9.459246e-08,2.651661e-08,6.677106e-08,1.376154e-07,9.066854e-07,2.890692e-07,7.944289e-08,3.192850e-07,1.217282e-07,2.911058e-07,1.062496e-07,3.219986e-10,3.886184e-08,4.938082e-09,2.047092e-08,4.620141e-10,1.932184e-10,4.188911e-10,2.199406e-07,1.616255e-09
24.707031,3.814985e-08,6.152106e-08,8.997239e-07,1.502073e-06,9.184740e-10,8.850072e-08,2.117483e-08,1.014233e-07,1.330253e-07,8.010958e-07,1.887285e-07,1.481574e-07,2.843253e-07,1.032015e-07,3.420085e-07,3.449516e-07,2.297834e-10,1.878727e-07,6.323668e-09,1.890888e-08,1.301167e-09,3.025055e-10,7.679747e-10,2.172764e-07,3.339830e-09
24.755859,4.016409e-08,8.037582e-08,1.019688e-06,1.094744e-06,1.147508e-09,6.789593e-08,1.577292e-08,1.001339e-07,1.415157e-07,8.790947e-07,1.106275e-07,2.062571e-07,1.630413e-07,1.061259e-07,2.185713e-07,4.981129e-07,1.498185e-10,1.707668e-07,5.423875e-09,1.258547e-08,1.077987e-09,1.342980e-10,2.400981e-10,2.521374e-07,2.515626e-09
24.804688,3.861244e-08,9.349581e-08,1.324701e-06,1.043830e-06,1.518354e-09,4.781853e-08,1.386658e-08,4.951387e-08,1.152908e-07,1.062969e-06,1.586162e-07,1.273049e-07,2.045088e-07,3.467060e-08,7.360658e-08,4.824066e-07,3.300533e-10,1.133410e-07,2.920006e-09,2.954381e-08,3.583767e-10,1.962474e-10,5.728534e-10,9.034261e-08,1.337206e-09
24.853516,3.793975e-08,1.043505e-07,1.652253e-06,1.074661e-06,1.857026e-09,4.033451e-08,1.582527e-08,3.789187e-08,1.166505e-07,1.192825e-06,1.803171e-07,2.009446e-07,1.844845e-07,1.082816e-07,3.816551e-08,4.200998e-07,3.191101e-10,5.986759e-08,7.367894e-09,2.626009e-08,5.099544e-10,2.777695e-10,6.029528e-10,2.236928e-07,2.622642e-09
24.902344,4.104851e-08,1.116291e-07,1.817085e-06,9.117300e-07,2.007673e-09,3.760541e-08,1.287563e-08,1.024148e-07,1.323167e-07,1.308419e-06,1.666020e-07,2.518657e-07,7.352442e-08,1.477807e-07,2.850687e-07,4.734726e-07,1.745471e-10,6.297674e-08,7.862048e-09,2.513513e-08,1.326401e-09,2.495818e-10,2.935929e-10,4.267379e-07,1.122624e-09
24.951172,4.431239e-08,1.092879e-07,1.838751e-06,5.946839e-07,1.869247e-09,2.625628e-08,9.343173e-09,1.228693e-07,8.056863e-08,1.343443e-06,1.655382e-07,2.360822e-07,1.402098e-07,1.985559e-07,4.119005e-07,3.562163e-07,1.548284e-10,1.372523e-07,5.768901e-09,2.212321e-08,6.011675e-10,3.971481e-10,7.188769e-10,3.249346e-07,1.125117e-09
25.000000,4.340938e-08,9.243729e-08,1.877373e-06,2.865672e-07,1.460672e-09,1.343828e-08,2.083677e-08,1.107900e-07,7.788907e-08,1.131616e-06,1.803164e-07,1.521307e-07,1.631346e-07,2.009714e-07,3.277011e-07,1.941306e-07,2.069959e-10,2.175180e-07,1.894681e-09,8.037580e-09,1.203135e-10,3.411808e-10,3.447446e-10,1.349607e-07,1.791439e-09
25.048828,3.962179e-08,6.309241e-08,1.945656e-06,1.289119e-07,9.606206e-10,4.001499e-08,3.488511e-08,8.467572e-08,1.572330e-07,7.255828e-07,1.764057e-07,8.861533e-08,1.579469e-07,1.590293e-07,3.461529e-07,2.369087e-07,2.432800e-10,1.292136e-07,2.288463e-09,5.346615e-09,7.680806e-10,5.291152e-10,2.694313e-10,3.445366e-08,4.905666e-10
25.097656,4.007456e-08,3.839156e-08,1.847717e-06,2.074524e-07,7.144599e-10,7.207593e-08,4.346745e-08,4.848805e-08,1.827608e-07,5.593391e-07,1.283085e-07,1.325168e-07,1.152525e-07,9.388502e-08,3.741833e-07,2.870583e-07,1.897077e-10,6.657604e-08,4.503215e-09,1.015783e-08,3.735660e-10,5.288390e-10,4.515717e-10,1.003640e-07,1.452707e-09
25.146484,4.753066e-08,5.095396e-08,1.471795e-06,3.707491e-07,8.370694e-10,9.451355e-08,4.078003e-08,2.006600e-08,1.838428e-07,7.201615e-07,4.671258e-08,7.107242e-08,8.262662e-08,5.333348e-08,2.770136e-07,4.080057e-07,5.725948e-11,1.125822e-07,5.224448e-09,5.254775e-09,1.067639e-09,2.470157e-10,5.819931e-10,1.787553e-07,2.194539e-09
25.195312,5.487353e-08,7.601882e-08,1.028105e-06,5.434461e-07,1.026925e-09,1.008295e-07,2.709504e-08,3.492218e-08,1.843026e-07,8.147025e-07,4.149345e-08,3.335250e-08,4.758393e-08,9.676686e-08,2.479674e-07,4.167072e-07,1.458179e-10,2.124013e-07,6.620387e-09,1.855575e-08,1.501323e-09,2.864907e-10,7.647028e-10,4.357073e-07,2.061878e-09
25.244141,5.553065e-08,9.254121e-08,1.063590e-06,6.954834e-07,1.265153e-09,8.893690e-08,2.365690e-08,6.258010e-08,1.509326e-07,8.376098e-07,6.964561e-08,6.775591e-08,5.183547e-08,6.831106e-08,1.824220e-07,3.620394e-07,2.760856e-10,2.176799e-07,3.984317e-09,1.428023e-08,9.449511e-10,4.078987e-10,6.059089e-10,9.117126e-07,2.185350e-09
25.292969,4.787898e-08,1.038138e-07,1.468613e-06,7.613174e-07,1.618367e-09,6.383309e-08,3.659929e-08,8.306296e-08,8.433313e-08,7.592557e-07,5.921336e-08,8.605980e-08,8.318854e-08,1.160944e-08,3.273143e-07,3.987962e-07,1.951714e-10,1.456771e-07,7.693883e-10,1.116242e-08,9.144536e-10,1.553143e-10,3.374858e-10,4.055167e-07,1.588166e-09
25.341797,3.449149e-08,1.194563e-07,1.808092e-06,6.415234e-07,1.985294e-09,4.088984e-08,3.796277e-08,8.607761e-08,3.118768e-08,5.460651e-07,4.618648e-08,1.315174e-07,1.553848e-07,7.356121e-08,3.897197e-07,3.539828e-07,1.874591e-10,9.705311e-08,8.386921e-10,9.667668e-09,2.690524e-10,1.520569e-10,4.788541e-10,6.373950e-07,8.805653e-10
25.390625,2.105617e-08,1.395839e-07,2.076256e-06,3.243952e-07,2.207614e-09,3.982431e-08,2.496487e-08,7.448784e-08,3.351071e-08,3.001798e-07,5.234053e-08,1.359659e-07,2.084447e-07,9.597053e-08,3.672612e-07,2.720865e-07,2.832508e-10,6.361415e-08,1.915827e-09,1.655250e-09,1.135248e-09,8.460078e-11,3.937568e-10,7.760813e-07,2.553607e-10
25.439453,1.622476e-08,1.545526e-07,2.385939e-06,3.476428e-07,2.215255e-09,4.961092e-08,1.754396e-08,6.422365e-08,2.767638e-08,1.393632e-07,5.561861e-08,1.227800e-07,2.249279e-07,1.032258e-07,3.160879e-07,1.648084e-07,1.820350e-10,3.641643e-08,1.264214e-09,4.492466e-09,7.692653e-10,1.670625e-10,3.955942e-10,6.721388e-07,1.496356e-09
25.488281,1.990823e-08,1.581309e-07,2.724431e-06,7.519104e-07,2.068111e-09,5.687247e-08,2.537315e-08,5.752660e-08,2.637348e-08,1.326383e-07,5.940141e-08,8.722173e-08,1.524135e-07,1.187668e-07,2.861972e-07,2.381220e-07,1.919049e-10,1.050975e-08,2.295594e-09,8.377667e-09,1.015406e-10,4.880144e-11,6.642931e-10,6.035039e-07,1.871346e-09
25.537109,2.204999e-08,1.549021e-07,3.033127e-06,9.300026e-07,1.911688e-09,6.193459e-08,3.167449e-08,3.354485e-08,6.713900e-08,1.678523e-07,1.274750e-07,7.627390e-08,7.411372e-08,1.289178e-07,1.950589e-07,3.016024e-07,2.040638e-10,4.422327e-08,1.773868e-09,2.030165e-08,5.135122e-10,2.235810e-10,3.718585e-10,4.383284e-07,1.618998e-09
25.585938,1.963349e-08,1.564825e-07,3.325209e-06,7.736415e-07,1.843947e-09,5.972917e-08,4.254189e-08,1.231780e-08,1.010048e-07,1.228615e-07,1.712420e-07,8.141256e-08,1.269207e-07,1.449991e-07,6.077458e-08,2.136033e-07,2.983820e-10,8.143522e-08,2.983282e-09,1.113070e-08,1.542047e-09,3.430972e-10,6.251818e-10,3.032000e-07,2.130162e-09
25.634766,1.526137e-08,1.678442e-07,3.579233e-06,5.170664e-07,1.809954e-09,4.021626e-08,5.504424e-08,4.592259e-08,1.044253e-07,1.972212e-07,1.507671e-07,1.161547e-07,1.320823e-07,1.247507e-07,8.297994e-08,4.650749e-08,3.336742e-10,2.212747e-07,3.571370e-09,3.524518e-09,1.500352e-09,2.078348e-10,8.811992e-10,1.239146e-07,1.072722e-09
25.683594,1.673960e-08,1.820732e-07,3.628159e-06,8.805823e-07,1.694600e-09,2.486004e-08,5.762977e-08,4.648674e-08,7.355199e-08,4.731544e-07,1.184957e-07,1.484514e-07,7.521726e-08,8.669329e-08,7.348899e-08,7.019692e-08,1.786554e-10,2.598318e-07,2.720095e-09,1.557796e-08,1.154283e-09,2.229346e-10,7.334342e-10,1.198329e-07,2.563114e-09
25.732422,2.434021e-08,1.914243e-07,3.281481e-06,1.542259e-06,1.461502e-09,7.235266e-08,4.716935e-08,8.483703e-09,2.849098e-08,6.732712e-07,1.009301e-07,1.617597e-07,8.510563e-08,9.572204e-08,4.295191e-08,2.331173e-07,2.054688e-10,2.143207e-07,1.542548e-09,2.402759e-08,7.306027e-10,2.933136e-10,6.769399e-10,3.154959e-07,1.648587e-09
25.781250,3.037946e-08,1.935743e-07,2.549957e-06,2.082502e-06,1.182674e-09,1.149340e-07,2.994434e-08,4.602165e-08,4.486842e-08,7.368343e-07,1.009060e-07,1.070977e-07,1.738264e-07,9.359274e-08,1.597920e-07,2.402192e-07,1.611504e-10,1.874943e-07,1.176163e-09,1.481723e-08,3.919666e-10,2.290940e-10,4.910063e-10,2.209199e-07,7.300150e-10
25.830078,3.092818e-08,1.881743e-07,1.854004e-06,2.330577e-06,9.783372e-10,1.221949e-07,1.740389e-08,9.121045e-08,7.713960e-08,7.250754e-07,1.468289e-07,5.369032e-09,1.831580e-07,1.048007e-07,3.209100e-07,1.441769e-07,6.781741e-11,1.334971e-07,2.621933e-09,1.459657e-08,6.458695e-10,1.127130e-10,6.015476e-10,4.857996e-07,5.766120e-10
25.878906,2.587827e-08,1.736543e-07,1.937863e-06,2.220955e-06,8.793972e-10,9.372344e-08,1.839712e-08,1.308663e-07,9.002480e-08,5.973132e-07,1.761805e-07,8.101019e-08,1.564837e-07,9.950422e-08,4.502521e-07,1.298261e-07,2.069694e-10,5.092178e-08,3.703070e-09,7.191454e-09,8.553626e-10,1.474444e-10,6.258689e-10,3.254886e-07,1.805722e-09
25.927734,1.893468e-08,1.500069e-07,2.523430e-06,1.810117e-06,7.794110e-10,8.005794e-08,2.293873e-08,1.802397e-07,8.410057e-08,3.557607e-07,1.834805e-07,9.604992e-08,1.427622e-07,5.330111e-08,4.192708e-07,1.260462e-07,3.148947e-10,5.283301e-08,3.517678e-09,1.012270e-08,6.303769e-10,1.305454e-10,3.599755e-10,1.717715e-07,1.920166e-09
25.976562,1.727697e-08,1.240003e-07,2.874693e-06,1.271091e-06,6.081341e-10,1.190077e-07,2.495637e-08,2.139967e-07,6.234998e-08,3.534279e-07,1.856455e-07,1.235873e-07,1.648099e-07,2.264081e-08,3.449686e-07,1.464890e-07,3.313246e-10,2.131088e-08,2.354500e-09,6.339311e-09,3.188769e-10,1.037483e-10,7.427207e-10,4.412814e-07,1.876680e-09
26.025391,2.168765e-08,1.089623e-07,2.775138e-06,8.117498e-07,4.302508e-10,1.526738e-07,2.632296e-08,2.002350e-07,3.437780e-08,5.097305e-07,1.687203e-07,1.381455e-07,1.545781e-07,7.096671e-08,3.497101e-07,9.888393e-08,3.061571e-10,1.164175e-08,2.612100e-09,5.120353e-09,6.022713e-11,1.081361e-10,5.268735e-10,1.393111e-07,1.206946e-09
26.074219,2.562323e-08,1.108395e-07,2.322643e-06,5.279442e-07,3.429991e-10,1.617220e-07,3.013890e-08,1.479863e-07,2.857849e-08,5.285424e-07,1.426954e-07,1.289781e-07,8.816557e-08,9.939937e-08,3.248794e-07,1.798269e-07,2.629853e-10,7.609440e-08,3.805142e-09,7.290919e-09,7.997939e-10,1.632814e-10,2.432405e-10,2.060146e-07,6.065577e-10
26.123047,2.668653e-08,1.186319e-07,1.736639e-06,3.373115e-07,2.890031e-10,1.581844e-07,3.483618e-08,1.065921e-07,4.247471e-08,4.536517e-07,1.414594e-07,1.277246e-07,1.860703e-08,6.715782e-08,2.417916e-07,3.291254e-07,2.470702e-10,1.504290e-07,2.059848e-09,4.992030e-09,6.959263e-10,1.810106e-10,2.124003e-10,2.811426e-07,6.703708e-10
26.171875,2.570992e-08,1.210315e-07,1.211094e-06,1.676858e-07,3.145023e-10,1.450921e-07,3.604732e-08,1.073640e-07,4.264401e-08,3.777205e-07,1.705632e-07,1.215152e-07,6.769581e-08,2.043621e-08,2.340065e-07,3.255818e-07,9.556862e-11,1.273113e-07,1.279016e-09,1.306487e-09,2.104881e-10,1.935103e-10,1.983529e-10,2.699513e-07,1.080384e-09
26.220703,2.414702e-08,1.158687e-07,8.249810e-07,2.137107e-07,5.384675e-10,1.114649e-07,3.232920e-08,1.134681e-07,4.189657e-08,3.350533e-07,1.932232e-07,1.821010e-07,1.030689e-07,3.612358e-09,2.867294e-07,2.794369e-07,1.318814e-10,4.583143e-08,1.364953e-09,4.648829e-09,1.110973e-10,1.871921e-10,4.647736e-10,2.941718e-07,6.437089e-10
26.269531,2.256596e-08,1.065451e-07,5.598586e-07,4.717639e-07,7.360690e-10,6.119127e-08,2.753281e-08,1.020222e-07,6.539360e-08,3.252379e-07,1.825701e-07,2.358876e-07,1.157182e-07,3.828732e-08,2.417688e-07,5.752106e-08,1.919122e-10,7.746475e-08,9.983838e-10,9.668465e-09,4.459995e-10,1.773339e-10,2.433330e-10,3.417876e-07,7.545131e-10
26.318359,2.072560e-08,9.697064e-08,3.755472e-07,7.042757e-07,7.323243e-10,2.812379e-08,2.775206e-08,9.604171e-08,8.499342e-08,3.364306e-07,1.623977e-07,2.207232e-07,1.029539e-07,6.851203e-08,9.021472e-08,9.416216e-08,8.093279e-11,6.991313e-08,5.241842e-10,7.826380e-09,2.833789e-10,1.371318e-10,3.008318e-10,3.333498e-07,6.856973e-10
26.367188,1.836317e-08,8.848064e-08,2.151515e-07,7.658130e-07,5.565591e-10,3.110208e-08,3.150634e-08,1.327319e-07,8.497781e-08,3.414560e-07,1.643944e-07,1.966027e-07,3.894558e-08,9.252856e-08,1.936015e-07,9.458080e-08,5.540417e-11,1.073838e-07,1.340946e-09,5.373652e-09,2.425404e-10,1.664655e-10,4.258884e-10,4.806026e-07,5.425813e-10
26.416016,1.537595e-08,7.955468e-08,1.282800e-07,5.873213e-07,5.708074e-10,2.259456e-08,3.299184e-08,1.827707e-07,7.924549e-08,3.119471e-07,1.701231e-07,1.692963e-07,7.448946e-08,9.669839e-08,1.119917e-07,3.462971e-07,1.164430e-10,1.153153e-07,5.015639e-10,2.922205e-09,2.879843e-10,2.784278e-10,2.409350e-10,6.076858e-07,7.191778e-10
26.464844,1.179042e-08,6.788726e-08,4.106391e-07,2.601228e-07,8.655929e-10,3.268699e-08,3.045143e-08,2.230086e-07,9.658875e-08,2.375936e-07,1.505503e-07,1.565281e-07,1.720234e-07,5.363809e-08,2.638426e-07,4.572595e-07,8.792872e-11,9.350015e-08,1.028397e-09,7.919901e-09,8.657341e-10,2.016746e-10,2.783238e-10,3.988614e-07,4.270661e-10
26.513672,8.283822e-09,5.292728e-08,7.781188e-07,1.965180e-07,1.054788e-09,6.066950e-08,2.550820e-08,2.553179e-07,1.323117e-07,2.715447e-07,9.504528e-08,1.647559e-07,2.038812e-07,3.382386e-08,3.688150e-07,4.028944e-07,5.172227e-11,1.180890e-07,1.299112e-10,7.488300e-09,9.330891e-10,1.820495e-10,1.822485e-10,4.659905e-08,1.044579e-09
26.562500,7.186823e-09,3.713772e-08,1.109931e-06,2.944993e-07,1.000103e-09,8.541416e-08,2.140953e-08,2.641620e-07,1.510286e-07,5.658218e-07,2.768705e-08,2.321371e-07,2.052937e-07,6.671968e-08,3.702109e-07,2.955036e-07,5.863472e-11,9.095249e-08,2.897872e-09,6.705581e-09,9.315856e-10,1.224829e-10,5.920316e-11,3.004715e-07,5.442021e-10
26.611328,1.010464e-08,2.571854e-08,1.352571e-06,3.305501e-07,8.084496e-10,1.045162e-07,2.311861e-08,2.307330e-07,1.330138e-07,8.671430e-07,3.166433e-08,2.688502e-07,1.903803e-07,8.758731e-08,2.913970e-07,2.408801e-07,8.075225e-11,2.376373e-08,3.699984e-09,1.242609e-08,8.497890e-10,1.566711e-10,7.937740e-11,4.229945e-07,1.136209e-09
26.660156,1.509401e-08,2.404243e-08,1.525168e-06,7.109274e-07,7.486068e-10,1.098482e-07,3.068957e-08,1.751332e-07,9.199453e-08,9.511434e-07,4.990338e-08,1.755993e-07,1.980409e-07,1.200604e-07,2.655586e-07,1.758838e-07,1.030652e-10,4.389485e-08,2.425498e-09,1.074528e-08,5.657816e-10,1.352776e-10,1.132085e-10,1.785953e-07,5.045094e-10
26.708984,2.076756e-08,3.058518e-08,1.693750e-06,1.201106e-06,8.793339e-10,1.125237e-07,3.736780e-08,1.363488e-07,6.010019e-08,7.539180e-07,6.606074e-08,5.700398e-08,1.986029e-07,1.163766e-07,1.862431e-07,2.202463e-07,5.021773e-11,1.086409e-07,1.567470e-09,6.636517e-09,7.903174e-10,7.175175e-11,2.531475e-10,3.136808e-07,3.690794e-10
26.757812,2.580826e-08,4.000006e-08,1.882847e-06,1.501777e-06,9.784933e-10,1.406975e-07,3.794662e-08,1.074931e-07,4.478858e-08,4.219188e-07,9.603513e-08,1.136587e-07,1.473304e-07,7.457772e-08,1.137279e-07,2.507215e-07,5.125225e-11,9.379138e-08,1.077098e-09,7.268533e-09,7.275673e-10,3.928003e-11,4.677960e-10,3.008864e-07,1.747043e-09
26.806641,2.846625e-08,4.789558e-08,2.031809e-06,1.499343e-06,9.489982e-10,1.689407e-07,3.169083e-08,7.114573e-08,3.937336e-08,1.541538e-07,1.231453e-07,1.249171e-07,6.913036e-08,7.693727e-08,3.573592e-08,2.485045e-07,6.563459e-11,6.580992e-08,6.719331e-10,1.267631e-08,6.562107e-10,1.146182e-10,6.279927e-10,1.018843e-07,7.124209e-10
26.855469,2.739337e-08,5.063065e-08,2.062383e-06,1.266024e-06,8.291004e-10,1.565478e-07,2.289025e-08,4.198973e-08,5.287709e-08,1.388990e-07,1.344426e-07,1.595315e-07,1.280767e-08,8.395359e-08,1.700484e-07,2.564939e-07,5.542001e-11,7.155568e-08,1.100533e-09,1.736323e-08,6.108828e-10,1.076038e-10,4.098549e-10,4.007644e-07,3.861289e-10
26.904297,2.256893e-08,4.696124e-08,1.966864e-06,9.797351e-07,6.901644e-10,1.039033e-07,1.953981e-08,2.069011e-08,7.371609e-08,4.238198e-07,1.500882e-07,1.931709e-07,5.043738e-08,7.206205e-08,2.077214e-07,3.536441e-08,1.054373e-10,2.148882e-08,1.762304e-09,6.660759e-09,7.644835e-10,1.390210e-10,2.134370e-10,1.763869e-07,3.965819e-10
26.953125,1.553608e-08,3.869832e-08,1.841674e-06,7.847448e-07,5.656668e-10,6.622043e-08,2.313302e-08,4.811205e-08,8.442905e-08,6.793925e-07,1.584154e-07,1.638928e-07,1.592105e-07,7.816135e-08,1.984549e-07,1.194046e-07,1.550781e-10,1.015358e-07,1.527712e-09,3.223890e-09,6.542482e-10,8.198849e-11,2.357039e-10,2.370287e-07,6.642241e-10
27.001953,8.639426e-09,2.860423e-08,1.830593e-06,7.455982e-07,4.527387e-10,8.890755e-08,2.847726e-08,1.027895e-07,7.611369e-08,7.617528e-07,1.347507e-07,7.154396e-08,2.418966e-07,7.510400e-08,3.674654e-08,1.317670e-07,1.594915e-10,8.438070e-08,4.638287e-10,9.942288e-09,5.223664e-10,1.425298e-10,1.993735e-10,1.828918e-07,6.128611e-10
27.050781,3.278370e-09,1.831213e-08,1.980008e-06,8.569410e-07,3.845660e-10,1.040771e-07,3.459889e-08,1.436996e-07,6.045649e-08,6.440995e-07,1.196324e-07,3.224915e-08,2.708371e-07,3.919788e-08,1.704157e-07,1.693052e-07,1.497589e-10,5.516562e-08,1.433909e-09,5.729468e-09,4.815595e-10,1.793026e-10,1.713735e-10,5.707725e-07,7.499091e-10
27.099609,1.699129e-09,1.846886e-08,2.203776e-06,9.652006e-07,4.385869e-10,9.321049e-08,3.964561e-08,1.560420e-07,4.953363e-08,4.391341e-07,1.368203e-07,1.078208e-07,2.363385e-07,3.069280e-08,2.251078e-07,1.985103e-07,1.207568e-10,4.812496e-08,1.245051e-09,3.271515e-09,5.869536e-10,2.197220e-10,1.795305e-10,4.955971e-07,3.068219e-10
27.148438,7.746951e-09,3.973373e-08,2.414036e-06,8.907511e-07,5.813107e-10,6.643138e-08,3.957036e-08,1.399684e-07,3.251204e-08,3.279150e-07,1.427521e-07,1.423735e-07,1.284747e-07,7.453080e-08,2.034722e-07,1.386606e-07,1.281137e-10,1.310980e-08,1.222217e-09,4.120105e-09,2.450131e-10,1.608615e-10,2.369212e-10,3.179683e-07,5.409286e-10
27.197266,1.424883e-08,6.867640e-08,2.589980e-06,5.717418e-07,7.108559e-10,3.434564e-08,3.305028e-08,1.106536e-07,1.053938e-08,3.428817e-07,1.307102e-07,9.683608e-08,3.550128e-08,7.778201e-08,1.518717e-07,6.449741e-08,7.937481e-11,1.851034e-08,2.333592e-09,7.951362e-09,3.295033e-10,5.338637e-11,1.141681e-10,2.388939e-07,1.872736e-10
27.246094,1.908982e-08,9.691547e-08,2.747562e-06,1.131770e-07,7.640619e-10,8.581965e-09,2.425398e-08,9.431170e-08,1.021391e-08,3.588833e-07,1.153312e-07,5.783333e-08,1.494194e-07,2.354335e-08,1.455821e-07,1.323427e-07,4.294250e-11,2.107394e-08,2.865182e-09,3.484405e-09,1.230548e-10,1.007084e-10,1.929968e-10,2.540515e-08,2.319941e-10
27.294922,2.061358e-08,1.183238e-07,2.888055e-06,4.817561e-07,7.163984e-10,1.335997e-08,1.949416e-08,9.702707e-08,2.347256e-08,3.345378e-07,9.118844e-08,1.142786e-07,2.248826e-07,4.108041e-08,1.929288e-07,1.467862e-07,2.900181e-11,3.054060e-08,1.675997e-09,6.131018e-09,3.238837e-10,1.109957e-10,3.015244e-10,2.613396e-07,3.971587e-10
27.343750,1.874938e-08,1.287052e-07,2.983295e-06,9.232080e-07,5.744662e-10,3.119612e-08,1.761510e-08,1.001148e-07,3.507068e-08,3.139400e-07,8.012500e-08,1.285500e-07,2.195347e-07,5.879292e-08,2.156731e-07,2.431778e-07,9.245309e-11,7.658768e-08,7.286609e-10,8.547811e-09,6.763160e-10,1.718974e-10,4.560885e-10,1.799766e-07,4.047042e-10
27.392578,1.521260e-08,1.263707e-07,3.007447e-06,1.211060e-06,3.768019e-10,5.587553e-08,1.395918e-08,9.778116e-08,3.773130e-08,3.109646e-07,1.011979e-07,1.268998e-07,1.660575e-07,6.615459e-08,2.344166e-07,2.449139e-07,1.707426e-10,8.330763e-08,9.508737e-10,1.135659e-08,1.376024e-10,1.533154e-10,3.300406e-10,1.221141e-07,1.125351e-09
27.441406,1.258646e-08,1.123058e-07,2.973169e-06,1.337815e-06,2.004245e-10,7.524433e-08,8.979578e-09,9.586938e-08,3.558301e-08,2.785907e-07,7.698060e-08,1.319429e-07,1.535997e-07,6.575787e-08,1.826036e-07,1.239982e-07,1.905807e-10,4.565052e-08,1.494173e-09,1.723281e-08,3.367479e-10,4.934428e-11,1.829394e-10,6.363845e-08,6.560907e-10
27.490234,1.194502e-08,8.995917e-08,2.921455e-06,1.327140e-06,1.842556e-10,7.848000e-08,4.467362e-09,1.006581e-07,3.795145e-08,2.021131e-07,3.320054e-08,1.551777e-07,1.630782e-07,5.165859e-08,7.891720e-08,8.081365e-08,1.517398e-10,2.716794e-08,1.643509e-09,2.449750e-08,4.090441e-10,8.417486e-11,1.779190e-10,2.894061e-07,9.746985e-10
27.539062,1.211392e-08,6.443319e-08,2.858111e-06,1.213432e-06,2.599018e-10,6.282073e-08,5.271560e-09,1.104690e-07,4.336612e-08,1.996014e-07,1.122649e-07,1.932456e-07,1.357979e-07,2.763047e-08,4.898957e-08,2.838350e-08,7.541899e-11,5.492683e-08,3.635834e-10,1.788547e-08,4.423457e-10,3.838175e-11,1.114419e-10,3.408986e-07,3.980757e-10
27.587891,1.252086e-08,4.084325e-08,2.711598e-06,1.042665e-06,2.843347e-10,3.312389e-08,9.990316e-09,1.235802e-07,3.953052e-08,3.845838e-07,1.545331e-07,1.859229e-07,7.241116e-08,1.486630e-08,1.472287e-07,1.157880e-07,8.750976e-11,3.983667e-08,1.871700e-09,7.641665e-09,2.322989e-10,1.151560e-10,1.012884e-10,3.904651e-07,5.055355e-10
27.636719,1.367245e-08,2.239847e-08,2.385318e-06,8.747118e-07,2.364230e-10,1.409037e-08,1.161314e-08,1.383520e-07,2.118802e-08,5.382506e-07,1.452044e-07,1.297243e-07,2.833055e-08,6.018002e-08,2.512654e-07,6.755102e-08,7.651803e-11,1.120217e-07,1.916243e-09,6.646310e-09,2.540374e-10,9.203668e-11,7.889774e-11,4.201144e-07,9.225612e-10
27.685547,1.565722e-08,1.133062e-08,1.857101e-06,7.788844e-07,1.660979e-10,3.674165e-08,9.537127e-09,1.370834e-07,7.114590e-09,5.838067e-07,1.076245e-07,7.917692e-08,5.682076e-08,7.348331e-08,1.803516e-07,6.112229e-08,6.027129e-11,1.398089e-07,2.286045e-09,3.411793e-09,2.753441e-10,4.405861e-11,2.058931e-10,2.312242e-07,1.046769e-10
27.734375,1.794930e-08,1.422777e-08,1.250692e-06,7.963599e-07,2.179336e-10,5.119897e-08,6.596819e-09,1.039347e-07,1.305860e-08,5.956982e-07,7.160884e-08,5.526734e-08,6.838123e-08,5.831286e-08,4.152252e-08,1.076381e-07,7.244174e-11,1.684457e-07,2.759938e-09,8.467405e-09,6.178519e-10,1.251927e-11,1.779764e-10,2.487198e-07,4.979824e-10
27.783203,1.994197e-08,2.259138e-08,8.669563e-07,8.788083e-07,3.377330e-10,5.702238e-08,2.489014e-09,5.136908e-08,1.482205e-08,6.025822e-07,7.409774e-08,3.427956e-08,1.116529e-07,5.664240e-08,1.118060e-07,2.354715e-07,1.047020e-10,1.153698e-07,2.423400e-09,1.274713e-08,4.598080e-10,7.545669e-11,2.978274e-10,4.684357e-07,4.534552e-10
27.832031,2.102417e-08,2.726901e-08,8.771956e-07,9.269836e-07,4.033934e-10,5.974618e-08,5.518562e-09,4.716532e-08,3.971404e-08,5.522947e-07,9.642740e-08,3.358697e-08,1.616309e-07,9.675569e-08,1.488997e-07,2.006918e-07,1.078348e-10,8.870372e-08,1.679912e-09,1.074599e-08,4.107631e-10,5.046756e-11,1.959817e-10,5.114802e-07,4.669099e-10
27.880859,2.074547e-08,2.531599e-08,8.978673e-07,8.688602e-07,3.957730e-10,5.589936e-08,1.517016e-08,7.994501e-08,7.818131e-08,4.653023e-07,9.894508e-08,4.997168e-08,1.998810e-07,1.213907e-07,1.620711e-07,1.873618e-07,8.666561e-11,9.648656e-09,3.214972e-09,7.015396e-09,2.505085e-10,1.033611e-10,1.371858e-10,3.850993e-07,1.075331e-09
27.929688,1.920705e-08,1.716871e-08,7.056517e-07,6.911723e-07,3.839035e-10,4.310990e-08,2.127347e-08,9.026314e-08,1.081521e-07,3.772135e-07,7.699827e-08,5.439108e-08,2.540012e-07,7.863926e-08,1.279568e-07,2.462572e-07,3.783199e-11,6.278245e-08,2.230959e-09,4.291979e-09,1.201139e-10,1.224387e-10,1.871531e-10,4.904460e-07,1.258571e-09
27.978516,1.710202e-08,9.134963e-09,4.801420e-07,4.582561e-07,4.381043e-10,3.066482e-08,2.034170e-08,8.272555e-08,1.117708e-07,2.659719e-07,9.382612e-08,5.268138e-08,2.474192e-07,4.733472e-08,6.743528e-08,1.843287e-07,7.706358e-11,5.779922e-08,1.809441e-09,8.777662e-09,1.445643e-10,1.139317e-10,1.257810e-10,5.434281e-07,8.360629e-10
28.027344,1.506693e-08,1.591930e-08,6.569141e-07,3.397534e-07,5.029662e-10,3.352235e-08,1.302416e-08,7.682249e-08,1.044659e-07,2.826993e-07,1.331232e-07,5.245531e-08,1.645217e-07,4.862578e-08,1.248976e-07,1.307601e-07,1.133346e-10,2.404738e-08,2.302872e-09,3.207221e-09,1.030480e-10,1.146471e-10,1.397319e-10,4.175262e-07,6.798054e-10
28.076172,1.298631e-08,2.612831e-08,9.799574e-07,3.933934e-07,4.968664e-10,5.247476e-08,2.898186e-09,7.826945e-08,1.150736e-07,4.532259e-07,1.483888e-07,4.693434e-08,6.601547e-08,6.440670e-08,2.094687e-07,2.287176e-07,8.253288e-11,3.180003e-08,1.693966e-09,2.513970e-09,2.371027e-10,6.174117e-11,2.596543e-10,3.986392e-07,7.204448e-11
28.125000,1.032962e-08,3.295463e-08,1.177033e-06,4.011387e-07,4.019896e-10,7.976965e-08,7.857530e-09,7.813788e-08,1.191750e-07,5.107123e-07,1.576660e-07,4.346813e-08,5.299557e-08,7.102921e-08,2.381813e-07,2.637318e-07,6.002040e-11,7.545097e-08,4.970950e-10,2.614249e-09,2.628178e-10,4.333348e-11,1.935455e-10,4.021299e-07,5.313199e-10
28.173828,7.008432e-09,3.681964e-08,1.248118e-06,3.022119e-07,2.556356e-10,1.017325e-07,1.510038e-08,7.492121e-08,9.651490e-08,4.667794e-07,1.577982e-07,4.752118e-08,5.572601e-08,4.034572e-08,2.177659e-07,2.361832e-07,6.066761e-11,1.136357e-07,7.459182e-10,8.609078e-09,5.020774e-10,1.178065e-10,3.448114e-10,5.331743e-07,3.208728e-10
28.222656,3.543445e-09,4.006006e-08,1.276149e-06,2.260709e-07,1.231270e-10,1.041942e-07,1.796350e-08,7.295294e-08,8.087129e-08,4.847047e-07,1.320462e-07,4.573853e-08,6.566794e-08,5.231963e-08,1.288970e-07,1.775700e-07,4.583953e-11,1.157339e-07,4.545138e-10,8.226537e-09,3.103397e-10,8.364931e-11,2.676797e-10,6.506794e-07,3.422045e-10
28.271484,5.813304e-10,4.332901e-08,1.297312e-06,2.412741e-07,7.309521e-11,8.421738e-08,1.718269e-08,7.273565e-08,1.050718e-07,4.562130e-07,9.786488e-08,4.448632e-08,6.866461e-08,5.572416e-08,4.982487e-08,7.112639e-08,7.847000e-11,8.474290e-08,8.550623e-10,3.633539e-09,7.480861e-11,6.477084e-11,2.137884e-10,1.459591e-07,4.210976e-10
28.320312,1.646252e-09,4.415528e-08,1.282623e-06,1.878537e-07,7.380612e-11,5.391321e-08,1.610203e-08,6.992959e-08,1.269750e-07,3.054028e-07,8.448148e-08,5.162735e-08,6.155584e-08,5.477688e-08,8.913284e-09,1.161177e-07,9.320859e-11,8.368791e-08,1.294779e-09,6.882576e-10,3.337533e-10,8.622720e-11,1.609241e-10,1.558289e-07,6.007033e-10
28.369141,3.251497e-09,4.006873e-08,1.211485e-06,2.760173e-07,5.918043e-11,3.087657e-08,1.685956e-08,6.231020e-08,1.208588e-07,1.970665e-07,1.041596e-07,4.295520e-08,6.431931e-08,9.531726e-08,2.161744e-08,1.906163e-07,6.765660e-11,6.439939e-08,1.555048e-09,7.063342e-09,3.184310e-10,4.332090e-11,1.417547e-10,3.193774e-07,4.043007e-10
28.417969,4.315226e-09,3.370413e-08,1.097623e-06,6.187947e-07,8.295967e-11,1.683252e-08,1.851534e-08,5.639461e-08,9.550477e-08,2.246435e-07,1.201486e-07,3.115005e-08,8.629611e-08,9.398842e-08,1.177619e-07,1.350136e-07,2.252757e-11,6.808474e-08,9.820795e-10,8.236599e-09,1.878351e-10,7.564260e-11,2.208793e-10,3.555584e-07,7.029011e-10
28.466797,4.650778e-09,3.638199e-08,9.757068e-07,9.181843e-07,1.513762e-10,1.198448e-08,2.004432e-08,6.215796e-08,8.066221e-08,4.164379e-07,1.079453e-07,5.478652e-08,1.599577e-07,5.671973e-08,1.843265e-07,1.022314e-07,2.722616e-11,7.456741e-08,8.318382e-10,7.991068e-09,7.259507e-11,8.330782e-11,2.271164e-10,2.681342e-07,5.221248e-10
28.515625,4.189230e-09,5.173632e-08,9.264384e-07,1.029602e-06,2.214550e-10,2.665058e-08,2.022681e-08,7.493356e-08,8.668112e-08,5.813638e-07,8.443113e-08,7.743286e-08,2.102726e-07,3.568911e-08,1.266961e-07,1.284096e-07,4.114425e-11,8.384618e-08,1.598547e-09,7.161988e-09,6.090838e-11,4.016673e-11,3.424095e-10,1.576297e-07,3.971995e-10
28.564453,3.314858e-09,6.878997e-08,1.039733e-06,9.745898e-07,2.724716e-10,3.431717e-08,1.815937e-08,8.332874e-08,8.919203e-08,5.995525e-07,4.650909e-08,8.905185e-08,2.083877e-07,6.436375e-08,1.271812e-08,9.737829e-08,5.203185e-11,5.999310e-08,1.053859e-10,1.861549e-09,2.718971e-10,1.391305e-11,2.261715e-10,3.411052e-07,4.945177e-10
28.613281,2.645772e-09,7.968916e-08,1.247896e-06,9.532282e-07,2.970422e-10,3.376670e-08,1.533193e-08,8.872777e-08,8.439371e-08,5.691991e-07,4.488277e-08,7.833634e-08,1.759871e-07,1.201006e-07,8.484220e-08,1.654374e-08,5.072694e-11,4.925738e-08,3.008070e-10,8.274352e-09,1.553992e-10,2.449460e-11,2.504337e-10,4.402452e-07,4.620967e-10
28.662109,2.201828e-09,8.209853e-08,1.389445e-06,1.097032e-06,2.991901e-10,3.704465e-08,1.482827e-08,1.013559e-07,8.093505e-08,5.131271e-07,1.135092e-07,6.275497e-08,1.227504e-07,1.436101e-07,1.228215e-07,1.389494e-07,3.554389e-11,8.478529e-08,7.128917e-10,6.050057e-09,2.168718e-10,1.135002e-11,1.906880e-10,3.909294e-07,3.811055e-10
28.710938,1.822575e-09,7.776796e-08,1.377933e-06,1.245392e-06,2.925245e-10,4.168456e-08,1.617008e-08,1.131998e-07,6.577072e-08,4.002433e-07,1.425546e-07,7.885355e-08,6.094911e-08,1.354929e-07,1.287055e-07,1.455390e-07,2.178301e-11,4.624098e-08,1.072962e-09,7.938245e-09,4.007543e-10,2.947481e-11,4.909569e-11,2.308978e-07,6.009631e-10
28.759766,2.777459e-09,7.049048e-08,1.247938e-06,1.224009e-06,2.918783e-10,3.846394e-08,1.611212e-08,1.082565e-07,3.206226e-08,3.436933e-07,1.472799e-07,1.060490e-07,9.412939e-08,1.317268e-07,1.150047e-07,8.177331e-08,2.269874e-11,3.805539e-08,7.915650e-10,3.833984e-09,2.406885e-10,4.432658e-11,1.962853e-10,1.706422e-07,2.721255e-10
28.808594,4.894373e-09,6.344375e-08,1.111999e-06,9.850544e-07,3.013234e-10,3.235354e-08,1.360854e-08,9.062210e-08,9.763983e-09,2.690361e-07,1.595212e-07,1.262025e-07,1.360072e-07,1.088099e-07,1.149492e-07,8.903179e-08,4.163857e-11,3.531907e-08,1.234503e-09,2.466964e-09,1.411757e-10,2.825164e-11,1.780946e-10,1.448514e-07,2.008242e-10
28.857422,6.937321e-09,5.761530e-08,1.041038e-06,5.710125e-07,3.129750e-10,3.321830e-08,1.014284e-08,7.443882e-08,1.961268e-08,1.043326e-07,1.539787e-07,1.230329e-07,1.156879e-07,8.181645e-08,1.699230e-07,5.834553e-08,6.373266e-11,1.572007e-08,1.027926e-09,3.272385e-10,4.540927e-10,4.573372e-11,1.918222e-10,2.408394e-07,3.951143e-10
28.906250,8.381236e-09,5.262818e-08,9.895571e-07,1.955141e-07,3.177682e-10,3.580857e-08,7.871228e-09,5.661900e-08,2.649931e-08,1.302905e-07,1.331835e-07,9.186763e-08,6.900857e-08,6.202018e-08,1.436883e-07,1.112389e-07,5.453510e-11,5.025089e-08,9.526431e-10,2.146966e-09,4.607889e-10,4.174454e-11,2.294089e-10,1.921369e-07,3.390803e-10
28.955078,9.461897e-09,4.838172e-08,8.877961e-07,5.512558e-07,3.190160e-10,3.435349e-08,6.946246e-09,3.497925e-08,3.754960e-08,1.403287e-07,1.107465e-07,4.948435e-08,6.309410e-08,5.705556e-08,7.325182e-08,1.163356e-07,3.978845e-11,6.457446e-08,1.512156e-09,4.447341e-09,2.401524e-10,5.214459e-11,2.445309e-10,7.303956e-08,4.096933e-10
29.003906,1.084874e-08,4.540068e-08,7.247302e-07,8.997690e-07,3.318844e-10,3.149394e-08,5.496340e-09,2.465412e-08,3.538719e-08,8.906257e-08,7.168394e-08,2.225025e-08,3.974362e-08,4.234703e-08,5.727516e-08,5.837247e-08,5.183508e-11,8.215677e-08,1.285208e-09,8.089249e-09,6.786484e-11,7.168474e-11,2.655795e-10,1.328961e-07,1.812381e-10
29.052734,1.269610e-08,4.419056e-08,5.566670e-07,9.922927e-07,3.542489e-10,2.913351e-08,3.015460e-09,2.597472e-08,3.823474e-08,1.920751e-07,4.723416e-08,3.052683e-08,2.434034e-08,4.288935e-08,2.161586e-07,1.688432e-07,5.229273e-11,7.412264e-08,1.501716e-10,8.090240e-09,2.565453e-10,7.463477e-11,8.067523e-11,2.423725e-07,4.858097e-10
29.101562,1.427673e-08,4.460007e-08,5.318290e-07,7.974318e-07,3.578735e-10,2.464965e-08,4.088322e-09,3.788707e-08,5.965167e-08,2.857460e-07,7.346751e-08,4.436003e-08,5.013319e-08,5.551640e-08,2.728364e-07,2.162573e-07,3.041618e-11,8.477118e-08,8.705812e-10,6.735424e-09,2.549005e-10,5.656828e-11,3.489307e-11,4.514920e-07,5.572570e-10
29.150391,1.466166e-08,4.568287e-08,7.116996e-07,4.020731e-07,3.235342e-10,1.765458e-08,7.004144e-09,5.073960e-08,6.849644e-08,3.105765e-07,9.273478e-08,8.436016e-08,7.076096e-08,5.140647e-08,2.287992e-07,2.360383e-07,6.315689e-11,8.336144e-08,5.922822e-10,3.715976e-09,2.704113e-10,2.773511e-11,7.888701e-11,2.694460e-07,5.382642e-10
29.199219,1.335611e-08,4.621030e-08,9.218505e-07,8.934813e-08,2.667948e-10,1.618956e-08,8.000016e-09,5.005615e-08,5.261617e-08,2.311912e-07,8.085773e-08,1.201270e-07,4.189348e-08,3.243963e-08,1.920256e-07,1.553729e-07,7.026168e-11,6.103771e-08,6.941322e-10,2.524861e-09,3.763784e-10,2.689705e-11,1.401034e-10,1.478491e-07,7.529264e-10
29.248047,1.054957e-08,4.538056e-08,1.034568e-06,4.099807e-07,2.308870e-10,2.275745e-08,7.792472e-09,4.240638e-08,2.020840e-08,1.818418e-07,4.191599e-08,1.205382e-07,2.445902e-08,1.909070e-08,1.027567e-07,1.129983e-07,6.108952e-11,4.945788e-08,3.712570e-10,2.335386e-09,3.027322e-10,4.529546e-11,2.259613e-10,3.394764e-07,5.793847e-10
29.296875,7.261881e-09,4.308009e-08,1.058972e-06,6.211169e-07,2.323680e-10,2.799633e-08,7.513603e-09,5.021273e-08,1.347651e-08,3.288221e-07,3.046178e-08,8.765422e-08,6.533484e-08,3.404012e-08,3.118425e-08,8.760113e-08,2.863097e-11,3.313168e-08,1.437916e-09,4.123108e-09,2.226659e-10,4.435134e-11,1.573662e-10,2.902997e-07,3.828192e-10
29.345703,5.690258e-09,3.963196e-08,1.118835e-06,7.532766e-07,2.383584e-10,2.873364e-08,7.319990e-09,6.908762e-08,2.911148e-08,4.223636e-07,4.417332e-08,3.176792e-08,9.115109e-08,4.798783e-08,6.731201e-08,1.128375e-07,5.263296e-11,4.532065e-08,1.544757e-09,5.350503e-09,2.575121e-10,4.563090e-11,2.868482e-10,4.016499e-07,1.554701e-10
29.394531,6.975647e-09,3.541691e-08,1.284745e-06,8.697731e-07,2.303292e-10,2.337299e-08,1.027719e-08,8.106506e-08,2.938255e-08,4.389733e-07,4.352516e-08,2.882474e-08,7.256187e-08,4.186181e-08,1.408080e-07,8.806745e-08,5.296865e-11,9.129311e-08,3.488636e-10,6.824704e-09,3.504546e-10,2.160316e-11,2.386161e-10,1.330711e-07,2.302383e-10
29.443359,8.649525e-09,3.066327e-08,1.454708e-06,9.537531e-07,2.168538e-10,1.198724e-08,1.555137e-08,8.095685e-08,2.372649e-08,4.363093e-07,4.393206e-08,5.854523e-08,3.306698e-08,2.497063e-08,2.492480e-07,9.607592e-08,3.874486e-11,6.244274e-08,7.814109e-10,8.395191e-09,3.644526e-10,1.226281e-11,2.904054e-10,1.345693e-07,3.809879e-10
29.492188,9.205653e-09,2.538025e-08,1.508445e-06,9.655067e-07,2.016889e-10,1.817481e-08,1.851779e-08,7.141725e-08,1.778112e-08,3.867855e-07,4.200754e-08,6.071778e-08,6.611933e-08,1.205224e-08,2.608037e-07,2.108125e-07,3.499391e-11,5.721193e-08,7.019373e-10,5.395258e-09,4.735212e-10,1.375990e-11,1.199659e-10,1.861705e-07,6.412682e-10
29.541016,8.583821e-09,1.942955e-08,1.433503e-06,9.166397e-07,1.827415e-10,3.513781e-08,1.723041e-08,5.873079e-08,1.407293e-08,2.933955e-07,4.049519e-08,5.861307e-08,8.879848e-08,8.715169e-09,2.181273e-07,1.839256e-07,3.294718e-11,2.608906e-08,7.287029e-10,4.391758e-09,2.599131e-10,1.553827e-11,1.818128e-10,9.296356e-08,2.980314e-10
29.589844,7.457702e-09,1.279712e-08,1.313189e-06,8.637262e-07,1.723654e-10,4.144840e-08,1.360763e-08,5.368989e-08,1.424584e-08,2.228923e-07,4.028006e-08,5.771705e-08,6.981093e-08,1.526513e-08,1.112118e-07,6.689894e-08,3.496931e-11,5.189137e-08,4.658969e-10,7.983536e-09,7.566620e-11,3.889620e-11,1.372214e-10,3.912897e-07,1.008457e-10
29.638672,6.692622e-09,6.065688e-09,1.225894e-06,8.539090e-07,1.779603e-10,3.420359e-08,1.286920e-08,5.422392e-08,1.413275e-08,1.862871e-07,2.946928e-08,5.938082e-08,3.827622e-08,2.589068e-08,1.052695e-07,3.550038e-08,1.718715e-11,3.969227e-08,4.092955e-10,6.363962e-09,2.386364e-10,3.725486e-11,1.372588e-10,3.079950e-07,2.615334e-10
29.687500,6.601217e-09,4.465856e-09,1.156046e-06,8.786537e-07,1.810440e-10,2.235207e-08,1.644203e-08,4.833695e-08,1.449841e-08,1.429047e-07,1.304652e-08,2.212190e-08,8.358652e-08,2.947244e-08,2.067849e-07,3.145081e-08,2.377049e-11,5.642595e-08,4.092078e-10,4.233828e-09,1.951912e-10,2.821433e-11,1.933685e-10,1.968287e-07,3.150401e-10
29.736328,6.829510e-09,1.081826e-08,1.047206e-06,8.867609e-07,1.657007e-10,2.095005e-08,1.972269e-08,3.882273e-08,1.471880e-08,1.557105e-07,2.135260e-08,4.385066e-08,1.129107e-07,2.669976e-08,2.649066e-07,1.397098e-07,3.836597e-11,4.242607e-08,1.111396e-10,5.081764e-09,1.698578e-10,6.927949e-11,1.498579e-10,3.220123e-07,4.516508e-10
29.785156,7.043969e-09,1.767918e-08,8.951756e-07,8.375691e-07,1.380398e-10,2.588051e-08,2.019088e-08,4.665350e-08,1.226182e-08,2.398798e-07,2.924834e-08,7.022993e-08,1.044067e-07,1.952386e-08,2.612863e-07,1.500114e-07,1.849999e-11,7.969449e-08,3.082529e-10,4.126320e-09,1.393822e-10,3.060577e-11,5.688966e-11,2.421277e-07,4.827818e-10
29.833984,7.085788e-09,2.345110e-08,7.414500e-07,7.372743e-07,1.161455e-10,2.722249e-08,1.795665e-08,8.060396e-08,1.104449e-08,2.253194e-07,3.033766e-08,6.157883e-08,8.131734e-08,1.458675e-08,1.946944e-07,9.753119e-08,2.240909e-11,1.239168e-07,3.470826e-10,4.174594e-09,5.708360e-11,3.379704e-11,9.994094e-11,3.146768e-07,4.937846e-11
29.882812,6.838002e-09,2.685890e-08,6.042912e-07,6.269524e-07,1.085028e-10,2.283063e-08,1.420070e-08,1.116030e-07,1.580182e-08,1.625775e-07,3.942023e-08,6.754950e-08,3.229134e-08,1.625703e-08,6.794330e-08,1.495314e-07,2.471891e-11,8.176922e-08,1.193689e-10,6.140335e-09,2.618093e-11,5.615231e-11,1.051006e-10,2.346376e-07,2.285020e-10
29.931641,6.411615e-09,2.721838e-08,4.578718e-07,5.298934e-07,1.130531e-10,1.277275e-08,9.974826e-09,1.160023e-07,2.075872e-08,2.942195e-07,5.573707e-08,5.580362e-08,6.965890e-08,1.578889e-08,8.995125e-08,1.901666e-07,1.424208e-11,1.057516e-08,1.301546e-10,4.105159e-09,1.375091e-10,3.925253e-11,1.791415e-10,1.299038e-07,1.904923e-10
29.980469,6.251625e-09,2.554066e-08,2.952061e-07,4.604516e-07,1.330353e-10,4.876964e-09,6.511091e-09,9.449961e-08,2.370515e-08,3.940965e-07,6.858267e-08,3.601896e-08,9.892382e-08,1.901395e-08,1.245827e-07,1.346678e-07,1.341192e-11,5.851366e-08,3.048369e-11,7.659750e-09,4.954306e-11,6.506436e-11,7.394717e-11,6.620402e-08,2.941215e-10
30.029297,6.489022e-09,2.484363e-08,1.954021e-07,5.241171e-07,1.672809e-10,1.421631e-08,5.455710e-09,6.756862e-08,2.485535e-08,4.252750e-07,6.915497e-08,3.666280e-08,1.195188e-07,3.749228e-08,1.401995e-07,1.062960e-07,6.696157e-12,4.791683e-08,4.525075e-10,5.337597e-09,4.509385e-11,2.588989e-11,1.784406e-10,1.293174e-07,2.297007e-10
30.078125,6.464766e-09,2.742784e-08,2.415858e-07,7.594858e-07,2.042557e-10,2.243199e-08,6.036439e-09,5.506161e-08,2.167382e-08,4.759186e-07,5.629144e-08,3.178591e-08,1.421161e-07,5.451381e-08,9.211530e-08,1.134524e-07,9.059013e-12,4.024298e-08,5.194113e-10,3.077526e-09,6.994039e-11,3.801513e-11,1.419816e-10,1.239440e-07,2.872954e-10
30.126953,5.476446e-09,3.168129e-08,3.040348e-07,1.014974e-06,2.282910e-10,3.081235e-08,7.010869e-09,5.742721e-08,1.289975e-08,4.847460e-07,4.332402e-08,1.769756e-08,1.397956e-07,6.210533e-08,2.178768e-08,1.451098e-07,5.787119e-12,2.455030e-08,1.715482e-10,4.863299e-09,2.198818e-10,1.784800e-11,1.756486e-10,1.938962e-07,1.171840e-10
30.175781,3.474420e-09,3.471121e-08,3.260430e-07,1.152332e-06,2.215449e-10,3.990676e-08,7.857792e-09,5.730966e-08,8.158427e-09,4.131673e-07,4.406179e-08,2.004432e-08,1.122110e-07,7.265907e-08,4.490213e-08,1.392304e-07,1.368544e-11,2.093632e-08,4.438362e-10,2.089183e-09,2.747302e-10,1.372123e-11,5.776996e-11,3.783306e-07,2.559027e-11
30.224609,1.409559e-09,3.507378e-08,3.499703e-07,1.114955e-06,1.753181e-10,4.431600e-08,7.061038e-09,4.860758e-08,1.774810e-08,3.255161e-07,4.354822e-08,1.854423e-08,6.510290e-08,7.245517e-08,9.546132e-08,1.689759e-07,2.150845e-11,2.609240e-08,5.192170e-10,1.112052e-09,6.025087e-11,8.973721e-12,1.573321e-10,1.952012e-07,2.911579e-10
30.273438,2.021510e-09,3.264864e-08,4.292541e-07,9.441699e-07,1.084137e-10,4.037376e-08,3.874646e-09,4.531554e-08,2.498197e-08,2.389014e-07,2.959121e-08,2.811198e-08,4.455120e-08,6.350549e-08,1.023130e-07,1.261759e-07,2.849387e-11,3.791504e-08,3.005539e-10,1.556177e-09,2.016471e-10,1.573613e-11,1.395266e-10,1.398074e-07,1.491887e-10
30.322266,2.870628e-09,2.780994e-08,5.587748e-07,7.724622e-07,9.978640e-11,3.234222e-08,9.927826e-10,5.419853e-08,2.657437e-08,1.616853e-07,1.800045e-08,6.428951e-08,5.425026e-08,4.077147e-08,6.410739e-08,8.086962e-08,2.340414e-11,2.792029e-08,1.333055e-10,3.586436e-09,1.226167e-10,2.046296e-11,1.394551e-10,3.120756e-08,6.352712e-11
30.371094,2.304484e-09,2.111351e-08,7.023429e-07,7.264662e-07,1.603219e-10,2.813945e-08,4.541536e-09,6.683413e-08,2.411714e-08,1.865390e-07,2.988370e-08,7.078045e-08,3.987960e-08,2.647385e-08,6.138033e-08,1.122160e-07,1.893293e-11,1.714257e-08,4.952410e-10,4.131426e-09,1.451268e-10,2.552491e-11,1.711172e-10,1.784737e-07,6.670722e-11
30.419922,4.104239e-10,1.398510e-08,8.288813e-07,7.566884e-07,2.040956e-10,2.403841e-08,6.139410e-09,7.561637e-08,2.005263e-08,2.631139e-07,4.053675e-08,4.185457e-08,2.672438e-08,3.453878e-08,8.561082e-08,1.574912e-07,9.831066e-12,4.430747e-08,7.008527e-10,8.315206e-09,8.509426e-11,2.585371e-11,2.117423e-10,2.308519e-07,1.796550e-10
30.468750,2.238432e-09,1.072474e-08,9.161468e-07,7.443777e-07,2.110071e-10,1.285111e-08,5.675599e-09,7.249375e-08,1.508900e-08,3.380352e-07,3.968847e-08,2.107334e-08,5.212453e-08,3.992260e-08,5.532049e-08,1.544501e-07,1.299198e-11,6.222886e-08,1.628591e-10,5.058922e-09,6.930995e-11,1.928927e-11,8.449436e-11,3.284635e-07,3.460676e-10
30.517578,4.961917e-09,1.409662e-08,9.531358e-07,6.612747e-07,1.928774e-10,6.427041e-09,4.350076e-09,5.661645e-08,1.148338e-08,3.658641e-07,2.901217e-08,2.376734e-08,1.078299e-07,5.754172e-08,5.582232e-08,1.932547e-07,3.048636e-11,7.206691e-08,6.286073e-10,5.235469e-09,1.019381e-10,4.239405e-11,2.984489e-11,3.237753e-07,1.747796e-10
30.566406,7.265173e-09,1.793882e-08,9.428295e-07,5.451112e-07,1.739196e-10,1.716795e-08,3.852093e-09,3.673229e-08,2.259596e-08,2.802078e-07,3.566452e-08,5.193948e-08,1.437520e-07,7.754914e-08,8.015637e-08,2.480115e-07,4.024062e-11,6.758033e-08,3.809372e-10,3.591166e-09,2.401392e-11,5.136652e-11,1.191091e-11,2.319855e-07,2.543567e-10
30.615234,8.942354e-09,1.841114e-08,8.968526e-07,4.523757e-07,1.663682e-10,2.024764e-08,5.174431e-09,2.468478e-08,4.409775e-08,9.790566e-08,4.882975e-08,5.468018e-08,1.196265e-07,8.463899e-08,7.199929e-08,2.327284e-07,2.822710e-11,6.822365e-08,3.181099e-10,1.827942e-09,1.819069e-10,4.153787e-11,3.500919e-11,3.767138e-07,4.402510e-10
30.664062,9.980606e-09,1.486311e-08,8.226216e-07,4.359748e-07,1.583049e-10,1.717177e-08,7.059847e-09,2.523201e-08,6.531376e-08,1.117691e-07,5.671648e-08,6.483279e-08,9.618831e-08,8.517773e-08,3.682493e-08,2.171570e-07,1.205078e-11,5.874075e-08,2.546381e-10,3.246936e-09,2.224075e-10,3.596500e-12,1.814861e-11,2.041777e-07,3.215187e-10
30.712891,1.042165e-08,8.547005e-09,7.162647e-07,4.789708e-07,1.366712e-10,1.420761e-08,8.391308e-09,2.458365e-08,7.919810e-08,2.014664e-07,6.813151e-08,6.099945e-08,6.103634e-08,5.409045e-08,8.531285e-08,1.712249e-07,2.892827e-11,7.694838e-08,5.270316e-10,4.674161e-10,2.474446e-10,2.977926e-11,1.774310e-11,6.550554e-08,2.737196e-10
30.761719,1.031417e-08,3.270648e-09,5.746558e-07,4.910093e-07,1.069130e-10,1.647754e-08,9.268794e-09,1.100592e-08,8.163966e-08,2.314858e-07,7.882140e-08,2.621331e-08,2.661270e-08,4.855289e-08,1.194859e-07,9.995623e-08,2.794747e-11,7.973637e-08,4.404313e-10,2.085669e-09,1.215726e-10,4.983096e-11,4.766087e-11,4.027222e-08,5.341657e-10
30.810547,9.779641e-09,6.508195e-09,4.258089e-07,4.120554e-07,8.550771e-11,2.358406e-08,1.045022e-08,2.156750e-08,6.949519e-08,2.818381e-07,8.322769e-08,1.388589e-08,8.398227e-08,5.402562e-08,4.410319e-08,4.368489e-08,2.200474e-11,5.239553e-08,2.464859e-10,3.477934e-09,1.885273e-10,1.627164e-11,1.093468e-11,1.254754e-07,2.203174e-10
30.859375,9.065694e-09,9.709530e-09,3.576338e-07,2.691880e-07,7.678066e-11,2.770019e-08,1.200728e-08,4.738563e-08,4.275770e-08,2.936247e-07,6.924991e-08,2.930110e-08,1.102392e-07,3.889131e-08,6.732444e-08,7.696160e-08,1.014202e-11,6.101671e-08,2.716514e-10,6.304708e-10,1.430896e-10,1.054838e-11,3.431956e-11,1.598061e-07,1.408780e-10
30.908203,8.530770e-09,1.083092e-08,4.090727e-07,2.352670e-07,7.619706e-11,2.402300e-08,1.295300e-08,5.873427e-08,1.052978e-08,2.135265e-07,5.210451e-08,6.730747e-08,1.127212e-07,2.606423e-08,9.816260e-08,1.287897e-07,8.013392e-12,4.777728e-08,6.323222e-10,3.763794e-09,8.942143e-11,1.077111e-11,8.893623e-11,1.602875e-07,4.532008e-11
30.957031,8.471238e-09,1.110677e-08,4.546335e-07,3.831138e-07,1.014709e-10,1.628483e-08,1.216598e-08,5.493052e-08,1.905957e-08,8.482733e-08,7.103265e-08,8.922956e-08,8.563808e-08,1.434093e-08,6.478432e-08,1.885280e-07,1.799858e-11,7.545230e-09,8.382354e-10,4.987479e-09,1.230386e-10,6.591885e-12,1.079481e-10,2.807604e-07,1.842907e-10
31.005859,8.886715e-09,1.133084e-08,3.911008e-07,5.347607e-07,1.469666e-10,1.243933e-08,9.522221e-09,4.338719e-08,3.144601e-08,2.189634e-08,8.022052e-08,7.018795e-08,4.418166e-08,5.997836e-08,2.534680e-08,1.416167e-07,2.042493e-11,2.324766e-08,7.539506e-10,3.468015e-09,1.183545e-10,1.399912e-11,2.344166e-11,2.574343e-07,1.800944e-10
31.054688,9.492049e-09,1.073543e-08,2.028020e-07,6.294999e-07,1.817245e-10,1.263286e-08,6.850513e-09,2.985938e-08,3.650943e-08,6.469643e-08,6.767158e-08,6.653570e-08,7.695698e-09,1.084090e-07,1.045016e-07,1.287444e-07,1.206658e-11,1.839050e-08,8.945714e-10,1.356629e-09,2.434274e-10,1.922313e-11,2.984430e-11,2.214038e-07,2.202829e-10
31.103516,1.000278e-08,8.425732e-09,1.715731e-07,6.558778e-07,1.878904e-10,1.776955e-08,6.367228e-09,2.921025e-08,4.299847e-08,6.201878e-08,5.529480e-08,1.024940e-07,3.084517e-08,1.225375e-07,1.223631e-07,1.133388e-07,8.174273e-12,4.954650e-08,7.290543e-10,2.894248e-09,2.031557e-10,1.100322e-11,2.020604e-11,9.884309e-08,2.620116e-10
31.152344,1.029279e-08,4.736768e-09,4.738229e-07,6.446080e-07,1.701126e-10,2.565879e-08,5.913655e-09,4.316762e-08,4.530542e-08,1.223630e-07,4.509945e-08,1.093131e-07,5.005468e-08,1.095074e-07,7.744198e-08,7.892794e-08,1.364724e-11,5.886376e-08,5.182687e-10,3.914137e-09,2.122294e-10,1.272267e-11,4.321238e-11,6.355680e-09,2.539907e-10
31.201172,1.033354e-08,2.730678e-09,7.268720e-07,7.093072e-07,1.432659e-10,3.103291e-08,3.582603e-09,5.527432e-08,3.755138e-08,2.190842e-07,3.838094e-08,7.937924e-08,3.535037e-08,8.357404e-08,1.211326e-07,9.334430e-08,9.025254e-12,5.564599e-08,4.750615e-10,3.010572e-09,1.291652e-10,8.751725e-12,6.655230e-11,8.145466e-08,2.166357e-10
31.250000,1.006676e-08,5.408515e-09,8.421530e-07,9.303994e-07,1.117529e-10,3.553629e-08,2.379690e-09,6.394447e-08,2.739272e-08,2.860108e-07,2.997013e-08,6.333843e-08,4.446502e-08,5.559241e-08,1.300531e-07,4.825907e-08,1.398302e-11,6.040901e-08,4.294969e-10,8.317660e-10,7.602163e-11,7.041542e-12,3.523391e-11,1.631024e-07,1.832944e-10
31.298828,9.399224e-09,7.722390e-09,7.964281e-07,1.206950e-06,6.876344e-11,4.039607e-08,4.411126e-09,7.207121e-08,2.960410e-08,3.372777e-07,2.687481e-08,7.348777e-08,7.853312e-08,3.581170e-08,1.027108e-07,2.805377e-08,2.261687e-11,7.177093e-08,6.685528e-11,1.912294e-09,7.286801e-11,1.068596e-11,6.245097e-11,2.806491e-07,9.986974e-11
31.347656,8.311002e-09,8.827043e-09,6.298559e-07,1.396015e-06,1.788587e-11,4.055914e-08,5.196911e-09,7.712133e-08,3.443346e-08,3.881345e-07,4.199845e-08,7.159306e-08,8.033924e-08,8.245992e-09,7.056402e-08,5.066182e-08,2.754456e-11,7.026477e-08,3.177455e-10,2.965427e-09,4.685461e-11,8.456402e-12,7.546039e-11,3.396177e-07,1.478101e-10
31.396484,6.936566e-09,9.760905e-09,4.459684e-07,1.425199e-06,4.070982e-11,3.327378e-08,4.930246e-09,7.363771e-08,3.021671e-08,3.886804e-07,5.110299e-08,6.195188e-08,4.031061e-08,1.696278e-08,4.836099e-08,8.025891e-08,8.143589e-12,5.448380e-08,4.850962e-10,2.753522e-09,1.541143e-10,8.205011e-12,6.669036e-11,1.444469e-07,1.983294e-10
31.445312,5.527099e-09,1.229570e-08,3.805395e-07,1.320366e-06,7.042634e-11,2.302506e-08,4.581836e-09,6.235800e-08,2.017977e-08,3.144905e-07,5.500632e-08,5.286084e-08,1.479790e-08,2.682969e-08,4.449406e-08,5.123883e-08,1.754537e-11,3.687720e-08,6.646010e-10,2.571066e-09,1.675391e-10,1.893046e-12,5.849735e-11,1.765352e-07,1.356467e-10
31.494141,4.332040e-09,1.712568e-08,4.183948e-07,1.188006e-06,7.038271e-11,1.639239e-08,4.180017e-09,5.220481e-08,1.505376e-08,2.086608e-07,5.532114e-08,4.434527e-08,2.098716e-08,3.532733e-08,2.362859e-08,5.377479e-08,1.319012e-11,2.804806e-08,3.849390e-10,8.115291e-10,1.571699e-10,5.293201e-12,2.995132e-11,2.647207e-07,1.734664e-10
31.542969,3.489475e-09,2.331642e-08,4.234903e-07,1.124050e-06,4.903929e-11,1.204805e-08,4.148510e-09,5.241612e-08,1.701057e-08,1.185017e-07,4.932603e-08,4.084189e-08,1.697465e-08,3.797429e-08,7.213273e-08,8.417653e-08,1.532497e-11,4.224775e-08,2.148249e-10,7.178486e-10,1.186684e-10,1.603912e-11,4.418334e-11,2.546843e-07,1.115517e-10
31.591797,2.993129e-09,2.938777e-08,3.532905e-07,1.104144e-06,3.769380e-11,7.772876e-09,4.186751e-09,5.770832e-08,1.894811e-08,7.835284e-08,4.150543e-08,4.760725e-08,3.992868e-08,3.515531e-08,1.378438e-07,7.221640e-08,6.491685e-12,5.814880e-08,5.581311e-10,9.281370e-10,3.354057e-11,1.693235e-11,3.864247e-11,1.335797e-07,6.449627e-11
31.640625,2.747488e-09,3.391473e-08,2.546698e-07,1.036480e-06,5.723462e-11,1.181615e-08,3.246355e-09,5.421563e-08,2.016882e-08,1.277690e-07,3.322600e-08,4.988864e-08,5.765422e-08,2.659489e-08,1.484755e-07,5.124046e-08,5.256074e-12,5.456134e-08,5.863904e-10,3.098668e-09,4.328935e-11,2.736965e-12,7.028902e-11,1.399142e-07,3.429446e-11
31.689453,2.664243e-09,3.582688e-08,2.393931e-07,8.798944e-07,7.843397e-11,1.813224e-08,2.529724e-09,3.842677e-08,2.492232e-08,2.197608e-07,1.789390e-08,3.477574e-08,7.428021e-08,1.370236e-08,8.600525e-08,3.618262e-08,1.141701e-11,1.971171e-08,2.894962e-10,6.136460e-09,8.389205e-11,1.553294e-11,3.420826e-11,1.712560e-07,1.933943e-10
31.738281,2.716037e-09,3.468371e-08,3.235281e-07,6.544720e-07,9.308192e-11,1.958741e-08,3.793363e-09,2.095776e-08,3.150052e-08,3.124309e-07,8.051496e-09,7.523045e-09,8.598610e-08,1.730669e-08,1.223811e-07,3.576845e-08,1.400957e-11,3.231597e-08,1.472936e-10,4.586961e-09,9.065451e-11,2.917837e-11,5.621133e-12,4.795826e-08,1.499240e-10
31.787109,2.880299e-09,3.094644e-08,4.079658e-07,3.923715e-07,1.021708e-10,1.518799e-08,5.121634e-09,1.538538e-08,2.996204e-08,3.525337e-07,2.579530e-08,2.033919e-08,8.832932e-08,2.040324e-08,1.637850e-07,5.524185e-08,1.209750e-11,4.131548e-08,3.342067e-10,3.447174e-09,5.805371e-11,2.662932e-11,3.544691e-11,1.827578e-07,2.320197e-11
31.835938,3.087803e-09,2.615569e-08,4.482298e-07,1.277851e-07,1.026356e-10,7.422028e-09,6.201939e-09,1.415604e-08,1.591937e-08,3.389849e-07,2.934351e-08,2.078836e-08,8.084896e-08,1.682087e-08,1.042354e-07,7.594783e-08,1.150942e-11,3.441892e-08,2.299527e-10,3.959481e-09,5.219035e-11,5.009551e-12,1.098606e-11,4.698496e-08,6.982244e-11
31.884766,3.286302e-09,2.257598e-08,4.324135e-07,2.256997e-07,8.908147e-11,3.063895e-09,6.815377e-09,1.296197e-08,4.750678e-09,2.990261e-07,2.742282e-08,1.474131e-08,7.937202e-08,1.653623e-08,1.069639e-07,1.248168e-07,1.531989e-11,3.130250e-08,1.578684e-10,4.340267e-09,3.170236e-11,1.143581e-11,2.448877e-11,1.530549e-07,1.301952e-10
31.933594,3.520586e-09,2.136960e-08,3.605617e-07,4.609709e-07,5.889249e-11,6.025377e-09,6.217642e-09,1.795635e-08,1.916735e-08,2.232013e-07,2.429748e-08,3.423458e-08,9.423473e-08,1.345918e-08,1.707472e-07,1.209019e-07,1.182420e-11,3.005746e-08,3.634502e-10,3.237919e-09,3.188543e-11,1.199790e-11,2.570090e-11,1.489897e-07,1.391119e-10
31.982422,3.844747e-09,2.102772e-08,2.621256e-07,5.950350e-07,1.627994e-11,6.698149e-09,5.496520e-09,2.389691e-08,2.083609e-08,2.360287e-07,1.907284e-08,4.796267e-08,1.079942e-07,4.992329e-09,1.743215e-07,1.085018e-07,2.039047e-11,4.148270e-08,4.439221e-10,1.674395e-09,4.597400e-11,7.501159e-12,5.744786e-11,2.136070e-07,7.818698e-11
32.031250,4.182684e-09,1.941836e-08,2.498355e-07,6.270520e-07,2.758833e-11,8.453182e-09,6.555054e-09,2.517592e-08,1.207812e-08,3.474306e-07,3.502228e-08,5.389580e-08,1.004131e-07,2.481948e-08,1.489338e-07,8.442443e-08,2.386145e-11,3.949990e-08,4.462741e-10,1.106741e-09,2.513887e-11,1.365853e-11,6.042052e-11,1.989333e-07,4.568185e-11
32.080078,4.344704e-09,1.593204e-08,3.783159e-07,6.709402e-07,6.143287e-11,1.288540e-08,7.403572e-09,2.132115e-08,3.842670e-09,3.760486e-07,4.948572e-08,5.723069e-08,9.061495e-08,3.405847e-08,1.368420e-07,9.903375e-08,1.935428e-11,1.684840e-08,4.406944e-10,1.223171e-09,3.781885e-11,1.363406e-11,7.727858e-11,3.311727e-07,9.596504e-11
32.128906,4.188130e-09,1.142992e-08,5.305743e-07,8.345474e-07,7.824505e-11,1.601879e-08,6.179847e-09,1.447669e-08,7.542952e-09,3.600308e-07,5.447708e-08,5.006888e-08,5.779406e-08,3.670884e-08,1.175012e-07,1.155954e-07,2.244137e-11,2.532225e-08,5.089244e-10,1.377016e-09,4.831000e-11,2.293366e-11,6.053686e-11,7.005611e-08,5.978333e-11
32.177734,3.715425e-09,7.275184e-09,6.497638e-07,1.064602e-06,7.757157e-11,1.569481e-08,3.385141e-09,9.874126e-09,7.881511e-09,3.574283e-07,4.766976e-08,3.522931e-08,7.934364e-08,3.742091e-08,9.597445e-08,9.960776e-08,5.775029e-12,8.789983e-09,4.141690e-10,2.550204e-09,7.291174e-11,1.180737e-11,6.192346e-11,2.066591e-07,7.024440e-11
32.226562,3.086052e-09,4.209359e-09,7.409571e-07,1.274443e-06,6.842025e-11,1.308635e-08,6.285220e-10,1.318986e-08,4.628646e-09,2.829952e-07,2.438855e-08,3.248564e-08,1.078208e-07,3.943448e-08,9.801591e-08,1.076579e-07,7.812199e-12,1.196894e-08,2.884659e-10,2.297082e-09,6.910192e-11,8.232651e-12,8.776290e-11,7.935968e-08,1.033247e-10
32.275391,2.531428e-09,2.018019e-09,8.315906e-07,1.423864e-06,6.345138e-11,1.105017e-08,1.090468e-09,1.507117e-08,4.238012e-09,1.378890e-07,4.400069e-09,3.259159e-08,6.960059e-08,3.897230e-08,8.914369e-08,1.115672e-07,1.182483e-11,3.206838e-08,4.158283e-10,2.890479e-09,7.979700e-11,4.978578e-12,9.931281e-11,5.783525e-08,5.708875e-11
32.324219,2.196280e-09,1.972312e-09,9.338014e-07,1.480373e-06,6.660204e-11,9.613729e-09,1.681445e-09,1.227252e-08,8.852003e-09,5.016829e-08,1.767978e-08,2.267304e-08,2.439277e-08,2.440630e-08,6.207183e-08,7.952896e-08,9.209320e-13,5.026215e-08,5.181092e-10,3.716648e-09,8.018634e-11,1.140586e-11,9.296078e-11,1.561517e-07,1.272021e-10
32.373047,2.002529e-09,3.974702e-09,1.035577e-06,1.409965e-06,7.041415e-11,9.300964e-09,2.049495e-09,1.177716e-08,1.627360e-08,8.554376e-08,1.430274e-08,2.021034e-08,7.363739e-09,5.259524e-09,4.802772e-08,2.101492e-08,1.130585e-11,3.710966e-08,3.758943e-10,3.341179e-09,7.578278e-11,6.728870e-12,6.718133e-11,1.277188e-07,3.310066e-11
32.421875,1.784250e-09,5.789902e-09,1.114762e-06,1.224512e-06,6.747151e-11,1.464588e-08,2.831687e-09,1.630050e-08,2.145202e-08,1.370369e-07,1.273627e-08,2.434805e-08,1.878714e-08,3.748799e-08,1.884184e-08,6.407552e-08,6.719956e-12,4.364766e-09,4.028894e-10,7.493558e-10,4.053041e-11,1.198562e-11,2.291357e-11,2.884045e-07,2.850020e-11
32.470703,1.492108e-09,7.354853e-09,1.141118e-06,1.017355e-06,5.407666e-11,2.201332e-08,3.946469e-09,2.035999e-08,1.892670e-08,2.268950e-07,1.490254e-08,2.004657e-08,1.949754e-08,5.433285e-08,8.901389e-08,6.432883e-08,1.014863e-11,1.225790e-08,2.055666e-10,1.653412e-09,1.915842e-11,1.904480e-11,2.232889e-11,6.859917e-08,5.280760e-11
32.519531,1.211919e-09,9.085664e-09,1.074677e-06,9.061248e-07,3.099022e-11,2.726899e-08,4.852893e-09,2.297017e-08,1.619297e-08,3.186172e-07,8.696946e-09,2.371609e-08,3.476748e-08,5.547082e-08,1.099626e-07,6.398089e-08,7.783489e-12,1.200321e-08,2.410961e-10,1.552709e-09,6.231551e-11,1.446148e-11,5.214467e-11,6.453151e-08,4.136570e-11
32.568359,1.039772e-09,1.079572e-08,8.862621e-07,8.834731e-07,4.932567e-12,3.014393e-08,5.072205e-09,2.415379e-08,2.187430e-08,3.274117e-07,1.220954e-08,4.244924e-08,3.960855e-08,4.243043e-08,9.119995e-08,7.822688e-08,4.525512e-12,2.235165e-08,2.988365e-10,1.602730e-09,8.413780e-11,1.333048e-11,3.718150e-11,7.137564e-08,6.593286e-11
32.617188,9.191650e-10,1.172361e-08,6.007583e-07,8.433498e-07,2.292305e-11,3.104533e-08,4.673469e-09,2.295900e-08,2.185103e-08,2.287470e-07,2.248702e-08,6.145100e-08,4.039238e-08,2.953276e-08,8.065859e-08,7.150256e-08,2.560911e-12,2.015726e-08,9.544897e-11,4.507044e-10,3.905275e-11,8.129808e-12,4.158701e-11,7.306785e-08,6.581636e-11
32.666016,7.094777e-10,1.137828e-08,3.938883e-07,7.538804e-07,4.247206e-11,2.893003e-08,4.710546e-09,2.137393e-08,1.331987e-08,9.966763e-08,2.721140e-08,7.001188e-08,5.542813e-08,2.759804e-08,8.507468e-08,1.089867e-08,6.779217e-12,2.084344e-08,2.550240e-10,1.931398e-09,5.853861e-11,1.084230e-11,4.158600e-11,1.277455e-07,3.032585e-11
32.714844,4.812138e-10,1.002539e-08,5.476523e-07,6.743050e-07,5.293979e-11,2.362065e-08,5.799565e-09,2.299979e-08,9.368105e-09,3.464891e-08,4.055067e-08,6.392564e-08,6.916144e-08,3.089145e-08,7.393615e-08,6.695938e-08,3.585834e-12,2.112006e-08,3.259421e-10,1.136429e-09,5.410363e-11,1.261388e-11,3.339065e-11,1.618877e-07,5.235405e-11
32.763672,8.008106e-10,8.489357e-09,8.024494e-07,6.340801e-07,5.570143e-11,1.728740e-08,6.618788e-09,2.187280e-08,1.511040e-08,6.573199e-08,5.118952e-08,5.207365e-08,6.602292e-08,3.110442e-08,7.542950e-08,8.888765e-08,5.574571e-12,1.960552e-08,3.536726e-10,2.399068e-09,3.255193e-11,4.650481e-12,6.154132e-11,1.904732e-07,1.206978e-10
32.812500,1.527670e-09,7.310367e-09,9.537530e-07,5.637885e-07,5.326294e-11,1.178448e-08,6.256402e-09,1.337114e-08,2.150298e-08,1.493868e-07,5.031825e-08,5.692079e-08,6.147367e-08,3.688278e-08,7.384915e-08,2.377292e-08,9.262141e-12,2.065822e-08,1.453716e-10,1.600567e-09,5.638499e-11,3.348741e-12,7.099547e-11,1.040646e-07,9.637566e-11
32.861328,2.332852e-09,6.189377e-09,9.795284e-07,4.253290e-07,4.748857e-11,7.570077e-09,5.083792e-09,1.284162e-08,2.592829e-08,2.327939e-07,5.598183e-08,6.941635e-08,3.948285e-08,3.925143e-08,5.184568e-08,5.660535e-08,8.460911e-12,2.626358e-09,1.059313e-10,2.419863e-09,4.990565e-11,8.174273e-12,6.003745e-11,6.718699e-08,1.395789e-10
32.910156,3.079438e-09,4.957695e-09,9.274352e-07,3.680193e-07,3.939972e-11,7.473918e-09,3.669018e-09,1.981260e-08,2.591449e-08,3.082115e-07,6.369278e-08,7.240768e-08,2.110071e-08,2.904478e-08,4.564973e-08,5.609317e-08,5.172457e-12,1.217572e-08,1.311093e-10,2.162746e-09,4.769869e-11,9.106634e-12,5.505236e-11,4.026903e-08,1.153262e-10
32.958984,3.666702e-09,4.804452e-09,8.546965e-07,5.166315e-07,3.050933e-11,8.768763e-09,2.065127e-09,1.826882e-08,2.415039e-08,3.584671e-07,5.480717e-08,6.956841e-08,2.841491e-08,1.410221e-08,2.995899e-08,4.115683e-08,3.261824e-12,1.882280e-08,1.085715e-10,1.731881e-09,8.139279e-11,3.994677e-12,4.529940e-11,1.722238e-07,5.631893e-11
33.007812,3.992670e-09,6.398094e-09,7.844441e-07,6.420438e-07,3.009241e-11,6.385152e-09,1.685540e-09,1.762137e-08,2.306229e-08,3.404219e-07,3.266804e-08,6.884594e-08,2.374636e-08,1.356281e-08,4.160362e-08,4.304735e-08,6.556103e-12,2.227512e-08,2.477100e-10,1.770063e-09,6.643322e-11,3.685623e-12,9.327535e-11,2.644865e-07,6.483904e-11
33.056641,3.969341e-09,8.116782e-09,7.145159e-07,6.049174e-07,4.326823e-11,6.118588e-09,2.914162e-09,2.313115e-08,1.968569e-08,2.544875e-07,1.278003e-08,6.756243e-08,1.756797e-08,1.559530e-08,3.846284e-08,3.865812e-08,1.063995e-11,3.133151e-08,1.017974e-10,1.606994e-09,5.495126e-11,3.216336e-12,8.114377e-11,3.154497e-07,3.437480e-11
33.105469,3.561964e-09,8.725622e-09,6.549730e-07,4.144556e-07,6.148311e-11,1.447130e-08,3.706279e-09,2.295169e-08,1.362773e-08,2.086069e-07,6.910468e-09,6.620200e-08,1.362691e-08,1.575147e-08,3.983266e-08,7.192223e-08,8.061686e-12,2.843933e-08,2.544334e-10,1.587677e-09,3.764465e-11,6.895760e-12,3.721546e-11,2.097787e-07,2.595822e-11
33.154297,2.850599e-09,7.972007e-09,6.282155e-07,1.679229e-07,7.710861e-11,2.207862e-08,4.296235e-09,1.591783e-08,1.228497e-08,2.324486e-07,6.411927e-09,7.250007e-08,4.645102e-09,2.373124e-08,7.077261e-08,9.135404e-08,8.047716e-12,2.906086e-08,4.023517e-10,1.243854e-09,8.498782e-11,2.301471e-12,3.101359e-11,2.296802e-07,2.257032e-11
33.203125,2.063362e-09,6.381863e-09,6.352746e-07,3.067638e-08,8.354304e-11,2.569100e-08,4.766715e-09,6.850599e-09,1.729029e-08,2.024322e-07,1.121384e-08,6.690643e-08,1.470664e-08,2.893163e-08,8.192579e-08,6.434837e-08,4.968734e-12,1.723190e-08,4.237222e-10,1.838269e-09,1.279642e-10,5.395317e-12,4.250384e-11,1.632014e-07,6.880114e-11
33.251953,1.569863e-09,5.071430e-09,6.527464e-07,8.732894e-08,7.933689e-11,2.532805e-08,4.404235e-09,7.341377e-09,1.965086e-08,1.667255e-07,1.107402e-08,3.781052e-08,5.859351e-09,3.487768e-08,6.343012e-08,3.798412e-08,2.456718e-12,3.844375e-09,4.369684e-10,2.026684e-09,6.049728e-11,1.785656e-11,3.170655e-11,1.185550e-07,1.389445e-10
33.300781,1.559269e-09,4.971981e-09,6.592243e-07,7.616483e-08,6.711772e-11,2.309119e-08,3.023731e-09,1.449747e-08,1.677444e-08,2.277572e-07,1.151559e-08,1.904569e-08,4.148263e-08,3.983380e-08,2.434421e-08,4.437318e-08,3.056194e-12,5.873163e-09,3.803514e-10,7.993480e-10,1.810010e-11,1.678674e-11,1.490749e-11,2.595565e-07,4.008153e-11
33.349609,1.740977e-09,5.530474e-09,6.403749e-07,1.853215e-07,5.193353e-11,2.084433e-08,1.359519e-09,1.597995e-08,1.249685e-08,2.760654e-07,2.161574e-08,2.833761e-08,6.307369e-08,2.892244e-08,3.088282e-08,2.290408e-08,7.833065e-12,1.995295e-08,1.496898e-10,2.543181e-09,3.329466e-11,1.930651e-11,2.726707e-11,5.495466e-08,1.361174e-10
33.398438,1.936053e-09,5.871442e-09,5.803228e-07,3.362072e-07,3.918298e-11,1.821930e-08,8.682747e-10,1.135522e-08,1.335009e-08,2.756703e-07,2.537764e-08,2.671366e-08,6.576184e-08,1.964561e-08,7.899962e-08,1.324831e-08,4.299370e-12,6.706442e-09,3.534860e-10,2.726057e-09,6.345485e-11,4.497879e-12,1.112671e-11,1.400793e-07,1.351692e-10
33.447266,2.202972e-09,5.905413e-09,4.652903e-07,4.640187e-07,2.826045e-11,1.598810e-08,9.096108e-10,7.241765e-09,1.730236e-08,2.600158e-07,1.770243e-08,2.689483e-08,5.938189e-08,9.778892e-09,1.010914e-07,4.654983e-08,4.468586e-12,1.268267e-08,4.926441e-10,2.009500e-09,7.814077e-11,1.068084e-11,6.637011e-12,2.767507e-08,9.856747e-11
33.496094,2.517815e-09,5.957998e-09,2.984748e-07,5.662451e-07,1.523054e-11,1.770701e-08,2.550908e-10,1.279351e-08,2.093026e-08,2.240803e-07,9.430678e-09,2.974077e-08,4.325355e-08,1.394276e-08,9.285121e-08,5.402023e-08,6.775740e-12,1.543819e-08,3.136307e-10,1.783943e-09,3.960230e-11,9.914583e-12,2.888575e-11,7.994360e-08,3.082502e-11
33.544922,2.709312e-09,6.174792e-09,1.373863e-07,6.499267e-07,1.076136e-11,2.066308e-08,9.883790e-10,1.954472e-08,2.326534e-08,1.504629e-07,2.532340e-08,2.071794e-08,4.629577e-08,1.676884e-08,7.787542e-08,3.428446e-08,6.244859e-12,2.376674e-08,1.170781e-10,3.457677e-09,4.789515e-11,1.158307e-11,3.699066e-11,1.805211e-07,1.966899e-11
33.593750,2.637879e-09,6.583709e-09,2.181082e-07,6.985428e-07,2.429784e-11,1.967109e-08,1.668102e-09,2.138600e-08,2.287813e-08,7.871757e-08,3.474152e-08,6.429806e-09,5.119678e-08,1.119784e-08,8.282149e-08,9.189387e-08,5.436833e-12,2.475503e-08,2.177774e-10,2.301580e-09,1.429731e-11,6.465963e-12,2.931718e-11,1.019362e-07,7.789318e-11
33.642578,2.299113e-09,7.800790e-09,4.007201e-07,6.844853e-07,3.547574e-11,1.602859e-08,1.658994e-09,1.746610e-08,1.914265e-08,6.410380e-08,2.709717e-08,8.908775e-09,2.846609e-08,9.421031e-09,1.006398e-07,1.073879e-07,3.276167e-12,1.128237e-08,1.108805e-10,7.796395e-10,6.896864e-11,1.906288e-12,2.602264e-11,7.752686e-08,2.011846e-11
33.691406,1.815902e-09,1.061042e-08,5.502632e-07,6.154414e-07,3.942106e-11,1.593590e-08,1.320950e-09,1.163230e-08,1.289367e-08,4.922565e-08,7.803801e-09,1.729006e-09,9.609545e-09,1.371194e-08,1.118076e-07,1.230229e-07,3.481726e-12,1.063411e-08,9.377865e-11,1.065284e-09,9.159185e-11,4.661262e-12,4.086753e-11,5.471674e-08,5.770445e-11
33.740234,1.360653e-09,1.457223e-08,6.548325e-07,5.660040e-07,3.686457e-11,1.759158e-08,9.116533e-10,8.757115e-09,6.939628e-09,1.567644e-08,1.149124e-08,1.058596e-08,1.098203e-08,1.518356e-08,1.147669e-07,4.263356e-08,3.020967e-12,5.530487e-09,5.621969e-11,4.622127e-10,3.943661e-11,6.884280e-12,4.445174e-11,1.280103e-07,4.452575e-11
33.789062,1.080125e-09,1.833312e-08,7.366722e-07,6.065828e-07,3.175259e-11,1.523092e-08,5.895392e-10,1.067349e-08,1.026436e-08,2.162186e-08,2.243342e-08,1.825844e-08,6.190705e-09,1.421782e-08,9.440217e-08,4.169676e-08,6.162874e-12,8.837935e-09,1.704834e-10,8.377000e-10,3.769712e-11,1.498220e-12,3.339127e-11,1.649785e-07,5.762077e-11
33.837891,1.033019e-09,2.054969e-08,8.353222e-07,6.838889e-07,2.716550e-11,8.865075e-09,1.115888e-09,1.469739e-08,1.866492e-08,4.528549e-08,2.595765e-08,3.003006e-08,1.518288e-08,1.021855e-08,1.086574e-07,1.504645e-08,2.677617e-12,1.940120e-08,2.820611e-10,2.255405e-09,2.511672e-11,4.089509e-12,1.202139e-11,1.908233e-07,3.893530e-11
33.886719,1.141333e-09,2.048527e-08,9.777862e-07,7.148097e-07,2.438968e-11,1.800092e-09,1.165888e-09,1.969997e-08,2.468116e-08,5.554268e-08,2.242949e-08,4.104257e-08,3.306292e-08,7.372941e-09,1.373412e-07,4.362280e-08,7.664100e-12,4.005052e-08,3.438860e-10,2.334227e-09,2.252400e-11,5.441040e-12,5.145936e-11,1.822971e-07,3.225405e-11
33.935547,1.254183e-09,1.848529e-08,1.151362e-06,6.802195e-07,2.351042e-11,4.705755e-09,3.103156e-10,2.788365e-08,2.561955e-08,6.252722e-08,1.411019e-08,3.566659e-08,3.567709e-08,4.452409e-09,1.430493e-07,4.756994e-08,1.172823e-11,4.988743e-08,2.038975e-10,1.613426e-09,1.652336e-11,1.017260e-12,5.972292e-11,1.579128e-07,3.064512e-11
33.984375,1.305421e-09,1.625148e-08,1.309459e-06,5.985169e-07,2.414220e-11,9.157868e-09,1.731861e-09,3.412316e-08,2.234178e-08,7.251661e-08,1.204458e-08,1.704363e-08,2.041449e-08,1.152632e-08,1.380849e-07,2.564372e-08,6.118854e-12,4.391125e-08,1.078668e-10,3.587359e-10,1.932417e-11,8.299651e-12,3.797907e-11,1.296375e-07,6.712467e-12
34.033203,1.408213e-09,1.602497e-08,1.398529e-06,4.846403e-07,2.714041e-11,1.186368e-08,3.385907e-09,3.052858e-08,1.790537e-08,6.299495e-08,1.637995e-08,3.204662e-10,1.315574e-08,9.418256e-09,8.469252e-08,1.467332e-08,4.617619e-12,2.936398e-08,2.411028e-10,3.460340e-09,1.990444e-11,6.575796e-12,1.951500e-11,1.926002e-07,3.012188e-11
34.082031,1.727356e-09,1.781536e-08,1.382962e-06,3.577674e-07,3.147180e-11,1.243052e-08,4.437781e-09,1.711222e-08,1.390105e-08,2.797181e-08,2.029173e-08,1.863625e-08,1.702903e-08,1.734677e-08,1.284015e-08,8.893417e-09,7.433900e-12,1.536148e-08,2.394992e-10,2.466595e-09,2.735619e-11,4.736655e-12,3.416737e-12,7.042597e-08,4.148479e-11
34.130859,2.161899e-09,1.940316e-08,1.260343e-06,2.716159e-07,3.475980e-11,1.127285e-08,4.816829e-09,3.120879e-09,9.689121e-09,5.192813e-08,2.462834e-08,3.295251e-08,1.879024e-08,3.669494e-08,6.771609e-08,2.611772e-08,5.788071e-12,7.399378e-09,1.759594e-10,2.248735e-09,3.813957e-11,2.623689e-12,2.255423e-12,8.092723e-08,3.673252e-11
34.179688,2.438905e-09,1.916652e-08,1.064475e-06,2.577622e-07,3.606863e-11,9.051135e-09,4.440542e-09,8.415950e-09,5.709593e-09,1.178259e-07,2.581809e-08,2.040757e-08,1.121321e-08,4.231704e-08,8.154213e-08,3.203076e-08,1.037408e-11,7.173682e-09,1.038347e-10,2.504563e-09,4.519741e-11,6.226627e-12,2.318555e-11,2.745328e-07,4.558224e-11
34.228516,2.357822e-09,1.687455e-08,8.564859e-07,2.443113e-07,3.368032e-11,6.684847e-09,3.204898e-09,1.220636e-08,5.008392e-09,1.457853e-07,1.922271e-08,1.566748e-08,1.733606e-08,3.606702e-08,7.648825e-08,3.557062e-08,9.283576e-12,1.980601e-08,4.073083e-11,2.101942e-09,3.302797e-11,1.098419e-11,2.039857e-11,3.911422e-07,3.725630e-11
34.277344,1.900445e-09,1.328264e-08,7.049878e-07,1.940974e-07,2.807229e-11,7.286862e-09,1.473460e-09,1.377993e-08,5.970187e-09,1.330769e-07,5.143098e-09,4.448634e-08,2.577089e-08,2.370979e-08,7.684531e-08,5.516704e-08,3.054594e-12,2.859813e-08,9.625780e-11,2.554009e-09,1.526507e-11,9.091710e-12,2.047182e-11,3.707739e-07,1.032093e-10
34.326172,1.319799e-09,9.457711e-09,6.462965e-07,2.219861e-07,2.268601e-11,1.135360e-08,7.852019e-10,1.216630e-08,6.308434e-09,1.255052e-07,1.596534e-08,5.452855e-08,2.689091e-08,1.067856e-08,6.034258e-08,1.166792e-07,8.203635e-12,2.326840e-08,1.039447e-10,1.049134e-09,1.902309e-11,4.346199e-12,2.347015e-11,2.970084e-07,1.177003e-10
34.375000,1.239752e-09,6.048059e-09,6.469978e-07,3.973826e-07,1.851535e-11,1.613760e-08,1.438148e-09,7.904453e-09,8.217141e-09,1.069010e-07,2.876068e-08,5.619620e-08,1.997180e-08,5.330227e-09,1.889587e-08,1.161780e-07,5.394006e-12,1.641799e-08,4.720021e-11,1.270921e-09,3.098308e-11,4.813539e-12,2.658845e-11,1.887914e-07,6.400219e-11
34.423828,1.728966e-09,3.041807e-09,6.399360e-07,6.076259e-07,1.357629e-11,1.998042e-08,1.450327e-09,4.124272e-09,1.014906e-08,1.024467e-07,3.080067e-08,5.777437e-08,1.184065e-08,7.731622e-09,1.705897e-08,6.303872e-08,2.277747e-12,2.218211e-08,3.356772e-10,1.701055e-09,9.600974e-12,4.838667e-12,2.355748e-11,1.128339e-07,5.846460e-11
34.472656,2.175702e-09,2.015943e-09,5.795189e-07,7.778210e-07,7.097298e-12,2.138847e-08,1.048739e-09,5.972089e-09,9.108430e-09,1.611715e-07,2.467319e-08,5.270127e-08,1.539913e-08,1.167970e-08,1.206088e-08,4.831691e-08,2.608866e-12,8.975095e-09,4.104927e-10,1.795964e-09,4.400835e-11,7.799612e-12,1.562045e-11,8.976145e-08,9.227903e-11
34.521484,2.372980e-09,4.893106e-09,4.561375e-07,8.678933e-07,5.742382e-12,1.991292e-08,5.182191e-10,8.596619e-09,6.225311e-09,1.918239e-07,1.338884e-08,3.406752e-08,2.205135e-08,1.043466e-08,4.204677e-08,6.146221e-08,1.416672e-12,1.032343e-08,1.807101e-10,9.555351e-10,2.991215e-11,3.627961e-12,5.198740e-12,1.770428e-07,9.656917e-11
34.570312,2.383144e-09,7.832487e-09,2.925137e-07,8.715331e-07,1.489472e-11,1.730331e-08,5.473930e-10,7.604395e-09,9.929317e-09,1.841716e-07,2.057554e-09,1.132405e-08,2.614432e-08,5.240336e-09,5.725728e-08,4.008228e-08,3.202473e-12,9.755614e-09,3.294504e-10,4.233969e-10,1.701722e-11,7.785239e-12,9.619083e-12,1.111600e-07,3.501885e-11
34.619141,2.323988e-09,9.823118e-09,1.350088e-07,8.150209e-07,2.183281e-11,1.636090e-08,1.704816e-09,1.090355e-08,2.025486e-08,1.586362e-07,1.508288e-08,4.370197e-09,3.254602e-08,8.715976e-09,8.495469e-08,2.662799e-08,5.147969e-12,1.130811e-08,4.028846e-10,5.272030e-10,3.927995e-11,5.479540e-12,1.708516e-11,1.602995e-07,5.156447e-11
34.667969,2.200618e-09,1.077065e-08,1.015247e-07,7.364276e-07,2.504584e-11,1.766750e-08,2.773090e-09,1.554044e-08,2.880580e-08,1.205914e-07,2.573973e-08,2.342305e-09,5.080828e-08,1.416283e-08,8.496349e-08,7.405954e-08,6.597889e-12,1.190004e-08,2.786926e-10,1.253207e-09,5.844234e-11,6.316979e-12,2.274137e-11,1.271135e-07,2.002049e-11
34.716797,1.905586e-09,1.115289e-08,2.259641e-07,6.547735e-07,2.460323e-11,1.977693e-08,3.301928e-09,1.296276e-08,2.947080e-08,1.233327e-07,3.707488e-08,9.988328e-09,6.456524e-08,1.228394e-08,9.864337e-08,1.027659e-07,5.858899e-12,8.883974e-09,1.357782e-10,1.195519e-09,5.276336e-11,1.243064e-12,1.897299e-11,8.218659e-08,6.958834e-11
34.765625,1.359976e-09,1.150634e-08,3.993698e-07,5.620263e-07,2.153445e-11,2.176355e-08,3.310611e-09,6.512999e-09,2.405577e-08,1.721379e-07,4.270133e-08,9.972887e-09,6.164750e-08,1.568832e-08,1.125639e-07,1.093840e-07,4.782229e-12,1.054106e-08,7.909353e-11,5.740931e-10,4.860057e-11,2.149853e-12,9.999760e-12,1.531683e-07,5.032069e-11
34.814453,6.062384e-10,1.186922e-08,6.053055e-07,4.493523e-07,1.850473e-11,2.294685e-08,3.263415e-09,1.038594e-08,2.149933e-08,2.010664e-07,3.739163e-08,7.171899e-09,5.029144e-08,1.346023e-08,8.426485e-08,9.190649e-08,3.380694e-12,5.783348e-09,3.475262e-11,1.468274e-09,3.413201e-11,1.959550e-12,2.105914e-11,1.053118e-07,5.297368e-11
34.863281,3.206701e-10,1.189950e-08,8.078311e-07,3.317101e-07,1.620960e-11,2.219454e-08,3.394934e-09,1.570579e-08,2.216153e-08,1.858228e-07,2.706386e-08,1.402665e-08,3.664679e-08,3.729161e-09,5.937529e-08,9.683770e-08,4.283983e-12,5.525911e-09,5.913978e-11,2.034721e-09,1.327954e-11,1.459238e-12,2.997331e-11,9.183220e-08,2.776364e-11
34.912109,1.054693e-09,1.137032e-08,9.650013e-07,2.361768e-07,1.512589e-11,1.891825e-08,3.306122e-09,1.878246e-08,2.177997e-08,1.655656e-07,1.984161e-08,1.214394e-08,4.536765e-08,8.231557e-09,3.380478e-08,1.069704e-07,3.960216e-12,1.079295e-08,9.184824e-11,2.077707e-09,9.302791e-12,1.307215e-12,1.485688e-11,1.393058e-07,6.773823e-11
34.960938,1.599717e-09,1.035926e-08,1.048950e-06,1.559098e-07,1.479060e-11,1.516289e-08,2.817961e-09,1.909272e-08,1.836282e-08,1.650725e-07,1.619231e-08,1.383281e-08,5.548934e-08,1.310063e-08,1.001796e-08,7.511362e-08,2.048976e-12,1.625574e-08,1.702519e-10,1.814625e-09,1.984623e-11,2.535196e-12,2.976228e-12,1.052010e-07,5.592055e-11
35.009766,1.861950e-09,9.108050e-09,1.050876e-06,6.702653e-08,1.462195e-11,1.501834e-08,2.434703e-09,1.589580e-08,8.789752e-09,1.425057e-07,1.302283e-08,2.818841e-08,5.567659e-08,1.525809e-08,2.174129e-08,6.780246e-08,3.813267e-12,3.339725e-08,2.665196e-10,1.492753e-09,2.355496e-11,2.923540e-12,1.095334e-11,9.549143e-08,5.189320e-11
35.058594,1.842198e-09,7.896457e-09,9.770652e-07,1.471196e-07,1.578946e-11,1.713479e-08,2.210479e-09,1.420916e-08,7.056668e-09,1.326856e-07,1.307727e-08,3.014096e-08,5.361687e-08,2.012621e-08,2.539879e-08,6.706120e-08,1.541562e-12,3.408639e-08,1.648165e-10,5.880757e-10,3.912798e-11,1.194337e-12,2.602967e-11,1.585153e-07,8.249272e-11
35.107422,1.594106e-09,6.970760e-09,8.467106e-07,3.127704e-07,1.818451e-11,1.712535e-08,1.849782e-09,1.554117e-08,1.587993e-08,1.594610e-07,1.445006e-08,2.961026e-08,4.149066e-08,2.225017e-08,2.894762e-08,3.798635e-08,1.605824e-12,1.831551e-08,1.177818e-10,2.038359e-09,3.446972e-11,2.016093e-12,3.106414e-11,4.509539e-08,4.368357e-11
35.156250,1.208475e-09,6.386947e-09,6.944321e-07,4.445109e-07,2.036738e-11,1.414590e-08,2.883814e-09,1.314377e-08,1.686450e-08,1.555389e-07,1.402686e-08,2.721544e-08,2.837562e-08,2.380143e-08,1.881277e-08,1.340993e-08,2.251510e-12,1.379893e-08,1.490029e-10,2.237228e-09,3.118567e-11,2.585590e-12,8.973031e-12,8.878453e-08,9.162726e-12
35.205078,8.430653e-10,5.890480e-09,5.653405e-07,5.062413e-07,2.204859e-11,9.801443e-09,4.701069e-09,6.638143e-09,1.329938e-08,1.093010e-07,1.412870e-08,2.566552e-08,2.417504e-08,2.316908e-08,3.051655e-08,6.553324e-09,3.721523e-12,3.295100e-08,1.048533e-10,1.762975e-09,2.852934e-11,8.847945e-13,1.544448e-11,3.255732e-08,5.050978e-11
35.253906,7.523636e-10,5.143625e-09,4.837092e-07,5.033674e-07,2.180531e-11,5.836949e-09,5.579705e-09,3.054882e-09,8.825144e-09,5.671902e-08,8.439488e-09,3.075816e-08,2.194818e-08,1.661945e-08,4.610734e-08,2.169206e-08,4.407616e-12,3.065008e-08,1.165642e-10,1.300802e-09,3.746898e-11,4.036834e-12,1.506080e-11,2.075518e-07,5.260159e-11
35.302734,9.341162e-10,4.001420e-09,4.220381e-07,4.771673e-07,1.946385e-11,3.362141e-09,5.243930e-09,6.826984e-09,6.215003e-09,4.344915e-08,5.515533e-09,2.885449e-08,1.134292e-08,1.360776e-08,3.992989e-08,3.324198e-08,3.269375e-12,2.473618e-08,1.171072e-10,1.128774e-09,1.920173e-11,2.280112e-12,7.436253e-12,1.521628e-07,2.912410e-11
35.351562,1.090819e-09,2.527272e-09,3.371991e-07,4.809269e-07,1.775756e-11,3.091284e-09,4.591324e-09,1.217794e-08,1.007027e-08,4.646595e-08,1.658333e-08,2.156942e-08,2.475670e-09,1.519734e-08,2.916422e-08,4.402685e-08,1.806348e-12,1.090210e-08,1.176985e-10,1.600974e-09,1.306546e-11,5.324138e-12,1.845329e-11,8.244352e-08,3.406180e-11
35.400391,1.081258e-09,9.124378e-10,2.210236e-07,5.331291e-07,1.641879e-11,4.024320e-09,4.247511e-09,1.592223e-08,1.220287e-08,4.067228e-08,1.917950e-08,1.932153e-08,4.442049e-09,1.319277e-08,2.039829e-08,6.700296e-08,1.395726e-12,7.658170e-09,7.203439e-11,2.375093e-09,2.194224e-11,3.439330e-12,2.373429e-11,9.535330e-08,6.384925e-11
35.449219,9.109685e-10,1.025339e-09,1.022915e-07,5.963419e-07,1.578219e-11,5.806418e-09,3.787476e-09,1.474322e-08,1.102334e-08,4.133804e-08,1.482921e-08,1.895263e-08,6.630583e-09,6.346624e-09,1.777500e-08,2.430721e-08,1.917465e-12,1.682771e-08,1.444772e-10,1.740833e-09,2.553390e-11,4.020465e-12,2.109192e-11,3.228722e-08,8.666328e-11
35.498047,6.756746e-10,2.439116e-09,3.194828e-08,6.189263e-07,1.496637e-11,8.464953e-09,3.125764e-09,9.540346e-09,7.245867e-09,5.844377e-08,1.024126e-08,2.215072e-08,1.700034e-08,1.441695e-08,1.632039e-08,4.039506e-08,2.048774e-12,1.600343e-08,9.693890e-11,7.038057e-11,3.398305e-11,2.395252e-12,2.003856e-11,3.105969e-08,5.390735e-11
35.546875,5.203244e-10,3.339259e-09,3.853217e-08,5.773715e-07,1.284463e-11,1.088750e-08,2.658912e-09,4.480579e-09,4.119147e-09,5.664610e-08,8.684450e-09,2.999033e-08,1.743015e-08,1.861492e-08,1.764662e-08,5.153800e-08,2.622249e-12,7.653699e-09,1.804470e-10,3.730670e-10,2.111426e-11,4.053642e-12,2.199296e-11,6.939097e-08,1.919486e-11
35.595703,5.001007e-10,3.447555e-09,5.391007e-08,4.919801e-07,1.049747e-11,1.133031e-08,2.366169e-09,6.782569e-09,9.774923e-09,6.337031e-08,9.177129e-09,2.859308e-08,1.277338e-08,1.720587e-08,1.683615e-08,2.510700e-08,1.904709e-12,1.705815e-08,1.506852e-10,8.667362e-10,1.478109e-11,3.594447e-12,2.873926e-11,1.593574e-07,2.979459e-11
35.644531,4.956990e-10,2.764071e-09,1.079287e-07,4.114479e-07,8.384176e-12,9.108334e-09,2.108405e-09,1.206335e-08,1.236539e-08,1.285100e-07,9.816049e-09,3.487937e-08,1.865986e-08,1.677312e-08,9.462521e-09,1.399187e-08,1.076683e-12,1.503949e-08,1.248829e-10,5.749901e-10,1.836671e-11,2.508134e-12,2.238063e-11,1.294597e-07,2.378065e-11
35.693359,4.319792e-10,1.575798e-09,1.696208e-07,3.599553e-07,8.681554e-12,8.447219e-09,2.030848e-09,1.524309e-08,9.966922e-09,1.978171e-07,9.809768e-09,5.336128e-08,3.690506e-08,2.067422e-08,4.342518e-08,1.132971e-08,1.723223e-12,1.074455e-08,1.477014e-10,8.054960e-10,2.994654e-12,5.652032e-12,9.917541e-12,1.247675e-07,3.511153e-11
35.742188,3.633970e-10,3.417677e-10,2.176198e-07,3.114618e-07,1.196255e-11,1.329364e-08,2.097156e-09,1.554388e-08,6.940768e-09,2.400023e-07,9.565920e-09,5.457341e-08,4.331152e-08,1.763336e-08,6.860781e-08,8.309765e-09,2.705100e-12,5.090886e-09,7.474496e-11,7.787674e-10,3.226721e-11,5.234568e-12,3.163626e-12,7.134895e-08,4.154904e-11
35.791016,4.032963e-10,6.599271e-10,2.660566e-07,2.562534e-07,1.557866e-11,1.729885e-08,1.978959e-09,1.453724e-08,5.569870e-09,2.253759e-07,8.921685e-09,4.240741e-08,3.232158e-08,1.435525e-08,5.271095e-08,3.177929e-08,2.912324e-12,1.248847e-08,7.293417e-11,6.961786e-10,2.645105e-11,1.252993e-12,8.446724e-12,7.902090e-08,4.414282e-11
35.839844,5.275180e-10,1.165003e-09,3.336329e-07,2.496475e-07,1.747232e-11,1.743946e-08,1.630999e-09,1.343917e-08,3.978049e-09,1.607366e-07,6.796997e-09,3.158419e-08,1.893694e-08,1.745336e-08,4.989682e-08,4.923719e-08,3.291775e-12,1.306916e-08,1.132482e-10,8.943655e-10,3.378090e-11,1.139007e-12,4.961273e-12,3.665173e-08,6.419076e-11
35.888672,6.372293e-10,1.323253e-09,4.039829e-07,3.153589e-07,1.731630e-11,1.576747e-08,1.654735e-09,1.203128e-08,5.648883e-09,1.094822e-07,5.106637e-09,2.068634e-08,1.540065e-08,2.022784e-08,5.196824e-08,6.262104e-08,4.113274e-12,1.538095e-08,1.074777e-10,1.121794e-09,2.925274e-11,4.646573e-13,1.268023e-11,6.478247e-08,1.698999e-11
35.937500,6.857439e-10,1.303761e-09,4.417426e-07,3.874889e-07,1.514986e-11,1.498555e-08,2.041267e-09,1.041276e-08,1.026122e-08,9.164530e-08,9.543974e-09,1.555905e-08,7.324758e-09,1.775980e-08,3.589470e-08,4.409403e-08,3.380204e-12,1.480445e-08,2.030019e-10,7.586313e-10,3.957247e-11,4.091927e-12,1.511251e-11,5.829157e-08,8.837395e-11
35.986328,6.667727e-10,1.268734e-09,4.256086e-07,4.226305e-07,1.345020e-11,1.382757e-08,2.281482e-09,8.934147e-09,1.144392e-08,8.528982e-08,1.469114e-08,2.032730e-08,4.340711e-09,1.536867e-08,2.776914e-08,1.862518e-08,3.197120e-12,4.452354e-09,2.389446e-10,1.848977e-10,2.127400e-11,4.339501e-12,1.362422e-11,8.777155e-08,9.576346e-11
36.035156,5.942038e-10,1.445892e-09,3.599997e-07,4.190458e-07,1.484737e-11,1.167758e-08,2.757965e-09,7.075140e-09,7.345460e-09,6.647237e-08,1.727656e-08,1.747755e-08,7.310310e-09,1.507047e-08,2.884679e-08,1.866518e-08,2.549938e-12,6.924944e-09,2.084023e-10,1.100222e-09,1.644097e-11,3.801571e-12,1.208993e-11,1.528327e-07,3.277921e-11
36.083984,4.937973e-10,1.919758e-09,2.721975e-07,3.971018e-07,1.737953e-11,1.077715e-08,3.562757e-09,4.646730e-09,7.751205e-09,5.173918e-08,1.971906e-08,9.278354e-09,2.000380e-08,8.355115e-09,1.530327e-08,2.446265e-08,1.808023e-12,4.728279e-09,1.131013e-10,1.055283e-09,3.860213e-12,2.045025e-12,5.219030e-12,1.118411e-07,3.453693e-11
36.132812,3.927636e-10,2.571615e-09,2.114784e-07,3.781562e-07,1.882465e-11,1.012615e-08,4.125737e-09,4.028083e-09,1.409696e-08,1.325278e-07,2.783432e-08,1.150589e-08,2.761430e-08,5.227267e-09,2.340134e-08,5.775185e-08,1.465927e-12,1.279680e-08,5.358253e-11,5.513093e-10,1.161149e-11,1.029678e-12,2.602632e-11,6.553425e-08,4.860388e-11
36.181641,3.048536e-10,3.408671e-09,2.310957e-07,3.624584e-07,1.890311e-11,7.134751e-09,4.391728e-09,7.247991e-09,1.723464e-08,1.901585e-07,3.661837e-08,2.035416e-08,2.418334e-08,1.341083e-08,4.030640e-08,6.097469e-08,3.471450e-12,2.150237e-08,4.652372e-11,1.465504e-09,1.261898e-11,1.742324e-12,3.089510e-11,1.191723e-07,4.037418e-11
36.230469,2.313829e-10,4.528583e-09,3.054040e-07,3.269718e-07,1.709482e-11,3.093319e-09,4.694470e-09,1.124430e-08,1.764616e-08,2.015382e-07,3.706473e-08,2.191626e-08,1.655921e-08,1.778160e-08,2.802756e-08,3.393105e-08,4.146928e-12,2.383821e-08,4.501676e-11,1.835735e-09,1.727116e-11,2.811910e-12,1.886856e-11,6.816316e-08,4.918594e-11
36.279297,2.363929e-10,5.857749e-09,3.743162e-07,2.493963e-07,1.457499e-11,3.278545e-09,4.930819e-09,1.334773e-08,1.770247e-08,1.805276e-07,3.067157e-08,1.841370e-08,1.498387e-08,1.496019e-08,2.718995e-08,4.592750e-08,3.071767e-12,2.215967e-08,5.432143e-11,1.854808e-09,1.453429e-11,2.702255e-12,1.062089e-11,1.063582e-07,3.591647e-11
36.328125,3.881216e-10,7.149037e-09,4.035812e-07,1.275640e-07,1.223475e-11,4.347408e-09,4.776114e-09,1.200652e-08,1.762758e-08,1.706158e-07,2.557865e-08,1.895934e-08,5.442700e-09,8.768789e-09,5.089614e-08,6.159387e-08,1.263068e-12,1.927376e-08,5.881952e-11,1.224034e-09,6.687669e-12,8.944520e-13,1.289312e-11,1.355515e-07,4.094924e-11
36.376953,5.956165e-10,8.144655e-09,3.830706e-07,2.346468e-08,9.106799e-12,4.086199e-09,4.280491e-09,9.239532e-09,1.587462e-08,2.095902e-07,1.927544e-08,3.142490e-08,5.187261e-09,5.057150e-09,4.100548e-08,8.396124e-08,7.230947e-13,1.595145e-08,6.710026e-11,1.048291e-09,1.628013e-11,1.316369e-12,2.086779e-11,4.284058e-08,6.226459e-12
36.425781,7.631412e-10,8.639524e-09,3.246247e-07,1.689700e-07,6.360925e-12,3.962092e-09,3.815671e-09,9.790793e-09,1.312641e-08,2.060401e-07,1.104035e-08,3.582815e-08,5.066151e-09,3.070854e-09,2.554628e-08,8.995269e-08,1.976464e-12,1.148979e-08,1.316955e-10,9.358391e-10,2.100639e-11,4.470439e-12,1.707530e-11,5.381357e-08,4.009257e-11
36.474609,8.236606e-10,8.490838e-09,2.550576e-07,2.866069e-07,5.649114e-12,4.934469e-09,3.690845e-09,1.117571e-08,1.175415e-08,1.574772e-07,1.303602e-08,2.815309e-08,5.555583e-09,1.499135e-08,9.123116e-09,7.426754e-08,1.288056e-12,1.003144e-08,1.157658e-10,8.201054e-10,6.755426e-12,3.482424e-12,3.123650e-11,7.499530e-08,2.969699e-11
36.523438,7.538278e-10,7.742501e-09,2.022678e-07,3.508165e-07,5.682175e-12,7.210345e-09,3.860704e-09,1.062573e-08,1.034585e-08,2.096376e-07,1.549822e-08,2.376731e-08,1.437098e-08,2.401587e-08,9.921250e-09,3.911306e-08,1.473533e-12,6.157859e-09,5.514188e-11,9.875167e-10,1.426228e-11,7.841469e-13,1.665445e-11,1.069577e-07,2.027110e-11
36.572266,6.027167e-10,6.937470e-09,1.810268e-07,3.499518e-07,4.972333e-12,9.504037e-09,3.979086e-09,9.852247e-09,7.915216e-09,2.694481e-07,1.712647e-08,1.509516e-08,1.548170e-08,2.539504e-08,2.326782e-08,2.414894e-08,2.349534e-12,8.527923e-09,8.607066e-11,8.911702e-10,6.156581e-12,6.826245e-13,4.992272e-12,1.005452e-07,1.149288e-11
36.621094,5.254683e-10,7.118725e-09,1.864048e-07,3.003365e-07,4.888651e-12,1.008933e-08,3.719568e-09,8.224265e-09,6.727769e-09,2.439311e-07,2.140051e-08,6.449984e-09,1.485477e-08,3.177825e-08,3.922161e-08,1.469514e-08,1.108972e-12,1.373436e-08,6.890062e-11,6.011630e-10,1.804820e-11,2.982189e-12,9.442499e-12,3.160409e-08,4.042214e-11
36.669922,6.431279e-10,8.529735e-09,1.990912e-07,2.614679e-07,6.713079e-12,8.331530e-09,3.076983e-09,3.950883e-09,6.952408e-09,1.713508e-07,2.355220e-08,2.373693e-08,2.057560e-08,2.971516e-08,6.235860e-08,5.130658e-09,1.996369e-13,1.889214e-08,1.502058e-10,2.728246e-10,1.770653e-11,3.836139e-12,1.374659e-11,8.740595e-08,6.474711e-11
36.718750,8.169623e-10,1.014463e-08,2.013499e-07,2.891401e-07,8.871589e-12,5.572412e-09,2.441393e-09,2.075990e-09,6.469971e-09,1.121799e-07,2.248802e-08,2.695391e-08,3.410004e-08,1.825970e-08,6.428656e-08,1.061356e-08,9.899417e-13,2.125831e-08,5.985955e-11,8.132036e-10,2.001489e-11,3.212936e-12,6.229091e-12,1.359966e-07,5.243299e-11
36.767578,9.099875e-10,1.103868e-08,1.971937e-07,3.430831e-07,1.030621e-11,4.979706e-09,2.118750e-09,4.976082e-09,4.805366e-09,8.456170e-08,1.901321e-08,2.641697e-08,3.919627e-08,1.033020e-08,3.817725e-08,2.856490e-08,1.226588e-12,1.520191e-08,5.920944e-11,1.028947e-09,1.046194e-11,3.220565e-12,6.057771e-12,7.263139e-08,4.024776e-11
36.816406,8.828691e-10,1.091604e-08,2.158128e-07,3.728862e-07,1.068657e-11,6.112452e-09,1.848205e-09,4.304376e-09,4.222059e-09,8.321411e-08,1.423984e-08,2.092025e-08,2.471185e-08,6.863337e-09,2.451451e-08,2.067064e-08,1.698625e-12,9.335408e-09,1.712877e-11,1.213084e-09,1.909457e-11,3.788431e-12,9.532435e-12,1.270072e-07,4.624691e-11
36.865234,7.590073e-10,9.980332e-09,2.643605e-07,3.841408e-07,1.031414e-11,6.709482e-09,1.479802e-09,2.763029e-09,4.523557e-09,9.134758e-08,1.133424e-08,9.366742e-09,2.692524e-08,6.546580e-09,2.465632e-08,2.511114e-08,3.952090e-12,8.289645e-09,1.021165e-10,1.340139e-09,1.423137e-11,3.732649e-12,4.595865e-12,1.748445e-07,4.103304e-11
36.914062,5.885613e-10,8.655198e-09,3.080051e-07,4.112333e-07,1.034794e-11,7.224703e-09,1.233816e-09,5.994397e-09,3.948824e-09,8.025931e-08,1.037136e-08,1.587561e-09,3.654198e-08,9.576154e-09,2.157486e-08,2.950913e-08,5.148931e-12,1.863534e-08,1.440546e-10,1.161513e-09,1.000068e-11,1.386619e-12,4.137350e-12,1.039508e-07,3.532525e-11
36.962891,4.270447e-10,7.298626e-09,3.172472e-07,4.612513e-07,9.907918e-12,8.585700e-09,1.039083e-09,7.970765e-09,4.330846e-09,4.311055e-08,8.953323e-09,6.537684e-09,3.516617e-08,1.260483e-08,2.570395e-08,3.094806e-08,3.888096e-12,7.836392e-09,1.445204e-10,5.128324e-10,2.630431e-11,2.252729e-12,1.951657e-12,1.743787e-07,2.741748e-11
37.011719,3.186792e-10,6.044009e-09,2.940942e-07,5.020985e-07,7.568848e-12,1.111952e-08,6.837476e-10,5.750751e-09,5.002039e-09,8.233670e-08,8.126033e-09,9.038627e-09,3.516490e-08,1.184117e-08,2.541018e-08,1.200191e-08,1.440166e-12,7.333313e-09,7.719040e-11,4.544051e-10,3.161600e-11,4.454729e-13,3.506104e-12,9.146774e-08,1.278531e-11
37.060547,2.787561e-10,4.864118e-09,2.716230e-07,5.041759e-07,4.329445e-12,1.339610e-08,6.697133e-10,4.680030e-09,4.413504e-09,1.484290e-07,9.923605e-09,1.628408e-08,2.538755e-08,7.679382e-09,2.609982e-08,9.955289e-09,2.315509e-12,8.726855e-09,6.218106e-11,6.754730e-10,2.598451e-11,7.007516e-13,5.907793e-12,6.662754e-08,2.343703e-11
37.109375,2.655561e-10,3.748859e-09,2.807609e-07,4.678308e-07,4.159879e-12,1.306449e-08,1.245106e-09,1.030997e-08,2.725096e-09,1.727294e-07,1.428966e-08,2.533204e-08,1.828876e-08,2.786141e-09,2.421111e-08,3.686553e-08,2.055586e-12,7.322064e-09,1.447260e-10,3.467571e-10,1.125218e-11,8.117600e-13,5.034898e-12,2.002955e-07,8.690495e-12
37.158203,2.437676e-10,2.895343e-09,3.070379e-07,4.224186e-07,7.415194e-12,9.870886e-09,1.712949e-09,1.289306e-08,3.105120e-09,1.494716e-07,1.849954e-08,2.477688e-08,2.516558e-08,4.479755e-09,2.396659e-08,6.666944e-08,2.658552e-12,1.762270e-08,1.446068e-10,9.559010e-10,9.459675e-12,1.810682e-12,1.276459e-11,1.194143e-07,6.798723e-12
37.207031,2.598628e-10,2.682375e-09,3.189593e-07,3.991466e-07,9.531019e-12,7.438832e-09,1.857219e-09,1.132756e-08,6.237725e-09,9.977610e-08,1.982909e-08,1.964218e-08,1.887814e-08,8.826554e-09,3.477246e-08,5.406087e-08,2.192352e-12,3.021497e-08,9.177746e-11,1.265403e-09,1.028383e-11,1.133391e-12,9.862890e-12,8.331294e-08,2.486824e-11
37.255859,3.819551e-10,3.040730e-09,3.064991e-07,3.995589e-07,1.037739e-11,7.904813e-09,1.748388e-09,9.411920e-09,7.948224e-09,6.451175e-08,1.952564e-08,1.262822e-08,1.147969e-08,1.273851e-08,4.036364e-08,3.571981e-08,1.580854e-12,2.862625e-08,7.928221e-11,1.227397e-09,1.502120e-12,1.049032e-12,7.651330e-12,1.627345e-08,2.504144e-11
37.304688,5.522399e-10,3.439058e-09,2.792606e-07,4.083343e-07,9.235928e-12,6.892548e-09,1.468076e-09,8.382079e-09,8.198776e-09,7.386402e-08,1.982451e-08,1.026121e-08,1.098954e-09,1.727443e-08,2.929446e-08,2.958173e-08,1.544454e-12,1.095141e-08,4.021323e-11,9.269955e-10,5.664632e-12,9.084146e-13,1.671923e-12,1.089436e-07,2.643097e-11
37.353516,6.850966e-10,3.620958e-09,2.516191e-07,4.170323e-07,7.433358e-12,3.852190e-09,9.227705e-10,8.596141e-09,8.662098e-09,8.769120e-08,1.946370e-08,2.062393e-08,1.485954e-08,1.933667e-08,6.514346e-09,3.179267e-08,5.329189e-13,9.630032e-09,1.555038e-11,2.482591e-10,6.430662e-12,2.188098e-12,9.687773e-12,6.773841e-08,2.925250e-11
37.402344,7.292147e-10,3.689965e-09,2.322638e-07,4.149835e-07,6.113539e-12,4.082186e-09,1.199885e-10,1.231503e-08,8.756418e-09,1.096441e-07,2.011526e-08,2.586281e-08,1.836961e-08,1.737839e-08,3.162691e-08,3.610681e-08,1.163822e-12,1.269584e-08,7.592754e-11,6.826355e-10,9.605623e-12,5.888187e-13,8.848768e-12,7.342984e-08,8.189222e-12
37.451172,6.742087e-10,3.963109e-09,2.217841e-07,3.855783e-07,3.595018e-12,5.725728e-09,7.558454e-10,1.525532e-08,8.767446e-09,1.549823e-07,2.182831e-08,2.383939e-08,1.791304e-08,1.616632e-08,3.753643e-08,6.408405e-08,2.500726e-13,6.810265e-09,8.135243e-11,5.857324e-10,3.777522e-12,1.596475e-12,9.702359e-12,7.705343e-08,1.648926e-11
37.500000,5.574959e-10,4.782877e-09,2.129426e-07,3.252634e-07,7.408649e-13,5.114262e-09,1.335558e-09,1.608514e-08,9.952407e-09,1.860785e-07,1.908944e-08,1.712224e-08,2.248195e-08,9.177371e-09,3.818203e-08,4.252479e-08,8.822117e-13,4.361236e-09,8.492944e-11,5.727310e-10,1.464758e-11,1.605623e-12,1.319457e-11,1.085546e-07,3.417522e-11
37.548828,4.531537e-10,6.174167e-09,1.946395e-07,2.601865e-07,3.549408e-12,3.644541e-09,1.604321e-09,1.719904e-08,1.038611e-08,1.723257e-07,1.269920e-08,1.178476e-08,2.528952e-08,3.844888e-09,4.764273e-08,2.580818e-08,2.492011e-12,7.568469e-09,2.929493e-11,1.008929e-09,1.269674e-11,1.320954e-12,3.647381e-12,4.552889e-08,2.606554e-11
37.597656,4.222986e-10,7.727716e-09,1.612019e-07,2.421418e-07,7.060155e-12,3.705154e-09,1.655028e-09,1.713121e-08,9.032778e-09,1.234097e-07,1.138363e-08,8.355685e-09,2.611034e-08,5.845095e-09,5.219876e-08,7.523013e-08,6.791740e-13,4.246209e-09,1.751658e-11,3.498809e-10,5.165982e-12,1.248061e-12,9.432398e-12,5.787933e-08,6.179879e-12
37.646484,4.303108e-10,8.835449e-09,1.179447e-07,2.884508e-07,8.912808e-12,4.210018e-09,1.469137e-09,1.323392e-08,6.833829e-09,7.402271e-08,1.288893e-08,6.025259e-09,2.423490e-08,8.381644e-10,3.229276e-08,8.615119e-08,7.863848e-13,2.013819e-09,1.345971e-11,3.903193e-10,2.359315e-12,3.311480e-12,8.683438e-12,6.233758e-08,1.810234e-11
37.695312,4.153390e-10,8.993050e-09,7.831855e-08,3.548161e-07,8.838372e-12,4.128569e-09,1.040825e-09,7.253861e-09,4.773322e-09,5.522907e-08,1.146481e-08,4.173249e-09,2.027415e-08,1.285217e-08,8.474991e-09,6.385864e-08,1.073324e-12,1.040308e-08,1.799440e-11,4.596708e-10,9.827120e-12,3.666261e-13,9.573093e-12,1.145587e-07,3.215913e-11
37.744141,3.795404e-10,8.033742e-09,6.874130e-08,4.006852e-07,7.992517e-12,3.991865e-09,5.789497e-10,3.064584e-09,4.005676e-09,7.023381e-08,1.000293e-08,2.192691e-09,1.939234e-08,2.191938e-08,3.020014e-08,2.038481e-08,4.709877e-13,1.987509e-08,6.177175e-11,8.422302e-10,9.440261e-12,1.724324e-12,3.197599e-12,7.883909e-08,9.421076e-12
37.792969,3.877515e-10,6.220066e-09,1.186543e-07,4.048126e-07,7.121247e-12,3.737391e-09,3.813939e-10,2.665675e-09,4.160781e-09,8.492866e-08,1.007556e-08,6.665029e-09,2.449644e-08,1.716984e-08,2.317453e-08,6.782047e-09,5.932755e-13,1.889760e-08,3.282046e-11,1.006660e-09,1.676386e-11,1.194636e-12,4.849812e-12,4.383828e-08,8.355944e-12
37.841797,4.690521e-10,4.180724e-09,2.062550e-07,3.604031e-07,6.826178e-12,3.077948e-09,3.860777e-10,6.651500e-09,4.257765e-09,6.936558e-08,9.066398e-09,9.600200e-09,3.145813e-08,6.765044e-09,8.336734e-09,5.395181e-09,6.621971e-13,7.290386e-09,2.120945e-11,5.622612e-10,2.043638e-11,1.881379e-12,2.533906e-12,9.525729e-08,1.471347e-11
37.890625,5.627324e-10,2.802768e-09,3.042324e-07,2.715942e-07,6.257414e-12,3.145774e-09,3.846675e-10,1.084513e-08,4.137463e-09,2.466115e-08,7.560684e-09,1.687732e-08,2.864900e-08,1.866783e-09,2.445549e-08,9.369927e-09,1.681878e-12,1.029099e-08,4.283205e-11,3.874260e-10,1.668294e-11,1.885538e-12,3.244684e-12,1.923512e-07,6.680464e-12
37.939453,6.107325e-10,2.707311e-09,3.882363e-07,1.495719e-07,4.449676e-12,3.521325e-09,3.584909e-10,1.345122e-08,3.621572e-09,5.421708e-08,7.407815e-09,2.212378e-08,2.560650e-08,9.034454e-09,3.466267e-08,2.792514e-08,2.769314e-12,1.445600e-08,6.130554e-11,4.599392e-10,5.283641e-12,1.346796e-12,5.143445e-12,1.187203e-07,1.565350e-11
37.988281,5.956933e-10,3.202591e-09,4.392914e-07,4.893991e-08,3.714326e-12,2.373287e-09,3.311680e-10,1.452311e-08,3.443801e-09,9.712050e-08,6.755848e-09,2.183551e-08,1.421911e-08,1.188008e-08,3.104638e-08,4.873748e-08,1.918261e-12,7.525411e-09,3.414705e-11,1.590238e-10,6.412561e-12,5.027889e-13,4.617579e-12,1.064046e-07,8.234867e-12
38.037109,5.485026e-10,3.577812e-09,4.481103e-07,1.709010e-07,5.042626e-12,2.057110e-09,3.350534e-10,1.419580e-08,4.121458e-09,1.059913e-07,6.543941e-09,3.091867e-08,1.732637e-08,7.718455e-09,2.468578e-08,5.854336e-08,9.419044e-13,9.549775e-09,6.531655e-11,1.436576e-10,1.074256e-11,1.592972e-12,5.067075e-12,6.808050e-08,3.350344e-12
38.085938,5.351568e-10,3.645207e-09,4.156857e-07,3.069335e-07,7.177727e-12,5.101504e-09,5.373999e-10,1.280764e-08,4.684097e-09,8.340866e-08,8.251087e-09,3.675694e-08,3.198918e-08,7.709923e-09,2.262271e-08,3.146757e-08,1.057727e-12,8.465436e-09,6.559350e-11,4.925701e-10,4.110137e-12,1.614178e-12,4.021722e-12,7.062479e-08,8.806446e-12
38.134766,6.008440e-10,3.395347e-09,3.535185e-07,4.040548e-07,8.496410e-12,7.290443e-09,8.566008e-10,1.114903e-08,5.073417e-09,4.196740e-08,8.351002e-09,2.896621e-08,3.825571e-08,1.832558e-08,2.238175e-08,3.188460e-08,3.090542e-13,7.531565e-09,3.216648e-11,7.273320e-10,5.376777e-12,9.086346e-13,6.381861e-12,6.369144e-08,1.649146e-11
38.183594,7.097732e-10,2.947131e-09,2.870675e-07,4.470314e-07,8.744599e-12,8.309955e-09,9.950741e-10,9.332736e-09,6.890944e-09,3.636908e-08,6.140768e-09,2.451462e-08,3.329012e-08,1.876744e-08,2.428899e-08,5.388562e-08,7.212793e-13,1.176342e-08,3.744268e-11,5.943875e-10,7.004499e-12,1.841023e-14,2.919227e-12,1.129581e-07,1.678525e-11
38.232422,8.015580e-10,2.471092e-09,2.526094e-07,4.428470e-07,8.597566e-12,8.859040e-09,8.343498e-10,7.299663e-09,8.248234e-09,6.670636e-08,4.777954e-09,2.482057e-08,2.078873e-08,1.336345e-08,2.366514e-08,6.318173e-08,1.031577e-12,1.547811e-08,4.014599e-11,5.920867e-10,7.067411e-12,1.971901e-12,4.802706e-12,5.277379e-08,1.231729e-11
38.281250,8.426406e-10,2.001861e-09,2.580141e-07,4.198755e-07,7.088957e-12,8.484778e-09,5.824641e-10,5.745116e-09,6.751172e-09,6.850999e-08,6.151590e-09,1.826608e-08,2.030698e-08,1.198646e-08,1.069103e-08,4.372942e-08,1.654929e-12,1.554774e-08,2.272182e-11,3.897435e-10,1.026645e-11,2.269510e-12,8.074168e-12,8.310117e-08,4.530768e-12
38.330078,8.246416e-10,1.430525e-09,2.624767e-07,4.062456e-07,5.310848e-12,6.510030e-09,6.217816e-10,5.063999e-09,3.690329e-09,5.071558e-08,6.463337e-09,1.330479e-08,2.210049e-08,9.890792e-09,2.845550e-09,2.165843e-08,3.140081e-12,1.392357e-08,3.269448e-11,2.227445e-10,7.028038e-12,1.980001e-12,3.705192e-12,1.158816e-07,5.411793e-13
38.378906,7.532764e-10,7.970548e-10,2.308959e-07,3.976424e-07,5.400124e-12,3.867605e-09,7.824009e-10,4.647305e-09,2.976580e-09,5.160283e-08,4.548702e-09,1.208442e-08,1.591747e-08,9.910356e-09,4.763918e-09,1.588425e-08,2.943358e-12,1.251403e-08,4.103627e-11,1.242685e-10,2.331888e-12,2.592436e-12,4.547080e-12,8.507551e-08,4.057217e-12
38.427734,6.341636e-10,7.014706e-10,1.648671e-07,3.641350e-07,5.667708e-12,3.233662e-09,8.067036e-10,3.880236e-09,3.308681e-09,5.824440e-08,3.345713e-09,7.184646e-09,1.595789e-08,1.118405e-08,1.108242e-08,7.723674e-09,2.433997e-12,8.558187e-09,2.898620e-11,1.260673e-10,9.047196e-12,1.426854e-12,5.325296e-12,8.230140e-08,1.974917e-11
38.476562,4.748481e-10,1.220115e-09,1.199086e-07,2.877998e-07,6.616349e-12,4.697653e-09,6.502991e-10,2.753767e-09,2.710569e-09,4.887138e-08,3.365685e-09,2.709494e-09,2.209521e-08,8.904164e-09,1.456846e-08,1.291434e-08,1.087267e-12,8.594508e-09,1.128754e-11,3.815975e-10,1.242467e-11,1.126778e-12,7.106594e-12,9.413861e-08,2.055588e-11
38.525391,2.910914e-10,1.752087e-09,1.670358e-07,1.815302e-07,7.819006e-12,6.308244e-09,3.844671e-10,1.624327e-09,1.859435e-09,4.448581e-08,4.132422e-09,1.208316e-08,2.607446e-08,1.001121e-08,9.223959e-09,5.248346e-09,2.169352e-12,4.221084e-09,1.861301e-11,4.381344e-10,2.080427e-12,8.498962e-13,5.171491e-12,7.822227e-08,1.593675e-11
38.574219,1.524706e-10,2.278291e-09,2.382023e-07,9.611901e-08,8.647117e-12,7.343943e-09,1.767067e-10,8.495971e-10,3.380735e-09,6.060142e-08,5.082848e-09,1.999588e-08,2.870342e-08,1.194662e-08,9.798803e-09,2.842649e-08,1.729460e-12,4.102576e-09,9.017418e-12,3.946249e-10,5.084540e-12,2.989659e-13,3.088109e-12,1.222264e-07,9.160797e-12
38.623047,2.159611e-10,2.772747e-09,2.815184e-07,1.144802e-07,9.678571e-12,7.140303e-09,2.069930e-10,1.293255e-09,5.663899e-09,8.764726e-08,3.393879e-09,2.207372e-08,2.511273e-08,1.120336e-08,1.984946e-08,4.191294e-08,1.897752e-12,8.879441e-09,5.608321e-11,4.553804e-10,4.211139e-12,1.369912e-12,3.183227e-12,1.005283e-07,3.114551e-12
38.671875,3.388036e-10,3.053792e-09,2.872978e-07,1.679620e-07,1.068002e-11,5.692588e-09,5.552173e-10,2.782299e-09,7.294864e-09,1.178161e-07,6.256879e-09,1.868632e-08,2.032657e-08,1.542198e-08,3.540640e-08,2.872746e-08,7.805171e-13,1.083548e-08,9.307751e-11,2.136551e-10,5.859029e-12,5.390586e-13,1.724265e-12,1.363048e-07,8.584081e-12
38.720703,4.109045e-10,2.970261e-09,2.600661e-07,1.987613e-07,1.100969e-11,4.071948e-09,9.611379e-10,5.047274e-09,8.467633e-09,1.261703e-07,1.166322e-08,1.763361e-08,1.152511e-08,1.773364e-08,4.454543e-08,1.279120e-08,1.355819e-12,1.105943e-08,7.930666e-11,1.523579e-10,6.288766e-12,5.700312e-13,1.733212e-13,7.308340e-08,4.053820e-12
38.769531,4.155891e-10,2.561788e-09,2.083262e-07,1.926346e-07,1.096018e-11,4.057491e-09,1.248862e-09,7.929601e-09,8.785131e-09,1.073880e-07,1.412577e-08,2.032084e-08,1.785021e-08,1.483007e-08,4.827976e-08,1.844155e-08,1.984008e-12,1.197860e-08,4.419904e-11,3.513357e-10,7.264202e-12,1.466333e-12,2.529391e-12,3.584960e-08,6.123310e-12
38.818359,3.635193e-10,2.050363e-09,1.441371e-07,1.399334e-07,1.037097e-11,5.385278e-09,1.512636e-09,1.057711e-08,8.085155e-09,1.075331e-07,1.391954e-08,2.065535e-08,2.686536e-08,1.073706e-08,4.815583e-08,3.319412e-08,3.016166e-12,1.268951e-08,2.579848e-11,5.619359e-10,3.079200e-12,2.119138e-13,3.497146e-12,3.367702e-08,4.745648e-12
38.867188,2.756819e-10,1.711220e-09,9.723367e-08,5.663397e-08,9.909505e-12,6.464970e-09,1.864762e-09,1.139991e-08,7.015873e-09,1.246196e-07,1.214970e-08,1.851061e-08,3.121708e-08,7.869282e-09,3.756226e-08,1.078561e-08,1.628139e-12,1.020705e-08,3.999158e-11,1.972920e-10,1.008919e-12,8.917436e-13,3.328349e-12,3.680095e-08,9.289058e-12
38.916016,1.776845e-10,1.811706e-09,1.182369e-07,8.949220e-08,1.102853e-11,6.512128e-09,2.094891e-09,9.610453e-09,5.333720e-09,1.046150e-07,9.010802e-09,1.742688e-08,4.121869e-08,3.807899e-09,1.794180e-08,3.393693e-08,1.226435e-12,8.643154e-09,8.630835e-11,2.319579e-10,1.128923e-12,8.637654e-13,2.435072e-12,9.443081e-08,1.418536e-11
38.964844,8.820902e-11,2.507861e-09,1.757589e-07,1.664729e-07,1.285163e-11,5.343444e-09,1.994097e-09,7.500026e-09,2.555303e-09,5.882631e-08,5.178334e-09,1.505393e-08,4.268798e-08,1.017058e-08,7.337586e-10,4.096371e-08,1.059012e-12,3.684813e-09,6.216947e-11,3.406713e-10,3.305693e-12,6.440741e-13,3.560791e-12,4.641852e-08,1.636018e-11
39.013672,2.119085e-11,3.578973e-09,2.245023e-07,1.946021e-07,1.501683e-11,3.917416e-09,1.643493e-09,8.233019e-09,1.389916e-09,6.846445e-08,3.386344e-09,1.138187e-08,3.446745e-08,1.123568e-08,1.997226e-08,2.000827e-08,2.349501e-12,3.583055e-09,4.963551e-12,3.292751e-10,2.869796e-12,1.044010e-12,2.518224e-12,8.940525e-08,6.303462e-12
39.062500,2.163948e-11,4.589272e-09,2.491708e-07,1.897020e-07,1.654917e-11,4.654150e-09,1.269880e-09,8.999138e-09,3.435388e-09,1.006860e-07,5.332332e-09,9.729373e-09,2.280215e-08,9.732654e-09,3.511903e-08,3.691670e-08,2.379680e-12,6.764728e-09,2.421554e-11,3.463962e-10,4.221752e-12,4.433672e-13,9.671801e-13,1.103853e-07,8.233764e-12
39.111328,3.713113e-11,5.131490e-09,2.470897e-07,2.060155e-07,1.632979e-11,6.600927e-09,9.616534e-10,8.138239e-09,4.796750e-09,1.107018e-07,7.096978e-09,5.959763e-09,1.634948e-08,1.122989e-08,4.888278e-08,3.754872e-08,1.296693e-12,1.275839e-08,9.541136e-12,2.936688e-10,6.709383e-12,1.475595e-12,3.406237e-12,6.841771e-08,9.679112e-12
39.160156,3.265443e-11,4.984445e-09,2.251117e-07,2.463100e-07,1.517714e-11,7.650989e-09,6.731286e-10,6.851547e-09,6.074977e-09,1.034704e-07,8.703249e-09,3.970181e-10,1.667023e-08,7.635466e-09,5.436169e-08,2.454122e-08,5.523422e-13,1.519731e-09,2.051851e-11,6.728551e-11,6.231466e-12,4.599138e-13,4.319171e-12,1.556731e-08,1.879825e-11
39.208984,2.347159e-11,4.216261e-09,1.980719e-07,2.658177e-07,1.325488e-11,7.605101e-09,5.249300e-10,5.078874e-09,7.018096e-09,9.348076e-08,1.030790e-08,2.364792e-09,1.138076e-08,5.637820e-09,3.235415e-08,3.274359e-08,6.848963e-13,8.174144e-09,6.329639e-11,1.009098e-10,6.268499e-12,1.673036e-12,5.528463e-12,2.978938e-08,7.088662e-12
39.257812,5.007810e-11,3.203714e-09,1.809103e-07,2.508814e-07,1.047258e-11,7.128679e-09,8.128673e-10,2.533921e-09,7.098733e-09,9.348837e-08,1.122949e-08,3.488160e-09,9.597715e-09,8.922172e-09,1.709141e-08,3.038483e-08,1.552131e-12,6.294393e-09,5.695344e-11,4.585236e-10,6.709235e-12,2.191908e-12,1.992506e-12,1.096264e-07,7.378240e-12
39.306641,9.863457e-11,2.490474e-09,1.761384e-07,2.199042e-07,7.696343e-12,6.411198e-09,1.294800e-09,1.805203e-09,6.226422e-09,9.653751e-08,1.151520e-08,5.652123e-09,6.457838e-09,1.087250e-08,2.216279e-08,2.212042e-08,1.871386e-12,1.410359e-09,4.946545e-11,4.697010e-10,8.074386e-12,1.321017e-12,3.841085e-12,1.260012e-07,2.571184e-12
39.355469,1.522086e-10,2.247439e-09,1.764346e-07,1.896037e-07,4.974762e-12,5.146696e-09,1.642906e-09,2.379107e-09,4.793971e-09,9.138772e-08,1.245639e-08,1.038335e-08,1.475618e-09,9.108371e-09,1.874020e-08,1.026400e-08,1.137021e-12,5.577735e-09,2.231492e-11,2.509652e-10,1.068415e-11,4.883123e-13,5.091769e-12,4.028931e-08,7.962175e-12
39.404297,2.038609e-10,2.009306e-09,1.808913e-07,1.601146e-07,3.057531e-12,3.775777e-09,1.709322e-09,2.120486e-09,4.107775e-09,8.725944e-08,1.261512e-08,1.327844e-08,4.155133e-09,8.954654e-09,1.255570e-08,2.193698e-08,1.142419e-12,2.614214e-09,1.811843e-11,4.142729e-10,9.342549e-12,9.498151e-13,3.843322e-12,3.545788e-08,3.656567e-12
39.453125,2.454704e-10,1.456435e-09,1.969083e-07,1.335201e-07,3.182465e-12,3.665582e-09,1.548553e-09,2.382033e-09,3.980632e-09,8.603150e-08,1.091517e-08,1.133163e-08,7.764779e-09,9.914807e-09,1.263200e-08,2.579247e-08,1.893466e-12,1.855202e-09,1.932169e-11,4.433075e-10,4.205954e-12,1.455266e-12,4.630251e-12,5.508601e-08,8.892439e-12
39.501953,2.744613e-10,7.281532e-10,2.253073e-07,1.158479e-07,3.645637e-12,4.667197e-09,1.321846e-09,3.451495e-09,3.571559e-09,6.558156e-08,1.082567e-08,6.770171e-09,8.636816e-09,7.439221e-09,2.813825e-08,3.184141e-08,3.527063e-12,9.374848e-10,1.953437e-11,2.171809e-10,3.664362e-12,1.640920e-12,2.032210e-12,6.500600e-08,1.555509e-11
39.550781,2.889244e-10,5.530874e-10,2.534385e-07,1.048774e-07,3.454755e-12,5.469040e-09,1.117634e-09,4.330480e-09,3.717813e-09,2.588849e-08,9.769727e-09,4.206183e-09,1.386112e-08,5.876141e-09,3.637432e-08,3.239382e-08,2.752642e-12,1.778804e-10,2.117029e-11,3.296486e-10,4.256595e-12,1.260414e-12,1.111307e-12,2.078526e-08,7.940766e-12
39.599609,2.930640e-10,1.076064e-09,2.648581e-07,1.056133e-07,3.597752e-12,5.320132e-09,9.732853e-10,3.904751e-09,3.330010e-09,1.082768e-08,4.882824e-09,5.953175e-09,1.719425e-08,8.139915e-09,4.468681e-08,3.104533e-08,2.886503e-12,2.003769e-09,2.707259e-11,1.792508e-10,5.333941e-12,1.190472e-12,1.877499e-12,2.500692e-08,7.996052e-12
39.648438,2.877382e-10,1.657730e-09,2.494998e-07,1.205072e-07,4.534442e-12,3.836715e-09,9.318278e-10,2.102883e-09,2.241482e-09,4.297054e-08,3.260399e-09,7.161770e-09,1.580999e-08,1.052319e-08,4.059556e-08,3.265146e-08,1.699037e-12,3.724985e-09,3.799785e-11,2.420896e-10,8.184832e-12,1.266075e-12,3.173547e-12,3.171715e-08,8.806581e-12
39.697266,2.775610e-10,2.364038e-09,2.088868e-07,1.267815e-07,4.435417e-12,1.278948e-09,9.019161e-10,1.578276e-09,3.091985e-09,8.523471e-08,4.004432e-09,6.522215e-09,1.259847e-08,9.350666e-09,1.822338e-08,2.464849e-08,1.484932e-12,2.840349e-10,2.711423e-11,3.006834e-10,8.016624e-12,1.280299e-12,3.316901e-13,4.466488e-08,5.857576e-12
39.746094,2.690358e-10,3.182751e-09,1.575084e-07,1.073104e-07,3.958333e-12,1.354552e-09,7.555353e-10,3.417987e-09,3.488770e-09,1.170956e-07,2.093106e-09,3.938026e-09,7.531101e-09,5.391148e-09,1.597552e-08,2.536745e-08,1.783182e-12,1.143076e-09,3.433134e-11,1.844477e-10,6.559833e-12,2.609178e-12,3.084770e-12,6.644198e-08,9.801265e-12
39.794922,2.792132e-10,3.990317e-09,1.195514e-07,6.989697e-08,3.243514e-12,2.845199e-09,5.013395e-10,4.868191e-09,2.228392e-09,1.222117e-07,3.626276e-09,4.003511e-09,6.614770e-09,5.816071e-09,3.435954e-08,1.605648e-08,2.765638e-12,4.479424e-10,1.764464e-11,1.253115e-10,5.492653e-12,1.826684e-12,1.223336e-12,4.679405e-08,3.520303e-12
39.843750,3.147524e-10,4.684721e-09,1.120276e-07,4.251017e-08,3.979907e-12,2.618076e-09,2.480776e-10,5.132262e-09,1.051887e-09,1.134855e-07,5.508543e-09,7.700926e-09,9.795599e-09,9.427943e-09,2.221963e-08,2.988259e-08,2.600429e-12,2.005399e-09,1.278539e-11,5.158235e-10,5.375576e-12,1.359015e-12,2.548512e-12,3.696705e-08,1.811998e-12
39.892578,3.615903e-10,5.185978e-09,1.257715e-07,4.292881e-08,5.302077e-12,1.322501e-09,1.267581e-10,4.406264e-09,2.022819e-09,1.027770e-07,4.494307e-09,1.031166e-08,1.046492e-08,7.409940e-09,1.437273e-08,3.164346e-08,2.257933e-12,3.554782e-09,3.043752e-11,5.319073e-10,1.086866e-12,3.137085e-13,4.520942e-12,7.172656e-08,1.140223e-12
39.941406,3.906266e-10,5.405820e-09,1.523992e-07,4.687870e-08,6.905226e-12,1.807062e-09,1.841976e-10,4.718210e-09,4.220778e-09,8.218077e-08,1.773603e-09,1.149034e-08,1.016885e-08,4.611548e-09,3.366480e-08,3.972741e-08,9.524236e-13,3.400594e-09,5.030947e-11,2.870856e-10,3.384596e-12,5.938619e-13,3.474719e-12,1.493902e-07,2.994352e-12
39.990234,3.837380e-10,5.306327e-09,1.940623e-07,4.623908e-08,8.414444e-12,3.008649e-09,2.563599e-10,5.468741e-09,6.220944e-09,5.501988e-08,7.315332e-09,1.009926e-08,7.066351e-09,2.991644e-09,3.144437e-08,3.822984e-08,1.297984e-12,1.726123e-09,3.360997e-11,1.760962e-10,2.158091e-12,1.017458e-12,5.605055e-12,1.062987e-07,1.255554e-12
40.039062,3.406161e-10,5.000648e-09,2.468752e-07,4.609593e-08,8.664047e-12,3.319241e-09,3.133877e-10,5.560232e-09,6.990404e-09,3.794551e-08,1.180955e-08,7.066252e-09,7.380469e-09,2.597912e-09,1.443982e-08,4.317854e-08,9.430804e-13,9.273140e-10,3.125670e-11,4.311849e-10,4.166468e-12,1.406717e-12,2.771425e-12,2.166863e-08,8.919962e-12
40.087891,2.890911e-10,4.708874e-09,3.009698e-07,5.742396e-08,8.273684e-12,3.025019e-09,3.651968e-10,6.743405e-09,7.262270e-09,4.362026e-08,1.264552e-08,6.211290e-09,1.047930e-08,7.297549e-09,7.641054e-09,5.746648e-08,1.897276e-12,2.024606e-09,2.246666e-11,4.776759e-10,1.634658e-12,2.367249e-12,2.394486e-12,7.023173e-08,8.685474e-12
40.136719,2.716712e-10,4.550781e-09,3.473133e-07,8.026364e-08,7.296715e-12,2.851940e-09,4.023353e-10,7.930415e-09,7.778333e-09,7.747078e-08,1.016246e-08,9.127708e-09,1.110546e-08,7.672913e-09,1.653193e-08,3.719668e-08,2.299803e-12,6.790107e-10,1.692069e-11,4.384641e-10,5.171848e-12,2.164135e-12,2.724463e-12,8.402382e-08,1.008976e-11
40.185547,2.954242e-10,4.452214e-09,3.790637e-07,9.888435e-08,5.938847e-12,2.982220e-09,3.929825e-10,6.956096e-09,7.708203e-09,1.113589e-07,7.085143e-09,1.133650e-08,8.573174e-09,6.735445e-09,1.346105e-08,1.486258e-08,2.002674e-12,1.151235e-09,1.795858e-11,5.282342e-10,4.217178e-12,4.938048e-13,1.691260e-12,1.287298e-08,4.798045e-12
40.234375,3.184402e-10,4.332651e-09,3.910347e-07,1.083218e-07,5.347441e-12,2.964259e-09,3.507270e-10,4.616258e-09,6.873507e-09,1.184224e-07,7.093114e-09,8.961787e-09,5.886056e-09,6.284901e-09,4.209075e-09,1.768661e-08,4.663959e-13,2.598621e-09,4.513117e-12,3.420950e-10,2.382153e-12,5.365205e-13,1.884772e-12,9.364683e-08,9.586332e-12
40.283203,3.084761e-10,4.193965e-09,3.823883e-07,1.229103e-07,4.270980e-12,2.541846e-09,4.086895e-10,3.214478e-09,6.216815e-09,9.608937e-08,9.614284e-09,3.461689e-09,6.684046e-09,7.359862e-09,1.497088e-08,1.143036e-08,1.212692e-12,1.363158e-09,1.722371e-11,3.748162e-10,4.663133e-12,7.552844e-13,2.363125e-12,4.561018e-08,8.801432e-12
40.332031,2.657726e-10,3.958064e-09,3.621158e-07,1.513293e-07,2.372664e-12,2.107183e-09,5.583725e-10,2.339018e-09,5.757626e-09,6.351536e-08,1.117664e-08,2.069631e-09,7.324479e-09,7.597088e-09,2.713855e-08,3.014181e-08,1.982249e-12,2.602775e-09,1.439799e-11,5.928504e-10,3.287517e-12,1.022407e-12,2.122123e-12,4.003813e-08,8.979052e-12
40.380859,2.119749e-10,3.418814e-09,3.486807e-07,1.794334e-07,7.455229e-13,2.485481e-09,6.212084e-10,2.370803e-09,4.611237e-09,3.396200e-08,9.364687e-09,5.456101e-09,1.025614e-08,5.826850e-09,2.143571e-08,3.377385e-08,1.640132e-13,6.604810e-09,2.712540e-12,6.723701e-10,1.732108e-12,4.285547e-13,6.213412e-13,1.136079e-08,9.979379e-12
40.429688,1.762473e-10,2.468393e-09,3.532147e-07,1.955920e-07,3.629000e-12,3.268403e-09,5.458513e-10,4.505330e-09,2.753512e-09,2.244382e-08,5.385412e-09,1.026866e-08,1.490971e-08,4.582973e-09,1.161257e-08,2.994344e-08,6.751225e-13,5.689368e-09,5.094512e-12,4.185707e-10,1.388946e-12,1.652699e-12,1.563320e-13,4.730718e-08,8.668088e-12
40.478516,1.615191e-10,1.392711e-09,3.641390e-07,2.048657e-07,6.880908e-12,3.605251e-09,4.448445e-10,6.012678e-09,1.337347e-09,4.955979e-08,1.946308e-09,1.304675e-08,1.416175e-08,9.604593e-10,2.145644e-08,1.304086e-08,7.153083e-13,3.180978e-09,1.575827e-11,2.180583e-10,1.923676e-12,1.027674e-12,3.391788e-13,7.506534e-08,5.121344e-12
40.527344,1.486169e-10,1.278220e-09,3.643430e-07,2.156320e-07,8.847937e-12,3.272922e-09,4.438118e-10,6.152987e-09,2.050793e-09,5.905689e-08,9.786732e-10,1.226507e-08,1.250379e-08,2.878774e-09,2.759478e-08,4.217633e-08,1.484374e-12,6.616413e-09,2.309659e-11,1.680127e-10,7.697125e-13,2.235795e-13,5.525334e-13,4.916098e-08,5.825121e-12
40.576172,1.242488e-10,1.957644e-09,3.554213e-07,2.203132e-07,9.881892e-12,2.623596e-09,4.963287e-10,5.256834e-09,3.446708e-09,3.859990e-08,2.792850e-09,8.834071e-09,9.607510e-09,5.287417e-09,3.177940e-08,5.567469e-08,8.087939e-13,5.361030e-09,2.235522e-11,2.164706e-10,6.020847e-12,5.097845e-13,6.042686e-13,7.190253e-08,7.312298e-12
40.625000,9.140764e-11,2.257838e-09,3.531139e-07,2.025225e-07,8.945337e-12,2.415416e-09,5.555906e-10,3.545775e-09,4.401859e-09,2.529982e-08,2.728102e-09,3.194541e-09,3.038111e-09,9.290463e-09,3.259165e-08,5.355518e-08,1.179099e-12,2.131708e-09,2.648491e-11,2.917066e-10,6.822756e-12,6.276832e-13,3.378192e-12,3.830824e-08,7.743286e-12
40.673828,5.308434e-11,1.985836e-09,3.580989e-07,1.590263e-07,6.376570e-12,2.973378e-09,6.169107e-10,1.266902e-09,4.433989e-09,4.776383e-08,2.010713e-09,1.501619e-09,8.552211e-09,8.044808e-09,2.719365e-08,4.026914e-08,1.836180e-12,3.368054e-09,2.013247e-11,2.098871e-10,8.974681e-12,5.719976e-13,3.173931e-12,2.743907e-08,5.237811e-12
40.722656,2.999075e-11,1.338177e-09,3.492877e-07,1.132883e-07,3.489235e-12,3.747370e-09,6.506668e-10,7.841389e-10,3.924007e-09,5.229321e-08,1.713982e-09,1.894421e-09,9.216143e-09,3.410051e-09,2.538026e-08,4.240533e-08,1.359142e-12,3.993956e-09,1.673143e-11,2.075944e-10,6.518777e-12,5.694562e-13,1.368502e-12,5.003643e-08,3.827965e-12
40.771484,7.709511e-11,6.686758e-10,3.125098e-07,1.087751e-07,2.027977e-12,4.268378e-09,6.086182e-10,1.884953e-09,3.676984e-09,3.891027e-08,3.723177e-09,4.409693e-09,8.207180e-09,2.135808e-09,1.677885e-08,3.231496e-08,1.529926e-12,3.129944e-09,7.628794e-12,1.840393e-10,4.539918e-12,5.089300e-13,2.746639e-12,5.153839e-08,9.024572e-12
40.820312,1.373310e-10,3.949587e-10,2.584984e-07,1.377016e-07,3.849382e-12,4.275611e-09,4.811483e-10,2.414568e-09,3.709064e-09,3.519603e-08,4.863205e-09,3.998238e-09,1.289079e-08,2.907992e-09,1.755770e-08,2.751789e-08,2.312161e-12,1.213765e-09,1.945003e-11,1.167066e-10,5.043685e-12,1.497382e-12,2.452897e-12,3.481283e-08,1.025686e-11
40.869141,1.803753e-10,4.610654e-10,2.122739e-07,1.629530e-07,4.660896e-12,3.596534e-09,3.835520e-10,2.936249e-09,3.205506e-09,5.914481e-08,3.961493e-09,3.092606e-09,1.672249e-08,4.021371e-09,2.457601e-08,2.315780e-08,3.258512e-12,2.005162e-09,2.281186e-11,2.828207e-10,4.584367e-12,1.600690e-12,7.995176e-13,4.964074e-08,8.329084e-12
40.917969,1.924414e-10,4.407404e-10,1.874535e-07,1.728101e-07,4.744503e-12,2.216377e-09,3.627994e-10,3.052400e-09,2.056719e-09,9.074690e-08,5.280427e-09,5.225893e-09,1.407362e-08,7.170606e-09,1.896402e-08,3.507173e-08,1.952155e-12,2.481171e-09,1.777643e-11,3.313284e-10,2.570837e-12,1.788042e-12,2.502473e-12,6.231244e-08,4.078607e-12
40.966797,1.740446e-10,3.701608e-10,1.825943e-07,1.624361e-07,3.960395e-12,8.268925e-10,2.315782e-10,2.925920e-09,2.787523e-09,1.026983e-07,7.494167e-09,3.677447e-09,8.534830e-09,1.078106e-08,7.971023e-09,3.872786e-08,1.729908e-12,8.760596e-09,1.951482e-11,3.534481e-10,1.999858e-12,1.242980e-12,3.299554e-12,7.927530e-08,4.621732e-12
41.015625,1.559643e-10,4.136694e-10,1.955089e-07,1.324360e-07,1.853205e-12,1.952436e-09,2.134045e-10,3.021925e-09,4.469843e-09,8.532751e-08,8.860925e-09,8.564577e-09,1.024866e-08,1.006324e-08,1.197968e-08,2.097159e-08,1.579212e-12,6.602284e-09,2.300714e-11,1.794384e-10,3.328970e-12,5.134067e-13,3.660233e-12,3.340590e-08,3.171862e-12
41.064453,1.819575e-10,5.964588e-10,2.104390e-07,1.046314e-07,8.536424e-13,3.078493e-09,5.800446e-10,2.935745e-09,5.104099e-09,7.200661e-08,9.182390e-09,1.244409e-08,1.400059e-08,8.880932e-09,9.779236e-09,1.857573e-08,1.477692e-12,2.815772e-09,2.092107e-11,1.929496e-10,1.517140e-12,5.779624e-13,2.222820e-12,1.850036e-08,2.612597e-12
41.113281,2.436287e-10,7.858128e-10,2.063660e-07,1.094984e-07,3.801330e-12,3.319091e-09,8.300199e-10,2.481411e-09,4.875976e-09,8.277688e-08,7.206334e-09,1.095780e-08,9.551566e-09,7.286796e-09,7.872842e-09,1.174719e-08,7.910105e-13,2.154376e-09,1.406600e-11,1.552460e-10,1.209279e-12,4.933959e-13,2.216690e-12,6.262772e-08,5.130026e-12
41.162109,3.004884e-10,8.972256e-10,1.948929e-07,1.280214e-07,6.154831e-12,3.153119e-09,8.623929e-10,1.634213e-09,4.260792e-09,8.814742e-08,4.533695e-09,7.917040e-09,2.253422e-09,2.302327e-09,8.602782e-09,5.397582e-09,1.234120e-12,4.036706e-09,1.061874e-11,4.126996e-10,1.981856e-12,8.153582e-13,3.192570e-12,4.756841e-08,4.953572e-12
41.210938,3.316642e-10,1.013829e-09,2.195036e-07,1.399429e-07,6.204620e-12,3.558429e-09,7.546316e-10,9.533766e-10,3.449488e-09,9.079973e-08,5.192724e-09,7.379405e-09,1.220558e-09,3.530953e-09,1.549464e-08,1.400986e-08,1.333343e-12,5.511348e-09,1.671653e-11,5.039306e-10,1.965472e-12,4.362721e-13,1.887942e-12,5.199278e-08,6.364807e-12
41.259766,3.330229e-10,1.333740e-09,2.695758e-07,1.599718e-07,4.589155e-12,4.447168e-09,6.176615e-10,1.956691e-09,2.807493e-09,8.701070e-08,7.797606e-09,5.392820e-09,7.482124e-09,2.472687e-09,3.736203e-08,2.898812e-08,1.739937e-12,6.687373e-09,1.681662e-11,3.097224e-10,2.718012e-12,1.996019e-12,6.579153e-13,3.102169e-08,8.416151e-12
41.308594,3.111077e-10,1.831481e-09,2.864894e-07,1.932390e-07,1.966079e-12,4.995078e-09,4.694859e-10,2.423925e-09,2.225862e-09,6.456968e-08,1.148164e-08,4.506675e-09,1.030949e-08,3.014832e-09,4.330325e-08,4.352629e-08,1.602504e-12,6.615962e-09,6.928835e-12,2.362401e-10,4.423660e-12,5.821918e-13,3.337633e-12,2.303071e-08,3.813638e-12
41.357422,2.757409e-10,2.292299e-09,2.407058e-07,2.205689e-07,2.821547e-12,4.850669e-09,3.272307e-10,2.315906e-09,1.554737e-09,3.563187e-08,1.399893e-08,5.175028e-09,7.238916e-09,5.445782e-09,2.972176e-08,4.445210e-08,4.269255e-13,6.392223e-09,1.053651e-11,1.456045e-10,2.467555e-12,3.072728e-13,4.042953e-12,1.145766e-08,2.691080e-12
41.406250,2.329004e-10,2.548042e-09,1.658231e-07,2.349506e-07,6.619969e-12,4.326460e-09,2.483871e-10,3.543731e-09,1.830006e-09,1.226572e-08,1.264501e-08,6.147422e-09,6.446253e-09,6.212458e-09,2.477405e-08,3.091542e-08,1.220800e-12,6.527325e-09,1.248980e-11,1.549394e-10,1.719298e-12,1.110186e-12,3.497180e-12,1.445053e-08,8.475152e-12
41.455078,1.860707e-10,2.544446e-09,1.884377e-07,2.498293e-07,9.578079e-12,4.126619e-09,2.331256e-10,5.298712e-09,3.659839e-09,1.372188e-08,9.521540e-09,8.019784e-09,5.409820e-09,7.911635e-09,2.306859e-08,1.730761e-08,2.126417e-12,4.689787e-09,2.689067e-11,5.941687e-11,1.413449e-12,1.530259e-12,3.588886e-12,5.014271e-08,5.393876e-12
41.503906,1.416839e-10,2.310084e-09,2.991312e-07,2.723212e-07,1.221139e-11,4.295517e-09,2.882328e-10,6.058057e-09,5.923931e-09,4.389763e-08,1.033070e-08,8.017665e-09,6.290056e-09,1.014890e-08,1.061740e-08,1.661951e-08,1.677637e-12,1.852774e-09,2.127959e-11,6.397483e-11,6.032260e-13,1.304057e-12,2.091884e-12,4.117383e-08,5.492426e-12
41.552734,1.196097e-10,1.902070e-09,3.914604e-07,2.900837e-07,1.328287e-11,4.169809e-09,3.732039e-10,5.415819e-09,7.404619e-09,7.667316e-08,1.219829e-08,6.986435e-09,7.546519e-09,1.116844e-08,6.141951e-09,1.756642e-08,1.589633e-12,1.860574e-09,1.416014e-11,7.758324e-11,1.682109e-12,7.059678e-13,9.394674e-13,3.633531e-08,5.336942e-12
41.601562,1.322352e-10,1.375180e-09,4.353194e-07,2.909936e-07,1.206059e-11,3.683964e-09,3.942350e-10,3.735042e-09,7.415714e-09,9.927585e-08,1.212192e-08,7.571762e-09,5.151434e-09,1.089676e-08,1.374266e-08,1.046650e-08,2.124239e-12,6.379891e-09,1.745245e-11,9.290240e-11,2.826056e-12,1.453173e-12,2.563841e-12,1.009208e-07,6.055068e-12
41.650391,1.562879e-10,8.050402e-10,4.357250e-07,2.739783e-07,9.548325e-12,3.440192e-09,3.220915e-10,1.934701e-09,6.143797e-09,9.355793e-08,1.037589e-08,8.468184e-09,3.795466e-09,6.073786e-09,1.490814e-08,1.481523e-08,2.422029e-12,7.482342e-09,2.389523e-11,2.100342e-10,4.475676e-12,8.110135e-13,9.894376e-13,8.156295e-08,7.978446e-13
41.699219,1.665758e-10,3.612787e-10,4.074312e-07,2.423658e-07,5.908946e-12,3.425238e-09,1.895975e-10,1.650911e-09,4.397335e-09,6.152039e-08,6.652808e-09,7.573651e-09,4.628191e-09,3.134761e-09,1.830911e-08,1.567393e-08,1.896710e-12,6.319082e-09,1.277315e-11,1.844868e-10,1.805936e-12,4.172417e-13,9.207450e-13,3.191250e-08,4.288777e-12
41.748047,1.538570e-10,4.152206e-10,3.626695e-07,1.999422e-07,2.097360e-12,3.000865e-09,1.071818e-10,2.039824e-09,3.068964e-09,2.556746e-08,1.958157e-09,7.778512e-09,7.802482e-09,8.560267e-09,1.439666e-08,1.569352e-08,1.404057e-12,7.905819e-09,2.338082e-11,2.596947e-10,1.332951e-12,1.146431e-13,2.689413e-12,5.393718e-08,1.477761e-12
41.796875,1.241797e-10,5.859309e-10,3.117514e-07,1.547701e-07,2.923311e-12,2.095627e-09,2.433058e-10,1.674153e-09,2.219792e-09,8.107779e-09,1.778798e-09,6.518597e-09,1.169968e-08,8.440950e-09,1.025518e-09,2.740331e-08,1.292056e-12,7.964220e-09,1.758770e-11,3.255317e-10,2.243194e-12,8.973693e-13,1.930557e-12,2.588071e-08,2.971540e-12
41.845703,9.293108e-11,5.905959e-10,2.656595e-07,1.165520e-07,5.561826e-12,1.267586e-09,4.055229e-10,1.226010e-09,1.460469e-09,3.277150e-08,3.359842e-09,1.482463e-09,1.178686e-08,5.092930e-09,1.283995e-08,1.733947e-08,2.587986e-13,4.667416e-09,2.190265e-11,3.857054e-10,4.573110e-12,8.837770e-13,1.469385e-12,7.185164e-08,7.137756e-12
41.894531,8.142139e-11,4.577802e-10,2.287696e-07,8.531866e-08,7.508970e-12,1.215604e-09,5.079719e-10,1.731836e-09,1.404946e-09,4.637712e-08,5.022582e-09,4.595861e-09,1.156638e-08,2.537862e-09,2.235400e-08,8.109224e-09,1.156438e-12,2.588712e-10,1.608214e-11,2.979081e-10,2.644878e-12,5.502174e-13,1.093146e-12,5.026143e-08,6.600208e-13
41.943359,8.941969e-11,2.823548e-10,1.924462e-07,5.935310e-08,8.157873e-12,1.739094e-09,5.143861e-10,2.448473e-09,1.508550e-09,4.477371e-08,6.668543e-09,9.042596e-09,1.407220e-08,5.265615e-09,2.307717e-08,2.459257e-08,2.622812e-12,4.599829e-09,2.218561e-11,2.930553e-10,2.124081e-12,1.018424e-12,4.262225e-13,4.020717e-08,3.105576e-12
41.992188,1.003750e-10,1.547741e-10,1.455241e-07,5.979639e-08,8.100919e-12,2.186093e-09,4.329454e-10,2.711648e-09,8.466559e-10,4.662431e-08,6.830150e-09,1.041505e-08,1.599765e-08,4.805901e-09,1.257553e-08,2.563822e-08,2.337134e-12,6.266717e-09,1.203401e-11,1.469762e-10,3.929881e-12,1.247802e-12,7.256554e-13,3.666226e-08,3.846156e-12
42.041016,1.063006e-10,1.092605e-10,8.685948e-08,8.290315e-08,7.035150e-12,2.224764e-09,3.164856e-10,2.432188e-09,5.926085e-10,4.584781e-08,6.451467e-09,7.979975e-09,1.547585e-08,3.361522e-09,1.728466e-08,1.297358e-08,1.465111e-12,4.710912e-09,1.622991e-11,2.342552e-10,3.221354e-12,5.908382e-13,7.955394e-13,4.885367e-08,2.741125e-12
42.089844,1.102272e-10,1.997497e-10,2.531141e-08,9.831887e-08,4.676946e-12,1.928648e-09,2.222714e-10,2.204931e-09,1.737346e-09,3.410688e-08,7.090291e-09,5.786738e-09,1.569799e-08,4.046294e-09,1.948966e-08,4.734783e-09,1.399466e-12,1.192609e-09,1.681285e-11,5.804229e-10,3.862068e-12,4.258634e-13,1.608830e-12,4.626640e-08,5.465196e-12
42.138672,1.149776e-10,3.980848e-10,3.739826e-08,1.045007e-07,3.718264e-12,1.662669e-09,1.497241e-10,2.871079e-09,2.389505e-09,3.516930e-08,6.996713e-09,6.131990e-09,1.424030e-08,5.308866e-09,1.429809e-08,8.910658e-09,1.328547e-12,9.047296e-10,1.867891e-11,4.377090e-10,3.460928e-12,2.481547e-12,3.442124e-12,9.824212e-09,3.621119e-12
42.187500,1.204667e-10,6.403925e-10,8.833377e-08,1.156199e-07,5.688479e-12,1.692532e-09,1.725594e-10,4.459783e-09,2.314396e-09,4.366591e-08,5.004670e-09,4.638326e-09,9.034902e-09,5.751551e-09,8.205767e-09,1.666202e-08,1.829237e-12,1.112526e-09,8.770444e-12,3.449928e-10,2.948745e-12,1.771354e-12,2.307443e-12,2.519459e-08,1.911427e-12
42.236328,1.239674e-10,8.917587e-10,1.312672e-07,1.293095e-07,7.615017e-12,1.966905e-09,3.680572e-10,5.740830e-09,1.713099e-09,4.441176e-08,2.221092e-09,3.810533e-09,5.666824e-09,6.120361e-09,4.579637e-09,1.678599e-08,2.792717e-12,2.926998e-09,1.838060e-11,2.105149e-10,1.505189e-12,3.148880e-13,1.593771e-12,4.946207e-08,3.217551e-12
42.285156,1.269566e-10,1.137821e-09,1.603566e-07,1.279737e-07,8.587120e-12,2.071020e-09,5.918441e-10,5.780810e-09,1.606419e-09,4.254027e-08,2.089800e-09,4.467968e-09,1.202651e-09,4.536699e-09,5.438738e-09,8.474810e-09,3.037062e-12,3.288374e-09,1.382717e-11,8.091102e-11,2.768295e-12,5.143020e-13,6.745277e-13,5.710017e-08,4.450087e-12
42.333984,1.322780e-10,1.365584e-09,1.669558e-07,1.043696e-07,9.830561e-12,1.820872e-09,7.439371e-10,5.280350e-09,2.448508e-09,3.953918e-08,3.654946e-09,1.570476e-09,5.298952e-09,2.520311e-09,6.441947e-09,2.221214e-09,1.637605e-12,2.057182e-09,1.340210e-11,7.293849e-11,3.022924e-12,1.275947e-12,1.113163e-12,5.042645e-08,1.238475e-12
42.382812,1.385931e-10,1.533396e-09,1.467526e-07,6.906708e-08,1.096020e-11,2.057740e-09,7.776562e-10,4.908373e-09,2.803397e-09,3.210019e-08,3.879180e-09,3.552516e-09,9.446590e-09,5.318401e-09,1.318941e-08,7.694982e-09,1.484261e-12,2.765023e-09,1.375193e-11,1.397511e-10,4.506102e-12,1.228583e-12,6.758303e-13,2.035685e-08,1.376000e-12
42.431641,1.378514e-10,1.591266e-09,1.062346e-07,4.525665e-08,1.060190e-11,2.963740e-09,7.097308e-10,3.451092e-09,1.999112e-09,2.828780e-08,2.841241e-09,3.834969e-09,9.112880e-09,8.104913e-09,2.201777e-08,1.651201e-08,1.725879e-12,4.464719e-09,8.630295e-12,1.451544e-10,6.753767e-12,3.775758e-13,1.457035e-12,1.697436e-08,1.824235e-13
42.480469,1.208993e-10,1.518857e-09,6.356795e-08,4.581331e-08,8.983031e-12,3.506821e-09,5.972496e-10,7.592888e-10,1.063197e-09,4.000022e-08,1.828584e-09,4.093281e-09,8.013982e-09,8.189619e-09,2.749866e-08,2.257421e-08,2.052741e-12,6.865847e-09,7.775379e-12,3.339216e-11,5.965468e-12,1.491563e-13,1.126217e-12,3.749811e-08,5.724169e-12
42.529297,8.493118e-11,1.352426e-09,4.494208e-08,5.321795e-08,7.168953e-12,3.467507e-09,4.613195e-10,2.208302e-09,1.993320e-09,5.091424e-08,2.441719e-09,7.660973e-09,9.645773e-09,5.086450e-09,2.922244e-08,1.904042e-08,2.313010e-12,5.375294e-09,3.061272e-12,1.018094e-10,3.276208e-12,9.877688e-13,2.558333e-12,3.029182e-08,4.644518e-12
42.578125,3.546537e-11,1.175617e-09,5.653051e-08,6.138163e-08,6.449518e-12,3.291641e-09,2.743359e-10,3.220118e-09,2.475621e-09,5.142736e-08,3.888717e-09,9.340018e-09,1.016468e-08,2.445834e-09,2.519976e-08,1.261654e-08,1.281458e-12,2.375996e-09,2.669524e-12,1.264023e-10,4.389155e-12,1.017846e-12,1.327564e-12,2.736103e-08,4.041784e-12
42.626953,1.670821e-11,1.053237e-09,8.106325e-08,7.250587e-08,6.209158e-12,3.154911e-09,6.865650e-11,2.686264e-09,2.137789e-09,4.314556e-08,4.501556e-09,7.703615e-09,7.877201e-09,2.333160e-09,1.656871e-08,1.457265e-08,5.986012e-13,1.048530e-09,3.152199e-12,1.734922e-10,4.132172e-12,6.321964e-13,9.226838e-13,1.945856e-08,3.257120e-12
42.675781,6.152410e-11,9.741662e-10,1.093508e-07,8.772016e-08,5.460779e-12,2.872845e-09,1.727268e-10,1.984053e-09,1.545167e-09,3.348915e-08,3.268448e-09,5.745637e-09,4.478388e-09,2.335812e-09,5.551751e-09,1.315445e-08,1.723701e-12,6.031803e-09,7.901252e-12,1.787402e-10,3.384045e-12,1.876124e-12,7.334327e-13,6.191829e-08,1.451456e-12
42.724609,9.319500e-11,8.977396e-10,1.257556e-07,1.057414e-07,4.740533e-12,2.368834e-09,2.379596e-10,1.706226e-09,9.027045e-10,3.203462e-08,1.568426e-09,4.094792e-09,2.746973e-09,2.731288e-09,3.898632e-09,1.083102e-08,2.876666e-12,6.488322e-09,1.822420e-11,3.181678e-10,1.601685e-12,1.777936e-12,1.906240e-12,7.353607e-08,5.832985e-12
42.773438,1.128137e-10,8.196187e-10,1.158102e-07,1.189103e-07,4.388129e-12,1.579937e-09,1.661250e-10,1.320592e-09,3.591990e-10,3.526203e-08,3.259726e-09,1.625516e-09,2.041753e-09,6.367577e-09,8.753681e-09,1.034938e-08,1.620179e-12,5.520948e-09,1.028556e-11,3.970447e-10,3.253085e-13,1.747891e-12,1.623732e-12,6.274262e-08,7.211894e-12
42.822266,1.223633e-10,7.671425e-10,7.624873e-08,1.193510e-07,3.310106e-12,8.762000e-10,3.280320e-11,8.451816e-10,9.603177e-11,4.366028e-08,4.488818e-09,2.831158e-09,2.342806e-09,7.236285e-09,2.857060e-09,1.003981e-08,1.635352e-12,4.267363e-09,2.060076e-11,3.649411e-10,1.268893e-12,1.793132e-12,1.228423e-12,6.660393e-08,5.794415e-12
42.871094,1.212258e-10,7.593762e-10,1.547218e-08,1.107539e-07,2.800596e-12,1.111492e-09,6.623763e-11,8.029470e-10,3.797324e-10,5.611330e-08,4.094297e-09,6.711069e-09,5.018915e-09,5.207363e-09,1.103243e-08,8.734577e-09,1.742943e-12,3.734063e-09,1.704412e-11,4.318716e-10,1.080119e-12,9.507386e-14,3.138934e-12,6.857404e-08,4.047084e-12
42.919922,1.069567e-10,7.855975e-10,5.563919e-08,1.092030e-07,6.235057e-12,1.204368e-09,1.090059e-10,8.854567e-10,8.095169e-10,6.257738e-08,2.690909e-09,5.468071e-09,5.064287e-09,3.059588e-09,1.751250e-08,1.929587e-08,2.259775e-12,3.188404e-09,1.548812e-11,2.588574e-10,3.417741e-12,7.322254e-13,2.745513e-12,8.749364e-09,1.594497e-12
42.968750,8.084903e-11,8.169109e-10,1.247794e-07,1.203695e-07,9.914294e-12,1.605919e-09,1.613321e-10,4.596759e-10,1.079959e-09,6.459392e-08,1.638293e-09,5.689490e-10,3.874822e-09,2.835654e-09,1.460589e-08,2.582726e-08,2.413667e-12,3.256654e-10,1.215058e-11,8.096525e-12,2.359772e-12,1.400175e-12,2.178216e-12,3.823500e-08,2.802742e-13
43.017578,5.020250e-11,8.294157e-10,1.844819e-07,1.304197e-07,1.235444e-11,2.699799e-09,2.001668e-10,5.478753e-10,1.417334e-09,7.153287e-08,2.115051e-09,3.333822e-09,4.555335e-09,2.559740e-09,8.655646e-09,2.932440e-08,2.206570e-12,1.722444e-09,8.920436e-12,2.358312e-11,1.578115e-12,1.550608e-12,2.216135e-12,4.707500e-08,3.110774e-12
43.066406,3.190285e-11,8.390546e-10,2.244755e-07,1.301986e-07,1.344962e-11,3.113774e-09,1.681438e-10,1.549354e-09,2.042530e-09,7.982353e-08,3.536904e-09,2.979951e-09,4.976417e-09,1.807736e-09,4.480543e-09,1.982423e-08,1.627440e-12,5.906009e-10,1.064510e-11,1.592576e-10,7.815283e-13,4.742045e-13,5.646729e-13,5.043055e-08,5.761453e-12
43.115234,3.735194e-11,8.770416e-10,2.333441e-07,1.220287e-07,1.229238e-11,2.299468e-09,7.843244e-11,2.618107e-09,2.935799e-09,8.021551e-08,4.246475e-09,5.279146e-10,4.126265e-09,5.529841e-10,1.014650e-08,1.586467e-08,7.531933e-13,1.914478e-09,4.807212e-12,1.670407e-10,2.582423e-12,1.308786e-12,9.697313e-13,3.296901e-08,9.122687e-12
43.164062,4.595507e-11,9.340145e-10,2.050409e-07,1.097511e-07,9.312689e-12,1.240327e-09,6.368100e-11,3.237493e-09,3.576008e-09,7.501037e-08,3.401678e-09,1.410912e-09,3.000746e-09,1.245156e-09,1.038728e-08,2.268059e-08,1.273991e-12,2.390217e-09,3.614838e-12,1.084257e-10,1.204729e-12,8.238547e-13,4.891468e-13,1.560403e-08,5.469538e-12
43.212891,4.849430e-11,9.710022e-10,1.442790e-07,9.329413e-08,5.761012e-12,1.808566e-09,1.457846e-10,3.032250e-09,3.471755e-09,7.202605e-08,2.066355e-09,1.287637e-09,7.234827e-09,2.340929e-09,3.832762e-09,2.902099e-08,1.544918e-12,1.432110e-09,1.201651e-11,1.164490e-10,2.354595e-12,8.857306e-13,1.128069e-12,3.909622e-08,5.264160e-12
43.261719,4.916412e-11,1.013210e-09,6.719130e-08,7.418906e-08,1.834838e-12,2.474631e-09,2.013483e-10,2.456469e-09,2.777382e-09,6.963218e-08,2.010706e-09,3.316029e-09,9.383825e-09,2.028258e-09,5.178442e-09,1.809910e-08,1.639529e-12,1.921436e-09,1.638868e-11,2.276202e-10,3.203199e-12,7.173253e-13,9.802834e-13,7.035048e-08,1.084525e-12
43.310547,5.567926e-11,1.127150e-09,4.520509e-08,5.988167e-08,2.748637e-12,3.051352e-09,2.081120e-10,2.445998e-09,2.141677e-09,6.039205e-08,2.439985e-09,4.783212e-09,5.290056e-09,1.419361e-09,1.322878e-08,1.536577e-08,9.688972e-13,3.390400e-09,4.222356e-12,2.062940e-10,2.305225e-12,1.850720e-13,5.604299e-13,2.556463e-08,3.397171e-12
43.359375,7.001058e-11,1.279806e-09,1.149349e-07,5.737338e-08,6.643669e-12,3.737850e-09,1.580074e-10,3.149427e-09,2.104512e-09,4.305826e-08,2.024275e-09,5.869475e-09,2.411964e-09,2.098312e-09,1.634681e-08,1.350646e-08,9.569475e-13,1.273844e-09,7.469014e-12,7.127420e-11,1.661673e-12,3.986224e-13,1.945026e-12,1.829105e-08,3.519052e-12
43.408203,8.506702e-11,1.323592e-09,1.758190e-07,6.191221e-08,9.915628e-12,3.878945e-09,7.222780e-11,3.808793e-09,2.108659e-09,2.980629e-08,1.522720e-09,5.585480e-09,6.172858e-09,3.631439e-09,1.248841e-08,1.324911e-08,8.515847e-13,1.721473e-09,1.401020e-11,1.070864e-10,1.870878e-12,2.132423e-13,2.960791e-12,2.831197e-08,7.028079e-13
43.457031,9.230713e-11,1.142812e-09,2.108428e-07,6.185220e-08,1.184856e-11,3.200207e-09,1.476316e-11,3.997045e-09,1.544588e-09,2.787143e-08,2.896881e-09,4.557324e-09,6.340682e-09,3.552880e-09,8.335634e-09,2.395536e-08,8.424697e-13,2.663465e-09,8.610894e-12,1.918198e-10,9.742958e-13,1.823529e-12,1.325730e-12,4.945900e-08,1.724742e-12
43.505859,8.703479e-11,7.369159e-10,2.127361e-07,4.969651e-08,1.105596e-11,2.245374e-09,6.234399e-11,3.890274e-09,1.690809e-09,2.759114e-08,3.826833e-09,4.954309e-09,8.847064e-09,1.561903e-09,1.991169e-09,2.952320e-08,9.605734e-13,2.605386e-09,1.083524e-12,2.251250e-10,8.111883e-13,1.839466e-12,1.264435e-12,4.208234e-08,2.320156e-12
43.554688,6.960302e-11,3.174718e-10,1.840633e-07,3.205054e-08,9.171706e-12,1.685404e-09,7.699738e-11,3.269389e-09,2.739507e-09,3.339391e-08,3.675853e-09,2.446871e-09,1.007305e-08,4.520918e-10,1.114860e-08,2.981570e-08,1.250751e-12,3.738174e-09,3.255101e-12,2.647674e-10,8.410218e-13,6.149279e-13,1.010885e-13,2.577251e-08,7.680735e-13
43.603516,4.516583e-11,5.976792e-10,1.383320e-07,4.009802e-08,7.954939e-12,1.470788e-09,6.887642e-11,1.765644e-09,3.105881e-09,3.348803e-08,2.868903e-09,1.674017e-09,7.472157e-09,9.007323e-10,1.610739e-08,2.338115e-08,3.153795e-12,4.086038e-09,6.606302e-12,2.529062e-10,9.808443e-13,9.298502e-13,6.327412e-13,3.211768e-08,3.557125e-12
43.652344,1.998419e-11,1.048923e-09,9.143877e-08,6.119728e-08,6.696723e-12,1.540447e-09,5.819821e-11,7.599529e-10,2.749788e-09,2.188983e-08,2.453263e-09,2.930992e-09,2.519982e-09,2.761685e-09,1.417561e-08,2.443907e-08,3.760424e-12,2.352613e-09,9.455627e-12,2.099796e-10,1.613750e-12,1.677294e-12,2.250361e-12,2.257224e-08,1.517354e-12
43.701172,7.656347e-12,1.378023e-09,4.867881e-08,6.887468e-08,4.876859e-12,1.876487e-09,6.443308e-11,1.750111e-09,2.377858e-09,2.441812e-08,2.672351e-09,2.638209e-09,3.209287e-09,4.472137e-09,1.030027e-08,1.975495e-08,1.606501e-12,3.616997e-09,6.804053e-12,1.661145e-10,1.381404e-12,1.669122e-12,6.037865e-13,1.574170e-08,8.835009e-13
43.750000,2.749135e-11,1.601565e-09,3.024218e-08,6.174350e-08,3.331801e-12,1.973119e-09,7.511062e-11,1.944601e-09,2.285191e-09,4.062261e-08,2.806137e-09,3.332997e-09,5.703194e-09,5.219954e-09,1.094873e-08,6.245017e-09,2.967889e-13,2.297227e-09,8.513137e-12,1.341878e-10,1.916822e-12,1.313525e-12,4.460864e-13,1.631394e-08,2.191685e-12
43.798828,4.899026e-11,1.772495e-09,8.066788e-08,5.246335e-08,2.128304e-12,1.553420e-09,6.772087e-11,1.796569e-09,2.230223e-09,5.263830e-08,3.784088e-09,3.659482e-09,6.222232e-09,4.939130e-09,1.064020e-08,5.547091e-09,8.491638e-13,1.844093e-09,8.150293e-12,1.070306e-10,4.165402e-13,1.101625e-12,7.998657e-13,5.748694e-09,1.732597e-12
43.847656,6.841958e-11,1.905712e-09,1.393993e-07,5.297626e-08,2.081029e-12,8.871157e-10,3.589966e-11,1.807066e-09,2.110220e-09,5.169780e-08,4.530529e-09,1.702406e-09,5.483222e-09,4.564720e-09,1.135906e-08,3.571352e-09,8.090805e-13,2.860387e-09,1.164913e-11,1.814655e-10,6.513257e-13,3.024214e-13,4.593634e-13,2.524758e-08,1.211478e-12
43.896484,8.224259e-11,1.975287e-09,1.866140e-07,6.146287e-08,2.909237e-12,9.124797e-10,3.384877e-11,1.552864e-09,1.960276e-09,3.133525e-08,3.822219e-09,1.417774e-09,3.895772e-09,3.851676e-09,1.413520e-08,3.873080e-09,1.620184e-12,3.316148e-09,8.294774e-12,1.746650e-10,7.503256e-13,1.381831e-12,1.308271e-12,4.392547e-08,2.102712e-12
43.945312,8.657647e-11,1.959336e-09,2.208333e-07,7.211874e-08,3.005328e-12,1.350638e-09,6.953578e-11,1.006209e-09,1.846729e-09,3.852742e-09,2.086105e-09,2.637706e-09,4.881209e-09,2.047877e-09,1.256716e-08,8.171761e-09,2.119611e-12,2.499844e-09,6.277760e-12,2.164296e-10,2.207544e-12,1.236339e-12,2.219376e-12,3.900993e-08,2.390984e-12
43.994141,7.953197e-11,1.856318e-09,2.494254e-07,7.971523e-08,2.479574e-12,1.548988e-09,7.369614e-11,1.241611e-09,1.826119e-09,2.978300e-08,6.326005e-10,1.717134e-09,6.622970e-09,1.319404e-09,6.193976e-09,6.673344e-09,1.798846e-12,3.350810e-09,5.300762e-12,9.607777e-11,2.403972e-12,6.087329e-13,2.822216e-12,2.166629e-08,3.876363e-12
44.042969,6.022701e-11,1.675579e-09,2.735749e-07,8.362797e-08,2.405492e-12,1.627855e-09,4.673820e-11,1.920208e-09,1.776329e-09,4.319520e-08,1.792211e-09,1.853444e-09,5.566888e-09,3.517007e-10,1.562549e-09,8.592287e-09,1.930414e-12,3.916343e-09,4.663657e-12,1.267554e-10,2.110048e-12,1.082109e-12,1.601955e-12,3.884506e-08,4.091730e-12
44.091797,3.212928e-11,1.434764e-09,2.833881e-07,9.074351e-08,2.997578e-12,1.635971e-09,4.582635e-11,2.185499e-09,1.668941e-09,4.351624e-08,2.191185e-09,2.926548e-09,4.981538e-09,1.713321e-09,5.447223e-09,8.055082e-09,1.772608e-12,3.826881e-09,6.373773e-12,1.567033e-10,3.312954e-12,1.036305e-12,5.665943e-13,2.666352e-08,2.435253e-12
44.140625,1.558967e-11,1.176366e-09,2.704219e-07,1.001857e-07,3.229172e-12,1.511975e-09,7.328755e-11,2.165979e-09,1.565891e-09,3.696689e-08,1.349067e-09,4.395151e-09,5.526827e-09,2.549264e-09,5.839459e-09,8.503290e-09,4.601726e-13,2.325319e-09,1.216728e-11,1.666821e-10,1.819532e-12,1.985243e-12,2.300423e-12,2.158648e-08,2.975054e-12
44.189453,4.097722e-11,9.664247e-10,2.386675e-07,1.029165e-07,3.985079e-12,1.638188e-09,1.030405e-10,2.067620e-09,1.259698e-09,2.934200e-08,4.725394e-10,5.568344e-09,2.398234e-09,1.839702e-09,6.209053e-09,6.188560e-09,9.399175e-13,2.799711e-09,1.733839e-11,2.169842e-10,8.878307e-13,1.372406e-12,7.968836e-13,1.693389e-08,3.807101e-12
44.238281,6.344165e-11,8.477090e-10,2.017515e-07,1.097093e-07,5.553810e-12,2.251706e-09,1.491973e-10,1.776381e-09,7.966574e-10,2.174894e-08,7.058878e-10,5.490019e-09,2.316263e-09,1.327594e-09,4.502266e-09,1.181972e-09,1.289227e-12,2.727266e-09,1.497728e-11,2.279016e-10,1.708618e-12,3.654849e-13,1.420091e-12,1.088152e-08,1.931822e-12
44.287109,7.485271e-11,7.789531e-10,1.684720e-07,1.428466e-07,6.048769e-12,2.896928e-09,1.922352e-10,1.343640e-09,5.121688e-10,1.519503e-08,1.443350e-09,4.972020e-09,3.732496e-09,1.477845e-09,5.502242e-09,1.156015e-08,1.975091e-12,1.420712e-09,1.314491e-11,2.780675e-10,1.872542e-12,5.726618e-13,7.650214e-13,2.792111e-08,1.326005e-12
44.335938,7.933499e-11,6.891530e-10,1.333224e-07,1.836375e-07,5.242808e-12,3.262041e-09,2.149153e-10,1.034285e-09,2.984387e-10,2.811338e-08,2.187995e-09,4.542032e-09,3.727608e-09,1.263025e-09,5.785732e-09,1.858804e-08,1.337313e-12,1.310660e-09,7.333359e-12,2.657461e-10,2.446170e-12,1.255810e-12,2.172830e-13,5.073652e-08,1.281931e-12
44.384766,8.352282e-11,5.627011e-10,8.741594e-08,1.973771e-07,4.758107e-12,3.242563e-09,2.210752e-10,9.740681e-10,7.046089e-10,4.673764e-08,2.651432e-09,5.896023e-09,1.962099e-09,1.207790e-09,7.858270e-09,1.306904e-08,1.075839e-12,1.739505e-09,5.592488e-12,2.437409e-10,1.777983e-12,2.400494e-12,3.401193e-13,2.575860e-08,4.414140e-13
44.433594,8.981401e-11,4.571314e-10,3.256379e-08,1.717382e-07,4.527037e-12,2.781595e-09,2.108567e-10,1.089859e-09,1.168176e-09,5.487134e-08,3.222084e-09,7.260057e-09,2.420417e-09,2.394777e-09,7.142905e-09,9.617221e-09,1.287515e-12,1.551429e-09,9.488193e-13,2.834929e-10,2.005393e-13,2.655151e-12,6.919525e-13,6.211298e-09,4.240392e-12
44.482422,9.401869e-11,4.363676e-10,2.451736e-08,1.284875e-07,3.025205e-12,1.957067e-09,1.758327e-10,1.299276e-09,1.345633e-09,4.911221e-08,3.400973e-09,7.348347e-09,6.336416e-09,2.335167e-09,3.695063e-09,1.757645e-08,6.726210e-13,3.309601e-09,4.136998e-12,2.310733e-10,1.199115e-12,7.684609e-13,1.117817e-12,1.611204e-08,4.053481e-12
44.531250,9.219466e-11,4.786715e-10,6.251550e-08,1.166519e-07,2.195609e-12,1.072799e-09,1.255660e-10,1.557263e-09,1.487147e-09,3.785050e-08,3.095490e-09,8.368265e-09,9.325978e-09,2.036486e-09,4.308336e-09,1.816877e-08,1.176243e-12,3.213531e-09,4.052112e-12,6.022556e-11,9.965779e-13,1.028348e-12,1.763928e-12,2.713203e-08,9.849932e-13
44.580078,8.614337e-11,5.243897e-10,7.839400e-08,1.381730e-07,4.525088e-12,5.213165e-10,1.027773e-10,1.700813e-09,1.826581e-09,3.249862e-08,2.640829e-09,9.124021e-09,9.777320e-09,2.875666e-09,6.516443e-09,9.652255e-09,1.429634e-12,4.099212e-09,4.586778e-12,1.010231e-10,1.601673e-12,6.420456e-13,1.251386e-12,3.519780e-08,2.988170e-12
44.628906,7.877822e-11,5.547462e-10,7.195319e-08,1.501651e-07,6.413170e-12,4.033121e-10,1.156993e-10,1.441884e-09,2.061155e-09,2.482067e-08,2.264978e-09,8.194258e-09,7.407946e-09,2.203075e-09,6.972577e-09,6.641749e-09,9.023163e-13,3.705347e-09,8.173638e-13,1.150393e-10,3.117689e-12,8.748867e-13,1.294369e-12,1.692381e-08,2.198592e-12
44.677734,7.352347e-11,5.701072e-10,5.263333e-08,1.430522e-07,6.524042e-12,5.207815e-10,1.206834e-10,9.461285e-10,1.833439e-09,1.248003e-08,2.609787e-09,6.890064e-09,4.270705e-09,7.658038e-10,1.124841e-08,1.254236e-08,6.042605e-13,3.219490e-09,3.408078e-12,9.501006e-11,9.856135e-13,2.328487e-12,1.114665e-12,1.168666e-08,8.869395e-13
44.726562,6.809678e-11,5.617549e-10,4.089232e-08,1.281946e-07,6.649280e-12,7.110321e-10,1.017248e-10,1.354025e-09,1.730224e-09,2.891353e-08,2.756580e-09,5.785424e-09,3.613843e-09,5.719931e-10,1.314897e-08,1.174597e-08,5.872236e-13,3.918435e-09,4.682140e-12,1.031492e-10,2.775531e-13,2.309843e-12,6.191211e-13,3.166350e-08,2.522650e-12
44.775391,6.100797e-11,5.142430e-10,5.576788e-08,1.124738e-07,7.357458e-12,7.576092e-10,7.309820e-11,1.933238e-09,2.322396e-09,3.748554e-08,2.905848e-09,3.867325e-09,2.945670e-09,1.181406e-09,1.133131e-08,1.162702e-08,1.345556e-12,3.353279e-09,1.007918e-12,1.056771e-10,7.108598e-13,3.930006e-13,7.708141e-13,2.839303e-08,9.740901e-13
44.824219,4.904553e-11,4.251627e-10,8.335666e-08,9.377277e-08,6.347796e-12,6.215469e-10,7.225193e-11,1.905410e-09,2.509406e-09,2.145410e-08,3.375730e-09,3.892987e-09,2.367622e-09,1.983506e-09,8.156391e-09,8.029785e-09,2.698847e-12,1.777835e-09,3.362287e-12,1.227015e-10,7.936864e-13,8.720274e-13,1.113157e-12,9.100452e-09,1.861529e-12
44.873047,3.315602e-11,3.296782e-10,1.125184e-07,7.351486e-08,3.191835e-12,3.588955e-10,8.727138e-11,1.703834e-09,1.932500e-09,1.029835e-08,3.178471e-09,4.348386e-09,2.935432e-09,3.500981e-09,4.517092e-09,1.020518e-08,2.726614e-12,1.921836e-09,5.611490e-12,1.551454e-10,1.530353e-12,8.689249e-13,1.365158e-12,3.064817e-08,4.036588e-12
44.921875,1.459453e-11,3.065681e-10,1.383140e-07,5.997901e-08,2.191685e-12,6.334235e-11,8.654009e-11,2.012245e-09,1.420844e-09,3.593232e-08,3.349814e-09,2.236581e-09,2.244551e-09,4.502336e-09,4.492006e-09,1.376894e-08,2.454153e-12,9.279156e-10,2.918607e-12,1.389970e-10,2.360936e-12,9.775980e-13,9.330498e-13,2.300294e-08,4.471961e-12
44.970703,1.418885e-11,3.872834e-10,1.553910e-07,6.048140e-08,4.831785e-12,3.722596e-10,9.205695e-11,2.553426e-09,1.565536e-09,4.533136e-08,4.136116e-09,2.708032e-09,5.335777e-09,4.025560e-09,4.921228e-09,1.528300e-08,2.762306e-12,9.371100e-11,1.717184e-12,9.667433e-11,1.726364e-12,2.854343e-13,3.859496e-13,2.127586e-08,3.175291e-12
45.019531,3.364733e-11,4.882422e-10,1.597794e-07,7.492609e-08,6.372723e-12,5.604819e-10,1.213322e-10,3.094595e-09,1.825077e-09,4.531811e-08,4.305609e-09,5.102745e-09,6.485262e-09,2.510673e-09,3.592546e-09,1.468575e-08,2.478973e-12,9.065109e-10,3.239924e-12,3.774151e-11,2.343304e-12,1.569523e-12,2.787640e-13,2.281053e-08,3.413446e-12
45.068359,5.115688e-11,5.442953e-10,1.532312e-07,9.626516e-08,7.087752e-12,4.438673e-10,1.400010e-10,3.531091e-09,2.004769e-09,4.773929e-08,4.240656e-09,5.233154e-09,4.623331e-09,5.944717e-10,1.121314e-09,6.743175e-09,1.989735e-12,1.379244e-09,4.320160e-12,1.185291e-10,1.874972e-12,1.116472e-12,1.149465e-12,3.493616e-08,2.175544e-12
45.117188,6.487454e-11,5.473409e-10,1.455783e-07,1.156301e-07,8.609436e-12,6.569802e-11,1.359018e-10,3.543565e-09,1.900917e-09,4.971153e-08,3.816241e-09,5.285645e-09,1.087911e-09,1.402065e-09,3.183538e-09,3.298116e-09,1.549988e-12,2.367846e-09,6.040073e-12,9.392060e-11,7.918885e-13,2.077395e-12,1.183337e-12,3.080666e-08,2.060799e-12
45.166016,7.207310e-11,5.403606e-10,1.486780e-07,1.266726e-07,1.010225e-11,6.264963e-10,1.238161e-10,3.016632e-09,1.566457e-09,4.393396e-08,2.436346e-09,4.725592e-09,3.893551e-09,2.709001e-09,3.396184e-09,4.533176e-09,2.083740e-12,1.904056e-09,5.524907e-12,5.218868e-11,9.323951e-13,1.364655e-13,1.434505e-13,2.558396e-08,1.285259e-12
45.214844,7.347619e-11,5.942464e-10,1.619097e-07,1.256908e-07,9.800960e-12,1.344626e-09,1.207352e-10,2.278014e-09,1.683981e-09,3.258938e-08,1.601376e-09,2.340080e-09,4.725184e-09,3.056859e-09,5.415842e-09,6.266704e-09,2.205100e-12,4.308398e-10,1.518541e-12,4.991338e-11,1.257260e-12,1.420870e-12,1.032325e-12,8.957823e-09,2.391785e-12
45.263672,6.846889e-11,7.175277e-10,1.722961e-07,1.109607e-07,8.369682e-12,1.961002e-09,1.290362e-10,1.713230e-09,2.196124e-09,2.520191e-08,1.907845e-09,1.759166e-09,2.544902e-09,2.501835e-09,1.212620e-08,1.128577e-08,1.941368e-12,9.454521e-10,6.982040e-12,1.191859e-10,1.909961e-12,2.155868e-12,9.686067e-13,1.576001e-08,2.012349e-12
45.312500,5.977929e-11,8.556334e-10,1.688862e-07,8.674621e-08,7.779563e-12,2.257747e-09,1.348369e-10,1.468256e-09,2.287658e-09,2.282219e-08,2.042493e-09,2.394283e-09,1.769100e-09,1.201783e-09,1.505726e-08,9.286057e-09,1.281700e-12,2.452194e-09,5.394490e-12,1.128211e-10,2.514391e-12,2.460592e-12,6.013266e-13,9.227032e-09,7.203621e-13
45.361328,4.892905e-11,9.568260e-10,1.495497e-07,7.084172e-08,7.615720e-12,2.135033e-09,1.306468e-10,1.616190e-09,1.713426e-09,2.535161e-08,2.613369e-09,7.569295e-10,2.446882e-09,2.893283e-10,1.310936e-08,1.052993e-08,1.058868e-12,2.513329e-09,5.160875e-12,7.891084e-11,1.389057e-12,1.690696e-12,6.300242e-13,9.276921e-09,1.991418e-12
45.410156,3.936846e-11,9.910093e-10,1.199920e-07,8.044396e-08,6.369927e-12,1.722543e-09,1.288600e-10,1.801082e-09,9.063730e-10,3.390212e-08,2.419667e-09,2.057018e-09,3.752968e-09,1.306149e-09,9.120494e-09,1.565538e-08,1.031955e-12,1.672091e-09,1.063755e-12,5.392230e-11,2.948461e-12,4.284135e-13,7.489844e-13,1.575052e-08,7.430014e-13
45.458984,3.191344e-11,9.418110e-10,8.976676e-08,9.891468e-08,4.709494e-12,1.283708e-09,1.365204e-10,1.637861e-09,6.627126e-10,3.890185e-08,1.505510e-09,3.220140e-09,5.160197e-09,1.694446e-09,8.372063e-09,1.332477e-08,6.821134e-13,2.937194e-10,3.957523e-12,9.548709e-11,2.306125e-12,1.004604e-12,2.104194e-12,3.311354e-08,1.817339e-12
45.507812,2.848922e-11,8.092021e-10,6.764080e-08,1.109575e-07,3.743070e-12,9.106714e-10,1.300739e-10,1.196055e-09,6.553255e-10,3.616114e-08,1.034202e-09,2.623255e-09,4.186156e-09,1.688031e-09,9.844051e-09,3.804491e-09,8.330732e-13,1.766336e-09,3.633736e-12,2.687092e-11,1.540708e-12,9.722813e-13,7.569331e-13,4.614220e-08,1.181986e-12
45.556641,2.938550e-11,6.233746e-10,5.834670e-08,1.181331e-07,3.143986e-12,5.073311e-10,9.682926e-11,1.068708e-09,5.673939e-10,2.758037e-08,9.532370e-10,3.144666e-09,2.600516e-09,1.266322e-09,1.259676e-08,1.241006e-08,7.177919e-13,2.716402e-09,6.312874e-12,1.139598e-10,5.913801e-13,1.378520e-12,1.169796e-12,3.121222e-08,1.509969e-12
45.605469,3.304640e-11,4.451496e-10,6.117116e-08,1.228749e-07,2.615372e-12,4.272439e-10,5.862681e-11,1.430186e-09,6.870748e-10,1.710374e-08,2.212673e-09,3.100010e-09,2.839040e-09,7.457570e-10,1.559667e-08,1.520661e-08,1.577990e-12,2.334169e-09,6.464722e-12,1.166168e-10,1.315641e-13,9.507080e-13,8.261744e-13,2.818506e-08,1.242846e-12
45.654297,3.802105e-11,3.364745e-10,7.044775e-08,1.183718e-07,3.262458e-12,8.787121e-10,4.993872e-11,1.565278e-09,8.042419e-10,1.601088e-08,3.275174e-09,2.878461e-09,1.579411e-09,1.203535e-09,8.758347e-09,1.068143e-08,1.912666e-12,2.335590e-09,6.756165e-12,5.353770e-11,3.770113e-12,2.342287e-12,4.959924e-13,1.388886e-08,2.028842e-12
45.703125,4.208177e-11,2.662322e-10,8.009787e-08,9.657023e-08,4.688103e-12,1.246253e-09,8.555163e-11,1.356593e-09,9.893196e-10,2.431384e-08,3.526869e-09,3.940018e-09,6.259888e-10,1.373813e-09,6.177131e-09,2.013278e-09,2.159023e-12,4.167017e-09,6.670946e-12,5.241598e-11,4.033359e-12,1.771388e-12,3.668019e-13,1.514551e-08,2.385403e-12
45.751953,4.735448e-11,1.464724e-10,8.885725e-08,5.908842e-08,7.029820e-12,1.410837e-09,1.412624e-10,1.481053e-09,1.207311e-09,2.656633e-08,3.098096e-09,4.618869e-09,9.838043e-10,6.919189e-10,1.295989e-08,8.046572e-09,1.777396e-12,3.041043e-09,3.224025e-12,1.086892e-10,2.102689e-12,2.315537e-13,8.063769e-13,1.899836e-08,2.429306e-12
45.800781,5.364160e-11,5.403550e-11,1.006951e-07,2.892463e-08,1.020210e-11,1.415883e-09,1.755125e-10,2.142198e-09,1.133949e-09,2.047493e-08,2.824519e-09,4.956590e-09,2.471779e-09,3.776331e-10,1.000956e-08,1.654774e-08,1.614380e-12,1.694945e-09,4.298888e-12,1.165092e-10,8.968185e-13,6.803030e-13,1.232804e-12,4.312844e-09,4.056834e-12
45.849609,6.231767e-11,2.665572e-10,1.173228e-07,5.171961e-08,1.261099e-11,1.319623e-09,1.620051e-10,2.571540e-09,6.854660e-10,1.287643e-08,3.486318e-09,6.071444e-09,4.509086e-09,1.552097e-09,5.574771e-09,1.995538e-08,1.723167e-12,1.874470e-09,3.000130e-12,1.146250e-10,3.350900e-13,2.742854e-13,1.074253e-12,2.396875e-08,2.353787e-12
45.898438,6.960447e-11,4.262709e-10,1.320912e-07,7.942931e-08,1.387169e-11,1.131504e-09,1.054256e-10,2.288002e-09,1.876533e-10,6.179126e-09,3.645171e-09,6.777516e-09,4.838092e-09,2.820793e-09,2.392759e-09,2.142965e-08,1.742975e-12,1.455470e-09,3.878579e-12,1.315466e-10,1.123493e-12,7.828031e-13,7.483872e-13,1.223080e-08,3.263485e-12
45.947266,7.416279e-11,4.589904e-10,1.350588e-07,9.242546e-08,1.394636e-11,8.570717e-10,4.004233e-11,1.398685e-09,4.575807e-10,3.422575e-09,2.512282e-09,6.009366e-09,4.301964e-09,3.536241e-09,1.527426e-09,1.657934e-08,1.236644e-12,4.602121e-10,4.682116e-12,1.148537e-10,1.544809e-12,3.637243e-13,8.677402e-13,2.322237e-08,1.824631e-12
45.996094,7.375766e-11,3.420642e-10,1.211235e-07,9.337864e-08,1.230233e-11,5.659722e-10,7.379605e-11,7.363196e-10,5.318610e-10,1.267556e-08,1.253534e-09,4.138401e-09,2.699196e-09,3.333913e-09,4.352866e-09,1.796079e-08,1.727485e-12,9.120836e-10,5.127803e-12,1.318415e-10,4.351491e-13,8.026730e-13,9.325914e-13,3.004184e-08,1.904252e-12
46.044922,7.009448e-11,1.531517e-10,9.530861e-08,9.128959e-08,9.819598e-12,3.708239e-10,1.478400e-10,8.646018e-10,2.543974e-10,1.721882e-08,1.818188e-09,2.487863e-09,2.817916e-09,1.976636e-09,7.913420e-09,1.457724e-08,2.298653e-12,3.877945e-10,5.568457e-12,1.270135e-10,1.145759e-12,8.179001e-13,1.810261e-12,1.855086e-08,1.257730e-12
46.093750,6.648676e-11,2.993577e-10,7.608028e-08,9.292637e-08,6.915385e-12,3.514689e-10,2.044967e-10,7.889646e-10,2.370830e-10,1.598081e-08,2.008955e-09,1.861057e-09,4.104269e-09,1.025013e-09,6.979149e-09,1.255476e-09,1.968011e-12,1.003738e-09,4.192158e-12,6.467978e-11,1.137308e-12,8.750004e-13,6.088437e-13,3.180957e-08,1.767165e-12
46.142578,6.632792e-11,5.735871e-10,8.214587e-08,9.565563e-08,3.479479e-12,4.993788e-10,2.207588e-10,7.109345e-10,6.222634e-10,8.414695e-09,1.340536e-09,1.913935e-09,3.982867e-09,1.385039e-09,5.349041e-09,9.231275e-09,1.325776e-12,1.319182e-09,3.700921e-12,6.400236e-11,3.328973e-13,6.477804e-13,1.717781e-12,2.889142e-08,1.312479e-12
46.191406,6.913948e-11,7.647721e-10,9.953900e-08,9.242287e-08,2.708946e-12,6.609132e-10,1.893568e-10,8.796526e-10,8.335213e-10,3.854618e-09,6.087408e-10,2.266113e-09,4.199041e-09,2.183060e-09,4.834354e-09,6.557304e-09,1.259763e-12,1.071247e-09,3.451964e-12,1.305561e-10,6.832986e-13,1.055638e-12,8.564240e-13,3.128958e-08,1.955612e-12
46.240234,6.949298e-11,8.324695e-10,1.090334e-07,8.031807e-08,5.079840e-12,6.533255e-10,1.319160e-10,8.698649e-10,9.683537e-10,1.548766e-08,1.073876e-09,2.905504e-09,3.144950e-09,2.151567e-09,8.043530e-09,6.479502e-09,4.118447e-13,1.416378e-09,6.495914e-12,1.531704e-10,1.673358e-12,9.726841e-13,1.131518e-12,1.492693e-08,9.639301e-13
46.289062,6.636952e-11,7.878312e-10,1.065445e-07,6.177676e-08,6.821102e-12,4.202334e-10,9.909544e-11,5.032071e-10,1.145934e-09,2.354655e-08,1.759356e-09,3.150887e-09,9.649631e-10,1.799412e-09,9.914434e-09,3.984442e-09,7.049531e-13,1.136154e-09,7.538061e-12,1.054409e-10,1.958806e-12,2.795779e-12,1.183006e-12,4.188511e-08,1.971740e-12
46.337891,6.075494e-11,6.731209e-10,9.641296e-08,4.051351e-08,6.517374e-12,2.342838e-10,1.096579e-10,1.520502e-10,1.323651e-09,2.832823e-08,1.631831e-09,2.328949e-09,4.365178e-10,2.130215e-09,6.670188e-09,3.369141e-09,1.108217e-12,1.339883e-09,7.432906e-12,1.395618e-10,2.683574e-12,1.711363e-12,1.434807e-13,3.592493e-08,1.452253e-12
46.386719,5.803692e-11,5.344810e-10,8.403810e-08,1.817663e-08,4.076811e-12,4.736378e-10,1.066831e-10,8.478107e-10,1.487213e-09,2.842865e-08,6.986293e-10,2.606867e-09,1.037071e-09,8.891631e-10,2.333463e-09,4.067668e-09,1.404431e-12,1.168089e-09,3.475012e-12,1.109326e-10,1.698804e-12,6.294288e-13,1.279435e-12,2.599949e-08,2.280654e-12
46.435547,5.760470e-11,3.970883e-10,7.156579e-08,3.936088e-09,1.866703e-12,6.467995e-10,7.213636e-11,1.349106e-09,1.677987e-09,2.401819e-08,9.844469e-10,2.641696e-09,3.900675e-09,5.410267e-10,2.623388e-09,5.481090e-09,9.795184e-13,2.355749e-09,4.824506e-12,1.987760e-11,2.259542e-13,1.643322e-12,1.060915e-12,1.622667e-08,3.752206e-12
46.484375,5.522795e-11,2.686136e-10,5.854422e-08,2.162457e-08,3.101759e-12,7.317447e-10,2.862722e-11,1.537889e-09,1.850948e-09,1.738801e-08,1.601619e-09,8.462769e-10,6.220223e-09,1.887648e-09,6.331580e-09,1.265965e-08,1.939573e-12,2.530508e-09,3.619389e-12,9.964411e-11,9.052138e-13,1.736310e-12,4.626507e-13,2.876859e-08,5.869170e-13
46.533203,4.615035e-11,1.546425e-10,4.492460e-08,2.914456e-08,4.657629e-12,8.812225e-10,3.002871e-11,1.367901e-09,1.850477e-09,6.830281e-09,1.747878e-09,1.727621e-09,6.472818e-09,2.813481e-09,5.015738e-09,1.536468e-08,1.698902e-12,2.683830e-09,4.013867e-12,3.205584e-11,6.297895e-13,1.028097e-12,5.891779e-13,1.418910e-08,2.379251e-12
46.582031,3.104381e-11,7.505800e-11,3.394873e-08,2.350474e-08,4.232841e-12,1.100697e-09,4.817111e-11,9.969456e-10,1.540793e-09,1.004829e-08,2.115891e-09,2.681343e-09,4.808183e-09,1.427365e-09,4.531435e-09,1.403334e-08,1.421391e-12,1.952613e-09,3.960735e-12,4.508325e-11,8.494805e-13,1.714071e-12,1.141648e-12,2.723450e-08,5.312859e-13
46.630859,1.361702e-11,8.273867e-11,3.477122e-08,7.844931e-09,3.057246e-12,1.287113e-09,7.266856e-11,8.571634e-10,9.456937e-10,2.433544e-08,2.560898e-09,2.802917e-09,1.802168e-09,6.993757e-10,8.436823e-09,1.031933e-08,1.814923e-12,7.507408e-10,3.730644e-12,8.601333e-11,2.706101e-12,6.300996e-13,1.003024e-12,3.433216e-08,2.017608e-12
46.679688,2.201193e-12,1.555321e-10,4.736389e-08,1.438476e-08,2.698668e-12,1.350359e-09,1.043590e-10,7.793147e-10,2.005165e-10,3.212028e-08,2.724206e-09,3.052900e-09,2.331722e-09,7.963794e-10,6.685049e-09,5.675244e-09,2.207473e-12,5.219129e-10,3.344492e-12,1.481016e-10,2.826930e-12,7.652950e-13,8.520158e-13,2.730843e-08,1.220215e-12
46.728516,1.167727e-11,2.496991e-10,5.805052e-08,3.253826e-08,2.666926e-12,1.246252e-09,1.198380e-10,4.761507e-10,6.696550e-10,3.409817e-08,2.520416e-09,3.872728e-09,4.266116e-09,1.337399e-09,2.837794e-09,6.654389e-09,2.166963e-12,4.037315e-10,3.570027e-12,7.257847e-11,2.817362e-12,9.733430e-13,7.676302e-13,2.572815e-08,1.897254e-12
46.777344,1.686749e-11,3.371119e-10,5.650388e-08,4.786633e-08,2.442179e-12,1.032285e-09,1.089704e-10,4.068984e-10,1.473785e-09,3.343508e-08,1.932699e-09,3.616013e-09,3.134132e-09,2.373770e-09,7.092849e-10,6.971426e-09,1.872990e-12,5.630970e-10,4.830347e-12,9.314383e-11,2.242720e-12,3.701796e-13,5.625873e-13,1.180030e-08,1.406689e-12
46.826172,1.927405e-11,3.883405e-10,3.992306e-08,6.211664e-08,2.924751e-12,8.611646e-10,8.770296e-11,5.284265e-10,1.942133e-09,2.927863e-08,1.326597e-09,2.861348e-09,8.825214e-10,1.103533e-09,1.151608e-09,9.037941e-09,1.622442e-12,2.050988e-09,3.721338e-12,6.756089e-11,1.558752e-12,1.114516e-12,8.614424e-13,1.136990e-08,2.357293e-12
46.875000,2.159392e-11,3.819176e-10,2.545188e-08,7.336880e-08,3.739654e-12,8.314399e-10,6.730919e-11,8.190651e-10,1.858526e-09,2.090895e-08,9.026893e-10,2.432801e-09,1.294010e-09,9.900156e-10,1.858586e-09,1.112976e-08,1.232590e-12,3.836282e-09,3.983214e-12,8.138538e-11,2.921354e-13,9.041497e-13,8.004179e-13,1.094220e-08,3.127772e-12
46.923828,2.223093e-11,3.205065e-10,5.180923e-08,7.529543e-08,3.619658e-12,8.993606e-10,5.032749e-11,1.241877e-09,1.413051e-09,1.261399e-08,4.073269e-10,2.508559e-09,3.034286e-09,2.272075e-09,1.389816e-09,8.422555e-09,1.026303e-12,2.671218e-09,4.071915e-12,5.344509e-11,7.398388e-13,2.963025e-13,1.786255e-12,2.465833e-08,1.450594e-12
46.972656,2.337023e-11,2.287933e-10,8.592036e-08,6.335608e-08,2.654738e-12,9.988033e-10,6.448060e-11,1.308419e-09,1.017214e-09,1.184282e-08,6.934423e-10,3.395158e-09,5.047847e-09,3.139172e-09,2.656599e-09,5.415458e-09,8.437393e-13,9.740755e-10,1.386474e-12,4.007959e-11,8.104266e-13,5.545928e-13,2.725772e-13,2.266759e-08,7.061600e-13
47.021484,2.591883e-11,1.637403e-10,1.080648e-07,3.935053e-08,3.734961e-12,1.106893e-09,8.732144e-11,8.967031e-10,7.143853e-10,1.829349e-08,1.081813e-09,4.387227e-09,5.688418e-09,3.077605e-09,3.842975e-09,1.258384e-08,5.721900e-13,8.492064e-10,1.386110e-12,5.245318e-11,9.299249e-13,1.896649e-12,1.297439e-12,1.960324e-08,1.776005e-12
47.070312,3.135191e-11,1.923229e-10,1.131849e-07,1.223018e-08,6.789686e-12,1.229194e-09,9.777873e-11,4.543414e-10,6.276397e-10,2.499615e-08,1.161115e-09,3.987524e-09,4.406515e-09,3.290826e-09,4.495818e-09,1.241307e-08,8.655077e-13,5.321657e-10,3.447289e-12,1.039163e-10,1.568598e-12,1.118935e-12,5.582937e-13,4.082691e-08,1.382544e-12
47.119141,3.562706e-11,2.698567e-10,1.038280e-07,1.586115e-08,9.631126e-12,1.339361e-09,1.063535e-10,5.279894e-10,8.184303e-10,2.919021e-08,1.268751e-09,1.640117e-09,2.933875e-09,3.472490e-09,4.320483e-09,8.390718e-09,1.284540e-12,8.402230e-10,3.206539e-12,1.111038e-10,1.979676e-12,1.449759e-12,7.934929e-13,2.805222e-08,1.009286e-12
47.167969,3.640720e-11,3.455622e-10,8.715176e-08,2.949375e-08,1.074723e-11,1.372799e-09,1.106279e-10,3.943077e-10,7.538612e-10,3.227004e-08,1.652926e-09,9.133470e-10,2.805856e-09,3.333067e-09,3.353568e-09,6.417956e-09,1.742714e-12,1.499903e-09,4.462231e-12,4.533488e-11,6.672706e-13,7.227036e-13,6.666423e-13,2.201824e-08,1.060957e-12
47.216797,3.230178e-11,4.084887e-10,7.055516e-08,4.061826e-08,1.057211e-11,1.289434e-09,9.066845e-11,1.384488e-10,5.267899e-10,3.127785e-08,2.040283e-09,2.034749e-09,3.638176e-09,2.932958e-09,4.550318e-09,4.483073e-09,2.713116e-12,1.982908e-09,3.913605e-12,2.981427e-11,1.410310e-12,8.475634e-13,1.822823e-12,6.789682e-09,1.861497e-12
47.265625,2.586986e-11,4.574306e-10,5.814402e-08,5.808879e-08,9.177515e-12,1.107559e-09,5.863039e-11,4.415809e-10,4.785292e-10,2.157778e-08,2.053648e-09,2.390667e-09,3.956487e-09,2.273096e-09,3.357245e-09,8.168820e-09,2.641920e-12,1.862108e-09,2.526003e-12,3.116997e-11,5.524038e-13,4.107943e-13,8.397013e-13,1.937455e-08,7.758891e-13
47.314453,2.142992e-11,4.878722e-10,5.037468e-08,7.701347e-08,6.620688e-12,8.937628e-10,4.650864e-11,3.399217e-10,5.063408e-10,1.302365e-08,1.695582e-09,1.637023e-09,3.513941e-09,1.676077e-09,1.001196e-09,6.383168e-09,1.419770e-12,8.988178e-10,2.454133e-12,2.687843e-11,1.497575e-12,6.065302e-13,8.888452e-13,1.438909e-08,5.670234e-13
47.363281,2.038800e-11,4.928393e-10,4.483492e-08,8.549595e-08,5.447597e-12,7.420451e-10,4.464861e-11,1.303229e-10,7.992497e-10,1.838483e-08,1.516241e-09,1.267739e-09,2.880131e-09,1.406348e-09,4.188941e-09,1.763274e-09,9.973897e-13,1.153878e-09,5.006513e-12,5.559244e-11,1.498908e-12,1.706770e-12,1.498504e-12,2.205353e-08,2.975743e-12
47.412109,2.024533e-11,4.626436e-10,3.672172e-08,7.687378e-08,5.896020e-12,6.219089e-10,5.101468e-11,6.073586e-10,1.095388e-09,1.640987e-08,1.910298e-09,1.509021e-09,2.675393e-09,1.739766e-09,6.100710e-09,8.851312e-09,2.068652e-12,1.430971e-09,4.526987e-12,6.298075e-11,5.783103e-13,2.126351e-12,2.733873e-13,3.469560e-08,1.771721e-12
47.460938,1.706459e-11,3.962887e-10,2.251828e-08,5.409005e-08,6.503371e-12,3.969761e-10,7.524678e-11,9.417255e-10,1.119646e-09,3.829456e-09,2.317821e-09,1.449730e-09,4.479232e-09,2.092432e-09,5.443895e-09,1.319012e-08,2.262346e-12,1.253040e-09,9.369475e-13,6.777316e-11,1.858618e-12,1.675677e-12,1.085944e-12,4.412028e-09,1.067556e-12
47.509766,1.283432e-11,3.006835e-10,1.385923e-08,3.159541e-08,5.840088e-12,2.064935e-10,8.681899e-11,1.266647e-09,9.365066e-10,1.152165e-08,2.322306e-09,1.230353e-09,3.454771e-09,1.554446e-09,2.576263e-09,9.321597e-09,2.117782e-12,1.389911e-09,1.139394e-12,3.652425e-11,2.018974e-12,1.507984e-12,6.987055e-13,1.803236e-08,1.566915e-12
47.558594,9.151078e-12,1.895476e-10,3.551344e-08,3.146142e-08,3.382381e-12,5.014695e-10,7.697805e-11,1.495800e-09,6.991623e-10,2.215695e-08,1.954186e-09,1.169245e-09,2.413106e-09,8.902026e-10,2.479960e-09,9.167369e-09,1.120474e-12,1.291552e-09,1.823518e-12,3.278739e-11,1.091471e-12,7.955505e-13,4.832454e-13,1.035295e-08,1.153925e-12
47.607422,9.394774e-12,8.083348e-11,6.061694e-08,3.867264e-08,6.679180e-13,7.677523e-10,6.072087e-11,1.443668e-09,5.199638e-10,2.435073e-08,1.461294e-09,1.734745e-09,2.745901e-09,8.599466e-10,3.882545e-09,2.363879e-09,1.048143e-12,1.107017e-09,9.401257e-13,2.798450e-11,1.436085e-12,1.313129e-12,1.458034e-12,1.099631e-08,2.895693e-12
47.656250,1.346980e-11,6.185789e-11,8.001118e-08,3.594363e-08,2.665123e-12,8.973033e-10,4.836119e-11,1.195044e-09,4.078572e-10,1.744137e-08,1.069919e-09,2.067337e-09,2.210032e-09,1.906932e-09,2.075956e-09,8.737743e-09,5.941417e-13,2.023845e-09,8.727666e-13,3.060528e-11,1.909012e-12,1.277673e-12,1.000803e-12,1.733832e-08,2.347342e-12
47.705078,1.838818e-11,1.501082e-10,9.156367e-08,2.850183e-08,5.731783e-12,9.719891e-10,3.313834e-11,9.570641e-10,2.847890e-10,1.124548e-08,1.018365e-09,1.462032e-09,2.647757e-09,2.885194e-09,2.412878e-09,1.123198e-08,6.093877e-13,2.529676e-09,2.630682e-12,3.352992e-11,2.309561e-12,1.608790e-12,1.653695e-12,2.287965e-08,5.528891e-13
47.753906,2.201239e-11,2.299064e-10,9.637829e-08,3.149249e-08,8.264402e-12,1.024530e-09,2.568708e-11,7.252652e-10,2.634893e-10,1.959040e-08,1.169654e-09,2.473425e-09,2.356810e-09,2.608362e-09,4.021751e-09,3.803953e-09,1.257426e-12,1.330545e-09,2.696080e-12,4.420718e-11,1.824580e-13,1.409773e-12,1.543974e-12,1.369229e-08,3.458227e-13
