956,25,24,12.826000,8.00,2,2,2
freq,site_01,site_02,site_03,site_04,site_05,site_06,site_07,site_08,site_09,site_10,site_11,site_12,site_13,site_14,site_15,site_16,site_17,site_18,site_19,site_20,site_21,site_22,site_23,site_24,site_25
0.000000,7.840953e-08,2.007518e-07,8.553280e-08,4.308852e-07,1.319974e-07,3.100848e-08,2.067229e-07,1.014645e-07,2.236558e-08,1.186078e-07,4.403322e-08,1.834590e-08,2.858162e-07,5.032035e-07,1.153865e-07,3.156685e-08,2.860071e-07,1.123139e-07,3.239018e-08,6.489853e-08,1.387890e-07,7.218169e-08,7.573738e-08,3.733706e-07,4.507991e-08
0.048828,3.315805e-07,1.948336e-07,1.273411e-07,1.541301e-07,1.363915e-07,8.412298e-08,3.471550e-07,3.964045e-08,6.493072e-08,3.328912e-08,2.777866e-08,7.513087e-08,2.963194e-08,1.369013e-07,1.852910e-08,2.598090e-08,7.459981e-09,3.167381e-08,2.294513e-08,4.521770e-08,5.504591e-08,2.208452e-08,3.584181e-08,2.921450e-08,6.081870e-08
0.097656,8.393626e-07,4.264925e-07,2.388114e-07,3.723372e-07,4.804506e-07,2.412327e-07,5.359236e-07,2.100615e-08,2.243519e-07,1.320227e-07,8.266086e-08,2.103975e-07,6.534359e-08,3.479752e-07,1.825281e-07,1.083880e-08,7.148947e-08,1.398517e-07,8.814318e-08,5.686884e-08,1.021681e-07,8.898391e-08,3.008237e-08,8.629891e-08,1.499340e-07
0.146484,1.306828e-06,5.708003e-07,3.346188e-07,7.384073e-07,8.635922e-07,3.687549e-07,5.869868e-07,7.063571e-08,3.589351e-07,2.977953e-07,2.054148e-07,2.715233e-07,1.259689e-07,5.226230e-07,4.798107e-07,2.682430e-08,1.730199e-07,2.168225e-07,2.194363e-07,1.092821e-07,2.258341e-07,1.161244e-07,7.376538e-08,7.050201e-08,7.739593e-08
0.195312,1.470218e-06,5.057747e-07,4.156326e-07,1.403555e-06,1.156313e-06,4.651006e-07,1.066752e-06,4.246478e-07,3.025799e-07,3.640762e-07,4.232830e-07,3.048653e-07,2.126940e-07,7.011142e-07,6.595922e-07,1.634172e-07,5.553153e-07,2.455436e-07,1.532324e-07,4.209780e-08,1.065209e-07,1.463104e-07,1.100032e-07,1.857975e-07,2.148070e-07
0.244141,1.309207e-06,3.965472e-07,5.092205e-07,2.395002e-06,1.336933e-06,7.447583e-07,1.934097e-06,1.001078e-06,8.901721e-08,2.768571e-07,6.369751e-07,6.755145e-07,1.871547e-07,7.717073e-07,6.253774e-07,2.521415e-07,6.566472e-07,2.559948e-07,1.666893e-08,1.124825e-07,1.107546e-07,8.921874e-08,1.034516e-07,2.662318e-07,2.934220e-07
0.292969,1.323543e-06,9.620261e-07,6.640950e-07,3.615042e-06,1.377250e-06,1.446088e-06,2.813667e-06,1.550960e-06,5.427324e-07,7.485850e-07,7.319536e-07,1.465191e-06,4.103062e-08,4.670144e-07,2.683254e-07,3.550527e-07,3.601718e-07,4.088891e-07,1.264813e-07,3.055488e-07,2.261140e-07,1.457697e-07,7.920813e-08,5.408399e-07,2.370178e-07
0.341797,1.582761e-06,1.791400e-06,9.032359e-07,4.769665e-06,1.184861e-06,2.444871e-06,3.274187e-06,2.153916e-06,1.014525e-06,1.200449e-06,6.382555e-07,2.161004e-06,4.244184e-07,2.268840e-07,5.321810e-07,5.026302e-07,6.590231e-07,4.342636e-07,2.941813e-07,5.461363e-07,2.740194e-07,3.826397e-07,1.894146e-07,4.558214e-07,8.480534e-07
0.390625,1.443128e-06,2.580900e-06,1.193429e-06,5.770060e-06,8.594738e-07,3.401938e-06,3.288525e-06,2.899704e-06,1.277263e-06,1.201304e-06,4.838775e-07,2.330089e-06,6.390041e-07,6.310569e-07,1.005052e-06,5.075280e-07,4.942292e-07,2.527341e-07,5.997978e-07,5.784033e-07,4.581426e-07,4.911637e-07,3.011549e-07,6.395868e-07,8.190672e-07
0.439453,1.074172e-06,3.294815e-06,1.477097e-06,6.626975e-06,8.185913e-07,3.957609e-06,2.922134e-06,3.216275e-06,1.104935e-06,9.258063e-07,4.213131e-07,1.836458e-06,6.603958e-07,8.330116e-07,1.377636e-06,4.589964e-07,8.263425e-07,3.157091e-07,6.560092e-07,3.708014e-07,2.707663e-07,6.285412e-07,3.279161e-07,7.707533e-07,2.360543e-07
0.488281,2.456610e-06,4.137176e-06,1.736638e-06,7.543085e-06,1.212312e-06,4.036894e-06,1.998433e-06,2.682760e-06,3.132956e-07,8.210728e-07,2.615694e-07,1.996540e-06,1.048813e-06,9.338898e-07,1.800620e-06,4.293982e-07,1.457875e-06,6.657244e-07,5.055725e-07,7.884869e-07,1.471185e-07,4.427508e-07,8.693728e-08,3.455386e-07,4.439690e-07
0.537109,4.531015e-06,5.431673e-06,1.999418e-06,8.782804e-06,1.679329e-06,3.978603e-06,7.593102e-07,1.603752e-06,1.079165e-06,1.253204e-06,2.660788e-08,2.220520e-06,1.083268e-06,1.783930e-06,2.344867e-06,3.869448e-07,1.095398e-06,3.924439e-07,6.214587e-07,1.993956e-07,2.768815e-07,6.008131e-07,2.719154e-07,8.895856e-07,6.150447e-07
0.585938,6.058773e-06,7.249082e-06,2.260949e-06,1.016412e-05,2.055841e-06,4.173579e-06,1.776946e-06,9.644473e-07,2.520194e-06,2.009371e-06,2.125229e-07,1.550260e-06,1.118551e-06,2.374498e-06,2.962999e-06,3.428563e-07,9.704209e-07,4.880002e-07,7.037915e-07,8.022270e-07,2.800809e-07,5.326100e-07,3.907605e-07,1.418894e-06,1.727023e-06
0.634766,6.347531e-06,9.264324e-06,2.426128e-06,1.109673e-05,2.226178e-06,4.468355e-06,3.020412e-06,1.297990e-06,3.436981e-06,2.442999e-06,3.573951e-07,9.724414e-07,1.269108e-06,1.822929e-06,2.297335e-06,2.628968e-07,1.166112e-06,8.113947e-07,2.151828e-07,1.193094e-06,3.753306e-07,4.510489e-07,3.167936e-07,1.992855e-06,1.586150e-06
0.683594,5.423813e-06,1.083541e-05,2.408987e-06,1.111581e-05,2.023392e-06,4.174592e-06,3.492561e-06,2.605473e-06,3.581903e-06,2.261605e-06,4.830254e-07,9.248859e-07,1.113484e-06,1.198095e-06,1.780279e-06,2.240427e-07,8.591067e-07,8.634200e-07,4.129749e-07,9.747988e-07,2.816886e-07,5.061296e-07,6.204153e-08,1.618055e-06,1.502277e-06
0.732422,4.678865e-06,1.136732e-05,2.291158e-06,1.050274e-05,1.303858e-06,3.058422e-06,3.450516e-06,4.347618e-06,3.340710e-06,2.033621e-06,7.329697e-07,1.221017e-06,3.052734e-07,1.579569e-06,7.917090e-07,3.735689e-07,1.054132e-07,1.540150e-06,6.952216e-07,1.104710e-06,4.615472e-07,8.163651e-07,5.237436e-07,1.860073e-06,1.036257e-06
0.781250,6.125355e-06,1.056396e-05,2.314292e-06,1.017223e-05,2.529514e-07,2.157048e-06,3.041735e-06,5.071076e-06,3.155856e-06,2.278782e-06,8.757622e-07,1.299176e-06,5.598675e-07,7.957506e-07,8.599639e-07,8.796409e-07,3.997383e-07,1.716484e-06,3.572859e-07,1.515340e-06,8.672547e-07,8.727798e-07,2.883483e-07,2.497968e-06,3.427251e-07
0.830078,8.936187e-06,8.968267e-06,2.570990e-06,1.088465e-05,1.480949e-06,2.818458e-06,2.131739e-06,4.362360e-06,3.093573e-06,2.408313e-06,4.764823e-07,1.358345e-06,1.978508e-07,1.273609e-06,1.436875e-06,1.446473e-06,1.128359e-07,8.295753e-07,3.853514e-07,1.952591e-06,1.107455e-06,1.081444e-06,1.306007e-07,7.829511e-07,9.227659e-07
0.878906,1.152063e-05,8.171763e-06,2.899114e-06,1.252116e-05,2.748778e-06,3.368951e-06,9.234622e-07,3.143167e-06,3.234906e-06,2.275240e-06,2.544883e-07,2.547337e-06,1.999510e-06,1.003715e-06,1.099119e-06,1.055467e-06,7.244806e-07,7.812984e-07,9.055245e-07,1.567914e-06,6.953296e-07,1.270470e-06,1.964582e-07,8.119519e-07,4.356609e-07
0.927734,1.302870e-05,9.271262e-06,3.232404e-06,1.487899e-05,3.443693e-06,2.782403e-06,8.731012e-07,1.540324e-06,3.235830e-06,2.202383e-06,6.523765e-07,3.265935e-06,3.615278e-06,2.303838e-06,7.097614e-07,6.684052e-07,1.784042e-06,4.374357e-07,6.387305e-07,6.168026e-07,6.150227e-07,5.144480e-07,2.440124e-07,1.856355e-06,2.140501e-06
0.976562,1.312856e-05,1.123653e-05,3.663274e-06,1.794836e-05,3.560156e-06,1.232796e-06,2.016867e-06,1.539547e-06,2.661962e-06,2.369933e-06,6.962001e-07,3.237671e-06,3.897238e-06,4.221714e-06,1.235744e-06,3.234611e-07,1.898701e-06,5.967473e-07,1.434949e-07,4.146530e-07,5.887930e-07,6.018654e-07,4.809374e-07,7.146440e-07,2.790391e-06
1.025391,1.213680e-05,1.327527e-05,4.220982e-06,2.156633e-05,3.551801e-06,1.319091e-06,3.395680e-06,5.306482e-06,1.780915e-06,2.672507e-06,1.100189e-06,2.679985e-06,3.555050e-06,5.330129e-06,1.948923e-06,4.722791e-07,1.888916e-06,1.621945e-06,4.310884e-07,9.492117e-07,4.440886e-07,1.035154e-06,5.602388e-07,1.496753e-06,3.079007e-06
1.074219,1.023054e-05,1.470425e-05,4.399613e-06,2.321940e-05,3.578835e-06,3.662349e-06,4.310729e-06,7.406315e-06,3.393118e-07,2.034827e-06,1.271445e-06,1.476362e-06,3.651575e-06,4.680094e-06,1.669196e-06,6.035274e-07,1.287422e-06,2.821747e-06,2.706944e-07,3.924095e-07,3.857641e-07,3.372108e-07,6.324301e-07,1.042969e-06,1.065989e-06
1.123047,9.449595e-06,1.593581e-05,3.972107e-06,2.234719e-05,3.759209e-06,5.446191e-06,4.066182e-06,6.527966e-06,1.785411e-06,4.737752e-07,1.125874e-06,9.775407e-07,2.548939e-06,4.060521e-06,1.452684e-06,5.612769e-08,1.537323e-06,2.000485e-06,5.922093e-07,9.096306e-07,6.533051e-07,8.055370e-08,3.562012e-07,1.219792e-06,1.497869e-06
1.171875,1.076007e-05,1.705836e-05,2.881178e-06,1.901285e-05,3.877860e-06,5.843167e-06,2.416819e-06,5.038365e-06,3.667681e-06,2.216190e-06,1.136119e-06,1.363854e-06,2.069879e-06,1.091725e-06,1.870905e-06,6.405564e-07,2.532472e-06,7.905163e-07,1.413594e-06,1.319976e-06,4.821358e-07,3.888407e-07,2.035239e-07,2.201073e-06,1.209035e-06
1.220703,1.235453e-05,1.823649e-05,1.370007e-06,1.439770e-05,3.726507e-06,5.265431e-06,1.789944e-06,6.752821e-06,3.982497e-06,3.440354e-06,1.375341e-06,1.764890e-06,2.344777e-06,3.838221e-06,2.920626e-06,7.762443e-07,1.643959e-06,2.003956e-06,1.034689e-06,2.219155e-06,1.108752e-06,9.311286e-08,6.153500e-07,1.454525e-06,1.441627e-06
1.269531,1.237776e-05,1.988691e-05,5.811429e-07,1.015222e-05,3.241321e-06,6.422109e-06,4.089958e-06,8.154089e-06,3.634117e-06,2.603870e-06,1.314059e-06,2.049121e-06,1.724340e-06,7.374169e-06,3.500944e-06,3.358781e-07,1.567342e-06,2.683435e-06,1.335346e-06,2.128057e-06,8.149315e-07,6.033113e-07,4.036116e-07,2.510570e-06,1.911684e-06
1.318359,1.077927e-05,2.234352e-05,1.775443e-06,7.144632e-06,2.474301e-06,9.939184e-06,5.050053e-06,7.644640e-06,5.597374e-06,1.412127e-07,5.985486e-07,2.058272e-06,1.975508e-06,8.640465e-06,2.089179e-06,1.467346e-06,1.400437e-06,7.382213e-07,1.589096e-06,2.183663e-06,1.301441e-06,1.114475e-06,2.598557e-07,2.101864e-06,6.846470e-07
1.367188,9.800887e-06,2.542435e-05,2.673110e-06,4.885057e-06,1.410741e-06,1.360760e-05,3.527412e-06,6.378179e-06,7.386166e-06,2.164268e-06,3.548009e-07,1.398950e-06,3.096769e-06,6.077499e-06,2.706539e-06,1.617761e-06,1.516599e-06,1.157027e-06,1.156762e-06,1.160893e-06,1.481294e-06,8.293277e-07,5.414005e-07,2.989367e-06,8.153092e-07
1.416016,1.164385e-05,2.851201e-05,3.148162e-06,4.659191e-06,5.060596e-07,1.595168e-05,1.605242e-06,4.799882e-06,6.718638e-06,3.046874e-06,8.870124e-07,8.309797e-07,3.693932e-06,2.482064e-06,3.720342e-06,1.587082e-06,6.076507e-07,1.016972e-06,8.897850e-07,6.462989e-07,6.622706e-07,6.982080e-07,6.521900e-07,2.259977e-06,8.976456e-07
1.464844,1.446535e-05,3.076636e-05,3.272179e-06,8.658313e-06,1.884461e-06,1.596091e-05,4.864533e-06,3.102642e-06,4.232871e-06,4.120254e-06,1.486132e-06,1.007055e-06,3.308133e-06,8.443568e-07,5.014801e-06,2.365299e-06,8.056674e-07,1.980966e-06,2.442969e-07,5.125172e-07,4.390077e-07,7.999222e-07,8.924287e-07,1.164920e-06,1.644119e-06
1.513672,1.606083e-05,3.165777e-05,3.120650e-06,1.380082e-05,3.188239e-06,1.356439e-05,7.485721e-06,2.348200e-06,2.217227e-06,5.674702e-06,2.938603e-06,1.564673e-06,2.873053e-06,3.987771e-06,5.509577e-06,1.929576e-06,2.088485e-06,1.449955e-06,1.901607e-07,1.256544e-06,1.007369e-06,1.205513e-06,2.158403e-07,4.157499e-07,2.507400e-06
1.562500,1.596337e-05,3.132198e-05,2.948507e-06,1.766647e-05,3.921334e-06,1.040753e-05,8.448395e-06,3.109455e-06,1.811677e-06,5.837087e-06,4.099312e-06,3.077801e-06,2.391302e-06,4.586447e-06,4.382431e-06,1.201634e-06,2.664450e-06,2.164957e-06,7.661743e-07,1.074111e-06,3.524715e-07,3.582678e-07,2.608888e-07,3.374028e-07,1.167492e-06
1.611328,1.451245e-05,3.054447e-05,3.415847e-06,1.900872e-05,4.485861e-06,8.934715e-06,8.719292e-06,4.492560e-06,1.506656e-06,5.565937e-06,4.173850e-06,4.593849e-06,1.501567e-06,4.450031e-06,4.290998e-06,1.534328e-06,2.003970e-06,2.011528e-06,9.576571e-07,1.794045e-06,1.147083e-06,4.769241e-07,3.852652e-07,9.454480e-07,6.765242e-07
1.660156,1.178370e-05,3.024317e-05,4.758736e-06,1.805177e-05,5.348479e-06,9.701205e-06,8.601226e-06,4.648645e-06,1.153728e-06,5.989610e-06,4.063872e-06,4.981574e-06,2.002018e-06,3.528875e-06,3.849392e-06,1.284263e-06,2.590759e-06,1.360130e-06,9.404521e-07,1.296066e-06,1.845268e-06,1.110647e-06,7.469279e-07,1.895378e-06,3.472805e-07
1.708984,7.691186e-06,3.081847e-05,6.309241e-06,1.680337e-05,6.111880e-06,1.162077e-05,7.176133e-06,2.691098e-06,2.952958e-06,6.073945e-06,4.308074e-06,4.362379e-06,5.859762e-06,3.559882e-06,2.653835e-06,2.458203e-06,3.771498e-06,2.073032e-06,1.420633e-06,1.130947e-06,1.373214e-06,7.264040e-07,1.593879e-06,1.776105e-06,3.242451e-06
1.757812,4.134788e-06,3.197823e-05,7.340904e-06,1.743562e-05,6.232221e-06,1.303013e-05,4.370351e-06,1.085941e-06,5.722238e-06,6.574791e-06,4.144603e-06,2.572330e-06,8.286983e-06,4.182251e-06,5.083156e-06,2.878698e-06,3.956713e-06,3.543137e-06,1.585285e-06,1.196966e-06,7.815336e-07,6.035153e-07,1.435180e-06,3.289595e-07,3.246411e-06
1.806641,6.972069e-06,3.292747e-05,7.475198e-06,1.926792e-05,5.729683e-06,1.252817e-05,1.601371e-06,4.646837e-06,7.628066e-06,8.247930e-06,3.884108e-06,1.148730e-06,7.264545e-06,2.396672e-06,5.734181e-06,1.870895e-06,2.336118e-06,1.544564e-06,3.493239e-07,8.261262e-07,7.151323e-07,1.140411e-06,8.330206e-07,2.138291e-06,1.351930e-06
1.855469,1.160619e-05,3.253992e-05,6.834703e-06,2.054022e-05,4.833724e-06,1.097317e-05,2.427507e-06,7.427838e-06,7.919608e-06,1.025016e-05,3.186680e-06,1.726177e-06,4.320830e-06,8.942102e-07,5.410493e-06,9.162348e-07,1.662859e-06,2.177278e-06,5.647206e-07,1.691005e-06,4.038988e-07,1.000750e-06,5.073251e-07,3.093121e-06,2.179405e-06
1.904297,1.572091e-05,2.970470e-05,6.003957e-06,2.152930e-05,3.493180e-06,1.015858e-05,5.853054e-06,9.467168e-06,6.794166e-06,1.148656e-05,1.547093e-06,2.526331e-06,1.805410e-06,3.522687e-06,5.850425e-06,8.223733e-07,1.707738e-06,2.599260e-06,1.368413e-06,1.451427e-06,1.474452e-06,1.689647e-06,3.804096e-07,1.710999e-06,2.207655e-06
1.953125,2.055138e-05,2.394344e-05,5.619015e-06,2.340973e-05,1.786423e-06,8.874024e-06,9.831644e-06,1.134497e-05,4.714885e-06,1.126690e-05,2.859373e-07,2.006429e-06,8.355087e-07,4.223113e-06,5.749972e-06,5.911614e-07,2.246761e-06,3.566974e-06,1.064371e-06,1.031231e-06,1.768922e-06,2.338947e-06,6.425305e-07,1.451111e-06,1.038212e-07
2.001953,2.655362e-05,1.593885e-05,5.888029e-06,2.520355e-05,1.635594e-06,5.801868e-06,1.223518e-05,1.204093e-05,2.268421e-06,8.980684e-06,1.240023e-06,7.269225e-07,1.960105e-06,3.982601e-06,5.367276e-06,1.053829e-06,4.472219e-06,1.722245e-06,3.434069e-07,1.149373e-06,1.041754e-06,9.278500e-07,2.569030e-07,1.799105e-06,1.569329e-06
2.050781,3.184582e-05,7.873167e-06,6.773517e-06,2.434411e-05,3.446030e-06,4.563016e-06,1.130114e-05,1.064010e-05,3.380417e-07,4.944277e-06,1.701683e-06,4.647239e-06,2.222729e-06,5.104878e-06,2.852900e-06,1.212750e-06,5.542135e-06,1.113640e-06,1.250584e-06,2.708609e-06,1.601635e-06,2.071965e-06,8.501064e-07,4.095151e-06,1.761137e-06
2.099609,3.403542e-05,6.387496e-06,8.089263e-06,1.965181e-05,5.242628e-06,6.686111e-06,7.616236e-06,8.577269e-06,1.147274e-06,5.701478e-06,2.416845e-06,7.549419e-06,2.751943e-06,6.541898e-06,1.213114e-06,7.145169e-07,4.198895e-06,1.168307e-06,8.997093e-07,2.281205e-06,9.425034e-07,1.029079e-06,9.475801e-07,4.510662e-06,6.024107e-07
2.148438,3.215157e-05,1.108515e-05,9.157826e-06,1.275551e-05,6.758179e-06,6.800936e-06,6.405840e-06,7.178114e-06,1.896949e-06,8.524021e-06,2.945615e-06,7.429821e-06,5.034090e-06,8.020637e-06,1.133513e-06,1.382255e-06,2.956016e-06,1.265937e-06,1.814378e-06,3.446517e-06,1.104643e-06,1.110474e-06,1.035744e-06,4.869225e-06,5.712640e-07
2.197266,2.717726e-05,1.445116e-05,9.157494e-06,8.796985e-06,7.719514e-06,4.684102e-06,9.577089e-06,7.602489e-06,2.740534e-06,7.951390e-06,1.883588e-06,5.777140e-06,6.016298e-06,9.195518e-06,3.847309e-06,2.634578e-06,2.335669e-06,1.166848e-06,1.887173e-06,2.939808e-06,1.443439e-07,8.396767e-07,1.119122e-06,3.179131e-06,1.835309e-06
2.246094,2.138452e-05,1.567342e-05,7.805214e-06,1.111820e-05,7.914241e-06,4.696123e-06,1.087074e-05,1.130189e-05,3.825747e-06,7.188714e-06,2.449800e-06,3.846053e-06,5.664907e-06,9.600472e-06,3.988138e-06,2.578205e-06,1.637117e-06,2.317948e-07,9.722177e-07,8.692879e-07,8.552982e-07,2.108714e-07,1.103270e-06,3.813323e-06,2.336186e-06
2.294922,1.710567e-05,1.539903e-05,5.746867e-06,1.375244e-05,7.561474e-06,7.457140e-06,8.700462e-06,1.459316e-05,4.568102e-06,9.822836e-06,6.576382e-06,2.515772e-06,5.440111e-06,8.361628e-06,2.190905e-06,1.424867e-06,1.704580e-06,2.505174e-07,1.771899e-06,1.660731e-06,1.769899e-06,1.021400e-06,7.744015e-07,5.822053e-06,1.989830e-06
2.343750,1.575282e-05,1.443221e-05,4.400006e-06,1.399476e-05,7.025968e-06,9.555711e-06,4.207406e-06,1.530600e-05,4.278215e-06,1.284504e-05,1.067616e-05,2.220799e-06,7.084933e-06,4.445760e-06,2.167565e-06,9.619377e-07,3.471454e-06,1.271884e-06,1.045736e-06,2.079998e-07,2.020145e-06,1.750648e-06,1.072238e-06,3.768558e-06,9.999806e-07
2.392578,1.727616e-05,1.318258e-05,4.357151e-06,1.162420e-05,6.194759e-06,1.055159e-05,1.164716e-06,1.376399e-05,2.909165e-06,1.315116e-05,1.371254e-05,2.273374e-06,6.764582e-06,2.316456e-06,5.179090e-06,8.040334e-07,3.640902e-06,9.174822e-07,6.926991e-07,1.073570e-06,2.256922e-06,1.455754e-06,5.732762e-07,1.322486e-06,9.256002e-07
2.441406,2.035560e-05,1.152338e-05,4.732018e-06,7.059360e-06,4.708339e-06,1.033248e-05,6.241730e-06,1.029711e-05,1.243456e-06,9.930274e-06,1.453525e-05,1.841850e-06,5.499300e-06,5.480162e-06,8.179533e-06,9.091842e-07,3.544862e-06,8.910433e-07,1.011106e-06,1.302697e-06,2.050381e-06,7.355692e-07,2.622683e-07,5.991143e-07,7.231639e-07
2.490234,2.371852e-05,9.174557e-06,5.747467e-06,5.040670e-06,2.658439e-06,8.397604e-06,9.509835e-06,7.006687e-06,1.876926e-06,7.405064e-06,1.297583e-05,5.751131e-06,3.356252e-06,4.929713e-06,8.840668e-06,1.971904e-06,2.210117e-06,3.111703e-06,9.179573e-07,6.137462e-07,1.431391e-06,9.958613e-07,1.112314e-06,2.025634e-06,2.458565e-06
2.539062,2.688042e-05,6.265627e-06,7.859811e-06,1.090047e-05,9.237806e-07,5.378383e-06,9.395673e-06,7.104616e-06,3.590038e-06,9.240855e-06,1.060096e-05,7.052795e-06,1.367985e-06,7.239564e-06,8.337684e-06,3.035494e-06,4.951176e-07,4.182618e-06,1.015652e-06,1.404865e-06,1.572466e-06,1.022951e-06,9.060891e-07,4.833447e-06,2.749084e-06
2.587891,2.951538e-05,3.609077e-06,1.044543e-05,1.618098e-05,1.569863e-06,4.470578e-06,6.149670e-06,7.260142e-06,5.007816e-06,1.011040e-05,8.690879e-06,4.612264e-06,3.462971e-06,1.087354e-05,6.943650e-06,4.586371e-06,6.909061e-07,5.339747e-06,8.186686e-07,1.690218e-06,7.226655e-07,1.208496e-06,1.241417e-06,3.065919e-06,3.049616e-06
2.636719,3.083213e-05,2.256691e-06,1.296464e-05,1.764053e-05,2.387157e-06,5.879196e-06,2.046867e-06,6.078684e-06,6.149099e-06,9.706891e-06,7.398000e-06,1.960436e-06,4.595617e-06,9.344882e-06,5.399010e-06,4.215527e-06,1.298561e-06,4.534776e-06,2.692419e-06,1.554457e-06,1.737531e-06,2.020660e-06,1.089946e-06,9.205951e-07,1.469191e-06
2.685547,3.046904e-05,1.512566e-06,1.536575e-05,1.518209e-05,3.009729e-06,6.289833e-06,1.914066e-06,4.750855e-06,6.867282e-06,9.525497e-06,6.959472e-06,6.958825e-06,5.062412e-06,6.278143e-06,4.587826e-06,2.803929e-06,2.107610e-06,1.730403e-06,1.561928e-06,2.368510e-06,1.316660e-06,2.093553e-06,1.049276e-06,3.698646e-06,5.679995e-07
2.734375,2.997053e-05,2.053579e-06,1.763868e-05,1.251730e-05,4.104310e-06,5.340926e-06,7.051164e-06,3.456800e-06,6.754118e-06,6.960851e-06,6.377244e-06,9.293621e-06,3.987542e-06,6.854804e-06,1.938118e-06,1.884092e-06,2.965907e-06,2.114387e-06,8.596492e-07,2.873002e-06,1.616148e-06,1.923913e-06,6.448687e-07,3.020750e-06,1.684342e-06
2.783203,3.184311e-05,5.752351e-06,1.964380e-05,1.559315e-05,5.435369e-06,3.306512e-06,1.285025e-05,3.751669e-06,6.174678e-06,1.809292e-06,4.548434e-06,6.849472e-06,1.729507e-06,1.026541e-05,5.381820e-06,2.995638e-06,3.493421e-06,1.039548e-06,1.282274e-06,2.959572e-06,1.926440e-06,1.045061e-06,5.397419e-07,7.680353e-06,4.081290e-06
2.832031,3.559549e-05,1.036138e-05,2.137609e-05,2.175325e-05,6.132305e-06,1.048005e-06,1.650278e-05,4.980244e-06,6.395747e-06,5.854452e-06,2.762888e-06,2.291486e-06,1.103005e-06,8.775659e-06,7.213833e-06,5.330973e-06,3.375739e-06,6.801821e-07,1.582616e-06,3.038893e-06,1.132713e-06,1.401780e-06,1.810676e-06,1.042593e-05,4.849594e-06
2.880859,3.788857e-05,1.453204e-05,2.264848e-05,2.578954e-05,5.669230e-06,3.522312e-06,1.749086e-05,5.494697e-06,7.492973e-06,8.434611e-06,3.937985e-06,1.086657e-06,3.065978e-06,5.519133e-06,5.090458e-06,6.714218e-06,1.611109e-06,8.041920e-07,1.779041e-06,1.317313e-06,9.613342e-07,2.185546e-06,1.467553e-06,1.035602e-05,3.433641e-06
2.929688,3.647472e-05,1.729136e-05,2.261617e-05,2.554629e-05,4.273303e-06,5.464998e-06,1.810822e-05,5.766480e-06,8.443681e-06,9.423311e-06,5.254352e-06,2.565714e-06,3.073393e-06,5.843106e-06,3.787437e-06,7.485376e-06,5.013091e-07,4.014984e-06,1.162018e-06,1.418292e-06,5.839759e-07,1.395323e-06,7.462011e-08,3.715695e-06,2.465634e-06
2.978516,3.190714e-05,1.814748e-05,2.021852e-05,2.114886e-05,2.747951e-06,5.506713e-06,1.811913e-05,6.033716e-06,9.116941e-06,1.347811e-05,6.077935e-06,4.780414e-06,1.902390e-06,9.414045e-06,3.576093e-06,5.080330e-06,1.350872e-06,4.565586e-06,8.951623e-07,2.883930e-06,1.459262e-06,8.367554e-07,6.802343e-07,3.204048e-06,2.445141e-06
3.027344,2.681609e-05,1.711242e-05,1.521298e-05,1.518240e-05,1.664758e-06,4.750505e-06,1.454379e-05,5.151574e-06,1.022839e-05,1.675672e-05,5.612920e-06,5.997100e-06,2.666228e-06,9.657165e-06,2.935272e-06,1.945946e-06,1.440860e-06,1.971501e-06,7.534075e-07,1.405385e-06,1.710009e-06,1.140883e-06,1.080850e-06,8.032911e-06,1.092369e-06
3.076172,2.343433e-05,1.464232e-05,8.727377e-06,1.385781e-05,1.032477e-06,5.108840e-06,7.873646e-06,4.881265e-06,1.188171e-05,1.559306e-05,2.869595e-06,7.022329e-06,5.265644e-06,9.722371e-06,2.223190e-06,2.329846e-06,9.835400e-07,4.732264e-06,1.085837e-06,1.832277e-06,1.464890e-06,1.925554e-06,7.134393e-07,8.228239e-06,1.625324e-06
3.125000,2.125521e-05,1.159733e-05,2.837027e-06,1.907090e-05,1.691116e-06,6.446184e-06,7.610639e-06,8.010319e-06,1.312261e-05,1.131637e-05,4.373711e-06,8.544671e-06,5.661435e-06,8.177943e-06,3.770313e-06,1.720142e-06,3.918610e-07,4.316669e-06,8.107785e-07,3.633531e-06,1.250761e-06,7.269543e-07,1.033831e-06,6.952674e-06,1.322409e-06
3.173828,1.852753e-05,9.227667e-06,9.523670e-07,2.442059e-05,2.816065e-06,7.609117e-06,1.300655e-05,9.822516e-06,1.317371e-05,8.075465e-06,6.287704e-06,8.788852e-06,6.794726e-06,7.402649e-06,4.965634e-06,1.684639e-06,1.063739e-06,1.177238e-06,6.439744e-07,2.475307e-06,5.037652e-07,1.034462e-06,8.677139e-07,2.380172e-06,2.964633e-06
3.222656,1.487461e-05,8.777520e-06,3.266309e-06,2.638274e-05,3.847571e-06,8.766863e-06,1.516077e-05,7.761331e-06,1.218907e-05,7.061259e-06,4.914981e-06,7.839914e-06,6.596706e-06,9.716562e-06,4.117428e-06,3.310457e-06,5.318555e-07,5.454864e-07,1.483097e-06,1.834921e-06,5.764735e-07,1.316929e-06,9.635717e-07,3.674240e-06,3.919046e-06
3.271484,1.137085e-05,1.026024e-05,7.247228e-06,2.425107e-05,5.307829e-06,1.124829e-05,1.380697e-05,2.775266e-06,1.090204e-05,5.438919e-06,3.463628e-06,6.085066e-06,3.138422e-06,9.389049e-06,6.368964e-06,2.358930e-06,1.479884e-06,3.142701e-06,9.147229e-07,1.692476e-06,1.196303e-06,1.266269e-06,1.453768e-06,3.156984e-06,3.529443e-06
3.320312,9.475930e-06,1.272892e-05,1.231366e-05,1.911169e-05,7.148906e-06,1.480970e-05,1.097128e-05,4.333989e-06,9.745056e-06,3.587526e-06,2.778042e-06,3.415792e-06,2.311765e-06,4.250438e-06,7.501318e-06,1.445961e-06,3.390522e-06,6.003653e-06,1.199374e-06,2.248185e-06,2.039510e-06,6.911533e-07,2.480999e-06,2.544672e-06,2.273829e-06
3.369141,9.824878e-06,1.543933e-05,1.633621e-05,1.422204e-05,8.448201e-06,1.759883e-05,8.434873e-06,9.760783e-06,8.615069e-06,2.611558e-06,1.435168e-06,1.314678e-06,4.608519e-06,1.565238e-06,7.234715e-06,1.290508e-06,2.928211e-06,7.739316e-06,1.549234e-06,3.398635e-06,1.339918e-06,5.349656e-07,1.582938e-06,5.137841e-06,3.708148e-06
3.417969,1.178495e-05,1.774053e-05,1.833163e-05,1.505776e-05,8.608284e-06,1.814595e-05,6.915169e-06,1.307906e-05,7.424988e-06,6.737730e-07,1.662115e-06,2.073866e-06,5.953487e-06,2.662846e-06,6.283608e-06,4.147701e-06,1.380235e-06,9.255222e-06,1.443552e-06,3.087348e-06,8.342648e-07,9.886707e-07,1.642734e-07,2.726393e-06,1.253978e-06
3.466797,1.461322e-05,1.889797e-05,1.919228e-05,2.064840e-05,7.991711e-06,1.571593e-05,6.486136e-06,1.374908e-05,5.719722e-06,5.732982e-06,4.947390e-06,4.707795e-06,5.473318e-06,5.367913e-06,3.962908e-06,4.462902e-06,2.582811e-07,8.108197e-06,1.361662e-06,1.682666e-06,7.452997e-07,7.876960e-07,9.941084e-07,1.184256e-06,1.323519e-06
3.515625,1.783636e-05,1.824783e-05,2.046599e-05,2.542321e-05,7.570037e-06,1.074756e-05,6.172886e-06,1.371167e-05,2.510479e-06,1.052207e-05,7.325617e-06,6.247906e-06,6.624786e-06,8.322847e-06,1.347571e-06,3.921305e-06,3.482749e-07,4.755449e-06,1.721282e-06,1.530338e-06,2.790402e-07,1.067175e-06,1.589824e-06,1.335179e-06,1.462491e-06
3.564453,2.087487e-05,1.553697e-05,2.195003e-05,2.670777e-05,7.785677e-06,6.107425e-06,4.894091e-06,1.526451e-05,1.951729e-06,1.241210e-05,6.731680e-06,7.627733e-06,8.814383e-06,1.022313e-05,1.269857e-06,2.876370e-06,5.506638e-07,5.369746e-06,2.434155e-06,1.780962e-06,7.670297e-07,4.680053e-07,7.121137e-07,1.234765e-06,2.080685e-06
3.613281,2.304914e-05,1.147589e-05,2.181409e-05,2.446540e-05,8.243251e-06,5.157254e-06,3.180302e-06,1.596667e-05,5.633224e-06,1.180228e-05,4.922224e-06,8.318509e-06,9.232893e-06,7.507474e-06,1.520666e-06,1.281361e-06,6.934587e-07,5.696638e-06,1.381186e-06,8.085945e-07,6.560438e-07,8.019361e-07,8.655569e-07,4.636903e-06,5.121268e-07
3.662109,2.399030e-05,8.736121e-06,1.861240e-05,2.066033e-05,8.599207e-06,4.625867e-06,3.093486e-06,1.325954e-05,6.775698e-06,9.718900e-06,7.204982e-06,6.317342e-06,7.275693e-06,1.542410e-06,2.692651e-06,1.840616e-06,2.041477e-07,5.107004e-06,1.649383e-06,1.527749e-06,8.786987e-07,1.583596e-06,6.860630e-07,4.433183e-06,4.071973e-07
3.710938,2.384296e-05,1.022096e-05,1.211008e-05,1.796775e-05,8.754493e-06,5.870839e-06,4.295860e-06,8.830778e-06,5.767419e-06,5.987201e-06,1.161364e-05,4.653258e-06,8.089773e-06,9.545327e-06,4.690331e-06,4.678033e-06,5.358485e-07,3.985114e-06,3.211642e-06,3.083993e-06,7.441961e-07,5.961531e-07,1.162228e-06,5.889723e-06,1.065380e-06
3.759766,2.284820e-05,1.297048e-05,3.773989e-06,1.796252e-05,8.579979e-06,9.050490e-06,4.971912e-06,6.742416e-06,4.412131e-06,2.937659e-06,1.278246e-05,5.659054e-06,9.425103e-06,1.496216e-05,7.261474e-06,6.566937e-06,4.410193e-07,7.059286e-07,3.854514e-06,4.529876e-06,7.133659e-07,9.659920e-07,4.148140e-07,4.735388e-06,4.937790e-07
3.808594,2.080293e-05,1.421831e-05,8.891019e-06,2.023282e-05,7.928216e-06,9.352928e-06,4.244571e-06,7.699860e-06,4.028843e-06,3.910681e-06,8.855080e-06,6.497122e-06,6.614887e-06,1.654780e-05,6.888347e-06,4.928700e-06,7.166132e-07,2.237248e-06,1.827908e-06,2.952884e-06,6.423134e-07,6.259616e-07,7.038088e-07,4.531406e-06,2.846313e-06
3.857422,1.729497e-05,1.475750e-05,1.890332e-05,2.251126e-05,6.762353e-06,6.847690e-06,2.292329e-06,8.204609e-06,4.610602e-06,6.096673e-06,2.755180e-06,4.844805e-06,2.275635e-06,1.459361e-05,5.242213e-06,2.084860e-06,1.009655e-06,2.310887e-06,8.394440e-07,2.012124e-06,5.903185e-07,9.320584e-07,1.034657e-06,5.591047e-06,2.885036e-06
3.906250,1.252706e-05,1.733690e-05,2.641090e-05,2.200079e-05,5.154445e-06,7.159508e-06,2.584605e-06,6.415297e-06,5.285208e-06,9.235435e-06,4.133419e-06,4.619890e-06,5.593286e-06,1.186808e-05,7.542882e-06,2.392950e-06,5.534505e-07,3.191470e-06,3.136040e-06,2.061666e-06,1.076466e-07,1.881088e-06,6.261580e-07,5.758061e-06,1.590831e-06
3.955078,7.881906e-06,2.213519e-05,2.936334e-05,1.796237e-05,3.228484e-06,1.027195e-05,5.257789e-06,3.917680e-06,6.630364e-06,1.104906e-05,6.919675e-06,7.533523e-06,6.912012e-06,9.034565e-06,8.146004e-06,2.270514e-06,1.338466e-06,3.434232e-06,3.365089e-06,9.039609e-07,1.604440e-06,1.646034e-06,6.833895e-07,6.225569e-06,2.737232e-06
4.003906,5.837118e-06,2.635289e-05,2.691219e-05,1.361925e-05,1.403353e-06,1.276561e-05,8.115978e-06,5.690693e-06,8.639417e-06,1.161032e-05,7.577026e-06,7.755785e-06,4.641786e-06,6.854842e-06,1.038481e-05,3.511048e-07,3.241912e-06,5.860635e-06,2.156511e-06,1.488280e-06,2.854876e-06,1.501862e-07,1.040511e-06,3.697070e-06,1.211426e-06
4.052734,6.398360e-06,2.775382e-05,1.969127e-05,1.280369e-05,1.998253e-06,1.531914e-05,1.076034e-05,9.110369e-06,1.123238e-05,1.127323e-05,6.589066e-06,6.742118e-06,2.676462e-06,3.194463e-06,9.031553e-06,2.158678e-06,3.225317e-06,6.345907e-06,2.021994e-06,9.931418e-07,1.735533e-06,1.611534e-06,8.808072e-07,4.546942e-06,8.247940e-07
4.101562,6.513858e-06,2.599119e-05,9.673464e-06,1.171885e-05,3.629641e-06,1.818644e-05,1.188468e-05,1.114295e-05,1.420168e-05,8.639187e-06,6.078561e-06,5.916588e-06,1.673844e-06,4.660459e-06,4.864057e-06,3.887900e-06,2.241193e-06,5.663680e-06,1.893930e-06,1.937049e-06,8.180467e-07,8.884201e-07,9.109530e-07,2.451779e-06,3.458444e-06
4.150391,5.187804e-06,2.302594e-05,8.668166e-07,6.494995e-06,4.428067e-06,2.025065e-05,1.064170e-05,1.181345e-05,1.533749e-05,6.495085e-06,6.787104e-06,1.277117e-06,1.739324e-06,5.663044e-06,4.884867e-06,2.732074e-06,2.251469e-06,3.502272e-06,5.352777e-07,1.835649e-06,3.109393e-07,1.504706e-06,1.912420e-07,3.117215e-06,3.502338e-06
4.199219,3.037039e-06,2.241323e-05,1.004618e-05,1.189807e-06,4.068199e-06,1.996305e-05,7.923122e-06,1.266031e-05,1.388433e-05,7.867056e-06,6.167121e-06,6.330013e-06,5.492167e-06,3.327896e-06,7.915634e-06,7.345849e-07,2.262083e-06,3.986614e-06,1.763255e-06,2.583350e-06,8.603380e-07,1.993763e-06,8.535549e-07,3.178321e-06,3.005824e-06
4.248047,3.762461e-06,2.552578e-05,1.719792e-05,6.346479e-06,2.882839e-06,1.649481e-05,5.668656e-06,1.322663e-05,1.160579e-05,8.315638e-06,4.362808e-06,7.906691e-06,7.707954e-06,3.065805e-06,6.600274e-06,2.852591e-06,2.536471e-06,3.866424e-06,1.053668e-06,1.988121e-06,7.394481e-07,1.306258e-06,7.406919e-07,1.807649e-06,2.972646e-06
4.296875,7.753790e-06,2.968510e-05,2.223057e-05,5.630975e-06,1.638125e-06,1.146126e-05,4.911094e-06,1.195081e-05,9.206263e-06,7.173170e-06,4.526330e-06,7.855029e-06,5.943261e-06,2.302707e-06,2.035010e-06,2.254783e-06,2.410940e-06,2.354196e-06,1.250254e-06,3.831269e-07,1.598546e-06,6.005623e-07,6.455697e-07,2.279753e-06,3.727552e-06
4.345703,1.175590e-05,3.212591e-05,2.507590e-05,6.986827e-06,1.144873e-06,7.866938e-06,5.434162e-06,9.974794e-06,6.359083e-06,5.886330e-06,4.829055e-06,7.818432e-06,1.908372e-06,8.144911e-07,3.858694e-06,1.905250e-06,1.921531e-06,2.297292e-06,2.772127e-06,1.422378e-06,1.850248e-06,3.424024e-07,5.809083e-07,6.809945e-06,3.954471e-06
4.394531,1.443103e-05,3.192748e-05,2.533208e-05,1.948171e-05,1.785234e-06,4.768792e-06,6.584716e-06,1.061683e-05,4.229964e-06,7.329895e-06,3.974581e-06,4.379950e-06,3.740398e-06,1.884221e-06,3.538829e-06,2.827187e-07,6.893781e-07,7.418389e-06,2.855337e-06,2.175009e-06,1.394161e-06,1.262364e-06,4.409742e-07,8.417361e-06,3.293488e-06
4.443359,1.528104e-05,2.972855e-05,2.262702e-05,3.297527e-05,2.828039e-06,5.520305e-07,7.412425e-06,1.327992e-05,3.814949e-06,8.531185e-06,4.726664e-06,5.441241e-07,3.177035e-06,3.632867e-06,2.131586e-06,2.893857e-06,7.255898e-07,4.770755e-06,1.578732e-06,2.127999e-06,1.286986e-06,8.612784e-07,4.404305e-07,6.312860e-06,3.269361e-06
4.492188,1.474492e-05,2.681337e-05,1.721773e-05,4.319418e-05,3.325377e-06,6.247976e-06,7.537027e-06,1.479426e-05,3.925250e-06,6.887967e-06,5.159543e-06,1.049295e-06,8.135104e-06,6.409240e-06,4.352752e-06,3.379164e-06,9.923567e-07,1.204052e-06,9.490399e-07,1.582052e-06,2.781208e-06,8.162003e-07,5.938854e-07,3.366619e-06,3.380502e-06
4.541016,1.384978e-05,2.392652e-05,1.032838e-05,4.829390e-05,2.676029e-06,9.691321e-06,7.045427e-06,1.407987e-05,3.477257e-06,9.352795e-06,2.964885e-06,1.973800e-06,1.039725e-05,7.631706e-06,2.622590e-06,2.316560e-06,1.243568e-06,3.235206e-06,1.769848e-06,1.498525e-06,1.187798e-06,7.278974e-07,1.132689e-06,6.032940e-06,1.570464e-06
4.589844,1.321145e-05,2.095909e-05,4.320849e-06,4.778776e-05,1.132986e-06,9.387198e-06,6.350166e-06,1.176384e-05,4.636025e-06,1.313761e-05,2.671434e-06,5.822435e-06,1.051464e-05,3.786902e-06,4.207122e-06,2.721748e-06,8.550058e-07,2.078495e-06,1.398424e-06,1.539104e-06,8.653565e-07,8.178937e-07,5.007026e-07,5.896895e-06,7.779419e-07
4.638672,1.249971e-05,1.812419e-05,3.450188e-06,4.250775e-05,1.210581e-06,6.646547e-06,6.434200e-06,9.225496e-06,7.243166e-06,1.311258e-05,5.891371e-06,9.756039e-06,9.498444e-06,6.065834e-06,7.491205e-06,5.173980e-06,1.357609e-06,2.576685e-06,9.322151e-07,6.867160e-07,5.801882e-07,1.044580e-06,4.596241e-07,4.415988e-06,1.423786e-06
4.687500,1.120618e-05,1.672766e-05,4.006355e-06,3.541491e-05,2.044151e-06,5.729831e-06,7.387383e-06,7.962086e-06,9.466119e-06,1.381778e-05,7.328393e-06,1.068491e-05,6.175743e-06,7.488943e-06,1.335101e-05,7.088231e-06,1.648403e-06,3.806634e-06,2.180189e-06,1.122082e-06,1.135905e-06,9.170299e-07,8.089857e-07,2.704240e-06,1.280693e-06
4.736328,9.384926e-06,1.729049e-05,2.446694e-06,3.023808e-05,1.655412e-06,8.197451e-06,8.276536e-06,8.680154e-06,1.085397e-05,1.632262e-05,7.495351e-06,7.517511e-06,5.146229e-06,7.030006e-06,1.347005e-05,4.237193e-06,1.051993e-06,4.394986e-06,2.311018e-06,1.771194e-06,8.155014e-07,6.755910e-07,4.224593e-07,4.022502e-06,7.205873e-07
4.785156,7.524769e-06,1.802217e-05,3.708319e-06,2.683150e-05,1.624544e-06,9.287250e-06,9.021776e-06,1.091337e-05,1.065373e-05,1.526432e-05,7.230910e-06,3.948445e-06,3.923780e-06,4.210128e-06,1.521149e-05,1.975547e-07,7.817701e-07,4.650631e-06,8.551083e-07,1.471228e-06,3.748157e-07,2.250759e-07,3.939817e-07,5.284933e-06,1.238102e-06
4.833984,6.014036e-06,1.715468e-05,7.254928e-06,2.185496e-05,3.346897e-06,7.152595e-06,9.463395e-06,1.311771e-05,9.466483e-06,1.038223e-05,7.377853e-06,4.313698e-06,3.159404e-06,3.538811e-06,1.505084e-05,2.161184e-06,8.381543e-07,4.469483e-06,7.754821e-07,1.157342e-06,3.018387e-07,6.514371e-07,5.227741e-07,3.192327e-06,7.383841e-07
4.882812,4.790901e-06,1.455479e-05,9.667416e-06,1.501662e-05,4.726886e-06,2.953248e-06,8.354551e-06,1.358541e-05,8.163949e-06,6.058555e-06,8.840387e-06,6.150545e-06,5.346385e-06,5.112963e-06,1.095855e-05,2.023851e-06,1.206448e-06,4.516961e-06,1.769189e-06,1.360487e-06,1.153961e-06,8.279752e-07,3.372707e-07,5.175598e-06,1.228453e-06
4.931641,3.540156e-06,1.135248e-05,1.180873e-05,1.153614e-05,5.319065e-06,1.592288e-06,5.159633e-06,1.214041e-05,5.547789e-06,6.544339e-06,9.405540e-06,7.741876e-06,6.228492e-06,5.958777e-06,5.314157e-06,1.451619e-06,1.943428e-06,2.266889e-06,1.564402e-06,2.863910e-06,1.931930e-06,6.025678e-07,2.841333e-07,3.964472e-06,1.599633e-06
4.980469,2.345675e-06,9.228050e-06,1.583888e-05,1.560593e-05,5.875509e-06,5.177727e-06,3.494629e-06,1.010946e-05,5.068466e-06,9.199960e-06,7.491222e-06,6.693598e-06,8.722673e-06,4.328121e-06,1.313586e-06,3.950997e-06,1.689390e-06,1.754777e-06,2.598319e-06,2.800155e-06,1.638818e-06,7.477933e-07,5.414444e-07,1.159385e-06,2.665022e-06
5.029297,2.713326e-06,9.869022e-06,2.096059e-05,2.207680e-05,6.887041e-06,8.406721e-06,6.594719e-06,7.484750e-06,8.134759e-06,1.270247e-05,4.508239e-06,2.417425e-06,1.175872e-05,5.113825e-06,2.322175e-06,5.249249e-06,1.883277e-06,6.041797e-06,2.438771e-06,3.426312e-06,7.591458e-07,3.565414e-07,7.617216e-07,7.884486e-07,2.793118e-06
5.078125,4.766231e-06,1.296625e-05,2.455574e-05,2.768946e-05,7.633692e-06,1.071760e-05,8.287617e-06,5.018266e-06,8.263513e-06,1.688058e-05,2.878273e-06,2.803244e-06,8.930507e-06,5.369888e-06,2.449181e-06,2.165421e-06,1.596643e-06,7.250429e-06,1.694098e-06,2.058085e-06,6.127614e-07,2.982710e-07,9.035177e-07,5.098465e-06,5.888237e-07
5.126953,6.998562e-06,1.620747e-05,2.530278e-05,3.086666e-05,7.277287e-06,1.269129e-05,7.442400e-06,7.566371e-06,5.610763e-06,1.942550e-05,2.477905e-06,5.162178e-06,3.915589e-06,5.149612e-06,2.288318e-06,2.751945e-06,1.864592e-06,4.395623e-06,1.563652e-06,1.484617e-06,3.644272e-07,1.723527e-07,8.514913e-07,4.560498e-06,1.232974e-06
5.175781,8.819165e-06,1.747760e-05,2.387504e-05,3.099907e-05,5.590997e-06,1.512747e-05,5.413372e-06,1.082951e-05,4.292636e-06,1.742620e-05,3.637517e-06,6.247284e-06,4.346789e-06,3.573316e-06,8.410036e-07,4.447967e-06,1.794129e-06,5.218072e-07,1.485170e-06,3.892427e-06,4.987051e-07,7.187369e-07,1.014502e-06,6.933676e-06,8.192710e-07
5.224609,1.011529e-05,1.580401e-05,2.151704e-05,2.886694e-05,2.888719e-06,1.609418e-05,3.948323e-06,1.295348e-05,4.258875e-06,1.106647e-05,6.323275e-06,6.726336e-06,9.146519e-06,2.943937e-06,1.042712e-06,6.636521e-06,2.531220e-07,1.700084e-06,8.554734e-07,4.349021e-06,4.448190e-07,1.526766e-06,4.296599e-07,7.536168e-06,1.924400e-06
5.273438,1.095850e-05,1.180283e-05,1.827912e-05,2.568553e-05,2.471034e-07,1.408701e-05,3.629401e-06,1.395766e-05,3.231534e-06,4.916800e-06,7.672303e-06,5.808444e-06,1.208673e-05,1.702320e-06,2.230087e-06,7.997224e-06,1.325927e-06,4.434031e-06,2.038970e-06,3.518113e-06,4.556821e-07,1.176132e-06,5.520898e-07,4.498376e-06,2.007642e-06
5.322266,1.138094e-05,7.616737e-06,1.464526e-05,2.198250e-05,2.873355e-06,1.145721e-05,3.624041e-06,1.213664e-05,2.789987e-06,1.807442e-06,7.519099e-06,3.252091e-06,1.185498e-05,2.644942e-06,9.703907e-07,6.332885e-06,1.717897e-06,1.108428e-05,2.454510e-06,2.344574e-06,1.141509e-06,5.043522e-07,6.472627e-07,1.686030e-06,1.216346e-06
5.371094,1.139254e-05,5.589903e-06,1.547348e-05,1.796523e-05,4.532129e-06,1.239508e-05,3.055328e-06,8.758304e-06,3.526042e-06,4.393513e-06,9.107302e-06,1.368023e-06,8.961356e-06,5.799098e-06,1.768950e-06,2.163389e-06,1.545912e-06,1.125722e-05,9.954513e-07,1.316013e-06,6.730731e-07,3.133682e-07,1.968890e-06,1.146764e-06,1.067478e-06
5.419922,1.114689e-05,4.583173e-06,2.233961e-05,1.430059e-05,5.163354e-06,1.670341e-05,2.908609e-06,8.080877e-06,3.638977e-06,1.123263e-05,1.093564e-05,2.088357e-06,1.066447e-05,4.963710e-06,2.191456e-06,1.974074e-06,1.912235e-06,8.195903e-06,1.095766e-06,1.819011e-06,1.051213e-06,3.675281e-07,1.392514e-06,3.658943e-06,1.026127e-06
5.468750,1.088367e-05,2.778259e-06,2.924172e-05,1.194597e-05,5.465887e-06,2.160411e-05,4.547006e-06,9.206226e-06,3.544310e-06,1.623762e-05,9.877235e-06,1.560536e-06,1.404286e-05,1.984796e-06,3.029529e-06,2.073835e-06,2.243394e-06,3.332551e-06,6.617320e-07,2.418957e-06,1.102685e-06,7.807040e-07,7.708956e-07,3.124298e-06,8.761345e-07
5.517578,1.061066e-05,4.783024e-06,3.297820e-05,1.122443e-05,5.951682e-06,2.437322e-05,6.705790e-06,1.004658e-05,4.847585e-06,1.966941e-05,6.748185e-06,5.625207e-06,1.313072e-05,1.469550e-06,4.410584e-06,3.197081e-06,1.704453e-06,5.315719e-06,4.437833e-07,3.115998e-06,1.392495e-06,5.224799e-07,1.331652e-06,1.491935e-06,1.670194e-06
5.566406,9.998049e-06,9.725042e-06,3.439872e-05,1.155601e-05,6.195266e-06,2.410652e-05,9.191650e-06,1.222618e-05,5.518778e-06,2.131574e-05,4.171046e-06,1.040616e-05,8.491787e-06,1.528263e-06,3.908695e-06,4.026920e-06,6.314403e-07,7.361129e-06,8.377056e-07,2.024170e-06,1.277479e-06,1.616963e-06,1.893048e-06,4.022272e-06,1.787229e-06
5.615234,8.665785e-06,1.440263e-05,3.574609e-05,1.348530e-05,5.951485e-06,2.319729e-05,1.169679e-05,1.605403e-05,3.806705e-06,1.853608e-05,3.308045e-06,1.239366e-05,3.342902e-06,1.733596e-06,4.238254e-06,3.945956e-06,9.358604e-07,5.049379e-06,1.515425e-06,1.888546e-06,3.971651e-07,3.780231e-07,7.787668e-07,5.381427e-06,1.068817e-06
5.664062,6.471827e-06,1.822699e-05,3.679381e-05,1.839330e-05,6.002301e-06,2.407103e-05,1.308540e-05,1.747463e-05,5.340058e-07,1.312208e-05,3.309840e-06,1.077699e-05,3.244637e-06,5.670677e-06,5.242596e-06,4.729106e-06,1.824214e-06,1.040236e-06,7.681991e-07,1.747480e-06,8.273501e-07,2.050604e-07,6.772677e-07,3.474672e-06,2.538367e-07
5.712891,3.698615e-06,2.140087e-05,3.561473e-05,2.497157e-05,6.844312e-06,2.607896e-05,1.275565e-05,1.534165e-05,2.541230e-06,1.213196e-05,4.543493e-06,9.096221e-06,3.800080e-06,7.873193e-06,3.970881e-06,3.944076e-06,1.737115e-06,3.778973e-06,6.978269e-07,3.300985e-06,1.052679e-06,1.066249e-06,9.795915e-07,4.822725e-06,4.223879e-07
5.761719,2.358023e-06,2.392688e-05,3.333630e-05,3.047805e-05,7.551931e-06,2.803972e-05,1.064845e-05,1.423258e-05,2.890525e-06,1.420831e-05,5.654897e-06,8.828205e-06,6.058659e-06,7.650370e-06,5.922623e-07,9.499611e-06,1.660666e-06,2.287908e-06,6.099017e-07,3.584973e-06,5.945709e-07,1.499638e-06,6.793738e-07,5.123044e-06,1.415539e-06
5.810547,4.801243e-06,2.522286e-05,3.510024e-05,3.322276e-05,7.299268e-06,2.857606e-05,6.512350e-06,1.415705e-05,5.265065e-07,1.373263e-05,5.327001e-06,6.657333e-06,7.616547e-06,6.434252e-06,4.183420e-06,1.046514e-05,1.024365e-06,1.510683e-06,8.862412e-07,9.266700e-07,6.322859e-07,1.715903e-06,8.244814e-07,5.391362e-06,2.357240e-06
5.859375,7.454778e-06,2.459680e-05,4.183783e-05,3.280757e-05,6.147212e-06,2.579531e-05,1.169492e-06,1.080524e-05,2.489113e-06,9.977000e-06,3.743662e-06,4.163048e-06,6.143233e-06,4.128660e-06,4.853351e-06,1.081256e-05,5.021348e-07,1.109453e-06,1.292612e-06,2.928452e-06,1.610517e-06,1.293962e-06,7.113491e-07,1.369097e-06,2.604646e-06
5.908203,9.212096e-06,2.197183e-05,4.774699e-05,2.927445e-05,4.616751e-06,1.942064e-05,4.781312e-06,5.829561e-06,3.511101e-06,5.283958e-06,2.242674e-06,4.504023e-06,3.447905e-06,7.195152e-06,2.152491e-06,1.054241e-05,8.319337e-07,4.324262e-07,5.182641e-07,1.571303e-06,1.309463e-06,1.058744e-06,3.771984e-07,7.064456e-06,2.168751e-06
5.957031,1.022128e-05,1.834886e-05,4.821685e-05,2.272864e-05,3.096407e-06,1.143440e-05,6.844240e-06,4.086032e-06,3.780994e-06,2.560570e-06,7.799293e-06,4.142076e-06,4.828259e-07,1.297099e-05,2.385733e-06,7.913879e-06,2.866629e-07,5.953485e-07,2.029402e-06,2.894246e-06,9.149923e-07,3.284679e-07,1.082669e-06,6.299370e-06,2.137438e-06
6.005859,1.133188e-05,1.598421e-05,4.286058e-05,1.399931e-05,1.945060e-06,5.716243e-06,4.687586e-06,4.929035e-06,7.631205e-06,1.140456e-06,1.223837e-05,2.640805e-06,2.466422e-06,1.462787e-05,7.957262e-06,5.310093e-06,7.896643e-07,2.400103e-06,2.256748e-06,2.374427e-06,1.341497e-06,4.496124e-07,1.102704e-06,8.053287e-06,4.547819e-07
6.054688,1.323824e-05,1.668211e-05,3.447753e-05,4.973855e-06,2.005873e-06,7.943217e-06,1.754612e-06,6.537878e-06,1.087223e-05,7.275213e-06,1.223352e-05,2.913544e-06,4.262686e-06,1.534672e-05,8.308911e-06,6.857849e-06,6.263332e-07,5.046895e-06,7.662171e-07,9.690832e-07,7.965442e-07,3.418700e-07,9.621716e-07,7.026802e-06,1.779956e-06
6.103516,1.564741e-05,1.899247e-05,2.643991e-05,3.116661e-06,2.883628e-06,1.222198e-05,5.458456e-06,7.278556e-06,1.068181e-05,1.229493e-05,1.064956e-05,3.226295e-06,3.679036e-06,1.460568e-05,6.095896e-06,5.402682e-06,8.709390e-07,4.935859e-06,5.351868e-07,8.276929e-07,4.094653e-07,4.414156e-07,1.405899e-06,6.168489e-06,1.626588e-06
6.152344,1.775517e-05,2.057893e-05,1.964425e-05,8.096250e-06,3.690672e-06,1.500631e-05,7.284168e-06,6.514184e-06,7.802713e-06,1.236101e-05,1.025748e-05,6.148463e-06,3.432262e-06,1.036164e-05,1.458408e-05,3.264386e-06,1.220396e-06,3.021244e-06,7.716041e-07,2.695964e-07,3.728837e-07,3.111828e-07,1.174878e-06,7.165843e-06,1.248072e-06
6.201172,1.902362e-05,2.091906e-05,1.238436e-05,1.128232e-05,4.188366e-06,1.658751e-05,7.315388e-06,6.625288e-06,4.353214e-06,7.521277e-06,9.212068e-06,6.749399e-06,4.188876e-06,7.887113e-06,1.647761e-05,3.756022e-06,1.527262e-06,9.200563e-08,5.158376e-07,2.008221e-06,9.248439e-07,3.949481e-07,1.249666e-06,4.435746e-06,1.637180e-06
6.250000,1.938353e-05,2.108006e-05,3.664396e-06,1.346887e-05,4.175339e-06,1.778790e-05,8.702098e-06,7.262239e-06,2.288284e-06,8.016223e-06,7.927676e-06,2.991152e-06,3.376712e-06,7.308449e-06,1.146357e-05,4.686791e-06,7.135935e-07,1.032378e-06,6.539653e-07,8.096881e-07,4.888968e-07,4.763442e-07,1.039526e-06,5.348417e-06,2.757020e-07
6.298828,1.907536e-05,2.214761e-05,5.353344e-06,1.488571e-05,3.593616e-06,1.832839e-05,1.100015e-05,5.386834e-06,3.836294e-06,1.393354e-05,6.062559e-06,3.133821e-06,2.187438e-06,6.530773e-06,5.573785e-06,4.781429e-06,4.794464e-07,3.735118e-06,6.781334e-07,9.385129e-07,6.280482e-07,7.203794e-07,5.438802e-07,3.237020e-06,7.592815e-07
6.347656,1.841465e-05,2.395527e-05,1.197049e-05,1.500584e-05,3.059099e-06,1.740560e-05,1.136242e-05,1.836057e-06,5.232009e-06,1.461280e-05,4.591545e-06,7.212598e-06,2.861558e-06,6.495265e-06,9.498101e-06,5.340218e-06,6.771961e-07,4.160875e-06,4.670063e-07,3.537222e-06,1.036085e-06,3.979762e-07,5.128455e-07,6.615341e-06,8.023584e-07
6.396484,1.763763e-05,2.573560e-05,1.405394e-05,1.349290e-05,3.615040e-06,1.510758e-05,8.831838e-06,3.771111e-06,5.554105e-06,9.459354e-06,4.611599e-06,9.293029e-06,9.407192e-07,6.777335e-06,1.508014e-05,6.512911e-06,8.820294e-07,5.037964e-06,2.114746e-07,3.898240e-06,3.542511e-07,6.232024e-07,1.099021e-06,6.292622e-06,8.766817e-07
6.445312,1.686944e-05,2.696503e-05,1.082988e-05,1.126486e-05,4.919038e-06,1.239509e-05,5.186930e-06,5.477091e-06,5.695918e-06,4.614377e-06,2.220916e-06,1.024687e-05,5.748170e-06,6.436578e-06,1.354174e-05,5.664219e-06,9.274547e-07,5.798123e-06,1.035948e-06,1.657569e-06,1.107116e-06,7.251872e-07,3.924772e-07,3.559169e-06,7.686395e-07
6.494141,1.616441e-05,2.707293e-05,4.727556e-06,1.022297e-05,6.115198e-06,1.005283e-05,5.777989e-06,5.963348e-06,5.185068e-06,9.305130e-06,2.989035e-06,9.474370e-06,5.551011e-06,5.472936e-06,8.555626e-06,2.247421e-06,1.328325e-06,8.770947e-06,1.982292e-06,2.044980e-06,9.885911e-07,6.083195e-07,4.680355e-07,3.639056e-06,1.501175e-06
6.542969,1.551732e-05,2.525779e-05,1.024598e-05,1.015363e-05,6.707617e-06,8.486813e-06,8.569403e-06,6.508695e-06,3.703569e-06,1.290290e-05,5.885567e-06,6.939111e-06,8.928869e-07,4.975297e-06,2.777561e-06,2.132842e-06,1.703476e-06,7.919829e-06,7.288285e-07,1.782621e-06,8.120871e-07,8.150501e-07,4.441545e-07,3.100742e-06,1.668171e-06
6.591797,1.478831e-05,2.119917e-05,2.031801e-05,8.613866e-06,6.312542e-06,8.390060e-06,9.308007e-06,6.726030e-06,2.483038e-06,1.131035e-05,6.034917e-06,5.426557e-06,8.901712e-06,9.144695e-06,2.235267e-06,1.848911e-06,1.449688e-06,6.922786e-06,1.239933e-06,6.847051e-07,1.068093e-06,1.666187e-07,5.983304e-07,5.571934e-06,1.865912e-06
6.640625,1.365541e-05,1.599466e-05,2.776591e-05,4.616804e-06,4.861780e-06,9.249197e-06,7.891283e-06,6.765512e-06,1.984040e-06,9.175939e-06,4.101160e-06,5.615922e-06,1.346116e-05,1.175745e-05,3.618187e-06,1.456292e-06,6.669985e-07,7.684376e-06,2.054432e-06,3.371553e-07,9.936819e-07,3.894117e-07,5.393217e-07,6.168789e-06,1.523343e-06
6.689453,1.176204e-05,1.245948e-05,3.035521e-05,3.808744e-06,3.192878e-06,9.026528e-06,5.926746e-06,6.925033e-06,2.750585e-06,1.227942e-05,3.104925e-06,5.055739e-06,1.244551e-05,1.104731e-05,4.892931e-06,2.821052e-06,3.425305e-07,7.189116e-06,2.115237e-06,1.344911e-06,6.065155e-07,1.781805e-07,1.204845e-07,3.131342e-06,1.070580e-06
6.738281,8.988685e-06,1.254579e-05,2.737079e-05,1.055895e-05,3.172707e-06,7.226503e-06,5.461356e-06,6.695194e-06,4.744149e-06,1.266443e-05,5.425153e-06,5.594571e-06,8.949422e-06,1.080906e-05,5.506528e-06,5.660766e-06,3.956442e-07,5.162570e-06,1.931597e-06,1.294715e-06,6.129030e-07,2.969459e-07,5.804776e-07,3.992761e-06,1.678801e-06
6.787109,5.623649e-06,1.381713e-05,1.982709e-05,1.701977e-05,4.000982e-06,7.406259e-06,6.720088e-06,5.356953e-06,6.125941e-06,1.071069e-05,7.217596e-06,7.396516e-06,6.088936e-06,1.049646e-05,5.350689e-06,7.654823e-06,1.172777e-06,4.558275e-06,8.143484e-07,1.928011e-06,1.086814e-06,5.855265e-07,7.390008e-07,1.046742e-05,1.651324e-06
6.835938,2.464646e-06,1.394121e-05,1.180038e-05,2.126082e-05,3.950607e-06,1.079177e-05,8.430642e-06,2.892766e-06,6.116934e-06,1.217476e-05,7.442826e-06,7.156665e-06,5.723725e-06,1.000857e-05,4.766402e-06,7.693603e-06,8.205770e-07,4.859955e-06,8.232149e-07,1.398597e-06,6.396836e-07,1.294304e-07,3.716395e-07,7.770573e-06,1.231848e-06
6.884766,2.192333e-06,1.280135e-05,1.339268e-05,2.255350e-05,3.357872e-06,1.282498e-05,9.792905e-06,9.344895e-07,4.767675e-06,1.392056e-05,5.634787e-06,5.865917e-06,9.011401e-06,8.995037e-06,3.745312e-06,6.188913e-06,3.262605e-07,2.551157e-06,9.978286e-07,1.800281e-06,1.427819e-06,2.622997e-07,3.602846e-07,6.001498e-06,1.040412e-06
6.933594,4.019996e-06,1.119779e-05,2.144772e-05,2.148630e-05,3.641998e-06,1.182918e-05,1.016277e-05,3.305463e-06,2.593222e-06,1.461483e-05,3.141953e-06,5.072798e-06,9.757875e-06,7.838042e-06,3.065704e-06,5.062408e-06,4.025479e-07,1.441987e-06,1.287855e-06,1.778756e-06,1.520551e-06,1.170547e-07,1.031486e-08,2.889301e-06,2.029235e-06
6.982422,5.166274e-06,1.035384e-05,2.772239e-05,1.929115e-05,4.433104e-06,9.484784e-06,8.959457e-06,5.778894e-06,6.721210e-07,1.308752e-05,2.778018e-06,5.057714e-06,7.343960e-06,5.902457e-06,6.704373e-06,4.588332e-06,3.553144e-07,3.972094e-06,1.763223e-06,2.005777e-06,1.874817e-06,3.988837e-07,8.127044e-07,5.474820e-06,2.206504e-06
7.031250,5.366809e-06,1.175833e-05,3.079108e-05,1.603777e-05,4.396824e-06,8.442784e-06,6.054950e-06,5.913033e-06,1.772518e-06,9.091939e-06,4.385916e-06,5.436055e-06,3.658249e-06,3.754967e-06,7.674091e-06,3.988097e-06,4.240939e-07,2.999653e-06,1.122434e-06,2.659365e-06,1.751007e-06,4.626044e-07,8.170320e-07,4.764466e-06,1.308030e-06
7.080078,5.012495e-06,1.504019e-05,3.163417e-05,1.049809e-05,3.329777e-06,8.513594e-06,2.099985e-06,5.847711e-06,3.597600e-06,7.686911e-06,6.642552e-06,6.544105e-06,2.206979e-06,3.270482e-06,1.105726e-05,1.041726e-06,5.115434e-07,3.630697e-06,1.465353e-06,2.405544e-06,1.420629e-06,4.230757e-08,3.468393e-07,3.683514e-06,1.853781e-06
7.128906,5.530805e-06,1.803850e-05,3.165374e-05,2.455219e-06,2.340988e-06,7.888893e-06,2.462390e-06,1.038671e-05,6.163183e-06,6.326848e-06,6.858689e-06,7.066661e-06,3.947115e-06,3.502459e-06,1.232342e-05,2.487872e-07,7.858845e-07,6.404609e-06,1.985118e-06,5.563540e-07,2.054565e-07,6.857595e-07,7.541753e-07,4.897781e-06,2.170964e-06
7.177734,8.012152e-06,1.906447e-05,3.126995e-05,7.106553e-06,3.006525e-06,5.643376e-06,6.286305e-06,1.294389e-05,9.029747e-06,2.142836e-06,5.415912e-06,5.631773e-06,4.893123e-06,3.370041e-06,1.010596e-05,1.962339e-06,1.008984e-06,3.371670e-06,1.026296e-06,1.000257e-06,1.043905e-06,8.253731e-07,3.551331e-07,1.862006e-06,1.578129e-06
7.226562,1.139636e-05,1.776780e-05,2.986174e-05,1.485758e-05,4.138308e-06,1.999196e-06,9.772623e-06,1.011528e-05,1.062482e-05,2.026981e-06,4.291447e-06,3.285838e-06,4.347298e-06,6.115362e-06,8.516687e-06,3.178472e-06,9.507576e-07,2.247718e-06,9.945850e-07,1.582113e-06,8.704678e-07,2.803184e-07,2.814682e-08,4.256660e-06,1.137588e-06
7.275391,1.436396e-05,1.507431e-05,2.679132e-05,1.991209e-05,4.715555e-06,2.793190e-06,1.222991e-05,5.847184e-06,9.967805e-06,5.943017e-06,4.284441e-06,2.137509e-06,2.493830e-06,7.847877e-06,6.289814e-06,2.563440e-06,1.244457e-06,3.642316e-06,2.557686e-07,7.613336e-07,1.079280e-06,6.214533e-07,5.827621e-07,5.320669e-06,1.676287e-06
7.324219,1.616012e-05,1.235048e-05,2.208908e-05,2.368476e-05,4.717040e-06,5.314153e-06,1.237744e-05,6.689426e-06,8.148185e-06,1.022097e-05,5.868647e-06,1.328296e-06,2.351334e-06,8.954460e-06,7.244564e-06,1.955837e-06,1.417435e-06,2.743114e-06,7.164475e-07,5.504129e-07,1.478163e-06,6.421413e-07,1.114589e-06,1.261639e-06,6.746637e-07
7.373047,1.655920e-05,1.012812e-05,1.631113e-05,2.856489e-05,4.471012e-06,5.928511e-06,1.011532e-05,7.274080e-06,6.641341e-06,9.066867e-06,6.781097e-06,1.878520e-06,3.770397e-06,9.215957e-06,7.959351e-06,2.350937e-06,1.444278e-06,3.553326e-06,3.637076e-07,6.664572e-07,1.135587e-06,5.287555e-07,8.257239e-07,3.443276e-06,1.074142e-07
7.421875,1.565201e-05,8.128944e-06,1.019358e-05,3.398247e-05,4.294061e-06,5.992407e-06,8.304363e-06,5.421764e-06,4.936520e-06,4.892330e-06,6.971458e-06,3.567281e-06,6.397231e-06,7.388180e-06,8.954800e-06,3.661161e-06,1.239235e-06,5.664431e-06,1.071831e-06,1.409906e-06,5.256583e-07,4.667134e-07,4.954351e-07,2.248464e-06,8.125866e-07
7.470703,1.360797e-05,7.205134e-06,7.476834e-06,3.700373e-05,4.172692e-06,6.658936e-06,9.361020e-06,2.605201e-06,3.315958e-06,1.335593e-05,7.522658e-06,4.672250e-06,7.991178e-06,5.259151e-06,9.067312e-06,5.888177e-06,4.655602e-07,4.539524e-06,1.664453e-06,7.685000e-07,3.489523e-07,2.187871e-07,4.701962e-07,2.682782e-06,4.914410e-07
7.519531,1.066124e-05,9.045385e-06,1.512301e-05,3.556559e-05,3.825689e-06,8.380976e-06,9.870747e-06,7.866109e-07,2.983241e-06,1.937664e-05,8.030006e-06,5.614689e-06,6.128272e-06,6.249632e-06,8.554302e-06,3.199797e-06,4.708005e-07,1.524846e-06,2.006926e-06,7.303001e-07,8.228554e-07,1.854793e-07,6.011654e-07,5.539905e-06,6.343340e-07
7.568359,7.317601e-06,1.242644e-05,2.706992e-05,2.956611e-05,3.113862e-06,1.141979e-05,7.650268e-06,8.279716e-07,5.026992e-06,1.802413e-05,9.255529e-06,4.640495e-06,2.595721e-06,7.253692e-06,7.617795e-06,3.262117e-06,1.360181e-06,2.104709e-06,1.367437e-06,1.758916e-06,8.323775e-07,2.496151e-07,1.321287e-07,1.202083e-05,5.974931e-07
7.617188,4.472963e-06,1.554017e-05,3.873351e-05,2.026134e-05,2.234619e-06,1.387077e-05,3.559226e-06,1.224513e-06,8.807468e-06,1.093978e-05,1.140780e-05,1.538595e-06,3.397726e-06,5.557388e-06,3.981998e-06,6.205844e-06,1.241332e-06,2.926469e-06,6.976725e-07,1.267864e-06,2.888571e-07,2.459011e-07,4.765672e-07,1.242806e-05,8.710818e-07
7.666016,2.928249e-06,1.779617e-05,4.679946e-05,1.062771e-05,1.547431e-06,1.385311e-05,7.961047e-07,3.937133e-06,1.114037e-05,3.262293e-06,1.159041e-05,2.722988e-06,7.670152e-06,3.232574e-06,5.517233e-06,6.557009e-06,3.057943e-07,1.514619e-06,2.992841e-07,1.301126e-06,7.045005e-07,2.279082e-07,3.197811e-07,8.308475e-06,5.751341e-07
7.714844,1.997445e-06,1.926898e-05,4.908989e-05,1.191632e-05,1.159926e-06,1.190940e-05,4.319144e-06,6.485832e-06,1.058150e-05,6.922721e-06,8.121917e-06,2.447184e-06,1.024196e-05,2.407338e-06,4.492369e-06,7.394334e-06,4.109292e-07,2.435235e-06,1.183556e-06,1.792704e-06,8.248747e-07,2.290452e-07,4.096959e-08,6.953008e-06,7.517274e-07
7.763672,9.639633e-07,2.010676e-05,4.572516e-05,2.200148e-05,8.513704e-07,1.044958e-05,6.821450e-06,8.112511e-06,8.658767e-06,1.070219e-05,2.844521e-06,5.324968e-06,8.606868e-06,4.757375e-06,6.705003e-06,5.236273e-06,4.811174e-07,4.579050e-06,1.575356e-06,7.694002e-07,5.021856e-07,7.022943e-07,2.688404e-07,4.764070e-06,8.603962e-07
7.812500,2.617936e-06,2.032635e-05,3.973963e-05,3.067473e-05,5.162090e-07,1.026200e-05,8.027900e-06,8.474340e-06,7.964983e-06,1.479036e-05,2.450881e-06,8.973763e-06,6.173801e-06,8.753931e-06,7.299843e-06,6.840833e-06,2.064322e-07,4.298768e-06,1.608810e-06,1.593495e-06,4.842788e-07,7.136803e-07,5.056401e-07,6.734941e-06,2.223585e-06
7.861328,5.000609e-06,1.995752e-05,3.611420e-05,3.655428e-05,3.566315e-07,9.702925e-06,8.147458e-06,7.496532e-06,7.480876e-06,1.821563e-05,5.600575e-06,1.152319e-05,7.036007e-06,9.829754e-06,8.461953e-06,6.430523e-06,6.029989e-09,3.751583e-06,5.465030e-07,1.370700e-06,8.095675e-07,4.993945e-07,7.933514e-07,5.396910e-06,2.084403e-06
7.910156,6.874880e-06,1.917615e-05,3.740036e-05,4.110067e-05,8.818991e-07,7.758414e-06,7.800047e-06,5.151618e-06,5.005652e-06,1.707631e-05,6.576239e-06,1.208928e-05,6.341521e-06,7.888589e-06,7.481893e-06,1.752552e-06,2.469140e-07,2.739515e-06,6.524071e-07,7.908083e-07,1.098867e-06,7.116096e-07,8.641542e-07,5.792327e-06,7.959620e-07
7.958984,8.190623e-06,1.824910e-05,4.076220e-05,4.523329e-05,1.648870e-06,4.357272e-06,7.024042e-06,4.191774e-06,3.497684e-06,1.238233e-05,4.035526e-06,1.013175e-05,3.427464e-06,6.022943e-06,1.996978e-06,3.636112e-06,5.144721e-07,1.734466e-06,1.340214e-06,2.737861e-06,5.947668e-07,9.409419e-07,1.901095e-07,4.311276e-06,4.233228e-07
8.007812,9.322786e-06,1.743272e-05,4.247068e-05,4.729494e-05,2.284859e-06,1.863637e-06,5.544483e-06,7.473977e-06,6.463437e-06,1.083545e-05,2.087005e-06,6.972846e-06,5.456533e-06,5.013931e-06,4.066709e-06,5.034004e-06,3.919509e-07,3.171445e-06,1.334783e-06,2.653372e-06,3.260800e-07,6.937968e-07,2.013518e-07,2.141223e-06,2.380337e-07
8.056641,1.030047e-05,1.698951e-05,4.086838e-05,4.485338e-05,2.543809e-06,6.928934e-06,3.834477e-06,9.277532e-06,8.634873e-06,1.606588e-05,6.869704e-06,4.657289e-06,9.218725e-06,4.277555e-06,7.254212e-06,2.469873e-06,2.375647e-07,3.066953e-06,1.686050e-06,2.813765e-06,7.010768e-07,2.568238e-07,3.075821e-07,9.327917e-06,7.847435e-08
8.105469,1.064171e-05,1.725506e-05,3.590575e-05,3.722255e-05,2.366826e-06,1.259527e-05,3.080568e-06,7.867379e-06,1.018231e-05,1.987322e-05,9.419507e-06,3.887803e-06,1.052205e-05,3.337713e-06,6.235368e-06,2.000589e-06,1.768886e-07,2.718830e-06,1.218477e-06,1.729610e-06,2.409366e-07,5.117146e-08,6.708363e-07,4.079278e-06,1.310008e-06
8.154297,1.008409e-05,1.847821e-05,2.850977e-05,2.607632e-05,1.865893e-06,1.727367e-05,3.796786e-06,4.850897e-06,1.142099e-05,1.632252e-05,9.214854e-06,2.325814e-06,9.815267e-06,1.084058e-06,1.760713e-06,2.930626e-06,3.473718e-07,1.228619e-06,1.320785e-06,2.080782e-06,4.126867e-07,2.597866e-07,3.945956e-07,4.053064e-06,1.376097e-06
8.203125,9.246326e-06,2.041797e-05,2.036857e-05,1.486409e-05,1.210516e-06,2.015597e-05,4.570343e-06,2.711732e-06,1.040874e-05,7.329100e-06,7.292061e-06,1.366502e-06,8.975398e-06,4.223697e-06,2.241944e-06,2.778162e-06,7.905292e-07,1.810965e-06,7.649872e-07,1.884026e-06,8.504582e-07,2.946104e-07,2.994762e-07,7.540331e-06,7.184127e-07
8.251953,9.352818e-06,2.225651e-05,1.367662e-05,8.870814e-06,5.691269e-07,2.092097e-05,4.118405e-06,2.999250e-06,6.568541e-06,8.389110e-06,4.524370e-06,1.903174e-06,7.974448e-06,8.795688e-06,2.520949e-06,2.322214e-06,7.173768e-07,4.555858e-06,9.087091e-07,1.188177e-06,8.612620e-07,9.915057e-08,8.425467e-07,5.147517e-06,2.796822e-07
8.300781,1.060348e-05,2.306053e-05,1.044985e-05,1.014408e-05,3.947122e-07,1.978580e-05,2.456377e-06,4.248270e-06,2.513088e-06,1.218665e-05,1.112614e-06,4.391399e-06,7.592837e-06,9.315570e-06,6.541339e-06,1.135724e-06,4.170515e-07,6.033302e-06,8.895914e-07,2.812158e-06,6.512807e-07,3.460966e-07,7.032621e-07,9.022286e-06,5.339693e-07
8.349609,1.187499e-05,2.234510e-05,1.109916e-05,1.157675e-05,8.064692e-07,1.712103e-05,1.457140e-06,4.372027e-06,3.274816e-06,9.741213e-06,2.429854e-06,5.734234e-06,7.923852e-06,8.057307e-06,9.840157e-06,3.134899e-06,8.687720e-07,6.138843e-06,4.418533e-07,2.274602e-06,5.832390e-07,4.082156e-07,5.715940e-07,2.916250e-06,2.961356e-07
8.398438,1.222251e-05,2.033230e-05,1.435538e-05,1.148796e-05,1.203406e-06,1.337415e-05,1.712193e-06,2.598421e-06,3.368361e-06,5.227493e-06,4.161103e-06,5.202594e-06,8.349895e-06,7.403286e-06,1.205878e-05,2.597480e-06,1.064395e-06,5.607404e-06,6.319417e-07,9.531457e-07,7.006011e-07,4.472034e-07,2.861474e-07,5.187761e-06,1.265830e-06
8.447266,1.131840e-05,1.770204e-05,1.861335e-05,1.149500e-05,1.492112e-06,1.007722e-05,7.275470e-07,5.387524e-06,1.178418e-06,3.652506e-06,2.478668e-06,5.799781e-06,8.859621e-06,5.546374e-06,9.613639e-06,2.516295e-06,9.526277e-07,4.572740e-06,1.459263e-06,1.619297e-06,4.884985e-07,3.837287e-07,1.515519e-07,7.875797e-06,9.986456e-07
8.496094,9.172265e-06,1.490874e-05,2.209062e-05,1.293119e-05,1.592188e-06,8.793520e-06,1.686809e-06,9.958929e-06,1.486467e-06,3.391554e-06,2.651305e-06,6.475420e-06,7.723865e-06,4.331942e-06,3.780425e-06,3.104156e-06,7.409448e-07,6.669460e-06,1.648289e-06,1.166838e-06,7.572662e-08,4.137814e-07,2.240390e-07,2.457002e-06,4.977536e-07
8.544922,5.943013e-06,1.177285e-05,2.352216e-05,1.599102e-05,1.477585e-06,6.914353e-06,3.830274e-06,1.084636e-05,3.197313e-06,3.480857e-06,6.110028e-06,5.727024e-06,6.808806e-06,1.822085e-06,8.242465e-06,1.667254e-06,5.844482e-07,4.446713e-06,1.771128e-06,7.684407e-07,3.103832e-07,3.573419e-07,1.526200e-07,8.319460e-06,7.890129e-07
8.593750,2.054219e-06,7.989018e-06,2.270007e-05,1.955283e-05,1.305756e-06,2.086217e-06,4.868128e-06,7.449861e-06,4.930638e-06,3.597182e-06,5.586729e-06,8.290206e-06,6.085974e-06,6.533337e-07,1.027630e-05,4.479030e-06,4.571290e-07,4.521480e-06,1.248367e-06,7.354308e-07,2.139621e-07,4.100289e-07,3.587745e-07,9.640010e-06,1.171674e-06
8.642578,2.856035e-06,4.377801e-06,2.018106e-05,2.144083e-05,1.318611e-06,6.560223e-06,4.760438e-06,2.632756e-06,7.842211e-06,4.689582e-06,1.723901e-06,1.120875e-05,5.195211e-06,8.126675e-07,7.363716e-06,4.452572e-06,4.814641e-07,4.417528e-06,2.235639e-07,1.517344e-06,1.516074e-07,2.656545e-07,4.823581e-07,7.833012e-06,5.761111e-07
8.691406,7.045919e-06,4.863637e-06,1.653634e-05,1.981751e-05,1.478531e-06,1.290314e-05,4.388575e-06,1.181761e-06,1.042382e-05,7.854443e-06,5.276148e-06,1.307315e-05,7.323777e-06,9.323929e-07,5.589689e-06,2.387150e-06,6.692699e-07,4.406471e-06,3.632064e-07,2.292266e-06,9.318901e-08,3.760383e-07,1.284436e-07,2.684371e-06,1.269455e-06
8.740234,1.098138e-05,8.233906e-06,1.219569e-05,1.449514e-05,1.601401e-06,1.521441e-05,4.237330e-06,1.850538e-06,1.105842e-05,1.108362e-05,7.913611e-06,1.099791e-05,8.834951e-06,2.573707e-06,7.539371e-06,9.213816e-07,4.029630e-07,6.256314e-06,1.033971e-06,9.058924e-07,2.505331e-07,3.429053e-07,1.857395e-07,2.357725e-06,5.889431e-07
8.789062,1.464865e-05,1.102605e-05,8.536277e-06,7.731972e-06,1.662471e-06,1.367331e-05,3.892250e-06,1.585793e-06,9.583422e-06,1.357925e-05,6.364073e-06,6.981525e-06,8.731097e-06,4.004143e-06,8.746487e-06,3.411260e-06,2.267366e-07,6.336515e-06,9.818911e-07,1.033217e-06,5.945604e-08,3.616504e-07,4.516667e-07,5.436608e-06,5.850467e-07
8.837891,1.795399e-05,1.280282e-05,8.349709e-06,6.920401e-06,1.742601e-06,1.079489e-05,3.396358e-06,5.705173e-07,7.396787e-06,1.553353e-05,2.557689e-06,5.801633e-06,6.425351e-06,4.181777e-06,7.068493e-06,5.316333e-06,2.710862e-07,4.013198e-06,7.633206e-07,8.659455e-07,1.683446e-07,2.343842e-07,6.816927e-07,3.548683e-06,1.094308e-07
8.886719,2.027837e-05,1.403003e-05,1.028692e-05,1.172585e-05,1.896973e-06,7.600877e-06,3.130891e-06,1.931749e-06,6.159035e-06,1.642604e-05,1.539223e-06,3.206536e-06,5.692360e-06,4.726762e-06,5.983731e-06,4.997828e-06,5.213964e-07,1.479040e-06,7.929832e-07,8.691899e-07,4.741666e-07,2.696543e-07,5.021798e-07,2.468299e-06,1.208465e-07
8.935547,2.070493e-05,1.533051e-05,1.070813e-05,1.503297e-05,2.077654e-06,3.447584e-06,2.832865e-06,4.008916e-06,5.281576e-06,1.561496e-05,2.567483e-06,7.289186e-07,4.744095e-06,4.485377e-06,4.622849e-06,2.991732e-06,3.882104e-07,2.847867e-06,9.813785e-07,1.312376e-06,3.476814e-07,1.346426e-07,3.174064e-07,3.246649e-06,1.306200e-06
8.984375,1.866299e-05,1.692060e-05,8.665581e-06,1.675125e-05,2.149866e-06,3.110663e-06,2.417282e-06,4.592143e-06,3.912921e-06,1.350634e-05,3.121202e-06,4.127304e-06,3.545710e-06,4.676525e-06,8.072966e-06,3.313924e-06,1.121111e-07,5.000345e-06,2.783249e-07,1.775028e-06,5.469359e-07,3.429896e-07,1.217369e-07,4.529688e-06,1.131513e-06
9.033203,1.441416e-05,1.837396e-05,5.431766e-06,1.925933e-05,2.011439e-06,5.527717e-06,2.094137e-06,3.494347e-06,4.864430e-06,1.194023e-05,2.461312e-06,5.057389e-06,4.603988e-06,5.814845e-06,9.199716e-06,1.865454e-06,2.234430e-07,3.748095e-06,5.837645e-07,7.472052e-07,9.339381e-07,4.698397e-07,1.152000e-07,5.520026e-07,5.822276e-07
9.082031,9.059841e-06,1.891881e-05,3.990629e-06,2.410624e-05,1.700482e-06,5.460709e-06,1.512554e-06,3.577191e-06,8.155568e-06,1.246387e-05,2.504778e-06,5.624909e-06,6.307291e-06,4.305756e-06,6.322696e-06,3.153690e-06,2.879962e-07,2.995440e-06,7.381083e-07,1.912845e-06,9.375713e-07,3.541160e-07,3.740463e-07,4.442446e-06,2.745076e-07
9.130859,4.114447e-06,1.802902e-05,4.921109e-06,3.006176e-05,1.370368e-06,6.099869e-06,7.951392e-07,5.872948e-06,1.038985e-05,1.226507e-05,5.161323e-06,8.597421e-06,7.597862e-06,2.678546e-06,5.720248e-06,2.492253e-06,5.027106e-07,4.852559e-06,4.902455e-07,1.734949e-06,3.754803e-07,5.153087e-08,2.585547e-07,5.683077e-06,4.628930e-07
9.179688,2.145911e-06,1.594956e-05,5.894765e-06,3.493638e-05,1.122817e-06,8.578306e-06,1.594108e-06,7.395741e-06,1.010849e-05,8.264244e-06,6.786463e-06,8.729156e-06,9.639443e-06,2.192303e-06,7.047912e-06,9.845450e-08,3.888788e-07,5.330476e-06,1.276180e-07,1.411625e-06,3.112595e-07,1.520911e-07,2.281567e-07,4.547896e-06,1.817590e-07
9.228516,4.940895e-06,1.381777e-05,7.360546e-06,3.746126e-05,9.139632e-07,9.751577e-06,3.007197e-06,7.372223e-06,7.764467e-06,1.044351e-06,7.373529e-06,7.833727e-06,1.098766e-05,7.251405e-07,5.889885e-06,2.299773e-06,7.201423e-08,5.831964e-06,2.987984e-07,1.439298e-06,6.148800e-07,3.447547e-08,1.237485e-07,6.456564e-06,1.665239e-07
9.277344,8.882837e-06,1.280613e-05,9.191420e-06,3.799458e-05,7.052250e-07,9.850757e-06,4.189269e-06,6.057865e-06,5.084450e-06,7.474338e-06,6.894493e-06,5.997462e-06,9.517889e-06,1.342498e-06,4.770390e-06,5.111289e-06,2.433622e-07,5.608949e-06,4.607218e-07,2.084758e-06,5.543321e-07,1.352484e-07,2.469663e-07,4.431640e-06,2.056882e-07
9.326172,1.315129e-05,1.258226e-05,9.980082e-06,3.786866e-05,5.531959e-07,1.050972e-05,4.383254e-06,4.828191e-06,3.223451e-06,1.608975e-05,6.006913e-06,3.570115e-06,5.668855e-06,3.105744e-06,4.209358e-06,5.585492e-06,4.796467e-07,4.222486e-06,8.184885e-07,2.468543e-06,1.337221e-07,1.969627e-07,7.435244e-08,7.788731e-06,3.659209e-07
9.375000,1.661220e-05,1.177718e-05,9.608699e-06,3.721978e-05,5.217230e-07,1.063897e-05,3.386827e-06,5.374096e-06,2.091846e-06,2.294872e-05,6.944412e-06,3.005119e-06,2.283789e-06,4.501285e-06,7.580006e-06,1.899851e-06,6.764367e-07,3.519655e-06,1.107780e-06,1.826116e-06,2.705948e-07,1.474631e-07,2.217044e-07,4.350223e-06,8.808614e-07
9.423828,1.823942e-05,9.729779e-06,1.024560e-05,3.413758e-05,5.917108e-07,8.974108e-06,3.195589e-06,5.575894e-06,2.160716e-06,2.523767e-05,8.275376e-06,1.839171e-06,1.571281e-06,4.066217e-06,7.600575e-06,3.651821e-06,7.684218e-07,2.498303e-06,7.929780e-07,1.238521e-06,2.192932e-07,2.650599e-07,3.159369e-07,5.157043e-06,4.437193e-07
9.472656,1.769202e-05,6.929304e-06,1.273765e-05,2.710800e-05,6.601575e-07,7.139486e-06,5.173768e-06,5.323979e-06,2.652542e-06,2.302118e-05,8.851282e-06,5.218714e-07,1.054735e-06,1.366076e-06,3.875033e-06,4.031375e-06,5.187278e-07,1.191455e-06,4.296829e-07,2.696623e-07,7.179386e-07,3.282891e-07,4.081729e-07,4.118612e-06,2.429095e-07
9.521484,1.537975e-05,4.690790e-06,1.452534e-05,1.810124e-05,6.286919e-07,7.826463e-06,7.021997e-06,7.265890e-06,2.376335e-06,1.932788e-05,8.675831e-06,1.929974e-06,7.985068e-07,2.231795e-06,1.548418e-06,1.494939e-06,2.674248e-07,2.994978e-06,3.241059e-07,6.336495e-07,7.334731e-07,2.141714e-07,2.834594e-07,4.700119e-06,1.543855e-07
9.570312,1.215048e-05,4.310665e-06,1.408892e-05,1.451521e-05,4.926332e-07,9.676939e-06,7.994205e-06,8.841840e-06,1.204971e-06,1.513887e-05,7.668459e-06,3.112673e-06,3.199676e-06,4.253345e-06,3.826658e-06,5.608191e-06,5.466672e-07,3.718655e-06,2.672124e-07,9.618121e-07,7.478700e-07,3.491810e-07,4.053725e-07,1.884439e-06,9.078435e-07
9.619141,8.900882e-06,5.232353e-06,1.359125e-05,1.836633e-05,3.382443e-07,1.090413e-05,8.329975e-06,7.680496e-06,1.715606e-06,9.677555e-06,6.893746e-06,3.781354e-06,5.287877e-06,5.995072e-06,4.621013e-06,6.066116e-06,4.953586e-07,4.698902e-06,6.228697e-07,1.330892e-06,2.292857e-07,3.640315e-07,1.697004e-08,6.310589e-06,7.405383e-07
9.667969,6.423474e-06,6.587509e-06,1.666444e-05,2.087801e-05,2.539563e-07,1.144985e-05,8.103408e-06,4.638268e-06,3.777511e-06,3.850991e-06,6.643377e-06,4.826143e-06,6.051386e-06,8.095466e-06,4.071474e-06,4.856157e-06,2.966887e-07,3.752613e-06,3.984118e-07,1.165417e-06,5.393009e-07,2.016417e-07,2.983830e-07,7.588771e-06,9.446875e-07
9.716797,5.395868e-06,8.242322e-06,2.119649e-05,1.987407e-05,3.676789e-07,1.127945e-05,7.181867e-06,4.755658e-06,4.991597e-06,3.942436e-06,6.589456e-06,5.401654e-06,4.151841e-06,8.955509e-06,5.186747e-06,4.139604e-06,1.971476e-07,3.848508e-06,8.673506e-07,1.968730e-06,6.076275e-07,5.179975e-08,3.035958e-07,1.115940e-05,5.648537e-07
9.765625,5.747107e-06,9.943987e-06,2.285579e-05,1.931524e-05,6.590894e-07,9.877637e-06,5.951435e-06,8.611819e-06,4.876930e-06,9.907655e-06,5.973504e-06,5.492560e-06,2.559147e-06,6.984672e-06,7.000349e-06,4.613937e-06,2.848532e-07,2.875656e-06,9.491206e-07,1.117197e-06,5.438637e-07,1.075888e-07,3.233741e-07,7.428057e-06,5.527599e-07
9.814453,6.596242e-06,1.136145e-05,1.984427e-05,2.320341e-05,9.247886e-07,7.221950e-06,5.242630e-06,1.031493e-05,4.222219e-06,1.376194e-05,3.769007e-06,6.506830e-06,5.350408e-06,4.461123e-06,7.772987e-06,3.386595e-06,3.241019e-07,3.774107e-06,1.110246e-06,6.819074e-07,5.695442e-07,1.992784e-07,4.558489e-07,2.625945e-06,6.034772e-07
9.863281,7.356379e-06,1.240788e-05,1.360218e-05,2.914537e-05,1.032697e-06,4.790535e-06,4.767782e-06,8.301623e-06,4.436881e-06,1.490896e-05,2.324998e-06,6.347314e-06,6.861106e-06,4.827304e-06,4.478031e-06,9.480938e-07,2.938785e-07,3.605600e-06,7.745189e-07,1.052955e-06,4.134244e-07,1.533410e-07,4.878169e-07,2.489303e-06,2.338399e-07
9.912109,7.768211e-06,1.322358e-05,9.877277e-06,3.331899e-05,1.027018e-06,4.830566e-06,3.561825e-06,5.952927e-06,4.933372e-06,1.493611e-05,2.971539e-06,6.164439e-06,6.819933e-06,6.280382e-06,8.275536e-07,5.779166e-06,2.370938e-07,4.855126e-06,5.254895e-07,2.167862e-06,1.428038e-07,3.718274e-07,1.831543e-07,1.881368e-06,4.702431e-07
9.960938,7.582594e-06,1.389114e-05,1.325703e-05,3.400122e-05,1.106062e-06,5.620958e-06,2.634267e-06,7.196933e-06,4.523709e-06,1.456210e-05,3.144011e-06,6.361902e-06,8.263213e-06,4.936561e-06,3.784382e-06,5.841160e-06,1.627670e-07,3.537940e-06,4.674791e-07,2.746236e-06,2.838252e-07,5.379356e-07,4.731655e-08,4.032047e-06,3.249407e-07
10.009766,6.592189e-06,1.425423e-05,1.703852e-05,3.129029e-05,1.304250e-06,5.072912e-06,3.826583e-06,7.619030e-06,4.026138e-06,1.779739e-05,2.428061e-06,3.858922e-06,7.253960e-06,1.798298e-06,6.560431e-06,5.928817e-06,1.047691e-07,2.349180e-06,8.751623e-07,9.861760e-07,1.707474e-07,3.276313e-07,1.894025e-07,6.218548e-06,1.747908e-07
10.058594,4.838735e-06,1.405430e-05,1.778018e-05,2.687861e-05,1.426575e-06,3.855072e-06,4.987892e-06,6.033072e-06,5.401165e-06,2.353256e-05,4.596741e-07,1.811859e-06,7.782367e-06,4.025604e-06,5.330155e-06,5.238812e-06,1.303251e-07,1.438843e-06,7.696281e-07,1.095100e-06,5.848082e-07,1.308048e-07,1.313227e-07,9.628275e-06,3.637226e-07
10.107422,2.705268e-06,1.317583e-05,1.560849e-05,2.363729e-05,1.346700e-06,4.894945e-06,5.507801e-06,3.839978e-06,7.366863e-06,2.397113e-05,3.596120e-06,4.951381e-06,7.690951e-06,5.893606e-06,5.323347e-06,1.708504e-06,1.445480e-07,1.309128e-06,5.559047e-07,1.102291e-06,6.656128e-07,2.043626e-07,2.232857e-07,9.000406e-06,4.300679e-07
10.156250,1.008705e-06,1.173395e-05,1.156029e-05,2.329049e-05,1.090023e-06,7.415693e-06,6.084976e-06,2.625572e-06,8.306568e-06,1.852391e-05,4.924688e-06,7.237584e-06,4.761183e-06,6.131660e-06,6.270618e-06,1.847907e-07,1.333391e-07,9.347503e-07,3.985752e-07,1.089986e-06,4.345593e-07,1.601604e-07,1.319620e-07,6.654017e-06,5.658128e-07
10.205078,1.446244e-06,9.975048e-06,6.680635e-06,2.415360e-05,7.658178e-07,8.904900e-06,6.512644e-06,5.307700e-06,8.074117e-06,1.571962e-05,4.437560e-06,7.720408e-06,2.239383e-06,6.289799e-06,3.627645e-06,4.784841e-07,2.405874e-07,2.160564e-06,4.328077e-07,6.323515e-07,7.695641e-08,2.202367e-07,2.563828e-07,6.904881e-06,5.317514e-07
10.253906,2.167497e-06,8.126776e-06,3.735142e-06,2.386883e-05,4.740771e-07,8.759582e-06,6.372190e-06,7.313901e-06,6.894294e-06,1.798593e-05,2.940502e-06,7.508143e-06,2.032478e-06,5.808867e-06,7.683523e-07,1.507073e-06,3.327531e-07,4.629962e-06,5.762001e-07,3.769961e-07,2.492076e-07,3.314358e-07,3.720922e-07,4.406235e-06,6.779353e-07
10.302734,2.389493e-06,6.384917e-06,7.225671e-06,2.203166e-05,2.644053e-07,8.021873e-06,5.952264e-06,6.813810e-06,5.459818e-06,1.837015e-05,1.689329e-06,7.612989e-06,1.480135e-06,4.580769e-06,1.923490e-06,3.884877e-06,3.029131e-07,3.319853e-06,6.713016e-07,7.595064e-07,9.016392e-08,2.203397e-07,3.387806e-07,2.122818e-06,2.547363e-07
10.351562,2.337089e-06,5.197530e-06,1.165488e-05,1.966610e-05,2.551674e-07,7.964266e-06,5.124015e-06,5.795158e-06,5.647036e-06,1.567062e-05,4.438846e-06,6.905660e-06,8.642446e-07,4.241620e-06,2.170529e-06,3.712669e-06,2.338163e-07,2.798782e-06,4.095309e-07,8.519781e-07,1.785127e-07,1.580873e-07,2.443010e-07,3.624108e-06,1.003998e-07
10.400391,2.278258e-06,5.453515e-06,1.533260e-05,1.759670e-05,4.614306e-07,7.728945e-06,3.324473e-06,6.362940e-06,6.649094e-06,1.187981e-05,5.277186e-06,6.023027e-06,1.822568e-06,2.684025e-06,1.213768e-06,1.995230e-06,2.640344e-07,2.708130e-06,2.046004e-07,9.130499e-07,2.079974e-07,1.163500e-07,1.861712e-07,3.004986e-06,3.955232e-07
10.449219,2.323482e-06,7.120115e-06,1.874428e-05,1.563420e-05,6.978147e-07,5.995563e-06,9.922154e-07,7.127620e-06,6.657585e-06,9.090928e-06,5.512802e-06,5.913846e-06,2.634662e-06,1.037955e-06,2.525936e-07,5.060255e-07,2.551460e-07,1.775883e-06,4.487584e-07,3.672663e-07,3.216052e-07,2.050715e-07,1.687805e-07,3.499748e-06,2.796629e-07
10.498047,2.401365e-06,8.943157e-06,2.220526e-05,1.322216e-05,8.757137e-07,3.784972e-06,1.414060e-06,7.190074e-06,6.654414e-06,7.678888e-06,6.398175e-06,5.613230e-06,2.827031e-06,1.168387e-06,2.321036e-06,2.653930e-06,1.734093e-07,3.160109e-06,7.839073e-07,2.856890e-07,3.296419e-07,1.888283e-07,2.597703e-07,1.228534e-06,4.425303e-07
10.546875,2.441496e-06,9.818803e-06,2.479346e-05,1.005683e-05,9.521048e-07,4.157424e-06,2.341787e-06,6.294985e-06,7.736518e-06,6.927211e-06,5.080929e-06,6.201208e-06,4.004587e-06,1.219492e-06,6.197166e-06,3.980340e-06,9.036776e-08,2.374011e-06,5.540915e-07,1.378083e-07,1.071285e-07,1.297608e-07,4.213856e-07,3.045860e-06,6.638135e-07
10.595703,2.639389e-06,9.178412e-06,2.502420e-05,6.275165e-06,9.311085e-07,5.036553e-06,3.045440e-06,4.494821e-06,8.834486e-06,7.449320e-06,2.256303e-06,6.514101e-06,4.206036e-06,7.248514e-07,8.887725e-06,3.433984e-06,1.997415e-07,1.702172e-06,2.728679e-07,5.435423e-07,4.300857e-07,1.042730e-07,3.255233e-07,6.235585e-06,6.533311e-07
10.644531,3.320550e-06,7.127581e-06,2.217799e-05,4.607595e-06,8.749937e-07,4.224168e-06,4.042679e-06,2.853363e-06,9.247583e-06,9.256036e-06,1.184160e-06,5.713485e-06,3.565446e-06,2.831970e-06,8.470346e-06,2.832019e-06,1.514154e-07,3.678478e-06,2.266500e-07,9.969182e-07,5.755366e-07,9.541039e-08,1.668100e-07,6.488952e-06,4.574050e-07
10.693359,4.339251e-06,4.479101e-06,1.717641e-05,8.907853e-06,8.805473e-07,2.405183e-06,4.543426e-06,2.368000e-06,9.147817e-06,8.909191e-06,2.762645e-06,3.669410e-06,4.371529e-06,3.525318e-06,6.883434e-06,2.766305e-06,1.218146e-07,1.818110e-06,4.495646e-07,1.157210e-06,5.461659e-07,1.573509e-07,2.513662e-07,3.630110e-06,2.920895e-07
10.742188,5.211116e-06,2.544017e-06,1.296619e-05,1.430910e-05,9.773636e-07,1.225593e-06,4.144483e-06,2.510094e-06,8.699205e-06,4.641802e-06,4.663658e-06,1.733246e-06,5.210480e-06,3.299243e-06,3.611810e-06,1.880785e-06,3.461107e-08,1.726176e-06,1.154238e-06,8.508631e-07,4.030175e-07,9.285099e-08,2.944237e-07,1.919207e-06,4.032629e-07
10.791016,5.605361e-06,1.924539e-06,1.264229e-05,1.797559e-05,1.079314e-06,1.502234e-06,3.302379e-06,2.898406e-06,8.004921e-06,3.428381e-06,5.491823e-06,2.155143e-06,4.967146e-06,5.077310e-06,1.063203e-06,7.571833e-07,1.021360e-07,2.243755e-06,1.365802e-06,4.979169e-07,2.784878e-07,1.506590e-07,2.015103e-07,9.579824e-07,2.616089e-07
10.839844,5.584678e-06,1.536200e-06,1.411851e-05,1.875009e-05,1.082826e-06,2.625699e-06,3.118725e-06,3.413431e-06,7.090056e-06,8.437276e-06,4.995387e-06,3.859155e-06,4.477803e-06,5.144864e-06,2.714945e-06,3.846548e-07,1.078266e-07,4.154341e-06,1.028511e-06,8.522904e-07,2.962435e-07,2.357898e-07,7.029741e-08,8.391389e-06,2.600505e-07
10.888672,5.604620e-06,2.372936e-06,1.397024e-05,1.697579e-05,9.463317e-07,4.116648e-06,4.031880e-06,3.353069e-06,5.687126e-06,1.252635e-05,3.648990e-06,3.969808e-06,3.965467e-06,3.259520e-06,2.061968e-06,2.007833e-06,1.878151e-07,6.941395e-06,7.906588e-07,8.768956e-07,1.514416e-07,1.206570e-07,1.370119e-07,5.089324e-06,3.398541e-07
10.937500,6.059696e-06,4.147825e-06,1.163729e-05,1.410752e-05,7.270571e-07,5.485077e-06,4.819845e-06,2.165895e-06,3.905032e-06,1.460464e-05,2.369471e-06,2.608132e-06,2.543381e-06,2.415477e-06,1.564442e-06,3.439823e-06,3.358308e-07,4.699959e-06,9.655280e-07,9.430648e-07,1.982652e-07,5.170279e-08,6.710015e-08,3.009634e-06,3.585873e-07
10.986328,6.728069e-06,5.061210e-06,8.385123e-06,1.129643e-05,6.137159e-07,6.647630e-06,4.702362e-06,1.914227e-06,2.503189e-06,1.186557e-05,1.965485e-06,1.770753e-06,1.683674e-06,3.566564e-06,6.972863e-07,2.383018e-06,2.900258e-07,1.224107e-06,7.466668e-07,8.598090e-07,1.862772e-07,4.116222e-08,1.435622e-07,2.406510e-06,3.093054e-07
11.035156,7.060238e-06,4.215940e-06,5.486824e-06,1.023414e-05,7.411445e-07,7.362998e-06,3.908540e-06,3.588050e-06,1.837407e-06,5.166222e-06,3.416773e-06,1.636684e-06,3.429553e-06,3.880480e-06,1.898135e-06,1.374929e-06,1.859184e-07,1.738605e-06,5.430905e-07,3.409899e-07,2.582704e-07,1.635451e-07,1.479514e-07,5.600764e-06,3.303912e-07
11.083984,6.751899e-06,1.722952e-06,2.542483e-06,1.395784e-05,9.258750e-07,6.964586e-06,3.010080e-06,4.241309e-06,1.800881e-06,6.757930e-06,5.045646e-06,1.194932e-06,4.139692e-06,2.574585e-06,2.878115e-06,1.690976e-06,1.180303e-07,3.062689e-06,4.917868e-07,8.297312e-07,1.959351e-07,1.656420e-07,2.327630e-07,4.997459e-06,3.744747e-07
11.132812,5.994747e-06,2.282610e-06,1.728516e-06,1.925230e-05,1.005640e-06,5.277827e-06,2.148332e-06,3.514927e-06,1.778801e-06,1.092653e-05,5.369127e-06,6.509883e-07,3.575622e-06,6.933664e-07,9.952684e-07,1.258000e-06,6.611600e-08,4.035162e-06,3.124649e-07,1.179055e-06,2.636287e-07,1.428351e-07,2.165970e-07,1.250991e-06,3.410339e-07
11.181641,5.513465e-06,5.543939e-06,7.056129e-06,2.090267e-05,9.409938e-07,3.811416e-06,1.316414e-06,2.017928e-06,9.654278e-07,1.110127e-05,4.468652e-06,5.572967e-08,2.358607e-06,4.617438e-07,2.487865e-06,4.196610e-06,3.424539e-08,4.184310e-06,1.293861e-07,3.447576e-07,1.126698e-07,1.081582e-07,2.637838e-07,1.798896e-06,2.920819e-07
11.230469,5.987752e-06,7.680724e-06,1.225612e-05,1.753984e-05,7.692267e-07,4.243268e-06,7.140943e-07,9.004030e-07,5.013701e-07,1.021889e-05,2.693356e-06,1.290521e-06,9.871534e-07,4.319779e-07,5.556091e-06,5.805814e-06,7.287529e-08,2.997157e-06,4.294436e-07,7.495776e-07,1.516692e-07,7.790107e-08,2.386101e-07,5.005373e-06,3.052511e-07
11.279297,7.032254e-06,8.363390e-06,1.580958e-05,1.450327e-05,5.949009e-07,4.432156e-06,4.083481e-07,9.011247e-07,1.531907e-06,1.144735e-05,1.728627e-06,3.300442e-06,1.908770e-06,1.394038e-06,6.181484e-06,5.023839e-06,1.257777e-07,1.634964e-06,3.931314e-07,3.230969e-07,2.214793e-07,2.166060e-07,1.101209e-07,4.335204e-06,5.278494e-07
11.328125,7.736477e-06,8.141349e-06,1.690593e-05,1.850717e-05,5.734207e-07,3.591937e-06,3.921192e-07,1.447489e-06,1.847652e-06,1.381885e-05,3.122678e-06,5.231282e-06,3.247564e-06,2.718515e-06,2.675540e-06,4.362239e-06,1.579582e-07,2.854566e-06,3.288254e-07,8.059844e-07,1.161449e-07,2.259431e-07,5.120471e-08,3.333795e-06,3.357716e-07
11.376953,7.511954e-06,7.861260e-06,1.575444e-05,2.343589e-05,7.158124e-07,3.668011e-06,2.082076e-07,3.160773e-06,1.668662e-06,1.398069e-05,3.407367e-06,6.352645e-06,4.020633e-06,3.648324e-06,4.074978e-06,3.589573e-06,2.075818e-07,3.639367e-06,1.787040e-07,3.325850e-07,3.230696e-07,1.772531e-07,1.338624e-07,7.545198e-06,1.298770e-07
11.425781,6.226639e-06,7.743993e-06,1.331774e-05,2.517695e-05,8.820918e-07,4.551177e-06,7.586959e-07,4.418642e-06,1.192403e-06,1.097887e-05,3.820259e-06,5.937561e-06,3.801279e-06,4.738099e-06,8.785496e-06,2.643382e-06,2.222289e-07,2.014514e-06,2.735003e-08,4.868686e-07,3.294022e-07,1.363781e-07,1.281603e-07,4.491164e-06,2.505185e-07
11.474609,4.190783e-06,7.399985e-06,1.063939e-05,2.632787e-05,9.906932e-07,4.522748e-06,1.649539e-06,4.350682e-06,3.087501e-07,7.495637e-06,5.532554e-06,5.049966e-06,3.142247e-06,4.331152e-06,9.033548e-06,1.633885e-06,1.253792e-07,4.969059e-07,2.193008e-07,2.213351e-07,2.737021e-07,2.225929e-08,1.315902e-07,5.724938e-06,6.608186e-07
11.523438,2.304896e-06,6.767256e-06,8.212464e-06,2.931389e-05,1.014831e-06,3.816345e-06,2.087282e-06,3.014400e-06,8.466187e-07,5.726591e-06,5.997568e-06,3.751824e-06,2.437341e-06,2.704892e-06,3.640215e-06,2.260671e-06,8.592651e-08,1.089656e-06,3.314360e-07,4.841184e-07,2.615464e-07,5.277921e-08,1.429362e-07,7.858499e-06,6.420475e-07
11.572266,2.359647e-06,6.379641e-06,5.947778e-06,3.212625e-05,9.514855e-07,3.247238e-06,1.870553e-06,9.526915e-07,2.103998e-06,5.015663e-06,4.614467e-06,1.775270e-06,2.731365e-06,1.629714e-06,5.931683e-06,4.306272e-06,1.306563e-07,2.368766e-06,1.923711e-07,3.497671e-07,1.200186e-07,9.929475e-08,9.497080e-08,5.482301e-06,3.092113e-07
11.621094,3.369619e-06,6.534154e-06,3.685862e-06,3.285330e-05,8.219611e-07,2.640021e-06,1.359290e-06,1.836086e-06,3.411894e-06,5.709010e-06,3.236968e-06,3.996900e-06,3.453295e-06,4.937687e-07,8.275843e-06,5.472195e-06,1.368189e-07,3.106358e-06,2.733481e-07,5.133772e-07,1.870458e-07,1.494955e-07,9.407041e-08,3.440117e-06,4.044781e-07
11.669922,3.714221e-06,6.668168e-06,1.548199e-06,3.153076e-05,6.741831e-07,1.927542e-06,1.127135e-06,3.104933e-06,4.181480e-06,7.900891e-06,3.424348e-06,4.959037e-06,3.466369e-06,1.095609e-06,8.561393e-06,2.396275e-06,1.796378e-07,1.766382e-06,3.748344e-07,3.980035e-07,3.441401e-07,1.033951e-07,2.719860e-08,3.852312e-06,1.391396e-07
11.718750,3.283193e-06,6.112167e-06,7.830278e-07,2.812505e-05,5.478860e-07,2.060402e-06,1.247073e-06,2.895705e-06,3.634293e-06,9.251943e-06,3.676606e-06,2.847369e-06,2.690662e-06,1.033015e-06,6.329940e-06,3.379594e-06,3.285294e-08,1.279870e-06,3.123525e-07,1.216122e-07,2.498086e-07,1.533332e-07,3.672196e-08,1.796176e-06,1.145218e-07
11.767578,2.568620e-06,4.739163e-06,1.975345e-06,2.350731e-05,4.301653e-07,3.425610e-06,1.446703e-06,1.865273e-06,2.066233e-06,7.608728e-06,3.263024e-06,1.733267e-06,2.143322e-06,7.861578e-07,3.109718e-06,3.215615e-06,1.712735e-07,1.716289e-06,2.047506e-07,3.048571e-07,1.570566e-07,1.738857e-07,8.833399e-08,2.175495e-06,1.149383e-07
11.816406,2.252004e-06,3.034320e-06,2.883150e-06,2.234376e-05,3.072851e-07,5.278966e-06,1.711066e-06,1.103446e-06,1.646158e-06,4.114361e-06,2.506516e-06,5.523223e-06,2.159489e-06,9.611172e-07,5.808315e-07,1.466124e-06,1.725407e-07,2.466816e-06,1.916912e-07,5.507895e-07,7.511775e-08,1.642723e-07,1.252780e-07,2.305716e-06,1.304395e-07
11.865234,2.356606e-06,2.129724e-06,3.894922e-06,2.693345e-05,2.813462e-07,6.787184e-06,2.013360e-06,8.334499e-07,1.985371e-06,1.581765e-06,1.697698e-06,6.499332e-06,3.578683e-06,5.975494e-07,2.146899e-06,1.175322e-06,1.353991e-07,3.235905e-06,9.163308e-08,2.673532e-07,7.221297e-08,6.947212e-08,1.463485e-07,1.918881e-06,1.272404e-07
11.914062,2.333383e-06,2.489371e-06,5.650528e-06,3.222099e-05,4.009583e-07,7.453768e-06,2.064502e-06,1.157258e-06,1.417253e-06,7.144236e-07,1.730462e-06,5.986821e-06,2.791942e-06,1.642235e-07,5.892568e-06,3.013580e-06,1.040881e-07,3.653167e-06,2.459972e-07,5.291049e-07,2.285457e-07,4.931511e-08,2.646277e-08,3.937884e-06,2.585099e-07
11.962891,2.014800e-06,2.671912e-06,8.099501e-06,3.515751e-05,5.137196e-07,7.280439e-06,1.621889e-06,2.176607e-06,1.568149e-06,2.397137e-06,1.774136e-06,6.506411e-06,4.014796e-06,6.638287e-07,7.707538e-06,4.615582e-06,5.968781e-08,2.911013e-06,3.295374e-07,6.077765e-07,3.452490e-07,1.120017e-07,1.149698e-07,3.835651e-06,4.389388e-07
12.011719,1.653578e-06,2.077653e-06,1.062026e-05,3.571043e-05,5.522939e-07,6.265763e-06,9.925085e-07,3.274322e-06,2.243832e-06,3.196603e-06,8.294982e-07,7.214648e-06,5.895506e-06,2.057874e-06,4.168749e-06,5.076458e-06,7.114658e-08,2.510077e-07,1.442288e-07,6.790409e-07,1.662815e-07,1.495973e-07,2.259931e-08,9.045766e-07,1.859411e-07
12.060547,1.576799e-06,1.195360e-06,1.247861e-05,3.314050e-05,5.449202e-07,4.296612e-06,1.544123e-06,4.132732e-06,2.325114e-06,2.993829e-06,1.216819e-06,8.236217e-06,6.094065e-06,2.975843e-06,2.038474e-06,4.381410e-06,1.140510e-07,1.464001e-06,3.997354e-07,7.141843e-07,3.106213e-07,1.109850e-07,5.820092e-08,4.091100e-06,1.183528e-07
12.109375,1.730917e-06,1.954530e-06,1.306178e-05,2.592888e-05,5.692652e-07,1.872296e-06,2.660218e-06,4.289470e-06,2.353475e-06,2.392304e-06,1.545150e-06,7.756341e-06,6.131323e-06,4.051914e-06,8.431824e-06,4.532678e-06,1.099671e-07,1.707263e-06,1.751988e-07,5.012426e-07,1.363947e-07,9.236512e-08,1.527838e-07,3.799950e-06,1.372659e-07
12.158203,1.846958e-06,3.557254e-06,1.204888e-05,1.486031e-05,6.635148e-07,1.580880e-06,3.379018e-06,2.940164e-06,2.769626e-06,5.458592e-06,6.692914e-07,5.585106e-06,4.611501e-06,4.513897e-06,1.163078e-05,2.983680e-06,1.467938e-07,2.828702e-07,5.212575e-07,7.056028e-07,1.090644e-07,9.873516e-08,6.873697e-08,3.568445e-06,2.087409e-07
12.207031,1.777045e-06,4.908479e-06,9.579469e-06,7.478626e-06,7.764466e-07,2.656689e-06,3.509373e-06,1.887295e-07,3.929112e-06,9.074237e-06,1.015336e-06,3.780293e-06,3.641091e-06,3.961535e-06,8.932866e-06,9.811417e-07,1.438456e-07,3.537447e-06,6.080584e-07,8.211320e-07,5.777397e-08,2.283174e-08,1.250371e-07,5.882897e-06,3.510717e-07
12.255859,1.489861e-06,5.688116e-06,6.461243e-06,1.392632e-05,8.371724e-07,2.779997e-06,3.249915e-06,3.211545e-06,5.251837e-06,1.000687e-05,1.314599e-06,1.659828e-06,3.512940e-06,3.392908e-06,5.179659e-06,1.995300e-06,1.175435e-07,4.801177e-06,4.195176e-07,8.304913e-07,1.495496e-07,1.315776e-08,6.366201e-08,4.302802e-06,4.155901e-07
12.304688,1.134636e-06,5.751545e-06,4.684665e-06,2.011417e-05,8.109690e-07,2.393788e-06,2.714750e-06,5.319832e-06,5.607103e-06,9.054860e-06,3.658999e-07,2.061465e-06,2.944010e-06,1.853969e-06,3.719681e-06,1.037680e-06,4.628365e-09,3.336840e-06,3.722231e-07,1.423096e-06,1.496504e-07,6.092987e-08,9.507672e-08,1.996999e-06,3.977655e-07
12.353516,1.156720e-06,5.059390e-06,5.832613e-06,2.327551e-05,7.053289e-07,2.202774e-06,1.916741e-06,6.097915e-06,5.079370e-06,7.844938e-06,1.203629e-06,3.956854e-06,2.829495e-06,6.963173e-07,2.706260e-06,1.523645e-06,9.040064e-08,1.338491e-06,1.954271e-07,1.278145e-06,1.264127e-07,1.335959e-07,1.229905e-07,1.064611e-06,3.540136e-07
12.402344,1.581919e-06,3.706362e-06,7.524631e-06,2.467451e-05,5.484873e-07,2.427214e-06,1.788889e-06,6.485523e-06,4.342218e-06,6.256607e-06,2.525726e-06,6.021672e-06,2.333808e-06,5.594383e-07,1.578747e-06,1.535652e-06,8.745440e-08,4.567506e-07,9.162838e-08,1.571679e-07,1.431176e-07,6.172656e-08,1.644198e-07,2.608912e-06,3.715767e-07
12.451172,1.913339e-06,2.045507e-06,8.144758e-06,2.482627e-05,3.644144e-07,2.900586e-06,2.653681e-06,6.970458e-06,3.296213e-06,5.321815e-06,3.067291e-06,6.891975e-06,3.854768e-07,2.256739e-06,3.191977e-06,2.562823e-06,2.742264e-08,2.450859e-06,3.092223e-07,5.282073e-07,8.542272e-08,1.268317e-07,1.379293e-07,4.077411e-06,3.560883e-07
12.500000,1.913168e-06,1.679990e-06,7.483963e-06,2.364561e-05,1.764862e-07,3.449910e-06,3.098449e-06,7.308060e-06,2.620850e-06,4.588161e-06,2.677979e-06,6.475493e-06,2.760053e-06,3.328821e-06,5.720767e-06,2.568555e-06,4.425802e-08,3.858552e-06,3.886763e-07,7.474447e-07,1.559805e-08,1.728417e-07,1.473404e-07,8.201927e-06,4.577789e-08
12.548828,1.606425e-06,3.342608e-06,6.030994e-06,2.171250e-05,2.997325e-08,3.975484e-06,2.740172e-06,7.174793e-06,2.570386e-06,2.208831e-06,1.983467e-06,5.614842e-06,4.245086e-06,3.910418e-06,6.550283e-06,1.416854e-06,8.748869e-08,2.572267e-06,2.290989e-07,7.466589e-07,1.171678e-07,1.858178e-07,4.429994e-08,6.696914e-06,5.138422e-08
12.597656,1.156170e-06,5.042138e-06,4.958903e-06,2.019724e-05,6.104835e-08,4.237070e-06,2.039679e-06,6.078714e-06,1.472750e-06,3.511276e-06,2.334382e-06,5.300381e-06,3.852276e-06,3.150862e-06,2.513482e-06,1.036385e-06,2.890996e-08,1.200420e-06,2.420681e-07,3.587550e-07,7.453100e-08,1.705818e-07,9.879537e-08,3.063338e-06,1.377415e-07
12.646484,7.047517e-07,6.238252e-06,5.599341e-06,1.967658e-05,7.860711e-08,3.949967e-06,1.590251e-06,3.788752e-06,1.062062e-06,6.862741e-06,2.614182e-06,3.991359e-06,3.029658e-06,2.054785e-06,8.363991e-07,1.286100e-06,9.947793e-08,1.512416e-06,4.533820e-07,1.840949e-07,1.245984e-07,6.614023e-08,2.427067e-08,2.992838e-06,7.696943e-08
12.695312,3.466547e-07,6.810063e-06,7.462455e-06,1.934011e-05,1.555569e-07,3.111271e-06,1.422983e-06,9.268362e-07,2.718608e-06,8.436304e-06,1.670945e-06,1.934938e-06,4.298002e-06,2.025073e-06,1.060670e-06,8.457255e-07,1.307359e-07,2.799392e-06,6.493698e-07,2.977828e-07,6.867876e-08,7.421533e-08,7.617479e-08,2.360965e-06,1.044395e-07
12.744141,5.912323e-07,6.819352e-06,9.438094e-06,1.774417e-05,2.626782e-07,2.002385e-06,1.289967e-06,1.354525e-06,3.415095e-06,9.516017e-06,1.521520e-06,1.761512e-06,5.025859e-06,2.256754e-06,1.352952e-06,1.822813e-06,8.674459e-08,3.009956e-06,4.991555e-07,8.879951e-07,7.082610e-08,5.265461e-08,2.609384e-08,3.348047e-06,1.563586e-07
12.792969,1.157658e-06,6.440281e-06,1.104923e-05,1.412561e-05,3.168738e-07,1.241864e-06,1.156666e-06,2.247503e-06,3.162038e-06,1.094773e-05,3.557551e-06,2.130606e-06,4.705914e-06,2.054849e-06,3.088466e-06,2.070890e-06,9.816495e-09,1.797460e-06,2.609510e-07,5.322533e-07,1.864784e-08,6.960659e-08,7.040354e-08,4.075790e-06,3.635568e-07
12.841797,1.643112e-06,5.965440e-06,1.209811e-05,8.959708e-06,3.028397e-07,1.667756e-06,1.070880e-06,2.324223e-06,2.105065e-06,1.122094e-05,5.033269e-06,2.167639e-06,3.261211e-06,1.733535e-06,4.635826e-06,9.973698e-07,3.387099e-08,1.880615e-06,1.582806e-07,2.503694e-07,1.050675e-07,5.852203e-08,9.726255e-08,6.599976e-06,2.699636e-07
12.890625,1.920008e-06,5.865120e-06,1.244806e-05,3.770346e-06,2.721957e-07,2.202901e-06,9.002909e-07,2.911543e-06,9.573977e-07,1.237716e-05,5.309565e-06,2.715857e-06,1.562922e-06,1.758385e-06,4.667499e-06,3.082627e-06,2.638128e-08,3.116649e-06,2.832073e-07,1.158003e-07,1.432097e-07,5.170375e-08,6.141429e-08,3.834554e-06,1.034710e-07
12.939453,2.009280e-06,6.486417e-06,1.218139e-05,2.356513e-06,2.638241e-07,2.091920e-06,4.167004e-07,3.694053e-06,7.763685e-07,1.621748e-05,4.291815e-06,4.576035e-06,1.098807e-06,2.130602e-06,3.331343e-06,3.571707e-06,1.530305e-08,3.053882e-06,2.326035e-07,1.654128e-07,9.918398e-08,9.113761e-08,9.583853e-08,3.335911e-06,1.624544e-07
12.988281,2.033307e-06,7.507051e-06,1.190725e-05,4.683680e-06,2.362201e-07,1.462746e-06,3.597937e-07,3.959782e-06,1.015248e-06,1.791978e-05,2.522308e-06,5.869595e-06,1.084244e-06,1.938218e-06,9.535551e-07,4.084928e-06,7.762313e-08,2.679330e-06,4.499483e-07,8.379889e-07,4.797770e-08,1.115654e-07,1.042118e-07,6.025378e-06,2.244905e-07
13.037109,2.074644e-06,8.224115e-06,1.255425e-05,7.154964e-06,1.625752e-07,8.878083e-07,1.105720e-06,3.782384e-06,2.204023e-06,1.616858e-05,1.722679e-06,4.778514e-06,1.563390e-06,1.278301e-06,1.280347e-06,4.011094e-06,8.725121e-08,1.152323e-06,4.765131e-07,8.367282e-07,1.120103e-07,9.488370e-08,8.567680e-08,3.074744e-06,1.863470e-07
13.085938,2.089290e-06,8.158729e-06,1.423310e-05,1.045222e-05,1.013477e-07,6.716991e-07,1.543566e-06,3.554364e-06,3.125696e-06,1.436332e-05,2.846175e-06,3.846268e-06,2.430439e-06,6.997829e-07,1.496035e-06,3.193299e-06,9.809590e-08,1.509029e-06,3.136720e-07,3.415272e-07,1.540327e-07,7.190016e-08,1.042826e-07,4.980263e-06,1.231635e-07
13.134766,2.001340e-06,7.276700e-06,1.585728e-05,1.354845e-05,1.277897e-07,4.099567e-07,1.640853e-06,3.574929e-06,3.288785e-06,1.183906e-05,3.767406e-06,5.173554e-06,2.765925e-06,7.947348e-07,1.989772e-06,2.540277e-06,8.066284e-08,2.358649e-06,4.620210e-07,1.159473e-07,1.559580e-07,2.499801e-08,1.465492e-07,6.654250e-06,5.260843e-08
13.183594,1.835785e-06,5.924507e-06,1.614374e-05,1.456142e-05,1.549165e-07,6.028323e-07,1.522742e-06,3.850369e-06,2.932911e-06,7.109325e-06,3.415713e-06,4.361757e-06,1.967983e-06,7.815091e-07,5.545217e-06,1.548232e-06,5.996136e-08,9.588605e-07,2.527144e-07,1.957514e-07,1.760882e-07,5.113667e-08,9.277180e-08,3.268997e-06,1.842361e-07
13.232422,1.773273e-06,4.596358e-06,1.433002e-05,1.262804e-05,1.470205e-07,1.419657e-06,1.213314e-06,4.105862e-06,2.278619e-06,5.074797e-06,2.075793e-06,2.492363e-06,2.343580e-06,8.656825e-07,6.700244e-06,1.680967e-06,3.987197e-08,1.816190e-06,2.044316e-07,4.175785e-07,1.708753e-07,8.324394e-08,5.740626e-08,1.556090e-06,1.338256e-07
13.281250,2.019185e-06,3.671452e-06,1.036257e-05,8.771690e-06,1.080797e-07,2.126602e-06,7.403252e-07,3.966978e-06,1.741263e-06,5.282306e-06,2.420433e-06,2.056192e-06,4.854219e-06,1.931535e-06,4.378048e-06,1.759739e-06,6.496865e-08,3.450716e-06,3.360242e-07,1.954042e-07,1.490021e-07,5.786444e-08,8.791536e-08,4.127318e-06,2.674123e-07
13.330078,2.518213e-06,3.293781e-06,4.911393e-06,5.981261e-06,5.471414e-08,2.356705e-06,3.663794e-07,3.243326e-06,2.905463e-06,3.787063e-06,3.684631e-06,1.497090e-06,6.023507e-06,1.568259e-06,5.659257e-06,1.639162e-06,8.631439e-08,3.348720e-06,1.202493e-07,2.580605e-07,9.986687e-08,3.868526e-08,9.835610e-08,4.128222e-06,2.572594e-07
13.378906,3.045703e-06,3.353163e-06,2.195913e-06,6.509911e-06,1.389872e-07,2.055959e-06,2.720271e-07,2.113683e-06,4.633431e-06,1.495486e-06,4.254020e-06,9.921915e-07,4.105301e-06,9.931575e-07,4.844899e-06,3.304248e-06,8.942103e-08,2.196098e-06,2.289628e-07,2.708549e-07,4.188029e-08,4.280738e-08,9.901863e-08,4.370109e-06,2.461111e-07
13.427734,3.438987e-06,3.511106e-06,7.246908e-06,7.996437e-06,2.739788e-07,1.777529e-06,3.527103e-07,1.083665e-06,4.865025e-06,3.212440e-06,5.052241e-06,2.080798e-06,7.926062e-07,1.351083e-06,3.018787e-06,5.309963e-06,5.119360e-08,1.098193e-06,2.453980e-07,1.786964e-07,3.319478e-08,2.124495e-08,1.351688e-07,8.174057e-06,1.249967e-07
13.476562,3.646783e-06,3.451985e-06,1.131394e-05,9.716274e-06,3.692068e-07,2.299197e-06,7.301322e-07,6.075102e-07,3.109585e-06,6.394544e-06,5.953921e-06,2.177381e-06,1.038194e-06,8.797080e-07,3.512630e-06,6.678273e-06,5.843682e-08,4.645618e-07,6.593171e-08,3.993554e-07,5.256079e-08,5.702971e-08,1.063430e-07,1.233532e-05,1.537638e-07
13.525391,3.694007e-06,3.127341e-06,1.381482e-05,1.232480e-05,3.896661e-07,3.125670e-06,1.009800e-06,3.916056e-07,7.014989e-07,6.720559e-06,5.723217e-06,5.211935e-07,2.934592e-07,1.097033e-06,3.391580e-06,6.512994e-06,2.439277e-08,5.865307e-07,9.172373e-08,3.229440e-07,1.145076e-07,6.144830e-08,1.478021e-08,1.193453e-05,2.141061e-07
13.574219,3.622308e-06,2.765288e-06,1.526892e-05,1.534271e-05,3.420771e-07,3.594169e-06,1.062520e-06,7.313976e-07,1.397431e-06,5.932151e-06,4.565533e-06,1.208472e-06,2.522837e-06,1.212313e-06,4.809239e-06,4.145842e-06,2.633293e-08,3.579363e-07,5.209190e-08,4.335607e-07,1.666156e-07,4.180200e-08,1.624681e-08,7.217295e-06,1.231683e-07
13.623047,3.456105e-06,2.681748e-06,1.643117e-05,1.749516e-05,2.595590e-07,3.514225e-06,1.082003e-06,1.361436e-06,1.930440e-06,5.160023e-06,4.080168e-06,1.828012e-06,5.008004e-06,1.555044e-06,7.348959e-06,1.401837e-06,2.540315e-08,1.395902e-06,2.892542e-08,3.160728e-07,1.730722e-07,4.735636e-08,5.169732e-08,3.551870e-06,6.791264e-08
13.671875,3.216217e-06,3.075143e-06,1.734833e-05,1.766661e-05,1.689088e-07,2.968076e-06,1.207642e-06,2.364241e-06,2.089629e-06,2.575069e-06,4.372349e-06,3.809460e-06,6.931699e-06,2.155197e-06,7.348908e-06,1.679901e-06,1.096418e-07,2.197686e-06,3.642337e-08,1.478942e-07,9.004945e-08,4.639498e-08,1.336061e-08,3.563514e-06,2.137665e-07
13.720703,2.939554e-06,3.956671e-06,1.714129e-05,1.552380e-05,8.408793e-08,2.187906e-06,1.446137e-06,3.639963e-06,2.488311e-06,4.506290e-06,4.075610e-06,5.109726e-06,7.012234e-06,1.089900e-06,5.667430e-06,2.452679e-06,1.371762e-07,1.697975e-06,8.928746e-08,1.215158e-07,6.923178e-08,1.128337e-08,4.115343e-08,1.763823e-06,1.067514e-07
13.769531,2.668941e-06,5.121292e-06,1.481947e-05,1.174557e-05,8.094564e-08,1.550740e-06,1.813218e-06,4.480239e-06,2.994340e-06,5.980467e-06,3.047902e-06,4.066684e-06,4.882257e-06,1.466125e-06,3.635222e-06,1.205891e-06,1.150338e-07,1.282835e-06,1.103498e-07,2.504710e-07,4.546081e-08,4.836685e-08,4.502951e-08,2.526022e-06,9.383458e-08
13.818359,2.444122e-06,6.245296e-06,1.020634e-05,7.579008e-06,1.654246e-07,1.355197e-06,2.138768e-06,4.622934e-06,3.180669e-06,3.755954e-06,2.357259e-06,2.113058e-06,3.505470e-06,1.365134e-06,3.838529e-06,3.051596e-07,3.505319e-08,1.051583e-06,1.051794e-07,2.467110e-07,6.748496e-08,8.255949e-08,6.035630e-08,5.593423e-06,8.020008e-08
13.867188,2.322634e-06,7.086070e-06,5.212264e-06,4.447494e-06,2.656033e-07,1.357624e-06,2.252614e-06,4.386405e-06,2.755481e-06,1.808023e-06,2.775598e-06,1.170688e-06,2.867332e-06,1.265163e-07,4.226280e-06,9.204942e-07,4.403452e-08,3.177297e-07,1.827530e-07,2.470183e-07,5.674907e-08,7.010723e-08,3.766309e-08,4.852068e-06,1.155193e-07
13.916016,2.363511e-06,7.575092e-06,7.277230e-06,4.472727e-06,3.793691e-07,1.366786e-06,2.184557e-06,3.962800e-06,1.878868e-06,1.002064e-06,3.175846e-06,1.907474e-06,2.808289e-06,8.626008e-07,3.086773e-06,1.798375e-06,5.541974e-08,2.307348e-06,1.145923e-07,6.586642e-07,6.616211e-08,4.555817e-08,3.719018e-08,2.395539e-06,1.139356e-07
13.964844,2.536138e-06,7.737016e-06,1.291226e-05,6.052704e-06,4.862264e-07,1.522181e-06,1.985107e-06,3.516177e-06,9.693512e-07,2.885086e-06,2.680011e-06,3.586235e-06,3.899397e-06,7.085221e-07,2.127089e-06,4.038890e-06,6.494912e-08,2.186997e-06,3.353821e-07,3.840364e-07,5.407276e-08,5.032317e-08,8.764370e-08,2.699510e-06,9.640974e-08
14.013672,2.707700e-06,7.569156e-06,1.715968e-05,6.151576e-06,5.458669e-07,1.849014e-06,1.563339e-06,3.764890e-06,4.105168e-07,5.824041e-06,7.696232e-07,4.560713e-06,4.424456e-06,4.753930e-07,2.792162e-06,5.113076e-06,2.521916e-08,1.272279e-06,3.336816e-07,6.362659e-07,8.152262e-08,4.867138e-08,5.656834e-08,3.019395e-06,4.301656e-08
14.062500,2.747132e-06,7.063687e-06,1.948405e-05,4.606352e-06,5.344024e-07,2.170353e-06,8.654041e-07,4.502405e-06,4.343538e-07,6.147651e-06,2.760578e-06,5.347702e-06,3.786663e-06,1.174353e-06,3.565696e-06,3.555373e-06,3.930665e-08,9.249023e-07,3.400491e-07,8.227775e-07,3.769045e-08,3.817369e-08,7.861880e-08,4.420174e-07,9.661962e-08
14.111328,2.599572e-06,6.330989e-06,2.039981e-05,4.443383e-06,4.715787e-07,2.263941e-06,4.574184e-07,4.438711e-06,8.146015e-07,5.040646e-06,5.983333e-06,5.415001e-06,3.291739e-06,1.288326e-06,3.302284e-06,1.975490e-06,5.005129e-08,1.261623e-06,3.719909e-07,4.347238e-07,5.909836e-08,5.508283e-08,6.365680e-08,1.537640e-06,1.941155e-07
14.160156,2.294991e-06,5.596852e-06,2.023261e-05,6.307272e-06,4.174383e-07,2.016374e-06,1.198014e-06,3.812093e-06,1.397379e-06,4.966301e-06,7.028785e-06,4.791229e-06,1.895046e-06,1.363756e-06,2.281136e-06,1.876713e-06,4.790511e-08,2.556465e-06,4.943403e-07,6.061958e-07,7.686921e-08,2.541615e-08,6.117881e-08,3.006316e-06,1.537565e-07
14.208984,1.926747e-06,4.978049e-06,1.862375e-05,7.111254e-06,4.162079e-07,1.515504e-06,1.766694e-06,4.538146e-06,1.844011e-06,6.181742e-06,5.677318e-06,4.091203e-06,7.724371e-07,1.923295e-06,2.390094e-06,2.458699e-06,3.762463e-08,3.086688e-06,3.212963e-07,6.854096e-07,2.894514e-08,3.427256e-08,4.036847e-08,3.754786e-07,7.383026e-08
14.257812,1.621543e-06,4.312663e-06,1.525489e-05,6.925986e-06,4.400756e-07,1.138014e-06,1.888257e-06,5.323203e-06,1.732658e-06,7.832959e-06,3.925200e-06,3.440356e-06,3.068644e-07,1.208732e-06,2.844566e-06,1.664938e-06,1.966275e-08,2.444982e-06,2.336124e-07,5.992342e-07,2.783128e-08,4.357096e-08,1.061774e-08,3.398477e-06,6.836162e-08
14.306641,1.491820e-06,3.347259e-06,1.099008e-05,7.147399e-06,4.439160e-07,1.386841e-06,1.723357e-06,4.627297e-06,1.179335e-06,8.529283e-06,3.772498e-06,2.719627e-06,9.632690e-07,5.820943e-07,3.246516e-06,7.559806e-07,6.140569e-08,1.282874e-06,2.452319e-07,3.321885e-07,2.500042e-08,3.025297e-08,1.609843e-08,4.281178e-06,1.170856e-07
14.355469,1.562617e-06,2.033254e-06,8.656148e-06,6.805850e-06,4.151163e-07,1.729495e-06,1.602332e-06,3.844662e-06,1.084561e-06,7.883080e-06,4.367259e-06,2.475711e-06,5.650078e-07,1.240828e-06,4.616078e-06,1.806002e-06,8.814330e-08,1.523681e-06,2.295361e-07,1.859745e-08,2.251401e-08,2.707758e-08,6.307590e-08,3.540640e-06,4.698653e-08
14.404297,1.762876e-06,1.038727e-06,1.013697e-05,4.924782e-06,3.647041e-07,1.588723e-06,1.512377e-06,3.768901e-06,1.522105e-06,6.435261e-06,4.060099e-06,3.372376e-06,2.174091e-06,2.427222e-06,6.747663e-06,2.678940e-06,7.962242e-08,1.604794e-06,1.527366e-07,2.466919e-07,2.943823e-08,2.107522e-09,9.393350e-08,3.143994e-06,1.194589e-07
14.453125,1.996508e-06,2.161165e-06,1.247129e-05,5.953453e-06,3.107507e-07,1.230011e-06,1.233282e-06,2.669440e-06,1.726644e-06,4.587665e-06,2.807854e-06,3.535104e-06,4.914668e-06,1.966683e-06,7.649261e-06,2.377371e-06,4.877037e-08,6.832471e-07,2.213379e-07,3.093995e-07,6.552395e-08,2.330620e-08,8.587163e-08,4.068415e-06,1.752227e-07
14.501953,2.177298e-06,3.764793e-06,1.373373e-05,1.063271e-05,2.681653e-07,1.519593e-06,8.616790e-07,6.839995e-07,1.371346e-06,2.576589e-06,1.885899e-06,2.907745e-06,6.733198e-06,9.073355e-07,4.915478e-06,1.774090e-06,2.596254e-08,1.522147e-06,1.799559e-07,1.674840e-07,8.506679e-08,5.387815e-08,5.178812e-08,5.858025e-06,1.113121e-07
14.550781,2.240311e-06,5.053380e-06,1.402071e-05,1.386489e-05,2.403278e-07,1.971181e-06,6.253658e-07,1.179706e-06,5.813292e-07,6.280365e-07,1.930614e-06,2.689759e-06,5.045077e-06,8.378629e-07,2.722946e-06,5.922307e-07,3.260684e-08,2.563139e-06,1.677102e-07,1.787025e-07,9.884378e-08,4.182674e-08,5.673364e-08,4.981523e-06,3.042549e-09
14.599609,2.159736e-06,5.808725e-06,1.383325e-05,1.405169e-05,2.178649e-07,1.984218e-06,3.394404e-07,2.359296e-06,2.626882e-07,1.065977e-06,2.299757e-06,2.160178e-06,4.351668e-06,7.285082e-07,2.302915e-06,1.670336e-06,3.280081e-08,3.395742e-06,2.455707e-07,3.004223e-07,8.002881e-08,4.753860e-08,3.746099e-08,3.047861e-07,7.601538e-08
14.648438,1.957767e-06,6.015075e-06,1.319468e-05,1.226139e-05,1.908206e-07,1.730715e-06,2.242401e-07,3.115433e-06,7.788762e-07,1.913247e-06,2.158136e-06,1.646609e-06,5.368491e-06,5.896138e-07,1.293977e-06,2.841018e-06,2.522143e-08,3.316070e-06,2.772723e-07,4.487196e-07,1.185727e-07,5.313081e-08,6.095597e-09,1.080371e-06,1.502091e-07
14.697266,1.696006e-06,5.875100e-06,1.180791e-05,1.073713e-05,1.608284e-07,1.647475e-06,7.805465e-07,2.660639e-06,1.438901e-06,1.397419e-06,1.604190e-06,1.937270e-06,3.640860e-06,5.356431e-07,3.671851e-06,3.392405e-06,1.472456e-08,1.771233e-06,1.502650e-07,1.872410e-07,8.134516e-08,1.333380e-08,2.782725e-08,7.160253e-07,8.486836e-08
14.746094,1.460987e-06,5.748718e-06,9.608085e-06,1.009841e-05,1.411757e-07,1.771685e-06,1.072036e-06,1.012516e-06,1.931264e-06,2.857980e-06,1.287696e-06,2.923615e-06,1.242792e-06,1.214664e-06,4.561935e-06,1.548567e-06,4.295911e-08,1.421420e-06,3.236559e-08,9.851494e-08,6.111637e-08,1.356250e-08,3.223198e-08,9.099574e-07,2.873578e-08
14.794922,1.342114e-06,5.886184e-06,7.011178e-06,9.267765e-06,1.370778e-07,1.816912e-06,9.349611e-07,9.016400e-07,2.075108e-06,5.531241e-06,1.304964e-06,3.730760e-06,2.571511e-06,1.689961e-06,5.258494e-06,1.744145e-06,2.235544e-08,2.120720e-06,1.786140e-07,9.206291e-08,9.220828e-08,2.579070e-08,5.812967e-08,3.122625e-06,1.524989e-08
14.843750,1.363476e-06,6.150121e-06,5.007308e-06,8.338748e-06,1.315161e-07,1.712817e-06,4.845215e-07,1.654473e-06,2.193933e-06,7.472559e-06,1.167036e-06,3.888849e-06,4.405742e-06,2.291925e-06,4.199478e-06,2.128009e-06,1.852629e-08,2.978716e-07,1.950746e-07,1.000504e-07,3.592747e-08,2.389024e-08,4.212873e-08,5.467461e-06,4.855046e-08
14.892578,1.432037e-06,6.153816e-06,4.719668e-06,8.431389e-06,1.145523e-07,1.552133e-06,1.839545e-07,1.608743e-06,2.253712e-06,9.660616e-06,1.171926e-06,3.441534e-06,4.451064e-06,2.355225e-06,3.260533e-06,1.767312e-06,8.163757e-09,7.652484e-07,6.848034e-08,1.416969e-07,3.264247e-08,4.658908e-08,2.578901e-08,5.851043e-06,6.642202e-08
14.941406,1.416892e-06,5.615411e-06,5.266219e-06,9.337734e-06,1.103643e-07,1.239161e-06,4.943915e-07,1.272838e-06,1.958127e-06,1.084802e-05,1.640258e-06,2.557720e-06,3.005938e-06,1.413943e-06,3.732322e-06,2.048991e-06,3.454214e-08,1.383365e-06,1.651672e-07,4.363526e-07,3.021483e-08,2.940179e-08,1.553645e-08,2.372540e-06,1.197358e-08
14.990234,1.245206e-06,4.569258e-06,4.910039e-06,9.945826e-06,1.378931e-07,6.357925e-07,6.812742e-07,1.251713e-06,1.556914e-06,8.978607e-06,2.386745e-06,1.490614e-06,2.080798e-06,8.382957e-07,2.804357e-06,2.715710e-06,3.366474e-08,5.917276e-07,2.305805e-07,5.702583e-07,4.230667e-08,2.297454e-08,1.191266e-08,1.914396e-06,4.213247e-08
15.039062,9.342792e-07,3.446842e-06,3.167011e-06,9.765835e-06,1.624266e-07,1.862928e-07,7.871632e-07,1.270633e-06,1.568035e-06,5.737127e-06,3.272869e-06,1.308242e-06,2.445826e-06,7.400601e-07,2.303941e-06,2.104360e-06,2.310371e-08,1.045161e-06,3.102869e-07,1.600354e-07,2.881453e-08,4.213625e-08,1.536878e-08,1.270209e-06,1.290678e-07
15.087891,5.775746e-07,2.933451e-06,3.398922e-06,8.820617e-06,1.553731e-07,9.253750e-07,9.637753e-07,8.164757e-07,1.675207e-06,4.462182e-06,2.786629e-06,2.017348e-06,2.714537e-06,3.750905e-07,2.057268e-06,1.587343e-06,2.456396e-08,1.518274e-06,1.643980e-07,1.785337e-07,7.670276e-08,3.572373e-08,2.385263e-08,2.865742e-06,8.854013e-08
15.136719,2.819496e-07,3.052779e-06,8.173467e-06,7.323008e-06,1.184791e-07,1.798583e-06,1.242427e-06,1.754999e-06,1.377500e-06,3.900704e-06,7.407336e-07,2.037097e-06,2.507286e-06,1.022518e-06,2.749777e-06,2.264596e-06,2.306633e-08,1.747964e-06,2.259778e-08,2.329139e-07,5.306979e-08,3.040044e-08,3.318942e-08,2.043369e-06,1.100466e-07
15.185547,3.932379e-08,3.018904e-06,1.378585e-05,5.875645e-06,7.438297e-08,2.727144e-06,1.506257e-06,2.507177e-06,7.391024e-07,2.741553e-06,1.450431e-06,1.315989e-06,1.720112e-06,1.123092e-06,1.971263e-06,2.366197e-06,3.015809e-08,2.389668e-06,4.744209e-08,1.490666e-07,1.110721e-07,4.082088e-08,3.895384e-08,1.660041e-06,9.606631e-08
15.234375,2.992972e-07,2.392954e-06,1.865913e-05,5.698031e-06,4.885738e-08,3.297483e-06,1.658758e-06,2.050982e-06,4.477461e-07,1.005937e-06,1.975157e-06,8.972273e-07,9.172232e-07,9.714400e-07,2.136640e-06,2.812011e-06,4.901766e-08,2.972558e-06,1.367360e-07,2.441438e-07,7.182191e-08,4.024581e-08,8.350760e-08,2.831875e-06,6.894373e-08
15.283203,7.936216e-07,1.246638e-06,2.190877e-05,6.872269e-06,5.343205e-08,3.265245e-06,1.684211e-06,1.182218e-06,4.791935e-07,1.024276e-06,1.429615e-06,9.771291e-07,1.547932e-06,1.120819e-06,2.931725e-06,3.724638e-06,3.912313e-08,3.550254e-06,6.864614e-08,3.910501e-07,4.592203e-08,6.159413e-08,8.080264e-08,4.052490e-06,1.188238e-07
15.332031,1.357595e-06,3.859107e-07,2.339395e-05,7.787003e-06,7.827063e-08,2.837131e-06,1.565433e-06,9.888098e-07,6.420782e-07,2.271239e-06,9.276869e-07,7.056349e-07,2.437269e-06,1.307562e-06,2.726128e-06,3.606796e-06,2.847907e-08,2.149362e-06,6.963279e-08,1.958340e-07,3.894669e-08,3.597547e-08,2.414549e-08,3.612989e-06,1.288668e-07
15.380859,1.839076e-06,1.496751e-06,2.373829e-05,7.582270e-06,9.981854e-08,2.311054e-06,1.272804e-06,9.107873e-07,1.094397e-06,2.503445e-06,8.857215e-07,7.699555e-07,2.685337e-06,1.782897e-06,3.007999e-06,2.138096e-06,5.324325e-08,1.334510e-06,1.184489e-07,2.065023e-07,1.097113e-08,2.216911e-08,4.214652e-09,2.254421e-06,4.249972e-08
15.429688,2.105017e-06,2.405381e-06,2.377359e-05,7.042276e-06,9.861962e-08,1.837882e-06,8.841219e-07,7.610013e-07,1.059827e-06,1.555527e-06,2.052231e-06,1.592411e-06,2.164844e-06,2.145218e-06,3.102613e-06,1.980859e-06,6.103777e-08,1.561325e-07,1.467359e-07,4.191701e-07,3.845375e-08,3.731399e-08,3.290145e-08,1.403950e-06,1.114944e-07
15.478516,2.100369e-06,2.973975e-06,2.368825e-05,7.624206e-06,7.860368e-08,1.932207e-06,5.879497e-07,8.700511e-07,8.530714e-07,2.102736e-06,2.804913e-06,2.813734e-06,1.121776e-06,2.330942e-06,1.571938e-06,3.956692e-06,6.513521e-08,5.373873e-07,8.140690e-08,4.353184e-07,2.043809e-08,3.273773e-08,2.873269e-08,3.706033e-06,9.047236e-08
15.527344,1.866865e-06,3.359503e-06,2.292665e-05,8.847628e-06,7.678820e-08,2.585746e-06,4.189241e-07,1.346679e-06,9.569516e-07,4.222879e-06,3.010043e-06,3.217345e-06,1.657700e-06,2.078030e-06,2.526188e-06,4.262896e-06,4.659221e-08,8.375048e-07,2.647723e-07,3.008159e-07,3.041947e-08,2.827032e-08,2.624667e-08,3.309108e-06,5.607637e-08
15.576172,1.512334e-06,3.722105e-06,2.098665e-05,9.571437e-06,1.018656e-07,2.931272e-06,3.457554e-07,1.667052e-06,5.798334e-07,4.053470e-06,3.057781e-06,2.461175e-06,2.115294e-06,2.160957e-06,2.279203e-06,2.500992e-06,2.811785e-08,1.274985e-06,2.115893e-07,4.490971e-07,6.495544e-08,3.918927e-08,2.437289e-08,4.042680e-06,7.062439e-08
15.625000,1.140706e-06,4.054139e-06,1.803878e-05,1.016814e-05,1.195056e-07,2.559322e-06,5.549303e-07,1.756895e-06,6.271018e-07,1.860519e-06,2.740789e-06,2.372833e-06,1.825872e-06,2.151072e-06,3.419082e-06,2.397205e-06,4.892897e-09,8.098137e-07,1.112267e-07,3.239532e-07,3.318414e-08,4.331089e-08,3.095100e-08,2.296919e-06,1.096672e-07
15.673828,7.920936e-07,4.212689e-06,1.485817e-05,1.132233e-05,1.261183e-07,1.597760e-06,7.652011e-07,1.949395e-06,1.353833e-06,1.041730e-06,2.020231e-06,2.265715e-06,1.598443e-06,1.526761e-06,3.737816e-06,1.542696e-06,2.725486e-08,6.345141e-08,7.469703e-08,1.558789e-07,3.924439e-08,1.235276e-08,2.964493e-08,1.938322e-06,5.791089e-08
15.722656,4.742097e-07,4.067652e-06,1.234736e-05,1.223120e-05,1.376002e-07,4.621849e-07,7.773686e-07,2.434835e-06,1.940237e-06,2.651265e-06,1.328920e-06,1.280560e-06,1.475020e-06,1.958993e-06,3.610081e-06,1.244217e-06,3.833551e-08,2.367199e-07,1.304165e-07,2.359340e-07,2.459620e-08,7.345003e-09,6.396820e-08,2.674268e-06,6.670336e-08
15.771484,3.129975e-07,3.583798e-06,1.106024e-05,1.171938e-05,1.520909e-07,8.516823e-07,6.706425e-07,2.845160e-06,2.393690e-06,4.153708e-06,9.776396e-07,1.668668e-06,1.588365e-06,2.504886e-06,3.291572e-06,2.337292e-06,2.958920e-08,8.414403e-07,1.579039e-07,2.655867e-07,6.194920e-08,2.314194e-08,9.624290e-09,3.692928e-06,1.619810e-08
15.820312,4.221148e-07,2.812988e-06,1.100585e-05,9.759743e-06,1.531913e-07,1.856852e-06,6.332204e-07,2.611570e-06,2.254814e-06,4.698411e-06,8.675374e-07,2.168793e-06,1.515298e-06,2.546765e-06,4.414969e-06,2.983866e-06,3.773845e-08,1.396389e-06,9.586739e-08,2.204181e-07,4.476687e-08,3.694751e-08,5.429309e-09,2.760090e-06,3.683627e-08
15.869141,4.964459e-07,1.853086e-06,1.173364e-05,7.429668e-06,1.385243e-07,2.624439e-06,6.404132e-07,1.791243e-06,1.697289e-06,5.944855e-06,8.492621e-07,1.378371e-06,7.936272e-07,1.605823e-06,6.802272e-06,3.419765e-06,3.228859e-08,1.687919e-06,6.049157e-08,3.151442e-07,9.841826e-09,4.208804e-08,1.834276e-08,1.025880e-06,2.099949e-08
15.917969,3.972289e-07,8.252854e-07,1.250293e-05,5.876648e-06,1.233390e-07,2.877512e-06,5.676716e-07,1.221868e-06,1.387233e-06,7.681473e-06,8.333736e-07,1.969594e-07,1.324049e-06,5.635725e-07,6.351499e-06,3.093812e-06,3.192823e-08,2.100437e-06,1.061952e-07,1.758472e-07,3.320903e-08,3.335057e-08,4.729904e-08,1.583632e-06,3.018610e-08
15.966797,2.335750e-07,1.652376e-07,1.251317e-05,5.244893e-06,1.180555e-07,2.469554e-06,4.569536e-07,1.281686e-06,9.360989e-07,6.974303e-06,7.838675e-07,4.879930e-07,2.425723e-06,1.038377e-06,4.529017e-06,2.524333e-06,2.741526e-08,2.670094e-06,6.818838e-08,3.404227e-07,4.779716e-08,3.232798e-08,5.607813e-08,1.596271e-06,3.118482e-08
16.015625,4.275144e-07,9.155280e-07,1.128947e-05,5.003715e-06,1.113343e-07,1.610219e-06,4.676911e-07,1.191887e-06,2.685403e-07,3.711897e-06,8.515921e-07,5.389783e-07,4.395871e-06,1.527984e-06,4.195119e-06,2.825249e-06,1.626451e-08,1.878394e-06,8.322049e-08,4.900319e-07,6.986346e-08,4.418226e-08,9.023517e-09,3.471517e-06,9.308199e-08
16.064453,7.242640e-07,1.486415e-06,9.325170e-06,4.730637e-06,9.052307e-08,8.425602e-07,6.096480e-07,7.989778e-07,2.293092e-07,1.507406e-06,1.243579e-06,1.015173e-06,5.011371e-06,1.566555e-06,1.640993e-06,1.505167e-06,3.812195e-08,2.240721e-06,3.321399e-08,2.677173e-07,2.388285e-08,2.024218e-08,4.764501e-08,2.750882e-06,1.424176e-07
16.113281,8.863335e-07,2.049146e-06,8.773175e-06,4.288008e-06,6.032578e-08,1.039294e-06,7.519364e-07,4.339245e-07,2.118182e-07,2.939653e-06,1.763234e-06,1.568388e-06,4.007439e-06,1.976854e-06,2.087474e-06,2.230745e-07,3.239358e-08,2.796154e-06,1.006021e-07,1.346232e-07,3.425303e-08,1.252903e-08,2.359914e-08,3.559546e-06,6.726773e-08
16.162109,8.831136e-07,2.789709e-06,1.101913e-05,4.157378e-06,5.568155e-08,1.815594e-06,8.057710e-07,5.006294e-07,8.660716e-07,3.067572e-06,2.385051e-06,1.706174e-06,2.232783e-06,2.372767e-06,4.109217e-06,9.149488e-07,2.536934e-08,1.963086e-06,1.409601e-07,2.970593e-07,4.436484e-08,4.803704e-09,2.184450e-08,2.695130e-06,4.610540e-08
16.210938,8.208324e-07,3.593815e-06,1.376973e-05,4.819343e-06,9.176010e-08,2.526824e-06,7.477175e-07,9.220574e-07,1.046699e-06,2.333735e-06,2.949109e-06,1.926027e-06,7.278341e-07,1.962594e-06,3.886689e-06,2.237197e-06,7.490430e-09,1.870838e-06,1.067853e-07,4.171963e-07,1.694785e-08,1.558995e-08,3.880304e-08,3.095793e-06,5.405556e-08
16.259766,8.693140e-07,4.161083e-06,1.479536e-05,5.690982e-06,1.299436e-07,2.946581e-06,6.456720e-07,1.314584e-06,6.972525e-07,1.957001e-06,2.664379e-06,2.199955e-06,1.278453e-06,1.231439e-06,2.079538e-06,2.229032e-06,1.392830e-08,1.607017e-06,8.351917e-08,4.147975e-07,4.790182e-08,2.105727e-08,4.685700e-08,3.160233e-06,6.270661e-08
16.308594,1.030780e-06,4.294708e-06,1.342734e-05,6.017224e-06,1.515443e-07,3.102132e-06,6.016923e-07,1.447222e-06,6.679097e-07,2.681609e-06,1.540857e-06,2.284154e-06,1.950002e-06,9.025685e-07,2.728725e-06,2.330483e-06,9.734867e-09,1.274130e-06,1.275632e-07,3.817918e-07,2.729381e-08,2.301046e-08,4.800464e-08,1.766116e-06,3.056447e-08
16.357422,1.159883e-06,4.061231e-06,1.032424e-05,5.470989e-06,1.519795e-07,3.127913e-06,5.973758e-07,1.350599e-06,6.649189e-07,3.255131e-06,1.719155e-06,2.075877e-06,1.506086e-06,9.969263e-07,2.562726e-06,2.021460e-06,8.846070e-09,9.470340e-07,6.216559e-08,2.932193e-07,6.112947e-08,1.327643e-08,5.126433e-08,2.127863e-06,2.083406e-08
16.406250,1.168364e-06,3.732688e-06,7.056539e-06,4.130812e-06,1.393235e-07,3.034729e-06,5.596622e-07,1.288371e-06,1.948405e-07,2.532416e-06,1.888435e-06,1.461605e-06,1.738882e-07,1.194253e-06,2.868727e-06,9.899523e-07,1.250089e-08,9.864106e-07,6.782808e-08,3.500382e-07,2.347594e-08,2.399562e-08,4.086219e-08,2.186325e-06,6.387584e-08
16.455078,1.060568e-06,3.479401e-06,5.249704e-06,2.767153e-06,1.316283e-07,2.740715e-06,5.094833e-07,1.545514e-06,6.723197e-07,1.571577e-06,6.946504e-07,9.946873e-07,3.699329e-07,8.975965e-07,4.263181e-06,1.394222e-06,9.996597e-09,9.845235e-07,9.885819e-08,3.571514e-07,4.819149e-08,2.303436e-08,2.961821e-08,2.625066e-06,6.333594e-08
16.503906,9.057662e-07,3.181369e-06,4.707444e-06,2.712188e-06,1.372338e-07,2.208582e-06,5.112686e-07,1.651909e-06,1.196404e-06,2.677597e-06,9.564745e-07,9.073521e-07,1.116389e-06,9.973968e-07,2.157295e-06,1.828325e-06,3.444825e-08,1.006636e-06,8.200648e-08,1.707704e-07,1.532865e-08,1.885456e-08,1.154934e-08,3.910729e-06,5.122784e-08
16.552734,8.028525e-07,2.800016e-06,3.952680e-06,3.055954e-06,1.418861e-07,1.564794e-06,5.645364e-07,1.097726e-06,1.558448e-06,2.881970e-06,1.155879e-06,1.203498e-06,1.713149e-06,1.178732e-06,2.285916e-06,2.424702e-06,2.952159e-08,1.988944e-06,8.704514e-08,9.784031e-08,5.087771e-08,1.874085e-08,2.008685e-08,4.972834e-06,2.722904e-08
16.601562,8.122975e-07,2.808007e-06,2.777127e-06,2.905186e-06,1.313101e-07,1.229322e-06,6.239406e-07,2.264207e-07,2.004475e-06,1.544458e-06,1.135803e-06,1.837761e-06,1.703773e-06,6.367983e-07,3.137589e-06,2.154584e-06,5.991951e-09,2.933966e-06,1.003699e-08,7.712886e-08,4.777759e-08,1.460030e-08,2.961495e-08,3.567662e-06,1.824060e-08
16.650391,8.992045e-07,3.547443e-06,2.444684e-06,4.154297e-06,1.077985e-07,1.405836e-06,6.610609e-07,9.504830e-07,2.264280e-06,5.948642e-07,2.187827e-06,1.931356e-06,1.692058e-06,1.374786e-06,3.459504e-06,7.711059e-07,9.032196e-09,2.377947e-06,9.637896e-08,1.862751e-07,2.854161e-08,1.794628e-08,3.297745e-08,3.725659e-06,2.278285e-08
16.699219,9.988562e-07,4.453657e-06,3.850308e-06,7.025769e-06,8.794729e-08,1.598940e-06,6.794553e-07,1.322776e-06,2.025397e-06,2.016293e-06,2.446228e-06,1.514904e-06,1.033205e-06,2.038452e-06,3.091308e-06,3.029695e-06,1.380458e-08,1.309820e-06,7.764217e-08,1.288257e-07,1.968936e-08,3.754076e-08,3.349329e-08,3.645036e-06,2.842975e-08
16.748047,1.080008e-06,4.932108e-06,6.053101e-06,9.630656e-06,8.367605e-08,1.495582e-06,6.998545e-07,1.165733e-06,1.526458e-06,4.063302e-06,2.055425e-06,7.188259e-07,1.231002e-06,1.680865e-06,2.059929e-06,3.493084e-06,1.486857e-08,1.652893e-06,6.070553e-08,1.661183e-07,2.298126e-08,3.160878e-08,1.583966e-08,8.371513e-07,1.933705e-08
16.796875,1.135338e-06,4.813401e-06,8.659132e-06,1.100060e-05,8.488961e-08,1.008909e-06,7.329052e-07,7.510643e-07,1.254147e-06,5.351223e-06,1.795052e-06,5.477600e-07,1.050483e-06,1.391351e-06,7.673347e-08,3.697114e-06,2.624407e-08,1.926529e-06,6.304502e-08,2.081223e-07,2.442475e-08,8.369217e-09,1.710361e-08,4.601787e-06,5.979828e-08
16.845703,1.158784e-06,4.327480e-06,1.146914e-05,1.119292e-05,8.130161e-08,2.318965e-07,7.861196e-07,3.837612e-07,1.044526e-06,5.426689e-06,2.162159e-06,1.433406e-06,1.051368e-06,1.373159e-06,1.897624e-06,2.389458e-06,2.943808e-08,2.248153e-06,6.184596e-08,1.475620e-07,2.729505e-08,6.269102e-09,4.369074e-09,3.448094e-06,3.134455e-08
16.894531,1.140227e-06,3.924215e-06,1.410124e-05,1.078819e-05,7.463472e-08,5.156418e-07,8.672823e-07,5.502797e-07,6.486747e-07,5.248308e-06,2.687402e-06,1.892784e-06,1.300759e-06,1.192527e-06,2.457798e-06,1.764867e-06,1.477669e-08,2.626257e-06,9.087427e-08,1.471307e-07,2.891276e-08,1.634953e-08,3.437428e-08,3.561823e-06,2.159861e-08
16.943359,1.072446e-06,3.866185e-06,1.600420e-05,1.009001e-05,6.973046e-08,8.699145e-07,9.474162e-07,9.252375e-07,6.678224e-07,3.938623e-06,3.165686e-06,1.600247e-06,1.112998e-06,1.500465e-06,3.298395e-06,1.078341e-06,1.832643e-08,2.260350e-06,5.559198e-08,2.538453e-07,1.325137e-08,1.922304e-08,2.415457e-08,1.645065e-06,4.876274e-08
16.992188,9.556664e-07,3.956255e-06,1.667072e-05,8.893770e-06,6.884546e-08,7.720231e-07,9.674325e-07,1.261017e-06,9.985845e-07,1.569231e-06,4.102130e-06,1.733784e-06,1.213667e-06,1.220073e-06,4.283967e-06,9.051163e-07,1.590998e-08,1.664245e-06,7.676958e-08,3.775301e-07,2.997310e-08,5.535843e-09,1.384388e-08,2.567629e-06,1.080445e-08
17.041016,7.992395e-07,3.862538e-06,1.595608e-05,7.113549e-06,7.116699e-08,6.787252e-07,8.943220e-07,1.536110e-06,8.807966e-07,3.122794e-06,4.366136e-06,2.410065e-06,1.021163e-06,1.114922e-06,4.327094e-06,2.100733e-06,1.385116e-08,6.439536e-07,1.142403e-07,2.907864e-07,2.643932e-08,4.703500e-09,8.343077e-09,2.637873e-06,4.196959e-08
17.089844,6.282520e-07,3.418806e-06,1.432872e-05,5.433675e-06,7.145289e-08,8.306257e-07,7.477345e-07,1.651483e-06,4.237254e-07,3.447570e-06,3.342999e-06,2.621451e-06,9.941169e-08,4.718461e-07,4.753337e-06,2.664008e-06,1.758516e-08,7.113189e-07,2.331893e-08,9.260011e-08,1.775464e-08,1.343476e-09,8.875356e-09,1.897834e-06,1.995488e-08
17.138672,4.883100e-07,2.628735e-06,1.281430e-05,5.014978e-06,6.391768e-08,9.252648e-07,5.807481e-07,1.529941e-06,8.616958e-07,1.415256e-06,2.214081e-06,2.360963e-06,1.067992e-06,4.423801e-07,3.907774e-06,2.280697e-06,2.302716e-08,8.228944e-07,9.609237e-08,1.467300e-07,1.102560e-08,1.098749e-08,1.516282e-08,1.989230e-06,4.679726e-08
17.187500,4.181160e-07,1.641088e-06,1.232360e-05,5.375739e-06,4.851530e-08,1.278147e-06,4.593573e-07,1.273960e-06,1.326983e-06,2.074296e-06,1.758457e-06,1.498438e-06,1.165225e-06,4.856847e-07,1.201947e-06,3.438842e-06,1.995895e-08,6.392092e-07,1.020866e-07,1.011575e-07,2.817802e-08,2.406143e-08,3.294692e-09,4.687489e-06,4.000725e-09
17.236328,3.996675e-07,9.086268e-07,1.272179e-05,4.951414e-06,3.060029e-08,1.928283e-06,4.493613e-07,1.108350e-06,1.491262e-06,3.562633e-06,1.704526e-06,4.648823e-07,1.337033e-06,6.783982e-07,2.532781e-06,4.416948e-06,1.505793e-08,5.488380e-07,9.386931e-08,1.346438e-07,2.070126e-08,1.169296e-08,2.005362e-08,5.304757e-06,1.951517e-08
17.285156,4.021219e-07,1.178094e-06,1.310928e-05,3.241562e-06,1.487962e-08,2.389100e-06,5.249951e-07,1.131041e-06,1.598794e-06,3.603179e-06,1.938120e-06,4.433155e-07,7.959911e-07,9.933045e-07,2.219485e-06,2.831276e-06,1.069355e-08,1.253472e-06,4.832530e-08,1.995560e-07,2.008428e-08,2.855688e-09,1.917305e-08,4.824566e-06,5.548756e-08
17.333984,4.405000e-07,1.646440e-06,1.275468e-05,1.017081e-06,1.266702e-08,2.371526e-06,5.881529e-07,1.191265e-06,1.515898e-06,2.520368e-06,1.519123e-06,5.176804e-07,4.489326e-07,1.106720e-06,2.157568e-06,2.603886e-06,1.785443e-08,1.068320e-06,6.719169e-08,1.245316e-07,3.061351e-08,7.834717e-09,1.337647e-08,2.615147e-06,5.533678e-08
17.382812,5.168208e-07,1.738714e-06,1.136718e-05,2.201629e-06,2.906082e-08,1.936093e-06,5.860659e-07,1.150097e-06,1.340863e-06,7.595306e-07,5.328896e-07,4.093637e-07,1.228253e-06,1.046965e-06,4.389910e-06,3.805564e-06,1.060855e-08,1.564978e-06,7.422943e-08,2.311298e-07,5.214210e-08,6.711559e-09,2.376552e-08,1.259998e-06,3.412946e-08
17.431641,5.870847e-07,1.440800e-06,9.097728e-06,4.156256e-06,4.287373e-08,1.512702e-06,5.180599e-07,1.061248e-06,1.576939e-06,1.489881e-06,2.530371e-07,4.010324e-07,1.335280e-06,7.351567e-07,4.440599e-06,3.448188e-06,3.101141e-09,1.296555e-06,4.062046e-08,1.812938e-07,2.044148e-08,2.302757e-08,1.875531e-08,1.917894e-06,3.324092e-08
17.480469,6.172773e-07,9.694191e-07,6.712158e-06,5.610760e-06,4.638811e-08,1.512134e-06,4.094195e-07,1.058494e-06,1.864519e-06,2.841916e-06,2.550341e-07,5.961177e-07,9.533046e-07,5.038218e-07,3.492804e-06,2.137887e-06,1.090785e-08,1.174221e-06,6.691415e-08,4.434787e-08,2.324647e-08,1.874938e-08,1.289143e-08,5.767459e-06,3.966103e-08
17.529297,6.096403e-07,7.050792e-07,5.729486e-06,6.367498e-06,4.045874e-08,1.561398e-06,3.095192e-07,1.157640e-06,1.825950e-06,3.117013e-06,1.275389e-07,7.386547e-07,9.492001e-07,7.160985e-07,3.830031e-06,2.087847e-06,9.594011e-09,1.527343e-06,7.427634e-08,2.813914e-07,1.953232e-08,7.569998e-09,2.655044e-08,2.266384e-06,5.224407e-08
17.578125,5.775454e-07,7.712646e-07,6.648202e-06,5.772312e-06,3.361082e-08,1.269480e-06,2.855764e-07,1.363693e-06,1.532712e-06,3.352513e-06,3.340646e-07,6.116643e-07,5.582935e-07,5.345558e-07,4.231591e-06,2.161985e-06,3.380119e-09,1.526759e-06,2.803127e-08,4.468125e-07,4.329774e-08,1.555937e-08,6.215248e-09,3.347355e-06,4.005110e-08
17.626953,5.178189e-07,7.778412e-07,7.898927e-06,3.287006e-06,3.102827e-08,7.516510e-07,3.352272e-07,1.664881e-06,1.155305e-06,4.238661e-06,8.329963e-07,4.686216e-07,2.514019e-06,4.823230e-07,3.395363e-06,1.726587e-06,2.593843e-09,1.433934e-06,7.384382e-08,4.274359e-07,3.448072e-08,1.131494e-08,1.022891e-08,1.990409e-06,7.092154e-08
17.675781,4.312398e-07,5.893438e-07,8.561993e-06,7.890522e-07,2.675539e-08,4.890353e-07,4.086740e-07,1.837942e-06,9.123616e-07,4.118606e-06,1.596483e-06,4.696492e-07,3.857263e-06,2.127082e-07,2.623738e-06,9.735177e-07,1.011777e-08,1.120096e-06,9.190892e-08,3.223270e-07,1.375172e-08,1.049988e-08,2.007035e-08,6.502288e-07,7.500988e-08
17.724609,3.746780e-07,4.862459e-07,8.650818e-06,5.234794e-06,1.844896e-08,5.272050e-07,4.940330e-07,1.679932e-06,7.745367e-07,2.412028e-06,1.897684e-06,5.715342e-07,4.021805e-06,1.721375e-07,2.827443e-06,7.697555e-07,1.243564e-08,8.608183e-07,1.011887e-07,1.087953e-07,6.076702e-08,4.928196e-09,1.768410e-08,1.851708e-06,6.185331e-08
17.773438,4.293264e-07,8.211368e-07,8.319553e-06,8.469619e-06,1.434893e-08,3.024520e-07,5.883194e-07,1.413490e-06,5.092376e-07,9.662678e-07,1.692675e-06,1.179087e-06,3.201050e-06,2.318987e-07,1.851905e-06,4.652927e-07,1.287488e-08,1.207123e-06,2.975508e-08,1.159069e-07,5.156020e-08,5.600573e-09,2.514915e-08,9.313918e-07,6.898338e-08
17.822266,5.484511e-07,1.222337e-06,7.408204e-06,9.335698e-06,1.750179e-08,2.249043e-07,6.725098e-07,1.479135e-06,2.244255e-07,2.994869e-06,1.688445e-06,1.896211e-06,2.123747e-06,3.413441e-07,3.262507e-07,6.250760e-07,9.293719e-09,6.255285e-07,3.975555e-08,1.352501e-07,2.576810e-08,1.233072e-08,9.759428e-09,3.433295e-06,9.691950e-09
17.871094,6.424619e-07,1.442684e-06,5.638912e-06,7.654357e-06,2.078620e-08,7.820664e-07,7.185177e-07,1.558997e-06,1.573196e-07,4.919856e-06,1.492699e-06,2.222436e-06,7.474399e-07,6.498038e-07,1.194928e-06,1.186015e-06,8.730346e-09,6.145635e-07,8.566419e-08,4.425141e-08,1.068474e-08,1.072001e-08,5.420426e-09,4.355614e-06,2.484260e-08
17.919922,6.748289e-07,1.419271e-06,3.089208e-06,4.262437e-06,2.634406e-08,1.026255e-06,7.153274e-07,1.515895e-06,3.056193e-07,5.972917e-06,6.615253e-07,2.540192e-06,6.115371e-07,8.464051e-07,1.804606e-06,1.723583e-06,5.609094e-09,1.192131e-06,6.422302e-08,4.161168e-08,1.768273e-08,5.949052e-09,1.537924e-08,2.987025e-06,1.303591e-08
17.968750,6.432297e-07,1.212146e-06,1.286253e-06,1.029312e-06,3.452813e-08,7.817211e-07,6.813926e-07,2.141842e-06,3.396962e-07,5.866304e-06,9.547859e-07,2.761182e-06,5.502553e-07,6.894366e-07,9.256961e-07,2.037578e-06,3.793131e-09,1.312221e-06,2.309855e-08,6.770871e-08,8.147498e-09,3.092174e-09,5.072816e-09,3.084466e-06,3.560803e-08
18.017578,5.535884e-07,9.594707e-07,3.340956e-06,3.019953e-06,4.028918e-08,2.217712e-07,6.456162e-07,3.139988e-06,1.059436e-07,4.797580e-06,1.428726e-06,2.102609e-06,1.380811e-06,4.218265e-07,1.577068e-06,1.644844e-06,3.400548e-09,1.532166e-06,6.318716e-08,2.933854e-08,3.032951e-08,5.299955e-09,3.640723e-09,1.738554e-06,2.969317e-08
18.066406,4.129738e-07,7.673773e-07,5.161118e-06,4.747982e-06,3.982344e-08,5.260827e-07,6.384458e-07,3.548514e-06,5.774653e-07,3.366651e-06,1.126288e-06,9.493656e-07,1.215563e-06,4.226674e-07,2.405773e-06,2.216685e-06,5.807565e-09,1.697265e-06,8.933864e-08,2.841398e-07,3.005430e-08,1.164007e-08,1.345809e-08,1.788468e-06,3.742026e-08
18.115234,2.385747e-07,6.000007e-07,5.819780e-06,5.155048e-06,3.172844e-08,8.961505e-07,6.812224e-07,2.963718e-06,1.012423e-06,2.334400e-06,5.868137e-07,5.364990e-07,1.060599e-06,2.495186e-07,1.637508e-06,3.196971e-06,5.534803e-10,3.113593e-07,7.145980e-08,3.722300e-07,3.404613e-08,1.101513e-08,1.412819e-08,4.557904e-07,3.357881e-08
18.164062,7.415061e-08,3.676815e-07,5.352397e-06,4.446059e-06,1.795655e-08,1.009410e-06,7.465608e-07,1.618903e-06,1.157331e-06,1.899387e-06,5.381740e-07,4.624957e-07,1.306771e-06,4.493540e-07,1.428469e-06,2.439247e-06,1.091731e-08,1.006542e-06,4.502667e-08,2.100462e-07,3.128244e-08,1.114529e-08,3.697319e-10,1.670833e-06,1.891840e-08
18.212891,1.206656e-07,6.309181e-08,4.171624e-06,3.181894e-06,1.821021e-08,1.049647e-06,7.778013e-07,6.063889e-07,1.065263e-06,1.424596e-06,7.710057e-07,1.824012e-07,2.403898e-06,5.891573e-07,1.006283e-06,8.821655e-07,1.402552e-08,2.003439e-06,7.904495e-09,8.202746e-08,2.273282e-08,1.053306e-08,4.217329e-09,3.707923e-06,1.166054e-08
18.261719,2.190382e-07,2.639107e-07,2.904744e-06,2.893801e-06,3.720964e-08,1.045482e-06,7.260080e-07,1.485988e-06,7.453125e-07,1.191634e-06,9.280414e-07,3.992286e-07,3.023980e-06,4.779520e-07,1.310432e-06,7.027880e-07,9.266280e-09,2.451212e-06,3.026947e-08,1.260615e-07,1.234350e-08,3.458347e-09,1.927776e-08,4.431429e-06,1.517396e-08
18.310547,2.703083e-07,5.561676e-07,2.176004e-06,4.198886e-06,5.181583e-08,9.177080e-07,5.598517e-07,1.959232e-06,3.445126e-07,1.595777e-06,8.662571e-07,5.200844e-07,2.843908e-06,5.008914e-07,3.055443e-06,8.462420e-07,9.109567e-09,1.444698e-06,1.690080e-08,2.699194e-07,8.243724e-09,1.068720e-08,1.950491e-08,2.385253e-06,3.513190e-08
18.359375,2.858222e-07,7.981789e-07,1.994626e-06,5.543772e-06,5.529956e-08,7.389946e-07,3.102973e-07,1.698621e-06,4.380816e-07,2.374742e-06,6.128297e-07,6.040303e-07,1.974704e-06,8.860387e-07,4.157136e-06,2.092438e-06,8.142168e-09,2.726359e-07,3.743727e-08,1.876161e-07,2.176649e-08,2.332133e-08,1.527480e-08,3.363386e-06,3.230142e-08
18.408203,2.834338e-07,9.790818e-07,1.806866e-06,6.372926e-06,4.859644e-08,6.213738e-07,2.033169e-07,9.435593e-07,6.004693e-07,3.882771e-06,2.845914e-07,9.496297e-07,1.400297e-06,9.031329e-07,3.833580e-06,2.105158e-06,4.764600e-09,1.591925e-06,4.451388e-08,8.219421e-08,3.409291e-08,2.413543e-08,1.368708e-08,2.995745e-06,4.597428e-08
18.457031,2.731784e-07,1.076458e-06,1.731228e-06,6.675923e-06,3.780633e-08,6.528576e-07,3.417264e-07,2.047380e-07,7.742799e-07,4.824817e-06,2.531510e-07,1.067110e-06,5.595170e-07,6.217728e-07,1.624158e-06,2.245651e-06,2.424030e-09,1.877154e-06,5.585314e-08,3.244041e-07,8.426897e-09,7.201554e-09,2.015304e-08,2.183881e-06,3.234699e-08
18.505859,2.566262e-07,1.080717e-06,2.516687e-06,6.296931e-06,2.861794e-08,9.671132e-07,3.954423e-07,7.329224e-07,9.572810e-07,3.927831e-06,9.972144e-07,7.901810e-07,3.958161e-07,5.531350e-07,3.314736e-06,2.783422e-06,7.332579e-09,1.025050e-06,4.005474e-08,1.750730e-07,1.599815e-08,8.591938e-09,3.057731e-09,9.477835e-07,1.869163e-08
18.554688,2.340956e-07,1.024537e-06,3.846839e-06,5.552067e-06,2.031904e-08,1.387235e-06,3.272992e-07,1.163114e-06,9.088962e-07,1.652490e-06,1.585560e-06,4.930726e-07,7.873473e-07,3.471286e-07,2.946472e-06,2.718978e-06,8.830636e-09,4.343492e-07,5.384558e-09,2.090415e-07,2.112312e-08,5.454570e-09,1.486811e-08,6.040889e-07,1.351047e-08
18.603516,2.138568e-07,9.764201e-07,4.975002e-06,6.143661e-06,9.841321e-09,1.650207e-06,2.173810e-07,1.372072e-06,6.654012e-07,7.836431e-07,1.763116e-06,3.164762e-07,9.190024e-07,3.640280e-07,1.484750e-06,2.294557e-06,6.989084e-09,4.553503e-07,3.192317e-08,2.396585e-07,9.974380e-09,6.998317e-09,1.094850e-08,1.142827e-06,2.409865e-08
18.652344,2.161248e-07,1.016324e-06,5.435441e-06,8.244871e-06,6.891884e-09,1.648255e-06,2.186176e-07,1.494464e-06,5.596248e-07,1.154734e-06,1.855361e-06,1.481975e-07,1.134173e-06,4.387339e-07,3.320499e-07,2.037035e-06,5.377056e-09,3.452019e-07,3.613797e-08,1.979649e-07,1.634726e-08,1.375621e-08,1.266785e-08,2.750342e-06,2.076632e-08
18.701172,2.529002e-07,1.202335e-06,5.174756e-06,9.617263e-06,1.699578e-08,1.442200e-06,3.347928e-07,1.576534e-06,7.585489e-07,1.305567e-06,1.994222e-06,2.371428e-07,2.051357e-06,7.209040e-07,8.571036e-07,1.912000e-06,5.189709e-09,1.311440e-07,9.694519e-09,2.404009e-07,1.154310e-08,9.940038e-09,7.117160e-09,4.016490e-06,8.576865e-09
18.750000,3.096089e-07,1.502721e-06,4.849888e-06,8.875926e-06,2.231154e-08,1.158582e-06,5.027028e-07,1.569206e-06,9.918967e-07,1.919830e-06,1.670801e-06,5.671790e-07,2.183867e-06,9.400421e-07,2.678026e-06,1.101961e-06,9.393164e-09,9.728236e-07,1.757768e-08,2.233940e-07,1.950208e-08,1.267754e-08,2.135248e-08,2.694720e-06,1.351110e-08
18.798828,3.666954e-07,1.800658e-06,5.657856e-06,6.150199e-06,2.028590e-08,8.658886e-07,7.284780e-07,1.429639e-06,1.068976e-06,1.480641e-06,7.587918e-07,9.287562e-07,2.081702e-06,7.029150e-07,3.211276e-06,3.294643e-07,7.334370e-09,1.177625e-06,2.140938e-08,1.419472e-07,3.237994e-08,6.386156e-09,1.625447e-08,4.009841e-06,3.634650e-08
18.847656,4.146020e-07,1.997923e-06,7.550717e-06,2.774530e-06,1.252863e-08,5.964003e-07,9.208051e-07,1.192067e-06,9.014751e-07,1.296090e-07,3.350312e-07,1.066408e-06,1.490449e-06,4.202223e-07,1.944366e-06,4.105719e-07,2.048392e-09,1.225096e-06,1.858206e-08,9.314827e-08,1.096259e-08,3.967299e-09,8.483523e-09,1.276824e-06,5.210684e-08
18.896484,4.507167e-07,2.107843e-06,9.329825e-06,2.028742e-06,4.371660e-09,4.130414e-07,9.519984e-07,9.469917e-07,5.836494e-07,1.414658e-06,9.369694e-07,9.523671e-07,9.161025e-07,6.132324e-07,1.547492e-06,3.453715e-07,7.893168e-09,8.700516e-07,3.721244e-08,1.067778e-07,2.456562e-08,4.063461e-09,4.901447e-09,6.377878e-07,3.317582e-08
18.945312,4.751742e-07,2.242332e-06,1.008274e-05,3.723425e-06,6.583857e-09,3.085189e-07,7.914664e-07,6.724913e-07,4.768369e-07,2.357111e-06,8.634609e-07,7.412245e-07,1.465082e-06,2.424805e-07,2.587483e-07,5.813540e-07,3.016826e-09,3.898216e-07,2.772625e-08,1.028596e-07,1.179921e-08,9.538859e-09,7.678919e-09,1.508509e-06,1.667459e-08
18.994141,4.913962e-07,2.442791e-06,9.513463e-06,4.721453e-06,8.102447e-09,2.954949e-07,5.337329e-07,4.042720e-07,6.163021e-07,2.389301e-06,5.798552e-07,8.794375e-07,1.583659e-06,5.749515e-07,1.521278e-06,1.242884e-06,8.747981e-09,6.056765e-07,1.853831e-08,4.698746e-08,1.149659e-08,5.926038e-09,4.930216e-09,2.433503e-06,2.883359e-08
19.042969,5.072269e-07,2.572461e-06,7.968933e-06,5.260331e-06,6.117293e-09,4.244740e-07,3.101708e-07,2.666284e-07,7.130915e-07,2.044304e-06,1.016210e-06,9.992642e-07,1.215720e-06,6.994904e-07,1.403599e-06,1.232409e-06,8.639254e-09,1.460929e-06,3.283704e-08,3.542165e-08,1.565779e-08,6.343492e-09,1.019891e-08,1.451686e-06,2.966460e-08
19.091797,5.313564e-07,2.455869e-06,6.277976e-06,6.379531e-06,8.537178e-09,4.934167e-07,1.660289e-07,1.543113e-08,7.251985e-07,2.768357e-06,1.275724e-06,8.140998e-07,1.173047e-06,4.386679e-07,1.047617e-06,4.471191e-07,2.752134e-09,1.112351e-06,3.713341e-08,1.107518e-07,5.565092e-09,3.309569e-09,7.211787e-09,1.604248e-06,1.399829e-08
19.140625,5.653466e-07,2.050255e-06,5.181011e-06,8.681047e-06,1.451845e-08,3.912103e-07,6.479123e-08,3.388005e-07,6.124033e-07,3.089811e-06,1.055017e-06,5.895366e-07,9.471320e-07,5.242009e-07,1.293878e-06,1.209173e-06,1.947432e-09,1.609517e-06,5.794207e-08,1.479400e-07,1.416302e-08,3.466169e-09,2.141141e-08,2.074940e-06,2.732603e-08
19.189453,5.973860e-07,1.526589e-06,4.600737e-06,1.128834e-05,1.874933e-08,1.884782e-07,3.901233e-09,4.785810e-07,4.296488e-07,2.728385e-06,7.836184e-07,7.702957e-07,6.256383e-07,1.049956e-06,1.472220e-06,1.459948e-06,2.973227e-09,1.915493e-06,2.273032e-08,1.188982e-07,9.152781e-09,1.849663e-09,1.956042e-08,2.239764e-06,2.858965e-08
19.238281,6.052766e-07,1.285516e-06,4.157376e-06,1.300664e-05,2.020002e-08,1.421808e-07,3.449241e-09,5.197598e-07,4.499139e-07,3.826533e-06,6.702718e-07,1.103434e-06,7.978011e-07,1.320988e-06,1.000899e-06,1.151251e-06,2.198613e-09,1.887974e-06,5.247956e-08,7.226343e-08,9.098822e-09,6.641891e-09,1.589409e-08,2.018487e-06,6.554044e-09
19.287109,5.702672e-07,1.524937e-06,4.110196e-06,1.340850e-05,1.926674e-08,2.311113e-07,3.696651e-08,9.005545e-07,5.743823e-07,5.164037e-06,6.481821e-07,1.601282e-06,1.594100e-06,1.575755e-06,6.501708e-07,4.086082e-07,2.383237e-09,1.651043e-06,5.248742e-08,8.092753e-08,9.914321e-09,8.095839e-09,1.478890e-08,1.440582e-06,3.400775e-08
19.335938,4.963285e-07,1.886102e-06,4.677035e-06,1.293045e-05,1.722810e-08,2.525807e-07,6.483576e-08,1.198294e-06,6.018380e-07,5.617116e-06,1.030961e-06,1.881625e-06,2.084826e-06,1.289012e-06,7.106176e-07,1.425113e-06,8.329669e-10,1.184895e-06,5.296858e-08,8.733392e-08,8.762212e-09,7.974835e-09,1.246307e-08,1.990933e-06,2.550757e-08
19.384766,4.254685e-07,2.123951e-06,5.330690e-06,1.216385e-05,1.765258e-08,2.312302e-07,5.964308e-08,1.215548e-06,6.049572e-07,5.935504e-06,1.262738e-06,1.321020e-06,1.993572e-06,3.418123e-07,7.216900e-07,1.400918e-06,3.463293e-09,1.152745e-06,6.696057e-08,3.155257e-08,3.425997e-09,3.831077e-09,1.587049e-08,1.266294e-06,1.213159e-08
19.433594,4.175799e-07,2.188824e-06,5.616572e-06,1.115197e-05,2.240435e-08,2.486744e-07,5.348414e-08,1.089793e-06,5.760297e-07,6.075401e-06,9.533827e-07,2.824739e-07,1.606581e-06,4.806872e-07,2.315713e-06,1.590330e-06,5.128057e-09,4.555072e-07,5.251617e-08,8.811923e-08,9.608104e-09,5.418007e-09,1.793064e-08,1.228314e-06,7.460508e-09
19.482422,4.676760e-07,2.076510e-06,5.508596e-06,9.633923e-06,2.730695e-08,3.620334e-07,8.514452e-08,9.021217e-07,4.865183e-07,4.999030e-06,3.098373e-07,4.257809e-07,1.336594e-06,8.364699e-07,2.244502e-06,2.382125e-06,9.307288e-09,2.911083e-07,2.614711e-08,1.141305e-07,1.767656e-08,5.293120e-09,1.877018e-08,2.547915e-06,1.548231e-08
19.531250,5.128288e-07,1.779093e-06,5.171618e-06,7.633151e-06,2.859895e-08,5.252391e-07,1.168123e-07,7.238970e-07,3.701454e-07,2.823006e-06,6.571030e-07,7.597907e-07,1.393082e-06,8.808635e-07,6.733023e-07,2.514195e-06,6.495001e-09,5.547114e-07,9.331266e-08,7.074654e-08,8.269692e-09,9.313971e-09,1.475551e-08,3.072955e-06,1.991277e-08
19.580078,5.166320e-07,1.305353e-06,5.038423e-06,5.539061e-06,2.631755e-08,7.684882e-07,1.366626e-07,5.581192e-07,1.419654e-07,1.248185e-06,9.745090e-07,1.150021e-06,1.180661e-06,5.603966e-07,1.138336e-06,1.233049e-06,2.107694e-09,8.979396e-07,1.075150e-07,1.639448e-07,3.786939e-09,4.770750e-09,9.949138e-09,3.062552e-06,3.161954e-08
19.628906,4.835420e-07,7.049120e-07,5.995944e-06,3.952452e-06,2.380874e-08,1.121010e-06,1.511672e-07,2.818350e-07,2.681478e-07,8.193632e-07,6.188813e-07,1.175777e-06,1.057398e-06,3.879610e-07,1.049028e-06,2.992779e-07,7.215041e-09,1.225606e-06,1.205645e-07,1.561657e-07,1.196656e-08,2.661333e-09,3.991242e-09,6.021034e-07,1.111199e-08
19.677734,4.402597e-07,5.950753e-08,8.124229e-06,3.425641e-06,2.376035e-08,1.455624e-06,1.642030e-07,1.158094e-07,5.195058e-07,3.806022e-07,3.016010e-07,7.039448e-07,1.717770e-06,6.016423e-07,6.627318e-07,1.288683e-06,9.658828e-09,1.250636e-06,7.835239e-08,7.578976e-08,1.047586e-08,5.348972e-10,8.586922e-09,5.019639e-07,1.430475e-08
19.726562,4.156320e-07,5.506047e-07,1.027939e-05,3.629797e-06,2.419278e-08,1.617125e-06,1.776920e-07,2.097030e-07,5.203921e-07,1.378818e-06,1.227796e-06,2.197391e-07,1.832929e-06,6.507614e-07,1.230127e-06,1.421734e-06,9.220394e-09,1.266271e-06,3.411056e-08,1.460713e-07,2.215914e-09,2.028466e-09,8.717121e-09,1.152260e-06,1.332321e-08
19.775391,4.232285e-07,1.066536e-06,1.130468e-05,3.726427e-06,2.211053e-08,1.589216e-06,1.957758e-07,2.072601e-07,2.995200e-07,1.191375e-06,1.588953e-06,2.322174e-07,1.287628e-06,5.358878e-07,2.493125e-06,1.351059e-06,7.964163e-09,8.026583e-07,1.297411e-08,1.487889e-07,9.608184e-09,6.969816e-09,6.768088e-09,1.067646e-06,2.169871e-08
19.824219,4.500642e-07,1.456556e-06,1.063076e-05,3.310301e-06,1.715760e-08,1.460825e-06,2.272038e-07,2.933085e-07,4.637559e-07,1.235680e-06,1.342521e-06,4.900435e-07,9.264663e-07,7.122118e-07,3.084439e-06,1.094319e-06,1.037093e-08,2.472186e-07,2.155798e-08,1.299200e-07,1.352927e-08,8.916027e-09,5.214048e-09,4.716664e-07,1.016649e-08
19.873047,4.650193e-07,1.701187e-06,8.467016e-06,2.371751e-06,1.142007e-08,1.248037e-06,2.700678e-07,4.035298e-07,1.083197e-06,2.789486e-06,1.284159e-06,8.432037e-07,1.296139e-06,5.309555e-07,2.354285e-06,1.197641e-07,8.761116e-09,4.023220e-07,2.247244e-08,5.290600e-08,6.072200e-09,4.931036e-09,2.529329e-09,1.172726e-06,4.805167e-09
19.921875,4.422159e-07,1.790488e-06,5.766773e-06,1.588077e-06,8.202760e-09,9.643300e-07,2.936480e-07,5.019015e-07,1.556151e-06,3.795415e-06,1.656273e-06,1.056904e-06,1.151393e-06,3.081672e-07,1.968070e-06,1.107407e-06,8.950925e-09,4.754513e-07,3.361453e-08,1.185777e-07,2.386710e-09,3.671258e-09,5.747601e-09,1.283590e-06,5.850711e-09
19.970703,3.802224e-07,1.736579e-06,3.878379e-06,2.193450e-06,8.030519e-09,8.903183e-07,2.666311e-07,5.059626e-07,1.746857e-06,4.236792e-06,1.713410e-06,9.882994e-07,7.569317e-07,3.546042e-07,2.874889e-06,1.467781e-06,7.961317e-09,4.613356e-07,4.060967e-08,5.785096e-08,4.036932e-09,3.927957e-09,8.799497e-09,5.575749e-07,1.354307e-08
20.019531,3.073729e-07,1.585921e-06,3.134344e-06,3.000571e-06,7.327019e-09,1.106464e-06,1.987557e-07,4.785769e-07,1.919963e-06,4.639282e-06,1.315097e-06,8.898139e-07,1.141396e-06,4.721616e-07,2.843813e-06,1.556533e-06,6.680127e-09,3.725378e-07,6.093106e-08,1.021282e-07,4.883749e-09,8.654943e-10,1.324004e-08,7.472420e-07,1.183118e-08
20.068359,2.612490e-07,1.410150e-06,2.351111e-06,3.246300e-06,4.507331e-09,1.227761e-06,1.617494e-07,6.003520e-07,2.154474e-06,4.721435e-06,8.116569e-07,8.985455e-07,1.275267e-06,3.502870e-07,2.356831e-06,1.305278e-06,6.258763e-09,4.556615e-07,5.015051e-08,1.105085e-07,8.689758e-09,2.143383e-09,1.277026e-08,2.119326e-07,1.242493e-08
20.117188,2.405425e-07,1.269886e-06,2.745431e-06,3.548736e-06,3.774713e-10,1.128612e-06,2.056867e-07,6.931151e-07,2.111272e-06,3.693222e-06,6.232787e-07,7.930844e-07,1.019963e-06,1.708791e-07,1.357343e-06,6.523276e-07,6.670245e-09,5.577175e-07,3.082338e-08,9.005143e-08,9.802755e-09,4.252563e-09,7.212040e-09,2.201400e-06,7.587579e-09
20.166016,2.131230e-07,1.181782e-06,5.583371e-06,4.399556e-06,4.921233e-09,9.138056e-07,2.644865e-07,6.820877e-07,1.636495e-06,1.686696e-06,7.589283e-07,6.858105e-07,7.198887e-07,1.658965e-07,1.262664e-06,7.932889e-07,5.550696e-09,6.968297e-07,2.681179e-08,1.034570e-07,4.267511e-09,2.906595e-09,1.093993e-08,2.193965e-06,3.620102e-09
20.214844,1.845680e-07,1.135282e-06,8.606355e-06,4.993504e-06,9.220379e-09,6.550302e-07,3.070542e-07,6.621464e-07,9.138575e-07,2.025514e-06,9.596478e-07,6.056960e-07,4.708096e-07,2.600196e-07,1.612027e-06,1.977098e-06,1.068467e-09,9.123137e-07,1.455046e-08,7.739652e-08,8.538972e-09,4.509396e-09,7.567910e-09,2.129724e-08,8.196268e-09
20.263672,2.051692e-07,1.131111e-06,1.046628e-05,4.621556e-06,1.235694e-08,3.437714e-07,3.346162e-07,5.708210e-07,2.351260e-07,3.807650e-06,1.038318e-06,3.761124e-07,5.999843e-07,3.818181e-07,2.147285e-06,1.867798e-06,5.326612e-10,8.128681e-07,7.771695e-09,4.255412e-08,4.952196e-09,3.354427e-09,2.163496e-09,2.709940e-06,1.342587e-08
20.312500,2.709130e-07,1.173604e-06,1.075967e-05,3.436634e-06,1.441660e-08,1.171638e-07,3.273007e-07,3.294863e-07,2.854107e-07,4.620393e-06,9.547245e-07,1.844277e-07,9.545080e-07,4.279846e-07,2.414277e-06,1.653913e-06,1.872249e-09,1.520363e-06,1.147460e-08,4.160530e-08,1.359846e-08,2.780268e-09,5.855539e-09,1.541456e-06,2.064530e-08
20.361328,3.330779e-07,1.238020e-06,1.014434e-05,2.187550e-06,1.554869e-08,2.709816e-07,2.597459e-07,5.719850e-08,5.725211e-07,4.457572e-06,7.065949e-07,3.707897e-07,1.091141e-06,4.044345e-07,1.641152e-06,1.442101e-06,4.697581e-09,1.586496e-06,2.139898e-08,7.386177e-08,1.079851e-08,3.661298e-09,5.190620e-09,1.550326e-06,8.321915e-09
20.410156,3.715681e-07,1.276542e-06,9.921458e-06,1.683713e-06,1.534492e-08,3.067641e-07,1.742064e-07,1.407646e-07,6.730720e-07,3.830747e-06,3.247540e-07,7.378815e-07,6.108553e-07,4.094762e-07,1.105041e-06,1.311328e-06,7.026625e-09,1.564820e-06,4.056296e-08,1.048000e-07,6.728408e-09,3.236480e-09,6.335750e-09,8.942553e-07,9.583143e-09
20.458984,3.868387e-07,1.249889e-06,1.045175e-05,2.316989e-06,1.333153e-08,1.558487e-07,1.881849e-07,1.301935e-07,5.317807e-07,3.318789e-06,1.771621e-07,9.611845e-07,6.524555e-07,4.591913e-07,9.220508e-07,9.924423e-07,6.055786e-09,5.795681e-07,1.162733e-08,7.669338e-08,5.052044e-09,5.095876e-09,3.340588e-09,1.826667e-06,7.034031e-09
20.507812,3.758649e-07,1.143758e-06,1.064110e-05,3.655201e-06,1.053810e-08,1.495604e-07,2.309774e-07,1.166161e-07,2.560171e-07,2.484595e-06,3.046840e-07,8.698510e-07,1.408741e-06,4.967509e-07,5.947449e-07,1.249752e-06,5.315707e-09,9.841881e-08,3.175064e-09,5.213334e-08,5.148719e-09,4.415918e-09,5.182148e-09,1.119903e-06,7.795837e-09
20.556641,3.261317e-07,9.681535e-07,9.521513e-06,5.073438e-06,1.034574e-08,4.879151e-07,2.120904e-07,1.483745e-07,5.491291e-07,1.300664e-06,2.985449e-07,8.234130e-07,1.753982e-06,7.455738e-07,7.034931e-07,1.670786e-06,3.328906e-09,2.988345e-07,6.028892e-09,4.828508e-08,7.779698e-09,2.161560e-09,2.463241e-09,6.407365e-07,2.531670e-09
20.605469,2.310192e-07,7.523076e-07,7.069221e-06,6.250638e-06,1.298940e-08,7.988520e-07,1.476648e-07,2.068980e-07,9.312460e-07,2.454832e-06,2.841182e-07,1.127500e-06,1.631214e-06,7.916218e-07,1.655910e-06,1.688885e-06,1.807721e-09,5.976836e-07,2.167852e-08,6.924975e-08,1.296621e-09,2.392940e-09,1.040926e-08,9.982551e-07,3.152346e-09
20.654297,1.052470e-07,5.411015e-07,4.073912e-06,7.193928e-06,1.452581e-08,9.899969e-07,7.566615e-08,3.463018e-07,1.103139e-06,3.589208e-06,2.925131e-07,9.511354e-07,1.150960e-06,5.259346e-07,1.753108e-06,1.991218e-06,7.971553e-10,5.265998e-07,2.742070e-09,7.400709e-08,8.326461e-09,5.521367e-09,1.579340e-08,2.475978e-06,9.297851e-09
20.703125,4.330531e-08,3.875122e-07,2.542969e-06,7.850322e-06,1.309361e-08,1.004478e-06,1.079962e-07,4.759277e-07,1.167234e-06,3.198690e-06,2.980231e-07,2.530167e-07,6.590598e-07,4.825466e-07,1.227702e-06,1.806484e-06,4.288248e-09,4.924409e-07,2.628810e-08,1.215319e-07,6.025237e-09,2.963914e-09,1.378998e-08,2.482598e-06,9.506197e-09
20.751953,1.278821e-07,3.140927e-07,4.249261e-06,7.898247e-06,9.170598e-09,9.013070e-07,2.070779e-07,5.944833e-07,1.207463e-06,1.762155e-06,3.281793e-07,6.067905e-07,6.153946e-07,4.334853e-07,3.407003e-07,4.310835e-07,6.295490e-09,2.987939e-07,3.143415e-08,1.042319e-07,8.323669e-09,7.811726e-10,6.116013e-09,3.269460e-06,1.275191e-08
20.800781,1.629143e-07,2.722555e-07,6.469740e-06,7.039852e-06,4.229100e-09,8.518952e-07,2.534009e-07,6.491375e-07,1.153208e-06,4.760352e-07,4.902389e-07,1.027863e-06,8.816386e-07,2.840784e-07,5.660963e-07,1.868696e-06,5.219711e-09,6.549465e-07,1.210040e-08,1.339793e-08,1.258547e-08,1.354041e-10,9.357152e-09,2.521423e-06,6.084559e-09
20.849609,1.398416e-07,2.417543e-07,8.217595e-06,5.297895e-06,3.816456e-09,8.786197e-07,2.191681e-07,6.390786e-07,1.054989e-06,1.349241e-07,8.046807e-07,1.114493e-06,1.072375e-06,2.069515e-07,9.967576e-07,2.077558e-06,6.158918e-09,4.658296e-07,2.949127e-08,3.099258e-08,1.243118e-08,1.077111e-09,5.490004e-09,7.491768e-07,1.318588e-08
20.898438,7.872321e-08,3.342811e-07,9.205065e-06,3.101501e-06,1.020412e-08,8.469150e-07,1.381315e-07,6.820173e-07,9.868418e-07,7.749398e-07,1.081904e-06,9.751895e-07,1.227981e-06,2.014817e-07,7.192549e-07,1.478064e-06,3.983748e-09,3.090627e-07,3.799791e-08,1.079396e-08,3.527854e-09,3.191108e-09,6.747212e-09,1.569889e-06,3.472578e-09
20.947266,8.476555e-09,5.640686e-07,9.276434e-06,1.916544e-06,1.684525e-08,7.766851e-07,6.230613e-08,7.076750e-07,8.304865e-07,1.783768e-06,1.069134e-06,7.894553e-07,1.246407e-06,4.015488e-07,2.646063e-07,1.592753e-06,2.272977e-09,5.832903e-07,5.084788e-08,6.441327e-08,9.827850e-09,4.135712e-09,5.488675e-09,1.580430e-06,2.056016e-09
20.996094,5.186326e-08,8.213025e-07,8.473273e-06,3.262680e-06,2.145032e-08,7.416557e-07,4.367163e-08,6.076087e-07,5.321131e-07,2.349172e-06,6.885054e-07,4.332649e-07,1.038403e-06,3.424793e-07,7.532307e-07,1.261575e-06,1.459749e-09,8.131405e-07,3.345625e-08,7.693135e-08,1.048921e-08,1.936428e-09,2.818744e-09,2.172243e-06,3.871188e-09
21.044922,1.035421e-07,1.017063e-06,7.046224e-06,4.690139e-06,2.263554e-08,6.424895e-07,1.008818e-07,3.995992e-07,2.345936e-07,2.228053e-06,1.480647e-07,9.388388e-08,1.191602e-06,3.470107e-07,1.655058e-06,5.904590e-07,1.991882e-09,7.100194e-07,1.885625e-08,5.533045e-08,8.727493e-09,3.348452e-09,2.059919e-09,1.376958e-06,2.031849e-09
21.093750,1.582394e-07,1.094160e-06,5.365247e-06,5.264356e-06,2.075210e-08,4.128971e-07,1.489077e-07,2.431897e-07,2.879548e-07,1.797454e-06,3.426098e-07,4.238496e-07,1.730020e-06,4.548035e-07,1.944670e-06,7.818568e-07,3.178924e-09,2.129629e-07,2.134915e-08,8.754545e-08,7.264983e-09,4.342222e-09,3.472228e-09,5.062955e-07,4.402926e-09
21.142578,2.142356e-07,1.039113e-06,3.805751e-06,4.963364e-06,1.757358e-08,2.444144e-07,1.656673e-07,4.583850e-07,4.260323e-07,1.557984e-06,4.716359e-07,7.682045e-07,1.824832e-06,4.459192e-07,2.456441e-06,1.800886e-06,3.852712e-09,4.871012e-07,1.182125e-08,1.110978e-07,6.488108e-09,3.006775e-09,1.067734e-09,1.575418e-06,7.408042e-09
21.191406,2.568064e-07,8.904933e-07,2.630373e-06,4.186406e-06,1.457068e-08,3.429374e-07,1.786634e-07,6.125689e-07,4.143977e-07,1.828105e-06,6.474605e-07,1.015281e-06,1.438826e-06,4.443977e-07,2.035978e-06,1.796628e-06,4.146506e-09,5.435636e-07,3.871964e-08,1.190683e-07,7.586587e-09,3.665701e-09,3.272573e-09,2.296290e-06,1.638182e-08
21.240234,2.733583e-07,7.302787e-07,1.847246e-06,3.708825e-06,1.178134e-08,4.016914e-07,2.277699e-07,5.483710e-07,3.033476e-07,2.403170e-06,1.148180e-06,9.091126e-07,8.252606e-07,5.867954e-07,1.759999e-06,1.134623e-06,3.394401e-09,2.897233e-07,3.521346e-08,5.660730e-08,4.389718e-09,4.155801e-09,3.957410e-09,1.503459e-06,2.147310e-08
21.289062,2.617120e-07,6.384851e-07,1.229372e-06,4.160176e-06,9.057330e-09,3.584026e-07,2.907814e-07,3.924283e-07,2.062671e-07,2.700900e-06,1.450647e-06,7.121771e-07,3.099852e-07,7.607159e-07,2.158315e-06,1.136126e-06,1.326550e-09,3.526101e-07,3.526049e-08,1.859245e-08,5.397126e-09,4.114674e-09,3.668120e-09,5.108110e-07,2.161253e-08
21.337891,2.303660e-07,6.129070e-07,6.447486e-07,5.087116e-06,7.090360e-09,2.700040e-07,3.253921e-07,2.651450e-07,1.788254e-07,2.642849e-06,1.306807e-06,6.772549e-07,6.452862e-07,7.427498e-07,1.794320e-06,1.532967e-06,2.738231e-09,3.419646e-07,2.666363e-08,7.268104e-08,2.986811e-09,2.278830e-09,5.126392e-09,1.316131e-06,1.130752e-08
21.386719,1.942503e-07,5.838378e-07,7.820765e-07,5.898152e-06,6.591962e-09,1.567810e-07,3.268390e-07,2.432590e-07,1.983646e-07,2.529469e-06,8.651571e-07,6.856293e-07,8.567893e-07,6.908100e-07,1.221221e-06,1.703634e-06,2.548515e-09,6.987184e-07,2.388918e-08,4.577715e-08,2.989951e-09,2.414688e-09,6.904325e-09,1.987925e-06,1.526114e-08
21.435547,1.651312e-07,5.106411e-07,1.902178e-06,6.651024e-06,7.871623e-09,6.434977e-08,3.213750e-07,3.380679e-07,2.561384e-07,2.455555e-06,3.602435e-07,7.224916e-07,6.130217e-07,5.693963e-07,9.836315e-07,1.313290e-06,2.920915e-09,5.362098e-07,3.673225e-08,5.764266e-08,1.814815e-09,1.934829e-09,4.795731e-09,1.871330e-06,1.834730e-08
21.484375,1.398198e-07,4.044366e-07,3.407914e-06,7.517768e-06,1.030970e-08,1.722657e-07,3.086623e-07,4.026580e-07,3.437073e-07,2.486577e-06,4.913993e-07,6.493005e-07,2.680416e-07,2.683967e-07,8.069621e-07,8.702499e-07,2.161471e-09,9.791794e-08,1.897033e-08,7.910563e-08,9.298809e-10,9.161796e-10,3.400801e-09,4.876633e-07,1.080674e-08
21.533203,1.050602e-07,3.036218e-07,4.964543e-06,8.040441e-06,1.215818e-08,2.729552e-07,2.544247e-07,4.791080e-07,3.774087e-07,2.527994e-06,8.443511e-07,3.902043e-07,3.357900e-07,3.133216e-07,8.922580e-07,5.109521e-07,1.935399e-09,3.668476e-08,3.793391e-08,9.393269e-08,5.030050e-09,3.117923e-09,4.104338e-10,6.144988e-07,9.938530e-09
21.582031,5.692206e-08,2.413532e-07,6.122691e-06,7.450064e-06,1.209417e-08,2.959979e-07,1.507607e-07,6.195998e-07,3.276148e-07,2.261431e-06,8.399262e-07,2.691146e-07,5.627262e-07,6.459996e-07,8.284398e-07,2.851925e-07,2.616931e-09,1.766890e-07,3.643040e-08,1.433853e-07,6.416020e-09,2.207182e-09,1.618347e-09,1.176172e-06,7.373662e-09
21.630859,3.041410e-08,2.113343e-07,6.516121e-06,5.467146e-06,1.019282e-08,2.404560e-07,4.677402e-08,7.319971e-07,2.718390e-07,1.825801e-06,5.888810e-07,1.418161e-07,6.843373e-07,6.948693e-07,5.781351e-07,1.486802e-06,3.290187e-09,3.792349e-07,1.598977e-08,5.756444e-08,9.123744e-09,2.844275e-09,1.832563e-09,1.440382e-06,9.066494e-09
21.679688,7.546215e-08,1.824520e-07,6.176335e-06,2.686508e-06,7.664781e-09,1.460174e-07,9.879908e-08,7.020473e-07,3.192726e-07,1.768442e-06,3.866275e-07,2.003674e-07,3.683708e-07,3.900686e-07,4.044204e-07,1.802551e-06,4.132214e-09,5.358657e-07,2.627216e-08,4.866885e-08,7.868308e-09,2.904143e-09,4.850046e-10,1.565645e-06,3.326467e-09
21.728516,1.302938e-07,1.506823e-07,5.787363e-06,1.588225e-06,5.561998e-09,6.160256e-08,1.711238e-07,5.020951e-07,4.124990e-07,2.161535e-06,3.763046e-07,4.019393e-07,6.505537e-07,5.458755e-07,5.634428e-07,1.038287e-06,3.011716e-09,4.157898e-07,3.357120e-08,2.895393e-08,5.984279e-09,3.728041e-09,3.153557e-09,3.969919e-07,8.427671e-09
21.777344,1.938787e-07,1.521246e-07,6.297856e-06,3.101500e-06,3.872734e-09,2.703501e-08,2.246663e-07,2.258266e-07,4.404205e-07,2.425055e-06,5.598728e-07,3.616051e-07,6.380237e-07,6.429519e-07,6.493871e-07,4.069021e-07,8.998397e-10,2.661473e-07,2.947301e-08,9.023187e-08,7.471360e-09,2.848308e-09,2.322053e-09,6.890103e-07,6.819808e-09
21.826172,2.610897e-07,2.021547e-07,7.561325e-06,3.713441e-06,2.946148e-09,1.485467e-07,2.561473e-07,2.439316e-08,4.534439e-07,2.182685e-06,7.854139e-07,3.207205e-07,6.212269e-07,6.948806e-07,5.380559e-07,9.341176e-07,1.148376e-09,4.372610e-07,1.091321e-08,1.105451e-07,9.307468e-09,1.368244e-09,1.033585e-09,1.002418e-06,7.263290e-09
21.875000,3.074243e-07,2.693062e-07,8.551343e-06,3.278866e-06,3.562617e-09,2.884492e-07,2.529071e-07,2.640261e-07,5.106396e-07,1.757352e-06,8.363528e-07,2.553949e-07,3.671403e-07,5.144916e-07,7.868604e-07,9.889790e-07,2.130447e-09,3.924659e-07,1.630136e-08,1.004189e-07,8.434038e-09,1.052979e-09,3.497342e-09,8.115465e-07,3.622840e-09
21.923828,3.060544e-07,3.367958e-07,8.525793e-06,2.504718e-06,4.133789e-09,3.834868e-07,2.178382e-07,4.979257e-07,4.883526e-07,1.679665e-06,6.994888e-07,1.102708e-07,3.715557e-07,3.527442e-07,1.359860e-06,9.989114e-07,2.544603e-09,2.246674e-07,1.181112e-08,5.354191e-08,5.251424e-09,5.675031e-10,3.964158e-09,1.164833e-06,7.987256e-09
21.972656,2.468581e-07,4.041485e-07,7.325663e-06,2.364855e-06,3.613537e-09,4.079176e-07,1.839383e-07,6.008668e-07,3.387860e-07,1.807066e-06,5.908552e-07,1.426936e-07,7.258815e-07,2.157279e-07,1.752576e-06,1.538402e-06,2.184793e-09,2.987956e-07,9.982744e-09,4.974142e-08,5.261505e-09,9.858675e-10,5.041615e-09,1.930856e-06,6.406233e-09
22.021484,1.447147e-07,4.723214e-07,5.437685e-06,3.139788e-06,2.315682e-09,3.892295e-07,1.834258e-07,4.771086e-07,2.018689e-07,2.111664e-06,6.390669e-07,2.679726e-07,6.301309e-07,1.716001e-07,1.756896e-06,8.227026e-07,1.667521e-09,3.479896e-07,1.844943e-08,7.116558e-08,6.424225e-09,6.863631e-10,2.321183e-09,9.673784e-07,6.497624e-09
22.070312,4.265018e-08,5.467059e-07,4.156469e-06,4.248399e-06,1.090976e-09,3.442873e-07,1.902355e-07,2.237217e-07,2.429001e-07,2.783100e-06,6.631917e-07,2.087531e-07,5.978539e-07,2.059520e-07,1.138028e-06,6.634373e-07,1.335443e-09,6.569120e-07,2.439191e-08,5.229896e-08,5.880252e-09,3.282280e-09,1.232141e-09,2.523714e-07,4.673583e-09
22.119141,7.669903e-08,6.429729e-07,4.530377e-06,5.253526e-06,1.162026e-09,2.568463e-07,1.698834e-07,3.197978e-07,3.164366e-07,3.587453e-06,5.325053e-07,3.126108e-07,7.779906e-07,2.827589e-07,5.556493e-07,1.024652e-06,2.578954e-09,5.777888e-07,3.005549e-08,6.043709e-08,4.840242e-09,3.436201e-09,4.924328e-09,1.143844e-06,1.236815e-08
22.167969,1.267195e-07,7.644788e-07,5.220807e-06,5.918888e-06,2.773881e-09,1.506402e-07,1.350749e-07,5.669855e-07,3.364202e-07,4.230933e-06,4.872542e-07,5.532163e-07,3.986334e-07,4.335272e-07,3.748518e-07,1.255210e-06,4.785899e-09,2.532947e-07,2.403346e-08,7.472622e-08,3.351168e-09,1.844194e-09,4.246898e-09,1.153537e-06,5.816155e-09
22.216797,1.522213e-07,8.748228e-07,5.101260e-06,6.156095e-06,4.961291e-09,9.421967e-08,1.267397e-07,7.262409e-07,2.797775e-07,4.576638e-06,6.845800e-07,6.562261e-07,4.281966e-08,4.234484e-07,3.089537e-07,1.120784e-06,4.814269e-09,4.063983e-07,1.613690e-08,7.331861e-08,2.975341e-09,6.142086e-10,3.367870e-09,2.223090e-06,4.322131e-09
22.265625,1.794961e-07,9.145843e-07,4.708996e-06,5.970758e-06,7.023124e-09,1.363441e-07,1.354316e-07,7.546572e-07,1.489191e-07,4.286799e-06,8.471422e-07,7.337140e-07,3.275400e-07,4.935884e-07,4.861287e-07,6.976537e-07,2.365919e-09,4.580477e-07,1.093239e-08,1.625374e-08,2.741840e-09,1.078881e-09,4.644490e-09,1.950246e-06,3.584145e-09
22.314453,2.130325e-07,8.502559e-07,5.519809e-06,5.404756e-06,8.391837e-09,2.886483e-07,1.278587e-07,5.941266e-07,8.005783e-08,3.320412e-06,9.783441e-07,7.155196e-07,7.781867e-07,6.317691e-07,6.659882e-07,1.215464e-06,4.000488e-10,3.120000e-07,2.298513e-08,1.683987e-08,4.856922e-09,1.802656e-09,3.085747e-09,2.375396e-06,5.745862e-09
22.363281,2.345564e-07,7.314257e-07,7.197903e-06,4.537940e-06,8.867802e-09,4.691378e-07,1.068323e-07,2.762454e-07,1.479513e-07,2.511221e-06,1.111577e-06,6.342604e-07,8.039818e-07,4.333640e-07,2.369444e-07,1.681872e-06,7.640896e-10,3.609311e-07,1.613989e-08,5.044314e-08,3.809403e-09,1.572747e-09,2.090219e-09,2.365676e-06,9.095977e-09
22.412109,2.368376e-07,7.229103e-07,8.292929e-06,3.502977e-06,8.672290e-09,5.973037e-07,8.330613e-08,1.825307e-07,1.452074e-07,2.350009e-06,1.122738e-06,3.082054e-07,7.560949e-07,1.107085e-07,6.492645e-07,8.356827e-07,8.621031e-10,4.585420e-07,6.523389e-09,2.963900e-08,6.827201e-09,7.682980e-10,2.638027e-09,1.029403e-06,1.255596e-08
22.460938,2.315645e-07,9.088439e-07,8.402892e-06,2.456525e-06,8.334297e-09,6.341010e-07,5.659052e-08,3.683150e-07,1.367272e-07,2.435409e-06,1.169638e-06,1.375274e-07,8.601460e-07,2.284456e-07,8.880581e-07,4.360948e-07,8.047883e-10,5.133520e-07,8.622152e-09,2.516300e-08,9.210552e-09,1.904069e-11,2.428269e-09,6.711106e-07,1.500167e-08
22.509766,2.314321e-07,1.135435e-06,8.479482e-06,1.550108e-06,8.237040e-09,5.701769e-07,4.894930e-08,3.397407e-07,1.517343e-07,2.542933e-06,1.391983e-06,4.729828e-07,9.056563e-07,4.522243e-07,7.524905e-07,7.519592e-07,7.887564e-10,3.196310e-07,1.889153e-08,4.474655e-08,4.389065e-09,4.014110e-10,2.611027e-09,1.756617e-06,9.271376e-09
22.558594,2.348003e-07,1.254315e-06,9.677425e-06,9.765293e-07,8.031843e-09,4.189796e-07,6.993888e-08,1.209154e-07,2.088826e-07,2.329689e-06,1.322668e-06,7.575602e-07,7.593017e-07,4.068765e-07,1.441969e-06,7.836905e-07,9.332236e-10,1.763793e-07,6.406205e-09,4.250862e-08,2.055929e-09,1.917154e-09,2.953349e-09,5.778783e-07,6.498178e-09
22.607422,2.365718e-07,1.207569e-06,1.146864e-05,9.195832e-07,6.947510e-09,2.272837e-07,7.459350e-08,1.436168e-07,3.401345e-07,1.851519e-06,9.504399e-07,8.539906e-07,7.014172e-07,2.562418e-07,1.789097e-06,8.252318e-07,1.359098e-09,5.925350e-07,9.372456e-09,5.808347e-08,2.862107e-09,2.211501e-09,2.673335e-09,1.261374e-06,4.228527e-09
22.656250,2.390434e-07,1.006278e-06,1.255027e-05,1.143795e-06,4.702799e-09,5.228857e-08,4.826112e-08,3.318653e-07,4.260368e-07,1.487149e-06,9.387786e-07,7.839981e-07,5.334596e-07,2.507077e-07,1.526686e-06,5.156949e-07,1.142385e-09,5.981492e-07,1.644968e-08,7.203446e-08,5.979155e-09,7.759760e-10,2.829565e-09,5.060824e-07,7.137959e-09
22.705078,2.421877e-07,7.028927e-07,1.234324e-05,1.466813e-06,2.518306e-09,9.492563e-08,3.669868e-08,4.389131e-07,3.762190e-07,1.847738e-06,1.016421e-06,4.666150e-07,4.058380e-07,9.668066e-08,1.331548e-06,4.373039e-07,1.915041e-09,4.519508e-07,1.718788e-08,8.380130e-08,5.821784e-10,1.339933e-09,6.056949e-11,8.158574e-07,4.738315e-09
22.753906,2.369595e-07,3.654357e-07,1.110868e-05,1.955225e-06,3.930699e-09,2.140305e-07,8.883970e-08,5.200670e-07,2.350728e-07,3.170756e-06,8.808399e-07,2.012448e-07,7.201821e-07,7.909023e-08,1.471680e-06,7.114314e-07,1.918377e-09,3.597680e-07,1.382772e-08,6.795221e-08,2.274204e-09,1.211101e-09,1.262650e-09,5.359630e-07,5.218919e-09
22.802734,2.171704e-07,6.520362e-08,9.437703e-06,2.606134e-06,6.392702e-09,2.880639e-07,1.327552e-07,5.727297e-07,2.559754e-07,4.641333e-06,7.123383e-07,2.303429e-07,1.100728e-06,2.948369e-07,1.620672e-06,1.001268e-06,2.215509e-09,2.456539e-07,9.635019e-09,5.321696e-08,1.438588e-09,7.000542e-10,1.758308e-09,1.426827e-06,6.308003e-09
22.851562,1.906991e-07,1.746415e-07,7.690154e-06,3.318146e-06,7.950355e-09,2.961605e-07,1.580292e-07,5.660699e-07,3.714563e-07,5.152656e-06,4.274041e-07,1.953139e-07,1.116639e-06,5.433116e-07,1.668708e-06,1.014110e-06,2.168626e-09,1.705794e-07,1.698455e-08,2.384126e-08,2.558995e-09,7.364938e-10,1.239870e-09,1.114454e-06,6.217685e-09
22.900391,1.730197e-07,2.934854e-07,5.931714e-06,3.993077e-06,8.454250e-09,2.647699e-07,1.883824e-07,4.751452e-07,4.159377e-07,4.251493e-06,2.408804e-07,5.557852e-07,1.054766e-06,6.314262e-07,1.579186e-06,1.359012e-06,1.540970e-09,4.159080e-07,2.549902e-08,1.423409e-08,6.899543e-09,1.012522e-10,1.367218e-09,1.487572e-06,4.288582e-09
22.949219,1.658999e-07,3.205965e-07,4.395922e-06,4.523634e-06,7.993269e-09,2.518002e-07,2.383059e-07,2.907436e-07,4.540777e-07,3.145134e-06,3.802828e-07,4.839012e-07,9.753457e-07,7.371648e-07,1.603559e-06,7.941831e-07,1.312355e-09,3.530490e-07,2.153701e-08,3.886750e-08,8.732617e-09,5.181739e-10,2.257918e-09,1.595936e-06,2.415510e-09
22.998047,1.545449e-07,3.153134e-07,3.742830e-06,4.740871e-06,6.540626e-09,2.813845e-07,2.843170e-07,3.182192e-07,5.230735e-07,3.284892e-06,3.747769e-07,2.774949e-07,7.217714e-07,5.360926e-07,1.149980e-06,8.934056e-07,7.487177e-10,3.506811e-07,1.328059e-08,3.109865e-08,6.992656e-09,3.243210e-10,2.070336e-09,1.457610e-06,2.729409e-09
23.046875,1.291142e-07,3.310979e-07,4.217697e-06,4.475177e-06,4.184128e-09,3.126704e-07,2.993684e-07,6.377536e-07,6.130615e-07,3.539030e-06,3.194849e-07,4.994992e-07,4.871997e-07,1.333331e-07,2.749121e-07,1.046369e-06,4.753086e-10,2.535845e-07,3.219790e-09,2.915350e-08,4.562748e-09,1.290000e-09,1.150486e-09,1.173320e-06,5.033024e-09
23.095703,9.448093e-08,3.337908e-07,5.153568e-06,3.720496e-06,1.427190e-09,2.906143e-07,2.766702e-07,8.567152e-07,7.277164e-07,3.190687e-06,3.577387e-07,6.372874e-07,3.047996e-07,4.199871e-07,2.554679e-07,1.096586e-06,5.248828e-11,2.131759e-07,6.068254e-09,5.556445e-08,3.788124e-09,3.260861e-10,2.701432e-09,9.273822e-07,1.605068e-09
23.144531,6.788206e-08,2.600689e-07,6.035452e-06,2.777612e-06,1.322494e-09,2.079288e-07,2.280625e-07,9.263862e-07,8.134836e-07,2.248363e-06,4.247175e-07,7.275621e-07,6.808628e-07,5.523621e-07,9.039474e-07,1.140587e-06,3.401064e-10,5.132852e-08,1.392561e-08,3.346193e-08,1.271759e-09,1.472490e-09,1.142371e-09,9.367549e-07,6.296470e-10
23.193359,6.720558e-08,1.076252e-07,6.582082e-06,2.237482e-06,3.165804e-09,1.351251e-07,1.734248e-07,9.690798e-07,7.783164e-07,1.142662e-06,4.118377e-07,6.606611e-07,7.893780e-07,3.931088e-07,1.615926e-06,8.020795e-07,4.310999e-10,1.795831e-07,1.893738e-08,9.456303e-09,3.897319e-09,6.918956e-10,2.853010e-09,8.215510e-07,8.585796e-09
23.242188,8.192792e-08,1.630076e-07,6.604047e-06,2.301161e-06,4.350485e-09,1.258631e-07,1.269555e-07,1.014500e-06,6.091110e-07,8.706678e-07,3.651051e-07,3.791196e-07,5.345431e-07,2.816399e-07,1.971521e-06,6.865373e-07,6.818559e-10,2.696750e-07,1.808717e-08,5.059243e-08,1.624436e-09,5.538450e-10,3.554193e-09,1.748760e-06,5.285366e-09
23.291016,9.429799e-08,3.625740e-07,6.111081e-06,2.328368e-06,4.910202e-09,8.909260e-08,8.552766e-08,1.000326e-06,4.719411e-07,6.448079e-07,3.551273e-07,3.070618e-07,1.512261e-07,2.818868e-07,1.876676e-06,1.025664e-06,1.169293e-09,5.338474e-07,1.167485e-08,3.868962e-08,3.781989e-09,1.084259e-09,4.042298e-09,2.325223e-06,7.772602e-09
23.339844,9.897776e-08,4.934981e-07,5.307492e-06,1.850492e-06,4.811713e-09,2.382849e-08,3.943499e-08,9.355472e-07,4.849160e-07,2.275746e-07,3.526220e-07,3.545829e-07,3.423672e-07,2.430873e-07,1.334897e-06,1.314434e-06,1.366894e-09,6.495446e-07,8.304547e-09,1.459863e-08,3.457635e-09,9.032155e-10,3.658949e-09,3.219326e-06,5.250019e-09
23.388672,9.643280e-08,5.280626e-07,4.353116e-06,8.512790e-07,4.562022e-09,1.244423e-07,3.926682e-08,8.204478e-07,5.114722e-07,1.147984e-06,3.662280e-07,4.623838e-07,2.201755e-07,1.625012e-07,1.205446e-06,1.361497e-06,1.490649e-09,3.455731e-07,9.165988e-09,1.389339e-08,3.892565e-09,1.792431e-09,1.422216e-09,3.076112e-06,8.800276e-09
23.437500,8.872272e-08,4.947500e-07,3.195775e-06,3.939737e-07,5.391536e-09,2.218806e-07,9.410656e-08,6.278308e-07,5.519182e-07,2.036002e-06,3.545719e-07,6.286703e-07,4.112825e-07,6.196149e-08,1.392925e-06,1.190351e-06,1.026012e-09,6.491611e-07,1.325886e-08,2.370089e-08,7.010640e-09,1.739594e-09,1.056474e-09,1.513025e-06,5.789059e-09
23.486328,7.824006e-08,4.525036e-07,1.797513e-06,1.481767e-06,7.059476e-09,3.022866e-07,1.391509e-07,4.022301e-07,5.676126e-07,2.453544e-06,3.616794e-07,5.891670e-07,2.491671e-07,1.030783e-07,1.341923e-06,9.523425e-07,1.042847e-09,9.440730e-07,1.097198e-08,1.013409e-08,6.142947e-09,2.059630e-09,6.314239e-10,2.114479e-06,5.108280e-09
23.535156,6.915862e-08,4.344815e-07,9.532463e-07,2.095250e-06,8.222127e-09,3.588570e-07,1.632370e-07,2.342111e-07,4.589408e-07,2.152675e-06,4.306518e-07,3.871470e-07,2.063891e-07,1.181085e-07,1.599462e-06,8.645927e-07,1.012729e-09,5.154598e-07,1.301480e-08,1.976516e-08,7.028596e-09,1.712110e-09,4.707979e-10,2.766603e-06,6.019245e-09
23.583984,6.732796e-08,4.199281e-07,1.984142e-06,2.187257e-06,8.410589e-09,3.707564e-07,1.613587e-07,2.015012e-07,2.651347e-07,1.430448e-06,3.658713e-07,2.153792e-07,3.876510e-07,2.772330e-07,2.024324e-06,1.476485e-06,8.840429e-10,1.944027e-07,1.332067e-08,1.420921e-08,2.478528e-09,9.043754e-10,1.101753e-09,1.475574e-06,7.328288e-09
23.632812,7.152455e-08,3.829587e-07,2.926303e-06,1.990458e-06,8.158391e-09,3.378623e-07,1.319366e-07,2.192028e-07,1.403245e-07,1.022361e-06,1.095581e-07,1.628592e-07,4.495237e-07,3.864205e-07,1.441262e-06,1.754434e-06,1.064099e-09,3.603100e-07,7.400193e-09,1.239724e-08,2.016683e-09,6.937637e-10,3.836040e-10,7.418863e-07,6.375505e-09
23.681641,7.128642e-08,3.276586e-07,3.196667e-06,1.765872e-06,8.061203e-09,2.919680e-07,8.311023e-08,1.660717e-07,2.377912e-07,9.956588e-07,2.344748e-07,2.292222e-07,5.262756e-07,3.376450e-07,3.266443e-07,1.252742e-06,3.049032e-10,5.009694e-07,4.529573e-09,2.397826e-08,2.676064e-09,5.066615e-10,2.424519e-09,1.518997e-06,2.925476e-09
23.730469,5.882549e-08,2.761483e-07,2.902905e-06,1.641281e-06,8.042513e-09,2.597598e-07,3.405950e-08,9.808470e-08,3.151888e-07,1.073338e-06,4.947719e-07,3.253599e-07,5.491764e-07,2.454453e-07,3.935587e-07,9.050664e-07,9.655243e-10,1.977145e-07,4.443799e-09,4.689618e-08,2.286983e-09,1.252918e-09,4.088437e-09,2.575569e-06,5.188228e-09
23.779297,3.985868e-08,2.454018e-07,2.610153e-06,1.795339e-06,8.108613e-09,2.466125e-07,1.042936e-08,1.030049e-07,2.646723e-07,1.790401e-06,5.601049e-07,3.244996e-07,3.991729e-07,3.070388e-07,7.187676e-07,3.354050e-07,9.552718e-10,1.784767e-07,1.392728e-08,3.288728e-08,1.524427e-09,4.057232e-10,2.809679e-09,2.214754e-06,4.304954e-09
23.828125,4.627848e-08,2.392357e-07,2.935140e-06,2.132364e-06,8.715041e-09,2.663967e-07,1.406178e-08,9.122847e-08,1.522763e-07,2.601840e-06,3.700174e-07,1.955481e-07,1.177369e-07,1.854761e-07,8.611695e-07,5.554229e-07,1.265037e-09,4.717660e-08,1.557887e-08,3.313671e-08,3.311558e-09,4.711579e-10,1.995117e-09,1.977909e-06,2.582781e-09
23.876953,7.811748e-08,2.588972e-07,3.632203e-06,2.200983e-06,9.607424e-09,3.116802e-07,2.115674e-08,1.784121e-07,1.349365e-07,2.955207e-06,8.890018e-08,6.964498e-08,4.464180e-07,4.166157e-08,1.099208e-06,9.584837e-07,1.617954e-09,2.967444e-07,1.064329e-08,4.526930e-08,2.011870e-09,6.221478e-10,3.154461e-10,1.922047e-06,3.445666e-09
23.925781,1.076286e-07,3.066569e-07,4.129924e-06,1.986306e-06,9.740291e-09,3.440399e-07,3.642420e-08,3.238422e-07,1.509232e-07,2.848890e-06,6.515708e-08,1.992928e-07,5.797405e-07,1.418917e-07,1.355631e-06,7.818926e-07,1.153468e-09,3.274579e-07,5.422135e-09,5.232620e-08,3.386656e-09,6.165286e-10,2.690310e-10,2.381503e-06,2.307530e-09
23.974609,1.262338e-07,3.750598e-07,4.180933e-06,2.382133e-06,8.466824e-09,3.434286e-07,4.464816e-08,4.184087e-07,1.428274e-07,2.685407e-06,1.646695e-07,1.612090e-07,4.722143e-07,2.549011e-07,1.630341e-06,4.713649e-07,1.226401e-09,2.633341e-07,1.224398e-08,3.707705e-08,3.265367e-09,2.817914e-10,1.851807e-09,1.270352e-06,6.043437e-09
24.023438,1.350857e-07,4.435703e-07,3.837418e-06,3.553740e-06,6.038592e-09,3.190115e-07,4.182367e-08,4.319417e-07,1.360589e-07,2.633118e-06,5.249662e-07,3.896755e-08,6.018411e-07,1.937821e-07,1.825763e-06,7.075842e-07,1.345905e-09,4.838063e-07,8.193709e-09,1.741515e-08,1.393658e-09,3.173941e-10,2.742613e-09,1.170229e-06,6.842261e-09
24.072266,1.398806e-07,4.880034e-07,3.423314e-06,4.585984e-06,3.457849e-09,2.951003e-07,3.382936e-08,3.906900e-07,1.325275e-07,2.274285e-06,7.369791e-07,4.545681e-08,3.884520e-07,7.500407e-08,1.421643e-06,1.054447e-06,6.750836e-10,3.451102e-07,9.652793e-09,3.520505e-08,2.739476e-09,1.012094e-09,9.855854e-10,2.548700e-07,3.474563e-09
24.121094,1.463394e-07,4.928510e-07,3.497031e-06,4.998894e-06,2.358102e-09,2.933574e-07,1.902330e-08,3.117569e-07,1.384579e-07,1.592216e-06,7.578565e-07,1.110605e-07,5.145650e-08,8.631321e-08,7.995962e-07,1.262101e-06,6.755780e-10,3.297483e-07,1.266223e-08,3.100881e-08,1.482286e-09,1.489165e-09,2.565203e-09,1.503401e-06,1.505410e-09
24.169922,1.563406e-07,4.591287e-07,4.211578e-06,4.838288e-06,2.828322e-09,3.117779e-07,2.037724e-08,3.162349e-07,1.403096e-07,1.083243e-06,8.605669e-07,3.116935e-07,2.565032e-07,1.372456e-07,4.448641e-07,1.006600e-06,4.845081e-10,1.877162e-07,1.379567e-08,6.140057e-08,2.685052e-09,1.098082e-09,1.416487e-09,1.638577e-06,3.121041e-09
24.218750,1.665297e-07,4.040487e-07,4.944388e-06,4.430891e-06,2.921842e-09,3.302609e-07,6.128234e-08,5.248922e-07,1.087306e-07,9.295032e-07,1.031754e-06,4.681010e-07,5.242275e-07,2.147706e-07,5.350730e-07,6.196586e-07,3.788460e-10,6.182940e-07,1.740542e-08,6.312694e-08,1.250105e-09,6.558292e-10,2.486168e-09,1.397107e-06,5.190367e-09
24.267578,1.704932e-07,3.524669e-07,5.018052e-06,4.159092e-06,2.227656e-09,3.298225e-07,9.006064e-08,6.710466e-07,4.371577e-08,6.998764e-07,9.353114e-07,4.886777e-07,9.027063e-07,3.014186e-07,9.738813e-07,1.930084e-07,4.046995e-11,8.174948e-07,1.198320e-08,2.909502e-08,1.695692e-09,3.390729e-10,2.509392e-09,9.479048e-07,1.310635e-09
24.316406,1.635497e-07,3.223564e-07,4.127198e-06,4.330371e-06,1.153682e-09,2.991279e-07,8.590021e-08,6.112641e-07,3.033544e-08,1.059471e-06,4.831900e-07,4.268827e-07,1.036881e-06,3.414343e-07,9.537206e-07,7.125431e-08,4.854694e-10,8.082901e-07,6.903403e-09,5.174374e-09,3.925354e-09,7.477188e-10,7.343467e-10,1.330759e-06,2.209651e-09
24.365234,1.480598e-07,3.125308e-07,2.433299e-06,4.905661e-06,9.001578e-10,2.599661e-07,5.111457e-08,4.308722e-07,7.735210e-08,2.258664e-06,2.351347e-07,4.456730e-07,8.218958e-07,2.650693e-07,5.273297e-07,2.540719e-07,6.126597e-10,7.689821e-07,2.963547e-09,2.345553e-08,1.275733e-09,1.362097e-09,1.014996e-09,1.826392e-06,2.430538e-09
24.414062,1.363195e-07,3.087380e-07,5.967082e-07,5.436879e-06,1.533867e-09,2.851818e-07,1.532663e-08,2.916543e-07,1.362104e-07,2.754521e-06,5.900133e-07,3.432916e-07,3.990312e-07,1.161445e-07,8.332747e-08,5.228140e-07,4.408969e-10,4.721109e-07,1.014458e-08,1.143624e-08,1.539611e-09,5.379310e-10,1.466653e-10,1.923911e-06,1.785795e-09
24.462891,1.424395e-07,3.031043e-07,1.294753e-06,5.484906e-06,1.768971e-09,3.801599e-07,3.564948e-08,1.842203e-07,1.638371e-07,2.270780e-06,6.697451e-07,1.553287e-07,4.100959e-07,9.896986e-08,5.431090e-07,7.180281e-07,1.908482e-10,2.035798e-07,8.892466e-09,9.687331e-09,3.074023e-09,3.452690e-10,1.802886e-09,1.999268e-06,8.924757e-10
24.511719,1.637477e-07,3.031762e-07,2.000527e-06,4.952542e-06,1.441049e-09,4.709195e-07,5.420368e-08,1.046713e-07,1.829983e-07,1.814664e-06,5.085721e-07,1.038715e-07,6.208365e-07,2.535381e-07,7.972910e-07,4.540010e-07,1.602026e-10,9.214839e-08,5.351530e-09,1.704292e-08,2.225955e-09,1.956181e-10,4.668455e-11,2.145737e-06,7.834523e-10
24.560547,1.857235e-07,3.182296e-07,1.760606e-06,4.189889e-06,7.676665e-10,5.099361e-07,5.993585e-08,2.247036e-07,3.099065e-07,1.502037e-06,2.499931e-07,2.843785e-07,6.400104e-07,3.257773e-07,7.853856e-07,2.263868e-07,3.111132e-10,2.535808e-07,4.592541e-09,7.242969e-09,1.213533e-09,5.155888e-10,2.243279e-09,1.950479e-06,6.948738e-10
24.609375,1.991822e-07,3.379743e-07,9.147302e-07,3.841254e-06,8.229891e-10,4.704742e-07,5.018854e-08,3.064315e-07,4.396289e-07,7.003953e-07,3.255900e-07,3.435372e-07,7.323411e-07,3.140979e-07,6.578012e-07,5.180341e-07,4.135471e-10,2.160499e-07,6.732028e-09,2.651554e-08,2.678922e-09,9.065946e-11,3.581432e-09,1.732491e-06,9.592551e-10
24.658203,2.029056e-07,3.398625e-07,5.821429e-07,4.101234e-06,1.610833e-09,3.438152e-07,3.683406e-08,2.478146e-07,4.918780e-07,2.498277e-07,5.159269e-07,4.707958e-07,6.714696e-07,3.305842e-07,8.360026e-07,1.121313e-06,4.209025e-10,6.123515e-08,1.837782e-09,2.122443e-08,2.395464e-09,2.910466e-10,2.270604e-09,1.071645e-06,2.329046e-09
24.707031,1.988553e-07,3.128674e-07,1.047806e-06,4.408911e-06,2.064224e-09,1.787158e-07,4.367284e-08,1.020099e-07,5.065412e-07,1.272612e-06,5.468620e-07,5.844501e-07,2.992997e-07,3.599822e-07,1.063004e-06,1.650940e-06,5.425633e-10,1.194128e-07,7.079854e-09,2.029841e-08,1.824929e-09,4.746137e-10,8.144359e-10,8.239594e-07,2.994836e-09
24.755859,1.874920e-07,2.666847e-07,9.923048e-07,4.298785e-06,1.964574e-09,1.466334e-07,4.909411e-08,1.598611e-07,5.101120e-07,2.528980e-06,5.142856e-07,3.813574e-07,1.787807e-07,3.340639e-07,1.001700e-06,1.805925e-06,4.828546e-10,5.738470e-08,7.475141e-09,2.188599e-08,1.974637e-09,6.473982e-10,1.208471e-09,1.117364e-06,2.500609e-09
24.804688,1.670388e-07,2.211648e-07,4.774883e-07,3.720049e-06,1.568355e-09,2.002822e-07,4.150977e-08,2.177911e-07,4.783929e-07,3.222659e-06,5.203830e-07,1.132862e-07,4.180017e-07,4.197781e-07,7.738465e-07,1.282538e-06,6.675884e-11,7.655988e-08,8.348333e-09,1.608944e-08,2.160522e-09,9.795826e-10,1.850925e-09,1.853464e-07,1.480267e-09
24.853516,1.363998e-07,1.838007e-07,8.813232e-07,2.863008e-06,1.556020e-09,1.707646e-07,3.719221e-08,1.535838e-07,4.286215e-07,2.924346e-06,5.526208e-07,8.551375e-08,5.456994e-07,3.621193e-07,7.386926e-07,9.455325e-07,4.174584e-10,1.787108e-07,7.025331e-09,1.118050e-08,1.827029e-09,9.928350e-10,1.438481e-09,6.428052e-07,2.600647e-09
24.902344,9.809545e-08,1.446788e-07,1.706387e-06,1.991382e-06,1.982143e-09,8.679216e-08,3.973172e-08,1.613947e-07,4.008316e-07,2.216225e-06,5.277464e-07,2.878020e-07,5.497577e-07,1.958968e-07,3.669927e-07,5.897822e-07,3.378678e-10,2.678092e-07,8.992540e-09,1.384657e-08,1.432487e-09,5.138970e-10,5.934023e-10,1.430483e-06,4.396830e-09
24.951172,5.926290e-08,1.043305e-07,2.154414e-06,1.397352e-06,2.264319e-09,5.071502e-08,3.882861e-08,3.089865e-07,3.553729e-07,1.722741e-06,3.968258e-07,3.779159e-07,4.053821e-07,9.950029e-08,6.228981e-07,9.366463e-08,2.437998e-10,1.887107e-07,5.639792e-09,7.102928e-09,9.663695e-10,2.643399e-10,1.430881e-10,1.513191e-06,3.766315e-09
25.000000,3.370808e-08,9.628341e-08,2.086150e-06,1.211453e-06,2.225409e-09,8.063151e-08,3.842525e-08,3.978037e-07,2.521906e-07,1.493099e-06,2.336838e-07,3.380889e-07,2.308605e-07,9.435002e-08,1.334099e-06,2.941347e-07,5.363863e-10,3.356629e-07,1.790345e-09,2.161542e-08,1.050921e-09,5.779914e-10,1.032034e-09,1.803915e-06,1.039628e-09
25.048828,3.692347e-08,1.268138e-07,1.621045e-06,1.301479e-06,1.986471e-09,1.091286e-07,4.194470e-08,3.816432e-07,3.060940e-07,1.562462e-06,2.879480e-07,3.037988e-07,5.096372e-07,1.088838e-07,1.204579e-06,1.800774e-07,9.323143e-10,5.737331e-07,3.233151e-09,9.673565e-09,1.333804e-09,7.240475e-10,1.834087e-09,9.952998e-07,1.233941e-10
25.097656,5.036223e-08,1.518621e-07,1.044688e-06,1.884935e-06,1.703192e-09,1.078160e-07,4.488536e-08,2.829598e-07,4.874791e-07,1.463254e-06,4.554621e-07,3.013882e-07,7.535228e-07,1.213109e-07,8.377929e-07,1.759274e-07,1.009766e-09,3.432218e-07,1.831890e-09,3.877560e-09,1.306418e-09,6.209510e-10,1.532790e-09,3.696048e-07,1.348192e-09
25.146484,6.243435e-08,1.507648e-07,6.986855e-07,2.889530e-06,1.440503e-09,7.847602e-08,4.157062e-08,1.377686e-07,5.739944e-07,9.522069e-07,4.804297e-07,2.659925e-07,7.781902e-07,1.074309e-07,8.990435e-07,5.714157e-08,5.906027e-10,2.832499e-07,4.044790e-09,9.639304e-09,9.272016e-10,2.546861e-10,1.002807e-09,7.939696e-07,1.256164e-09
25.195312,7.397446e-08,1.236793e-07,8.032444e-07,3.750927e-06,1.232469e-09,1.273684e-07,3.206283e-08,5.719499e-08,5.825090e-07,4.493497e-07,3.056606e-07,1.372653e-07,6.990704e-07,1.106586e-07,8.378013e-07,5.049201e-07,4.790010e-10,5.502719e-07,4.710477e-09,1.567690e-08,1.167774e-09,9.809534e-11,2.073251e-10,9.379591e-07,1.138734e-09
25.244141,8.345301e-08,7.916736e-08,1.197480e-06,4.091004e-06,1.239598e-09,1.896055e-07,2.936086e-08,1.782047e-07,5.477099e-07,4.609401e-07,6.209541e-08,1.809387e-07,6.540859e-07,1.065134e-07,9.357706e-07,6.832740e-07,4.961950e-10,6.873034e-07,7.678257e-09,1.741325e-08,1.478854e-09,3.870142e-10,1.286324e-10,4.112231e-07,6.343029e-09
25.292969,8.612412e-08,3.540341e-08,1.586562e-06,4.033815e-06,1.632917e-09,1.827237e-07,3.312184e-08,2.297080e-07,4.593407e-07,4.468026e-07,1.770050e-07,2.961371e-07,7.052302e-07,1.281426e-07,1.000269e-06,8.481811e-07,1.982814e-10,3.450803e-07,4.455932e-09,1.654718e-08,2.152561e-09,9.553212e-10,5.412693e-10,4.624161e-07,3.682723e-09
25.341797,7.876604e-08,5.925112e-08,1.652025e-06,4.027500e-06,2.192525e-09,1.215595e-07,2.667325e-08,2.036032e-07,4.069888e-07,7.466651e-07,2.128369e-07,2.455422e-07,5.995468e-07,1.475352e-07,1.026646e-06,9.932430e-07,6.502296e-11,2.563723e-07,7.907670e-09,1.986210e-08,2.301522e-09,8.810973e-10,1.396102e-09,3.235457e-07,3.560787e-09
25.390625,6.335159e-08,1.109336e-07,1.190381e-06,4.108732e-06,2.536327e-09,1.019916e-07,1.050442e-08,1.463012e-07,3.811113e-07,1.302952e-06,1.643321e-07,7.179704e-08,4.308787e-07,1.506219e-07,7.732991e-07,7.805341e-07,5.432583e-11,3.644446e-07,8.585387e-09,2.779778e-09,2.643922e-09,6.364774e-10,1.168785e-09,1.077862e-07,3.161701e-09
25.439453,4.875721e-08,1.477320e-07,5.455040e-07,3.823877e-06,2.413414e-09,1.385565e-07,9.885244e-09,7.921805e-08,2.778586e-07,1.513134e-06,1.551896e-07,1.496562e-07,5.351264e-07,1.452815e-07,1.801436e-07,4.521764e-07,1.001838e-10,1.350653e-07,6.776924e-09,9.025388e-09,1.210085e-09,1.543573e-10,8.521922e-10,7.136589e-07,1.213764e-09
25.488281,4.668805e-08,1.567623e-07,1.449708e-06,3.069784e-06,1.819511e-09,1.479774e-07,1.429249e-08,7.652975e-08,1.885453e-07,1.269406e-06,2.200195e-07,1.749231e-07,5.336157e-07,2.670477e-07,4.729117e-07,6.653719e-07,2.406782e-10,3.203110e-07,5.392502e-09,3.784865e-08,9.112242e-10,3.115593e-10,1.261349e-09,5.541853e-07,8.656838e-10
25.537109,5.410174e-08,1.351424e-07,2.618960e-06,2.647537e-06,1.008187e-09,1.249978e-07,9.909231e-09,1.580012e-07,1.721836e-07,9.189609e-07,3.235841e-07,7.403234e-08,6.238981e-07,3.231825e-07,8.846052e-07,9.875055e-07,4.745250e-10,2.512464e-07,4.356534e-09,3.693265e-08,2.729459e-09,1.206858e-10,3.301544e-10,7.061359e-07,2.501031e-09
25.585938,5.946382e-08,9.200083e-08,3.316600e-06,3.308893e-06,4.240478e-10,1.057827e-07,1.634869e-08,2.083323e-07,1.068811e-07,8.057628e-07,4.044409e-07,3.928729e-08,7.111500e-07,2.967554e-07,1.161183e-06,8.576445e-07,5.400151e-10,1.505342e-07,2.001657e-09,2.177822e-08,3.641415e-09,6.217188e-10,1.316750e-09,1.160353e-06,3.511802e-09
25.634766,5.910335e-08,6.220979e-08,3.300268e-06,4.144337e-06,4.457372e-10,1.114945e-07,2.733616e-08,2.272320e-07,1.023677e-07,8.462398e-07,3.883897e-07,1.341719e-07,5.053357e-07,2.137994e-07,1.149288e-06,8.146085e-07,4.560845e-10,1.518954e-07,5.298341e-09,2.196969e-08,1.312560e-09,5.905135e-10,2.020512e-09,1.135860e-06,2.894218e-09
25.683594,5.506396e-08,9.987035e-08,2.562807e-06,4.347784e-06,6.400843e-10,1.039175e-07,3.014457e-08,2.396143e-07,1.895601e-07,8.636440e-07,2.707072e-07,2.707114e-07,1.029619e-07,1.394023e-07,7.922554e-07,9.544040e-07,2.462764e-10,2.287214e-07,3.936906e-09,3.418044e-08,1.855729e-09,4.021407e-10,1.020367e-09,5.140844e-07,2.940365e-09
25.732422,4.996849e-08,1.623434e-07,1.323062e-06,3.771798e-06,1.017654e-09,5.933822e-08,2.429104e-08,2.285514e-07,2.276544e-07,8.666771e-07,2.749436e-07,3.914845e-07,3.094267e-07,1.498111e-07,1.077723e-06,9.982275e-07,1.507080e-10,2.118930e-07,6.448254e-09,3.541208e-08,1.503049e-09,2.793577e-10,3.415685e-10,4.309346e-07,4.123115e-09
25.781250,4.427715e-08,2.155291e-07,7.666671e-07,2.645521e-06,1.405328e-09,4.083088e-08,2.605262e-08,1.593700e-07,2.053189e-07,8.875335e-07,3.520748e-07,3.901944e-07,6.204505e-07,1.337807e-07,1.637629e-06,4.804030e-07,1.925987e-10,2.371840e-07,4.962593e-09,2.657908e-08,5.781458e-10,7.663525e-10,6.955669e-10,4.482383e-07,5.569284e-10
25.830078,3.746661e-08,2.437764e-07,1.981661e-06,1.381708e-06,1.537419e-09,1.151859e-07,4.371924e-08,5.284543e-08,1.751835e-07,8.254779e-07,3.466789e-07,2.236938e-07,6.932423e-07,7.431183e-08,1.942353e-06,1.357530e-07,4.986522e-10,3.376611e-07,1.439173e-09,1.204768e-08,3.667409e-10,6.208180e-10,3.691653e-10,1.163480e-06,1.824470e-09
25.878906,2.974430e-08,2.383680e-07,2.883963e-06,6.086255e-07,1.384155e-09,1.818569e-07,5.814629e-08,1.152681e-07,1.488474e-07,6.372376e-07,4.883067e-07,1.648507e-08,4.609230e-07,1.944896e-07,1.946892e-06,4.278981e-07,5.433307e-10,4.347439e-07,1.088500e-09,1.717448e-08,1.398125e-09,4.497178e-10,8.051487e-10,7.812090e-07,1.564356e-09
25.927734,2.116480e-08,2.009777e-07,3.076045e-06,8.622338e-07,1.159495e-09,2.190448e-07,5.977407e-08,1.791246e-07,6.590960e-08,3.180478e-07,6.675871e-07,6.601525e-08,3.563383e-07,3.289006e-07,1.616798e-06,2.578192e-07,3.612424e-10,3.982788e-07,4.947401e-09,2.571065e-08,1.179600e-09,4.459366e-10,4.373646e-10,1.733761e-06,2.710105e-09
25.976562,1.171263e-08,1.447359e-07,2.647066e-06,1.059552e-06,1.042352e-09,2.179387e-07,4.981661e-08,1.730524e-07,9.985157e-08,7.164989e-07,6.770075e-07,1.488295e-07,3.509147e-07,3.013990e-07,1.040290e-06,4.720990e-07,4.185014e-10,4.016748e-07,6.482845e-09,3.208973e-08,3.405199e-10,4.391275e-10,5.132665e-10,8.407122e-07,2.589337e-09
26.025391,1.357491e-08,8.776089e-08,2.136857e-06,1.012206e-06,9.567706e-10,1.869105e-07,3.595651e-08,1.433251e-07,2.005163e-07,1.299075e-06,5.334456e-07,2.778154e-07,3.417164e-07,2.237148e-07,6.378541e-07,5.542165e-07,4.224636e-10,2.382582e-07,4.145278e-09,3.110870e-08,6.369227e-10,3.258283e-10,7.789206e-10,1.143762e-06,1.563699e-09
26.074219,3.001033e-08,4.486290e-08,2.149877e-06,8.748823e-07,9.653384e-10,1.538262e-07,2.772228e-08,1.434825e-07,2.190023e-07,1.443074e-06,3.256309e-07,2.305151e-07,2.631594e-07,2.137939e-07,3.796707e-07,3.091252e-07,2.047861e-10,1.003708e-07,4.710871e-09,1.184293e-08,5.518514e-10,2.543379e-10,8.613599e-10,6.576765e-07,1.423181e-09
26.123047,4.680839e-08,5.164177e-08,2.361627e-06,6.703375e-07,1.262135e-09,1.409504e-07,2.955543e-08,1.793546e-07,1.880064e-07,1.367260e-06,1.621706e-07,1.090432e-07,2.681472e-07,1.668571e-07,1.694238e-07,1.511303e-07,3.044283e-10,1.384543e-07,5.363748e-09,1.043142e-08,2.452646e-10,2.738188e-10,2.456687e-10,1.068765e-06,2.083259e-09
26.171875,5.813458e-08,1.047396e-07,2.243606e-06,5.202875e-07,1.626902e-09,1.362233e-07,3.579427e-08,2.131358e-07,2.124153e-07,1.414074e-06,2.213777e-07,2.807565e-07,4.968931e-07,1.266887e-07,4.768222e-07,1.149142e-07,1.862990e-10,1.675594e-07,3.950946e-09,2.564450e-08,4.371871e-10,1.820961e-10,1.124659e-09,1.203320e-06,1.525671e-09
26.220703,6.143980e-08,1.595134e-07,1.897223e-06,1.096159e-06,1.793490e-09,1.217125e-07,4.380370e-08,2.123375e-07,2.938280e-07,1.264510e-06,3.206831e-07,3.124630e-07,5.285240e-07,1.332197e-07,3.939793e-07,2.532794e-07,7.784282e-11,2.771639e-07,4.411029e-09,1.549359e-08,6.315153e-10,2.755510e-10,8.579559e-10,1.836091e-06,1.693048e-09
26.269531,5.787065e-08,1.908153e-07,1.803730e-06,2.061189e-06,1.739307e-09,9.734807e-08,5.148316e-08,1.805660e-07,3.273498e-07,8.303842e-07,3.609277e-07,2.277131e-07,3.209892e-07,1.343655e-07,4.171477e-07,1.766274e-07,1.453317e-10,1.081169e-07,2.000079e-09,1.093402e-08,9.155620e-10,2.204893e-10,5.520567e-10,1.056563e-06,1.626144e-09
26.318359,5.178528e-08,1.837305e-07,1.913698e-06,2.961158e-06,1.616460e-09,7.098006e-08,5.083642e-08,1.350346e-07,2.759423e-07,5.389219e-07,3.422821e-07,1.955568e-07,3.746511e-07,1.567596e-07,6.655876e-07,7.082112e-07,2.263836e-10,2.985935e-07,6.523582e-09,1.964626e-08,1.072492e-09,6.348746e-11,8.537064e-10,5.956074e-07,2.415395e-09
26.367188,4.780431e-08,1.389869e-07,1.679831e-06,3.532812e-06,1.539113e-09,5.279961e-08,3.703273e-08,8.643032e-08,1.953617e-07,5.560294e-07,2.810411e-07,1.261329e-07,3.539046e-07,2.278206e-07,3.607341e-07,7.250213e-07,2.922678e-10,3.843752e-07,6.991117e-09,7.032934e-09,5.031475e-10,1.223497e-10,5.669555e-10,5.808535e-07,1.206519e-09
26.416016,4.656910e-08,7.352539e-08,8.689386e-07,3.723108e-06,1.447931e-09,5.955626e-08,1.616692e-08,5.145034e-08,1.837082e-07,6.527934e-07,1.980692e-07,1.380952e-07,3.641939e-07,2.529311e-07,3.774330e-07,1.980422e-07,2.936545e-10,1.933724e-07,5.142791e-09,2.210382e-08,1.374135e-09,9.419536e-11,7.959374e-10,9.033691e-07,8.806894e-10
26.464844,4.509017e-08,2.841254e-08,4.397824e-07,3.706386e-06,1.241828e-09,8.161625e-08,7.244021e-09,4.869998e-08,2.292343e-07,9.083905e-07,1.159947e-07,2.344976e-07,5.206921e-07,2.269494e-07,8.963229e-07,3.896132e-07,4.424826e-10,8.087664e-08,5.162794e-09,1.657446e-08,1.243186e-09,2.365568e-10,9.169108e-10,5.495845e-07,5.418787e-10
26.513672,4.091335e-08,5.604225e-08,1.815414e-06,3.701193e-06,9.154132e-10,9.669683e-08,1.921840e-08,7.523281e-08,2.450425e-07,1.223796e-06,9.926717e-08,2.543873e-07,4.577440e-07,2.202790e-07,8.832922e-07,5.505178e-07,3.305580e-10,1.443325e-07,6.448175e-09,6.512801e-09,8.459764e-11,1.507649e-10,7.615153e-10,3.216525e-07,1.050227e-09
26.562500,3.341557e-08,7.383983e-08,3.021037e-06,3.725292e-06,5.936165e-10,1.000934e-07,3.738766e-08,1.333598e-07,2.000556e-07,1.345396e-06,2.178557e-07,2.724981e-07,2.894068e-07,1.736564e-07,8.822005e-07,3.550937e-07,2.976028e-10,1.467881e-07,8.530490e-09,1.394102e-08,1.532030e-09,1.787015e-10,8.443379e-10,9.524252e-07,1.560689e-09
26.611328,2.297054e-08,7.257565e-08,3.837300e-06,3.644689e-06,5.563477e-10,1.023286e-07,5.645103e-08,2.121357e-07,1.301457e-07,1.222379e-06,3.428423e-07,3.733906e-07,9.635429e-08,7.133075e-08,9.453014e-07,2.301571e-07,3.061775e-10,3.469086e-07,3.795390e-09,3.304085e-08,2.657044e-09,1.689179e-10,4.073134e-10,3.958268e-07,2.918608e-09
26.660156,1.097848e-08,7.104567e-08,4.214711e-06,3.372818e-06,7.932477e-10,1.085419e-07,6.708612e-08,2.668123e-07,1.009604e-07,1.115266e-06,4.079523e-07,4.313304e-07,2.056478e-07,1.309180e-07,8.933300e-07,2.780447e-07,2.515137e-10,3.997926e-07,2.329981e-09,2.590371e-08,1.942185e-09,1.512886e-10,1.038141e-09,4.613052e-07,1.888689e-09
26.708984,8.045138e-09,8.440472e-08,4.232973e-06,2.889954e-06,1.028492e-09,1.028252e-07,6.724812e-08,2.587363e-07,1.500416e-07,1.183290e-06,4.084047e-07,2.962486e-07,2.733099e-07,2.136412e-07,1.120406e-06,3.478020e-07,2.700247e-10,2.442873e-07,1.370692e-09,1.637991e-08,9.647946e-10,1.281058e-10,9.011350e-10,5.785101e-07,9.190502e-10
26.757812,1.871577e-08,1.044497e-07,4.044535e-06,2.203856e-06,1.173085e-09,7.310715e-08,6.064739e-08,2.065254e-07,2.406837e-07,1.184665e-06,3.451186e-07,8.961824e-08,2.085564e-07,2.988485e-07,9.432106e-07,4.629833e-07,1.825389e-10,1.210700e-07,3.262795e-09,2.102647e-08,2.572669e-10,1.199577e-10,1.042671e-09,8.938292e-07,1.203454e-09
26.806641,2.737122e-08,1.181426e-07,3.800797e-06,1.438927e-06,1.219225e-09,3.159310e-08,5.030346e-08,1.831569e-07,3.022198e-07,9.116232e-07,2.462165e-07,9.652220e-08,3.006989e-07,3.150417e-07,6.481613e-07,3.844299e-07,1.864661e-10,9.820127e-08,4.511814e-09,1.146402e-08,7.138340e-10,3.157122e-10,8.669709e-10,6.802543e-07,1.012119e-09
26.855469,3.147852e-08,1.191512e-07,3.577374e-06,9.815430e-07,1.168450e-09,6.565711e-09,3.825434e-08,1.883293e-07,2.990977e-07,3.553058e-07,2.132693e-07,1.582024e-07,3.625397e-07,2.798360e-07,6.161618e-07,7.998652e-08,2.210611e-10,1.861461e-07,4.520406e-09,1.095741e-08,7.143439e-10,3.367635e-10,5.516694e-10,3.880778e-07,7.743482e-10
26.904297,3.136820e-08,1.072231e-07,3.357574e-06,1.037516e-06,1.017149e-09,1.859845e-08,2.764497e-08,1.620813e-07,2.468741e-07,4.974074e-07,2.805743e-07,1.325357e-07,3.947281e-07,2.666200e-07,7.024825e-07,3.338302e-07,1.556405e-10,1.071171e-07,4.842943e-09,2.157098e-08,1.523797e-09,1.521596e-10,7.265359e-10,9.351296e-07,7.518239e-10
26.953125,2.889179e-08,8.757262e-08,3.095922e-06,1.067896e-06,7.697439e-10,5.452301e-08,2.144184e-08,1.086312e-07,1.794317e-07,1.143142e-06,3.516201e-07,9.204700e-08,4.016950e-07,2.172084e-07,7.247494e-07,1.202480e-07,3.726794e-10,8.775186e-09,6.172236e-09,2.438501e-08,1.122364e-09,1.606872e-10,8.042740e-10,1.096421e-06,2.494273e-10
27.001953,2.627737e-08,6.914040e-08,2.779814e-06,9.149235e-07,4.697578e-10,8.540644e-08,2.226145e-08,5.149321e-08,1.204563e-07,1.451876e-06,3.662501e-07,1.525173e-07,3.544008e-07,1.552326e-07,4.316978e-07,2.060024e-07,2.513310e-10,1.163308e-07,4.064555e-09,1.942173e-08,3.480867e-10,1.206159e-10,1.276113e-10,1.497842e-07,1.537540e-09
27.050781,2.520812e-08,5.910691e-08,2.430381e-06,8.630213e-07,2.802253e-10,8.312468e-08,2.950124e-08,5.709772e-08,8.117947e-08,1.424667e-06,3.308257e-07,2.598115e-07,3.029570e-07,1.190889e-07,4.619682e-07,1.091327e-07,1.532501e-10,1.810477e-07,4.392856e-09,1.507233e-08,5.488209e-10,2.519208e-10,2.824216e-10,5.164756e-07,1.492448e-09
27.099609,2.676416e-08,5.755598e-08,2.082126e-06,9.998718e-07,3.960811e-10,5.073340e-08,3.829585e-08,1.543387e-07,4.841159e-08,1.401006e-06,2.747304e-07,3.206646e-07,2.002179e-07,2.838583e-08,6.399641e-07,3.336082e-07,1.137786e-10,1.305356e-07,6.859772e-09,3.651122e-09,6.685240e-10,2.375114e-10,2.354334e-10,1.000782e-06,8.037964e-10
27.148438,3.117617e-08,6.372933e-08,1.796536e-06,1.145213e-06,5.629964e-10,6.180264e-08,4.331297e-08,2.281017e-07,2.938299e-08,1.559516e-06,2.164432e-07,1.603933e-07,1.398329e-07,8.428557e-08,6.929544e-07,4.967095e-07,4.532660e-11,2.524637e-07,7.569913e-09,5.197971e-09,1.134715e-09,2.033041e-10,5.262557e-10,1.462964e-06,1.439577e-09
27.197266,3.731800e-08,8.059106e-08,1.682908e-06,1.317590e-06,6.986628e-10,1.106598e-07,4.062878e-08,2.454658e-07,6.525308e-08,1.594447e-06,1.447834e-07,2.040279e-07,3.198126e-07,1.456480e-07,6.120820e-07,6.015470e-07,3.528760e-11,2.914901e-07,3.383573e-09,8.797162e-09,7.252313e-10,4.366982e-10,1.200429e-10,1.341785e-06,1.364235e-09
27.246094,4.340434e-08,1.067643e-07,1.821712e-06,1.550773e-06,8.580428e-10,1.329840e-07,3.031369e-08,2.294788e-07,8.562193e-08,1.261147e-06,3.035056e-08,2.521184e-07,3.956008e-07,1.375358e-07,2.922665e-07,5.773071e-07,1.616936e-10,1.590433e-07,1.608630e-09,1.732103e-08,4.774607e-10,3.004903e-10,7.428622e-10,4.480427e-07,1.314799e-09
27.294922,4.785815e-08,1.346082e-07,2.162129e-06,1.796833e-06,1.043607e-09,1.172814e-07,1.880212e-08,2.048075e-07,8.703461e-08,6.266083e-07,1.642552e-07,2.045837e-07,3.059149e-07,1.232972e-07,5.594272e-07,4.912833e-07,1.921759e-10,1.521986e-07,2.971369e-09,1.639447e-08,1.082626e-09,5.242190e-11,6.778703e-10,3.347214e-07,5.729286e-10
27.343750,4.949128e-08,1.542876e-07,2.596623e-06,2.099242e-06,1.190930e-09,8.267558e-08,2.102913e-08,1.624542e-07,1.125923e-07,2.740423e-07,2.707786e-07,3.095654e-07,2.365100e-07,1.342265e-07,7.266366e-07,3.890772e-07,1.583048e-10,2.422428e-07,2.262088e-09,1.567975e-08,1.261222e-09,2.043172e-10,5.944585e-10,7.181560e-07,2.000857e-10
27.392578,4.749949e-08,1.568333e-07,3.042745e-06,2.478639e-06,1.250416e-09,6.430605e-08,3.160257e-08,1.512607e-07,1.536236e-07,6.701787e-07,2.696704e-07,3.820724e-07,4.213359e-07,7.788378e-08,5.090139e-07,4.534636e-07,1.176454e-10,2.234603e-07,7.062841e-10,1.245810e-08,8.580508e-10,2.132931e-10,5.375556e-10,5.611480e-07,2.136530e-09
27.441406,4.173709e-08,1.372143e-07,3.444644e-06,2.780597e-06,1.223947e-09,6.123404e-08,3.579806e-08,2.067795e-07,1.784597e-07,7.467066e-07,1.951637e-07,3.685800e-07,6.617167e-07,8.280312e-08,6.386066e-07,3.964650e-07,5.724117e-11,1.124917e-07,2.676080e-09,2.017699e-08,4.260017e-10,1.897633e-10,7.222750e-10,7.038882e-07,2.205542e-09
27.490234,3.303868e-08,9.707864e-08,3.773024e-06,2.884915e-06,1.121779e-09,5.965637e-08,2.954450e-08,2.380497e-07,1.956922e-07,4.691272e-07,1.110177e-07,2.619610e-07,7.019143e-07,2.148803e-07,7.616208e-07,2.815557e-07,8.192206e-11,1.121892e-07,4.869267e-09,1.512387e-08,3.667639e-10,9.963811e-11,4.670994e-10,5.123904e-07,1.682376e-09
27.539062,2.305788e-08,4.587131e-08,4.018769e-06,2.898247e-06,9.026580e-10,6.655116e-08,1.873773e-08,2.135215e-07,2.112019e-07,2.159024e-07,7.410528e-08,1.588298e-07,6.046827e-07,2.310013e-07,4.842100e-07,5.996641e-07,1.339143e-10,1.058851e-07,3.049228e-09,4.275725e-09,1.783368e-10,8.933738e-11,4.808534e-10,7.133525e-07,7.310244e-10
27.587891,1.348474e-08,1.884946e-08,4.154025e-06,2.980722e-06,5.143577e-10,6.029352e-08,1.982833e-08,1.734378e-07,1.972175e-07,4.761711e-07,1.185963e-07,1.095913e-07,5.531935e-07,1.931733e-07,6.742746e-07,6.177830e-07,1.439726e-10,1.981487e-07,4.311388e-09,9.329901e-09,4.810827e-10,8.378114e-11,3.309025e-10,4.371346e-07,1.334585e-09
27.636719,5.392292e-09,5.128592e-08,4.105151e-06,3.049600e-06,1.602000e-10,3.002445e-08,2.820882e-08,1.515415e-07,1.531663e-07,5.979860e-07,1.812730e-07,7.461211e-08,6.107782e-07,1.953840e-07,6.454740e-07,2.910580e-07,1.304027e-10,2.700311e-07,5.040220e-09,1.696781e-09,6.102505e-10,6.853252e-11,4.980010e-10,2.717554e-07,1.138729e-09
27.685547,3.435094e-09,6.994293e-08,3.796366e-06,2.931864e-06,6.578203e-10,2.762808e-08,3.317210e-08,1.229093e-07,1.358281e-07,5.545182e-07,1.730031e-07,9.052203e-08,4.979692e-07,1.787505e-07,6.943936e-07,1.660415e-07,5.691747e-11,2.597125e-07,4.498401e-09,1.455642e-08,1.112560e-09,7.478269e-11,4.593604e-10,7.540225e-07,3.318007e-10
27.734375,7.864155e-09,7.129178e-08,3.230380e-06,2.674267e-06,1.094383e-09,4.689870e-08,3.514788e-08,8.145420e-08,1.500007e-07,6.127734e-07,8.029536e-08,1.056302e-07,2.684299e-07,2.051973e-07,5.203159e-07,4.485873e-07,5.651349e-11,2.215548e-07,6.695113e-09,1.885893e-08,3.029822e-10,1.316929e-10,4.023162e-10,8.085978e-07,1.049178e-09
27.783203,9.613299e-09,6.484091e-08,2.522025e-06,2.475197e-06,1.298901e-09,4.503775e-08,3.398974e-08,5.480896e-08,1.523476e-07,7.087353e-07,4.503037e-08,1.196738e-07,1.436493e-07,1.774066e-07,3.187425e-07,5.611450e-07,1.132650e-10,2.011379e-07,5.743026e-09,1.944522e-08,9.709388e-10,9.195317e-11,2.601804e-10,1.091062e-06,1.953588e-09
27.832031,7.328130e-09,6.090460e-08,1.856494e-06,2.330546e-06,1.290807e-09,4.908957e-08,2.797105e-08,4.043482e-08,1.526332e-07,5.706506e-07,1.308945e-07,8.463889e-08,3.911771e-07,1.298067e-07,2.316749e-07,4.218201e-07,9.312704e-11,1.770240e-07,3.944467e-09,1.155852e-08,7.268406e-10,2.577361e-10,1.186945e-10,7.957474e-07,8.748869e-10
27.880859,4.792061e-09,5.833475e-08,1.430814e-06,2.019956e-06,1.156549e-09,6.565830e-08,1.794328e-08,4.551756e-08,1.427685e-07,4.707781e-07,1.779225e-07,3.606523e-08,4.971595e-07,1.328664e-07,2.079750e-07,1.566824e-07,4.593048e-11,1.702854e-07,3.244971e-09,5.373934e-09,5.665351e-10,2.259642e-10,4.550207e-10,3.993675e-07,8.788795e-10
27.929688,1.178111e-08,4.859326e-08,1.402719e-06,1.445696e-06,9.313817e-10,7.946612e-08,7.195734e-09,6.591636e-08,1.067405e-07,6.979623e-07,1.523809e-07,1.545424e-07,4.454263e-07,6.409996e-08,3.742316e-07,1.112725e-07,5.175983e-11,2.100232e-07,2.214755e-09,7.425733e-09,5.734999e-10,1.162129e-10,4.499554e-10,4.435676e-07,1.243137e-09
27.978516,1.987695e-08,3.041411e-08,1.704657e-06,7.348424e-07,6.036142e-10,9.173473e-08,1.757898e-09,7.531404e-08,9.462701e-08,7.050856e-07,7.113085e-08,1.954774e-07,5.079490e-07,6.682956e-08,3.248554e-07,8.572320e-08,1.056578e-10,2.332168e-07,3.835080e-09,7.824835e-09,7.725871e-10,1.943625e-10,2.118076e-10,2.370980e-07,1.142624e-09
28.027344,2.424565e-08,2.964810e-08,2.082116e-06,1.043867e-07,2.791713e-10,9.145956e-08,9.440527e-09,8.061555e-08,1.260460e-07,6.099295e-07,1.654148e-07,1.886657e-07,5.027187e-07,9.803528e-08,2.388180e-07,4.065876e-07,9.810238e-11,1.774055e-07,4.657252e-09,1.307457e-08,4.728906e-10,1.438983e-10,1.300401e-10,6.419713e-07,2.472251e-10
28.076172,2.327366e-08,6.068946e-08,2.354615e-06,3.127280e-07,3.810818e-10,7.142782e-08,1.803718e-08,9.411290e-08,1.372700e-07,8.117331e-07,2.802553e-07,1.585576e-07,3.314082e-07,8.118175e-08,5.686543e-08,4.202787e-07,3.625074e-11,1.064638e-07,4.229851e-09,1.760115e-08,4.743292e-10,2.102672e-10,2.542033e-10,7.509685e-07,1.084475e-09
28.125000,1.809603e-08,9.381403e-08,2.483418e-06,5.553086e-07,6.045035e-10,6.623573e-08,2.683248e-08,1.084238e-07,1.043960e-07,1.073053e-06,2.831297e-07,9.570425e-08,1.557753e-07,1.184794e-07,3.363404e-07,1.223266e-07,4.701008e-11,2.065174e-07,1.685560e-09,1.314521e-08,3.471715e-10,9.056851e-11,2.298581e-10,6.763923e-07,7.425181e-10
28.173828,1.325748e-08,1.172650e-07,2.527443e-06,7.858238e-07,7.423785e-10,9.271902e-08,3.152173e-08,1.063342e-07,3.115684e-08,1.462007e-06,1.677237e-07,6.232790e-08,1.190747e-07,1.537385e-07,3.341833e-07,3.594823e-07,1.216901e-10,1.855406e-07,1.552389e-09,1.483503e-08,6.867674e-10,1.498642e-10,8.827095e-10,3.268845e-07,7.924691e-10
28.222656,1.489296e-08,1.258099e-07,2.562899e-06,1.091873e-06,8.801989e-10,1.033594e-07,2.831555e-08,8.455029e-08,5.279169e-08,1.790666e-06,5.986672e-08,7.129117e-08,1.998573e-07,9.527658e-08,3.594429e-07,5.048049e-07,3.877513e-11,1.233620e-07,1.811453e-09,1.819775e-08,8.504689e-10,8.303502e-11,9.157640e-10,5.600056e-07,7.434184e-10
28.271484,2.061238e-08,1.186218e-07,2.661695e-06,1.443245e-06,1.020563e-09,8.336621e-08,1.830935e-08,6.509563e-08,1.007279e-07,1.656325e-06,1.069432e-07,9.792503e-08,3.905736e-07,5.731450e-08,5.424401e-07,3.370810e-07,5.612316e-11,1.300950e-07,6.785640e-10,1.109207e-08,3.688412e-10,1.570330e-10,8.989925e-10,1.013772e-06,7.941773e-10
28.320312,2.647272e-08,9.900900e-08,2.889441e-06,1.765526e-06,1.065388e-09,5.385925e-08,1.170126e-08,7.774810e-08,8.844787e-08,1.118333e-06,1.571295e-07,1.538451e-07,4.329065e-07,1.267795e-07,5.102725e-07,2.674982e-07,1.230528e-10,1.196173e-07,5.131317e-10,1.336935e-08,2.583154e-10,1.452945e-10,5.194687e-10,7.247447e-07,9.506349e-10
28.369141,3.180263e-08,7.338281e-08,3.197291e-06,1.951381e-06,9.873166e-10,4.877524e-08,1.719055e-08,1.037615e-07,3.779345e-08,5.910082e-07,2.162170e-07,1.970126e-07,1.997282e-07,1.144135e-07,3.606649e-07,1.733951e-08,8.105435e-11,1.541597e-07,3.462091e-09,6.954694e-09,1.736172e-10,4.350599e-12,2.381005e-10,7.849893e-07,6.512456e-10
28.417969,3.607520e-08,5.066156e-08,3.383321e-06,1.890704e-06,8.695135e-10,5.609224e-08,2.060882e-08,1.171173e-07,4.617732e-08,2.677045e-07,2.047298e-07,1.873020e-07,2.067770e-07,3.757227e-08,6.100121e-07,4.713535e-07,1.069010e-10,1.018463e-07,1.182531e-09,1.037014e-08,2.745395e-10,5.233866e-11,2.226149e-10,3.170499e-07,5.573070e-10
28.466797,3.809847e-08,4.213278e-08,3.268194e-06,1.537640e-06,7.882059e-10,6.219823e-08,1.852192e-08,1.166641e-07,9.857520e-08,2.038557e-07,1.184923e-07,1.334207e-07,2.585745e-07,5.696290e-08,6.718855e-07,5.313004e-07,1.469068e-10,7.699812e-08,3.871605e-09,2.139874e-08,1.949921e-10,1.136170e-10,9.413589e-11,4.419920e-07,1.070854e-09
28.515625,3.702416e-08,4.739883e-08,2.907091e-06,9.559324e-07,7.049417e-10,7.609593e-08,1.591871e-08,1.165064e-07,1.361424e-07,3.444717e-07,8.737613e-08,8.176744e-08,2.349199e-07,9.920713e-08,6.247212e-07,3.940298e-07,7.688255e-11,8.088308e-08,5.430295e-09,1.098934e-08,2.595838e-10,1.274483e-10,9.802231e-11,6.507123e-07,1.425016e-09
28.564453,3.324775e-08,5.022079e-08,2.675096e-06,3.960657e-07,5.607144e-10,9.442927e-08,1.768914e-08,1.267724e-07,1.402947e-07,4.387768e-07,1.205013e-07,1.157366e-07,1.671393e-07,1.275369e-07,5.692755e-07,4.253277e-07,3.964297e-11,3.083560e-08,4.242591e-09,8.640083e-09,2.642745e-11,1.401899e-10,3.540951e-10,1.204720e-06,8.833368e-10
28.613281,2.845642e-08,3.978219e-08,2.925983e-06,6.619800e-07,3.846056e-10,1.090447e-07,2.127485e-08,1.378682e-07,1.104842e-07,5.255450e-07,1.230162e-07,1.340775e-07,2.966257e-07,1.635231e-07,5.602796e-07,3.217443e-07,7.950929e-11,1.484369e-07,3.689553e-09,1.344852e-08,5.453714e-10,1.513317e-10,2.157655e-10,3.778428e-07,1.219423e-10
28.662109,2.492808e-08,1.410161e-08,3.448582e-06,1.175430e-06,2.969868e-10,1.140035e-07,2.603171e-08,1.270713e-07,7.346318e-08,6.942624e-07,1.179657e-07,1.608875e-07,3.672460e-07,1.736879e-07,5.430959e-07,2.198172e-07,7.119098e-11,1.204857e-07,1.959555e-09,7.913798e-09,7.197760e-10,5.476170e-11,2.626480e-10,3.677801e-07,6.012271e-10
28.710938,2.409679e-08,2.501856e-08,3.857846e-06,1.530215e-06,3.565095e-10,1.046214e-07,3.214771e-08,8.912218e-08,5.397464e-08,9.660137e-07,1.555186e-07,1.774674e-07,2.959947e-07,1.354533e-07,5.658292e-07,5.129390e-07,6.893133e-11,1.180471e-07,8.542310e-10,4.311898e-09,3.362692e-10,2.576587e-11,5.319879e-10,6.008507e-07,7.343132e-10
28.759766,2.525478e-08,6.432859e-08,4.005291e-06,1.698118e-06,4.434960e-10,8.462565e-08,3.430651e-08,6.425090e-08,5.500784e-08,1.088525e-06,2.149390e-07,8.282446e-08,1.916377e-07,6.857210e-08,5.427697e-07,5.730237e-07,5.308946e-11,2.460493e-07,1.400971e-09,9.144167e-09,1.899118e-10,1.438223e-10,3.891839e-10,1.310112e-06,5.959269e-10
28.808594,2.647857e-08,9.568652e-08,3.907607e-06,1.748715e-06,4.882785e-10,6.904670e-08,2.725032e-08,8.001575e-08,7.384532e-08,9.233348e-07,2.402560e-07,1.407699e-07,1.458855e-07,1.751301e-08,4.108666e-07,6.212973e-07,2.560700e-11,2.261733e-07,7.771415e-10,1.363859e-08,3.918599e-10,4.651942e-11,2.843407e-10,1.056986e-06,3.973329e-10
28.857422,2.640614e-08,1.119144e-07,3.589641e-06,1.858824e-06,4.755146e-10,7.014052e-08,1.166803e-08,8.903450e-08,8.584412e-08,5.396344e-07,2.149042e-07,2.008712e-07,1.499094e-07,1.539039e-08,2.209695e-07,2.753309e-07,1.371491e-10,2.098134e-07,1.000594e-09,1.080665e-08,4.211057e-10,2.181320e-10,1.366195e-10,7.529259e-07,6.380654e-10
28.906250,2.509639e-08,1.114769e-07,3.031228e-06,2.205157e-06,4.082741e-10,7.833145e-08,6.355311e-09,1.073208e-07,7.613593e-08,2.788549e-07,1.611506e-07,1.721582e-07,1.199051e-07,1.591250e-08,9.677777e-08,4.346637e-08,1.299533e-10,1.453982e-07,2.001882e-09,1.097433e-08,5.209784e-10,1.851654e-10,3.404106e-10,4.630054e-07,4.314029e-10
28.955078,2.403152e-08,9.752543e-08,2.234793e-06,2.736337e-06,3.041611e-10,7.659987e-08,2.021069e-08,1.509387e-07,7.527907e-08,6.329435e-07,1.235498e-07,1.872793e-07,8.309764e-08,2.181494e-08,2.732188e-07,2.246083e-07,1.445329e-10,1.009485e-07,2.646774e-09,4.469887e-09,2.431058e-10,1.431387e-10,4.091848e-10,9.714427e-07,5.822534e-10
29.003906,2.453434e-08,7.517889e-08,1.301975e-06,3.241035e-06,1.916014e-10,5.992525e-08,2.805901e-08,1.783598e-07,1.171345e-07,7.560543e-07,1.216990e-07,1.622984e-07,6.933897e-08,6.744844e-08,4.277508e-07,3.932906e-07,1.114517e-10,1.096492e-07,1.526359e-09,7.642860e-09,6.539881e-10,3.370997e-11,4.992872e-10,1.417977e-07,8.417725e-10
29.052734,2.559488e-08,4.953747e-08,4.803863e-07,3.581311e-06,9.995378e-11,4.880835e-08,3.128175e-08,1.628585e-07,1.703809e-07,4.954905e-07,1.179289e-07,1.117152e-07,7.700502e-08,8.498218e-08,3.756398e-07,3.187478e-07,4.952655e-11,1.219236e-07,1.419020e-09,5.979940e-09,4.150686e-10,4.875732e-11,3.023746e-10,9.863562e-07,8.954872e-10
29.101562,2.479827e-08,2.697584e-08,5.432182e-07,3.786965e-06,5.730753e-11,6.182998e-08,2.954451e-08,1.152783e-07,2.100282e-07,2.615503e-07,9.881524e-08,8.864469e-08,1.186484e-07,9.953505e-08,3.123676e-07,3.060403e-07,6.206661e-11,1.507536e-07,6.329602e-10,6.542408e-09,3.112330e-10,7.307024e-11,1.059838e-10,3.365040e-07,5.436020e-10
29.150391,2.065958e-08,2.144759e-08,9.400974e-07,3.956348e-06,8.668623e-11,7.117009e-08,2.234413e-08,7.367110e-08,2.117869e-07,5.515237e-07,8.512957e-08,9.873204e-08,2.136207e-07,1.300099e-07,3.586922e-07,1.807604e-07,9.765385e-11,7.668018e-08,4.733214e-10,7.706577e-09,1.378769e-10,6.115022e-11,2.254046e-10,3.678375e-07,8.083751e-10
29.199219,1.342710e-08,3.129476e-08,1.189434e-06,4.053951e-06,1.572184e-10,6.787897e-08,1.382429e-08,6.702196e-08,1.670088e-07,8.942065e-07,9.614019e-08,1.718991e-07,2.152331e-07,1.245048e-07,3.475452e-07,9.092053e-08,1.002560e-10,7.896231e-08,1.850408e-09,3.150877e-09,1.018687e-10,7.710108e-11,1.885238e-11,6.053476e-07,4.750681e-10
29.248047,4.717231e-09,3.859988e-08,1.405595e-06,3.897322e-06,2.429101e-10,6.495901e-08,1.113162e-08,6.955856e-08,1.233546e-07,1.071732e-06,1.084978e-07,2.317682e-07,2.767148e-07,7.341979e-08,2.972044e-07,1.763441e-07,5.890738e-11,3.855634e-08,1.816521e-09,8.465259e-09,2.427394e-10,7.389354e-11,1.841527e-10,5.852530e-07,6.901101e-10
29.296875,3.356614e-09,4.047658e-08,1.614746e-06,3.369668e-06,3.249183e-10,6.549799e-08,1.742785e-08,6.426365e-08,1.212654e-07,9.198166e-07,7.368268e-08,2.650071e-07,3.582825e-07,4.820684e-08,2.631202e-07,4.781864e-07,1.601546e-11,1.241750e-07,1.276205e-09,1.479565e-08,4.620499e-10,1.480653e-11,1.607568e-10,3.563042e-07,5.210279e-10
29.345703,9.027974e-09,4.029816e-08,1.686005e-06,2.588709e-06,3.888463e-10,6.227785e-08,2.789108e-08,5.377017e-08,1.005420e-07,5.060727e-07,3.639369e-08,2.873539e-07,3.028399e-07,5.403009e-08,1.194098e-07,4.742980e-07,6.873183e-11,1.596046e-07,5.011429e-10,1.244570e-08,9.008289e-10,3.813446e-11,1.866707e-10,3.405223e-07,3.101549e-10
29.394531,1.162716e-08,4.441044e-08,1.495124e-06,1.905330e-06,4.218945e-10,5.802949e-08,3.392532e-08,3.865018e-08,5.356590e-08,1.267075e-07,7.832478e-08,2.603388e-07,2.122105e-07,4.072028e-08,1.832675e-07,2.539616e-07,5.228359e-11,1.373121e-07,5.074338e-10,1.026696e-08,5.010812e-10,1.851490e-11,3.362996e-10,7.240553e-07,1.489264e-10
29.443359,1.168990e-08,5.666554e-08,1.072949e-06,1.628881e-06,4.129717e-10,6.030046e-08,3.247846e-08,2.175665e-08,3.391454e-08,5.965496e-07,5.454152e-08,1.854345e-07,1.873464e-07,4.285854e-08,3.030810e-07,2.274016e-08,2.425606e-11,1.674402e-07,1.043323e-09,7.407403e-09,4.520291e-10,5.214298e-11,2.207622e-10,5.384337e-07,2.266412e-10
29.492188,1.077718e-08,7.414291e-08,8.043107e-07,1.578358e-06,3.623718e-10,6.938218e-08,3.324486e-08,2.684819e-08,6.720954e-08,1.030929e-06,3.804693e-08,1.093920e-07,2.722513e-07,2.824747e-08,3.964194e-07,6.807224e-08,5.439025e-11,2.164407e-07,1.365751e-09,4.101456e-09,5.611349e-10,7.933152e-11,1.845248e-10,4.139934e-07,5.568342e-10
29.541016,1.081306e-08,9.253208e-08,1.181382e-06,1.483073e-06,2.850350e-10,7.612442e-08,4.254770e-08,3.592881e-08,1.189429e-07,1.110655e-06,8.892970e-08,1.174833e-07,3.638659e-07,4.149971e-08,4.313197e-07,5.942284e-08,6.877425e-11,1.479048e-07,9.581665e-10,1.055329e-08,4.529157e-10,1.033142e-10,1.393339e-10,1.405958e-07,2.621578e-10
29.589844,1.257792e-08,1.102703e-07,1.689386e-06,1.422661e-06,2.046695e-10,7.122016e-08,5.047665e-08,2.840818e-08,1.352137e-07,8.300680e-07,8.108079e-08,1.599091e-07,4.369177e-07,5.708868e-08,3.765915e-07,5.024478e-08,4.484883e-11,1.290124e-07,8.552289e-10,1.259677e-08,6.768731e-11,2.691416e-11,8.855933e-11,3.716217e-07,2.439104e-10
29.638672,1.516577e-08,1.271283e-07,1.920457e-06,1.472949e-06,1.472855e-10,5.440648e-08,5.153832e-08,2.776795e-08,1.112329e-07,6.687576e-07,3.760233e-08,1.325268e-07,4.022641e-07,5.517446e-08,3.169677e-07,2.355948e-07,4.847324e-11,1.452269e-07,1.258841e-09,1.104467e-08,2.179807e-10,2.431505e-11,2.734913e-10,4.208800e-07,2.178282e-10
29.687500,1.727793e-08,1.405428e-07,1.758400e-06,1.413675e-06,1.216516e-10,3.269544e-08,4.530751e-08,2.714302e-08,1.076193e-07,7.934890e-07,1.014667e-08,7.350534e-08,3.398188e-07,6.240001e-08,3.228129e-07,3.960895e-07,4.011851e-11,8.053808e-08,8.703980e-10,4.699244e-09,3.268153e-10,8.192289e-11,2.835411e-10,7.378357e-07,3.349106e-10
29.736328,1.788100e-08,1.452620e-07,1.279286e-06,1.048199e-06,1.041921e-10,2.784950e-08,3.128462e-08,4.620588e-09,1.125462e-07,7.252189e-07,2.787988e-08,6.061725e-08,2.479210e-07,4.577889e-08,4.017084e-07,4.514821e-07,4.116984e-11,2.681048e-08,8.098584e-10,8.365913e-09,1.702681e-10,1.049316e-10,2.445083e-10,7.382426e-07,1.380039e-10
29.785156,1.637943e-08,1.372874e-07,8.663651e-07,4.803299e-07,9.016336e-11,5.426722e-08,1.241966e-08,5.036678e-08,8.498166e-08,4.437782e-07,4.343724e-08,6.398386e-08,1.682418e-07,2.907502e-08,3.910215e-07,4.954966e-07,4.282092e-11,5.854512e-08,6.138908e-10,1.025277e-08,1.302293e-10,7.804794e-11,1.481911e-10,3.341120e-07,4.226205e-10
29.833984,1.276174e-08,1.175312e-07,1.151707e-06,5.630086e-07,1.113651e-10,7.500409e-08,8.434606e-09,9.063998e-08,4.783161e-08,2.840369e-07,7.961921e-08,8.492995e-08,2.125351e-07,5.641831e-08,2.419373e-07,4.022035e-07,3.447796e-11,5.793609e-08,7.378707e-10,9.778435e-09,1.775593e-10,5.485778e-11,4.411165e-11,2.412398e-07,4.911034e-10
29.882812,7.628118e-09,9.173119e-08,1.695541e-06,1.056082e-06,1.438419e-10,7.227973e-08,1.559680e-08,1.248900e-07,1.669869e-08,5.339233e-07,1.004923e-07,1.134619e-07,3.268954e-07,2.744285e-08,2.214481e-07,3.988894e-07,3.233525e-11,8.880057e-08,6.834243e-10,4.853971e-09,4.180764e-10,8.675978e-11,5.577571e-11,4.879107e-07,8.688903e-11
29.931641,2.711058e-09,6.682980e-08,2.033964e-06,1.322253e-06,1.430202e-10,5.521088e-08,1.492786e-08,1.457594e-07,4.170973e-08,7.365963e-07,7.646310e-08,1.106085e-07,3.564820e-07,1.678897e-08,3.129153e-07,5.651005e-07,3.506662e-11,9.770053e-08,1.129587e-09,3.278772e-09,6.032307e-10,3.405479e-11,6.223752e-11,6.236807e-07,9.468539e-10
29.980469,5.256928e-09,4.775408e-08,2.116760e-06,1.396672e-06,9.610900e-11,5.892323e-08,1.389640e-08,1.225879e-07,7.802525e-08,6.886634e-07,2.785253e-08,8.954979e-08,3.283161e-07,1.744635e-08,2.504357e-07,5.180046e-07,5.514728e-11,1.080003e-07,6.164249e-10,5.535395e-09,5.258504e-10,2.265552e-11,1.292409e-10,6.862265e-07,7.449539e-10
30.029297,9.715006e-09,3.966263e-08,2.110101e-06,1.389318e-06,2.354910e-11,7.704629e-08,1.322142e-08,6.298896e-08,8.565079e-08,5.671663e-07,3.862294e-08,1.125880e-07,3.500309e-07,1.833534e-08,5.911808e-08,4.699304e-07,6.911524e-11,3.993706e-08,1.831109e-09,3.661269e-09,2.157745e-10,6.451326e-12,4.546263e-11,2.791608e-07,3.682684e-10
30.078125,1.268950e-08,4.547165e-08,2.207366e-06,1.265079e-06,7.536901e-11,8.483330e-08,7.147824e-09,5.406174e-08,7.172751e-08,6.904926e-07,8.954328e-08,1.071614e-07,2.542676e-07,4.291411e-08,5.139478e-08,3.231062e-07,7.727186e-11,5.790621e-08,8.339709e-10,3.838822e-09,5.382773e-10,2.807841e-11,5.132596e-11,7.173293e-08,2.787962e-10
30.126953,1.380470e-08,5.595980e-08,2.394909e-06,9.291583e-07,1.586514e-10,8.606919e-08,5.998807e-09,6.987338e-08,5.085227e-08,7.601757e-07,1.186246e-07,7.838646e-08,1.072683e-07,4.276144e-08,1.917182e-07,2.874074e-07,7.683698e-11,1.595691e-07,3.331336e-10,5.147502e-09,4.193687e-10,2.401042e-11,1.156521e-10,2.596222e-07,9.976771e-11
30.175781,1.343283e-08,6.318116e-08,2.520892e-06,4.281852e-07,2.248179e-10,8.680631e-08,1.477111e-08,5.357784e-08,4.431004e-08,6.151328e-07,1.181583e-07,1.023777e-07,2.663658e-08,3.402742e-08,2.601304e-07,3.539403e-07,6.707739e-11,1.385881e-07,2.591306e-10,5.819345e-09,1.660271e-10,3.053390e-11,1.022578e-10,5.131058e-07,2.122561e-10
30.224609,1.269215e-08,6.918361e-08,2.521945e-06,2.822317e-07,2.519189e-10,8.048599e-08,1.842239e-08,3.335425e-08,6.065630e-08,4.503866e-07,1.081419e-07,1.118616e-07,5.938815e-08,3.839250e-08,3.014937e-07,2.999613e-07,5.258826e-11,6.045048e-08,8.686004e-10,2.433620e-09,1.854629e-10,2.878520e-11,1.736275e-10,8.490545e-08,2.181569e-10
30.273438,1.282947e-08,8.102682e-08,2.467576e-06,6.226939e-07,2.316092e-10,6.289525e-08,1.717307e-08,3.326095e-08,6.892088e-08,3.426421e-07,8.976906e-08,1.021277e-07,6.730589e-08,5.529589e-08,5.125968e-07,2.716121e-07,4.574428e-11,3.699645e-08,7.349115e-10,6.622252e-09,8.826650e-11,2.911807e-11,1.815107e-11,4.114017e-07,1.082340e-10
30.322266,1.382017e-08,9.829240e-08,2.455879e-06,7.666588e-07,2.126266e-10,3.934273e-08,1.485803e-08,5.139382e-08,6.497365e-08,1.888021e-07,6.438363e-08,9.513184e-08,8.515297e-08,5.183028e-08,6.908017e-07,3.360964e-07,1.909542e-11,2.319880e-08,6.945685e-10,1.020829e-08,2.448445e-10,1.607968e-11,8.632660e-11,3.682496e-07,1.606697e-10
30.371094,1.444235e-08,1.120830e-07,2.508459e-06,7.296499e-07,2.711992e-10,1.737717e-08,1.289772e-08,6.488030e-08,5.572314e-08,8.717481e-08,5.307002e-08,8.956543e-08,1.477703e-07,3.259116e-08,6.132823e-07,1.809940e-07,2.697812e-11,4.667419e-08,1.483248e-09,1.125317e-08,1.469590e-10,4.930906e-11,1.716661e-10,2.725384e-07,3.889831e-10
30.419922,1.375079e-08,1.141405e-07,2.574362e-06,6.622642e-07,3.555815e-10,6.995129e-09,9.116716e-09,6.887728e-08,4.567441e-08,2.105478e-07,5.233255e-08,7.448794e-08,1.865565e-07,1.285840e-08,4.006102e-07,1.066513e-07,7.088990e-11,4.183776e-08,2.512652e-09,7.732979e-09,3.387738e-10,4.146334e-11,1.321154e-10,8.467333e-07,7.554233e-10
30.468750,1.174056e-08,1.013587e-07,2.588276e-06,6.760363e-07,3.910973e-10,1.984266e-08,2.752691e-09,6.683254e-08,4.186553e-08,4.714427e-07,4.891056e-08,3.686407e-08,1.507587e-07,5.574954e-09,2.889753e-07,1.776566e-07,8.610984e-11,4.340347e-08,2.255112e-09,7.119452e-09,2.957375e-10,4.163615e-11,2.027586e-10,6.125927e-07,6.183710e-10
30.517578,9.294088e-09,7.616599e-08,2.505414e-06,7.435086e-07,3.704187e-10,3.084276e-08,6.705313e-09,6.070794e-08,5.604684e-08,6.547590e-07,2.901218e-08,8.175687e-08,7.979558e-08,2.888541e-08,2.830245e-07,3.395135e-07,8.252880e-11,6.844188e-08,1.646203e-09,5.582126e-09,8.042830e-11,5.251345e-11,2.137841e-10,5.615873e-07,7.018357e-10
30.566406,7.715397e-09,4.574125e-08,2.325927e-06,7.855533e-07,3.405370e-10,3.617395e-08,1.497578e-08,5.602994e-08,8.125985e-08,6.689733e-07,4.510656e-08,1.672362e-07,7.905090e-08,7.101498e-08,3.056302e-07,2.314189e-07,5.554175e-11,6.606669e-08,5.343662e-10,4.456603e-09,3.530907e-10,7.793801e-11,6.607064e-11,4.880444e-07,2.799472e-10
30.615234,7.466333e-09,2.368010e-08,2.099606e-06,7.372076e-07,3.370445e-10,3.651643e-08,2.157729e-08,6.077007e-08,9.730984e-08,6.303254e-07,8.258221e-08,1.856597e-07,1.091557e-07,8.273092e-08,3.412224e-07,1.505003e-07,2.686621e-11,1.172597e-07,1.358551e-09,2.938486e-09,3.506889e-10,3.142627e-11,1.204192e-10,6.656469e-07,2.128988e-10
30.664062,7.558728e-09,2.688334e-08,1.886560e-06,5.691670e-07,3.358132e-10,3.366920e-08,2.583317e-08,8.266655e-08,1.022247e-07,5.592306e-07,8.850647e-08,1.529649e-07,1.422366e-07,5.563418e-08,3.728616e-07,1.893596e-07,3.196150e-11,1.179301e-07,1.164594e-09,1.307119e-09,1.250527e-10,3.867404e-11,1.619836e-10,1.774786e-07,3.864860e-11
30.712891,7.128999e-09,3.487805e-08,1.720259e-06,3.189968e-07,3.129420e-10,3.102672e-08,2.756050e-08,9.636983e-08,9.490269e-08,3.681345e-07,8.027914e-08,1.156640e-07,1.486215e-07,3.811403e-08,4.396663e-07,1.407616e-07,5.605680e-11,3.741066e-08,7.294736e-10,7.516957e-09,1.048691e-10,7.065733e-12,1.063301e-10,9.189242e-07,5.542308e-11
30.761719,6.090675e-09,3.708238e-08,1.619600e-06,1.827153e-07,2.808819e-10,3.560201e-08,2.656040e-08,8.802738e-08,6.442503e-08,1.457768e-07,8.521136e-08,6.246388e-08,1.261325e-07,2.785719e-08,4.697861e-07,8.029727e-08,3.863566e-11,1.349652e-07,1.754396e-09,1.198478e-08,1.550869e-10,2.090873e-11,8.869315e-11,6.833598e-07,3.374036e-10
30.810547,4.721063e-09,3.917899e-08,1.569015e-06,3.529142e-07,2.515726e-10,4.390235e-08,2.310407e-08,6.577987e-08,3.997303e-08,1.512521e-08,7.883526e-08,2.923552e-08,1.125960e-07,7.155922e-08,3.539067e-07,4.646284e-08,1.306469e-11,1.653900e-07,1.560287e-09,1.014735e-08,1.096193e-10,5.847777e-11,8.291107e-11,4.972659e-07,5.617091e-10
30.859375,3.421336e-09,4.447689e-08,1.466498e-06,5.161150e-07,2.093203e-10,4.366452e-08,1.862655e-08,5.782783e-08,8.451462e-08,2.115758e-07,5.148018e-08,1.507907e-08,1.158796e-07,9.544923e-08,2.050181e-07,1.961621e-07,4.957491e-11,1.364290e-07,8.113282e-10,2.411677e-09,2.408823e-10,8.223402e-11,1.616248e-10,5.833681e-07,3.716802e-10
30.908203,3.331362e-09,4.705727e-08,1.192373e-06,6.247275e-07,1.420199e-10,3.031205e-08,1.551149e-08,1.040112e-07,1.260087e-07,4.440624e-07,2.471275e-08,6.517314e-08,1.599990e-07,7.415192e-08,1.034371e-07,3.095932e-07,6.979009e-11,7.168740e-08,1.318695e-09,2.568604e-09,2.669797e-10,9.247347e-11,1.892274e-10,3.051268e-07,3.127310e-10
30.957031,5.358219e-09,4.076981e-08,7.337061e-07,7.289938e-07,7.290844e-11,1.526131e-08,1.547981e-08,1.364772e-07,1.344049e-07,6.642792e-07,2.412307e-08,7.117345e-08,1.654196e-07,3.393112e-08,4.086390e-08,3.253775e-07,8.236831e-11,7.898891e-08,2.864902e-09,5.207969e-09,2.028880e-10,6.754342e-11,1.695350e-10,1.629541e-07,3.079712e-10
31.005859,8.234717e-09,2.571854e-08,2.463917e-07,8.554186e-07,8.048254e-11,2.271429e-08,1.778580e-08,1.173334e-07,1.087176e-07,8.651987e-07,3.095617e-08,5.244498e-08,1.191380e-07,2.600565e-08,9.708374e-08,5.623568e-07,4.109450e-11,7.258201e-08,1.898921e-09,2.459770e-09,2.041222e-10,6.593719e-11,1.386695e-10,1.877703e-07,5.751996e-10
31.054688,1.073270e-08,1.722476e-08,3.935408e-07,9.553162e-07,1.275204e-10,2.661235e-08,2.070952e-08,7.644475e-08,7.509106e-08,9.436929e-07,2.999685e-08,4.921497e-08,2.333217e-07,2.899616e-08,9.197992e-08,5.969646e-07,1.416124e-11,1.012220e-07,3.778461e-10,1.786570e-09,2.235689e-10,2.759375e-11,1.542642e-10,4.690187e-07,6.558695e-10
31.103516,1.196281e-08,3.503354e-08,7.579214e-07,9.625651e-07,1.556549e-10,1.503328e-08,2.334446e-08,7.028081e-08,6.938268e-08,8.439278e-07,3.819866e-08,7.253231e-09,3.139164e-07,1.028307e-08,1.005146e-07,3.507709e-07,2.953492e-11,1.205746e-07,6.590053e-10,4.755044e-10,9.801363e-11,9.635201e-12,7.526570e-11,2.697241e-07,3.328657e-10
31.152344,1.142739e-08,5.435512e-08,1.077722e-06,8.632747e-07,1.622743e-10,5.962339e-09,2.507611e-08,7.644646e-08,7.270046e-08,7.758396e-07,5.470145e-08,6.297476e-08,2.671946e-07,4.578712e-09,1.727130e-07,1.511108e-07,3.975780e-11,8.553630e-08,3.069195e-10,1.484345e-09,8.257793e-11,3.699403e-11,6.878055e-11,5.961194e-07,1.774443e-10
31.201172,9.273736e-09,6.509902e-08,1.327382e-06,6.995270e-07,1.534715e-10,2.350799e-08,2.466036e-08,6.349863e-08,6.125947e-08,8.639446e-07,6.716015e-08,1.101760e-07,1.183039e-07,1.122616e-08,2.849017e-07,1.840261e-07,2.949039e-11,2.062728e-08,6.609598e-10,2.384221e-09,2.184669e-10,1.630357e-11,7.161765e-11,4.018720e-07,3.129971e-10
31.250000,6.763946e-09,6.416438e-08,1.376623e-06,5.374989e-07,1.358568e-10,2.919790e-08,2.090957e-08,2.931713e-08,4.164376e-08,8.340904e-07,8.168458e-08,1.192669e-07,1.204121e-07,3.275222e-08,4.259893e-07,2.128691e-07,2.565851e-11,6.826331e-08,7.496197e-10,9.590187e-10,1.399127e-10,3.301455e-11,9.369734e-11,2.125049e-07,3.344265e-10
31.298828,6.861441e-09,5.158620e-08,1.150756e-06,5.107051e-07,1.161447e-10,2.388411e-08,1.435780e-08,3.138765e-08,3.395590e-08,6.551639e-07,7.690509e-08,1.160836e-07,1.920891e-07,6.727325e-08,4.673535e-07,1.062638e-07,6.249929e-11,3.637843e-08,9.982198e-10,4.450733e-09,2.185386e-10,5.817105e-11,2.028527e-11,4.720688e-07,4.176997e-10
31.347656,1.001154e-08,3.050551e-08,8.699156e-07,7.365660e-07,1.013625e-10,2.099063e-08,8.553877e-09,4.912602e-08,3.848688e-08,5.947263e-07,3.847584e-08,1.025353e-07,1.979438e-07,6.048792e-08,3.932030e-07,3.291669e-07,4.035698e-11,1.169096e-07,2.054214e-09,4.367088e-09,3.102975e-10,5.989590e-11,1.064887e-10,2.988598e-07,3.728727e-10
31.396484,1.359034e-08,1.153943e-08,1.025941e-06,1.068478e-06,9.835327e-11,2.996531e-08,9.130491e-09,3.331422e-08,3.737302e-08,5.057028e-07,4.597800e-08,1.067955e-07,1.290904e-07,4.611875e-08,3.490908e-07,3.479030e-07,2.768037e-11,8.264026e-08,2.067048e-09,2.288141e-09,1.189868e-10,1.756774e-11,1.596226e-10,4.098714e-07,1.762828e-10
31.445312,1.636789e-08,2.447815e-08,1.382097e-06,1.358686e-06,1.036694e-10,3.992097e-08,1.244288e-08,3.161520e-08,3.794530e-08,2.938086e-07,7.556711e-08,1.273399e-07,8.557995e-08,6.410183e-08,2.573854e-07,3.172549e-07,2.883305e-11,1.054919e-07,1.062436e-09,6.449107e-09,1.610016e-10,3.693338e-11,9.501935e-11,2.528568e-07,2.560061e-10
31.494141,1.803909e-08,3.942330e-08,1.540908e-06,1.563781e-06,1.061085e-10,4.336145e-08,1.454806e-08,3.848778e-08,5.011619e-08,5.810436e-07,7.468218e-08,9.584665e-08,8.656864e-08,7.703487e-08,1.949489e-07,2.818817e-07,1.289090e-11,6.646481e-08,1.049492e-09,4.717999e-09,1.900892e-10,7.603020e-12,1.031966e-10,2.647805e-07,3.771574e-10
31.542969,1.865192e-08,4.442653e-08,1.585766e-06,1.691165e-06,1.000435e-10,3.694898e-08,1.516054e-08,1.645208e-08,6.259743e-08,8.371629e-07,7.810847e-08,4.144591e-08,6.289696e-08,6.740942e-08,3.668240e-07,1.299363e-07,2.239755e-11,1.264369e-07,1.057916e-09,6.789008e-09,1.749668e-10,3.325449e-11,1.434448e-10,4.986946e-07,3.634283e-10
31.591797,1.837681e-08,3.997278e-08,1.838328e-06,1.712804e-06,8.636393e-11,2.289259e-08,1.394665e-08,3.408370e-08,6.828867e-08,8.046765e-07,8.232600e-08,4.728738e-08,5.143901e-08,6.569110e-08,5.140484e-07,3.299098e-08,1.893133e-11,8.086167e-08,5.307771e-10,3.777779e-09,1.293860e-10,4.278872e-11,6.889278e-11,2.484489e-07,2.855230e-10
31.640625,1.742133e-08,3.189325e-08,2.268918e-06,1.559078e-06,6.970142e-11,1.547775e-08,1.049542e-08,6.386500e-08,7.081057e-08,6.676691e-07,5.723496e-08,3.954284e-08,7.923890e-08,6.475302e-08,4.369956e-07,9.537263e-08,2.105546e-11,7.455029e-08,5.673207e-10,1.876875e-09,2.176054e-10,2.779002e-11,3.130032e-11,2.214255e-07,1.836399e-10
31.689453,1.601747e-08,2.986995e-08,2.548499e-06,1.201063e-06,5.513580e-11,2.274996e-08,5.387259e-09,8.140922e-08,7.474827e-08,5.496844e-07,1.472296e-08,2.113361e-08,1.410743e-07,7.363524e-08,3.503022e-07,2.115219e-07,2.467000e-11,6.621216e-08,3.134560e-10,6.237895e-09,1.448100e-10,3.221429e-11,1.093789e-10,1.572757e-07,9.716301e-11
31.738281,1.440053e-08,3.604785e-08,2.488737e-06,7.029476e-07,4.921144e-11,2.591405e-08,1.630958e-09,8.849349e-08,7.647211e-08,4.823310e-07,1.083599e-08,4.122235e-08,1.786939e-07,7.148069e-08,5.367802e-07,3.512015e-07,2.573386e-11,7.351227e-08,5.881936e-10,6.862040e-09,1.700602e-10,1.839577e-11,1.762816e-10,3.049717e-07,8.806537e-11
31.787109,1.276201e-08,4.262558e-08,2.122240e-06,1.970960e-07,6.022857e-11,2.254724e-08,5.259263e-09,8.356102e-08,6.988374e-08,5.932931e-07,1.227820e-08,5.490535e-08,1.576924e-07,6.943363e-08,6.414371e-07,4.452433e-07,4.765940e-11,9.630176e-08,3.096486e-10,4.452228e-09,7.074399e-11,3.382968e-11,2.199669e-10,2.015977e-07,1.464884e-10
31.835938,1.123831e-08,4.497215e-08,1.614755e-06,2.393880e-07,8.371245e-11,1.842280e-08,8.687980e-09,6.845009e-08,6.068202e-08,6.594442e-07,4.120026e-08,7.044378e-08,1.241073e-07,4.756713e-08,5.067904e-07,3.506395e-07,3.823815e-11,6.836406e-08,1.066903e-09,1.571353e-09,7.516113e-11,5.056118e-11,1.760681e-10,5.865164e-07,7.900153e-11
31.884766,9.941391e-09,4.250635e-08,1.171477e-06,4.993048e-07,1.073449e-10,1.931298e-08,1.162132e-08,3.661536e-08,5.701840e-08,5.026285e-07,7.290310e-08,9.993271e-08,7.355768e-08,6.528488e-09,2.035015e-07,2.223173e-07,3.078974e-11,1.190339e-07,1.247300e-09,5.220666e-09,5.038613e-11,3.678110e-11,1.260938e-10,4.416511e-07,1.160887e-10
31.933594,8.964569e-09,3.645111e-08,9.960528e-07,6.331910e-07,1.234216e-10,2.582095e-08,1.356789e-08,2.674554e-08,4.228218e-08,2.103983e-07,9.935377e-08,1.208063e-07,2.294983e-08,4.601991e-08,2.471609e-07,2.081873e-07,3.279108e-11,5.751979e-08,8.536777e-10,1.558684e-09,1.851731e-10,2.718692e-11,1.005353e-10,4.807474e-07,8.408055e-11
31.982422,8.299152e-09,2.868912e-08,1.110244e-06,6.952171e-07,1.313007e-10,3.318929e-08,1.314627e-08,6.969992e-08,7.153905e-09,1.385253e-07,1.048737e-07,1.241715e-07,6.481538e-08,5.055381e-08,1.678149e-07,2.062456e-07,2.039075e-11,1.926278e-08,2.621368e-10,1.305250e-09,2.643751e-10,8.982179e-12,1.214851e-10,2.236433e-07,6.087933e-11
32.031250,7.793750e-09,2.192192e-08,1.271949e-06,7.394124e-07,1.350708e-10,3.609177e-08,1.044873e-08,8.445566e-08,3.222473e-08,2.542725e-07,6.889622e-08,1.282527e-07,9.067481e-08,4.190455e-08,2.074969e-07,1.579109e-07,1.705086e-11,2.306644e-08,5.249904e-10,2.137747e-09,3.496575e-10,1.633068e-11,5.030460e-11,1.843060e-07,1.266306e-10
32.080078,7.266927e-09,2.100697e-08,1.305888e-06,7.697969e-07,1.373109e-10,3.196997e-08,9.805027e-09,7.002595e-08,5.771521e-08,2.958082e-07,1.211093e-08,1.042715e-07,1.321808e-07,3.335528e-08,3.596415e-07,3.680521e-08,1.437326e-11,1.083184e-08,8.294067e-11,2.171431e-09,2.613408e-10,4.354319e-12,3.306846e-11,2.024954e-07,2.287381e-10
32.128906,6.656495e-09,2.822083e-08,1.212578e-06,7.540598e-07,1.356462e-10,2.209804e-08,1.348234e-08,4.694573e-08,8.000374e-08,3.132217e-07,3.401315e-08,6.008114e-08,1.350028e-07,2.803904e-08,3.335399e-07,9.701360e-08,1.506736e-11,3.456918e-08,3.619908e-10,8.288215e-10,2.200891e-10,1.557593e-11,6.053646e-11,1.061659e-07,1.663801e-10
32.177734,6.022736e-09,3.889635e-08,1.119434e-06,7.473500e-07,1.256699e-10,1.230923e-08,1.604262e-08,2.760744e-08,1.054668e-07,2.755022e-07,5.427666e-08,5.037311e-08,1.060264e-07,4.962140e-08,2.471517e-07,2.052970e-07,1.705434e-11,4.920019e-08,2.869527e-10,2.747272e-09,4.850747e-11,3.774595e-12,5.474779e-11,4.777652e-07,3.076581e-10
32.226562,5.428250e-09,4.886766e-08,1.116845e-06,9.228492e-07,1.078022e-10,1.320170e-08,1.495739e-08,2.841943e-08,1.160860e-07,2.468426e-07,7.228794e-08,6.214557e-08,1.242831e-07,6.522079e-08,1.687456e-07,7.645664e-08,5.502555e-12,6.618522e-08,5.469040e-10,6.023093e-09,3.226185e-11,5.622446e-12,6.658872e-11,2.812757e-07,2.238757e-10
32.275391,4.872738e-09,5.656114e-08,1.126276e-06,1.258399e-06,8.919441e-11,1.804420e-08,1.202305e-08,3.618764e-08,1.088333e-07,3.087322e-07,8.073255e-08,3.780774e-08,1.072896e-07,6.684792e-08,1.423697e-07,9.950713e-08,1.436075e-11,5.319653e-08,7.553653e-10,4.586225e-09,1.362186e-10,1.904249e-11,7.179132e-11,1.643473e-07,4.614161e-11
32.324219,4.388367e-09,6.264981e-08,1.049894e-06,1.569317e-06,7.535407e-11,1.987342e-08,1.081722e-08,3.608160e-08,1.014678e-07,3.162542e-07,9.845711e-08,5.586572e-08,2.582302e-08,7.311915e-08,1.023716e-07,1.402111e-07,1.413295e-11,5.343804e-08,7.455225e-10,2.330843e-09,1.521002e-10,4.694753e-12,7.376196e-11,4.660272e-07,8.474227e-11
32.373047,4.140174e-09,6.842738e-08,9.111563e-07,1.783107e-06,6.795016e-11,2.086520e-08,1.102338e-08,3.733132e-08,9.977032e-08,3.117482e-07,1.224583e-07,7.390994e-08,7.674774e-08,9.283954e-08,1.452569e-07,2.605144e-08,1.345955e-11,6.018255e-08,5.343273e-10,3.311628e-09,7.292153e-11,2.215730e-11,4.602859e-11,6.301452e-07,8.277061e-11
32.421875,4.245935e-09,7.328882e-08,8.027642e-07,1.954454e-06,7.414555e-11,2.322772e-08,1.002478e-08,3.722305e-08,9.197928e-08,4.281043e-07,1.200513e-07,7.029403e-08,1.903789e-07,9.370515e-08,2.075373e-07,1.819907e-07,6.431143e-12,3.399223e-08,1.668037e-10,2.511995e-09,1.104698e-11,1.007868e-11,3.459558e-11,5.201461e-07,2.224967e-10
32.470703,4.494449e-09,7.445460e-08,7.170752e-07,2.099398e-06,9.674660e-11,2.757668e-08,8.139438e-09,3.586082e-08,7.574846e-08,5.147071e-07,9.976956e-08,1.055032e-07,2.667334e-07,7.101633e-08,3.875730e-07,2.220190e-07,1.009749e-11,7.817179e-08,3.912828e-10,1.928902e-09,8.387835e-11,1.136021e-11,6.355425e-11,3.479678e-07,3.754074e-10
32.519531,4.493840e-09,6.940941e-08,5.301007e-07,2.098378e-06,1.236530e-10,3.368910e-08,7.947272e-09,3.304619e-08,6.179519e-08,4.989300e-07,8.392212e-08,9.701563e-08,2.403549e-07,6.498511e-08,6.277624e-07,2.526740e-07,4.659347e-12,1.120240e-07,9.396355e-10,5.032346e-09,1.349121e-10,1.186426e-11,6.623673e-11,3.901844e-07,1.202479e-10
32.568359,3.976868e-09,5.818836e-08,1.784037e-07,1.831140e-06,1.416531e-10,3.797140e-08,1.020624e-08,2.367251e-08,5.620776e-08,4.572899e-07,6.338419e-08,8.950061e-08,1.670954e-07,2.796517e-08,5.680890e-07,1.641779e-07,6.844243e-12,1.068312e-07,9.510934e-10,5.736339e-09,7.780852e-11,3.997294e-12,7.904435e-11,3.776217e-07,2.550438e-10
32.617188,2.916915e-09,4.405357e-08,2.657356e-07,1.329851e-06,1.429885e-10,3.626317e-08,1.302085e-08,2.165639e-08,5.308922e-08,4.552870e-07,3.975979e-08,9.591844e-08,1.061928e-07,3.208342e-08,3.451452e-07,7.387427e-08,9.878338e-13,5.751042e-08,4.589247e-10,6.496873e-09,8.968011e-11,1.921649e-12,6.822056e-11,3.985152e-07,1.983194e-10
32.666016,1.642541e-09,3.278877e-08,6.337615e-07,8.153307e-07,1.261495e-10,2.797172e-08,1.533532e-08,2.838947e-08,4.950568e-08,4.466848e-07,3.703799e-08,8.825079e-08,5.426453e-08,3.425251e-08,1.975928e-07,7.173420e-08,3.608857e-12,5.467122e-08,3.549964e-10,3.611472e-09,1.220728e-10,1.344589e-11,8.450655e-11,5.204683e-07,5.309958e-11
32.714844,1.577948e-09,2.904938e-08,7.472880e-07,6.399296e-07,9.663923e-11,1.646200e-08,1.727045e-08,3.421842e-08,4.414648e-08,3.718079e-07,5.526818e-08,7.938765e-08,4.947680e-08,2.118197e-08,2.209447e-07,7.688638e-08,5.620375e-12,5.948425e-08,6.561184e-10,1.846622e-09,1.138930e-10,2.270021e-11,7.334086e-11,4.368119e-07,1.371829e-10
32.763672,2.904530e-09,2.982725e-08,5.274739e-07,7.648754e-07,6.468153e-11,1.011824e-08,1.867700e-08,4.346781e-08,3.807880e-08,2.546231e-07,9.659496e-08,9.524365e-08,4.842041e-08,3.220393e-08,1.436112e-07,1.010904e-07,6.194459e-12,3.354572e-08,6.956319e-10,1.900017e-09,1.683984e-11,2.696836e-11,1.157101e-10,2.621004e-07,2.065471e-10
32.812500,4.115233e-09,2.927502e-08,3.997742e-07,8.597305e-07,4.257713e-11,1.546959e-08,1.819224e-08,5.053620e-08,4.252421e-08,1.296907e-07,1.296359e-07,1.036836e-07,6.620403e-08,2.864417e-08,1.050146e-07,6.695854e-08,6.651088e-12,2.482819e-08,3.307761e-10,1.274123e-09,1.054004e-10,2.886004e-11,6.786369e-11,2.054406e-07,2.422343e-10
32.861328,4.775244e-09,2.544508e-08,1.090434e-06,8.647011e-07,3.923156e-11,2.051033e-08,1.477745e-08,4.961663e-08,5.634045e-08,4.799047e-08,1.417424e-07,9.840110e-08,1.586371e-07,1.593031e-08,9.464655e-08,1.134793e-07,6.150446e-12,2.028583e-08,4.232899e-10,1.422881e-09,3.523748e-11,1.754948e-11,2.825850e-11,1.523932e-07,3.320415e-11
32.910156,4.791844e-09,1.982937e-08,1.883843e-06,7.970253e-07,4.724309e-11,2.193614e-08,9.382297e-09,4.092462e-08,6.683638e-08,1.783203e-07,1.493715e-07,9.371067e-08,2.042160e-07,2.083348e-08,1.146768e-07,2.590581e-07,8.338842e-12,4.257964e-08,4.719230e-10,4.109550e-09,1.334451e-10,2.272465e-11,6.719494e-11,1.715022e-07,2.134586e-10
32.958984,4.271680e-09,1.679909e-08,2.493019e-06,6.898157e-07,5.386886e-11,2.327268e-08,4.559762e-09,2.840125e-08,7.023466e-08,2.994893e-07,1.354235e-07,9.048645e-08,2.284293e-07,2.760304e-08,1.267512e-07,3.228613e-07,1.669036e-11,5.104848e-08,1.695179e-10,4.671168e-10,1.428765e-10,7.215541e-12,6.468491e-11,2.713186e-07,1.710705e-10
33.007812,3.475539e-09,1.970933e-08,2.795248e-06,6.287958e-07,5.271905e-11,2.809686e-08,2.321646e-09,3.957565e-08,6.678616e-08,4.118532e-07,8.860249e-08,8.195636e-08,1.950492e-07,1.996913e-08,1.240510e-07,2.482092e-07,1.689561e-11,2.247496e-08,5.687760e-10,1.613220e-09,6.364166e-11,2.288552e-12,1.359225e-11,9.650770e-09,1.386672e-10
33.056641,2.763169e-09,2.488482e-08,2.772269e-06,6.653296e-07,4.470602e-11,3.345899e-08,1.693508e-09,6.803794e-08,5.474309e-08,4.428526e-07,5.176989e-08,6.287820e-08,9.298830e-08,2.951197e-08,1.728855e-07,1.331968e-07,1.553500e-11,5.548112e-08,8.846363e-10,3.938737e-09,8.500405e-11,3.249209e-12,2.034999e-11,2.687741e-07,1.895053e-10
33.105469,2.479307e-09,2.843251e-08,2.487883e-06,7.189735e-07,3.940195e-11,3.386932e-08,2.433132e-09,8.352690e-08,3.643964e-08,3.414193e-07,3.151826e-08,6.391453e-08,4.145740e-08,3.054087e-08,1.905385e-07,8.620710e-08,2.800730e-11,1.135347e-07,7.384335e-10,8.959238e-10,1.009030e-10,2.683119e-12,5.088229e-11,3.387174e-07,9.968055e-11
33.154297,2.667173e-09,2.914489e-08,2.072237e-06,7.094435e-07,4.197948e-11,2.628045e-08,3.518954e-09,8.216457e-08,3.097030e-08,2.000947e-07,7.681913e-09,5.061169e-08,5.432318e-08,1.491415e-08,5.705857e-08,1.072677e-07,1.632676e-11,1.164053e-07,5.083392e-10,1.653147e-09,9.485122e-11,1.806541e-12,6.929706e-11,3.082465e-07,1.548573e-10
33.203125,3.061875e-09,2.720701e-08,1.704058e-06,6.326376e-07,4.307445e-11,1.227258e-08,3.906855e-09,7.258428e-08,4.768691e-08,1.463718e-07,2.724833e-08,4.054267e-08,3.689735e-08,1.894248e-08,1.125160e-07,6.938955e-08,1.596104e-11,7.975937e-08,9.782881e-10,8.415075e-10,1.342696e-10,1.370545e-11,2.982119e-11,4.381150e-07,2.405731e-10
33.251953,3.443663e-09,2.333781e-08,1.500977e-06,5.283715e-07,4.041608e-11,9.835129e-09,3.884352e-09,5.308815e-08,6.412178e-08,1.806607e-07,3.668916e-08,4.187959e-08,4.107187e-08,3.084199e-08,1.288830e-07,1.534178e-07,2.976327e-11,6.422767e-08,7.285607e-10,1.734946e-09,5.216762e-11,2.028625e-12,5.118750e-11,6.869498e-07,1.057860e-10
33.300781,3.722581e-09,1.879403e-08,1.358421e-06,4.334599e-07,3.885592e-11,2.306923e-08,3.919693e-09,2.300809e-08,7.388809e-08,2.296975e-07,6.283928e-08,5.441781e-08,9.448997e-08,3.936065e-08,4.644347e-08,9.244693e-08,2.104052e-11,9.763011e-08,4.377675e-10,4.225663e-09,2.848545e-11,8.307726e-12,3.831074e-11,5.017189e-07,2.643129e-11
33.349609,3.896353e-09,1.580324e-08,1.079262e-06,3.537809e-07,3.759030e-11,3.144615e-08,3.928743e-09,1.767678e-08,8.151370e-08,2.316218e-07,6.902882e-08,7.008204e-08,1.422213e-07,4.477340e-08,9.939332e-08,1.193015e-07,1.637014e-11,8.802028e-08,1.533408e-10,3.853884e-09,4.294666e-11,9.854094e-12,2.906954e-11,3.211130e-07,3.561284e-11
33.398438,4.026656e-09,1.596056e-08,6.347187e-07,2.772844e-07,3.553930e-11,3.439295e-08,3.329696e-09,3.453145e-08,8.412424e-08,1.870649e-07,7.114408e-08,7.337735e-08,1.858253e-07,6.085862e-08,7.456886e-08,1.146159e-07,5.961841e-12,6.469963e-08,2.274450e-11,4.609700e-09,3.877061e-11,1.509732e-11,3.861751e-11,1.425041e-07,5.481988e-11
33.447266,4.225070e-09,1.730425e-08,4.484884e-07,2.057191e-07,4.356475e-11,3.309809e-08,2.240115e-09,4.204474e-08,6.820703e-08,7.830022e-08,1.008776e-07,7.719793e-08,2.012975e-07,7.818819e-08,8.859182e-09,3.118338e-07,1.354325e-11,2.724937e-08,3.192309e-10,1.646616e-09,4.943812e-11,1.986220e-11,4.096511e-11,3.101115e-08,6.293518e-11
33.496094,4.619309e-09,1.713519e-08,8.437704e-07,1.597880e-07,6.397860e-11,2.825834e-08,2.839254e-09,4.149753e-08,3.291145e-08,1.538581e-07,1.043122e-07,7.819113e-08,1.552477e-07,7.218378e-08,2.190481e-08,3.449913e-07,1.929556e-11,2.446857e-08,4.206982e-10,2.771549e-09,3.724110e-11,1.728483e-11,3.881445e-11,2.069028e-07,9.730323e-11
33.544922,5.276829e-09,1.480622e-08,1.146568e-06,1.451125e-07,8.490535e-11,2.639131e-08,4.395706e-09,3.459132e-08,1.775006e-08,3.457609e-07,6.825986e-08,7.785788e-08,6.665049e-08,4.414264e-08,7.527336e-08,3.073713e-07,1.121461e-11,2.584153e-08,3.841400e-10,1.450789e-09,1.068289e-10,1.159069e-11,3.504221e-11,2.485397e-07,2.038116e-10
33.593750,6.115090e-09,1.153258e-08,1.177248e-06,1.227448e-07,1.001791e-10,3.527124e-08,5.013328e-09,2.949315e-08,3.198784e-08,4.367146e-07,4.614867e-08,7.719203e-08,4.224675e-08,1.552491e-08,1.285255e-07,2.650653e-07,1.534245e-11,2.750339e-08,4.845840e-10,9.360721e-10,7.938434e-11,5.250560e-12,2.232051e-11,2.862264e-07,1.940692e-10
33.642578,6.899397e-09,9.586456e-09,9.989600e-07,5.720407e-08,1.100825e-10,4.517261e-08,4.601365e-09,2.813261e-08,2.402766e-08,3.862764e-07,5.342537e-08,6.586619e-08,7.543656e-08,1.127127e-08,1.470751e-07,2.195156e-07,1.997709e-11,3.246943e-08,6.980532e-10,1.978217e-09,4.874575e-11,1.901257e-11,1.539548e-11,2.039624e-07,7.888853e-11
33.691406,7.338636e-09,1.042396e-08,7.936388e-07,1.272036e-07,1.159606e-10,4.785562e-08,3.871488e-09,2.843569e-08,1.574615e-08,2.198588e-07,4.831751e-08,6.755955e-08,9.206579e-08,2.243705e-08,1.701741e-07,1.969229e-07,2.048579e-11,1.419375e-08,8.062752e-10,2.868939e-09,5.147668e-11,2.087165e-11,4.757157e-11,2.972022e-07,2.298013e-11
33.740234,7.229515e-09,1.283397e-08,6.862719e-07,3.279828e-07,1.175949e-10,4.691260e-08,3.583897e-09,3.030298e-08,2.650803e-08,3.345747e-08,5.248480e-08,7.423470e-08,1.021079e-07,2.182852e-08,2.056977e-07,2.120482e-07,1.302859e-11,2.289120e-08,4.943511e-10,4.382404e-09,1.935534e-11,1.997457e-11,2.452365e-11,2.766090e-07,1.479473e-10
33.789062,6.573665e-09,1.505671e-08,5.783767e-07,5.379025e-07,1.148393e-10,4.929517e-08,4.091209e-09,3.143009e-08,3.058157e-08,1.199343e-07,5.065052e-08,7.098726e-08,8.531402e-08,2.104569e-08,2.201589e-07,1.996559e-07,7.008578e-12,3.237860e-08,4.529460e-10,5.968022e-09,7.255363e-11,1.666586e-11,6.511583e-11,4.120729e-07,1.690405e-10
33.837891,5.645002e-09,1.612754e-08,3.640595e-07,7.027322e-07,1.094959e-10,5.080772e-08,5.158467e-09,3.268989e-08,2.820190e-08,2.267141e-07,3.358325e-08,6.975912e-08,4.800745e-08,3.115581e-08,2.083148e-07,3.488122e-08,1.280211e-11,3.681975e-08,2.066852e-10,3.251973e-09,1.099593e-10,2.556819e-11,5.240469e-11,5.444059e-07,1.009843e-10
33.886719,4.892863e-09,1.640585e-08,2.845491e-07,7.903411e-07,1.035976e-10,4.435050e-08,6.110574e-09,2.879384e-08,1.781946e-08,3.381523e-07,3.993601e-08,6.248843e-08,5.470997e-08,3.441649e-08,1.722078e-07,2.153136e-07,2.687217e-11,6.291725e-08,2.015543e-10,2.080432e-09,1.013491e-10,1.848208e-11,9.935341e-12,3.598609e-07,1.327159e-10
33.935547,4.575781e-09,1.785770e-08,6.052298e-07,8.005516e-07,9.555553e-11,3.238882e-08,6.192259e-09,1.679717e-08,2.774543e-09,4.025185e-07,4.666951e-08,6.565345e-08,6.435732e-08,3.178016e-08,1.970409e-07,2.310909e-07,2.644259e-11,4.347221e-08,2.392139e-10,3.483502e-09,1.287557e-10,1.091513e-11,2.549807e-11,1.930181e-07,9.847138e-11
33.984375,4.471124e-09,2.162961e-08,9.174613e-07,7.734382e-07,8.111805e-11,2.547002e-08,5.089296e-09,5.764538e-09,2.032116e-08,4.552601e-07,3.332372e-08,9.531686e-08,5.256225e-08,3.727491e-08,2.609241e-07,1.766314e-07,2.504199e-11,2.282270e-08,1.619958e-10,2.913784e-09,1.346186e-10,9.998516e-12,1.889099e-11,1.986329e-07,1.686843e-10
34.033203,4.251247e-09,2.586536e-08,1.095347e-06,7.725469e-07,5.970893e-11,2.649811e-08,3.271355e-09,2.373967e-09,2.318288e-08,4.750656e-07,1.415542e-08,9.311595e-08,5.068027e-08,2.585272e-08,2.410193e-07,2.288907e-07,1.242738e-11,6.806254e-08,3.106138e-10,1.825161e-09,1.518596e-10,1.163250e-11,4.433038e-11,1.671153e-07,1.611328e-10
34.082031,3.857211e-09,2.799080e-08,1.158201e-06,8.119333e-07,3.762215e-11,2.709166e-08,1.908424e-09,6.228477e-09,1.600065e-08,3.701427e-07,1.410414e-08,5.121302e-08,7.425282e-08,1.051722e-08,1.855541e-07,1.312584e-07,1.268258e-11,7.992590e-08,2.498272e-10,2.197748e-09,8.575626e-11,2.346471e-11,5.646485e-11,9.180257e-08,1.497901e-10
34.130859,3.374567e-09,2.676812e-08,1.198191e-06,8.534484e-07,2.379430e-11,2.608867e-08,2.030922e-09,1.462587e-08,2.434728e-08,2.557296e-07,1.971915e-08,1.965074e-08,8.105702e-08,2.273002e-08,1.526819e-07,4.448028e-08,1.148975e-11,6.040055e-08,3.828457e-11,2.287277e-09,2.430446e-11,2.065845e-11,1.351444e-11,2.703649e-07,1.479808e-10
34.179688,2.762469e-09,2.263694e-08,1.282044e-06,9.266131e-07,2.183415e-11,2.798001e-08,2.824641e-09,1.907243e-08,2.636519e-08,2.605147e-07,1.278090e-08,1.859835e-08,9.696122e-08,1.907847e-08,1.091548e-07,5.610884e-08,1.386998e-11,3.963787e-08,1.852631e-10,2.973891e-09,2.875501e-11,6.574624e-12,4.043461e-11,2.683890e-07,1.090859e-10
34.228516,1.860892e-09,1.730693e-08,1.380183e-06,1.110898e-06,3.198966e-11,3.451577e-08,3.758933e-09,2.155649e-08,1.086678e-08,2.124348e-07,1.986884e-08,3.944836e-08,6.996087e-08,1.483516e-08,2.863020e-08,1.059804e-07,1.655905e-11,3.967986e-08,2.581575e-10,2.574414e-09,3.604028e-11,1.503061e-11,1.559491e-11,2.532359e-07,7.566495e-11
34.277344,6.937417e-10,1.317690e-08,1.423629e-06,1.348148e-06,4.982785e-11,4.315903e-08,4.610953e-09,2.198066e-08,1.331048e-08,2.603845e-07,3.576843e-08,4.538641e-08,2.228996e-08,1.959891e-08,3.231282e-08,2.118304e-07,1.170846e-11,3.473650e-08,2.655087e-10,3.584096e-09,5.529243e-11,8.937304e-12,4.653757e-11,3.645140e-07,2.947830e-11
34.326172,9.154712e-10,1.251438e-08,1.381547e-06,1.484871e-06,6.413651e-11,5.092570e-08,5.199899e-09,1.909328e-08,2.925469e-08,4.594600e-07,3.689850e-08,2.441869e-08,8.977474e-09,2.534445e-08,2.997492e-08,2.172729e-07,1.123704e-11,6.545704e-08,2.800625e-10,2.266723e-09,2.558008e-11,1.107169e-11,1.893922e-11,2.018316e-07,2.529177e-11
34.375000,2.028300e-09,1.509524e-08,1.273846e-06,1.448828e-06,6.748733e-11,5.480804e-08,5.554839e-09,1.492654e-08,3.959500e-08,6.116308e-07,4.134293e-08,1.394437e-08,2.771889e-08,3.345192e-08,1.039580e-07,2.039756e-07,1.804748e-11,8.708780e-08,4.267713e-10,6.608849e-10,1.706580e-11,1.250650e-11,5.430410e-11,1.139605e-07,2.909206e-11
34.423828,2.694089e-09,1.859772e-08,1.138013e-06,1.307344e-06,6.035616e-11,5.230782e-08,5.724513e-09,6.569394e-09,4.825603e-08,6.166891e-07,5.282146e-08,4.423363e-08,5.844355e-08,2.967841e-08,8.004926e-08,1.202740e-07,1.764454e-11,6.479970e-08,1.855936e-10,6.775888e-10,4.466317e-11,1.667137e-11,4.522595e-11,3.051881e-07,1.689045e-10
34.472656,2.850409e-09,2.118213e-08,9.802627e-07,1.184101e-06,4.823937e-11,4.399729e-08,5.580517e-09,1.288940e-08,5.105942e-08,4.735067e-07,4.519656e-08,5.592305e-08,7.225093e-08,2.679878e-08,3.668560e-08,5.797625e-08,1.159647e-11,5.401379e-08,2.583980e-10,1.652003e-09,6.757388e-11,1.284436e-11,5.101498e-11,1.598464e-07,1.807257e-10
34.521484,2.743056e-09,2.191324e-08,7.567767e-07,1.098273e-06,3.719562e-11,3.512959e-08,4.971787e-09,2.995017e-08,4.660653e-08,3.782135e-07,2.724456e-08,4.516370e-08,5.843938e-08,2.788498e-08,1.315831e-07,1.328005e-07,1.381439e-11,3.209127e-08,4.360689e-10,1.473131e-09,4.933706e-11,1.409774e-11,4.896621e-11,3.711262e-07,1.148161e-10
34.570312,2.651287e-09,2.080456e-08,4.141794e-07,9.733664e-07,2.990785e-11,3.230802e-08,3.998158e-09,3.780207e-08,3.885189e-08,4.021951e-07,3.214812e-08,3.799489e-08,3.591694e-08,2.808635e-08,1.426534e-07,1.889304e-07,9.336609e-12,3.035925e-08,3.641965e-10,1.046042e-09,3.008218e-11,1.186501e-11,3.144144e-11,3.569621e-07,8.738738e-11
34.619141,2.535893e-09,1.872175e-08,5.653071e-08,7.976577e-07,2.518922e-11,3.494795e-08,3.213725e-09,3.431118e-08,3.134511e-08,3.505766e-07,2.463600e-08,3.886575e-08,3.036416e-08,2.921941e-08,6.290204e-08,1.567514e-07,6.960149e-12,4.083065e-08,2.387303e-10,5.604738e-10,5.163832e-11,1.551066e-11,9.466459e-12,2.977031e-07,1.096365e-10
34.667969,2.174717e-09,1.699612e-08,5.847465e-07,6.471214e-07,2.143995e-11,3.728594e-08,3.497866e-09,2.495130e-08,2.605662e-08,2.925739e-07,1.842799e-08,4.098241e-08,5.699258e-08,3.775818e-08,7.269341e-08,1.227492e-07,1.388448e-11,3.944441e-08,1.290998e-10,1.612971e-09,5.902849e-11,1.691618e-11,2.748353e-11,1.976334e-07,2.274018e-10
34.716797,1.620025e-09,1.684987e-08,1.064459e-06,5.590680e-07,1.864903e-11,3.553917e-08,4.791527e-09,1.147256e-08,2.492379e-08,2.754950e-07,5.700508e-08,4.086576e-08,9.994967e-08,4.132450e-08,1.711543e-07,8.129477e-08,1.946414e-11,4.157823e-08,6.717271e-11,1.109132e-09,4.117974e-11,1.421653e-11,3.765715e-11,1.701043e-07,1.581918e-10
34.765625,1.473713e-09,1.860389e-08,1.381118e-06,4.765680e-07,1.942938e-11,2.872857e-08,6.289616e-09,1.668067e-08,3.065364e-08,1.538611e-07,7.952364e-08,3.750385e-08,9.692633e-08,3.559592e-08,1.726403e-07,9.024535e-08,1.273918e-11,3.675293e-08,9.731791e-11,1.141012e-09,2.870569e-11,7.132352e-12,3.553887e-11,2.378493e-07,1.565061e-10
34.814453,2.017335e-09,2.134216e-08,1.473695e-06,3.678869e-07,2.487820e-11,1.946197e-08,7.328780e-09,3.911899e-08,3.416193e-08,7.224402e-08,8.033880e-08,3.231276e-08,5.777639e-08,3.186409e-08,8.181878e-08,1.116124e-07,1.056157e-11,3.666171e-08,9.881091e-11,2.011839e-09,3.876329e-11,1.323158e-11,7.992322e-12,2.173452e-07,1.181820e-10
34.863281,2.572390e-09,2.367883e-08,1.359527e-06,2.667006e-07,3.161773e-11,1.395647e-08,7.579530e-09,5.012111e-08,2.585518e-08,2.150489e-07,6.899852e-08,2.826771e-08,3.564174e-08,2.764133e-08,4.453739e-08,1.642433e-07,8.214519e-12,3.844448e-08,4.065526e-11,9.531598e-10,3.133807e-11,1.503855e-11,4.962814e-11,2.545973e-08,6.720512e-11
34.912109,2.763727e-09,2.469486e-08,1.116990e-06,1.955398e-07,3.622711e-11,1.329663e-08,7.174237e-09,4.500933e-08,9.382392e-09,2.328539e-07,5.079328e-08,6.700854e-09,3.702183e-08,3.229451e-08,9.806822e-08,1.148485e-07,4.898424e-12,4.239008e-08,1.846297e-10,8.307073e-10,7.412056e-11,9.634309e-12,6.122007e-11,1.006256e-07,4.938377e-11
34.960938,2.565879e-09,2.439461e-08,8.311397e-07,1.243188e-07,3.653199e-11,1.019859e-08,6.295472e-09,3.570794e-08,8.833090e-09,1.557814e-07,3.424514e-08,2.634256e-08,6.032580e-08,5.003059e-08,1.272697e-07,8.404477e-08,7.488944e-12,2.844479e-08,3.807263e-10,9.467987e-10,6.552918e-11,5.131345e-12,3.208419e-11,2.780166e-07,6.323514e-11
35.009766,2.113087e-09,2.348972e-08,5.518793e-07,3.198339e-08,3.218055e-11,3.364720e-09,4.853818e-09,3.379799e-08,1.235317e-08,1.309345e-07,3.358693e-08,4.597511e-08,6.578998e-08,6.093246e-08,1.444460e-07,5.442622e-08,6.215187e-12,1.905098e-08,2.084520e-10,7.548242e-10,7.708755e-11,8.835838e-12,1.968476e-11,1.199411e-07,9.883905e-11
35.058594,1.573619e-09,2.249527e-08,3.563834e-07,8.453823e-08,2.422820e-11,5.629782e-09,3.037536e-09,3.097046e-08,8.537091e-09,2.269392e-07,3.506174e-08,5.714200e-08,5.091831e-08,6.060146e-08,1.522782e-07,7.330951e-08,6.366064e-12,3.783891e-08,2.721397e-10,1.181530e-09,2.111414e-11,1.163018e-11,2.825008e-11,2.465705e-07,5.687791e-11
35.107422,1.070849e-09,2.101175e-08,4.440337e-07,1.976261e-07,1.478013e-11,1.072848e-08,1.686620e-09,2.491334e-08,6.920996e-09,3.050549e-07,2.145796e-08,6.630733e-08,2.147614e-08,3.276412e-08,1.041699e-07,1.522522e-07,5.682888e-12,1.941209e-08,9.920509e-11,1.412573e-09,5.664131e-11,1.965278e-11,3.223579e-11,9.607050e-08,9.149872e-11
35.156250,6.718390e-10,1.820908e-08,6.919260e-07,2.960652e-07,1.021175e-11,1.313311e-08,1.512873e-09,2.073347e-08,5.362349e-09,3.111894e-07,8.345281e-09,6.112436e-08,1.654115e-08,5.466110e-09,7.723385e-08,1.368042e-07,1.101791e-11,1.855966e-08,1.567733e-10,1.674885e-09,6.710560e-11,1.414355e-11,4.513574e-11,2.373433e-07,7.380979e-11
35.205078,4.061029e-10,1.391654e-08,9.101894e-07,3.617201e-07,1.724358e-11,1.441065e-08,1.804722e-09,2.248764e-08,9.418482e-09,2.675318e-07,3.465502e-08,4.945921e-08,3.951303e-08,4.711687e-09,7.966414e-08,8.879306e-08,1.410107e-11,1.239486e-08,3.591592e-10,5.402336e-10,6.965134e-11,5.562694e-12,1.363162e-11,3.245172e-07,4.420415e-12
35.253906,2.711433e-10,9.550439e-09,1.054941e-06,4.040599e-07,2.590245e-11,1.442600e-08,1.793068e-09,3.771998e-08,1.628515e-08,2.722092e-07,5.144297e-08,3.613570e-08,3.574423e-08,2.351445e-08,8.404660e-08,8.511716e-08,1.183845e-11,1.155783e-08,2.141173e-10,1.128995e-09,5.103582e-11,3.716732e-12,2.021750e-11,3.299838e-07,7.104887e-11
35.302734,2.299955e-10,8.736194e-09,1.134098e-06,4.787427e-07,3.082308e-11,1.378623e-08,1.720167e-09,5.494226e-08,2.052725e-08,3.294707e-07,6.646865e-08,2.349825e-08,3.504479e-08,5.129939e-08,7.854932e-08,7.200925e-08,9.737445e-12,2.268167e-08,3.010912e-10,2.225784e-09,2.840703e-11,8.477888e-12,8.534350e-12,3.248701e-07,6.164644e-11
35.351562,2.393836e-10,1.169463e-08,1.151337e-06,6.144245e-07,3.029268e-11,1.460781e-08,2.877214e-09,6.061856e-08,2.596162e-08,3.208129e-07,8.122738e-08,1.796104e-08,6.264145e-08,6.015123e-08,8.495425e-08,1.139225e-07,5.926740e-12,4.696772e-08,2.641497e-10,2.289369e-09,2.704886e-11,5.889851e-12,9.657096e-12,2.877646e-07,1.262471e-10
35.400391,3.019812e-10,1.426879e-08,1.092594e-06,7.535289e-07,2.518199e-11,1.450038e-08,4.032001e-09,5.101840e-08,2.805642e-08,2.036914e-07,8.077319e-08,2.598372e-08,1.014584e-07,5.661268e-08,1.262171e-07,1.184303e-07,4.035744e-12,5.736767e-08,1.576658e-10,6.285590e-10,5.210918e-11,1.807324e-12,5.742764e-11,2.745071e-07,6.252422e-11
35.449219,5.069944e-10,1.456193e-08,9.651748e-07,8.229965e-07,1.696349e-11,1.082774e-08,3.969409e-09,3.211285e-08,2.045549e-08,1.769413e-07,6.615907e-08,3.633590e-08,9.202526e-08,4.920628e-08,9.151776e-08,9.296242e-08,8.773656e-12,5.417991e-08,1.620441e-10,1.743218e-09,6.384080e-11,7.670729e-12,4.077616e-11,2.099956e-07,4.638533e-11
35.498047,8.848239e-10,1.251950e-08,8.414509e-07,7.942894e-07,7.597905e-12,9.478693e-09,3.133678e-09,1.402307e-08,9.525218e-09,3.376351e-07,5.376698e-08,4.002579e-08,3.829103e-08,3.012721e-08,1.077175e-07,1.202606e-07,1.595056e-11,4.697301e-08,3.114759e-10,4.174136e-09,7.024956e-11,7.205683e-12,3.204339e-11,3.472267e-08,1.563388e-11
35.546875,1.373177e-09,9.425299e-09,8.195579e-07,6.917762e-07,6.399574e-12,1.579352e-08,2.899703e-09,7.409427e-09,1.673465e-08,3.836226e-07,4.218884e-08,3.765932e-08,2.095079e-08,1.772875e-08,1.723477e-07,1.456457e-07,1.788673e-11,3.762608e-08,3.536271e-10,2.838852e-09,3.778432e-11,1.130018e-11,3.934982e-11,1.506798e-07,1.566518e-11
35.595703,1.889692e-09,7.885228e-09,8.763201e-07,5.689817e-07,1.534885e-11,2.138608e-08,3.012288e-09,1.181724e-08,2.675021e-08,2.797363e-07,2.263686e-08,2.822932e-08,3.763808e-08,2.471070e-08,1.821718e-07,1.569516e-07,1.632470e-11,3.481538e-08,2.553307e-10,1.550236e-09,4.632874e-11,6.978104e-12,4.549729e-11,2.692826e-07,3.182981e-11
35.644531,2.359634e-09,9.285220e-09,8.925663e-07,4.734334e-07,2.333837e-11,2.341533e-08,3.002809e-09,1.293411e-08,3.048364e-08,1.748269e-07,3.735409e-09,1.055824e-08,5.038005e-08,3.518013e-08,1.760119e-07,2.570937e-08,1.000672e-11,3.264309e-08,2.650101e-10,1.209710e-09,2.250731e-11,5.640143e-12,4.730525e-11,2.651570e-07,8.348183e-11
35.693359,2.720310e-09,1.142103e-08,8.137490e-07,4.259016e-07,2.732244e-11,2.342115e-08,3.427194e-09,9.345366e-09,2.772089e-08,1.503071e-07,1.110721e-08,9.842850e-09,3.379177e-08,3.479414e-08,1.204481e-07,8.198477e-08,4.109168e-12,3.974300e-08,2.486911e-10,1.049447e-09,5.677331e-12,8.021327e-12,4.017537e-11,3.290472e-07,6.655293e-11
35.742188,2.920407e-09,1.274935e-08,6.952449e-07,4.188180e-07,2.674396e-11,2.411529e-08,3.860111e-09,2.976455e-09,2.458892e-08,1.710433e-07,2.846090e-08,1.157814e-08,3.321760e-08,2.811368e-08,7.044803e-08,6.841266e-08,1.924324e-12,2.599992e-08,1.363694e-10,7.193298e-10,3.540857e-11,7.610486e-12,2.425554e-11,3.137564e-07,1.020295e-10
35.791016,2.928672e-09,1.313359e-08,6.593147e-07,4.268797e-07,2.387172e-11,2.610735e-08,3.759884e-09,5.931463e-09,2.694664e-08,3.428966e-07,4.207777e-08,2.112582e-08,6.730327e-08,2.852929e-08,1.749472e-08,4.475479e-08,4.636673e-12,3.621632e-08,7.000602e-11,1.965051e-09,4.748101e-11,8.256070e-12,1.361093e-11,6.618274e-08,8.803936e-11
35.839844,2.754655e-09,1.292931e-08,7.575690e-07,4.309690e-07,2.179072e-11,2.743586e-08,3.347362e-09,1.508550e-08,3.129754e-08,4.837477e-07,3.763175e-08,4.620218e-08,1.005218e-07,2.033450e-08,7.686126e-08,5.680171e-08,4.571402e-12,5.027081e-08,5.139089e-11,2.349616e-09,4.807901e-11,5.704242e-12,2.030856e-11,2.428872e-07,6.162548e-11
35.888672,2.453434e-09,1.258265e-08,9.290437e-07,4.209710e-07,2.070288e-11,2.651305e-08,2.808120e-09,1.773217e-08,3.472834e-08,4.729951e-07,2.167805e-08,6.151734e-08,9.221371e-08,2.780713e-09,8.082789e-08,3.859778e-08,5.426332e-12,4.738874e-08,2.728773e-10,1.418244e-09,4.054419e-11,2.709926e-12,1.106333e-11,1.010657e-07,7.091818e-11
35.937500,2.090435e-09,1.256853e-08,1.110301e-06,3.714018e-07,1.884570e-11,2.353825e-08,1.988547e-09,1.133293e-08,3.520413e-08,3.314215e-07,2.171391e-08,5.107497e-08,1.004611e-07,2.307704e-08,2.433252e-08,1.094128e-07,4.518523e-12,4.522172e-08,2.850285e-10,1.126825e-09,1.675148e-11,6.719362e-12,1.333858e-11,5.411086e-08,5.750360e-11
35.986328,1.686451e-09,1.314740e-08,1.240026e-06,2.471551e-07,1.654395e-11,1.974057e-08,1.421663e-09,1.194460e-08,3.187817e-08,1.906236e-07,1.941198e-08,4.908500e-08,1.465671e-07,3.322661e-08,8.773893e-08,8.386369e-08,7.056202e-12,4.613278e-08,2.306085e-10,1.169124e-09,4.359576e-11,8.893129e-12,7.822617e-12,9.972828e-08,3.262766e-11
36.035156,1.220593e-09,1.404598e-08,1.256488e-06,4.365851e-08,1.497818e-11,1.641497e-08,2.266064e-09,2.064759e-08,3.082174e-08,1.764324e-07,1.361991e-08,6.579091e-08,1.457653e-07,2.311945e-08,1.502329e-07,6.409791e-08,1.294679e-11,4.502193e-08,1.670953e-10,2.011080e-09,5.348694e-11,1.087026e-11,2.211775e-11,3.170155e-07,7.432873e-11
36.083984,7.531798e-10,1.472839e-08,1.144202e-06,1.946979e-07,1.398044e-11,1.471227e-08,3.113193e-09,2.222635e-08,3.467913e-08,2.013348e-07,2.910123e-08,7.919966e-08,9.208783e-08,4.946822e-09,1.830367e-07,4.571595e-08,1.288169e-11,4.613721e-08,1.325076e-10,2.470903e-09,3.090902e-11,8.854568e-12,2.901306e-11,2.587813e-07,3.259070e-11
36.132812,7.076712e-10,1.492934e-08,9.673195e-07,3.927083e-07,1.272551e-11,1.503326e-08,2.929431e-09,1.914121e-08,3.519880e-08,2.215828e-07,4.016170e-08,7.323004e-08,3.302340e-08,1.285808e-08,2.307294e-07,1.158117e-08,1.086838e-11,3.853333e-08,9.432701e-11,2.473817e-09,2.996889e-11,3.442528e-12,2.300562e-11,2.308773e-07,7.010872e-11
36.181641,1.170797e-09,1.489522e-08,8.301148e-07,4.898615e-07,1.104424e-11,1.604660e-08,2.044305e-09,1.832412e-08,2.940784e-08,2.597802e-07,4.369500e-08,5.028935e-08,1.225971e-08,3.347034e-08,2.312775e-07,4.701840e-08,8.423546e-12,5.740274e-08,1.208340e-10,2.352504e-09,4.707507e-11,4.135463e-12,3.159796e-11,5.896521e-08,8.551241e-11
36.230469,1.618523e-09,1.544907e-08,7.597836e-07,4.737262e-07,9.714148e-12,1.618755e-08,2.649700e-09,2.121857e-08,2.183121e-08,2.809473e-07,3.707912e-08,3.645142e-08,6.439976e-08,3.916144e-08,1.325582e-07,6.060839e-08,3.933776e-12,3.975827e-08,1.393001e-10,1.938819e-09,5.461947e-11,5.334756e-12,2.429093e-11,1.226412e-07,1.133783e-10
36.279297,1.862119e-09,1.762751e-08,6.944259e-07,3.965441e-07,8.449307e-12,1.546394e-08,4.183764e-09,2.346222e-08,1.929412e-08,2.278422e-07,1.779988e-08,2.738156e-08,9.084288e-08,3.598667e-08,4.340822e-08,4.190181e-08,4.503162e-12,3.328113e-08,1.251104e-10,2.148512e-09,1.462439e-11,4.907807e-12,1.394228e-11,9.965164e-08,6.863174e-11
36.328125,1.883858e-09,2.144848e-08,6.205430e-07,3.788502e-07,7.702995e-12,1.495674e-08,4.987094e-09,2.116152e-08,2.343092e-08,1.184365e-07,9.889973e-09,1.030870e-08,6.551073e-08,2.813355e-08,2.618727e-08,7.186238e-08,8.826521e-12,2.332832e-08,9.504323e-11,2.204839e-09,5.293891e-11,4.511747e-12,1.285195e-11,6.929026e-08,8.115598e-11
36.376953,1.756511e-09,2.544813e-08,5.803453e-07,4.925564e-07,9.525443e-12,1.515082e-08,5.160348e-09,1.522276e-08,2.625845e-08,3.159102e-08,2.207606e-08,2.878983e-09,5.314057e-08,1.110084e-08,8.502689e-08,4.469195e-08,1.150719e-11,1.782019e-08,3.037848e-11,1.842164e-09,1.890216e-11,2.556307e-12,1.545846e-11,3.263437e-07,5.788385e-11
36.425781,1.564479e-09,2.772350e-08,5.537424e-07,6.444802e-07,1.287310e-11,1.602880e-08,5.573206e-09,9.283399e-09,2.452133e-08,2.050993e-08,2.011772e-08,4.648163e-09,5.970091e-08,1.328570e-08,1.170168e-07,1.511954e-07,1.278364e-11,1.908050e-08,1.301241e-10,7.981831e-10,2.608449e-11,1.059589e-12,1.735958e-11,2.193319e-07,2.793676e-11
36.474609,1.349230e-09,2.703439e-08,4.877929e-07,7.342721e-07,1.528923e-11,1.822207e-08,6.288158e-09,5.111586e-09,2.393081e-08,6.899943e-08,2.165205e-08,1.662808e-08,4.584580e-08,1.416112e-08,1.249891e-07,2.078248e-07,8.284775e-12,2.064740e-08,9.859079e-11,6.071586e-10,1.041121e-11,7.380392e-12,2.149025e-12,5.662900e-07,6.666023e-11
36.523438,1.132826e-09,2.345819e-08,4.286023e-07,7.147687e-07,1.553728e-11,2.187024e-08,6.496232e-09,3.900578e-09,2.580890e-08,7.942088e-08,4.237255e-08,3.303543e-08,6.967160e-08,1.095378e-08,1.562833e-07,1.626428e-07,7.046019e-12,3.370572e-08,3.188809e-11,5.871559e-10,2.659108e-11,9.748385e-12,3.061943e-12,3.117380e-07,3.293553e-11
36.572266,1.043264e-09,1.854799e-08,4.649787e-07,5.957655e-07,1.378166e-11,2.479374e-08,5.770372e-09,5.873950e-09,2.316672e-08,1.066392e-07,5.431651e-08,3.801548e-08,9.660305e-08,2.072585e-08,1.743989e-07,1.155246e-07,9.378615e-12,2.608354e-08,1.348067e-10,1.435957e-09,4.955802e-11,5.372601e-12,1.053945e-11,1.921310e-07,6.966169e-11
36.621094,1.262016e-09,1.478791e-08,5.136762e-07,4.348048e-07,1.114881e-11,2.383211e-08,4.410738e-09,9.109533e-09,1.585171e-08,1.844809e-07,4.808310e-08,2.869491e-08,9.070007e-08,2.738368e-08,1.302613e-07,1.323935e-07,1.000185e-11,3.500800e-09,1.421672e-10,2.112150e-09,4.531379e-11,5.091413e-12,2.522987e-11,1.081722e-07,5.343414e-11
36.669922,1.681755e-09,1.361355e-08,4.599205e-07,3.039663e-07,9.367188e-12,1.781250e-08,3.086421e-09,1.133726e-08,8.998229e-09,2.244819e-07,3.807619e-08,2.674301e-08,5.217706e-08,3.350013e-08,2.761332e-08,1.509381e-07,1.069595e-11,2.431051e-08,1.020619e-10,1.819603e-09,3.501377e-11,1.118685e-12,2.770271e-11,1.191094e-07,4.641496e-11
36.718750,2.053485e-09,1.376346e-08,3.502550e-07,2.444540e-07,1.075905e-11,9.482249e-09,2.365873e-09,1.241753e-08,5.045311e-09,2.098393e-07,3.756574e-08,3.250663e-08,2.685935e-08,4.179489e-08,7.055979e-08,9.227914e-08,6.990767e-12,3.447804e-08,1.576049e-10,4.112772e-10,5.676556e-12,3.562552e-12,2.187435e-11,2.398704e-07,2.368689e-11
36.767578,2.219313e-09,1.379866e-08,4.305806e-07,2.395482e-07,1.474645e-11,7.323961e-09,2.366405e-09,1.457147e-08,1.247695e-08,1.548897e-07,3.529329e-08,2.800262e-08,4.848749e-08,4.498717e-08,1.147958e-07,8.042054e-08,3.376538e-12,3.417061e-08,6.919617e-11,9.840906e-10,3.507856e-11,8.869418e-12,1.010571e-11,1.707446e-07,4.737071e-13
36.816406,2.160544e-09,1.364428e-08,6.588987e-07,2.420414e-07,1.889589e-11,1.113862e-08,2.410788e-09,1.769456e-08,2.121529e-08,1.378003e-07,2.828924e-08,2.119211e-08,6.264650e-08,4.149172e-08,1.618868e-07,7.234161e-08,1.573424e-12,4.873298e-08,1.754395e-10,4.320318e-10,5.843632e-11,7.603937e-12,9.293125e-12,2.445678e-07,2.397929e-11
36.865234,2.010544e-09,1.352355e-08,8.180763e-07,2.153327e-07,2.079190e-11,1.318344e-08,1.806699e-09,2.076842e-08,2.812947e-08,2.360281e-07,2.232657e-08,2.058172e-08,5.979199e-08,3.452204e-08,1.907718e-07,6.925886e-08,5.086583e-12,5.690407e-08,2.571235e-10,3.362792e-10,4.634100e-11,7.800650e-12,9.653216e-12,5.690647e-08,5.303792e-11
36.914062,1.979976e-09,1.326959e-08,8.259075e-07,1.717898e-07,1.907021e-11,1.394784e-08,8.048609e-10,2.319977e-08,3.203479e-08,3.017416e-07,1.471602e-08,1.451376e-08,4.019812e-08,3.150592e-08,1.381058e-07,1.218074e-07,5.640889e-12,5.985038e-08,1.586737e-10,1.909222e-09,4.407766e-11,9.045711e-12,8.331295e-12,1.036906e-07,3.849198e-11
36.962891,2.112192e-09,1.267086e-08,6.825553e-07,2.014143e-07,1.423486e-11,1.491502e-08,1.201680e-09,2.387568e-08,2.817515e-08,2.545508e-07,3.281061e-09,1.483112e-08,2.698210e-08,2.396555e-08,6.662075e-08,1.715226e-07,3.432769e-12,3.203378e-08,1.689941e-10,2.736671e-09,1.836857e-11,5.689179e-12,7.823557e-12,8.397065e-08,1.769441e-11
37.011719,2.227550e-09,1.168727e-08,4.353668e-07,3.127462e-07,1.275980e-11,1.590168e-08,1.782875e-09,2.222786e-08,1.749126e-08,1.023579e-07,1.617800e-08,1.190058e-08,3.910348e-08,1.688359e-08,7.032855e-08,1.504840e-07,2.795980e-12,1.468628e-08,1.897720e-10,2.587879e-09,4.255838e-11,1.085233e-12,5.440095e-12,9.759744e-08,3.455707e-11
37.060547,2.161223e-09,1.022340e-08,2.256926e-07,4.226642e-07,1.957374e-11,1.541630e-08,1.949051e-09,1.896757e-08,8.900467e-09,8.989644e-08,2.248972e-08,2.814148e-09,4.523994e-08,2.392164e-08,1.007560e-07,1.105522e-07,3.990195e-12,2.071573e-08,8.353269e-11,2.497995e-09,3.047658e-11,3.704844e-13,5.966181e-12,1.430332e-07,3.134209e-11
37.109375,1.892048e-09,8.129431e-09,4.146511e-07,4.754940e-07,2.606284e-11,1.254364e-08,2.188668e-09,1.538186e-08,6.216746e-09,2.220328e-07,1.650275e-08,9.371643e-09,5.163794e-08,1.980424e-08,8.756217e-08,5.241231e-08,3.798492e-12,2.652977e-08,6.004993e-11,9.589715e-10,1.348496e-11,1.240781e-12,9.610418e-12,2.122388e-07,3.758512e-11
37.158203,1.500524e-09,5.523293e-09,7.409315e-07,4.415407e-07,2.660128e-11,8.437754e-09,2.260059e-09,1.252095e-08,9.175175e-09,2.462846e-07,6.049545e-09,2.521131e-08,5.820828e-08,8.828647e-09,5.259401e-08,3.489944e-08,2.890596e-12,2.894339e-08,3.991757e-11,5.485036e-10,9.319395e-12,2.580757e-12,1.136293e-11,2.196235e-07,3.889782e-11
37.207031,1.082832e-09,2.895078e-09,1.024570e-06,3.690220e-07,2.055734e-11,6.695435e-09,1.799014e-09,1.272847e-08,1.364102e-08,1.820229e-07,1.087900e-08,3.967284e-08,5.433837e-08,6.816555e-09,7.259850e-08,8.035573e-08,4.304467e-12,2.913192e-08,1.217598e-10,4.235110e-10,2.677024e-12,1.734992e-12,1.007483e-11,2.481300e-08,1.520474e-11
37.255859,6.927431e-10,1.117911e-09,1.223304e-06,4.541801e-07,1.279254e-11,8.799290e-09,1.099045e-09,1.826395e-08,1.621726e-08,9.131459e-08,2.059892e-08,4.600673e-08,5.795110e-08,7.503078e-09,1.037170e-07,1.125199e-07,8.561666e-12,3.042931e-08,2.127960e-10,5.175211e-10,9.718919e-12,7.499612e-12,5.374934e-12,1.096745e-07,5.552243e-11
37.304688,4.106074e-10,1.990238e-09,1.339085e-06,7.090681e-07,1.257323e-11,1.106124e-08,7.199588e-10,2.604300e-08,2.158039e-08,1.238397e-08,2.364748e-08,3.819755e-08,6.442119e-08,1.552875e-08,1.699726e-07,9.610827e-08,1.252391e-11,2.290988e-08,1.301208e-10,7.572240e-10,1.594732e-11,5.681458e-12,2.298173e-11,1.411392e-07,5.357726e-11
37.353516,4.294326e-10,3.577332e-09,1.397628e-06,9.499739e-07,1.707761e-11,1.153660e-08,8.811825e-10,3.124043e-08,2.650711e-08,5.448121e-08,1.650538e-08,1.052867e-08,4.472770e-08,1.815089e-08,1.930987e-07,1.446555e-07,1.175530e-11,1.414956e-08,1.070195e-10,9.367170e-10,7.785335e-12,8.305762e-12,2.035689e-11,1.002803e-07,3.355644e-11
37.402344,5.588655e-10,4.915892e-09,1.413095e-06,1.074978e-06,1.918284e-11,1.004655e-08,1.310134e-09,3.112685e-08,2.700777e-08,9.969775e-08,9.675142e-09,2.800449e-08,2.247598e-08,1.137058e-08,1.786520e-07,1.355809e-07,8.676345e-12,9.164182e-09,1.888140e-10,5.332867e-10,2.050694e-11,5.516744e-12,1.154701e-11,2.258098e-07,3.189657e-12
37.451172,5.346534e-10,5.621711e-09,1.370452e-06,1.064678e-06,1.920717e-11,7.364765e-09,1.535084e-09,2.670366e-08,2.528340e-08,1.114971e-07,1.111665e-08,4.840590e-08,4.677885e-08,9.824848e-09,1.555335e-07,1.368803e-07,4.342303e-12,1.714748e-08,1.726211e-10,3.426759e-10,1.814649e-11,3.752391e-12,6.030024e-12,1.338662e-07,1.416244e-11
37.500000,4.020803e-10,5.698366e-09,1.251356e-06,9.547182e-07,1.931526e-11,4.480613e-09,1.407187e-09,2.039776e-08,2.154636e-08,9.416737e-08,7.676774e-09,3.868800e-08,5.053119e-08,8.742559e-09,1.529931e-07,1.128885e-07,1.603034e-12,1.723336e-08,5.331434e-11,5.331630e-10,2.658897e-11,2.104781e-12,5.279087e-12,1.798638e-08,1.474287e-11
37.548828,6.075021e-10,5.677323e-09,1.070435e-06,7.983798e-07,2.012108e-11,2.778065e-09,1.347390e-09,1.533492e-08,1.392253e-08,5.909678e-08,5.907037e-09,2.034026e-08,4.507131e-08,7.204971e-09,1.607908e-07,6.524425e-08,6.702298e-12,8.116419e-09,4.024308e-11,7.253457e-10,2.712823e-11,3.533250e-12,6.133389e-12,6.492856e-08,2.822720e-11
37.597656,1.087318e-09,5.883896e-09,8.771022e-07,6.370381e-07,2.083756e-11,2.795060e-09,1.614552e-09,1.794039e-08,6.221694e-09,2.585929e-08,9.944298e-09,2.996896e-08,3.020410e-08,1.220748e-08,1.544775e-07,4.775252e-08,5.410913e-12,5.267076e-09,1.303090e-10,7.075735e-10,2.590205e-11,1.010138e-11,1.632969e-11,7.000452e-08,2.492709e-11
37.646484,1.493930e-09,5.829482e-09,7.137267e-07,4.999251e-07,2.103588e-11,3.207822e-09,1.745672e-09,2.372768e-08,6.590739e-09,2.198141e-08,1.860506e-08,3.137665e-08,8.605212e-09,1.746557e-08,1.215496e-07,9.514966e-08,3.923246e-12,1.237631e-08,8.456972e-11,5.376523e-10,1.760989e-11,9.007321e-12,1.650054e-12,1.608075e-07,1.290407e-11
37.695312,1.659830e-09,5.072778e-09,5.734408e-07,4.209495e-07,2.080748e-11,5.435408e-09,1.461670e-09,2.646422e-08,1.006386e-08,1.501304e-08,2.284153e-08,1.924111e-08,2.185019e-08,1.755829e-08,6.397561e-08,1.108135e-07,1.032854e-12,2.002772e-08,1.233645e-10,3.110306e-10,1.313439e-11,4.684151e-12,8.990479e-12,1.032300e-07,1.305170e-11
37.744141,1.541982e-09,4.213566e-09,4.246620e-07,4.153680e-07,2.035293e-11,7.789388e-09,8.827284e-10,2.767738e-08,1.246509e-08,7.758722e-08,1.760577e-08,8.910862e-09,3.671720e-08,1.355663e-08,2.828111e-08,1.203628e-07,7.013645e-12,3.205932e-08,1.444622e-10,1.209287e-09,3.814890e-12,3.112074e-12,4.099911e-12,1.912388e-07,5.166162e-11
37.792969,1.221405e-09,4.572841e-09,2.655604e-07,4.354987e-07,1.882325e-11,7.883096e-09,5.897894e-10,2.811365e-08,1.148929e-08,1.570016e-07,1.162762e-08,5.751063e-09,4.243128e-08,1.331734e-08,2.509351e-08,3.641648e-08,1.303458e-11,2.506611e-08,1.322762e-10,6.864930e-10,5.370128e-12,3.142304e-12,1.363161e-11,1.277255e-07,3.650959e-11
37.841797,9.051484e-10,5.720973e-09,1.374673e-07,4.311648e-07,1.513638e-11,6.249704e-09,9.276892e-10,2.551546e-08,7.752005e-09,2.169741e-07,1.653838e-08,4.931322e-09,3.020138e-08,1.447826e-08,1.337493e-08,2.843679e-08,1.315855e-11,1.052801e-08,7.626258e-11,7.805649e-10,1.249242e-11,6.604311e-12,1.587115e-11,1.719673e-07,3.095504e-11
37.890625,8.362020e-10,6.380943e-09,1.241592e-07,4.190996e-07,1.019521e-11,6.019687e-09,1.176555e-09,1.970746e-08,4.252435e-09,2.397732e-07,2.762169e-08,3.346322e-09,3.194256e-08,6.203999e-09,2.891146e-08,2.588417e-08,9.588649e-12,1.036531e-08,6.224682e-11,7.879017e-10,1.693713e-11,6.712013e-12,1.452690e-11,1.688288e-07,2.753496e-11
37.939453,9.449563e-10,6.251968e-09,1.884979e-07,4.502245e-07,7.635424e-12,6.908621e-09,1.362152e-09,1.279731e-08,2.578316e-09,2.481027e-07,3.475573e-08,9.909052e-09,5.698029e-08,1.033434e-08,6.420994e-08,4.504020e-08,2.485011e-12,2.404027e-08,1.137532e-10,8.876506e-10,1.056783e-11,5.825843e-13,1.380747e-11,2.072691e-07,1.963147e-11
37.988281,1.001686e-09,5.673370e-09,2.394678e-07,4.966402e-07,8.250895e-12,6.897722e-09,1.651781e-09,1.456255e-08,3.911967e-09,2.673943e-07,3.041107e-08,2.747995e-08,6.565632e-08,1.893274e-08,7.810644e-08,6.689142e-08,1.147931e-11,2.325828e-08,9.884251e-11,9.827953e-10,1.129343e-11,2.717585e-12,9.614222e-12,1.633941e-07,2.924743e-11
38.037109,9.572051e-10,4.841071e-09,2.468234e-07,4.773305e-07,7.555383e-12,6.454061e-09,1.733718e-09,2.289842e-08,8.571137e-09,2.678735e-07,1.848852e-08,4.736833e-08,6.330886e-08,1.852691e-08,1.183320e-07,4.462830e-08,1.392731e-11,1.327840e-08,1.501737e-10,3.916643e-10,1.103218e-11,3.791534e-12,8.074424e-12,1.201656e-07,4.859831e-11
38.085938,8.833978e-10,3.461285e-09,2.194268e-07,3.602044e-07,4.786694e-12,5.343502e-09,1.301337e-09,2.464428e-08,1.203961e-08,2.473640e-07,1.242090e-08,5.599839e-08,4.921959e-08,1.437008e-08,1.669131e-07,1.063972e-07,1.139426e-11,2.956174e-08,1.588781e-10,9.014596e-11,5.568563e-12,5.417317e-12,1.251011e-11,3.614019e-07,5.163343e-11
38.134766,8.410277e-10,1.278869e-09,2.397179e-07,1.817244e-07,5.671122e-12,2.654129e-09,5.735308e-10,2.060611e-08,1.209729e-08,2.117032e-07,1.171908e-08,4.615599e-08,2.871915e-08,6.499251e-09,1.672662e-07,1.513678e-07,5.437259e-12,2.653971e-08,9.656443e-11,4.109824e-10,1.955229e-11,6.192960e-12,9.289750e-12,3.700956e-07,9.376630e-12
38.183594,8.108131e-10,1.774033e-09,3.501935e-07,1.966461e-08,9.466342e-12,2.853815e-09,8.338875e-10,2.260132e-08,1.557308e-08,1.141192e-07,9.869876e-09,3.628119e-08,2.082490e-08,1.078932e-08,1.421733e-07,5.107514e-08,4.616100e-12,9.970384e-09,1.244242e-10,1.840721e-10,9.223990e-12,3.466306e-12,1.272900e-11,2.065358e-07,1.711052e-11
38.232422,7.600830e-10,4.733854e-09,4.834782e-07,1.060181e-07,1.171761e-11,6.471271e-09,1.563826e-09,2.743122e-08,2.241013e-08,4.613994e-08,1.667719e-08,2.896907e-08,1.447870e-08,1.669539e-08,9.719671e-08,9.739262e-08,9.240885e-12,4.192502e-09,9.830414e-11,1.850561e-10,2.243662e-11,1.146129e-12,9.095942e-12,8.417092e-08,2.316888e-11
38.281250,7.362934e-10,7.204178e-09,6.163114e-07,1.684733e-07,1.026725e-11,8.341956e-09,2.121852e-09,2.565363e-08,2.453960e-08,1.306032e-07,2.485031e-08,1.806308e-08,1.662811e-08,1.150279e-08,9.362969e-08,8.606133e-08,1.580012e-11,1.512505e-08,9.113775e-11,6.693015e-10,2.435754e-11,1.561733e-12,5.218323e-12,1.620212e-07,4.444477e-11
38.330078,8.119342e-10,8.870181e-09,7.733996e-07,2.147304e-07,5.681018e-12,8.091494e-09,2.346001e-09,1.808469e-08,2.060183e-08,1.366682e-07,2.599230e-08,2.763834e-08,3.092834e-08,3.873654e-09,7.722307e-08,3.634720e-08,1.961184e-11,1.347358e-08,1.067949e-11,4.003273e-10,3.506851e-11,6.859431e-13,7.940300e-12,1.055186e-07,5.221680e-11
38.378906,9.551163e-10,9.915958e-09,9.542458e-07,2.429690e-07,5.005449e-12,6.959809e-09,2.145452e-09,9.331411e-09,1.247842e-08,1.711253e-07,2.133872e-08,2.554500e-08,4.096766e-08,1.567924e-08,2.514703e-08,4.662619e-08,1.702745e-11,2.155493e-08,1.743997e-11,4.432713e-10,1.712807e-11,1.190301e-12,4.179829e-12,1.693923e-07,4.334389e-11
38.427734,1.072385e-09,1.084147e-08,1.104633e-06,2.279106e-07,9.182209e-12,6.511520e-09,1.836456e-09,2.282083e-09,2.417568e-09,2.005199e-07,1.987304e-08,1.414296e-08,3.960503e-08,1.733633e-08,3.727884e-08,2.027992e-08,7.010324e-12,2.372673e-08,2.469719e-11,1.028619e-09,1.218968e-11,1.982377e-12,6.904760e-12,1.426136e-07,2.998494e-11
38.476562,1.118301e-09,1.201491e-08,1.160872e-06,1.692041e-07,1.028916e-11,6.534541e-09,1.749728e-09,2.352606e-09,8.562513e-09,1.332188e-07,2.090668e-08,6.996275e-09,2.237655e-08,1.790874e-08,6.650665e-08,4.958596e-08,4.135290e-12,2.787992e-08,2.944551e-11,1.621480e-09,1.388157e-11,3.126687e-12,6.118301e-12,1.216503e-07,1.843209e-11
38.525391,1.107044e-09,1.335252e-08,1.094408e-06,9.445983e-08,7.297338e-12,6.048439e-09,1.509563e-09,3.070675e-09,1.303963e-08,1.688029e-08,1.770389e-08,8.559471e-09,1.434827e-08,2.020500e-08,8.275479e-08,1.091840e-07,1.314231e-11,2.713435e-08,1.192318e-10,1.428578e-09,2.022627e-11,2.025261e-12,1.463242e-12,5.520048e-08,1.282027e-11
38.574219,1.077952e-09,1.443751e-08,9.238250e-07,3.541922e-08,7.428607e-12,5.611391e-09,8.308813e-10,1.413994e-09,1.239730e-08,7.030336e-08,1.159423e-08,1.213134e-08,1.562440e-08,2.551255e-08,9.816108e-08,8.557798e-08,1.642838e-11,2.400756e-08,1.278868e-10,1.390069e-09,1.640023e-11,5.261778e-12,6.146029e-12,9.667017e-08,1.677806e-11
38.623047,1.047450e-09,1.481792e-08,7.014888e-07,3.513351e-08,1.494206e-11,5.885079e-09,8.203158e-11,3.505974e-09,1.072123e-08,8.615141e-08,4.801868e-09,1.593007e-08,8.104959e-09,3.032262e-08,8.487664e-08,3.876944e-08,1.157374e-11,2.404996e-08,1.742746e-10,1.531261e-09,1.489483e-11,5.933235e-12,9.755702e-12,1.725054e-07,1.390622e-11
38.671875,9.965427e-10,1.418323e-08,4.895273e-07,9.910113e-08,2.128054e-11,5.854235e-09,6.795610e-10,7.731275e-09,8.537730e-09,6.538564e-08,1.289692e-08,1.837262e-08,1.845059e-08,2.848878e-08,7.697738e-08,8.356756e-08,4.945197e-12,1.134829e-08,1.143122e-10,3.169976e-10,1.099940e-11,4.517524e-12,3.536376e-12,2.167333e-07,3.099395e-12
38.720703,9.005296e-10,1.244395e-08,3.322954e-07,2.022221e-07,2.362199e-11,5.218569e-09,9.276371e-10,1.105311e-08,4.363896e-09,6.917992e-08,2.117319e-08,1.529999e-08,2.134464e-08,1.871632e-08,4.957188e-08,1.127926e-07,7.516558e-12,4.646230e-09,4.078761e-11,4.011246e-10,8.697492e-12,7.331076e-12,6.394209e-12,1.631661e-07,4.679969e-12
38.769531,7.515746e-10,9.772878e-09,2.233670e-07,3.264799e-07,2.179446e-11,4.878249e-09,9.004233e-10,1.116846e-08,6.878204e-09,1.066379e-07,1.936720e-08,9.039480e-09,2.932115e-08,7.628997e-09,5.596910e-08,1.244253e-07,9.113112e-12,7.101622e-09,3.168400e-11,6.668248e-10,1.163236e-11,5.962263e-12,9.910121e-12,8.197644e-08,1.493083e-11
38.818359,5.573981e-10,6.641126e-09,1.123876e-07,4.410403e-07,1.875589e-11,4.623747e-09,7.666988e-10,8.244613e-09,1.239749e-08,1.162711e-07,1.883989e-08,1.121935e-08,4.138007e-08,1.993514e-10,6.584435e-08,1.419423e-07,6.737349e-12,2.497247e-08,5.948861e-11,8.344909e-10,1.132095e-11,7.599421e-12,8.907145e-12,2.021529e-07,1.185213e-11
38.867188,3.525436e-10,4.013005e-09,9.473386e-08,5.238096e-07,1.893430e-11,3.922607e-09,5.881630e-10,7.440015e-09,1.253017e-08,9.977450e-08,2.864718e-08,1.379883e-08,4.868460e-08,9.924204e-09,7.477342e-08,1.110231e-07,5.074940e-12,3.053347e-08,2.436830e-11,8.569406e-10,7.842847e-12,4.693952e-12,2.322793e-12,2.907617e-08,3.103243e-12
38.916016,3.065332e-10,3.654937e-09,2.886299e-07,5.720884e-07,2.179511e-11,4.022399e-09,4.010841e-10,1.057736e-08,6.608319e-09,9.718589e-08,3.252976e-08,1.110386e-08,4.808451e-08,1.493255e-08,9.079401e-08,6.005561e-08,4.865773e-12,1.499199e-08,9.324078e-11,1.030818e-09,1.358339e-11,4.297180e-12,5.460265e-12,2.592088e-07,9.166563e-12
38.964844,5.078574e-10,5.052383e-09,4.937979e-07,5.832455e-07,2.396963e-11,5.251821e-09,4.175814e-10,1.275354e-08,5.153856e-09,1.050307e-07,2.769339e-08,7.785952e-09,3.629131e-08,1.174916e-08,1.330222e-07,1.288834e-07,2.140462e-12,2.498662e-08,1.192408e-10,7.336574e-10,2.333073e-11,4.351583e-12,8.383187e-12,3.510542e-07,1.481918e-11
39.013672,7.275937e-10,6.265163e-09,6.526255e-07,5.358785e-07,2.518393e-11,6.161667e-09,5.090021e-10,1.235269e-08,1.039300e-08,1.034303e-07,2.238061e-08,4.683709e-09,2.100760e-08,1.170390e-08,1.297815e-07,1.651973e-07,3.591829e-12,2.486479e-08,1.240966e-10,4.154671e-10,2.158898e-11,5.855453e-12,2.698978e-12,2.499064e-07,1.589252e-11
39.062500,8.538669e-10,6.857789e-09,7.376499e-07,4.141849e-07,2.545622e-11,6.770726e-09,3.147817e-10,9.664831e-09,1.303013e-08,8.795956e-08,2.133833e-08,1.360295e-09,1.500927e-08,6.349366e-09,1.255968e-07,1.487933e-07,8.994644e-12,9.595666e-09,9.499393e-11,6.324822e-10,1.278036e-11,4.084094e-12,4.132486e-12,1.910106e-07,7.403714e-12
39.111328,8.650168e-10,6.989354e-09,7.592198e-07,2.511792e-07,2.413827e-11,8.311847e-09,2.874957e-10,7.063620e-09,1.508903e-08,7.039984e-08,1.973737e-08,9.646274e-09,1.902445e-08,6.819380e-09,1.103619e-07,7.101215e-08,9.920412e-12,1.096717e-08,9.421086e-11,3.388934e-10,6.269876e-12,4.009847e-12,4.915160e-12,1.772960e-07,1.189635e-11
39.160156,8.094349e-10,6.878340e-09,7.601170e-07,1.556001e-07,2.182352e-11,1.059682e-08,8.276515e-10,7.956884e-09,1.492593e-08,6.369680e-08,1.570783e-08,1.705761e-08,2.784484e-08,1.473866e-08,8.219537e-08,2.494485e-08,6.527775e-12,2.615073e-08,6.511024e-11,5.936456e-10,1.067326e-11,6.198596e-12,2.167587e-12,6.593155e-08,7.109629e-12
39.208984,7.742967e-10,6.548139e-09,7.816150e-07,1.724641e-07,1.866634e-11,1.216952e-08,1.084671e-09,1.001287e-08,1.110352e-08,5.788629e-08,1.142831e-08,1.554418e-08,3.140928e-08,1.226088e-08,5.843535e-08,7.126556e-08,5.902829e-12,3.787008e-08,7.898897e-11,5.054294e-10,6.780716e-12,7.576042e-12,3.780150e-12,2.506472e-07,2.110757e-11
39.257812,8.019552e-10,5.858643e-09,8.252134e-07,1.634537e-07,1.601839e-11,1.268540e-08,9.758106e-10,9.956432e-09,7.478535e-09,5.005743e-08,9.736823e-09,9.445805e-09,2.791624e-08,9.850580e-09,3.543038e-08,9.303762e-08,1.047871e-11,3.379770e-08,8.326940e-11,2.428228e-10,2.973335e-12,4.613136e-12,1.330036e-12,1.870283e-07,3.381259e-11
39.306641,8.540224e-10,4.747755e-09,8.614555e-07,1.506082e-07,1.500224e-11,1.301893e-08,8.301320e-10,7.000125e-09,9.505394e-09,5.755451e-08,1.185545e-08,1.031033e-08,2.114187e-08,7.015313e-09,3.911798e-08,8.300712e-08,8.089941e-12,1.511063e-08,4.931390e-11,4.612445e-10,2.498158e-12,3.396977e-12,3.077917e-12,1.797417e-07,3.213626e-11
39.355469,8.920208e-10,3.457698e-09,8.675153e-07,2.086614e-07,1.458232e-11,1.318985e-08,9.341282e-10,2.592457e-09,1.384849e-08,9.751098e-08,1.244261e-08,1.673624e-08,1.623103e-08,1.112506e-08,6.671067e-08,5.211128e-08,5.188649e-12,1.148757e-08,6.132191e-11,8.709249e-10,9.663758e-12,1.524016e-12,5.035227e-12,9.796587e-08,1.059977e-11
39.404297,9.231244e-10,2.672786e-09,8.442704e-07,2.503315e-07,1.465030e-11,1.229525e-08,1.128862e-09,3.040781e-09,1.482152e-08,1.374711e-07,8.625766e-09,1.956405e-08,1.807778e-08,7.047585e-09,6.734980e-08,6.402091e-08,6.433576e-12,1.316674e-08,1.357397e-10,4.117852e-10,6.193094e-12,7.923237e-13,1.031933e-11,8.351039e-08,8.832223e-12
39.453125,9.640152e-10,2.898570e-09,8.099281e-07,2.125851e-07,1.661181e-11,1.064087e-08,1.312361e-09,7.237691e-09,1.092179e-08,1.402774e-07,2.155289e-09,1.581044e-08,2.416198e-08,5.409024e-09,6.389661e-08,7.928299e-08,9.715160e-12,6.251540e-09,1.330195e-10,6.255833e-10,1.357613e-11,1.763368e-13,1.058103e-11,7.297922e-08,1.312528e-11
39.501953,9.979107e-10,3.395940e-09,7.827933e-07,1.262389e-07,2.073856e-11,9.351542e-09,1.345148e-09,1.302892e-08,7.937686e-09,1.014332e-07,4.255972e-09,6.517641e-09,1.827415e-08,9.949382e-09,6.592107e-08,7.944810e-08,1.222534e-11,2.098812e-08,8.725512e-11,1.021902e-09,8.181731e-12,2.417951e-12,2.134105e-12,1.734957e-07,1.380497e-11
39.550781,9.875264e-10,3.486603e-09,7.653139e-07,1.574263e-07,2.532161e-11,8.115350e-09,1.079357e-09,1.866287e-08,9.381113e-09,8.068516e-08,8.592648e-09,1.277881e-08,6.480117e-09,7.684751e-09,4.662838e-08,1.130968e-07,9.941611e-12,3.000719e-08,4.379735e-11,8.120433e-10,7.420196e-12,1.458039e-12,3.657859e-12,1.304673e-07,1.811199e-11
39.599609,9.090224e-10,3.077638e-09,7.429027e-07,2.726997e-07,2.819540e-11,6.212483e-09,6.101049e-10,2.086347e-08,1.048748e-08,1.213998e-07,1.100683e-08,1.844891e-08,1.419792e-08,8.040474e-09,5.193587e-08,1.008619e-07,9.755282e-12,3.188213e-08,2.214208e-11,2.317078e-10,5.281214e-12,1.718771e-12,5.553652e-12,1.335721e-07,1.341681e-11
39.648438,7.660886e-10,2.387531e-09,6.970495e-07,3.423090e-07,2.754640e-11,4.605849e-09,4.816972e-10,1.910358e-08,1.163970e-08,1.530950e-07,1.188605e-08,1.660624e-08,5.699999e-09,6.476109e-09,5.806342e-08,4.618842e-08,1.178612e-11,2.739584e-08,9.757820e-12,2.113627e-10,1.092114e-11,3.899652e-12,1.001068e-11,1.234551e-07,1.913418e-11
39.697266,5.839672e-10,1.725530e-09,6.184066e-07,3.326942e-07,2.335071e-11,4.514877e-09,8.236656e-10,1.657515e-08,1.038422e-08,1.699449e-07,1.046188e-08,1.527381e-08,1.122826e-08,7.408021e-09,6.250029e-08,3.628226e-08,1.433505e-11,2.262094e-08,6.083932e-11,7.652058e-10,1.037662e-11,3.477579e-12,1.271026e-11,1.461496e-07,1.315731e-11
39.746094,3.969422e-10,1.388143e-09,5.122156e-07,2.552062e-07,1.794842e-11,4.905056e-09,1.047581e-09,1.514066e-08,5.351561e-09,1.885114e-07,6.447318e-09,1.117174e-08,3.007139e-08,4.501076e-09,7.063623e-08,4.348687e-08,1.335941e-11,1.440961e-08,2.354060e-11,7.043830e-10,1.298396e-11,2.393035e-12,1.245859e-11,1.481143e-07,5.015586e-12
39.794922,2.435605e-10,1.605391e-09,3.971611e-07,1.947684e-07,1.466195e-11,4.915930e-09,1.002740e-09,1.243144e-08,1.424701e-09,1.791901e-07,5.916791e-09,4.779724e-09,4.163735e-08,1.820854e-09,6.911110e-08,8.333863e-08,1.117020e-11,1.926355e-08,2.730079e-11,1.773654e-10,5.994238e-12,3.070116e-12,7.812504e-12,1.692619e-07,9.891918e-12
39.843750,1.776508e-10,2.227246e-09,2.988481e-07,2.643974e-07,1.356528e-11,4.662344e-09,6.983289e-10,7.851204e-09,2.972694e-09,1.138553e-07,1.085751e-08,3.566110e-09,4.235390e-08,5.933265e-09,4.712283e-08,1.174301e-07,8.560870e-12,1.737835e-08,4.148934e-11,2.472085e-10,8.879954e-12,2.146006e-12,4.138191e-12,1.295273e-07,5.439234e-12
39.892578,2.119217e-10,2.921986e-09,2.340777e-07,3.663405e-07,1.188748e-11,4.170634e-09,3.480735e-10,5.525030e-09,3.219907e-09,1.973195e-08,1.428141e-08,1.254061e-08,3.629768e-08,7.186493e-09,1.611406e-08,1.024282e-07,4.774399e-12,1.538517e-08,3.145768e-11,2.197087e-10,8.435290e-12,3.356936e-12,1.042631e-12,1.354264e-07,2.281605e-11
39.941406,2.669060e-10,3.516761e-09,1.888854e-07,4.183640e-07,8.748362e-12,3.005796e-09,3.268665e-10,7.447770e-09,5.019770e-09,5.199707e-08,1.604723e-08,2.385292e-08,1.841828e-08,1.121797e-08,6.306176e-09,8.389745e-08,3.715210e-12,1.157973e-08,3.000021e-11,1.960906e-10,6.428001e-12,4.012004e-12,6.687051e-12,1.654668e-07,2.300348e-11
39.990234,3.002601e-10,4.034619e-09,1.273018e-07,4.292935e-07,5.594931e-12,1.047869e-09,2.743029e-10,8.302253e-09,6.077535e-09,6.321345e-08,1.800876e-08,2.933326e-08,1.647566e-08,1.205991e-08,1.276299e-08,4.706500e-08,8.555612e-12,1.783007e-08,3.016243e-12,3.134850e-10,9.613286e-12,7.404699e-12,1.040614e-11,1.437289e-07,1.650080e-11
40.039062,3.037251e-10,4.535418e-09,2.644634e-08,4.460023e-07,3.931227e-12,1.403790e-09,1.090551e-10,6.824010e-09,5.823639e-09,5.000195e-08,2.019019e-08,2.572946e-08,1.836102e-08,1.192238e-08,9.115908e-09,3.759286e-08,1.334864e-11,1.086298e-08,3.827486e-11,8.432147e-10,1.534720e-11,4.911042e-12,9.486463e-12,1.143337e-07,1.547377e-11
40.087891,2.800164e-10,4.889371e-09,1.104154e-07,4.784936e-07,3.319800e-12,2.765361e-09,5.926371e-10,4.238997e-09,5.699216e-09,5.712018e-08,2.050458e-08,2.072746e-08,1.500295e-08,1.082040e-08,1.798355e-08,8.714634e-08,8.869349e-12,7.384541e-09,2.339390e-11,4.105855e-10,1.745747e-11,4.428066e-12,6.731650e-12,8.433776e-08,1.449252e-11
40.136719,2.379265e-10,4.813309e-09,2.530448e-07,4.868278e-07,3.796719e-12,2.928148e-09,1.099764e-09,2.572626e-09,5.990157e-09,5.241907e-08,1.720163e-08,1.429577e-08,1.375921e-08,1.275210e-08,5.498629e-08,6.351688e-08,5.151512e-12,1.356464e-08,1.968315e-11,4.569181e-10,5.974156e-12,3.541675e-12,3.529770e-12,1.662256e-07,1.821395e-11
40.185547,1.915213e-10,4.126695e-09,3.606586e-07,4.452369e-07,3.948919e-12,2.285903e-09,1.532552e-09,3.716051e-09,5.104562e-09,3.609247e-08,1.131749e-08,1.134013e-08,1.792830e-08,1.617825e-08,9.482302e-08,6.123126e-08,6.857814e-12,1.979913e-09,1.490076e-11,2.220075e-10,8.425205e-12,1.595598e-12,4.407271e-12,1.237307e-07,1.288186e-11
40.234375,1.508911e-10,2.921437e-09,3.990650e-07,3.758776e-07,2.195472e-12,2.052351e-09,1.848001e-09,6.292726e-09,2.274391e-09,4.936482e-08,7.095355e-09,3.318660e-09,2.309145e-08,1.430256e-08,1.186728e-07,9.379973e-08,1.187436e-11,1.528960e-08,2.642208e-11,2.826705e-10,1.685989e-11,9.524281e-13,3.719979e-12,7.343690e-08,9.748445e-12
40.283203,1.089442e-10,1.554599e-09,3.619347e-07,3.322648e-07,3.782609e-12,4.181634e-09,1.965681e-09,8.894736e-09,2.225229e-09,8.647997e-08,5.255104e-09,8.388541e-09,2.696208e-08,1.463780e-08,1.134891e-07,9.263036e-08,1.344932e-11,1.918696e-08,2.365004e-11,3.786388e-10,1.344421e-11,1.297213e-12,4.117994e-12,3.734157e-08,8.381164e-12
40.332031,6.235744e-11,8.433922e-10,2.832685e-07,3.359859e-07,6.569896e-12,7.163466e-09,1.845270e-09,1.037178e-08,4.520107e-09,1.361784e-07,2.969664e-09,1.045687e-08,1.690011e-08,1.854774e-08,6.515009e-08,8.385805e-08,1.287517e-11,1.566946e-08,3.312965e-11,5.268788e-10,7.444494e-12,3.185268e-12,5.966209e-12,7.158185e-08,2.615855e-11
40.380859,7.760408e-11,1.796955e-09,2.290301e-07,3.512423e-07,7.426466e-12,9.103826e-09,1.565284e-09,1.015731e-08,4.474541e-09,1.862781e-07,3.360783e-09,4.774355e-09,2.504093e-09,2.031476e-08,1.562638e-08,7.608151e-08,7.922913e-12,2.210988e-08,4.632589e-11,5.611575e-10,7.478859e-12,2.512565e-12,2.773053e-12,1.171019e-07,1.225086e-11
40.429688,1.573184e-10,3.368408e-09,2.296429e-07,3.485230e-07,6.121546e-12,9.310050e-09,1.277222e-09,9.036388e-09,3.199195e-09,2.007696e-07,7.047634e-09,4.301817e-09,5.913996e-09,1.519860e-08,4.715826e-08,7.307362e-08,4.045303e-12,4.045507e-08,3.467912e-11,4.067526e-10,1.988922e-12,2.308306e-12,4.135437e-12,8.094798e-08,4.017961e-12
40.478516,2.320496e-10,5.235397e-09,2.462734e-07,3.233577e-07,4.772524e-12,8.537748e-09,1.124245e-09,8.157814e-09,2.547386e-09,1.581317e-07,1.193716e-08,4.170706e-09,3.828568e-09,1.200484e-08,4.232929e-08,6.937980e-08,5.691716e-12,3.511995e-08,2.115054e-11,2.371584e-10,9.312619e-12,4.868432e-12,4.544049e-12,2.496213e-08,6.487374e-12
40.527344,2.815770e-10,6.995856e-09,2.707942e-07,2.752005e-07,6.982364e-12,7.663712e-09,1.150907e-09,7.840321e-09,1.507428e-09,1.117759e-07,1.825051e-08,4.152140e-09,7.248062e-09,8.482871e-09,2.426943e-08,8.003508e-08,6.092481e-12,2.514758e-08,2.212013e-11,1.553675e-10,6.955314e-12,3.692535e-12,9.195596e-12,3.882953e-08,3.079102e-12
40.576172,3.024167e-10,8.153501e-09,3.163100e-07,2.012544e-07,1.287278e-11,6.432729e-09,1.227544e-09,8.345922e-09,2.785605e-09,1.137607e-07,2.514220e-08,3.959557e-09,1.193289e-08,8.220222e-09,1.384381e-08,6.426088e-08,7.161612e-12,2.309892e-08,2.183609e-11,2.174381e-10,5.719286e-12,2.617096e-12,3.022626e-12,6.460296e-08,3.475051e-12
40.625000,2.972545e-10,8.380775e-09,3.591693e-07,1.066104e-07,1.847695e-11,4.732188e-09,1.200253e-09,9.297577e-09,6.009646e-09,8.232257e-08,2.875670e-08,3.673892e-09,1.274694e-08,1.399871e-08,1.117405e-08,5.391028e-08,5.568124e-12,1.300935e-08,1.933118e-11,3.191127e-10,4.649136e-12,1.918870e-12,2.752812e-12,7.745045e-08,6.728279e-12
40.673828,2.618964e-10,7.654916e-09,3.727331e-07,8.476062e-09,2.006124e-11,3.441681e-09,1.058647e-09,1.003111e-08,7.439439e-09,8.645504e-08,2.703035e-08,8.738433e-09,1.424071e-08,1.821611e-08,4.823763e-08,5.742516e-08,6.839695e-12,1.932185e-09,5.828208e-12,1.440210e-10,8.791702e-12,3.497945e-12,7.345614e-12,6.694250e-08,1.069512e-11
40.722656,1.944665e-10,6.225095e-09,3.720643e-07,7.942700e-08,1.580834e-11,3.384452e-09,9.529996e-10,1.052205e-08,6.185618e-09,1.570075e-07,2.023193e-08,1.247311e-08,1.227210e-08,1.644355e-08,5.696455e-08,7.319479e-08,4.560462e-12,3.139507e-09,1.040907e-11,5.320740e-10,1.043886e-11,2.168323e-12,8.641214e-12,8.302220e-08,4.114362e-12
40.771484,1.281538e-10,4.498619e-09,3.947341e-07,1.481198e-07,7.308637e-12,4.304700e-09,1.017886e-09,1.036964e-08,3.875927e-09,1.680666e-07,1.032602e-08,1.368613e-08,1.185949e-08,1.073923e-08,2.275959e-08,7.602210e-08,2.984488e-12,1.707885e-08,3.245511e-11,4.568899e-10,5.742863e-12,4.552230e-12,2.395577e-12,5.266190e-08,9.315918e-12
40.820312,1.579229e-10,3.070864e-09,4.360979e-07,2.018004e-07,4.315023e-12,5.071650e-09,1.146583e-09,9.011335e-09,3.195108e-09,1.402714e-07,7.233621e-09,1.349504e-08,3.227633e-08,6.048559e-09,6.225519e-08,9.264778e-08,2.359846e-12,2.389344e-08,3.996483e-11,2.420703e-10,4.904365e-12,5.075035e-12,5.849748e-12,1.424764e-07,9.647712e-12
40.869141,2.391952e-10,2.929115e-09,4.561513e-07,2.357255e-07,1.051386e-11,4.682437e-09,1.186121e-09,6.597160e-09,2.620217e-09,1.352476e-07,1.069947e-08,1.361322e-08,4.277569e-08,4.768738e-09,8.700564e-08,8.103814e-08,4.872416e-12,2.218851e-08,3.814690e-11,1.394691e-10,5.019816e-12,2.368548e-12,6.995881e-12,1.708120e-07,5.085609e-12
40.917969,2.869137e-10,4.034851e-09,4.384302e-07,2.334993e-07,1.532694e-11,3.099426e-09,1.102162e-09,3.791339e-09,5.209143e-10,1.242322e-07,1.040102e-08,1.680774e-08,3.525824e-08,5.454211e-09,6.808992e-08,5.080596e-08,3.087199e-12,2.083661e-08,3.024692e-11,2.272869e-10,1.176985e-12,2.521818e-12,7.407259e-12,6.887346e-08,1.120564e-11
40.966797,2.833016e-10,5.257597e-09,4.016930e-07,1.823853e-07,2.032069e-11,1.152647e-09,9.053224e-10,2.229012e-09,2.629614e-09,8.235332e-08,9.006809e-09,1.870397e-08,2.431308e-08,4.707741e-09,4.347500e-08,9.734888e-09,1.652266e-12,9.827886e-09,1.036782e-10,4.138214e-10,6.083442e-12,2.002045e-12,9.986868e-12,1.492114e-07,1.546521e-11
41.015625,2.510314e-10,6.027772e-09,3.683917e-07,8.878120e-08,2.531472e-11,2.335478e-09,5.670223e-10,2.970002e-09,5.034678e-09,1.915184e-08,8.945379e-09,1.780000e-08,2.713210e-08,2.645183e-09,2.322209e-08,2.267723e-08,2.616122e-12,1.111840e-08,7.142211e-11,6.265919e-10,8.351977e-12,2.878152e-12,7.482174e-12,1.743775e-07,9.586125e-12
41.064453,2.417773e-10,6.237484e-09,3.348972e-07,3.188636e-08,2.737836e-11,4.826396e-09,7.383187e-11,2.857949e-09,5.667587e-09,5.524908e-08,8.116468e-09,1.555003e-08,2.787703e-08,1.676862e-09,1.955757e-08,1.205260e-08,5.585452e-12,1.489422e-08,4.514785e-11,3.961205e-10,5.488215e-12,3.077058e-12,2.600314e-12,7.558161e-08,7.026258e-12
41.113281,2.831881e-10,6.109534e-09,2.874694e-07,1.235739e-07,2.409328e-11,6.306332e-09,5.191250e-10,1.536533e-09,3.866347e-09,1.069530e-07,4.486445e-09,1.105433e-08,2.692979e-08,1.950247e-09,7.105753e-09,1.457003e-08,5.993924e-12,8.519042e-09,3.981957e-11,3.003903e-10,1.875667e-12,1.120342e-12,5.130767e-12,7.154207e-08,6.636303e-12
41.162109,3.525188e-10,6.049192e-09,2.309695e-07,1.798533e-07,1.719112e-11,6.338230e-09,1.030289e-09,2.530909e-09,1.612372e-09,1.037084e-07,1.500084e-10,7.875335e-09,2.979166e-08,3.692232e-09,1.699188e-08,1.654085e-08,8.415572e-12,2.419236e-08,2.611370e-11,4.324721e-10,7.030151e-12,3.020766e-12,2.161087e-12,6.981496e-08,5.779103e-12
41.210938,4.157166e-10,6.292629e-09,1.882211e-07,1.938410e-07,1.336460e-11,6.360514e-09,1.331229e-09,4.377062e-09,5.843802e-09,5.390623e-08,5.566607e-09,7.037604e-09,3.445736e-08,9.608750e-09,3.185478e-08,2.807684e-08,1.036632e-11,3.140694e-08,1.038544e-11,4.669304e-10,2.888135e-12,5.503470e-12,5.322374e-12,2.243730e-08,2.416076e-12
41.259766,4.457920e-10,6.650212e-09,1.834873e-07,1.803443e-07,1.841565e-11,7.039183e-09,1.373325e-09,4.908859e-09,9.035455e-09,2.732655e-08,1.326520e-08,5.899615e-09,3.411825e-08,1.217787e-08,1.718117e-08,2.917088e-08,9.155241e-12,2.439520e-08,1.705855e-11,4.727060e-10,7.707905e-12,4.967639e-12,8.631453e-12,7.238602e-08,6.534486e-12
41.308594,4.213667e-10,6.718702e-09,2.260385e-07,1.568481e-07,2.592899e-11,6.398286e-09,1.220527e-09,4.119723e-09,8.640496e-09,4.661179e-08,1.794450e-08,5.788577e-09,2.356955e-08,1.120037e-08,1.203178e-08,1.304117e-08,6.368372e-12,7.412165e-09,3.897075e-11,7.910341e-10,4.132512e-12,5.630034e-12,4.237764e-12,2.073226e-07,1.029701e-11
41.357422,3.355534e-10,6.215010e-09,3.024825e-07,1.318348e-07,3.176511e-11,3.647018e-09,1.063654e-09,2.927914e-09,5.321888e-09,4.127628e-08,1.685673e-08,6.450849e-09,2.623662e-08,7.671681e-09,3.498481e-08,1.466582e-08,5.079441e-12,8.228517e-09,5.007487e-11,2.495181e-10,4.883880e-12,6.624109e-12,2.530891e-12,3.066693e-07,1.629748e-11
41.406250,2.020233e-10,5.106545e-09,3.929569e-07,1.074052e-07,3.504214e-11,2.344753e-10,1.093529e-09,2.528845e-09,2.692306e-09,1.512517e-08,1.652767e-08,5.719580e-09,3.573224e-08,1.671006e-09,4.680845e-08,2.913611e-08,7.982369e-12,9.424450e-09,1.865524e-11,2.640603e-10,6.956738e-12,7.636198e-12,2.911823e-12,1.903308e-07,1.537852e-11
41.455078,5.068520e-11,3.596845e-09,4.870151e-07,8.752263e-08,3.542687e-11,2.545644e-09,1.196014e-09,3.417900e-09,1.677975e-09,2.708712e-08,1.674231e-08,4.685418e-09,3.833145e-08,7.311948e-09,4.175000e-08,2.781445e-08,6.427098e-12,5.050356e-09,1.165293e-11,3.458370e-10,7.483903e-12,6.784830e-12,2.738126e-12,6.743002e-08,7.843570e-12
41.503906,8.530808e-11,2.022424e-09,5.790372e-07,1.116728e-07,3.425572e-11,4.944276e-09,1.157323e-09,5.081586e-09,1.245952e-09,6.283078e-08,1.150483e-08,5.521886e-09,3.393844e-08,8.152842e-09,1.991500e-08,3.665838e-08,4.765193e-12,6.738632e-09,4.571283e-11,2.541719e-10,5.321571e-12,6.043652e-12,4.237996e-12,7.563405e-08,1.652856e-12
41.552734,1.730350e-10,7.190913e-10,6.512579e-07,2.088078e-07,3.276031e-11,7.974926e-09,9.591702e-10,6.394531e-09,4.226290e-09,6.095229e-08,5.385107e-09,3.367590e-09,2.045352e-08,5.457001e-09,6.725145e-09,4.732223e-08,6.193135e-12,1.038406e-08,6.967973e-11,4.076906e-10,5.715121e-12,3.113664e-12,6.356404e-12,4.951621e-09,3.618459e-12
41.601562,2.038598e-10,3.714802e-10,6.715657e-07,3.326508e-07,3.168556e-11,1.033783e-08,7.855296e-10,6.372828e-09,6.186120e-09,1.499010e-08,4.271817e-09,8.138432e-09,1.474383e-08,4.912967e-09,1.974449e-08,5.421895e-08,4.083154e-12,8.338230e-09,4.275888e-11,6.037516e-10,4.166608e-12,3.023253e-12,1.805528e-12,1.234887e-08,8.600968e-12
41.650391,1.838539e-10,8.858485e-10,6.133344e-07,4.307021e-07,3.157843e-11,1.072242e-08,8.459505e-10,4.981560e-09,8.332706e-09,6.222093e-08,2.441350e-09,1.452671e-08,2.149634e-08,5.668640e-09,2.951849e-08,2.447407e-08,2.182403e-12,7.383112e-09,2.925049e-11,3.746395e-10,8.858584e-12,4.348069e-12,4.563776e-12,4.899530e-08,8.581020e-12
41.699219,1.306334e-10,1.212842e-09,4.768521e-07,4.656488e-07,3.196742e-11,9.488181e-09,1.006692e-09,3.263595e-09,1.019406e-08,1.102089e-07,1.829736e-09,1.769895e-08,1.859170e-08,7.365100e-09,2.328545e-08,2.781403e-08,4.925803e-12,7.167842e-09,2.009155e-11,2.931114e-10,9.714593e-12,6.035126e-13,3.955407e-12,4.366263e-08,1.248904e-11
41.748047,7.312779e-11,1.306383e-09,2.950331e-07,4.353942e-07,3.153131e-11,7.881811e-09,1.025040e-09,3.500534e-09,9.677095e-09,1.308167e-07,1.994416e-09,1.920828e-08,6.143320e-09,1.159270e-08,7.516292e-09,5.670378e-08,1.318567e-11,1.341124e-08,2.999892e-11,8.001495e-10,1.154870e-11,4.229664e-12,1.028371e-12,6.330812e-08,5.949471e-12
41.796875,4.960907e-11,1.128587e-09,1.211394e-07,3.835395e-07,2.888946e-11,6.307454e-09,8.332120e-10,5.102188e-09,7.569779e-09,1.479844e-07,2.951403e-09,1.809354e-08,9.749649e-09,1.591927e-08,1.391288e-08,6.088907e-08,1.510250e-11,1.738201e-08,1.452877e-11,9.201418e-10,8.099618e-12,6.995543e-12,4.632117e-12,6.504871e-08,2.593623e-12
41.845703,5.401914e-11,8.731862e-10,2.420114e-08,3.694089e-07,2.265305e-11,4.449747e-09,5.246953e-10,5.449185e-09,6.097708e-09,1.492638e-07,8.004495e-09,1.191822e-08,2.695501e-08,1.730718e-08,2.433467e-08,4.805620e-08,1.339985e-11,1.448564e-08,2.428958e-11,7.263024e-10,1.748344e-12,6.609341e-12,2.299848e-12,7.010875e-08,8.523379e-12
41.894531,3.885175e-11,1.013343e-09,5.131893e-08,3.895632e-07,1.460913e-11,2.597138e-09,2.421678e-10,4.203433e-09,5.135464e-09,1.186127e-07,1.139130e-08,5.479625e-09,4.451089e-08,1.210774e-08,2.861589e-08,3.098911e-08,8.427439e-12,2.856711e-09,4.340866e-12,1.127291e-10,8.285666e-12,2.667961e-12,1.548293e-12,1.221202e-07,1.605360e-11
41.943359,3.060023e-11,1.359748e-09,5.304779e-08,3.897223e-07,1.178230e-11,1.692072e-09,4.958055e-11,3.432963e-09,5.524924e-09,8.606774e-08,9.566878e-09,5.974414e-09,4.869980e-08,6.853038e-09,4.213547e-08,3.294636e-08,2.454272e-12,1.161765e-08,2.559996e-11,4.584166e-10,4.003660e-12,2.851768e-12,6.968718e-12,1.018176e-07,1.572672e-11
41.992188,8.729803e-11,1.491163e-09,9.668258e-08,3.430753e-07,1.532120e-11,2.078854e-09,1.162655e-10,4.464510e-09,7.530579e-09,8.018862e-08,5.375346e-09,2.559391e-09,4.697468e-08,3.809547e-09,4.992512e-08,4.737018e-08,2.983106e-12,1.612517e-08,1.627630e-11,4.861569e-10,3.887242e-12,1.831678e-12,6.995539e-12,7.428571e-08,9.313259e-12
42.041016,1.490755e-10,1.449451e-09,1.506296e-07,2.619015e-07,1.760767e-11,3.055657e-09,3.807800e-10,5.725748e-09,9.391276e-09,8.956979e-08,5.437079e-09,5.211600e-09,5.236210e-08,3.376526e-09,5.958881e-08,2.690136e-08,1.016286e-11,1.017257e-08,1.675539e-11,3.671269e-10,4.913027e-12,1.940055e-12,8.347430e-12,4.312761e-08,9.765236e-12
42.089844,1.993475e-10,1.584906e-09,1.649260e-07,1.744834e-07,1.754519e-11,4.203643e-09,7.633153e-10,6.105420e-09,1.059337e-08,1.022597e-07,8.896599e-09,8.687938e-09,4.680008e-08,1.022558e-08,5.526597e-08,2.611791e-08,1.160238e-11,1.303702e-08,2.045579e-11,5.755183e-11,8.861807e-12,2.711097e-12,4.644279e-12,9.394973e-08,5.917595e-12
42.138672,2.442337e-10,1.894656e-09,1.237630e-07,9.975946e-08,1.823632e-11,5.032861e-09,1.077973e-09,4.994514e-09,1.023431e-08,1.145819e-07,1.026205e-08,1.304338e-08,3.039376e-08,1.341686e-08,5.204787e-08,4.472332e-08,1.095818e-11,1.688612e-08,1.698020e-11,2.678920e-10,1.130531e-11,3.453018e-12,2.534628e-12,1.073789e-07,1.070975e-11
42.187500,2.909297e-10,2.007348e-09,5.363287e-08,4.783867e-08,1.990865e-11,5.277305e-09,1.094413e-09,3.264270e-09,7.984284e-09,1.417342e-07,8.030833e-09,1.641309e-08,1.767471e-08,1.232685e-08,5.213165e-08,3.291923e-08,5.711211e-12,1.604359e-08,1.139395e-11,2.636920e-10,9.515666e-12,3.207907e-12,2.385914e-12,3.782035e-08,8.679067e-12
42.236328,3.319168e-10,1.839625e-09,1.289321e-07,7.907179e-08,1.974214e-11,5.175839e-09,7.914755e-10,2.896907e-09,5.976138e-09,1.746227e-07,8.192451e-09,2.045572e-08,1.229663e-08,9.906452e-09,4.709892e-08,2.319788e-08,3.054781e-12,1.126097e-08,3.048782e-11,1.222900e-10,6.018097e-12,3.963462e-12,2.581974e-12,6.628401e-08,1.218126e-11
42.285156,3.435159e-10,1.855743e-09,2.680413e-07,1.499670e-07,1.679753e-11,5.030327e-09,5.937239e-10,4.459478e-09,5.750602e-09,1.805314e-07,9.997223e-09,2.101206e-08,1.230523e-08,8.208399e-09,4.672043e-08,4.245828e-08,9.311336e-12,1.579240e-08,4.195412e-11,5.714953e-10,5.369496e-12,4.284485e-12,2.910052e-12,1.086584e-07,1.323330e-11
42.333984,3.143875e-10,2.437698e-09,3.984926e-07,2.144897e-07,1.119490e-11,4.608782e-09,7.752720e-10,6.234131e-09,5.209317e-09,1.434945e-07,1.109915e-08,1.651691e-08,1.189455e-08,5.877951e-09,2.880771e-08,3.482432e-08,1.362674e-11,9.066157e-09,3.160638e-11,5.470504e-10,4.747018e-12,2.867683e-12,4.197941e-12,4.214733e-08,1.284987e-12
42.382812,2.535586e-10,3.167724e-09,4.936797e-07,2.650357e-07,5.524571e-12,3.560445e-09,7.797241e-10,6.206962e-09,3.947300e-09,9.575401e-08,1.107529e-08,1.127185e-08,6.634714e-09,4.945218e-09,3.429710e-08,2.749171e-08,1.459165e-11,6.114086e-09,3.404085e-11,2.545061e-10,9.496115e-12,2.625596e-12,5.195684e-12,6.110312e-08,1.625771e-12
42.431641,1.944778e-10,3.690535e-09,5.357585e-07,3.085388e-07,9.789131e-12,2.130313e-09,4.969841e-10,4.969268e-09,3.269582e-09,1.033734e-07,7.177735e-09,9.493866e-09,3.051041e-09,6.269566e-09,3.851805e-08,2.499953e-08,1.150126e-11,5.769366e-09,2.378075e-11,2.469560e-11,4.723442e-12,8.952544e-13,3.714815e-12,4.982289e-08,6.838431e-12
42.480469,1.678441e-10,4.029308e-09,5.222159e-07,3.529982e-07,1.719865e-11,1.404387e-09,1.969762e-10,5.959081e-09,3.728392e-09,1.145223e-07,9.226163e-10,1.239144e-08,6.383576e-09,6.476755e-09,2.242824e-08,7.119425e-08,9.364280e-12,1.152070e-08,1.239916e-11,3.071181e-11,2.249433e-12,2.167682e-12,3.540275e-12,6.097838e-08,8.611179e-12
42.529297,1.725981e-10,4.320468e-09,4.759575e-07,3.957323e-07,2.171944e-11,1.703966e-09,1.008005e-10,8.341790e-09,4.505763e-09,9.527945e-08,3.996059e-09,1.385971e-08,7.045953e-09,3.334247e-09,1.943444e-08,8.368561e-08,7.247222e-12,1.054921e-08,1.809014e-11,2.004934e-10,8.736574e-13,3.112451e-12,4.297339e-12,3.746810e-08,9.882286e-12
42.578125,1.971174e-10,4.503162e-09,4.488153e-07,4.269212e-07,2.130384e-11,1.793597e-09,1.486848e-10,1.037933e-08,4.554370e-09,8.188153e-08,4.983396e-09,9.431389e-09,5.509107e-09,1.031512e-09,1.907103e-08,5.734360e-08,4.465119e-12,1.139918e-08,2.607208e-11,4.211661e-10,2.522957e-12,3.536897e-12,2.813863e-12,1.092393e-07,1.034419e-11
42.626953,2.404360e-10,4.375942e-09,4.834243e-07,4.415752e-07,1.724063e-11,1.739416e-09,4.639094e-10,1.101612e-08,4.112628e-09,7.407320e-08,2.413996e-09,8.102706e-09,3.819346e-09,4.815859e-09,1.170470e-08,1.835243e-08,2.207757e-12,8.527551e-09,2.307710e-11,3.515194e-10,3.882081e-12,1.852377e-12,1.877300e-12,1.581036e-07,1.036114e-11
42.675781,2.872174e-10,3.904317e-09,5.523756e-07,4.464557e-07,1.369770e-11,1.743344e-09,6.847698e-10,9.723516e-09,4.513968e-09,4.689952e-08,5.611336e-09,7.320334e-09,1.073791e-08,6.985117e-09,9.529167e-09,1.151544e-08,5.739442e-12,5.053359e-09,2.738288e-11,5.929971e-10,5.707334e-12,7.407768e-12,2.880895e-12,8.345889e-08,1.099629e-11
42.724609,3.143472e-10,3.368434e-09,5.929610e-07,4.540136e-07,1.515392e-11,1.577780e-09,6.958690e-10,9.006359e-09,5.248720e-09,2.442400e-08,9.925316e-09,3.488146e-09,1.652764e-08,7.576088e-09,2.443427e-08,1.712657e-08,6.843953e-12,4.280155e-09,2.737526e-11,6.622599e-10,4.654704e-12,7.861575e-12,3.963173e-13,2.933569e-08,6.274763e-12
42.773438,3.132930e-10,3.143633e-09,5.660528e-07,4.653572e-07,1.822323e-11,1.708313e-09,5.583346e-10,9.688595e-09,5.152001e-09,5.166572e-08,1.047660e-08,4.121896e-09,1.274344e-08,8.057427e-09,1.858362e-08,2.285699e-09,6.235886e-12,2.692094e-09,3.459456e-11,4.473923e-10,4.751717e-12,8.011735e-12,2.316847e-12,6.520654e-08,3.570686e-12
42.822266,2.969916e-10,3.198274e-09,4.704744e-07,4.647352e-07,1.902095e-11,2.368982e-09,3.565252e-10,9.218492e-09,4.679074e-09,6.859532e-08,7.384047e-09,8.683554e-09,4.175530e-09,6.001231e-09,2.426613e-08,2.580131e-08,3.071690e-12,4.511735e-09,1.823546e-11,4.544974e-10,8.840964e-12,4.627794e-12,3.423246e-12,8.919960e-08,1.312079e-11
42.871094,2.817327e-10,3.181643e-09,3.371598e-07,4.353454e-07,1.826431e-11,2.727057e-09,9.753466e-11,8.876001e-09,4.704904e-09,5.119631e-08,2.279021e-09,1.083775e-08,7.143953e-09,3.755000e-09,2.314003e-08,3.799435e-08,2.727590e-12,7.280113e-09,2.500757e-11,1.174019e-10,5.839034e-12,2.068700e-12,3.219052e-12,1.892344e-08,2.039043e-11
42.919922,2.691416e-10,2.932058e-09,2.124423e-07,3.730915e-07,1.849035e-11,2.455205e-09,3.216576e-10,9.265905e-09,4.624658e-09,1.632585e-08,3.021589e-09,9.462376e-09,1.128103e-08,3.934327e-09,1.456280e-08,3.949109e-08,5.179463e-12,7.657417e-09,2.909589e-11,1.360397e-10,2.307060e-12,1.554752e-12,2.837003e-12,1.297888e-07,1.135868e-11
42.968750,2.488477e-10,2.543989e-09,1.364650e-07,2.845930e-07,1.938382e-11,1.879268e-09,6.447897e-10,7.564133e-09,3.860157e-09,3.772873e-08,4.314255e-09,8.719405e-09,9.678907e-09,5.715667e-09,3.212072e-08,3.131923e-08,7.508094e-12,6.285521e-09,2.651197e-11,3.331581e-10,2.013865e-12,8.038925e-13,2.192558e-12,8.552344e-08,6.643843e-12
43.017578,2.215904e-10,2.189515e-09,1.320347e-07,1.791243e-07,1.976417e-11,1.651620e-09,8.055097e-10,4.044640e-09,2.811053e-09,4.878706e-08,2.971019e-09,9.964824e-09,6.790408e-09,5.683114e-09,3.447106e-08,4.109875e-08,6.122735e-12,2.551165e-09,1.571984e-11,4.342516e-10,5.768709e-13,1.778544e-12,5.274231e-12,9.034586e-08,1.413675e-11
43.066406,1.976217e-10,1.955720e-09,1.884351e-07,6.807633e-08,2.067691e-11,2.158320e-09,7.878990e-10,2.718206e-09,1.763773e-09,5.060818e-08,2.512147e-09,1.170065e-08,2.343069e-08,5.232289e-09,4.413627e-08,4.292666e-08,5.618347e-12,4.056718e-09,1.520615e-11,2.658893e-10,2.988296e-12,3.192387e-12,2.388677e-12,6.557439e-08,1.546219e-11
43.115234,1.840166e-10,1.823838e-09,2.594708e-07,4.258717e-08,2.296406e-11,2.828618e-09,7.029775e-10,3.395002e-09,9.700503e-10,6.546466e-08,2.415086e-09,1.083022e-08,3.610026e-08,5.473830e-09,5.547701e-08,2.551726e-08,4.038180e-12,5.292543e-09,1.399797e-11,4.296564e-10,1.053160e-12,4.321428e-12,1.528502e-12,4.019662e-08,1.387907e-11
43.164062,1.725542e-10,1.758556e-09,3.002681e-07,1.160850e-07,2.502213e-11,3.002850e-09,6.504014e-10,3.327131e-09,1.892224e-09,7.884158e-08,1.503039e-09,5.408197e-09,3.702190e-08,7.929290e-09,6.239976e-08,3.349853e-08,7.062938e-12,3.939381e-09,1.351917e-11,2.030391e-10,4.973619e-12,2.970304e-12,3.126099e-12,3.880422e-08,7.048437e-12
43.212891,1.573012e-10,1.800813e-09,2.876760e-07,1.528728e-07,2.557419e-11,2.474790e-09,5.962224e-10,2.898089e-09,2.810768e-09,8.380085e-08,1.012159e-09,3.554893e-09,2.780356e-08,6.939444e-09,5.553150e-08,3.535029e-08,8.277812e-12,8.288870e-09,6.616070e-12,2.716194e-10,6.287928e-12,3.293399e-12,4.264223e-12,1.094704e-07,5.291955e-12
43.261719,1.437068e-10,2.026787e-09,2.317190e-07,1.566782e-07,2.520548e-11,1.596621e-09,4.885027e-10,1.973886e-09,2.924779e-09,8.239810e-08,4.406222e-09,8.709338e-09,1.993844e-08,2.908308e-09,3.535509e-08,2.927953e-08,5.073514e-12,1.247914e-08,1.947681e-11,3.096626e-10,2.582026e-12,2.109030e-12,1.621095e-12,2.027742e-08,6.833907e-12
43.310547,1.427425e-10,2.353996e-09,1.728543e-07,1.489710e-07,2.404454e-11,1.150791e-09,3.467095e-10,7.776007e-10,2.618674e-09,7.704668e-08,5.911841e-09,8.412361e-09,1.120593e-08,5.152227e-09,2.476368e-08,2.163786e-08,1.538963e-12,1.238273e-08,2.112349e-11,3.297003e-10,2.610444e-12,8.964983e-13,2.322550e-12,9.832844e-08,7.252998e-12
43.359375,1.569354e-10,2.551626e-09,1.462298e-07,1.495209e-07,2.282914e-11,1.328175e-09,2.031757e-10,9.791078e-10,2.340266e-09,7.416657e-08,4.784512e-09,7.244047e-09,2.010963e-09,3.983632e-09,2.791839e-08,2.832786e-08,6.984600e-12,8.859735e-09,3.415053e-11,1.238442e-10,5.945649e-12,3.207078e-12,4.719300e-12,9.348059e-08,5.606947e-12
43.408203,1.776639e-10,2.478578e-09,1.293175e-07,1.595085e-07,2.354542e-11,1.506639e-09,5.090587e-11,1.424909e-09,2.059748e-09,7.768384e-08,5.481914e-09,8.782493e-09,7.146561e-09,2.309583e-09,3.508996e-08,3.653682e-08,1.132117e-11,5.697237e-09,2.619146e-11,9.550665e-11,6.512708e-12,2.305629e-12,4.969676e-12,5.805427e-08,5.999492e-12
43.457031,1.994355e-10,2.253475e-09,9.872672e-08,1.735176e-07,2.576908e-11,1.622497e-09,1.544246e-10,1.776742e-09,1.906399e-09,8.636486e-08,8.709342e-09,8.252301e-09,3.230299e-09,2.301984e-09,3.229105e-08,4.058657e-08,9.771152e-12,6.811672e-09,2.308987e-11,1.949348e-10,4.269521e-12,1.211498e-12,4.307602e-12,6.164043e-08,4.151704e-12
43.505859,2.228884e-10,2.186985e-09,1.024001e-07,1.931998e-07,2.683754e-11,1.658762e-09,3.622286e-10,3.013235e-09,2.425286e-09,1.003184e-07,1.089611e-08,7.052720e-09,9.864688e-09,4.433165e-09,1.811245e-08,4.367793e-08,3.351914e-12,1.057882e-08,1.450023e-11,1.938587e-10,5.263227e-12,1.324952e-12,3.329982e-12,9.411782e-08,1.698661e-12
43.554688,2.521634e-10,2.318042e-09,1.602417e-07,2.220813e-07,2.591727e-11,1.423241e-09,5.183170e-10,4.113828e-09,3.497612e-09,1.161877e-07,1.044569e-08,6.991517e-09,1.939077e-08,5.908881e-09,1.725403e-08,3.400231e-08,4.314993e-12,5.110124e-09,2.100564e-11,1.098031e-10,4.030917e-12,2.145021e-12,3.290350e-12,8.388347e-08,3.269366e-12
43.603516,2.801533e-10,2.292700e-09,2.110801e-07,2.551474e-07,2.418304e-11,8.622443e-10,5.534607e-10,4.188568e-09,3.979653e-09,1.198433e-07,6.681118e-09,4.975087e-09,1.664328e-08,4.604339e-09,2.132068e-08,2.193793e-08,8.597294e-12,7.305922e-09,8.860431e-12,1.802331e-10,6.172861e-12,3.699058e-12,3.478932e-12,5.993413e-08,8.347884e-12
43.652344,2.950057e-10,1.849529e-09,2.265591e-07,2.761976e-07,2.379669e-11,1.989829e-10,4.497501e-10,3.646391e-09,3.109978e-09,9.910309e-08,2.998017e-09,3.642380e-09,1.034578e-08,9.026257e-10,2.226932e-08,3.383682e-08,7.161252e-12,1.013782e-08,7.303131e-12,1.065953e-10,3.470300e-12,5.840395e-12,4.973388e-12,6.213034e-08,2.081351e-12
43.701172,2.845703e-10,1.022529e-09,2.068967e-07,2.667734e-07,2.612958e-11,2.675770e-10,2.634157e-10,3.154501e-09,1.355492e-09,6.816342e-08,7.473734e-09,2.687017e-09,5.317560e-09,3.654126e-09,4.300796e-08,4.195114e-08,1.429995e-12,7.783825e-09,4.252755e-12,1.161155e-10,2.452394e-12,5.618061e-12,3.322457e-12,6.802920e-08,1.027471e-11
43.750000,2.463077e-10,3.796058e-10,1.672991e-07,2.209635e-07,2.823532e-11,6.341210e-10,8.738022e-11,2.058697e-09,1.463858e-09,6.530248e-08,1.078324e-08,4.261132e-09,4.337321e-09,6.653156e-09,4.503381e-08,3.487630e-08,3.091469e-12,3.329884e-09,1.338822e-11,2.976498e-10,6.960552e-12,2.102277e-12,3.131196e-12,7.683946e-08,1.166047e-11
43.798828,1.859435e-10,1.179227e-09,1.272612e-07,1.621968e-07,2.702477e-11,1.290726e-09,5.597812e-11,3.423284e-10,2.521369e-09,7.415162e-08,1.057895e-08,6.299638e-09,1.174445e-08,5.939945e-09,2.540278e-08,3.108707e-08,5.061905e-12,1.556391e-09,3.930657e-11,2.961611e-10,6.127633e-12,2.628865e-12,2.754742e-12,7.951275e-08,1.692957e-12
43.847656,1.156950e-10,1.981344e-09,1.019535e-07,1.521761e-07,2.232214e-11,1.980552e-09,1.710031e-10,2.786800e-09,2.577239e-09,6.248561e-08,7.214592e-09,6.819089e-09,1.605026e-08,2.119197e-09,2.769530e-08,4.251684e-08,3.205767e-12,3.921001e-09,4.306732e-11,2.339333e-10,7.153030e-12,4.583164e-12,2.791884e-12,1.393904e-08,6.995171e-12
43.896484,4.632162e-11,2.557091e-09,9.293689e-08,1.961194e-07,1.616921e-11,2.248908e-09,2.805756e-10,4.579831e-09,2.307506e-09,2.927047e-08,4.607182e-09,8.418420e-09,1.603376e-08,2.669833e-09,2.735438e-08,5.458027e-08,2.300328e-12,8.455866e-09,2.295212e-11,2.287173e-10,6.359792e-12,5.220582e-12,1.127084e-12,9.769697e-08,6.437696e-12
43.945312,1.408831e-11,2.863690e-09,8.585110e-08,2.269104e-07,1.478126e-11,1.982274e-09,3.218822e-10,5.520483e-09,2.571250e-09,3.188043e-08,8.058798e-09,7.051924e-09,1.133516e-08,5.494725e-09,2.410033e-08,5.447256e-08,4.761121e-12,9.620660e-09,1.664589e-11,2.367801e-10,4.254216e-12,4.471150e-12,2.068179e-12,8.578357e-08,9.068634e-12
43.994141,5.983364e-11,2.843450e-09,6.479323e-08,2.166769e-07,1.835315e-11,1.560038e-09,2.723700e-10,6.320374e-09,2.112928e-09,6.362325e-08,1.004567e-08,4.417933e-09,8.166065e-09,4.608616e-09,2.502840e-08,3.794788e-08,8.203457e-12,9.983118e-09,1.705201e-11,1.218696e-10,5.529911e-12,9.341358e-12,1.074547e-12,4.451024e-08,5.431120e-12
44.042969,9.121243e-11,2.484249e-09,3.918596e-08,1.772084e-07,2.044635e-11,1.558979e-09,1.944460e-10,6.885714e-09,3.776832e-10,6.951065e-08,8.893376e-09,1.379472e-09,4.109783e-09,2.103729e-09,2.666926e-08,1.749611e-08,8.879327e-12,4.758944e-09,8.310017e-12,1.576160e-10,2.489228e-12,9.521337e-12,5.375286e-13,4.755547e-08,3.890066e-12
44.091797,1.081290e-10,1.925777e-09,9.627397e-08,1.441655e-07,1.896777e-11,1.940089e-09,1.881093e-10,6.759662e-09,1.587726e-09,6.972042e-08,7.296436e-09,3.915562e-09,1.540923e-09,1.392432e-09,3.522583e-08,3.182362e-08,9.090757e-12,1.195558e-09,9.470389e-12,3.029795e-10,1.203606e-12,8.141921e-12,3.127521e-12,5.755203e-08,9.146673e-12
44.140625,1.111505e-10,1.502348e-09,1.991741e-07,1.415383e-07,1.735974e-11,2.375732e-09,2.251047e-10,6.315170e-09,2.298923e-09,7.638944e-08,6.824941e-09,5.048277e-09,4.046731e-09,1.146201e-09,2.886059e-08,5.394785e-08,8.581784e-12,3.842794e-09,1.080598e-11,2.012930e-10,3.949292e-12,4.361880e-12,2.803990e-12,6.665461e-08,1.250549e-11
44.189453,9.729314e-11,1.465781e-09,3.056836e-07,1.494859e-07,1.774013e-11,2.738918e-09,2.624043e-10,6.029001e-09,1.753696e-09,6.418411e-08,6.823565e-09,3.412891e-09,8.659733e-09,7.015820e-10,7.918847e-09,5.842825e-08,7.785624e-12,4.249286e-09,7.858849e-12,1.287492e-10,1.581951e-12,4.356671e-12,3.464368e-12,3.669654e-08,5.325908e-12
44.238281,7.073407e-11,1.549124e-09,3.893817e-07,1.523437e-07,1.686951e-11,3.004542e-09,3.201617e-10,5.496462e-09,1.172603e-09,3.835378e-08,7.468775e-09,3.205916e-09,1.084393e-08,2.537041e-09,2.277497e-09,4.323479e-08,4.612105e-12,3.532777e-09,6.180727e-12,1.299409e-10,3.259319e-12,3.602156e-12,3.473022e-12,6.695095e-08,7.682973e-12
44.287109,5.274590e-11,1.456967e-09,4.349378e-07,1.620623e-07,1.289777e-11,3.216209e-09,3.946916e-10,4.364282e-09,8.112915e-10,2.776388e-08,8.746326e-09,3.758905e-09,9.890283e-09,9.434511e-10,3.597271e-09,1.804933e-08,2.852355e-12,3.961740e-09,4.762052e-12,1.516542e-10,7.831490e-13,1.462664e-12,1.835393e-12,2.805803e-08,6.271762e-12
44.335938,7.278620e-11,1.225828e-09,4.453724e-07,1.884170e-07,7.132068e-12,3.400014e-09,4.694991e-10,3.461411e-09,6.645650e-10,2.285521e-08,9.358328e-09,5.049384e-09,8.130254e-09,2.346375e-09,9.293689e-09,6.775463e-09,5.019859e-12,2.968403e-09,4.077540e-12,2.086352e-10,2.505179e-12,2.142692e-12,3.650263e-12,2.275184e-08,8.415439e-12
44.384766,1.012737e-10,1.133943e-09,4.366340e-07,2.187673e-07,5.168544e-12,3.476058e-09,5.372209e-10,4.184657e-09,1.179852e-09,2.130140e-08,8.461376e-09,6.746148e-09,6.712178e-09,4.485166e-09,1.778191e-08,9.649216e-09,1.105150e-12,1.973221e-09,9.375726e-12,2.100380e-10,1.148076e-12,4.467726e-12,2.321832e-12,5.283456e-08,1.039271e-11
44.433594,1.170199e-10,1.332436e-09,4.184019e-07,2.367412e-07,9.574366e-12,3.228758e-09,5.623907e-10,5.623579e-09,1.663952e-09,3.308378e-08,7.541418e-09,7.728772e-09,5.603237e-09,5.898318e-09,2.374688e-08,6.579549e-09,7.013403e-12,3.960780e-09,6.814608e-12,9.566373e-11,2.882052e-12,2.782308e-12,3.110710e-12,4.365991e-08,5.328110e-12
44.482422,1.229520e-10,1.611450e-09,3.855642e-07,2.366660e-07,1.216039e-11,2.470847e-09,4.871835e-10,6.353454e-09,2.572349e-09,4.319705e-08,7.987070e-09,8.953520e-09,2.660403e-09,4.176905e-09,2.605925e-08,3.003654e-08,9.355467e-12,5.749935e-09,7.934390e-12,1.754674e-10,4.206840e-12,1.823945e-12,5.622476e-13,2.606993e-08,4.923496e-12
44.531250,1.257137e-10,1.790056e-09,3.392276e-07,2.218019e-07,1.215662e-11,1.347288e-09,2.978560e-10,5.922074e-09,3.443497e-09,4.539783e-08,7.829321e-09,9.721041e-09,4.316265e-09,6.516661e-10,1.424508e-08,3.465497e-08,8.878461e-12,6.321459e-09,7.588421e-12,3.463671e-10,4.427840e-12,1.971372e-12,1.176509e-12,2.981620e-08,1.049103e-11
44.580078,1.232809e-10,1.831919e-09,3.095894e-07,1.972862e-07,1.044726e-11,6.526103e-10,5.834505e-11,4.920305e-09,3.307091e-09,3.869189e-08,6.399975e-09,7.592350e-09,1.150224e-08,1.438034e-09,1.487577e-08,2.712263e-08,5.378328e-12,2.782114e-09,1.703913e-11,3.092239e-10,6.341187e-12,2.336625e-12,3.726620e-12,2.402854e-08,7.603433e-12
44.628906,1.058151e-10,1.774188e-09,3.268361e-07,1.668058e-07,1.066622e-11,8.699767e-10,1.378446e-10,4.641780e-09,2.004823e-09,2.465794e-08,4.893936e-09,3.181635e-09,1.652784e-08,1.642828e-09,1.438187e-08,2.397169e-08,1.838447e-12,5.134089e-09,2.098808e-11,2.399697e-10,7.161194e-12,2.481971e-12,2.547691e-12,6.369089e-09,4.253473e-12
44.677734,6.904584e-11,1.664890e-09,3.630328e-07,1.370277e-07,1.366633e-11,7.081019e-10,2.187140e-10,5.103045e-09,1.599733e-09,5.927045e-09,3.303337e-09,7.130862e-10,1.525711e-08,2.659314e-09,1.852256e-08,2.301233e-08,4.686637e-12,8.439892e-09,4.139275e-12,1.343163e-10,2.994803e-12,2.773547e-12,3.052531e-12,2.746586e-08,8.469709e-12
44.726562,2.160252e-11,1.528062e-09,3.699033e-07,1.215896e-07,1.634078e-11,2.404725e-10,1.879770e-10,5.096874e-09,2.659219e-09,2.030942e-08,2.432946e-09,1.847493e-09,5.562308e-09,4.915261e-09,2.760695e-08,2.282340e-08,8.137036e-12,7.555641e-09,1.171376e-11,7.763930e-11,2.345956e-12,3.610105e-12,1.614946e-12,2.211627e-08,7.440269e-12
44.775391,2.288653e-11,1.355255e-09,3.293658e-07,1.270327e-07,1.692407e-11,5.907205e-10,8.940918e-11,4.217810e-09,2.738912e-09,4.423558e-08,2.979649e-09,1.292124e-09,5.979425e-09,4.739325e-09,2.663824e-08,2.466285e-08,8.021244e-12,9.129163e-09,1.993007e-11,7.048226e-11,3.186661e-12,4.222454e-12,1.520290e-12,2.779500e-08,2.266689e-12
44.824219,5.237121e-11,1.122832e-09,2.539231e-07,1.383331e-07,1.584666e-11,1.133709e-09,3.531652e-11,2.954869e-09,1.936377e-09,5.776674e-08,3.755318e-09,2.404775e-09,1.379352e-08,4.043288e-09,2.391549e-08,3.288273e-08,6.182357e-12,8.640488e-09,1.114646e-11,1.025984e-10,2.804005e-12,6.039762e-12,1.339174e-12,6.483369e-08,9.726290e-12
44.873047,6.627177e-11,8.147910e-10,1.698639e-07,1.383121e-07,1.460000e-11,1.628381e-09,1.373637e-10,1.995850e-09,9.031611e-10,5.684619e-08,4.423782e-09,5.182813e-09,1.835804e-08,3.175079e-09,2.585875e-08,3.830017e-08,5.054950e-12,6.827480e-09,8.767071e-12,1.171996e-10,9.099868e-12,4.660959e-12,2.903915e-13,8.708503e-08,1.344133e-11
44.921875,6.998544e-11,4.701215e-10,1.000579e-07,1.217944e-07,1.494176e-11,1.805084e-09,1.740684e-10,1.353875e-09,1.378038e-09,5.544607e-08,3.769035e-09,7.006454e-09,1.553870e-08,1.077407e-09,2.941589e-08,3.428839e-08,4.828072e-12,3.431952e-09,1.176595e-11,1.160400e-10,7.993028e-12,5.400076e-12,1.608634e-12,7.577420e-08,6.195150e-12
44.970703,7.365939e-11,4.164510e-10,5.939565e-08,9.465291e-08,1.554406e-11,1.462219e-09,1.233846e-10,1.191731e-09,2.643510e-09,5.416559e-08,2.202052e-09,8.523047e-09,6.374033e-09,1.345683e-09,3.433073e-08,1.804006e-08,4.882627e-12,3.113360e-09,1.187805e-11,1.979909e-10,4.917694e-12,5.060394e-12,1.757249e-12,3.820066e-08,7.708991e-12
45.019531,7.876851e-11,8.078954e-10,6.260152e-08,6.733126e-08,1.498784e-11,1.188682e-09,3.458730e-11,1.604503e-09,3.465946e-09,3.202034e-08,1.529411e-09,7.011724e-09,4.308486e-09,2.457214e-09,3.428495e-08,3.155904e-08,3.658646e-12,3.456858e-09,8.358714e-12,1.819911e-10,5.679561e-12,6.020069e-12,1.654159e-12,5.572700e-09,5.987574e-12
45.068359,8.634164e-11,1.216041e-09,9.333573e-08,4.595517e-08,1.653623e-11,1.856794e-09,1.074796e-10,1.778645e-09,4.130710e-09,2.636621e-08,1.659198e-09,4.690896e-09,9.295372e-09,3.372901e-09,2.723142e-08,4.219357e-08,4.212914e-12,2.525835e-09,1.129427e-11,7.671509e-11,7.543661e-12,6.214055e-12,2.236841e-12,2.991744e-08,1.170949e-11
45.117188,9.681162e-11,1.476777e-09,1.323455e-07,3.362263e-08,2.267470e-11,2.559769e-09,1.589296e-10,2.013422e-09,4.512025e-09,6.338710e-08,2.044383e-09,6.474142e-09,7.452138e-09,4.143309e-09,3.185882e-08,4.163982e-08,3.465651e-12,1.791022e-09,1.698814e-11,1.979644e-10,5.233901e-12,5.591761e-12,3.099081e-12,7.091941e-08,1.189759e-11
45.166016,1.107898e-10,1.528718e-09,1.782033e-07,3.757422e-08,2.979206e-11,2.770918e-09,1.709958e-10,2.029733e-09,4.109415e-09,7.497507e-08,2.433683e-09,6.235328e-09,7.215208e-09,3.790294e-09,2.591365e-08,2.541227e-08,3.290387e-12,2.801311e-09,1.707217e-11,1.697550e-10,2.813090e-12,3.481829e-12,2.937526e-12,5.938636e-08,1.022393e-11
45.214844,1.262580e-10,1.386859e-09,2.340721e-07,5.430912e-08,3.323876e-11,2.629561e-09,1.981333e-10,1.206204e-09,3.265133e-09,6.934044e-08,3.197750e-09,4.635972e-09,7.926406e-09,2.408592e-09,1.551454e-08,6.688937e-09,7.999419e-12,3.856198e-09,5.187922e-12,6.066276e-11,2.189540e-12,1.441002e-12,2.906286e-12,3.153348e-08,1.665343e-12
45.263672,1.404954e-10,1.148420e-09,3.031425e-07,8.784818e-08,3.279244e-11,2.500909e-09,2.391180e-10,1.670749e-09,2.550672e-09,7.661560e-08,5.179905e-09,3.028452e-09,4.872607e-09,2.010428e-09,1.722074e-09,9.592474e-09,8.235469e-12,4.148036e-09,2.184204e-12,1.665851e-10,4.191466e-12,6.845040e-12,1.371311e-12,4.501096e-08,1.448058e-11
45.312500,1.488243e-10,9.737328e-10,3.832847e-07,1.400943e-07,3.009470e-11,2.484951e-09,2.640605e-10,3.091320e-09,2.068166e-09,8.150072e-08,7.269419e-09,3.368404e-09,1.455000e-09,2.309519e-09,1.022597e-08,1.459635e-08,4.639872e-12,4.145375e-09,4.827375e-12,2.150975e-10,3.305670e-12,9.113414e-12,5.069101e-12,1.548308e-08,1.882450e-11
45.361328,1.468630e-10,9.594417e-10,4.593225e-07,1.900138e-07,2.606889e-11,2.354607e-09,2.857527e-10,3.462285e-09,2.122134e-09,6.347700e-08,7.830332e-09,4.985031e-09,3.444511e-09,2.159571e-09,6.590312e-09,1.643483e-08,6.008481e-12,5.690587e-09,6.148938e-12,3.977324e-11,3.761664e-12,7.269952e-12,4.949633e-12,4.185175e-08,1.290518e-11
45.410156,1.336323e-10,1.001541e-09,5.047384e-07,2.100731e-07,2.304758e-11,1.935189e-09,3.261323e-10,2.981299e-09,2.118353e-09,3.153971e-08,6.652525e-09,4.358322e-09,7.302748e-09,2.121284e-09,1.446983e-08,2.290399e-08,8.318782e-12,6.190365e-09,5.639748e-12,9.503190e-11,2.685526e-12,6.329110e-12,3.631763e-12,5.454809e-08,1.321724e-11
45.458984,1.158996e-10,9.501007e-10,4.961640e-07,1.884235e-07,2.372870e-11,1.258554e-09,3.654871e-10,2.759241e-09,1.515648e-09,1.800387e-08,4.632620e-09,3.907091e-09,9.025790e-09,2.151580e-09,1.266728e-08,2.883122e-08,6.925866e-12,4.728243e-09,3.744135e-12,1.247934e-10,3.578895e-12,2.767749e-12,3.342482e-12,3.215186e-08,3.477337e-12
45.507812,1.069505e-10,7.474338e-10,4.323698e-07,1.467378e-07,2.930218e-11,5.675306e-10,3.725233e-10,2.843597e-09,1.102635e-09,2.460269e-08,2.305722e-09,5.252413e-09,6.238062e-09,7.559677e-10,2.312786e-09,2.935541e-08,2.227048e-12,4.738976e-09,1.010253e-11,1.438658e-10,4.053376e-12,4.058038e-12,2.125360e-12,1.967577e-08,6.107435e-12
45.556641,1.124961e-10,4.205191e-10,3.506850e-07,1.396335e-07,3.761468e-11,7.056708e-10,3.392516e-10,2.556049e-09,1.295453e-09,1.848652e-08,2.400142e-10,5.994349e-09,2.381653e-09,1.152225e-09,1.095733e-08,8.077378e-09,3.578803e-12,5.619457e-09,7.090416e-12,1.320440e-10,1.968481e-12,7.593391e-12,3.946251e-12,3.318559e-08,5.096989e-12
45.605469,1.241766e-10,8.983201e-11,3.225565e-07,1.698750e-07,4.505559e-11,1.429625e-09,2.731600e-10,2.086369e-09,1.241111e-09,5.009199e-09,1.899440e-09,7.172107e-09,1.598904e-09,1.761539e-09,1.715291e-08,9.888698e-09,5.037431e-12,2.738159e-09,5.515833e-12,1.136115e-10,3.191106e-12,6.927405e-12,5.276766e-12,5.197036e-08,5.079923e-12
45.654297,1.275095e-10,3.629917e-10,3.651851e-07,1.858933e-07,4.750481e-11,2.182412e-09,1.884508e-10,1.511802e-09,7.768357e-10,1.340901e-08,2.688387e-09,6.098972e-09,3.697777e-09,2.835599e-09,1.927591e-08,1.220685e-08,3.065401e-12,4.136080e-09,1.166422e-11,1.324744e-10,1.661416e-12,6.527087e-12,4.098671e-12,1.318094e-08,9.297601e-12
45.703125,1.172773e-10,6.644924e-10,4.083395e-07,1.751048e-07,4.324921e-11,2.769369e-09,1.353663e-10,4.167774e-10,2.584848e-10,3.688009e-08,2.493885e-09,5.272580e-09,5.292956e-09,2.541010e-09,1.939193e-08,2.280637e-08,4.825946e-12,1.473267e-09,1.094260e-11,1.300056e-10,3.562939e-12,2.739339e-12,2.351326e-12,3.417584e-08,8.916942e-12
45.751953,1.002828e-10,8.889270e-10,4.010008e-07,1.667348e-07,3.580650e-11,2.965248e-09,1.842396e-10,1.069677e-09,7.161792e-10,5.661815e-08,1.853144e-09,7.480695e-09,4.339732e-09,4.331227e-09,1.764599e-08,2.322473e-08,9.096202e-12,9.538080e-10,8.921072e-12,1.879860e-10,3.588140e-12,2.773446e-12,5.386497e-12,3.080631e-08,8.565171e-12
45.800781,1.002805e-10,1.045765e-09,3.361190e-07,1.932769e-07,3.239004e-11,2.720525e-09,2.524814e-10,1.783877e-09,5.586462e-10,6.240958e-08,1.613871e-09,7.880389e-09,2.725228e-09,5.639237e-09,1.795814e-08,3.139147e-08,5.627293e-12,1.402156e-09,8.704906e-12,1.033698e-10,4.436874e-12,1.804799e-12,3.309803e-12,4.418404e-08,2.510744e-12
45.849609,1.228200e-10,1.144582e-09,2.333183e-07,2.385658e-07,3.608893e-11,2.355170e-09,2.561208e-10,1.503358e-09,5.667282e-10,5.581896e-08,2.204672e-09,8.414489e-09,4.812638e-09,5.509170e-09,1.211246e-08,3.674092e-08,3.374963e-12,4.716244e-09,6.604903e-12,1.879764e-10,6.755891e-12,2.072815e-12,2.119189e-12,8.973220e-08,1.650943e-12
45.898438,1.435365e-10,1.185050e-09,1.246360e-07,2.707063e-07,3.955424e-11,2.313654e-09,1.688862e-10,1.399144e-09,1.300805e-09,5.060897e-08,3.348242e-09,9.255328e-09,8.727698e-09,4.539960e-09,2.439139e-08,2.690296e-08,8.440125e-12,3.465723e-09,1.194431e-11,1.064460e-10,6.439027e-12,1.245258e-12,1.944168e-12,1.005992e-07,1.041031e-11
45.947266,1.432918e-10,1.165156e-09,6.564089e-08,2.764858e-07,3.662797e-11,2.432759e-09,3.176433e-11,1.682383e-09,1.103420e-09,5.050341e-08,4.891406e-09,9.872682e-09,7.734741e-09,3.241264e-09,3.471146e-08,9.177245e-09,1.084833e-11,3.594182e-09,1.704688e-11,8.355905e-11,3.456076e-12,8.659785e-13,4.701036e-13,9.613317e-08,1.278673e-11
45.996094,1.195174e-10,1.096535e-09,1.033849e-07,2.595867e-07,2.835463e-11,2.252892e-09,1.268366e-10,1.141291e-09,3.002937e-10,4.888667e-08,6.672687e-09,1.075107e-08,4.477597e-09,3.033574e-09,3.423937e-08,9.559050e-09,8.158829e-12,8.796550e-09,1.151470e-11,6.293276e-11,2.864955e-13,2.750211e-12,3.285304e-13,6.861796e-08,1.347751e-11
46.044922,8.317685e-11,1.006968e-09,1.425918e-07,2.277034e-07,2.371309e-11,1.746921e-09,1.754195e-10,2.903540e-11,1.360498e-09,5.592596e-08,7.543942e-09,1.043738e-08,8.594254e-09,3.501650e-09,3.406864e-08,1.093128e-08,4.798453e-12,9.202392e-09,1.019995e-11,7.475933e-11,4.206901e-12,6.857599e-12,1.509325e-12,7.330514e-08,3.348080e-12
46.093750,5.351543e-11,9.349483e-10,1.521704e-07,1.799948e-07,2.826876e-11,1.365582e-09,1.086317e-10,7.488271e-10,1.919412e-09,6.381714e-08,6.726617e-09,8.544539e-09,9.519702e-09,3.114283e-09,3.883830e-08,1.893741e-08,5.976152e-12,6.153182e-09,1.161848e-11,1.295131e-10,3.082761e-13,8.295355e-12,2.285615e-12,3.804208e-08,1.168134e-11
46.142578,5.174708e-11,9.161653e-10,1.276170e-07,1.108858e-07,3.330207e-11,1.379508e-09,3.578978e-11,1.040644e-09,1.883609e-09,6.310989e-08,5.568842e-09,6.528245e-09,6.526799e-09,1.608250e-09,3.887037e-08,2.525120e-08,6.211322e-12,1.193646e-08,1.396303e-11,1.090485e-10,2.338874e-12,7.989806e-12,1.446167e-12,3.318449e-08,9.930318e-12
46.191406,7.145120e-11,9.669474e-10,7.182251e-08,2.625014e-08,3.296664e-11,1.348042e-09,1.682498e-10,1.792833e-09,1.985859e-09,6.193133e-08,5.313171e-09,4.884485e-09,3.829908e-09,1.285303e-09,3.073704e-08,3.166041e-08,8.132230e-12,1.361719e-08,6.545031e-12,7.117671e-11,4.659124e-12,5.242620e-12,2.811328e-12,4.373666e-08,5.762946e-12
46.240234,9.142286e-11,1.073868e-09,9.911486e-09,6.355141e-08,2.811016e-11,1.141276e-09,2.457795e-10,2.675496e-09,2.616611e-09,5.410811e-08,4.593019e-09,8.730849e-09,3.759922e-09,3.819076e-09,2.429418e-08,3.490700e-08,4.824743e-12,7.602474e-09,8.004196e-12,6.272721e-11,2.353817e-12,3.346260e-12,2.661999e-12,4.043033e-08,8.205454e-12
46.289062,1.027028e-10,1.200581e-09,8.019462e-08,1.265795e-07,2.171011e-11,1.111767e-09,2.886024e-10,2.924413e-09,3.271360e-09,5.152442e-08,4.196569e-09,1.002421e-08,3.417021e-09,4.208239e-09,1.881220e-08,3.047170e-08,2.737972e-12,2.274943e-09,6.359780e-12,1.169781e-10,8.557378e-13,1.142051e-12,1.519998e-12,4.937834e-08,5.840735e-12
46.337891,9.710000e-11,1.307191e-09,1.314926e-07,1.560817e-07,1.922239e-11,1.225462e-09,3.386734e-10,2.400594e-09,3.167042e-09,6.470306e-08,5.105177e-09,7.918868e-09,3.997493e-09,2.912267e-09,1.140349e-08,2.950928e-08,6.890822e-12,5.424429e-09,7.776399e-12,9.769135e-11,4.201441e-12,1.918618e-12,1.352245e-12,5.474676e-08,1.107522e-11
46.386719,7.503309e-11,1.366408e-09,1.431857e-07,1.565425e-07,2.130412e-11,1.105214e-09,3.752339e-10,1.442661e-09,2.144534e-09,5.915807e-08,5.423906e-09,4.611969e-09,4.063883e-09,2.557693e-09,1.068598e-08,2.874101e-08,1.012753e-11,4.486347e-09,1.113704e-11,4.532157e-11,6.047129e-12,3.480719e-12,1.376358e-12,6.018571e-08,1.151670e-11
46.435547,4.332477e-11,1.371832e-09,1.167374e-07,1.436868e-07,2.258777e-11,7.196610e-10,3.678185e-10,6.795627e-10,1.529169e-09,3.012802e-08,5.331883e-09,6.962656e-10,2.778306e-09,1.514820e-09,1.772547e-08,1.753447e-08,1.104111e-11,1.541695e-09,1.292462e-11,1.398922e-10,4.949812e-12,4.388744e-12,2.581638e-12,4.311044e-08,1.102773e-11
46.484375,1.829775e-11,1.328417e-09,8.716953e-08,1.322038e-07,2.080150e-11,4.039208e-10,3.296645e-10,6.763444e-10,2.004339e-09,6.524724e-09,5.151746e-09,2.769136e-09,4.232843e-09,2.500799e-09,2.411399e-08,5.978881e-09,9.638503e-12,2.677635e-09,4.774939e-12,1.825175e-10,5.022538e-12,3.173255e-12,4.589647e-12,2.466012e-08,5.698931e-12
46.533203,2.821835e-11,1.235089e-09,1.178064e-07,1.276697e-07,1.919901e-11,5.470164e-10,2.857135e-10,8.054864e-10,2.159178e-09,2.461231e-08,4.236619e-09,3.149316e-09,5.472981e-09,2.570669e-09,2.094686e-08,3.956075e-09,8.666364e-12,4.520541e-09,3.093965e-12,1.532023e-10,5.139409e-12,2.196787e-12,4.469079e-12,3.079893e-08,2.090452e-12
46.582031,4.598070e-11,1.073197e-09,1.819866e-07,1.277655e-07,1.994093e-11,7.394069e-10,2.323486e-10,1.180649e-09,2.232798e-09,3.149688e-08,3.348486e-09,4.445446e-09,4.911045e-09,3.678972e-09,8.530441e-09,1.395158e-08,6.408496e-12,3.915221e-09,4.317973e-12,4.207201e-11,2.820201e-12,1.916934e-12,2.421199e-12,6.345483e-08,8.212708e-12
46.630859,5.892163e-11,8.286953e-10,2.417890e-07,1.280389e-07,2.037787e-11,7.403184e-10,1.606844e-10,1.640108e-09,2.036402e-09,2.526649e-08,3.814162e-09,3.884401e-09,4.389794e-09,5.175780e-09,3.785401e-09,1.945726e-09,3.884749e-12,5.729543e-09,4.525817e-12,1.124838e-10,1.190959e-12,1.276600e-12,4.798969e-12,4.353161e-08,7.785225e-12
