968,25,20,12.569000,8.00,2,2,2
freq,site_01,site_02,site_03,site_04,site_05,site_06,site_07,site_08,site_09,site_10,site_11,site_12,site_13,site_14,site_15,site_16,site_17,site_18,site_19,site_20,site_21,site_22,site_23,site_24,site_25
0.000000,2.191651e-07,1.036274e-07,3.943269e-08,1.610566e-08,5.048342e-08,1.259328e-07,1.909128e-07,1.339887e-09,5.217925e-08,2.292200e-08,2.121621e-08,1.035050e-07,1.768693e-09,8.580517e-08,9.494012e-08,6.203964e-08,2.813227e-08,4.649185e-08,3.105746e-08,2.258225e-08,1.190168e-07,1.288104e-08,1.343127e-08,2.811283e-07,5.236253e-08
0.048828,3.797138e-07,1.402474e-07,3.617167e-08,2.179161e-07,3.331848e-08,7.625980e-08,5.339357e-08,1.935893e-08,9.117637e-08,1.032858e-07,2.392839e-08,1.200396e-08,2.203461e-08,4.106758e-08,1.974314e-08,2.848927e-08,1.494276e-08,3.493184e-08,1.097295e-08,3.914092e-09,1.277425e-08,2.422342e-08,2.065276e-08,2.024084e-08,3.115660e-08
0.097656,6.948467e-07,4.219639e-07,6.932388e-08,6.107738e-07,1.014822e-07,2.260391e-07,1.558425e-07,6.943350e-08,1.804452e-07,1.931243e-07,2.947601e-08,5.032739e-08,7.014170e-08,8.869877e-08,9.544456e-08,3.114176e-08,6.020796e-08,7.586898e-08,1.178450e-08,4.139726e-08,1.909545e-08,7.142759e-08,4.195961e-08,7.433413e-08,1.660018e-08
0.146484,8.428291e-07,7.627465e-07,9.998643e-08,1.144901e-06,2.223698e-07,3.781067e-07,1.813798e-07,1.680377e-07,3.268114e-07,2.630651e-07,5.046656e-08,1.492674e-07,1.305447e-07,1.661694e-07,2.859844e-07,5.865010e-08,6.892413e-08,6.678245e-08,6.555175e-08,6.297834e-08,2.797654e-08,3.468608e-08,9.721558e-08,5.883245e-08,6.365585e-08
0.195312,1.223626e-06,1.037705e-06,1.163606e-07,1.674188e-06,3.818980e-07,4.863476e-07,2.785096e-07,2.135222e-07,4.782305e-07,3.165820e-07,1.662701e-07,2.425849e-07,1.114647e-07,1.623100e-07,5.471724e-07,1.558063e-08,7.501438e-08,1.449030e-07,5.490252e-08,1.405431e-07,6.946779e-08,3.838967e-08,1.159173e-07,1.871740e-07,1.710339e-08
0.244141,1.938890e-06,1.223079e-06,1.230917e-07,2.044200e-06,5.283736e-07,5.827054e-07,5.030061e-07,1.795155e-07,6.317228e-07,3.290317e-07,3.166466e-07,3.091426e-07,4.178557e-08,3.182467e-07,6.108991e-07,2.153469e-07,1.503517e-07,3.910760e-07,8.986572e-08,1.427628e-07,5.090356e-08,1.202928e-07,5.454454e-08,3.667327e-07,9.570578e-08
0.292969,2.655672e-06,1.477086e-06,2.068956e-07,2.375290e-06,6.030688e-07,7.130292e-07,7.121914e-07,3.976373e-07,6.750632e-07,3.165065e-07,5.242703e-07,3.181499e-07,1.362938e-07,6.321125e-07,4.358700e-07,2.989274e-07,9.357347e-08,4.677560e-07,1.568725e-07,1.428689e-07,1.268625e-07,8.808153e-08,6.631216e-08,5.202896e-07,7.600907e-08
0.341797,3.152387e-06,1.851657e-06,3.875210e-07,2.972005e-06,5.964614e-07,8.048446e-07,1.011128e-06,6.127770e-07,5.350498e-07,3.068934e-07,7.778289e-07,1.563332e-07,2.996397e-07,8.567947e-07,3.784643e-07,1.812415e-07,3.058133e-07,4.312143e-07,1.427033e-07,1.607302e-07,1.412097e-07,1.594298e-07,1.983026e-07,6.187656e-07,1.325652e-07
0.390625,3.686516e-06,2.254904e-06,5.756459e-07,3.922549e-06,6.485460e-07,8.001836e-07,1.313294e-06,6.904065e-07,6.915571e-07,2.418306e-07,9.434107e-07,1.058855e-07,2.907740e-07,8.726171e-07,2.444173e-07,1.748670e-07,5.628260e-07,2.947065e-07,9.779509e-08,1.321124e-07,1.371899e-07,1.331897e-07,2.036224e-07,7.636518e-07,2.136823e-07
0.439453,4.452671e-06,2.539817e-06,6.855128e-07,4.802456e-06,8.585489e-07,8.867972e-07,1.440482e-06,8.481699e-07,1.115520e-06,1.189329e-07,8.515753e-07,2.530151e-07,2.761495e-07,8.235372e-07,1.160025e-06,2.364645e-07,5.374855e-07,2.694713e-07,5.474590e-08,8.093831e-08,3.231143e-07,2.266683e-07,2.035601e-07,1.066757e-06,7.887729e-08
0.488281,5.281065e-06,2.643800e-06,7.221076e-07,5.197198e-06,1.081872e-06,1.223511e-06,1.521011e-06,8.740463e-07,1.267335e-06,2.302595e-07,4.528745e-07,4.796472e-07,3.072180e-07,8.811030e-07,1.542820e-06,4.165879e-07,2.618628e-07,5.108475e-07,2.026184e-07,2.028402e-07,2.477935e-07,8.455805e-08,1.305486e-07,5.494322e-07,1.292507e-07
0.537109,5.863490e-06,2.529822e-06,8.950380e-07,5.032049e-06,1.164825e-06,1.468466e-06,1.593243e-06,6.419977e-07,8.989621e-07,3.856017e-07,8.814095e-08,6.796251e-07,4.410668e-07,8.564058e-07,8.753205e-07,2.744968e-07,1.802137e-07,2.918296e-07,2.292686e-07,6.340694e-08,1.505996e-07,2.629230e-07,2.698317e-07,3.543556e-07,2.639398e-07
0.585938,5.860985e-06,2.036198e-06,1.387851e-06,4.509229e-06,1.087389e-06,1.473166e-06,1.668859e-06,8.361289e-07,1.014770e-07,5.104113e-07,4.684041e-07,6.136115e-07,5.625841e-07,1.167669e-06,7.803868e-07,2.248425e-07,4.354008e-07,2.159834e-07,3.538864e-07,4.327159e-07,2.094417e-07,1.392543e-07,1.044131e-07,1.501973e-07,7.143897e-07
0.634766,5.026860e-06,1.037447e-06,2.065601e-06,4.221167e-06,9.669813e-07,1.496255e-06,2.092459e-06,1.008158e-06,7.529170e-07,7.420694e-07,6.088201e-07,1.161903e-06,6.890180e-07,1.167953e-06,1.602684e-06,2.340789e-07,5.110501e-07,2.893711e-08,3.286571e-07,5.293644e-07,1.094044e-07,3.720149e-07,2.876906e-07,1.812977e-07,8.487112e-07
0.683594,3.388819e-06,8.239340e-07,2.722714e-06,4.774548e-06,9.783307e-07,1.551145e-06,2.509744e-06,6.839492e-07,1.251630e-06,1.139339e-06,9.120550e-07,1.454977e-06,7.351804e-07,5.197589e-07,1.366944e-06,4.502708e-07,2.896853e-07,3.184536e-07,2.850795e-07,1.627433e-07,5.784817e-08,3.298721e-07,2.639719e-07,5.842235e-07,9.480867e-07
0.732422,1.496300e-06,2.546526e-06,3.190059e-06,5.756358e-06,1.274670e-06,1.349232e-06,2.343494e-06,4.684154e-07,1.412899e-06,1.674692e-06,1.345961e-06,8.929490e-07,6.051676e-07,3.944632e-07,6.226122e-07,5.760394e-07,1.795183e-07,4.082184e-07,3.626925e-07,1.295796e-07,4.626805e-07,3.807897e-07,2.007097e-07,5.522830e-07,5.640324e-07
0.781250,1.636525e-06,4.277479e-06,3.330436e-06,6.218684e-06,1.893555e-06,1.177575e-06,1.675263e-06,5.427883e-07,1.537728e-06,2.184350e-06,1.693185e-06,1.640021e-07,5.326350e-07,8.263067e-07,8.266034e-07,3.098572e-07,2.558041e-07,3.877312e-07,6.934869e-07,8.715358e-07,4.969457e-07,1.923221e-07,9.381304e-08,3.709074e-07,4.405041e-07
0.830078,2.972270e-06,5.661681e-06,3.051824e-06,5.617856e-06,2.641614e-06,1.690206e-06,1.122257e-06,5.672256e-07,1.795655e-06,2.369576e-06,1.877171e-06,4.704200e-07,3.572319e-07,6.528241e-07,1.026608e-06,5.885260e-07,7.634144e-07,7.606636e-07,3.597217e-07,5.309758e-07,3.953447e-07,4.584949e-07,1.649909e-07,1.428320e-07,7.611850e-07
0.878906,3.505481e-06,6.579980e-06,2.353421e-06,3.980304e-06,3.203405e-06,2.374738e-06,1.271528e-06,1.125103e-06,1.986395e-06,2.113966e-06,1.608625e-06,1.581996e-07,2.088705e-08,3.071611e-07,5.788336e-07,4.302288e-07,7.408761e-07,4.989135e-07,1.588317e-07,5.173168e-07,4.127328e-07,3.365480e-07,1.497332e-07,9.663244e-07,1.034798e-06
0.927734,3.291479e-06,7.006038e-06,1.435923e-06,1.750604e-06,3.358231e-06,2.725036e-06,2.235806e-06,1.697344e-06,1.814613e-06,1.595237e-06,1.077735e-06,3.736179e-07,3.130568e-07,9.545073e-07,7.713067e-07,3.153611e-07,8.989138e-07,6.525610e-08,2.425629e-07,8.961396e-07,6.373561e-07,2.760841e-07,1.595159e-07,1.396368e-06,5.329322e-07
0.976562,3.507921e-06,6.944710e-06,1.170902e-06,1.042832e-06,3.175849e-06,2.708662e-06,3.666981e-06,1.531873e-06,1.308818e-06,8.838678e-07,1.170937e-06,9.967458e-07,2.386781e-07,1.328409e-06,1.364669e-06,5.741399e-07,9.772411e-07,3.168280e-07,4.385342e-07,6.075137e-07,5.555454e-07,1.420642e-07,1.452404e-08,1.575062e-06,1.340427e-06
1.025391,5.143487e-06,6.498229e-06,2.106662e-06,3.382724e-06,3.056275e-06,2.697576e-06,5.216033e-06,3.243653e-07,8.372754e-07,3.410434e-07,1.632254e-06,2.332618e-06,2.408998e-07,1.233675e-06,1.935880e-06,7.043890e-07,8.257365e-07,6.404813e-07,2.233037e-07,1.263414e-06,9.430140e-07,2.237983e-07,1.681964e-07,1.251912e-06,1.503575e-06
1.074219,7.090477e-06,5.374462e-06,3.110759e-06,5.567316e-06,3.013803e-06,2.901206e-06,6.028862e-06,1.545595e-06,7.421507e-07,1.122499e-06,2.062742e-06,3.579238e-06,4.208699e-07,1.086974e-06,2.098639e-06,5.830532e-07,6.439551e-07,7.861045e-07,4.906240e-07,1.444327e-06,1.190715e-06,5.062113e-07,4.388988e-07,1.251149e-06,9.932572e-07
1.123047,8.379161e-06,3.940825e-06,3.833378e-06,7.162181e-06,2.953502e-06,3.470499e-06,5.920619e-06,2.891141e-06,1.411042e-06,1.168398e-06,2.279645e-06,4.114156e-06,1.690384e-07,1.278884e-06,2.116343e-06,4.677320e-07,1.420287e-06,1.127959e-06,4.322794e-07,1.442625e-06,6.516660e-07,9.901436e-08,5.709868e-07,8.469915e-07,4.118121e-07
1.171875,8.462653e-06,2.819928e-06,4.216087e-06,7.834577e-06,2.682654e-06,3.985327e-06,4.979861e-06,3.345892e-06,2.156655e-06,7.607994e-07,2.003271e-06,3.835032e-06,2.160556e-07,1.783520e-06,2.442975e-06,5.260618e-07,2.183615e-06,4.027935e-07,1.789670e-07,9.188738e-07,3.683356e-07,6.906605e-07,1.620845e-07,8.308858e-07,6.499561e-07
1.220703,7.327196e-06,3.047450e-06,4.301888e-06,7.730842e-06,2.201164e-06,3.968010e-06,3.877144e-06,3.176719e-06,2.460941e-06,1.948891e-06,1.262058e-06,3.055157e-06,4.872131e-07,1.937737e-06,1.915478e-06,3.896588e-07,1.497717e-06,1.323991e-06,6.754506e-07,9.220323e-07,1.025347e-06,6.180417e-07,3.049454e-07,6.530920e-07,1.164868e-06
1.269531,5.607313e-06,4.406814e-06,4.150009e-06,7.416231e-06,1.530888e-06,3.228033e-06,3.691587e-06,2.250038e-06,2.470596e-06,2.900262e-06,7.547373e-07,1.480638e-06,9.979421e-07,1.801670e-06,8.446427e-07,5.037978e-07,7.839431e-07,1.161494e-06,3.787535e-07,6.943598e-07,1.001796e-06,7.646202e-07,4.792789e-07,1.166669e-06,1.350544e-06
1.318359,4.550727e-06,5.929984e-06,3.778649e-06,6.978548e-06,6.625818e-07,2.208349e-06,4.430572e-06,2.041058e-06,2.739646e-06,3.065264e-06,2.445472e-06,1.050551e-06,1.281978e-06,3.100607e-06,3.275007e-07,5.246226e-07,1.304549e-07,1.448472e-06,4.151077e-07,4.516831e-07,2.927855e-07,3.538455e-07,3.386241e-07,2.644597e-06,7.374556e-07
1.367188,4.704770e-06,7.041126e-06,3.155773e-06,5.866181e-06,5.370926e-07,2.155900e-06,5.252197e-06,3.491635e-06,3.171490e-06,3.065957e-06,3.790584e-06,2.421922e-06,1.106242e-06,3.163164e-06,8.547983e-07,6.331238e-08,5.301705e-07,1.153410e-06,6.027394e-07,8.060306e-07,4.182824e-07,3.783478e-07,3.798659e-07,2.154317e-06,2.697287e-07
1.416016,4.881578e-06,7.368067e-06,2.247656e-06,4.465795e-06,1.414505e-06,2.712184e-06,6.046120e-06,3.764331e-06,3.116024e-06,2.993730e-06,3.821089e-06,2.503336e-06,7.804146e-07,2.217431e-06,1.621842e-07,4.501014e-07,8.485655e-07,1.153034e-06,8.437009e-07,9.627671e-07,1.633528e-07,5.840437e-07,2.626747e-07,1.327176e-06,7.170773e-07
1.464844,4.289635e-06,6.737621e-06,1.226935e-06,4.993599e-06,1.981659e-06,2.687265e-06,7.012181e-06,3.319212e-06,2.233515e-06,2.504293e-06,2.750868e-06,2.915325e-06,4.331157e-07,2.745951e-06,1.257519e-06,3.712409e-07,1.062914e-07,1.433377e-06,7.703639e-07,7.736785e-07,3.043124e-07,7.015596e-07,1.916579e-07,9.613499e-07,9.687721e-07
1.513672,3.280701e-06,5.383946e-06,1.543308e-06,6.774218e-06,2.224790e-06,2.544303e-06,7.967878e-06,3.730017e-06,1.104851e-06,2.045204e-06,1.436769e-06,4.644280e-06,2.628833e-07,3.239756e-06,1.198896e-06,1.043481e-06,1.244377e-06,3.468804e-07,6.461943e-07,7.937240e-07,5.218858e-07,7.448622e-07,4.075279e-07,1.718698e-06,8.669181e-07
1.562500,2.883060e-06,4.165583e-06,3.138349e-06,7.262023e-06,2.380846e-06,3.076886e-06,8.282215e-06,3.500191e-06,1.236124e-06,2.169195e-06,5.821396e-07,5.962033e-06,3.574374e-07,3.458216e-06,6.217407e-07,1.143881e-06,1.328096e-06,9.517483e-07,6.800757e-07,4.434572e-07,9.493678e-07,4.933918e-07,5.546952e-07,3.078481e-06,4.801678e-07
1.611328,3.376913e-06,4.221958e-06,4.696924e-06,5.947866e-06,2.562802e-06,3.312786e-06,7.298606e-06,2.287013e-06,1.777873e-06,2.733846e-06,7.230288e-07,5.197046e-06,5.288847e-07,2.499272e-06,1.852934e-06,1.152296e-06,8.734017e-07,7.281699e-07,6.656266e-07,9.485017e-07,9.635571e-07,1.031358e-07,5.599078e-07,2.979262e-06,3.742873e-07
1.660156,4.186533e-06,5.111588e-06,5.723699e-06,4.316389e-06,2.860170e-06,2.712817e-06,4.973632e-06,2.527383e-06,2.692865e-06,3.264364e-06,1.126945e-06,3.077261e-06,2.767278e-07,8.051415e-07,2.753312e-06,4.133939e-07,1.260659e-06,6.303081e-07,7.959394e-07,5.519007e-07,9.930514e-07,4.731436e-07,8.885492e-07,2.919328e-06,4.495825e-07
1.708984,5.359558e-06,5.589072e-06,6.025279e-06,3.955953e-06,3.606765e-06,2.020370e-06,2.254230e-06,3.882508e-06,3.461695e-06,3.342713e-06,1.442507e-06,2.639753e-06,5.076644e-07,7.886573e-07,1.913553e-06,5.342702e-07,1.725526e-06,1.255898e-06,5.205903e-07,1.070827e-06,1.211627e-06,4.531466e-07,7.331155e-07,1.796824e-06,2.028381e-07
1.757812,6.982804e-06,5.071229e-06,5.790296e-06,3.224262e-06,4.690403e-06,1.178465e-06,1.275761e-06,4.783878e-06,2.928731e-06,2.997257e-06,1.692099e-06,2.472150e-06,1.127411e-06,1.354093e-06,1.593730e-06,4.898141e-07,1.393965e-06,9.945892e-07,5.659787e-07,1.478888e-06,8.876800e-07,1.119200e-06,3.614686e-07,1.461226e-06,3.044921e-07
1.806641,8.691855e-06,3.448613e-06,5.499197e-06,2.044530e-06,5.403843e-06,1.112144e-06,2.224990e-06,4.667686e-06,1.203803e-06,2.790446e-06,1.674606e-06,4.741526e-07,9.448725e-07,7.685598e-07,2.030646e-06,6.982908e-07,1.212061e-06,1.061570e-06,1.154731e-06,3.533173e-07,2.998645e-07,5.821010e-07,2.502781e-07,7.962748e-07,1.006194e-06
1.855469,1.005806e-05,9.052329e-07,5.399852e-06,4.967120e-06,5.233413e-06,3.991546e-06,3.220689e-06,3.696579e-06,1.913260e-06,3.025092e-06,9.891022e-07,2.603540e-06,2.917037e-07,3.280408e-07,2.055677e-06,5.768007e-07,6.343126e-07,9.315345e-07,1.290358e-06,1.033723e-06,1.014957e-06,9.010457e-07,1.471167e-07,9.704104e-07,5.029057e-07
1.904297,1.088432e-05,2.224080e-06,5.157099e-06,7.993615e-06,4.477475e-06,6.062372e-06,3.781860e-06,3.552481e-06,3.559891e-06,2.860318e-06,7.291050e-07,3.133228e-06,1.271660e-06,1.583317e-06,2.540769e-06,1.069059e-06,8.494896e-07,6.333564e-07,1.006927e-06,9.396330e-07,1.097141e-06,3.841738e-07,5.154475e-07,1.589591e-06,1.042954e-06
1.953125,1.119806e-05,5.160018e-06,4.368802e-06,8.408935e-06,4.437690e-06,6.395583e-06,3.533823e-06,4.539264e-06,4.284949e-06,1.810333e-06,2.656196e-06,2.976497e-06,1.318686e-06,3.427439e-06,2.657149e-06,1.007400e-06,1.485237e-06,7.163846e-07,9.834656e-07,6.060542e-07,1.111809e-06,1.057812e-07,5.147214e-07,1.659723e-06,2.068803e-07
2.001953,1.116011e-05,7.216300e-06,3.087739e-06,6.240614e-06,5.684501e-06,6.620531e-06,3.711742e-06,5.202677e-06,4.375788e-06,6.039697e-07,4.493989e-06,3.428107e-06,4.842965e-07,3.694773e-06,1.532292e-06,1.062183e-06,8.326719e-07,1.077175e-06,7.453579e-07,1.815386e-06,4.289336e-07,4.671727e-07,2.498519e-07,5.456601e-07,4.386990e-07
2.050781,1.106533e-05,7.917320e-06,1.764014e-06,5.658622e-06,7.106102e-06,8.267267e-06,4.834300e-06,5.412129e-06,4.041203e-06,1.507401e-06,5.814442e-06,2.265953e-06,2.545444e-07,3.742708e-06,5.114035e-07,8.981608e-07,1.147155e-06,9.912443e-07,2.345946e-07,1.519766e-06,4.038183e-07,7.092646e-07,1.074262e-07,1.355565e-07,1.237015e-06
2.099609,1.125876e-05,7.510789e-06,1.094040e-06,8.954099e-06,7.916652e-06,9.273260e-06,5.166025e-06,5.240855e-06,3.348961e-06,2.475259e-06,6.339194e-06,2.749384e-06,1.125434e-06,4.649395e-06,1.665974e-06,5.469021e-07,1.534564e-06,7.494034e-07,8.524507e-07,1.513683e-06,4.557960e-07,9.036671e-07,1.006171e-07,8.367425e-07,6.899238e-07
2.148438,1.191604e-05,7.204812e-06,1.704798e-06,1.113951e-05,7.874688e-06,8.341926e-06,4.096480e-06,4.385062e-06,2.575478e-06,3.408056e-06,6.228157e-06,3.570895e-06,1.150193e-06,4.730444e-06,2.420341e-06,9.064533e-07,1.546782e-06,1.705418e-06,3.179016e-07,6.314168e-07,5.083689e-07,3.408130e-07,2.802932e-07,1.322398e-06,7.055124e-07
2.197266,1.289054e-05,8.038310e-06,2.995426e-06,1.043240e-05,6.912286e-06,6.903385e-06,2.634491e-06,3.314987e-06,1.941199e-06,5.188016e-06,6.070892e-06,5.008862e-06,1.285883e-06,3.789767e-06,2.424215e-06,1.783625e-06,6.875653e-07,1.623844e-06,4.259458e-07,5.823303e-07,3.702463e-07,3.324721e-07,4.891303e-07,3.022436e-06,6.995047e-07
2.246094,1.380050e-05,9.182919e-06,4.325630e-06,8.090074e-06,5.104846e-06,7.204177e-06,1.923136e-06,3.108605e-06,1.664771e-06,6.800835e-06,5.479644e-06,5.770596e-06,2.225703e-06,1.978578e-06,1.836324e-06,2.090389e-06,4.602231e-07,1.653407e-06,5.517616e-07,7.866427e-07,4.500236e-07,2.480448e-07,5.407889e-07,2.853993e-06,8.696287e-07
2.294922,1.419571e-05,9.308276e-06,5.095703e-06,6.895592e-06,2.839727e-06,8.358140e-06,1.124574e-06,3.021868e-06,1.595160e-06,6.536214e-06,3.643826e-06,4.669130e-06,2.022295e-06,4.165494e-07,8.434353e-07,1.944840e-06,1.182045e-06,8.868861e-07,1.651610e-06,4.849544e-07,8.526250e-07,8.762393e-07,2.475567e-07,1.736074e-06,9.475269e-07
2.343750,1.372843e-05,8.000246e-06,4.945900e-06,7.054094e-06,9.752676e-07,8.387152e-06,8.337345e-07,2.285846e-06,1.789451e-06,3.974687e-06,1.091061e-06,3.752104e-06,1.824860e-06,2.188567e-06,3.352779e-07,1.675564e-06,3.699231e-07,1.791828e-06,1.276703e-06,5.747023e-07,6.404471e-07,1.232579e-06,6.743265e-08,2.473494e-06,2.350814e-06
2.392578,1.237170e-05,5.800463e-06,4.046679e-06,6.334071e-06,1.374808e-06,6.695691e-06,2.605755e-06,1.747443e-06,3.062292e-06,1.746797e-06,1.098983e-06,3.082914e-06,1.339062e-06,3.659699e-06,1.970568e-06,1.617943e-06,1.283267e-06,2.606047e-06,4.122334e-07,1.182997e-06,6.403612e-07,2.016775e-07,3.751633e-07,5.730124e-07,2.188610e-06
2.441406,1.056279e-05,3.801997e-06,3.231160e-06,4.441462e-06,2.326394e-06,4.062612e-06,4.064034e-06,1.887537e-06,4.304005e-06,4.636465e-06,1.735966e-06,1.889775e-06,1.001745e-06,3.087753e-06,3.565493e-06,1.058685e-06,1.668532e-06,1.819136e-06,5.059935e-07,8.569933e-07,4.530098e-07,1.171417e-06,8.312655e-07,1.084869e-06,1.122467e-06
2.490234,8.966938e-06,3.012111e-06,3.492785e-06,2.425551e-06,3.330145e-06,2.332176e-06,4.961678e-06,1.825243e-06,4.520318e-06,6.112528e-06,2.014612e-06,2.334459e-06,1.599934e-06,3.069144e-06,1.854001e-06,3.990952e-07,1.060805e-06,9.967898e-07,9.222442e-07,7.997404e-07,4.247009e-07,9.637530e-07,5.953655e-07,2.753446e-06,2.087134e-06
2.539062,7.735165e-06,3.759526e-06,4.516239e-06,4.968403e-07,4.292102e-06,2.777289e-06,5.134452e-06,1.369895e-06,4.033950e-06,5.454090e-06,2.383245e-06,2.450148e-06,2.803728e-06,2.415127e-06,1.388602e-06,4.594578e-07,1.311871e-06,9.220001e-07,6.484099e-07,6.853088e-07,6.534107e-07,5.673247e-07,6.298552e-07,1.810782e-06,3.040554e-06
2.587891,6.225717e-06,5.926499e-06,5.594922e-06,2.308300e-06,4.618548e-06,4.671993e-06,4.260964e-06,9.025986e-07,3.846123e-06,4.619687e-06,2.244046e-06,1.995377e-06,3.892687e-06,4.618382e-07,2.799921e-06,6.717910e-07,6.195765e-07,1.422504e-06,1.020148e-06,4.744938e-07,7.480727e-07,1.244225e-07,2.892445e-07,2.401470e-06,2.305815e-06
2.636719,4.015008e-06,8.798621e-06,6.460746e-06,5.689616e-06,3.952157e-06,6.988896e-06,2.670732e-06,8.525595e-07,4.077736e-06,4.014541e-06,2.502955e-06,2.671552e-06,4.542717e-06,3.404182e-06,2.686625e-06,6.481703e-07,6.647023e-07,1.883503e-06,1.382590e-06,6.128436e-07,3.925362e-07,6.461875e-07,5.344392e-07,1.600565e-06,2.233576e-06
2.685547,2.864805e-06,1.125334e-05,7.082817e-06,8.432821e-06,2.536919e-06,8.399783e-06,2.247888e-06,1.074909e-06,4.432848e-06,3.032452e-06,2.993808e-06,2.379995e-06,3.994725e-06,5.000465e-06,2.375846e-06,1.243175e-06,9.201786e-07,2.462178e-06,1.940691e-06,5.197907e-07,1.082768e-06,4.887147e-07,9.078603e-07,3.515243e-06,2.339873e-06
2.734375,5.347401e-06,1.234057e-05,7.822810e-06,9.472364e-06,1.162810e-06,8.531560e-06,3.396348e-06,1.552444e-06,4.854189e-06,3.603449e-06,2.579591e-06,5.994502e-07,1.926408e-06,5.292482e-06,2.612155e-06,9.340334e-07,1.125139e-06,2.950397e-06,2.077380e-06,1.325754e-06,1.242341e-06,4.312142e-07,6.749389e-07,1.315418e-06,2.334984e-06
2.783203,8.175564e-06,1.169405e-05,9.297201e-06,9.051334e-06,9.604261e-07,7.765220e-06,4.045484e-06,1.904617e-06,4.641840e-06,4.647595e-06,1.694407e-06,1.041763e-06,8.623425e-07,4.661271e-06,2.225484e-06,5.338128e-07,8.942009e-07,1.807519e-06,1.799764e-06,1.039220e-06,1.099808e-06,4.943123e-07,4.878910e-07,4.690014e-07,2.683519e-06
2.832031,9.794638e-06,9.689857e-06,1.148736e-05,8.948227e-06,1.206979e-06,6.085435e-06,3.434907e-06,1.896356e-06,2.846834e-06,5.297778e-06,1.390336e-06,2.098758e-06,1.760750e-06,2.576658e-06,3.607817e-06,4.017785e-07,8.360868e-07,1.297867e-06,1.248728e-06,1.086736e-06,2.188563e-07,2.985688e-07,3.814599e-07,1.028291e-06,1.877517e-06
2.880859,1.004797e-05,7.438741e-06,1.354039e-05,1.033859e-05,1.267254e-06,3.782574e-06,1.530503e-06,1.725740e-06,5.386853e-07,5.702944e-06,1.736536e-06,4.394217e-06,3.501537e-06,3.411679e-06,3.676087e-06,9.394482e-07,5.491856e-07,1.619501e-06,7.361514e-07,1.650039e-06,2.285268e-07,3.401183e-07,4.799769e-07,1.687695e-06,2.721770e-06
2.929688,9.681253e-06,6.476213e-06,1.460772e-05,1.190851e-05,1.248186e-06,3.434710e-06,1.229542e-06,1.147948e-06,3.733078e-06,5.685860e-06,2.256136e-06,6.252795e-06,3.741919e-06,4.488520e-06,2.363654e-06,9.844926e-07,1.605309e-07,1.251203e-06,1.769165e-07,1.524430e-06,5.600519e-07,3.263169e-07,2.205478e-07,1.533619e-06,2.185413e-06
2.978516,9.757162e-06,7.429723e-06,1.447148e-05,1.230306e-05,1.011130e-06,4.845344e-06,3.167941e-06,6.532200e-07,5.473377e-06,5.520789e-06,2.509089e-06,6.491644e-06,2.248181e-06,3.305625e-06,4.196304e-07,1.035211e-06,4.076548e-07,1.639233e-06,5.604874e-07,7.268791e-07,9.898918e-07,5.203859e-07,1.436954e-07,2.890613e-06,2.111829e-06
3.027344,1.041028e-05,9.622619e-06,1.361752e-05,1.153675e-05,1.074081e-06,5.074450e-06,3.863884e-06,2.446699e-06,5.931275e-06,4.395831e-06,2.584248e-06,5.259834e-06,1.834006e-06,2.229377e-06,9.888474e-07,1.552887e-06,5.365069e-07,1.599635e-06,5.843150e-07,1.668119e-06,1.223268e-06,1.016168e-06,4.307205e-07,2.200720e-06,8.217203e-07
3.076172,1.080278e-05,1.253742e-05,1.273489e-05,1.066238e-05,1.919194e-06,4.071206e-06,3.657850e-06,4.426629e-06,5.905367e-06,2.013964e-06,2.638158e-06,3.555180e-06,2.171493e-06,1.702207e-06,1.357308e-06,1.004864e-06,2.142387e-06,1.744092e-06,8.228901e-07,2.222408e-06,7.006873e-07,6.538518e-07,2.528240e-07,2.457761e-06,6.668742e-07
3.125000,1.056193e-05,1.560796e-05,1.194345e-05,1.066908e-05,2.665527e-06,2.983820e-06,3.676204e-06,6.103889e-06,4.467614e-06,1.648807e-06,2.450784e-06,2.668413e-06,1.054499e-06,8.389831e-07,9.243921e-07,4.274778e-07,2.028737e-06,2.530936e-06,5.568131e-07,1.449390e-06,1.036290e-06,4.448496e-07,1.537086e-07,2.660354e-06,1.357536e-06
3.173828,1.058009e-05,1.795344e-05,1.072763e-05,1.122928e-05,2.892232e-06,2.461340e-06,4.479277e-06,7.059744e-06,2.038848e-06,2.448366e-06,2.064098e-06,2.138498e-06,1.849734e-06,2.122725e-06,1.335159e-06,1.493275e-06,1.068738e-06,3.370348e-06,1.010854e-06,9.223060e-07,1.539492e-06,3.423650e-07,4.839238e-07,1.763909e-06,2.021268e-06
3.222656,1.201419e-05,1.876546e-05,8.668491e-06,1.117015e-05,2.773189e-06,2.181142e-06,5.406348e-06,6.687998e-06,3.114542e-06,1.828272e-06,1.835864e-06,1.524433e-06,2.213723e-06,2.516466e-06,1.640146e-06,1.949889e-06,1.590434e-06,3.489412e-06,6.681369e-07,1.936548e-06,2.463743e-07,7.531571e-07,5.762539e-07,2.089305e-06,7.332846e-07
3.271484,1.424051e-05,1.770150e-05,5.913234e-06,9.733424e-06,2.708155e-06,1.928994e-06,5.439017e-06,5.044547e-06,3.621065e-06,1.363712e-06,1.843880e-06,1.106937e-06,3.015043e-06,1.911653e-06,4.863294e-06,1.560563e-06,1.194020e-06,3.501414e-06,4.921875e-07,2.406420e-06,7.805393e-07,1.004347e-06,3.017437e-07,6.598768e-07,1.215787e-06
3.320312,1.558995e-05,1.498563e-05,3.184123e-06,7.123554e-06,2.683105e-06,1.588728e-06,4.513908e-06,3.976316e-06,1.819043e-06,3.378553e-06,1.913800e-06,1.237777e-06,3.072017e-06,1.273714e-06,7.555416e-06,1.810615e-06,3.168131e-07,2.747435e-06,4.500315e-07,2.113721e-06,5.635165e-07,8.104802e-07,6.165136e-07,1.702199e-06,7.586274e-07
3.369141,1.503810e-05,1.124199e-05,2.210470e-06,4.960521e-06,2.380839e-06,1.016520e-06,4.477383e-06,4.669472e-06,6.258582e-07,4.885507e-06,1.911951e-06,2.881440e-06,8.617357e-07,5.158934e-07,7.490873e-06,1.441919e-06,9.284228e-07,2.168186e-06,6.341267e-07,9.685281e-07,3.270530e-07,3.601970e-07,4.170570e-07,4.985185e-06,6.881003e-07
3.417969,1.264930e-05,7.244708e-06,3.368074e-06,5.814026e-06,1.733241e-06,9.674431e-07,5.732541e-06,5.414426e-06,2.211385e-06,4.744175e-06,1.973750e-06,4.295410e-06,1.316209e-06,1.622748e-06,6.384225e-06,1.092204e-06,1.371390e-06,2.508277e-06,7.737756e-07,7.614080e-07,2.314063e-07,5.960021e-07,2.498608e-07,5.273347e-06,6.818637e-07
3.466797,9.352003e-06,3.904674e-06,4.260498e-06,8.132004e-06,9.764839e-07,1.596010e-06,5.947858e-06,6.154483e-06,3.320869e-06,4.294036e-06,2.369651e-06,4.538873e-06,1.857649e-06,3.902139e-06,6.741326e-06,2.113661e-06,2.295768e-06,1.568449e-06,1.090740e-06,9.573308e-07,4.947367e-07,1.324073e-06,4.111579e-07,1.681799e-06,1.490856e-07
3.515625,6.308498e-06,2.953266e-06,4.290781e-06,9.460673e-06,5.391042e-07,1.311453e-06,4.306943e-06,6.356336e-06,4.257476e-06,3.775782e-06,3.135264e-06,3.731980e-06,1.079910e-06,5.418185e-06,5.139349e-06,2.864358e-06,1.761753e-06,5.615165e-07,8.110375e-07,1.154080e-06,2.629782e-07,8.574116e-07,7.832898e-08,8.275986e-07,1.235497e-06
3.564453,3.999856e-06,4.231682e-06,3.645017e-06,8.730363e-06,6.202642e-07,7.309984e-07,2.875270e-06,4.794961e-06,4.211012e-06,1.805412e-06,4.196520e-06,2.358385e-06,1.277433e-06,5.587754e-06,2.280787e-06,1.945825e-06,1.082881e-06,1.310960e-06,9.847121e-07,1.574447e-06,9.873895e-07,7.459934e-07,5.016902e-07,1.456667e-06,4.842565e-07
3.613281,1.913881e-06,5.259622e-06,3.095391e-06,5.777523e-06,6.150149e-07,2.993994e-06,4.914777e-06,1.897969e-06,2.800712e-06,1.327775e-06,5.143152e-06,6.935488e-07,3.388859e-06,3.641638e-06,1.842088e-06,9.264454e-07,7.477355e-07,1.876654e-06,8.187409e-07,1.397198e-06,1.248214e-06,4.935614e-07,4.237575e-07,1.247968e-06,8.976100e-07
3.662109,7.534776e-07,5.470283e-06,3.458809e-06,2.939362e-06,3.444056e-07,4.325244e-06,7.020508e-06,1.654473e-06,7.353378e-07,4.583686e-06,5.361227e-06,2.215191e-06,4.471580e-06,7.621283e-07,3.959141e-06,1.918694e-06,5.965659e-07,9.542236e-07,2.076835e-07,1.056870e-06,1.007934e-06,6.572782e-07,7.987948e-07,6.433512e-07,1.110549e-06
3.710938,2.964105e-06,5.121802e-06,4.205932e-06,6.590919e-06,2.851097e-07,3.421045e-06,7.673504e-06,3.955110e-06,1.332825e-06,7.765368e-06,4.989870e-06,3.870908e-06,3.878397e-06,1.439080e-06,4.893601e-06,3.013845e-06,1.077298e-06,1.349737e-06,9.706562e-07,1.178377e-06,4.970122e-07,2.756770e-07,1.917590e-07,2.221828e-06,7.133580e-07
3.759766,4.731025e-06,4.858498e-06,4.523034e-06,1.111909e-05,6.557282e-07,2.513041e-06,6.976658e-06,5.108671e-06,1.929842e-06,9.014442e-06,4.894383e-06,3.829005e-06,1.686386e-06,2.230254e-06,3.557959e-06,1.732591e-06,1.183969e-06,2.009281e-06,1.171686e-06,1.659798e-07,6.072253e-07,4.041456e-07,6.481203e-07,1.620010e-06,1.290843e-06
3.808594,5.729285e-06,5.168014e-06,4.181191e-06,1.391238e-05,8.112439e-07,5.642463e-06,5.138216e-06,4.120299e-06,1.539327e-06,7.553084e-06,4.595595e-06,2.592740e-06,4.256600e-06,2.692011e-06,1.948260e-06,1.865752e-07,1.239904e-06,1.249875e-06,2.073459e-06,7.173545e-07,1.149082e-06,1.519601e-07,1.034311e-06,7.443041e-07,2.039411e-06
3.857422,6.270660e-06,5.687102e-06,3.272460e-06,1.428833e-05,6.803338e-07,8.727677e-06,2.816040e-06,2.180508e-06,1.365004e-06,5.077950e-06,3.171984e-06,1.422735e-06,5.869247e-06,2.994104e-06,1.296776e-06,1.639141e-06,8.037399e-07,1.345222e-06,1.787971e-06,1.152188e-06,4.150162e-07,2.098384e-07,7.255182e-07,7.633905e-07,1.496358e-06
3.906250,6.657005e-06,5.619329e-06,2.265009e-06,1.199228e-05,4.072299e-07,1.115885e-05,3.225270e-06,4.747094e-06,2.084793e-06,2.273546e-06,1.404968e-06,4.118608e-06,4.188483e-06,3.245228e-06,1.656019e-06,1.849541e-06,7.697446e-07,2.005201e-06,1.091697e-06,9.555376e-07,2.082304e-07,2.506387e-07,4.872908e-07,1.204079e-06,4.200663e-07
3.955078,6.666768e-06,4.477745e-06,3.206656e-06,7.435022e-06,2.623234e-07,1.310640e-05,5.188732e-06,7.187303e-06,2.640669e-06,3.788537e-06,8.487554e-07,5.331927e-06,1.777725e-06,3.189198e-06,3.537164e-06,6.957659e-07,2.391173e-06,2.054609e-06,7.404011e-07,9.805029e-08,6.276017e-07,7.657044e-07,4.029311e-07,1.390966e-06,1.401829e-06
4.003906,5.948447e-06,2.706414e-06,6.120866e-06,2.779587e-06,6.401216e-07,1.311125e-05,6.125155e-06,7.163474e-06,2.832609e-06,6.810636e-06,1.141206e-06,4.351709e-06,1.482751e-06,1.695595e-06,4.235655e-06,3.037883e-06,2.641727e-06,4.992501e-07,1.460639e-06,1.858948e-06,3.993961e-07,9.422940e-07,3.698098e-07,1.805047e-06,1.044397e-06
4.052734,4.656117e-06,3.539270e-06,9.230093e-06,3.190697e-06,1.373985e-06,1.061988e-05,6.207743e-06,5.243895e-06,2.774621e-06,5.525068e-06,1.884251e-06,5.641470e-06,2.563161e-06,7.717775e-07,3.500926e-06,3.078123e-06,1.483919e-06,1.597963e-06,1.158848e-06,2.249400e-06,7.819197e-07,5.733666e-07,4.005399e-07,8.306218e-07,1.397869e-06
4.101562,3.505056e-06,6.894805e-06,1.144345e-05,3.304994e-06,2.218063e-06,9.031790e-06,5.547074e-06,3.128760e-06,2.298251e-06,1.886092e-06,1.880237e-06,6.317370e-06,4.140660e-06,1.435051e-06,3.163301e-06,1.381245e-06,4.144683e-07,3.163935e-06,1.033400e-06,2.463586e-07,1.149925e-06,1.005840e-07,1.129691e-07,2.184646e-06,1.126543e-06
4.150391,2.978071e-06,1.029781e-05,1.221544e-05,5.724000e-06,2.889354e-06,1.043019e-05,3.722356e-06,2.089507e-06,1.961426e-06,4.949808e-06,2.307594e-06,4.938682e-06,3.997150e-06,1.656992e-06,3.799696e-06,6.915040e-07,4.684095e-07,2.292123e-06,1.165257e-06,5.806701e-07,3.190110e-07,7.323099e-07,2.409041e-07,1.856830e-06,1.322924e-06
4.199219,2.527699e-06,1.308276e-05,1.180682e-05,1.320022e-05,3.196476e-06,1.039937e-05,1.608860e-06,2.338278e-06,2.117724e-06,6.192865e-06,3.747079e-06,5.699416e-06,2.721976e-06,3.174912e-06,3.373494e-06,1.070614e-06,1.259745e-06,2.294415e-06,8.892321e-07,1.085625e-06,4.741077e-07,2.700547e-07,4.163698e-07,1.056960e-06,1.193516e-06
4.248047,2.082770e-06,1.519434e-05,1.111201e-05,1.964836e-05,3.175446e-06,8.588793e-06,3.346802e-06,3.531838e-06,2.611668e-06,5.530864e-06,4.178224e-06,6.365772e-06,2.321346e-06,4.602381e-06,4.830694e-06,1.150867e-06,8.584124e-07,7.070583e-07,8.090218e-07,1.436996e-06,1.298710e-06,6.513234e-07,2.406951e-07,3.195577e-07,2.084346e-06
4.296875,2.891975e-06,1.681508e-05,1.068255e-05,2.116235e-05,3.051691e-06,9.666632e-06,5.911913e-06,4.166976e-06,3.667706e-06,4.863766e-06,3.974537e-06,6.826247e-06,3.038343e-06,4.057620e-06,5.302392e-06,3.567303e-06,9.783660e-07,1.713161e-06,7.911211e-07,1.064153e-06,1.324367e-06,4.274474e-07,6.134657e-07,3.325068e-06,5.329539e-07
4.345703,4.489003e-06,1.809989e-05,1.007322e-05,1.761256e-05,2.935053e-06,1.229592e-05,7.793239e-06,3.532748e-06,4.449843e-06,3.100374e-06,4.476288e-06,5.867830e-06,2.604460e-06,2.772439e-06,3.711248e-06,4.289939e-06,7.683719e-07,1.103929e-06,5.812260e-07,1.553993e-06,8.596740e-07,3.196135e-07,4.665573e-07,3.563429e-06,5.283681e-07
4.394531,5.831687e-06,1.911109e-05,8.883492e-06,1.515458e-05,2.608960e-06,1.259361e-05,8.374224e-06,2.011192e-06,4.610789e-06,1.190617e-06,5.579732e-06,3.478752e-06,1.576925e-06,1.710765e-06,2.217100e-06,2.965202e-06,4.328843e-07,1.624243e-06,7.957177e-07,8.759874e-07,4.082760e-07,6.361966e-07,2.933638e-07,2.191154e-06,7.051227e-07
4.443359,6.769114e-06,1.987726e-05,8.013384e-06,1.984049e-05,1.842406e-06,1.069547e-05,7.024721e-06,1.261998e-06,4.416784e-06,2.936434e-06,6.553243e-06,2.350558e-06,1.518660e-06,1.131615e-06,2.920406e-06,2.604542e-06,8.137088e-07,2.895498e-06,2.759861e-07,7.054515e-07,6.389950e-07,6.446589e-07,3.445359e-07,2.212889e-06,1.514089e-06
4.492188,7.635021e-06,2.032409e-05,8.874421e-06,2.537375e-05,1.025128e-06,8.279260e-06,4.038004e-06,3.141213e-06,4.302277e-06,4.563974e-06,6.197131e-06,3.692136e-06,1.865174e-06,1.417014e-06,2.897237e-06,2.154575e-06,1.348601e-06,2.121958e-06,1.337632e-06,1.078739e-06,5.195352e-07,3.251468e-07,8.581452e-07,2.834364e-06,3.925338e-07
4.541016,8.583267e-06,2.011616e-05,1.082001e-05,2.709305e-05,1.784594e-06,6.083271e-06,1.758525e-06,4.728336e-06,4.678581e-06,5.083067e-06,5.642871e-06,5.068814e-06,2.193163e-06,1.544247e-06,3.009796e-06,1.472322e-06,8.529032e-07,1.856847e-06,1.407839e-06,1.851995e-06,5.378270e-07,3.460376e-07,5.996732e-07,1.847348e-06,1.114202e-06
4.589844,9.316473e-06,1.872645e-05,1.249186e-05,2.523723e-05,3.052041e-06,4.382513e-06,2.927182e-06,5.162022e-06,4.826228e-06,4.989825e-06,6.668785e-06,6.402316e-06,2.272124e-06,7.585278e-08,2.017927e-06,2.152281e-06,3.190739e-07,2.906286e-06,1.559172e-06,1.766507e-06,2.423534e-07,3.590576e-07,2.004022e-07,2.648448e-06,8.727676e-07
4.638672,9.492662e-06,1.584324e-05,1.376950e-05,2.148174e-05,3.885995e-06,3.987419e-06,2.880658e-06,4.766922e-06,3.998686e-06,6.391951e-06,6.474034e-06,6.226062e-06,2.696266e-06,1.014661e-06,1.605401e-06,8.994463e-07,6.613385e-07,3.891331e-06,1.042053e-06,1.313759e-06,8.046614e-07,4.249227e-07,7.900453e-07,2.291384e-06,1.331203e-06
4.687500,9.095337e-06,1.198715e-05,1.533401e-05,1.672297e-05,4.150241e-06,5.548079e-06,1.358719e-06,4.135174e-06,2.484676e-06,8.077970e-06,4.591428e-06,5.517905e-06,3.882534e-06,1.179273e-06,3.204249e-06,6.903293e-07,9.042691e-07,3.756059e-06,1.267270e-06,1.387065e-06,5.668633e-07,7.556003e-07,1.186652e-06,3.518841e-06,1.434749e-06
4.736328,8.421992e-06,9.399932e-06,1.740520e-05,1.199545e-05,4.042733e-06,8.339451e-06,3.135574e-06,3.321437e-06,1.643776e-06,8.264792e-06,4.144231e-06,5.923743e-06,4.349524e-06,3.173241e-06,3.757624e-06,9.786472e-07,9.036215e-07,3.461178e-06,8.045235e-07,6.764124e-07,2.858336e-07,4.959197e-07,1.441131e-06,1.174923e-06,1.343390e-06
4.785156,7.864895e-06,1.086667e-05,1.930934e-05,1.040459e-05,3.866441e-06,1.056178e-05,5.854635e-06,3.068667e-06,2.960634e-06,7.844601e-06,4.165989e-06,4.862668e-06,3.890824e-06,4.979461e-06,4.730564e-06,2.189802e-06,3.772195e-07,3.637211e-06,7.178448e-07,1.351899e-06,9.693278e-07,3.880650e-07,6.937525e-07,4.833161e-07,1.051272e-06
4.833984,7.733583e-06,1.438099e-05,2.017375e-05,1.272286e-05,3.786383e-06,1.127850e-05,7.420499e-06,4.545670e-06,4.762071e-06,7.864837e-06,2.796353e-06,2.124705e-06,4.406365e-06,5.014644e-06,5.985387e-06,1.752609e-06,8.692363e-07,3.350569e-06,8.870864e-07,2.310603e-06,1.396281e-06,2.623147e-07,5.226678e-07,5.047580e-07,1.347091e-06
4.882812,8.185151e-06,1.707392e-05,1.950014e-05,1.553728e-05,3.793322e-06,1.144103e-05,7.546118e-06,5.742512e-06,5.585386e-06,7.855751e-06,1.295347e-06,2.818426e-06,5.422366e-06,4.072037e-06,5.799298e-06,2.573055e-06,1.748892e-06,3.368645e-06,6.610477e-07,1.164898e-06,6.622737e-07,2.070684e-07,5.932679e-07,2.777585e-06,1.476942e-06
4.931641,9.136011e-06,1.809769e-05,1.727457e-05,1.767258e-05,3.821243e-06,1.208684e-05,6.367946e-06,4.960889e-06,4.422726e-06,7.870927e-06,8.995535e-07,3.765050e-06,5.337736e-06,4.106776e-06,4.999066e-06,3.341908e-06,1.698894e-06,2.900747e-06,6.588605e-07,5.068743e-07,2.877889e-07,2.369591e-07,4.883437e-07,4.125419e-06,5.945576e-07
4.980469,1.023275e-05,1.777329e-05,1.396913e-05,1.933899e-05,3.797711e-06,1.211398e-05,4.373864e-06,2.671347e-06,1.844304e-06,8.226788e-06,1.670987e-06,2.047092e-06,3.669523e-06,5.662271e-06,3.391516e-06,3.575399e-06,1.379725e-06,1.654395e-06,3.211367e-07,6.947700e-07,4.671040e-07,7.130489e-07,5.571151e-07,4.493987e-06,6.403184e-07
5.029297,1.100195e-05,1.671652e-05,1.079212e-05,2.064352e-05,3.695413e-06,1.018097e-05,3.435587e-06,1.128469e-06,2.874132e-06,8.374468e-06,2.763557e-06,2.404203e-06,2.659821e-06,6.792941e-06,2.566646e-06,1.872672e-06,1.061539e-06,2.464606e-06,9.030442e-07,9.074273e-07,1.041702e-06,1.081492e-06,9.479501e-07,2.261939e-06,5.135593e-07
5.078125,1.104060e-05,1.514341e-05,9.983061e-06,2.175175e-05,3.568721e-06,6.512924e-06,5.114475e-06,1.328194e-06,4.878046e-06,7.776763e-06,3.492490e-06,4.119916e-06,2.704454e-06,6.007201e-06,3.661004e-06,1.432063e-06,7.460091e-07,3.314334e-06,5.724133e-07,1.262501e-06,8.553971e-07,8.154899e-07,5.164994e-07,1.193004e-06,7.069236e-07
5.126953,1.014891e-05,1.286202e-05,1.224775e-05,2.266310e-05,3.419937e-06,2.433174e-06,6.989269e-06,2.905594e-06,4.854257e-06,6.580795e-06,3.651357e-06,3.636480e-06,1.800408e-06,6.112484e-06,3.142754e-06,2.232589e-06,5.627624e-07,3.100589e-06,8.266625e-07,9.903909e-07,5.309170e-07,7.154360e-07,4.937765e-07,9.350359e-07,6.771104e-07
5.175781,8.406310e-06,9.831091e-06,1.506317e-05,2.266471e-05,3.104722e-06,1.438121e-06,7.983542e-06,4.299792e-06,3.219083e-06,5.627230e-06,2.748853e-06,1.829221e-06,7.283039e-07,6.811423e-06,2.751025e-06,9.926151e-07,2.952086e-07,1.330505e-06,7.291541e-07,1.191366e-06,5.476535e-07,2.189425e-07,6.790551e-08,2.980323e-06,1.852693e-07
5.224609,6.178156e-06,6.479814e-06,1.621383e-05,2.096481e-05,2.562860e-06,3.482370e-06,8.385590e-06,3.708487e-06,3.818948e-06,6.174803e-06,7.790811e-07,3.000740e-07,2.038443e-06,5.730655e-06,2.052530e-06,1.481094e-06,6.833501e-07,1.188351e-06,7.202367e-07,1.173617e-06,3.120755e-07,3.089170e-07,4.811851e-07,2.449226e-06,6.073323e-07
5.273438,4.028118e-06,3.669006e-06,1.489153e-05,1.778748e-05,2.113585e-06,4.150305e-06,8.549747e-06,1.664109e-06,6.700484e-06,7.805361e-06,1.494697e-06,1.586225e-06,3.117059e-06,4.800790e-06,1.990152e-06,2.140925e-06,3.253118e-07,1.829541e-06,7.848804e-07,2.474336e-06,2.204125e-07,1.812288e-07,8.349011e-07,7.098491e-07,7.553294e-07
5.322266,2.520316e-06,3.326715e-06,1.206627e-05,1.482774e-05,2.195004e-06,3.075133e-06,8.049816e-06,2.469241e-06,8.390784e-06,8.702812e-06,2.557376e-06,2.500022e-06,3.361123e-06,5.486916e-06,4.444419e-06,1.421569e-06,3.941570e-07,1.121937e-06,5.576382e-07,2.065753e-06,4.133536e-07,5.389945e-07,4.472625e-07,2.505965e-06,6.848140e-07
5.371094,1.813130e-06,5.671958e-06,1.111356e-05,1.442186e-05,2.517430e-06,1.292460e-06,6.264446e-06,5.416156e-06,8.214342e-06,8.055189e-06,2.715229e-06,1.981729e-06,2.471373e-06,6.233492e-06,4.139645e-06,1.085741e-06,1.056537e-06,1.579689e-06,4.655754e-07,2.702339e-06,8.583401e-07,3.229238e-07,7.436849e-07,4.301297e-06,1.651598e-06
5.419922,1.447752e-06,8.390557e-06,1.413624e-05,1.645066e-05,2.599045e-06,4.807422e-06,3.434081e-06,8.585574e-06,6.615667e-06,6.349484e-06,2.518738e-06,2.039556e-07,1.358780e-06,4.570436e-06,4.596608e-06,2.441249e-06,8.795959e-07,1.917585e-06,3.359836e-07,1.953987e-06,5.585973e-07,8.055659e-08,6.520383e-07,4.072325e-06,1.343482e-06
5.468750,1.166833e-06,1.024130e-05,1.816748e-05,1.849944e-05,2.334481e-06,8.905791e-06,1.666319e-06,1.042081e-05,4.527794e-06,4.191921e-06,2.807558e-06,2.604272e-06,2.503982e-06,6.028421e-06,4.435110e-06,2.540893e-06,2.682862e-07,2.623553e-06,3.933050e-07,1.558402e-06,3.157117e-07,1.830729e-07,4.728619e-07,3.800973e-06,1.138426e-06
5.517578,1.166919e-06,1.042405e-05,2.094372e-05,1.916536e-05,1.792024e-06,1.123947e-05,2.948984e-06,9.965628e-06,4.345151e-06,1.902020e-06,4.244264e-06,3.847036e-06,2.195497e-06,6.261863e-06,4.584185e-06,2.445413e-06,2.412380e-07,3.106664e-06,1.288336e-07,1.023173e-06,6.934965e-07,1.781942e-07,2.308534e-07,2.248833e-06,5.509097e-07
5.566406,1.631858e-06,8.747118e-06,2.224989e-05,1.868105e-05,1.057881e-06,1.097110e-05,3.458985e-06,8.905162e-06,6.038850e-06,1.843949e-06,5.451631e-06,3.345746e-06,6.491902e-07,5.300912e-06,5.192040e-06,1.862691e-06,2.839479e-07,2.547726e-06,4.850200e-07,1.779495e-06,9.418268e-07,2.714479e-07,3.842137e-07,6.536973e-06,5.954422e-07
5.615234,2.561972e-06,5.771921e-06,2.270775e-05,1.817603e-05,7.668245e-07,9.010347e-06,2.761139e-06,9.260949e-06,6.396873e-06,2.677659e-06,5.779638e-06,2.586195e-06,3.078163e-06,6.282015e-06,3.802245e-06,1.885978e-06,4.236148e-07,7.121574e-07,5.860640e-07,1.529694e-06,3.452176e-07,6.394227e-07,3.645135e-07,6.000102e-06,1.093747e-06
5.664062,3.686289e-06,2.591129e-06,2.293747e-05,1.852909e-05,1.632994e-06,8.041644e-06,1.760075e-06,9.439290e-06,4.910148e-06,2.327225e-06,4.974473e-06,1.742009e-06,3.640977e-06,5.582745e-06,2.018207e-06,2.164242e-06,6.040679e-07,4.391573e-07,9.853573e-07,3.472648e-07,3.318740e-07,4.767295e-07,4.135964e-07,3.936594e-06,7.983047e-07
5.712891,4.525047e-06,3.587898e-07,2.367631e-05,1.917421e-05,2.519244e-06,9.333631e-06,1.512103e-06,8.085839e-06,3.741450e-06,2.018317e-06,2.981137e-06,1.558295e-06,2.872800e-06,4.902201e-06,2.069803e-06,2.593532e-06,6.385961e-07,1.748407e-06,1.325747e-06,3.662318e-07,3.076489e-07,2.727688e-07,1.299402e-07,3.438757e-06,2.336280e-06
5.761719,4.652270e-06,2.853740e-07,2.585760e-05,1.808753e-05,3.006203e-06,1.096973e-05,1.405293e-06,5.832101e-06,3.758221e-06,3.125372e-06,1.117294e-06,3.585208e-06,2.043042e-06,5.926846e-06,2.554626e-06,1.432592e-06,4.402072e-07,2.393967e-06,1.031812e-06,3.761143e-07,3.594294e-07,1.595109e-07,2.301121e-07,5.415973e-06,1.680900e-06
5.810547,3.939907e-06,1.245985e-06,2.947671e-05,1.331007e-05,3.052822e-06,1.202449e-05,6.156741e-07,3.326825e-06,3.206289e-06,5.650801e-06,1.274752e-06,4.759850e-06,1.151978e-06,8.240109e-06,1.436611e-06,3.788673e-06,4.168778e-07,3.470367e-06,8.343221e-07,5.297769e-07,5.384738e-07,1.572818e-07,1.673168e-07,9.599938e-07,1.373731e-07
5.859375,2.656893e-06,3.972019e-06,3.311313e-05,4.672181e-06,2.850565e-06,1.263526e-05,1.129010e-06,1.122537e-06,2.683947e-06,8.013645e-06,2.490517e-06,5.349232e-06,8.215238e-07,6.674099e-06,6.757205e-07,4.136199e-06,3.189418e-07,2.266868e-06,4.630789e-07,7.295567e-07,1.023447e-06,1.346477e-07,5.380486e-07,3.668050e-06,1.122753e-06
5.908203,1.383173e-06,7.463846e-06,3.537935e-05,6.447443e-06,2.681221e-06,1.254892e-05,2.663202e-06,1.569446e-06,3.236879e-06,8.714802e-06,2.989267e-06,5.225766e-06,1.730367e-06,2.471234e-06,2.085308e-06,2.599255e-06,4.509828e-07,5.713119e-07,3.282536e-07,1.315702e-06,1.384216e-06,1.716099e-07,5.697124e-07,6.873210e-07,1.012037e-06
5.957031,7.985646e-07,1.093076e-05,3.583219e-05,1.564133e-05,2.702577e-06,1.141921e-05,3.888873e-06,2.443490e-06,4.749899e-06,7.663166e-06,1.399216e-06,4.136795e-06,5.339199e-07,2.762957e-06,3.877611e-06,3.394592e-06,1.479540e-07,6.265599e-07,1.674166e-07,8.204706e-07,8.937519e-07,3.985232e-07,1.946240e-07,1.694360e-06,6.235099e-07
6.005859,1.260212e-06,1.360669e-05,3.476722e-05,2.045784e-05,2.810660e-06,9.900093e-06,4.687985e-06,3.920518e-06,6.378062e-06,5.904693e-06,1.891982e-06,3.892157e-06,8.255938e-07,4.339623e-06,6.212817e-06,4.390326e-06,3.868177e-07,4.830533e-07,4.593560e-07,1.563775e-06,6.368428e-07,5.115405e-07,2.341433e-07,1.262852e-06,7.879399e-07
6.054688,2.576955e-06,1.482646e-05,3.248738e-05,2.001356e-05,2.734790e-06,9.135845e-06,4.887084e-06,5.382184e-06,7.143785e-06,5.632678e-06,4.915807e-06,2.934472e-06,2.273007e-06,4.430275e-06,6.431157e-06,2.522420e-06,6.769913e-07,2.089937e-06,2.716678e-07,2.704333e-07,2.125189e-07,3.383431e-07,1.363400e-07,1.758526e-06,1.001596e-06
6.103516,4.343237e-06,1.425401e-05,2.912398e-05,1.636912e-05,2.263612e-06,8.888237e-06,4.272802e-06,5.031211e-06,7.025350e-06,8.195304e-06,6.426121e-06,6.838614e-07,4.111977e-06,3.880672e-06,1.570933e-06,2.562863e-06,8.907682e-07,2.207668e-06,8.999093e-07,6.148630e-07,1.502018e-07,5.319626e-07,6.149903e-07,3.699631e-06,8.942268e-07
6.152344,5.959075e-06,1.224444e-05,2.513418e-05,1.369804e-05,1.430200e-06,8.394187e-06,3.246144e-06,2.557438e-06,6.264481e-06,1.088734e-05,6.187931e-06,2.932546e-06,4.097343e-06,3.437936e-06,4.349214e-06,4.861111e-06,7.482233e-07,5.462989e-07,1.044183e-06,2.229240e-07,1.085658e-07,3.971321e-07,6.947254e-07,2.053708e-06,1.013906e-07
6.201172,7.030816e-06,1.023496e-05,2.143104e-05,1.435549e-05,6.652034e-07,8.034839e-06,2.763064e-06,1.629213e-06,5.103719e-06,1.150106e-05,6.079297e-06,4.593622e-06,3.176288e-06,2.705720e-06,7.249471e-06,4.341654e-06,6.565092e-07,2.640903e-06,4.469205e-07,2.678029e-07,4.861659e-07,4.650951e-07,5.535041e-07,2.702475e-06,1.356674e-06
6.250000,7.651935e-06,1.036613e-05,1.858824e-05,1.621032e-05,7.803017e-07,7.937935e-06,2.763411e-06,4.082098e-06,4.011617e-06,9.790368e-06,6.885633e-06,6.993275e-06,2.812544e-06,1.170388e-06,8.211014e-06,2.932512e-06,3.550463e-07,3.873936e-06,8.034212e-07,9.285439e-07,5.550491e-07,6.521360e-07,6.744882e-07,5.022560e-06,7.450666e-07
6.298828,8.222323e-06,1.278795e-05,1.633979e-05,1.757117e-05,9.426229e-07,7.165295e-06,3.143848e-06,4.710673e-06,3.432356e-06,6.956179e-06,6.233131e-06,8.347458e-06,2.644998e-06,2.189487e-06,6.594170e-06,1.886971e-06,3.620683e-07,2.477265e-06,8.178436e-07,1.171398e-06,2.649707e-07,4.567346e-07,3.515502e-07,5.510969e-06,5.501319e-07
6.347656,8.789218e-06,1.574100e-05,1.443549e-05,1.832887e-05,6.816665e-07,5.467390e-06,4.647878e-06,3.398622e-06,4.145942e-06,4.497135e-06,4.023288e-06,8.098015e-06,2.432464e-06,3.014116e-06,4.413430e-06,2.440957e-06,4.351627e-07,3.071284e-06,4.968037e-07,1.342790e-06,9.263068e-08,3.887813e-07,1.210200e-07,1.277161e-06,1.175442e-06
6.396484,8.828254e-06,1.804691e-05,1.304179e-05,1.837163e-05,2.280345e-07,3.895680e-06,6.415768e-06,1.483029e-06,4.798980e-06,3.383590e-06,2.598655e-06,6.186808e-06,2.247641e-06,3.285915e-06,4.238982e-06,2.814591e-06,1.163711e-06,2.810728e-06,7.760895e-07,1.564536e-06,6.418353e-08,3.130215e-07,3.303956e-07,1.131049e-06,1.532188e-06
6.445312,7.861723e-06,1.912992e-05,1.170039e-05,1.711100e-05,1.396442e-07,3.213396e-06,7.174161e-06,2.129415e-06,4.047541e-06,3.484400e-06,2.864808e-06,5.433994e-06,2.520252e-06,4.072222e-06,3.972224e-06,4.381357e-06,9.034841e-07,3.347971e-06,6.726272e-07,1.075518e-06,2.646846e-07,1.633753e-07,3.969762e-07,1.532132e-06,9.212668e-07
6.494141,6.126500e-06,1.862589e-05,9.304518e-06,1.411261e-05,2.767625e-07,2.521462e-06,6.378086e-06,3.325074e-06,2.646752e-06,3.431549e-06,3.176909e-06,6.897734e-06,3.113532e-06,5.854602e-06,2.927175e-06,3.163925e-06,1.035618e-06,1.649138e-06,5.849808e-07,1.197500e-06,3.072450e-07,2.693685e-07,2.228710e-07,1.813043e-06,3.160797e-07
6.542969,4.965999e-06,1.643678e-05,5.638221e-06,1.035923e-05,6.819611e-07,1.494717e-06,4.322370e-06,3.874170e-06,1.883053e-06,2.472643e-06,2.625337e-06,7.752853e-06,3.048839e-06,6.846640e-06,5.551440e-08,1.431339e-06,9.193049e-07,1.783279e-06,4.537388e-07,2.494169e-06,4.208122e-07,1.637148e-07,4.165440e-07,1.561470e-06,8.153874e-07
6.591797,5.607579e-06,1.294483e-05,3.517822e-06,9.720148e-06,1.219327e-06,1.649370e-06,2.273473e-06,4.260440e-06,1.878010e-06,3.371402e-06,1.760458e-06,7.581580e-06,1.551420e-06,6.021792e-06,2.730769e-06,2.200155e-06,6.222478e-07,3.185774e-06,6.715242e-07,1.063309e-06,3.522069e-07,1.788055e-07,3.743259e-07,1.623768e-06,8.613329e-07
6.640625,6.680284e-06,9.037582e-06,6.544046e-06,1.374594e-05,1.568234e-06,2.606515e-06,2.435365e-06,4.106565e-06,2.144520e-06,5.400554e-06,2.052778e-06,6.699105e-06,8.680005e-07,5.123184e-06,2.295318e-06,1.552604e-06,4.013392e-07,4.081096e-06,1.345063e-06,7.861783e-07,3.594497e-07,1.773057e-07,2.034295e-07,4.129930e-06,2.483494e-07
6.689453,6.688944e-06,5.867323e-06,1.007143e-05,1.861835e-05,1.614006e-06,3.216443e-06,3.722539e-06,3.573242e-06,2.448145e-06,5.639053e-06,2.805755e-06,5.248246e-06,1.039780e-06,5.109067e-06,2.716055e-06,8.211340e-08,4.645123e-07,3.382161e-06,1.543362e-06,2.627393e-07,2.086565e-07,3.336722e-08,2.858173e-07,2.315877e-06,3.286449e-07
6.738281,5.274612e-06,4.377862e-06,1.290822e-05,2.228271e-05,1.448922e-06,4.114051e-06,5.428202e-06,4.474758e-06,2.922512e-06,4.492909e-06,2.773738e-06,3.744682e-06,7.609756e-07,4.339543e-06,3.447010e-06,1.338707e-06,2.074290e-07,2.009401e-06,8.724047e-07,5.276927e-07,3.334346e-07,3.327898e-07,5.072662e-07,2.680916e-06,2.027060e-07
6.787109,2.851857e-06,4.404948e-06,1.506693e-05,2.381941e-05,1.189090e-06,6.027562e-06,7.255369e-06,5.506436e-06,3.096617e-06,3.378830e-06,1.667086e-06,3.492708e-06,1.185998e-06,3.542690e-06,2.199611e-06,1.779160e-06,3.011117e-07,2.053367e-06,7.336297e-07,5.280759e-07,5.881424e-07,2.191723e-07,2.912852e-07,3.102148e-06,9.735360e-07
6.835938,1.315657e-06,4.989758e-06,1.616971e-05,2.242133e-05,8.694792e-07,8.133643e-06,7.990495e-06,4.999498e-06,3.383311e-06,3.998910e-06,6.862104e-07,4.632142e-06,3.793199e-06,4.766133e-06,7.360219e-07,1.381667e-06,3.401046e-07,3.208618e-06,5.414400e-07,1.425337e-06,2.110322e-07,1.579283e-07,5.570969e-07,2.009720e-06,8.651497e-07
6.884766,3.386307e-06,5.519311e-06,1.579000e-05,1.804080e-05,6.998343e-07,9.198285e-06,7.348441e-06,3.763906e-06,4.283559e-06,6.560315e-06,2.064849e-06,4.666543e-06,5.030777e-06,6.890356e-06,3.466971e-06,1.591331e-06,2.358858e-07,3.730948e-06,1.010337e-06,1.928289e-06,4.205694e-07,1.203821e-07,1.997195e-07,3.025569e-06,4.729331e-07
6.933594,5.277464e-06,5.648528e-06,1.419322e-05,1.252733e-05,9.540210e-07,8.735705e-06,6.874851e-06,3.256337e-06,5.064962e-06,8.182154e-06,3.404239e-06,2.643548e-06,3.569329e-06,7.478895e-06,6.900941e-06,1.683554e-06,9.893205e-08,2.390161e-06,3.753847e-07,1.610151e-06,4.386417e-07,3.378700e-07,3.413567e-07,3.682985e-06,1.653079e-07
6.982422,6.377567e-06,5.412962e-06,1.223840e-05,9.632825e-06,1.240501e-06,7.412178e-06,7.412000e-06,3.586154e-06,5.375261e-06,8.175734e-06,4.489770e-06,8.425514e-08,3.221201e-06,5.918088e-06,6.922231e-06,1.325816e-06,2.128103e-07,2.923663e-06,9.568549e-07,7.248473e-07,3.106126e-07,2.507863e-07,1.956118e-07,2.100210e-06,3.064349e-07
7.031250,6.915343e-06,5.313531e-06,1.042455e-05,9.891047e-06,1.262081e-06,6.553014e-06,7.384693e-06,4.308798e-06,5.175501e-06,7.565108e-06,5.436621e-06,2.822514e-06,4.881278e-06,4.302131e-06,6.764963e-06,3.501534e-06,2.248564e-07,2.367500e-06,8.521411e-07,9.033779e-07,1.956635e-07,2.328662e-07,2.769809e-07,1.863953e-06,4.696980e-07
7.080078,7.399808e-06,5.781905e-06,8.499763e-06,9.442867e-06,1.022755e-06,6.532111e-06,6.188250e-06,4.707231e-06,5.020298e-06,6.804458e-06,6.085157e-06,4.684850e-06,4.767526e-06,3.633188e-06,8.967946e-06,4.140608e-06,5.569614e-07,7.001324e-07,5.581261e-07,9.940927e-07,2.585037e-07,3.461644e-07,4.276231e-07,4.000607e-06,1.119000e-06
7.128906,8.248206e-06,6.630796e-06,6.441604e-06,7.547370e-06,7.892483e-07,6.620032e-06,4.931755e-06,4.970634e-06,5.579513e-06,5.708906e-06,6.246148e-06,4.273113e-06,4.167927e-06,2.805921e-06,7.679493e-06,2.303511e-06,5.270263e-07,2.062996e-06,2.003704e-07,7.679138e-07,2.064606e-07,3.561552e-07,6.551900e-07,1.695794e-06,1.255991e-06
7.177734,9.451660e-06,7.451473e-06,5.109566e-06,5.790493e-06,9.020238e-07,6.445797e-06,4.665929e-06,5.798393e-06,5.645801e-06,4.527138e-06,5.345909e-06,2.486651e-06,6.029111e-06,3.075341e-06,5.960246e-06,1.337373e-06,4.759475e-07,2.017000e-06,3.595531e-07,8.832170e-07,6.168415e-07,6.361647e-07,5.405298e-07,6.164085e-07,8.744870e-07
7.226562,1.066234e-05,8.022595e-06,4.973411e-06,5.297203e-06,1.110271e-06,6.005533e-06,5.397319e-06,7.010514e-06,3.932475e-06,4.769838e-06,3.904328e-06,3.395400e-06,7.100802e-06,4.107086e-06,4.286568e-06,1.273301e-06,4.923134e-07,1.902507e-06,2.149109e-07,1.461199e-06,8.827373e-07,3.111081e-07,2.802037e-07,1.612153e-06,1.193898e-07
7.275391,1.149456e-05,8.455843e-06,5.060942e-06,8.030599e-06,1.121499e-06,5.541104e-06,6.422039e-06,8.586111e-06,1.712474e-06,6.491164e-06,3.765512e-06,5.354217e-06,4.555758e-06,3.817634e-06,2.796577e-06,1.739534e-06,3.868846e-07,2.917749e-06,1.232569e-07,9.602562e-07,6.429715e-07,1.185025e-07,3.305903e-07,5.572010e-06,7.332993e-07
7.324219,1.170675e-05,9.407314e-06,4.736560e-06,1.365741e-05,1.098428e-06,5.440794e-06,6.791488e-06,1.049536e-05,3.566491e-06,8.424676e-06,3.171037e-06,5.786202e-06,1.044248e-06,3.982157e-06,3.088809e-06,8.593726e-07,1.761349e-07,2.725511e-06,4.397158e-07,5.046042e-07,1.669556e-07,2.500086e-07,2.018327e-07,3.659987e-06,5.188593e-07
7.373047,1.126690e-05,1.159708e-05,4.072027e-06,1.870790e-05,1.391825e-06,5.308606e-06,6.683854e-06,1.147221e-05,5.259963e-06,9.977031e-06,9.554034e-07,5.146988e-06,1.054609e-06,3.641857e-06,4.650458e-06,7.231490e-07,9.570863e-08,1.988298e-06,9.384501e-07,8.822948e-07,3.362850e-07,1.553548e-07,6.495646e-08,5.258548e-07,5.289172e-07
7.421875,1.035018e-05,1.467705e-05,3.567271e-06,2.044305e-05,1.752961e-06,4.250012e-06,7.068148e-06,9.956797e-06,5.747611e-06,1.018081e-05,1.559108e-06,4.002856e-06,1.599307e-06,2.393192e-06,4.159047e-06,1.510074e-06,1.438114e-07,2.317462e-06,7.370879e-07,1.619490e-06,3.348729e-07,2.279089e-07,4.612009e-07,4.818999e-06,4.595293e-07
7.470703,9.271880e-06,1.745772e-05,4.428185e-06,1.865461e-05,1.768657e-06,1.997343e-06,7.339417e-06,6.690847e-06,5.462762e-06,8.523016e-06,3.160702e-06,2.569731e-06,1.367756e-06,2.202259e-06,1.149379e-06,2.112462e-06,2.532750e-07,2.156463e-06,1.258012e-06,1.652341e-06,1.932074e-07,2.802220e-07,5.812760e-07,3.405136e-06,4.842806e-07
7.519531,8.362721e-06,1.889618e-05,6.386946e-06,1.663080e-05,1.355722e-06,1.210981e-06,6.299394e-06,6.060028e-06,4.395676e-06,6.446517e-06,3.942433e-06,6.571719e-07,1.290111e-06,3.433448e-06,2.881908e-06,2.475378e-06,2.412637e-07,2.156350e-06,7.067977e-07,2.063181e-06,3.294136e-07,2.627597e-07,5.394491e-07,7.289685e-07,9.604845e-07
7.568359,7.826765e-06,1.863665e-05,7.747347e-06,1.784800e-05,7.762221e-07,4.123737e-06,4.393968e-06,7.334161e-06,3.041210e-06,7.442260e-06,4.187743e-06,1.174953e-06,1.074432e-06,4.039841e-06,5.519044e-06,2.423554e-06,1.928447e-07,1.099083e-06,9.944902e-07,2.184751e-06,5.087189e-08,3.508440e-07,3.853316e-07,4.194373e-06,5.925892e-07
7.617188,7.661984e-06,1.709866e-05,7.365792e-06,1.977558e-05,5.113670e-07,6.311311e-06,3.703989e-06,6.957854e-06,2.231611e-06,9.195734e-06,3.951185e-06,1.321831e-06,7.156251e-07,4.063510e-06,5.427503e-06,2.743955e-06,1.495593e-07,1.636401e-06,9.505908e-07,1.576859e-06,3.429451e-07,5.468588e-08,3.689645e-07,3.067718e-06,7.889058e-07
7.666016,7.690048e-06,1.518331e-05,5.073346e-06,1.905710e-05,5.302547e-07,7.475850e-06,4.199176e-06,6.154852e-06,2.502059e-06,7.620260e-06,3.600060e-06,9.595792e-07,2.238035e-07,5.614317e-06,3.545459e-06,3.540634e-06,3.581496e-07,2.294343e-06,3.164185e-07,6.241579e-07,7.359868e-08,2.353874e-07,4.470761e-07,3.059317e-06,7.092767e-07
7.714844,7.637199e-06,1.368092e-05,1.591634e-06,1.695753e-05,5.265776e-07,7.753947e-06,3.819832e-06,5.849670e-06,3.324822e-06,3.731796e-06,3.571939e-06,2.208909e-06,9.816214e-07,6.438858e-06,6.626806e-07,3.484364e-06,3.169968e-07,3.004447e-06,7.510782e-07,6.569616e-07,1.610101e-07,1.964960e-07,4.224749e-07,1.506060e-06,5.475509e-07
7.763672,7.220024e-06,1.272323e-05,2.021223e-06,1.782005e-05,7.369910e-07,7.050712e-06,2.356961e-06,6.340520e-06,3.354231e-06,6.858375e-06,3.887298e-06,2.077945e-06,1.643330e-06,5.969507e-06,1.852060e-06,2.688102e-06,4.626553e-07,3.871286e-06,4.877327e-07,4.545671e-07,3.595861e-07,4.901204e-07,4.813065e-07,1.935374e-06,4.574466e-07
7.812500,6.268910e-06,1.183158e-05,4.785658e-06,2.114367e-05,1.024591e-06,5.113722e-06,9.649732e-07,8.328172e-06,2.794584e-06,1.104887e-05,4.200185e-06,1.212690e-06,1.515462e-06,4.349205e-06,2.324228e-06,3.551398e-06,6.596082e-07,3.907695e-06,5.976227e-07,8.584003e-07,4.443260e-07,4.376948e-07,5.878854e-08,2.521333e-06,7.554983e-07
7.861328,4.927109e-06,1.044059e-05,6.287798e-06,2.284846e-05,1.143482e-06,2.526224e-06,1.025315e-06,9.520835e-06,3.577870e-06,1.143596e-05,3.205057e-06,9.851196e-07,1.116718e-06,1.196794e-06,6.433685e-07,4.567166e-06,3.905136e-07,3.302089e-06,8.870360e-07,1.245319e-06,4.571095e-07,9.951952e-08,2.348661e-07,5.556020e-06,2.188344e-07
7.910156,3.958561e-06,8.287297e-06,6.312427e-06,2.223210e-05,1.071590e-06,2.092540e-06,2.176246e-06,8.322296e-06,5.245613e-06,9.308780e-06,8.712619e-07,1.853926e-06,8.880798e-07,1.259661e-06,2.195577e-06,3.960285e-06,8.630742e-08,2.375328e-06,1.041458e-06,8.754160e-07,2.247926e-07,1.600616e-07,3.480179e-07,2.314663e-06,4.713405e-07
7.958984,4.405414e-06,5.580375e-06,4.733209e-06,2.148942e-05,9.528426e-07,3.602663e-06,4.362247e-06,5.234888e-06,5.954511e-06,8.980132e-06,1.477543e-06,2.829885e-06,2.680997e-06,2.044325e-06,3.349714e-06,4.962447e-06,5.075585e-07,2.114129e-06,5.921794e-07,3.196371e-07,2.536426e-07,3.627351e-07,2.693573e-07,4.614633e-06,4.957127e-07
8.007812,5.728027e-06,3.241000e-06,2.387159e-06,2.118070e-05,9.972723e-07,4.508111e-06,6.236450e-06,1.539307e-06,5.162244e-06,1.128957e-05,2.091923e-06,2.039939e-06,3.677140e-06,3.008260e-06,3.704313e-06,5.069921e-06,6.181221e-07,3.220082e-07,3.473998e-07,5.378340e-07,3.579180e-07,2.639467e-07,1.630958e-07,1.986242e-06,2.682589e-07
8.056641,6.879627e-06,3.373454e-06,4.729197e-06,1.896074e-05,1.189748e-06,4.418711e-06,6.546341e-06,1.673899e-06,3.752521e-06,1.443969e-05,3.941870e-06,2.762770e-06,3.227573e-06,2.281000e-06,6.884757e-06,4.634917e-06,7.576909e-07,9.393159e-07,5.303776e-07,1.097543e-06,2.943840e-07,4.028691e-07,2.086216e-07,3.847721e-06,3.833165e-07
8.105469,7.607260e-06,5.456099e-06,9.582942e-06,1.393795e-05,1.292925e-06,3.042553e-06,5.102927e-06,3.369694e-06,3.015210e-06,1.732052e-05,5.524945e-06,4.718904e-06,1.463059e-06,2.758505e-06,7.407478e-06,4.372072e-06,5.079957e-07,6.743383e-07,1.238996e-06,1.237331e-06,2.282677e-07,2.627456e-07,5.771451e-08,3.011042e-06,6.237678e-07
8.154297,8.190179e-06,7.809986e-06,1.433732e-05,9.898587e-06,1.228694e-06,1.215471e-06,2.808173e-06,3.490794e-06,3.190264e-06,1.810571e-05,4.790004e-06,4.296913e-06,1.734863e-06,4.338318e-06,5.707819e-06,3.025995e-06,3.563474e-07,1.915125e-06,1.006680e-06,8.579036e-07,2.804684e-07,6.794631e-08,5.172612e-08,3.288347e-06,1.145616e-06
8.203125,8.873982e-06,9.856946e-06,1.859832e-05,1.159674e-05,1.253492e-06,1.678689e-06,1.501791e-06,2.543090e-06,3.739061e-06,1.648965e-05,3.133362e-06,2.987375e-06,2.426953e-06,6.182548e-06,4.054243e-06,2.275278e-06,1.612634e-07,2.228338e-06,2.948927e-07,8.544220e-07,4.356796e-07,2.774627e-07,1.934768e-07,2.228388e-06,1.223069e-06
8.251953,9.467113e-06,1.091426e-05,2.234168e-05,1.362240e-05,1.563619e-06,1.663717e-06,2.467417e-06,1.718920e-06,4.853338e-06,1.391008e-05,2.554506e-06,2.525971e-06,2.319213e-06,6.669308e-06,3.322073e-06,3.345012e-06,9.797820e-08,1.273952e-06,4.295744e-07,1.386234e-06,6.715437e-07,1.234899e-07,2.100765e-07,1.964817e-06,1.131292e-06
8.300781,9.558078e-06,1.037070e-05,2.520534e-05,1.179523e-05,1.869960e-06,1.284520e-06,3.536798e-06,3.427311e-06,6.580463e-06,1.113354e-05,2.441229e-06,4.318934e-06,3.369358e-06,6.181782e-06,3.790546e-06,2.747752e-06,1.058357e-07,1.372483e-06,4.393329e-07,1.703955e-06,6.489181e-07,2.908505e-08,8.055846e-08,2.671786e-07,1.018444e-07
8.349609,8.924257e-06,8.319924e-06,2.644687e-05,6.434154e-06,1.923214e-06,2.739531e-06,4.308768e-06,5.474709e-06,7.506666e-06,8.486770e-06,2.846448e-06,5.680726e-06,4.450638e-06,5.189707e-06,5.214213e-06,1.691545e-06,2.746430e-07,6.881065e-07,3.840397e-07,2.238958e-06,7.146772e-07,2.086741e-07,1.652264e-07,2.511694e-06,2.335877e-07
8.398438,7.624667e-06,6.247603e-06,2.554953e-05,3.012399e-06,1.747098e-06,3.670972e-06,4.822441e-06,6.071770e-06,7.344245e-06,7.067261e-06,2.400821e-06,6.401189e-06,3.258153e-06,4.556414e-06,4.233526e-06,1.413255e-06,2.177710e-07,2.533780e-06,2.148226e-07,2.266491e-06,5.666205e-07,2.299422e-07,8.991649e-08,5.302139e-06,2.663221e-07
8.447266,5.821341e-06,6.608478e-06,2.272727e-05,8.987092e-06,1.492120e-06,4.249863e-06,4.807992e-06,4.940376e-06,7.081311e-06,7.284454e-06,9.604901e-07,6.124706e-06,5.579796e-07,4.806713e-06,2.252431e-06,1.135294e-06,1.162248e-07,3.612693e-06,5.917450e-07,1.345989e-06,5.223671e-07,9.631420e-08,9.478210e-08,2.738840e-06,1.009650e-06
8.496094,3.625105e-06,8.401366e-06,1.887602e-05,1.386362e-05,1.218632e-06,5.085918e-06,3.914082e-06,2.957812e-06,6.134779e-06,7.745552e-06,1.337839e-06,4.127804e-06,1.727772e-06,5.159919e-06,1.735711e-06,1.072167e-06,2.069009e-07,3.736431e-06,3.295635e-07,4.471790e-07,5.490497e-07,1.151722e-07,2.270910e-07,2.231213e-06,1.044593e-06
8.544922,1.383804e-06,9.206410e-06,1.511960e-05,1.595259e-05,8.823425e-07,4.994987e-06,2.373131e-06,2.663341e-06,4.339415e-06,6.603734e-06,1.253898e-06,3.252602e-06,2.711348e-06,4.571721e-06,1.393369e-06,3.614915e-07,1.663948e-07,1.772643e-06,2.454179e-08,6.791980e-07,2.618777e-07,1.741465e-07,1.603553e-07,3.241513e-06,8.195291e-07
8.593750,2.220687e-06,8.408142e-06,1.226549e-05,1.548280e-05,4.973836e-07,3.736446e-06,1.322465e-06,4.433741e-06,4.449032e-06,3.771230e-06,4.390952e-07,3.722808e-06,2.102789e-06,3.528978e-06,1.895098e-06,5.893419e-07,3.868749e-08,1.700837e-06,1.959728e-07,2.632293e-07,2.427613e-07,2.008500e-07,7.302569e-08,6.471097e-06,3.736267e-07
8.642578,4.488420e-06,6.706786e-06,1.057387e-05,1.399736e-05,2.949872e-07,3.511256e-06,1.484737e-06,5.757280e-06,6.124150e-06,9.963586e-07,2.323513e-06,3.810509e-06,2.685898e-06,2.810951e-06,3.446445e-06,1.466078e-06,2.488492e-07,1.237700e-06,4.869010e-07,1.439208e-06,2.465062e-07,2.290862e-07,1.305886e-07,5.058045e-06,5.231130e-07
8.691406,6.094087e-06,5.472262e-06,9.872619e-06,1.348989e-05,5.188167e-07,4.405698e-06,1.744189e-06,6.540738e-06,7.588287e-06,5.938420e-07,4.063498e-06,3.072240e-06,3.195644e-06,1.583000e-06,4.545889e-06,1.910916e-06,3.950716e-07,3.687351e-07,7.252101e-07,1.338400e-06,2.314346e-07,2.947621e-07,1.525617e-07,3.929170e-06,6.821964e-07
8.740234,6.729678e-06,5.370882e-06,9.804276e-06,1.462106e-05,7.536030e-07,4.689221e-06,2.180646e-06,6.845787e-06,8.820483e-06,1.347319e-06,4.794901e-06,3.110225e-06,1.833943e-06,2.849302e-07,5.120380e-06,1.398105e-06,3.903680e-07,1.508599e-06,3.693361e-07,7.783142e-07,4.147409e-07,3.135270e-07,1.859927e-07,3.485649e-06,7.289571e-07
8.789062,6.545694e-06,5.492299e-06,1.005483e-05,1.687625e-05,8.452958e-07,5.138933e-06,2.450790e-06,5.862198e-06,9.600851e-06,2.496487e-06,4.254400e-06,2.500330e-06,2.210598e-06,1.445057e-06,4.076537e-06,5.813840e-07,2.523590e-07,2.592994e-06,5.601255e-07,1.185983e-06,1.379649e-07,2.211901e-07,1.701040e-07,1.713316e-06,4.469604e-07
8.837891,5.940454e-06,5.048437e-06,1.045015e-05,1.981969e-05,7.838310e-07,6.182679e-06,2.126606e-06,4.029122e-06,9.525013e-06,3.802376e-06,3.322029e-06,1.153511e-06,3.369415e-06,2.081188e-06,1.828060e-06,1.106535e-06,2.016033e-07,1.729049e-06,3.371985e-07,7.790345e-07,3.294196e-07,1.729993e-07,6.147828e-08,3.204699e-06,5.686152e-07
8.886719,5.173839e-06,4.021444e-06,1.081520e-05,2.270446e-05,6.377355e-07,6.878107e-06,1.933737e-06,3.303023e-06,8.760613e-06,4.673572e-06,2.751471e-06,7.302349e-07,2.922316e-06,3.063262e-06,1.479240e-06,1.131880e-06,3.548265e-07,1.365356e-06,4.994147e-07,7.042524e-07,4.026279e-07,3.980169e-08,7.951393e-08,5.065233e-06,3.028822e-07
8.935547,4.217713e-06,2.823687e-06,1.076071e-05,2.443504e-05,4.651861e-07,6.892490e-06,2.499290e-06,2.602215e-06,8.020504e-06,5.258985e-06,1.877969e-06,5.495351e-07,1.968463e-06,2.282976e-06,1.986221e-06,2.724689e-06,3.398476e-07,1.097359e-06,7.254859e-07,1.191232e-06,1.099561e-07,1.556102e-07,9.316570e-08,3.492569e-06,2.320549e-07
8.984375,3.293244e-06,2.426403e-06,9.725525e-06,2.435329e-05,2.392151e-07,6.373155e-06,2.804435e-06,5.624975e-07,6.673576e-06,5.435622e-06,6.317086e-07,9.726273e-07,1.843397e-06,1.484464e-06,2.409720e-06,4.180131e-06,2.350181e-07,7.488634e-07,2.117757e-07,2.330675e-06,2.729866e-07,1.376872e-07,7.441006e-08,1.768994e-06,3.828311e-07
9.033203,3.523935e-06,3.562841e-06,7.324462e-06,2.261338e-05,7.966653e-08,5.400289e-06,2.506041e-06,1.660743e-06,3.843816e-06,3.950586e-06,1.193733e-07,1.773910e-06,3.479165e-06,1.882342e-06,3.165900e-06,2.797097e-06,8.376049e-08,6.234178e-07,5.398837e-07,7.957651e-07,2.223494e-07,2.871077e-07,8.514308e-08,2.072749e-06,6.307723e-07
9.082031,5.091813e-06,5.235265e-06,3.747019e-06,1.979686e-05,3.569189e-07,4.177889e-06,2.136613e-06,2.500360e-06,1.898179e-06,1.378641e-06,3.366923e-07,3.088938e-06,4.678047e-06,1.962181e-06,2.915245e-06,8.376016e-07,1.836008e-07,5.058532e-07,4.386531e-07,5.176430e-07,4.481322e-07,1.590868e-07,1.456110e-07,3.232374e-06,5.304011e-07
9.130859,6.736788e-06,6.650985e-06,1.131668e-06,1.627126e-05,5.211069e-07,3.284487e-06,1.883900e-06,2.062631e-06,3.196889e-06,3.710342e-06,1.638526e-06,4.304155e-06,4.498757e-06,2.601216e-06,2.660406e-06,2.825677e-06,2.488385e-07,1.769573e-06,2.859295e-07,6.374164e-07,5.436258e-07,2.854620e-07,1.287057e-07,2.199995e-06,5.821373e-07
9.179688,7.717959e-06,7.444507e-06,3.984137e-06,1.212928e-05,5.269606e-07,3.491586e-06,1.475154e-06,1.325435e-06,3.583992e-06,6.180983e-06,2.762835e-06,5.176103e-06,2.981642e-06,3.113597e-06,3.661021e-06,2.518385e-06,2.801842e-07,3.122179e-06,2.986125e-07,1.525216e-06,6.494877e-07,3.141386e-07,2.156190e-07,1.892870e-06,2.872705e-07
9.228516,7.896967e-06,7.509645e-06,5.723947e-06,8.019992e-06,4.498127e-07,4.224820e-06,1.610395e-06,8.990926e-07,3.303649e-06,7.372960e-06,2.972300e-06,5.947956e-06,1.223385e-06,2.311462e-06,2.652842e-06,3.130469e-06,4.483137e-07,3.381240e-06,4.319167e-07,1.102838e-06,4.383714e-07,1.810242e-07,2.033493e-07,1.884318e-06,1.055821e-07
9.277344,7.610228e-06,6.935273e-06,6.037327e-06,6.033798e-06,3.773193e-07,4.334365e-06,2.382782e-06,8.961352e-07,2.550885e-06,8.227860e-06,2.606843e-06,5.704949e-06,2.063369e-06,1.877101e-06,2.085914e-06,2.881876e-06,4.479590e-07,2.599897e-06,2.203049e-07,4.485740e-07,8.993816e-08,5.326776e-08,1.081339e-07,3.803390e-06,1.775948e-07
9.326172,7.515756e-06,5.915538e-06,6.390125e-06,6.564712e-06,3.033910e-07,3.638497e-06,2.852303e-06,7.937325e-07,1.407476e-06,9.144791e-06,2.000601e-06,5.374076e-06,3.130954e-06,1.958456e-06,4.973440e-07,2.170189e-06,2.120283e-07,9.681937e-07,1.650833e-07,2.899664e-07,2.801840e-07,1.777366e-07,1.373443e-07,3.885062e-06,3.620589e-08
9.375000,8.106989e-06,4.693849e-06,7.889438e-06,6.247129e-06,2.381060e-07,2.689920e-06,2.973029e-06,2.609436e-06,7.624203e-07,9.048326e-06,5.711801e-07,6.178632e-06,3.734560e-06,1.734661e-06,2.784530e-06,1.270428e-06,3.074480e-07,5.164135e-07,1.506365e-07,3.792027e-07,2.131546e-07,2.938787e-07,1.174880e-07,4.239346e-06,2.188453e-07
9.423828,9.155972e-06,3.660692e-06,9.405638e-06,3.740620e-06,2.494563e-07,1.925674e-06,3.173761e-06,4.653978e-06,1.448633e-06,7.547986e-06,1.656020e-06,5.088212e-06,3.139113e-06,2.480510e-06,4.714659e-06,9.284857e-07,3.965738e-07,4.911009e-07,3.603477e-07,8.310408e-07,1.905078e-07,1.942859e-07,1.087572e-07,1.740801e-06,3.156348e-07
9.472656,9.982109e-06,3.528551e-06,9.643097e-06,2.432180e-06,3.409697e-07,1.674605e-06,3.478021e-06,5.487415e-06,2.898022e-06,5.645992e-06,2.955537e-06,2.347688e-06,2.094096e-06,3.011494e-06,5.508341e-06,3.430780e-06,2.911196e-07,1.293348e-07,2.797408e-07,4.454858e-07,2.745978e-07,9.272775e-08,1.772953e-07,2.617162e-06,2.085951e-07
9.521484,1.005612e-05,4.578664e-06,8.399559e-06,6.568577e-06,5.330224e-07,2.161351e-06,3.579729e-06,5.131026e-06,3.860594e-06,4.164591e-06,2.970863e-06,6.437654e-07,2.208774e-06,3.075916e-06,5.978218e-06,3.977561e-06,2.701686e-07,1.491120e-06,4.029284e-07,1.911571e-07,2.198794e-07,1.536467e-07,1.007190e-07,1.356555e-06,2.672018e-07
9.570312,9.276343e-06,6.135200e-06,6.364438e-06,1.001606e-05,7.665171e-07,2.598715e-06,3.296395e-06,4.299950e-06,4.082002e-06,3.597907e-06,2.801840e-06,7.061780e-07,3.999302e-06,3.111521e-06,5.865474e-06,2.166179e-06,2.668224e-07,3.223214e-06,4.803879e-07,4.260640e-07,3.082703e-07,1.008812e-07,1.956272e-07,2.002389e-06,5.158830e-07
9.619141,7.981857e-06,7.564499e-06,4.502508e-06,1.121684e-05,9.335175e-07,2.578711e-06,2.572984e-06,3.113513e-06,3.730646e-06,4.553139e-06,2.570253e-06,1.172031e-06,4.935335e-06,3.894610e-06,4.924760e-06,9.490842e-07,8.408833e-08,2.809882e-06,1.369924e-07,7.346924e-07,2.676119e-07,4.622812e-08,2.286524e-07,3.339169e-06,5.922738e-07
9.667969,6.732474e-06,8.449819e-06,3.487043e-06,1.023241e-05,1.045478e-06,2.314605e-06,1.535693e-06,1.691999e-06,3.010818e-06,5.935468e-06,2.169937e-06,2.156504e-06,4.624424e-06,3.608431e-06,4.378903e-06,1.980218e-06,5.569590e-08,2.140304e-06,5.069979e-07,7.070045e-07,1.382782e-07,9.245833e-08,7.530247e-08,3.270260e-06,2.901541e-07
9.716797,5.878215e-06,8.487085e-06,3.829983e-06,9.191753e-06,1.224685e-06,2.149468e-06,6.836695e-07,7.866201e-07,3.180159e-06,6.744257e-06,2.673768e-06,2.225275e-06,4.881795e-06,2.876498e-06,4.645159e-06,2.606467e-06,1.152023e-07,9.670962e-07,3.861901e-07,8.486723e-07,1.647903e-07,9.656342e-08,3.935424e-08,2.970536e-06,1.915006e-07
9.765625,5.351496e-06,7.512227e-06,5.583946e-06,1.126206e-05,1.452828e-06,2.072658e-06,9.038358e-07,7.652528e-07,3.818148e-06,7.222691e-06,2.847162e-06,1.047282e-06,4.760001e-06,1.597460e-06,4.587557e-06,1.613943e-06,1.137316e-07,1.937460e-06,4.178382e-07,9.917742e-07,2.320205e-07,4.262500e-09,1.362928e-07,2.244555e-06,1.205392e-07
9.814453,5.076368e-06,5.644573e-06,7.864200e-06,1.528810e-05,1.554927e-06,1.640072e-06,1.514429e-06,1.297188e-06,3.434748e-06,7.410825e-06,2.284837e-06,1.243598e-06,3.849145e-06,2.415581e-06,3.084845e-06,7.601042e-07,7.971975e-08,2.580201e-06,2.417246e-07,1.175593e-06,2.175497e-07,8.087768e-08,2.880253e-07,4.743469e-06,4.691768e-07
9.863281,5.206281e-06,3.677894e-06,9.742033e-06,1.849126e-05,1.442869e-06,6.220194e-07,2.291968e-06,1.867633e-06,2.359700e-06,6.840251e-06,1.811547e-06,2.038051e-06,4.474689e-06,3.809276e-06,5.233065e-07,2.296524e-06,1.520429e-07,2.635938e-06,3.963407e-07,9.719081e-07,6.834984e-08,9.745153e-08,3.239835e-07,4.601927e-06,3.158683e-07
9.912109,5.667636e-06,3.770367e-06,1.072071e-05,1.974735e-05,1.220810e-06,6.190836e-07,3.241433e-06,2.185374e-06,1.896521e-06,5.824107e-06,1.804883e-06,2.898804e-06,4.259743e-06,3.571302e-06,4.129340e-06,2.680668e-06,1.817620e-07,1.205631e-06,3.000736e-07,6.277018e-07,1.760515e-07,1.145326e-07,1.980924e-07,3.471918e-06,2.518664e-07
9.960938,6.003796e-06,5.769184e-06,1.100986e-05,1.906820e-05,1.086363e-06,1.465081e-06,4.284440e-06,2.445614e-06,2.109905e-06,4.418671e-06,2.383846e-06,3.151573e-06,2.212319e-06,3.133994e-06,5.292179e-06,2.334668e-06,3.250247e-07,7.211690e-07,5.831127e-07,3.418623e-07,1.210064e-07,1.009492e-07,1.188425e-07,2.639861e-06,1.636993e-07
10.009766,5.808146e-06,7.530441e-06,1.143938e-05,1.682608e-05,1.062977e-06,2.008153e-06,5.316892e-06,2.957564e-06,2.164812e-06,2.762665e-06,3.121360e-06,2.717106e-06,1.236221e-06,2.602818e-06,4.120427e-06,1.919173e-06,4.158548e-07,8.472292e-07,5.689874e-07,6.344139e-07,1.142243e-07,9.763522e-08,6.816174e-08,2.342233e-06,6.020542e-08
10.058594,4.967585e-06,8.337386e-06,1.247816e-05,1.348580e-05,1.000623e-06,2.980740e-06,6.074557e-06,3.571454e-06,2.013456e-06,3.061450e-06,2.920076e-06,2.165315e-06,1.348311e-06,1.844807e-06,2.061792e-06,7.772914e-07,3.292498e-07,4.805719e-07,5.192069e-07,8.132000e-07,6.965060e-08,4.220436e-08,1.693347e-07,2.331053e-06,1.884119e-07
10.107422,3.638503e-06,8.253772e-06,1.352709e-05,9.682525e-06,8.372387e-07,4.077488e-06,6.216321e-06,3.685544e-06,2.007685e-06,3.992210e-06,1.759849e-06,9.709592e-07,5.562865e-07,1.050815e-06,3.967147e-06,8.376001e-07,2.828698e-07,1.974561e-06,1.929538e-07,4.322221e-07,8.370691e-08,3.281799e-08,3.274539e-07,1.526784e-07,1.216569e-07
10.156250,2.200235e-06,7.784127e-06,1.401784e-05,6.024400e-06,6.192918e-07,4.495010e-06,5.548336e-06,2.961417e-06,1.984127e-06,3.774067e-06,2.920339e-06,9.079813e-07,1.531099e-06,8.843137e-07,6.894712e-06,8.908348e-07,1.519584e-07,2.274872e-06,5.812482e-07,8.736954e-07,1.080949e-07,2.253784e-08,2.458840e-07,2.199101e-06,2.774081e-07
10.205078,1.457423e-06,7.523952e-06,1.470450e-05,2.960917e-06,4.060021e-07,4.067624e-06,4.127611e-06,1.858734e-06,1.430534e-06,2.893936e-06,4.306169e-06,1.766984e-06,3.496112e-06,1.991028e-06,6.589312e-06,1.326680e-06,7.038716e-08,2.777251e-06,5.913182e-07,1.135909e-06,2.686477e-07,7.769927e-08,2.385606e-08,2.966888e-06,3.469551e-07
10.253906,1.923551e-06,7.684188e-06,1.703079e-05,2.383974e-06,2.472458e-07,3.330604e-06,2.264593e-06,1.642965e-06,1.076787e-06,3.004344e-06,3.886770e-06,1.748767e-06,5.026988e-06,3.272995e-06,5.569584e-06,2.061667e-06,1.129921e-07,2.181456e-06,2.919406e-07,1.036034e-06,2.507577e-07,1.225852e-07,2.112426e-07,2.829046e-06,2.730891e-07
10.302734,2.429621e-06,7.993450e-06,2.075662e-05,3.735466e-06,2.297233e-07,3.043342e-06,6.070487e-07,1.956465e-06,2.314105e-06,3.462658e-06,2.469478e-06,1.337646e-06,4.231873e-06,3.383499e-06,5.137355e-06,2.364238e-06,1.039868e-07,9.175653e-07,9.069333e-08,7.157316e-07,7.413948e-08,8.847804e-08,3.005929e-07,1.976223e-06,9.317277e-08
10.351562,2.454912e-06,8.091242e-06,2.410408e-05,3.573447e-06,2.922326e-07,3.338026e-06,1.057064e-06,1.986406e-06,3.654628e-06,2.684851e-06,2.345467e-06,1.206821e-06,2.289104e-06,3.181111e-06,4.090814e-06,8.544118e-07,9.886028e-08,1.620457e-06,1.738520e-07,1.204394e-06,2.079382e-07,7.114678e-08,7.705943e-08,5.009409e-06,2.251896e-07
10.400391,2.031390e-06,7.789963e-06,2.570606e-05,1.489199e-06,3.063328e-07,3.691367e-06,1.502907e-06,2.165685e-06,4.584575e-06,3.118052e-06,3.539699e-06,1.485286e-06,1.797194e-06,3.572712e-06,3.215008e-06,7.289090e-07,1.675164e-07,2.059368e-06,2.705681e-07,7.746809e-07,2.358742e-07,2.981154e-08,7.792763e-08,6.310321e-06,3.769031e-07
10.449219,1.384915e-06,7.078464e-06,2.532495e-05,2.895607e-06,2.604146e-07,3.657064e-06,1.492167e-06,2.208255e-06,4.687065e-06,4.611778e-06,3.859237e-06,1.317059e-06,3.567401e-06,4.313781e-06,3.602096e-06,1.375715e-06,1.717713e-07,8.056016e-08,1.257304e-07,6.547250e-07,2.883389e-07,4.829003e-08,1.146797e-07,5.405846e-06,2.253388e-07
10.498047,8.463396e-07,6.063523e-06,2.351639e-05,6.285350e-06,2.147965e-07,3.089322e-06,1.672527e-06,1.597327e-06,3.686128e-06,4.075098e-06,3.343313e-06,6.152811e-07,3.832622e-06,3.959674e-06,3.996203e-06,3.267344e-06,1.060887e-07,9.167578e-07,3.618206e-07,1.519931e-06,1.420799e-07,9.736061e-08,1.198504e-07,4.182400e-06,7.593105e-08
10.546875,9.432971e-07,4.921217e-06,2.087577e-05,8.316634e-06,2.278052e-07,2.414409e-06,2.078453e-06,6.473956e-07,2.369295e-06,1.821684e-06,3.256122e-06,1.169914e-06,2.342992e-06,2.937315e-06,3.036652e-06,3.304892e-06,1.723882e-07,3.615751e-07,1.481716e-07,1.252271e-06,1.676390e-07,1.331316e-07,7.005541e-08,2.560898e-06,2.776633e-07
10.595703,1.537056e-06,3.858927e-06,1.758904e-05,8.729504e-06,2.662044e-07,2.606574e-06,2.380214e-06,5.260431e-08,3.274398e-06,4.650221e-07,3.095538e-06,2.103882e-06,2.115779e-06,3.755452e-06,1.617859e-06,7.183104e-07,2.484695e-07,6.459606e-07,2.931824e-07,8.075018e-07,2.103073e-07,1.387981e-07,1.768218e-07,3.910082e-07,4.285158e-07
10.644531,2.125022e-06,3.093600e-06,1.375679e-05,8.216883e-06,2.808698e-07,3.399151e-06,2.499582e-06,1.200844e-07,5.553042e-06,1.222464e-06,3.348616e-06,1.650955e-06,1.736553e-06,4.287011e-06,1.608546e-06,1.814559e-06,3.392553e-07,3.501191e-07,8.210031e-08,8.506549e-07,3.077165e-07,1.447818e-07,1.798712e-07,2.502878e-06,3.281990e-07
10.693359,2.442489e-06,2.796346e-06,1.003415e-05,7.556082e-06,2.550415e-07,3.988951e-06,2.439429e-06,3.580403e-07,6.888327e-06,2.762695e-06,3.829924e-06,4.926512e-07,1.690490e-06,3.355750e-06,3.021723e-06,2.503682e-06,2.339635e-07,1.317334e-06,3.545005e-07,6.319880e-07,2.919728e-07,8.925873e-08,8.728887e-08,3.094321e-06,8.620066e-08
10.742188,2.357007e-06,2.918637e-06,7.699325e-06,7.096099e-06,1.983321e-07,4.280960e-06,2.344180e-06,2.574365e-07,6.289921e-06,3.856002e-06,2.727275e-06,1.227938e-07,3.066335e-06,1.815486e-06,4.389726e-06,2.715215e-06,8.895503e-08,2.612534e-06,3.760885e-07,7.573533e-07,1.855778e-07,7.327109e-08,1.910500e-07,5.282999e-06,2.541486e-07
10.791016,1.912049e-06,3.196031e-06,7.157346e-06,6.736383e-06,1.743140e-07,4.260251e-06,2.443058e-06,4.871241e-07,4.116883e-06,3.568907e-06,4.853311e-07,5.770201e-07,4.173435e-06,1.206184e-06,4.646215e-06,3.563157e-06,1.859686e-08,2.740389e-06,1.364717e-07,8.205704e-07,1.062790e-07,4.884637e-08,1.213283e-07,3.872954e-06,3.761664e-07
10.839844,1.339245e-06,3.405302e-06,6.979170e-06,5.908069e-06,2.588056e-07,3.733401e-06,2.583504e-06,1.485998e-06,1.541422e-06,2.709612e-06,1.432690e-06,6.353249e-07,3.921405e-06,1.345955e-06,5.621764e-06,3.055384e-06,8.820796e-08,1.773575e-06,7.043957e-08,1.027373e-06,6.498929e-08,6.063732e-08,1.675930e-07,1.117910e-06,2.107304e-07
10.888672,9.725907e-07,3.461240e-06,6.288082e-06,4.219010e-06,3.937696e-07,2.807857e-06,2.437116e-06,2.007241e-06,6.865162e-07,1.560124e-06,2.328252e-06,2.499176e-07,3.895575e-06,1.164820e-06,5.758027e-06,1.432210e-06,1.535542e-07,2.048817e-06,1.579944e-07,4.124335e-07,3.176178e-08,8.526626e-08,1.454735e-07,3.901861e-06,4.925463e-07
10.937500,8.839327e-07,3.370799e-06,5.531488e-06,2.616533e-06,5.242838e-07,2.237184e-06,1.946709e-06,1.457703e-06,2.253170e-06,1.224783e-06,2.294684e-06,1.046737e-06,4.481019e-06,1.241803e-06,3.787031e-06,3.753214e-07,2.958706e-08,8.994569e-07,2.705278e-07,3.737894e-08,1.015969e-07,7.482562e-09,6.199035e-09,2.881393e-06,4.610702e-07
10.986328,7.975015e-07,3.188069e-06,5.477726e-06,3.086324e-06,6.310515e-07,2.501777e-06,1.325271e-06,4.814481e-07,3.190731e-06,3.570173e-06,2.114875e-06,1.967288e-06,4.446374e-06,1.746463e-06,2.599930e-06,1.153915e-06,1.378688e-07,1.125441e-06,3.054788e-07,4.525542e-08,1.076707e-07,6.036835e-08,9.712119e-08,3.170277e-06,2.024238e-07
11.035156,8.183926e-07,3.032467e-06,6.622618e-06,3.900009e-06,7.100861e-07,2.795955e-06,9.926173e-07,2.363011e-06,3.347753e-06,6.236664e-06,3.149722e-06,3.122797e-06,4.563198e-06,1.805208e-06,3.995666e-06,5.863280e-07,1.434877e-07,2.173178e-06,2.605940e-07,1.555562e-07,4.726099e-08,1.011117e-07,1.013815e-07,4.446909e-06,2.688575e-07
11.083984,1.321970e-06,3.114426e-06,9.352037e-06,3.918622e-06,7.638387e-07,2.766899e-06,1.094151e-06,3.569155e-06,2.929943e-06,8.027693e-06,3.133785e-06,3.786595e-06,5.004778e-06,2.041183e-06,5.714923e-06,7.438755e-07,1.334200e-07,1.807162e-06,1.956459e-07,4.778125e-07,1.386310e-07,5.159285e-08,1.822325e-07,5.737483e-06,3.415215e-07
11.132812,2.094753e-06,3.596076e-06,1.322144e-05,4.197693e-06,7.985478e-07,2.977200e-06,1.099801e-06,3.230242e-06,2.412282e-06,8.120696e-06,1.774490e-06,3.791123e-06,4.205647e-06,3.064441e-06,5.063051e-06,2.564521e-06,1.498888e-07,1.772960e-06,4.669489e-07,8.424497e-07,7.092613e-08,1.232245e-08,1.124136e-07,4.278438e-06,2.735132e-07
11.181641,2.835250e-06,4.409771e-06,1.691379e-05,6.405252e-06,8.241496e-07,3.823820e-06,8.025882e-07,2.421578e-06,1.901937e-06,8.820281e-06,2.312859e-06,2.967024e-06,3.063226e-06,3.732807e-06,3.129802e-06,3.109718e-06,1.249106e-07,3.026360e-06,4.104434e-07,4.824845e-07,8.723773e-08,9.089603e-08,5.748684e-08,1.651315e-07,4.002044e-07
11.230469,3.373752e-06,5.348262e-06,1.911187e-05,1.089260e-05,8.475313e-07,4.852714e-06,4.305949e-07,2.883809e-06,1.523540e-06,1.089108e-05,3.231178e-06,2.309013e-06,3.289997e-06,4.201327e-06,1.941065e-06,2.664677e-06,1.181858e-07,3.234235e-06,4.064815e-07,4.699344e-07,7.415970e-08,1.247946e-07,6.888798e-08,2.893873e-06,2.532050e-07
11.279297,3.652411e-06,6.185129e-06,1.920530e-05,1.664201e-05,8.567532e-07,5.639057e-06,4.911596e-07,2.815689e-06,1.211129e-06,1.091532e-05,3.874235e-06,3.467984e-06,3.567991e-06,4.241949e-06,2.258405e-06,4.008636e-06,1.086975e-07,2.344305e-06,4.686758e-07,6.943478e-07,1.073005e-07,2.541645e-08,1.448054e-07,2.144567e-06,1.559178e-07
11.328125,3.716165e-06,6.680783e-06,1.754536e-05,2.187021e-05,8.167121e-07,5.950815e-06,8.981225e-07,1.535917e-06,4.191902e-07,8.503146e-06,4.095552e-06,3.279602e-06,3.352835e-06,3.901845e-06,2.613580e-06,3.729085e-06,1.001347e-07,1.767668e-06,1.898830e-07,8.403253e-07,6.167351e-08,7.201305e-08,1.211125e-07,1.179287e-06,2.592226e-07
11.376953,3.665069e-06,6.603921e-06,1.510829e-05,2.508385e-05,6.921601e-07,5.632358e-06,1.349029e-06,8.162206e-07,1.075588e-06,6.276995e-06,3.131596e-06,2.283098e-06,3.435450e-06,3.133674e-06,1.484588e-06,3.296047e-06,6.813465e-08,2.652038e-06,9.777874e-08,4.810629e-07,3.344816e-08,9.824000e-08,8.869400e-08,3.384597e-06,2.455136e-07
11.425781,3.570918e-06,5.821138e-06,1.270460e-05,2.617841e-05,4.808555e-07,4.764745e-06,1.661046e-06,1.075199e-06,1.540274e-06,5.432068e-06,1.857750e-06,1.859599e-06,1.793622e-06,2.182375e-06,2.934477e-06,4.015394e-06,5.960293e-08,2.022324e-06,1.485962e-07,3.829447e-07,3.067010e-08,1.056263e-07,8.376651e-08,1.327330e-06,2.333148e-07
11.474609,3.441857e-06,4.402975e-06,1.048742e-05,2.627288e-05,2.411869e-07,3.656080e-06,1.781806e-06,6.813000e-07,1.047982e-06,4.794104e-06,1.685403e-06,1.235359e-06,1.017033e-06,1.663217e-06,2.541896e-06,3.364639e-06,5.873308e-08,1.633014e-06,2.847161e-07,8.150385e-08,2.341587e-08,1.480496e-07,6.326446e-08,6.100647e-06,2.390419e-07
11.523438,3.294188e-06,2.689884e-06,8.420822e-06,2.598421e-05,1.883444e-07,2.507058e-06,1.893143e-06,6.934105e-07,8.693165e-07,3.027495e-06,2.515219e-06,9.912896e-07,2.086047e-06,1.573252e-06,3.076823e-06,1.739332e-06,1.096115e-07,1.021143e-06,2.888889e-07,1.109730e-07,4.739080e-08,1.431746e-07,1.382984e-07,4.280961e-06,1.980079e-07
11.572266,3.225764e-06,1.427214e-06,6.787392e-06,2.451575e-05,3.287572e-07,1.339491e-06,2.166832e-06,1.503515e-06,7.646524e-07,1.897731e-07,3.678054e-06,1.710370e-06,2.989716e-06,1.856903e-06,5.068115e-06,1.066234e-06,1.157206e-07,4.435701e-07,3.367321e-07,5.884607e-07,1.036486e-08,1.448933e-07,1.341271e-07,3.056760e-06,6.069410e-08
11.621094,3.321198e-06,1.563387e-06,5.590158e-06,2.123136e-05,4.176508e-07,3.064446e-07,2.527688e-06,1.825551e-06,3.905517e-07,2.789996e-06,4.595049e-06,1.293041e-06,3.723713e-06,2.563906e-06,3.498942e-06,2.611664e-06,1.577188e-07,1.627546e-06,2.381138e-07,4.680925e-07,1.567106e-08,8.664458e-08,1.054200e-07,3.869077e-06,9.958998e-08
11.669922,3.470969e-06,1.978783e-06,4.077429e-06,1.725283e-05,4.354197e-07,4.218571e-07,2.826968e-06,1.049498e-06,1.385283e-06,3.994512e-06,4.785559e-06,5.460060e-07,3.871524e-06,3.092078e-06,2.176877e-06,2.116116e-06,1.405149e-07,1.246125e-06,2.977418e-07,5.218034e-07,7.834520e-08,8.165804e-08,2.954869e-08,1.141460e-06,9.862476e-08
11.718750,3.424170e-06,2.006401e-06,1.988473e-06,1.478200e-05,3.963126e-07,7.081687e-07,2.927253e-06,6.009149e-07,1.874279e-06,4.138840e-06,4.222009e-06,5.818539e-07,3.101694e-06,2.651702e-06,4.146351e-06,2.151372e-06,7.582605e-08,7.906965e-07,2.243423e-07,8.301648e-07,1.590206e-07,7.386776e-08,3.767824e-08,2.680914e-06,1.235389e-07
11.767578,3.002474e-06,1.947304e-06,2.848165e-06,1.402262e-05,2.980485e-07,9.736197e-07,2.690532e-06,2.017176e-06,1.999116e-06,4.038469e-06,3.452557e-06,8.814261e-07,1.962960e-06,1.839222e-06,3.932242e-06,1.884604e-06,5.256650e-08,9.880026e-07,1.511464e-07,8.302509e-07,2.432314e-07,9.335489e-09,6.414390e-08,2.466366e-06,9.572512e-08
11.816406,2.223162e-06,2.078815e-06,5.982399e-06,1.281501e-05,1.509179e-07,1.436292e-06,2.149715e-06,3.326304e-06,2.175791e-06,3.772477e-06,2.821836e-06,4.760722e-07,5.871793e-07,1.199640e-06,4.904390e-06,1.358926e-06,1.331791e-07,5.071763e-07,2.414015e-07,5.863777e-07,1.706863e-07,9.397574e-08,1.064392e-07,1.773240e-06,2.272321e-07
11.865234,1.326197e-06,2.091804e-06,8.618153e-06,9.956172e-06,1.319892e-07,1.891501e-06,1.717137e-06,4.355663e-06,2.201975e-06,3.791492e-06,2.496616e-06,9.101412e-07,9.950904e-07,1.864322e-06,5.911777e-06,1.885108e-06,1.364211e-07,9.684502e-07,8.222428e-08,4.095944e-07,9.095346e-08,6.350090e-08,1.212096e-07,1.818606e-06,4.240748e-07
11.914062,8.588284e-07,1.570797e-06,1.034947e-05,5.957071e-06,2.796403e-07,2.230236e-06,1.762962e-06,4.301816e-06,2.144305e-06,4.646682e-06,2.347074e-06,1.127093e-06,1.303394e-06,2.052595e-06,4.428395e-06,1.005860e-06,1.508086e-07,5.288353e-07,1.745458e-07,3.628168e-07,9.039066e-08,6.246125e-08,9.729774e-08,2.719006e-06,3.236051e-07
11.962891,1.117448e-06,4.382151e-07,1.148461e-05,2.313280e-06,3.718505e-07,2.566524e-06,1.833197e-06,3.243378e-06,2.376984e-06,5.774941e-06,2.075003e-06,1.262007e-06,1.345968e-06,1.295907e-06,4.690766e-06,2.318562e-06,1.410524e-07,1.027238e-06,3.079623e-08,5.114479e-07,3.360121e-08,5.987407e-08,1.279986e-07,2.074842e-06,1.509907e-07
12.011719,1.406239e-06,1.283242e-06,1.247894e-05,2.510835e-06,3.809574e-07,2.928135e-06,1.530339e-06,1.969974e-06,2.910731e-06,5.839050e-06,1.625992e-06,1.796725e-06,1.770133e-06,4.972274e-07,4.712662e-06,2.308073e-06,1.134904e-07,1.661804e-06,2.419680e-07,1.682004e-07,5.911791e-08,1.084308e-07,3.365705e-08,1.764268e-06,1.201548e-07
12.060547,1.559418e-06,3.019651e-06,1.333270e-05,4.213913e-06,3.373417e-07,3.245505e-06,9.730501e-07,8.912871e-07,3.265738e-06,4.531779e-06,9.309616e-07,1.480804e-06,2.498766e-06,4.765189e-07,3.864466e-06,1.182644e-06,1.403075e-07,9.540417e-07,3.361567e-07,2.334356e-07,1.054041e-07,7.368661e-08,7.719608e-08,2.128449e-06,1.978236e-07
12.109375,1.723036e-06,4.473738e-06,1.354051e-05,5.008416e-06,2.754979e-07,3.726515e-06,7.062251e-07,2.769984e-06,2.977836e-06,2.928488e-06,3.972592e-07,7.903314e-07,2.587094e-06,1.107477e-06,4.059397e-06,2.082775e-06,1.498390e-07,1.775129e-06,4.785381e-07,2.978862e-07,1.589735e-07,1.097361e-07,1.860775e-08,1.686431e-06,3.413026e-07
12.158203,1.962233e-06,5.329774e-06,1.258622e-05,5.039506e-06,1.939817e-07,4.467115e-06,1.121847e-06,4.257460e-06,2.203147e-06,2.205575e-06,5.842738e-07,5.825462e-07,1.717008e-06,1.466674e-06,3.520169e-06,2.334338e-06,1.091272e-07,1.220683e-06,2.527702e-07,1.788004e-07,2.541974e-07,5.831312e-08,3.707810e-08,3.454499e-06,4.000419e-07
12.207031,2.186599e-06,5.435498e-06,1.049694e-05,4.617309e-06,9.143365e-08,5.019288e-06,1.630048e-06,4.274784e-06,1.939621e-06,2.633402e-06,1.129824e-06,9.910454e-07,1.215627e-06,1.330520e-06,2.703241e-06,1.957695e-06,9.958023e-08,1.656692e-06,1.194684e-07,2.983024e-07,2.488945e-07,3.773941e-08,5.097605e-08,5.567915e-06,2.526599e-07
12.255859,2.290414e-06,4.823213e-06,8.339056e-06,3.979873e-06,1.157011e-07,5.065934e-06,1.897205e-06,4.490687e-06,2.403887e-06,3.908170e-06,1.186934e-06,1.910900e-06,1.109128e-06,2.378022e-06,2.690076e-06,6.153907e-07,1.433430e-07,1.742170e-06,3.439810e-07,3.557185e-07,1.411023e-07,2.651277e-08,1.321141e-07,5.760540e-06,2.962329e-08
12.304688,2.235738e-06,3.708686e-06,8.072422e-06,3.324682e-06,2.317492e-07,4.897051e-06,1.807937e-06,5.306767e-06,2.671169e-06,5.243617e-06,1.070906e-06,2.572137e-06,8.522074e-07,3.133448e-06,3.301869e-06,1.144642e-06,1.271281e-07,1.337476e-06,1.909059e-07,3.756610e-07,1.597278e-07,1.284208e-08,7.835540e-08,2.374016e-06,5.222675e-08
12.353516,2.074238e-06,2.495108e-06,9.705608e-06,2.755704e-06,3.024842e-07,4.925854e-06,1.449330e-06,5.118277e-06,2.576042e-06,6.081612e-06,1.637318e-06,2.554945e-06,1.414800e-06,2.959496e-06,3.366055e-06,6.262076e-07,1.063769e-07,6.117091e-07,1.749739e-07,5.729936e-07,1.420745e-07,1.301273e-08,5.837255e-08,1.579323e-06,9.355331e-08
12.402344,1.962470e-06,1.796585e-06,1.123540e-05,2.217304e-06,3.051718e-07,5.002275e-06,1.067152e-06,4.306618e-06,2.327605e-06,6.413215e-06,1.681428e-06,2.398884e-06,2.018883e-06,3.443034e-06,2.283300e-06,7.478339e-07,6.974647e-08,6.556482e-07,1.197256e-07,3.549106e-07,1.366620e-07,6.531996e-08,4.662010e-08,5.507911e-06,1.301227e-07
12.451172,2.067061e-06,1.883963e-06,1.175330e-05,2.036557e-06,2.514277e-07,4.787477e-06,8.735901e-07,4.083298e-06,1.964617e-06,6.144835e-06,1.259785e-06,1.628638e-06,2.036048e-06,3.612122e-06,7.717948e-07,4.085324e-07,7.347734e-08,4.517704e-07,1.046280e-07,5.886665e-07,1.361647e-07,6.924182e-08,6.461955e-08,4.017494e-06,2.298689e-07
12.500000,2.354442e-06,2.080355e-06,1.166498e-05,3.121161e-06,1.715004e-07,4.288700e-06,8.353007e-07,4.005324e-06,1.434139e-06,5.175442e-06,1.946188e-06,5.237862e-07,2.012295e-06,3.287450e-06,9.319415e-07,1.416246e-06,9.329508e-08,7.300153e-07,2.730284e-07,4.355760e-07,1.554248e-07,5.889172e-08,1.415867e-07,3.397017e-07,2.624591e-07
12.548828,2.630817e-06,1.969183e-06,1.182522e-05,4.906476e-06,1.078094e-07,3.679763e-06,7.693621e-07,3.644496e-06,1.218099e-06,4.200388e-06,2.925787e-06,2.234414e-06,2.087242e-06,3.443897e-06,2.058271e-06,1.755752e-06,5.880870e-08,1.562834e-06,3.542239e-07,1.904755e-07,1.990456e-08,1.622712e-08,1.028385e-07,2.865023e-06,2.142917e-07
12.597656,2.733801e-06,1.582251e-06,1.252272e-05,6.228474e-06,1.079748e-07,2.956333e-06,5.638712e-07,3.267715e-06,1.599940e-06,4.225860e-06,3.276029e-06,3.135376e-06,1.881274e-06,2.591983e-06,2.353504e-06,1.644969e-06,3.400087e-08,1.535228e-06,2.593526e-07,5.397523e-07,1.026990e-07,4.003909e-08,2.401949e-08,2.178451e-06,4.655765e-08
12.646484,2.574168e-06,1.125300e-06,1.337490e-05,6.212953e-06,1.464096e-07,2.024191e-06,2.894738e-07,2.831358e-06,1.651894e-06,4.688557e-06,3.098979e-06,3.950875e-06,2.102702e-06,1.112870e-06,2.906054e-06,1.015382e-06,4.047556e-08,7.401297e-07,1.319546e-07,4.713943e-07,5.431738e-08,4.652991e-08,6.502724e-08,1.500050e-06,7.589294e-09
12.695312,2.113359e-06,8.378725e-07,1.400123e-05,4.784492e-06,1.839635e-07,1.032039e-06,2.904949e-07,2.283601e-06,1.170396e-06,4.316165e-06,3.025301e-06,3.995097e-06,2.363105e-06,1.345548e-06,2.217384e-06,2.147339e-06,1.680919e-08,8.448758e-07,1.231035e-07,3.280237e-07,6.695576e-08,3.549071e-08,1.189113e-07,1.611680e-06,1.676979e-07
12.744141,1.394339e-06,7.861534e-07,1.427038e-05,4.093384e-06,2.178122e-07,6.792770e-07,4.439718e-07,1.852131e-06,6.879247e-07,3.079519e-06,3.422920e-06,3.179313e-06,2.220076e-06,1.968644e-06,2.454961e-06,2.180440e-06,2.891059e-08,1.334315e-06,1.798714e-07,1.691308e-07,6.605074e-08,2.732886e-08,8.745165e-08,5.371053e-07,2.303797e-07
12.792969,7.934809e-07,7.296844e-07,1.420483e-05,6.436290e-06,2.519688e-07,1.070754e-06,5.983306e-07,1.574764e-06,6.357896e-07,2.005406e-06,3.758001e-06,2.278053e-06,1.651209e-06,2.208382e-06,3.179201e-06,6.747124e-07,8.289573e-08,1.820572e-06,1.718156e-07,2.754982e-07,8.409661e-08,6.978527e-08,1.159243e-08,1.208873e-06,1.312503e-07
12.841797,1.244081e-06,5.413901e-07,1.398058e-05,8.834234e-06,2.815075e-07,1.332384e-06,7.642431e-07,1.270609e-06,8.209197e-07,1.735514e-06,3.462767e-06,1.377136e-06,8.769284e-07,1.610927e-06,2.958396e-06,1.492041e-06,7.751152e-08,1.981316e-06,7.369607e-08,5.139175e-07,1.310554e-07,8.267140e-08,6.277143e-08,6.743851e-07,2.677288e-07
12.890625,1.991346e-06,7.712335e-07,1.385115e-05,9.446299e-06,2.929418e-07,1.411146e-06,7.725717e-07,9.133080e-07,1.076050e-06,2.039176e-06,2.697067e-06,1.667510e-06,5.022359e-07,5.827653e-07,2.757835e-06,1.797783e-06,5.296272e-08,2.243419e-06,1.086995e-07,7.855660e-07,1.371634e-07,5.659960e-08,3.639680e-08,1.685824e-06,2.264082e-07
12.939453,2.410660e-06,1.583219e-06,1.380719e-05,8.691712e-06,2.747503e-07,1.345162e-06,5.460953e-07,9.544047e-07,1.310613e-06,1.647226e-06,1.835296e-06,2.157212e-06,1.478175e-06,3.819718e-07,1.747496e-06,2.175735e-06,3.420402e-08,2.532139e-06,1.670387e-07,4.277529e-07,8.945813e-08,2.638779e-08,8.973911e-09,2.621221e-06,3.280437e-08
12.988281,2.378613e-06,2.411515e-06,1.343398e-05,8.544718e-06,2.273273e-07,1.280365e-06,3.037320e-07,1.456437e-06,1.350916e-06,9.291449e-07,1.102163e-06,3.736249e-06,1.625803e-06,9.239745e-07,9.473060e-07,2.799047e-06,2.774545e-08,2.379740e-06,1.610394e-07,5.413698e-07,7.675081e-08,4.121683e-08,5.162641e-08,3.740462e-06,1.847994e-07
13.037109,1.997475e-06,2.879445e-06,1.228596e-05,9.571333e-06,1.691416e-07,1.548631e-06,3.224295e-07,1.587773e-06,1.454784e-06,2.886182e-06,1.170150e-06,4.713731e-06,1.839413e-06,1.361236e-06,1.234018e-06,2.338125e-06,5.362030e-08,1.384098e-06,8.965351e-08,3.792538e-07,5.157114e-08,2.901812e-08,1.503732e-08,2.352872e-06,1.642146e-07
13.085938,1.515011e-06,2.785081e-06,1.028217e-05,9.992345e-06,1.434672e-07,1.984506e-06,2.622657e-07,8.344487e-07,1.725285e-06,4.576559e-06,1.924260e-06,4.204251e-06,2.425956e-06,1.858130e-06,1.591758e-06,2.119593e-06,8.979017e-08,5.528202e-07,1.462760e-07,4.551271e-07,7.275716e-08,3.589672e-09,2.704188e-08,2.197763e-06,7.698202e-08
13.134766,1.170697e-06,2.190627e-06,7.725849e-06,8.835508e-06,1.818686e-07,2.218329e-06,3.458820e-07,9.863658e-07,1.363045e-06,5.222914e-06,2.585058e-06,2.559796e-06,3.193056e-06,1.942406e-06,1.259638e-06,9.725545e-07,7.618700e-08,6.469116e-07,1.235701e-07,4.262448e-07,1.228975e-07,1.769935e-08,2.810838e-08,3.177963e-06,5.170351e-08
13.183594,9.927645e-07,1.466974e-06,5.051328e-06,6.658377e-06,2.471738e-07,2.369009e-06,7.634937e-07,2.688112e-06,1.223658e-06,4.678619e-06,2.371340e-06,4.525671e-07,3.831369e-06,1.089857e-06,1.663240e-06,1.203704e-06,3.871063e-08,1.170995e-06,6.730417e-08,7.027434e-07,9.573953e-08,3.256904e-08,6.505113e-08,8.893287e-07,1.446486e-07
13.232422,9.242911e-07,1.134341e-06,2.568146e-06,4.546552e-06,3.026351e-07,2.747139e-06,1.117315e-06,3.579347e-06,2.445425e-06,2.924526e-06,1.196146e-06,1.375195e-06,3.402172e-06,4.533497e-07,3.205467e-06,2.736177e-06,6.286940e-08,2.000887e-06,4.199165e-08,2.381514e-07,3.712028e-08,2.200727e-08,1.687483e-08,1.245680e-06,1.193338e-07
13.281250,1.099882e-06,1.061114e-06,4.744343e-07,3.488164e-06,3.331235e-07,3.135393e-06,1.280862e-06,3.310852e-06,3.058342e-06,4.377105e-07,1.186078e-06,1.770540e-06,2.100045e-06,7.323291e-07,4.562201e-06,2.874372e-06,6.888322e-08,2.033005e-06,1.146877e-07,2.745109e-07,3.793409e-08,3.242806e-08,7.541621e-08,3.024441e-06,1.648468e-08
13.330078,1.517213e-06,7.748474e-07,1.529196e-06,4.448062e-06,3.408676e-07,3.186482e-06,1.285446e-06,2.287325e-06,2.699252e-06,1.806670e-06,2.884258e-06,1.533584e-06,2.304733e-06,5.781334e-07,4.116801e-06,1.994780e-06,1.693751e-08,1.451434e-06,2.468774e-07,2.634150e-07,2.765524e-08,1.491523e-08,4.585121e-08,2.359661e-06,1.569991e-07
13.378906,1.949990e-06,8.205304e-07,2.896524e-06,6.182294e-06,3.406849e-07,2.958719e-06,1.232370e-06,9.008858e-07,1.724098e-06,2.833610e-06,4.244602e-06,7.249430e-07,2.876215e-06,1.682241e-06,1.933131e-06,1.199590e-06,5.296963e-09,3.821146e-07,2.600963e-07,1.709468e-07,3.818597e-08,3.240866e-08,1.206970e-08,1.443731e-06,1.376862e-07
13.427734,2.236196e-06,1.580483e-06,3.641254e-06,6.857872e-06,3.442870e-07,2.806530e-06,1.200401e-06,6.573135e-07,4.840619e-07,2.392672e-06,4.407062e-06,9.205165e-07,3.992150e-06,2.118299e-06,1.152450e-06,6.077211e-07,5.870400e-09,1.072229e-06,8.081579e-08,4.513448e-07,7.180923e-08,3.172678e-08,4.292898e-08,3.628482e-06,6.748349e-08
13.476562,2.334079e-06,2.209159e-06,3.754062e-06,5.965232e-06,3.490131e-07,2.993970e-06,1.186056e-06,1.776490e-06,8.117183e-07,1.061912e-06,3.206999e-06,1.934155e-06,4.271877e-06,1.160856e-06,1.262293e-06,1.537113e-06,2.532356e-08,1.200105e-06,2.139001e-07,4.957465e-07,8.514655e-08,3.148660e-08,5.770086e-08,3.147110e-06,6.435569e-08
13.525391,2.293005e-06,2.320786e-06,3.829006e-06,5.140021e-06,3.485452e-07,3.373435e-06,1.117111e-06,1.977570e-06,1.100219e-06,7.955115e-07,1.740030e-06,2.485746e-06,3.456772e-06,1.186565e-06,1.889486e-06,1.642451e-06,5.272295e-08,1.535703e-06,1.676848e-07,7.159817e-07,3.299493e-08,3.999107e-08,2.369989e-08,1.357764e-06,1.458778e-08
13.574219,2.204248e-06,1.869909e-06,5.019471e-06,6.873467e-06,3.445267e-07,3.586628e-06,9.020775e-07,1.515638e-06,6.821082e-07,2.269041e-06,1.581129e-06,2.871048e-06,2.457637e-06,1.039075e-06,1.998774e-06,1.138679e-06,5.531441e-08,1.447492e-06,1.458115e-08,4.745467e-07,7.099277e-08,2.371982e-08,8.188926e-08,1.307105e-06,8.415640e-08
13.623047,2.139749e-06,1.056696e-06,7.392094e-06,9.536324e-06,3.396854e-07,3.499227e-06,4.932958e-07,1.169761e-06,6.684139e-07,2.615962e-06,2.211205e-06,2.088291e-06,1.187781e-06,1.814791e-06,2.322962e-06,1.016902e-06,2.439306e-08,1.584274e-06,2.654869e-07,4.103502e-07,8.108980e-08,5.260430e-08,6.293746e-08,3.396038e-06,5.435265e-08
13.671875,2.110102e-06,2.049240e-07,1.004299e-05,1.107661e-05,3.280307e-07,3.259817e-06,6.080809e-08,1.486787e-06,8.343437e-07,1.755385e-06,2.595515e-06,1.236655e-07,9.130640e-07,2.092852e-06,2.468613e-06,7.866663e-07,1.760473e-08,1.888704e-06,2.562004e-07,4.114397e-07,7.047986e-08,5.838493e-08,8.245309e-09,3.040518e-06,7.314987e-08
13.720703,2.083104e-06,4.347801e-07,1.214976e-05,1.085221e-05,3.008388e-07,2.976030e-06,5.715397e-07,2.179439e-06,7.690874e-07,1.764458e-06,2.177381e-06,2.086046e-06,1.267353e-06,1.412114e-06,2.652525e-06,1.458007e-06,5.483337e-08,1.557891e-06,2.097732e-07,2.607244e-07,7.616103e-08,4.314828e-08,2.203535e-08,2.822249e-06,1.132111e-07
13.769531,2.034936e-06,6.618590e-07,1.312599e-05,9.041992e-06,2.580170e-07,2.594520e-06,9.319284e-07,2.330194e-06,9.080063e-07,2.012762e-06,1.357761e-06,2.915456e-06,1.409127e-06,1.172495e-06,3.821638e-06,1.260614e-06,5.584018e-08,8.325167e-07,2.912994e-07,2.775864e-07,3.146719e-08,2.760698e-08,2.416835e-08,1.774999e-06,5.756560e-08
13.818359,1.964329e-06,4.863042e-07,1.275635e-05,6.317225e-06,2.093110e-07,2.144615e-06,1.138084e-06,1.747953e-06,1.172118e-06,2.761961e-06,1.348592e-06,2.244495e-06,1.213051e-06,1.134829e-06,3.694640e-06,8.613172e-07,3.514080e-08,4.251053e-07,3.362061e-07,2.265218e-07,3.385927e-08,1.982859e-08,2.097497e-08,2.503171e-07,5.703670e-08
13.867188,1.861757e-06,2.720620e-07,1.159384e-05,3.554547e-06,1.671993e-07,1.844394e-06,1.264725e-06,1.466725e-06,1.017382e-06,4.512136e-06,1.373835e-06,2.263189e-06,8.190483e-07,4.406723e-07,2.426433e-06,9.784769e-07,4.883893e-08,1.111108e-07,2.226855e-07,2.802214e-07,3.949850e-08,2.119023e-08,3.886262e-08,1.382295e-06,2.737084e-08
13.916016,1.690691e-06,9.209913e-07,1.129814e-05,1.419487e-06,1.410634e-07,1.982630e-06,1.277426e-06,1.517564e-06,4.359803e-07,5.187910e-06,8.959458e-07,3.194070e-06,1.281605e-06,3.648771e-07,2.352917e-06,1.345673e-06,3.519559e-08,5.194233e-07,2.660491e-07,5.270879e-07,2.190951e-08,9.689598e-09,4.284424e-08,1.464684e-06,7.327130e-08
13.964844,1.417503e-06,1.674101e-06,1.308546e-05,2.937123e-07,1.348669e-07,2.415400e-06,1.120247e-06,1.052853e-06,1.120551e-06,4.896171e-06,4.813778e-07,2.749206e-06,2.017357e-06,6.511228e-07,3.768280e-06,1.575248e-06,4.981857e-08,1.396550e-06,2.367113e-07,4.747465e-07,3.187410e-08,8.502754e-09,2.467121e-08,2.413547e-06,8.533194e-08
14.013672,1.054018e-06,2.209604e-06,1.556353e-05,1.571963e-06,1.427417e-07,2.636231e-06,9.534705e-07,1.432320e-06,1.787485e-06,5.306272e-06,5.900004e-07,2.034060e-06,2.688330e-06,6.654110e-07,3.235246e-06,1.809911e-06,8.549198e-08,1.804592e-06,1.059700e-07,3.052161e-07,3.408281e-08,9.724693e-09,1.969798e-08,2.819188e-06,1.399729e-07
14.062500,6.663175e-07,2.343792e-06,1.665505e-05,3.604292e-06,1.521131e-07,2.407469e-06,1.023736e-06,2.281672e-06,1.914539e-06,6.166620e-06,8.755391e-07,1.896046e-06,3.029596e-06,7.734182e-07,2.138819e-06,1.553726e-06,5.762211e-08,1.483684e-06,7.270568e-08,2.353069e-07,5.190345e-08,4.649311e-09,3.032776e-08,1.889981e-06,2.050685e-07
14.111328,3.462170e-07,2.047160e-06,1.547275e-05,6.453279e-06,1.546411e-07,1.945959e-06,1.171250e-06,2.325141e-06,1.853301e-06,6.395500e-06,1.136082e-06,1.517337e-06,2.835168e-06,9.947853e-07,1.649201e-06,2.124924e-07,4.408202e-08,2.325889e-06,1.256986e-08,2.264956e-07,2.437317e-08,4.785722e-09,3.577493e-08,5.898144e-07,1.033961e-07
14.160156,1.722456e-07,1.462817e-06,1.268023e-05,9.434131e-06,1.489529e-07,1.630660e-06,1.167431e-06,1.653204e-06,1.783915e-06,6.405447e-06,1.418923e-06,1.034816e-06,1.978665e-06,1.134121e-06,1.240841e-06,9.671257e-07,6.836692e-08,2.031795e-06,9.931156e-09,6.228958e-08,2.644217e-08,1.515749e-08,5.528617e-08,1.525607e-06,3.534125e-08
14.208984,1.562617e-07,8.305275e-07,1.025841e-05,1.126748e-05,1.354504e-07,1.397447e-06,1.015119e-06,1.039155e-06,1.633879e-06,6.126240e-06,1.700486e-06,6.593674e-07,1.415989e-06,1.471107e-06,4.844369e-07,1.086654e-06,6.284860e-08,1.426889e-06,1.219115e-08,1.036434e-07,4.559015e-08,6.883379e-09,3.137766e-08,3.819179e-06,9.235597e-08
14.257812,2.129311e-07,5.228078e-07,9.774859e-06,1.122913e-05,1.125698e-07,9.171040e-07,8.269693e-07,1.055256e-06,1.560039e-06,4.586136e-06,1.718035e-06,9.631136e-07,1.494549e-06,1.843751e-06,8.388758e-07,1.877560e-06,4.492049e-08,5.462191e-08,1.705962e-08,3.148337e-08,8.673876e-08,1.476306e-08,2.272583e-08,3.171524e-06,7.188407e-08
14.306641,2.747144e-07,1.011104e-06,1.010971e-05,1.079752e-05,8.033275e-08,2.111319e-07,6.965510e-07,1.233056e-06,1.606523e-06,3.723334e-06,1.108836e-06,1.966346e-06,1.112548e-06,1.775814e-06,2.014628e-06,1.443637e-06,2.388231e-08,1.655770e-06,5.601287e-08,1.526177e-07,1.099460e-08,1.061574e-08,2.299101e-08,1.430272e-06,1.680148e-08
14.355469,2.892305e-07,1.820504e-06,9.810970e-06,1.307504e-05,4.862626e-08,6.814192e-07,6.629352e-07,1.261437e-06,1.511610e-06,4.988953e-06,9.192143e-07,2.270800e-06,6.520087e-07,1.721175e-06,1.642370e-06,6.334180e-07,1.006627e-08,1.987201e-06,7.413668e-08,4.024567e-07,3.937574e-08,1.685282e-08,1.737127e-08,9.161448e-07,6.112538e-08
14.404297,2.817937e-07,2.618968e-06,9.106279e-06,1.725366e-05,4.487001e-08,1.268398e-06,7.319261e-07,1.037289e-06,1.107269e-06,5.454243e-06,2.147898e-06,1.397393e-06,4.735727e-07,1.452301e-06,6.245080e-07,7.452704e-07,4.146223e-08,1.433374e-06,6.739547e-08,1.765905e-07,2.506187e-08,1.438840e-08,2.676164e-08,2.740806e-07,1.353325e-07
14.453125,3.800626e-07,3.190927e-06,8.811439e-06,2.023857e-05,6.308183e-08,1.551231e-06,8.997932e-07,5.688125e-07,5.127219e-07,5.579818e-06,2.867554e-06,6.433791e-07,1.012685e-06,1.049647e-06,9.216604e-07,1.603315e-06,5.564698e-08,3.606905e-07,4.514408e-08,6.759312e-08,8.947111e-08,1.006519e-08,1.800047e-08,1.797304e-06,1.480490e-07
14.501953,5.720493e-07,3.469531e-06,8.869304e-06,2.079171e-05,7.445307e-08,1.537401e-06,1.151955e-06,7.225167e-08,9.835278e-07,5.758692e-06,3.263248e-06,1.381809e-06,1.429039e-06,9.042739e-07,1.495267e-06,2.411623e-06,3.972304e-08,5.700097e-08,1.820966e-08,1.934946e-07,7.276065e-08,3.391529e-08,2.316003e-08,2.853333e-06,4.561611e-08
14.550781,7.338315e-07,3.559796e-06,9.004893e-06,1.964158e-05,7.671982e-08,1.269551e-06,1.438997e-06,3.978004e-07,1.890788e-06,4.826275e-06,3.717933e-06,1.361912e-06,1.611342e-06,4.672111e-07,1.882763e-06,2.828495e-06,3.932789e-08,2.660145e-07,1.244410e-07,1.952013e-07,3.728190e-08,3.704083e-08,2.235875e-08,3.436416e-06,5.598307e-08
14.599609,7.875922e-07,3.581181e-06,9.847573e-06,1.810317e-05,8.205291e-08,9.169184e-07,1.663542e-06,5.583919e-07,2.798520e-06,2.929517e-06,3.834553e-06,1.109388e-06,1.258115e-06,3.774129e-07,2.717029e-06,2.438296e-06,2.586640e-08,1.678564e-07,1.361451e-07,2.805767e-07,5.766596e-08,3.259188e-08,3.693925e-08,1.837516e-06,8.066871e-08
14.648438,7.147691e-07,3.505411e-06,1.172605e-05,1.663654e-05,1.001730e-07,9.419301e-07,1.708284e-06,5.082615e-07,3.708019e-06,1.190201e-06,3.580688e-06,1.481932e-06,6.262321e-07,1.084388e-06,2.246402e-06,9.728585e-07,2.798597e-08,3.032540e-07,1.017497e-07,1.107685e-07,1.345085e-08,2.363324e-08,5.980054e-08,1.636701e-06,5.438538e-08
14.697266,5.435489e-07,3.247853e-06,1.353737e-05,1.497873e-05,1.241106e-07,1.353920e-06,1.510520e-06,3.064960e-07,4.130771e-06,6.913580e-07,3.047349e-06,2.097983e-06,3.061700e-07,1.311442e-06,2.057675e-06,1.132630e-06,4.766836e-08,9.788404e-07,1.122294e-07,1.044400e-07,2.210691e-08,7.467777e-09,3.968775e-08,1.297125e-06,3.590696e-08
14.746094,3.232747e-07,2.864087e-06,1.393622e-05,1.302144e-05,1.408885e-07,1.686443e-06,1.120717e-06,6.030409e-07,3.763786e-06,4.601557e-07,2.185653e-06,1.754003e-06,2.720113e-07,5.900602e-07,2.710754e-06,1.460570e-06,3.311484e-08,1.905891e-06,6.554632e-09,1.097484e-07,4.637882e-08,1.074363e-08,4.190780e-08,2.076075e-06,3.198197e-08
14.794922,9.760268e-08,2.547882e-06,1.232369e-05,1.066096e-05,1.423804e-07,1.698844e-06,6.716609e-07,1.394501e-06,2.932471e-06,1.633057e-06,1.402168e-06,7.774419e-07,8.329554e-07,1.301415e-06,2.321502e-06,5.066678e-07,1.461122e-08,1.612760e-06,5.731927e-08,3.065002e-07,6.054780e-08,1.968594e-08,3.086990e-08,1.027607e-06,5.676700e-08
14.843750,1.234004e-07,2.392401e-06,8.957924e-06,7.506708e-06,1.280467e-07,1.361257e-06,3.115555e-07,2.020589e-06,2.081149e-06,2.872537e-06,1.282054e-06,5.550608e-07,1.652405e-06,1.352514e-06,2.528650e-06,1.808029e-06,1.054409e-08,9.773962e-07,7.338312e-08,4.045271e-07,6.646960e-08,2.055284e-08,2.404896e-09,2.671746e-06,4.438648e-08
14.892578,3.181598e-07,2.276997e-06,4.765616e-06,3.476622e-06,1.042627e-07,9.152887e-07,3.770013e-07,2.139139e-06,1.391031e-06,2.643912e-06,1.413147e-06,6.953312e-07,1.828282e-06,1.175309e-06,3.064203e-06,2.208341e-06,7.731348e-09,1.157118e-06,5.945972e-08,1.203895e-07,1.990380e-08,2.157568e-08,1.653570e-08,8.022267e-07,3.390429e-08
14.941406,4.899695e-07,2.103724e-06,1.986883e-06,1.506361e-06,7.973630e-08,7.081966e-07,6.819625e-07,1.810130e-06,7.468395e-07,9.654275e-07,1.619217e-06,8.293737e-08,1.411011e-06,1.329478e-06,2.944777e-06,1.401107e-06,2.609204e-08,7.862573e-07,3.075241e-08,1.690201e-07,6.300637e-08,2.846374e-08,3.924517e-08,3.419727e-06,6.546619e-08
14.990234,6.251297e-07,1.955450e-06,3.789930e-06,5.015848e-06,5.762483e-08,5.715256e-07,8.817684e-07,1.371924e-06,8.369875e-07,1.269991e-06,2.315599e-06,1.106090e-06,1.575318e-06,7.211702e-07,3.034200e-06,1.378535e-07,3.283039e-08,2.179596e-07,9.558933e-08,2.378345e-07,5.402939e-08,1.218896e-08,3.379745e-08,4.861357e-06,5.907114e-08
15.039062,7.073999e-07,2.015529e-06,5.170974e-06,7.343437e-06,3.329042e-08,3.207635e-07,8.886901e-07,1.005951e-06,1.706800e-06,2.295065e-06,2.774870e-06,1.598748e-06,2.102303e-06,3.815555e-08,3.257228e-06,7.460907e-07,3.900334e-08,1.593526e-07,1.128958e-07,1.662434e-07,7.496244e-08,2.237236e-08,4.503745e-08,3.285295e-06,3.420519e-08
15.087891,7.241093e-07,2.378943e-06,5.162870e-06,8.086822e-06,8.426227e-09,5.432196e-07,7.247536e-07,6.843527e-07,1.990002e-06,2.110252e-06,2.590663e-06,1.142148e-06,1.516812e-06,4.273508e-07,3.150842e-06,5.545033e-07,3.765738e-08,3.412429e-07,3.996145e-08,2.481731e-07,7.578329e-08,2.446387e-08,4.652516e-08,2.005386e-06,1.058409e-07
15.136719,6.738604e-07,2.930015e-06,5.130203e-06,7.549765e-06,3.433637e-08,1.009182e-06,4.772155e-07,4.501289e-07,1.846098e-06,1.930695e-06,2.179304e-06,8.021184e-07,1.823500e-06,7.101688e-07,2.627992e-06,9.166713e-07,3.897379e-08,1.245966e-06,3.368295e-08,2.529477e-07,7.212615e-08,3.689549e-08,1.752044e-08,2.136716e-06,1.302738e-07
15.185547,5.749472e-07,3.410810e-06,6.783828e-06,6.217212e-06,6.169176e-08,1.355924e-06,3.174111e-07,2.779105e-07,1.906763e-06,2.798918e-06,1.746153e-06,8.931733e-07,1.536217e-06,1.024741e-06,2.574008e-06,1.170531e-06,2.026292e-08,1.342056e-06,6.180594e-08,2.584084e-07,7.769438e-08,3.412987e-08,2.144132e-08,3.301571e-06,5.156567e-08
15.234375,4.709196e-07,3.564172e-06,9.190964e-06,4.588069e-06,7.420018e-08,1.439268e-06,4.002242e-07,9.238196e-08,1.719424e-06,3.375960e-06,1.427232e-06,8.579604e-07,4.861745e-07,1.291561e-06,2.818288e-06,1.287693e-06,2.195327e-08,6.569908e-07,7.080531e-08,3.504174e-07,9.861692e-08,1.816506e-08,2.016042e-08,3.929150e-06,6.103474e-08
15.283203,4.186370e-07,3.274058e-06,1.078568e-05,3.554131e-06,6.942026e-08,1.249685e-06,4.700255e-07,5.507241e-08,1.066441e-06,3.012380e-06,1.342977e-06,9.182779e-07,7.521310e-07,1.363906e-06,2.444981e-06,1.505203e-06,1.876301e-08,6.365821e-07,7.628635e-08,2.494822e-07,4.874060e-08,9.182422e-09,6.941761e-09,3.561524e-06,8.162727e-08
15.332031,4.362752e-07,2.665867e-06,1.101214e-05,4.303467e-06,5.805440e-08,1.049832e-06,3.857574e-07,6.045457e-08,5.002879e-07,2.402873e-06,1.093185e-06,1.200888e-06,1.624653e-06,1.253937e-06,2.574421e-06,1.895240e-06,1.095909e-08,1.441649e-06,1.466260e-07,2.887354e-07,6.419956e-08,3.543427e-09,1.720053e-08,3.236736e-06,7.418525e-08
15.380859,4.888445e-07,2.120415e-06,1.031723e-05,6.005333e-06,6.273402e-08,1.031476e-06,2.227973e-07,1.704699e-07,1.480327e-07,1.978664e-06,7.048195e-07,7.935687e-07,2.590268e-06,1.394843e-06,2.867777e-06,2.452819e-06,2.363935e-08,1.702133e-06,7.046656e-08,2.517610e-07,4.435837e-08,1.065252e-08,3.135219e-08,2.947972e-06,5.564053e-08
15.429688,5.562281e-07,2.024864e-06,9.733582e-06,7.324452e-06,8.193027e-08,9.642479e-07,2.124877e-07,4.622571e-07,3.925065e-07,8.890301e-07,4.484565e-07,2.961347e-07,2.835356e-06,1.367500e-06,2.811260e-06,2.701816e-06,1.981048e-08,1.497361e-06,6.865184e-08,4.854491e-07,2.385849e-08,1.916602e-08,2.337712e-08,3.500330e-06,9.486163e-09
15.478516,6.502349e-07,2.270443e-06,9.909584e-06,7.716619e-06,9.405433e-08,7.957509e-07,2.825866e-07,7.682628e-07,8.916042e-07,9.191530e-07,3.686427e-07,1.214256e-06,1.897598e-06,8.881228e-07,2.400905e-06,2.086800e-06,4.552813e-09,1.225099e-06,1.163314e-07,4.564012e-07,7.376328e-09,6.857424e-09,1.876586e-08,2.570463e-06,3.698102e-08
15.527344,7.780724e-07,2.588936e-06,1.050387e-05,7.248552e-06,8.923796e-08,6.874560e-07,2.721425e-07,9.975954e-07,1.131991e-06,2.064132e-06,4.191072e-07,2.326710e-06,1.632979e-06,6.168767e-07,1.643798e-06,2.335644e-06,2.032700e-08,1.416091e-06,1.102606e-07,3.339316e-07,3.840040e-08,5.664665e-09,1.315910e-08,2.963804e-06,2.231639e-08
15.576172,9.173514e-07,2.953700e-06,1.092020e-05,6.384475e-06,7.088995e-08,6.167752e-07,2.471664e-07,1.072629e-06,1.013622e-06,2.259270e-06,5.012271e-07,2.736593e-06,1.454968e-06,8.152357e-07,6.060223e-07,1.737592e-06,3.066963e-08,1.340622e-06,6.302679e-08,1.422084e-07,7.486307e-09,2.386734e-08,2.798003e-08,2.639087e-06,4.826696e-08
15.625000,1.026193e-06,3.342635e-06,1.092449e-05,5.742462e-06,5.483174e-08,6.015575e-07,2.701948e-07,9.208511e-07,7.907194e-07,1.929803e-06,4.447584e-07,2.425256e-06,4.725297e-07,1.139828e-06,6.922514e-07,1.842101e-06,2.529309e-08,9.484255e-07,1.067613e-07,2.686296e-07,3.857467e-08,2.330186e-08,2.672828e-08,2.141360e-06,9.742580e-08
15.673828,1.065649e-06,3.592229e-06,1.052978e-05,5.989326e-06,5.994956e-08,7.750823e-07,2.147852e-07,7.261108e-07,7.913103e-07,1.305479e-06,4.198594e-07,2.307469e-06,5.409879e-07,1.059145e-06,1.868999e-06,2.291793e-06,2.219034e-08,8.015969e-07,1.127045e-07,1.149446e-07,4.588844e-08,8.422748e-09,6.651808e-09,9.192811e-07,7.495555e-08
15.722656,1.017371e-06,3.528045e-06,9.778698e-06,7.306775e-06,7.723879e-08,1.156402e-06,1.077921e-07,8.959820e-07,5.686811e-07,1.602400e-06,4.658228e-07,1.574190e-06,1.067665e-06,6.495097e-07,2.655023e-06,1.685126e-06,1.707462e-08,6.311953e-07,7.109192e-08,2.877912e-07,2.876638e-08,2.046060e-08,9.954604e-09,3.218933e-06,4.400411e-08
15.771484,8.931047e-07,3.099780e-06,8.723397e-06,8.875652e-06,9.066196e-08,1.630851e-06,4.126823e-07,1.019908e-06,6.171484e-07,2.862348e-06,5.612637e-07,4.616021e-07,1.369709e-06,8.080135e-07,2.722231e-06,1.512210e-06,2.214080e-08,2.217168e-07,5.245536e-08,4.649384e-07,2.808355e-08,1.387249e-08,1.629505e-08,3.381748e-06,3.489912e-08
15.820312,7.335039e-07,2.397752e-06,7.529606e-06,9.672483e-06,9.550398e-08,1.904899e-06,7.056060e-07,8.348875e-07,1.207343e-06,3.436830e-06,8.355305e-07,8.855666e-07,1.216529e-06,9.715712e-07,1.916777e-06,1.204787e-06,2.508252e-08,4.041045e-07,8.886859e-08,4.213859e-07,2.657149e-08,1.191793e-08,1.403521e-08,1.904909e-06,2.189291e-08
15.869141,5.927468e-07,1.590927e-06,6.588071e-06,9.352909e-06,9.289341e-08,1.772499e-06,7.967539e-07,7.353621e-07,1.311492e-06,3.250618e-06,7.162142e-07,8.887316e-07,1.056277e-06,9.186129e-07,7.869882e-07,1.373826e-06,2.712374e-08,4.181270e-07,4.486702e-08,2.410845e-07,2.065284e-08,8.672433e-09,2.456785e-08,3.256960e-06,7.599464e-08
15.917969,5.051159e-07,8.540944e-07,6.513063e-06,8.661176e-06,8.629941e-08,1.385040e-06,6.661824e-07,7.687458e-07,9.879072e-07,2.621509e-06,4.041671e-07,4.653347e-07,1.292779e-06,6.786766e-07,1.154259e-06,1.343248e-06,2.486188e-08,2.683737e-07,7.413557e-08,2.922801e-07,2.416376e-08,1.884463e-08,1.902665e-08,2.863052e-06,3.263145e-08
15.966797,4.557783e-07,3.877609e-07,7.700170e-06,8.917174e-06,7.974074e-08,1.182746e-06,4.470997e-07,9.580110e-07,8.470792e-07,1.930387e-06,1.113776e-06,6.249914e-07,1.438923e-06,9.902614e-08,2.500795e-06,1.077824e-06,1.449825e-08,4.012860e-07,1.391859e-07,3.963445e-07,6.504414e-09,1.789228e-08,1.191112e-08,2.295213e-06,2.689189e-08
16.015625,4.054416e-07,4.670175e-07,9.878469e-06,1.031075e-05,7.623949e-08,1.233596e-06,3.237593e-07,1.569011e-06,7.616142e-07,2.550470e-06,1.586905e-06,1.269535e-06,1.359645e-06,5.943072e-07,2.337114e-06,8.387423e-07,5.507724e-09,1.166392e-06,5.247523e-08,3.895471e-07,5.187060e-08,9.307803e-09,2.920885e-08,1.245570e-06,2.503548e-08
16.064453,3.304883e-07,6.603038e-07,1.240952e-05,1.195499e-05,7.644831e-08,1.199326e-06,2.856275e-07,2.007192e-06,4.117270e-07,3.755244e-06,1.446013e-06,2.096745e-06,1.108150e-06,1.111562e-06,1.570294e-06,1.034880e-06,9.942563e-09,1.246792e-06,3.305994e-08,2.965429e-07,4.820114e-08,2.651554e-09,4.608098e-08,9.321954e-07,3.961637e-08
16.113281,2.256200e-07,7.307588e-07,1.456398e-05,1.329026e-05,7.824179e-08,1.009677e-06,1.933070e-07,2.098504e-06,2.266092e-07,4.634558e-06,9.618644e-07,2.072240e-06,1.126406e-06,1.339837e-06,1.885055e-06,1.141847e-06,1.266205e-08,6.155306e-07,6.513989e-08,1.094728e-07,2.750409e-08,8.136737e-09,3.197388e-08,6.509517e-07,1.751722e-08
16.162109,9.992866e-08,6.894830e-07,1.568754e-05,1.406355e-05,7.808415e-08,7.819549e-07,4.245086e-08,2.169453e-06,2.862239e-07,4.928887e-06,8.784015e-07,1.371082e-06,1.802656e-06,9.629739e-07,2.385032e-06,7.194763e-07,1.231795e-08,2.903711e-07,6.968536e-08,1.936255e-09,1.351079e-08,1.584050e-08,2.855790e-08,2.517426e-06,3.083011e-08
16.210938,1.110197e-07,6.056310e-07,1.549489e-05,1.395490e-05,7.360991e-08,6.121259e-07,1.579687e-07,2.137698e-06,2.585114e-07,4.080062e-06,1.071218e-06,1.101818e-06,2.228819e-06,2.194718e-07,1.298449e-06,1.147010e-06,8.777818e-09,7.264486e-07,1.708060e-08,2.275248e-07,1.531703e-08,1.614554e-09,3.710002e-08,2.609628e-06,6.134908e-08
16.259766,2.815516e-07,5.473239e-07,1.432484e-05,1.272677e-05,6.542624e-08,5.173368e-07,2.938660e-07,1.747142e-06,4.922840e-07,2.536367e-06,9.136203e-07,1.152044e-06,2.208050e-06,1.426938e-07,4.383164e-07,1.255315e-06,1.155718e-08,6.353353e-07,8.554526e-08,2.462604e-07,2.920812e-09,9.666521e-09,2.421851e-08,2.487073e-06,1.803732e-08
16.308594,4.628471e-07,5.411696e-07,1.301243e-05,1.051021e-05,5.626889e-08,4.693437e-07,3.667905e-07,1.190303e-06,6.050089e-07,2.602397e-06,4.967676e-07,1.619344e-06,2.086319e-06,1.375905e-07,1.092168e-06,8.667682e-07,1.615751e-08,6.296203e-07,5.469868e-08,3.538635e-07,9.262548e-09,1.670627e-08,1.704633e-08,2.842814e-06,5.080677e-08
16.357422,6.323235e-07,6.174654e-07,1.213275e-05,7.777183e-06,4.815687e-08,4.328527e-07,4.058248e-07,8.721568e-07,4.844706e-07,3.556711e-06,2.673414e-07,1.729777e-06,2.023700e-06,1.004842e-07,6.726583e-07,3.664111e-07,8.541871e-09,9.939720e-07,1.646731e-08,1.381009e-07,4.364148e-08,1.828613e-08,1.020118e-08,3.837916e-06,2.365220e-08
16.406250,7.783679e-07,7.904557e-07,1.134328e-05,5.132686e-06,4.356578e-08,4.411266e-07,4.618598e-07,1.114334e-06,3.990879e-07,4.183759e-06,3.775866e-07,1.585942e-06,1.669330e-06,3.993090e-07,1.080793e-06,3.471895e-07,8.125391e-09,5.549055e-07,6.551760e-08,1.439248e-07,4.597656e-08,2.034785e-08,1.196650e-08,3.391626e-06,3.313155e-09
16.455078,8.899637e-07,9.771617e-07,1.001683e-05,3.500785e-06,4.999505e-08,5.926117e-07,5.442266e-07,1.450795e-06,6.769756e-07,4.621730e-06,4.821623e-07,1.151473e-06,1.133532e-06,8.417722e-07,1.482413e-06,1.838824e-07,5.666913e-09,5.296548e-07,1.076789e-07,2.506179e-07,3.272777e-08,1.570603e-08,2.271138e-08,2.019439e-06,6.367593e-09
16.503906,9.539182e-07,1.066771e-06,8.323676e-06,4.114597e-06,6.816326e-08,8.245825e-07,5.997375e-07,1.513315e-06,1.075736e-06,4.331076e-06,4.096372e-07,7.105937e-07,7.384437e-07,7.888536e-07,6.307222e-07,1.171541e-06,1.217382e-08,6.081908e-07,7.780863e-08,1.404262e-07,2.365247e-08,2.205138e-09,2.110360e-08,2.060969e-06,4.117121e-08
16.552734,9.633540e-07,1.019317e-06,7.531612e-06,5.886016e-06,8.674789e-08,1.017733e-06,5.689000e-07,1.683725e-06,1.375948e-06,3.156683e-06,2.546543e-07,7.416511e-07,4.658969e-07,5.838567e-08,1.048725e-06,1.175890e-06,1.702475e-08,6.997198e-07,7.434579e-08,4.994548e-08,2.733898e-08,8.927553e-09,2.445659e-08,1.577832e-06,3.705029e-08
16.601562,9.318577e-07,9.259179e-07,8.577452e-06,7.292329e-06,9.591638e-08,1.132765e-06,4.464069e-07,2.026883e-06,1.624886e-06,1.971009e-06,2.199579e-07,7.192782e-07,3.628678e-07,9.878171e-07,1.272683e-06,1.056257e-06,1.844895e-08,4.359881e-07,3.833498e-08,1.999745e-07,7.880351e-09,5.574448e-09,1.066759e-08,9.524620e-07,1.386287e-08
16.650391,8.938197e-07,9.808456e-07,1.046259e-05,7.675924e-06,9.261042e-08,1.208042e-06,2.806011e-07,2.007869e-06,1.823053e-06,1.728742e-06,4.988264e-07,9.622138e-07,1.656892e-07,1.660330e-06,5.901745e-07,1.107197e-06,1.970546e-08,4.374007e-07,2.881187e-08,2.114633e-07,1.223642e-08,1.124541e-08,1.778978e-08,8.618434e-07,2.308112e-08
16.699219,8.761643e-07,1.226970e-06,1.191358e-05,6.990927e-06,7.977111e-08,1.333717e-06,1.201815e-07,1.558062e-06,1.787789e-06,2.503110e-06,8.034033e-07,1.111243e-06,7.021861e-07,1.734425e-06,1.760648e-06,9.199045e-07,8.285330e-09,7.305991e-07,3.652470e-09,1.663284e-07,3.917194e-08,5.038897e-09,1.263816e-08,9.221463e-07,3.108028e-08
16.748047,8.705928e-07,1.511740e-06,1.229813e-05,5.789033e-06,6.179047e-08,1.538267e-06,7.325501e-08,1.042485e-06,1.542080e-06,3.381888e-06,6.277400e-07,1.141695e-06,8.808744e-07,1.430776e-06,2.124359e-06,7.461147e-07,1.153505e-08,4.905851e-07,2.463218e-08,2.414408e-07,5.578310e-08,6.556537e-09,1.255724e-08,1.696127e-06,4.313827e-08
16.796875,8.568329e-07,1.713707e-06,1.150359e-05,5.011890e-06,4.024478e-08,1.755834e-06,1.766682e-07,9.125609e-07,1.235081e-06,3.325663e-06,2.833297e-07,1.227596e-06,7.602881e-07,1.116463e-06,2.187204e-06,8.828573e-07,1.358942e-08,4.509966e-07,1.797430e-08,3.223709e-08,6.296082e-08,2.194431e-09,5.737065e-09,1.968939e-06,1.554933e-08
16.845703,8.449686e-07,1.776331e-06,9.984073e-06,5.436025e-06,1.585850e-08,1.967232e-06,2.225271e-07,1.178411e-06,8.983628e-07,2.201503e-06,7.685129e-07,1.346215e-06,8.252264e-07,1.006933e-06,1.721977e-06,1.214205e-06,1.215039e-08,1.352035e-06,8.986010e-08,1.929203e-07,2.289069e-08,7.303788e-09,3.821279e-09,2.456705e-06,1.318332e-09
16.894531,8.650156e-07,1.675766e-06,8.778977e-06,6.948899e-06,1.516681e-08,2.140045e-06,1.936317e-07,1.516278e-06,7.541101e-07,7.788878e-07,9.178643e-07,1.278561e-06,9.357575e-07,9.610205e-07,1.896277e-06,1.754381e-06,1.164828e-08,1.697764e-06,1.012314e-07,2.731971e-07,2.056057e-08,3.449175e-09,1.074722e-08,3.190538e-06,8.768689e-09
16.943359,9.086847e-07,1.418688e-06,8.738438e-06,8.615096e-06,3.794679e-08,2.088876e-06,1.370572e-07,1.972106e-06,8.276473e-07,4.689007e-07,7.332815e-07,8.523732e-07,4.827809e-07,8.273233e-07,1.097219e-06,2.189056e-06,1.003635e-08,1.657067e-06,8.444874e-08,1.546944e-07,1.600065e-08,1.164671e-08,7.652678e-09,2.293552e-06,2.595384e-08
16.992188,9.207555e-07,1.066837e-06,9.381997e-06,9.296752e-06,5.562178e-08,1.650413e-06,1.228812e-07,2.260634e-06,8.763321e-07,2.302363e-07,6.357784e-07,2.261473e-07,4.805405e-07,6.464400e-07,8.822957e-07,1.769583e-06,1.277740e-08,7.331965e-07,2.513924e-08,4.505054e-08,8.587266e-09,1.174736e-08,1.011510e-08,8.524612e-07,1.669149e-08
17.041016,8.549498e-07,7.746073e-07,9.714009e-06,8.327915e-06,6.708537e-08,9.543526e-07,1.415083e-07,1.953221e-06,1.143839e-06,1.886553e-06,7.176478e-07,1.970389e-07,9.304652e-07,5.357026e-07,2.001666e-06,6.468939e-07,1.388617e-08,8.459959e-07,1.764181e-08,1.194057e-07,1.714772e-08,1.111952e-08,1.128616e-08,3.147247e-06,1.616511e-08
17.089844,7.122386e-07,7.631809e-07,9.315949e-06,6.097647e-06,7.234068e-08,6.248870e-07,1.653454e-07,1.389681e-06,1.499367e-06,4.767197e-06,7.592755e-07,5.453669e-07,8.651487e-07,1.946484e-07,1.690620e-06,8.754599e-07,4.393065e-09,1.342948e-06,1.415026e-08,1.349118e-07,2.722032e-08,1.656691e-09,1.820616e-08,3.505951e-06,2.316034e-08
17.138672,5.408724e-07,9.949467e-07,8.248095e-06,4.273637e-06,7.001255e-08,8.531992e-07,2.345603e-07,1.401565e-06,1.490912e-06,7.303454e-06,7.151276e-07,9.295794e-07,7.328723e-07,2.589079e-07,5.152314e-07,1.686970e-06,1.827452e-08,1.668733e-06,3.808548e-08,3.749263e-08,6.830327e-09,3.865983e-09,1.062004e-08,4.564347e-06,2.425516e-08
17.187500,4.113334e-07,1.274254e-06,6.738235e-06,4.246618e-06,6.005459e-08,8.617779e-07,3.492723e-07,1.386807e-06,9.948918e-07,8.173200e-06,6.683696e-07,6.725104e-07,8.636960e-07,4.195482e-07,8.218646e-07,1.647732e-06,1.303517e-08,1.245359e-06,4.508811e-08,1.756196e-08,6.401017e-09,6.637591e-09,6.331042e-09,1.967356e-06,2.676907e-08
17.236328,3.571880e-07,1.510633e-06,5.206173e-06,4.322163e-06,4.778344e-08,7.194030e-07,4.621453e-07,9.102521e-07,5.229414e-07,6.902271e-06,7.718379e-07,8.450813e-07,8.434907e-07,9.013580e-07,1.780008e-06,9.076541e-07,7.824485e-09,6.561834e-07,7.967151e-08,3.371936e-08,1.160071e-08,1.009342e-08,8.677656e-09,7.017600e-07,1.290664e-08
17.285156,3.294520e-07,1.642287e-06,4.378219e-06,3.215318e-06,4.296987e-08,8.280626e-07,5.436036e-07,4.817110e-07,9.499977e-07,4.278374e-06,9.907244e-07,9.901313e-07,5.602564e-07,1.304812e-06,1.595339e-06,6.287834e-07,5.954149e-09,2.439048e-07,3.815921e-08,1.497660e-07,1.914792e-08,1.593822e-08,6.818692e-09,6.551106e-07,1.575031e-08
17.333984,2.695981e-07,1.604394e-06,4.553445e-06,1.184387e-06,4.695846e-08,9.822106e-07,5.769841e-07,6.224131e-07,1.407854e-06,2.201732e-06,1.340385e-06,3.619748e-07,3.172469e-07,1.459514e-06,6.097155e-07,7.976844e-07,1.091984e-08,3.465477e-07,7.323152e-08,1.494358e-07,3.968130e-08,1.546968e-08,7.803818e-10,2.311314e-06,1.558770e-08
17.382812,1.647580e-07,1.363889e-06,5.101201e-06,1.134387e-06,5.079703e-08,9.011993e-07,5.523528e-07,9.730751e-07,1.760258e-06,1.542207e-06,1.840707e-06,5.185331e-07,4.048094e-07,1.338182e-06,3.379929e-07,5.581332e-07,1.064565e-08,2.368879e-07,8.542891e-08,8.294187e-08,2.752857e-08,1.411335e-08,1.546566e-08,2.356217e-06,1.935059e-08
17.431641,6.922091e-08,9.702520e-07,5.734371e-06,2.875413e-06,5.036534e-08,7.630234e-07,4.938514e-07,1.056509e-06,1.966611e-06,1.448605e-06,2.185520e-06,7.802554e-07,1.112034e-06,7.468641e-07,1.062313e-06,1.263720e-07,5.717508e-09,5.341979e-07,6.662165e-08,1.227605e-07,1.263816e-08,1.490962e-08,2.003853e-08,1.826043e-06,3.053687e-08
17.480469,1.541750e-07,6.489179e-07,6.582323e-06,3.660098e-06,4.772464e-08,9.086513e-07,4.436751e-07,6.473937e-07,1.813428e-06,2.645149e-06,2.205989e-06,7.391456e-07,1.082937e-06,7.479695e-07,2.064488e-06,9.664129e-07,1.062056e-08,7.468482e-07,7.234720e-08,1.842038e-07,5.285200e-09,7.858377e-09,1.761986e-08,7.971716e-07,3.095833e-08
17.529297,2.593225e-07,7.804272e-07,7.350843e-06,3.267876e-06,4.531931e-08,1.099756e-06,4.035371e-07,4.162002e-07,1.369716e-06,3.296359e-06,1.955905e-06,5.839634e-07,3.606400e-07,7.688406e-07,2.958899e-06,1.664404e-06,1.543281e-08,1.092957e-06,8.236575e-08,1.201270e-07,9.166748e-09,4.672071e-09,7.810109e-09,2.744399e-07,3.338960e-08
17.578125,3.389573e-07,1.109404e-06,7.408985e-06,2.104834e-06,4.213624e-08,1.066041e-06,3.911111e-07,9.552084e-07,9.431049e-07,2.963395e-06,1.504304e-06,6.332694e-07,3.091126e-07,3.260468e-07,2.215439e-06,1.655029e-06,1.601885e-08,1.378653e-06,1.047044e-07,6.808737e-08,1.059024e-08,1.203518e-08,1.479607e-08,2.673179e-06,2.812187e-08
17.626953,4.397804e-07,1.295193e-06,6.449181e-06,2.144016e-06,3.752783e-08,8.649311e-07,4.526278e-07,1.383960e-06,6.426889e-07,2.136014e-06,9.371835e-07,3.766495e-07,4.065364e-07,5.733866e-08,9.359573e-07,1.397572e-06,1.279555e-08,1.458980e-06,9.049498e-08,1.422840e-07,1.632322e-08,7.121416e-09,1.417150e-08,1.430521e-06,5.314415e-08
17.675781,6.002124e-07,1.250015e-06,4.803254e-06,3.804789e-06,3.577647e-08,7.495902e-07,5.183865e-07,1.600826e-06,5.069919e-07,9.957663e-07,3.830228e-07,3.033930e-07,5.914853e-07,1.374734e-07,5.584191e-07,1.106865e-06,6.832999e-09,1.241158e-06,7.931469e-08,1.493463e-08,3.487012e-08,4.581228e-09,1.659989e-08,7.117401e-07,7.363538e-08
17.724609,7.808464e-07,1.016816e-06,3.476206e-06,5.518583e-06,3.910266e-08,8.404052e-07,5.132516e-07,1.478491e-06,4.024047e-07,5.515945e-07,9.858157e-08,5.830390e-07,6.888717e-07,2.030028e-07,1.235223e-06,8.982881e-07,9.297354e-10,1.158234e-06,3.303504e-08,1.298643e-07,2.283230e-08,2.581037e-09,1.363579e-08,6.030664e-07,6.364708e-08
17.773438,9.072644e-07,7.484336e-07,3.807967e-06,7.208314e-06,4.079825e-08,9.683696e-07,4.945697e-07,1.066054e-06,2.500308e-07,6.780732e-07,2.907469e-07,9.186018e-07,6.075686e-07,3.343587e-07,1.905392e-06,9.537409e-07,8.160613e-09,9.272121e-07,3.678805e-08,1.035512e-07,2.475928e-08,4.196297e-09,1.597069e-08,1.763626e-06,1.008957e-08
17.822266,9.278074e-07,6.801765e-07,5.619367e-06,8.897189e-06,3.529571e-08,9.828382e-07,5.560156e-07,5.910581e-07,3.970704e-07,6.060772e-07,4.586983e-07,6.309727e-07,1.229978e-06,3.626271e-07,1.537590e-06,1.339996e-06,1.101007e-08,5.357854e-07,4.042710e-08,5.401734e-08,2.537854e-08,2.582732e-09,5.512410e-09,1.359318e-06,3.479723e-08
17.871094,8.401857e-07,8.360834e-07,8.003701e-06,1.011896e-05,2.442328e-08,8.116146e-07,6.348651e-07,2.693619e-07,5.949383e-07,6.189568e-07,6.748072e-07,1.437635e-07,1.351382e-06,4.653047e-07,1.382582e-06,1.664442e-06,1.102565e-08,7.519401e-07,1.857735e-08,8.708308e-08,1.160839e-08,2.100966e-09,8.118756e-09,7.338474e-07,4.085937e-08
17.919922,6.950116e-07,1.026710e-06,1.026286e-05,1.035158e-05,1.673239e-08,4.879893e-07,6.416878e-07,3.392801e-07,1.029307e-06,9.573934e-07,9.226804e-07,2.585013e-07,1.074459e-06,4.871229e-07,1.608948e-06,1.271255e-06,9.263762e-09,6.548817e-07,4.220098e-08,2.938881e-08,1.670320e-08,4.681615e-09,1.570289e-08,7.917639e-07,2.300346e-08
17.968750,5.744471e-07,1.193850e-06,1.165177e-05,9.458832e-06,1.736313e-08,4.135910e-07,5.814519e-07,2.977434e-07,1.351553e-06,2.502587e-06,1.054164e-06,4.472165e-07,1.148735e-06,8.803175e-07,1.257027e-06,6.794144e-07,9.021503e-09,8.289566e-07,4.782044e-08,1.054709e-07,2.238983e-08,4.675960e-09,1.123493e-08,1.992924e-06,2.695449e-08
18.017578,5.272963e-07,1.364759e-06,1.162980e-05,7.635849e-06,1.822240e-08,7.693862e-07,5.006560e-07,4.794620e-07,1.184335e-06,3.122078e-06,1.086461e-06,7.931826e-07,9.052049e-07,1.009527e-06,1.245470e-06,1.462478e-06,4.909138e-09,4.429727e-07,2.830267e-08,5.395030e-08,2.215865e-08,2.833365e-09,1.496125e-08,3.007844e-06,1.177282e-08
18.066406,5.138355e-07,1.545567e-06,1.015649e-05,5.216326e-06,1.694840e-08,9.976068e-07,4.212206e-07,8.543415e-07,7.151089e-07,2.994446e-06,1.161803e-06,6.783559e-07,5.332568e-07,8.648934e-07,9.347391e-07,2.209026e-06,4.559725e-09,3.908776e-07,9.007758e-09,1.366811e-07,1.129992e-08,7.599397e-10,1.875334e-08,2.748379e-06,2.372789e-08
18.115234,4.720729e-07,1.691457e-06,7.731496e-06,3.032072e-06,1.622767e-08,9.252701e-07,3.759383e-07,9.121058e-07,3.411022e-07,4.102652e-06,1.122259e-06,4.154617e-07,6.364814e-07,5.769547e-07,9.486977e-07,2.016628e-06,1.066631e-08,3.974003e-07,4.453584e-08,1.089890e-07,6.106911e-09,1.446347e-09,1.678851e-08,3.050746e-06,2.170846e-08
18.164062,3.792263e-07,1.739151e-06,5.142326e-06,3.371173e-06,1.578858e-08,6.414407e-07,4.148451e-07,6.545429e-07,8.172985e-08,5.167205e-06,9.028505e-07,4.602876e-07,8.638810e-07,1.528448e-07,1.517013e-06,1.478722e-06,1.586470e-08,1.563514e-07,5.614803e-08,1.081849e-07,6.490128e-09,7.690665e-10,8.505998e-09,3.619477e-06,1.722614e-08
18.212891,2.419865e-07,1.643175e-06,3.010533e-06,5.161444e-06,1.373174e-08,5.207515e-07,4.744367e-07,3.406711e-07,4.419306e-07,5.069134e-06,7.311017e-07,6.581703e-07,1.059323e-06,2.484954e-07,1.637548e-06,7.659652e-07,1.378037e-08,3.215424e-07,5.968341e-08,1.354998e-07,1.201662e-08,4.518989e-09,1.197592e-08,3.389025e-06,1.492948e-08
18.261719,8.002231e-08,1.395594e-06,1.400109e-06,6.078689e-06,1.032882e-08,6.594816e-07,4.554273e-07,3.422412e-07,6.278609e-07,4.390747e-06,7.244006e-07,9.434290e-07,1.031926e-06,4.417923e-07,7.734063e-07,3.549117e-07,7.344059e-09,3.876897e-07,6.615158e-08,1.639536e-07,1.268408e-08,6.861113e-09,1.541023e-08,1.553972e-06,1.640928e-08
18.310547,1.028327e-07,1.032649e-06,5.014542e-07,5.593761e-06,7.010629e-09,6.696644e-07,3.386755e-07,5.295354e-07,5.035903e-07,3.593203e-06,7.076645e-07,9.629032e-07,7.828749e-07,6.973787e-07,2.995425e-07,4.237964e-07,7.681429e-09,3.870774e-07,7.383466e-08,1.376949e-07,5.384902e-09,7.444176e-09,1.867418e-08,1.872551e-06,1.445038e-08
18.359375,2.556272e-07,6.286050e-07,1.656165e-06,4.035103e-06,5.204738e-09,5.019212e-07,2.053835e-07,4.975311e-07,3.039629e-07,3.220328e-06,7.323162e-07,8.281396e-07,7.011533e-07,5.528948e-07,3.270690e-07,5.360365e-07,1.376557e-08,2.097622e-07,9.694074e-08,2.573973e-07,1.478147e-08,8.610967e-09,6.787135e-09,1.827047e-06,1.419098e-08
18.408203,3.699297e-07,3.036432e-07,2.655778e-06,2.304501e-06,9.290881e-09,3.159388e-07,2.215112e-07,2.997036e-07,3.648901e-07,3.281426e-06,1.105433e-06,5.077595e-07,6.429821e-07,2.599618e-07,1.046078e-06,1.098759e-06,9.292572e-09,5.044667e-07,7.958844e-08,1.623876e-07,1.192112e-08,7.044230e-09,6.219053e-09,2.115739e-06,2.310967e-08
18.457031,4.309213e-07,3.329829e-07,3.089336e-06,1.860477e-06,1.937446e-08,2.027246e-07,3.116774e-07,2.369318e-07,5.203368e-07,2.646451e-06,1.455784e-06,6.287938e-07,4.034209e-07,4.577493e-07,1.941816e-06,1.404090e-06,7.884613e-09,4.156222e-07,5.449315e-08,1.534081e-08,1.387666e-08,6.220940e-09,1.387866e-08,2.081101e-06,3.791993e-08
18.505859,4.435919e-07,5.863022e-07,3.225569e-06,2.723168e-06,3.206671e-08,8.794537e-08,3.623416e-07,4.107281e-07,6.164309e-07,1.483646e-06,1.471009e-06,8.142692e-07,3.357444e-07,6.971696e-07,2.312422e-06,7.943901e-07,1.011399e-08,5.618983e-07,2.558976e-08,6.658980e-08,1.585828e-08,3.824844e-09,6.149806e-09,2.946732e-07,2.079136e-08
18.554688,4.307782e-07,8.317103e-07,3.691783e-06,3.620584e-06,4.312702e-08,9.572918e-08,3.800250e-07,8.011697e-07,7.815073e-07,1.249057e-06,1.271488e-06,7.166559e-07,5.187685e-07,7.572871e-07,2.244759e-06,4.668539e-07,9.622818e-09,7.915085e-07,2.469616e-08,5.146079e-08,4.100185e-09,5.293240e-09,9.525039e-09,4.332462e-07,1.534526e-08
18.603516,4.184621e-07,9.973481e-07,4.519191e-06,4.132942e-06,4.803722e-08,2.969164e-07,3.810706e-07,1.093991e-06,1.053688e-06,1.967229e-06,1.014740e-06,8.469596e-07,7.027631e-07,8.499333e-07,1.541923e-06,2.816382e-08,4.739460e-09,6.779101e-07,2.288747e-08,1.042478e-07,4.630245e-09,8.059690e-09,4.450729e-09,8.742144e-07,2.058762e-08
18.652344,4.173400e-07,1.021351e-06,5.090338e-06,3.945348e-06,4.421598e-08,5.704361e-07,3.543840e-07,1.107509e-06,1.191185e-06,3.135504e-06,7.285446e-07,7.295019e-07,9.021939e-07,7.983616e-07,6.316636e-07,3.050502e-07,6.428771e-09,9.002150e-08,4.726864e-08,6.905096e-08,7.636213e-09,1.174574e-08,7.202204e-09,3.364151e-07,7.263987e-09
18.701172,4.285276e-07,8.757204e-07,4.919087e-06,2.942921e-06,3.269543e-08,8.567163e-07,2.940046e-07,9.341196e-07,1.081082e-06,4.296127e-06,7.889313e-07,4.860049e-07,1.185742e-06,6.435743e-07,1.844679e-07,7.534122e-07,7.149266e-09,5.832246e-07,4.662167e-08,1.336970e-07,9.351203e-09,8.739790e-09,1.421832e-08,1.631597e-06,1.226755e-08
18.750000,4.645467e-07,5.905263e-07,3.882978e-06,1.440861e-06,1.830368e-08,1.070430e-06,2.218413e-07,6.425739e-07,8.518018e-07,4.701473e-06,1.068850e-06,4.236745e-07,1.260159e-06,5.588615e-07,6.544264e-07,6.861783e-07,6.207562e-09,8.733943e-07,3.404619e-08,1.274026e-07,8.878096e-09,5.640096e-09,1.029998e-08,1.162704e-06,1.947826e-08
18.798828,5.376277e-07,2.419101e-07,2.180219e-06,5.857302e-07,9.938408e-09,1.198851e-06,1.530712e-07,1.941421e-07,6.887737e-07,3.954545e-06,1.056359e-06,3.909861e-07,7.686801e-07,7.037128e-07,8.540320e-07,1.150137e-06,5.857527e-09,1.045910e-06,8.813018e-09,6.353103e-08,1.117763e-08,5.759880e-09,1.635000e-08,6.375229e-07,3.415642e-08
18.847656,6.281433e-07,9.039621e-08,1.021346e-06,1.240407e-06,1.158364e-08,1.298110e-06,6.697343e-08,3.720817e-07,6.451450e-07,2.818398e-06,7.486471e-07,4.284465e-07,2.360374e-07,8.554530e-07,5.212746e-07,1.078759e-06,3.297061e-09,7.629211e-07,1.836690e-08,2.680581e-08,1.689782e-08,7.159873e-09,1.125385e-08,6.751692e-07,3.547548e-08
18.896484,6.931820e-07,3.615401e-07,2.916102e-06,1.431898e-06,1.138742e-08,1.385973e-06,4.901447e-08,7.790120e-07,6.460496e-07,2.923312e-06,4.132808e-07,5.003824e-07,8.483541e-07,6.568164e-07,5.817274e-07,6.751100e-07,2.989170e-09,5.691500e-07,1.210078e-08,4.808071e-08,2.188336e-08,8.432752e-09,7.537073e-09,4.499758e-07,1.572637e-08
18.945312,6.980484e-07,5.758111e-07,5.185747e-06,1.781434e-06,9.949124e-09,1.403526e-06,1.451550e-07,9.650443e-07,6.255302e-07,3.076070e-06,2.176596e-07,3.358255e-07,1.369779e-06,3.665781e-07,9.368402e-07,8.650795e-07,6.616927e-09,2.646451e-07,4.790573e-08,5.558443e-08,1.537225e-08,7.137919e-09,6.277868e-09,2.124606e-06,2.919052e-08
18.994141,6.341481e-07,7.407528e-07,7.251912e-06,3.031688e-06,1.443046e-08,1.297591e-06,1.839388e-07,9.118891e-07,6.055265e-07,2.011786e-06,2.284975e-07,9.580609e-08,1.659560e-06,1.509852e-07,8.296215e-07,7.974932e-07,5.263396e-09,9.624536e-08,5.469117e-08,4.701078e-08,4.591328e-09,7.365670e-09,4.749378e-09,9.936351e-07,1.261094e-08
19.042969,5.198088e-07,8.338940e-07,9.000847e-06,4.597439e-06,2.052527e-08,1.077375e-06,1.870517e-07,6.870016e-07,5.987884e-07,3.798831e-07,3.216683e-07,3.043956e-07,1.320570e-06,5.198340e-07,8.651861e-08,1.010025e-06,3.886045e-09,3.084445e-07,4.692242e-08,7.066041e-08,4.958725e-09,5.599872e-09,3.126333e-09,1.466180e-06,3.959470e-09
19.091797,3.885243e-07,8.230765e-07,1.041828e-05,6.010810e-06,2.301703e-08,7.895030e-07,2.404472e-07,6.909974e-07,5.617766e-07,1.033413e-06,3.327890e-07,6.815962e-07,6.348970e-07,7.954133e-07,1.178044e-06,1.080498e-06,5.319391e-09,2.147257e-07,4.943416e-09,3.584790e-08,1.687988e-09,3.402292e-09,8.724660e-09,7.985779e-07,1.431658e-08
19.140625,2.721811e-07,7.149905e-07,1.152536e-05,7.082906e-06,2.127667e-08,4.807755e-07,3.083689e-07,9.217162e-07,4.465827e-07,1.472995e-06,3.719553e-07,8.335356e-07,2.938065e-07,8.675711e-07,1.193666e-06,9.466786e-07,1.294148e-09,7.827962e-07,2.848267e-08,2.234108e-08,4.590098e-09,1.981865e-09,5.953703e-09,1.400845e-06,3.693182e-09
19.189453,1.935589e-07,5.886761e-07,1.227823e-05,7.517462e-06,1.747959e-08,2.365868e-07,3.008897e-07,8.609264e-07,2.825905e-07,1.435395e-06,5.484186e-07,7.117458e-07,2.299395e-07,6.268651e-07,3.617669e-07,1.309283e-06,5.051232e-09,9.904355e-07,2.451379e-08,4.040814e-08,4.230208e-09,3.475159e-09,8.668891e-09,2.596796e-07,1.325051e-08
19.238281,1.734371e-07,5.676139e-07,1.249330e-05,6.837879e-06,1.429308e-08,2.164004e-07,2.017152e-07,4.505051e-07,3.633066e-07,1.296454e-06,6.855767e-07,6.233025e-07,3.008289e-07,2.827414e-07,5.466662e-07,1.425980e-06,9.019593e-09,7.488174e-07,4.505556e-08,6.810699e-08,1.408243e-08,4.135127e-09,6.884791e-09,6.049813e-07,1.948184e-08
19.287109,2.050651e-07,6.571156e-07,1.194742e-05,4.913748e-06,1.313319e-08,2.528516e-07,8.927941e-08,1.665743e-07,5.806479e-07,9.783989e-07,6.157052e-07,7.763855e-07,7.350779e-07,2.227166e-07,2.931845e-07,1.176540e-06,7.167576e-09,5.089823e-07,4.018101e-08,8.177134e-08,1.209970e-08,3.362850e-09,4.961385e-09,3.337870e-06,1.456973e-08
19.335938,2.437156e-07,7.485646e-07,1.066095e-05,3.123720e-06,1.414915e-08,2.669991e-07,1.394272e-07,4.327238e-07,7.116968e-07,9.416639e-07,3.022593e-07,1.156080e-06,8.504544e-07,1.923906e-07,3.264683e-07,6.860696e-07,4.617218e-09,4.038851e-07,3.839194e-08,5.775060e-08,1.268598e-08,2.007649e-09,2.024751e-09,1.999502e-06,1.117100e-08
19.384766,2.567513e-07,7.851516e-07,9.165130e-06,4.387445e-06,1.572581e-08,3.361926e-07,1.990064e-07,5.246992e-07,7.650622e-07,2.086706e-06,3.442605e-07,1.433679e-06,8.723429e-07,2.335686e-07,4.667208e-07,5.244113e-07,4.196197e-09,5.448615e-07,2.569023e-08,1.111616e-08,1.328232e-08,3.093999e-09,8.791258e-09,1.616139e-06,2.484512e-08
19.433594,2.352917e-07,7.695130e-07,8.364470e-06,6.246498e-06,1.584458e-08,3.658250e-07,2.038030e-07,4.965766e-07,7.393023e-07,2.922989e-06,7.615780e-07,1.357070e-06,1.154885e-06,3.214402e-07,3.168543e-07,4.500813e-07,3.585720e-09,7.471051e-07,1.586211e-08,7.028883e-08,1.530847e-08,1.441935e-09,7.844837e-09,2.634041e-06,8.243568e-09
19.482422,1.886036e-07,7.180266e-07,8.577619e-06,6.644734e-06,1.525663e-08,2.952564e-07,1.770743e-07,4.256293e-07,6.164897e-07,2.631561e-06,8.067845e-07,9.806450e-07,1.522725e-06,2.571365e-07,3.266592e-07,4.862690e-07,5.277525e-09,2.878088e-07,1.824922e-08,7.153362e-09,9.337445e-09,1.047296e-09,4.680631e-09,1.931148e-06,7.177065e-09
19.531250,1.354491e-07,6.305553e-07,9.069637e-06,5.708840e-06,1.684636e-08,2.273605e-07,1.225749e-07,4.621200e-07,5.310741e-07,2.064855e-06,5.260406e-07,5.934119e-07,1.932920e-06,2.155608e-07,6.295490e-07,5.841212e-07,2.556999e-09,6.499885e-07,2.196381e-08,3.225515e-08,7.562406e-09,2.945958e-09,5.556508e-09,6.656148e-07,1.007893e-08
19.580078,9.472229e-08,4.962170e-07,9.113179e-06,4.615884e-06,1.950253e-08,2.449675e-07,4.975389e-08,5.667301e-07,6.163789e-07,2.406880e-06,4.300202e-07,5.242579e-07,1.873878e-06,1.476563e-07,8.540584e-07,4.140617e-07,2.157108e-09,9.872021e-07,1.121225e-08,5.605690e-08,3.915964e-09,6.762053e-09,3.028669e-09,1.963147e-06,5.835483e-09
19.628906,7.835653e-08,3.363625e-07,8.542466e-06,4.368832e-06,1.941650e-08,2.253918e-07,1.217362e-07,5.444412e-07,6.650927e-07,2.314750e-06,4.591199e-07,2.342266e-07,1.416362e-06,2.380716e-07,1.177451e-06,1.743422e-07,3.069122e-09,9.827500e-07,3.464616e-08,1.356239e-07,5.061437e-09,3.784575e-09,4.494305e-09,5.399395e-07,1.180451e-08
19.677734,8.327927e-08,3.091015e-07,7.503195e-06,4.931892e-06,1.544197e-08,1.333734e-07,2.052164e-07,4.718055e-07,5.228921e-07,2.128875e-06,5.326184e-07,2.112878e-07,1.093194e-06,2.814571e-07,1.657961e-06,4.161027e-07,2.839868e-09,9.811426e-07,4.079857e-08,1.105427e-07,8.486667e-09,9.289521e-10,4.388404e-09,1.491574e-06,1.822624e-08
19.726562,9.467834e-08,5.223277e-07,6.164300e-06,6.108620e-06,9.991850e-09,5.352831e-08,2.234966e-07,5.351352e-07,2.644412e-07,2.776170e-06,7.006337e-07,2.709524e-07,9.071497e-07,1.037293e-07,1.943161e-06,5.664447e-07,1.902269e-09,5.978460e-07,4.894624e-08,2.448678e-08,8.678404e-09,3.931798e-09,5.055776e-09,1.346677e-06,2.081710e-08
19.775391,1.011112e-07,7.936636e-07,4.682190e-06,7.340856e-06,7.667725e-09,1.386300e-07,2.132927e-07,6.042509e-07,1.283382e-07,2.695330e-06,7.476811e-07,1.781800e-07,7.833425e-07,2.560964e-07,1.849991e-06,5.518977e-07,3.330812e-09,4.235615e-07,5.193304e-08,3.534812e-08,7.178016e-09,4.736610e-09,3.353685e-09,1.135610e-06,5.720412e-09
19.824219,9.990022e-08,1.016571e-06,3.275653e-06,7.666612e-06,8.682143e-09,2.641156e-07,2.419244e-07,5.954447e-07,3.343704e-07,1.973846e-06,7.293567e-07,2.090624e-07,6.587590e-07,1.909199e-07,1.181188e-06,1.150526e-06,7.449759e-10,4.771237e-07,1.279480e-08,8.499394e-08,9.002645e-09,5.728815e-09,5.506865e-09,3.478304e-07,9.376983e-09
19.873047,9.895256e-08,1.135663e-06,2.171050e-06,6.551564e-06,9.754824e-09,3.653413e-07,2.721457e-07,5.997394e-07,6.928795e-07,2.403259e-06,6.967057e-07,2.745236e-07,5.468725e-07,3.094518e-07,8.564995e-07,1.385144e-06,2.610463e-09,3.612582e-07,1.137940e-08,1.235149e-07,5.323779e-09,5.019742e-09,6.646371e-09,1.071133e-06,3.234405e-09
19.921875,1.145300e-07,1.123433e-06,1.494481e-06,4.247884e-06,1.078699e-08,3.992697e-07,2.505403e-07,6.701213e-07,9.755625e-07,2.868314e-06,5.938302e-07,1.537263e-07,3.631951e-07,5.705248e-07,1.268771e-06,1.366991e-06,4.736669e-09,2.913321e-07,2.523839e-08,1.439706e-07,7.561030e-09,4.428466e-09,8.705161e-09,2.216422e-06,5.429461e-09
19.970703,1.562788e-07,9.861236e-07,1.293798e-06,1.949498e-06,1.119035e-08,3.833444e-07,1.895102e-07,7.618639e-07,1.012374e-06,2.656370e-06,4.188281e-07,1.930336e-07,8.578001e-08,6.688635e-07,1.410816e-06,1.034376e-06,5.694439e-09,3.855186e-07,4.362467e-08,1.260920e-07,1.446309e-08,2.944545e-09,1.043588e-08,2.787706e-06,1.742371e-08
20.019531,2.183853e-07,7.709365e-07,1.310274e-06,2.914184e-06,9.628696e-09,3.646572e-07,1.331762e-07,7.765538e-07,9.696173e-07,2.815172e-06,2.708553e-07,5.919061e-07,3.086173e-07,6.501414e-07,1.200632e-06,7.030422e-07,2.492672e-09,4.981064e-07,2.445129e-08,1.190993e-07,1.132385e-08,1.108901e-09,9.387835e-09,2.506175e-06,1.626999e-08
20.068359,2.868443e-07,5.654632e-07,1.249462e-06,5.026119e-06,6.571414e-09,3.462750e-07,1.070466e-07,6.061472e-07,1.099569e-06,3.403281e-06,1.498362e-07,8.976546e-07,4.447026e-07,7.189353e-07,8.357672e-07,4.241938e-07,1.104401e-09,8.733148e-07,1.532063e-08,3.755197e-08,4.237632e-09,3.910200e-09,6.093221e-09,2.302752e-06,1.365446e-09
20.117188,3.437226e-07,4.635281e-07,1.860260e-06,6.283832e-06,5.973940e-09,3.940820e-07,1.041045e-07,2.304779e-07,1.163194e-06,3.588407e-06,9.479007e-08,1.002705e-06,6.193578e-07,4.081245e-07,6.657406e-07,1.821258e-07,1.975983e-09,5.076690e-07,1.986601e-08,9.028769e-08,2.922335e-09,2.856243e-09,5.936472e-09,1.091831e-06,7.877723e-09
20.166016,3.716444e-07,4.544392e-07,3.505334e-06,6.392024e-06,8.848141e-09,5.722777e-07,1.064529e-07,2.303067e-07,9.413268e-07,3.250304e-06,3.414895e-07,8.811517e-07,4.608552e-07,2.201925e-07,6.957446e-07,3.540442e-07,1.360374e-09,2.897826e-07,2.563644e-08,9.857499e-08,3.648573e-09,1.476622e-09,4.291650e-09,7.036279e-07,8.077690e-09
20.214844,3.606518e-07,4.399853e-07,5.311961e-06,5.709752e-06,1.102517e-08,7.302846e-07,1.006712e-07,5.711848e-07,5.292323e-07,2.611993e-06,5.142014e-07,5.024681e-07,2.079555e-07,3.438796e-07,3.998422e-07,1.845382e-07,3.964684e-09,7.948616e-07,3.718979e-08,3.770918e-08,4.398479e-09,1.347137e-09,4.205982e-09,7.187489e-07,1.150063e-08
20.263672,3.136575e-07,3.772997e-07,6.469552e-06,4.947300e-06,1.119713e-08,7.309902e-07,7.804727e-08,6.526756e-07,9.905917e-08,1.755193e-06,5.656904e-07,6.409321e-08,5.764354e-07,2.611796e-07,2.821774e-07,4.686916e-07,2.764849e-09,6.596966e-07,2.768217e-08,2.007377e-08,2.826110e-09,1.346817e-09,3.529968e-09,8.200608e-07,9.685634e-09
20.312500,2.466017e-07,2.846402e-07,6.478821e-06,4.257452e-06,9.521422e-09,5.864304e-07,3.152338e-08,4.993020e-07,3.564321e-07,7.378148e-07,4.963013e-07,3.223954e-07,6.896789e-07,1.097501e-07,5.708481e-07,2.859941e-07,1.639462e-09,8.789415e-08,2.764576e-08,4.662505e-08,7.258444e-09,3.464620e-09,3.468542e-09,1.323350e-06,1.237767e-08
20.361328,1.807629e-07,2.255894e-07,5.292064e-06,3.166845e-06,6.533430e-09,4.543507e-07,6.117890e-08,2.895185e-07,7.959736e-07,7.800255e-07,2.926296e-07,7.270542e-07,6.158914e-07,2.546747e-07,6.056594e-07,2.052489e-07,2.261028e-10,2.854006e-07,3.163546e-08,1.080159e-07,4.324372e-09,5.517657e-09,5.421753e-09,6.777458e-07,2.633339e-08
20.410156,1.283199e-07,2.928744e-07,3.299051e-06,2.252558e-06,3.699351e-09,4.615423e-07,1.380540e-07,2.704583e-07,1.143778e-06,1.517752e-06,2.174133e-07,8.709834e-07,5.998033e-07,5.217547e-07,6.144976e-07,2.856058e-07,1.304889e-09,2.387556e-08,2.367508e-08,1.295827e-07,9.512417e-09,3.713762e-09,1.079940e-08,1.491133e-06,2.294347e-08
20.458984,8.936549e-08,4.480956e-07,1.330892e-06,3.300988e-06,5.432612e-09,5.204671e-07,1.799104e-07,3.754537e-07,1.331575e-06,1.836907e-06,6.446259e-07,6.410655e-07,6.209838e-07,4.618622e-07,9.169529e-07,6.418137e-07,2.852629e-09,2.778185e-07,2.677160e-08,5.798385e-08,1.376615e-08,1.671605e-09,1.117020e-08,8.518449e-07,1.221253e-08
20.507812,8.856800e-08,6.023435e-07,1.865273e-06,4.560783e-06,9.821504e-09,5.563803e-07,1.745679e-07,4.448961e-07,1.385773e-06,2.069814e-06,9.126605e-07,5.829823e-07,6.143424e-07,3.047094e-07,1.285882e-06,1.141127e-06,2.996701e-09,2.686369e-07,2.044154e-08,4.850425e-08,9.767257e-09,1.748666e-09,8.781382e-09,1.861330e-06,5.873195e-09
20.556641,1.464740e-07,6.997653e-07,3.507541e-06,4.472173e-06,1.424963e-08,5.370389e-07,1.566242e-07,4.662241e-07,1.340855e-06,2.300902e-06,8.372977e-07,7.013159e-07,5.303360e-07,1.200112e-07,1.409361e-06,1.578237e-06,2.412258e-09,2.483991e-07,2.268208e-08,8.423688e-08,1.021412e-08,2.310017e-09,1.664450e-09,1.326091e-06,8.388664e-10
20.605469,2.216760e-07,7.182683e-07,4.846057e-06,3.007098e-06,1.800707e-08,4.402494e-07,1.676788e-07,4.829799e-07,1.195898e-06,2.121071e-06,5.430039e-07,5.942589e-07,2.999134e-07,2.728562e-07,1.256691e-06,1.298204e-06,2.091014e-09,1.522715e-07,3.033942e-08,2.823685e-08,8.877433e-09,1.554868e-09,1.558424e-09,2.374230e-07,4.443417e-09
20.654297,2.866244e-07,6.773194e-07,5.771428e-06,2.117828e-06,2.036565e-08,3.116637e-07,1.880827e-07,5.191837e-07,9.749623e-07,1.787154e-06,2.920646e-07,2.242525e-07,3.951861e-07,4.269901e-07,6.494792e-07,8.745292e-07,2.253861e-09,1.797797e-07,3.673970e-08,1.017429e-07,4.434317e-09,4.179594e-10,5.555486e-09,1.566673e-06,4.931365e-09
20.703125,3.312926e-07,6.289242e-07,6.266471e-06,3.784328e-06,2.061696e-08,2.563548e-07,1.939869e-07,5.097869e-07,7.451550e-07,1.899543e-06,1.732672e-07,1.565125e-07,1.942470e-07,5.639890e-07,3.420550e-07,2.976430e-07,2.202873e-09,3.747701e-08,2.124810e-08,1.012683e-07,2.256705e-09,3.119663e-09,5.250542e-09,1.123828e-06,7.095740e-09
20.751953,3.549673e-07,6.140563e-07,6.397928e-06,5.248474e-06,1.868121e-08,2.995028e-07,1.942485e-07,4.033503e-07,6.534100e-07,1.990827e-06,1.125988e-07,2.939970e-07,6.979246e-07,5.862362e-07,6.650664e-07,2.675976e-07,3.480169e-09,1.197503e-07,2.807618e-08,6.793624e-08,1.962619e-09,1.246357e-09,5.058923e-09,5.497681e-07,1.020642e-08
20.800781,3.585189e-07,6.181914e-07,6.314671e-06,5.669972e-06,1.535226e-08,3.825974e-07,1.970448e-07,2.210856e-07,8.024329e-07,1.730220e-06,2.016642e-07,3.782730e-07,9.387483e-07,3.998153e-07,1.206745e-06,9.947519e-08,2.332114e-09,2.394661e-07,9.410158e-09,8.308806e-09,4.970172e-09,1.152739e-09,7.021473e-09,2.194063e-06,1.030834e-08
20.849609,3.408952e-07,5.964290e-07,6.116094e-06,5.550267e-06,1.179992e-08,4.573566e-07,1.906502e-07,5.162237e-08,9.449766e-07,1.468371e-06,2.886236e-07,5.206597e-07,7.777942e-07,2.328242e-07,1.426999e-06,1.551437e-07,2.389040e-09,4.859695e-07,7.445001e-09,1.427430e-08,5.415895e-09,2.936413e-09,3.121596e-09,1.281551e-06,3.512255e-09
20.898438,3.034010e-07,5.211114e-07,5.742351e-06,5.651434e-06,8.845988e-09,4.898075e-07,1.633485e-07,2.753923e-07,8.681948e-07,1.509681e-06,3.925161e-07,5.021489e-07,6.525152e-07,2.274449e-07,8.380516e-07,4.221521e-07,2.523846e-09,3.681049e-07,4.743721e-09,7.775076e-09,5.072912e-09,2.804506e-09,4.186619e-09,1.199203e-06,6.383214e-09
20.947266,2.555671e-07,3.922986e-07,5.065728e-06,5.847924e-06,7.114161e-09,4.961576e-07,1.206657e-07,4.152377e-07,5.865522e-07,1.661535e-06,6.726598e-07,2.754609e-07,5.668954e-07,3.240988e-07,9.241981e-07,1.084458e-06,1.199316e-09,4.568243e-07,7.022473e-09,5.481736e-08,6.371842e-09,3.356745e-09,3.051232e-09,1.811407e-06,5.758068e-09
20.996094,2.133134e-07,2.302959e-07,4.092805e-06,5.385956e-06,7.262743e-09,4.854965e-07,8.242220e-08,3.656570e-07,2.602673e-07,1.690096e-06,9.192287e-07,1.140137e-07,9.762126e-07,2.422212e-07,1.000036e-06,1.597434e-06,1.514937e-09,7.059829e-07,8.184649e-09,3.760626e-08,2.661547e-09,3.169439e-09,5.227514e-09,2.871835e-07,2.401914e-09
21.044922,1.860367e-07,9.104981e-08,3.104878e-06,3.889333e-06,8.374939e-09,3.986506e-07,5.498673e-08,1.833549e-07,1.460419e-07,1.575199e-06,8.914114e-07,2.794395e-07,9.917603e-07,1.134375e-07,7.505765e-07,1.543115e-06,3.515265e-09,5.752113e-07,1.455289e-08,6.609757e-08,3.900412e-09,9.300505e-10,1.116511e-09,3.384635e-07,6.570666e-09
21.093750,1.671590e-07,1.625876e-07,2.605022e-06,1.579269e-06,8.768903e-09,1.995226e-07,3.757146e-08,1.130479e-07,2.749759e-07,1.473129e-06,6.238239e-07,6.474999e-07,9.291991e-07,6.754641e-08,7.786737e-07,9.943622e-07,3.021282e-09,1.153016e-07,2.962233e-08,6.112549e-08,1.388086e-09,2.027329e-09,2.064080e-09,1.602565e-06,9.954921e-09
21.142578,1.466986e-07,2.916218e-07,2.674915e-06,1.160701e-06,7.767717e-09,1.399091e-07,1.037227e-07,2.990940e-07,3.290026e-07,1.464395e-06,3.449675e-07,8.254445e-07,8.888579e-07,1.128579e-07,5.887535e-07,4.365125e-07,1.973112e-09,7.040768e-08,2.702809e-08,3.959259e-08,8.635034e-09,1.339694e-09,7.265442e-09,1.104522e-06,5.941333e-09
21.191406,1.247639e-07,3.900300e-07,2.704323e-06,3.642830e-06,5.709955e-09,3.765911e-07,1.918115e-07,4.429229e-07,2.461001e-07,1.298831e-06,1.149935e-07,7.591459e-07,8.002689e-07,2.158512e-07,1.572926e-07,6.209689e-07,1.808715e-09,1.778540e-07,1.614729e-08,3.590002e-08,9.387108e-09,8.221158e-10,5.505683e-09,7.916130e-07,9.701519e-09
21.240234,1.073267e-07,4.508208e-07,2.298931e-06,5.766696e-06,3.649917e-09,5.359638e-07,2.409715e-07,5.433299e-07,9.034725e-08,7.496329e-07,1.952195e-07,5.675529e-07,9.002488e-07,3.581290e-07,7.237973e-07,1.890347e-07,1.225638e-09,3.820230e-07,1.180439e-08,2.805929e-08,3.929660e-09,1.147350e-09,4.000107e-09,1.100667e-06,6.714837e-09
21.289062,9.694232e-08,4.767372e-07,1.686127e-06,7.347071e-06,3.445970e-09,6.111242e-07,2.239272e-07,6.897299e-07,1.518003e-07,6.812655e-07,4.823242e-07,3.200230e-07,9.224267e-07,3.791234e-07,1.065551e-06,8.965450e-07,1.810528e-09,3.885099e-07,2.246000e-08,2.793343e-08,2.329719e-09,1.262041e-09,1.441154e-09,1.444045e-06,6.023616e-09
21.337891,9.412486e-08,4.772199e-07,1.755300e-06,8.152099e-06,5.132090e-09,6.296869e-07,1.671292e-07,7.416439e-07,2.221568e-07,1.552453e-06,6.470032e-07,1.303619e-07,9.565094e-07,4.453381e-07,1.087507e-06,1.047499e-06,8.644797e-10,4.081497e-07,8.445315e-09,5.722523e-08,1.735197e-09,1.560898e-09,3.000589e-09,7.758132e-07,1.650707e-09
21.386719,1.012712e-07,4.705056e-07,2.397415e-06,7.990132e-06,6.933024e-09,5.687563e-07,1.445052e-07,5.741270e-07,2.660351e-07,1.944430e-06,6.021372e-07,1.906708e-07,9.810912e-07,5.131310e-07,8.414630e-07,8.995449e-07,1.151750e-09,7.156659e-07,1.271614e-08,4.157373e-08,2.330514e-09,2.051602e-09,4.688008e-09,1.242947e-06,3.676207e-09
21.435547,1.174985e-07,4.741079e-07,2.583776e-06,6.972258e-06,7.973280e-09,4.171863e-07,1.603556e-07,4.487275e-07,3.218000e-07,1.761518e-06,3.583814e-07,3.243268e-07,8.528298e-07,4.050704e-07,3.405152e-07,7.953505e-07,1.673524e-09,6.341725e-07,1.722580e-08,3.416075e-08,5.508277e-09,2.768212e-09,3.864644e-09,1.111405e-06,1.120936e-08
21.484375,1.400233e-07,4.840266e-07,1.839763e-06,5.563363e-06,7.755177e-09,2.822718e-07,1.605649e-07,5.073710e-07,3.060200e-07,1.617533e-06,9.401767e-08,3.246754e-07,6.217847e-07,4.192833e-07,1.405675e-07,5.177202e-07,1.477266e-09,1.822853e-07,1.947241e-08,6.724824e-08,4.182381e-09,1.425352e-09,5.270797e-09,2.327471e-06,7.879195e-09
21.533203,1.692086e-07,4.751672e-07,2.473294e-07,4.231397e-06,6.113523e-09,3.238662e-07,1.565659e-07,4.314005e-07,2.129177e-07,1.468073e-06,2.005964e-07,2.719644e-07,4.950501e-07,4.826051e-07,4.291693e-07,3.853030e-07,1.256056e-09,1.790095e-07,9.768183e-09,2.984030e-08,5.456779e-09,2.290669e-09,2.626524e-09,1.717352e-06,3.556923e-09
21.582031,2.029051e-07,4.269643e-07,2.014222e-06,3.070668e-06,3.381725e-09,4.399263e-07,1.675145e-07,3.303836e-07,1.394276e-07,8.921389e-07,2.952926e-07,3.912373e-07,5.485880e-07,4.545316e-07,2.497893e-07,4.491483e-07,1.283376e-09,1.410021e-07,3.408229e-09,1.794681e-08,6.459546e-09,2.016849e-09,3.142153e-09,6.200538e-07,8.779833e-09
21.630859,2.312547e-07,3.410841e-07,4.104436e-06,2.254084e-06,5.865292e-10,5.500931e-07,1.660235e-07,4.260009e-07,1.903951e-07,2.894528e-07,3.422220e-07,2.848408e-07,5.374477e-07,4.108556e-07,4.961921e-07,6.457964e-07,1.542198e-09,1.250113e-07,8.934450e-09,4.096327e-09,5.512451e-09,2.708826e-09,2.203243e-09,1.495094e-06,8.237194e-09
21.679688,2.422138e-07,2.387816e-07,5.578920e-06,2.561491e-06,2.457173e-09,6.182541e-07,1.302884e-07,6.248050e-07,3.118376e-07,3.486860e-07,3.823217e-07,1.813646e-07,2.773960e-07,3.842198e-07,9.073960e-07,4.135950e-07,9.630231e-10,2.126761e-07,1.744819e-08,6.385571e-08,5.903929e-09,2.687768e-09,1.819143e-09,5.117864e-07,8.577163e-09
21.728516,2.300540e-07,1.428229e-07,6.203407e-06,3.505219e-06,4.399035e-09,5.861950e-07,7.933168e-08,8.128455e-07,3.850868e-07,1.213955e-06,3.977288e-07,4.788650e-07,1.492773e-07,3.375615e-07,1.221318e-06,4.655254e-07,7.431484e-10,2.329765e-07,1.275054e-08,7.658620e-08,6.073840e-09,1.798780e-09,1.242057e-09,5.740286e-07,7.877021e-09
21.777344,1.988384e-07,5.664965e-08,6.149227e-06,4.108605e-06,6.265099e-09,4.469834e-07,7.858733e-08,8.256491e-07,3.444525e-07,2.183246e-06,3.521566e-07,4.400481e-07,4.482097e-07,2.202779e-07,1.097347e-06,5.492902e-07,1.580620e-09,2.202464e-07,1.698220e-08,5.635191e-08,3.512703e-09,4.722376e-10,8.081490e-10,1.465553e-07,6.835256e-09
21.826172,1.591074e-07,5.023531e-08,5.830033e-06,4.201787e-06,8.459185e-09,2.655600e-07,1.185118e-07,6.850431e-07,2.153005e-07,2.617924e-06,2.832334e-07,2.725197e-07,6.766203e-07,1.167903e-07,7.813650e-07,8.085745e-07,1.422644e-09,3.492984e-07,1.822461e-08,4.458984e-08,5.555262e-09,5.114909e-10,1.825366e-09,3.887151e-07,1.141503e-09
21.875000,1.199672e-07,1.649791e-07,5.496843e-06,4.019920e-06,1.036605e-08,1.226039e-07,1.557089e-07,5.806435e-07,1.328500e-07,2.392464e-06,2.113060e-07,1.848987e-07,4.799627e-07,5.548541e-08,8.052816e-07,7.699805e-07,1.474573e-09,5.462389e-07,1.643619e-08,3.367869e-08,3.742081e-09,2.550474e-10,1.925305e-09,4.254943e-07,4.857604e-09
21.923828,8.375911e-08,2.911258e-07,5.013061e-06,3.693793e-06,1.101014e-08,6.894644e-08,1.858568e-07,5.023471e-07,2.548793e-07,1.786268e-06,1.054383e-07,4.865572e-07,1.805367e-07,1.418051e-07,3.353294e-07,3.704296e-07,1.111265e-09,3.733349e-07,1.261829e-08,5.020324e-08,6.059181e-09,1.470261e-09,4.189363e-09,5.539753e-07,5.560970e-09
21.972656,5.222230e-08,4.073192e-07,4.145310e-06,3.207455e-06,9.910378e-09,9.248400e-08,1.983304e-07,3.445218e-07,3.889423e-07,1.146039e-06,1.011301e-07,8.820603e-07,5.834362e-07,1.009904e-07,2.505977e-07,3.994031e-07,9.408153e-10,1.204320e-07,1.234430e-08,3.530747e-08,1.374260e-09,6.980627e-10,2.213222e-09,5.641429e-07,4.648817e-09
22.021484,4.180243e-08,5.001746e-07,2.906270e-06,2.812198e-06,7.409906e-09,1.260858e-07,1.938074e-07,1.554466e-07,4.196564e-07,8.171670e-07,2.292560e-07,1.165488e-06,6.853063e-07,5.976889e-08,5.595891e-07,7.973017e-07,1.021178e-09,2.115870e-08,8.675232e-09,3.447773e-08,3.655787e-09,6.961902e-10,3.207735e-09,1.302612e-07,1.028205e-09
22.070312,5.614432e-08,5.673594e-07,1.583976e-06,2.877981e-06,4.740282e-09,1.348959e-07,1.937117e-07,1.931416e-08,3.309898e-07,7.899202e-07,3.519319e-07,1.274387e-06,4.584821e-07,7.158858e-08,4.256444e-07,8.527099e-07,1.160503e-09,1.576699e-07,4.730615e-09,3.924385e-08,1.476244e-09,5.499053e-10,3.516926e-09,5.968496e-07,1.738060e-09
22.119141,6.514320e-08,6.120852e-07,5.554568e-07,3.075039e-06,3.793336e-09,1.058756e-07,2.024894e-07,6.659965e-08,2.515757e-07,7.711071e-07,4.440062e-07,1.273997e-06,2.599343e-07,7.599625e-08,4.248799e-07,8.796972e-07,6.624612e-10,1.620107e-07,1.474888e-08,3.930073e-08,2.184985e-09,8.790270e-10,2.516865e-09,4.333766e-07,2.812166e-09
22.167969,5.616312e-08,6.348617e-07,1.279176e-07,2.818744e-06,4.189051e-09,1.651963e-07,2.053091e-07,1.822018e-07,2.879048e-07,8.227552e-07,4.588116e-07,1.055192e-06,4.141261e-07,2.118093e-07,9.875201e-07,5.428781e-07,6.368356e-10,2.268827e-07,1.399531e-08,4.807442e-08,3.802230e-09,4.229429e-10,3.855878e-09,7.013718e-07,4.081691e-09
22.216797,3.330724e-08,6.320312e-07,1.001519e-06,2.074519e-06,3.807794e-09,3.332235e-07,1.922929e-07,3.181554e-07,2.926008e-07,1.048685e-06,4.186325e-07,6.107448e-07,6.160038e-07,3.835106e-07,1.186938e-06,5.454631e-07,1.422617e-09,1.425219e-07,1.323018e-08,6.988089e-08,5.038280e-09,1.473362e-09,2.012114e-09,1.464552e-06,2.066949e-09
22.265625,3.318698e-08,6.019098e-07,2.545331e-06,1.757692e-06,2.345573e-09,4.839055e-07,1.514432e-07,4.444118e-07,2.250613e-07,1.231024e-06,3.771785e-07,2.895190e-07,6.207449e-07,3.667955e-07,7.466080e-07,5.723835e-07,9.760583e-10,2.554170e-07,8.588387e-09,5.182472e-08,2.839724e-09,1.444001e-09,2.657004e-09,1.827872e-06,4.069198e-09
22.314453,6.922452e-08,5.508745e-07,4.550595e-06,2.598586e-06,1.299348e-09,5.768788e-07,8.559621e-08,5.934041e-07,1.330550e-07,1.060973e-06,2.373816e-07,2.722984e-07,8.200673e-07,2.482168e-07,4.151291e-07,5.843915e-07,1.192904e-10,1.579943e-07,5.576837e-09,3.661406e-08,2.932282e-09,6.677492e-10,1.614606e-09,1.248582e-06,3.720671e-09
22.363281,1.063485e-07,4.930211e-07,6.554035e-06,3.448800e-06,2.096687e-09,6.313748e-07,6.710090e-08,7.054369e-07,9.074556e-08,5.798720e-07,1.720265e-07,4.522218e-07,9.907740e-07,2.388729e-07,3.062454e-07,5.079259e-07,1.648329e-09,8.170517e-08,3.449020e-09,1.484397e-08,2.011404e-09,1.359142e-09,2.387008e-09,6.235366e-07,8.730416e-09
22.412109,1.358285e-07,4.425618e-07,8.059298e-06,3.635258e-06,2.233007e-09,6.422191e-07,1.081965e-07,6.840977e-07,2.396127e-07,5.637579e-07,4.334099e-07,6.654389e-07,9.881092e-07,2.862493e-07,1.420029e-07,5.386779e-07,1.788449e-09,2.816570e-07,1.147554e-08,2.374042e-08,3.348208e-09,1.006093e-09,1.332064e-09,5.974344e-07,7.278147e-09
22.460938,1.551650e-07,4.043786e-07,8.712024e-06,3.173492e-06,1.425127e-09,5.626092e-07,1.198856e-07,6.054685e-07,3.757505e-07,1.086203e-06,6.753636e-07,7.009968e-07,6.823144e-07,3.071226e-07,4.687454e-07,6.273291e-07,1.166377e-09,3.709266e-07,1.033536e-08,3.553013e-08,3.965717e-09,9.239501e-10,5.018128e-10,7.563923e-07,1.885402e-09
22.509766,1.631233e-07,3.729372e-07,8.415016e-06,2.559844e-06,1.744663e-09,3.873856e-07,9.852580e-08,6.063184e-07,3.878536e-07,1.751233e-06,8.416700e-07,4.991482e-07,8.263347e-08,2.365641e-07,4.016914e-07,3.781049e-07,1.550415e-09,3.268121e-07,1.273468e-08,6.191244e-08,2.565023e-09,6.081743e-10,3.695663e-09,2.548917e-07,5.875545e-09
22.558594,1.592054e-07,3.403114e-07,7.345220e-06,2.266196e-06,3.033547e-09,1.927847e-07,5.896084e-08,5.882018e-07,2.811210e-07,2.316469e-06,8.049519e-07,4.636456e-07,4.158329e-07,1.021573e-07,5.359859e-07,7.259976e-07,1.502162e-09,1.787729e-07,1.770533e-08,7.847970e-08,1.530057e-09,6.582719e-10,3.800898e-09,2.352468e-07,5.639086e-09
22.607422,1.447905e-07,3.006943e-07,5.871699e-06,2.022469e-06,3.662486e-09,1.429586e-07,3.405043e-08,4.412629e-07,3.229300e-07,2.311348e-06,6.098518e-07,6.720156e-07,3.482715e-07,1.838059e-07,1.147247e-06,1.010698e-06,1.093984e-09,3.815296e-07,1.108088e-08,3.784725e-08,5.583504e-10,6.235402e-10,2.269813e-09,3.630685e-07,5.111372e-09
22.656250,1.233737e-07,2.483774e-07,4.411342e-06,1.625477e-06,3.814351e-09,2.295066e-07,7.210475e-08,1.980528e-07,5.212468e-07,1.566920e-06,5.407075e-07,6.261840e-07,4.169723e-07,1.830581e-07,1.187039e-06,9.148258e-07,8.667587e-10,4.294370e-07,7.350622e-09,4.534716e-08,2.767073e-09,2.987578e-10,2.969830e-09,4.642981e-07,1.830447e-09
22.705078,9.829413e-08,1.818368e-07,3.259533e-06,1.975880e-06,4.455318e-09,3.045824e-07,9.794778e-08,1.021816e-07,5.642489e-07,3.735114e-07,6.007427e-07,6.001265e-07,4.114255e-07,1.099666e-07,7.833683e-07,8.537819e-07,9.900563e-10,3.157539e-07,1.194500e-08,7.603019e-08,5.013085e-09,7.983796e-10,1.515062e-09,6.304905e-07,4.153341e-09
22.753906,7.035355e-08,1.284234e-07,2.450433e-06,3.026941e-06,5.584458e-09,3.403360e-07,9.159865e-08,3.070184e-07,4.216714e-07,8.817644e-07,6.166153e-07,5.703176e-07,2.898450e-07,1.075675e-07,5.259647e-07,8.331525e-07,1.562897e-09,4.751758e-07,1.958028e-08,3.301432e-08,6.569646e-09,8.853889e-10,1.735273e-09,1.646010e-06,2.756006e-09
22.802734,4.287989e-08,1.563263e-07,1.841580e-06,3.680224e-06,6.336574e-09,3.244847e-07,7.059091e-08,3.987578e-07,2.817079e-07,1.560475e-06,5.251846e-07,4.359126e-07,2.525707e-07,9.126949e-08,6.355223e-07,4.495610e-07,1.585172e-09,6.445751e-07,2.114960e-08,6.768408e-08,4.589275e-09,4.054053e-10,1.766866e-09,8.307637e-07,2.192490e-09
22.851562,4.471209e-08,2.303097e-07,1.496112e-06,3.471527e-06,6.260461e-09,2.741168e-07,5.279090e-08,3.738484e-07,2.133208e-07,1.537030e-06,3.845941e-07,4.594248e-07,3.106602e-07,1.721616e-07,5.820964e-07,4.334603e-07,9.158856e-10,5.282617e-07,2.414162e-08,6.492967e-08,1.987457e-09,1.297718e-09,1.258302e-09,6.263265e-07,5.789578e-09
22.900391,8.074469e-08,2.869915e-07,1.735585e-06,2.609880e-06,5.463941e-09,2.366515e-07,3.356024e-08,3.678821e-07,2.145695e-07,1.097373e-06,3.451379e-07,3.923666e-07,3.654937e-07,2.855952e-07,3.047005e-07,4.832879e-07,8.807609e-10,2.591532e-07,1.513581e-08,3.314686e-08,5.003297e-09,9.294816e-10,7.534163e-10,8.119491e-07,6.058503e-09
22.949219,1.165455e-07,3.181694e-07,2.341654e-06,1.956889e-06,4.335993e-09,2.469901e-07,3.022184e-08,4.336729e-07,3.204922e-07,6.695818e-07,3.128291e-07,3.454797e-07,3.908015e-07,2.071149e-07,2.831752e-07,2.949885e-07,7.928566e-10,1.104856e-07,6.260062e-09,3.646876e-08,3.469612e-09,2.958574e-10,2.512683e-09,1.104823e-06,6.546893e-09
22.998047,1.386319e-07,3.480690e-07,2.872998e-06,2.213790e-06,3.339028e-09,2.856834e-07,4.766141e-08,4.345888e-07,3.141737e-07,3.956116e-07,2.471274e-07,4.081350e-07,3.069769e-07,1.632953e-07,4.052597e-07,8.858772e-07,1.209907e-09,1.532025e-07,9.633585e-10,2.020562e-08,3.067477e-09,4.749210e-10,3.562758e-09,1.107726e-06,3.247881e-09
23.046875,1.462622e-07,3.891830e-07,3.165986e-06,2.606001e-06,2.898376e-09,3.173840e-07,5.170866e-08,3.201160e-07,2.688521e-07,8.017733e-07,3.648390e-07,4.034202e-07,2.499822e-07,1.447168e-07,1.702898e-07,1.026006e-06,1.300609e-09,9.297165e-08,7.588990e-09,3.187525e-08,3.409565e-09,4.595898e-10,3.481966e-09,1.168235e-06,3.351585e-09
23.095703,1.495362e-07,4.131536e-07,3.291290e-06,2.597117e-06,3.098899e-09,3.234832e-07,3.891510e-08,1.753273e-07,3.184928e-07,1.187828e-06,4.583218e-07,2.063038e-07,4.130598e-07,1.740227e-07,2.530907e-07,6.968613e-07,1.461738e-09,2.606720e-07,4.869100e-09,3.528297e-08,4.494094e-09,9.317780e-10,1.182811e-09,1.182399e-06,4.816126e-09
23.144531,1.600145e-07,3.821133e-07,3.439119e-06,2.298981e-06,3.686743e-09,3.189581e-07,1.947771e-08,1.579019e-07,2.878744e-07,1.155972e-06,3.214488e-07,7.243542e-08,3.619135e-07,8.795173e-08,4.107057e-07,2.718688e-07,1.006508e-09,4.553044e-07,4.745574e-09,4.654259e-08,1.186970e-09,6.517301e-10,1.454740e-09,1.033924e-06,2.083405e-09
23.193359,1.758469e-07,2.846343e-07,3.744455e-06,2.082781e-06,4.462671e-09,3.560749e-07,5.501377e-09,1.714472e-07,1.904146e-07,9.916148e-07,1.899690e-07,1.519435e-07,9.314414e-08,8.168919e-08,4.014901e-07,2.852323e-07,1.172131e-09,4.556177e-07,1.047950e-08,5.327710e-08,1.443539e-09,1.546265e-10,2.254423e-09,9.597408e-07,3.360926e-09
23.242188,1.850117e-07,1.436664e-07,4.156063e-06,2.276144e-06,5.199861e-09,4.436027e-07,1.938995e-08,1.365677e-07,1.550224e-07,1.090745e-06,3.212603e-07,6.473154e-08,3.134481e-07,5.316003e-08,4.660132e-07,6.617094e-07,6.207944e-10,5.061557e-07,1.056501e-08,2.840079e-08,1.629833e-09,1.040691e-09,3.906679e-10,1.652918e-06,3.202374e-09
23.291016,1.801811e-07,2.583500e-08,4.498629e-06,2.847804e-06,5.588049e-09,5.208554e-07,3.189413e-08,1.374606e-07,1.310695e-07,1.302954e-06,2.768575e-07,2.528443e-07,1.217741e-07,1.990146e-07,4.012382e-07,9.190985e-07,1.085698e-09,4.465166e-07,6.061401e-09,3.324795e-08,3.232218e-09,1.473160e-09,1.063715e-09,1.243387e-06,4.362457e-09
23.339844,1.648674e-07,1.062903e-07,4.641930e-06,3.510946e-06,5.430738e-09,5.392895e-07,3.220334e-08,1.715510e-07,1.273100e-07,1.477734e-06,1.061637e-07,3.639122e-07,3.790616e-07,1.729228e-07,4.811174e-07,4.859802e-07,1.105725e-09,4.331007e-07,5.953153e-09,7.756406e-09,3.651377e-09,4.728443e-10,1.113924e-09,6.818703e-07,7.604685e-09
23.388672,1.497031e-07,1.423854e-07,4.618167e-06,3.962351e-06,4.731289e-09,4.889566e-07,2.941057e-08,2.866377e-07,8.864370e-08,1.562933e-06,1.714665e-07,3.366341e-07,3.953423e-07,5.125018e-08,8.365178e-07,4.837082e-07,7.309431e-10,3.094812e-07,8.754461e-09,2.076237e-08,4.924230e-09,1.393415e-09,1.978748e-09,6.059742e-07,6.021493e-09
23.437500,1.416483e-07,1.202022e-07,4.579635e-06,3.981245e-06,3.591770e-09,3.846291e-07,5.592136e-08,4.302396e-07,5.722840e-08,1.428557e-06,2.894353e-07,2.940258e-07,1.451383e-07,5.036674e-08,8.155340e-07,8.138572e-07,3.236173e-10,1.840682e-07,6.788615e-09,2.087104e-08,3.531493e-09,7.415125e-10,1.811869e-09,1.194600e-06,5.404269e-09
23.486328,1.365592e-07,6.626024e-08,4.585540e-06,3.556369e-06,2.113792e-09,2.543586e-07,9.470535e-08,4.566110e-07,1.708733e-07,1.052245e-06,3.292288e-07,2.847599e-07,3.678359e-07,1.423835e-07,5.953517e-07,4.916687e-07,8.354069e-10,1.318890e-07,1.083457e-08,3.012145e-08,6.542410e-10,1.046299e-10,2.145797e-09,8.046390e-07,2.021155e-09
23.535156,1.264672e-07,2.556336e-08,4.510065e-06,3.053379e-06,4.593909e-10,1.328240e-07,1.269453e-07,3.445004e-07,2.065728e-07,6.567876e-07,2.869924e-07,2.159168e-07,4.982910e-07,1.643998e-07,5.894387e-07,2.765784e-07,8.734799e-10,2.421108e-07,9.272105e-09,4.541143e-08,2.596584e-09,1.171422e-09,2.522587e-09,6.722705e-07,5.476614e-09
23.583984,1.087283e-07,4.853573e-08,4.264005e-06,3.133642e-06,1.126189e-09,4.118917e-08,1.440748e-07,2.712801e-07,1.772279e-07,4.942272e-07,2.195414e-07,1.888407e-07,4.162241e-07,9.830926e-08,3.173713e-07,6.722205e-07,1.212760e-09,1.816206e-07,3.464156e-09,4.663116e-08,2.369865e-09,5.190507e-10,2.532267e-09,8.910903e-07,3.154540e-09
23.632812,8.622685e-08,7.345970e-08,3.961014e-06,3.847543e-06,2.315291e-09,2.771031e-08,1.382704e-07,3.582957e-07,2.005568e-07,5.910991e-07,1.893477e-07,2.268097e-07,4.162184e-07,9.528805e-08,4.732146e-07,5.501519e-07,1.362205e-09,1.377073e-07,9.953909e-09,5.271406e-08,2.022193e-09,1.094742e-09,2.949355e-09,4.090184e-07,2.228965e-09
23.681641,6.334898e-08,9.958959e-08,3.690314e-06,4.592292e-06,3.001057e-09,7.560404e-08,1.064288e-07,4.313442e-07,2.834608e-07,7.617380e-07,1.943945e-07,3.006702e-07,3.263165e-07,1.559953e-07,8.600886e-07,2.857775e-07,1.024536e-09,2.314587e-07,1.113556e-08,4.519764e-08,1.251648e-09,5.447635e-10,1.050098e-09,4.771185e-07,2.612357e-09
23.730469,4.375324e-08,1.360176e-07,3.212228e-06,4.988870e-06,3.267741e-09,8.732300e-08,5.888474e-08,4.398868e-07,3.336844e-07,9.299351e-07,1.972488e-07,3.807604e-07,4.365545e-07,2.058363e-07,6.854132e-07,1.391428e-07,7.151635e-10,2.267893e-07,9.841991e-09,2.989821e-08,2.324207e-09,7.207273e-10,1.162040e-09,6.085214e-07,1.954440e-09
23.779297,3.306826e-08,1.761227e-07,2.195681e-06,4.988437e-06,3.245919e-09,8.820721e-08,1.626938e-08,4.096225e-07,3.154085e-07,1.113654e-06,1.744281e-07,3.384871e-07,3.689603e-07,1.729290e-07,2.429127e-07,5.084698e-07,5.242591e-10,2.363117e-07,8.263481e-09,3.052804e-08,7.608952e-10,1.007827e-09,3.265394e-10,4.620364e-07,3.503388e-09
23.828125,3.720401e-08,2.030877e-07,9.978253e-07,4.765464e-06,2.976814e-09,1.404117e-07,1.295900e-08,3.574815e-07,2.770916e-07,1.098686e-06,1.337507e-07,2.302434e-07,2.646948e-07,1.406176e-07,3.573857e-08,6.027580e-07,3.910651e-10,1.889626e-07,6.121740e-09,4.348673e-08,1.277866e-09,5.807262e-10,6.366065e-10,5.583192e-07,4.568473e-09
23.876953,4.847831e-08,2.006911e-07,2.210606e-06,4.641579e-06,2.542129e-09,1.937421e-07,2.253861e-08,2.783946e-07,2.879631e-07,8.222436e-07,8.848993e-08,1.300902e-07,5.922716e-07,1.460074e-07,8.882778e-08,4.930770e-08,3.215692e-10,8.087458e-08,4.484998e-09,3.210980e-08,2.989103e-09,4.499379e-10,3.504841e-10,3.588560e-07,5.236662e-09
23.925781,5.827259e-08,1.677015e-07,4.139014e-06,4.867088e-06,2.179012e-09,1.998455e-07,2.766793e-08,1.573226e-07,2.959943e-07,6.012165e-07,7.179886e-08,5.992003e-08,1.039491e-06,1.575664e-07,1.781436e-07,3.747636e-07,2.150282e-10,1.640907e-07,6.232377e-09,6.928558e-08,3.193562e-09,7.247314e-10,1.460068e-09,7.299375e-07,2.630618e-09
23.974609,6.560451e-08,1.388193e-07,5.553990e-06,5.315569e-06,2.051525e-09,1.615091e-07,3.070721e-08,3.666803e-08,2.411846e-07,5.912959e-07,7.290489e-08,1.575081e-07,1.298664e-06,1.638888e-07,4.260358e-07,4.256115e-07,4.492236e-10,7.917603e-08,7.772558e-09,7.376887e-08,3.473272e-09,7.696674e-10,7.009819e-10,3.511534e-07,1.961787e-09
24.023438,7.410320e-08,1.689660e-07,6.172391e-06,5.603057e-06,2.036677e-09,1.009289e-07,3.349755e-08,2.003825e-07,1.635137e-07,6.293197e-07,1.105545e-07,2.150531e-07,1.194645e-06,1.429848e-07,9.554841e-07,4.779215e-07,5.879446e-10,7.512948e-08,2.316311e-09,6.032045e-08,1.330533e-09,1.048342e-09,3.806920e-10,1.192243e-06,2.687508e-09
24.072266,8.645267e-08,2.283511e-07,6.023542e-06,5.441440e-06,2.027444e-09,5.636346e-08,3.635685e-08,3.215686e-07,1.631321e-07,7.556373e-07,2.585192e-07,3.762910e-07,8.704055e-07,7.932040e-08,1.101610e-06,5.110613e-07,3.282920e-10,1.634095e-07,5.885326e-09,3.498783e-08,1.561425e-09,7.621554e-10,1.546434e-09,1.097189e-06,1.913704e-09
24.121094,1.002528e-07,2.661673e-07,5.263446e-06,4.783184e-06,2.046790e-09,1.082322e-07,3.662281e-08,3.307081e-07,2.041559e-07,9.746641e-07,4.053743e-07,5.655377e-07,7.036618e-07,1.161236e-07,5.571227e-07,4.971979e-07,3.075367e-10,4.943923e-08,1.510377e-09,2.580282e-08,3.750039e-09,5.838298e-10,1.677782e-09,6.528670e-07,3.693200e-09
24.169922,1.103511e-07,2.687175e-07,4.018870e-06,3.798013e-06,2.049100e-09,1.638449e-07,3.465426e-08,2.757286e-07,2.085895e-07,1.127295e-06,4.751443e-07,6.658345e-07,5.337386e-07,1.087283e-07,3.077016e-07,4.295140e-07,5.987706e-10,1.473534e-07,4.819110e-09,3.132897e-08,5.036634e-09,3.262005e-10,2.636489e-10,4.424943e-07,9.983417e-10
24.218750,1.132461e-07,2.490524e-07,2.409745e-06,2.811930e-06,1.947699e-09,1.725783e-07,2.996704e-08,2.725922e-07,1.653605e-07,1.176745e-06,4.501590e-07,7.051638e-07,3.694148e-07,1.352005e-07,6.439445e-07,2.055644e-07,9.164821e-10,2.501295e-07,9.389726e-09,2.727678e-08,2.815306e-09,3.023404e-10,1.106676e-09,9.582535e-07,7.343795e-10
24.267578,1.093153e-07,2.326122e-07,8.341690e-07,2.226968e-06,1.816022e-09,1.416396e-07,2.566337e-08,2.802309e-07,8.849741e-08,1.210426e-06,3.755737e-07,6.193510e-07,1.552105e-07,1.372673e-07,9.748314e-07,1.675273e-07,9.030919e-10,2.547790e-07,6.850849e-09,1.326433e-08,1.422516e-09,1.619895e-10,1.663787e-09,7.858933e-07,4.555055e-09
24.316406,1.023229e-07,2.371270e-07,1.388554e-06,2.180356e-06,1.959122e-09,1.045808e-07,3.117516e-08,2.378070e-07,1.697839e-08,1.122348e-06,3.388205e-07,3.989758e-07,1.097134e-07,9.188870e-08,8.618807e-07,4.453554e-07,4.623500e-10,6.770255e-08,5.102715e-09,2.162612e-08,9.378457e-10,4.321109e-10,1.089490e-09,1.520312e-06,3.923592e-09
24.365234,9.610728e-08,2.577934e-07,2.479923e-06,2.313644e-06,2.577904e-09,8.973508e-08,3.833497e-08,1.996222e-07,9.819110e-08,9.137199e-07,3.810650e-07,2.341682e-07,1.761387e-07,9.836927e-08,6.482100e-07,5.780913e-07,4.369639e-10,1.086294e-07,3.608137e-09,1.447600e-08,6.411480e-10,7.273666e-10,6.790480e-10,9.098047e-07,2.073319e-09
24.414062,9.082536e-08,2.763509e-07,2.990233e-06,2.341451e-06,3.408573e-09,1.035728e-07,4.010053e-08,1.789594e-07,1.575087e-07,7.379495e-07,4.553105e-07,1.655274e-07,1.986518e-07,9.138205e-08,2.187376e-07,6.268491e-07,4.431764e-10,9.015776e-08,3.762121e-09,9.140803e-09,1.360956e-09,8.427093e-10,1.174384e-09,1.250093e-07,6.678163e-10
24.462891,8.395310e-08,2.766155e-07,3.058658e-06,2.268684e-06,4.043494e-09,1.435948e-07,4.385320e-08,1.505442e-07,1.673712e-07,6.455681e-07,5.039073e-07,1.026556e-07,3.175363e-07,1.008912e-07,2.074327e-07,6.912503e-07,1.889964e-10,1.885821e-07,1.147260e-09,2.138277e-08,1.156341e-09,6.864735e-10,7.957291e-10,3.729352e-07,6.028321e-10
24.511719,7.513093e-08,2.520976e-07,3.064165e-06,2.178807e-06,4.199431e-09,2.126791e-07,5.454510e-08,1.415839e-07,1.349808e-07,8.032164e-07,4.940047e-07,1.226797e-07,3.742379e-07,1.352249e-07,2.816787e-07,5.536799e-07,6.969680e-10,3.830651e-07,3.845705e-09,3.995179e-08,2.011838e-09,2.784464e-10,7.332276e-10,1.051304e-06,2.565839e-09
24.560547,6.800345e-08,2.081450e-07,3.111162e-06,2.041665e-06,3.811650e-09,2.891962e-07,6.890928e-08,1.378897e-07,9.334260e-08,9.052809e-07,3.946257e-07,2.229344e-07,2.642034e-07,1.432339e-07,3.566870e-07,4.916487e-07,7.778238e-10,4.727554e-07,6.615704e-09,4.443758e-08,1.942898e-09,2.434899e-10,2.677077e-10,5.537811e-07,2.942740e-09
24.609375,6.539746e-08,1.577219e-07,2.880309e-06,1.783442e-06,3.024977e-09,3.273338e-07,8.444252e-08,1.214598e-07,9.048522e-08,9.018322e-07,2.295519e-07,2.208471e-07,7.366761e-08,8.907894e-08,3.036455e-07,9.562487e-07,6.508646e-10,4.732793e-07,6.480746e-09,2.030919e-08,9.859115e-10,4.019081e-10,4.326222e-10,1.097670e-06,6.134533e-10
24.658203,6.373209e-08,1.117571e-07,2.104739e-06,1.495295e-06,2.082103e-09,2.988729e-07,9.595682e-08,1.124120e-07,1.417078e-07,1.051945e-06,1.037240e-07,1.188099e-07,1.877983e-07,4.167955e-08,2.448044e-07,6.757263e-07,7.576860e-10,3.669007e-07,4.936138e-09,1.261550e-08,1.659591e-09,5.872615e-10,4.167338e-10,8.482448e-08,2.752190e-09
24.707031,5.718109e-08,7.224953e-08,1.029374e-06,1.393231e-06,1.190408e-09,2.200117e-07,9.699389e-08,1.328198e-07,2.038398e-07,9.991045e-07,8.748609e-08,1.234023e-07,3.511374e-07,9.467044e-08,7.738224e-07,8.366866e-07,4.968513e-10,1.934072e-07,6.164485e-09,7.651637e-09,1.085904e-09,2.873795e-10,3.968482e-10,6.898336e-07,7.433302e-10
24.755859,4.458842e-08,3.759238e-08,1.418010e-06,1.392068e-06,5.786113e-10,1.414231e-07,8.588743e-08,1.716203e-07,2.322021e-07,5.516820e-07,1.547953e-07,1.831680e-07,5.064984e-07,9.805727e-08,9.349663e-07,5.908349e-07,4.343044e-10,6.726459e-08,1.042146e-08,2.556757e-08,2.604521e-09,9.993580e-10,6.031290e-10,7.082282e-07,1.709732e-09
24.804688,3.188197e-08,2.409705e-08,2.645066e-06,1.189437e-06,7.230932e-10,1.040155e-07,6.587133e-08,1.944326e-07,2.015479e-07,2.423459e-07,1.949767e-07,1.681931e-07,5.767139e-07,5.108417e-08,7.078782e-07,2.191596e-07,2.841519e-10,1.535692e-08,9.018621e-09,4.291832e-08,2.708411e-09,1.138214e-09,4.653203e-10,4.363310e-07,3.790327e-09
24.853516,2.918250e-08,4.790198e-08,3.373640e-06,8.082851e-07,1.094432e-09,9.028218e-08,4.143161e-08,2.072221e-07,1.268357e-07,6.294839e-07,1.854157e-07,9.614766e-08,4.900884e-07,5.825539e-08,6.271319e-07,3.134106e-07,2.133617e-10,1.283917e-07,2.594502e-09,3.449290e-08,4.837456e-10,5.651502e-10,5.783704e-10,7.063904e-07,3.028828e-09
24.902344,3.363912e-08,7.348084e-08,3.345158e-06,8.730656e-07,1.257001e-09,7.288266e-08,1.696041e-08,2.395872e-07,7.732194e-08,8.173202e-07,1.910618e-07,5.304294e-08,3.100908e-07,1.263862e-07,3.069460e-07,1.638009e-07,4.301237e-10,1.903883e-07,5.090513e-09,2.065291e-08,1.258389e-09,2.074850e-10,9.574164e-10,3.810065e-07,1.736465e-09
24.951172,3.464206e-08,8.972563e-08,2.662020e-06,1.370615e-06,1.182894e-09,5.266762e-08,2.636160e-09,2.658966e-07,1.072990e-07,7.043745e-07,2.036191e-07,9.047224e-08,1.925910e-07,2.036634e-07,2.011957e-07,1.121127e-07,5.501875e-10,9.833157e-08,7.955509e-09,3.250639e-08,9.656596e-10,3.811331e-10,2.375506e-09,9.220719e-07,1.817094e-09
25.000000,3.026640e-08,9.516085e-08,1.685284e-06,1.743715e-06,9.646859e-10,7.719243e-08,1.329536e-08,2.379937e-07,1.350632e-07,3.834218e-07,1.834698e-07,9.628502e-08,3.714554e-07,2.849737e-07,3.692950e-07,1.521102e-07,3.491377e-10,7.685882e-08,7.592671e-09,2.316329e-08,2.071947e-09,3.573379e-10,8.514861e-10,8.446067e-07,1.997797e-09
25.048828,2.575891e-08,1.017845e-07,1.025072e-06,1.977972e-06,7.105708e-10,1.568279e-07,1.518424e-08,1.490187e-07,1.406009e-07,1.375512e-07,1.484853e-07,6.196178e-08,3.227721e-07,3.289118e-07,2.813106e-07,2.064075e-07,2.341912e-10,3.650946e-07,2.950879e-09,2.568993e-08,1.735270e-09,1.980508e-10,1.050230e-09,3.085782e-07,2.054522e-09
25.097656,2.700904e-08,1.259861e-07,1.218822e-06,2.317616e-06,5.337902e-10,2.394298e-07,1.515086e-08,3.727886e-08,1.360775e-07,2.212882e-07,1.678818e-07,8.758213e-08,9.766573e-08,3.228709e-07,2.825072e-07,3.205369e-07,2.302622e-10,4.775176e-07,4.917464e-10,1.977171e-08,1.982056e-09,3.559308e-10,4.386020e-10,2.491873e-07,2.212280e-09
25.146484,3.098625e-08,1.578815e-07,1.685954e-06,2.879871e-06,6.068207e-10,2.856052e-07,1.901879e-08,5.024354e-08,1.315884e-07,3.246460e-07,1.981013e-07,9.286819e-08,1.871444e-07,2.919104e-07,5.153678e-07,1.952448e-07,1.056608e-10,2.768099e-07,1.946429e-09,7.053127e-09,8.720582e-10,5.260132e-10,5.572616e-10,4.250316e-07,1.420123e-09
25.195312,3.206239e-08,1.726488e-07,2.141750e-06,3.525275e-06,8.091232e-10,2.813789e-07,2.167620e-08,1.032272e-07,1.282413e-07,4.825972e-07,1.863611e-07,5.470393e-08,4.171669e-07,2.573128e-07,4.996523e-07,1.436818e-07,2.776419e-10,6.815276e-08,1.532243e-09,9.434829e-09,2.611605e-09,3.774891e-10,1.625619e-10,1.279182e-06,5.450813e-10
25.244141,2.870670e-08,1.558241e-07,2.620341e-06,4.022073e-06,9.488374e-10,2.466037e-07,1.973109e-08,1.494231e-07,1.165106e-07,7.122595e-07,1.576640e-07,1.482496e-07,4.937479e-07,1.591526e-07,3.837695e-07,1.485930e-07,5.146564e-10,3.161633e-07,4.857399e-09,1.785926e-08,1.563831e-09,1.196637e-10,5.907504e-10,7.527555e-07,2.851823e-09
25.292969,2.250351e-08,1.111570e-07,3.096105e-06,4.179811e-06,1.168470e-09,2.108925e-07,1.622247e-08,1.989567e-07,9.504691e-08,9.091119e-07,1.242517e-07,2.468549e-07,4.139278e-07,1.097299e-07,5.329213e-07,1.920905e-07,3.080886e-10,3.895157e-07,7.484181e-09,2.934109e-08,1.237403e-09,1.994135e-10,7.837096e-10,5.239820e-07,1.893760e-09
25.341797,1.663108e-08,6.057782e-08,3.465712e-06,3.969600e-06,1.692595e-09,1.863259e-07,1.749458e-08,2.390491e-07,8.609660e-08,9.954840e-07,1.248624e-07,2.586935e-07,2.068325e-07,1.272554e-07,4.809162e-07,7.626528e-08,2.006155e-10,3.238754e-07,1.011566e-08,2.220912e-08,1.588141e-09,1.418853e-10,5.662166e-10,3.239205e-07,7.202499e-10
25.390625,1.413784e-08,4.379444e-08,3.607570e-06,3.584615e-06,2.343493e-09,1.859134e-07,2.479597e-08,2.629485e-07,9.195094e-08,9.804352e-07,2.000140e-07,1.890195e-07,3.343764e-07,1.366327e-07,4.422705e-07,1.551016e-07,3.112581e-10,2.152847e-07,8.031448e-09,9.044241e-09,1.923156e-09,1.816189e-10,9.822779e-10,4.905104e-07,1.439178e-09
25.439453,1.445249e-08,5.319225e-08,3.435343e-06,3.266488e-06,2.806173e-09,2.061429e-07,3.331848e-08,2.680400e-07,9.642390e-08,8.983129e-07,2.345883e-07,1.564520e-07,4.697389e-07,1.838277e-07,3.358034e-07,1.152929e-07,2.625069e-10,1.510224e-07,5.545494e-09,2.032455e-08,1.889254e-09,2.923642e-11,7.968736e-10,8.730822e-07,1.261057e-09
25.488281,1.467360e-08,4.686881e-08,2.953632e-06,2.996783e-06,2.921145e-09,2.078020e-07,3.783502e-08,2.519873e-07,1.106136e-07,9.386470e-07,1.784225e-07,9.689152e-08,3.781327e-07,2.104077e-07,1.911791e-07,3.535999e-08,1.359698e-10,2.342636e-07,2.834669e-09,1.404268e-08,5.175626e-10,1.098841e-10,3.132311e-10,3.509589e-07,3.278670e-09
25.537109,1.400082e-08,2.403273e-08,2.282281e-06,2.573242e-06,2.732962e-09,1.768330e-07,3.506938e-08,2.125048e-07,1.377306e-07,1.256174e-06,8.525176e-08,1.446569e-07,3.007516e-07,1.839649e-07,5.187450e-07,3.105917e-07,2.372175e-10,3.061846e-07,1.413033e-09,3.971980e-09,8.002914e-10,1.934356e-10,9.390662e-10,1.083356e-07,2.310739e-09
25.585938,1.362721e-08,8.607660e-09,1.605493e-06,1.945761e-06,2.410180e-09,1.429033e-07,2.539793e-08,1.440947e-07,1.676433e-07,1.560633e-06,1.619090e-08,2.542338e-07,3.280360e-07,8.388845e-08,6.640222e-07,5.871297e-07,1.291769e-10,3.082130e-07,5.461622e-10,1.822410e-08,1.655706e-09,1.030271e-10,7.124919e-10,1.874629e-07,2.464740e-09
25.634766,1.505129e-08,2.947215e-08,1.054916e-06,1.262299e-06,2.077911e-09,1.257217e-07,1.583409e-08,6.249516e-08,1.911798e-07,1.655415e-06,7.653079e-08,2.689879e-07,3.408204e-07,7.003348e-08,4.038253e-07,8.215112e-07,5.660601e-11,1.576403e-07,2.826675e-09,2.357623e-08,1.076080e-09,1.898281e-10,7.147002e-10,4.159240e-07,2.063372e-09
25.683594,1.890042e-08,4.522710e-08,6.301473e-07,6.854656e-07,1.739394e-09,1.008219e-07,2.209622e-08,9.612348e-08,1.860043e-07,1.645128e-06,2.241150e-07,3.036584e-07,2.968775e-07,1.406574e-07,1.422563e-07,7.912861e-07,2.593890e-10,8.085187e-08,1.863197e-09,1.595090e-08,1.149176e-09,1.764110e-10,2.069815e-10,3.216005e-07,3.040383e-09
25.732422,2.475687e-08,5.895244e-08,2.970299e-07,3.210248e-07,1.366293e-09,6.237002e-08,3.285302e-08,1.525573e-07,1.354753e-07,1.589401e-06,3.659784e-07,2.941558e-07,1.772112e-07,1.946975e-07,4.287040e-07,4.822331e-07,3.725742e-10,2.307327e-07,5.347075e-10,1.389876e-08,1.272537e-09,1.124654e-10,8.927274e-10,5.203929e-07,1.342355e-09
25.781250,3.096674e-08,7.805727e-08,2.367885e-07,4.091010e-07,9.915815e-10,4.823807e-08,3.657663e-08,1.500199e-07,7.671934e-08,1.419016e-06,4.075354e-07,2.268696e-07,2.672496e-08,1.688086e-07,2.935320e-07,3.899529e-07,2.240063e-10,2.629023e-07,2.480995e-09,2.252554e-08,1.734231e-09,5.254457e-10,5.322360e-10,8.590632e-07,2.421819e-09
25.830078,3.522242e-08,1.051442e-07,4.132068e-07,6.375527e-07,6.980507e-10,6.672433e-08,3.574598e-08,1.200741e-07,9.622047e-08,1.259020e-06,3.054556e-07,1.528418e-07,7.392279e-08,6.064239e-08,1.218613e-07,3.069446e-07,1.061869e-10,2.794104e-07,2.742825e-09,2.019143e-08,1.787649e-09,2.999288e-10,2.481937e-10,1.057111e-06,3.614896e-09
25.878906,3.618282e-08,1.352708e-07,5.574173e-07,7.329091e-07,5.864070e-10,8.706346e-08,3.730830e-08,9.975779e-08,1.308263e-07,1.164917e-06,1.244392e-07,1.627475e-07,8.073807e-08,1.000922e-07,5.289358e-08,4.134842e-07,1.769609e-10,1.785239e-07,1.296651e-09,1.598113e-08,9.921751e-10,8.159670e-11,1.818243e-10,6.472215e-07,3.091353e-09
25.927734,3.499631e-08,1.600868e-07,6.396081e-07,6.309394e-07,6.751545e-10,1.064806e-07,3.704699e-08,6.007208e-08,1.542808e-07,9.428036e-07,3.195033e-08,1.416589e-07,1.345711e-07,2.014492e-07,1.553053e-07,3.563687e-07,2.200070e-10,9.661562e-08,1.007017e-09,2.336468e-08,3.558466e-10,1.609629e-10,9.678398e-10,7.222918e-07,2.460545e-09
25.976562,3.488037e-08,1.738884e-07,6.805408e-07,3.324494e-07,8.226594e-10,1.191423e-07,2.793622e-08,4.809390e-08,1.651940e-07,6.190064e-07,1.186262e-07,1.124488e-07,1.062241e-07,1.722487e-07,2.391130e-07,4.533629e-07,1.455128e-10,1.434452e-07,2.514662e-09,3.418737e-08,1.345777e-09,6.722378e-11,9.670364e-10,2.950877e-07,7.704115e-10
26.025391,3.710298e-08,1.774278e-07,8.424938e-07,2.994882e-07,9.238649e-10,1.217401e-07,2.055954e-08,9.029330e-08,1.556221e-07,4.260702e-07,2.193298e-07,1.435602e-07,6.505585e-08,9.109438e-08,1.620615e-07,3.731503e-07,7.104538e-11,1.012153e-07,2.204427e-09,2.514539e-08,1.657315e-09,1.674744e-10,7.664600e-10,4.957805e-07,3.361029e-09
26.074219,3.873427e-08,1.769913e-07,1.229412e-06,7.950729e-07,9.875195e-10,1.199703e-07,3.210575e-08,7.339385e-08,1.682515e-07,4.860503e-07,3.179611e-07,1.346667e-07,3.432248e-08,1.550812e-07,1.368050e-07,1.307011e-07,1.646911e-10,1.055585e-07,7.931918e-10,3.862157e-09,1.440738e-09,3.660010e-10,4.746943e-10,5.248469e-07,1.949323e-09
26.123047,3.658536e-08,1.793306e-07,1.631250e-06,1.180514e-06,1.068921e-09,1.121838e-07,4.091726e-08,3.125294e-08,2.038079e-07,7.124149e-07,3.553446e-07,1.278119e-07,1.254495e-07,2.174368e-07,4.463663e-07,3.058260e-07,2.687905e-10,1.877828e-07,1.997800e-09,4.638219e-09,1.243292e-09,3.562343e-10,5.587552e-10,4.050582e-07,1.807241e-09
26.171875,3.031418e-08,1.864882e-07,1.826713e-06,1.321209e-06,1.156279e-09,8.531192e-08,3.653618e-08,1.106154e-07,2.092385e-07,9.637665e-07,3.013046e-07,1.407948e-07,1.736326e-07,2.250730e-07,6.168917e-07,3.193981e-07,3.234886e-10,1.893548e-07,2.424960e-09,1.157178e-08,1.126525e-09,3.009286e-10,1.539466e-10,2.194307e-07,6.853293e-10
26.220703,2.225819e-08,1.943664e-07,1.874168e-06,1.267098e-06,1.161631e-09,3.597901e-08,2.406120e-08,1.464421e-07,1.778949e-07,1.193473e-06,2.125392e-07,1.581841e-07,2.116588e-07,1.722531e-07,6.162258e-07,8.115573e-08,2.932737e-10,2.112563e-07,2.541014e-09,1.613844e-08,1.703454e-09,3.399297e-10,3.588240e-10,5.590087e-07,9.532952e-10
26.269531,1.541181e-08,1.948979e-07,2.185396e-06,1.158818e-06,1.022017e-09,2.977616e-08,1.679091e-08,1.036165e-07,1.316312e-07,1.380785e-06,2.110117e-07,1.473815e-07,2.238387e-07,1.553906e-07,5.051220e-07,1.136328e-07,2.593178e-10,5.562266e-08,2.198749e-09,1.416369e-08,1.350365e-09,2.476361e-10,3.532697e-10,4.800217e-07,1.705726e-09
26.318359,1.136297e-08,1.807578e-07,2.913361e-06,1.056366e-06,7.417652e-10,7.568625e-08,1.665700e-08,2.297853e-08,1.009643e-07,1.460497e-06,1.920662e-07,9.272093e-08,1.953234e-07,1.586890e-07,4.646373e-07,2.397052e-07,2.040898e-10,7.399697e-08,4.129843e-09,3.509132e-09,1.165787e-09,2.927469e-10,7.934819e-10,9.192128e-07,1.845915e-09
26.367188,1.252002e-08,1.505746e-07,3.665524e-06,9.280589e-07,3.932279e-10,9.516434e-08,1.213130e-08,5.802700e-08,1.125311e-07,1.441341e-06,9.813685e-08,5.575938e-08,1.515365e-07,1.317615e-07,3.221681e-07,2.493322e-07,6.716446e-11,1.189242e-07,2.516383e-09,5.233147e-09,8.872156e-10,5.966193e-10,6.818497e-10,1.181757e-06,1.900137e-09
26.416016,2.026558e-08,1.110985e-07,4.094794e-06,7.842495e-07,1.961513e-10,8.532941e-08,7.054470e-09,1.257877e-07,1.296442e-07,1.462139e-06,1.305493e-07,9.840963e-08,4.015437e-08,1.397627e-07,1.941464e-07,5.541810e-08,8.125488e-11,2.581700e-07,1.043348e-09,9.638964e-09,7.521742e-10,5.077824e-10,3.860958e-10,1.142870e-06,1.675865e-09
26.464844,3.011799e-08,7.463720e-08,4.162714e-06,6.960261e-07,3.695127e-10,5.521428e-08,1.852883e-08,2.354032e-07,1.270465e-07,1.558555e-06,2.434934e-07,1.472929e-07,1.384732e-07,1.308907e-07,3.999710e-07,3.403036e-07,2.642681e-10,2.340625e-07,3.352946e-09,1.146535e-08,7.286623e-10,3.083981e-10,1.890249e-10,9.935425e-07,2.020331e-09
26.513672,3.769354e-08,5.337170e-08,4.100877e-06,7.334418e-07,4.802329e-10,3.612259e-08,3.142766e-08,3.363152e-07,1.164391e-07,1.545859e-06,3.457825e-07,1.547848e-07,2.372049e-07,1.100609e-07,7.116570e-07,4.069886e-07,3.263552e-10,7.023411e-08,3.209441e-09,1.332615e-08,9.703966e-10,6.324933e-11,2.357302e-10,7.212316e-07,1.318652e-09
26.562500,4.030789e-08,5.120359e-08,4.176334e-06,8.838027e-07,4.485194e-10,7.014945e-08,3.697689e-08,3.733566e-07,1.052576e-07,1.254652e-06,3.637920e-07,2.053555e-07,2.802393e-07,1.281176e-07,6.816565e-07,2.067813e-07,2.163891e-10,8.122372e-08,1.835373e-09,1.065284e-08,1.016665e-09,3.742841e-11,4.863263e-10,2.427483e-07,2.861769e-10
26.611328,3.727715e-08,5.994350e-08,4.426640e-06,1.093098e-06,3.915407e-10,1.071159e-07,3.092624e-08,3.536484e-07,8.347703e-08,6.760120e-07,2.747970e-07,2.085895e-07,2.411243e-07,1.370018e-07,3.935328e-07,2.832573e-07,2.161629e-10,9.607570e-08,2.655276e-09,1.946878e-08,7.780730e-10,2.006339e-10,6.120907e-10,3.490294e-07,1.128912e-09
26.660156,2.977620e-08,6.995939e-08,4.692594e-06,1.361838e-06,4.869332e-10,1.243827e-07,1.742156e-08,3.089735e-07,7.296475e-08,6.648537e-08,2.708772e-07,1.093483e-07,7.287979e-08,9.506897e-08,1.918180e-07,3.344658e-07,1.992925e-10,4.637404e-08,2.473929e-09,2.188825e-08,7.401526e-10,2.782417e-10,1.999428e-10,6.331702e-07,2.007887e-09
26.708984,2.015719e-08,7.624478e-08,4.801844e-06,1.616882e-06,6.381756e-10,1.217376e-07,2.104194e-08,2.423398e-07,8.618881e-08,5.721067e-07,3.910882e-07,2.043794e-08,1.697436e-07,2.716867e-08,2.942644e-07,4.932074e-07,1.814996e-10,1.725480e-07,2.204411e-09,1.806136e-08,6.113122e-10,1.220563e-10,4.213728e-10,2.134612e-07,2.525505e-09
26.757812,1.117485e-08,7.964771e-08,4.629379e-06,1.638019e-06,7.074370e-10,1.098629e-07,3.546043e-08,1.610937e-07,6.113925e-08,7.315004e-07,4.333122e-07,3.061571e-08,3.086529e-07,6.266196e-08,4.840725e-07,4.013833e-07,1.960251e-10,1.846773e-07,5.713622e-10,8.673766e-09,4.266585e-10,8.666445e-11,5.686847e-10,7.410975e-07,9.592998e-10
26.806641,5.871233e-09,8.237165e-08,4.127856e-06,1.251185e-06,6.843031e-10,1.009310e-07,4.105512e-08,1.138319e-07,1.906567e-08,6.522765e-07,3.668711e-07,1.153505e-07,3.078703e-07,7.239941e-08,7.991636e-07,2.767479e-07,2.491863e-10,7.583970e-08,1.295137e-09,8.209165e-09,3.388448e-10,9.907113e-11,3.649183e-10,3.719662e-07,1.696844e-09
26.855469,5.563827e-09,8.115861e-08,3.401333e-06,5.404116e-07,6.347408e-10,1.007274e-07,3.765932e-08,1.223270e-07,1.008415e-07,7.221736e-07,2.601480e-07,1.940075e-07,2.284630e-07,4.721334e-08,8.123825e-07,3.004252e-07,2.385323e-10,3.405529e-08,5.352253e-10,1.002781e-08,3.225192e-10,5.991926e-11,3.661692e-10,3.517789e-07,1.514182e-09
26.904297,5.594031e-09,7.118624e-08,2.728552e-06,4.227877e-07,6.093376e-10,1.076931e-07,3.305932e-08,1.427798e-07,1.430177e-07,7.607773e-07,2.204965e-07,2.400692e-07,2.357589e-07,6.448965e-09,6.316014e-07,2.851714e-07,2.376946e-10,6.686257e-08,2.824814e-09,1.252859e-08,9.440051e-11,5.030038e-11,7.503046e-10,3.036160e-07,9.459083e-10
26.953125,5.578772e-09,5.622855e-08,2.368542e-06,9.294422e-07,6.003385e-10,1.165016e-07,3.397799e-08,1.588110e-07,1.615574e-07,7.038273e-07,2.467084e-07,2.452783e-07,2.811212e-07,3.848803e-08,5.359999e-07,3.802761e-07,2.194121e-10,1.017827e-07,1.326484e-09,1.154150e-08,1.281637e-10,1.784084e-10,7.443949e-10,7.078970e-07,5.137087e-10
27.001953,9.233368e-09,5.127701e-08,2.222920e-06,1.185397e-06,5.941238e-10,1.171483e-07,3.922610e-08,1.669117e-07,2.044813e-07,8.480421e-07,2.373386e-07,2.052691e-07,3.445279e-07,4.918888e-08,2.394443e-07,2.301464e-07,1.885469e-10,1.301737e-07,2.329353e-09,4.949767e-09,2.493620e-10,1.706526e-10,3.235491e-10,5.648604e-07,1.281676e-09
27.050781,1.539754e-08,5.943301e-08,2.010138e-06,1.471886e-06,6.004157e-10,9.791685e-08,4.343861e-08,1.694000e-07,2.379268e-07,1.040954e-06,1.885626e-07,1.892465e-07,3.928079e-07,6.473428e-08,4.877854e-07,3.398990e-07,8.017229e-11,1.913283e-07,6.773133e-10,7.022582e-09,2.255581e-10,1.913540e-10,1.830783e-10,2.551110e-07,1.585399e-09
27.099609,2.132416e-08,6.473962e-08,1.659585e-06,1.869300e-06,6.283033e-10,5.718180e-08,4.114074e-08,1.760689e-07,2.223124e-07,1.242162e-06,1.323456e-07,1.716909e-07,2.843294e-07,7.508043e-08,5.437223e-07,2.114388e-07,8.265005e-11,1.892342e-07,2.013556e-09,8.639634e-09,1.966597e-10,1.067931e-10,1.757702e-10,1.779936e-07,1.168381e-09
27.148438,2.523304e-08,5.986375e-08,1.293861e-06,2.052940e-06,6.734103e-10,9.746609e-09,3.211905e-08,1.815273e-07,1.760215e-07,1.384322e-06,5.964152e-08,7.985463e-08,7.894182e-08,4.652885e-08,2.961189e-07,1.363624e-07,1.063920e-10,2.383856e-07,1.700761e-09,4.452884e-09,7.823540e-10,2.513011e-10,3.195301e-10,2.260983e-07,1.196008e-09
27.197266,2.631606e-08,4.747400e-08,1.052381e-06,1.915170e-06,7.228741e-10,2.311232e-08,2.638131e-08,1.586217e-07,1.329049e-07,1.227996e-06,2.515839e-08,5.294420e-08,2.020531e-08,3.524042e-08,1.442391e-07,1.785912e-07,5.987346e-11,2.585357e-07,2.809902e-09,3.762254e-09,6.763339e-10,2.029011e-10,3.694327e-10,3.760905e-07,1.484580e-09
27.246094,2.496048e-08,3.256063e-08,1.021664e-06,1.806613e-06,7.618329e-10,2.871568e-08,2.941021e-08,1.010894e-07,1.109316e-07,9.067938e-07,8.260076e-08,1.491110e-07,8.317822e-08,8.789389e-08,1.160501e-07,7.096050e-08,1.075431e-10,1.426830e-07,2.943816e-09,6.459092e-09,3.760320e-10,2.084173e-10,1.813352e-10,9.021332e-08,3.408842e-10
27.294922,2.279390e-08,2.095541e-08,1.170861e-06,1.998480e-06,7.731029e-10,2.371275e-08,2.890612e-08,7.635429e-08,1.581395e-07,8.338102e-07,8.391947e-08,1.919791e-07,2.159094e-07,1.053224e-07,3.327835e-07,2.696694e-07,1.727879e-10,1.022980e-07,1.084432e-09,4.402176e-09,2.369986e-10,4.236968e-11,2.300750e-10,7.250070e-07,1.180761e-09
27.343750,2.200820e-08,2.482091e-08,1.292411e-06,2.133484e-06,7.495851e-10,3.904085e-08,2.028536e-08,1.105606e-07,2.363745e-07,8.660574e-07,4.928133e-08,1.845132e-07,3.086301e-07,1.198650e-07,3.907089e-07,4.296093e-07,9.821776e-11,7.118338e-08,1.518818e-09,5.828950e-09,3.455783e-10,1.049842e-10,1.221767e-10,1.346505e-06,1.208346e-09
27.392578,2.345406e-08,3.645862e-08,1.246225e-06,1.924595e-06,6.907276e-10,5.430995e-08,9.064085e-09,1.106886e-07,2.828199e-07,7.768373e-07,4.768970e-08,1.916091e-07,3.472238e-07,1.405179e-07,3.392201e-07,4.629977e-07,1.688810e-10,4.166417e-09,7.477022e-10,6.843665e-09,3.172404e-10,1.008991e-10,2.017733e-10,9.859725e-07,8.093621e-10
27.441406,2.577361e-08,4.152697e-08,1.289927e-06,1.552349e-06,6.051647e-10,6.094467e-08,3.454543e-09,7.091677e-08,2.837084e-07,6.774608e-07,1.010510e-07,2.007607e-07,3.366982e-07,1.456555e-07,3.249348e-07,5.017547e-07,8.187911e-11,6.956590e-08,3.025860e-09,4.722180e-09,2.685834e-10,1.422092e-10,1.324192e-10,2.732287e-07,6.595577e-10
27.490234,2.713184e-08,3.794119e-08,1.878017e-06,1.399401e-06,5.053618e-10,6.647095e-08,6.181992e-09,3.056056e-08,2.496827e-07,6.429290e-07,2.098243e-07,1.806278e-07,3.161298e-07,1.246065e-07,3.305457e-07,5.443367e-07,4.013763e-11,9.219244e-08,3.003271e-09,1.385176e-08,5.857776e-10,5.702309e-11,1.652893e-10,3.002169e-07,4.330574e-10
27.539062,2.646844e-08,3.391822e-08,2.774515e-06,1.356681e-06,4.103632e-10,7.577144e-08,1.065314e-08,2.564235e-08,1.991674e-07,5.734152e-07,3.046429e-07,2.129267e-07,2.952100e-07,9.312424e-08,2.531365e-07,4.392398e-07,7.930465e-11,3.423132e-08,2.560275e-09,9.873066e-09,5.418832e-10,8.172754e-11,3.770506e-10,5.204163e-07,5.582319e-10
27.587891,2.361579e-08,3.694917e-08,3.558110e-06,1.039139e-06,3.404566e-10,9.187363e-08,1.373658e-08,2.584145e-08,1.528367e-07,3.903215e-07,3.368781e-07,2.331378e-07,2.849974e-07,1.007358e-07,9.293696e-08,3.433558e-07,7.105234e-11,7.212956e-08,1.875489e-09,1.358389e-08,1.235743e-10,9.281375e-11,3.390670e-10,8.474354e-08,3.978959e-10
27.636719,1.916823e-08,4.201873e-08,4.025123e-06,5.947016e-07,3.112258e-10,1.153344e-07,1.612757e-08,3.233233e-08,1.133086e-07,1.953336e-07,3.096503e-07,1.816361e-07,2.858303e-07,1.062417e-07,1.368400e-07,3.938265e-07,6.279126e-11,7.598294e-08,1.642932e-09,2.114807e-08,3.242840e-10,1.644052e-10,2.145138e-10,2.989441e-07,1.082264e-09
27.685547,1.436134e-08,5.020018e-08,4.167068e-06,1.035598e-06,3.266844e-10,1.347478e-07,2.234141e-08,4.752743e-08,7.878270e-08,1.700128e-07,2.295871e-07,1.360962e-07,2.763816e-07,1.094512e-07,1.184779e-07,3.591437e-07,3.952208e-11,6.822522e-08,1.836665e-09,1.377623e-08,3.440124e-10,1.045141e-10,7.010099e-11,5.554534e-07,1.470136e-09
27.734375,1.101492e-08,6.922682e-08,4.055401e-06,1.703092e-06,3.724503e-10,1.347975e-07,3.009975e-08,3.839849e-08,7.148676e-08,1.522642e-07,1.384025e-07,1.094734e-07,1.933699e-07,7.698028e-08,2.105606e-07,4.307598e-07,5.054802e-11,5.263006e-08,2.303648e-09,1.797666e-08,1.275862e-10,1.265277e-10,2.944069e-10,1.634359e-07,5.498859e-10
27.783203,1.078494e-08,9.307319e-08,3.715973e-06,1.964934e-06,4.207277e-10,1.133680e-07,3.382630e-08,8.618199e-09,7.332564e-08,4.206718e-07,1.301017e-07,6.626085e-08,4.628857e-08,2.842636e-08,3.903150e-07,4.487986e-07,6.175068e-11,1.076931e-07,7.211859e-10,1.246603e-08,5.353879e-10,6.495857e-11,5.167753e-10,4.152513e-07,8.249185e-10
27.832031,1.294188e-08,1.086258e-07,3.127071e-06,1.742570e-06,4.370021e-10,9.233384e-08,3.054637e-08,6.265856e-08,6.030635e-08,5.747076e-07,1.315310e-07,4.005862e-08,3.641481e-08,1.629633e-08,4.597960e-07,3.545823e-07,1.503658e-11,1.071334e-07,1.413973e-09,1.052286e-08,1.727231e-10,1.261195e-10,2.376280e-10,1.815045e-07,1.428433e-09
27.880859,1.557139e-08,1.086609e-07,2.340714e-06,1.308279e-06,3.974893e-10,9.422527e-08,1.995905e-08,8.691364e-08,7.166060e-08,3.498960e-07,9.469498e-08,6.444324e-08,1.394390e-07,3.257494e-08,4.743215e-07,4.235013e-07,8.795255e-11,9.286963e-08,2.090153e-09,5.768252e-09,5.781696e-10,8.921578e-11,2.956660e-10,4.528796e-07,1.135266e-09
27.929688,1.763717e-08,9.581084e-08,1.603372e-06,1.155427e-06,2.985321e-10,9.761079e-08,4.927449e-09,6.747472e-08,9.960635e-08,1.306256e-07,5.213899e-08,9.391343e-08,2.652825e-07,4.062094e-08,5.439777e-07,3.453117e-07,7.271714e-11,1.659082e-07,1.555831e-09,5.693824e-09,7.738341e-10,7.822458e-11,4.880607e-10,4.770963e-07,9.722060e-10
27.978516,1.893995e-08,8.056772e-08,1.332258e-06,1.284328e-06,1.810014e-10,8.231494e-08,1.362285e-08,4.125100e-08,1.053043e-07,3.951543e-07,3.038884e-08,1.112588e-07,2.377932e-07,2.785377e-08,4.552478e-07,4.080633e-07,8.753345e-11,1.985551e-07,2.671763e-10,4.808313e-09,4.793878e-10,1.723821e-10,3.955518e-10,4.889511e-07,4.928569e-10
28.027344,1.992273e-08,7.193051e-08,1.487621e-06,1.253037e-06,2.162156e-10,5.543453e-08,2.547187e-08,4.345133e-08,9.970353e-08,3.556804e-07,7.933437e-08,1.069731e-07,1.096898e-07,2.581838e-08,2.668569e-07,3.736178e-07,3.790335e-11,1.769573e-07,8.382904e-10,2.096580e-09,1.879964e-10,2.333152e-10,2.184186e-10,4.099843e-07,3.142387e-10
28.076172,2.116660e-08,6.769364e-08,1.579694e-06,9.301528e-07,3.820172e-10,3.216873e-08,2.925577e-08,3.839843e-08,1.013896e-07,3.185985e-07,1.154477e-07,6.793279e-08,8.815311e-08,6.997415e-08,8.786767e-08,4.238901e-07,5.238579e-11,1.790942e-07,1.240275e-09,6.073741e-09,2.458836e-10,1.975216e-10,1.550916e-10,3.395668e-07,4.965376e-10
28.125000,2.258453e-08,6.354484e-08,1.439880e-06,4.137441e-07,5.140067e-10,1.886676e-08,2.588248e-08,2.517398e-08,9.933016e-08,3.236855e-07,1.285350e-07,8.577186e-08,1.780934e-07,8.950978e-08,2.915938e-07,4.876311e-07,1.056141e-10,1.329357e-07,2.527064e-09,6.531208e-09,6.163193e-10,2.150113e-10,4.627876e-10,3.160678e-07,9.658795e-10
28.173828,2.334378e-08,6.417885e-08,1.160006e-06,1.683492e-07,5.516163e-10,1.752356e-08,1.950211e-08,3.593226e-08,8.564270e-08,2.638422e-07,1.231239e-07,1.551977e-07,2.359217e-07,7.457907e-08,3.970743e-07,3.459470e-07,1.107324e-10,5.270000e-08,3.668347e-09,8.885162e-09,8.027478e-10,2.002999e-10,4.254701e-10,1.092290e-07,1.052430e-09
28.222656,2.266991e-08,7.261521e-08,9.346333e-07,7.153152e-07,4.954373e-10,1.732483e-08,1.396754e-08,7.319549e-08,6.759508e-08,4.173338e-07,1.135947e-07,1.808824e-07,2.446603e-07,6.287512e-08,4.195307e-07,3.309305e-07,5.261490e-11,6.099801e-08,2.746452e-09,4.892769e-09,3.997695e-10,4.181867e-11,1.538981e-10,3.735312e-08,8.438335e-10
28.271484,2.056505e-08,7.971489e-08,9.229582e-07,1.172924e-06,4.012946e-10,1.777376e-08,1.289795e-08,1.087308e-07,5.984004e-08,5.406202e-07,1.269181e-07,1.641774e-07,1.886808e-07,9.980002e-08,1.661524e-07,3.417651e-07,2.031551e-11,1.588857e-07,3.989272e-09,3.528330e-09,4.327204e-10,9.760519e-11,5.853866e-11,6.278620e-07,9.725555e-10
28.320312,1.797676e-08,7.577170e-08,1.076825e-06,1.460755e-06,3.403476e-10,3.705153e-08,1.748203e-08,1.329258e-07,6.034989e-08,5.340653e-07,1.103304e-07,1.136917e-07,1.698509e-07,8.241397e-08,2.366962e-07,4.188311e-07,3.501089e-11,1.867386e-07,2.602461e-09,7.963671e-10,7.592403e-11,6.301544e-11,5.016129e-11,3.742622e-07,4.291586e-10
28.369141,1.628423e-08,5.896912e-08,1.258629e-06,1.500741e-06,3.110046e-10,5.819342e-08,2.260928e-08,1.413331e-07,5.686310e-08,3.857329e-07,4.136417e-08,3.498536e-08,2.022266e-07,7.558152e-08,4.895117e-07,3.353948e-07,8.560111e-12,1.462899e-07,1.493371e-09,2.888938e-09,3.447956e-10,1.954876e-11,1.700170e-10,4.129851e-07,3.258866e-10
28.417969,1.600112e-08,3.455684e-08,1.400107e-06,1.271160e-06,2.534767e-10,6.990091e-08,2.524712e-08,1.263922e-07,5.137074e-08,4.608554e-07,5.406457e-08,8.273766e-08,2.563588e-07,1.194593e-07,6.169552e-07,2.363409e-07,6.879153e-11,9.111754e-08,2.792035e-09,9.726593e-09,2.802162e-10,2.364155e-11,3.606486e-10,3.352316e-07,9.750220e-10
28.466797,1.616142e-08,9.505974e-09,1.493270e-06,8.748223e-07,1.538913e-10,7.453366e-08,2.614848e-08,1.044730e-07,6.594775e-08,8.744900e-07,7.692836e-08,1.449816e-07,3.070693e-07,1.158387e-07,5.421726e-07,2.171535e-07,6.524735e-11,2.859584e-08,8.873638e-10,5.402054e-09,6.453489e-11,1.190155e-10,2.579042e-10,4.482066e-07,3.902091e-10
28.515625,1.555542e-08,1.543487e-08,1.554475e-06,6.661021e-07,5.466190e-11,7.828972e-08,2.751093e-08,1.011396e-07,1.023415e-07,1.142749e-06,8.978287e-08,1.344853e-07,3.375677e-07,1.401082e-07,2.061364e-07,1.521111e-07,1.587298e-11,4.426529e-08,1.877549e-09,3.907806e-09,3.162545e-10,1.586003e-10,9.572344e-11,2.626457e-07,1.008695e-10
28.564453,1.375726e-08,4.344149e-08,1.593026e-06,9.129936e-07,3.750627e-11,7.946055e-08,2.971812e-08,9.027498e-08,1.185411e-07,1.195049e-06,1.335233e-07,8.304486e-08,3.162739e-07,1.444731e-07,1.480999e-07,1.396341e-07,6.049693e-11,3.073218e-08,1.602066e-09,5.483183e-09,4.478292e-10,1.183680e-10,1.377615e-10,2.259447e-07,6.206400e-10
28.613281,1.124467e-08,7.541079e-08,1.607641e-06,1.179283e-06,3.390216e-11,7.151847e-08,3.097095e-08,6.904946e-08,9.767252e-08,1.107594e-06,1.356663e-07,4.975543e-08,2.951451e-07,1.003584e-07,2.745578e-07,7.080024e-08,4.179647e-11,5.334922e-08,2.107866e-09,6.755833e-09,4.109097e-10,1.366780e-10,2.931647e-10,1.513405e-07,7.396925e-10
28.662109,9.244124e-09,1.035391e-07,1.610674e-06,1.219473e-06,4.432746e-11,5.299257e-08,2.977338e-08,8.498181e-08,6.883781e-08,9.441611e-07,7.974646e-08,4.053479e-08,3.284027e-07,4.766367e-08,2.328863e-07,7.730956e-08,4.820426e-12,8.142247e-08,1.531399e-09,5.508369e-09,3.469832e-10,9.457780e-11,2.235945e-10,2.355710e-07,1.285740e-10
28.710938,8.853990e-09,1.176977e-07,1.635035e-06,1.015695e-06,1.171712e-10,3.301957e-08,2.587582e-08,1.036152e-07,6.212639e-08,8.674313e-07,1.200223e-08,4.309140e-08,3.419082e-07,5.223886e-08,1.550234e-07,1.426605e-07,2.413877e-11,8.541686e-08,1.588343e-09,2.729087e-09,2.052344e-10,2.093469e-11,1.999408e-10,8.136512e-07,4.590771e-10
28.759766,9.339080e-09,1.125173e-07,1.699001e-06,6.455212e-07,1.769844e-10,3.118036e-08,1.937885e-08,9.960825e-08,6.125406e-08,8.988973e-07,4.084812e-08,6.774434e-08,2.854799e-07,8.916840e-08,1.500805e-07,1.634243e-07,7.724743e-11,6.744926e-08,9.940530e-10,2.926855e-09,3.865547e-10,3.777790e-11,1.508467e-10,1.059423e-06,5.073085e-10
28.808594,9.062449e-09,9.138994e-08,1.772930e-06,3.242988e-07,2.014781e-10,4.086153e-08,1.132027e-08,9.552286e-08,6.424307e-08,8.476252e-07,4.454297e-08,8.749455e-08,2.455454e-07,8.146030e-08,1.703228e-07,9.184119e-08,6.839762e-11,7.694779e-08,7.027134e-10,2.916056e-09,5.706232e-10,5.812932e-11,1.799703e-10,7.126724e-07,1.402301e-10
28.857422,7.538546e-09,6.635879e-08,1.796069e-06,5.753281e-07,2.018939e-10,4.558104e-08,1.014331e-08,9.377912e-08,6.865755e-08,6.938178e-07,5.141494e-08,1.114106e-07,2.183670e-07,5.617079e-08,2.434266e-07,3.186231e-08,5.820974e-11,7.149649e-08,1.343446e-09,1.001518e-08,8.134958e-10,2.075418e-11,1.143735e-10,1.257872e-07,1.487131e-10
28.906250,6.759830e-09,5.196473e-08,1.715970e-06,9.726791e-07,2.109945e-10,4.490156e-08,1.849907e-08,8.017946e-08,8.036195e-08,5.508339e-07,8.275496e-08,1.438397e-07,1.761151e-07,4.643584e-08,2.615981e-07,8.536885e-08,4.936119e-11,1.087887e-07,2.086556e-10,1.495034e-08,5.627142e-10,6.379526e-11,6.308730e-11,5.621520e-07,6.096174e-10
28.955078,9.672559e-09,4.789672e-08,1.512221e-06,1.214202e-06,2.456713e-10,4.334768e-08,2.534634e-08,6.126849e-08,1.006922e-07,4.913350e-07,1.086986e-07,1.633271e-07,1.694466e-07,5.040281e-08,2.048212e-07,5.569513e-08,2.987206e-11,2.144108e-07,1.322387e-09,1.089039e-08,5.878724e-10,1.508070e-10,1.413330e-10,5.491434e-07,9.743310e-10
29.003906,1.406216e-08,4.078170e-08,1.204078e-06,1.224952e-06,2.974647e-10,4.663956e-08,2.802806e-08,4.674903e-08,1.029067e-07,5.004759e-07,1.335552e-07,1.550288e-07,1.890959e-07,3.938995e-08,3.185381e-07,9.957369e-08,3.203612e-11,1.932674e-07,9.313844e-10,3.619835e-09,7.911883e-11,9.601284e-11,6.265969e-11,3.335530e-07,4.728258e-10
29.052734,1.697855e-08,2.799146e-08,8.498928e-07,1.029177e-06,3.572519e-10,5.314700e-08,2.827467e-08,3.495957e-08,7.397431e-08,5.094159e-07,1.666761e-07,1.270378e-07,1.620580e-07,2.412395e-08,3.582463e-07,1.975417e-07,7.191619e-11,1.681003e-07,1.166145e-09,7.348372e-09,1.812823e-10,3.165082e-11,8.042541e-11,4.687404e-07,2.466786e-10
29.101562,1.691956e-08,2.508939e-08,5.388933e-07,7.372588e-07,4.142130e-10,5.371751e-08,2.952086e-08,3.263833e-08,3.224069e-08,4.453519e-07,1.923762e-07,1.097190e-07,1.196792e-07,7.367363e-08,2.209710e-07,2.745708e-07,7.861613e-11,1.014612e-07,8.794189e-10,5.432133e-09,1.656460e-10,7.024930e-11,1.625196e-10,5.680477e-07,2.949170e-10
29.150391,1.384677e-08,3.951292e-08,3.547564e-07,5.349396e-07,4.460203e-10,4.882415e-08,3.262406e-08,4.345019e-08,4.231265e-08,3.089022e-07,1.846428e-07,9.299650e-08,6.559574e-08,6.376952e-08,1.075499e-07,2.502535e-07,6.018698e-11,7.955336e-08,4.795449e-11,6.103406e-09,3.899312e-10,5.656223e-11,3.775268e-11,6.800050e-07,4.104897e-10
29.199219,1.013417e-08,5.369578e-08,2.579112e-07,5.777200e-07,4.285290e-10,5.388313e-08,3.492639e-08,3.857673e-08,6.643411e-08,2.195850e-07,1.406748e-07,6.232291e-08,9.175933e-08,4.788728e-08,9.938181e-08,2.022273e-07,1.795380e-11,9.745994e-08,1.006046e-09,7.521495e-09,1.674606e-10,5.805714e-11,2.330614e-10,2.297954e-07,8.420649e-10
29.248047,1.148757e-08,6.208671e-08,1.068673e-07,7.260340e-07,3.571516e-10,6.808254e-08,3.415084e-08,3.385306e-08,6.682197e-08,3.158254e-07,8.364516e-08,6.155964e-08,1.590350e-07,9.934051e-08,3.895567e-08,1.453696e-07,5.351991e-11,7.236312e-08,7.093354e-10,1.054252e-08,4.237430e-10,4.685800e-11,1.775803e-10,4.242237e-07,7.135677e-10
29.296875,1.730429e-08,6.825328e-08,1.537030e-07,8.053738e-07,2.540014e-10,7.461576e-08,3.034483e-08,7.250389e-08,4.767007e-08,5.456322e-07,4.846134e-08,8.216433e-08,1.714289e-07,1.280651e-07,1.900696e-07,1.839974e-07,3.472110e-11,4.842522e-08,1.777673e-09,9.853739e-09,4.325101e-10,2.677483e-11,1.237674e-10,5.524514e-07,6.382645e-10
29.345703,2.257355e-08,7.682285e-08,4.799384e-07,7.635686e-07,1.663574e-10,6.977277e-08,2.465455e-08,9.406224e-08,2.669337e-08,7.094381e-07,6.473520e-08,9.734199e-08,1.422393e-07,1.041741e-07,2.544221e-07,2.741002e-07,3.355342e-11,7.683861e-08,1.467187e-09,8.937613e-09,2.325316e-10,5.562483e-11,1.663152e-10,3.924803e-07,3.153710e-10
29.394531,2.521920e-08,8.486795e-08,7.993474e-07,7.019151e-07,1.286911e-10,6.209404e-08,1.783957e-08,8.192985e-08,3.525052e-08,7.631130e-07,1.064439e-07,1.133869e-07,1.058623e-07,4.126430e-08,2.115759e-07,2.327589e-07,6.534488e-11,9.617019e-08,8.859872e-10,6.962859e-09,1.588024e-10,6.793034e-11,2.552309e-10,4.009913e-07,1.023132e-10
29.443359,2.504998e-08,8.479388e-08,1.039141e-06,8.414341e-07,1.170584e-10,5.746893e-08,1.170766e-08,6.347110e-08,5.819057e-08,9.159373e-07,1.351694e-07,9.911167e-08,7.202875e-08,1.250600e-08,3.715981e-07,1.754112e-07,2.636239e-11,6.309431e-08,1.632589e-09,5.160062e-09,3.056906e-10,5.879012e-11,1.596266e-10,3.231442e-07,4.458447e-10
29.492188,2.311470e-08,7.495994e-08,1.153259e-06,1.109880e-06,1.294495e-10,5.279760e-08,1.044475e-08,5.851711e-08,7.815141e-08,1.048902e-06,1.207571e-07,5.605185e-08,4.705205e-08,2.604860e-08,5.183904e-07,1.898606e-07,6.291668e-11,9.024051e-08,1.186685e-09,1.051471e-08,6.238558e-10,3.711764e-11,1.623895e-10,1.642548e-07,2.989389e-10
29.541016,2.101018e-08,6.795460e-08,1.127879e-06,1.236512e-06,1.762373e-10,4.799973e-08,1.175724e-08,6.496732e-08,9.564854e-08,9.130524e-07,9.349118e-08,6.986517e-08,1.024034e-07,3.182371e-09,5.974642e-07,2.804213e-07,3.323453e-11,1.157407e-07,3.540033e-10,6.100100e-09,6.103643e-10,1.566312e-11,1.794568e-10,1.240351e-07,6.763199e-10
29.589844,1.970842e-08,8.035919e-08,9.722602e-07,1.074106e-06,2.181156e-10,4.666776e-08,1.120508e-08,7.674213e-08,1.098115e-07,6.799290e-07,9.890159e-08,1.130635e-07,1.589535e-07,4.716773e-08,6.504163e-07,3.396607e-07,6.133581e-12,1.032156e-07,1.225931e-09,1.062699e-08,4.317199e-10,5.189433e-11,1.547664e-10,3.468215e-07,6.852110e-10
29.638672,1.885493e-08,1.020975e-07,7.078234e-07,6.599464e-07,2.504003e-10,4.502401e-08,1.075750e-08,6.805477e-08,1.111920e-07,5.956656e-07,9.114887e-08,1.167361e-07,1.102486e-07,8.541517e-08,5.629915e-07,3.380855e-07,3.602217e-11,5.743978e-08,1.599212e-09,1.161314e-08,2.141691e-10,2.853262e-11,9.224649e-11,2.325873e-07,2.697121e-10
29.687500,1.769964e-08,1.157302e-07,3.749912e-07,3.078902e-07,3.033641e-10,3.726823e-08,1.196029e-08,5.864240e-08,9.659774e-08,4.138364e-07,6.062641e-08,1.261994e-07,1.337527e-07,8.204058e-08,4.107103e-07,2.406631e-07,4.189100e-11,4.398352e-08,1.763790e-09,5.115661e-09,1.348836e-10,8.203879e-12,2.234149e-10,6.040682e-09,3.035392e-10
29.736328,1.627570e-08,1.162771e-07,2.142693e-07,5.327223e-07,3.666874e-10,2.664910e-08,1.183557e-08,9.480554e-08,8.220663e-08,8.627125e-08,3.535028e-08,1.438615e-07,1.736957e-07,4.780255e-08,2.563207e-07,1.879925e-07,1.417361e-11,7.482347e-08,1.884578e-09,2.829961e-09,1.493501e-10,3.207489e-11,1.794946e-10,2.057787e-07,3.993320e-10
29.785156,1.533418e-08,1.090721e-07,5.386977e-07,7.242224e-07,3.925623e-10,2.411159e-08,9.474201e-09,1.259676e-07,8.477045e-08,2.381275e-07,2.161265e-08,1.192349e-07,1.440363e-07,3.221050e-08,2.604048e-07,4.884295e-08,5.117641e-11,6.197598e-08,9.413863e-10,4.033988e-09,7.888692e-11,4.163636e-11,3.701376e-11,3.580492e-07,8.161626e-10
29.833984,1.531625e-08,1.020363e-07,8.834362e-07,7.363039e-07,3.577303e-10,2.886891e-08,7.170013e-09,1.272237e-07,9.456525e-08,2.949171e-07,2.744560e-09,8.735653e-08,9.954356e-08,4.485785e-08,2.955329e-07,2.317268e-07,7.925267e-11,7.408966e-08,1.184080e-09,6.621012e-09,1.155358e-10,2.417917e-11,1.760446e-10,2.886991e-07,3.659165e-10
29.882812,1.583754e-08,9.790921e-08,1.137027e-06,7.660669e-07,2.966175e-10,3.666082e-08,6.690410e-09,1.122812e-07,9.445510e-08,2.893864e-07,2.575407e-08,7.359458e-08,1.602198e-07,2.709707e-08,3.797225e-07,3.081037e-07,8.195998e-11,7.576203e-08,6.244830e-10,1.040588e-08,7.181376e-11,4.372965e-11,2.022735e-10,4.478669e-07,2.194828e-10
29.931641,1.641561e-08,9.574306e-08,1.260081e-06,9.254972e-07,2.722865e-10,4.913479e-08,7.321348e-09,1.004300e-07,7.578893e-08,4.026744e-07,5.126991e-08,6.106290e-08,2.447639e-07,2.430144e-08,3.687919e-07,2.670278e-07,6.879078e-11,1.083344e-07,9.515949e-10,7.884272e-09,4.508080e-11,6.202929e-11,1.461909e-10,6.415301e-07,2.123380e-10
29.980469,1.696138e-08,9.681237e-08,1.242058e-06,1.051947e-06,2.798256e-10,5.911328e-08,8.508558e-09,9.217676e-08,4.812015e-08,4.558021e-07,8.639316e-08,4.058737e-08,2.373954e-07,4.692624e-08,2.123875e-07,1.191012e-07,3.698196e-11,1.265295e-07,4.105615e-10,9.473837e-09,7.496715e-12,4.748228e-11,2.048584e-10,3.962027e-07,3.128488e-10
30.029297,1.743557e-08,1.018106e-07,1.112031e-06,1.007378e-06,2.638755e-10,5.798970e-08,9.739224e-09,7.867359e-08,3.340547e-08,4.387925e-07,1.348094e-07,2.195029e-08,1.479960e-07,5.320439e-08,1.881672e-08,1.308290e-07,1.339914e-11,7.243237e-08,6.577083e-10,1.137654e-08,9.817589e-11,4.241957e-11,3.231282e-10,1.996703e-07,4.106903e-11
30.078125,1.753493e-08,1.060484e-07,9.537224e-07,7.877457e-07,2.144120e-10,4.654887e-08,1.081679e-08,5.770161e-08,3.472858e-08,3.959157e-07,1.611451e-07,7.283011e-08,1.356093e-07,7.340038e-08,9.470038e-08,2.122278e-07,1.673741e-11,8.550972e-08,1.141954e-09,9.974102e-09,1.340701e-10,3.800108e-11,1.333662e-10,2.421231e-07,1.576005e-10
30.126953,1.689686e-08,1.035816e-07,8.773194e-07,4.874843e-07,1.635441e-10,3.601953e-08,1.159303e-08,3.610727e-08,4.811334e-08,2.408244e-07,1.481657e-07,8.733706e-08,2.185993e-07,9.548697e-08,1.317408e-07,2.011354e-07,6.992431e-12,1.044179e-07,1.003295e-09,9.211701e-09,3.620245e-11,3.963834e-11,2.432581e-10,4.226022e-07,3.334415e-10
30.175781,1.542953e-08,9.286180e-08,8.943852e-07,3.007456e-07,1.434539e-10,3.476599e-08,1.113900e-08,2.817258e-08,5.674133e-08,9.326778e-08,1.100303e-07,6.979004e-08,2.476214e-07,1.097842e-07,1.648001e-07,2.231264e-07,2.821154e-12,6.059845e-08,1.251074e-09,7.084029e-10,1.370839e-10,4.242599e-11,2.342985e-10,3.803137e-07,3.966884e-10
30.224609,1.337017e-08,7.731639e-08,8.922241e-07,3.903067e-07,1.576288e-10,3.489547e-08,8.816372e-09,2.912039e-08,4.875962e-08,2.794653e-07,6.498241e-08,5.690632e-08,2.672408e-07,9.589016e-08,6.539517e-08,2.078122e-07,1.286506e-11,8.956350e-09,5.783528e-10,4.196523e-09,1.187484e-10,3.441830e-11,8.938900e-11,1.951196e-07,4.333953e-10
30.273438,1.111502e-08,6.259100e-08,7.865235e-07,5.363208e-07,1.955380e-10,3.126448e-08,5.353248e-09,2.409333e-08,3.310607e-08,3.569414e-07,2.497398e-08,9.399744e-08,2.653846e-07,6.061331e-08,9.466830e-08,1.979226e-07,3.076967e-11,4.181179e-08,1.487069e-09,3.807277e-09,7.181892e-11,4.670646e-11,1.564824e-10,1.076519e-07,5.773591e-10
30.322266,9.003337e-09,5.303218e-08,5.887916e-07,6.599806e-07,2.353056e-10,2.635129e-08,2.529248e-09,2.667971e-08,2.403512e-08,3.438779e-07,3.938320e-08,1.123469e-07,2.532129e-07,4.012285e-08,5.985636e-08,1.802183e-07,4.542843e-11,7.901470e-08,9.859017e-10,4.234349e-09,8.377815e-11,3.579838e-11,7.626671e-11,2.797014e-07,2.388312e-10
30.371094,7.185696e-09,4.897088e-08,3.833669e-07,7.599586e-07,2.475582e-10,2.157263e-08,1.692054e-09,3.834896e-08,3.749640e-08,3.109795e-07,7.169281e-08,7.285797e-08,2.459019e-07,2.432636e-08,6.256571e-08,1.809177e-07,3.847668e-11,4.860566e-08,3.924230e-10,3.992408e-09,1.312445e-10,2.275605e-11,4.715699e-11,2.852242e-07,3.219376e-10
30.419922,5.717837e-09,4.693427e-08,2.735574e-07,7.790134e-07,2.194296e-10,1.510311e-08,1.221663e-09,3.840543e-08,5.562679e-08,2.391037e-07,8.305460e-08,5.078536e-08,1.882406e-07,9.878548e-09,1.277278e-07,2.291006e-07,3.742022e-11,2.055738e-08,1.120964e-09,2.155491e-09,7.280813e-11,1.873508e-11,6.217460e-11,1.715479e-07,6.048653e-11
30.468750,5.009765e-09,4.299978e-08,2.894116e-07,6.491023e-07,1.600230e-10,8.072010e-09,9.231004e-10,2.833644e-08,7.100633e-08,1.045046e-07,6.972772e-08,8.692641e-08,1.338698e-07,1.076429e-08,1.022128e-07,1.959188e-07,2.912854e-11,7.528977e-08,1.046258e-09,4.561987e-09,1.368625e-10,6.449196e-11,4.322381e-11,4.232686e-07,2.313349e-10
30.517578,5.763142e-09,3.602817e-08,3.953820e-07,4.119891e-07,8.962690e-11,1.373043e-08,1.941399e-09,3.821450e-08,8.902433e-08,2.127953e-07,4.407196e-08,5.629294e-08,1.122666e-07,9.529531e-09,2.303593e-08,1.481011e-07,1.136766e-11,1.055867e-07,2.765568e-10,6.935058e-09,1.807861e-10,5.458423e-11,1.160958e-10,3.314792e-07,4.220582e-10
30.566406,7.506004e-09,3.021528e-08,5.493922e-07,4.926664e-07,2.678286e-11,2.302235e-08,2.923862e-09,6.112811e-08,9.642602e-08,4.298583e-07,1.769928e-08,1.810715e-08,1.013416e-07,1.677906e-08,8.371772e-09,2.681544e-07,9.240572e-12,1.073374e-07,5.000358e-10,7.720374e-09,4.231252e-10,5.589750e-12,2.355581e-10,4.899100e-07,1.628776e-10
30.615234,9.031619e-09,3.374519e-08,6.720587e-07,9.544052e-07,2.190631e-11,2.635750e-08,3.361064e-09,7.398131e-08,8.588774e-08,5.151051e-07,4.874617e-09,3.425266e-08,8.329376e-08,1.331732e-08,2.531145e-08,3.931273e-07,3.195138e-11,7.392393e-08,1.259441e-10,4.113813e-09,4.275902e-10,6.331081e-11,1.849916e-10,3.862507e-07,2.809620e-10
30.664062,9.548582e-09,4.545720e-08,6.940283e-07,1.402666e-06,5.029906e-11,2.405031e-08,4.222634e-09,6.870338e-08,6.986051e-08,4.477973e-07,1.992277e-08,2.781790e-08,6.121044e-08,5.617417e-09,2.205479e-08,3.064853e-07,3.732712e-11,1.624743e-08,3.545438e-10,5.705612e-09,1.210210e-10,6.731462e-11,9.790019e-11,1.802470e-07,6.837570e-10
30.712891,8.925831e-09,5.783830e-08,5.996898e-07,1.663659e-06,6.269021e-11,2.181155e-08,7.097581e-09,4.413439e-08,5.314717e-08,3.020084e-07,4.085955e-08,2.601911e-08,9.438895e-08,1.799929e-08,7.941887e-08,3.419361e-08,3.301606e-11,5.509171e-08,5.783097e-10,7.280379e-09,1.525209e-10,4.924762e-11,2.488917e-10,1.665534e-07,2.848355e-10
30.761719,7.714088e-09,6.689922e-08,4.529845e-07,1.657527e-06,6.131668e-11,2.615053e-08,1.032840e-08,1.067196e-08,3.063378e-08,1.385903e-07,6.759286e-08,4.452541e-08,8.842277e-08,1.969656e-08,1.098143e-07,1.459572e-07,2.344794e-11,1.000004e-07,1.418480e-10,8.132300e-09,9.849071e-11,3.522779e-11,2.095586e-10,1.633983e-07,2.041035e-10
30.810547,6.846974e-09,7.155787e-08,4.603770e-07,1.405873e-06,5.299636e-11,3.965733e-08,1.138605e-08,2.823776e-08,1.094314e-08,1.257530e-07,7.446756e-08,6.725106e-08,7.566728e-08,7.023424e-09,1.096927e-07,2.227116e-07,1.547852e-11,1.133838e-07,5.455925e-10,4.181768e-09,1.858001e-10,1.989793e-11,2.484149e-10,1.490312e-07,3.900062e-10
30.859375,6.710875e-09,7.218885e-08,7.380468e-07,1.033729e-06,6.219524e-11,5.638855e-08,9.277645e-09,4.184315e-08,1.069506e-08,2.819895e-07,5.327698e-08,6.188437e-08,3.319176e-08,2.112710e-08,1.331258e-07,1.942815e-07,9.588173e-12,8.537411e-08,1.346444e-09,3.962400e-09,3.574049e-10,4.177008e-11,1.926024e-10,1.653491e-07,2.296726e-10
30.908203,6.688259e-09,6.995129e-08,1.107315e-06,7.067962e-07,9.281854e-11,6.716631e-08,6.272111e-09,3.478594e-08,1.206060e-08,3.620592e-07,2.304757e-08,3.685987e-08,5.470593e-08,4.639714e-08,1.748114e-07,9.396731e-08,2.753748e-11,8.572656e-08,9.073573e-10,4.989442e-09,3.332727e-10,4.273749e-11,1.468852e-10,2.799876e-07,1.361782e-10
30.957031,6.157512e-09,6.636454e-08,1.423143e-06,4.932705e-07,1.239655e-10,6.766360e-08,8.054101e-09,1.891381e-08,1.264072e-08,2.966131e-07,9.673530e-09,3.760561e-08,9.963157e-08,7.671348e-08,1.979594e-07,7.299301e-08,3.190721e-11,8.791763e-08,3.066455e-10,1.976675e-09,1.567177e-11,5.593519e-11,1.339113e-10,5.085720e-07,1.831255e-10
31.005859,5.086054e-09,6.249154e-08,1.597803e-06,3.157337e-07,1.443212e-10,6.075863e-08,1.217195e-08,2.695839e-08,1.819749e-08,1.258117e-07,7.174154e-09,2.533185e-08,1.217053e-07,8.326063e-08,2.039778e-07,5.723681e-08,4.202083e-11,6.305219e-08,1.460831e-10,1.445085e-09,9.022650e-11,4.378729e-11,1.281808e-10,5.879434e-07,2.928466e-10
31.054688,3.864654e-09,5.800038e-08,1.617215e-06,1.552521e-07,1.511615e-10,5.144821e-08,1.508103e-08,4.804688e-08,2.834371e-08,1.035981e-08,3.500022e-08,2.400135e-08,1.204296e-07,8.569167e-08,1.995334e-07,8.393985e-08,2.678019e-11,2.660610e-08,8.917513e-10,4.238862e-09,1.285613e-10,1.712801e-11,4.569891e-11,2.010532e-07,1.647326e-10
31.103516,3.085344e-09,5.148858e-08,1.551608e-06,1.689644e-07,1.415901e-10,4.122511e-08,1.632168e-08,5.342410e-08,3.605095e-08,2.708913e-08,7.963326e-08,4.525186e-08,7.928128e-08,8.323203e-08,1.991937e-07,2.014620e-07,1.166319e-11,4.452947e-08,9.947308e-10,4.161784e-09,1.642073e-10,2.115393e-11,4.267240e-11,1.231992e-07,3.048476e-10
31.152344,3.288498e-09,4.223419e-08,1.488563e-06,2.661554e-07,1.133511e-10,3.004177e-08,1.586624e-08,3.821429e-08,3.224240e-08,2.107706e-07,1.103283e-07,6.372870e-08,5.938614e-08,6.913970e-08,1.798975e-07,1.918146e-07,2.039089e-11,7.685891e-08,9.517323e-10,4.168288e-09,4.294215e-11,9.546961e-12,1.002361e-10,2.493198e-07,1.628144e-10
31.201172,4.290298e-09,3.170120e-08,1.431711e-06,3.762410e-07,7.170379e-11,1.962514e-08,1.379606e-08,3.128379e-08,1.637320e-08,3.927327e-07,9.798446e-08,6.990437e-08,4.774065e-08,5.091858e-08,2.150277e-07,1.482144e-07,1.885966e-11,6.187072e-08,4.915474e-10,5.593455e-09,1.584784e-10,1.739343e-11,3.949999e-11,6.906165e-08,2.352474e-10
31.250000,5.451058e-09,2.342211e-08,1.340590e-06,4.995360e-07,3.863164e-11,1.352857e-08,1.090146e-08,4.363903e-08,1.607685e-09,4.196629e-07,4.878940e-08,4.658303e-08,3.650195e-08,2.837413e-08,3.081485e-07,1.570483e-07,1.375144e-11,6.065337e-08,4.212811e-10,2.068610e-09,1.852967e-10,3.826774e-11,4.349227e-11,1.152808e-07,8.407573e-11
31.298828,6.277424e-09,1.985965e-08,1.285359e-06,5.693719e-07,4.065753e-11,1.618771e-08,8.517796e-09,4.265255e-08,2.333330e-09,2.537041e-07,3.167933e-08,2.784289e-08,3.695796e-08,2.496053e-08,3.068929e-07,1.733996e-07,1.269509e-11,7.741477e-08,6.764132e-10,2.334819e-09,9.185789e-11,3.146531e-11,2.552118e-11,4.504971e-07,1.571798e-10
31.347656,6.543098e-09,1.859816e-08,1.429792e-06,5.448549e-07,4.702876e-11,2.283412e-08,7.589292e-09,3.057630e-08,1.131626e-08,8.061713e-08,4.832638e-08,6.547312e-08,7.163133e-08,1.834535e-08,2.587124e-07,8.730762e-08,3.478482e-12,5.606553e-08,7.189343e-10,3.996025e-09,4.751861e-11,1.763508e-11,9.719630e-11,6.038784e-07,2.519536e-10
31.396484,6.375705e-09,1.678025e-08,1.745634e-06,4.594735e-07,3.994958e-11,2.781220e-08,8.120339e-09,1.802468e-08,2.552647e-08,2.783736e-07,5.138401e-08,8.117191e-08,1.199836e-07,3.092438e-08,1.764549e-07,1.183666e-07,4.142880e-12,7.049613e-08,1.025475e-09,4.074870e-09,6.180629e-11,2.073649e-11,7.368754e-11,3.310983e-07,3.511621e-10
31.445312,6.204818e-09,1.447687e-08,2.024173e-06,3.794117e-07,2.289140e-11,3.002830e-08,9.534632e-09,1.336232e-08,2.749269e-08,3.647144e-07,4.408954e-08,6.269751e-08,1.275933e-07,5.124145e-08,3.212718e-07,1.261557e-07,2.264491e-11,7.984135e-08,7.782729e-10,5.933014e-09,1.718381e-10,2.918273e-11,1.362602e-10,2.725574e-07,3.864725e-10
31.494141,6.378781e-09,1.187746e-08,2.110406e-06,3.581997e-07,2.648800e-11,3.048308e-08,1.096023e-08,2.545155e-08,1.842644e-08,3.296165e-07,1.694920e-08,2.588503e-08,6.632017e-08,6.444824e-08,3.810759e-07,9.915845e-08,2.887635e-11,7.426156e-08,5.202869e-10,7.194772e-09,1.370817e-10,1.496085e-11,1.432596e-10,3.219832e-07,3.210562e-10
31.542969,6.796866e-09,8.786698e-09,1.960826e-06,4.470773e-07,7.065925e-11,3.038447e-08,1.138588e-08,2.659954e-08,1.949273e-08,2.602064e-07,2.894447e-08,2.636735e-08,4.729437e-08,4.908775e-08,2.611374e-07,5.319518e-08,2.246164e-11,6.372566e-08,6.393649e-10,7.548967e-09,1.498249e-10,2.275130e-11,1.055808e-10,5.688116e-07,3.396854e-10
31.591797,7.191393e-09,9.667897e-09,1.615493e-06,6.096117e-07,1.182491e-10,3.037158e-08,1.033134e-08,1.163095e-08,2.819173e-08,1.833415e-07,3.558716e-08,6.805928e-08,1.218291e-07,2.377229e-08,1.842317e-07,3.918396e-08,1.918225e-11,2.739389e-08,6.263349e-10,8.106229e-09,1.030741e-10,2.327743e-12,1.010232e-10,5.049191e-07,3.819380e-10
31.640625,7.524775e-09,1.595532e-08,1.158476e-06,7.326946e-07,1.520372e-10,3.039627e-08,8.315097e-09,5.730760e-09,3.082294e-08,8.639815e-08,2.509566e-08,8.345327e-08,1.708998e-07,2.270614e-08,8.068459e-08,4.131950e-08,2.516946e-11,4.601409e-08,4.537197e-10,8.530669e-09,9.868183e-11,1.949477e-11,8.949385e-11,5.389977e-07,4.295234e-10
31.689453,7.858400e-09,2.090271e-08,6.868921e-07,7.362264e-07,1.696810e-10,2.989941e-08,5.976690e-09,1.449443e-08,2.861078e-08,1.674944e-07,3.697168e-08,7.619013e-08,1.164563e-07,1.839870e-08,1.607354e-07,1.456136e-07,4.558783e-11,5.908072e-08,5.173167e-10,7.091379e-09,1.291305e-10,4.462764e-11,8.928881e-11,3.370115e-07,1.504815e-10
31.738281,7.996761e-09,2.056457e-08,2.969965e-07,6.111433e-07,1.819963e-10,2.841704e-08,3.890387e-09,2.923967e-08,2.620772e-08,3.758927e-07,3.873482e-08,6.522816e-08,7.362890e-08,1.159849e-08,2.000131e-07,1.451807e-07,4.974592e-11,7.366360e-08,6.396998e-10,7.223466e-09,9.491219e-11,3.433650e-11,8.691269e-11,3.272548e-07,2.055662e-10
31.787109,7.525309e-09,1.493922e-08,1.675491e-07,4.094678e-07,1.969211e-10,2.620332e-08,4.859877e-09,4.693553e-08,3.129735e-08,5.081161e-07,2.610146e-08,4.855247e-08,1.189806e-07,2.297254e-08,1.499035e-07,7.551463e-08,3.900908e-11,1.156530e-07,6.580930e-10,3.371896e-09,1.513597e-10,4.716850e-12,8.245755e-11,3.685961e-07,2.053485e-10
31.835938,6.207127e-09,1.175237e-08,3.110373e-07,2.076280e-07,2.045442e-10,2.409158e-08,6.605526e-09,4.665972e-08,3.703210e-08,4.892666e-07,1.969317e-08,4.949432e-08,1.061739e-07,2.887125e-08,1.449859e-07,1.123130e-07,2.208374e-11,9.374671e-08,4.061083e-10,1.703150e-09,1.366427e-10,2.675647e-11,4.611067e-11,2.012053e-07,1.070893e-10
31.884766,4.312303e-09,2.050383e-08,4.592364e-07,7.274807e-08,1.988830e-10,2.263527e-08,5.371211e-09,2.557545e-08,3.292441e-08,3.811903e-07,2.513638e-08,5.617956e-08,6.790772e-08,1.571635e-08,1.312504e-07,2.075284e-07,1.189780e-11,7.892575e-08,3.516813e-10,2.267945e-09,1.097577e-10,3.210245e-11,3.401996e-11,1.857542e-07,1.536541e-10
31.933594,2.814228e-09,3.189485e-08,6.060964e-07,5.887179e-08,1.848010e-10,2.158982e-08,2.543542e-09,2.164925e-08,3.435915e-08,2.710230e-07,2.276639e-08,6.519695e-08,2.518205e-08,1.542377e-08,2.651778e-08,2.049841e-07,1.671388e-11,8.456350e-08,4.731835e-10,6.844229e-10,1.396431e-10,2.316577e-11,5.141079e-11,1.784751e-07,1.048587e-10
31.982422,2.791141e-09,4.164865e-08,7.529782e-07,6.898311e-08,1.726531e-10,2.261227e-08,6.113194e-09,3.973908e-08,4.365910e-08,1.607059e-07,1.183816e-08,9.844119e-08,7.718617e-08,1.987037e-08,2.114309e-07,1.151727e-07,1.213924e-11,6.066470e-08,5.674654e-10,1.301455e-09,8.995136e-11,1.686127e-11,6.093161e-11,2.326233e-08,1.673111e-10
32.031250,3.138746e-09,5.013521e-08,9.036163e-07,5.573516e-08,1.659848e-10,3.070556e-08,9.326515e-09,4.248647e-08,3.413448e-08,1.922911e-07,1.063998e-08,1.282483e-07,7.721437e-08,2.030735e-08,2.457032e-07,4.513542e-08,1.224258e-11,6.522560e-08,5.676635e-10,2.859384e-09,8.451601e-11,2.147433e-11,4.976701e-11,7.665676e-08,4.898205e-11
32.080078,2.774150e-09,5.824942e-08,1.056803e-06,6.062385e-08,1.619520e-10,4.342694e-08,9.705599e-09,3.779681e-08,4.426089e-09,3.352219e-07,2.194081e-08,1.195070e-07,7.422092e-08,1.749823e-08,1.074673e-07,5.497666e-08,2.025332e-11,7.366568e-09,4.356884e-10,5.971092e-09,6.967543e-11,1.762423e-11,6.467334e-11,2.185979e-07,1.271557e-10
32.128906,1.885627e-09,6.527135e-08,1.167365e-06,1.153987e-07,1.602773e-10,5.248310e-08,8.900939e-09,4.385040e-08,2.575387e-08,3.801094e-07,4.132102e-08,1.023533e-07,5.448230e-08,1.354417e-08,2.140232e-07,1.537300e-07,1.962275e-11,4.783874e-08,5.565070e-10,3.478247e-09,4.417720e-11,1.529504e-11,3.570729e-11,1.643001e-07,1.126207e-10
32.177734,1.518049e-09,6.924233e-08,1.155407e-06,1.728486e-07,1.669269e-10,5.357383e-08,8.604765e-09,5.859576e-08,3.825888e-08,2.472972e-07,6.310028e-08,9.547606e-08,3.309718e-08,1.428124e-08,3.311398e-07,3.604660e-07,1.791737e-11,9.244887e-08,7.845197e-10,2.149143e-09,8.113210e-11,2.452754e-11,6.934788e-11,2.279227e-07,2.128748e-10
32.226562,1.913089e-09,6.854278e-08,9.634479e-07,2.352066e-07,1.875203e-10,4.937403e-08,7.898940e-09,7.044200e-08,3.491018e-08,9.001336e-08,7.947968e-08,5.267199e-08,3.613098e-08,2.712344e-08,3.031319e-07,4.310458e-07,1.211577e-11,6.929695e-08,6.325924e-10,1.828520e-09,1.191931e-10,1.689887e-11,7.676531e-11,4.117994e-07,1.357320e-10
32.275391,1.958382e-09,6.280038e-08,6.059032e-07,3.668585e-07,2.081840e-10,4.483380e-08,5.676673e-09,7.008959e-08,2.522700e-08,2.892590e-07,7.948684e-08,6.185637e-08,4.116347e-08,4.275052e-08,1.360797e-07,4.092854e-07,5.195770e-12,4.465640e-08,6.934421e-10,2.278925e-09,1.140534e-10,2.552025e-11,3.464306e-11,5.098839e-07,1.262915e-10
32.324219,1.376755e-09,5.289805e-08,2.431884e-07,5.778805e-07,2.092230e-10,3.971155e-08,2.615812e-09,5.443633e-08,1.014285e-08,3.257394e-07,7.416464e-08,1.062519e-07,3.976211e-08,5.473772e-08,8.481080e-08,3.448783e-07,6.147105e-12,2.239910e-08,1.072841e-09,2.647024e-09,1.648661e-10,2.872323e-11,8.121728e-11,3.024633e-07,1.090602e-10
32.373047,5.519279e-10,4.056638e-08,4.401702e-07,8.009415e-07,1.826441e-10,3.143526e-08,2.324306e-09,3.732100e-08,9.841737e-09,2.038769e-07,7.888450e-08,1.000715e-07,2.508294e-08,5.872970e-08,7.828591e-08,2.166106e-07,1.171443e-11,3.910223e-08,8.348538e-10,2.778257e-09,1.268315e-10,3.265076e-11,5.372982e-11,4.846134e-07,2.359523e-10
32.421875,6.279511e-10,2.784433e-08,7.539430e-07,9.694759e-07,1.419474e-10,2.161314e-08,3.027931e-09,3.756191e-08,2.000556e-08,2.350029e-07,6.885724e-08,8.544680e-08,1.792538e-08,5.755019e-08,6.020646e-08,1.414057e-07,1.203783e-11,4.063157e-08,4.475154e-10,3.127269e-09,5.605742e-11,2.449553e-11,5.781660e-11,1.879351e-07,2.867375e-10
32.470703,9.881583e-10,1.644568e-08,9.173563e-07,1.057085e-06,1.160329e-10,1.416937e-08,1.587988e-09,3.528309e-08,2.185097e-08,3.377678e-07,6.028787e-08,7.523292e-08,5.100421e-08,5.095594e-08,7.403287e-08,1.139008e-07,8.877222e-12,8.833284e-09,5.443051e-10,2.485446e-09,7.340012e-11,1.643665e-11,4.953745e-11,3.310967e-07,1.756926e-10
32.519531,1.081560e-09,7.168909e-09,9.378153e-07,1.071655e-06,1.160940e-10,9.246454e-09,1.986047e-09,1.825362e-08,2.123949e-08,3.503000e-07,8.893494e-08,5.789701e-08,1.022911e-07,2.621166e-08,1.304283e-07,1.537577e-07,1.599305e-12,6.474441e-08,1.833855e-10,2.949740e-09,1.124278e-10,2.651539e-11,4.382552e-11,4.443061e-07,6.132685e-11
32.568359,1.223115e-09,1.599564e-09,9.025429e-07,1.024000e-06,1.167768e-10,5.672219e-09,3.369987e-09,4.383182e-09,1.614490e-08,2.945231e-07,1.034010e-07,4.668695e-08,1.123691e-07,1.368258e-08,1.723121e-07,1.665203e-07,9.402690e-12,8.467367e-08,2.550299e-10,2.521302e-09,9.941482e-11,1.179501e-11,2.123618e-11,3.555927e-07,7.692660e-11
32.617188,1.419099e-09,7.296457e-09,9.199812e-07,9.338950e-07,1.065370e-10,8.053838e-09,2.561551e-09,1.770757e-08,5.769890e-09,1.619903e-07,9.460181e-08,5.314468e-08,8.051165e-08,2.918157e-08,2.260116e-07,1.784271e-07,1.350522e-11,4.623168e-08,3.303089e-10,1.221658e-09,2.751978e-11,8.970376e-12,2.456502e-11,1.785718e-07,1.548243e-10
32.666016,1.433768e-09,1.262476e-08,1.039441e-06,8.968783e-07,9.035167e-11,1.166992e-08,3.981633e-09,1.874707e-08,9.629983e-09,4.638839e-08,8.327727e-08,7.158527e-08,7.360721e-08,3.696742e-08,2.937240e-07,1.677221e-07,1.128016e-11,3.323775e-08,3.048229e-10,1.248649e-09,1.011622e-10,1.757301e-11,3.673333e-11,1.976430e-07,1.017354e-10
32.714844,1.505985e-09,1.617591e-08,1.236105e-06,1.037850e-06,8.005906e-11,1.404043e-08,7.028971e-09,9.310187e-09,1.892240e-08,2.262020e-07,6.581237e-08,5.359526e-08,8.197480e-08,2.372795e-08,3.230127e-07,1.433141e-07,5.485330e-12,1.926653e-08,6.085591e-10,2.237278e-09,7.099931e-11,1.798884e-11,5.393175e-11,7.722838e-08,1.348912e-10
32.763672,2.107847e-09,1.734642e-08,1.462684e-06,1.278054e-06,8.207439e-11,1.842517e-08,7.564860e-09,5.417608e-09,2.679211e-08,3.297127e-07,3.861944e-08,2.795945e-08,9.648127e-08,1.887278e-08,3.098677e-07,1.439956e-07,5.840722e-12,5.152131e-08,3.710179e-10,3.595934e-09,3.863640e-11,4.919934e-12,4.723345e-11,7.626412e-08,8.943811e-11
32.812500,2.903928e-09,1.630624e-08,1.664264e-06,1.422368e-06,9.542152e-11,2.335479e-08,5.597000e-09,1.684488e-08,3.103650e-08,3.383703e-07,1.534948e-08,3.797213e-08,9.968110e-08,4.353762e-08,2.573060e-07,1.139082e-07,6.967554e-12,1.792394e-08,3.532929e-10,9.143615e-10,4.111479e-11,1.572671e-11,5.776354e-11,2.297753e-07,5.287486e-11
32.861328,3.352884e-09,1.406869e-08,1.777339e-06,1.365897e-06,1.108817e-10,2.450213e-08,4.555946e-09,1.756598e-08,2.758290e-08,2.854621e-07,1.337019e-09,4.557242e-08,7.489291e-08,5.978174e-08,1.641393e-07,5.666192e-08,1.613328e-11,6.868742e-08,2.503147e-10,4.192477e-09,7.154674e-11,1.699561e-11,5.890896e-11,2.181277e-07,3.293879e-11
32.910156,3.217060e-09,1.201573e-08,1.747910e-06,1.148077e-06,1.176597e-10,2.200038e-08,5.509864e-09,6.953986e-09,1.754029e-08,2.348907e-07,1.798217e-08,4.211525e-08,1.028081e-07,6.428258e-08,1.320933e-07,1.158370e-07,1.943814e-11,8.991063e-08,1.260011e-10,5.135861e-09,4.024304e-11,1.000622e-11,5.730256e-11,4.147770e-08,1.736987e-11
32.958984,2.570144e-09,1.094989e-08,1.558862e-06,9.082554e-07,1.092025e-10,1.910796e-08,5.615250e-09,1.244789e-08,1.451732e-08,2.505227e-07,4.389390e-08,4.199633e-08,1.500581e-07,5.586734e-08,1.401983e-07,1.900221e-07,1.478550e-11,6.504942e-08,3.534077e-10,4.154819e-09,2.649579e-11,1.784180e-12,3.075137e-11,2.079861e-07,2.786465e-11
33.007812,1.698761e-09,1.052137e-08,1.250460e-06,7.229234e-07,8.794954e-11,1.617428e-08,5.308134e-09,3.404025e-08,2.024334e-08,2.766441e-07,5.968150e-08,4.974307e-08,1.411500e-07,4.160481e-08,1.416214e-07,1.804300e-07,5.193960e-12,3.844807e-08,2.400236e-10,5.000717e-10,1.114756e-10,3.855392e-12,7.677253e-11,3.239333e-08,6.773930e-11
33.056641,1.025806e-09,9.976583e-09,9.268972e-07,4.956891e-07,6.710492e-11,1.299292e-08,5.541284e-09,5.394745e-08,2.017957e-08,2.153726e-07,5.264045e-08,5.532868e-08,1.300623e-07,3.883698e-08,1.935957e-07,1.003126e-07,1.459282e-11,2.358271e-08,2.117341e-10,2.587104e-09,9.795109e-11,5.002857e-12,6.916710e-11,1.795335e-07,6.563335e-11
33.105469,1.079103e-09,8.941772e-09,7.319034e-07,1.684507e-07,6.243466e-11,1.382966e-08,5.420394e-09,6.218196e-08,1.561443e-08,7.040825e-08,3.057762e-08,5.699183e-08,1.118819e-07,4.511144e-08,2.061997e-07,4.322677e-08,1.653010e-11,2.078184e-08,2.294280e-10,1.446393e-09,2.759484e-11,1.266520e-11,4.879395e-11,1.709034e-07,4.392757e-11
33.154297,1.619777e-09,7.538945e-09,7.120483e-07,3.647646e-07,6.426921e-11,1.893803e-08,5.135871e-09,5.275051e-08,8.762889e-09,1.882896e-07,1.055150e-08,6.337173e-08,1.620992e-07,2.806295e-08,1.597473e-07,3.070414e-08,1.207684e-11,1.800136e-08,2.322032e-10,1.879741e-09,4.998588e-11,6.518150e-12,3.264684e-11,2.675146e-07,8.262857e-11
33.203125,2.211417e-09,6.525760e-09,7.364411e-07,7.377683e-07,5.917100e-11,2.486900e-08,6.210909e-09,3.349009e-08,8.948918e-09,3.312671e-07,1.952959e-08,7.718289e-08,2.197446e-07,1.706284e-08,1.075944e-07,9.831584e-09,1.026664e-11,1.156083e-08,4.825300e-10,9.598009e-10,8.034212e-11,5.849343e-12,2.536521e-11,1.715281e-07,2.432974e-10
33.251953,2.729294e-09,7.087559e-09,6.992060e-07,9.302495e-07,5.282268e-11,2.926604e-08,7.829005e-09,2.532221e-08,2.351853e-08,3.588603e-07,4.143600e-08,7.253565e-08,2.034246e-07,3.061850e-08,9.663276e-08,7.183178e-08,1.088458e-11,1.389430e-08,4.796339e-10,5.912530e-10,1.492431e-11,6.388777e-12,2.530936e-11,1.876033e-07,1.276251e-10
33.300781,3.136921e-09,9.099815e-09,5.801793e-07,9.136131e-07,5.512975e-11,3.031886e-08,8.353266e-09,2.819086e-08,3.389052e-08,2.992757e-07,5.358506e-08,6.409102e-08,1.536871e-07,3.497790e-08,1.076818e-07,1.507901e-07,2.209675e-12,4.407890e-08,3.584503e-10,1.571659e-09,2.326659e-11,1.276000e-11,1.793431e-11,1.313299e-07,1.252894e-10
33.349609,3.405387e-09,1.128888e-08,4.038802e-07,7.915426e-07,6.382335e-11,2.940213e-08,7.446072e-09,2.612636e-08,3.612989e-08,2.265430e-07,5.009879e-08,7.199224e-08,5.764079e-08,5.241929e-08,1.095519e-07,1.032349e-07,9.899617e-12,5.687120e-08,7.746934e-11,2.749896e-09,3.263793e-11,5.959325e-12,1.565933e-11,2.553058e-07,1.094240e-10
33.398438,3.468475e-09,1.273693e-08,2.836227e-07,7.337248e-07,6.718488e-11,3.022698e-08,5.612758e-09,2.119249e-08,3.312243e-08,1.663617e-07,3.508715e-08,6.756642e-08,2.734147e-08,6.079868e-08,1.122659e-07,8.200992e-09,1.267559e-11,2.459519e-08,4.220559e-10,1.502488e-09,4.260849e-11,6.132002e-12,4.237155e-11,2.644315e-07,1.395518e-10
33.447266,3.282908e-09,1.309360e-08,4.113545e-07,7.933554e-07,6.143596e-11,3.350385e-08,3.329865e-09,1.747915e-08,2.878927e-08,8.709834e-08,2.064636e-08,6.073033e-08,2.838243e-08,4.928606e-08,1.195362e-07,9.045665e-08,7.910896e-12,1.566096e-08,5.414009e-10,3.613903e-10,3.849196e-11,8.953301e-12,4.685623e-11,2.937070e-07,1.100037e-10
33.496094,2.982335e-09,1.243927e-08,6.194879e-07,8.766360e-07,5.038425e-11,3.671524e-08,1.286351e-09,1.351807e-08,2.880730e-08,8.745679e-08,1.869029e-08,4.349724e-08,3.273924e-08,2.224840e-08,9.720986e-08,1.710082e-07,2.430268e-12,2.093961e-08,3.527844e-10,1.569463e-09,5.602396e-11,1.488067e-11,1.118957e-11,3.076598e-07,6.663515e-11
33.544922,2.924487e-09,1.108434e-08,7.454653e-07,9.302135e-07,4.120933e-11,3.625753e-08,2.620085e-09,1.033226e-08,3.596101e-08,2.107285e-07,1.943687e-08,1.792720e-08,5.010137e-08,3.890757e-09,6.848541e-08,1.770744e-07,5.388949e-12,4.181305e-08,2.198816e-10,2.020624e-09,4.288444e-11,1.544048e-11,4.280385e-11,4.186671e-07,4.591155e-11
33.593750,3.292029e-09,9.434792e-09,7.443882e-07,9.712451e-07,3.776136e-11,2.878309e-08,4.497188e-09,1.651305e-08,3.986590e-08,2.860876e-07,2.056780e-08,1.581127e-08,5.433663e-08,1.605287e-08,4.828583e-08,1.142200e-07,7.055780e-12,4.624257e-08,3.487512e-10,1.677415e-09,3.215942e-11,7.441512e-12,3.032080e-11,3.951239e-07,6.589101e-11
33.642578,3.768397e-09,8.264702e-09,6.449104e-07,1.022814e-06,3.655840e-11,1.458801e-08,5.409754e-09,2.384489e-08,3.386861e-08,2.790640e-07,2.512547e-08,2.889249e-08,5.915375e-08,1.421448e-08,5.843731e-08,9.721007e-08,3.248165e-12,2.806708e-08,3.854018e-10,8.797794e-10,1.522186e-11,5.955031e-12,1.514571e-11,1.799551e-07,5.964589e-11
33.691406,3.976221e-09,8.868691e-09,5.322041e-07,1.068247e-06,3.834667e-11,3.912454e-09,5.390721e-09,2.362507e-08,2.753032e-08,2.115650e-07,3.115645e-08,4.547618e-08,3.979354e-08,6.740128e-09,9.533584e-08,1.177478e-07,4.448903e-12,4.099425e-08,2.876495e-10,9.121701e-10,1.810427e-11,4.564629e-12,2.528725e-11,1.165734e-07,8.090221e-12
33.740234,3.775999e-09,1.121435e-08,5.128781e-07,1.059759e-06,4.809351e-11,1.375917e-08,4.973425e-09,1.876296e-08,3.195599e-08,1.224869e-07,3.837906e-08,5.866709e-08,2.482108e-08,1.182535e-08,1.157004e-07,1.250657e-07,9.971790e-12,3.023666e-08,1.361022e-10,2.228658e-10,5.129575e-11,9.182045e-12,3.085969e-11,1.604499e-07,9.116779e-11
33.789062,3.244417e-09,1.354767e-08,6.187014e-07,9.576341e-07,5.608593e-11,1.608751e-08,4.825430e-09,2.057441e-08,3.398192e-08,8.065500e-08,4.583467e-08,5.996287e-08,6.454750e-08,1.381461e-08,9.849682e-08,4.550634e-08,7.580991e-12,3.388491e-08,8.072072e-11,5.394954e-10,4.234155e-11,9.125020e-12,2.174792e-11,2.234652e-07,5.521610e-11
33.837891,2.565175e-09,1.443676e-08,7.799802e-07,7.692725e-07,5.238050e-11,1.158316e-08,5.037969e-09,2.774148e-08,2.800141e-08,9.424605e-08,4.846507e-08,4.073571e-08,1.155867e-07,9.525480e-09,9.559184e-08,5.224937e-08,2.559655e-12,8.181754e-09,1.998516e-10,1.187013e-09,2.800539e-11,1.679158e-11,1.275715e-11,1.822942e-07,1.432056e-10
33.886719,1.921781e-09,1.370916e-08,9.180660e-07,5.870406e-07,3.374927e-11,1.074359e-08,5.103063e-09,3.330456e-08,2.161152e-08,9.176434e-08,4.051121e-08,1.381816e-08,1.245780e-07,2.464905e-08,3.480912e-08,7.645471e-08,3.615800e-12,4.087390e-08,2.709902e-10,6.780780e-10,2.302722e-11,2.390020e-11,2.957389e-11,1.037282e-07,1.917380e-10
33.935547,1.431039e-09,1.261492e-08,9.821994e-07,5.606703e-07,8.624186e-12,1.764900e-08,4.906394e-09,3.417972e-08,1.921665e-08,1.517749e-07,2.452123e-08,8.683450e-09,8.874680e-08,4.627099e-08,6.529681e-08,3.156094e-08,7.868789e-12,4.789602e-08,4.179572e-10,1.781691e-09,4.863132e-11,2.426424e-11,4.628065e-11,9.344076e-08,1.067453e-10
33.984375,1.130339e-09,1.258049e-08,9.616539e-07,6.450674e-07,1.558132e-11,2.281627e-08,4.841374e-09,2.916500e-08,1.750249e-08,2.187957e-07,2.433861e-08,2.388334e-09,5.842350e-08,5.574186e-08,1.045690e-07,2.008277e-08,9.326926e-12,1.683011e-08,5.239882e-10,2.246672e-09,2.598769e-11,1.572103e-11,3.076008e-11,1.631841e-07,9.758669e-11
34.033203,9.899081e-10,1.291090e-08,8.765238e-07,6.667402e-07,2.421382e-11,2.372671e-08,4.783988e-09,2.028597e-08,1.717754e-08,2.068500e-07,3.985651e-08,6.908642e-09,4.776153e-08,4.623843e-08,1.141898e-07,5.087970e-08,1.300661e-11,8.984298e-09,5.259975e-10,8.296579e-10,3.053255e-11,1.079532e-11,2.124975e-11,1.840162e-07,1.215714e-10
34.082031,9.438920e-10,1.177605e-08,7.422559e-07,5.769959e-07,1.738232e-11,2.155870e-08,4.022600e-09,1.235637e-08,1.765583e-08,1.288312e-07,5.407791e-08,1.226520e-08,6.531469e-08,2.667056e-08,1.130145e-07,1.317806e-07,9.844289e-12,7.537765e-09,1.978721e-10,2.016894e-09,3.460198e-11,8.916283e-12,6.231850e-11,2.023793e-07,1.135886e-10
34.130859,9.426339e-10,8.794614e-09,5.564332e-07,4.421335e-07,1.862531e-12,1.845863e-08,2.316919e-09,1.303269e-08,1.556678e-08,1.509958e-07,6.643440e-08,3.850217e-08,7.848944e-08,6.156511e-09,9.450702e-08,1.610134e-07,4.803573e-12,3.201190e-08,1.268122e-10,2.754044e-09,3.897536e-11,1.028122e-11,3.069059e-11,1.279413e-07,1.610395e-10
34.179688,9.636948e-10,6.521060e-09,3.462101e-07,3.495454e-07,2.117738e-11,1.570545e-08,5.985598e-10,1.412670e-08,1.058036e-08,2.099404e-07,6.904008e-08,5.680529e-08,7.305393e-08,2.151237e-08,7.501988e-08,1.705220e-07,6.423634e-12,5.560443e-08,2.922425e-10,1.133080e-09,1.127854e-11,4.189341e-12,2.926990e-11,1.932022e-07,1.046692e-10
34.228516,9.754938e-10,8.429053e-09,2.452067e-07,2.852454e-07,3.780843e-11,1.293093e-08,1.992958e-09,8.311632e-09,5.599857e-09,1.612975e-07,5.820326e-08,6.513219e-08,6.520172e-08,3.973961e-08,5.535715e-08,1.137838e-07,5.639994e-12,2.964206e-08,2.282971e-10,9.273637e-10,1.058126e-11,5.683766e-12,1.834261e-11,1.353255e-07,9.484919e-11
34.277344,9.293238e-10,1.119707e-08,2.890411e-07,1.874610e-07,4.733125e-11,9.110474e-09,3.320217e-09,1.113163e-08,5.279897e-09,5.778630e-08,4.242509e-08,8.092617e-08,6.618985e-08,3.947698e-08,9.639626e-08,8.336638e-08,3.391856e-12,3.750399e-08,1.154034e-10,7.247898e-10,2.383468e-11,3.107357e-12,2.612184e-11,2.829202e-07,5.338238e-11
34.326172,8.191383e-10,1.201345e-08,2.427958e-07,6.681092e-08,5.321764e-11,4.292932e-09,4.496128e-09,1.658063e-08,5.098654e-09,8.473877e-08,3.181814e-08,8.928301e-08,5.327718e-08,3.238362e-08,1.050650e-07,1.072162e-07,3.639663e-12,6.212682e-08,2.704006e-10,1.949519e-09,1.577246e-11,7.710618e-12,3.086040e-11,3.154917e-07,3.801033e-11
34.375000,8.250214e-10,1.080621e-08,2.761312e-08,2.388744e-08,5.732298e-11,1.465588e-09,5.691026e-09,1.524673e-08,3.577321e-09,1.787829e-07,2.955789e-08,7.292389e-08,3.155720e-08,2.247167e-08,5.394441e-08,9.784619e-08,5.089270e-12,4.384823e-08,3.612315e-10,8.845826e-10,9.679421e-12,9.748647e-12,8.150866e-12,3.846773e-07,1.053792e-10
34.423828,1.215029e-09,8.719096e-09,3.392002e-07,5.774088e-08,6.106056e-11,3.290540e-09,6.434855e-09,2.120613e-08,1.054173e-08,2.954738e-07,2.760923e-08,5.583265e-08,1.437783e-08,8.108170e-09,7.382324e-08,1.408795e-07,6.459958e-12,2.792936e-08,1.227447e-10,1.583477e-09,3.324325e-11,4.324494e-12,7.764932e-12,3.263449e-07,1.316185e-10
34.472656,1.860515e-09,6.654137e-09,7.144071e-07,1.087302e-07,6.114583e-11,3.022514e-09,6.370138e-09,2.949864e-08,1.779301e-08,3.337634e-07,2.077072e-08,4.273361e-08,1.316610e-08,2.325674e-08,9.062949e-08,1.320910e-07,1.159457e-11,9.194752e-09,8.010826e-11,2.537084e-09,4.223186e-11,7.539326e-12,3.985954e-11,2.722594e-07,1.712919e-10
34.521484,2.515208e-09,4.713611e-09,9.898985e-07,2.053767e-07,5.641921e-11,1.351778e-09,5.778305e-09,2.920202e-08,2.026638e-08,2.921991e-07,1.837495e-08,3.228731e-08,6.081124e-09,2.696111e-08,9.456047e-08,9.893007e-08,1.547155e-11,1.888855e-08,3.697890e-10,7.757336e-10,7.192485e-11,6.671917e-12,4.176172e-11,2.272069e-07,1.065069e-10
34.570312,3.019774e-09,4.791091e-09,1.098436e-06,3.032631e-07,4.591415e-11,2.575826e-09,5.348203e-09,2.461796e-08,1.769347e-08,2.783297e-07,2.495389e-08,4.152258e-08,3.006901e-08,2.611673e-08,1.240759e-07,5.123198e-08,1.030920e-11,2.455300e-08,3.142808e-10,8.616115e-10,2.222214e-11,1.966360e-12,8.007331e-12,2.379755e-07,7.959366e-11
34.619141,3.318765e-09,8.377988e-09,1.054150e-06,3.864450e-07,3.378208e-11,5.312478e-09,5.355037e-09,2.359647e-08,1.456387e-08,2.690051e-07,2.925041e-08,4.440635e-08,5.772878e-08,1.715673e-08,1.040716e-07,1.494369e-08,4.986000e-12,3.638161e-08,8.259615e-11,1.182174e-09,6.511040e-11,8.544114e-12,8.401779e-12,1.513957e-07,2.112976e-11
34.667969,3.449426e-09,1.230594e-08,9.301576e-07,4.537752e-07,2.365979e-11,8.083789e-09,5.282485e-09,2.565509e-08,1.685890e-08,2.381540e-07,2.728172e-08,3.352341e-08,7.062856e-08,1.032548e-08,8.007937e-08,1.905824e-08,4.906234e-12,3.166088e-08,2.131963e-11,1.943865e-09,7.841756e-11,9.713037e-12,9.297306e-12,6.824727e-08,4.145790e-11
34.716797,3.471034e-09,1.445699e-08,7.851312e-07,4.912195e-07,1.912522e-11,1.022646e-08,4.605632e-09,2.543770e-08,2.210266e-08,2.236249e-07,2.024660e-08,1.683496e-08,5.217325e-08,1.627857e-08,4.658026e-08,4.216445e-08,5.596015e-12,2.545846e-08,1.918908e-10,1.540232e-09,6.412757e-11,7.780880e-12,2.530839e-11,8.386249e-08,1.195292e-10
34.765625,3.383984e-09,1.414035e-08,6.074626e-07,4.820823e-07,1.993898e-11,1.111034e-08,3.375651e-09,1.700004e-08,2.565544e-08,1.747995e-07,1.508224e-08,1.590181e-08,3.452607e-08,1.216674e-08,4.854430e-08,1.159355e-07,7.541220e-12,3.052409e-08,2.063977e-10,1.992581e-09,4.662857e-11,2.984765e-12,9.205853e-12,1.253528e-08,6.768997e-11
34.814453,3.133679e-09,1.197658e-08,3.763621e-07,4.300430e-07,2.597418e-11,1.102677e-08,2.090975e-09,1.262164e-08,2.669846e-08,1.274293e-07,2.391487e-08,2.553593e-08,3.482390e-08,7.683784e-09,9.065423e-08,1.275645e-07,5.727349e-12,3.757659e-08,2.058345e-10,2.215174e-09,3.157230e-11,7.214652e-12,3.315563e-11,1.434750e-07,2.726193e-11
34.863281,2.702539e-09,9.429644e-09,2.911032e-07,3.548580e-07,3.250845e-11,1.073094e-08,1.239874e-09,2.885781e-08,2.606213e-08,1.624976e-07,3.026511e-08,2.134172e-08,2.688417e-08,1.306217e-08,1.062138e-07,7.839018e-08,1.004151e-12,3.539747e-08,2.490401e-10,1.160293e-09,2.853751e-11,1.340524e-11,3.640939e-11,3.853211e-07,5.023797e-11
34.912109,2.217297e-09,7.539886e-09,5.819585e-07,2.665343e-07,3.694391e-11,9.371396e-09,1.224089e-09,4.019506e-08,2.353437e-08,1.706292e-07,2.480380e-08,5.658267e-09,1.712621e-08,1.586463e-08,1.093138e-07,8.715464e-08,5.239378e-12,4.212541e-08,2.404427e-10,2.268281e-09,4.378913e-11,9.637243e-12,2.123326e-11,3.037494e-07,1.253911e-11
34.960938,1.995427e-09,6.024716e-09,9.145359e-07,1.634681e-07,3.591249e-11,5.335353e-09,1.817262e-09,4.442144e-08,1.948632e-08,1.251606e-07,1.311836e-08,1.371606e-08,5.693967e-08,9.986524e-09,1.113198e-07,3.794944e-08,4.512638e-12,4.288548e-08,3.179817e-10,1.372687e-09,4.360883e-11,1.782565e-12,1.188607e-11,1.299159e-07,2.377850e-11
35.009766,2.268823e-09,5.076608e-09,1.155030e-06,1.261744e-07,2.943434e-11,5.077025e-09,2.215222e-09,4.469432e-08,1.821393e-08,6.746305e-08,1.062122e-08,1.653218e-08,8.504590e-08,1.310151e-08,8.699733e-08,4.019042e-08,1.529181e-12,2.581325e-08,3.070179e-10,1.511939e-09,3.500254e-11,5.239309e-12,1.795182e-11,1.167363e-07,3.438050e-11
35.058594,2.808391e-09,6.393939e-09,1.275997e-06,2.582368e-07,1.887829e-11,1.291158e-08,2.148244e-09,3.819067e-08,2.010149e-08,4.889898e-08,1.619693e-08,8.135006e-09,7.532351e-08,1.254002e-08,7.755146e-08,3.729476e-08,2.557979e-12,2.595707e-08,2.589624e-10,2.125349e-09,3.114879e-11,7.958463e-12,3.909669e-11,1.830184e-07,2.699270e-11
35.107422,3.294167e-09,8.968209e-09,1.298652e-06,4.031917e-07,9.274585e-12,1.859975e-08,1.917337e-09,2.647640e-08,1.866177e-08,5.086957e-08,2.155233e-08,7.020791e-09,5.095652e-08,9.873643e-09,8.202316e-08,1.006763e-07,4.291837e-12,1.534475e-08,5.013569e-10,4.282257e-10,1.916744e-11,7.348637e-12,7.131074e-12,1.622787e-07,3.854225e-11
35.156250,3.563963e-09,1.083959e-08,1.255990e-06,4.832161e-07,3.986274e-12,1.977115e-08,1.878707e-09,2.112949e-08,1.240674e-08,5.177277e-08,2.732948e-08,2.028733e-08,3.743590e-08,2.303327e-08,1.163521e-07,1.008195e-07,5.844215e-12,1.512048e-08,4.187923e-10,1.498629e-09,2.331740e-11,4.937242e-12,1.026708e-11,1.255260e-07,1.274204e-11
35.205078,3.577884e-09,1.178309e-08,1.161702e-06,4.756900e-07,1.118821e-12,1.811599e-08,1.805864e-09,2.098536e-08,7.298668e-09,1.292922e-07,3.001429e-08,2.198117e-08,1.376196e-08,3.070871e-08,1.461770e-07,1.211152e-07,5.833347e-12,2.362845e-08,9.133340e-11,1.321272e-09,4.248149e-11,6.434898e-12,2.492191e-11,2.296620e-07,3.791695e-11
35.253906,3.371771e-09,1.309012e-08,1.016027e-06,4.042690e-07,5.103681e-12,1.756644e-08,1.348375e-09,1.681150e-08,9.185505e-09,1.806714e-07,3.049922e-08,1.294421e-08,3.216335e-08,2.808950e-08,9.994953e-08,1.101236e-07,2.101044e-12,1.716239e-08,1.966550e-10,5.135592e-10,1.674146e-11,3.588240e-12,1.620080e-11,1.152110e-07,5.394318e-11
35.302734,3.018989e-09,1.575264e-08,8.471354e-07,3.182146e-07,1.365430e-11,1.903714e-08,5.151949e-10,1.269859e-08,1.054919e-08,1.334708e-07,3.206232e-08,1.027603e-08,1.619747e-08,2.347196e-08,3.999482e-08,1.035726e-07,2.936855e-12,2.149044e-08,1.373870e-10,1.390728e-09,1.703422e-11,2.553002e-12,1.279130e-12,3.245110e-08,6.755718e-11
35.351562,2.593665e-09,1.889952e-08,7.406002e-07,2.499659e-07,2.149099e-11,2.040476e-08,5.677732e-10,1.379878e-08,8.443569e-09,8.009928e-08,3.265695e-08,1.186200e-08,1.866014e-08,1.438920e-08,7.070107e-08,2.519299e-08,5.974976e-12,1.996406e-08,2.859838e-11,1.487367e-09,2.355998e-11,5.447388e-12,1.021260e-11,1.959278e-07,6.643813e-11
35.400391,2.145789e-09,2.101808e-08,7.613789e-07,2.220891e-07,2.727233e-11,2.174596e-08,1.363396e-09,1.649074e-08,4.298198e-09,1.549123e-07,3.269634e-08,6.397767e-09,1.248564e-08,1.929904e-08,9.941601e-08,1.302501e-07,6.715341e-12,2.083807e-08,1.468529e-10,5.581062e-10,2.218527e-11,6.982942e-12,1.491451e-11,2.662541e-07,1.716670e-11
35.449219,1.698782e-09,2.126112e-08,8.284216e-07,2.746788e-07,2.917186e-11,2.533983e-08,1.914529e-09,1.972521e-08,3.898174e-09,1.555322e-07,3.211426e-08,2.634023e-09,2.809744e-08,2.486462e-08,1.028266e-07,1.532081e-07,5.845677e-12,3.437716e-08,7.953050e-11,8.959384e-10,3.265670e-11,4.308625e-12,2.906280e-12,7.873963e-08,7.092214e-11
35.498047,1.267277e-09,1.966269e-08,8.231998e-07,3.620694e-07,2.795287e-11,3.146492e-08,2.306405e-09,2.374584e-08,5.898928e-09,8.527456e-08,2.564642e-08,6.772060e-09,2.517906e-08,1.612563e-08,7.597257e-08,5.491354e-08,3.421463e-12,4.656173e-08,1.248545e-10,9.317923e-10,9.455517e-12,2.894530e-12,1.848939e-11,1.575300e-07,4.458879e-11
35.546875,8.803334e-10,1.691290e-08,7.171180e-07,4.023501e-07,2.207827e-11,3.732860e-08,2.513249e-09,2.503869e-08,6.423632e-09,4.107991e-08,1.332793e-08,5.949901e-09,6.057900e-09,6.120252e-09,4.568910e-08,5.003662e-08,1.191317e-12,4.438190e-08,5.340364e-11,6.680014e-10,1.960259e-11,4.277330e-12,3.215937e-11,1.910564e-07,1.294149e-11
35.595703,5.866959e-10,1.406001e-08,5.964129e-07,3.653384e-07,1.699045e-11,3.998368e-08,2.462125e-09,2.064970e-08,6.395975e-09,1.259308e-07,1.056406e-08,5.658243e-09,4.516688e-08,9.986669e-09,2.778032e-08,4.202830e-08,1.475502e-12,4.013042e-08,1.946594e-10,5.631293e-10,1.992002e-11,3.921843e-12,3.885994e-11,1.848474e-07,4.664328e-11
35.644531,4.118607e-10,1.217098e-08,6.005747e-07,2.758987e-07,1.432431e-11,3.805628e-08,2.445448e-09,1.419474e-08,5.364311e-09,2.335302e-07,1.991127e-08,1.729887e-08,7.038327e-08,9.474633e-09,1.591990e-08,8.713024e-08,4.040631e-12,2.989672e-08,5.762259e-11,4.880458e-10,1.262646e-11,3.507468e-12,2.824918e-11,1.062737e-07,4.230268e-11
35.693359,2.989303e-10,1.167904e-08,6.975407e-07,1.797001e-07,1.338238e-11,3.194227e-08,2.903757e-09,1.461702e-08,5.502967e-09,2.896526e-07,2.778081e-08,2.047998e-08,6.508565e-08,5.859778e-09,1.179753e-08,9.297669e-08,5.706403e-12,3.436867e-09,8.559885e-11,2.680624e-09,2.309585e-11,7.678857e-12,1.415004e-11,6.026147e-08,2.691252e-11
35.742188,1.847083e-10,1.192598e-08,7.389800e-07,1.052976e-07,1.137621e-11,2.331122e-08,3.643928e-09,1.938093e-08,8.413788e-09,2.910961e-07,3.473210e-08,1.760226e-08,4.672029e-08,8.977847e-09,2.420327e-08,9.557219e-08,7.288447e-12,1.941710e-08,1.221516e-10,1.984817e-09,2.683613e-11,6.299774e-12,1.055286e-11,1.504549e-07,3.776443e-11
35.791016,1.273541e-10,1.197739e-08,6.603633e-07,1.413126e-07,8.334839e-12,1.420698e-08,4.188356e-09,2.317279e-08,9.883232e-09,2.640543e-07,3.984165e-08,1.643851e-08,3.200221e-08,9.797648e-09,1.639617e-08,8.574041e-08,9.320928e-12,9.807949e-09,4.485267e-11,8.518243e-10,1.264945e-11,1.727015e-12,3.264114e-11,1.132649e-07,6.174275e-11
35.839844,1.792336e-10,1.159647e-08,4.865777e-07,2.886114e-07,4.150260e-12,5.933193e-09,4.259208e-09,2.558449e-08,9.463221e-09,2.105217e-07,3.952112e-08,1.476111e-08,4.774074e-08,9.545075e-09,7.820216e-09,1.003146e-07,4.840524e-12,1.430761e-08,1.245569e-10,1.365731e-09,1.255597e-11,5.835984e-13,3.504171e-11,2.775665e-08,5.509602e-11
35.888672,2.616357e-10,1.140212e-08,2.916394e-07,4.434194e-07,2.364019e-12,1.349490e-09,3.850264e-09,2.604769e-08,1.011271e-08,1.669244e-07,3.902892e-08,1.866720e-08,4.659041e-08,8.996827e-09,3.329185e-08,6.992002e-08,6.297066e-12,1.126789e-08,5.781843e-11,8.438740e-10,8.790742e-12,1.120614e-12,2.939564e-11,1.846910e-08,2.979566e-11
35.937500,4.411988e-10,1.205147e-08,1.616534e-07,5.511394e-07,8.312717e-12,7.464290e-09,3.292261e-09,2.364839e-08,1.421104e-08,1.672746e-07,4.330020e-08,2.965692e-08,2.374622e-08,6.602140e-09,5.888541e-08,8.931601e-08,6.031937e-12,5.324677e-09,1.758176e-10,1.084967e-09,2.695266e-11,2.532838e-12,2.072548e-11,1.843473e-07,3.309889e-11
35.986328,7.024430e-10,1.308021e-08,1.499398e-07,5.877480e-07,1.500795e-11,1.131840e-08,3.112874e-09,1.857869e-08,2.049577e-08,1.861231e-07,4.108989e-08,3.778687e-08,2.011469e-08,6.660449e-09,9.029284e-08,9.025417e-08,2.081561e-12,2.594092e-09,1.912994e-10,1.199566e-09,1.366354e-11,2.108904e-12,1.616630e-11,2.961223e-07,5.965860e-11
36.035156,9.199720e-10,1.331065e-08,2.248441e-07,5.552239e-07,2.055826e-11,1.190625e-08,3.278676e-09,1.203162e-08,2.516582e-08,2.154774e-07,3.437384e-08,4.319907e-08,3.972638e-08,1.624838e-08,1.022832e-07,8.975673e-08,6.771777e-12,8.009551e-09,1.934183e-10,8.134992e-10,2.558260e-11,3.478626e-12,8.585568e-12,1.384545e-07,6.364771e-11
36.083984,9.830105e-10,1.200902e-08,3.608689e-07,4.667341e-07,2.325585e-11,1.067653e-08,3.174484e-09,7.264395e-09,2.542253e-08,2.340092e-07,3.308093e-08,4.291292e-08,4.729316e-08,3.066383e-08,8.606088e-08,1.179375e-07,3.848503e-12,1.252255e-08,1.225067e-10,6.275835e-10,6.527065e-12,7.538071e-13,1.597010e-11,7.851041e-08,4.161023e-11
36.132812,8.810327e-10,9.336678e-09,5.225080e-07,3.322807e-07,2.337614e-11,1.204258e-08,2.530475e-09,1.018852e-08,2.136496e-08,2.169002e-07,2.571677e-08,2.788470e-08,2.143764e-08,3.631404e-08,4.661160e-08,6.903934e-08,1.705824e-12,9.383589e-09,2.272049e-10,4.649024e-10,1.280151e-11,2.712656e-12,1.646992e-11,4.579024e-08,2.464734e-11
36.181641,7.753259e-10,6.200958e-09,6.640371e-07,1.599469e-07,2.193030e-11,1.565284e-08,1.731618e-09,1.189584e-08,1.494549e-08,1.859278e-07,9.723757e-09,1.400943e-08,2.266865e-08,2.353120e-08,4.292355e-08,2.969447e-08,3.814263e-12,1.035656e-08,3.068604e-10,7.520403e-10,2.396637e-11,1.943844e-12,1.303031e-11,1.346951e-07,3.766068e-11
36.230469,8.882650e-10,3.714861e-09,7.494508e-07,8.035295e-08,1.997584e-11,1.711121e-08,1.497417e-09,8.683776e-09,8.878588e-09,1.797495e-07,1.270170e-08,3.093661e-08,4.054650e-08,9.703314e-09,8.042763e-08,5.969334e-08,5.990510e-12,1.704527e-08,1.284407e-10,4.293947e-10,2.841440e-11,1.605506e-12,8.683208e-12,1.723254e-07,4.428731e-11
36.279297,1.108007e-09,2.124908e-09,7.570739e-07,2.717376e-07,1.876449e-11,1.507228e-08,1.608271e-09,8.631779e-09,5.896668e-09,1.709954e-07,2.211531e-08,4.960989e-08,2.972840e-08,2.486857e-08,8.190175e-08,3.920601e-08,1.051947e-11,2.950520e-08,7.144336e-11,3.485293e-10,2.925151e-11,3.074021e-12,1.179109e-11,1.817708e-07,6.129577e-11
36.328125,1.204080e-09,3.952558e-10,6.801736e-07,4.361407e-07,1.813194e-11,1.176555e-08,1.435065e-09,1.040288e-08,3.403743e-09,1.451922e-07,2.302910e-08,5.202325e-08,7.244538e-09,2.990808e-08,5.579647e-08,4.523587e-08,1.061062e-11,3.032496e-08,1.408835e-10,7.019090e-10,1.488993e-11,2.687494e-12,1.303630e-11,8.704124e-08,5.365346e-11
36.376953,1.092928e-09,2.487681e-09,5.286216e-07,5.266638e-07,1.765666e-11,1.030292e-08,9.441421e-10,8.121332e-09,2.734670e-09,8.895646e-08,1.417078e-08,4.616194e-08,2.375205e-08,2.171124e-08,3.408029e-08,9.069568e-08,5.311890e-12,4.683251e-08,1.996834e-10,1.632669e-09,2.185304e-11,1.008849e-12,2.249976e-11,1.215126e-07,2.105204e-11
36.425781,8.179869e-10,6.029523e-09,3.314496e-07,5.452635e-07,1.712966e-11,9.802489e-09,7.455359e-10,6.600333e-09,1.061944e-08,9.429509e-08,3.066313e-09,3.984606e-08,5.373941e-08,2.121004e-08,5.572694e-08,9.068439e-08,2.001427e-12,5.244052e-08,1.325307e-10,9.812504e-10,1.913611e-11,2.546208e-12,7.274209e-12,1.019777e-07,7.269507e-12
36.474609,4.900689e-10,9.793223e-09,1.560800e-07,5.437165e-07,1.570897e-11,8.222873e-09,1.396556e-09,7.292758e-09,1.645208e-08,2.417265e-07,1.171731e-08,2.002640e-08,7.288518e-08,1.730976e-08,7.166811e-08,7.726997e-08,3.159527e-12,3.281049e-08,1.630976e-10,5.749846e-10,3.526347e-11,3.249814e-12,1.526622e-11,1.102161e-07,2.660321e-11
36.523438,2.237332e-10,1.319703e-08,1.828056e-07,5.763550e-07,1.290305e-11,6.329603e-09,1.972127e-09,1.093286e-08,1.849467e-08,3.104233e-07,1.351843e-08,2.371925e-08,8.187642e-08,7.008801e-09,9.437064e-08,3.451774e-08,5.494255e-12,8.347900e-09,1.379767e-10,6.223284e-10,2.250733e-11,7.180441e-12,7.268716e-12,9.358019e-08,1.931444e-11
36.572266,8.835688e-11,1.566831e-08,2.935018e-07,6.246355e-07,7.585885e-12,5.204823e-09,2.121743e-09,1.356094e-08,1.826297e-08,2.534337e-07,1.509564e-08,3.750930e-08,6.798928e-08,1.201691e-08,7.542648e-08,4.009322e-08,3.692112e-12,1.562864e-08,1.604522e-10,7.783006e-10,1.947463e-11,7.235664e-12,1.039785e-11,1.265279e-07,4.227353e-11
36.621094,7.500801e-11,1.665352e-08,3.391517e-07,6.301917e-07,4.587017e-12,4.020555e-09,2.071582e-09,1.131278e-08,1.634911e-08,1.364607e-07,2.397580e-08,3.846112e-08,4.832418e-08,2.497765e-08,8.264428e-08,7.815110e-08,1.160936e-12,1.547802e-08,1.851813e-10,6.949729e-10,1.918524e-11,4.207020e-12,9.666106e-12,1.440169e-07,3.613269e-11
36.669922,1.437608e-10,1.581387e-08,3.030896e-07,5.685801e-07,9.206740e-12,3.007858e-09,2.187873e-09,1.396323e-08,1.653171e-08,2.495058e-08,3.056364e-08,3.201208e-08,6.045128e-08,2.796369e-08,8.042799e-08,7.127463e-08,2.481930e-12,1.549384e-08,9.530628e-11,1.765621e-09,1.206036e-11,1.353658e-12,4.871955e-12,2.321952e-07,3.424077e-11
36.718750,2.502275e-10,1.334100e-08,2.116082e-07,4.621425e-07,1.272410e-11,3.828536e-09,2.323921e-09,1.927560e-08,2.302704e-08,7.081402e-08,2.839057e-08,2.786484e-08,5.011162e-08,1.975327e-08,2.419780e-08,8.315895e-08,3.718833e-12,1.418620e-08,9.955390e-11,9.763267e-10,5.037694e-12,2.652015e-12,4.879973e-12,1.861221e-07,3.536172e-11
36.767578,3.558087e-10,1.020937e-08,1.462495e-07,3.532759e-07,1.329003e-11,4.888820e-09,2.214837e-09,1.703423e-08,2.723940e-08,1.171622e-07,1.952574e-08,2.718690e-08,4.709944e-08,3.970198e-09,4.699838e-08,7.018667e-08,5.652780e-12,1.241787e-08,1.035539e-10,9.457907e-10,1.884239e-11,1.369526e-12,7.599483e-12,2.574581e-07,1.767650e-11
36.816406,4.565074e-10,8.158137e-09,2.078285e-07,2.646116e-07,8.987831e-12,5.038631e-09,1.925701e-09,8.715974e-09,2.470125e-08,1.160456e-07,1.246969e-08,2.427580e-08,5.290246e-08,1.383332e-08,8.068655e-08,5.664122e-08,5.160878e-12,1.446659e-08,5.123343e-11,1.233202e-09,1.910502e-11,2.592433e-12,1.121406e-11,1.850459e-07,5.700166e-12
36.865234,5.682872e-10,8.219182e-09,3.195497e-07,1.811737e-07,4.038554e-12,4.913277e-09,1.636687e-09,1.609176e-09,1.878352e-08,1.592800e-07,1.311076e-08,2.142988e-08,4.407657e-08,1.326484e-08,6.889346e-08,6.917252e-08,3.013873e-12,1.953686e-08,4.100113e-11,9.973556e-10,2.703669e-11,2.214177e-12,7.627192e-12,1.540632e-07,1.395545e-11
36.914062,7.032674e-10,8.984052e-09,4.341656e-07,8.187512e-08,6.796471e-12,5.391457e-09,1.537443e-09,4.239307e-09,1.232230e-08,1.982117e-07,1.594086e-08,1.520928e-08,2.160453e-08,9.779165e-09,5.666770e-08,7.494684e-08,3.748844e-12,1.575395e-08,1.261194e-10,5.776659e-10,1.464134e-11,1.358687e-12,8.006032e-12,1.465829e-07,3.617077e-11
36.962891,8.557822e-10,8.967557e-09,5.498338e-07,3.589964e-08,1.008566e-11,6.203931e-09,1.895490e-09,7.523339e-09,6.744802e-09,1.840611e-07,2.076207e-08,8.898395e-09,1.973762e-08,7.516141e-09,2.012624e-08,1.033882e-07,4.589769e-12,7.330225e-09,1.135694e-10,4.484249e-10,7.754650e-12,3.467508e-12,1.246333e-11,5.310998e-08,4.582320e-11
37.011719,1.004918e-09,7.843132e-09,6.622031e-07,1.415709e-07,9.747098e-12,7.084029e-09,2.502411e-09,9.872759e-09,7.123185e-09,1.675477e-07,3.170525e-08,1.920656e-08,2.975909e-08,6.892712e-09,3.562196e-08,1.072022e-07,5.564767e-12,3.608298e-09,3.568692e-11,8.709927e-10,2.553158e-11,2.907966e-12,1.261313e-11,1.021976e-07,2.914206e-11
37.060547,1.129750e-09,5.921483e-09,7.609841e-07,2.228692e-07,7.264960e-12,8.188270e-09,2.873057e-09,9.691788e-09,8.113518e-09,1.630840e-07,3.672418e-08,2.339071e-08,2.034711e-08,1.119764e-08,2.419331e-08,6.758578e-08,5.733560e-12,1.504256e-09,1.411265e-11,4.615034e-10,1.636174e-11,2.771360e-12,1.409312e-11,8.879051e-08,1.127777e-11
37.109375,1.225300e-09,3.746858e-09,8.375385e-07,2.741968e-07,6.216048e-12,8.804838e-09,2.790842e-09,7.808906e-09,6.716758e-09,1.320609e-07,2.800782e-08,1.874757e-08,2.398392e-08,8.617761e-09,5.198122e-08,5.495700e-08,4.029514e-12,8.089598e-09,3.520154e-11,1.416323e-09,1.177139e-11,4.749328e-12,1.564774e-11,1.838264e-07,1.929398e-11
37.158203,1.305768e-09,2.067897e-09,8.833790e-07,3.072536e-07,8.256295e-12,7.782405e-09,2.378687e-09,5.818505e-09,2.878205e-09,6.636161e-08,2.294047e-08,6.738400e-09,3.994256e-08,1.611913e-09,6.807717e-08,5.550751e-08,5.184748e-12,7.395685e-09,7.125450e-11,1.557537e-09,4.933888e-12,3.564216e-12,1.815178e-11,1.387491e-07,3.626470e-11
37.207031,1.387180e-09,1.871205e-09,8.848353e-07,3.308205e-07,9.393260e-12,5.277904e-09,1.889012e-09,4.258652e-09,3.668180e-09,8.796217e-08,3.101939e-08,2.010383e-08,3.234331e-08,6.638753e-09,7.021205e-08,8.240932e-08,5.441268e-12,1.517452e-08,7.177193e-11,1.975452e-09,1.555098e-11,5.750743e-13,9.670750e-12,1.267853e-07,1.516362e-11
37.255859,1.463050e-09,2.503709e-09,8.276696e-07,3.335337e-07,7.743626e-12,4.541211e-09,1.424659e-09,6.541230e-09,9.542780e-09,1.688130e-07,3.226091e-08,3.050730e-08,1.674744e-08,6.799618e-09,5.372441e-08,1.078337e-07,8.263255e-12,2.509266e-08,3.765318e-11,1.528779e-09,7.898567e-12,1.876643e-12,8.743909e-12,1.320251e-07,1.436621e-11
37.304688,1.500164e-09,3.332608e-09,7.109443e-07,2.941943e-07,4.571163e-12,7.090269e-09,9.584744e-10,8.409927e-09,1.155599e-08,2.094765e-07,2.789230e-08,2.841701e-08,1.501033e-08,7.675460e-09,3.950518e-08,1.483258e-07,7.637528e-12,2.271356e-08,7.688124e-11,5.681561e-10,7.222679e-12,3.965187e-12,1.168078e-11,1.027352e-07,2.175821e-11
37.353516,1.463684e-09,4.717328e-09,5.578181e-07,2.048458e-07,6.533854e-13,9.190384e-09,5.473122e-10,5.997420e-09,9.938540e-09,2.288590e-07,2.393519e-08,1.892515e-08,2.161988e-08,8.241451e-09,5.288586e-08,1.533903e-07,1.674435e-12,2.143080e-08,4.405864e-11,1.547825e-09,1.317945e-11,1.543603e-12,8.008948e-12,1.946626e-07,3.068451e-11
37.402344,1.346758e-09,6.481805e-09,4.141952e-07,8.378371e-08,5.124457e-12,9.768833e-09,3.483582e-10,5.679255e-09,5.934650e-09,2.214810e-07,2.458841e-08,1.659999e-08,2.422948e-08,5.174473e-09,6.701041e-08,5.786192e-08,5.532528e-12,2.545789e-08,5.174716e-11,1.482541e-09,2.587288e-11,1.501314e-12,1.136406e-11,1.412920e-07,1.661640e-11
37.451172,1.183093e-09,7.966257e-09,3.260409e-07,5.133553e-08,8.909899e-12,9.183701e-09,4.259426e-10,1.023674e-08,1.055648e-09,1.566429e-07,2.589750e-08,1.461792e-08,1.725916e-08,9.414878e-09,7.970815e-08,3.352880e-08,1.091319e-11,3.423393e-08,5.044091e-11,6.674053e-10,2.926902e-11,2.233695e-12,2.170420e-12,1.064033e-07,1.830337e-11
37.500000,1.028663e-09,8.733859e-09,2.889452e-07,1.300362e-07,1.250872e-11,8.038461e-09,5.712676e-10,1.097056e-08,7.690390e-09,5.705013e-08,1.988896e-08,1.171225e-08,7.050763e-09,8.340621e-09,8.872722e-08,5.438860e-08,9.926811e-12,3.742290e-08,4.983719e-11,1.562719e-09,1.120015e-11,1.475998e-12,3.487756e-12,1.374506e-07,3.087740e-11
37.548828,9.134826e-10,8.947615e-09,2.511818e-07,1.579187e-07,1.589658e-11,7.031976e-09,6.830540e-10,6.829991e-09,1.237746e-08,2.500368e-08,1.375786e-08,9.365708e-09,1.689235e-08,7.205227e-09,7.491484e-08,4.113577e-08,6.130847e-12,4.188888e-08,7.421296e-11,1.363541e-09,1.215152e-11,2.526076e-12,1.769507e-12,1.040828e-07,2.908291e-11
37.597656,8.126616e-10,9.210773e-09,1.822141e-07,1.408435e-07,1.880905e-11,6.661809e-09,8.553640e-10,5.939667e-10,1.407879e-08,5.406865e-08,1.537779e-08,1.051725e-08,2.221098e-08,4.057500e-09,2.395197e-08,4.654103e-08,5.281926e-12,3.517383e-08,7.726387e-11,1.206824e-09,2.028863e-11,6.745950e-13,3.044241e-12,1.635922e-07,4.853004e-11
37.646484,6.891745e-10,9.757262e-09,8.873784e-08,1.061637e-07,2.059882e-11,6.340475e-09,1.148831e-09,6.515841e-09,1.357317e-08,3.791766e-08,1.467321e-08,1.624101e-08,1.987618e-08,2.977209e-09,3.371832e-08,4.287285e-08,5.558890e-12,1.839321e-08,7.455663e-11,9.083477e-10,1.568305e-11,3.397030e-12,1.245194e-12,1.196880e-07,1.730789e-11
37.695312,5.436315e-10,1.002242e-08,5.395396e-08,1.113952e-07,1.947134e-11,5.217604e-09,1.443184e-09,1.170256e-08,1.056403e-08,3.887006e-08,1.129784e-08,2.032417e-08,2.167239e-08,4.183442e-09,6.774876e-08,8.449479e-08,4.672142e-12,2.292118e-08,6.649725e-11,1.918882e-10,8.578451e-12,2.112183e-12,3.376211e-12,1.918917e-08,1.466654e-11
37.744141,4.017358e-10,9.368075e-09,1.414395e-07,1.953783e-07,1.606343e-11,3.442396e-09,1.655006e-09,1.493925e-08,5.353571e-09,6.656545e-08,6.855152e-09,1.617863e-08,3.262840e-08,5.167163e-09,8.076266e-08,5.891204e-08,4.731601e-12,2.518797e-08,6.160285e-11,7.411752e-10,1.124569e-11,7.362558e-13,7.482738e-12,7.077531e-08,1.921719e-11
37.792969,2.685955e-10,7.860767e-09,2.279905e-07,2.942738e-07,1.215150e-11,1.986792e-09,1.825607e-09,1.515550e-08,1.910337e-10,5.791931e-08,8.811436e-09,9.306615e-09,4.246271e-08,1.155230e-08,6.232982e-08,5.789473e-08,4.650616e-12,2.035755e-08,1.044062e-10,1.002437e-09,9.581348e-12,6.589223e-13,3.364457e-12,9.891161e-08,1.773441e-11
37.841797,1.220435e-10,6.508286e-09,3.153260e-07,3.431007e-07,1.059281e-11,1.394119e-09,2.022211e-09,1.320958e-08,3.074462e-09,2.792886e-08,1.851641e-08,7.279991e-09,4.297921e-08,1.590327e-08,2.606847e-08,7.203518e-08,3.019604e-12,1.951384e-08,1.179087e-10,8.360213e-10,5.134440e-12,2.304505e-12,5.391260e-12,1.222289e-07,1.676878e-11
37.890625,6.090091e-11,6.466628e-09,4.168447e-07,3.059577e-07,9.988604e-12,1.102935e-09,2.222703e-09,1.344847e-08,4.452511e-09,1.996167e-09,2.668297e-08,9.304510e-09,3.735918e-08,1.814682e-08,1.996195e-08,6.957321e-08,1.044646e-12,2.192200e-08,1.196921e-10,1.016452e-09,6.708959e-12,2.090316e-12,4.579858e-12,1.941793e-08,4.945873e-12
37.939453,2.153447e-10,7.221207e-09,5.211886e-07,1.938152e-07,1.059972e-11,1.512955e-09,2.295800e-09,1.558920e-08,6.497035e-09,5.731284e-08,3.082650e-08,9.546389e-09,2.869496e-08,2.411374e-08,6.940698e-08,2.922367e-08,7.929034e-13,2.039497e-08,1.056336e-10,9.604311e-10,6.422163e-12,1.845953e-12,5.145341e-12,8.508356e-08,2.526842e-11
37.988281,3.235822e-10,7.542116e-09,5.916315e-07,5.984643e-08,1.189026e-11,2.736284e-09,2.114928e-09,1.611021e-08,9.846203e-09,1.177806e-07,2.969405e-08,5.921217e-09,1.579778e-08,2.934370e-08,1.045373e-07,5.544735e-08,3.299123e-12,1.644770e-08,9.962718e-11,7.156056e-10,1.424894e-11,2.371223e-12,1.291856e-11,6.516465e-08,2.823727e-11
38.037109,3.693669e-10,7.032448e-09,5.933943e-07,4.409522e-08,1.247345e-11,4.066882e-09,1.747905e-09,1.492286e-08,1.248362e-08,1.356095e-07,2.280515e-08,8.843992e-09,1.545058e-08,2.355955e-08,8.667471e-08,4.759715e-08,2.922506e-12,1.595566e-08,8.148261e-11,8.515323e-10,1.127849e-11,1.803047e-12,8.820590e-12,3.729692e-08,1.773856e-11
38.085938,3.944712e-10,5.967402e-09,5.215011e-07,9.968756e-08,1.213543e-11,4.656388e-09,1.576308e-09,1.249326e-08,1.249312e-08,1.113202e-07,1.380040e-08,1.460186e-08,2.650720e-08,1.113326e-08,4.630847e-08,6.764745e-08,1.524922e-13,1.957201e-08,4.614088e-11,1.297314e-09,3.684211e-12,2.705541e-12,1.312369e-11,5.992329e-08,1.796508e-11
38.134766,4.568717e-10,4.772259e-09,4.168233e-07,1.616819e-07,1.139776e-11,3.711459e-09,1.872769e-09,9.521037e-09,1.018711e-08,1.036809e-07,1.191280e-08,1.459642e-08,2.116190e-08,1.132118e-08,1.881815e-08,1.124906e-07,2.587605e-12,2.655941e-08,9.591933e-12,1.395540e-09,2.070443e-11,1.759973e-12,5.480289e-12,1.016876e-07,1.501177e-11
38.183594,5.497237e-10,3.649580e-09,3.595353e-07,2.334161e-07,1.057882e-11,1.269823e-09,2.362502e-09,8.600584e-09,8.240672e-09,1.220441e-07,1.417634e-08,1.544858e-08,3.321172e-09,1.267220e-08,3.689928e-08,1.056098e-07,5.203724e-12,2.427279e-08,5.555636e-11,3.271329e-10,2.490212e-11,6.125212e-13,1.506292e-11,7.830825e-08,9.973687e-12
38.232422,6.232082e-10,2.575821e-09,3.931742e-07,2.688674e-07,7.938086e-12,2.679067e-09,2.792705e-09,9.556934e-09,8.925671e-09,1.243551e-07,1.388929e-08,2.157958e-08,9.419473e-09,1.380758e-08,4.629109e-08,4.565319e-08,6.638268e-12,2.092413e-08,2.509084e-11,8.915765e-10,2.072714e-11,3.155536e-12,1.287649e-11,1.201408e-07,1.205920e-11
38.281250,6.477657e-10,1.527858e-09,4.734628e-07,2.574170e-07,4.217875e-12,6.045151e-09,2.964692e-09,9.670431e-09,1.106277e-08,9.223454e-08,1.504705e-08,2.677938e-08,1.002775e-08,1.759239e-08,4.592655e-08,6.282117e-09,3.826211e-12,1.442859e-08,5.818038e-11,5.056104e-10,1.667279e-11,2.860453e-12,5.651530e-12,1.770479e-07,1.986375e-11
38.330078,6.213968e-10,5.414217e-10,5.620242e-07,2.403857e-07,4.516604e-12,8.887525e-09,2.635586e-09,8.534284e-09,1.088644e-08,4.429856e-08,2.127744e-08,2.655502e-08,1.285335e-08,1.665855e-08,3.664762e-08,7.687161e-08,3.045784e-12,6.724999e-09,9.115360e-11,8.183594e-10,1.631221e-11,2.584707e-12,9.529742e-12,1.171295e-07,1.204823e-11
38.378906,5.533469e-10,4.523297e-10,6.371653e-07,2.454731e-07,8.114553e-12,1.121725e-08,1.763830e-09,6.582690e-09,7.291537e-09,8.282022e-08,2.866306e-08,2.741521e-08,1.382502e-08,9.708679e-09,2.292030e-08,1.133542e-07,6.303788e-13,1.740986e-08,6.571859e-11,1.028499e-09,1.283037e-11,1.094922e-12,1.118900e-11,9.314871e-08,2.121305e-11
38.427734,4.550675e-10,1.355258e-09,6.690179e-07,2.473386e-07,1.022216e-11,1.262109e-08,8.316951e-10,3.716500e-09,6.606655e-09,1.421641e-07,2.957527e-08,2.538372e-08,1.227554e-08,3.118515e-09,2.013841e-08,1.258612e-07,3.049865e-12,1.773931e-08,3.647904e-11,1.466205e-10,1.011302e-11,8.628721e-13,6.789507e-12,3.661818e-08,3.147332e-11
38.476562,3.418482e-10,2.129246e-09,6.401094e-07,2.402584e-07,1.155875e-11,1.209780e-08,8.247720e-10,7.745130e-10,8.892094e-09,2.027203e-07,2.187417e-08,2.290538e-08,2.194899e-08,6.408227e-09,8.419071e-09,8.904400e-08,2.673055e-12,8.846572e-09,3.901639e-11,1.071055e-09,1.985161e-11,2.039135e-12,4.075277e-12,1.153872e-07,1.845157e-11
38.525391,2.339522e-10,2.602237e-09,5.772924e-07,2.388678e-07,1.280113e-11,9.166469e-09,7.550951e-10,2.090866e-09,7.840610e-09,2.673234e-07,1.641816e-08,2.225948e-08,3.742602e-08,1.312482e-08,1.868535e-08,3.664959e-08,7.366951e-13,5.247350e-09,7.203761e-11,7.051027e-10,1.864665e-11,8.485018e-13,5.281395e-12,7.590860e-08,2.199126e-12
38.574219,1.530589e-10,2.723190e-09,5.443769e-07,2.277752e-07,1.577026e-11,4.854725e-09,1.022623e-10,5.019845e-09,5.037227e-09,2.979888e-07,1.846411e-08,1.785340e-08,4.513625e-08,1.223879e-08,2.556000e-08,1.592975e-09,3.422547e-12,4.996850e-09,4.604554e-11,3.399192e-10,8.930338e-12,2.892800e-13,2.555730e-12,1.277530e-07,1.872406e-11
38.623047,1.163934e-10,2.621075e-09,5.650166e-07,2.160156e-07,1.666994e-11,3.098786e-09,1.275587e-09,9.079575e-09,3.146020e-09,2.688505e-07,1.673862e-08,1.753702e-08,3.396297e-08,8.269761e-09,2.852776e-08,2.141066e-08,6.109408e-12,9.812183e-09,3.272438e-11,2.444509e-10,6.272096e-12,2.937519e-12,8.084764e-12,1.758440e-07,1.272266e-11
38.671875,1.297114e-10,2.445483e-09,5.887405e-07,2.713369e-07,1.472317e-11,4.936277e-09,2.282372e-09,1.192733e-08,1.299473e-09,2.012190e-07,1.286670e-08,1.989097e-08,1.992250e-08,6.306322e-09,3.852149e-08,7.223723e-09,4.874323e-12,1.774238e-08,6.145415e-11,4.036458e-10,5.195860e-12,1.337828e-12,1.257674e-11,7.249895e-08,2.297115e-11
38.720703,1.832567e-10,2.160157e-09,5.725476e-07,3.627299e-07,9.099360e-12,5.208882e-09,2.713824e-09,1.201978e-08,8.888830e-10,1.472390e-07,9.432282e-09,1.627543e-08,1.791923e-08,2.823686e-09,2.087659e-08,1.986011e-08,3.095980e-12,2.387763e-08,8.354093e-11,4.915374e-10,6.972258e-12,1.708340e-12,8.773567e-12,6.084062e-08,1.167378e-11
38.769531,2.671084e-10,1.664174e-09,5.174710e-07,3.991549e-07,2.466652e-12,3.671423e-09,2.627621e-09,9.808942e-09,2.534193e-09,1.367180e-07,8.139185e-09,1.079163e-08,3.965053e-09,7.005523e-09,3.337894e-08,3.008403e-08,2.770910e-12,1.632326e-08,7.189130e-11,6.300211e-10,1.649104e-11,1.738665e-12,5.742270e-12,1.402634e-07,6.810511e-12
38.818359,3.660570e-10,1.098535e-09,4.386424e-07,3.462032e-07,6.779817e-12,1.576177e-09,2.362920e-09,6.917736e-09,2.746118e-09,1.496145e-07,1.031733e-08,9.823002e-09,1.327110e-08,1.147730e-08,7.473007e-08,2.829674e-08,4.606306e-12,1.121599e-08,6.197558e-11,7.756871e-10,1.448290e-11,1.207124e-12,2.908099e-12,1.046952e-07,1.422228e-11
38.867188,4.557721e-10,9.358299e-10,3.436891e-07,2.346545e-07,1.288839e-11,1.062940e-09,2.156945e-09,5.351174e-09,4.335090e-10,1.678876e-07,7.118104e-09,8.737221e-09,1.957219e-08,1.233895e-08,8.132602e-08,5.105178e-08,8.473094e-12,1.493949e-08,1.769935e-11,6.529144e-10,1.554530e-11,5.225773e-13,4.036973e-12,7.942326e-08,1.827928e-11
38.916016,5.141630e-10,1.129474e-09,2.732145e-07,1.308980e-07,1.537316e-11,2.869254e-09,2.010038e-09,5.632481e-09,4.754448e-09,1.796133e-07,1.525193e-09,9.638256e-09,1.797465e-08,1.350654e-08,5.816851e-08,7.694387e-08,8.464989e-12,1.862852e-08,5.919461e-11,6.809173e-10,1.098334e-11,3.450577e-12,6.521629e-12,6.176513e-08,1.719835e-11
38.964844,5.374410e-10,1.252887e-09,3.221675e-07,1.001262e-07,1.540152e-11,4.781050e-09,1.879749e-09,6.712489e-09,9.126831e-09,1.807899e-07,8.440007e-09,1.600199e-08,2.248611e-08,1.780289e-08,7.301418e-08,6.154706e-08,3.612956e-12,1.947073e-08,9.750949e-12,5.920632e-10,1.965791e-12,3.002764e-12,9.017437e-12,8.391362e-08,2.668932e-11
39.013672,5.460943e-10,1.444387e-09,4.484320e-07,1.823774e-07,1.424661e-11,6.009748e-09,1.713951e-09,7.031504e-09,1.090450e-08,1.911018e-07,1.012858e-08,2.500034e-08,2.675383e-08,1.872327e-08,8.223270e-08,3.880883e-08,2.034042e-12,1.655911e-08,1.559130e-11,3.138324e-10,1.317036e-12,3.625471e-12,4.409058e-12,7.391391e-08,2.989817e-11
39.062500,5.650932e-10,1.804205e-09,5.450938e-07,3.327605e-07,1.256256e-11,6.130387e-09,1.411487e-09,6.025646e-09,1.022382e-08,2.234121e-07,8.578572e-09,3.317882e-08,2.291554e-08,1.870574e-08,5.347955e-08,4.894057e-08,1.872872e-12,3.469730e-09,4.325227e-11,2.848859e-10,4.753115e-12,2.492106e-12,3.105917e-12,1.093637e-07,2.024541e-11
39.111328,5.892232e-10,2.007220e-09,5.736050e-07,4.829410e-07,1.057491e-11,5.393855e-09,9.606716e-10,6.741394e-09,8.059723e-09,2.481643e-07,8.046980e-09,3.595408e-08,1.589593e-08,2.003156e-08,1.579418e-08,8.782273e-08,6.906682e-13,7.318607e-09,9.689081e-11,3.739819e-10,3.777864e-12,2.520398e-12,3.567154e-12,2.000789e-07,1.891778e-11
39.160156,5.862641e-10,1.783197e-09,5.467634e-07,5.776708e-07,7.740293e-12,4.672551e-09,6.072446e-10,8.793734e-09,4.709622e-09,2.357565e-07,9.848466e-09,2.949059e-08,1.517951e-08,1.634377e-08,1.427087e-08,1.046327e-07,5.060406e-13,1.073745e-08,8.755170e-11,3.496077e-10,2.589062e-12,1.147283e-12,1.675480e-12,1.850139e-07,1.205135e-11
39.208984,5.302202e-10,1.243015e-09,4.882036e-07,5.977968e-07,5.378931e-12,4.987660e-09,6.159888e-10,8.920274e-09,1.558660e-09,1.961728e-07,1.082794e-08,2.036751e-08,2.324439e-08,9.226785e-09,1.264651e-08,9.024799e-08,1.759398e-12,9.087259e-09,5.856665e-11,3.105380e-10,4.802700e-12,2.085743e-12,3.642913e-12,8.523682e-08,9.441072e-12
39.257812,4.218027e-10,1.085935e-09,3.971518e-07,5.552833e-07,5.988285e-12,5.766302e-09,6.461666e-10,7.166914e-09,3.693248e-09,1.819102e-07,8.913510e-09,1.367693e-08,2.553363e-08,2.261378e-09,2.103845e-08,5.976699e-08,1.455463e-12,5.794010e-09,2.904559e-11,3.747656e-10,8.425782e-12,1.226791e-12,5.705524e-12,9.567220e-08,1.726637e-11
39.306641,2.950326e-10,1.665800e-09,2.645891e-07,4.607857e-07,7.365671e-12,5.570302e-09,6.450213e-10,5.900625e-09,5.542302e-09,2.173360e-07,7.529310e-09,1.058008e-08,2.514263e-08,3.181844e-09,3.500920e-08,3.206511e-08,1.496701e-12,1.429533e-08,1.707907e-11,3.707164e-10,1.268132e-11,1.749561e-12,2.706327e-12,6.648115e-08,2.578236e-11
39.355469,2.314321e-10,2.423646e-09,1.531829e-07,3.095505e-07,7.852155e-12,4.106814e-09,7.597188e-10,7.097817e-09,5.858952e-09,2.484393e-07,1.062871e-08,1.011599e-08,4.051193e-08,5.400270e-09,1.409823e-08,1.186481e-08,1.214711e-12,9.611229e-09,4.469945e-11,4.584221e-10,6.096038e-12,2.999565e-12,4.799941e-12,9.131203e-08,1.832410e-11
39.404297,2.835717e-10,3.347948e-09,2.390836e-07,1.116690e-07,7.599981e-12,2.657348e-09,8.039542e-10,7.750098e-09,5.295407e-09,2.366627e-07,1.460101e-08,5.934329e-09,4.102053e-08,8.854193e-09,2.245815e-08,2.575236e-08,4.077044e-12,7.759989e-09,5.576747e-11,3.932010e-10,9.753986e-13,2.387547e-12,5.926369e-12,7.927725e-08,1.367467e-11
39.453125,3.599096e-10,4.511170e-09,3.733049e-07,1.183886e-07,9.684321e-12,2.866841e-09,7.666307e-10,5.806318e-09,4.366424e-09,1.975168e-07,1.590043e-08,1.357698e-09,2.620098e-08,9.819399e-09,4.991469e-08,4.880031e-08,7.110505e-12,1.437992e-08,6.318672e-11,9.800402e-11,1.336689e-12,1.610534e-12,2.970222e-12,2.422098e-08,1.487925e-11
39.501953,3.911648e-10,5.702289e-09,4.424605e-07,2.785144e-07,1.238226e-11,3.724378e-09,9.910707e-10,3.623562e-09,2.626372e-09,1.738377e-07,1.285017e-08,7.270433e-09,2.298982e-08,8.140455e-09,4.935445e-08,3.777654e-08,7.085998e-12,1.706889e-08,5.742759e-11,6.410649e-10,8.031184e-12,1.750104e-12,5.789339e-12,9.973771e-08,3.150925e-12
39.550781,3.599631e-10,6.613793e-09,4.394279e-07,3.580821e-07,1.283090e-11,4.183837e-09,1.382280e-09,3.872698e-09,1.927835e-09,1.557064e-07,6.358390e-09,9.103930e-09,2.032238e-08,7.297258e-09,2.945448e-08,2.485137e-08,6.435894e-12,1.799813e-08,5.548124e-11,5.802563e-10,3.444223e-12,2.854697e-12,3.626760e-12,5.344767e-08,2.497317e-11
39.599609,2.742429e-10,7.097356e-09,4.007452e-07,3.694468e-07,8.399197e-12,3.620174e-09,1.582474e-09,5.323833e-09,6.282523e-09,1.113298e-07,2.850187e-09,8.888783e-09,1.395607e-08,8.024402e-09,8.220719e-09,2.797277e-08,2.797662e-12,9.050385e-09,4.739476e-11,7.451932e-10,1.194528e-11,1.690245e-12,1.755452e-12,1.438041e-07,2.661803e-11
39.648438,1.581426e-10,7.204664e-09,3.697637e-07,3.575001e-07,2.860253e-12,2.662018e-09,1.457917e-09,8.021569e-09,9.221791e-09,1.036976e-07,6.456681e-09,5.614870e-09,1.048808e-08,5.157528e-09,3.596518e-08,3.455224e-08,2.775834e-12,1.527405e-08,3.444095e-11,9.456545e-10,8.204366e-12,8.530846e-13,3.522906e-12,1.190652e-07,2.195520e-11
39.697266,7.044169e-11,7.046741e-09,3.589884e-07,3.363943e-07,5.055190e-12,4.194784e-09,1.096737e-09,1.007391e-08,8.552861e-09,1.583270e-07,5.606023e-09,8.270538e-09,1.001963e-08,1.821880e-09,4.120632e-08,2.444671e-08,2.748538e-12,2.344495e-08,1.129210e-11,5.054740e-10,4.500362e-12,2.029627e-12,2.819402e-12,6.485524e-08,1.908334e-11
39.746094,1.329389e-10,6.647675e-09,3.544376e-07,2.916322e-07,9.217984e-12,6.151449e-09,6.942765e-10,1.130453e-08,5.971888e-09,1.853126e-07,3.928963e-09,9.991264e-09,1.026099e-08,5.588273e-09,1.977887e-08,1.600412e-08,3.867071e-12,1.721903e-08,9.837944e-12,3.024860e-10,8.936677e-13,4.426646e-13,2.938017e-12,5.465054e-08,1.412035e-11
39.794922,2.216068e-10,5.977597e-09,3.449636e-07,2.433402e-07,1.081731e-11,6.340497e-09,4.631895e-10,1.235754e-08,6.731242e-09,1.762071e-07,9.501063e-09,8.500540e-09,6.726684e-09,6.029187e-09,3.348367e-08,3.100795e-09,4.869049e-12,1.311981e-08,1.838554e-11,2.783684e-10,1.794623e-12,2.406490e-12,1.556364e-12,6.909727e-08,1.694206e-11
39.843750,2.943373e-10,5.115402e-09,3.251761e-07,2.296296e-07,9.603564e-12,5.076565e-09,6.760919e-10,1.233348e-08,1.043331e-08,1.484789e-07,1.391660e-08,1.239146e-08,5.316446e-09,6.829344e-09,4.754450e-08,1.555336e-08,5.236041e-12,1.662182e-08,1.291969e-11,3.011289e-10,2.455838e-12,1.314874e-12,2.477402e-12,1.030583e-07,1.252517e-11
39.892578,3.587277e-10,4.342412e-09,2.884325e-07,2.224091e-07,7.811769e-12,4.228487e-09,1.095705e-09,1.084094e-08,1.413515e-08,1.066203e-07,1.407290e-08,1.030815e-08,6.141230e-09,6.221808e-09,5.003064e-08,2.067172e-08,3.893699e-12,9.937261e-09,3.647964e-11,1.317081e-10,3.589068e-12,1.092676e-12,2.062558e-12,4.864555e-08,7.171677e-12
39.941406,4.152944e-10,3.975647e-09,2.321060e-07,1.876788e-07,6.818616e-12,4.200488e-09,1.409937e-09,7.820015e-09,1.585969e-08,9.631367e-08,1.015490e-08,9.753220e-09,3.702329e-09,2.724946e-09,2.766639e-08,4.492941e-08,1.960797e-12,9.406859e-09,2.937140e-11,5.270028e-11,4.087391e-12,2.302555e-13,5.580507e-12,4.777570e-08,5.927093e-12
39.990234,4.439731e-10,4.002961e-09,1.792392e-07,1.595903e-07,6.358575e-12,3.409219e-09,1.514134e-09,3.283444e-09,1.417793e-08,1.239593e-07,4.472343e-09,1.056775e-08,5.559388e-09,1.539255e-09,2.557616e-08,6.593572e-08,4.094080e-12,2.751223e-09,7.580962e-12,2.058026e-10,8.241661e-12,1.960342e-12,4.569339e-12,4.472320e-08,5.742467e-12
40.039062,4.199854e-10,4.131834e-09,2.094871e-07,1.705513e-07,5.984111e-12,1.505593e-09,1.409849e-09,2.832692e-09,9.655815e-09,1.208784e-07,1.426101e-09,1.885036e-09,1.899643e-08,6.238651e-09,3.734439e-08,7.019246e-08,6.020448e-12,1.515908e-09,1.850484e-11,1.254794e-10,8.168686e-12,2.178681e-12,4.151888e-12,6.605128e-08,1.255898e-11
40.087891,3.364097e-10,4.180600e-09,3.339389e-07,1.850697e-07,6.418794e-12,8.324034e-10,1.076662e-09,5.149216e-09,4.716909e-09,8.183192e-08,4.023534e-09,1.258303e-08,3.356489e-08,9.443981e-09,5.684708e-08,3.955011e-08,7.442588e-12,9.802749e-09,8.413698e-12,4.532983e-10,7.654574e-12,2.079316e-13,3.615555e-12,6.644468e-08,6.609674e-12
40.136719,2.153475e-10,4.136684e-09,4.745832e-07,1.985304e-07,6.384667e-12,2.511046e-09,6.123273e-10,5.630489e-09,3.174949e-09,4.320487e-08,4.973962e-09,2.256932e-08,3.816906e-08,8.205945e-09,7.746810e-08,5.884918e-09,5.818601e-12,1.296523e-08,1.020638e-11,4.282517e-10,4.773464e-12,2.446919e-12,1.890349e-12,7.222434e-08,7.695640e-12
40.185547,1.071758e-10,3.977462e-09,5.761992e-07,2.177253e-07,5.333717e-12,3.028674e-09,7.171425e-10,7.033481e-09,4.663220e-09,4.006508e-08,4.396441e-09,2.608628e-08,3.173428e-08,3.892082e-09,6.738411e-08,2.559914e-08,5.474395e-12,1.531515e-08,1.913086e-11,1.355880e-10,1.955757e-12,9.074571e-13,4.241819e-12,7.379568e-08,2.990530e-12
40.234375,7.678048e-11,3.605740e-09,6.101878e-07,2.027107e-07,2.534123e-12,2.325122e-09,1.165901e-09,7.964682e-09,5.370251e-09,5.519866e-08,4.675753e-09,2.641267e-08,1.951139e-08,1.586095e-09,4.078435e-08,2.353858e-08,4.458525e-12,9.253258e-09,4.619000e-11,1.418979e-10,5.463573e-12,1.907753e-12,1.849556e-12,6.515675e-08,2.082263e-12
40.283203,7.659146e-11,2.960832e-09,5.776412e-07,1.217986e-07,2.674779e-13,1.420970e-09,1.298507e-09,6.290274e-09,4.196311e-09,7.341546e-08,6.088459e-09,1.971970e-08,1.170797e-08,6.173393e-09,3.935920e-08,1.775169e-08,3.090465e-12,6.603703e-09,3.424148e-11,4.381146e-10,1.179884e-12,1.107180e-12,3.674027e-12,4.052365e-08,5.415035e-12
40.332031,4.738723e-11,2.131605e-09,5.039596e-07,4.303049e-08,2.582979e-12,2.665233e-09,1.060783e-09,3.274216e-09,2.926608e-09,8.656559e-08,5.467895e-09,8.920116e-09,9.349684e-09,6.103543e-09,4.189993e-08,6.698393e-09,3.783061e-12,5.026399e-09,1.628124e-11,6.829797e-10,3.574043e-12,2.481441e-12,6.718372e-12,3.573199e-08,4.187185e-12
40.380859,4.624697e-11,1.328857e-09,4.155474e-07,1.576802e-07,2.381330e-12,4.504298e-09,6.456177e-10,1.908582e-09,5.224607e-09,9.264636e-08,1.230046e-09,1.286756e-08,2.087488e-08,2.618420e-09,2.625192e-08,4.079049e-08,3.341367e-12,6.978018e-09,2.437978e-11,2.683268e-10,7.426219e-12,2.548493e-12,3.294460e-12,8.366446e-08,7.229491e-12
40.429688,8.111975e-11,8.449481e-10,3.160271e-07,2.334733e-07,2.904565e-12,5.814371e-09,2.561454e-10,1.801328e-09,6.944166e-09,8.985153e-08,6.132839e-09,1.372517e-08,3.411864e-08,5.267145e-09,5.290423e-09,5.554151e-08,2.465850e-12,1.590210e-09,3.169503e-11,6.044544e-10,2.527024e-12,2.598549e-12,1.278808e-12,6.912198e-08,1.046726e-11
40.478516,8.761369e-11,1.178811e-09,1.944452e-07,2.308701e-07,5.326162e-12,6.345599e-09,8.686326e-11,1.183724e-09,7.289664e-09,7.264880e-08,1.378241e-08,8.568400e-09,3.105851e-08,4.990209e-09,1.775733e-08,3.392303e-08,4.713004e-12,5.309257e-09,5.603272e-11,5.041987e-10,3.678598e-12,1.326495e-12,1.812157e-12,6.910653e-08,1.257041e-11
40.527344,6.128864e-11,2.124047e-09,6.436100e-08,1.642497e-07,6.191055e-12,6.196637e-09,3.023122e-10,1.007120e-09,7.149852e-09,5.579569e-08,1.861581e-08,1.382007e-09,2.486226e-08,1.920199e-09,3.561349e-08,3.118515e-08,7.175546e-12,5.684438e-09,3.889223e-11,1.275826e-10,6.185710e-12,1.533443e-12,1.186443e-12,9.422575e-08,1.269362e-11
40.576172,2.574748e-11,3.178272e-09,1.148806e-07,8.336268e-08,4.317699e-12,5.589024e-09,4.378653e-10,1.157076e-09,6.283856e-09,5.763545e-08,1.850110e-08,6.606240e-09,2.875503e-08,1.210769e-08,3.267206e-08,6.163085e-08,6.766489e-12,7.373552e-09,1.842295e-11,1.915564e-10,5.001351e-12,1.162798e-12,1.666514e-12,4.996883e-08,1.570210e-11
40.625000,3.675466e-11,3.949771e-09,2.220110e-07,9.905726e-08,3.738391e-13,4.630359e-09,4.456949e-10,1.166326e-09,4.948565e-09,5.990204e-08,1.496118e-08,9.408423e-09,2.434216e-08,1.926005e-08,1.260834e-08,4.153550e-08,3.876622e-12,1.462254e-09,5.860061e-12,3.400613e-10,2.124815e-12,2.315449e-12,1.077853e-12,4.810112e-08,2.522499e-11
40.673828,9.242467e-11,4.163544e-09,2.818167e-07,1.763801e-07,6.653418e-12,3.369664e-09,3.617045e-10,1.281217e-09,3.890291e-09,5.560733e-08,1.273840e-08,6.608057e-09,2.860993e-08,2.026793e-08,2.831725e-08,1.854506e-08,1.599974e-12,2.268209e-09,3.576250e-11,2.188471e-10,2.625854e-12,1.347185e-12,4.449100e-12,6.192123e-08,1.578435e-11
40.722656,1.788855e-10,3.792307e-09,2.952365e-07,2.452969e-07,1.340931e-11,2.182114e-09,3.469246e-10,1.332417e-09,3.242115e-09,4.833370e-08,1.239847e-08,1.115101e-08,2.315512e-08,1.505647e-08,3.425983e-08,2.447444e-08,4.100002e-12,9.188390e-09,3.600103e-11,1.963376e-10,3.805695e-12,9.058576e-13,3.968719e-12,8.368741e-08,1.310684e-11
40.771484,2.736878e-10,3.098477e-09,2.831195e-07,2.939500e-07,1.909715e-11,1.990532e-09,4.558013e-10,1.425606e-09,3.426681e-09,3.921111e-08,1.102746e-08,1.769280e-08,1.296827e-08,9.738302e-09,2.774794e-08,4.326600e-08,5.243612e-12,1.310316e-08,1.597319e-11,3.708390e-10,3.997549e-12,1.568761e-12,4.021353e-12,7.910389e-08,1.287718e-11
40.820312,3.423130e-10,2.507371e-09,2.638471e-07,3.135167e-07,2.068402e-11,2.387090e-09,5.011906e-10,2.017786e-09,4.620079e-09,3.083624e-08,8.603010e-09,1.941843e-08,1.145785e-08,7.726581e-09,2.678199e-08,4.005170e-08,1.802706e-12,1.289401e-08,1.114274e-11,1.983697e-10,1.285319e-12,2.053247e-12,3.135566e-12,5.377442e-08,1.634193e-11
40.869141,3.605128e-10,2.234429e-09,2.389869e-07,3.075791e-07,1.957772e-11,2.185141e-09,4.006806e-10,2.817174e-09,5.899603e-09,2.614017e-08,5.872095e-09,1.408577e-08,8.379818e-09,6.017348e-09,3.798538e-08,1.940752e-08,2.291605e-12,1.204956e-08,1.985908e-11,2.802715e-10,4.603148e-12,1.427136e-12,2.074546e-12,3.564454e-08,1.283333e-11
40.917969,3.296561e-10,2.062418e-09,2.032548e-07,3.168209e-07,1.503566e-11,1.254254e-09,2.174228e-10,3.410861e-09,5.786259e-09,2.805254e-08,2.718876e-09,5.250198e-09,5.643823e-09,1.086761e-08,5.161280e-08,2.966732e-08,3.500079e-12,7.884251e-09,1.773886e-11,2.278440e-10,6.104308e-12,1.537198e-12,3.958787e-12,3.357101e-08,1.141139e-11
40.966797,2.758323e-10,1.791211e-09,1.625980e-07,3.787419e-07,9.935033e-12,4.153708e-10,1.024622e-10,3.596647e-09,4.376803e-09,3.167833e-08,1.904438e-09,3.304217e-09,6.806295e-09,7.658913e-09,4.292549e-08,3.841684e-08,6.211315e-12,4.287400e-09,4.020304e-11,4.354399e-10,5.640189e-12,1.627160e-12,2.391660e-12,2.668792e-08,1.689827e-11
41.015625,2.267756e-10,1.555726e-09,1.424101e-07,4.489724e-07,6.273307e-12,1.279561e-09,1.835503e-10,3.660589e-09,3.731478e-09,2.972751e-08,5.141333e-09,3.007087e-09,1.005379e-08,7.311794e-09,2.081703e-08,2.906308e-08,6.868539e-12,6.540903e-09,3.907767e-11,3.672950e-10,4.480067e-12,1.076140e-12,4.008847e-12,5.657235e-08,2.059910e-11
41.064453,1.814165e-10,1.625703e-09,1.675364e-07,4.618137e-07,5.528602e-12,2.161644e-09,3.599856e-10,3.938239e-09,3.579387e-09,2.312641e-08,6.956635e-09,4.157371e-09,4.545377e-09,9.358127e-09,3.358564e-08,2.183924e-08,4.176112e-12,6.587273e-09,2.274474e-11,2.769973e-10,4.524166e-12,1.579926e-12,1.664660e-12,1.195528e-07,1.537060e-11
41.113281,1.251740e-10,1.937925e-09,2.226621e-07,4.032017e-07,5.961480e-12,2.730330e-09,5.638308e-10,3.993458e-09,2.872582e-09,3.067587e-08,7.133099e-09,6.169920e-09,6.377241e-09,1.022322e-08,3.515999e-08,2.796578e-08,2.629649e-12,6.242456e-09,2.226380e-11,3.549014e-10,4.302509e-12,1.532584e-12,1.634870e-12,1.406720e-07,4.878669e-12
41.162109,1.022784e-10,2.193972e-09,2.812923e-07,3.221847e-07,5.785462e-12,2.729707e-09,7.144795e-10,4.233220e-09,3.229606e-09,5.193613e-08,6.217623e-09,9.539120e-09,1.101520e-08,1.002267e-08,3.191351e-08,1.577587e-08,4.296478e-12,3.981514e-09,3.004750e-11,3.815224e-10,4.034929e-13,4.834885e-13,1.689767e-12,1.498290e-07,6.689401e-12
41.210938,1.789182e-10,2.196701e-09,3.267993e-07,2.821653e-07,4.413141e-12,2.228626e-09,7.766872e-10,6.000946e-09,4.057587e-09,6.910895e-08,6.206613e-09,8.771745e-09,7.448192e-09,6.345358e-09,1.863926e-08,1.412856e-08,8.047635e-12,3.315520e-09,1.618307e-11,3.881360e-10,2.393355e-12,9.590568e-13,7.807761e-13,1.051527e-07,2.748608e-12
41.259766,2.753660e-10,1.938110e-09,3.481357e-07,2.667761e-07,2.866435e-12,1.817161e-09,7.563376e-10,8.154622e-09,4.175735e-09,6.911871e-08,6.298269e-09,2.582376e-09,7.209390e-09,2.084245e-09,1.496775e-08,2.280776e-08,6.512443e-12,2.665798e-09,2.743555e-11,5.874910e-10,4.152961e-12,1.245904e-12,3.877300e-12,4.581147e-08,3.711829e-12
41.308594,3.443448e-10,1.738858e-09,3.381730e-07,2.257401e-07,4.525548e-12,1.930109e-09,6.560407e-10,9.058091e-09,3.738812e-09,4.991426e-08,3.793025e-09,7.552334e-09,8.280237e-09,7.062073e-09,1.160425e-08,2.638826e-08,2.238790e-12,6.917177e-09,4.091236e-11,3.063869e-10,3.939810e-12,8.412848e-13,3.902278e-12,5.902249e-08,1.047856e-11
41.357422,3.735588e-10,2.127083e-09,2.967441e-07,1.633330e-07,7.234906e-12,2.237735e-09,4.807106e-10,8.505783e-09,2.754930e-09,2.617290e-08,2.246496e-09,1.483001e-08,7.648024e-09,9.912841e-09,1.225501e-08,1.839530e-08,2.793839e-12,2.168010e-09,3.029363e-11,4.699906e-11,3.055917e-12,1.861392e-12,1.763729e-12,7.806034e-08,2.487989e-11
41.406250,3.677014e-10,2.966980e-09,2.366496e-07,1.135827e-07,8.038260e-12,2.556539e-09,3.119452e-10,7.180272e-09,2.240250e-09,1.610100e-08,4.299740e-09,1.694438e-08,6.318183e-09,1.048981e-08,2.825339e-08,1.534432e-08,2.228820e-12,6.058509e-09,2.366877e-11,1.753383e-10,6.320061e-12,8.394721e-13,2.783811e-12,4.305264e-08,1.637819e-11
41.455078,3.389960e-10,3.788063e-09,1.876563e-07,8.939174e-08,7.047897e-12,3.278330e-09,3.550504e-10,5.360112e-09,3.678450e-09,2.017414e-08,4.521000e-09,1.544978e-08,3.627311e-09,1.094693e-08,1.397714e-08,2.389121e-08,5.267325e-12,7.207396e-09,2.225571e-11,2.211422e-10,4.212396e-12,2.201266e-12,2.736704e-12,5.290476e-08,5.799685e-12
41.503906,2.993418e-10,4.340324e-09,1.772474e-07,9.966984e-08,5.021082e-12,4.516143e-09,5.091090e-10,3.030800e-09,4.812809e-09,2.417095e-08,4.574856e-09,1.235154e-08,2.187775e-09,8.830559e-09,2.657829e-08,3.624181e-08,3.450861e-12,1.166814e-08,2.256518e-11,3.498293e-10,1.218188e-12,2.304654e-12,1.220397e-12,1.239248e-07,3.891000e-12
41.552734,2.561002e-10,4.562814e-09,1.882490e-07,1.374077e-07,3.077117e-12,5.461377e-09,5.883194e-10,1.962824e-09,4.670269e-09,2.667536e-08,7.450237e-09,9.085166e-09,3.014905e-09,7.831930e-09,4.045976e-08,4.760876e-08,3.749610e-12,1.232624e-08,2.944466e-11,1.885076e-10,2.510615e-12,1.390922e-12,4.876100e-13,6.861617e-08,1.192796e-11
41.601562,2.136841e-10,4.510102e-09,1.920772e-07,1.593854e-07,1.774869e-12,5.463659e-09,5.906017e-10,3.563668e-09,3.478036e-09,3.149238e-08,1.092049e-08,7.786413e-09,7.999852e-09,7.460158e-09,3.551883e-08,5.368248e-08,6.030664e-12,1.511622e-08,1.944597e-11,2.411686e-10,2.371513e-12,8.950829e-13,1.783074e-12,9.031943e-08,1.247791e-11
41.650391,1.758510e-10,4.294941e-09,1.953193e-07,1.504555e-07,1.481810e-12,4.934285e-09,6.216376e-10,4.605930e-09,1.693014e-09,3.550662e-08,1.236070e-08,7.847514e-09,9.662248e-09,2.759829e-09,2.940502e-08,5.006435e-08,5.824563e-12,1.516854e-08,2.559846e-11,5.210913e-10,2.521642e-12,1.793520e-12,2.835232e-12,4.941530e-08,9.113977e-12
41.699219,1.466880e-10,4.035887e-09,2.248762e-07,1.424403e-07,6.579743e-13,4.861295e-09,7.089344e-10,4.321582e-09,5.062637e-10,4.992209e-08,1.144282e-08,9.247311e-09,1.286689e-08,2.983536e-09,2.639532e-08,9.495435e-09,3.476746e-12,5.985979e-09,1.177338e-11,3.389829e-10,6.407353e-12,3.577425e-13,4.189251e-12,3.014861e-08,6.409961e-12
41.748047,1.277769e-10,3.796404e-09,2.811686e-07,1.695730e-07,2.244066e-12,5.064313e-09,7.395497e-10,3.181099e-09,1.271411e-09,6.394244e-08,8.992999e-09,8.170880e-09,1.849347e-08,5.143661e-09,1.809519e-08,2.442575e-08,3.221703e-12,7.388733e-10,1.234996e-11,3.560168e-10,7.650819e-12,1.957105e-12,1.827877e-12,9.489604e-08,4.934767e-12
41.796875,1.153236e-10,3.556968e-09,3.384207e-07,2.054572e-07,3.916136e-12,4.852650e-09,6.523939e-10,3.312241e-09,2.850675e-09,6.182114e-08,8.409647e-09,5.233991e-09,1.894912e-08,5.142298e-09,2.885309e-09,2.004505e-08,5.096127e-12,2.585433e-09,1.880587e-11,1.507905e-10,3.069918e-12,1.757248e-12,2.411017e-12,9.499160e-08,9.291645e-12
41.845703,1.032801e-10,3.278268e-09,3.754238e-07,2.182959e-07,4.568530e-12,4.490815e-09,5.188675e-10,4.908063e-09,5.278603e-09,4.807716e-08,1.030159e-08,3.683396e-09,1.684687e-08,8.851676e-09,1.495476e-08,2.183201e-08,5.328952e-12,1.157520e-09,2.612748e-11,2.453820e-10,3.366473e-12,1.188417e-12,1.614112e-12,5.605077e-08,1.170611e-11
41.894531,8.983383e-11,2.983331e-09,3.832010e-07,1.984411e-07,2.762384e-12,4.473520e-09,4.875134e-10,5.678470e-09,6.944707e-09,3.857184e-08,1.005014e-08,4.357294e-09,1.437500e-08,7.827950e-09,1.712951e-08,3.393464e-08,3.787332e-12,2.043395e-09,3.130571e-11,2.578034e-10,1.160856e-12,2.132780e-12,1.761830e-12,6.473927e-08,1.302300e-11
41.943359,8.113975e-11,2.740014e-09,3.624991e-07,1.488516e-07,4.155851e-12,4.465206e-09,5.707770e-10,5.092693e-09,7.183273e-09,4.782172e-08,7.822751e-09,5.737873e-09,1.377310e-08,7.350995e-09,2.209659e-08,1.913582e-08,1.777823e-12,6.999205e-10,2.748279e-11,1.606667e-10,5.772957e-13,8.650958e-13,2.447737e-12,9.046474e-08,1.088566e-11
41.992188,8.780080e-11,2.552203e-09,3.216408e-07,9.017430e-08,7.704576e-12,3.944267e-09,6.121301e-10,4.050535e-09,6.888821e-09,5.369968e-08,5.831895e-09,8.376975e-09,1.692400e-08,7.662734e-09,2.453639e-08,2.261074e-08,1.865352e-12,4.562478e-09,4.622054e-12,1.825360e-10,4.657793e-13,2.409695e-12,2.266874e-12,4.925680e-08,9.966756e-12
42.041016,1.073882e-10,2.345424e-09,2.757350e-07,8.334043e-08,9.819550e-12,2.893600e-09,5.006108e-10,3.612906e-09,6.826806e-09,4.223698e-08,3.681669e-09,9.560592e-09,2.002381e-08,6.371237e-09,1.105947e-08,2.258098e-08,1.963084e-12,2.387659e-09,2.489399e-11,2.469012e-10,4.421903e-13,5.231075e-13,3.150588e-12,2.788583e-08,4.569656e-12
42.089844,1.248052e-10,2.081012e-09,2.441633e-07,1.202498e-07,1.171653e-11,1.700630e-09,2.533850e-10,3.509264e-09,6.552757e-09,3.437110e-08,3.461715e-09,6.747299e-09,2.113798e-08,1.583571e-09,9.799087e-09,3.118407e-08,2.286304e-12,3.069817e-09,1.828009e-11,2.289964e-10,9.002596e-13,1.285155e-12,2.073679e-12,7.927185e-08,4.431729e-12
42.138672,1.269254e-10,1.813426e-09,2.400680e-07,1.366552e-07,1.316946e-11,9.395706e-10,1.755663e-10,3.262805e-09,6.149223e-09,4.222303e-08,5.624485e-09,1.009569e-08,2.144643e-08,3.868189e-09,5.825407e-09,4.149787e-08,3.334868e-12,6.223366e-09,1.621980e-11,1.278042e-10,1.937922e-12,7.374575e-13,2.847488e-12,7.404758e-08,8.879731e-13
42.187500,1.109764e-10,1.617455e-09,2.585188e-07,1.322280e-07,1.393123e-11,1.546355e-09,3.686463e-10,3.172006e-09,6.281591e-09,5.315703e-08,6.509758e-09,1.496531e-08,1.863630e-08,4.938800e-09,1.070887e-08,3.268420e-08,3.916369e-12,5.821555e-09,3.422297e-11,6.913617e-11,3.410169e-12,1.078481e-12,1.267704e-12,4.163641e-08,5.023833e-12
42.236328,8.634998e-11,1.515684e-09,2.847038e-07,1.460606e-07,1.432049e-11,2.848157e-09,4.769629e-10,3.522062e-09,6.491766e-09,7.286673e-08,5.612923e-09,1.554333e-08,1.538063e-08,4.421630e-09,1.214700e-08,3.294887e-09,5.503051e-12,1.241500e-09,2.487509e-11,5.988120e-11,4.845663e-12,1.551404e-12,1.829784e-12,4.859134e-08,1.138273e-11
42.285156,7.341395e-11,1.535169e-09,3.065271e-07,2.020132e-07,1.325119e-11,3.875538e-09,5.063599e-10,4.494514e-09,6.245909e-09,9.725773e-08,3.922583e-09,1.498742e-08,1.685879e-08,4.255771e-09,9.765553e-10,2.377117e-08,5.373446e-12,1.548947e-09,2.096504e-11,8.831881e-11,3.973547e-12,1.804402e-13,1.566470e-12,2.336788e-08,8.676619e-12
42.333984,7.851505e-11,1.710501e-09,3.148416e-07,2.824936e-07,1.158309e-11,4.125393e-09,4.605792e-10,5.857912e-09,5.638847e-09,1.118774e-07,3.480834e-09,1.488537e-08,1.497216e-08,2.879738e-09,1.881806e-08,2.387978e-08,3.490896e-12,1.263098e-09,1.954158e-11,8.521107e-11,3.512169e-12,2.336781e-13,4.468080e-12,1.338618e-08,1.068830e-12
42.382812,8.212022e-11,1.981992e-09,3.022581e-07,3.646936e-07,9.407523e-12,3.757470e-09,3.254381e-10,6.780547e-09,4.254598e-09,1.138547e-07,5.097953e-09,1.385846e-08,1.232149e-08,1.102289e-09,2.544898e-08,2.072141e-08,2.680288e-12,3.478366e-09,2.323305e-11,2.698205e-10,8.557784e-13,1.923364e-12,3.027974e-12,3.398905e-08,1.071659e-11
42.431641,7.327046e-11,2.239162e-09,2.671971e-07,4.254624e-07,7.710828e-12,3.293879e-09,1.687096e-10,6.874429e-09,1.793495e-09,1.125281e-07,6.837418e-09,1.236978e-08,1.146908e-08,7.399190e-10,1.226200e-08,1.770665e-08,6.557349e-12,5.576973e-09,4.354101e-12,3.285775e-10,3.238056e-12,2.865078e-12,1.602676e-12,6.190245e-08,4.968812e-12
42.480469,5.708970e-11,2.432647e-09,2.194938e-07,4.466353e-07,7.219160e-12,2.696576e-09,1.559719e-10,6.342974e-09,9.721483e-10,1.018904e-07,7.608662e-09,1.177996e-08,9.648569e-09,1.094579e-09,9.225926e-09,1.462207e-08,5.371183e-12,4.081405e-09,2.399244e-11,1.606550e-10,2.943527e-12,7.027325e-13,4.076545e-13,1.154421e-07,1.019662e-12
42.529297,4.146166e-11,2.574608e-09,1.804556e-07,4.281994e-07,8.322855e-12,1.670552e-09,1.967358e-10,5.419339e-09,2.540174e-09,7.126434e-08,7.835361e-09,9.409796e-09,1.317025e-08,1.676978e-09,1.622813e-08,6.929184e-09,5.362974e-12,5.738922e-09,1.862498e-11,1.039037e-10,1.589966e-12,1.170720e-12,1.845449e-12,8.811293e-08,4.947923e-12
42.578125,2.391822e-11,2.660071e-09,1.674301e-07,3.885598e-07,9.154228e-12,1.331003e-09,1.993095e-10,4.802874e-09,2.517089e-09,3.220172e-08,6.589191e-09,4.825420e-09,1.144170e-08,5.250009e-09,1.593129e-08,1.497243e-08,3.685305e-12,7.798287e-09,1.605108e-12,3.497343e-10,1.205888e-12,1.150285e-12,1.654099e-12,1.271537e-07,4.187986e-12
42.626953,1.111244e-11,2.629688e-09,1.720938e-07,3.434654e-07,9.218881e-12,2.370264e-09,2.523164e-10,4.982853e-09,1.543880e-09,5.428519e-09,2.682250e-09,1.280566e-09,8.274130e-09,7.207623e-09,5.325287e-09,3.521076e-08,1.548379e-12,6.882912e-09,4.442221e-12,3.427983e-10,2.179648e-12,1.735020e-12,2.000968e-12,7.101991e-08,3.996865e-12
42.675781,4.816681e-11,2.422222e-09,1.757100e-07,2.887649e-07,7.676109e-12,2.882697e-09,4.174991e-10,4.750012e-09,1.539598e-09,6.641131e-09,2.137324e-09,3.091195e-09,8.242872e-09,7.897216e-09,9.893037e-09,3.600962e-08,3.501860e-12,6.653790e-09,1.983345e-12,2.299908e-10,2.595977e-12,2.736485e-12,1.494208e-12,9.441159e-09,3.148374e-12
42.724609,9.085121e-11,2.033779e-09,1.709107e-07,2.184901e-07,4.752216e-12,2.491217e-09,6.018639e-10,3.861246e-09,2.694167e-09,4.851176e-09,4.454359e-09,5.025317e-09,9.535002e-09,5.149461e-09,1.084538e-08,1.932522e-08,3.891160e-12,4.539522e-09,4.096690e-12,2.413061e-10,1.881805e-12,1.682188e-12,4.438815e-13,1.101152e-08,3.192019e-12
42.773438,1.271869e-10,1.524733e-09,1.617107e-07,1.547139e-07,3.863379e-12,1.922218e-09,6.972373e-10,3.545706e-09,3.792463e-09,3.667986e-09,4.127650e-09,3.723756e-09,1.170004e-08,3.006888e-09,5.691484e-09,5.718097e-09,2.235340e-12,5.199643e-09,9.264287e-12,2.570541e-10,2.087487e-12,1.500536e-12,1.619022e-12,3.547777e-08,3.078103e-12
42.822266,1.519392e-10,9.885349e-10,1.601797e-07,1.380264e-07,7.149048e-12,2.205582e-09,6.723110e-10,3.204245e-09,4.763153e-09,1.041964e-08,3.500789e-09,8.951218e-10,1.389229e-08,2.701504e-09,2.369075e-08,1.848155e-08,1.238655e-12,6.790683e-09,7.177234e-12,1.809892e-10,2.482737e-12,4.872710e-13,1.481086e-12,4.192391e-08,6.625371e-12
42.871094,1.667027e-10,5.079019e-10,1.732637e-07,1.460249e-07,8.328723e-12,2.606587e-09,5.842461e-10,1.828065e-09,5.566708e-09,8.628019e-09,4.500045e-09,2.829441e-09,1.194169e-08,6.201647e-10,3.088174e-08,1.478671e-08,3.177260e-12,9.358219e-09,1.739080e-11,2.158663e-10,2.642244e-12,1.439572e-12,2.482395e-12,4.847019e-08,9.068543e-12
42.919922,1.751804e-10,1.843047e-10,1.863003e-07,1.297817e-07,6.999959e-12,2.316713e-09,4.872676e-10,4.896313e-10,5.824589e-09,1.588695e-08,5.997558e-09,2.605825e-09,1.016362e-08,5.849252e-10,4.264969e-08,1.709972e-08,3.596896e-12,7.560850e-09,1.934025e-11,3.252138e-10,1.932609e-12,3.049798e-12,2.212324e-12,2.394852e-08,5.679717e-12
42.968750,1.779583e-10,3.340753e-10,1.774480e-07,9.439734e-08,4.310983e-12,1.398192e-09,3.814383e-10,2.127472e-09,5.196509e-09,3.426386e-08,5.834809e-09,2.872168e-09,1.022808e-08,6.798934e-10,3.753191e-08,2.572020e-08,2.832578e-12,4.203676e-09,1.254610e-11,3.652998e-10,9.143471e-13,2.739087e-12,2.325494e-12,1.602815e-08,6.940968e-12
43.017578,1.728746e-10,5.896910e-10,1.414697e-07,1.081602e-07,1.343087e-12,3.279531e-10,3.256615e-10,3.994884e-09,4.111419e-09,4.734666e-08,5.033079e-09,3.769131e-09,9.315463e-09,2.093405e-09,2.525935e-08,4.183426e-08,5.179835e-13,5.488745e-09,5.140795e-12,3.773169e-10,3.149459e-12,5.607451e-13,2.382695e-12,2.487797e-08,8.691722e-12
43.066406,1.573679e-10,7.869517e-10,1.012611e-07,1.733638e-07,1.983164e-12,8.623307e-10,3.508544e-10,5.150630e-09,3.220983e-09,4.533953e-08,5.417004e-09,2.778100e-09,5.790665e-09,4.453499e-09,1.761996e-08,3.829637e-08,3.061099e-12,8.504765e-09,1.620664e-11,2.130077e-10,2.692950e-12,1.324507e-12,9.622261e-13,3.314038e-08,5.871048e-12
43.115234,1.317931e-10,8.985681e-10,9.392998e-08,2.299048e-07,3.301690e-12,1.797663e-09,3.141123e-10,4.791410e-09,2.276615e-09,3.120253e-08,6.289146e-09,2.264575e-09,4.125010e-09,5.824721e-09,1.296203e-08,2.816233e-08,6.146786e-12,5.618925e-09,1.574496e-11,4.928986e-11,1.368732e-12,1.280501e-12,1.678240e-12,1.438428e-09,2.652589e-12
43.164062,9.985840e-11,9.341729e-10,1.040283e-07,2.572813e-07,3.306793e-12,2.493199e-09,1.692765e-10,3.359738e-09,2.306684e-09,3.165558e-08,6.949519e-09,3.582117e-09,5.842450e-09,6.373405e-09,2.605050e-08,9.230463e-09,7.651094e-12,3.321488e-09,1.526997e-11,9.579995e-11,2.591435e-12,1.623250e-12,3.500759e-12,1.435924e-08,2.754102e-12
43.212891,6.891139e-11,9.421219e-10,1.103967e-07,2.599945e-07,1.710831e-12,2.810258e-09,1.297975e-10,2.238445e-09,3.099307e-09,4.357647e-08,5.832702e-09,6.908167e-09,5.135335e-09,6.387984e-09,3.156904e-08,4.858557e-09,7.151532e-12,3.537226e-09,1.119427e-11,2.258823e-10,1.478302e-12,1.027628e-12,7.043603e-13,3.828882e-08,2.792660e-12
43.261719,5.181897e-11,9.650287e-10,1.456518e-07,2.509863e-07,4.803481e-13,3.088841e-09,2.152796e-10,2.059912e-09,2.868422e-09,4.543074e-08,2.906041e-09,1.183980e-08,7.205151e-09,5.327841e-09,2.749638e-08,1.022424e-08,6.020175e-12,7.132921e-10,1.016094e-11,2.342797e-10,2.895696e-12,1.492113e-12,1.052486e-12,7.326671e-08,4.501472e-12
43.310547,5.692953e-11,9.886681e-10,2.160226e-07,2.337746e-07,2.116315e-12,3.775803e-09,2.255201e-10,2.230080e-09,3.000572e-09,3.794642e-08,6.938548e-10,1.249928e-08,1.101637e-08,4.764451e-09,2.508652e-08,1.516579e-08,5.414625e-12,4.296103e-09,1.143106e-11,2.436309e-10,5.688362e-12,2.718910e-12,3.925927e-13,7.123785e-08,4.497650e-12
43.359375,6.793681e-11,9.700167e-10,2.821581e-07,2.026888e-07,4.174473e-12,4.489834e-09,3.030667e-10,1.950764e-09,3.957869e-09,3.032070e-08,2.006415e-09,1.014916e-08,1.060037e-08,5.383969e-09,2.703173e-08,1.242033e-08,3.249898e-12,7.346337e-09,1.740545e-11,1.408135e-10,6.321058e-12,9.557252e-13,1.668242e-12,6.139353e-08,2.304340e-12
43.408203,7.082345e-11,9.066259e-10,3.133379e-07,1.604115e-07,6.268536e-12,4.675915e-09,4.217423e-10,9.738441e-10,3.787209e-09,2.763504e-08,1.899871e-09,1.232202e-08,5.038148e-09,3.970197e-09,3.353092e-08,1.109097e-08,1.538195e-12,7.846290e-09,1.869022e-11,7.365847e-11,5.447975e-12,2.374181e-13,1.837199e-12,5.399775e-08,7.288275e-12
43.457031,6.352099e-11,8.359560e-10,2.984249e-07,1.233302e-07,8.145315e-12,4.299141e-09,4.210134e-10,3.062044e-10,2.476083e-09,2.538429e-08,1.467261e-09,1.104538e-08,5.118387e-09,1.045519e-09,3.365017e-08,9.971631e-09,3.022613e-12,8.699682e-09,1.489267e-11,1.483621e-10,3.877974e-12,1.134940e-12,1.146857e-12,4.570348e-08,8.656640e-12
43.505859,5.324225e-11,7.719914e-10,2.410698e-07,1.043631e-07,7.900034e-12,3.612168e-09,2.885492e-10,1.525075e-09,1.249726e-09,2.900831e-08,2.668068e-09,5.771473e-09,8.663209e-09,2.423308e-09,1.899757e-08,1.468287e-08,4.863463e-12,6.524244e-09,1.061457e-11,2.561230e-10,7.828876e-13,2.731190e-12,1.896677e-13,1.942008e-08,5.278865e-12
43.554688,5.721683e-11,6.759644e-10,1.526983e-07,1.036023e-07,6.511592e-12,2.682525e-09,1.910049e-10,3.004461e-09,8.641445e-10,3.099869e-08,2.833721e-09,4.917990e-09,1.000739e-08,4.191468e-09,1.992997e-09,2.490021e-08,4.913800e-12,6.507623e-09,1.329257e-11,2.916671e-10,4.527224e-12,9.226481e-13,2.056770e-13,2.059080e-08,1.338000e-12
43.603516,8.025471e-11,5.219857e-10,5.147958e-08,1.229939e-07,6.193928e-12,1.439550e-09,2.934542e-10,4.182527e-09,8.392906e-10,1.919478e-08,1.790615e-09,6.691705e-09,1.011438e-08,3.823899e-09,1.107379e-08,2.026777e-08,2.456662e-12,6.265405e-09,5.351344e-12,2.451315e-10,4.489567e-12,1.023419e-12,8.016227e-13,3.003277e-08,2.047556e-12
43.652344,1.081287e-10,3.460324e-10,6.160259e-08,1.514913e-07,9.313221e-12,2.611250e-10,4.458427e-10,4.625247e-09,6.651397e-10,2.124670e-09,8.320878e-10,4.890866e-09,1.291009e-08,3.443981e-09,1.902289e-08,2.316015e-09,1.627274e-12,4.438954e-09,4.888541e-12,2.992921e-10,1.633896e-12,7.663741e-13,1.821345e-13,4.059464e-08,2.708050e-12
43.701172,1.297417e-10,2.439965e-10,1.356858e-07,1.664100e-07,1.129870e-11,1.397478e-09,5.843319e-10,4.403542e-09,2.080315e-10,1.016238e-08,2.719830e-10,5.059958e-10,9.075041e-09,2.710624e-09,1.485624e-08,1.875526e-08,1.908868e-12,5.687864e-09,1.171844e-11,6.593926e-11,3.608712e-12,1.239300e-12,1.696055e-12,6.020307e-08,4.773475e-12
43.750000,1.388674e-10,3.075785e-10,1.709566e-07,1.590450e-07,1.118020e-11,2.360041e-09,6.456945e-10,3.444906e-09,5.348596e-10,6.496251e-09,3.424132e-10,2.519728e-09,2.518343e-10,3.080387e-09,8.836865e-09,1.569796e-08,3.646664e-12,8.917109e-09,9.458954e-12,2.899410e-10,1.923091e-12,7.310996e-14,1.235145e-12,6.255811e-08,4.169004e-12
43.798828,1.328210e-10,4.966937e-10,1.654551e-07,1.426113e-07,8.133385e-12,2.884419e-09,5.939311e-10,2.087022e-09,1.313426e-09,1.529199e-08,1.114729e-09,3.426780e-09,6.194651e-09,5.889401e-09,1.437475e-08,1.482119e-08,4.174145e-12,7.753066e-09,6.024347e-12,3.140175e-10,2.151345e-12,1.115073e-12,1.702492e-12,2.562036e-08,2.419118e-12
43.847656,1.126200e-10,7.246247e-10,1.403536e-07,1.359068e-07,5.548585e-12,2.995720e-09,4.748798e-10,2.053359e-09,2.043595e-09,3.363424e-08,2.695087e-09,4.367788e-09,6.970029e-09,7.207204e-09,1.173129e-08,1.656608e-08,2.712061e-12,3.659287e-09,3.309610e-12,2.131690e-10,4.059748e-12,8.040853e-13,1.015300e-12,2.160375e-08,4.018118e-12
43.896484,8.267080e-11,8.796940e-10,1.287251e-07,1.344599e-07,2.878773e-12,2.781250e-09,3.610462e-10,2.673519e-09,2.326660e-09,4.872477e-08,3.562165e-09,5.186546e-09,5.901808e-09,7.387459e-09,1.531572e-08,1.384423e-08,2.103292e-12,3.054199e-09,4.076611e-12,2.448367e-10,3.093659e-12,3.710542e-13,1.278120e-12,6.210109e-08,8.024312e-12
43.945312,5.436123e-11,8.565324e-10,1.360266e-07,1.201793e-07,1.869015e-12,2.430834e-09,2.791064e-10,2.739214e-09,1.761011e-09,5.497662e-08,3.205583e-09,6.270449e-09,7.889745e-09,6.692305e-09,2.129422e-08,2.873701e-08,1.096773e-12,1.594533e-09,1.035612e-11,1.551641e-10,2.933253e-12,1.407238e-12,1.931241e-12,4.722758e-08,6.827051e-12
43.994141,5.035031e-11,6.252229e-10,1.388822e-07,8.775806e-08,2.840840e-12,2.253989e-09,2.358617e-10,2.648095e-09,7.724134e-10,4.827787e-08,2.917135e-09,5.625018e-09,1.083188e-08,5.706831e-09,2.153694e-08,2.244422e-08,3.667551e-12,3.496298e-09,3.974371e-12,1.612541e-10,9.092288e-13,1.205216e-12,1.217766e-12,6.459141e-08,8.081395e-12
44.042969,6.677205e-11,3.418932e-10,1.300133e-07,4.666630e-08,5.441172e-12,2.404816e-09,2.244528e-10,2.918572e-09,1.361679e-09,2.950621e-08,2.554525e-09,4.818159e-09,1.276203e-08,6.013775e-09,1.917016e-08,4.391288e-09,3.313307e-12,4.653539e-09,1.394971e-11,9.640021e-11,3.947957e-12,1.893428e-12,1.962078e-12,6.481161e-08,2.266204e-12
44.091797,7.570694e-11,5.496038e-10,1.228219e-07,1.624048e-08,7.475937e-12,2.631084e-09,2.261817e-10,3.843774e-09,1.911516e-09,1.761374e-08,8.990008e-10,8.156511e-09,1.196336e-08,6.853478e-09,1.645142e-08,1.601843e-08,1.699312e-12,5.830740e-09,1.416593e-11,2.093623e-10,3.205828e-12,1.635094e-12,1.289523e-12,1.133307e-08,4.355680e-12
44.140625,6.692750e-11,9.770478e-10,1.285112e-07,2.538464e-08,8.010667e-12,2.661615e-09,2.544721e-10,4.777967e-09,1.920806e-09,4.199021e-08,2.524090e-09,1.058521e-08,1.022514e-08,7.280872e-09,1.696250e-08,1.389490e-08,4.542352e-12,5.192338e-09,9.865084e-12,1.607452e-10,4.131837e-12,1.622563e-12,1.295707e-12,6.288136e-08,3.031335e-12
44.189453,4.731954e-11,1.330163e-09,1.398575e-07,4.437491e-08,7.703785e-12,2.470722e-09,2.849087e-10,4.853197e-09,1.566778e-09,6.464431e-08,4.545848e-09,1.018134e-08,7.849546e-09,6.077357e-09,1.786735e-08,1.286899e-08,7.232967e-12,3.037858e-09,7.637241e-12,1.815765e-10,2.170679e-12,1.900958e-12,8.480716e-13,6.744305e-08,7.855830e-12
44.238281,4.851800e-11,1.569611e-09,1.458691e-07,7.301978e-08,6.883655e-12,2.114149e-09,2.800529e-10,3.943390e-09,9.380289e-10,7.077142e-08,5.336581e-09,1.130179e-08,7.060252e-09,5.568836e-09,1.315355e-08,2.107109e-08,5.066874e-12,2.431217e-09,1.271046e-11,1.515515e-10,3.260630e-12,9.873346e-13,8.483263e-13,5.836705e-08,4.908395e-12
44.287109,7.658346e-11,1.685046e-09,1.433706e-07,1.095371e-07,6.486627e-12,1.551442e-09,2.582894e-10,2.659470e-09,1.808291e-09,5.844311e-08,6.060565e-09,1.239651e-08,8.443212e-09,6.744232e-09,9.752591e-09,3.194854e-08,2.262886e-12,2.585018e-09,1.804489e-11,1.328472e-10,6.647405e-13,8.801015e-13,1.559189e-12,4.227050e-08,2.234349e-12
44.335938,9.983953e-11,1.640835e-09,1.347703e-07,1.443222e-07,5.333769e-12,7.921871e-10,2.515315e-10,1.926968e-09,3.028679e-09,3.442983e-08,6.541270e-09,1.123431e-08,5.270064e-09,5.730822e-09,1.160570e-08,2.559171e-08,4.020752e-13,2.461876e-09,1.854058e-11,2.916186e-10,1.389841e-12,1.059744e-12,2.387723e-12,3.211650e-08,3.647731e-12
44.384766,1.059002e-10,1.399140e-09,1.235143e-07,1.741258e-07,3.672587e-12,1.498981e-10,2.644656e-10,2.092712e-09,3.838564e-09,1.612687e-08,5.768743e-09,9.564298e-09,1.796883e-09,3.639887e-09,5.236742e-09,1.657274e-08,9.157162e-13,2.023309e-09,1.372434e-11,1.898300e-10,2.595431e-12,1.420727e-12,1.101773e-12,2.508805e-08,4.444410e-12
44.433594,9.634125e-11,9.789504e-10,1.100632e-07,2.034347e-07,3.407715e-12,4.186007e-10,2.933712e-10,2.651270e-09,4.288676e-09,4.137735e-08,4.480670e-09,5.408910e-09,5.389961e-09,1.172204e-09,8.341011e-09,2.695963e-08,1.487862e-12,5.188804e-09,5.043938e-12,9.794836e-11,2.921588e-12,1.694688e-12,9.364907e-13,5.942806e-08,3.823030e-12
44.482422,8.259290e-11,4.780940e-10,9.088344e-08,2.320905e-07,4.858574e-12,3.928456e-10,3.095992e-10,3.276734e-09,4.174504e-09,6.747405e-08,3.479592e-09,9.284919e-10,6.385057e-09,1.769634e-09,1.450645e-08,1.838455e-08,2.540795e-12,7.661095e-09,7.568624e-12,3.096763e-10,3.278874e-12,6.055818e-13,9.080191e-13,9.851367e-08,4.433150e-12
44.531250,7.796864e-11,7.722509e-11,6.441978e-08,2.470087e-07,5.823139e-12,1.420770e-10,2.786156e-10,3.538572e-09,3.879988e-09,7.377079e-08,2.318055e-09,4.744048e-09,7.301533e-09,2.196370e-09,1.210901e-08,8.916209e-09,3.969613e-12,5.787996e-09,8.462619e-12,2.515134e-10,3.050980e-12,7.637795e-13,1.456565e-12,6.615374e-08,3.601403e-12
44.580078,8.286966e-11,2.563733e-10,4.856062e-08,2.322728e-07,3.573251e-12,2.525075e-10,1.967317e-10,3.129479e-09,3.864911e-09,6.092053e-08,1.660705e-09,6.300341e-09,7.351155e-09,8.631348e-10,9.691646e-09,2.333568e-08,2.447217e-12,1.693978e-09,7.612938e-12,1.369850e-10,2.485056e-12,6.355105e-13,1.596307e-12,5.574173e-08,5.406283e-12
44.628906,8.789452e-11,3.282273e-10,7.786192e-08,1.845534e-07,4.579346e-13,3.249775e-10,8.421716e-11,2.207184e-09,3.462488e-09,4.486764e-08,1.854297e-09,5.432953e-09,6.925613e-09,1.192688e-09,1.238615e-08,1.678968e-08,1.061344e-12,3.119880e-09,2.018624e-12,4.895512e-11,3.240990e-12,8.154312e-13,5.724487e-13,2.340989e-08,1.753916e-12
44.677734,8.897160e-11,3.273400e-10,1.272765e-07,1.218597e-07,3.048114e-12,3.450610e-10,6.721818e-11,1.266331e-09,2.490203e-09,3.205090e-08,2.608884e-09,1.935853e-09,6.559231e-09,1.846424e-09,1.445521e-08,2.485954e-08,2.648489e-12,4.329801e-09,8.347352e-12,6.045338e-11,2.499836e-12,1.768454e-12,3.216133e-13,3.671027e-08,2.372639e-12
44.726562,8.820483e-11,4.372615e-10,1.748213e-07,8.482094e-08,4.580787e-12,3.933741e-10,1.880721e-10,1.483591e-09,1.958245e-09,1.363560e-08,3.831806e-09,3.934407e-09,4.729261e-09,2.268131e-09,1.464832e-08,1.771047e-08,5.378630e-12,3.698500e-09,1.295083e-11,1.411022e-10,4.103127e-13,1.133982e-12,4.368004e-13,3.312582e-09,3.876069e-12
44.775391,8.793752e-11,5.951141e-10,2.129740e-07,8.808763e-08,3.645195e-12,2.793322e-10,2.728625e-10,2.215991e-09,2.422427e-09,9.691049e-09,4.359823e-09,6.123084e-09,2.642478e-09,2.913203e-09,1.776248e-08,1.042697e-08,5.391369e-12,6.829873e-10,1.141847e-11,1.980480e-11,1.538685e-12,1.524831e-12,7.204129e-13,1.770751e-08,2.149809e-12
44.824219,8.856827e-11,6.728115e-10,2.383568e-07,8.203174e-08,1.153439e-12,3.102976e-11,3.026157e-10,2.105303e-09,3.091059e-09,2.565882e-08,3.560568e-09,5.745400e-09,8.816830e-10,3.132748e-09,2.064933e-08,3.352364e-08,5.040734e-12,2.305975e-09,7.630567e-12,1.688628e-10,1.902907e-12,8.302810e-13,1.557630e-12,4.240803e-08,2.694325e-12
44.873047,8.903770e-11,6.396076e-10,2.481552e-07,4.682516e-08,4.389995e-12,2.949306e-10,3.024010e-10,1.224493e-09,3.509154e-09,3.478074e-08,2.079389e-09,4.675841e-09,3.048497e-09,2.743352e-09,1.779256e-08,4.261733e-08,1.634040e-12,4.308407e-09,1.101544e-11,2.553806e-10,1.292993e-12,1.775038e-12,5.717763e-13,7.882085e-08,4.379378e-12
44.921875,8.806733e-11,5.247884e-10,2.395398e-07,3.484385e-08,6.925972e-12,4.684229e-10,3.088631e-10,5.311481e-10,3.453002e-09,4.491947e-08,1.223560e-09,4.026117e-09,7.156350e-09,1.799519e-09,1.487219e-08,4.543004e-08,1.913797e-12,2.721893e-09,1.404699e-11,2.288161e-10,4.611199e-12,2.197447e-12,1.038121e-12,1.415819e-08,6.037422e-12
44.970703,8.618760e-11,3.659667e-10,2.121922e-07,9.677393e-08,7.246711e-12,6.630543e-10,3.238503e-10,7.567820e-10,3.102452e-09,5.287397e-08,2.028922e-09,4.715930e-09,8.863454e-09,2.330506e-09,1.853219e-08,2.382223e-08,4.709150e-12,1.644454e-09,7.149261e-12,8.407761e-11,1.883341e-12,1.533278e-12,1.260090e-12,1.788344e-08,5.213979e-12
45.019531,8.558866e-11,1.811531e-10,1.725875e-07,1.532396e-07,5.018139e-12,8.766479e-10,3.196709e-10,1.580903e-09,2.922050e-09,5.313122e-08,3.363944e-09,5.570945e-09,7.119363e-09,3.251639e-09,2.405219e-08,1.578825e-08,5.639637e-12,1.927954e-09,1.053660e-11,8.033433e-11,2.113713e-12,8.683070e-13,1.017934e-12,3.757255e-08,2.844803e-12
45.068359,8.727376e-11,2.188771e-11,1.374878e-07,1.837595e-07,2.412102e-12,8.896416e-10,2.752836e-10,1.959137e-09,2.536260e-09,5.835631e-08,4.033309e-09,5.649990e-09,3.802053e-09,2.567813e-09,1.527079e-08,2.415327e-08,3.957267e-12,2.119999e-09,1.000352e-11,1.641049e-10,2.309154e-12,7.208139e-13,2.291044e-12,3.666958e-08,2.681509e-12
45.117188,8.907208e-11,1.928010e-10,1.268755e-07,1.790179e-07,3.176068e-12,7.336852e-10,1.912374e-10,1.556191e-09,1.546484e-09,6.808785e-08,4.107139e-09,4.857623e-09,4.474756e-09,9.777675e-10,5.158773e-09,1.731199e-08,2.618923e-12,2.797339e-09,5.019612e-12,1.118199e-10,3.261594e-12,1.651370e-12,7.485586e-13,2.985231e-08,2.615602e-12
45.166016,8.668886e-11,3.012831e-10,1.360182e-07,1.408825e-07,4.663630e-12,8.489215e-10,8.694031e-11,1.684096e-09,9.045785e-10,6.563057e-08,3.898290e-09,4.272618e-09,3.234934e-09,1.998399e-09,1.266339e-08,2.024743e-08,3.240474e-12,2.967233e-09,3.133877e-12,8.555019e-11,2.058895e-12,1.900427e-12,1.354750e-12,4.080908e-08,3.644603e-12
45.214844,7.791638e-11,3.142541e-10,1.405189e-07,8.812486e-08,4.928917e-12,1.143845e-09,5.902755e-11,2.054772e-09,8.298027e-10,6.187832e-08,3.430350e-09,4.329336e-09,2.794736e-09,3.929681e-09,1.372946e-08,1.555453e-08,3.948928e-12,3.407426e-10,4.743056e-12,1.098256e-10,2.121041e-13,5.716627e-13,1.829362e-12,4.027288e-08,5.467332e-12
45.263672,6.414692e-11,2.545167e-10,1.268047e-07,6.740270e-08,5.744574e-12,1.263786e-09,1.400997e-10,1.484044e-09,1.346011e-10,6.818896e-08,3.023756e-09,5.723061e-09,3.697351e-09,3.783688e-09,1.723645e-08,1.088430e-08,3.615775e-12,1.026115e-09,1.012447e-11,1.103782e-10,1.622809e-12,8.073930e-13,1.190750e-12,5.236340e-08,4.934846e-12
45.312500,4.958770e-11,2.089311e-10,9.535464e-08,9.176090e-08,8.123452e-12,1.350244e-09,2.022456e-10,4.443865e-10,9.773886e-10,6.352552e-08,2.731510e-09,7.473667e-09,4.856052e-09,2.070386e-09,2.343254e-08,1.087695e-08,2.884395e-12,1.074083e-09,7.818790e-12,9.567532e-11,4.398951e-12,6.364761e-13,1.346195e-12,7.361580e-08,4.108006e-12
45.361328,3.846973e-11,2.261561e-10,5.478846e-08,1.080915e-07,1.011780e-11,1.599572e-09,2.423553e-10,2.208742e-10,1.453640e-09,4.733830e-08,2.148515e-09,6.739796e-09,4.383870e-09,5.944306e-10,2.066198e-08,8.308970e-09,1.457787e-12,6.396032e-10,7.332790e-12,1.730933e-10,2.870935e-12,5.248464e-13,6.049274e-13,4.626965e-08,5.632987e-12
45.410156,3.250567e-11,2.122744e-10,1.820679e-08,1.029692e-07,1.044772e-11,1.739535e-09,2.734755e-10,5.320440e-10,1.316019e-09,4.176237e-08,1.418203e-09,3.490349e-09,1.919370e-09,3.020002e-09,1.953991e-08,2.089925e-08,3.327748e-12,2.882508e-09,5.050757e-12,8.172327e-11,2.710798e-12,2.465192e-12,1.382668e-12,2.562883e-08,3.864786e-12
45.458984,3.108965e-11,1.883986e-10,1.929798e-08,8.480827e-08,9.151247e-12,1.494986e-09,2.941845e-10,1.250392e-09,1.084923e-09,3.893537e-08,1.406189e-09,2.860298e-09,6.333290e-09,4.558026e-09,2.021629e-08,1.476462e-08,3.737261e-12,4.141181e-09,6.005960e-12,1.401230e-10,3.516540e-12,1.151069e-12,1.970724e-12,2.853503e-09,4.110947e-12
45.507812,3.167747e-11,3.957043e-10,3.068879e-08,6.442403e-08,6.436879e-12,9.544349e-10,2.963532e-10,1.703318e-09,1.001841e-09,2.637936e-08,2.549714e-09,5.725586e-09,8.921942e-09,4.724721e-09,1.616509e-08,4.277455e-09,1.415597e-12,4.978361e-09,4.992306e-12,1.290571e-10,4.327578e-12,1.587917e-12,1.505388e-12,2.949715e-08,3.145504e-12
45.556641,3.216423e-11,7.334136e-10,2.826557e-08,5.137103e-08,3.508709e-12,6.627336e-10,2.846453e-10,2.009890e-09,1.009902e-09,2.126791e-08,3.890983e-09,6.778166e-09,9.066197e-09,3.585829e-09,1.626617e-08,8.221844e-09,1.441863e-12,3.952439e-09,2.930131e-12,5.481919e-11,5.390218e-12,1.487256e-12,2.583768e-12,1.371100e-08,2.863498e-12
45.605469,3.153957e-11,1.045014e-09,1.605896e-08,5.953696e-08,5.663783e-13,9.509997e-10,2.656974e-10,2.673797e-09,1.147806e-09,3.333737e-08,3.866340e-09,6.726144e-09,8.320364e-09,2.066140e-09,2.460339e-08,3.736188e-09,1.260069e-12,3.167816e-09,5.244584e-12,3.188135e-11,3.696602e-12,2.094878e-12,1.828471e-12,2.965198e-08,3.339530e-12
45.654297,3.114992e-11,1.233905e-09,4.308284e-09,8.310695e-08,3.827761e-12,1.198350e-09,2.338416e-10,3.350332e-09,1.334032e-09,4.665555e-08,2.865912e-09,6.040750e-09,9.376972e-09,3.098509e-09,2.713105e-08,7.886927e-09,2.226338e-12,4.007932e-09,5.712870e-12,1.104738e-10,2.245718e-12,1.394665e-12,7.572803e-13,5.274494e-08,3.803265e-12
45.703125,3.218386e-11,1.262906e-09,1.118678e-08,1.026143e-07,7.448358e-12,1.230473e-09,1.877083e-10,3.549514e-09,1.481138e-09,5.257941e-08,2.669971e-09,4.759294e-09,9.797149e-09,3.768427e-09,2.677907e-08,2.187290e-08,1.714037e-12,6.697708e-09,8.874846e-12,1.666633e-10,2.008425e-12,1.631368e-12,3.499815e-13,3.529000e-08,2.120938e-12
45.751953,3.348891e-11,1.163672e-09,1.533509e-08,1.087262e-07,1.035950e-11,1.075629e-09,1.591549e-10,3.159147e-09,1.651153e-09,4.622681e-08,2.372958e-09,4.562529e-09,6.694019e-09,4.305595e-09,2.187443e-08,2.902232e-08,2.163990e-12,6.090346e-09,8.119283e-12,7.163643e-11,1.735350e-12,1.855309e-12,8.590646e-13,2.330986e-08,4.110313e-12
45.800781,3.390608e-11,1.007984e-09,1.847791e-08,1.035639e-07,1.061632e-11,7.667625e-10,1.891489e-10,2.317938e-09,1.743616e-09,3.958272e-08,2.387490e-09,4.204021e-09,3.437270e-09,4.810025e-09,1.362864e-08,1.508439e-08,1.240055e-12,1.584005e-09,5.555425e-12,9.684848e-11,2.771417e-12,5.963008e-13,1.775210e-12,3.856813e-08,7.123979e-12
45.849609,3.401606e-11,8.432912e-10,2.698138e-08,9.697774e-08,9.142351e-12,4.001423e-10,2.505807e-10,1.269415e-09,1.609425e-09,4.785294e-08,2.645733e-09,3.394644e-09,1.212518e-10,3.430466e-09,1.293217e-08,8.582070e-09,4.846679e-12,7.532825e-10,3.250474e-12,6.669157e-11,2.899588e-12,8.626573e-13,1.638864e-12,2.938375e-08,6.080022e-12
45.898438,3.501259e-11,6.666447e-10,3.760960e-08,9.926791e-08,7.853065e-12,4.112986e-10,2.954839e-10,6.194358e-10,1.330533e-09,5.434220e-08,2.551761e-09,3.615764e-09,3.540999e-09,1.279331e-09,1.204547e-08,1.365264e-08,6.308065e-12,2.363997e-09,2.315382e-12,3.749179e-11,2.348594e-12,5.327883e-13,1.153354e-12,3.160226e-08,8.164781e-12
45.947266,3.582907e-11,5.050786e-10,4.512454e-08,1.125194e-07,7.089994e-12,7.193940e-10,2.942216e-10,9.585912e-10,7.676915e-10,5.199196e-08,3.074732e-09,4.729356e-09,4.197893e-09,1.074985e-09,1.063935e-08,1.670947e-08,5.994294e-12,2.536255e-09,2.301128e-12,4.564917e-11,1.576603e-12,1.389637e-12,1.859463e-12,2.638007e-08,2.911705e-12
45.996094,3.456673e-11,4.879956e-10,4.718782e-08,1.291524e-07,6.791419e-12,8.775665e-10,2.444926e-10,1.129752e-09,3.995090e-10,5.231334e-08,3.369224e-09,5.857723e-09,4.665256e-09,4.123468e-10,7.224666e-09,1.226156e-08,4.479551e-12,1.676859e-09,2.218190e-12,1.025108e-10,2.595726e-12,5.592136e-13,1.366906e-12,3.954728e-08,6.790466e-13
46.044922,3.045436e-11,6.208494e-10,4.377801e-08,1.386954e-07,5.506940e-12,8.093865e-10,1.694393e-10,1.126439e-09,1.702515e-09,5.884471e-08,3.775283e-09,6.954484e-09,4.827985e-09,6.481479e-10,7.841607e-09,1.110208e-08,2.692157e-12,1.746569e-09,1.968412e-12,4.854384e-11,1.579455e-12,2.456050e-12,5.084213e-13,1.513583e-08,3.357902e-12
46.093750,2.597280e-11,7.414458e-10,3.677715e-08,1.352903e-07,1.708133e-12,6.461790e-10,1.043686e-10,1.024494e-09,2.590194e-09,5.675433e-08,4.676830e-09,7.443871e-09,2.560016e-09,9.311592e-10,1.649917e-08,7.402056e-09,4.206246e-12,2.312571e-09,5.166866e-12,1.017728e-10,1.707369e-12,2.202953e-13,4.757900e-13,2.515474e-08,2.986155e-12
46.142578,2.491584e-11,8.005846e-10,3.247975e-08,1.224619e-07,2.773606e-12,6.870520e-10,7.126176e-11,5.430653e-10,2.612143e-09,3.430936e-08,5.382967e-09,7.295704e-09,1.584189e-10,1.486855e-09,1.389610e-08,5.244388e-09,4.131723e-12,1.875977e-09,3.781302e-12,5.951429e-11,1.593159e-12,4.702382e-13,1.230150e-12,7.898013e-09,3.657696e-12
46.191406,2.947231e-11,8.634673e-10,4.194066e-08,1.099768e-07,6.349991e-12,8.388443e-10,4.999602e-11,2.971221e-10,1.953278e-09,3.922974e-09,5.182610e-09,6.079149e-09,9.991198e-10,1.613449e-09,5.468453e-09,7.603320e-09,3.321662e-12,2.117448e-09,2.463898e-12,6.719973e-11,3.516225e-12,2.641305e-12,6.136504e-13,1.709942e-08,3.407035e-12
46.240234,3.879977e-11,9.682059e-10,6.386938e-08,1.005472e-07,7.846523e-12,7.606779e-10,5.411735e-11,7.532471e-10,1.322026e-09,3.930411e-08,3.463884e-09,4.334753e-09,2.482817e-09,2.101811e-09,9.353673e-09,1.283895e-08,8.200678e-13,1.047019e-09,3.013779e-12,8.071174e-11,3.613710e-12,2.637025e-12,9.046333e-13,3.600136e-09,7.586629e-13
46.289062,5.149116e-11,1.044757e-09,8.869133e-08,8.531810e-08,7.868652e-12,3.585208e-10,8.634810e-11,7.365335e-10,1.437623e-09,5.776643e-08,1.911632e-09,3.034373e-09,4.555214e-09,1.246129e-09,8.638021e-09,1.738217e-08,2.139444e-12,4.014927e-09,3.373416e-12,4.652646e-11,1.621630e-12,2.339037e-12,1.436034e-12,3.249598e-08,3.110950e-12
46.337891,6.583544e-11,1.006038e-09,1.098834e-07,5.893793e-08,5.861111e-12,2.690669e-10,8.958294e-11,8.117959e-10,2.032989e-09,5.979286e-08,3.550803e-09,2.407996e-09,4.862707e-09,1.156421e-09,2.792047e-09,1.440633e-08,1.940416e-12,4.390390e-09,5.451446e-12,1.181160e-10,2.029585e-12,1.222396e-12,6.852795e-13,3.537833e-08,3.823116e-12
46.386719,7.894158e-11,8.394810e-10,1.261390e-07,3.225790e-08,3.798169e-12,7.425163e-10,4.772423e-11,1.130526e-09,2.567767e-09,5.514758e-08,4.683602e-09,3.707653e-09,3.494083e-09,2.251056e-09,4.810351e-09,4.091086e-09,8.053615e-13,3.460251e-09,1.006414e-11,1.595928e-10,1.859276e-12,1.850652e-12,7.940967e-13,2.033761e-08,5.797611e-12
46.435547,8.741450e-11,6.200257e-10,1.410261e-07,3.317350e-08,2.775187e-12,8.600573e-10,5.205123e-11,1.064030e-09,2.609886e-09,4.777277e-08,4.381153e-09,4.371325e-09,2.239970e-09,1.813172e-09,8.861974e-09,4.315404e-09,2.588587e-12,3.817025e-09,4.849012e-12,1.367577e-10,1.002494e-12,2.869727e-12,1.646810e-12,3.160394e-08,4.558968e-12
46.484375,8.941375e-11,4.673205e-10,1.558546e-07,4.342732e-08,3.932021e-12,5.764968e-10,1.277113e-10,5.830016e-10,1.983144e-09,3.703502e-08,3.272171e-09,2.663404e-09,3.842648e-09,1.783285e-09,1.097428e-08,5.890787e-09,4.823044e-12,3.813732e-09,3.606710e-12,5.978176e-11,2.026460e-12,2.095083e-12,1.199780e-12,2.854018e-08,5.557410e-12
46.533203,8.612426e-11,4.272003e-10,1.624949e-07,4.186415e-08,5.806763e-12,5.200774e-10,1.787980e-10,1.086440e-10,1.050442e-09,2.605148e-08,2.433802e-09,1.757487e-09,5.825256e-09,1.872342e-09,1.031554e-08,2.625573e-09,5.793290e-12,1.964195e-09,6.348264e-12,2.219866e-11,1.791357e-12,9.940889e-13,2.151935e-12,4.287279e-08,6.166281e-12
46.582031,8.265027e-11,4.150890e-10,1.480536e-07,3.692233e-08,7.333285e-12,1.088525e-09,1.947071e-10,6.247384e-10,7.989824e-10,2.221248e-08,2.216530e-09,2.812286e-09,7.636772e-09,2.132638e-09,7.276307e-09,8.972334e-09,4.379045e-12,4.501279e-09,6.694612e-12,6.432571e-11,1.377262e-12,7.603396e-13,8.274737e-13,2.407058e-08,6.953890e-12
46.630859,8.446577e-11,3.754497e-10,1.057822e-07,4.241772e-08,7.795807e-12,1.505533e-09,1.851854e-10,1.153658e-09,9.451532e-10,2.846925e-08,2.782312e-09,3.770701e-09,9.402048e-09,2.934375e-09,4.765721e-09,1.900663e-08,4.176890e-12,3.024417e-09,4.221504e-12,5.107337e-11,6.876736e-13,1.895184e-12,6.929514e-13,1.776275e-08,5.924344e-12
46.679688,9.140914e-11,3.113724e-10,4.300207e-08,5.030069e-08,8.402646e-12,1.589789e-09,1.664064e-10,1.611972e-09,6.385952e-10,3.334079e-08,3.375448e-09,4.523035e-09,7.790096e-09,3.617349e-09,4.939787e-09,2.021551e-08,3.192723e-12,2.117213e-09,1.213135e-12,1.247259e-10,3.628873e-12,2.611080e-12,8.812950e-13,6.008212e-09,3.163854e-12
46.728516,9.696137e-11,2.419844e-10,3.885147e-08,4.915373e-08,7.823622e-12,1.467593e-09,1.473227e-10,1.936275e-09,1.535463e-10,2.967496e-08,3.742735e-09,4.332476e-09,6.202394e-09,4.024765e-09,4.407218e-09,2.272927e-08,1.483061e-12,2.000304e-09,5.479214e-12,1.274102e-10,2.500514e-12,1.981420e-12,1.052013e-12,6.116378e-09,1.267546e-12
46.777344,9.648445e-11,2.399265e-10,9.211498e-08,3.881879e-08,6.920007e-12,1.372413e-09,1.264576e-10,2.015199e-09,4.315916e-10,2.765402e-08,4.461422e-09,3.386748e-09,6.498563e-09,4.401061e-09,4.229141e-10,1.791167e-08,1.107258e-12,2.418904e-09,9.904674e-12,1.195209e-10,7.164528e-13,1.218888e-12,2.262026e-12,4.131000e-08,3.472031e-12
46.826172,8.908258e-11,3.566695e-10,1.160338e-07,3.332006e-08,4.940043e-12,1.383461e-09,1.036895e-10,1.747955e-09,5.733335e-10,3.113988e-08,5.052689e-09,3.244224e-09,4.721074e-09,4.059310e-09,7.301425e-09,1.992178e-08,2.389837e-12,1.830776e-09,8.486130e-12,4.217949e-11,5.264401e-13,7.168851e-13,1.503725e-12,4.340700e-08,2.898025e-12
46.875000,7.785442e-11,4.929599e-10,1.032759e-07,5.236356e-08,3.837740e-12,1.412556e-09,9.906151e-11,1.302619e-09,6.337070e-10,2.188364e-08,5.570714e-09,2.753325e-09,2.923974e-09,3.293771e-09,1.042894e-08,1.640025e-08,1.597123e-12,1.463115e-09,9.374977e-12,5.165673e-11,2.009902e-12,9.468053e-13,4.800433e-13,3.923345e-08,5.344942e-12
46.923828,6.776771e-11,5.706348e-10,6.194872e-08,8.473043e-08,2.177571e-12,1.408103e-09,1.272376e-10,1.158531e-09,7.922707e-10,3.060984e-09,5.672746e-09,8.718748e-10,4.559198e-09,2.355009e-09,1.445464e-08,1.891820e-08,3.119337e-12,1.160227e-09,6.721456e-12,4.015464e-11,7.984197e-13,4.633237e-13,1.423613e-12,1.654919e-08,6.580945e-12
46.972656,6.358902e-11,5.707242e-10,1.549464e-08,1.177995e-07,7.443908e-13,1.376667e-09,1.613009e-10,1.175925e-09,8.415575e-10,2.970911e-08,4.444177e-09,1.630728e-09,5.306235e-09,1.534429e-09,1.781792e-08,1.743157e-08,4.777452e-12,1.868325e-09,4.530194e-12,4.021143e-11,1.171996e-12,1.541539e-12,1.520912e-12,3.867799e-08,7.105240e-12
47.021484,6.516614e-11,5.262188e-10,4.581328e-08,1.452950e-07,2.191744e-12,1.317302e-09,1.804776e-10,8.502540e-10,7.642942e-10,4.542839e-08,2.287909e-09,3.283777e-09,4.765003e-09,8.407235e-10,1.425429e-08,1.464797e-08,4.583498e-12,2.049866e-09,7.162090e-12,1.293541e-10,2.040648e-12,2.078895e-12,1.755703e-12,2.389497e-08,2.560123e-12
47.070312,6.884300e-11,4.861582e-10,7.708144e-08,1.648916e-07,3.690148e-12,1.203393e-09,1.902312e-10,5.058097e-10,8.540806e-10,4.766055e-08,6.456521e-10,3.853980e-09,3.739156e-09,7.849924e-10,1.293185e-08,1.326947e-08,2.133537e-12,1.960560e-09,6.218742e-12,1.021155e-10,2.888936e-12,1.982037e-12,7.869283e-13,8.475384e-09,1.030188e-12
47.119141,6.987536e-11,4.689852e-10,8.844614e-08,1.781943e-07,4.307609e-12,1.000029e-09,2.070040e-10,7.656161e-10,1.042339e-09,4.261364e-08,1.558783e-09,3.447765e-09,3.409269e-09,1.717146e-09,9.597268e-09,7.921581e-09,4.877953e-12,1.288385e-09,4.358766e-12,1.376757e-10,1.811122e-12,1.170591e-12,5.044124e-13,3.431245e-08,2.333723e-12
47.167969,6.658852e-11,4.665310e-10,8.167859e-08,1.879394e-07,4.078525e-12,7.273175e-10,2.272846e-10,8.791370e-10,1.049325e-09,3.812016e-08,2.156143e-09,2.533851e-09,3.077314e-09,3.704756e-09,4.988340e-09,8.820664e-09,6.365182e-12,4.264516e-10,5.004878e-12,1.392220e-10,2.614334e-12,2.222934e-12,1.003273e-12,1.303269e-08,2.542656e-12
47.216797,5.997905e-11,4.827142e-10,6.125057e-08,1.930046e-07,2.142248e-12,6.346286e-10,2.392007e-10,8.197655e-10,8.602580e-10,3.664617e-08,1.901031e-09,2.049609e-09,3.238219e-09,4.280383e-09,3.897704e-09,6.321971e-09,5.224155e-12,1.593670e-09,5.794834e-12,8.194419e-11,3.013743e-12,1.757273e-12,1.015922e-12,1.746527e-08,5.497000e-12
