1015,25,6,11.541000,8.00,2,2,2
freq,site_01,site_02,site_03,site_04,site_05,site_06,site_07,site_08,site_09,site_10,site_11,site_12,site_13,site_14,site_15,site_16,site_17,site_18,site_19,site_20,site_21,site_22,site_23,site_24,site_25
0.000000,9.479328e-09,1.630217e-08,5.660647e-11,1.127221e-09,3.287305e-09,2.613597e-11,8.759375e-10,1.587491e-08,6.614708e-09,8.812181e-09,4.738539e-10,4.825173e-09,6.858574e-09,4.277430e-09,2.292912e-08,1.171128e-09,2.757991e-09,9.298625e-09,7.864698e-09,1.243643e-08,7.480371e-09,1.332849e-08,2.581242e-10,1.447741e-08,5.894915e-09
0.048828,1.822191e-08,1.511217e-08,1.249839e-08,2.675198e-09,1.261050e-08,8.607350e-09,1.280910e-08,5.979439e-09,4.825925e-09,2.490025e-09,5.337386e-09,2.459164e-09,2.258588e-09,1.660212e-09,6.522011e-09,1.414042e-09,3.857954e-10,3.607563e-09,1.588080e-09,1.892947e-09,1.838147e-10,6.560387e-10,9.320350e-10,3.406365e-10,5.546918e-10
0.097656,4.156415e-08,3.531527e-08,2.395873e-08,1.105296e-08,2.574774e-08,2.318306e-08,1.994833e-08,1.361915e-08,1.006515e-08,5.123909e-09,1.297460e-08,6.990377e-09,1.270682e-09,5.703681e-09,6.709186e-09,3.407490e-09,2.369578e-09,5.428454e-09,1.345111e-09,6.502043e-09,3.378929e-09,1.984059e-09,1.141906e-09,6.939590e-09,2.581218e-09
0.146484,6.480525e-08,5.744060e-08,3.445765e-08,2.251580e-08,3.502515e-08,4.475390e-08,1.822450e-08,2.956532e-08,1.100107e-08,7.798392e-09,1.521282e-08,1.171466e-08,9.556302e-09,1.011580e-08,1.889873e-08,7.698020e-09,6.667400e-09,1.239314e-08,8.895698e-09,1.126288e-08,9.075106e-09,2.086472e-09,3.382073e-09,1.676974e-08,2.044915e-09
0.195312,8.782717e-08,7.782041e-08,4.218386e-08,3.010490e-08,3.827524e-08,7.058377e-08,4.295660e-08,3.997971e-08,6.420285e-09,1.045793e-08,9.234135e-09,1.343278e-08,2.424753e-08,2.342616e-08,2.972653e-08,1.074918e-08,1.419641e-08,1.392052e-08,1.691011e-08,1.139822e-08,8.874923e-09,2.290133e-09,3.587085e-09,1.780267e-08,8.350095e-09
0.244141,1.141698e-07,9.006676e-08,4.515898e-08,2.517326e-08,4.002117e-08,9.186698e-08,7.964053e-08,3.673396e-08,1.434192e-08,2.543458e-08,1.142029e-08,1.349513e-08,3.010828e-08,4.801940e-08,1.719448e-08,1.104743e-08,2.380752e-08,1.140938e-08,1.593610e-08,1.895720e-08,1.017757e-08,1.170274e-09,5.793233e-09,4.362133e-09,2.542380e-08
0.292969,1.547145e-07,9.087260e-08,4.164735e-08,2.479724e-08,4.547729e-08,1.009561e-07,1.064126e-07,3.210412e-08,3.268497e-08,5.589529e-08,1.780363e-08,2.697616e-08,3.227406e-08,6.731701e-08,3.084474e-08,6.972055e-09,1.649670e-08,5.729670e-09,1.076009e-08,1.002005e-08,1.376810e-08,5.636292e-09,4.841711e-09,6.146149e-09,3.300454e-08
0.341797,2.188580e-07,8.023782e-08,3.127411e-08,7.516485e-08,5.204181e-08,9.364249e-08,1.265355e-07,3.620570e-08,5.557163e-08,8.038157e-08,3.221817e-08,5.527925e-08,3.708563e-08,6.165607e-08,5.885460e-08,5.295288e-09,3.742275e-09,5.843808e-09,1.230399e-08,2.658750e-08,1.023826e-08,1.628430e-08,5.202972e-09,1.697766e-08,1.614541e-08
0.390625,3.216862e-07,6.582999e-08,1.499245e-08,1.513709e-07,6.347231e-08,8.117709e-08,1.482566e-07,3.539821e-08,7.631837e-08,7.277326e-08,5.286438e-08,7.163536e-08,4.077850e-08,3.235549e-08,6.573006e-08,7.710599e-09,1.233218e-08,1.154501e-08,3.036452e-08,3.088330e-08,5.674675e-09,2.072432e-08,1.075194e-08,3.618132e-08,2.684924e-08
0.439453,4.593044e-07,4.658003e-08,6.628581e-09,2.386641e-07,8.828110e-08,7.914274e-08,1.519065e-07,2.277258e-08,8.883605e-08,3.055325e-08,5.890082e-08,8.427428e-08,5.119648e-08,1.731438e-09,5.716589e-08,4.339192e-09,2.723284e-08,2.523120e-08,4.196701e-08,4.309383e-08,2.012034e-08,1.953185e-09,2.353158e-09,5.048135e-08,3.964727e-08
0.488281,6.038862e-07,4.178280e-08,3.198168e-08,3.213500e-07,1.225668e-07,9.362938e-08,1.251617e-07,2.760344e-08,8.757196e-08,6.066549e-08,5.523919e-08,1.206724e-07,5.636974e-08,1.675384e-08,7.342670e-08,1.168078e-08,8.374114e-09,4.498006e-08,4.010236e-08,4.304242e-08,1.118034e-08,1.254929e-08,7.268371e-09,5.352890e-08,4.080003e-08
0.537109,7.221739e-07,9.664754e-08,5.873809e-08,3.815796e-07,1.558461e-07,1.106237e-07,7.723956e-08,5.872844e-08,6.572710e-08,1.161192e-07,5.614937e-08,1.302464e-07,6.031575e-08,3.703567e-09,1.098165e-07,1.330745e-08,5.130274e-08,4.074634e-08,2.087254e-08,3.132747e-08,1.161744e-08,7.841771e-09,7.259458e-09,8.082882e-08,4.007548e-08
0.585938,7.762250e-07,1.652615e-07,8.300714e-08,3.952990e-07,1.825926e-07,1.061933e-07,1.565964e-08,9.630850e-08,4.312196e-08,1.515859e-07,3.971880e-08,1.411471e-07,7.520042e-08,6.733604e-08,9.922426e-08,3.333355e-08,5.078376e-08,1.300348e-08,3.861412e-08,2.640833e-08,1.424346e-08,2.917422e-08,8.046871e-09,4.232790e-08,5.491876e-08
0.634766,7.407146e-07,2.028528e-07,1.029003e-07,3.519095e-07,2.055321e-07,6.396616e-08,5.409107e-08,1.136986e-07,4.724294e-08,1.709983e-07,2.470520e-08,1.550768e-07,6.898412e-08,1.607226e-07,5.064862e-08,4.843646e-08,1.258280e-08,4.671523e-08,5.067795e-08,4.477524e-08,1.400861e-08,4.007078e-08,1.190675e-08,2.114423e-08,2.791603e-08
0.683594,6.273074e-07,1.759978e-07,1.220106e-07,3.024458e-07,2.314416e-07,9.140492e-08,8.169058e-08,9.846526e-08,2.760632e-08,1.717725e-07,5.787534e-08,1.511586e-07,3.742698e-08,2.024454e-07,6.483714e-08,4.907827e-08,1.330777e-08,3.431442e-08,5.173526e-08,2.268722e-08,2.250202e-08,3.990009e-08,1.772157e-08,2.552505e-08,3.149583e-08
0.732422,4.989134e-07,7.969401e-08,1.475892e-07,3.618588e-07,2.603762e-07,2.252913e-07,3.666901e-08,7.620855e-08,2.722676e-08,1.677551e-07,9.422824e-08,1.532857e-07,1.888300e-08,1.888920e-07,5.686555e-08,6.656228e-08,4.182373e-08,5.364870e-09,4.968972e-08,3.423812e-08,3.192895e-08,3.597139e-08,2.064853e-08,2.202903e-08,7.253953e-08
0.781250,4.441332e-07,9.920260e-08,1.809984e-07,5.023461e-07,2.775228e-07,3.436446e-07,1.155902e-07,1.031040e-07,8.272372e-08,1.766929e-07,1.383100e-07,1.348259e-07,3.230166e-08,1.696438e-07,2.241732e-08,4.810808e-08,7.785669e-08,9.617645e-09,4.862000e-08,4.254691e-08,4.228599e-08,3.292518e-08,1.072150e-08,5.569345e-08,3.337082e-08
0.830078,4.944791e-07,2.749666e-07,2.133922e-07,6.046832e-07,2.610925e-07,3.945922e-07,2.748435e-07,1.969400e-07,1.090003e-07,2.024355e-07,1.553572e-07,9.400515e-08,5.207800e-08,6.282043e-08,6.837254e-08,3.527915e-08,1.161299e-07,5.240654e-09,3.193208e-08,6.454886e-09,1.783329e-08,2.349380e-08,1.953814e-08,6.309096e-08,9.333174e-08
0.878906,5.758621e-07,4.406984e-07,2.327740e-07,5.990351e-07,1.947871e-07,3.866418e-07,3.973428e-07,2.790744e-07,1.094351e-07,2.367352e-07,1.252851e-07,5.577645e-08,7.994183e-08,1.081925e-07,1.254871e-07,5.474498e-08,1.268045e-07,1.576320e-08,2.692003e-08,4.074113e-08,4.682220e-08,1.038905e-08,3.864995e-09,3.041925e-08,3.054284e-08
0.927734,6.269414e-07,5.761063e-07,2.354482e-07,4.673784e-07,8.017784e-08,3.679107e-07,4.531531e-07,2.970486e-07,1.091259e-07,2.473067e-07,7.787659e-08,3.768613e-08,1.047889e-07,2.083312e-07,1.326059e-07,5.732552e-08,9.968240e-08,2.244094e-08,2.853122e-08,4.673595e-08,4.598528e-08,6.140439e-08,2.654231e-08,4.627654e-08,2.754767e-08
0.976562,6.519309e-07,6.876212e-07,2.389119e-07,2.413098e-07,7.369195e-08,3.317505e-07,4.543210e-07,2.871484e-07,1.179621e-07,2.211683e-07,6.826836e-08,6.057166e-08,1.195723e-07,2.217830e-07,1.347328e-07,3.050116e-08,3.475111e-08,5.164434e-08,3.900783e-08,3.573775e-08,3.668031e-08,6.909179e-08,1.457332e-08,5.156368e-08,2.047307e-08
1.025391,7.083305e-07,7.952496e-07,2.839116e-07,4.636881e-08,2.075552e-07,2.497078e-07,4.315551e-07,3.180034e-07,1.313463e-07,2.039263e-07,1.620932e-07,9.337015e-08,1.162979e-07,2.579134e-07,1.077151e-07,4.846524e-08,3.289372e-08,5.624951e-08,3.380505e-08,9.420585e-08,3.047337e-08,3.341998e-08,3.641225e-08,9.003343e-08,5.457493e-08
1.074219,7.865856e-07,8.424655e-07,3.638637e-07,2.744655e-07,2.845148e-07,2.456508e-07,3.843274e-07,3.423436e-07,1.234136e-07,2.092095e-07,2.391175e-07,8.863098e-08,5.593575e-08,2.891981e-07,1.333734e-07,6.357027e-08,9.943464e-08,6.356066e-08,1.070632e-08,1.205546e-07,3.565490e-08,3.475346e-08,3.474195e-08,1.381996e-07,4.445000e-08
1.123047,8.558590e-07,8.085086e-07,4.458536e-07,4.398796e-07,2.804635e-07,4.472399e-07,3.851974e-07,3.432678e-07,9.883653e-08,1.915224e-07,2.244811e-07,4.652005e-08,4.345779e-08,2.940744e-07,1.707452e-07,6.177830e-08,6.873323e-08,9.973159e-08,3.915361e-08,6.606690e-08,4.564713e-08,5.192037e-08,1.044269e-08,9.323878e-08,5.860121e-08
1.171875,8.522261e-07,6.815644e-07,4.884613e-07,4.979774e-07,2.127201e-07,6.523359e-07,3.840710e-07,2.955396e-07,8.539730e-08,1.577261e-07,1.409788e-07,1.457755e-07,6.015687e-08,2.631346e-07,1.713118e-07,2.450843e-08,4.589790e-08,1.540015e-07,4.247669e-08,2.625350e-08,4.796519e-08,2.404342e-08,2.288332e-08,4.357024e-08,1.521260e-07
1.220703,7.512820e-07,5.045923e-07,4.711555e-07,4.402404e-07,1.600930e-07,7.906267e-07,2.895777e-07,1.808764e-07,9.119569e-08,1.944109e-07,8.829279e-08,1.831915e-07,9.092504e-08,2.244909e-07,2.539071e-07,4.219441e-08,2.893859e-08,1.236268e-07,2.724455e-08,5.575766e-08,7.575684e-08,3.205636e-08,7.109311e-08,1.652456e-07,1.329505e-07
1.269531,5.977356e-07,4.111205e-07,4.056905e-07,2.753469e-07,1.970709e-07,8.841452e-07,1.903981e-07,7.209070e-08,7.703731e-08,1.788965e-07,1.355316e-07,9.136494e-08,1.163248e-07,1.745159e-07,3.244391e-07,6.478477e-08,8.566193e-08,6.976263e-08,8.889970e-08,9.027894e-08,6.485282e-08,3.358258e-08,8.308451e-08,1.958360e-07,1.520931e-07
1.318359,5.023717e-07,5.142328e-07,3.373318e-07,5.988710e-08,2.449266e-07,9.671402e-07,3.103795e-07,1.683614e-07,8.204989e-08,1.064093e-07,2.132365e-07,5.468010e-08,5.957646e-08,2.921747e-08,2.602572e-07,9.052426e-09,6.705163e-08,1.418888e-07,1.022074e-07,1.011116e-07,3.968536e-08,2.637814e-08,3.101475e-08,9.230651e-08,1.265967e-07
1.367188,5.309683e-07,6.874606e-07,3.114906e-07,2.948008e-07,2.506463e-07,1.019223e-06,4.097057e-07,2.491029e-07,1.622833e-07,2.079893e-07,2.406958e-07,8.975779e-08,3.577112e-08,1.309826e-07,2.086217e-07,7.916121e-08,8.394488e-08,1.156139e-07,8.194758e-08,1.122563e-07,4.783913e-08,4.128255e-08,3.225516e-08,5.052842e-08,5.373620e-08
1.416016,5.978830e-07,8.230947e-07,3.077360e-07,5.906578e-07,2.230931e-07,9.774034e-07,3.770909e-07,3.627813e-07,2.339167e-07,2.842099e-07,2.009302e-07,7.013151e-08,3.943322e-08,2.222605e-07,2.425282e-07,6.085268e-08,1.049098e-07,1.171215e-07,1.041102e-07,1.041121e-07,6.856803e-08,9.140560e-09,6.676271e-08,1.420251e-07,1.601410e-07
1.464844,6.310521e-07,8.961363e-07,2.696697e-07,8.249144e-07,1.867237e-07,8.162720e-07,3.019395e-07,5.280037e-07,2.701674e-07,3.032607e-07,1.467179e-07,9.228488e-08,5.926752e-08,2.952588e-07,1.945592e-07,6.671351e-08,7.460920e-08,1.423220e-07,1.376408e-07,5.417072e-08,5.894305e-08,3.036028e-08,7.045597e-08,7.813482e-08,6.282939e-08
1.513672,6.458758e-07,9.181120e-07,1.739307e-07,9.424652e-07,1.527010e-07,6.155732e-07,3.335900e-07,5.847470e-07,2.971009e-07,3.396010e-07,1.325257e-07,2.221297e-07,5.147016e-08,3.016833e-07,1.384335e-07,6.972012e-08,4.825091e-08,1.253881e-07,1.140778e-07,1.360821e-07,9.054659e-08,1.013973e-07,3.458760e-08,8.498777e-08,1.894157e-07
1.562500,6.902383e-07,9.128876e-07,3.449901e-08,9.095060e-07,1.254579e-07,4.834010e-07,4.446710e-07,4.582520e-07,3.089339e-07,3.415638e-07,1.605664e-07,1.939137e-07,3.109144e-08,2.219385e-07,1.643984e-07,5.689981e-08,5.380220e-08,8.858291e-08,6.559348e-08,1.578312e-07,6.664221e-08,8.841630e-08,5.204128e-08,9.975478e-08,1.193654e-07
1.611328,7.773466e-07,9.014156e-07,1.267343e-07,7.308962e-07,1.510200e-07,3.643096e-07,5.569908e-07,2.404985e-07,2.655493e-07,2.671913e-07,2.050674e-07,5.995566e-08,7.777857e-08,1.143843e-07,2.318221e-07,9.248734e-08,5.542617e-08,4.692924e-08,6.331779e-08,1.250813e-07,8.018357e-08,3.772871e-08,6.175518e-08,1.408698e-08,1.128009e-07
1.660156,8.764842e-07,8.922534e-07,2.759896e-07,4.933412e-07,2.562461e-07,1.421560e-07,6.011658e-07,9.429888e-08,1.846784e-07,1.560499e-07,2.296291e-07,1.246840e-07,1.646369e-07,1.662345e-07,3.108870e-07,4.677178e-08,8.134792e-08,7.802090e-08,4.233370e-08,1.247058e-07,4.457097e-08,3.286170e-08,3.665597e-08,1.618653e-07,2.140107e-07
1.708984,9.483916e-07,8.846113e-07,4.016079e-07,4.713491e-07,3.883961e-07,1.697530e-07,5.206967e-07,1.746418e-07,2.117752e-07,5.738432e-08,2.100049e-07,1.116079e-07,2.608679e-07,2.146407e-07,3.759395e-07,6.469552e-08,9.222878e-08,1.424446e-07,4.076667e-08,4.105789e-08,5.841200e-08,4.797364e-08,1.559262e-08,9.071443e-08,8.041072e-08
1.757812,9.632101e-07,8.823244e-07,4.991045e-07,7.288841e-07,4.978610e-07,4.701697e-07,4.023479e-07,2.796384e-07,3.459884e-07,1.014396e-07,2.271381e-07,1.490647e-07,2.434970e-07,3.364799e-07,4.307015e-07,6.000535e-08,7.624478e-08,9.598849e-08,3.233797e-08,6.473795e-08,6.856044e-08,1.113317e-07,6.444757e-08,8.637804e-08,5.780254e-08
1.806641,9.045295e-07,8.957397e-07,5.703485e-07,9.779979e-07,5.622229e-07,6.600387e-07,4.688106e-07,3.361923e-07,4.298432e-07,2.351512e-07,2.984061e-07,1.884421e-07,1.002830e-07,4.775470e-07,4.709839e-07,4.421207e-08,5.316898e-08,9.621908e-08,2.381785e-08,6.146468e-08,4.064232e-08,1.197945e-07,6.044188e-08,1.742169e-07,1.746422e-07
1.855469,7.736716e-07,9.185296e-07,6.174827e-07,1.106769e-06,5.956494e-07,6.965807e-07,5.899854e-07,4.138809e-07,4.077931e-07,3.061895e-07,3.013716e-07,1.397155e-07,2.010659e-07,5.246406e-07,4.796999e-07,2.849191e-08,9.744871e-08,1.413478e-07,4.376074e-08,3.879187e-08,5.122560e-08,9.594421e-08,4.125402e-08,2.230117e-07,6.657359e-08
1.904297,5.914194e-07,9.157885e-07,6.365930e-07,1.118232e-06,6.272899e-07,6.232315e-07,5.695128e-07,5.316737e-07,3.408736e-07,2.503018e-07,2.254889e-07,7.966030e-08,3.883517e-07,3.570459e-07,4.260922e-07,5.838370e-08,1.573486e-07,3.481220e-08,1.253619e-08,9.656478e-08,3.272231e-08,7.840291e-08,4.073748e-08,1.333298e-07,4.720526e-08
1.953125,3.936930e-07,8.566144e-07,6.189798e-07,1.048997e-06,6.598199e-07,5.470473e-07,4.327052e-07,6.173243e-07,3.448755e-07,1.666788e-07,1.524810e-07,1.427049e-07,4.353847e-07,2.658555e-07,2.663279e-07,6.087474e-08,2.444824e-07,1.930905e-07,6.653110e-08,6.170626e-08,5.530366e-08,1.221342e-07,2.438151e-08,5.402900e-08,7.513771e-09
2.001953,2.327709e-07,7.609140e-07,5.668652e-07,9.077033e-07,6.739790e-07,5.040663e-07,3.244123e-07,6.160423e-07,3.894447e-07,2.456301e-07,1.189034e-07,2.300308e-07,4.002503e-07,1.226632e-07,9.115049e-08,3.980270e-08,2.170384e-07,2.404615e-07,8.318055e-08,2.386775e-08,1.564142e-07,1.485231e-07,4.311825e-08,6.489491e-08,2.484827e-08
2.050781,1.977195e-07,7.021495e-07,5.052051e-07,6.796613e-07,6.615213e-07,4.299746e-07,2.804297e-07,4.864891e-07,3.726392e-07,3.159633e-07,1.118640e-07,2.597124e-07,3.413220e-07,1.411408e-07,9.466562e-08,3.947047e-08,1.145556e-07,1.421656e-07,8.935350e-09,4.257585e-08,8.915009e-08,9.902833e-08,6.522369e-08,1.280242e-07,4.139318e-08
2.099609,2.710997e-07,7.204507e-07,4.725428e-07,3.984821e-07,6.308677e-07,3.679359e-07,2.109420e-07,2.581623e-07,2.753861e-07,2.730846e-07,1.103971e-07,2.059999e-07,3.122453e-07,1.996730e-07,1.688557e-07,2.955015e-08,2.237814e-08,6.501970e-08,1.406306e-07,1.363174e-07,2.708328e-08,6.145383e-09,4.132712e-08,1.348592e-07,1.201515e-07
2.148438,3.411215e-07,7.533698e-07,4.749987e-07,1.856049e-07,5.878562e-07,4.507239e-07,1.311505e-07,7.111872e-08,2.118317e-07,1.254440e-07,7.437947e-08,1.318750e-07,2.822454e-07,2.257404e-07,2.096183e-07,1.006010e-07,5.497557e-08,4.640334e-08,1.613465e-07,2.417943e-07,6.363983e-08,8.292979e-08,2.683503e-08,2.378537e-07,8.944885e-08
2.197266,3.797736e-07,7.435194e-07,4.766138e-07,2.116668e-07,5.354009e-07,5.886731e-07,1.404781e-07,1.499131e-07,2.801430e-07,7.788008e-08,1.888464e-07,1.545286e-07,1.582943e-07,3.318285e-07,2.388040e-07,1.288719e-07,1.737610e-08,1.134058e-07,1.187803e-07,2.659047e-07,7.993138e-08,9.064402e-08,3.231706e-08,1.892782e-07,5.418647e-08
2.246094,4.179481e-07,7.335563e-07,4.517436e-07,4.535380e-07,4.863981e-07,6.794390e-07,2.695375e-07,2.495374e-07,2.990519e-07,1.331219e-07,3.110938e-07,2.252269e-07,4.507592e-08,3.651248e-07,3.017508e-07,1.275692e-07,1.394932e-08,1.325506e-07,1.294367e-07,2.402733e-07,4.260511e-08,4.131126e-09,2.518106e-08,6.287329e-08,5.706639e-08
2.294922,5.185728e-07,8.194390e-07,4.122955e-07,8.862802e-07,4.539070e-07,7.421940e-07,4.371917e-07,3.137843e-07,2.237986e-07,6.183694e-08,2.910967e-07,2.757047e-07,7.314939e-08,3.153935e-07,3.798571e-07,5.693014e-08,3.391182e-08,5.820517e-08,6.871082e-08,2.215141e-07,4.860143e-08,3.039201e-08,4.323489e-08,3.085537e-08,4.085530e-08
2.343750,6.984489e-07,9.960749e-07,3.943168e-07,1.386305e-06,4.346548e-07,8.395470e-07,5.621408e-07,3.372460e-07,2.970614e-07,1.823294e-07,2.124196e-07,3.271166e-07,1.167064e-07,3.362465e-07,4.446720e-07,2.127858e-08,5.413316e-08,1.021032e-07,1.330922e-07,1.680807e-07,4.227266e-08,2.102444e-08,6.516258e-09,5.971097e-08,6.552426e-09
2.392578,9.056374e-07,1.171188e-06,4.213654e-07,1.783603e-06,4.234625e-07,9.957355e-07,6.166823e-07,3.602436e-07,4.989904e-07,3.405364e-07,2.876281e-07,3.393185e-07,1.077093e-07,3.022355e-07,4.870412e-07,3.954735e-08,7.419600e-08,3.722949e-08,1.525265e-07,8.453561e-08,5.616059e-08,1.096693e-08,3.279341e-08,1.546775e-08,9.606681e-08
2.441406,1.071713e-06,1.287889e-06,4.763125e-07,1.973808e-06,4.262377e-07,1.180952e-06,6.048198e-07,3.878981e-07,6.436551e-07,4.287370e-07,3.467067e-07,3.257260e-07,8.049810e-08,1.601034e-07,4.236929e-07,2.873321e-08,3.971789e-08,1.549478e-07,1.528626e-07,9.079199e-08,7.172231e-08,2.001212e-08,4.459686e-08,8.347062e-08,2.190606e-07
2.490234,1.142663e-06,1.351248e-06,5.188871e-07,1.969564e-06,4.437560e-07,1.348351e-06,4.900864e-07,4.034181e-07,7.444129e-07,4.541210e-07,3.024737e-07,3.463732e-07,7.551244e-08,1.313201e-07,3.064259e-07,5.654272e-08,8.143011e-08,2.707411e-07,1.366662e-07,8.649325e-08,8.526234e-08,9.098664e-09,2.178814e-08,1.821345e-07,2.319762e-07
2.539062,1.092748e-06,1.392465e-06,5.147061e-07,1.866896e-06,4.654006e-07,1.446944e-06,2.670696e-07,3.712010e-07,8.218841e-07,4.327040e-07,1.771540e-07,3.468266e-07,1.707375e-07,2.341855e-07,2.733613e-07,8.154784e-08,7.200464e-08,2.235535e-07,9.878874e-08,3.818865e-08,7.300237e-08,5.155290e-08,7.889489e-08,2.099952e-07,2.068702e-07
2.587891,9.325627e-07,1.415774e-06,4.527289e-07,1.743369e-06,4.847172e-07,1.414378e-06,2.807242e-07,2.448511e-07,8.016112e-07,3.952935e-07,6.194519e-08,3.297853e-07,2.626306e-07,2.244166e-07,2.561549e-07,1.555024e-07,4.270317e-08,1.297558e-07,1.057063e-07,9.930867e-08,1.370395e-08,3.901040e-08,1.434954e-07,2.420901e-07,1.393436e-07
2.636719,7.114830e-07,1.378231e-06,3.533260e-07,1.586833e-06,5.038758e-07,1.198983e-06,5.294776e-07,9.775453e-08,6.407743e-07,4.106693e-07,2.761991e-07,2.569211e-07,2.376019e-07,1.873723e-07,1.458320e-07,1.937716e-07,7.217185e-08,6.459347e-08,1.100570e-07,1.109124e-07,6.022403e-08,8.710805e-09,6.502706e-08,4.548559e-07,1.541222e-07
2.685547,5.199701e-07,1.223357e-06,2.625345e-07,1.335434e-06,5.233955e-07,8.136775e-07,6.380476e-07,1.637556e-07,4.214615e-07,5.642504e-07,4.134413e-07,2.714813e-07,1.388390e-07,2.466867e-07,1.554050e-07,1.436166e-07,8.943551e-08,1.404454e-07,7.296082e-08,3.120137e-07,4.505256e-08,4.189074e-08,4.132570e-08,1.354606e-07,7.055617e-08
2.734375,4.790643e-07,9.297276e-07,2.217432e-07,9.549206e-07,5.368883e-07,3.982053e-07,6.084526e-07,2.068893e-07,3.483056e-07,7.441555e-07,4.272004e-07,4.042918e-07,7.156757e-08,3.832291e-07,2.690160e-07,1.332672e-07,6.122031e-08,9.558863e-08,1.165475e-07,3.754349e-07,6.643372e-08,1.454509e-08,2.120531e-08,3.183977e-07,4.670115e-08
2.783203,6.149179e-07,5.422946e-07,2.212095e-07,4.767140e-07,5.368727e-07,3.229993e-07,5.943023e-07,2.269067e-07,4.053585e-07,7.840578e-07,3.878271e-07,3.707682e-07,1.319360e-07,5.256010e-07,3.068112e-07,1.617148e-07,6.349261e-08,1.269558e-07,1.304754e-07,3.401671e-07,8.125645e-08,1.847655e-08,5.509512e-08,1.665071e-07,4.210618e-08
2.832031,8.534597e-07,2.423315e-07,2.329279e-07,1.865495e-07,5.213205e-07,4.201155e-07,6.336905e-07,3.137802e-07,3.749624e-07,6.612240e-07,3.147039e-07,2.520697e-07,2.871364e-07,5.726839e-07,2.603655e-07,1.422204e-07,3.045696e-08,8.784140e-08,1.104228e-07,2.221409e-07,4.850685e-08,5.155022e-08,4.780302e-08,2.365258e-07,5.586487e-08
2.880859,1.155013e-06,4.051487e-07,2.555686e-07,5.921961e-07,4.852244e-07,3.187181e-07,6.185852e-07,3.630418e-07,2.665287e-07,4.822914e-07,2.488439e-07,2.555800e-07,3.960953e-07,5.248483e-07,2.033219e-07,1.101004e-07,6.086949e-08,1.641845e-07,1.036505e-07,1.906611e-07,4.159640e-08,4.122385e-08,1.967067e-08,4.289611e-08,8.697898e-08
2.929688,1.483244e-06,6.281417e-07,2.928130e-07,9.835851e-07,4.156373e-07,2.638343e-07,5.182634e-07,2.791746e-07,2.156658e-07,3.850015e-07,3.138866e-07,2.046384e-07,3.790848e-07,5.294506e-07,1.025303e-07,8.583549e-08,9.822351e-08,1.720057e-07,9.255009e-08,1.362836e-07,6.923458e-08,4.938783e-08,2.581522e-08,1.685339e-07,5.487551e-08
2.978516,1.782108e-06,7.730959e-07,3.330057e-07,1.335205e-06,3.146857e-07,5.351624e-07,3.821182e-07,2.582712e-07,2.086653e-07,4.204592e-07,4.352635e-07,1.186544e-07,4.264756e-07,6.026186e-07,1.590006e-07,4.705966e-08,7.904130e-08,1.898835e-07,3.105840e-08,8.217653e-08,1.257445e-07,6.628526e-08,4.995308e-08,1.160161e-07,6.349101e-08
3.027344,1.992282e-06,9.052125e-07,3.514238e-07,1.680353e-06,2.479146e-07,7.238293e-07,2.633533e-07,5.851182e-07,1.697243e-07,5.426247e-07,4.697905e-07,3.821095e-08,4.667358e-07,5.140249e-07,8.369656e-08,1.632800e-07,8.231937e-08,1.670176e-07,6.515282e-08,4.480672e-08,9.392850e-08,6.633774e-08,9.205250e-08,7.020926e-08,9.118143e-08
3.076172,2.072749e-06,1.059080e-06,3.227480e-07,1.955549e-06,3.010656e-07,6.980448e-07,2.162798e-07,9.236803e-07,1.467350e-07,6.895441e-07,3.289321e-07,1.556320e-07,5.323870e-07,3.202627e-07,4.657417e-08,2.127260e-07,1.917627e-07,2.055450e-07,1.398952e-07,1.152003e-07,1.012684e-07,9.649022e-08,8.814733e-08,1.509680e-07,1.409995e-07
3.125000,2.013350e-06,1.175725e-06,2.372440e-07,2.026411e-06,3.890250e-07,5.079570e-07,3.310648e-07,1.097906e-06,2.457618e-07,7.355217e-07,1.135863e-07,6.067609e-08,6.030421e-07,2.736649e-07,7.846917e-08,1.568386e-07,2.405417e-07,1.509269e-07,9.647628e-08,1.077620e-07,4.998120e-08,6.238601e-08,9.059805e-08,1.855179e-07,9.542813e-08
3.173828,1.835755e-06,1.178502e-06,1.137599e-07,1.808507e-06,4.196417e-07,2.995254e-07,5.859343e-07,1.054733e-06,4.115894e-07,6.126904e-07,1.552589e-07,2.172243e-07,4.330381e-07,4.054221e-07,1.255109e-07,1.383218e-07,2.181161e-07,2.783568e-07,1.203505e-07,3.563909e-08,3.900127e-08,5.471167e-08,7.206675e-08,1.437165e-07,5.553140e-08
3.222656,1.584439e-06,1.045500e-06,6.474103e-08,1.382389e-06,3.734631e-07,2.246293e-07,8.647130e-07,8.509841e-07,4.855479e-07,3.959265e-07,2.052996e-07,2.673784e-07,1.287654e-07,3.922320e-07,2.240614e-07,9.305639e-08,1.773040e-07,3.342306e-07,1.105872e-07,7.169110e-08,2.968267e-08,3.489484e-08,7.206889e-08,1.562098e-07,8.446680e-08
3.271484,1.313038e-06,8.206826e-07,1.523785e-07,1.104485e-06,2.692522e-07,2.954346e-07,1.034254e-06,6.446796e-07,3.889495e-07,1.784854e-07,1.897798e-07,1.222772e-07,4.995639e-08,1.668879e-07,1.869419e-07,1.369376e-07,1.496509e-07,2.398547e-07,1.616958e-07,9.178749e-08,1.298693e-07,4.668480e-08,4.821097e-08,2.156929e-07,6.301501e-08
3.320312,1.075011e-06,5.850376e-07,1.968975e-07,1.328122e-06,1.359456e-07,5.231589e-07,1.005801e-06,5.181958e-07,2.644634e-07,2.554236e-07,9.001862e-08,2.407904e-07,1.627499e-07,2.887569e-07,4.078079e-07,1.875011e-07,7.710713e-08,2.683257e-07,1.420014e-07,1.921976e-07,9.066228e-08,2.005713e-08,7.649530e-08,1.542696e-07,8.619963e-09
3.369141,9.199429e-07,4.063191e-07,1.940139e-07,1.710240e-06,9.282799e-09,8.364252e-07,7.976243e-07,3.206191e-07,3.237340e-07,4.524437e-07,1.174650e-07,2.558504e-07,3.060870e-07,3.986141e-07,5.798495e-07,1.683678e-07,6.774834e-08,2.304346e-07,7.707054e-08,1.752369e-07,6.353716e-08,9.436493e-08,6.916666e-08,3.639430e-07,4.625738e-08
3.417969,8.713375e-07,3.028452e-07,2.143600e-07,1.911629e-06,1.377851e-07,1.065681e-06,5.596365e-07,4.687441e-08,3.660059e-07,4.381472e-07,2.147634e-07,2.080282e-07,3.250805e-07,2.685149e-07,4.560485e-07,9.967261e-08,1.311529e-07,1.571593e-07,1.294439e-07,1.326808e-07,8.981620e-08,8.571813e-08,6.013653e-08,1.268114e-07,6.168483e-08
3.466797,8.905666e-07,3.127188e-07,3.264985e-07,1.864223e-06,2.580290e-07,1.097263e-06,5.105818e-07,3.499845e-07,3.601220e-07,2.546019e-07,3.296455e-07,1.685181e-07,2.840910e-07,1.294524e-07,1.758008e-07,1.860661e-07,1.347654e-07,1.671635e-07,1.327420e-07,1.245812e-07,4.105435e-08,6.123783e-08,3.694610e-08,6.331804e-08,7.702685e-08
3.515625,9.070715e-07,4.884420e-07,4.792029e-07,1.616649e-06,3.596990e-07,9.597882e-07,6.013535e-07,5.061359e-07,3.891751e-07,1.842765e-07,4.939117e-07,2.307357e-07,2.633158e-07,4.631709e-08,1.744368e-07,1.426181e-07,1.250030e-07,6.781290e-09,1.539327e-07,1.443175e-07,7.696305e-08,2.949777e-08,3.171029e-08,2.961590e-07,8.203726e-08
3.564453,8.836169e-07,7.518509e-07,6.022013e-07,1.242573e-06,4.307989e-07,8.062845e-07,6.450771e-07,5.631808e-07,4.230207e-07,2.977523e-07,5.842928e-07,3.359330e-07,1.882731e-07,1.691804e-07,4.306087e-07,2.364384e-08,1.961282e-07,6.621613e-08,7.725016e-08,7.248962e-08,2.240118e-08,9.669192e-08,7.270365e-08,1.977738e-07,1.558958e-07
3.613281,8.326945e-07,1.009332e-06,6.545560e-07,8.491539e-07,4.559235e-07,7.451075e-07,6.234493e-07,7.102657e-07,4.545055e-07,4.003456e-07,5.493020e-07,5.379650e-07,1.455720e-07,1.071787e-07,5.650985e-07,5.552104e-08,2.417405e-07,5.947017e-08,4.927349e-08,6.231817e-08,9.028031e-08,1.080279e-07,6.392147e-08,8.585041e-08,1.623597e-07
3.662109,7.817732e-07,1.194752e-06,6.333646e-07,6.740114e-07,4.285986e-07,6.984973e-07,6.201155e-07,8.170018e-07,5.120025e-07,3.999621e-07,3.940410e-07,6.464576e-07,2.155671e-07,1.639109e-07,6.431247e-07,1.610200e-07,1.786187e-07,8.748141e-08,2.059385e-08,5.563450e-08,1.094547e-07,7.600631e-08,2.983855e-08,1.165284e-07,3.875928e-08
3.710938,7.284763e-07,1.276568e-06,5.716637e-07,8.233404e-07,3.559221e-07,5.672602e-07,6.798331e-07,7.234811e-07,5.491735e-07,3.935460e-07,2.498362e-07,5.351648e-07,1.838996e-07,2.087744e-07,7.490742e-07,1.900586e-07,1.334761e-07,1.995329e-07,4.520925e-08,1.210848e-07,1.397875e-07,3.769508e-08,4.329868e-08,2.037360e-07,8.910001e-08
3.759766,6.550557e-07,1.271652e-06,5.232226e-07,9.823654e-07,2.487603e-07,3.872140e-07,7.259034e-07,4.857812e-07,4.767177e-07,3.755564e-07,2.186027e-07,4.235200e-07,2.724732e-07,1.969659e-07,7.338362e-07,2.742551e-07,1.218534e-07,1.815580e-07,1.040852e-07,1.908287e-07,8.567747e-08,7.840256e-08,3.000231e-08,1.817210e-07,1.525514e-07
3.808594,5.898793e-07,1.247249e-06,5.472323e-07,9.923326e-07,1.290498e-07,3.934973e-07,6.785885e-07,2.864682e-07,2.988778e-07,1.709429e-07,2.752345e-07,4.947707e-07,3.390870e-07,2.941592e-07,5.280369e-07,3.187698e-07,1.214721e-07,2.329357e-07,2.151814e-07,8.491116e-08,8.979012e-08,6.004453e-08,2.946022e-08,4.291934e-07,2.806737e-07
3.857422,6.039758e-07,1.278909e-06,6.641878e-07,9.185545e-07,1.475320e-07,5.852894e-07,5.498645e-07,2.788703e-07,1.368787e-07,3.940632e-07,4.118689e-07,5.800243e-07,3.427248e-07,3.636619e-07,4.318211e-07,2.389793e-07,5.864871e-08,1.105201e-07,1.714440e-07,2.025158e-07,1.550877e-07,3.887879e-08,5.704293e-08,4.976639e-07,2.251490e-07
3.906250,6.878415e-07,1.372978e-06,8.081852e-07,9.564472e-07,2.926642e-07,7.157034e-07,4.476279e-07,3.013326e-07,8.756954e-08,6.560288e-07,3.731926e-07,6.402496e-07,2.959129e-07,4.817417e-07,3.867403e-07,3.246656e-07,9.595369e-08,8.198789e-08,6.387206e-08,1.324085e-07,1.616015e-07,7.659898e-08,2.696735e-08,1.006561e-07,7.096214e-08
3.955078,7.480956e-07,1.465789e-06,8.737483e-07,1.217601e-06,4.077044e-07,7.323822e-07,4.854989e-07,1.968161e-07,1.641030e-07,5.748572e-07,3.711720e-07,6.357177e-07,9.123558e-08,5.038514e-07,3.228849e-07,4.014970e-07,1.561216e-07,2.209026e-07,8.505637e-08,1.287319e-07,1.144545e-07,6.200038e-08,5.196910e-08,1.459505e-07,7.012541e-08
4.003906,7.263027e-07,1.505683e-06,7.876777e-07,1.584276e-06,4.518501e-07,7.122093e-07,6.154820e-07,3.166649e-08,2.578500e-07,4.198552e-07,6.025451e-07,6.562251e-07,1.208928e-07,2.839710e-07,4.717864e-07,3.247761e-07,2.158696e-07,2.261907e-07,1.346316e-07,9.911508e-08,1.028292e-07,2.333191e-08,3.443054e-08,2.158892e-07,1.422164e-07
4.052734,6.285162e-07,1.499066e-06,5.585608e-07,1.877198e-06,4.278153e-07,7.473576e-07,7.497447e-07,2.046568e-07,2.639711e-07,5.844513e-07,6.521158e-07,6.131975e-07,1.847968e-07,3.769824e-08,6.450249e-07,2.421208e-07,2.001149e-07,3.043297e-07,9.286465e-08,2.607509e-08,3.558202e-08,4.800058e-08,2.981152e-08,1.781274e-07,1.012552e-07
4.101562,5.034834e-07,1.477907e-06,3.257676e-07,1.962001e-06,3.606910e-07,8.277411e-07,8.593098e-07,2.588282e-07,1.916385e-07,6.527942e-07,5.680453e-07,4.627000e-07,2.352958e-07,2.412692e-07,5.852878e-07,2.803865e-07,8.258666e-08,3.640567e-07,9.252689e-08,4.749414e-08,7.882578e-08,2.745737e-08,3.412600e-08,6.222327e-08,8.195687e-08
4.150391,4.328011e-07,1.442985e-06,3.384366e-07,1.839409e-06,2.755090e-07,8.817093e-07,9.298783e-07,2.102795e-07,1.402252e-07,4.957830e-07,6.027000e-07,4.098111e-07,2.594819e-07,3.058312e-07,5.679956e-07,1.526488e-07,8.982940e-08,3.971656e-07,2.527763e-08,4.422958e-08,1.057830e-07,2.083658e-08,2.892232e-08,9.291309e-08,8.864024e-08
4.199219,4.832084e-07,1.346160e-06,4.235547e-07,1.714060e-06,2.134674e-07,8.695288e-07,9.171156e-07,3.002822e-07,1.460360e-07,3.079117e-07,6.471293e-07,4.132418e-07,1.964422e-07,3.395443e-07,5.962554e-07,1.037397e-07,1.080898e-07,2.375027e-07,6.275698e-08,1.531313e-08,6.796185e-08,4.637333e-08,5.682512e-08,1.016935e-07,3.086340e-08
4.248047,5.959051e-07,1.143753e-06,3.742891e-07,1.809388e-06,2.565743e-07,8.015192e-07,7.735794e-07,4.621314e-07,1.087470e-07,3.203127e-07,6.043459e-07,3.671940e-07,2.275133e-07,2.395545e-07,6.472331e-07,8.402794e-08,4.219565e-08,3.394729e-07,1.008087e-07,8.790510e-08,6.016982e-08,4.781162e-08,8.046937e-08,1.523510e-07,3.805438e-08
4.296875,6.615545e-07,8.467399e-07,2.148603e-07,1.969136e-06,3.720043e-07,7.042472e-07,5.324840e-07,4.623934e-07,4.511217e-08,4.988785e-07,5.172061e-07,3.390445e-07,3.400330e-07,1.248964e-07,6.816886e-07,1.419325e-07,7.177541e-08,3.366208e-07,7.197135e-08,4.635250e-08,5.211876e-08,1.475447e-08,5.381105e-08,9.457390e-08,4.191871e-08
4.345703,6.294057e-07,5.214597e-07,9.943673e-08,1.858645e-06,4.634341e-07,5.679526e-07,3.933020e-07,2.976957e-07,1.739499e-07,6.824715e-07,4.319369e-07,4.066264e-07,3.746233e-07,2.088349e-07,5.726883e-07,6.378571e-08,1.753209e-07,2.740829e-07,5.192397e-08,7.410253e-08,8.135537e-08,7.287508e-08,3.914244e-08,1.315585e-07,1.374747e-07
4.394531,5.576772e-07,2.526390e-07,1.271209e-07,1.343709e-06,4.820654e-07,3.452089e-07,4.909028e-07,5.401846e-07,3.376822e-07,6.890762e-07,4.046890e-07,4.209630e-07,2.309660e-07,3.317843e-07,5.685728e-07,2.343689e-07,2.018838e-07,1.436622e-07,6.023597e-08,1.823151e-07,4.555517e-08,7.934751e-08,6.450858e-08,3.429510e-07,8.161342e-08
4.443359,5.919465e-07,1.441217e-07,1.391762e-07,6.500158e-07,4.230460e-07,9.455601e-08,5.844400e-07,9.588636e-07,4.300274e-07,5.644274e-07,3.866414e-07,2.121886e-07,1.254536e-07,4.380135e-07,5.065980e-07,3.767206e-07,1.720886e-07,1.144725e-07,9.976950e-08,2.486574e-07,5.371374e-08,3.443690e-08,6.222472e-08,4.342268e-07,1.828755e-07
4.492188,7.131325e-07,2.877749e-07,3.067322e-07,8.724633e-07,3.180768e-07,3.440057e-07,6.055803e-07,1.089496e-06,4.032253e-07,6.698988e-07,2.864024e-07,2.046610e-07,1.756879e-07,5.829608e-07,4.068387e-07,3.607637e-07,9.281112e-08,9.143836e-08,1.254055e-07,1.557483e-07,5.750506e-08,4.105153e-08,5.307045e-08,2.944433e-07,9.842163e-08
4.541016,7.458127e-07,5.302180e-07,5.709708e-07,1.590209e-06,2.202138e-07,5.348425e-07,6.313261e-07,8.394678e-07,3.945516e-07,8.494471e-07,1.224403e-07,3.441391e-07,1.484104e-07,5.864021e-07,3.948616e-07,3.130521e-07,7.677700e-08,6.458590e-08,6.436050e-08,1.139558e-07,2.868194e-08,7.099319e-08,7.037547e-08,4.132617e-07,1.079041e-07
4.589844,6.027378e-07,7.848376e-07,7.977104e-07,2.062969e-06,1.698680e-07,5.355486e-07,6.663268e-07,4.671034e-07,4.820258e-07,7.754974e-07,1.729968e-07,2.047807e-07,1.839866e-07,3.571077e-07,3.458940e-07,2.215104e-07,1.318200e-07,1.819678e-07,4.246281e-08,1.241627e-07,5.602033e-08,3.780294e-08,6.087761e-08,3.597644e-07,4.146957e-08
4.638672,3.847901e-07,9.743576e-07,9.269526e-07,2.258664e-06,1.520710e-07,5.066434e-07,6.468312e-07,5.912399e-07,5.042929e-07,4.675875e-07,3.493534e-07,2.236136e-07,3.641161e-07,1.283441e-07,2.085975e-07,8.647243e-08,1.269969e-07,1.564677e-07,6.209162e-08,4.162252e-08,9.054774e-09,3.742740e-08,7.685233e-08,1.397855e-07,1.595169e-07
4.687500,4.751200e-07,1.046255e-06,9.659338e-07,2.330464e-06,1.371272e-07,6.231189e-07,5.709372e-07,9.538420e-07,4.432420e-07,1.759750e-07,4.426859e-07,3.896651e-07,5.383009e-07,1.290370e-07,1.311803e-07,1.439789e-07,1.543625e-07,8.310998e-08,1.381578e-07,8.215240e-08,5.543092e-08,7.578594e-08,4.289526e-08,2.407901e-07,6.742545e-08
4.736328,7.509430e-07,9.963030e-07,9.429316e-07,2.421127e-06,1.271459e-07,7.676414e-07,4.866903e-07,1.205151e-06,3.658980e-07,1.903848e-07,4.297617e-07,4.542335e-07,4.944301e-07,2.168075e-07,5.459457e-07,1.193436e-07,1.233163e-07,1.281383e-07,1.007719e-07,9.605573e-08,4.038801e-08,3.124600e-08,5.261863e-08,3.331693e-07,7.983342e-08
4.785156,8.890951e-07,8.734917e-07,8.479464e-07,2.533105e-06,1.326555e-07,9.118747e-07,4.083130e-07,1.264486e-06,2.787435e-07,1.291265e-07,3.760828e-07,5.341858e-07,3.149856e-07,1.636856e-07,6.668094e-07,2.642626e-07,3.238369e-08,5.697886e-08,4.725344e-08,5.301315e-08,3.107872e-08,3.662384e-08,2.210953e-08,1.827427e-07,9.361657e-08
4.833984,8.168439e-07,7.749328e-07,6.421199e-07,2.580492e-06,1.499205e-07,1.059900e-06,3.171816e-07,1.122312e-06,2.066557e-07,8.361515e-08,3.046808e-07,5.495544e-07,5.322725e-07,1.168726e-07,3.891133e-07,4.401934e-07,8.419659e-08,1.017800e-07,1.827918e-08,9.768295e-08,8.932245e-08,4.975948e-08,1.813232e-08,3.129055e-08,1.135681e-07
4.882812,6.202968e-07,8.056317e-07,3.355912e-07,2.494939e-06,1.630185e-07,1.063584e-06,2.204883e-07,8.319383e-07,1.977104e-07,2.406153e-07,1.565368e-07,4.902746e-07,6.392620e-07,3.130346e-07,3.924569e-07,4.839972e-07,7.950295e-08,7.186472e-08,4.342748e-08,1.232913e-07,7.699110e-08,5.908706e-08,5.092133e-08,1.113398e-07,1.118367e-07
4.931641,5.647865e-07,9.742690e-07,2.729486e-07,2.256899e-06,1.675716e-07,8.322727e-07,1.629352e-07,4.714193e-07,2.293921e-07,3.451865e-07,2.093401e-07,3.092104e-07,4.693458e-07,3.057570e-07,3.127920e-07,3.590482e-07,1.749859e-07,1.111269e-07,1.131226e-07,8.635999e-08,1.575978e-08,4.875185e-08,6.860197e-08,2.710727e-07,1.543151e-07
4.980469,7.882757e-07,1.201756e-06,6.317462e-07,1.889839e-06,1.911956e-07,5.229973e-07,1.884889e-07,2.717606e-07,2.242915e-07,6.970319e-07,4.575250e-07,6.592784e-08,2.624901e-07,2.784199e-07,1.638859e-07,2.096435e-07,2.014789e-07,1.276469e-07,8.172559e-08,6.334934e-08,8.753091e-08,3.816875e-08,5.298666e-08,2.071078e-07,1.525464e-07
5.029297,1.062723e-06,1.414192e-06,9.458930e-07,1.455240e-06,2.478560e-07,4.679758e-07,2.945330e-07,3.973396e-07,1.569066e-07,1.088775e-06,6.168318e-07,2.448060e-07,1.609538e-07,3.856311e-07,3.897225e-07,1.254977e-07,1.742950e-07,9.235658e-08,5.617742e-08,1.007033e-07,4.989360e-09,6.052553e-08,1.280213e-08,9.577952e-08,6.155273e-08
5.078125,1.255398e-06,1.562725e-06,1.122549e-06,1.042280e-06,2.988214e-07,5.468918e-07,4.514737e-07,4.083183e-07,9.326582e-08,1.147238e-06,6.373494e-07,2.477536e-07,2.205815e-07,2.857115e-07,3.155298e-07,4.096159e-08,1.254498e-07,4.977739e-08,7.575962e-08,1.955968e-07,3.591853e-08,1.755157e-08,1.186071e-08,4.467699e-07,8.488625e-08
5.126953,1.335152e-06,1.622668e-06,1.165779e-06,7.445383e-07,3.059478e-07,6.048746e-07,5.920339e-07,2.336250e-07,7.966716e-08,8.336426e-07,5.414622e-07,1.020421e-07,1.916021e-07,3.610328e-08,4.922120e-08,8.500269e-08,1.077771e-07,1.029602e-07,6.408493e-08,8.149866e-08,9.615054e-08,5.293596e-08,3.300590e-08,3.113508e-07,3.148469e-08
5.175781,1.306769e-06,1.598522e-06,1.130011e-06,6.216491e-07,2.620060e-07,7.578328e-07,6.611669e-07,3.063917e-08,1.519744e-07,5.705263e-07,4.985800e-07,8.609978e-08,2.111902e-07,1.914563e-07,3.166338e-07,1.124143e-07,7.884023e-08,2.536422e-07,2.855818e-08,6.746217e-08,1.073667e-07,4.126079e-08,4.815799e-08,6.411859e-07,8.122909e-08
5.224609,1.194934e-06,1.520718e-06,1.088184e-06,6.563679e-07,1.852104e-07,8.898653e-07,6.789241e-07,2.261856e-07,3.006917e-07,6.152407e-07,6.276972e-07,8.672643e-08,3.551359e-07,4.090906e-07,3.934607e-07,7.304522e-08,3.862594e-08,2.591842e-07,9.764465e-08,8.769067e-08,7.657918e-08,7.072943e-08,2.520226e-08,4.771565e-07,1.441971e-07
5.273438,1.043746e-06,1.420359e-06,1.112357e-06,7.833645e-07,1.022507e-07,8.080939e-07,7.004621e-07,2.711289e-07,4.525915e-07,7.391742e-07,6.851776e-07,4.135704e-08,4.318583e-07,4.786120e-07,4.474847e-07,3.824573e-08,4.614816e-08,1.307017e-07,1.045557e-07,2.071874e-07,8.700399e-08,3.811823e-08,3.439480e-08,2.944354e-07,9.829555e-08
5.322266,9.064268e-07,1.295736e-06,1.250367e-06,9.349137e-07,4.952323e-08,5.029852e-07,7.089388e-07,1.384409e-07,5.284969e-07,1.094667e-06,5.315171e-07,4.582753e-08,3.700580e-07,3.282717e-07,4.714088e-07,1.075208e-07,6.570356e-08,6.735887e-08,1.158339e-07,1.074195e-07,7.300858e-08,3.553995e-08,5.396007e-08,2.707818e-07,1.076088e-07
5.371094,8.220491e-07,1.112380e-06,1.474546e-06,1.047754e-06,6.925434e-08,1.360962e-07,6.590179e-07,2.432491e-07,4.619012e-07,1.436296e-06,2.523491e-07,9.330247e-08,3.499682e-07,2.044622e-07,5.820237e-07,1.612884e-07,1.122576e-07,7.070460e-08,6.562556e-08,7.756021e-08,6.849611e-08,1.324181e-08,6.107610e-08,2.049629e-07,1.083370e-07
5.419922,8.031471e-07,8.429919e-07,1.682440e-06,1.098243e-06,9.673483e-08,1.509570e-07,5.832541e-07,5.195835e-07,2.686222e-07,1.484668e-06,6.141627e-08,1.141678e-07,3.029030e-07,2.279930e-07,5.938004e-07,2.895488e-07,9.188968e-08,6.429015e-08,4.382626e-08,5.645098e-08,6.669307e-08,4.893041e-08,4.968135e-08,1.720356e-08,7.510350e-08
5.468750,8.419869e-07,5.043021e-07,1.765714e-06,1.145381e-06,1.187637e-07,2.938606e-07,5.584799e-07,6.663209e-07,9.553314e-08,1.253440e-06,1.777886e-07,6.419642e-08,2.447525e-07,2.453776e-07,5.130310e-07,2.375007e-07,6.682054e-08,2.581945e-07,1.161299e-08,1.407611e-07,8.028629e-08,3.890895e-08,7.553107e-08,2.626768e-07,6.417723e-08
5.517578,9.099540e-07,2.056221e-07,1.676040e-06,1.282247e-06,1.449299e-07,3.979270e-07,5.794461e-07,5.937631e-07,1.767936e-07,8.805448e-07,2.496451e-07,8.569009e-08,2.446463e-07,1.548885e-07,5.140155e-07,9.395423e-08,5.682419e-08,1.229974e-07,7.158309e-08,2.146902e-07,3.725886e-08,4.627899e-08,5.249549e-08,1.753168e-07,5.880589e-08
5.566406,9.617845e-07,3.396141e-07,1.463656e-06,1.475266e-06,1.563033e-07,4.140517e-07,5.748323e-07,3.033225e-07,2.702152e-07,4.804542e-07,2.265524e-07,1.071628e-07,2.211550e-07,1.164813e-07,5.181584e-07,1.608355e-07,8.864332e-08,1.625925e-07,6.041614e-08,1.524071e-07,5.604823e-08,5.569875e-08,4.506948e-08,2.276034e-07,2.270882e-08
5.615234,9.604335e-07,6.155368e-07,1.272552e-06,1.563368e-06,1.338386e-07,2.817320e-07,5.049769e-07,2.285222e-07,3.425580e-07,1.773938e-07,1.348397e-07,4.853584e-07,2.147329e-07,7.303241e-08,5.947579e-07,2.270473e-07,7.422924e-08,2.539224e-07,3.943461e-08,1.328320e-07,5.659159e-08,1.632722e-08,7.076917e-08,8.487724e-08,1.136405e-07
5.664062,8.983696e-07,8.487997e-07,1.227688e-06,1.415690e-06,1.069215e-07,2.446080e-07,3.798041e-07,5.487189e-07,3.888440e-07,2.159814e-07,2.148397e-07,7.827205e-07,2.097959e-07,4.116190e-07,6.346317e-07,2.729404e-07,4.461304e-08,2.263979e-07,5.088297e-08,1.036663e-07,1.014393e-07,5.420895e-08,8.766609e-08,1.991058e-07,9.342566e-08
5.712891,7.988992e-07,1.041946e-06,1.273080e-06,1.029167e-06,1.430327e-07,4.560450e-07,2.437853e-07,6.616226e-07,4.583887e-07,4.707622e-07,3.350819e-07,7.571460e-07,1.038303e-07,8.187083e-07,3.999036e-07,3.253950e-07,2.835912e-08,1.548122e-07,2.654250e-08,4.386002e-08,4.144194e-08,4.323936e-08,3.644589e-08,3.772331e-08,9.162305e-08
5.761719,7.006333e-07,1.206439e-06,1.277613e-06,5.522323e-07,2.120273e-07,6.029915e-07,1.506753e-07,5.584997e-07,5.199933e-07,6.973874e-07,3.527030e-07,4.786766e-07,1.020501e-07,8.671885e-07,2.563066e-07,3.027648e-07,3.529711e-08,3.103099e-07,5.903997e-08,6.108872e-08,7.111248e-08,5.896614e-08,3.829859e-08,1.066049e-07,2.000950e-07
5.810547,6.339850e-07,1.344494e-06,1.221085e-06,3.409292e-07,2.803730e-07,6.309821e-07,1.307379e-07,4.207214e-07,4.457672e-07,6.964424e-07,2.659867e-07,1.802034e-07,1.918960e-07,7.806610e-07,2.452838e-07,2.804000e-07,7.967229e-08,3.535213e-07,1.257836e-07,6.346791e-08,7.954647e-08,4.224738e-08,3.696157e-08,1.693488e-07,1.478511e-07
5.859375,6.038047e-07,1.455663e-06,1.197197e-06,4.899093e-07,3.438590e-07,5.428158e-07,1.606310e-07,3.671847e-07,3.249881e-07,4.772075e-07,1.140476e-07,2.580042e-07,1.426120e-07,6.911869e-07,3.691895e-07,2.373105e-07,1.264599e-07,1.732062e-07,9.717110e-08,4.251717e-08,7.582577e-08,3.940399e-08,4.094019e-08,2.185439e-07,1.200356e-07
5.908203,5.981664e-07,1.544053e-06,1.280583e-06,6.005262e-07,3.840245e-07,3.451048e-07,1.997757e-07,3.984698e-07,3.852745e-07,3.362717e-07,1.228763e-07,3.338952e-07,2.730219e-07,7.281174e-07,5.184315e-07,2.012760e-07,8.845651e-08,1.719374e-07,2.969118e-08,8.084136e-08,7.932547e-08,1.116836e-08,4.112772e-08,1.871149e-07,1.035860e-07
5.957031,6.125038e-07,1.611363e-06,1.403734e-06,7.185298e-07,3.789192e-07,1.590491e-07,2.125377e-07,6.154188e-07,3.820720e-07,2.593529e-07,2.282545e-07,3.656398e-07,3.927298e-07,6.848649e-07,6.605384e-07,2.809564e-07,5.695939e-08,2.509468e-07,5.257500e-08,3.666439e-08,8.004377e-08,2.329049e-08,4.518080e-08,2.842572e-07,8.317018e-08
6.005859,6.575646e-07,1.651237e-06,1.439368e-06,8.842720e-07,3.396138e-07,1.979278e-07,1.732647e-07,8.353452e-07,2.277111e-07,2.009846e-07,2.984798e-07,4.208882e-07,4.375047e-07,5.342605e-07,8.066933e-07,2.403528e-07,4.544160e-08,1.416665e-07,3.664086e-08,1.573799e-07,9.403355e-08,5.434507e-08,3.488091e-09,1.540669e-07,1.114826e-07
6.054688,7.350973e-07,1.651394e-06,1.298805e-06,1.000866e-06,3.106833e-07,2.220190e-07,1.052324e-07,9.005961e-07,2.293657e-07,4.599728e-07,3.715087e-07,4.087179e-07,4.486392e-07,5.173905e-07,8.296555e-07,1.738317e-07,4.260173e-08,7.961900e-08,1.900876e-08,1.486368e-07,7.853453e-08,2.452121e-08,3.954553e-08,8.208155e-08,9.367168e-08
6.103516,8.134856e-07,1.600528e-06,9.579457e-07,1.058052e-06,3.088546e-07,2.375750e-07,1.793492e-07,8.696319e-07,3.099742e-07,5.519562e-07,4.384439e-07,4.330360e-07,3.105362e-07,5.304679e-07,7.550898e-07,2.272256e-07,1.147283e-07,1.357585e-07,6.637435e-08,6.822892e-08,5.299861e-08,2.189826e-08,4.087378e-08,2.188881e-07,4.221646e-08
6.152344,8.400002e-07,1.495400e-06,5.183277e-07,1.185675e-06,3.000642e-07,3.007207e-07,3.447154e-07,7.797561e-07,2.365794e-07,4.320073e-07,4.950733e-07,3.842284e-07,1.564368e-07,4.110501e-07,5.936078e-07,1.942571e-07,1.023362e-07,2.637310e-07,5.827475e-08,1.290629e-07,2.820691e-08,3.200275e-08,2.583457e-08,3.831591e-07,8.913467e-08
6.201172,7.707969e-07,1.348777e-06,5.652562e-07,1.434322e-06,2.661180e-07,3.454769e-07,4.909528e-07,6.579488e-07,7.552192e-08,3.479356e-07,4.615905e-07,1.940758e-07,1.444930e-07,2.249727e-07,3.739693e-07,1.393207e-07,5.290195e-08,3.017105e-07,1.485700e-07,1.132619e-07,1.663191e-08,2.281863e-08,2.444399e-08,4.486904e-07,9.119998e-08
6.250000,5.924791e-07,1.198465e-06,1.065861e-06,1.684004e-06,2.210748e-07,5.015274e-07,5.704610e-07,7.434497e-07,2.319030e-07,5.602165e-07,2.814630e-07,1.157644e-07,1.991283e-07,2.925558e-07,2.816992e-07,1.792386e-07,1.377665e-08,9.057258e-08,1.282320e-07,7.056940e-08,2.946900e-08,4.466137e-08,2.431070e-08,3.683897e-07,1.459133e-07
6.298828,3.291516e-07,1.104509e-06,1.426730e-06,1.827924e-06,1.789372e-07,8.006345e-07,5.406546e-07,8.727423e-07,4.602561e-07,8.906874e-07,1.557385e-07,1.720082e-07,2.174285e-07,3.747869e-07,3.221212e-07,2.383666e-07,1.217740e-08,1.059481e-07,5.686946e-08,9.264695e-08,4.632384e-08,4.495771e-08,3.223602e-08,2.477319e-07,1.794453e-07
6.347656,3.556291e-08,1.105643e-06,1.479047e-06,1.848505e-06,1.572654e-07,1.099781e-06,3.717014e-07,8.137158e-07,6.415011e-07,1.028070e-06,3.163276e-07,1.411048e-07,1.982527e-07,3.624623e-07,1.428281e-07,1.002850e-07,2.000310e-08,2.100247e-07,8.851981e-08,1.384928e-07,4.263718e-08,3.623142e-08,3.293588e-08,2.977506e-07,2.092626e-07
6.396484,2.262467e-07,1.164697e-06,1.219422e-06,1.768931e-06,1.923087e-07,1.316235e-06,2.161498e-07,8.539010e-07,7.214290e-07,8.740733e-07,4.151685e-07,4.098726e-07,1.682087e-07,3.965151e-07,2.753718e-07,1.812319e-07,4.582684e-08,2.417151e-07,9.313468e-08,1.928070e-07,4.976784e-08,4.451571e-08,3.564224e-08,2.099088e-07,1.255456e-07
6.445312,4.008785e-07,1.199632e-06,7.739176e-07,1.607847e-06,2.587161e-07,1.400106e-06,5.152829e-07,1.078517e-06,6.817701e-07,5.488613e-07,4.022877e-07,5.411607e-07,3.562025e-07,4.223905e-07,2.346309e-07,3.059278e-07,3.212279e-08,1.758285e-07,5.206073e-08,2.041818e-07,6.786366e-08,4.275581e-08,3.402657e-08,4.770430e-08,9.019809e-08
6.494141,4.677175e-07,1.155613e-06,3.509935e-07,1.391994e-06,3.022124e-07,1.284331e-06,8.543322e-07,1.086070e-06,5.850465e-07,2.838944e-07,2.710100e-07,4.116550e-07,4.835114e-07,3.287234e-07,2.880600e-07,2.263044e-07,1.877839e-08,8.090656e-08,5.259731e-08,1.817469e-07,6.690100e-08,4.179064e-08,3.381423e-08,5.180653e-07,1.384596e-07
6.542969,4.427292e-07,1.039459e-06,1.896651e-07,1.181815e-06,3.019131e-07,9.515433e-07,1.020858e-06,7.617991e-07,4.680264e-07,4.931862e-07,7.892791e-08,1.892130e-07,3.953813e-07,3.723377e-07,4.973494e-07,2.636925e-07,4.661790e-09,2.140358e-07,7.493172e-08,1.757495e-07,5.436980e-08,3.351076e-08,4.715628e-08,2.705083e-07,1.135422e-07
6.591797,3.786705e-07,9.197040e-07,2.035796e-07,1.053461e-06,2.691578e-07,5.480374e-07,9.773587e-07,4.096800e-07,2.736856e-07,5.602058e-07,3.144973e-07,5.039398e-08,3.199122e-07,6.840924e-07,7.920036e-07,2.790391e-07,4.226859e-08,2.918513e-08,8.808681e-08,1.445788e-07,7.089053e-08,6.112277e-08,9.829895e-08,2.825667e-07,9.351325e-08
6.640625,3.538454e-07,8.793056e-07,2.635460e-07,1.045559e-06,2.325588e-07,4.543973e-07,7.724047e-07,5.690410e-07,6.605124e-08,3.518410e-07,4.741196e-07,1.637839e-07,3.096584e-07,8.631045e-07,8.702192e-07,1.563626e-07,6.368454e-08,3.134749e-07,2.763707e-08,1.273479e-07,1.095012e-07,6.189443e-08,5.620269e-08,3.696236e-07,9.370261e-08
6.689453,4.062747e-07,9.211348e-07,4.067659e-07,1.135499e-06,2.225611e-07,6.210160e-07,4.667162e-07,7.465703e-07,1.977275e-07,6.968168e-07,4.415740e-07,3.558522e-07,2.720039e-07,8.926562e-07,7.599303e-07,9.669564e-08,2.987754e-08,4.080706e-07,3.723070e-08,1.136631e-07,6.581527e-08,4.528871e-08,3.317282e-08,3.641963e-07,1.203768e-07
6.738281,4.864276e-07,9.731283e-07,4.626268e-07,1.280552e-06,2.507563e-07,7.352398e-07,1.190272e-07,6.957099e-07,2.327826e-07,1.026133e-06,3.324136e-07,6.446351e-07,2.701953e-07,7.808927e-07,5.593628e-07,1.394130e-07,4.978168e-08,1.793914e-07,2.868968e-08,1.386695e-07,3.033657e-08,1.539159e-08,3.881575e-08,5.811219e-07,1.530483e-07
6.787109,5.343175e-07,9.888278e-07,3.441759e-07,1.454938e-06,2.962083e-07,8.266609e-07,2.687374e-07,5.443127e-07,2.157040e-07,1.003205e-06,2.474041e-07,7.571178e-07,2.291069e-07,4.188718e-07,3.530244e-07,1.536789e-07,3.215584e-08,1.118975e-07,1.555838e-08,9.096947e-08,6.067413e-09,1.574494e-08,6.991209e-08,5.276065e-07,9.245714e-08
6.835938,5.145602e-07,9.772619e-07,2.315751e-07,1.625218e-06,3.275044e-07,8.829870e-07,5.424518e-07,4.712063e-07,2.557760e-07,9.356642e-07,2.002971e-07,6.735990e-07,1.581293e-07,5.922438e-08,1.528049e-07,1.587850e-07,3.483293e-08,9.262485e-08,1.597431e-08,5.975777e-08,4.133425e-08,2.352999e-08,5.285047e-08,3.645622e-07,1.369498e-07
6.884766,4.119200e-07,9.650726e-07,4.889585e-07,1.710937e-06,3.238350e-07,8.174246e-07,6.968191e-07,5.046680e-07,3.080194e-07,8.631151e-07,2.603618e-07,4.860670e-07,2.040204e-07,1.007119e-07,3.691171e-08,1.222828e-07,2.863536e-08,9.039902e-08,6.669950e-08,5.000584e-08,5.912051e-08,2.748025e-08,1.081305e-08,3.862852e-07,4.858647e-08
6.933594,2.310516e-07,9.482658e-07,8.147087e-07,1.616475e-06,2.798315e-07,6.338608e-07,7.359706e-07,5.631219e-07,4.228610e-07,6.226782e-07,3.956339e-07,2.176210e-07,1.260919e-07,1.860711e-07,1.458500e-07,1.104784e-07,2.768900e-08,1.647058e-07,6.820097e-08,6.582697e-08,1.544928e-08,2.795583e-08,2.549539e-08,2.184845e-07,3.713807e-08
6.982422,8.519642e-08,8.894846e-07,1.163193e-06,1.313175e-06,2.025725e-07,4.423567e-07,7.092327e-07,5.431716e-07,4.955017e-07,4.574521e-07,4.800872e-07,1.216963e-07,4.597600e-08,2.255934e-07,2.794866e-07,1.231111e-07,3.991870e-08,6.681124e-08,2.421481e-08,1.673446e-07,4.803645e-08,2.350725e-08,1.527763e-08,1.152476e-07,4.628227e-08
7.031250,3.166906e-07,7.627160e-07,1.631074e-06,8.847550e-07,1.058758e-07,3.588028e-07,6.885989e-07,3.987772e-07,3.880820e-07,4.052977e-07,4.402172e-07,3.738165e-07,1.115928e-07,3.429786e-07,3.987405e-07,1.368543e-07,6.641714e-08,6.470485e-08,6.147785e-08,1.709644e-07,2.179583e-08,1.601258e-08,1.714454e-08,3.319749e-07,8.215475e-08
7.080078,5.527540e-07,6.063538e-07,2.187565e-06,5.095761e-07,6.217847e-09,4.416424e-07,6.923027e-07,1.987266e-07,2.833044e-07,5.454597e-07,3.522285e-07,4.210558e-07,4.455672e-08,5.271491e-07,5.600698e-07,9.956929e-08,8.661640e-08,1.169155e-08,6.342139e-08,1.471338e-07,4.491331e-08,4.883019e-09,3.034041e-08,5.236691e-07,1.154226e-07
7.128906,6.993144e-07,5.655087e-07,2.653973e-06,4.195146e-07,8.169467e-08,6.633569e-07,6.700855e-07,2.056990e-07,4.712652e-07,9.129589e-07,3.537204e-07,2.691996e-07,1.638280e-07,4.270169e-07,6.963456e-07,1.224574e-07,5.631733e-08,1.922865e-07,1.404188e-07,7.178045e-09,3.976995e-08,4.052219e-08,2.910705e-08,5.044896e-07,5.442241e-08
7.177734,7.165110e-07,7.321587e-07,2.853951e-06,5.851804e-07,1.435624e-07,8.893891e-07,6.153371e-07,3.931645e-07,5.802193e-07,1.144365e-06,3.937064e-07,1.866554e-07,2.078733e-07,7.603290e-08,6.399362e-07,1.395463e-07,1.728988e-08,2.199896e-07,1.689850e-07,1.412553e-07,2.123498e-08,4.350535e-08,2.493745e-08,3.046486e-07,3.496773e-08
7.226562,6.098726e-07,9.677644e-07,2.725174e-06,7.843430e-07,1.722178e-07,9.830739e-07,5.660122e-07,5.063050e-07,4.948999e-07,1.090051e-06,3.052352e-07,3.358025e-07,2.122706e-07,1.582392e-07,5.780287e-07,1.767346e-07,3.205258e-08,2.587286e-07,6.403100e-08,1.206930e-07,4.071045e-08,4.713417e-08,1.314249e-08,3.194385e-07,4.622857e-08
7.275391,4.357786e-07,1.141131e-06,2.351764e-06,8.926227e-07,1.682140e-07,8.922352e-07,4.956458e-07,4.830152e-07,3.322480e-07,7.348642e-07,1.630700e-07,4.397685e-07,2.847550e-07,2.125471e-07,3.773567e-07,2.124737e-07,1.436168e-08,2.542757e-07,9.060264e-08,1.761097e-07,3.174392e-08,3.028866e-08,2.815439e-08,3.091282e-07,1.020253e-07
7.324219,2.804806e-07,1.192144e-06,1.920545e-06,8.294135e-07,1.400219e-07,6.780822e-07,3.513063e-07,3.770889e-07,2.114885e-07,2.373449e-07,2.983653e-07,4.577649e-07,2.780057e-07,2.843307e-07,1.926624e-07,1.868178e-07,4.986087e-08,1.864814e-07,9.261870e-08,1.101025e-07,1.811550e-08,2.558511e-08,2.230606e-08,1.683457e-07,6.520707e-08
7.373047,1.894217e-07,1.109315e-06,1.599403e-06,6.023778e-07,9.889324e-08,5.049038e-07,1.713967e-07,2.997801e-07,1.184398e-07,1.327987e-07,3.745120e-07,4.761554e-07,1.307871e-07,3.996811e-07,2.268466e-07,1.194359e-07,2.630681e-08,8.681813e-08,1.260043e-07,6.817924e-08,2.305179e-08,3.287421e-08,5.712154e-08,1.693020e-07,9.411078e-08
7.421875,1.193142e-07,9.307423e-07,1.402322e-06,3.130891e-07,5.112742e-08,5.344623e-07,1.914497e-07,2.924033e-07,3.871406e-08,2.809998e-07,4.059126e-07,5.777075e-07,5.931079e-08,5.184550e-07,3.400904e-07,7.973236e-08,2.722601e-08,1.942487e-07,9.856122e-08,1.996461e-07,5.251774e-08,2.394427e-08,7.912810e-08,3.125247e-07,1.189374e-07
7.470703,1.457917e-07,7.717393e-07,1.248762e-06,1.428353e-07,8.109980e-09,6.425197e-07,3.383351e-07,3.130933e-07,1.475435e-07,4.430417e-07,5.083771e-07,6.175948e-07,1.364012e-07,5.340299e-07,1.646896e-07,2.529836e-07,6.342742e-08,2.346217e-07,3.437710e-08,1.275251e-07,4.566892e-08,2.364047e-08,6.293510e-08,3.689622e-07,3.549352e-08
7.519531,2.908996e-07,8.084550e-07,1.153525e-06,2.151293e-07,6.545216e-08,6.400824e-07,4.212412e-07,2.954726e-07,3.713735e-07,4.626544e-07,5.598330e-07,5.373981e-07,2.530707e-07,4.759578e-07,1.619244e-07,3.427974e-07,7.148081e-08,2.926169e-07,6.164469e-08,1.402700e-07,5.094789e-08,8.795295e-09,3.961646e-08,1.281333e-07,8.885296e-08
7.568359,4.134132e-07,1.037440e-06,1.212910e-06,2.545606e-07,1.208931e-07,4.770006e-07,4.088272e-07,2.416149e-07,5.852780e-07,3.705297e-07,5.012288e-07,5.855055e-07,2.641020e-07,1.498897e-07,2.325460e-07,2.689675e-07,5.310098e-08,4.352541e-07,7.876003e-09,1.420004e-07,3.276731e-08,2.253065e-08,4.294610e-08,2.095828e-07,8.113347e-08
7.617188,4.797137e-07,1.288844e-06,1.404157e-06,1.647818e-07,1.564588e-07,2.475828e-07,3.099525e-07,2.931543e-07,7.719943e-07,5.685406e-07,4.519852e-07,8.452456e-07,2.296348e-07,5.548337e-07,1.496603e-07,2.967368e-07,8.651647e-08,3.883472e-07,2.182796e-08,7.273204e-08,3.560412e-08,4.402124e-08,9.272858e-09,4.371185e-07,3.325719e-08
7.666016,5.435172e-07,1.448898e-06,1.601835e-06,1.147711e-07,1.623988e-07,2.065357e-07,1.660545e-07,4.599163e-07,9.921231e-07,8.345319e-07,4.603893e-07,9.916626e-07,2.398654e-07,9.356947e-07,3.348779e-08,2.188044e-07,7.268263e-08,1.522843e-07,6.254801e-08,1.494883e-07,3.095866e-08,4.949184e-08,4.988746e-08,2.889366e-07,2.737893e-08
7.714844,6.629308e-07,1.473134e-06,1.731561e-06,4.948131e-07,1.416904e-07,2.443945e-07,1.045166e-07,6.318917e-07,1.133179e-06,1.114390e-06,4.039523e-07,9.580131e-07,1.990684e-07,1.048834e-06,1.209744e-07,1.528049e-07,5.305477e-08,1.335639e-07,4.781671e-08,1.064470e-07,3.217953e-08,3.223862e-08,3.903247e-08,2.428448e-07,4.515062e-08
7.763672,7.971658e-07,1.360138e-06,1.794904e-06,8.872081e-07,1.100733e-07,1.630221e-07,2.229616e-07,7.689598e-07,1.056309e-06,1.226651e-06,3.620783e-07,8.735330e-07,2.096480e-07,7.000124e-07,1.123757e-07,8.688394e-08,3.937432e-08,9.973042e-08,6.851190e-08,9.891474e-08,4.909002e-08,4.144433e-08,4.320542e-08,2.260712e-07,4.096529e-08
7.812500,8.746946e-07,1.136876e-06,1.828774e-06,1.127366e-06,8.724782e-08,2.862683e-07,3.450887e-07,8.669983e-07,8.977885e-07,9.212508e-07,3.865179e-07,7.628951e-07,3.202051e-07,1.147567e-07,1.834038e-07,1.607033e-07,4.870062e-08,1.485856e-07,5.344625e-08,1.183396e-07,3.354770e-08,4.267462e-08,3.696139e-08,2.931636e-08,1.196717e-07
7.861328,8.886294e-07,8.540922e-07,1.862425e-06,1.108851e-06,8.101100e-08,5.476282e-07,4.412497e-07,9.299855e-07,9.269646e-07,4.467966e-07,3.534324e-07,5.594688e-07,4.784976e-07,5.246024e-07,3.347495e-07,2.435758e-07,3.427821e-08,1.322951e-07,1.200291e-07,1.360522e-07,2.924551e-08,2.428460e-08,2.664708e-10,1.614233e-07,1.222935e-07
7.910156,9.049854e-07,5.924214e-07,1.892888e-06,8.310185e-07,8.836899e-08,6.660897e-07,5.164277e-07,9.623888e-07,1.058730e-06,6.623620e-07,2.987383e-07,2.286394e-07,6.169493e-07,7.149942e-07,4.186887e-07,2.268962e-07,2.067816e-08,1.731825e-07,1.207097e-07,8.517925e-08,2.768179e-08,2.521292e-08,1.449532e-09,2.411288e-07,5.610954e-08
7.958984,9.813252e-07,4.685861e-07,1.885604e-06,3.920243e-07,1.081218e-07,5.914451e-07,5.699505e-07,9.333723e-07,1.092835e-06,1.010308e-06,2.671292e-07,3.052445e-07,6.607587e-07,6.666403e-07,3.805005e-07,1.195028e-07,3.038127e-08,1.320720e-07,8.643154e-08,3.034608e-08,2.563360e-08,3.994775e-08,1.196236e-08,1.443208e-07,4.222050e-08
8.007812,1.090158e-06,5.233751e-07,1.797432e-06,1.079426e-07,1.309212e-07,5.422573e-07,5.847929e-07,8.135173e-07,9.525603e-07,1.168747e-06,2.626625e-07,6.248387e-07,5.637584e-07,7.897111e-07,2.520566e-07,6.668383e-08,5.184248e-08,8.203324e-08,9.331173e-08,6.913751e-08,1.739648e-08,3.227868e-08,7.884132e-09,1.114234e-07,2.136641e-08
8.056641,1.173598e-06,6.401052e-07,1.611683e-06,4.884827e-07,1.414713e-07,7.196890e-07,5.499087e-07,7.248079e-07,6.543523e-07,1.149043e-06,2.893608e-07,7.991111e-07,2.852330e-07,8.754785e-07,2.353417e-07,1.258041e-07,4.675982e-08,4.185545e-08,9.497976e-08,6.823386e-08,3.107105e-08,2.904475e-08,1.178369e-08,3.638198e-07,2.202143e-08
8.105469,1.211293e-06,7.388623e-07,1.369286e-06,7.818632e-07,1.313083e-07,8.557395e-07,4.899317e-07,7.485383e-07,3.087222e-07,9.903905e-07,2.906671e-07,7.863651e-07,1.530597e-07,7.206255e-07,3.950107e-07,1.591222e-07,3.451901e-08,1.964026e-07,2.693883e-08,1.451989e-07,3.697304e-09,2.633225e-08,9.754680e-09,3.099255e-07,9.286206e-08
8.154297,1.213125e-06,7.885044e-07,1.172632e-06,9.858767e-07,1.070787e-07,7.653977e-07,4.502254e-07,6.617898e-07,1.236236e-07,7.255844e-07,2.846425e-07,6.414511e-07,4.049532e-07,5.356778e-07,4.555657e-07,1.153205e-07,2.298704e-08,2.299491e-07,4.041631e-08,1.170471e-07,2.195922e-08,2.630496e-08,3.220742e-08,3.690662e-07,8.646072e-08
8.203125,1.185703e-06,7.652879e-07,1.111949e-06,1.099336e-06,9.762160e-08,4.855408e-07,4.383606e-07,4.111730e-07,2.811610e-07,3.244089e-07,3.199945e-07,6.771022e-07,5.067108e-07,4.122581e-07,3.435607e-07,1.164349e-07,2.912213e-08,2.594280e-07,8.525350e-08,9.078230e-08,2.383861e-08,3.419883e-08,7.456265e-08,2.429143e-07,6.200575e-08
8.251953,1.124408e-06,6.591321e-07,1.146806e-06,1.093221e-06,1.263210e-07,2.179059e-07,4.347182e-07,2.860156e-07,3.894093e-07,2.035574e-07,3.470891e-07,7.366780e-07,4.492146e-07,6.901639e-07,2.156315e-07,9.126957e-08,3.835245e-08,3.097963e-07,7.391574e-08,9.650638e-08,5.656540e-08,5.847528e-08,8.963891e-08,1.838057e-07,6.956229e-08
8.300781,1.029389e-06,4.934973e-07,1.165741e-06,9.599632e-07,1.671203e-07,3.725687e-07,4.364818e-07,2.233837e-07,3.909789e-07,5.111705e-07,3.280959e-07,6.598985e-07,2.563369e-07,7.496722e-07,2.119739e-07,1.393548e-07,4.389295e-08,2.082243e-07,6.937051e-08,1.502584e-07,4.370818e-08,4.635633e-08,4.387054e-08,2.671928e-07,7.261078e-08
8.349609,9.122610e-07,3.339236e-07,1.118194e-06,7.580407e-07,1.920488e-07,6.956807e-07,4.317966e-07,1.936132e-07,3.432494e-07,5.726762e-07,3.070947e-07,5.711178e-07,1.535544e-07,5.872745e-07,3.181381e-07,8.220126e-08,5.640296e-08,3.091575e-07,7.304363e-08,1.932519e-07,1.764508e-08,3.183006e-08,1.536630e-08,2.193779e-07,4.849761e-08
8.398438,7.877485e-07,2.682982e-07,1.021561e-06,5.778024e-07,1.895260e-07,9.999553e-07,4.184801e-07,4.852714e-07,3.001859e-07,6.184328e-07,3.089665e-07,5.095172e-07,1.585608e-07,3.610919e-07,3.914640e-07,7.934777e-08,4.994894e-08,2.294254e-07,8.661549e-08,1.383097e-07,3.167804e-08,2.121176e-08,1.236929e-08,3.038444e-08,5.215362e-08
8.447266,6.719979e-07,2.905285e-07,9.027677e-07,4.366443e-07,1.614980e-07,1.158297e-06,4.433170e-07,5.903539e-07,2.833164e-07,7.536558e-07,3.025564e-07,3.749292e-07,9.915609e-08,2.196105e-07,5.152936e-07,1.650121e-07,3.393043e-08,3.004161e-07,6.834960e-08,2.107838e-07,3.156601e-08,1.924949e-08,1.315543e-08,1.255762e-07,3.420927e-08
8.496094,5.872755e-07,3.109734e-07,7.580736e-07,3.728286e-07,1.210171e-07,1.082871e-06,5.018068e-07,5.009749e-07,3.247112e-07,7.301286e-07,2.843758e-07,2.137250e-07,9.333292e-08,2.352025e-07,4.755175e-07,2.091206e-07,1.285116e-08,4.272357e-07,3.416790e-08,1.677970e-07,2.197015e-08,1.665559e-08,5.453189e-08,1.264219e-07,1.754624e-08
8.544922,5.420694e-07,2.882443e-07,5.760225e-07,6.188768e-07,8.737041e-08,8.687202e-07,5.127925e-07,4.823258e-07,3.674647e-07,5.479281e-07,2.731401e-07,3.401302e-07,6.413826e-08,2.832689e-07,3.877343e-07,2.091767e-07,1.428488e-08,3.162428e-07,5.774013e-08,1.752980e-07,1.594612e-08,2.117886e-08,4.345558e-08,1.582765e-07,3.379783e-08
8.593750,5.037583e-07,2.040040e-07,3.747629e-07,1.035194e-06,7.269375e-08,7.881385e-07,4.553146e-07,4.708995e-07,3.763182e-07,3.870864e-07,2.494104e-07,4.071365e-07,4.692050e-08,3.000622e-07,4.388807e-07,2.448901e-07,5.969986e-09,1.590870e-07,8.402907e-08,7.532011e-08,4.413922e-08,2.926097e-08,1.358516e-08,3.547237e-07,4.679966e-08
8.642578,4.338449e-07,1.179293e-07,1.922276e-07,1.392403e-06,6.861313e-08,8.689798e-07,4.066348e-07,3.401812e-07,3.624757e-07,2.901069e-07,1.569181e-07,3.749284e-07,1.172106e-07,2.666029e-07,5.220053e-07,1.853462e-07,5.218134e-09,2.018173e-07,8.928346e-08,2.089874e-08,3.824641e-08,4.077253e-08,3.352282e-08,3.038315e-07,2.789865e-08
8.691406,3.532676e-07,3.141770e-07,1.698147e-07,1.601046e-06,6.753740e-08,8.832532e-07,4.108803e-07,2.180461e-07,3.056780e-07,2.302688e-07,5.731261e-09,5.775315e-07,2.139214e-07,2.545890e-07,4.771317e-07,8.392580e-08,1.657129e-08,2.225328e-07,8.639808e-08,9.289068e-08,3.039222e-08,2.614261e-08,2.369783e-08,6.890583e-07,1.362644e-08
8.740234,3.685375e-07,6.029965e-07,4.666800e-07,1.729554e-06,7.587288e-08,8.086251e-07,4.045193e-07,2.170620e-07,3.103223e-07,1.954704e-07,1.387132e-07,6.535522e-07,2.477283e-07,4.590009e-07,3.036066e-07,1.607731e-07,2.187235e-08,1.634284e-07,3.066718e-08,9.324248e-08,4.599564e-08,1.558770e-08,1.350171e-08,5.991529e-07,2.167521e-08
8.789062,5.089918e-07,8.445403e-07,8.951745e-07,1.935282e-06,9.408106e-08,7.395307e-07,3.767597e-07,2.975208e-07,4.730586e-07,1.354945e-07,2.194664e-07,3.904253e-07,3.008071e-07,5.221733e-07,1.571258e-07,1.537752e-07,1.052795e-08,1.347515e-07,5.605016e-08,1.886947e-08,1.255407e-08,1.786288e-08,1.006668e-08,2.490702e-07,3.601894e-08
8.837891,6.732828e-07,9.592923e-07,1.330344e-06,2.253713e-06,1.113165e-07,6.535595e-07,3.832513e-07,3.979362e-07,6.061808e-07,1.969990e-07,2.027412e-07,4.287570e-08,3.867948e-07,5.253629e-07,4.488366e-08,2.185901e-07,1.030017e-08,1.808833e-07,8.261399e-08,3.550463e-08,1.389682e-08,1.532487e-08,1.233329e-08,8.625728e-08,2.274356e-08
8.886719,7.915148e-07,9.199776e-07,1.631960e-06,2.545809e-06,1.186153e-07,4.672945e-07,4.236432e-07,5.093838e-07,6.576775e-07,4.297705e-07,1.307793e-07,1.723420e-07,3.654158e-07,4.488317e-07,1.834916e-07,4.044185e-07,1.442360e-08,2.448018e-07,4.696519e-08,3.778531e-08,2.283269e-08,1.123003e-08,1.535628e-08,1.114373e-07,8.375909e-09
8.935547,8.319713e-07,7.654839e-07,1.698233e-06,2.663551e-06,1.141065e-07,3.041065e-07,4.627528e-07,5.173613e-07,7.352992e-07,6.398189e-07,2.747929e-07,2.075025e-07,3.284694e-07,2.477192e-07,2.087250e-07,5.781055e-07,1.115562e-08,2.794898e-07,1.930890e-08,5.438180e-08,5.101523e-09,1.928251e-08,1.460759e-08,3.578897e-07,4.184588e-08
8.984375,7.837771e-07,5.815329e-07,1.531042e-06,2.547917e-06,1.041328e-07,5.251006e-07,4.741233e-07,3.221745e-07,8.706323e-07,7.854365e-07,3.823584e-07,1.320771e-07,2.351331e-07,1.655393e-07,2.794696e-07,5.829112e-07,2.356992e-08,3.495453e-07,2.424457e-08,7.793967e-08,1.850922e-08,1.730810e-08,1.033450e-08,5.590968e-07,3.845130e-08
9.033203,6.580857e-07,4.407747e-07,1.280110e-06,2.227031e-06,1.025589e-07,7.846425e-07,4.140252e-07,7.695031e-08,9.868399e-07,8.424923e-07,3.310843e-07,1.541487e-07,1.614832e-07,5.440129e-08,3.194456e-07,4.525203e-07,2.421767e-08,4.159357e-07,6.444858e-08,8.593282e-08,3.038501e-08,1.537221e-08,1.061304e-08,1.307498e-07,3.062081e-08
9.082031,5.013604e-07,3.528943e-07,1.206167e-06,1.799975e-06,1.182652e-07,8.385733e-07,2.597193e-07,1.241375e-07,1.022261e-06,7.188270e-07,3.528923e-07,3.987857e-07,3.465783e-07,3.305236e-07,2.866650e-07,4.094336e-07,3.084473e-08,3.141802e-07,7.532845e-08,1.645349e-07,1.932087e-08,2.326060e-08,2.395558e-08,5.250019e-07,1.570477e-08
9.130859,4.049622e-07,3.374342e-07,1.381335e-06,1.443263e-06,1.419364e-07,7.226614e-07,6.369796e-08,2.022623e-07,9.338512e-07,5.655075e-07,4.970993e-07,4.709870e-07,3.803612e-07,4.796374e-07,2.306057e-07,4.185616e-07,2.320657e-08,4.003546e-07,4.388556e-08,1.043837e-07,4.083547e-08,3.071925e-08,1.502339e-08,4.410320e-07,3.508025e-08
9.179688,4.232266e-07,4.325853e-07,1.596291e-06,1.337391e-06,1.582679e-07,6.654906e-07,1.523648e-07,4.077756e-07,7.686286e-07,7.158084e-07,5.110105e-07,4.932496e-07,4.819557e-07,3.539061e-07,2.229166e-07,3.102450e-07,1.958501e-08,4.266156e-07,3.064593e-08,1.105730e-07,5.361926e-08,1.907069e-08,7.078322e-09,2.851076e-07,2.274471e-08
9.228516,4.675548e-07,5.534031e-07,1.698427e-06,1.419503e-06,1.573646e-07,7.116991e-07,2.595029e-07,4.591864e-07,6.765096e-07,9.146537e-07,4.108376e-07,5.577967e-07,6.006602e-07,3.979232e-07,3.933157e-07,1.585928e-07,2.589070e-08,2.952297e-07,6.634074e-08,1.707431e-07,5.616837e-08,1.356936e-08,1.026542e-08,2.804974e-07,6.811570e-08
9.277344,4.538367e-07,6.011643e-07,1.659280e-06,1.479270e-06,1.372978e-07,6.482761e-07,2.952435e-07,3.849134e-07,6.287880e-07,1.002034e-06,3.895439e-07,6.439521e-07,6.555839e-07,5.784356e-07,3.450452e-07,6.236824e-08,4.691365e-08,2.013070e-07,7.092819e-08,1.099440e-07,3.603706e-08,2.494880e-08,1.589654e-08,1.441649e-07,9.865438e-08
9.326172,3.791949e-07,5.492568e-07,1.503022e-06,1.470269e-06,1.057572e-07,4.374199e-07,3.039817e-07,5.539993e-07,4.713910e-07,9.763319e-07,4.234835e-07,9.214938e-07,6.118241e-07,5.169381e-07,2.524339e-07,2.180146e-08,6.388167e-08,1.073863e-07,4.118149e-08,7.182026e-08,4.581007e-08,1.264304e-08,9.535515e-09,1.427515e-07,5.913745e-08
9.375000,3.087499e-07,4.422182e-07,1.259669e-06,1.527490e-06,8.518964e-08,2.777876e-07,3.098032e-07,6.892134e-07,2.859365e-07,8.917744e-07,4.121068e-07,1.048645e-06,4.369491e-07,6.351051e-07,2.149227e-07,4.769658e-08,5.462857e-08,3.726277e-08,4.500182e-08,4.288486e-08,3.837983e-08,5.009100e-09,2.993425e-08,3.126508e-07,6.097268e-09
9.423828,3.226436e-07,3.606436e-07,9.579697e-07,1.766466e-06,1.029643e-07,3.142917e-07,3.034859e-07,6.000232e-07,3.790911e-07,8.674667e-07,4.173617e-07,8.238303e-07,2.231323e-07,6.793950e-07,6.462975e-08,9.256185e-08,2.292763e-08,1.010473e-07,1.491362e-08,1.167686e-07,1.961369e-08,1.105054e-08,2.719922e-08,4.436885e-07,2.195695e-08
9.472656,3.929990e-07,3.435071e-07,6.315211e-07,2.111915e-06,1.458660e-07,3.264640e-07,2.982570e-07,5.610399e-07,5.371962e-07,7.565552e-07,5.034903e-07,4.601632e-07,7.292111e-08,6.494976e-07,2.672482e-07,1.521280e-07,2.389809e-08,1.790347e-07,5.866758e-09,9.217001e-08,2.779168e-08,3.483404e-09,2.721118e-08,4.742046e-07,4.671342e-08
9.521484,4.584147e-07,3.639606e-07,3.142790e-07,2.413971e-06,1.903066e-07,2.979527e-07,3.364416e-07,6.452262e-07,5.428870e-07,6.283404e-07,5.498932e-07,1.148247e-07,2.017626e-07,5.379992e-07,2.521828e-07,1.947063e-07,2.997930e-08,1.345697e-07,1.686039e-08,9.458882e-08,1.856139e-08,6.335871e-09,2.439571e-08,4.071807e-07,5.020309e-08
9.570312,5.125533e-07,4.108070e-07,1.564800e-07,2.581959e-06,2.235265e-07,3.376822e-07,4.181194e-07,5.549228e-07,3.945908e-07,9.844017e-07,4.169320e-07,3.044522e-07,3.934243e-07,1.908641e-07,1.420968e-07,2.277442e-07,2.947190e-08,1.812489e-07,2.276903e-08,6.532506e-08,1.032323e-08,6.956065e-09,1.519777e-08,2.401926e-07,2.956239e-08
9.619141,5.654707e-07,4.915383e-07,4.429131e-07,2.598356e-06,2.372564e-07,3.954025e-07,5.061495e-07,2.841553e-07,2.358478e-07,1.384867e-06,1.821599e-07,5.689500e-07,4.303754e-07,2.226716e-07,2.766565e-07,1.783898e-07,1.975832e-08,1.400442e-07,5.197952e-08,7.858546e-08,2.846300e-08,2.074630e-08,2.053002e-08,2.883065e-07,1.243515e-08
9.667969,6.022870e-07,6.121598e-07,8.057299e-07,2.468376e-06,2.277208e-07,3.861706e-07,5.844760e-07,6.740470e-08,2.039799e-07,1.504373e-06,2.275739e-07,5.867819e-07,4.591567e-07,2.243137e-07,4.630610e-07,4.071555e-08,2.807719e-08,1.061405e-07,4.788970e-08,6.670471e-08,4.878052e-08,2.753568e-08,1.088513e-08,1.786752e-07,2.461599e-08
9.716797,5.950767e-07,7.807211e-07,1.157670e-06,2.171982e-06,1.983062e-07,3.277648e-07,6.541760e-07,2.979135e-07,1.906288e-07,1.380910e-06,3.438485e-07,4.821283e-07,3.495143e-07,1.095806e-07,5.150788e-07,1.795817e-07,3.356453e-08,1.011763e-07,8.132279e-09,8.230572e-09,4.438519e-08,9.293297e-09,2.352673e-08,2.728885e-07,4.862008e-08
9.765625,5.417950e-07,9.782204e-07,1.454408e-06,1.698422e-06,1.602302e-07,3.000914e-07,7.036987e-07,5.161394e-07,2.191045e-07,1.087788e-06,4.288242e-07,5.183566e-07,1.998768e-07,3.222128e-07,4.945472e-07,8.663689e-08,4.598822e-08,1.696881e-07,2.925658e-08,1.472221e-07,8.591141e-09,1.756762e-08,3.162668e-08,2.282625e-07,7.779671e-08
9.814453,4.832842e-07,1.146957e-06,1.678064e-06,1.178239e-06,1.275582e-07,3.371338e-07,7.124507e-07,5.982002e-07,2.850495e-07,6.965121e-07,5.329445e-07,5.677034e-07,2.300698e-07,3.965459e-07,3.956669e-07,1.305250e-07,3.673616e-08,7.498351e-08,6.335472e-08,2.019703e-07,2.485149e-08,2.209385e-08,4.097938e-08,2.137837e-07,4.443943e-08
9.863281,4.648245e-07,1.228162e-06,1.834962e-06,1.076478e-06,1.068391e-07,4.084993e-07,6.905437e-07,5.325858e-07,3.114218e-07,3.731759e-07,5.938789e-07,6.130866e-07,3.520946e-07,3.693719e-07,4.569506e-07,1.953272e-07,2.592320e-08,8.414143e-08,3.922823e-08,1.524765e-07,2.936240e-08,1.533185e-08,3.752976e-08,2.934827e-07,2.252529e-08
9.912109,4.653901e-07,1.202472e-06,1.925582e-06,1.574175e-06,9.436251e-08,4.761706e-07,6.870472e-07,5.120589e-07,2.967516e-07,2.635858e-07,5.844005e-07,7.618505e-07,3.073015e-07,3.451355e-07,4.721273e-07,1.865525e-07,3.330951e-08,2.482635e-07,5.256678e-08,1.386675e-07,1.794957e-08,8.403790e-09,1.920994e-08,1.318262e-07,4.300144e-08
9.960938,4.263742e-07,1.097742e-06,1.920189e-06,2.166754e-06,8.954205e-08,5.054518e-07,7.107116e-07,5.964926e-07,2.124026e-07,2.596293e-07,5.438433e-07,6.837012e-07,3.440702e-07,3.546835e-07,3.346089e-07,1.157950e-07,3.694597e-08,2.858566e-07,6.401640e-08,1.603640e-07,1.270464e-08,1.608136e-08,3.117392e-08,2.503245e-07,3.532269e-08
10.009766,3.268472e-07,9.582406e-07,1.773998e-06,2.552497e-06,9.598662e-08,5.040615e-07,6.932508e-07,5.967271e-07,6.951001e-08,2.649373e-07,4.894598e-07,3.233118e-07,4.779725e-07,3.592429e-07,1.545438e-07,1.841346e-07,2.519004e-08,1.738971e-07,2.333946e-08,1.841279e-07,5.162802e-08,3.615346e-08,7.833493e-09,2.455715e-07,4.144455e-08
10.058594,1.992634e-07,8.019176e-07,1.467607e-06,2.584220e-06,1.064706e-07,5.017425e-07,5.845698e-07,4.550910e-07,1.159053e-07,3.166892e-07,3.985988e-07,3.069457e-07,5.067767e-07,3.530400e-07,2.369025e-07,2.488526e-07,1.891834e-08,1.775076e-07,1.550096e-08,1.577995e-07,3.732667e-08,3.210476e-08,2.329692e-08,4.537778e-08,3.237016e-08
10.107422,1.181342e-07,6.167448e-07,1.034934e-06,2.231042e-06,1.082591e-07,4.738626e-07,4.151979e-07,2.578523e-07,1.219327e-07,4.384940e-07,3.300544e-07,4.320164e-07,3.237623e-07,3.444417e-07,4.495562e-07,9.571697e-08,2.196259e-08,1.650490e-07,1.984304e-08,1.020368e-07,1.643138e-08,2.121102e-08,3.946582e-08,3.804385e-07,5.484317e-08
10.156250,1.235130e-07,3.999129e-07,5.599354e-07,1.629555e-06,9.578115e-08,3.805803e-07,2.746614e-07,1.379911e-07,1.276397e-07,5.549598e-07,3.377007e-07,3.887364e-07,2.777406e-07,3.615827e-07,2.551681e-07,1.295439e-07,2.323432e-08,8.416928e-08,1.418749e-08,1.664858e-07,2.554759e-08,1.470627e-08,5.602616e-08,2.184640e-07,1.444520e-08
10.205078,1.472866e-07,1.932293e-07,1.487081e-07,1.094811e-06,7.205463e-08,2.486583e-07,2.267685e-07,7.854923e-08,2.675268e-07,5.934692e-07,3.089132e-07,2.632169e-07,3.220974e-07,3.694455e-07,6.469266e-08,1.601248e-07,2.356344e-08,1.442508e-07,1.946536e-08,1.679797e-07,3.091121e-08,3.053540e-09,4.727596e-08,2.804756e-07,4.522793e-09
10.253906,2.022342e-07,1.529101e-07,1.790306e-07,9.245574e-07,4.449400e-08,1.829645e-07,2.216604e-07,6.278104e-08,3.137928e-07,5.337889e-07,2.233254e-07,1.874101e-07,2.714539e-07,3.539161e-07,3.297845e-08,3.134405e-07,2.346390e-08,7.823945e-08,4.969537e-08,1.897137e-07,3.168449e-08,1.066566e-08,2.475404e-08,3.189447e-07,5.398371e-08
10.302734,2.943271e-07,2.617689e-07,4.042971e-07,9.279611e-07,2.070791e-08,2.792655e-07,2.100806e-07,2.049070e-07,2.457991e-07,3.804021e-07,1.317428e-07,2.186572e-07,3.830551e-07,4.924794e-07,2.125938e-07,4.673708e-07,3.482165e-08,1.088219e-07,2.839777e-08,1.152627e-07,2.001870e-08,2.033576e-08,2.201211e-08,2.283873e-07,3.994913e-08
10.351562,3.764911e-07,3.419458e-07,6.824036e-07,8.995321e-07,1.817198e-08,4.461834e-07,1.964248e-07,2.843558e-07,1.440568e-07,2.150530e-07,1.384651e-07,3.248449e-07,3.841599e-07,4.860306e-07,1.452062e-07,3.751359e-07,2.423701e-08,1.077042e-07,2.182849e-08,1.043714e-07,1.268546e-08,1.103576e-08,1.504152e-08,1.385604e-07,1.360965e-08
10.400391,4.112223e-07,3.847375e-07,1.050994e-06,1.099970e-06,3.905493e-08,5.749243e-07,2.047019e-07,3.491830e-07,1.020126e-07,2.243028e-07,2.546865e-07,3.258962e-07,2.601153e-07,3.128475e-07,1.690901e-07,6.064995e-08,1.530131e-08,9.070738e-08,2.670828e-08,5.152437e-08,1.823447e-08,1.008245e-08,1.908143e-08,4.131678e-08,2.960211e-08
10.449219,3.891901e-07,4.132074e-07,1.426753e-06,1.679931e-06,6.340105e-08,5.817701e-07,2.610283e-07,4.392957e-07,2.514652e-07,3.357297e-07,3.680241e-07,1.581537e-07,1.877099e-07,3.832940e-07,3.128864e-07,2.272529e-07,1.180017e-08,6.337531e-08,1.127261e-08,1.295860e-07,5.395222e-09,1.168045e-08,4.808748e-09,1.820714e-07,4.910620e-08
10.498047,3.239811e-07,4.488528e-07,1.699617e-06,2.345056e-06,8.415779e-08,4.442220e-07,3.627735e-07,4.270397e-07,3.750991e-07,6.247220e-07,4.570289e-07,7.159652e-08,1.330273e-07,4.471317e-07,1.836050e-07,2.561429e-07,9.709284e-09,1.563248e-07,2.289236e-08,1.304544e-07,1.693651e-08,3.549110e-09,1.332426e-08,2.118842e-07,6.556171e-08
10.546875,2.401183e-07,4.980199e-07,1.801642e-06,2.764335e-06,9.495185e-08,2.146169e-07,4.780669e-07,3.079644e-07,3.828157e-07,9.409345e-07,4.299322e-07,9.998424e-08,8.389816e-08,3.514818e-07,1.071550e-07,1.794894e-07,8.856183e-09,1.797550e-07,5.502606e-08,8.141833e-08,2.896481e-08,1.540642e-08,2.077510e-08,3.943360e-07,5.385683e-08
10.595703,1.627204e-07,5.482297e-07,1.737228e-06,2.727812e-06,9.212844e-08,4.600147e-08,5.625421e-07,2.639796e-07,3.143529e-07,1.033424e-06,2.938101e-07,3.247081e-07,1.175762e-07,2.228992e-07,1.075289e-07,1.266466e-07,2.343433e-08,1.967381e-07,5.356260e-08,6.216494e-08,1.569840e-08,1.013330e-08,1.749842e-08,3.206649e-07,6.208002e-08
10.644531,1.145035e-07,5.801277e-07,1.582588e-06,2.244484e-06,7.703164e-08,2.022669e-07,5.841330e-07,3.711181e-07,2.365779e-07,8.721132e-07,2.285262e-07,3.592946e-07,1.817351e-07,1.539819e-07,1.471854e-07,2.580939e-07,1.943573e-08,1.811104e-07,4.912741e-08,5.536101e-08,1.636755e-08,2.287723e-09,5.612956e-09,7.214533e-08,4.360025e-08
10.693359,1.131329e-07,5.833375e-07,1.446349e-06,1.578720e-06,5.530089e-08,2.932853e-07,5.573219e-07,5.847274e-07,1.515952e-07,6.319079e-07,2.196916e-07,3.688741e-07,2.625392e-07,2.020237e-07,2.957130e-07,3.575894e-07,2.047326e-08,1.026268e-07,4.074587e-08,1.658246e-08,2.865576e-08,9.604821e-09,7.997044e-09,2.585882e-07,3.506894e-08
10.742188,1.487768e-07,5.620340e-07,1.388967e-06,1.118437e-06,3.290395e-08,3.414024e-07,5.408117e-07,7.383063e-07,6.886326e-08,4.692280e-07,1.583928e-07,3.700331e-07,2.751188e-07,4.014837e-07,2.921701e-07,3.882743e-07,1.613377e-08,1.056679e-07,2.166178e-08,4.700284e-08,2.252239e-08,1.696560e-08,1.415992e-08,4.192574e-07,1.920493e-08
10.791016,1.956032e-07,5.287903e-07,1.374766e-06,9.282689e-07,1.231871e-08,3.937320e-07,5.552740e-07,6.899102e-07,5.341477e-08,3.845945e-07,7.510338e-08,2.074544e-07,2.282792e-07,4.817870e-07,3.953990e-07,4.850280e-07,2.073369e-08,2.020652e-07,6.175659e-09,5.329692e-08,6.220139e-09,1.193605e-08,1.212780e-08,3.464821e-07,4.955093e-08
10.839844,2.365176e-07,4.935664e-07,1.331935e-06,6.900946e-07,6.638550e-09,4.433980e-07,5.524836e-07,5.075393e-07,1.307602e-07,3.342470e-07,4.558489e-08,2.739200e-07,3.632928e-07,4.280308e-07,3.862935e-07,5.150402e-07,1.651212e-08,2.547698e-07,6.596549e-09,3.306525e-08,1.200298e-08,1.640796e-08,1.005978e-08,3.418994e-07,6.031924e-08
10.888672,2.740645e-07,4.563984e-07,1.225005e-06,3.500087e-07,2.161272e-08,4.337717e-07,5.084444e-07,3.317672e-07,2.844476e-07,2.688453e-07,1.159173e-07,5.236001e-07,4.751529e-07,5.355515e-07,3.849151e-07,3.813524e-07,7.292267e-09,2.480877e-07,2.985284e-08,9.127478e-08,1.066412e-08,1.429002e-08,1.505745e-08,8.533242e-08,2.963584e-08
10.937500,3.319107e-07,4.086064e-07,1.070893e-06,2.506404e-07,2.879696e-08,3.180878e-07,4.508410e-07,1.799072e-07,4.180785e-07,3.378327e-07,1.889694e-07,6.989612e-07,4.346273e-07,5.215039e-07,5.568776e-07,2.776004e-07,1.196165e-08,1.344189e-07,4.664414e-08,5.587139e-08,4.319464e-09,1.080622e-08,3.109594e-08,6.026790e-07,4.631190e-08
10.986328,4.169633e-07,3.406124e-07,9.349211e-07,3.831932e-07,2.618841e-08,1.039090e-07,4.012770e-07,2.405783e-07,4.246842e-07,5.392839e-07,2.061342e-07,6.609394e-07,3.204580e-07,4.254799e-07,4.833462e-07,2.181747e-07,7.103118e-09,2.769541e-07,6.727919e-08,4.390070e-08,1.795417e-08,6.352349e-09,2.328761e-08,5.671874e-07,2.765628e-08
11.035156,4.935401e-07,2.503408e-07,9.126599e-07,4.624634e-07,1.686924e-08,1.663131e-07,3.619033e-07,4.011590e-07,2.834999e-07,5.652591e-07,1.155825e-07,5.383747e-07,1.953890e-07,5.425968e-07,2.594189e-07,1.026971e-07,6.275337e-09,4.097962e-07,4.696783e-08,8.380956e-08,1.783406e-08,7.508782e-09,9.624977e-09,1.202556e-07,2.035740e-08
11.083984,5.140164e-07,1.489044e-07,1.040740e-06,6.302231e-07,7.942656e-09,3.680574e-07,3.480597e-07,4.600416e-07,1.085541e-07,3.538041e-07,7.512220e-08,4.733734e-07,1.937801e-07,5.063130e-07,1.165744e-07,2.053329e-07,5.945628e-09,3.985047e-07,4.922337e-08,1.164460e-07,1.776797e-08,5.446748e-09,1.979159e-08,1.930821e-07,1.417735e-08
11.132812,4.534201e-07,7.889531e-08,1.240844e-06,9.291784e-07,1.208923e-08,4.406255e-07,3.495837e-07,4.166706e-07,1.705457e-07,1.611001e-07,2.040166e-07,4.141754e-07,2.661306e-07,5.793786e-07,2.177125e-07,1.828156e-07,6.551480e-09,2.896920e-07,7.013089e-08,1.172078e-07,2.482161e-08,3.592783e-09,1.795395e-08,4.114702e-07,4.092798e-08
11.181641,3.240615e-07,1.135630e-07,1.405212e-06,1.246379e-06,3.054385e-08,3.628240e-07,3.252114e-07,2.736391e-07,2.761036e-07,3.096296e-07,3.049788e-07,3.182834e-07,2.310570e-07,6.682452e-07,3.411218e-07,9.607544e-08,7.086963e-09,6.653227e-08,5.328942e-08,7.932702e-08,8.450144e-09,3.936012e-09,7.774786e-09,3.511749e-07,2.557892e-08
11.230469,1.727888e-07,1.639630e-07,1.454306e-06,1.468521e-06,5.659940e-08,1.796693e-07,2.665895e-07,1.105559e-07,3.381727e-07,5.378561e-07,3.606451e-07,1.644807e-07,1.566547e-07,4.578078e-07,4.264026e-07,1.569285e-07,3.678089e-09,2.146645e-07,3.236383e-08,5.995580e-08,1.584188e-08,6.311089e-09,2.503988e-09,1.740016e-07,2.494757e-08
11.279297,7.763332e-08,1.811519e-07,1.351888e-06,1.538038e-06,8.211729e-08,9.612339e-08,2.056311e-07,3.151457e-07,3.224157e-07,7.379620e-07,3.563649e-07,1.028669e-07,1.781993e-07,1.144120e-07,4.098832e-07,1.858947e-07,3.838411e-09,2.812956e-07,2.617217e-08,2.309871e-08,2.063599e-08,8.940042e-09,8.715462e-09,1.152950e-07,3.630659e-08
11.328125,8.540447e-08,1.859606e-07,1.125383e-06,1.497633e-06,9.929791e-08,2.546639e-07,1.799424e-07,4.548294e-07,2.079201e-07,8.348065e-07,3.389823e-07,3.695231e-07,2.106394e-07,2.855331e-07,2.636773e-07,1.680734e-07,3.818956e-09,2.212442e-07,1.135371e-08,1.194226e-08,3.193456e-08,9.366445e-09,2.676519e-09,2.445870e-07,3.248893e-08
11.376953,9.008429e-08,2.391743e-07,8.989401e-07,1.474128e-06,1.060586e-07,3.300850e-07,2.033425e-07,3.872042e-07,9.577831e-08,8.872074e-07,3.280799e-07,4.880096e-07,2.352643e-07,4.734887e-07,4.714933e-08,2.284675e-07,9.824592e-09,2.935800e-07,3.301577e-08,2.678149e-08,1.657996e-08,8.278184e-10,1.206713e-08,3.121018e-07,3.324821e-08
11.425781,1.252393e-07,3.379296e-07,8.717357e-07,1.595365e-06,1.064552e-07,2.943674e-07,2.564987e-07,2.002676e-07,1.949009e-07,9.005797e-07,3.103687e-07,4.177786e-07,1.989478e-07,4.179147e-07,1.721694e-07,4.070230e-07,2.224765e-08,3.729107e-07,1.865867e-08,3.597275e-08,6.607103e-09,6.114758e-09,1.835630e-08,2.409294e-07,2.104772e-08
11.474609,2.117790e-07,4.157258e-07,1.048053e-06,1.901110e-06,1.043762e-07,1.842404e-07,3.042301e-07,7.029447e-08,2.932768e-07,7.941627e-07,3.022256e-07,2.825827e-07,4.225000e-08,2.449262e-07,1.704924e-07,4.601089e-07,1.721069e-08,2.632861e-07,2.732955e-08,1.069779e-07,2.358110e-09,5.890894e-09,2.180944e-08,2.725535e-07,5.276881e-09
11.523438,2.986182e-07,4.194578e-07,1.231112e-06,2.273537e-06,9.773177e-08,4.559470e-08,3.243760e-07,1.418043e-07,3.265229e-07,6.314710e-07,2.718517e-07,7.518209e-08,1.917433e-07,2.564682e-07,3.949753e-08,4.961956e-07,1.702649e-08,8.666185e-08,6.920159e-09,1.568157e-07,5.008003e-09,4.451375e-09,1.266100e-08,4.719414e-07,7.521614e-09
11.572266,3.613649e-07,3.338191e-07,1.313466e-06,2.502930e-06,8.224945e-08,1.247941e-07,3.341770e-07,3.495562e-07,3.064373e-07,5.795904e-07,1.721223e-07,3.050848e-07,3.628175e-07,4.138393e-07,1.982244e-07,5.779986e-07,2.554742e-08,1.475814e-07,1.178265e-08,9.381062e-08,1.685962e-08,5.585036e-09,1.790775e-08,1.337471e-07,2.153095e-08
11.621094,4.001275e-07,1.966112e-07,1.298662e-06,2.486790e-06,5.833330e-08,3.053559e-07,3.614835e-07,5.118677e-07,2.668462e-07,5.921864e-07,4.156549e-08,6.308686e-07,4.243625e-07,4.241414e-07,1.286620e-07,3.430454e-07,2.040220e-08,9.242287e-08,2.654963e-08,5.407558e-08,1.132170e-08,9.295989e-09,2.297830e-08,4.011346e-07,2.438427e-08
11.669922,4.198695e-07,1.586116e-07,1.239889e-06,2.348535e-06,3.311746e-08,4.372517e-07,3.745801e-07,5.235839e-07,2.025079e-07,5.351180e-07,9.425948e-08,6.569802e-07,3.678521e-07,2.602377e-07,1.936934e-07,1.029780e-07,1.726769e-08,7.708710e-08,1.112134e-08,1.260230e-08,1.920654e-08,7.747772e-09,1.587100e-08,4.037908e-07,1.522962e-08
11.718750,4.199491e-07,2.701262e-07,1.177431e-06,2.250145e-06,2.272740e-08,4.449425e-07,3.252974e-07,4.229236e-07,9.268822e-08,4.282010e-07,8.952570e-08,4.905900e-07,3.503937e-07,6.321628e-08,3.323327e-07,3.983007e-07,1.730602e-08,1.274357e-07,4.875624e-09,5.338954e-08,2.067183e-08,4.339114e-09,1.142688e-08,1.558157e-07,3.560100e-08
11.767578,4.015227e-07,3.619766e-07,1.109880e-06,2.087666e-06,3.321722e-08,3.198051e-07,2.280494e-07,3.350109e-07,4.375727e-08,3.505353e-07,1.856945e-08,4.875213e-07,3.669848e-07,2.240343e-07,2.989402e-07,4.589640e-07,2.020837e-08,1.409037e-07,1.627754e-08,7.599833e-08,1.247300e-08,2.733673e-09,9.495767e-09,1.866662e-07,3.153189e-08
11.816406,3.749624e-07,4.099011e-07,1.022319e-06,1.726475e-06,4.557211e-08,1.596079e-07,1.624127e-07,3.392582e-07,1.060184e-07,3.166606e-07,3.268998e-08,4.917334e-07,2.215480e-07,3.014280e-07,3.030047e-07,2.543610e-07,2.012220e-08,1.537730e-07,1.366209e-08,6.296480e-08,2.172576e-08,4.204674e-09,6.438386e-09,3.044842e-07,1.040329e-08
11.865234,3.494336e-07,4.515917e-07,9.246610e-07,1.503412e-06,5.445880e-08,1.546017e-07,1.744942e-07,4.197455e-07,1.588484e-07,3.235095e-07,1.258148e-07,2.798253e-07,1.863841e-07,3.163085e-07,2.831808e-07,8.032763e-08,6.989032e-09,1.186300e-07,2.734233e-08,6.254452e-08,1.289561e-08,8.517207e-09,3.859149e-09,1.100288e-07,9.042367e-09
11.914062,3.176726e-07,5.215255e-07,8.520019e-07,1.832677e-06,5.804232e-08,1.903324e-07,2.144285e-07,4.922980e-07,2.170436e-07,4.824741e-07,2.628155e-07,1.303342e-07,2.879819e-07,3.997006e-07,1.644370e-07,8.065866e-08,5.622412e-09,7.120071e-08,1.909357e-08,1.280573e-07,1.071030e-08,8.877909e-09,4.734473e-09,2.641883e-07,9.901698e-09
11.962891,2.630752e-07,6.128022e-07,8.289500e-07,2.182154e-06,5.464431e-08,1.594209e-07,2.480182e-07,4.614302e-07,2.105138e-07,6.955693e-07,3.198637e-07,2.002381e-07,2.101811e-07,4.401097e-07,5.814007e-08,1.990524e-07,8.503874e-09,7.521878e-08,2.488195e-08,1.844762e-08,9.701638e-09,8.506095e-09,3.391935e-09,2.613991e-07,2.781204e-08
12.011719,1.793286e-07,6.979511e-07,8.412497e-07,2.046852e-06,4.700410e-08,1.126938e-07,2.472143e-07,3.000065e-07,1.390362e-07,7.016867e-07,2.553006e-07,8.447490e-08,2.598768e-08,3.772827e-07,1.093007e-07,2.493049e-07,1.043960e-08,1.347513e-07,2.277810e-08,1.178998e-07,9.306196e-09,2.465847e-09,5.574559e-09,5.224851e-07,4.428760e-08
12.060547,8.140137e-08,7.545916e-07,8.540064e-07,1.422981e-06,4.636574e-08,1.130066e-07,2.090967e-07,9.482585e-08,1.302997e-07,5.080958e-07,1.663178e-07,4.158722e-08,1.692778e-07,2.768781e-07,5.006170e-08,1.850081e-07,2.027460e-08,5.933720e-08,2.502716e-08,9.215465e-08,5.296034e-09,8.410008e-09,7.353371e-09,2.036098e-07,3.973123e-08
12.109375,6.498783e-08,7.675464e-07,8.428552e-07,6.834175e-07,5.794571e-08,1.761554e-07,1.669193e-07,1.768890e-07,1.948145e-07,6.409812e-07,1.972941e-07,1.723015e-07,2.749450e-07,1.588947e-07,4.088380e-08,3.550634e-08,2.286545e-08,3.358720e-08,1.201278e-08,5.590059e-08,1.919136e-08,6.790225e-09,3.586707e-09,4.486349e-07,1.653589e-08
12.158203,1.391787e-07,7.287809e-07,8.036620e-07,4.870092e-07,6.891279e-08,2.789638e-07,1.589144e-07,2.847781e-07,2.386318e-07,9.107521e-07,2.618655e-07,2.309734e-07,2.679698e-07,2.728127e-07,7.658136e-08,4.409351e-08,2.552010e-08,1.388920e-07,1.183447e-08,1.251622e-07,9.961138e-09,6.108752e-09,1.294742e-08,5.973529e-07,3.600092e-08
12.207031,1.835199e-07,6.461120e-07,7.504366e-07,6.735598e-07,6.858434e-08,4.071028e-07,2.050834e-07,3.481285e-07,2.327564e-07,9.208898e-07,2.710614e-07,1.203596e-07,1.647162e-07,3.069740e-07,1.376698e-07,8.419691e-08,1.953505e-08,2.092113e-07,3.571315e-09,1.433118e-07,1.901606e-08,1.202095e-09,1.005801e-08,2.413376e-07,2.012624e-08
12.255859,1.780249e-07,5.548318e-07,7.093297e-07,9.927136e-07,5.595100e-08,5.687345e-07,2.784932e-07,3.975337e-07,1.742650e-07,8.475247e-07,2.225208e-07,3.994265e-08,9.611701e-08,3.665975e-07,2.025030e-07,1.853929e-07,1.218842e-08,2.567982e-07,1.841412e-08,9.476956e-08,8.123670e-09,3.664009e-09,1.569488e-09,1.279605e-07,2.157988e-08
12.304688,1.232955e-07,5.110500e-07,6.981789e-07,1.574666e-06,3.746356e-08,7.479793e-07,3.295315e-07,3.876777e-07,1.031232e-07,8.591203e-07,1.833996e-07,1.914377e-07,1.228208e-07,3.889602e-07,2.035182e-07,1.740000e-07,2.016576e-09,3.401359e-07,2.768061e-08,1.259349e-07,1.633200e-08,6.388343e-09,9.563759e-09,3.014970e-07,1.460222e-08
12.353516,4.819459e-08,5.339994e-07,6.934952e-07,2.062147e-06,2.241145e-08,8.853370e-07,3.328639e-07,3.210409e-07,6.146779e-08,7.426567e-07,1.873975e-07,4.257760e-07,1.639527e-07,2.901204e-07,1.953606e-07,1.189716e-07,1.577475e-09,2.352786e-07,2.128261e-08,1.423270e-07,2.275309e-08,8.296826e-09,1.412706e-08,5.555683e-07,1.745080e-08
12.402344,9.121084e-08,5.734245e-07,6.293452e-07,2.125898e-06,2.406810e-08,9.406279e-07,2.934735e-07,2.657659e-07,1.235504e-07,4.603814e-07,1.623162e-07,4.948095e-07,2.049384e-07,1.194584e-07,3.646068e-07,1.400046e-07,5.316987e-09,1.249708e-07,1.660257e-08,1.459898e-07,2.285618e-08,8.187241e-09,2.343817e-08,2.411125e-07,2.562412e-08
12.451172,1.643510e-07,5.770388e-07,4.361068e-07,1.801708e-06,4.467275e-08,9.603449e-07,2.300268e-07,2.481534e-07,2.198283e-07,2.139159e-07,7.869333e-08,4.661294e-07,1.982649e-07,1.517253e-07,4.824679e-07,1.382223e-07,8.246068e-09,6.682495e-08,1.404036e-08,9.480314e-08,1.549947e-08,7.260829e-09,1.729348e-08,3.340610e-07,2.486401e-08
12.500000,1.918689e-07,5.358090e-07,8.185905e-08,1.671228e-06,6.975616e-08,1.026313e-06,1.658177e-07,2.096933e-07,2.760253e-07,1.357690e-07,4.479240e-08,4.375070e-07,2.144184e-07,2.797189e-07,4.843302e-07,1.711083e-07,1.135110e-08,1.339020e-07,1.166235e-08,9.774736e-09,2.500450e-08,3.003077e-09,1.588867e-09,3.020533e-07,2.429125e-08
12.548828,1.629158e-07,4.778882e-07,4.079400e-07,2.152654e-06,8.707702e-08,1.100462e-06,1.274605e-07,1.332643e-07,3.183337e-07,1.181588e-07,1.454940e-07,2.834341e-07,2.797730e-07,2.985282e-07,4.273062e-07,1.945850e-07,4.524809e-09,2.260110e-07,5.272216e-09,5.367107e-08,8.412906e-09,2.573828e-09,5.141339e-09,2.979461e-07,2.691307e-08
12.597656,9.163848e-08,4.364762e-07,9.470670e-07,2.642333e-06,8.861169e-08,1.074404e-06,1.220658e-07,2.151854e-07,3.849306e-07,1.695335e-07,2.021088e-07,1.445396e-07,2.824915e-07,1.867069e-07,2.593578e-07,2.335868e-07,5.183895e-09,2.158300e-07,7.921036e-09,6.828804e-08,2.592009e-08,2.033399e-09,4.927578e-09,1.539533e-07,9.226973e-09
12.646484,3.788976e-08,4.129898e-07,1.426165e-06,2.664786e-06,7.437066e-08,9.513880e-07,1.297875e-07,3.042920e-07,4.324253e-07,2.673905e-07,2.000641e-07,5.847097e-08,1.964424e-07,1.096537e-07,1.173202e-07,1.845955e-07,7.043552e-09,2.601305e-07,1.764498e-08,6.614831e-08,2.157710e-08,6.396909e-09,1.002368e-08,1.756705e-07,3.389338e-08
12.695312,9.480718e-08,3.860334e-07,1.756348e-06,2.202728e-06,5.279633e-08,8.699486e-07,1.531521e-07,2.714052e-07,4.268094e-07,2.931483e-07,1.240308e-07,3.055918e-07,1.773051e-07,1.144178e-07,5.327416e-08,2.208430e-07,2.813659e-09,2.038663e-07,2.718631e-08,3.273675e-08,1.071164e-08,9.030169e-09,1.254589e-08,9.505183e-08,5.501586e-08
12.744141,1.405992e-07,3.496143e-07,1.908669e-06,1.553992e-06,3.616661e-08,8.828687e-07,2.035203e-07,2.176154e-07,3.662137e-07,1.951920e-07,7.880726e-08,4.292722e-07,2.605819e-07,1.754566e-07,1.268834e-07,1.717828e-07,6.533017e-09,1.840605e-07,2.468807e-08,6.646612e-08,6.278360e-09,3.652976e-09,1.652530e-09,2.100306e-07,3.386197e-08
12.792969,1.627109e-07,3.189484e-07,1.912676e-06,1.158348e-06,2.987417e-08,8.466553e-07,2.553331e-07,1.860799e-07,2.440931e-07,4.425522e-08,1.835820e-07,3.406178e-07,2.651251e-07,1.923604e-07,1.688299e-07,1.655262e-07,1.004053e-08,1.068974e-07,2.196099e-08,5.946258e-08,3.983537e-09,5.753123e-09,7.442870e-09,1.323131e-07,2.160148e-08
12.841797,1.807190e-07,3.086181e-07,1.809719e-06,1.221856e-06,2.813206e-08,6.610730e-07,2.788569e-07,1.898174e-07,1.356737e-07,3.256155e-07,1.886027e-07,2.267795e-07,1.665610e-07,1.869553e-07,1.963025e-07,1.024922e-07,6.534317e-09,8.655094e-08,9.133195e-09,8.826022e-08,1.236303e-08,8.242233e-09,5.007584e-09,1.192657e-07,2.594212e-08
12.890625,2.019609e-07,3.220598e-07,1.615753e-06,1.524366e-06,2.863185e-08,3.648345e-07,2.815726e-07,2.861233e-07,2.376624e-07,5.925745e-07,1.692077e-07,1.662257e-07,2.238784e-08,2.111956e-07,1.943090e-07,1.106748e-07,9.729743e-09,1.097396e-07,4.741411e-08,4.387972e-08,3.794888e-09,8.062163e-09,9.156516e-09,3.325960e-07,3.308681e-08
12.939453,2.100319e-07,3.577696e-07,1.366531e-06,1.865678e-06,3.130379e-08,1.308971e-07,2.916166e-07,2.681628e-07,3.306848e-07,7.100107e-07,2.792670e-07,2.892744e-07,1.121159e-07,1.412670e-07,1.085326e-07,2.099613e-07,1.245706e-08,1.042318e-07,3.994689e-08,6.647548e-08,1.042516e-08,3.408117e-09,5.973802e-09,1.479756e-07,3.585778e-08
12.988281,1.907496e-07,4.032302e-07,1.210393e-06,2.046225e-06,3.484212e-08,2.592890e-07,2.976464e-07,1.446448e-07,3.233569e-07,6.322281e-07,3.454963e-07,3.694296e-07,1.089057e-07,2.135931e-07,9.418662e-08,2.201779e-07,7.311877e-09,9.633804e-08,3.030942e-08,7.762172e-08,1.737682e-08,7.340782e-09,2.657862e-09,3.847687e-07,2.232544e-08
13.037109,1.534162e-07,4.336037e-07,1.301914e-06,1.911461e-06,4.067828e-08,3.633232e-07,2.624104e-07,2.553228e-07,2.601641e-07,4.070910e-07,3.217457e-07,2.996706e-07,5.146904e-08,2.866875e-07,1.033326e-07,2.569049e-07,8.637255e-09,1.083827e-07,2.372912e-08,8.076447e-08,3.398473e-08,9.230474e-09,5.451205e-09,2.604765e-07,2.359111e-08
13.085938,1.353177e-07,4.297110e-07,1.492794e-06,1.560698e-06,4.812633e-08,3.663475e-07,1.861670e-07,3.712495e-07,1.944893e-07,1.296782e-07,2.719913e-07,3.277494e-07,8.112919e-08,2.411315e-07,1.177830e-07,2.799685e-07,8.467198e-09,5.814664e-08,2.689353e-08,8.165812e-08,2.333142e-08,1.100057e-08,4.120359e-09,2.255557e-07,3.096215e-09
13.134766,1.586015e-07,3.929599e-07,1.519981e-06,1.411214e-06,5.176004e-08,3.301488e-07,1.479532e-07,3.873438e-07,2.028884e-07,1.708323e-07,2.379947e-07,4.382076e-07,5.974305e-08,1.545453e-07,1.288958e-07,2.126334e-07,6.491378e-09,5.928205e-08,1.982639e-08,2.278209e-08,2.002537e-08,4.975468e-09,4.868165e-09,1.998784e-07,1.704351e-08
13.183594,1.902695e-07,3.439637e-07,1.265529e-06,1.580812e-06,4.731713e-08,3.164970e-07,2.129331e-07,3.483857e-07,3.446690e-07,4.358396e-07,2.281635e-07,4.364874e-07,4.700304e-08,1.657734e-07,1.896581e-07,1.534352e-07,1.323595e-08,3.788665e-08,1.919174e-08,2.446802e-08,1.322435e-08,4.856317e-09,7.442110e-09,3.688469e-07,2.197540e-08
13.232422,2.042069e-07,3.047491e-07,7.788854e-07,1.617255e-06,3.511914e-08,3.081567e-07,2.849375e-07,2.650147e-07,4.873131e-07,6.145356e-07,2.622593e-07,4.788355e-07,1.617168e-07,1.748537e-07,1.283435e-07,9.150517e-08,1.145434e-08,1.167422e-07,3.182636e-09,1.892702e-08,1.168152e-08,6.054179e-09,3.564768e-09,2.973639e-07,1.126326e-08
13.281250,1.983751e-07,2.777507e-07,3.146586e-07,1.371262e-06,1.936190e-08,2.841518e-07,3.176330e-07,2.683404e-07,5.405271e-07,7.243366e-07,3.037486e-07,5.427750e-07,2.226817e-07,2.622945e-07,9.422847e-08,7.461291e-08,6.998390e-09,1.045918e-07,1.274592e-08,7.394710e-09,1.212078e-08,5.456141e-09,1.049019e-09,1.814359e-07,9.431363e-09
13.330078,1.814436e-07,2.494296e-07,5.466131e-07,1.217088e-06,9.741687e-09,2.901345e-07,3.208806e-07,3.670887e-07,5.032408e-07,1.004982e-06,2.794861e-07,4.730898e-07,1.934467e-07,2.339875e-07,2.451350e-07,1.252547e-07,6.275282e-09,1.259392e-07,2.894670e-08,3.115207e-08,1.485229e-08,2.686245e-09,3.466662e-09,3.321895e-07,6.971563e-09
13.378906,1.623075e-07,2.118159e-07,8.954268e-07,1.377821e-06,1.707236e-08,3.241336e-07,3.195718e-07,3.505500e-07,4.397722e-07,1.317944e-06,1.911500e-07,3.185361e-07,1.320591e-07,3.556614e-07,2.436928e-07,2.101491e-07,3.355821e-09,1.513444e-07,2.960377e-08,3.092690e-08,1.155881e-08,4.773737e-09,1.669509e-09,1.462173e-07,1.153618e-08
13.427734,1.468902e-07,1.694068e-07,1.077432e-06,1.400442e-06,2.395143e-08,3.352415e-07,3.163938e-07,2.022386e-07,3.983037e-07,1.337937e-06,1.649549e-07,2.257186e-07,1.006087e-07,4.115126e-07,1.010404e-07,2.387500e-07,3.778645e-09,1.792413e-07,3.457756e-08,1.613684e-08,5.081783e-09,4.739860e-09,6.815866e-09,5.716984e-08,1.733054e-08
13.476562,1.399285e-07,1.302145e-07,1.129982e-06,1.112133e-06,2.509553e-08,3.555743e-07,2.876847e-07,1.152180e-07,3.413892e-07,1.107263e-06,2.141751e-07,1.182638e-07,1.102582e-07,3.720454e-07,1.966259e-07,2.712241e-07,7.001907e-09,1.718762e-07,2.926210e-08,3.976949e-08,1.033172e-08,3.072428e-09,6.983771e-09,1.173074e-07,1.554160e-08
13.525391,1.440759e-07,9.659466e-08,1.121064e-06,1.010636e-06,2.203314e-08,4.146469e-07,2.190092e-07,1.542315e-07,2.460622e-07,8.874314e-07,1.963843e-07,1.192403e-07,1.040583e-07,3.466206e-07,4.697115e-07,2.797372e-07,5.952965e-09,2.981252e-08,7.879031e-09,3.707681e-08,1.645533e-08,5.165323e-09,2.826135e-09,7.798596e-08,6.900857e-09
13.574219,1.570604e-07,7.466974e-08,1.072965e-06,1.368809e-06,1.908519e-08,4.393465e-07,1.423896e-07,1.224603e-07,1.748303e-07,6.348073e-07,1.235614e-07,2.390214e-07,1.080921e-07,2.756675e-07,4.892441e-07,2.728786e-07,4.492461e-09,1.619359e-07,1.664021e-08,5.811908e-08,5.582532e-09,5.005937e-09,4.692476e-09,3.185228e-07,2.011763e-08
13.623047,1.726982e-07,8.819038e-08,9.749265e-07,1.591602e-06,1.834457e-08,3.867950e-07,1.374955e-07,7.653435e-08,1.387139e-07,3.456126e-07,7.498606e-08,2.365120e-07,1.702386e-07,2.721728e-07,3.957728e-07,2.292632e-07,3.809321e-09,2.213021e-07,2.405961e-08,9.800960e-08,8.693553e-09,2.062235e-09,7.063354e-09,2.791063e-07,1.051301e-08
13.671875,1.826269e-07,1.262662e-07,8.491367e-07,1.505427e-06,1.902411e-08,3.010296e-07,1.675858e-07,1.723779e-07,9.287287e-08,4.925076e-07,3.282933e-08,1.864777e-07,1.386978e-07,2.482820e-07,3.114651e-07,7.658463e-08,6.178328e-09,1.699702e-07,2.659059e-09,5.939399e-08,1.576676e-08,4.919532e-09,7.215497e-09,1.176347e-07,1.189629e-08
13.720703,1.778583e-07,1.586509e-07,7.801690e-07,1.386674e-06,2.339835e-08,2.382852e-07,1.648544e-07,2.999408e-07,1.948344e-07,5.940605e-07,3.790612e-08,1.554721e-07,5.975600e-08,2.361436e-07,2.112729e-07,9.543623e-08,2.388387e-09,1.312287e-07,2.877469e-08,4.445618e-08,1.552915e-08,3.046811e-09,5.464370e-09,1.827808e-07,1.239034e-09
13.769531,1.530745e-07,1.822825e-07,8.300473e-07,1.381605e-06,3.097029e-08,2.119088e-07,1.523995e-07,3.340605e-07,3.488955e-07,4.252885e-07,7.716354e-08,9.305815e-08,9.223618e-08,2.027786e-07,1.960228e-07,2.620803e-08,6.765835e-09,1.416857e-07,3.363950e-08,3.456734e-08,1.369691e-08,1.530625e-09,8.596491e-09,2.828145e-07,1.273487e-08
13.818359,1.126980e-07,2.164021e-07,9.283116e-07,1.200100e-06,3.637113e-08,2.157268e-07,1.585748e-07,2.431517e-07,4.507789e-07,2.074932e-07,2.073825e-07,6.748051e-08,1.036035e-07,1.308829e-07,2.398788e-07,2.095278e-07,9.243401e-09,1.214831e-07,2.268380e-08,3.703494e-08,1.975435e-08,1.983038e-09,1.060068e-08,3.190427e-07,9.402724e-09
13.867188,7.913263e-08,2.635109e-07,9.614831e-07,6.546809e-07,3.653302e-08,1.838065e-07,1.549138e-07,1.270279e-07,4.804492e-07,2.004283e-07,3.369223e-07,5.831767e-08,1.297773e-07,9.332086e-08,2.460602e-07,2.757224e-07,3.547700e-09,4.628126e-08,1.447527e-08,5.703133e-08,1.584184e-08,3.386196e-09,8.984475e-09,2.212586e-07,1.406889e-08
13.916016,8.705762e-08,2.921132e-07,8.700002e-07,1.963077e-07,3.277505e-08,8.672628e-08,1.404591e-07,9.445898e-08,4.357861e-07,3.609617e-07,3.739008e-07,7.317909e-08,1.757986e-07,1.081594e-07,2.028586e-07,2.526038e-07,2.712933e-09,3.997746e-08,2.295158e-08,7.899691e-08,1.430139e-08,3.068836e-09,5.187149e-09,4.439836e-07,1.327363e-08
13.964844,1.181480e-07,2.707309e-07,6.561150e-07,9.299573e-07,2.775133e-08,1.931376e-07,1.586047e-07,1.476376e-07,3.116364e-07,5.305810e-07,3.177184e-07,1.978333e-07,1.981479e-07,5.507348e-08,1.836485e-07,3.203149e-07,7.110350e-09,6.726880e-08,2.167287e-08,1.037330e-07,8.208124e-09,3.026652e-09,9.504395e-09,4.710399e-07,2.574920e-08
14.013672,1.437486e-07,2.019970e-07,3.747732e-07,1.435698e-06,2.161790e-08,3.641289e-07,1.912956e-07,3.111323e-07,1.354982e-07,5.785528e-07,1.962045e-07,2.923711e-07,2.048603e-07,3.347732e-08,3.748613e-07,3.365085e-07,6.747315e-09,7.629308e-08,1.112994e-08,5.124551e-08,2.175691e-09,1.652034e-09,1.458421e-08,4.732018e-07,2.808470e-08
14.062500,1.626241e-07,1.601459e-07,2.349119e-07,1.582712e-06,1.522571e-08,4.502831e-07,1.972801e-07,4.521903e-07,1.098839e-07,4.863073e-07,4.008442e-08,3.030393e-07,1.970390e-07,1.045773e-07,5.963502e-07,2.904179e-07,7.486123e-09,6.517844e-08,1.220478e-08,5.379141e-08,6.142009e-09,2.956616e-10,8.563714e-09,2.766206e-07,1.791810e-08
14.111328,1.833371e-07,2.258439e-07,4.911781e-07,1.379170e-06,1.718516e-08,4.617304e-07,1.815710e-07,4.957906e-07,2.412889e-07,3.311174e-07,8.664541e-08,2.499237e-07,1.519236e-07,1.561652e-07,6.272242e-07,2.338476e-07,7.936654e-09,3.386138e-08,1.764266e-08,3.657756e-08,1.085994e-08,1.333524e-09,7.908499e-09,2.727926e-07,9.091694e-09
14.160156,2.078685e-07,3.055674e-07,8.280686e-07,9.213430e-07,2.686265e-08,4.553958e-07,1.704882e-07,4.562081e-07,3.221140e-07,1.914183e-07,1.408414e-07,2.368961e-07,8.906600e-08,1.831630e-07,5.030164e-07,1.170690e-07,4.375046e-09,2.174842e-08,2.799323e-08,3.082898e-08,1.472472e-09,2.249027e-09,8.100080e-09,1.950093e-07,9.400955e-09
14.208984,2.276694e-07,3.326871e-07,1.144387e-06,5.548292e-07,3.555427e-08,4.358283e-07,1.653170e-07,3.820153e-07,3.530812e-07,3.423504e-08,1.352120e-07,2.723919e-07,1.551708e-08,2.044299e-07,3.752439e-07,3.897615e-08,9.373592e-09,3.326019e-08,2.534178e-08,8.739890e-08,5.538167e-09,1.956520e-09,6.110390e-09,3.071491e-07,7.355821e-10
14.257812,2.322869e-07,3.031022e-07,1.392202e-06,8.886963e-07,4.087947e-08,3.738900e-07,1.446217e-07,2.968390e-07,3.437129e-07,2.964282e-07,8.177312e-08,2.115766e-07,6.862342e-08,1.820886e-07,2.579098e-07,7.834809e-08,1.051876e-08,4.213684e-08,1.732239e-08,4.840289e-08,6.066353e-09,1.144945e-09,4.020367e-09,2.878598e-07,1.899523e-08
14.306641,2.171115e-07,2.498775e-07,1.526986e-06,1.381944e-06,4.246303e-08,2.777176e-07,9.119703e-08,2.074446e-07,2.968911e-07,6.097414e-07,5.340180e-08,8.415899e-08,1.036984e-07,2.057100e-07,2.066732e-07,5.401111e-08,9.632621e-09,8.276596e-08,1.714390e-08,1.438648e-08,6.226367e-09,2.412919e-09,5.147264e-09,9.175242e-08,1.887321e-08
14.355469,1.860427e-07,2.209664e-07,1.530544e-06,1.694830e-06,3.925995e-08,1.821879e-07,1.513107e-08,1.586092e-07,2.198065e-07,8.568343e-07,9.547750e-08,6.105205e-08,9.536677e-08,2.386713e-07,1.057980e-07,1.432439e-07,7.011242e-09,1.355970e-07,2.436438e-08,1.627665e-08,1.219130e-08,2.614976e-09,2.732933e-09,4.018304e-07,2.520173e-08
14.404297,1.507525e-07,2.341132e-07,1.437565e-06,1.757432e-06,3.184761e-08,1.097436e-07,1.157718e-07,1.910521e-07,1.333608e-07,9.935202e-07,1.221729e-07,1.055544e-07,9.182127e-08,1.808299e-07,6.585072e-08,2.611859e-07,4.038443e-09,5.587417e-08,1.876652e-08,1.789147e-08,7.902704e-09,1.776916e-09,2.716096e-09,3.552888e-07,1.453906e-08
14.453125,1.254467e-07,2.630574e-07,1.335085e-06,1.524551e-06,2.649027e-08,7.649639e-08,2.150231e-07,2.243869e-07,1.012797e-07,9.605535e-07,1.768027e-07,2.328556e-07,8.292965e-08,5.045303e-08,1.118785e-07,2.376171e-07,4.105805e-09,1.021155e-07,9.123732e-09,5.408834e-08,5.413098e-09,3.295833e-09,3.499552e-09,2.298328e-07,6.678768e-09
14.501953,1.138573e-07,2.822024e-07,1.300585e-06,9.912385e-07,2.912227e-08,1.132392e-07,2.666216e-07,2.266983e-07,1.468369e-07,7.843530e-07,1.981701e-07,3.071397e-07,4.770978e-08,1.193592e-07,1.514363e-07,2.319557e-07,5.728907e-09,1.170546e-07,1.068567e-08,7.735015e-08,6.345989e-09,2.194194e-09,2.999891e-09,2.055398e-07,9.981610e-09
14.550781,1.044512e-07,2.785790e-07,1.315480e-06,4.753386e-07,3.247909e-08,1.797064e-07,2.585716e-07,2.423358e-07,1.661515e-07,5.763257e-07,1.637965e-07,4.140339e-07,1.734693e-07,1.773309e-07,1.051160e-07,1.410489e-07,4.923612e-09,6.674433e-08,1.844348e-08,6.673036e-08,5.032813e-09,2.043390e-09,8.543453e-09,2.005163e-07,1.341424e-09
14.599609,8.917459e-08,2.514425e-07,1.294387e-06,9.584536e-07,3.063474e-08,2.392416e-07,2.092423e-07,2.635274e-07,1.133377e-07,3.668106e-07,1.429662e-07,5.775520e-07,2.599481e-07,9.159784e-08,8.534444e-08,1.476146e-07,4.111940e-09,8.802174e-08,1.200456e-08,2.381863e-08,2.753606e-09,3.955514e-09,3.333769e-09,2.918181e-07,1.047035e-08
14.648438,8.043337e-08,2.206521e-07,1.188012e-06,1.570390e-06,2.791546e-08,2.841383e-07,1.588610e-07,2.360910e-07,3.006537e-08,3.644210e-07,1.507456e-07,5.949841e-07,2.959129e-07,3.894347e-08,2.552157e-07,2.146088e-07,5.646284e-09,1.365445e-07,6.611547e-09,5.991152e-08,2.314643e-09,1.719386e-09,7.332528e-09,4.537545e-08,1.945305e-08
14.697266,9.984784e-08,2.198384e-07,1.023508e-06,1.864840e-06,3.119086e-08,3.084894e-07,1.449647e-07,2.086673e-07,1.450793e-07,5.750594e-07,1.566883e-07,4.426061e-07,2.694808e-07,5.012796e-08,3.178207e-07,1.549268e-07,3.815225e-09,1.786148e-07,8.077639e-09,1.048751e-07,3.673900e-09,1.589951e-09,1.744032e-09,3.971985e-07,7.009418e-09
14.746094,1.355769e-07,2.498812e-07,8.784940e-07,1.836292e-06,3.591176e-08,2.975310e-07,1.566276e-07,2.994234e-07,2.214548e-07,7.084100e-07,1.504500e-07,3.337407e-07,1.596824e-07,6.772255e-08,2.872739e-07,1.005309e-07,2.094260e-09,1.214932e-07,9.069198e-09,8.164593e-08,7.797702e-09,1.440434e-09,6.009274e-09,6.047997e-07,1.493743e-08
14.794922,1.643280e-07,2.765668e-07,8.086887e-07,1.636309e-06,3.596070e-08,2.562158e-07,1.630892e-07,3.991494e-07,2.074252e-07,7.310371e-07,1.194997e-07,3.707571e-07,4.670964e-08,1.358065e-07,1.810400e-07,6.320839e-08,1.757319e-09,2.160702e-08,3.879219e-09,5.925185e-08,3.051603e-09,7.480665e-10,9.494978e-09,6.378235e-07,1.649755e-08
14.843750,1.748809e-07,2.778634e-07,7.872941e-07,1.459282e-06,3.259725e-08,2.202220e-07,1.615792e-07,3.892185e-07,1.276390e-07,6.036730e-07,8.208151e-08,4.879901e-07,1.123018e-07,1.040336e-07,3.571271e-08,3.158457e-08,1.889671e-09,2.268703e-08,1.067983e-08,1.913040e-08,4.711994e-09,1.340871e-09,4.773672e-09,2.108685e-07,1.582905e-08
14.892578,1.678140e-07,2.542449e-07,7.530205e-07,1.437248e-06,3.017572e-08,2.075644e-07,1.669566e-07,2.844574e-07,5.045553e-08,3.578321e-07,7.137066e-08,5.477955e-07,2.196771e-07,1.002051e-07,1.670980e-07,7.826432e-08,1.465082e-09,5.981250e-08,1.068873e-08,3.216426e-08,5.904051e-09,2.493197e-09,4.206465e-09,1.030863e-07,1.739157e-08
14.941406,1.536973e-07,2.200018e-07,6.795685e-07,1.535776e-06,2.836978e-08,2.055264e-07,1.892197e-07,2.324794e-07,1.966436e-08,2.030774e-07,8.135276e-08,4.338420e-07,2.053079e-07,1.574693e-07,1.823136e-07,1.422355e-07,3.450445e-09,7.594018e-08,4.935646e-09,4.627570e-08,7.374001e-09,3.733477e-09,6.394007e-09,2.143481e-07,2.128900e-08
14.990234,1.477639e-07,1.940147e-07,5.814782e-07,1.587644e-06,2.505667e-08,2.162251e-07,2.187602e-07,2.516758e-07,7.226227e-08,1.235808e-07,8.487365e-08,1.969919e-07,1.559493e-07,2.223622e-07,1.588632e-07,1.831122e-07,2.954578e-09,1.897473e-08,1.802183e-08,6.657345e-08,4.509068e-09,1.275644e-09,3.381248e-09,1.087878e-07,2.016397e-08
15.039062,1.567247e-07,1.910310e-07,4.953905e-07,1.458875e-06,2.407656e-08,2.523924e-07,2.307670e-07,2.016039e-07,1.604129e-07,7.124495e-08,7.548152e-08,3.842062e-08,2.146997e-07,2.158436e-07,1.432359e-07,1.780805e-07,9.566299e-10,3.088776e-08,1.031715e-08,5.853306e-08,2.190075e-09,2.932219e-09,6.907742e-09,1.239278e-07,1.803966e-08
15.087891,1.719314e-07,2.124399e-07,4.594849e-07,1.143815e-06,2.816427e-08,3.256062e-07,2.148772e-07,1.036910e-07,2.241554e-07,2.671954e-07,9.476444e-08,1.621562e-07,2.326459e-07,2.255458e-07,1.098643e-07,1.738935e-07,1.727850e-09,9.561737e-08,1.383503e-08,3.165639e-08,4.412206e-09,3.511752e-09,3.526637e-09,8.688463e-08,3.175133e-09
15.136719,1.807644e-07,2.467607e-07,4.907799e-07,7.684080e-07,3.072117e-08,4.115273e-07,2.049780e-07,7.031388e-08,2.347367e-07,3.677724e-07,1.664744e-07,1.552776e-07,2.488701e-07,1.763450e-07,1.487386e-07,1.886342e-07,2.257997e-09,7.799172e-08,1.216154e-08,1.377618e-08,5.957118e-09,3.411244e-09,1.165714e-08,2.223961e-07,1.327311e-08
15.185547,1.758101e-07,2.775272e-07,5.774162e-07,5.534681e-07,2.685568e-08,4.556253e-07,2.354466e-07,5.974651e-08,2.042140e-07,4.004898e-07,2.471904e-07,1.438109e-07,3.071765e-07,2.635644e-07,1.902978e-07,1.880777e-07,5.178463e-09,1.434689e-07,2.065837e-08,3.896600e-08,7.944587e-09,1.911216e-09,1.125981e-08,1.361826e-07,1.828325e-09
15.234375,1.566653e-07,2.871911e-07,6.909472e-07,5.864615e-07,1.824887e-08,4.315383e-07,2.734515e-07,7.864958e-08,1.817311e-07,4.609058e-07,2.954923e-07,2.208974e-07,2.934976e-07,2.916050e-07,1.147606e-07,1.241313e-07,4.049041e-09,1.426156e-07,1.678122e-08,6.222690e-08,2.936119e-09,2.649674e-09,6.945300e-09,1.426296e-07,3.085769e-09
15.283203,1.309177e-07,2.612940e-07,8.015242e-07,6.434987e-07,1.207603e-08,3.565125e-07,2.992001e-07,1.330953e-07,1.828059e-07,5.425637e-07,2.861420e-07,2.809984e-07,2.209530e-07,2.456972e-07,1.131721e-07,6.841225e-08,2.450700e-09,1.308856e-07,5.683986e-09,5.630933e-08,2.536413e-09,3.270825e-09,2.569277e-09,2.679484e-07,7.525634e-09
15.332031,1.145000e-07,1.955721e-07,8.979636e-07,6.059529e-07,1.280493e-08,2.516326e-07,3.338151e-07,1.536986e-07,1.599733e-07,5.289232e-07,2.226347e-07,2.761469e-07,1.368504e-07,2.345014e-07,1.719020e-07,2.479111e-08,1.779946e-09,1.412682e-07,1.383587e-08,1.770606e-08,4.534049e-09,1.923901e-09,4.486255e-09,1.925304e-07,5.417830e-09
15.380859,1.194425e-07,1.062015e-07,9.948581e-07,5.225501e-07,1.369623e-08,1.205847e-07,3.721055e-07,1.294160e-07,1.076619e-07,3.456456e-07,1.427180e-07,2.465692e-07,6.271951e-08,1.408164e-07,2.817727e-07,1.676571e-08,1.391289e-09,1.409555e-07,1.983544e-08,3.961935e-08,4.982562e-09,1.428144e-09,3.431188e-09,1.706648e-07,1.450269e-08
15.429688,1.342679e-07,8.449386e-08,1.099806e-06,5.438290e-07,1.344401e-08,8.382244e-08,3.777934e-07,1.257641e-07,5.935153e-08,9.811766e-08,9.756679e-08,2.203333e-07,4.589875e-08,2.352563e-08,2.861945e-07,1.520317e-07,1.698185e-09,1.021095e-07,8.384711e-09,4.377463e-08,4.117812e-09,1.547623e-09,5.441945e-09,1.499609e-07,1.300170e-08
15.478516,1.391825e-07,1.714109e-07,1.175102e-06,7.245404e-07,1.425393e-08,2.370003e-07,3.382422e-07,2.098988e-07,7.143462e-08,2.214390e-07,1.047883e-07,9.131002e-08,1.816957e-09,9.795206e-08,3.901222e-07,1.971561e-07,1.586000e-09,9.141963e-08,1.689286e-09,6.873295e-08,5.268078e-09,1.594702e-09,8.043301e-09,9.957312e-08,7.305327e-10
15.527344,1.247428e-07,2.548018e-07,1.157634e-06,9.536493e-07,1.478260e-08,3.798380e-07,2.712398e-07,2.587721e-07,1.651997e-07,3.276182e-07,1.220600e-07,1.010224e-07,1.614590e-07,9.525925e-08,4.316343e-07,5.392964e-08,1.013353e-09,1.061550e-07,9.394867e-09,6.746803e-08,4.514488e-09,2.277804e-09,4.964381e-09,1.392468e-07,1.554367e-08
15.576172,9.668464e-08,3.134053e-07,1.014931e-06,1.128805e-06,1.317383e-08,4.774574e-07,1.933465e-07,1.989780e-07,2.330506e-07,3.508925e-07,1.048689e-07,2.225481e-07,2.810479e-07,1.636475e-07,2.886592e-07,9.448478e-08,1.874730e-09,9.093796e-08,4.172408e-09,3.239635e-08,4.484614e-09,2.180085e-09,1.201420e-09,2.034460e-07,7.429214e-09
15.625000,8.130677e-08,3.467581e-07,7.801288e-07,1.171134e-06,1.021109e-08,5.040833e-07,1.074556e-07,7.543967e-08,2.175464e-07,3.014944e-07,6.760697e-08,2.919623e-07,2.780588e-07,1.528811e-07,1.638956e-07,6.235189e-08,4.303341e-09,9.844244e-08,5.857728e-09,2.932940e-08,4.463246e-09,2.287864e-09,3.927368e-09,1.526785e-07,7.573090e-09
15.673828,9.975052e-08,3.549975e-07,5.433986e-07,1.031558e-06,7.708366e-09,4.496176e-07,2.297275e-08,1.176811e-07,1.351203e-07,2.088891e-07,1.085382e-07,3.407325e-07,3.086409e-07,1.717282e-07,2.718036e-07,9.777851e-08,5.702336e-09,1.097431e-08,7.121038e-09,4.625542e-08,7.670815e-09,2.847717e-09,1.162086e-09,3.203390e-07,7.155342e-09
15.722656,1.240949e-07,3.378930e-07,3.875982e-07,7.635496e-07,6.636956e-09,3.388399e-07,4.038216e-08,1.725496e-07,7.160582e-08,2.811103e-07,1.765471e-07,2.615461e-07,2.476914e-07,2.037921e-07,3.063187e-07,9.738197e-08,2.993692e-09,7.434655e-08,1.008692e-08,4.299482e-08,5.918226e-09,3.406531e-09,3.997726e-09,1.406985e-07,2.568661e-09
15.771484,1.294663e-07,3.048575e-07,3.054662e-07,6.673855e-07,8.271529e-09,2.276686e-07,6.829385e-08,1.571436e-07,8.083554e-08,4.177503e-07,2.008914e-07,7.259240e-08,8.240814e-08,1.677099e-07,1.996258e-07,6.387278e-08,1.047944e-09,3.802205e-08,1.533734e-08,2.291741e-08,2.487226e-09,2.954574e-09,6.350736e-09,1.963039e-07,1.031324e-08
15.820312,1.123443e-07,2.801259e-07,3.128579e-07,9.343241e-07,1.188862e-08,1.779535e-07,7.702500e-08,1.592746e-07,8.354797e-08,4.891441e-07,1.787207e-07,7.306079e-08,1.238518e-07,1.826093e-07,8.872403e-08,8.200609e-08,4.024490e-10,6.918581e-08,7.752873e-09,1.516293e-08,6.526529e-09,2.633965e-09,3.588289e-09,5.675937e-08,1.584465e-08
15.869141,8.532297e-08,2.813320e-07,4.706362e-07,1.176966e-06,1.483229e-08,1.942521e-07,9.489733e-08,2.002655e-07,9.331925e-08,4.692738e-07,1.535615e-07,9.098429e-08,1.558077e-07,1.187552e-07,1.044363e-07,4.883554e-08,2.035185e-09,7.572565e-08,9.376305e-09,1.894304e-08,5.949903e-09,1.668814e-09,2.094113e-09,9.032198e-08,8.617364e-09
15.917969,7.005685e-08,2.915342e-07,6.527104e-07,1.146030e-06,1.574061e-08,2.256993e-07,1.192064e-07,1.881547e-07,1.179251e-07,3.463600e-07,1.412380e-07,7.643684e-08,9.051348e-08,1.133363e-07,8.125790e-08,8.498455e-08,4.064588e-09,6.089055e-08,8.972432e-09,3.557294e-08,3.126372e-10,2.081885e-09,2.093563e-09,1.141063e-07,5.692840e-09
15.966797,7.137227e-08,2.812372e-07,7.198232e-07,8.550801e-07,1.487801e-08,2.451381e-07,1.331111e-07,9.448355e-08,1.212759e-07,1.817864e-07,1.713413e-07,1.025328e-07,9.154288e-08,1.474751e-07,5.412182e-08,1.091027e-07,4.508552e-09,6.628919e-08,4.376925e-09,5.637593e-08,1.047507e-09,2.666928e-10,2.027164e-09,2.689043e-07,4.588290e-09
16.015625,7.058210e-08,2.396170e-07,6.065068e-07,6.632186e-07,1.332338e-08,2.438378e-07,1.304756e-07,6.317807e-08,8.887429e-08,6.680323e-08,2.284579e-07,1.324448e-07,1.751142e-07,1.042823e-07,6.318081e-09,9.277042e-08,1.411294e-09,1.061813e-07,1.451031e-08,5.791678e-08,1.993926e-09,2.152015e-09,3.098131e-09,3.815377e-07,8.680482e-09
16.064453,5.988068e-08,1.768616e-07,3.260558e-07,9.269586e-07,1.218687e-08,2.186544e-07,1.104405e-07,1.794598e-07,2.976030e-08,1.392614e-08,2.378229e-07,1.802007e-07,2.121180e-07,1.138967e-07,3.759286e-08,1.120981e-07,1.739476e-09,7.874187e-08,1.250299e-08,4.228000e-08,2.315546e-09,1.395372e-09,2.486043e-09,3.993104e-07,1.830161e-08
16.113281,4.661994e-08,1.108955e-07,6.637511e-08,1.184511e-06,1.244150e-08,1.666178e-07,7.022845e-08,2.417239e-07,3.756622e-08,6.219291e-08,2.091195e-07,2.511322e-07,1.879421e-07,7.555069e-08,5.137478e-08,1.515445e-07,3.107804e-09,9.143744e-08,1.652412e-08,1.671989e-08,1.169487e-09,3.741843e-10,3.746784e-09,3.221939e-07,1.771420e-08
16.162109,4.102657e-08,5.124146e-08,4.337488e-07,1.138617e-06,1.392240e-08,8.969019e-08,2.171820e-08,2.583413e-07,9.443446e-08,8.153832e-08,1.758408e-07,2.254109e-07,1.280811e-07,5.294307e-08,1.534840e-07,2.004841e-07,3.195999e-09,1.503854e-07,1.782775e-08,2.561179e-08,9.415294e-10,1.368031e-09,3.242535e-09,1.783994e-07,1.009652e-08
16.210938,4.245952e-08,2.284676e-08,7.403225e-07,8.019636e-07,1.512316e-08,2.634587e-08,8.292035e-08,2.828916e-07,1.354739e-07,2.142150e-07,1.185277e-07,1.221333e-07,1.158062e-07,8.510228e-08,2.268245e-07,1.817192e-07,3.212193e-09,8.753134e-08,9.501903e-09,1.747230e-08,1.799441e-09,3.712096e-10,2.537533e-09,1.785664e-07,1.378946e-08
16.259766,4.677369e-08,8.230449e-08,9.441446e-07,5.155754e-07,1.490304e-08,5.942309e-08,1.524394e-07,3.369310e-07,1.719579e-07,3.671538e-07,4.901407e-08,6.329521e-08,9.565856e-08,1.596409e-07,3.167503e-07,2.096612e-07,1.414179e-09,7.387807e-08,1.292843e-08,3.053547e-08,5.253008e-09,1.705672e-09,3.535265e-09,1.205847e-07,9.399028e-09
16.308594,5.377559e-08,1.441880e-07,1.046338e-06,8.132530e-07,1.340698e-08,6.164517e-08,1.835484e-07,3.820540e-07,1.991054e-07,4.061929e-07,2.711656e-08,1.364694e-08,7.267715e-08,1.841043e-07,3.555280e-07,2.024783e-07,7.912337e-10,9.948629e-08,1.919308e-08,2.146224e-08,3.066563e-09,2.268108e-09,1.323918e-09,3.044738e-07,4.236976e-09
16.357422,5.967719e-08,1.895488e-07,1.061035e-06,1.198580e-06,1.162084e-08,7.128274e-08,1.659096e-07,3.774509e-07,1.868976e-07,3.033763e-07,3.401960e-08,5.922217e-08,2.268489e-08,9.127454e-08,2.827571e-07,1.556305e-07,1.429564e-09,3.143550e-08,1.854957e-08,5.189924e-08,3.418178e-09,2.565670e-09,4.096864e-10,3.066565e-07,6.002083e-09
16.406250,5.895057e-08,2.109977e-07,1.006522e-06,1.335942e-06,1.053367e-08,1.071100e-07,1.284851e-07,3.083594e-07,1.254005e-07,1.236960e-07,3.005995e-08,1.337961e-07,5.595439e-08,7.879402e-08,2.756706e-07,1.126227e-07,9.907114e-10,9.685656e-08,1.406984e-08,3.912468e-08,1.124716e-09,2.942082e-09,2.219591e-09,1.899305e-07,7.344134e-09
16.455078,5.090251e-08,2.115830e-07,9.092165e-07,1.178091e-06,1.064776e-08,8.895708e-08,1.279814e-07,1.921560e-07,8.316680e-08,1.076512e-07,1.972360e-08,1.373158e-07,6.960679e-08,1.506236e-07,1.926364e-07,7.351116e-08,2.053675e-09,1.414580e-07,3.834780e-09,3.344481e-08,2.181680e-09,2.054633e-09,2.139231e-09,1.277526e-07,3.883142e-09
16.503906,4.087218e-08,1.965154e-07,7.955039e-07,8.429076e-07,1.170863e-08,3.021113e-08,1.556629e-07,7.151323e-08,1.361065e-07,2.425732e-07,3.689400e-08,6.723288e-08,4.556802e-08,8.664466e-08,1.903446e-07,6.292471e-08,2.179373e-09,1.093524e-07,8.361538e-09,2.319427e-08,1.874281e-09,1.076149e-09,2.015888e-09,2.159442e-07,6.235006e-09
16.552734,3.475898e-08,1.635462e-07,6.702972e-07,5.758923e-07,1.249180e-08,1.216981e-07,1.660099e-07,1.484642e-08,1.697317e-07,2.676758e-07,3.033671e-08,6.167231e-08,5.076208e-08,3.424833e-08,2.866760e-07,7.179113e-08,1.718375e-09,3.544955e-08,1.204883e-08,3.841334e-08,1.134163e-09,1.589451e-09,2.560319e-09,5.227211e-07,5.484208e-09
16.601562,3.053465e-08,1.068051e-07,5.282950e-07,5.032099e-07,1.165713e-08,1.887082e-07,1.489359e-07,3.701685e-08,1.573897e-07,1.625462e-07,9.592609e-08,5.945983e-08,8.060765e-08,1.161344e-07,2.120752e-07,3.351187e-08,1.532473e-09,8.836389e-08,9.134206e-09,8.488282e-09,6.703730e-10,3.903954e-10,2.624741e-09,3.144888e-07,1.385439e-08
16.650391,2.250381e-08,3.192915e-08,4.213660e-07,4.404041e-07,8.774693e-09,2.190966e-07,1.126382e-07,1.491333e-08,1.378360e-07,1.831717e-08,1.599988e-07,1.690457e-07,7.503473e-08,2.094931e-07,5.477097e-08,1.024198e-07,1.741352e-09,1.036693e-07,6.372753e-09,3.231483e-08,1.376178e-09,1.241729e-09,1.680013e-09,1.893322e-07,3.863668e-09
16.699219,1.207993e-08,6.493041e-08,4.686233e-07,5.145997e-07,5.185589e-09,2.713591e-07,6.876567e-08,2.276080e-08,1.340622e-07,1.407455e-07,1.528656e-07,2.013198e-07,3.763240e-08,2.285524e-07,1.435641e-07,8.383981e-08,8.029201e-10,9.325424e-08,1.633096e-09,4.368979e-08,4.934984e-09,8.647489e-10,1.611408e-09,3.184363e-08,1.042676e-08
16.748047,1.849384e-08,1.399695e-07,6.210297e-07,8.780530e-07,5.214604e-09,3.116989e-07,2.982987e-08,3.515171e-08,1.222223e-07,2.000835e-07,1.117233e-07,1.934123e-07,4.165705e-08,1.548026e-07,2.430097e-07,6.562837e-08,1.461888e-09,1.581286e-07,1.041281e-08,2.224018e-08,6.993903e-09,3.182899e-10,2.368851e-09,4.112726e-08,1.154406e-08
16.796875,3.634036e-08,1.945350e-07,7.351742e-07,1.225089e-06,8.127231e-09,2.666119e-07,1.452134e-08,5.858309e-08,1.023215e-07,2.200154e-07,9.423192e-08,1.851816e-07,1.049377e-07,1.026947e-07,2.185854e-07,2.369420e-08,2.229705e-09,1.217248e-07,1.750594e-08,1.215023e-08,3.410115e-09,1.492208e-09,2.905758e-09,1.147498e-07,8.365064e-09
16.845703,5.360386e-08,2.319910e-07,7.478899e-07,1.359181e-06,9.995571e-09,1.386702e-07,1.862801e-08,1.146695e-07,9.458459e-08,2.567494e-07,5.636849e-08,1.303899e-07,1.114803e-07,1.904827e-07,2.077310e-07,8.776167e-08,2.725253e-09,7.030941e-08,1.404181e-08,2.183407e-08,3.717208e-09,2.088489e-09,2.641376e-09,8.864088e-08,8.268577e-09
16.894531,6.687433e-08,2.625254e-07,6.659101e-07,1.278889e-06,1.046852e-08,6.235046e-08,1.261768e-08,1.476453e-07,9.805399e-08,3.159181e-07,1.103681e-08,5.689330e-08,9.424939e-08,2.406231e-07,2.057669e-07,1.591243e-07,1.885635e-09,8.643241e-08,8.901603e-09,5.817086e-09,6.133040e-09,9.317707e-10,7.482688e-10,6.220735e-08,6.763081e-09
16.943359,7.433397e-08,2.835887e-07,5.409405e-07,1.145611e-06,1.062688e-08,1.558950e-07,1.023716e-08,1.408386e-07,1.084032e-07,3.403313e-07,9.464172e-09,1.242344e-08,4.636147e-08,2.148964e-07,2.373221e-07,1.787492e-07,1.489611e-09,8.050227e-08,2.982500e-09,1.711844e-08,2.478179e-09,2.119711e-09,2.352111e-09,2.553660e-07,1.910624e-09
16.992188,7.580960e-08,2.786003e-07,4.439963e-07,1.135509e-06,1.128775e-08,2.001233e-07,2.647467e-08,1.194277e-07,1.176355e-07,2.834752e-07,6.629738e-08,8.849720e-08,6.826446e-08,1.508369e-07,2.646054e-07,1.509893e-07,2.297247e-09,8.502906e-08,2.816409e-09,2.425238e-08,2.484798e-09,6.107051e-10,2.052364e-09,2.745784e-07,5.019999e-09
17.041016,7.305732e-08,2.342891e-07,4.140670e-07,1.232373e-06,1.204873e-08,1.785346e-07,3.640122e-08,9.995077e-08,1.199738e-07,2.227709e-07,1.207951e-07,1.622407e-07,1.446207e-07,3.045036e-08,1.414734e-07,1.674161e-07,1.834516e-09,9.793464e-08,1.957264e-09,1.029434e-08,3.727629e-09,9.452220e-10,1.970298e-09,3.451626e-07,5.774668e-09
17.089844,6.891712e-08,1.534918e-07,4.089627e-07,1.318489e-06,1.216992e-08,9.637346e-08,3.158958e-08,8.982051e-08,1.077039e-07,2.933726e-07,1.280409e-07,2.260893e-07,1.769665e-07,6.068515e-08,5.473308e-08,2.079275e-07,1.815942e-10,4.848862e-08,1.011668e-09,3.143211e-09,3.840465e-09,2.098205e-09,3.037632e-09,2.326018e-07,7.385262e-09
17.138672,6.575190e-08,5.960323e-08,3.781455e-07,1.328606e-06,1.152894e-08,2.723744e-08,1.105318e-08,9.993879e-08,5.899474e-08,3.661917e-07,1.252871e-07,3.030597e-07,1.833644e-07,2.530629e-08,1.427721e-07,1.486942e-07,1.380856e-09,5.999026e-08,7.641984e-09,1.265554e-08,2.104037e-09,5.141588e-10,3.032051e-09,1.000866e-07,9.155306e-09
17.187500,6.434463e-08,6.664412e-08,3.740542e-07,1.235293e-06,1.056050e-08,1.297793e-07,2.339901e-08,1.056393e-07,2.258136e-08,3.714778e-07,1.592969e-07,3.015009e-07,1.827431e-07,4.111134e-08,1.636413e-07,1.578300e-07,2.760578e-09,1.083376e-07,8.750753e-09,3.282191e-08,3.092895e-09,5.528375e-10,2.474695e-09,1.765039e-07,5.720835e-09
17.236328,6.398559e-08,1.384755e-07,5.170201e-07,1.053732e-06,9.728219e-09,1.717575e-07,5.481786e-08,9.356246e-08,9.464732e-08,3.474918e-07,1.799334e-07,1.741066e-07,1.926470e-07,8.530763e-08,1.366995e-07,1.963737e-07,2.760685e-09,1.251411e-07,5.169641e-09,2.758736e-08,3.101632e-09,1.262741e-09,2.065388e-09,2.023642e-07,4.316556e-09
17.285156,6.414274e-08,1.868111e-07,7.457715e-07,8.837219e-07,9.215719e-09,1.486610e-07,7.439067e-08,7.667182e-08,1.286926e-07,3.202251e-07,1.736755e-07,6.732970e-08,1.202694e-07,1.839013e-07,1.441185e-07,1.445033e-07,1.737680e-09,1.207169e-07,6.728772e-09,2.598733e-08,1.658203e-09,3.779715e-10,1.765800e-09,2.843429e-07,3.377741e-09
17.333984,6.702386e-08,2.108548e-07,9.144287e-07,8.283229e-07,9.002238e-09,1.151371e-07,7.947674e-08,7.709458e-08,1.471299e-07,2.669325e-07,1.739822e-07,1.586013e-07,1.069501e-08,2.555466e-07,1.333132e-07,7.361152e-08,1.733243e-09,6.132453e-08,7.779230e-09,1.901167e-08,1.297782e-09,1.147686e-09,3.620102e-09,1.201008e-07,2.576965e-09
17.382812,7.633565e-08,2.171043e-07,9.195874e-07,8.382648e-07,8.938049e-09,1.111406e-07,7.562056e-08,1.023909e-07,1.635475e-07,1.806393e-07,1.667104e-07,1.995189e-07,1.147967e-07,2.447841e-07,1.367813e-07,1.414886e-07,2.536533e-09,4.467287e-08,2.792228e-09,1.390491e-08,4.510103e-09,1.454079e-09,5.273669e-09,2.515290e-07,6.170223e-09
17.431641,9.047533e-08,2.093363e-07,7.194041e-07,9.015494e-07,8.653879e-09,9.788403e-08,6.257644e-08,1.389314e-07,1.606849e-07,1.841043e-07,1.223729e-07,2.107812e-07,1.453021e-07,1.883087e-07,1.324986e-07,1.371772e-07,3.616788e-09,1.214084e-07,2.666493e-09,3.152757e-08,6.946848e-09,1.338074e-09,4.494723e-09,5.209617e-07,1.089912e-08
17.480469,1.016052e-07,1.883491e-07,3.409132e-07,1.143870e-06,7.707153e-09,6.797345e-08,3.432730e-08,1.630512e-07,1.635923e-07,2.444031e-07,5.389129e-08,1.775203e-07,1.052218e-07,1.538418e-07,1.960916e-07,1.468513e-07,2.307417e-09,9.623771e-08,7.690881e-10,4.498049e-08,3.369121e-09,9.961051e-10,3.036602e-09,5.587141e-07,6.568345e-09
17.529297,1.019577e-07,1.566598e-07,1.689141e-07,1.489319e-06,6.097720e-09,6.475339e-08,2.114613e-08,1.593934e-07,1.745192e-07,2.594568e-07,1.157618e-08,1.079322e-07,2.908284e-08,1.467111e-07,2.688926e-07,1.429521e-07,1.661770e-09,5.494641e-08,3.480394e-09,2.943983e-08,2.003598e-09,1.340332e-09,1.263604e-09,4.408985e-07,9.264831e-09
17.578125,8.858136e-08,1.213436e-07,6.357408e-07,1.702228e-06,4.748124e-09,8.854895e-08,6.154383e-08,1.441203e-07,1.475244e-07,3.176471e-07,5.348780e-08,9.430997e-08,2.775072e-08,1.125521e-07,2.837907e-07,1.208390e-07,1.057089e-09,2.281281e-08,5.427557e-09,4.129961e-08,3.416649e-09,2.018462e-09,1.984040e-09,7.972265e-08,7.289280e-09
17.626953,6.507710e-08,9.266620e-08,1.004848e-06,1.645634e-06,5.049705e-09,1.001571e-07,9.242077e-08,1.286658e-07,8.972700e-08,4.001587e-07,6.630301e-08,1.729321e-07,3.692964e-08,1.272450e-07,2.040329e-07,1.746016e-07,3.745623e-10,2.225912e-08,1.946467e-09,5.766929e-08,4.007709e-09,6.878483e-10,2.828273e-09,1.956647e-07,4.196350e-09
17.675781,4.212470e-08,7.821976e-08,1.197457e-06,1.354522e-06,6.309762e-09,8.139786e-08,1.050698e-07,8.996274e-08,6.721747e-08,4.025920e-07,6.018370e-08,2.252599e-07,4.675162e-08,1.390494e-07,5.676925e-08,1.861086e-07,2.327192e-10,5.355155e-08,1.542643e-09,1.798865e-08,3.941573e-09,9.377708e-10,1.386343e-09,9.076708e-08,2.113858e-09
17.724609,3.622573e-08,7.480693e-08,1.198990e-06,1.006023e-06,7.115751e-09,6.234640e-08,1.013767e-07,2.974132e-08,6.893000e-08,3.055899e-07,4.279976e-08,1.879470e-07,8.722966e-08,9.386697e-08,9.492753e-08,1.220167e-07,4.374740e-10,7.965663e-08,3.019557e-09,3.392960e-09,4.067589e-09,2.941633e-10,1.761581e-09,1.478757e-07,5.409155e-09
17.773438,4.556339e-08,7.323181e-08,1.060143e-06,8.231211e-07,7.057594e-09,1.170117e-07,8.470877e-08,4.614093e-08,4.586245e-08,1.776017e-07,3.264243e-08,1.069938e-07,9.463543e-08,1.840331e-07,1.995394e-07,8.026034e-08,1.087626e-09,4.803778e-08,5.167457e-09,2.089907e-08,1.029340e-09,1.157971e-09,9.166038e-10,1.706520e-07,1.018677e-08
17.822266,5.531924e-08,7.042665e-08,8.908842e-07,8.343427e-07,6.294760e-09,1.772794e-07,6.138578e-08,8.727570e-08,2.356258e-08,1.305845e-07,4.721980e-08,9.246531e-08,8.832981e-08,2.236038e-07,1.975961e-07,1.571905e-07,9.669683e-10,1.688550e-08,6.278278e-09,2.236697e-08,2.747885e-09,1.129527e-09,2.067797e-09,1.298463e-07,1.017623e-08
17.871094,6.320761e-08,7.177832e-08,8.091028e-07,8.558288e-07,5.166761e-09,1.977688e-07,4.344582e-08,1.104900e-07,2.479719e-08,1.664697e-07,7.075067e-08,1.640883e-07,1.336158e-07,1.910040e-07,8.058997e-08,1.929047e-07,4.847847e-10,2.626865e-08,1.104122e-08,4.172244e-09,3.572346e-09,7.176266e-10,3.090542e-09,8.322718e-08,5.335418e-09
17.919922,7.037936e-08,8.378362e-08,8.212620e-07,8.527981e-07,4.056090e-09,1.762472e-07,3.892660e-08,1.213399e-07,2.666487e-08,2.288003e-07,1.065653e-07,2.172263e-07,1.090738e-07,1.819664e-07,2.574070e-07,1.967216e-07,1.019478e-10,4.330265e-08,1.071120e-08,2.762486e-08,3.011871e-09,2.617104e-10,1.805853e-09,1.432030e-07,1.418076e-09
17.968750,7.538731e-08,1.038902e-07,8.304736e-07,1.014753e-06,3.404698e-09,1.269268e-07,4.035574e-08,1.287018e-07,5.434761e-08,2.109696e-07,1.263940e-07,2.203718e-07,1.038423e-07,1.313385e-07,3.359494e-07,1.689810e-07,6.160193e-10,8.567873e-08,7.092846e-09,3.113430e-08,3.751073e-09,3.922015e-10,3.615862e-09,1.331091e-07,4.729004e-09
18.017578,7.594748e-08,1.242535e-07,7.848631e-07,1.381253e-06,3.825406e-09,6.456789e-08,3.949411e-08,1.352025e-07,8.565859e-08,1.250726e-07,1.216253e-07,1.867186e-07,1.663374e-07,7.908047e-08,2.921699e-07,2.475831e-07,7.784839e-10,9.574195e-08,2.264486e-09,2.486745e-08,3.715708e-09,5.525576e-10,2.873519e-09,2.404055e-07,2.934495e-09
18.066406,7.205468e-08,1.390204e-07,7.344906e-07,1.717756e-06,5.166216e-09,1.668636e-08,3.682032e-08,1.411298e-07,1.039319e-07,2.308586e-07,1.109019e-07,1.308138e-07,2.065060e-07,7.049275e-08,1.453860e-07,2.398983e-07,2.580960e-10,5.156758e-08,3.018752e-09,2.301571e-08,3.378300e-09,1.488774e-10,2.669423e-09,3.237138e-07,6.637724e-09
18.115234,6.599049e-08,1.454027e-07,7.878390e-07,1.842527e-06,6.247661e-09,3.932626e-08,3.974925e-08,1.439529e-07,1.120046e-07,2.873227e-07,9.387312e-08,1.157941e-07,1.881359e-07,9.189386e-08,1.843183e-07,1.341469e-07,1.193506e-09,1.946959e-08,2.005306e-09,9.087931e-10,3.539523e-09,1.952243e-10,1.404277e-09,2.617140e-07,3.943383e-09
18.164062,5.954590e-08,1.423042e-07,9.583606e-07,1.757155e-06,5.876100e-09,7.564919e-08,4.369194e-08,1.218189e-07,1.145058e-07,1.996682e-07,6.381529e-08,2.185350e-07,1.577332e-07,1.230681e-07,2.597881e-07,7.855845e-08,1.273897e-09,5.715857e-08,3.136150e-09,3.546626e-08,4.414852e-10,2.800492e-10,6.763109e-10,4.561433e-08,3.026245e-09
18.212891,5.180693e-08,1.295700e-07,1.139376e-06,1.605973e-06,3.621418e-09,1.350544e-07,3.576390e-08,8.156217e-08,1.161670e-07,1.022112e-07,3.394785e-08,3.097890e-07,1.861497e-07,1.320039e-07,2.574370e-07,1.846343e-07,5.461957e-10,7.375648e-08,6.525805e-09,3.580602e-08,3.825190e-09,1.627090e-10,2.748561e-09,1.771673e-07,2.204749e-09
18.261719,4.057423e-08,1.091239e-07,1.232686e-06,1.496384e-06,1.435176e-09,1.824133e-07,1.484867e-08,1.040087e-07,1.243191e-07,8.513379e-08,2.516771e-08,3.355948e-07,1.611092e-07,1.324425e-07,2.409859e-07,2.469887e-07,9.735817e-10,4.694762e-08,1.031461e-08,2.412477e-08,4.948573e-09,6.221813e-10,8.740464e-10,3.258598e-07,6.318614e-09
18.310547,2.517995e-08,8.737661e-08,1.198070e-06,1.382844e-06,4.500172e-09,1.844433e-07,1.087949e-08,1.463138e-07,1.248205e-07,2.091094e-07,4.480407e-08,2.886452e-07,7.860271e-08,1.351127e-07,2.155970e-07,2.612858e-07,1.210107e-09,7.167369e-08,9.010374e-09,7.023364e-09,3.875051e-09,7.080838e-10,8.866384e-10,2.611295e-07,5.126576e-09
18.359375,7.597905e-09,7.566560e-08,1.053382e-06,1.222107e-06,6.789147e-09,1.584649e-07,2.573310e-08,1.479582e-07,9.802064e-08,3.448123e-07,6.518455e-08,2.213819e-07,5.484744e-08,1.036128e-07,1.532055e-07,1.892548e-07,1.320233e-09,6.445436e-08,7.766759e-09,1.198407e-08,2.472276e-09,1.618649e-10,2.770083e-09,7.538225e-08,4.527974e-09
18.408203,1.174162e-08,7.988330e-08,8.584121e-07,1.099549e-06,6.917848e-09,1.480277e-07,2.903878e-08,1.315641e-07,5.397119e-08,3.704615e-07,5.648326e-08,2.117802e-07,1.093854e-07,8.923126e-08,1.430639e-07,1.217690e-07,1.947705e-09,9.050963e-08,1.052198e-08,1.779643e-08,4.481410e-09,1.022355e-09,2.901605e-09,1.215995e-07,2.782729e-09
18.457031,2.745087e-08,9.112350e-08,6.834162e-07,1.095877e-06,5.340469e-09,1.313922e-07,2.780816e-08,1.365708e-07,3.849007e-08,3.626217e-07,1.560806e-08,2.163176e-07,1.774613e-07,1.683778e-07,1.204460e-07,5.083925e-08,2.011116e-09,6.461523e-08,9.870708e-09,9.085811e-09,3.691249e-09,1.636262e-09,1.468485e-09,1.389843e-07,2.005429e-09
18.505859,4.051408e-08,1.000809e-07,5.701210e-07,1.139682e-06,3.763015e-09,7.663697e-08,3.114653e-08,1.501424e-07,5.590814e-08,4.029328e-07,4.567391e-08,1.735484e-07,1.665498e-07,1.687752e-07,3.168034e-08,7.681527e-08,8.789161e-10,1.000995e-07,7.626302e-09,2.217925e-08,2.409977e-09,1.448487e-09,1.062841e-09,4.971111e-08,4.203294e-09
18.554688,5.090217e-08,1.042625e-07,5.176245e-07,1.139278e-06,3.899694e-09,7.001938e-08,3.989804e-08,1.526156e-07,6.545026e-08,3.947601e-07,7.859029e-08,9.932112e-08,1.411453e-07,1.023448e-07,1.024563e-07,4.445453e-08,1.160417e-09,1.204751e-07,8.675514e-09,2.369492e-08,1.217714e-09,1.413374e-09,8.631152e-10,2.224982e-07,5.714595e-10
18.603516,5.844273e-08,1.042675e-07,5.155983e-07,1.082736e-06,5.144609e-09,1.311625e-07,5.271991e-08,1.397318e-07,6.033405e-08,3.156633e-07,8.501391e-08,8.227823e-08,8.344350e-08,5.650283e-08,1.001821e-07,1.165471e-07,1.452407e-09,3.305633e-08,4.318016e-09,2.406225e-08,3.824310e-09,6.948097e-10,1.780120e-10,2.233077e-07,2.467688e-09
18.652344,6.229615e-08,1.004711e-07,5.654388e-07,9.924228e-07,6.732128e-09,1.555783e-07,6.905250e-08,1.168613e-07,3.225683e-08,2.199522e-07,7.596019e-08,1.685580e-07,1.778059e-08,6.197570e-08,1.106980e-07,8.653350e-08,1.482771e-09,1.597508e-08,2.046907e-09,3.829265e-08,2.275159e-09,5.957917e-10,6.796352e-10,1.907391e-07,7.556180e-10
18.701172,6.171745e-08,9.266982e-08,6.613606e-07,8.824569e-07,8.172836e-09,1.451267e-07,8.663824e-08,1.026518e-07,2.809330e-08,1.213000e-07,6.324802e-08,1.841245e-07,6.998991e-08,4.699472e-08,1.259394e-07,2.260281e-08,1.310716e-09,4.021066e-08,6.160925e-09,2.965974e-08,2.473552e-09,3.569491e-10,4.799085e-10,5.727033e-08,3.094656e-09
18.750000,5.708193e-08,8.125988e-08,7.806663e-07,7.673834e-07,8.779688e-09,1.251171e-07,1.016703e-07,8.658365e-08,9.502692e-08,8.134925e-08,6.569597e-08,1.985535e-07,9.374028e-08,2.955194e-08,1.084109e-07,9.314835e-08,3.789746e-10,3.507363e-08,8.897029e-09,1.294109e-08,3.067119e-09,7.037078e-10,1.927976e-09,1.238179e-07,3.438351e-09
18.798828,5.025121e-08,6.777537e-08,8.907189e-07,6.992816e-07,8.324417e-09,1.032452e-07,1.097391e-07,4.497166e-08,1.341661e-07,1.730511e-07,7.054201e-08,1.964102e-07,7.318099e-08,8.188547e-08,9.592180e-08,1.309166e-07,3.075174e-10,3.194684e-08,6.761208e-09,8.979537e-09,2.546216e-09,6.183566e-10,8.089716e-10,3.428487e-08,6.724628e-09
18.847656,4.390314e-08,5.420167e-08,9.588704e-07,7.556789e-07,7.240583e-09,9.231084e-08,1.061124e-07,1.493352e-08,1.159994e-07,2.779507e-07,5.161461e-08,1.938727e-07,6.622826e-08,1.414249e-07,1.122249e-07,7.028524e-08,6.905883e-10,3.933736e-08,5.074122e-09,9.997177e-09,3.520783e-09,2.425710e-10,1.625910e-09,1.641939e-07,5.184652e-09
18.896484,3.983488e-08,4.156228e-08,9.684592e-07,8.985551e-07,6.101900e-09,1.113750e-07,8.791866e-08,3.513564e-08,5.063667e-08,3.402824e-07,3.091565e-08,2.275493e-07,7.644180e-08,1.620495e-07,1.889249e-07,6.810521e-08,3.824044e-10,8.085511e-08,2.294224e-09,9.404362e-09,2.436743e-09,7.915593e-10,1.032890e-09,1.749188e-07,1.665823e-09
18.945312,3.741773e-08,2.885380e-08,9.367063e-07,9.849811e-07,5.039439e-09,1.524215e-07,5.796570e-08,1.902881e-08,3.287219e-08,3.232266e-07,5.801187e-08,2.145379e-07,1.019209e-07,1.061034e-07,2.562363e-07,1.413443e-07,6.980824e-10,1.092362e-07,3.267110e-09,6.901805e-09,2.734597e-09,6.600398e-10,1.210812e-09,1.183105e-07,3.919461e-09
18.994141,3.443251e-08,1.410712e-08,9.143874e-07,9.285016e-07,3.956219e-09,2.030623e-07,2.599691e-08,2.666076e-08,8.506692e-08,3.205009e-07,7.277295e-08,1.910315e-07,1.061282e-07,3.055432e-08,2.594865e-07,1.887217e-07,5.574149e-10,1.088218e-07,7.124676e-09,1.243606e-08,1.315246e-09,3.521528e-10,1.589862e-09,2.187941e-07,2.057550e-09
19.042969,2.922539e-08,3.461684e-09,9.393956e-07,7.868798e-07,2.983750e-09,2.398851e-07,2.055162e-08,5.154785e-08,1.160018e-07,4.613018e-07,9.417634e-08,1.792344e-07,5.169564e-08,3.821775e-08,1.966818e-07,6.962849e-08,4.467644e-10,1.007711e-07,1.039875e-08,1.104227e-08,3.757542e-09,6.115452e-10,3.208546e-10,3.411217e-07,2.259954e-09
19.091797,2.193595e-08,2.047376e-08,9.802721e-07,7.517422e-07,2.641629e-09,2.423222e-07,3.939861e-08,5.896323e-08,1.320863e-07,5.749269e-07,1.336272e-07,1.559439e-07,4.929933e-08,1.210489e-07,7.699137e-08,1.086445e-07,9.608830e-10,6.837330e-08,4.784519e-09,1.842479e-08,4.720248e-09,6.069256e-10,7.278296e-10,1.373933e-07,5.590105e-09
19.140625,1.598068e-08,3.411737e-08,9.639198e-07,8.876112e-07,3.336007e-09,2.155508e-07,4.877574e-08,6.431770e-08,1.303882e-07,5.264735e-07,1.403372e-07,1.181000e-07,6.389566e-08,1.199752e-07,2.295580e-08,1.410977e-07,7.708362e-10,5.406508e-08,6.006634e-09,1.032869e-08,1.965395e-09,6.481769e-10,1.952904e-09,2.223699e-07,6.502953e-09
19.189453,1.849046e-08,4.210397e-08,8.466419e-07,1.059836e-06,4.573817e-09,1.752795e-07,4.352200e-08,8.541408e-08,1.106309e-07,3.852134e-07,1.430609e-07,5.824678e-08,4.855406e-08,2.621773e-08,6.696510e-08,9.870161e-08,8.437049e-10,2.816513e-08,4.292748e-09,1.378760e-08,1.194667e-09,4.579795e-10,1.446143e-09,3.102972e-07,4.824689e-09
19.238281,2.713422e-08,4.562959e-08,6.552947e-07,1.217535e-06,5.718402e-09,1.212457e-07,3.058379e-08,1.196648e-07,8.312696e-08,3.041330e-07,1.974062e-07,1.015773e-08,4.451688e-08,8.372264e-08,8.997367e-08,1.496318e-07,2.972042e-10,1.806485e-08,5.956030e-09,1.619454e-08,1.279734e-09,4.797488e-11,1.145978e-09,3.780111e-07,4.083563e-09
19.287109,3.487964e-08,4.708081e-08,5.049707e-07,1.352396e-06,6.497582e-09,5.254256e-08,3.034623e-08,1.407810e-07,5.988398e-08,2.332432e-07,2.346539e-07,3.210043e-08,4.065860e-08,1.461711e-07,1.188905e-07,1.972801e-07,4.587536e-10,4.900928e-08,1.117593e-08,1.169567e-08,1.664350e-09,6.479856e-11,1.136736e-09,2.357529e-07,2.905720e-09
19.335938,3.845344e-08,4.557677e-08,5.210887e-07,1.385580e-06,6.821117e-09,1.628042e-08,4.391162e-08,1.450682e-07,4.647581e-08,1.120876e-07,2.206805e-07,5.218609e-08,6.553623e-08,1.509461e-07,1.813541e-07,1.972144e-07,4.168175e-10,2.622757e-08,9.346513e-09,1.038584e-08,9.418476e-10,1.351082e-10,5.844371e-10,1.298572e-07,2.510944e-09
19.384766,3.717415e-08,3.757649e-08,6.251111e-07,1.247946e-06,6.573666e-09,7.389447e-08,5.640347e-08,1.542417e-07,3.307367e-08,9.384521e-08,1.772591e-07,6.340526e-08,9.466665e-08,1.012172e-07,1.790123e-07,1.780048e-07,3.531520e-10,2.975070e-08,5.292611e-09,9.075467e-09,1.586948e-09,1.907163e-10,9.126694e-10,5.027436e-08,2.626991e-09
19.433594,3.275198e-08,2.284318e-08,7.077989e-07,1.046313e-06,5.656582e-09,1.385459e-07,6.115210e-08,1.524236e-07,1.433774e-08,1.761001e-07,1.189654e-07,9.265041e-09,7.001530e-08,3.772216e-08,6.336910e-08,1.341567e-07,5.297382e-10,6.316774e-08,3.755718e-09,1.214258e-08,8.343000e-10,5.078712e-10,1.328990e-09,1.437797e-07,1.412941e-09
19.482422,2.886572e-08,1.546806e-08,7.823312e-07,1.088031e-06,4.248333e-09,2.082002e-07,5.349244e-08,1.079791e-07,4.408847e-08,3.063546e-07,5.974375e-08,6.215171e-08,9.624488e-08,1.732030e-08,9.519912e-08,5.824923e-08,5.719582e-10,6.319802e-08,5.343262e-09,1.707707e-08,1.348166e-09,6.748242e-10,1.122514e-09,1.432467e-07,1.198507e-09
19.531250,2.848299e-08,2.939764e-08,9.050399e-07,1.401891e-06,2.852964e-09,2.529003e-07,3.522415e-08,2.837818e-08,8.357308e-08,4.226921e-07,2.909894e-08,8.249128e-08,1.626103e-07,2.183165e-08,1.182175e-07,8.687341e-08,5.343471e-10,3.404319e-08,2.741976e-09,1.987897e-08,4.055728e-10,4.744526e-10,6.967808e-10,1.324874e-07,2.899305e-09
19.580078,3.055345e-08,4.121943e-08,1.071469e-06,1.717588e-06,2.060589e-09,2.537075e-07,1.768628e-08,4.929094e-08,1.122758e-07,4.391561e-07,2.881893e-08,4.444356e-08,1.626537e-07,5.683519e-08,1.031067e-07,1.121429e-07,5.593134e-10,2.237086e-08,5.389430e-09,6.395426e-09,4.928702e-10,5.714108e-10,1.344863e-09,2.852636e-07,3.891090e-09
19.628906,3.247372e-08,4.502480e-08,1.213535e-06,1.924933e-06,2.106593e-09,2.258313e-07,1.278594e-08,8.956585e-08,1.250767e-07,3.452986e-07,3.597450e-08,3.855116e-08,1.144837e-07,6.360623e-08,5.089594e-08,1.084922e-07,2.183747e-10,5.579147e-08,4.943468e-09,1.337405e-08,1.045966e-09,4.649351e-10,1.127167e-09,3.913185e-07,2.001596e-09
19.677734,3.309799e-08,4.421043e-08,1.257078e-06,2.049181e-06,2.552677e-09,2.054821e-07,1.025088e-08,7.917352e-08,1.084249e-07,1.797406e-07,6.109951e-08,1.128880e-07,7.325689e-08,3.583066e-08,4.419012e-08,8.653305e-08,7.037476e-10,6.241441e-08,2.280152e-09,1.083886e-08,7.084060e-10,6.247524e-10,1.609970e-09,3.092184e-07,3.572465e-09
19.726562,3.180665e-08,4.263533e-08,1.151066e-06,2.111122e-06,2.781452e-09,2.033010e-07,1.366574e-08,3.594806e-08,5.545352e-08,1.025166e-07,9.921828e-08,1.505501e-07,4.879147e-08,7.732005e-09,8.649465e-08,3.538568e-08,6.750228e-10,7.986627e-08,2.360136e-09,1.841940e-08,2.244041e-09,4.992182e-10,4.644295e-10,1.390322e-07,1.778507e-09
19.775391,2.730267e-08,3.802654e-08,8.800349e-07,2.084932e-06,2.387316e-09,1.946348e-07,2.481806e-08,4.001222e-08,3.632254e-08,2.676491e-07,1.180048e-07,1.198505e-07,1.887062e-08,3.189419e-08,9.707123e-08,3.608609e-08,4.238244e-10,7.285190e-08,2.166547e-09,2.590137e-08,7.074835e-10,3.686336e-10,9.973067e-10,1.041150e-07,5.019197e-09
19.824219,1.825447e-08,2.680502e-08,4.854424e-07,1.953953e-06,1.327846e-09,1.670235e-07,3.081846e-08,7.329426e-08,7.374484e-08,3.708375e-07,1.182574e-07,5.835808e-08,1.997342e-08,4.507983e-08,7.257046e-08,1.053256e-07,6.093965e-10,4.647070e-08,2.662076e-09,2.331321e-08,1.549061e-09,7.009230e-10,1.586780e-09,1.457228e-07,6.000172e-09
19.873047,4.608548e-09,1.650154e-08,2.485218e-07,1.739928e-06,2.297358e-10,1.369192e-07,2.825622e-08,8.979734e-08,7.300848e-08,3.982631e-07,1.116209e-07,3.942762e-08,2.589926e-08,7.603397e-08,8.305957e-08,1.255157e-07,5.654568e-10,3.579683e-08,7.372585e-10,1.243551e-08,1.732171e-09,5.626609e-10,1.698091e-09,2.063065e-08,3.124911e-09
19.921875,1.203233e-08,2.740379e-08,5.864685e-07,1.466783e-06,1.477729e-09,1.255735e-07,2.621831e-08,1.004606e-07,7.208879e-08,4.154481e-07,8.885424e-08,9.291117e-08,3.874096e-08,1.188847e-07,1.015488e-07,7.455150e-08,2.948714e-10,5.515934e-08,4.595045e-09,1.816758e-08,2.197740e-09,2.267278e-10,9.448571e-10,1.305353e-07,6.622585e-10
19.970703,2.907717e-08,4.098391e-08,9.039003e-07,1.132518e-06,2.445524e-09,1.257796e-07,3.666705e-08,1.161898e-07,8.527902e-08,3.997568e-07,6.286530e-08,1.937729e-07,6.786072e-08,9.858934e-08,1.356999e-07,1.155838e-07,4.378599e-10,4.571052e-08,4.744854e-09,2.099744e-08,1.890122e-09,2.045308e-10,1.385326e-09,2.184451e-07,4.395201e-10
20.019531,4.413306e-08,4.466578e-08,1.070543e-06,7.370029e-07,2.929277e-09,1.242503e-07,4.905880e-08,1.298151e-07,7.340298e-08,3.198234e-07,4.299775e-08,2.906671e-07,7.396603e-08,6.356218e-08,1.784451e-07,8.552712e-08,2.080624e-10,8.445886e-08,2.057758e-09,9.543622e-09,3.429411e-10,1.970396e-10,4.505105e-10,9.150018e-08,1.099884e-09
20.068359,5.570847e-08,3.904309e-08,1.126477e-06,3.183073e-07,2.929904e-09,1.262465e-07,5.537472e-08,1.179705e-07,5.071901e-08,3.021033e-07,1.365572e-08,2.846614e-07,5.717023e-08,2.451634e-08,1.729898e-07,2.087873e-08,7.213531e-10,6.446970e-08,1.924714e-09,8.153010e-09,1.672275e-09,2.977991e-10,6.441337e-10,2.416523e-07,3.071924e-09
20.117188,6.313041e-08,3.314417e-08,1.160209e-06,5.480852e-08,2.526878e-09,1.411910e-07,5.972970e-08,7.665872e-08,4.830200e-08,3.879103e-07,3.676820e-08,1.681145e-07,4.452793e-08,6.986143e-08,1.191660e-07,1.221444e-08,6.036498e-10,8.285830e-08,2.292203e-09,9.879744e-09,1.933436e-09,5.459553e-10,9.453208e-10,9.115322e-08,3.885020e-09
20.166016,6.604085e-08,3.616522e-08,1.188300e-06,3.250916e-07,1.873788e-09,1.646401e-07,6.814790e-08,3.866973e-08,4.056262e-08,4.181337e-07,5.069761e-08,1.203372e-07,7.315050e-08,9.225574e-08,6.560276e-08,3.587740e-08,6.581511e-10,5.571466e-08,5.017114e-09,1.120640e-08,1.718616e-09,3.574579e-10,1.229184e-09,2.108016e-08,1.598068e-09
20.214844,6.439114e-08,4.491293e-08,1.134599e-06,4.866745e-07,1.190269e-09,1.765414e-07,7.794355e-08,2.237613e-08,2.159032e-08,3.524986e-07,3.990000e-08,9.724882e-08,1.045516e-07,9.410822e-08,5.945633e-08,2.161943e-08,5.712195e-10,4.206559e-08,3.350679e-09,1.748126e-08,1.018616e-09,5.905441e-10,1.086101e-09,1.110450e-07,2.195491e-09
20.263672,5.919050e-08,5.543646e-08,9.610098e-07,5.822570e-07,6.585362e-10,1.568777e-07,8.305063e-08,3.494970e-08,2.593092e-08,3.013846e-07,4.736646e-08,2.224780e-08,6.865803e-08,9.761888e-08,1.252936e-07,1.150782e-07,5.317894e-10,7.489116e-08,3.262516e-09,2.466586e-08,1.587596e-09,4.524617e-10,1.150422e-09,2.463804e-07,2.163022e-09
20.312500,5.299733e-08,6.697532e-08,8.022920e-07,6.461336e-07,4.045779e-10,1.104068e-07,8.123261e-08,8.395352e-08,3.838909e-08,3.332408e-07,8.443212e-08,1.004588e-07,3.325981e-09,5.814561e-08,1.395100e-07,1.106744e-07,3.308525e-10,5.051167e-08,1.175297e-09,2.026793e-08,1.708832e-09,4.432271e-10,1.088607e-09,2.145010e-07,1.688135e-09
20.361328,4.857090e-08,7.507059e-08,9.072073e-07,6.654522e-07,4.790908e-10,9.784683e-08,7.590102e-08,1.158539e-07,3.668266e-08,3.061122e-07,1.214201e-07,1.009912e-07,3.784866e-08,3.255291e-08,1.045569e-07,2.824587e-08,1.884957e-10,6.792460e-09,6.639544e-10,5.035012e-09,1.350009e-09,6.407444e-10,4.483092e-10,1.775708e-07,1.735574e-09
20.410156,4.589041e-08,7.259468e-08,1.178496e-06,6.195354e-07,6.493007e-10,1.443666e-07,7.555586e-08,1.334961e-07,3.041855e-08,1.807541e-07,1.505901e-07,4.474662e-08,6.730079e-08,4.397866e-08,9.979012e-08,7.542189e-08,4.001916e-10,2.402529e-08,1.646144e-09,1.216995e-08,3.014050e-09,3.257073e-10,1.060853e-09,2.166553e-07,1.914125e-09
20.458984,4.216141e-08,5.491669e-08,1.357129e-06,5.206574e-07,8.748703e-10,1.743696e-07,8.323980e-08,1.552778e-07,6.572432e-08,9.435007e-08,1.649725e-07,7.172072e-08,1.141158e-07,4.014220e-08,6.694836e-08,1.057394e-07,3.931344e-10,3.688946e-08,3.307593e-09,1.314471e-08,2.898567e-09,1.729211e-10,1.381233e-09,2.292628e-07,1.626820e-09
20.507812,3.557046e-08,2.259982e-08,1.341665e-06,4.092845e-07,1.144818e-09,1.586429e-07,8.830940e-08,1.615864e-07,1.018223e-07,1.197449e-07,1.505592e-07,1.170905e-07,1.428088e-07,2.666783e-08,2.696962e-08,9.340949e-08,1.925023e-10,3.664663e-08,4.035319e-09,1.532256e-08,2.725854e-09,1.260988e-10,3.508947e-10,2.860976e-07,1.359544e-09
20.556641,2.768027e-08,1.964551e-08,1.168787e-06,3.607314e-07,1.324830e-09,1.075096e-07,8.022259e-08,1.388082e-07,9.675935e-08,1.805900e-07,1.076213e-07,6.877535e-08,1.165354e-07,5.725687e-08,1.146170e-07,1.161730e-07,3.158380e-10,1.779848e-08,4.795919e-09,1.878738e-08,1.922034e-09,8.982054e-11,6.676852e-10,1.841232e-07,2.671341e-09
20.605469,2.267385e-08,6.330605e-08,9.531810e-07,4.564132e-07,1.329241e-09,5.555076e-08,6.060611e-08,9.773631e-08,5.679699e-08,2.898402e-07,4.834837e-08,4.371006e-08,4.716378e-08,7.693534e-08,1.512647e-07,8.883641e-08,3.231547e-10,2.356916e-08,5.668440e-09,1.687599e-08,9.792250e-10,1.744280e-10,5.741493e-10,9.064002e-08,1.243376e-09
20.654297,2.237590e-08,1.011233e-07,7.968252e-07,6.266378e-07,1.188626e-09,4.803231e-08,4.490895e-08,5.765915e-08,3.648084e-08,3.627217e-07,2.321149e-08,1.231650e-07,9.560505e-08,8.814601e-08,1.862432e-07,1.682428e-08,1.250657e-10,1.905666e-08,2.334073e-09,1.364823e-08,1.140103e-09,4.469301e-10,9.563466e-10,1.110644e-07,1.928396e-09
20.703125,2.338896e-08,1.269073e-07,6.974663e-07,7.627597e-07,9.914532e-10,5.399818e-08,4.739034e-08,8.465618e-08,3.617197e-08,3.650557e-07,8.723293e-08,1.495432e-07,1.493377e-07,1.374153e-07,2.045471e-07,7.119488e-08,2.311188e-10,2.228832e-08,2.622524e-10,1.334145e-08,1.890207e-09,4.450577e-10,7.996270e-10,9.091242e-08,7.844089e-10
20.751953,2.338279e-08,1.374500e-07,5.944026e-07,8.297557e-07,8.619981e-10,4.110495e-08,5.633814e-08,1.228824e-07,4.630397e-08,3.219378e-07,1.256379e-07,1.717854e-07,1.741251e-07,1.828460e-07,1.089235e-07,1.087552e-07,9.160190e-11,2.906721e-08,1.350603e-09,1.101681e-08,1.198913e-09,1.124472e-10,1.269888e-10,4.883603e-08,2.700071e-09
20.800781,2.278784e-08,1.334367e-07,4.866141e-07,8.484847e-07,1.021643e-09,2.411209e-08,6.078732e-08,1.116771e-07,6.206968e-08,2.666828e-07,1.347445e-07,2.193295e-07,1.823677e-07,1.855678e-07,5.486970e-08,6.759998e-08,2.240899e-10,1.399649e-08,1.158257e-09,1.666592e-08,9.201972e-10,1.218545e-10,7.921008e-10,1.272537e-07,2.965802e-09
20.849609,2.212336e-08,1.200400e-07,4.393093e-07,8.223018e-07,1.294293e-09,3.675276e-08,5.945578e-08,6.071031e-08,4.945672e-08,2.245171e-07,1.237681e-07,2.694296e-07,1.583664e-07,1.288471e-07,1.625811e-07,1.285942e-07,5.416973e-10,4.647534e-08,1.543042e-09,2.213666e-08,1.359068e-09,4.596596e-10,6.443653e-10,8.045423e-08,1.853102e-09
20.898438,2.126050e-08,1.062785e-07,4.697324e-07,7.078016e-07,1.306333e-09,6.064665e-08,5.367099e-08,6.351209e-09,4.803963e-08,2.116791e-07,1.000146e-07,2.444823e-07,1.529566e-07,8.820038e-08,2.249059e-07,1.826137e-07,6.882150e-10,4.809518e-08,2.855891e-09,9.799131e-09,5.986184e-10,1.856329e-10,1.055460e-09,1.569296e-07,2.100225e-09
20.947266,2.092994e-08,1.011322e-07,5.052276e-07,4.818527e-07,9.188144e-10,7.642035e-08,4.498696e-08,3.847800e-08,6.744706e-08,2.220150e-07,7.415843e-08,1.680141e-07,9.502139e-08,9.592275e-08,1.858193e-07,1.952150e-07,4.393681e-10,3.443571e-08,4.349171e-09,1.107266e-08,1.459836e-09,3.054334e-10,1.039264e-09,2.027740e-07,3.999178e-09
20.996094,2.209787e-08,1.069279e-07,4.872723e-07,2.010572e-07,2.740072e-10,7.343400e-08,3.482059e-08,6.779319e-08,5.740733e-08,2.353876e-07,5.433969e-08,1.500507e-07,2.151931e-08,7.294149e-08,7.367129e-08,1.340774e-07,3.156744e-10,3.721178e-08,4.164101e-09,1.109882e-08,8.804768e-10,3.229765e-10,1.207743e-09,1.547761e-07,4.237552e-09
21.044922,2.342409e-08,1.193126e-07,3.973555e-07,1.133748e-07,3.683049e-10,4.875421e-08,2.415269e-08,6.969903e-08,2.337760e-08,2.409511e-07,4.535721e-08,1.263947e-07,9.194126e-08,7.720674e-08,1.933405e-08,7.565852e-08,4.943059e-10,5.546591e-08,6.059132e-09,3.615481e-09,6.354814e-10,3.033648e-10,6.960863e-10,2.447544e-07,2.817732e-09
21.093750,2.235565e-08,1.330730e-07,2.403969e-07,2.242550e-07,6.798423e-10,2.349802e-08,1.172978e-08,3.689296e-08,2.934450e-08,2.633162e-07,4.376502e-08,8.224296e-08,7.449872e-08,1.164460e-07,4.394532e-08,5.120555e-08,4.610535e-10,5.386833e-08,6.125861e-09,7.833195e-09,8.059870e-10,2.440914e-10,3.510337e-10,1.471128e-07,9.970675e-10
21.142578,1.785396e-08,1.434441e-07,7.540926e-08,2.151054e-07,6.913547e-10,4.641383e-08,6.039765e-09,2.441573e-08,5.765899e-08,3.149160e-07,4.907425e-08,5.001610e-08,2.436147e-08,7.511499e-08,7.336331e-08,4.527937e-08,3.166208e-10,1.973509e-08,4.687369e-09,8.736437e-09,1.122914e-09,2.583225e-10,5.960666e-10,5.935827e-08,8.865904e-10
21.191406,1.109030e-08,1.456315e-07,2.204351e-07,1.181036e-07,6.707317e-10,6.852410e-08,2.143575e-08,7.070422e-08,7.222102e-08,3.557773e-07,5.697385e-08,9.172892e-09,7.903442e-08,4.825309e-08,5.717612e-08,5.433143e-08,5.744667e-10,4.499426e-08,1.107342e-09,1.473293e-08,1.312808e-09,3.864803e-11,4.282530e-10,1.224123e-07,1.538645e-09
21.240234,4.613701e-09,1.364457e-07,3.911636e-07,5.223822e-08,8.287632e-10,7.423848e-08,3.135935e-08,9.694489e-08,6.902164e-08,3.636985e-07,6.827388e-08,5.236261e-08,1.187975e-07,8.067385e-08,1.381053e-08,3.730628e-08,5.217192e-10,5.253756e-08,1.829021e-09,1.909917e-08,5.048262e-10,1.173820e-10,1.007711e-09,2.230688e-07,6.891003e-10
21.289062,1.787571e-09,1.167415e-07,4.591189e-07,1.826618e-07,1.033822e-09,8.074099e-08,3.388883e-08,1.042365e-07,3.950052e-08,3.310973e-07,7.472172e-08,1.003562e-07,1.421491e-07,9.811056e-08,2.608547e-08,3.945597e-08,1.447167e-10,3.602979e-08,4.634845e-09,1.350241e-08,4.924384e-11,2.049364e-10,2.302502e-10,2.742286e-07,2.742572e-10
21.337891,2.924512e-09,9.268254e-08,3.863117e-07,3.494617e-07,1.236003e-09,1.106078e-07,3.351215e-08,1.027967e-07,1.568154e-08,2.752800e-07,5.832857e-08,1.104955e-07,1.474713e-07,8.522823e-08,6.429056e-08,8.609057e-08,6.611139e-11,3.672840e-08,4.857425e-09,2.863615e-09,1.550750e-09,1.550978e-10,4.793160e-10,9.155539e-08,6.003572e-10
21.386719,4.817526e-09,7.447693e-08,1.968416e-07,5.092951e-07,1.444569e-09,1.492723e-07,3.152608e-08,9.999389e-08,6.325123e-08,2.858815e-07,3.571122e-08,9.601639e-08,1.302897e-07,8.099235e-08,1.131257e-07,6.809716e-08,2.109930e-10,2.922066e-08,8.037881e-10,7.234388e-09,2.079824e-09,3.453386e-10,9.294077e-10,1.798670e-07,7.518996e-10
21.435547,7.559674e-09,6.906557e-08,2.023345e-07,6.237897e-07,1.588448e-09,1.680386e-07,2.660954e-08,1.054184e-07,7.562217e-08,3.463109e-07,3.363347e-08,6.500916e-08,9.696451e-08,9.301730e-08,1.646974e-07,3.963186e-08,3.307440e-10,2.956808e-08,2.168558e-09,1.211809e-08,4.195452e-10,6.322912e-10,1.271974e-09,1.887259e-07,6.683451e-10
21.484375,1.018883e-08,7.185774e-08,4.700565e-07,6.875493e-07,1.605873e-09,1.529939e-07,2.354341e-08,1.260885e-07,5.695412e-08,3.777183e-07,3.605655e-08,3.401540e-08,4.257918e-08,1.315365e-07,1.761139e-07,6.566709e-08,2.191255e-10,6.434437e-08,7.575909e-10,6.981151e-09,6.466132e-10,5.360624e-10,9.974083e-10,1.905486e-07,1.759197e-09
21.533203,1.359131e-08,7.630788e-08,6.700527e-07,7.150292e-07,1.550045e-09,1.122952e-07,2.333285e-08,1.624909e-07,5.984009e-08,3.968498e-07,5.274952e-08,7.655051e-08,1.393353e-08,1.335462e-07,1.630159e-07,1.007408e-07,6.880388e-11,7.344494e-08,1.800681e-09,9.559870e-09,8.946068e-10,4.707954e-10,5.542892e-10,6.968055e-08,7.638484e-10
21.582031,1.923954e-08,8.244430e-08,7.304207e-07,6.983311e-07,1.476103e-09,7.029392e-08,1.948272e-08,1.890437e-07,7.382506e-08,4.220146e-07,8.330908e-08,1.112864e-07,3.674915e-08,8.329274e-08,1.482970e-07,9.652453e-08,1.321063e-10,5.736834e-08,1.265316e-09,1.354337e-08,8.175975e-10,4.988357e-10,6.055394e-10,4.461449e-08,4.667099e-10
21.630859,2.596037e-08,9.155728e-08,6.599155e-07,6.261829e-07,1.382324e-09,4.821666e-08,1.275355e-08,1.739457e-07,6.019413e-08,4.322497e-07,1.007584e-07,1.183346e-07,7.278929e-08,2.609334e-08,1.249262e-07,1.244869e-07,2.967877e-10,4.341813e-08,1.456350e-09,7.401802e-09,1.090248e-09,2.373422e-10,2.382842e-10,8.700888e-08,1.404443e-09
21.679688,3.104570e-08,1.010922e-07,5.493280e-07,5.460036e-07,1.200612e-09,3.974272e-08,1.093066e-08,1.294036e-07,2.585123e-08,3.912368e-07,1.110633e-07,1.100992e-07,6.778298e-08,8.717549e-09,1.074965e-07,1.399973e-07,4.253440e-10,2.630394e-08,3.664229e-09,8.695472e-09,6.479113e-10,1.168837e-10,3.988726e-10,1.383672e-07,1.610129e-09
21.728516,3.254717e-08,1.069877e-07,5.343784e-07,5.338148e-07,9.601546e-10,3.308297e-08,1.525072e-08,1.019407e-07,2.061448e-08,2.761682e-07,1.411879e-07,8.721515e-08,4.564237e-08,3.297771e-08,7.919092e-08,1.461212e-07,3.079760e-10,4.461236e-08,3.003306e-09,8.811530e-09,2.782539e-10,1.946871e-10,5.843532e-10,1.555114e-07,6.452639e-10
21.777344,3.026323e-08,1.074366e-07,6.159125e-07,5.519359e-07,8.519441e-10,3.549693e-08,1.881437e-08,8.139679e-08,4.317573e-08,1.157548e-07,1.615900e-07,5.171785e-08,3.361061e-08,3.475513e-08,1.214989e-07,1.243879e-07,1.875062e-10,5.855456e-08,2.151524e-09,1.805540e-08,2.648915e-10,1.740850e-10,2.715426e-10,1.057229e-07,1.301475e-09
21.826172,2.559867e-08,1.032978e-07,6.680980e-07,5.098256e-07,9.821203e-10,4.851749e-08,1.717238e-08,4.758102e-08,5.258344e-08,6.619269e-08,1.507745e-07,3.219568e-08,3.529556e-08,4.657045e-08,1.345191e-07,6.432058e-08,1.035049e-10,3.135469e-08,1.347265e-09,1.561660e-08,7.227894e-10,1.907302e-10,7.192229e-10,5.862397e-08,7.193017e-11
21.875000,2.048901e-08,9.620173e-08,6.221466e-07,4.296282e-07,1.105505e-09,6.026215e-08,1.087331e-08,5.357881e-08,5.353201e-08,1.771166e-07,1.255768e-07,5.828423e-08,6.736043e-08,4.624739e-08,7.397014e-08,5.648364e-08,2.533988e-10,3.121355e-08,1.791005e-09,1.022859e-08,7.490716e-10,3.236134e-10,5.374219e-10,1.389352e-07,1.514388e-09
21.923828,1.589415e-08,8.694921e-08,4.932689e-07,4.578507e-07,1.050774e-09,7.116744e-08,7.568690e-09,6.841331e-08,5.340745e-08,2.480730e-07,1.002381e-07,9.700698e-08,9.612426e-08,6.690062e-08,3.277997e-08,5.820671e-08,1.920437e-10,7.809924e-08,1.858487e-09,4.708474e-09,9.077395e-10,5.265022e-10,6.556974e-10,1.960183e-07,1.886760e-09
21.972656,1.137436e-08,7.567009e-08,3.834145e-07,6.020453e-07,9.190910e-10,9.458102e-08,1.690249e-08,6.106927e-08,5.150675e-08,3.134543e-07,8.298500e-08,1.222384e-07,9.362558e-08,6.797520e-08,7.873291e-08,5.963958e-08,9.087524e-11,7.772465e-08,2.153773e-09,6.741247e-09,6.191104e-10,4.294651e-10,2.962819e-10,1.022753e-07,6.424348e-10
22.021484,6.931565e-09,6.284003e-08,4.377508e-07,7.111426e-07,9.689269e-10,1.231765e-07,3.175976e-08,4.873626e-08,3.913967e-08,3.885906e-07,7.873979e-08,1.228481e-07,8.088958e-08,4.053839e-08,1.155628e-07,4.498647e-08,2.122175e-10,4.515130e-08,3.247426e-09,7.392594e-09,6.650777e-10,1.052798e-10,2.980930e-10,3.453947e-09,1.457705e-09
22.070312,6.936172e-09,4.941055e-08,5.958244e-07,6.963590e-07,1.133465e-09,1.347090e-07,4.227287e-08,3.504044e-08,1.432477e-08,4.157963e-07,6.901296e-08,1.160681e-07,5.937625e-08,4.774357e-08,6.836870e-08,5.744521e-08,2.740477e-10,2.178024e-08,3.640639e-09,4.058366e-09,5.100775e-10,1.436475e-10,2.176814e-10,8.232322e-08,1.256223e-09
22.119141,1.239429e-08,3.603055e-08,7.259510e-07,5.400118e-07,1.153100e-09,1.223384e-07,4.026648e-08,1.900822e-08,1.452083e-08,3.696968e-07,4.104175e-08,1.008228e-07,4.471106e-08,3.505279e-08,7.451663e-08,8.357556e-08,1.260502e-10,3.777670e-08,1.436084e-09,5.260948e-09,8.439031e-10,4.495531e-11,8.854414e-10,1.708833e-07,5.313068e-10
22.167969,1.792552e-08,2.249608e-08,7.761069e-07,2.781109e-07,9.071251e-10,1.029150e-07,2.764069e-08,2.993747e-08,3.296241e-08,2.838064e-07,2.492127e-08,6.520702e-08,3.288751e-08,3.466121e-08,9.649205e-08,1.043061e-07,3.145736e-10,3.260792e-08,8.941904e-10,9.897991e-09,6.573797e-10,1.846784e-11,7.427382e-10,1.912859e-07,1.803511e-10
22.216797,2.126325e-08,8.282658e-09,7.485321e-07,1.116671e-08,4.547742e-10,9.498945e-08,1.848149e-08,5.163799e-08,3.475255e-08,2.024381e-07,4.506068e-08,4.954903e-08,5.436454e-08,5.016714e-08,7.122327e-08,1.107678e-07,2.601595e-10,2.612398e-08,1.994775e-09,9.092886e-09,6.754580e-10,2.297983e-10,1.527175e-10,1.502005e-07,1.292632e-09
22.265625,2.145295e-08,7.955329e-09,6.869024e-07,2.324774e-07,1.652677e-10,8.760063e-08,1.656747e-08,6.224688e-08,1.731540e-08,1.734902e-07,5.570164e-08,5.218683e-08,7.881239e-08,1.015176e-07,4.134337e-08,1.112093e-07,1.026768e-10,2.108347e-08,2.142840e-09,7.648034e-09,4.958806e-10,1.218486e-10,2.309780e-10,3.545581e-07,1.803977e-09
22.314453,1.847702e-08,2.350103e-08,6.564847e-07,3.175542e-07,5.896476e-10,6.613956e-08,7.072902e-09,5.694288e-08,1.776831e-08,1.807002e-07,5.620459e-08,3.719127e-08,5.994110e-08,1.148540e-07,2.456685e-08,9.854233e-08,3.165623e-11,1.686989e-08,2.363467e-09,1.063285e-08,3.240933e-10,2.226470e-10,4.358006e-10,2.286351e-07,1.267463e-09
22.363281,1.321886e-08,3.800546e-08,6.856682e-07,2.718830e-07,8.679500e-10,3.849904e-08,1.047335e-08,4.974548e-08,6.147023e-08,1.775014e-07,4.678863e-08,1.549881e-08,2.736655e-08,7.640008e-08,4.159081e-08,9.489805e-08,9.265744e-11,4.978045e-09,3.752984e-09,1.444275e-08,6.384823e-10,1.844647e-10,3.318219e-10,1.424525e-07,1.460211e-09
22.412109,7.174706e-09,4.986127e-08,7.325932e-07,2.257997e-07,9.105906e-10,2.829289e-08,2.800865e-08,5.495028e-08,1.001615e-07,1.875002e-07,3.613227e-08,1.029469e-08,6.144111e-08,6.228275e-08,4.633899e-08,1.165262e-07,2.231429e-10,1.100186e-08,4.007938e-09,1.446852e-08,4.655994e-10,1.601998e-10,6.284706e-10,3.508782e-08,1.016327e-09
22.460938,2.081625e-09,5.844419e-08,7.414365e-07,3.187302e-07,7.342849e-10,3.067610e-08,4.057849e-08,5.398327e-08,1.206184e-07,2.076251e-07,3.479531e-08,1.484157e-08,7.769006e-08,1.023342e-07,2.259146e-08,5.628372e-08,1.679436e-10,1.927452e-08,2.581308e-09,1.309221e-08,7.249120e-10,1.408907e-10,6.082758e-10,9.201727e-08,1.132807e-09
22.509766,2.268784e-09,6.363255e-08,6.890422e-07,4.320578e-07,4.437924e-10,2.416244e-08,4.700782e-08,3.630776e-08,1.201596e-07,2.122325e-07,3.354043e-08,2.330979e-08,5.671322e-08,8.991066e-08,4.851577e-08,3.201760e-08,5.083043e-11,1.755009e-08,2.675331e-09,2.220316e-08,6.752445e-10,3.175278e-10,7.119292e-10,4.146073e-08,1.595760e-09
22.558594,3.899097e-09,6.456313e-08,5.855459e-07,5.032036e-07,1.722834e-10,1.519710e-08,4.649164e-08,1.749524e-08,1.064433e-07,2.110007e-07,2.668548e-08,2.933288e-08,2.040344e-08,6.333480e-08,9.395451e-08,7.623492e-08,1.583770e-10,1.487473e-08,1.970115e-09,2.035876e-08,3.716238e-10,1.945692e-10,6.167924e-10,8.218839e-08,1.040920e-09
22.607422,4.867401e-09,5.937732e-08,4.588925e-07,5.650298e-07,1.549638e-10,2.558623e-08,3.914633e-08,1.803049e-08,8.260545e-08,2.195018e-07,2.457305e-08,4.520922e-08,2.448426e-08,7.864541e-08,1.189507e-07,1.034730e-07,2.289288e-10,1.435325e-08,3.591920e-10,9.703670e-09,3.891065e-10,1.784827e-10,3.157915e-10,7.131356e-08,3.629146e-10
22.656250,6.693167e-09,4.736368e-08,3.410040e-07,6.516578e-07,2.287383e-10,4.345359e-08,2.882391e-08,1.192426e-08,4.744382e-08,2.835901e-07,3.276353e-08,6.736936e-08,5.281368e-08,5.911410e-08,1.194857e-07,1.010924e-07,2.829884e-10,1.981874e-08,1.058542e-09,7.322125e-09,2.580357e-10,1.871486e-10,3.662436e-10,2.018764e-07,1.526538e-09
22.705078,9.676707e-09,3.363539e-08,2.638075e-07,7.544397e-07,2.163152e-10,6.030566e-08,2.072085e-08,9.659726e-09,1.780261e-08,3.901844e-07,2.836344e-08,7.918977e-08,5.902471e-08,6.489296e-08,1.128538e-07,8.737120e-08,2.258677e-10,1.862710e-08,1.393130e-09,5.321147e-09,4.097162e-10,1.282344e-10,3.890721e-10,6.968392e-08,1.321547e-09
22.753906,1.288309e-08,3.442970e-08,2.498629e-07,8.385271e-07,1.529449e-10,7.409769e-08,1.563008e-08,2.992265e-08,3.232341e-08,4.276549e-07,1.369844e-08,8.465862e-08,5.262850e-08,8.315378e-08,1.034020e-07,8.961761e-08,1.128246e-10,1.238775e-08,1.149341e-09,5.302452e-09,5.736472e-10,1.499843e-10,3.398447e-10,1.446636e-07,2.235097e-09
22.802734,1.524788e-08,5.084979e-08,2.795933e-07,8.601507e-07,2.109047e-10,8.156756e-08,1.188584e-08,3.837863e-08,5.775953e-08,3.460187e-07,2.177586e-08,7.265137e-08,3.367777e-08,7.751102e-08,1.130568e-07,9.669461e-08,2.475296e-10,1.704524e-08,1.101227e-09,6.729578e-09,8.457726e-11,1.073942e-10,8.446996e-11,7.174465e-08,1.437398e-09
22.851562,1.596393e-08,6.657601e-08,3.103544e-07,7.892422e-07,4.318690e-10,7.901331e-08,1.005800e-08,2.854353e-08,8.337080e-08,2.369779e-07,2.719502e-08,3.524520e-08,1.707845e-08,7.078255e-08,9.509027e-08,1.298164e-07,1.993500e-10,9.848264e-09,7.160641e-10,2.704906e-09,1.389576e-10,1.278287e-10,1.967094e-10,9.888561e-08,7.741601e-10
22.900391,1.471593e-08,7.501722e-08,3.156117e-07,6.366925e-07,6.794308e-10,6.698446e-08,9.430972e-09,8.663355e-09,9.287496e-08,2.316174e-07,2.965920e-08,2.160663e-08,3.245508e-08,4.738198e-08,6.129117e-08,9.710926e-08,2.541661e-10,2.860255e-08,7.878397e-10,2.431018e-09,3.796443e-10,4.766492e-11,4.718851e-10,3.094264e-08,1.265694e-09
22.949219,1.183426e-08,7.616363e-08,2.880208e-07,4.460629e-07,8.710962e-10,5.655739e-08,8.281892e-09,2.168292e-08,7.897185e-08,2.583940e-07,3.383865e-08,4.149646e-08,6.922225e-08,1.702857e-08,3.251054e-08,5.196197e-08,2.989128e-10,2.200876e-08,1.174833e-09,7.434785e-09,2.887159e-10,2.138032e-10,6.146914e-10,6.006433e-08,1.288733e-10
22.998047,8.247699e-09,7.261784e-08,2.410725e-07,2.523741e-07,9.474165e-10,6.581851e-08,7.203037e-09,3.392128e-08,5.045217e-08,2.764288e-07,2.189267e-08,4.946442e-08,6.745505e-08,6.418729e-08,4.034775e-08,1.629630e-08,2.063170e-10,3.008719e-08,4.853895e-10,5.683400e-09,5.580673e-10,3.303526e-10,5.181707e-10,7.475716e-08,4.964191e-10
23.046875,5.320539e-09,6.715918e-08,2.198208e-07,1.841447e-07,8.886844e-10,9.112159e-08,8.615373e-09,3.633300e-08,1.970093e-08,2.814663e-07,2.876641e-08,4.479546e-08,1.770216e-08,4.874960e-08,6.426744e-08,6.554104e-08,8.704182e-11,3.586158e-08,7.828805e-11,7.742129e-09,3.762850e-10,2.562532e-10,3.812185e-10,6.112262e-08,7.910592e-10
23.095703,4.337261e-09,6.297000e-08,2.667619e-07,4.147635e-07,7.257277e-10,1.176585e-07,1.351593e-08,3.466165e-08,3.309871e-08,2.396992e-07,6.033013e-08,3.211267e-08,9.112819e-08,4.610018e-08,8.637823e-08,8.835108e-08,1.602231e-10,3.677672e-08,2.537921e-09,4.104840e-09,2.421797e-10,1.242385e-10,4.323919e-10,5.452551e-08,1.063909e-09
23.144531,4.700384e-09,6.457604e-08,3.470241e-07,6.752164e-07,5.811889e-10,1.373257e-07,2.040651e-08,2.413993e-08,5.369613e-08,1.666703e-07,6.977606e-08,2.792280e-08,1.308058e-07,7.022890e-08,5.826531e-08,3.769138e-08,6.333230e-11,4.187143e-08,1.687942e-09,1.231601e-08,7.666847e-10,5.760622e-11,4.588732e-10,8.293182e-08,1.432819e-09
23.193359,5.067351e-09,7.332975e-08,4.084571e-07,8.378967e-07,6.146904e-10,1.470937e-07,2.634997e-08,4.777959e-09,4.873440e-08,9.359020e-08,5.578457e-08,5.369922e-08,1.195656e-07,6.962133e-08,5.320390e-08,5.959880e-08,1.549557e-10,2.248647e-08,3.396392e-10,1.143990e-08,7.743744e-10,1.023715e-10,4.002697e-10,9.567994e-08,1.906054e-09
23.242188,5.253951e-09,8.377577e-08,4.268677e-07,8.667925e-07,7.847297e-10,1.472631e-07,2.761469e-08,3.278303e-08,4.185995e-08,3.353276e-08,3.667818e-08,8.260031e-08,8.354218e-08,8.781553e-08,5.331970e-08,9.171317e-08,1.554851e-10,2.422320e-08,9.431667e-10,8.920697e-09,6.242428e-10,1.372927e-10,5.140877e-10,1.012726e-07,2.434979e-10
23.291016,5.499318e-09,8.913411e-08,4.040645e-07,8.070767e-07,9.157204e-10,1.382542e-07,2.186173e-08,6.290472e-08,5.956422e-08,1.095063e-07,2.160544e-08,8.105928e-08,4.678291e-08,1.144346e-07,3.461569e-08,8.216511e-08,2.713811e-10,1.512832e-08,4.443835e-10,3.506006e-09,5.879026e-10,3.166105e-11,9.343522e-11,3.624103e-08,9.551962e-10
23.339844,5.888635e-09,8.641190e-08,3.597399e-07,7.415365e-07,9.110909e-10,1.183746e-07,1.035348e-08,8.446211e-08,7.311941e-08,1.489093e-07,1.347093e-08,6.146250e-08,2.752249e-08,9.713126e-08,8.175619e-09,1.154050e-07,2.950890e-10,1.363429e-08,8.032755e-10,7.383110e-09,8.829892e-10,1.065933e-10,3.299518e-10,1.682268e-08,5.493050e-10
23.388672,6.316562e-09,7.733372e-08,3.150562e-07,7.140330e-07,7.796258e-10,8.698145e-08,5.493700e-09,9.060827e-08,8.137661e-08,8.869401e-08,1.953589e-08,2.796250e-08,5.786966e-08,4.008989e-08,6.082571e-08,9.858803e-08,2.629087e-10,2.763410e-08,8.005450e-10,7.063003e-09,8.666075e-10,1.695758e-10,8.692021e-11,4.201362e-08,1.275341e-09
23.437500,6.610934e-09,6.646605e-08,2.718463e-07,7.079423e-07,6.193211e-10,4.859045e-08,1.470738e-08,7.906891e-08,8.830343e-08,5.811088e-08,3.420190e-08,5.404061e-08,6.296622e-08,6.287930e-08,1.073657e-07,6.521944e-08,2.509658e-10,3.186796e-08,1.291184e-09,1.001485e-08,1.803011e-10,6.830293e-11,1.976175e-10,1.820277e-08,1.036309e-09
23.486328,6.580000e-09,5.716479e-08,2.128155e-07,6.853563e-07,5.752505e-10,1.175935e-08,1.903438e-08,5.725313e-08,9.032399e-08,1.839073e-07,5.489593e-08,1.203441e-07,8.577833e-08,5.511762e-08,1.111294e-07,2.474250e-08,1.122987e-10,5.139225e-09,9.248217e-10,1.527877e-08,2.513556e-10,9.612767e-11,1.297713e-10,6.525400e-08,1.146159e-09
23.535156,6.081973e-09,4.848139e-08,1.389679e-07,6.258934e-07,6.514543e-10,1.611225e-08,2.019140e-08,3.678056e-08,8.914524e-08,2.582432e-07,6.899629e-08,1.354985e-07,9.914929e-08,3.147553e-08,8.028445e-08,4.801204e-08,2.068643e-11,3.271616e-08,9.119393e-10,7.777029e-09,2.957092e-10,1.754432e-10,5.032427e-10,9.831495e-08,7.385724e-10
23.583984,5.141187e-09,3.751209e-08,1.516991e-07,5.878297e-07,7.491987e-10,3.211290e-08,2.191352e-08,2.367351e-08,7.326570e-08,2.920803e-07,7.009589e-08,1.143138e-07,8.093485e-08,2.089947e-08,7.511361e-08,5.072103e-08,3.819048e-11,5.252951e-08,1.123112e-09,7.405981e-09,1.272333e-10,1.896134e-10,7.349058e-10,2.560154e-08,6.759647e-10
23.632812,3.995008e-09,2.371350e-08,2.755665e-07,6.807138e-07,8.348768e-10,3.907808e-08,2.259240e-08,2.736770e-08,3.786685e-08,2.956950e-07,5.740924e-08,8.776109e-08,7.474696e-08,6.463151e-08,1.015896e-07,4.115604e-08,3.568877e-11,4.472686e-08,1.159597e-09,7.343644e-09,3.899237e-10,1.673772e-10,4.303535e-10,6.224147e-08,1.019630e-09
23.681641,2.877822e-09,1.047275e-08,3.876743e-07,8.425425e-07,9.042279e-10,4.272569e-08,1.915356e-08,4.692020e-08,3.007516e-08,2.468120e-07,2.920261e-08,4.240221e-08,5.751031e-08,9.780061e-08,1.216866e-07,3.753614e-08,2.838736e-11,2.916106e-08,7.047725e-10,8.001026e-09,3.304317e-10,6.106265e-11,2.422942e-10,5.497441e-08,5.664898e-10
23.730469,1.604131e-09,8.639449e-09,4.230892e-07,9.133836e-07,9.407674e-10,4.644452e-08,1.305308e-08,6.290911e-08,4.436334e-08,1.614699e-07,9.278037e-09,2.925412e-08,4.066558e-08,7.573592e-08,1.397829e-07,3.817395e-08,1.313415e-11,2.057813e-08,3.843286e-10,7.609865e-09,6.092271e-10,9.856833e-11,5.527293e-10,1.023449e-07,5.134458e-10
23.779297,5.132368e-10,1.374115e-08,3.570112e-07,8.199227e-07,9.168712e-10,4.875478e-08,9.134205e-09,6.493898e-08,3.598572e-08,9.867420e-08,3.361584e-08,8.503554e-08,4.192851e-08,6.200937e-08,1.173626e-07,5.942879e-08,7.305113e-11,3.773057e-08,4.221791e-10,1.412447e-08,5.668516e-10,4.851570e-11,3.830717e-10,1.207285e-07,1.303268e-09
23.828125,3.304609e-09,1.487447e-08,2.229404e-07,5.999107e-07,8.458169e-10,4.810588e-08,7.995674e-09,5.375024e-08,2.685797e-08,8.328058e-08,4.336078e-08,8.364463e-08,4.279214e-08,8.042996e-08,6.209087e-08,6.254856e-08,1.572708e-10,4.867464e-08,3.078447e-10,1.064089e-08,7.795495e-10,1.050208e-10,1.889990e-10,1.083880e-07,1.530710e-09
23.876953,6.752884e-09,1.308534e-08,2.011144e-07,3.601107e-07,8.421493e-10,4.479355e-08,7.211586e-09,3.702449e-08,2.465733e-08,7.273224e-08,5.356610e-08,3.008882e-08,3.908487e-08,5.620824e-08,1.518348e-08,4.190198e-08,1.933665e-10,7.429521e-08,8.876572e-10,1.056651e-08,7.216704e-10,1.230394e-10,1.438877e-10,6.101594e-08,2.878638e-10
23.925781,1.004056e-08,1.202209e-08,3.510773e-07,2.000985e-07,9.796695e-10,3.765033e-08,7.772120e-09,2.198733e-08,1.009482e-08,1.061545e-07,6.482856e-08,2.541489e-08,5.154286e-08,2.521027e-08,2.380907e-08,3.853917e-08,1.433676e-10,7.422811e-08,9.502345e-10,9.449615e-09,5.322607e-10,1.294112e-10,2.606145e-10,4.970267e-08,2.721702e-10
23.974609,1.239395e-08,1.320193e-08,4.672007e-07,1.141261e-07,1.134647e-09,2.539337e-08,8.374150e-09,1.295398e-08,1.368230e-08,2.037239e-07,6.609967e-08,5.143623e-08,5.266147e-08,2.914711e-08,9.908683e-09,3.712507e-08,9.050350e-11,5.544857e-08,5.706898e-10,2.849468e-09,4.307580e-10,1.040341e-10,5.191388e-11,5.041067e-08,5.598239e-10
24.023438,1.331786e-08,1.437930e-08,4.894069e-07,2.666191e-08,1.155331e-09,1.281843e-08,1.065743e-08,1.457877e-08,3.587122e-08,2.842208e-07,5.419129e-08,7.006250e-08,4.320742e-08,4.011537e-08,3.875506e-08,1.963699e-08,8.732508e-11,2.195119e-08,2.219666e-10,4.689187e-09,4.446848e-10,7.605455e-11,3.599152e-10,4.474071e-08,9.239131e-10
24.072266,1.274322e-08,1.388139e-08,4.398433e-07,7.443831e-08,1.008108e-09,1.102577e-08,1.635002e-08,2.746473e-08,5.150777e-08,3.129105e-07,3.299961e-08,8.277354e-08,3.178982e-08,4.890005e-08,4.543790e-08,1.818648e-08,2.694195e-11,1.174488e-08,7.544158e-10,8.499938e-09,3.794899e-10,5.263779e-11,3.995444e-10,1.380819e-07,8.604228e-10
24.121094,1.095243e-08,1.257418e-08,3.866710e-07,1.513065e-07,7.742338e-10,9.850128e-09,2.148690e-08,4.589284e-08,5.282498e-08,2.857428e-07,1.700820e-08,8.261228e-08,1.777933e-08,5.840586e-08,3.484719e-08,1.500005e-08,5.359651e-11,2.631697e-08,1.188312e-09,1.058238e-08,1.060923e-10,6.331748e-11,3.007544e-10,1.062490e-07,7.715833e-10
24.169922,8.463663e-09,1.443205e-08,3.710920e-07,2.000200e-07,5.910456e-10,3.426263e-09,2.339043e-08,5.970567e-08,4.231569e-08,2.093133e-07,5.941500e-09,7.201953e-08,3.804706e-08,4.586833e-08,6.510547e-08,3.459167e-08,1.148779e-10,2.909746e-08,1.203635e-09,8.585313e-09,3.118148e-11,2.223594e-11,1.809015e-10,1.061007e-07,7.502314e-10
24.218750,6.234609e-09,2.079153e-08,3.524774e-07,2.408362e-07,4.904224e-10,1.975362e-08,2.150479e-08,5.933053e-08,4.479931e-08,1.437663e-07,2.503177e-08,7.202414e-08,5.643479e-08,5.153184e-08,8.084872e-08,6.120309e-08,1.444139e-10,2.210846e-08,3.114661e-10,5.221399e-09,1.698280e-10,1.022077e-10,5.591364e-10,1.646787e-07,1.167635e-09
24.267578,6.106996e-09,2.742303e-08,2.912580e-07,3.012257e-07,3.891190e-10,4.234235e-08,1.562626e-08,4.677138e-08,5.586689e-08,1.221486e-07,4.130774e-08,8.882989e-08,6.789535e-08,3.711312e-08,4.384103e-08,6.826792e-08,2.870633e-11,1.902217e-08,8.050429e-10,2.835517e-09,5.137310e-10,4.111465e-11,5.469711e-10,6.804248e-08,1.250990e-09
24.316406,8.399811e-09,3.021905e-08,2.251421e-07,3.860346e-07,2.564576e-10,6.482621e-08,6.589464e-09,3.884204e-08,5.307888e-08,5.959202e-08,3.639795e-08,8.309590e-08,4.898817e-08,2.667193e-08,2.710714e-08,6.281687e-08,4.137729e-11,1.808237e-08,9.143391e-10,9.762604e-09,1.631309e-10,5.532675e-11,4.161661e-10,1.219515e-07,3.819772e-10
24.365234,1.128044e-08,2.706571e-08,2.438745e-07,4.611205e-07,1.652160e-10,7.863981e-08,4.552207e-09,4.053388e-08,3.845064e-08,7.440019e-08,2.061787e-08,4.496711e-08,1.041644e-08,3.239586e-08,2.239260e-08,7.511204e-08,9.938373e-11,1.863294e-08,7.503778e-10,6.028307e-09,5.297532e-10,7.598750e-11,2.002992e-10,1.125263e-07,5.082500e-10
24.414062,1.374752e-08,1.856578e-08,3.079407e-07,4.750183e-07,1.648327e-10,7.541998e-08,1.217868e-08,3.763524e-08,2.613931e-08,1.791646e-07,1.215612e-08,9.527413e-09,2.783422e-08,3.733348e-08,8.850512e-09,8.492807e-08,9.711996e-11,1.088873e-08,8.996635e-10,2.710180e-09,4.421510e-10,1.148976e-10,1.582380e-10,8.335827e-08,1.131500e-10
24.462891,1.563933e-08,9.936550e-09,3.253339e-07,3.962351e-07,1.969353e-10,5.595947e-08,1.747667e-08,2.836123e-08,2.613939e-08,2.478852e-07,1.254419e-08,2.969522e-08,4.561746e-08,4.074773e-08,1.179663e-08,6.730158e-08,4.857148e-11,6.725924e-09,5.156691e-10,1.480171e-09,3.264630e-10,9.633202e-11,1.489213e-10,1.210055e-07,2.155347e-10
24.511719,1.710815e-08,1.433334e-08,2.683005e-07,2.427866e-07,2.251272e-10,3.872949e-08,2.054781e-08,1.829299e-08,2.300348e-08,2.833198e-07,2.070181e-08,5.134922e-08,4.584383e-08,2.941879e-08,3.672307e-08,4.265058e-08,1.297377e-10,1.423274e-08,1.664678e-09,6.296732e-09,3.956506e-10,2.506172e-11,1.226616e-10,1.332128e-07,9.446954e-10
24.560547,1.819802e-08,2.408115e-08,1.516995e-07,1.671065e-07,2.298045e-10,4.532002e-08,2.042591e-08,1.479227e-08,9.090115e-09,2.893189e-07,3.711290e-08,8.634689e-08,3.188466e-08,2.367438e-08,4.254519e-08,5.231373e-08,1.510900e-10,8.725777e-09,1.167841e-09,2.126330e-09,3.803097e-10,4.307127e-11,1.698278e-10,6.176247e-08,9.813409e-10
24.609375,1.871875e-08,3.199252e-08,2.291146e-08,3.331954e-07,1.944647e-10,5.504318e-08,1.626791e-08,1.907226e-08,1.470959e-08,2.509978e-07,5.826375e-08,9.314452e-08,1.674447e-08,3.452567e-08,2.751959e-08,8.372250e-08,2.124008e-10,1.597853e-08,6.203266e-10,4.363971e-09,3.982725e-10,4.700070e-11,2.603549e-10,2.581921e-08,1.501108e-10
24.658203,1.845650e-08,3.760035e-08,1.393459e-07,5.175947e-07,1.866300e-10,5.629241e-08,9.491914e-09,1.981434e-08,1.893191e-08,1.583926e-07,7.995246e-08,7.873275e-08,2.142774e-08,4.593552e-08,4.885237e-08,7.243072e-08,2.165626e-10,1.783289e-08,1.362099e-09,3.511527e-09,4.308133e-10,7.100441e-11,2.956272e-10,8.152747e-08,7.549565e-10
24.707031,1.736158e-08,4.089236e-08,2.535101e-07,6.406821e-07,3.271113e-10,5.448697e-08,2.611306e-09,1.504688e-08,1.437825e-08,8.134935e-08,8.704881e-08,5.791470e-08,4.277039e-08,2.839734e-08,7.119244e-08,6.164837e-08,1.413116e-10,3.885760e-08,1.164576e-09,4.199494e-09,3.560822e-10,8.259466e-11,3.174335e-10,1.584353e-07,7.566668e-10
24.755859,1.551179e-08,4.125940e-08,3.260820e-07,6.897041e-07,5.468465e-10,5.141793e-08,3.835470e-09,2.010100e-08,1.686057e-08,1.291429e-07,6.584937e-08,2.454500e-08,5.615006e-08,9.145533e-09,5.322371e-08,4.030270e-08,1.326236e-10,2.945619e-08,6.514298e-10,3.347571e-09,2.354024e-10,5.342679e-11,4.329681e-10,1.222822e-07,7.360724e-10
24.804688,1.297071e-08,3.867223e-08,3.495591e-07,6.960818e-07,7.549943e-10,4.426315e-08,9.886302e-09,3.315832e-08,2.121785e-08,1.676404e-07,3.246874e-08,1.479658e-08,5.480390e-08,2.182999e-08,2.027332e-08,2.166592e-08,1.205324e-10,1.057935e-08,7.430494e-10,1.914316e-09,1.569980e-10,2.905363e-11,2.719757e-10,1.633041e-07,9.220990e-10
24.853516,9.798675e-09,3.505322e-08,3.276135e-07,7.286436e-07,8.730721e-10,3.557935e-08,1.524151e-08,3.819249e-08,2.646169e-08,1.717818e-07,2.701177e-08,2.876795e-08,5.775847e-08,2.975592e-08,1.185925e-08,5.216888e-08,1.091573e-10,6.001286e-09,1.092796e-09,1.843240e-09,4.723036e-10,2.112398e-11,1.310975e-10,1.616853e-07,1.076069e-09
24.902344,6.215586e-09,3.357655e-08,2.745719e-07,8.282675e-07,8.680775e-10,2.888018e-08,1.837359e-08,3.558508e-08,2.063572e-08,1.385198e-07,2.784873e-08,2.069121e-08,5.885256e-08,3.598739e-08,1.966820e-08,3.895457e-08,6.602297e-11,2.490074e-08,8.466014e-10,1.593075e-09,4.635929e-10,5.510631e-11,4.085882e-11,1.191305e-07,5.919490e-10
24.951172,2.821200e-09,3.507719e-08,2.056273e-07,9.522077e-07,7.622973e-10,2.111304e-08,1.860678e-08,3.521455e-08,9.235875e-09,8.396975e-08,2.365289e-08,3.052004e-08,5.926491e-08,3.396321e-08,5.545606e-08,1.782191e-08,5.561105e-11,3.887574e-08,6.796423e-10,3.161648e-09,2.379887e-10,7.401325e-11,6.882933e-11,1.152582e-07,6.182828e-10
25.000000,2.145607e-09,3.694718e-08,1.275161e-07,1.025644e-06,6.242173e-10,1.386414e-08,1.699233e-08,3.468001e-08,2.684764e-08,7.246082e-08,3.045655e-08,7.943165e-08,5.112618e-08,3.164412e-08,9.503192e-08,2.497312e-08,8.242838e-11,2.662578e-08,9.245779e-10,4.620427e-09,2.901881e-10,9.244160e-11,1.264675e-10,1.445494e-07,4.314844e-10
25.048828,4.444425e-09,3.668067e-08,7.875540e-08,9.992357e-07,5.130790e-10,1.728512e-08,1.559707e-08,2.999431e-08,3.578456e-08,9.013394e-08,4.430568e-08,9.050661e-08,2.674137e-08,2.782118e-08,1.126183e-07,2.311519e-08,9.264644e-11,1.554444e-08,1.041866e-09,2.088457e-09,3.800730e-10,9.523477e-11,2.897076e-10,1.860731e-07,6.636462e-10
25.097656,6.613948e-09,3.374667e-08,1.582701e-07,8.664792e-07,4.315501e-10,2.287393e-08,1.518566e-08,2.902117e-08,3.718027e-08,1.109939e-07,4.597245e-08,7.895590e-08,1.772185e-08,1.938530e-08,9.428087e-08,2.642079e-08,9.732254e-11,1.409116e-08,5.162653e-10,3.069068e-09,5.496269e-10,7.694778e-11,2.914971e-10,8.747319e-08,5.111859e-10
25.146484,8.222007e-09,2.904711e-08,2.647741e-07,6.700777e-07,3.942944e-10,2.646054e-08,1.473486e-08,3.965822e-08,3.297832e-08,1.212390e-07,3.302424e-08,5.127884e-08,1.252490e-08,2.835105e-08,5.857956e-08,3.505843e-08,8.717405e-11,3.005172e-09,8.215623e-10,3.573127e-09,1.941980e-10,7.645556e-11,4.619686e-11,2.209451e-08,5.498439e-10
25.195312,8.854433e-09,2.412492e-08,3.308022e-07,5.086926e-07,4.498394e-10,3.149101e-08,1.367876e-08,5.637970e-08,2.406048e-08,1.332013e-07,2.556505e-08,3.861243e-08,2.546555e-08,3.856656e-08,6.890658e-08,2.528471e-08,1.011601e-10,2.464302e-09,9.693857e-10,6.605296e-09,3.031636e-10,3.072491e-11,2.125221e-10,1.197066e-07,8.335277e-10
25.244141,8.018248e-09,2.084270e-08,3.283654e-07,4.852898e-07,5.668369e-10,3.484939e-08,1.236173e-08,6.545481e-08,2.404148e-08,1.570705e-07,3.026613e-08,5.513725e-08,3.882256e-08,4.435994e-08,6.662033e-08,1.071385e-08,1.400206e-10,6.703890e-09,5.964341e-10,3.479584e-09,4.528663e-10,2.939200e-11,2.525447e-10,8.405969e-08,6.098601e-11
25.292969,5.521430e-09,2.074069e-08,2.565465e-07,5.440170e-07,6.724998e-10,3.158941e-08,1.123955e-08,6.223319e-08,2.475857e-08,1.392167e-07,3.834834e-08,4.305707e-08,3.783881e-08,6.252736e-08,3.542513e-08,2.307832e-08,1.543262e-10,2.112706e-08,9.505550e-10,4.294946e-10,1.980455e-10,6.003281e-11,2.133252e-10,9.874910e-08,8.149677e-10
25.341797,1.856128e-09,2.333262e-08,1.368831e-07,5.672765e-07,7.392705e-10,2.367177e-08,1.085808e-08,5.914362e-08,3.224325e-08,6.068022e-08,4.651566e-08,1.990303e-08,2.243865e-08,5.489798e-08,5.035804e-08,1.312273e-08,1.175768e-10,4.045501e-08,3.972879e-10,4.356084e-09,3.443701e-10,5.580991e-11,5.157866e-11,1.554181e-07,6.204397e-10
25.390625,3.017784e-09,2.642225e-08,9.793503e-09,5.221414e-07,7.511977e-10,2.037691e-08,1.192059e-08,6.731229e-08,3.609105e-08,4.109902e-08,5.553825e-08,2.414755e-09,9.533381e-09,3.031336e-08,5.589534e-08,8.574493e-09,8.353203e-11,3.137402e-08,6.795962e-10,5.280021e-09,1.398575e-10,4.388218e-11,7.224243e-11,1.018066e-07,4.614499e-11
25.439453,6.904396e-09,2.799593e-08,1.419503e-07,4.379724e-07,7.030636e-10,2.362576e-08,1.413869e-08,7.535420e-08,1.890245e-08,1.149704e-07,5.789419e-08,3.186919e-08,1.931055e-08,4.915142e-08,5.306023e-08,2.132411e-08,9.315224e-11,3.399836e-09,9.813687e-10,2.692455e-09,1.874424e-10,9.342504e-11,7.370160e-11,5.533939e-08,3.751523e-10
25.488281,9.704257e-09,2.684216e-08,2.709068e-07,3.640312e-07,5.977511e-10,2.377109e-08,1.548157e-08,7.031552e-08,1.036684e-08,1.321632e-07,4.555845e-08,5.756873e-08,3.112565e-08,5.787227e-08,4.623682e-08,1.359292e-08,8.716203e-11,2.102715e-08,1.248898e-09,1.040855e-09,3.679894e-10,8.367641e-11,2.354198e-11,8.540683e-08,5.859595e-10
25.537109,1.109109e-08,2.264241e-08,3.783949e-07,3.316351e-07,4.733890e-10,1.910009e-08,1.378582e-08,5.168597e-08,2.314169e-08,9.692550e-08,3.452793e-08,6.316367e-08,3.701557e-08,5.543267e-08,6.196451e-08,8.910338e-09,5.494271e-11,8.345281e-09,1.504841e-09,2.986478e-09,5.725540e-10,7.163923e-11,3.221523e-11,6.971224e-08,2.168403e-10
25.585938,1.122623e-08,1.611235e-08,4.448757e-07,3.399570e-07,3.761529e-10,2.257921e-08,9.249400e-09,2.812830e-08,1.848469e-08,4.742912e-08,3.604155e-08,6.165571e-08,4.073035e-08,4.851548e-08,6.818124e-08,1.653120e-08,5.289793e-11,1.552038e-08,7.091095e-10,3.407192e-09,2.305139e-10,8.851385e-11,7.338457e-11,6.389671e-08,1.160230e-10
25.634766,1.042978e-08,9.341601e-09,4.550488e-07,3.694240e-07,3.326312e-10,3.658082e-08,8.205524e-09,1.590719e-08,1.540092e-08,3.286646e-08,3.177355e-08,5.236322e-08,4.170716e-08,4.594481e-08,3.506428e-08,3.787176e-08,2.232262e-11,1.516782e-08,6.939077e-10,2.792481e-09,1.663473e-10,5.493934e-11,1.334178e-10,2.707590e-08,3.781967e-10
25.683594,8.907287e-09,7.169110e-09,4.132544e-07,3.833073e-07,3.392035e-10,4.618288e-08,1.396050e-08,2.865712e-08,1.755259e-08,4.223706e-08,2.063944e-08,3.558910e-08,3.338933e-08,5.173124e-08,1.416449e-08,4.478313e-08,6.753741e-11,1.806962e-08,3.577113e-10,1.720364e-09,1.615062e-10,4.455975e-11,1.487177e-10,1.729129e-08,6.048284e-10
25.732422,6.743813e-09,1.064154e-08,3.438981e-07,3.406951e-07,3.811627e-10,4.410718e-08,1.902559e-08,4.216262e-08,2.483137e-08,5.059993e-08,6.239240e-09,2.717867e-08,2.861892e-08,4.966258e-08,4.175712e-08,2.877764e-08,6.976717e-11,1.275520e-08,2.351151e-10,5.169286e-09,2.469883e-10,1.495152e-12,1.138086e-10,1.049897e-07,7.709009e-10
25.781250,4.108141e-09,1.456190e-08,2.700362e-07,2.379807e-07,4.455947e-10,3.165149e-08,2.099086e-08,4.844209e-08,3.124625e-08,3.851948e-08,1.044387e-08,1.532572e-08,2.554319e-08,3.860257e-08,2.272614e-08,6.990261e-09,5.004267e-11,7.995874e-09,5.413218e-10,6.513024e-09,3.624745e-10,6.848714e-11,1.251335e-10,1.115154e-07,4.150090e-10
25.830078,1.349806e-09,1.836454e-08,1.902483e-07,1.889162e-07,5.233991e-10,1.664508e-08,2.035420e-08,4.043855e-08,2.890366e-08,1.766667e-08,2.285430e-08,2.418205e-08,3.213426e-08,4.074911e-08,2.398994e-08,1.201099e-08,7.729678e-11,8.426136e-09,1.013725e-09,7.718583e-09,2.392221e-10,8.524502e-11,2.408093e-10,2.804294e-08,2.527994e-10
25.878906,1.184209e-09,2.250846e-08,9.392470e-08,3.055696e-07,5.933954e-10,9.569162e-09,1.863903e-08,2.201837e-08,2.627619e-08,8.421539e-08,2.655783e-08,2.687739e-08,4.234164e-08,4.061042e-08,5.211745e-08,7.144970e-09,6.475353e-11,1.729656e-08,8.858339e-10,9.077255e-09,1.872973e-10,2.599351e-11,1.879822e-10,1.148668e-07,5.029222e-10
25.927734,3.208660e-09,2.628813e-08,6.060960e-08,4.261849e-07,6.350519e-10,1.184459e-08,1.698209e-08,3.700261e-08,2.195329e-08,1.782830e-07,2.588151e-08,1.747752e-08,3.835400e-08,3.971803e-08,8.704806e-08,1.466348e-08,3.086199e-11,1.831126e-08,3.845547e-10,8.279013e-09,2.447124e-10,2.114308e-11,2.269152e-10,9.799236e-08,2.492233e-10
25.976562,4.731903e-09,2.832520e-08,1.554512e-07,4.937354e-07,6.397542e-10,2.021416e-08,1.535105e-08,5.777918e-08,1.232778e-08,2.451601e-07,2.731329e-08,1.830153e-08,2.639860e-08,4.322325e-08,9.447157e-08,4.434761e-08,3.056813e-11,1.208934e-08,4.909699e-10,4.207323e-09,1.268642e-10,1.025429e-10,1.224044e-10,2.430753e-07,2.151850e-10
26.025391,5.740442e-09,2.771003e-08,2.183976e-07,5.658254e-07,6.342467e-10,3.273381e-08,1.346177e-08,6.358579e-08,1.593630e-08,2.391588e-07,2.965742e-08,4.212245e-08,1.517102e-08,3.979152e-08,8.107260e-08,7.120199e-08,6.188991e-11,1.661229e-08,5.984402e-10,6.297483e-09,7.805624e-11,1.028411e-10,1.920321e-10,2.214341e-07,4.949367e-10
26.074219,6.108601e-09,2.451101e-08,2.190178e-07,6.951307e-07,6.341372e-10,4.192846e-08,1.203702e-08,6.055512e-08,2.342287e-08,1.813986e-07,2.664056e-08,4.406240e-08,2.049028e-08,3.438055e-08,6.203218e-08,6.627134e-08,3.021430e-11,6.712166e-09,2.319553e-10,5.520343e-09,1.381018e-10,4.307298e-11,9.718569e-11,3.525738e-08,6.302742e-10
26.123047,5.708592e-09,1.958086e-08,1.604324e-07,8.267106e-07,6.305324e-10,4.253166e-08,1.236117e-08,4.776507e-08,2.558501e-08,1.479094e-07,2.345749e-08,4.347623e-08,2.294978e-08,3.782462e-08,5.257286e-08,4.955904e-08,5.677050e-11,9.498376e-09,1.973488e-10,5.111536e-09,1.738643e-10,4.645995e-11,3.639548e-11,7.350848e-08,4.536104e-10
26.171875,4.647450e-09,1.397673e-08,6.911116e-08,8.777622e-07,5.971869e-10,3.493946e-08,1.449684e-08,2.503065e-08,2.723966e-08,1.337585e-07,3.397295e-08,4.035293e-08,1.531197e-08,3.627893e-08,6.172505e-08,3.091499e-08,6.241512e-11,1.742120e-08,2.251344e-10,5.702566e-09,2.258593e-10,1.605258e-11,2.376913e-11,1.011033e-07,5.733551e-11
26.220703,3.393935e-09,8.424587e-09,4.814505e-08,8.239117e-07,5.337862e-10,2.437054e-08,1.676326e-08,8.113099e-09,3.438007e-08,1.016350e-07,4.315739e-08,2.046938e-08,7.414034e-09,1.602172e-08,6.825609e-08,4.089278e-08,1.301776e-11,1.024926e-08,2.164292e-10,6.223355e-09,1.664972e-10,1.814257e-11,9.114957e-11,1.056238e-07,1.286849e-10
26.269531,2.692741e-09,3.147192e-09,1.160450e-07,6.997880e-07,4.723595e-10,1.714847e-08,1.695802e-08,1.149455e-08,4.375276e-08,1.049356e-07,3.944264e-08,4.666670e-09,5.261440e-09,1.198273e-08,5.061105e-08,3.866940e-08,3.352606e-11,1.121753e-08,4.569607e-10,6.380282e-09,5.301100e-11,2.831056e-11,2.782195e-10,7.438084e-08,2.704422e-10
26.318359,2.902061e-09,2.108584e-09,1.519338e-07,5.442976e-07,4.324479e-10,1.701479e-08,1.406369e-08,1.350556e-08,4.885081e-08,1.417716e-07,2.635316e-08,4.340071e-09,1.551523e-08,1.074220e-08,1.140036e-08,6.112276e-08,4.391124e-11,1.959557e-08,2.024539e-10,2.863758e-09,1.359482e-10,4.200084e-11,2.537373e-10,1.075838e-07,3.064044e-10
26.367188,3.648150e-09,6.747976e-09,1.618194e-07,3.556854e-07,4.030816e-10,2.215105e-08,9.946119e-09,1.673273e-08,4.910831e-08,1.605913e-07,2.637728e-08,2.958402e-08,1.855487e-08,6.563876e-09,2.021532e-08,7.473207e-08,4.185677e-11,2.902852e-08,4.964644e-10,1.866913e-09,1.256027e-10,1.642453e-11,5.650254e-11,1.136234e-07,2.426557e-10
26.416016,4.630663e-09,1.066862e-08,1.857095e-07,1.542420e-07,3.529177e-10,3.004716e-08,9.279002e-09,2.527053e-08,4.454318e-08,1.751891e-07,4.287192e-08,4.922534e-08,1.161890e-08,2.003554e-08,2.239375e-08,5.659277e-08,6.872632e-11,3.287733e-08,8.282627e-10,2.566608e-09,1.387507e-10,1.383693e-11,2.849138e-11,7.756674e-08,1.492790e-10
26.464844,5.533345e-09,1.340842e-08,2.518986e-07,2.512593e-07,2.722645e-10,3.985188e-08,1.126711e-08,3.113908e-08,3.681787e-08,2.206914e-07,5.204255e-08,4.469161e-08,2.010702e-08,2.125067e-08,3.292660e-08,5.335688e-08,4.861123e-11,2.179035e-08,8.945805e-10,5.426901e-09,1.083207e-10,4.441945e-11,1.233296e-10,2.728216e-08,2.361436e-10
26.513672,5.896744e-09,1.477747e-08,3.380492e-07,4.664406e-07,1.861645e-10,4.724878e-08,1.174732e-08,3.516262e-08,3.861538e-08,2.749729e-07,5.179863e-08,3.322168e-08,1.581084e-08,1.099028e-08,1.973334e-08,7.110126e-08,5.714532e-11,2.787067e-08,6.750412e-10,5.443015e-09,1.125452e-10,4.000528e-11,1.263916e-10,5.648920e-08,2.702404e-10
26.562500,5.453190e-09,1.490511e-08,4.143300e-07,5.700638e-07,1.361246e-10,4.640435e-08,1.076928e-08,4.539721e-08,4.477213e-08,2.918225e-07,4.579139e-08,4.342521e-08,3.137583e-09,1.346170e-08,1.037845e-08,7.679880e-08,3.748857e-11,4.163162e-08,3.047224e-10,6.472377e-09,8.479622e-11,3.162302e-11,1.261292e-10,6.440545e-08,7.850153e-11
26.611328,4.400058e-09,1.409508e-08,4.689630e-07,5.262574e-07,1.339115e-10,3.824139e-08,9.996891e-09,4.778240e-08,3.744855e-08,2.532073e-07,3.301654e-08,4.703098e-08,1.026802e-08,1.110822e-08,2.345883e-08,6.539003e-08,2.231242e-11,2.661644e-08,8.635252e-10,4.327721e-09,7.363078e-11,1.804598e-11,1.460161e-10,7.299538e-08,2.718203e-10
26.660156,3.435806e-09,1.261979e-08,5.078943e-07,3.935823e-07,1.533946e-10,3.363939e-08,9.439829e-09,3.339803e-08,2.071867e-08,1.828240e-07,2.090116e-08,3.477545e-08,2.288602e-08,9.318682e-09,4.516230e-08,3.641483e-08,5.881673e-12,2.717643e-09,1.382756e-09,2.568522e-09,9.564896e-11,1.674107e-11,2.389758e-10,3.148975e-08,2.374483e-10
26.708984,3.141539e-09,1.068813e-08,5.457456e-07,3.139988e-07,1.827393e-10,3.675505e-08,9.211774e-09,1.201491e-08,1.356438e-08,1.352901e-07,1.638262e-08,2.766394e-08,2.035985e-08,2.296789e-08,7.559920e-08,3.016264e-08,2.460435e-11,1.576902e-08,1.214934e-09,2.428312e-09,8.718778e-11,2.868160e-11,2.140926e-10,4.947748e-08,9.782592e-11
26.757812,2.948129e-09,8.624510e-09,5.915230e-07,3.510911e-07,2.077587e-10,3.808524e-08,1.137816e-08,5.841690e-09,6.908273e-09,1.448196e-07,8.953844e-09,2.205170e-08,6.529010e-09,5.359419e-08,8.076119e-08,5.025183e-08,3.986117e-11,1.993984e-08,4.452841e-10,2.693342e-09,9.641972e-11,3.952885e-11,2.324299e-10,7.687551e-08,2.944307e-10
26.806641,2.102900e-09,7.001824e-09,6.374523e-07,4.002715e-07,2.045380e-10,3.603871e-08,1.487884e-08,1.712679e-08,8.344994e-09,1.801989e-07,1.033764e-09,6.240533e-09,1.450379e-08,6.267469e-08,4.409150e-08,6.652270e-08,4.544563e-11,6.333647e-09,3.323258e-10,5.225653e-09,1.655700e-10,1.887310e-11,2.088999e-10,5.664558e-08,6.749057e-10
26.855469,1.197120e-09,6.484994e-09,6.632527e-07,4.551281e-07,1.752321e-10,3.326419e-08,1.661437e-08,2.373408e-08,1.915034e-08,2.027575e-07,1.829269e-09,2.304152e-08,2.587512e-08,4.343753e-08,1.074161e-08,5.696751e-08,5.171991e-11,1.485164e-08,3.416424e-10,2.617054e-09,1.735818e-10,2.054925e-11,1.018834e-10,7.095812e-08,4.775987e-10
26.904297,2.802585e-09,7.576082e-09,6.547860e-07,5.651821e-07,1.670199e-10,2.676193e-08,1.533229e-08,2.574938e-08,2.216684e-08,1.950267e-07,1.121308e-08,4.398323e-08,2.339681e-08,4.573137e-08,2.075086e-08,2.140984e-08,6.616103e-11,2.240228e-08,4.277336e-10,2.039133e-09,1.653533e-10,2.127363e-11,7.463997e-11,7.145050e-08,7.630558e-11
26.953125,5.033722e-09,1.040922e-08,6.197531e-07,6.887204e-07,2.234963e-10,1.440551e-08,1.168759e-08,2.614114e-08,2.702567e-08,1.683211e-07,2.086647e-08,5.926350e-08,1.436067e-08,5.564378e-08,2.951023e-09,4.510198e-09,5.239500e-11,2.560888e-08,6.854906e-10,3.794703e-09,1.258451e-10,4.129248e-11,1.245911e-10,5.709254e-08,1.830961e-10
27.001953,6.753235e-09,1.442850e-08,5.791083e-07,7.421764e-07,3.068074e-10,3.401355e-09,7.076714e-09,2.328526e-08,3.077749e-08,1.757044e-07,2.614029e-08,6.670507e-08,1.567587e-08,4.232300e-08,1.281543e-08,9.872109e-09,6.578746e-12,2.986758e-08,4.181297e-10,2.250714e-09,7.303234e-11,2.659654e-11,1.358314e-10,5.309311e-08,1.155227e-10
27.050781,7.555046e-09,1.852716e-08,5.334721e-07,6.835521e-07,3.844818e-10,1.043851e-08,3.098291e-09,1.828005e-08,2.654053e-08,2.136202e-07,2.911857e-08,5.295543e-08,2.564871e-08,2.562779e-08,3.105645e-08,2.413334e-08,1.243719e-11,2.878016e-08,3.185367e-10,3.174027e-09,1.737839e-10,4.648075e-11,8.339710e-11,1.000226e-07,2.316554e-10
27.099609,7.332346e-09,2.156997e-08,4.543553e-07,5.298370e-07,4.323473e-10,1.386256e-08,3.281094e-09,1.789111e-08,1.801149e-08,1.928856e-07,3.061350e-08,3.685479e-08,2.634253e-08,2.356861e-08,3.049311e-08,4.411724e-08,3.605870e-11,1.379952e-08,5.134550e-10,1.697816e-09,2.094836e-10,4.663987e-11,1.392215e-10,5.791507e-08,2.299109e-10
27.148438,6.215240e-09,2.287500e-08,3.284451e-07,3.622951e-07,4.375088e-10,1.817754e-08,5.157538e-09,2.355790e-08,9.698797e-09,9.661692e-08,3.255373e-08,2.805847e-08,1.041051e-08,3.052692e-08,1.747312e-08,6.142175e-08,5.617013e-11,1.601329e-08,3.286220e-10,3.506558e-09,5.011281e-11,1.947876e-11,1.754441e-10,3.035446e-08,8.345360e-11
27.197266,4.563975e-09,2.246800e-08,2.185597e-07,3.408782e-07,3.902822e-10,2.660433e-08,5.330230e-09,3.047498e-08,4.333466e-09,7.926638e-08,3.674028e-08,1.985890e-08,2.405500e-08,3.583203e-08,3.282051e-08,6.516384e-08,4.140250e-11,1.291404e-08,3.840300e-10,1.627242e-09,9.970011e-11,2.742914e-11,1.242003e-10,8.090317e-08,1.767010e-10
27.246094,3.063622e-09,2.094178e-08,2.559017e-07,4.631019e-07,3.039127e-10,3.418862e-08,4.429003e-09,3.217726e-08,8.783036e-09,1.364539e-07,3.591991e-08,2.646756e-08,2.417460e-08,3.503742e-08,4.011947e-08,3.555209e-08,3.501824e-11,6.973145e-09,4.568657e-10,3.564708e-09,7.185676e-11,5.245171e-12,1.205540e-10,3.789672e-08,3.308255e-10
27.294922,2.732081e-09,1.905936e-08,3.593737e-07,5.514833e-07,2.075992e-10,3.856380e-08,6.630885e-09,2.906692e-08,1.408612e-08,1.472382e-07,2.626571e-08,2.775341e-08,7.757304e-09,2.854425e-08,4.725885e-08,3.996896e-08,3.182644e-11,7.014238e-09,3.606373e-10,4.128970e-09,1.173020e-11,2.459801e-11,2.774641e-11,6.476402e-08,2.656843e-10
27.343750,3.331274e-09,1.732121e-08,4.435051e-07,5.228309e-07,1.349006e-10,4.101478e-08,1.082243e-08,2.780830e-08,1.504570e-08,1.531250e-07,1.584922e-08,3.254440e-08,1.888398e-08,2.371441e-08,3.555602e-08,6.395299e-08,1.614394e-11,4.627706e-09,1.870546e-10,4.418661e-09,9.758338e-11,3.817375e-11,8.549936e-11,9.284215e-08,3.272563e-10
27.392578,3.727478e-09,1.588173e-08,5.336164e-07,3.834207e-07,1.070729e-10,4.245390e-08,1.314261e-08,3.135552e-08,1.202050e-08,1.441517e-07,1.848408e-08,4.141723e-08,3.690792e-08,1.224045e-08,1.760482e-08,6.003765e-08,2.383547e-11,1.430877e-08,2.445372e-10,2.726192e-09,1.908474e-10,3.511952e-11,5.376007e-11,5.837402e-08,3.120217e-10
27.441406,3.656171e-09,1.474063e-08,6.436696e-07,2.617128e-07,1.069319e-10,4.158280e-08,1.228836e-08,3.730993e-08,1.315633e-08,1.077255e-07,2.795896e-08,3.550842e-08,4.056884e-08,2.730818e-08,3.206518e-08,3.432379e-08,2.941703e-11,2.080637e-08,3.348458e-10,1.170486e-09,7.467863e-11,3.751605e-11,1.603115e-10,6.912630e-08,2.011410e-10
27.490234,3.518075e-09,1.383896e-08,7.247418e-07,3.389945e-07,1.136240e-10,3.715637e-08,9.536759e-09,3.954275e-08,1.770350e-08,7.630525e-08,3.618235e-08,2.600535e-08,2.792160e-08,3.945056e-08,2.159866e-08,2.922044e-08,1.021325e-11,1.778637e-08,2.497991e-10,1.044452e-09,1.202100e-10,2.533963e-11,1.215722e-10,8.508080e-08,1.120195e-10
27.539062,3.765989e-09,1.300155e-08,7.281125e-07,4.383076e-07,1.204779e-10,2.940449e-08,7.566805e-09,3.268879e-08,2.077790e-08,7.392360e-08,3.945781e-08,2.924070e-08,1.396157e-08,3.476248e-08,3.580909e-09,2.267860e-08,1.454244e-11,1.747041e-08,4.962753e-10,2.765688e-09,9.706771e-11,2.757051e-11,3.582598e-11,7.313222e-08,3.686130e-10
27.587891,4.227321e-09,1.195689e-08,6.655774e-07,4.302968e-07,1.302759e-10,1.946365e-08,7.541327e-09,1.845188e-08,2.389473e-08,9.934856e-08,3.497834e-08,2.697839e-08,1.070170e-08,3.038377e-08,3.620599e-08,6.591753e-09,1.135748e-11,1.907000e-08,8.265507e-10,3.409042e-09,1.831698e-10,1.229557e-11,3.803986e-11,7.858978e-08,2.721989e-10
27.636719,4.411370e-09,1.046776e-08,6.078260e-07,3.762606e-07,1.502872e-10,9.250119e-09,8.664182e-09,1.288471e-08,2.870812e-08,1.179855e-07,2.627538e-08,1.910773e-08,1.281280e-08,2.218398e-08,6.390268e-08,1.493730e-08,1.992422e-11,1.315498e-08,7.101833e-10,1.326423e-09,2.099847e-10,6.718932e-12,3.880943e-11,1.118641e-07,2.106829e-10
27.685547,4.096931e-09,8.501131e-09,6.008141e-07,4.373687e-07,1.826861e-10,3.015037e-09,1.012467e-08,2.256620e-08,3.082309e-08,1.175955e-07,2.312784e-08,1.972680e-08,1.618557e-08,1.189895e-08,6.380025e-08,2.094596e-08,1.970915e-11,1.336751e-08,5.384398e-10,1.277757e-09,1.823123e-10,1.338703e-11,3.127256e-11,6.531078e-08,2.216199e-10
27.734375,3.429701e-09,6.500915e-09,5.972271e-07,5.759135e-07,2.112742e-10,5.392901e-09,1.062178e-08,2.566250e-08,2.483794e-08,1.207036e-07,2.406515e-08,1.839687e-08,2.299135e-08,1.143085e-08,7.137665e-08,2.923971e-08,8.393298e-12,1.402020e-08,9.316518e-11,7.286848e-10,1.215594e-10,2.400755e-11,1.080997e-10,4.057337e-08,9.312052e-11
27.783203,2.795520e-09,5.908688e-09,5.394950e-07,6.483301e-07,2.113886e-10,7.871055e-09,9.246817e-09,2.168374e-08,1.702184e-08,1.324035e-07,2.298405e-08,2.329285e-08,2.545876e-08,1.242652e-08,6.971491e-08,3.644932e-08,2.477435e-11,2.144584e-08,3.800186e-10,2.034654e-09,8.814158e-11,7.151998e-12,7.509483e-11,7.367876e-08,2.637837e-10
27.832031,2.519039e-09,7.846312e-09,4.341546e-07,6.072788e-07,1.813508e-10,1.373966e-08,6.471283e-09,2.677095e-08,2.100344e-08,1.349665e-07,1.997863e-08,3.396920e-08,2.553452e-08,4.776658e-09,5.306667e-08,3.961160e-08,4.778912e-11,2.543627e-08,5.091830e-10,4.090889e-09,1.252736e-10,9.180552e-12,5.716032e-11,7.268523e-08,3.591341e-10
27.880859,2.515064e-09,1.094942e-08,3.391684e-07,4.845373e-07,1.322140e-10,2.296875e-08,3.989436e-09,4.017746e-08,2.535000e-08,1.211074e-07,1.805956e-08,3.799094e-08,2.264993e-08,1.721623e-08,4.169501e-08,2.244919e-08,5.861655e-11,2.707834e-08,3.470753e-10,5.006914e-09,1.372180e-10,1.304153e-11,2.590924e-11,6.129035e-08,2.707954e-10
27.929688,2.519856e-09,1.372722e-08,2.994868e-07,3.481258e-07,9.255935e-11,3.110893e-08,3.323413e-09,4.712505e-08,2.308866e-08,8.854198e-08,2.094111e-08,2.791424e-08,2.367651e-08,2.535360e-08,3.533806e-08,3.933437e-08,4.409330e-11,1.689784e-08,1.995374e-10,2.605045e-09,1.594581e-10,1.321567e-11,5.414973e-11,8.449259e-08,1.248306e-10
27.978516,2.463678e-09,1.525486e-08,2.914297e-07,2.650679e-07,9.031700e-11,3.346312e-08,3.354415e-09,4.529780e-08,1.641010e-08,6.183677e-08,2.333171e-08,2.622294e-08,2.690684e-08,3.004889e-08,2.193462e-08,3.557435e-08,1.006066e-11,1.454153e-08,9.379313e-11,2.015633e-09,1.242637e-10,6.590117e-12,8.133255e-11,9.111885e-08,1.656615e-10
28.027344,2.420010e-09,1.502685e-08,2.853997e-07,2.613456e-07,1.047709e-10,2.752630e-08,3.157849e-09,3.834777e-08,9.027297e-09,9.345429e-08,2.131736e-08,2.831371e-08,2.330299e-08,3.211417e-08,7.743552e-09,3.183085e-08,1.519368e-11,1.130852e-08,5.201481e-10,1.610684e-09,1.086448e-10,1.925122e-11,7.363009e-11,8.657047e-08,1.409268e-10
28.076172,2.409220e-09,1.304952e-08,2.898838e-07,3.015634e-07,1.148159e-10,1.549618e-08,3.020377e-09,2.921632e-08,3.789367e-09,1.138892e-07,1.639577e-08,1.022142e-08,1.722652e-08,3.760129e-08,3.279136e-08,1.722545e-08,2.465751e-11,1.076661e-08,6.089845e-10,1.460320e-09,2.607887e-10,2.238843e-11,3.010413e-11,7.535058e-08,5.564085e-11
28.125000,2.375920e-09,9.982437e-09,3.130027e-07,3.427141e-07,1.183298e-10,9.787732e-09,3.050910e-09,2.407003e-08,3.048757e-09,9.856339e-08,1.034604e-08,1.259200e-08,1.724387e-08,3.860000e-08,3.723502e-08,5.103120e-08,3.364614e-11,9.985759e-09,6.966252e-10,1.415977e-09,1.685232e-10,6.453140e-12,7.691027e-11,6.212909e-08,1.433097e-10
28.173828,2.280481e-09,7.229013e-09,3.401479e-07,3.555430e-07,1.151784e-10,1.678862e-08,3.290390e-09,2.575440e-08,8.083630e-09,8.261511e-08,9.923916e-09,2.128420e-08,1.439145e-08,2.038738e-08,2.192058e-08,3.151494e-08,4.130288e-11,5.945366e-10,2.711849e-10,2.535199e-09,8.951398e-11,2.740344e-11,1.185573e-10,2.504928e-08,1.930848e-10
28.222656,2.134719e-09,6.528756e-09,3.501004e-07,3.254207e-07,1.108009e-10,1.875941e-08,3.863594e-09,2.876233e-08,1.483245e-08,7.898127e-08,1.699343e-08,1.872550e-08,7.015904e-09,4.759380e-09,1.305338e-08,6.516981e-08,3.711541e-11,8.812584e-09,2.415451e-10,1.412634e-09,1.602546e-10,3.046304e-11,1.136827e-10,4.384246e-08,9.912155e-11
28.271484,1.964412e-09,7.558126e-09,3.274308e-07,2.844202e-07,1.039972e-10,1.642895e-08,4.561025e-09,3.120938e-08,2.334520e-08,7.875952e-08,2.002055e-08,1.763397e-08,3.414600e-09,1.261658e-08,2.828432e-08,5.058409e-08,3.401112e-11,1.647284e-08,1.938864e-10,3.692828e-09,1.141200e-10,2.479711e-11,8.750830e-11,3.494192e-08,1.297762e-10
28.320312,1.764407e-09,8.562582e-09,2.698497e-07,3.389688e-07,9.315780e-11,2.050187e-08,4.753857e-09,2.941959e-08,2.903161e-08,7.506589e-08,1.574619e-08,1.941886e-08,6.530571e-09,1.814804e-08,2.640813e-08,1.331988e-08,2.866285e-11,2.164003e-08,3.466750e-10,2.715350e-09,9.108787e-11,1.942036e-11,7.722662e-11,3.612482e-08,4.631720e-11
28.369141,1.508362e-09,8.853836e-09,1.983965e-07,4.984587e-07,8.476102e-11,2.842307e-08,4.344166e-09,2.189445e-08,2.779791e-08,7.607642e-08,7.073165e-09,1.718084e-08,1.196620e-08,2.081063e-08,3.896696e-08,1.465289e-08,2.305697e-11,9.451104e-09,4.469252e-10,2.058301e-09,1.483747e-10,1.554714e-11,1.330615e-10,4.452141e-08,1.089893e-10
28.417969,1.191145e-09,8.479753e-09,1.611067e-07,6.589048e-07,8.972482e-11,3.110751e-08,4.481268e-09,1.531613e-08,2.037351e-08,1.021042e-07,2.022009e-09,1.053735e-08,1.988271e-08,2.495662e-08,4.802704e-08,1.755126e-08,2.974649e-11,1.599302e-08,3.618285e-10,1.108358e-09,7.830821e-11,2.047097e-11,1.016972e-10,2.232281e-08,1.682631e-10
28.466797,8.322632e-10,7.739768e-09,1.839235e-07,7.550342e-07,1.040832e-10,2.697414e-08,5.362568e-09,1.839991e-08,1.302254e-08,1.453888e-07,6.411455e-09,7.230893e-09,2.004457e-08,2.539126e-08,3.348261e-08,3.252985e-08,3.160832e-11,2.175334e-08,1.035997e-10,2.557396e-09,1.177308e-10,1.857030e-11,6.275555e-11,5.000360e-08,1.537031e-10
28.515625,4.399482e-10,7.042047e-09,2.343856e-07,7.784565e-07,1.184397e-10,1.952150e-08,6.274009e-09,2.608558e-08,1.585255e-08,1.919243e-07,6.173887e-09,7.819337e-09,1.236081e-08,2.545432e-08,3.567678e-08,5.524634e-08,2.149150e-11,1.525769e-08,6.095820e-10,2.468755e-09,9.000645e-11,6.187777e-12,3.944478e-11,7.493289e-08,1.622861e-10
28.564453,2.494194e-10,6.729962e-09,2.959256e-07,7.652385e-07,1.215799e-10,1.245775e-08,8.184344e-09,2.982509e-08,1.728174e-08,2.099993e-07,3.465899e-09,1.102388e-08,1.102438e-08,2.343193e-08,6.076417e-08,3.261421e-08,1.475198e-11,7.575635e-09,4.910742e-10,2.158167e-09,8.782753e-11,1.729609e-11,8.959484e-11,1.168602e-08,1.831023e-10
28.613281,8.005390e-10,6.813864e-09,3.574990e-07,7.612093e-07,1.067756e-10,7.720847e-09,1.081655e-08,2.597965e-08,1.147598e-08,2.029444e-07,5.977112e-09,2.091619e-08,1.098542e-08,6.084689e-09,6.768678e-08,2.157719e-08,1.894374e-11,7.554664e-09,2.847874e-10,6.253816e-10,1.120420e-11,1.694489e-11,7.097305e-11,1.627078e-08,2.108886e-10
28.662109,1.519406e-09,7.122701e-09,3.926606e-07,7.770804e-07,7.370260e-11,8.621274e-09,1.195145e-08,1.791404e-08,1.574381e-08,1.936554e-07,1.010202e-08,3.660208e-08,2.337413e-08,1.885587e-08,5.326197e-08,3.659831e-08,2.066883e-11,8.946568e-09,3.493508e-10,1.121759e-09,1.148709e-10,1.212375e-11,6.563925e-11,1.512801e-08,2.422672e-10
28.710938,2.226882e-09,7.736503e-09,3.788565e-07,7.825753e-07,2.976667e-11,1.207303e-08,1.041530e-08,1.266772e-08,2.402007e-08,1.516814e-07,1.310723e-08,4.471605e-08,3.105893e-08,2.704771e-08,4.618082e-08,8.211089e-09,2.493088e-11,5.072345e-09,9.821523e-11,1.440195e-09,1.267131e-10,1.804707e-11,1.209928e-10,1.262834e-08,1.536584e-10
28.759766,2.775423e-09,8.849897e-09,3.242923e-07,7.438765e-07,2.075386e-11,1.380385e-08,7.005727e-09,1.302308e-08,2.420355e-08,7.255813e-08,1.234363e-08,4.789592e-08,2.624023e-08,1.918270e-08,4.244447e-08,4.154778e-08,6.717179e-12,6.408100e-09,2.359330e-10,1.494583e-10,8.671199e-11,1.895677e-11,1.131942e-10,1.403265e-08,1.320255e-10
28.808594,3.046404e-09,1.021064e-08,2.901584e-07,6.563306e-07,5.036845e-11,1.405795e-08,3.633573e-09,1.640849e-08,2.001829e-08,5.763215e-08,6.938787e-09,4.709713e-08,2.496749e-08,2.131691e-08,2.840220e-08,6.293423e-08,2.670184e-11,4.391059e-09,2.120066e-10,1.720346e-09,1.134673e-10,2.022698e-11,7.422592e-11,2.455076e-08,2.919039e-10
28.857422,2.991158e-09,1.113009e-08,3.513363e-07,5.540338e-07,5.693167e-11,1.551329e-08,2.060654e-09,1.815417e-08,1.765323e-08,8.618070e-08,7.945990e-09,5.210117e-08,2.338826e-08,2.540823e-08,2.043084e-08,4.361741e-08,2.593166e-11,1.033316e-08,1.007283e-10,6.853214e-10,1.204628e-10,1.391345e-11,7.757178e-12,6.144349e-08,1.925201e-10
28.906250,2.643408e-09,1.098261e-08,4.749554e-07,4.878503e-07,4.628687e-11,2.059677e-08,2.182540e-09,1.676277e-08,1.611686e-08,9.379422e-08,1.337039e-08,4.823313e-08,1.533341e-08,1.946478e-08,2.230603e-08,2.749863e-08,2.294582e-11,1.535394e-08,1.013424e-10,2.695204e-09,6.808317e-11,2.364210e-11,4.467070e-11,8.397502e-08,3.201846e-11
28.955078,2.117892e-09,9.618831e-09,5.925844e-07,4.665314e-07,4.792491e-11,2.709903e-08,2.442027e-09,1.605748e-08,1.405914e-08,1.048707e-07,1.770140e-08,2.532605e-08,1.319719e-08,4.986742e-09,3.070346e-08,3.093121e-08,8.581026e-12,5.233038e-09,6.465324e-11,3.017980e-09,1.455911e-10,1.575955e-11,2.203876e-11,6.231856e-08,2.350421e-10
29.003906,1.601756e-09,7.651429e-09,6.683042e-07,4.451707e-07,7.155285e-11,3.047925e-08,2.435782e-09,1.823660e-08,1.319871e-08,1.140868e-07,2.296740e-08,2.020334e-08,1.682719e-08,9.626787e-09,2.793619e-08,2.768663e-08,8.009996e-12,1.407340e-08,4.376190e-10,5.913727e-10,9.135036e-11,1.794492e-11,2.013554e-11,3.428722e-08,1.302025e-10
29.052734,1.345159e-09,6.603878e-09,6.902910e-07,3.913289e-07,9.098032e-11,2.815516e-08,2.239658e-09,2.246614e-08,1.125349e-08,1.027061e-07,2.384819e-08,1.546896e-08,1.337938e-08,2.797944e-08,1.327470e-08,1.073842e-08,6.918422e-12,5.620134e-09,4.000863e-10,2.621610e-09,1.230822e-10,2.058634e-11,4.964937e-11,3.704203e-08,8.254908e-11
29.101562,1.441641e-09,7.462256e-09,6.634067e-07,3.154000e-07,9.946740e-11,2.107428e-08,2.114789e-09,2.706175e-08,6.690873e-09,7.343324e-08,1.805858e-08,7.862483e-09,1.539376e-08,4.963869e-08,1.323683e-08,5.425443e-09,1.051420e-12,1.168351e-08,9.143359e-11,2.089955e-09,6.833105e-11,2.057240e-11,2.959586e-11,6.281302e-08,1.204785e-10
29.150391,1.669760e-09,8.984363e-09,6.047118e-07,2.556435e-07,1.027875e-10,1.287664e-08,2.519253e-09,2.934569e-08,8.822245e-09,6.293199e-08,1.071548e-08,2.462549e-08,1.990210e-08,5.953443e-08,2.504013e-08,4.796904e-09,7.639101e-12,1.216442e-08,1.716250e-10,2.133999e-09,5.561047e-11,1.527878e-11,5.881904e-11,4.166728e-08,2.217921e-10
29.199219,1.795160e-09,1.006511e-08,5.346308e-07,2.369929e-07,1.052382e-10,7.492300e-09,3.382788e-09,2.725170e-08,1.324100e-08,7.248531e-08,7.280555e-09,3.375350e-08,2.577074e-08,5.325625e-08,2.699944e-08,6.869765e-09,8.690480e-12,6.913732e-09,3.679257e-10,2.422543e-10,7.551516e-11,8.685159e-12,5.117144e-11,5.450228e-08,3.370160e-10
29.248047,1.712410e-09,1.072484e-08,4.624073e-07,2.343606e-07,1.072261e-10,5.156889e-09,4.003182e-09,2.023280e-08,1.316742e-08,9.605242e-08,8.343682e-09,3.464731e-08,2.547082e-08,3.580920e-08,1.829433e-08,7.303510e-09,4.785560e-12,7.541602e-09,6.116753e-11,1.969375e-09,1.125646e-10,9.830811e-12,2.795707e-11,4.281343e-08,1.851173e-10
29.296875,1.409350e-09,1.140568e-08,3.788296e-07,2.135227e-07,1.074360e-10,3.417924e-09,4.453120e-09,1.420121e-08,1.061135e-08,1.336426e-07,1.011904e-08,3.083301e-08,2.123517e-08,1.892479e-08,1.932997e-08,1.326962e-08,8.971997e-12,9.276396e-09,1.030423e-10,1.978160e-09,1.043928e-10,1.981910e-11,3.261011e-11,9.482499e-08,1.524872e-10
29.345703,9.374539e-10,1.214112e-08,2.693874e-07,1.684688e-07,1.031304e-10,5.041467e-09,5.568036e-09,1.397974e-08,8.986585e-09,1.522944e-07,1.057105e-08,1.795939e-08,2.147321e-08,1.289205e-08,1.884599e-08,6.494360e-09,1.598043e-11,6.024826e-09,2.031814e-10,1.452939e-09,9.689217e-11,2.520304e-11,1.590831e-11,7.422569e-08,1.606483e-10
29.394531,4.370148e-10,1.251153e-08,1.342319e-07,1.135085e-07,9.018041e-11,7.739640e-09,6.944220e-09,1.130958e-08,8.230370e-09,1.317958e-07,1.009296e-08,1.109897e-09,1.182445e-08,6.113127e-09,2.835879e-08,1.525767e-08,1.460921e-11,1.112957e-08,1.828237e-10,3.378034e-09,1.368695e-10,1.576944e-11,2.798648e-11,8.392819e-08,2.780474e-10
29.443359,3.711228e-10,1.226970e-08,1.608379e-08,6.580324e-08,7.610346e-11,8.145541e-09,7.325260e-09,1.450426e-08,5.568669e-09,8.401841e-08,7.712599e-09,1.167018e-08,7.179913e-09,4.955709e-09,3.565572e-08,1.300393e-08,8.790330e-13,1.567222e-08,3.319739e-10,2.683726e-09,1.019639e-10,9.253083e-12,2.037740e-11,3.639137e-08,2.034393e-10
29.492188,6.838064e-10,1.164688e-08,1.261149e-07,4.430033e-08,6.411155e-11,7.921766e-09,6.270860e-09,2.066963e-08,1.963374e-09,7.781936e-08,4.869310e-09,1.225359e-08,1.124534e-08,9.909913e-09,3.883009e-08,1.103271e-08,1.371324e-11,1.805664e-08,2.931164e-10,1.172603e-09,6.249099e-11,4.112589e-12,2.069818e-11,3.759981e-08,1.448252e-10
29.541016,8.709744e-10,1.103413e-08,1.965752e-07,6.624599e-08,5.318133e-11,1.098215e-08,4.502551e-09,1.730100e-08,6.760321e-09,1.009014e-07,7.596951e-09,1.169517e-08,9.185548e-09,7.591508e-09,3.851682e-08,2.679883e-08,1.792036e-11,1.130984e-08,1.896412e-10,1.640833e-09,6.644304e-11,8.145060e-12,1.029138e-11,5.737952e-08,7.477991e-11
29.589844,8.859523e-10,1.052050e-08,2.176177e-07,9.776774e-08,3.740439e-11,1.440769e-08,3.267061e-09,8.397231e-09,1.083489e-08,8.057473e-08,1.028828e-08,5.797557e-09,8.165344e-09,2.211035e-09,2.485198e-08,3.496035e-08,1.570380e-11,1.706720e-10,1.292938e-10,7.021592e-10,2.176857e-11,3.736897e-12,3.140110e-11,1.182513e-08,9.131714e-11
29.638672,7.773222e-10,1.007819e-08,2.047783e-07,1.168332e-07,2.441431e-11,1.475293e-08,2.718526e-09,8.385919e-09,1.319060e-08,5.895486e-08,9.521219e-09,5.405429e-09,5.525659e-09,8.828925e-09,1.056025e-08,4.675759e-08,1.580028e-11,1.111009e-08,9.720266e-11,1.534862e-09,8.512442e-11,4.952698e-12,2.733457e-11,5.314936e-08,1.471532e-10
29.687500,6.230555e-10,1.020211e-08,1.760637e-07,1.232500e-07,1.826640e-11,1.271517e-08,1.829539e-09,9.403369e-09,1.370816e-08,1.058888e-07,7.130724e-09,8.562594e-09,3.210056e-09,1.274418e-08,2.482135e-08,5.181490e-08,1.502429e-11,1.403362e-08,3.230721e-11,1.796610e-09,1.379276e-10,7.970418e-12,2.787519e-11,4.017902e-08,1.155302e-10
29.736328,5.026324e-10,1.160455e-08,1.390604e-07,1.355008e-07,1.771208e-11,1.124632e-08,1.131701e-09,8.736274e-09,1.056715e-08,1.443402e-07,5.414257e-09,1.269765e-08,6.090506e-09,1.730082e-08,3.027274e-08,4.563816e-08,7.090653e-12,1.359280e-08,8.219600e-11,9.722165e-10,8.241301e-11,1.705502e-11,2.615582e-11,4.104175e-08,1.316998e-10
29.785156,4.885013e-10,1.394492e-08,1.119836e-07,1.754072e-07,1.464963e-11,1.017920e-08,2.518099e-09,9.227597e-09,3.912230e-09,1.506324e-07,4.104054e-09,1.786544e-08,1.184524e-08,2.361692e-08,2.758990e-08,6.355446e-09,5.725859e-12,8.901948e-09,1.362969e-10,1.990359e-10,7.620769e-11,1.093377e-11,2.342385e-11,9.322953e-08,1.735454e-10
29.833984,5.858355e-10,1.602958e-08,1.382465e-07,2.409144e-07,7.513514e-12,7.185055e-09,3.586835e-09,1.251227e-08,6.582455e-09,1.268266e-07,2.621691e-09,1.504207e-08,2.044327e-08,2.157186e-08,3.103835e-08,2.836899e-08,6.631917e-12,1.447683e-08,4.523694e-10,1.477858e-09,8.076764e-11,1.916649e-11,1.777698e-11,1.421575e-07,7.444290e-11
29.882812,7.120376e-10,1.688407e-08,1.949517e-07,3.113897e-07,5.936011e-12,2.771323e-09,3.586609e-09,1.705872e-08,1.317722e-08,8.258780e-08,2.600960e-09,9.344799e-09,2.448896e-08,1.280556e-08,2.378683e-08,1.169736e-08,4.194672e-12,1.258802e-08,4.876859e-10,3.107866e-09,8.788218e-11,1.031304e-11,3.620395e-11,8.545785e-08,6.571150e-11
29.931641,7.771782e-10,1.621489e-08,2.323995e-07,3.635111e-07,2.052192e-11,9.521902e-10,3.750360e-09,1.903041e-08,1.505969e-08,3.983451e-08,7.499799e-09,6.236903e-09,2.262939e-08,6.780528e-09,9.330119e-09,2.924956e-09,6.645068e-12,1.745586e-09,4.813643e-10,2.026628e-09,7.561296e-11,6.229838e-12,3.564937e-11,5.125628e-08,9.976181e-11
29.980469,7.159764e-10,1.440639e-08,2.348245e-07,3.783219e-07,3.383819e-11,1.452147e-09,5.135549e-09,2.058524e-08,1.157713e-08,2.256485e-08,1.044172e-08,1.075781e-08,1.956478e-08,6.592197e-09,6.866082e-09,2.129092e-08,1.248134e-12,3.697089e-09,2.280752e-10,2.627623e-09,2.848474e-11,1.297923e-11,3.344031e-11,2.861169e-08,8.556540e-11
30.029297,5.088303e-10,1.222560e-08,2.187743e-07,3.435718e-07,4.784771e-11,2.177668e-09,6.082818e-09,2.134254e-08,7.069545e-09,3.151218e-08,8.904442e-09,1.454696e-08,1.468156e-08,6.133307e-09,2.417459e-08,2.336270e-08,1.034450e-11,6.061027e-09,6.065781e-12,1.858645e-09,2.998791e-11,5.322748e-12,2.960152e-11,7.936147e-08,5.572977e-11
30.078125,2.759654e-10,1.026963e-08,2.166912e-07,2.548866e-07,6.354111e-11,5.184965e-09,5.344786e-09,1.860689e-08,1.009491e-08,6.310878e-08,5.631226e-09,1.391745e-08,9.369935e-09,1.036838e-08,3.315265e-08,1.274228e-08,1.592900e-11,8.191343e-09,1.591180e-10,1.851689e-09,4.931020e-11,1.066512e-11,2.627520e-11,7.543121e-08,1.278180e-10
30.126953,4.929195e-10,8.637110e-09,2.365828e-07,1.318992e-07,7.950050e-11,7.956358e-09,3.174171e-09,1.582299e-08,1.397992e-08,9.160165e-08,3.923491e-09,9.212591e-09,9.331615e-09,1.576582e-08,3.739598e-08,1.581157e-08,1.549081e-11,3.553357e-09,1.877205e-10,1.613281e-09,3.774556e-11,1.211212e-11,4.608306e-11,4.954264e-08,1.135545e-10
30.175781,9.055298e-10,7.492392e-09,2.581575e-07,1.473265e-07,9.181500e-11,1.040339e-08,1.233033e-09,1.349807e-08,1.489369e-08,9.367336e-08,5.978245e-09,6.100273e-09,1.328268e-08,1.007811e-08,4.241776e-08,2.514893e-08,7.421456e-12,1.064818e-08,4.709253e-11,7.244473e-10,6.164074e-11,5.432112e-12,1.998785e-11,5.044400e-08,1.481005e-11
30.224609,1.233236e-09,7.726810e-09,2.769613e-07,3.133943e-07,9.826776e-11,1.246167e-08,1.998130e-09,7.261109e-09,1.434523e-08,6.949922e-08,1.206090e-08,8.447094e-09,1.576374e-08,8.006372e-09,3.679239e-08,1.595766e-08,6.084767e-12,1.621315e-08,1.844424e-10,1.230703e-09,3.670772e-11,1.152152e-11,9.078672e-12,6.916353e-08,8.033159e-11
30.273438,1.379202e-09,9.569886e-09,3.162403e-07,4.601508e-07,9.025097e-11,1.280355e-08,2.627946e-09,3.545538e-09,1.309148e-08,3.617283e-08,1.500128e-08,5.935768e-09,1.304981e-08,1.522663e-08,3.846299e-08,3.864938e-08,8.414261e-12,9.094048e-09,6.470483e-11,1.406849e-09,4.672186e-11,1.492304e-11,4.008022e-11,3.527601e-08,8.918717e-11
30.322266,1.297101e-09,1.168085e-08,3.886321e-07,5.478577e-07,7.198044e-11,1.069356e-08,2.826793e-09,7.703923e-09,1.050835e-08,4.457477e-08,1.329488e-08,5.550187e-09,9.353555e-09,1.956097e-08,3.859488e-08,3.892923e-08,1.286329e-11,4.001308e-09,4.810157e-11,2.187633e-09,7.276007e-11,1.205435e-11,2.165126e-11,3.870055e-08,6.719617e-11
30.371094,9.873257e-10,1.279126e-08,4.660435e-07,5.778065e-07,4.821401e-11,8.867345e-09,3.169088e-09,6.764769e-09,6.553609e-09,7.742833e-08,1.331918e-08,1.355606e-08,1.409335e-08,2.182495e-08,3.681283e-08,3.574139e-08,1.591081e-11,6.864036e-09,6.130223e-11,1.603352e-09,4.677651e-11,1.704353e-11,4.302306e-11,8.890263e-09,1.010970e-10
30.419922,4.704261e-10,1.242197e-08,5.057898e-07,5.717437e-07,2.659442e-11,1.178467e-08,3.345095e-09,2.564920e-09,1.960543e-09,8.002211e-08,1.573843e-08,1.834753e-08,1.316155e-08,2.277982e-08,3.128028e-08,3.705912e-08,1.350022e-11,8.393045e-09,2.316697e-10,8.413549e-10,5.404890e-11,1.017001e-11,1.642051e-11,2.390203e-08,1.623147e-10
30.468750,2.116412e-10,1.082035e-08,4.835359e-07,5.426266e-07,2.892420e-11,1.616683e-08,3.068015e-09,5.985737e-09,2.498697e-09,5.148290e-08,1.419813e-08,1.709093e-08,8.355074e-09,1.914704e-08,1.819041e-08,3.738561e-08,1.401081e-11,4.539064e-09,2.543192e-10,1.174325e-09,2.166939e-11,4.094507e-12,4.529395e-11,5.267610e-09,1.700847e-10
30.517578,9.791969e-10,8.666520e-09,4.130926e-07,4.826986e-07,4.350202e-11,1.902790e-08,2.869803e-09,1.400289e-08,4.193960e-09,4.359698e-08,9.122381e-09,1.342893e-08,5.725734e-09,1.243552e-08,1.629716e-08,3.117825e-08,1.018715e-11,3.363869e-09,2.754723e-10,1.501760e-09,7.238526e-11,9.303810e-12,4.775265e-11,4.548732e-08,8.194681e-11
30.566406,1.725993e-09,6.677791e-09,3.533575e-07,3.838742e-07,4.986087e-11,2.080952e-08,3.319218e-09,1.921670e-08,3.872498e-09,8.219723e-08,5.244512e-09,1.292552e-08,3.830396e-09,8.522810e-09,1.204955e-08,1.116357e-08,6.211748e-12,2.785843e-09,2.608563e-10,1.638922e-09,6.034441e-11,4.431798e-12,1.139132e-11,1.639885e-08,5.114821e-11
30.615234,2.322344e-09,5.385345e-09,3.598458e-07,2.555132e-07,4.455812e-11,2.156122e-08,3.811852e-09,1.767561e-08,4.294330e-09,1.203382e-07,2.600890e-09,1.627530e-08,6.396743e-09,1.277766e-08,2.151490e-09,1.666048e-08,5.913186e-12,1.440680e-09,1.440699e-10,7.482787e-10,5.587829e-11,3.874287e-12,1.324100e-11,1.356838e-08,7.450075e-11
30.664062,2.653227e-09,5.178107e-09,3.948220e-07,1.180326e-07,2.948048e-11,1.939196e-08,3.649718e-09,1.118242e-08,5.972181e-09,1.348956e-07,4.242495e-09,2.210270e-08,1.231736e-08,1.287100e-08,2.536979e-08,2.129065e-08,3.524058e-12,4.381349e-09,2.308796e-10,1.727430e-09,1.299174e-11,6.309751e-12,8.336558e-12,4.635645e-08,6.579082e-11
30.712891,2.662312e-09,5.926334e-09,3.909786e-07,5.481533e-08,1.460341e-11,1.337745e-08,2.777499e-09,6.835097e-09,8.339578e-09,1.193055e-07,1.012821e-08,2.835230e-08,1.674986e-08,6.495711e-09,3.858474e-08,2.472904e-08,5.496306e-12,3.205991e-09,1.599195e-10,7.767157e-10,5.553125e-12,5.767936e-12,1.550632e-11,5.213375e-08,1.080495e-10
30.761719,2.371831e-09,6.820543e-09,3.280590e-07,1.809248e-07,8.565120e-12,5.511393e-09,1.637255e-09,7.969429e-09,1.003183e-08,8.911203e-08,1.264307e-08,2.870342e-08,1.606241e-08,9.224675e-09,2.817756e-08,2.562978e-08,8.043108e-12,7.431726e-09,1.943743e-10,1.367232e-09,4.587543e-11,5.570523e-12,4.067932e-11,9.534519e-08,7.959975e-11
30.810547,1.878999e-09,7.195572e-09,2.269343e-07,3.040254e-07,1.954853e-11,7.489377e-10,7.914687e-10,1.191889e-08,8.478942e-09,6.414025e-08,1.040867e-08,2.233467e-08,1.303664e-08,6.910381e-09,1.708761e-08,2.021234e-08,8.354688e-12,7.456013e-09,1.931327e-10,1.450956e-09,6.544949e-11,8.783651e-12,4.160887e-11,7.188737e-08,2.985556e-11
30.859375,1.319630e-09,7.003070e-09,1.254802e-07,3.876534e-07,3.847310e-11,2.915099e-09,7.780832e-10,1.497737e-08,4.545158e-09,5.306486e-08,9.263482e-09,1.463861e-08,8.863489e-09,4.816805e-09,2.113147e-08,1.633713e-08,9.286490e-12,3.468087e-09,2.795579e-10,1.077843e-09,4.145165e-11,1.328287e-11,2.801178e-11,2.872355e-08,5.300463e-11
30.908203,8.304568e-10,6.735823e-09,5.300188e-08,4.162808e-07,5.560445e-11,3.445282e-09,1.182939e-09,1.373992e-08,6.230862e-09,5.159843e-08,1.300290e-08,1.569608e-08,1.017867e-08,8.128017e-09,1.824269e-08,1.423403e-08,1.245566e-11,1.868668e-09,2.073832e-10,1.335631e-09,6.101582e-12,1.522337e-11,1.192196e-11,1.054266e-08,1.378843e-10
30.957031,5.105231e-10,6.806779e-09,1.143923e-08,4.026842e-07,6.466205e-11,6.369105e-09,1.183876e-09,9.811806e-09,9.918012e-09,4.509668e-08,1.409084e-08,2.191915e-08,1.347215e-08,9.176529e-09,1.194662e-08,2.123078e-09,1.274652e-11,3.372122e-09,7.731345e-11,7.989748e-10,5.186964e-12,5.317908e-12,2.249389e-11,2.591758e-08,9.123972e-11
31.005859,3.844163e-10,6.958898e-09,4.799128e-08,3.791744e-07,6.455690e-11,8.672442e-09,7.567065e-10,7.520200e-09,1.145168e-08,2.877285e-08,9.823795e-09,1.728603e-08,1.538387e-08,3.972480e-09,9.230891e-09,3.632514e-09,1.188151e-11,2.739833e-09,2.033502e-10,1.129070e-09,3.056055e-11,2.693942e-12,1.869656e-11,1.584369e-08,6.271994e-11
31.054688,3.950467e-10,6.722501e-09,1.048378e-07,3.631460e-07,5.064466e-11,8.070790e-09,1.648907e-09,8.220081e-09,1.152665e-08,3.786977e-08,3.395299e-09,4.993763e-09,1.623532e-08,5.426983e-09,8.440669e-09,5.394358e-09,5.621918e-12,2.680384e-09,1.467176e-10,1.036844e-09,2.347411e-11,2.492594e-12,1.161308e-11,1.977591e-08,7.526857e-11
31.103516,4.931961e-10,6.089886e-09,1.536214e-07,3.463348e-07,2.795517e-11,4.736455e-09,3.150865e-09,1.175553e-08,1.077381e-08,6.287540e-08,4.272921e-09,5.849137e-09,1.625217e-08,1.150364e-08,2.294893e-08,9.501908e-09,3.907800e-12,8.485322e-10,1.002595e-10,1.286082e-09,2.870572e-11,2.973454e-12,5.868676e-12,1.052280e-08,7.232320e-11
31.152344,6.342701e-10,5.446229e-09,1.803025e-07,3.281199e-07,1.163509e-11,1.767967e-09,4.217190e-09,1.856951e-08,9.571443e-09,6.556743e-08,9.351240e-09,1.189709e-08,1.439406e-08,2.033236e-08,2.755110e-08,1.673854e-08,2.224026e-12,4.156920e-09,6.255137e-11,8.688274e-10,4.982420e-11,1.590003e-12,3.772665e-11,2.217183e-08,3.972303e-11
31.201172,7.603397e-10,4.941286e-09,1.846628e-07,3.241136e-07,2.777103e-11,4.714333e-09,4.479942e-09,2.456952e-08,8.937154e-09,4.619869e-08,1.666988e-08,1.035356e-08,1.212821e-08,2.420865e-08,2.501461e-08,8.486917e-09,6.376831e-12,9.742501e-09,5.275016e-11,5.082183e-10,2.747381e-11,5.035581e-12,4.507400e-11,4.921852e-08,8.764821e-11
31.250000,8.451248e-10,4.168006e-09,1.819181e-07,3.340288e-07,4.873937e-11,6.327097e-09,3.928807e-09,2.399769e-08,9.155238e-09,3.249852e-08,2.133515e-08,7.320537e-09,1.165561e-08,2.085958e-08,1.467011e-08,4.132140e-09,9.746942e-12,8.526824e-09,1.015235e-10,3.366807e-10,5.975330e-12,6.162652e-12,2.368735e-11,4.569062e-08,7.732184e-11
31.298828,9.298898e-10,2.754377e-09,1.925291e-07,3.390966e-07,6.321453e-11,6.201940e-09,2.917813e-09,1.627417e-08,8.785113e-09,3.741416e-08,2.025419e-08,1.886016e-08,1.162003e-08,1.858630e-08,2.955607e-09,1.389098e-08,6.879011e-12,2.497178e-09,1.801088e-10,7.619292e-10,4.305959e-11,6.179575e-12,2.231277e-11,1.718754e-08,2.908494e-11
31.347656,1.087800e-09,1.461358e-09,2.200543e-07,3.311298e-07,7.367439e-11,7.159398e-09,2.000762e-09,8.844711e-09,8.301178e-09,3.657600e-08,1.630897e-08,2.582456e-08,1.185081e-08,1.975300e-08,1.306047e-08,1.388037e-08,5.116160e-12,2.922813e-09,1.615738e-10,7.828628e-10,4.841693e-11,9.954330e-12,3.222532e-11,2.438130e-08,4.415052e-11
31.396484,1.314193e-09,3.100742e-09,2.490053e-07,3.171505e-07,8.134612e-11,9.345708e-09,1.220913e-09,1.071996e-08,7.630096e-09,2.349665e-08,1.278146e-08,2.703904e-08,9.223619e-09,1.957036e-08,1.361554e-08,7.728433e-09,6.055699e-12,3.317363e-09,1.301883e-10,1.495058e-09,9.219389e-12,5.744635e-12,2.319068e-11,4.340704e-08,1.858973e-11
31.445312,1.513484e-09,5.544967e-09,2.636913e-07,3.104116e-07,8.543367e-11,1.047071e-08,1.030609e-09,1.761083e-08,4.079271e-09,8.425147e-09,1.065352e-08,2.788393e-08,6.538092e-09,2.305931e-08,1.522656e-08,1.652282e-08,5.436812e-12,2.359757e-09,1.268510e-10,1.707538e-09,2.582759e-11,1.947265e-12,1.454957e-11,7.654800e-08,2.175065e-11
31.494141,1.585552e-09,7.554648e-09,2.572479e-07,3.261192e-07,8.566826e-11,1.053572e-08,2.565844e-09,2.482363e-08,3.863020e-09,1.797695e-08,1.089425e-08,3.319168e-08,6.259766e-09,2.091517e-08,1.689127e-08,3.359696e-08,3.656587e-12,9.367356e-09,1.600866e-10,2.672288e-09,1.559608e-11,2.363526e-12,9.713810e-12,7.410619e-08,5.549936e-11
31.542969,1.473759e-09,8.796487e-09,2.322152e-07,3.597036e-07,8.242784e-11,1.053849e-08,3.933081e-09,2.720286e-08,8.127333e-09,2.539639e-08,1.204752e-08,3.296237e-08,6.574997e-09,1.642478e-08,1.063846e-08,2.823435e-08,7.722599e-12,1.237830e-08,1.306473e-10,2.072277e-09,8.294655e-12,3.165370e-12,1.917036e-11,1.958379e-08,4.125006e-11
31.591797,1.186178e-09,9.182443e-09,1.991747e-07,3.736525e-07,7.858423e-11,9.814816e-09,4.309411e-09,2.465756e-08,9.111343e-09,3.277381e-08,1.211797e-08,1.778776e-08,1.684236e-09,1.520825e-08,7.048933e-09,3.084900e-08,9.050563e-12,7.516798e-09,7.750885e-11,1.988594e-09,2.074415e-11,3.408035e-12,3.405386e-11,4.448906e-08,1.778708e-11
31.640625,7.747636e-10,8.768192e-09,1.722908e-07,3.303301e-07,7.579331e-11,7.518660e-09,3.947509e-09,2.118894e-08,1.016709e-08,5.016122e-08,9.633590e-09,4.494253e-09,4.345878e-09,1.010009e-08,6.793717e-09,2.520349e-08,1.054957e-11,8.937342e-09,1.927265e-10,2.676292e-10,3.764703e-11,8.039388e-13,4.671556e-11,5.831821e-08,4.712038e-11
31.689453,3.545096e-10,7.725625e-09,1.588445e-07,2.304967e-07,6.452325e-11,5.021207e-09,3.736234e-09,1.714064e-08,1.204778e-08,6.676030e-08,6.209425e-09,1.604194e-08,7.776702e-09,6.336669e-09,6.793241e-09,3.031594e-08,8.087056e-12,9.161210e-09,1.247437e-10,1.263471e-09,5.098786e-11,3.749572e-12,3.284170e-11,5.078821e-08,5.028714e-11
31.738281,3.587931e-10,6.301771e-09,1.553535e-07,1.583354e-07,4.911267e-11,4.977676e-09,3.722826e-09,1.277386e-08,1.223682e-08,7.086649e-08,4.801553e-09,1.505800e-08,1.349342e-08,8.468400e-09,7.985036e-09,3.998666e-08,5.604962e-12,8.198489e-09,1.452203e-10,1.679469e-09,2.321923e-11,7.865523e-13,1.841634e-11,4.446274e-08,9.442431e-11
31.787109,7.070348e-10,4.773943e-09,1.638883e-07,2.294445e-07,3.262250e-11,6.049625e-09,3.256499e-09,1.112192e-08,1.103042e-08,6.544656e-08,3.835107e-09,9.782330e-09,1.310049e-08,1.117012e-08,9.751959e-09,3.747835e-08,5.737997e-12,7.248695e-09,2.351312e-10,8.787331e-10,1.926589e-11,3.917943e-12,1.316629e-11,3.500299e-08,5.464087e-11
31.835938,9.984151e-10,3.422125e-09,1.962112e-07,3.171031e-07,2.135541e-11,6.776592e-09,2.412989e-09,8.676270e-09,8.277041e-09,6.362830e-08,3.789467e-09,8.772488e-09,5.966826e-09,1.758071e-08,1.527306e-08,1.280702e-08,5.020367e-12,4.800118e-10,1.408016e-10,1.120620e-09,2.564768e-11,5.970613e-12,1.253053e-11,5.368410e-09,4.827339e-11
31.884766,1.184328e-09,2.610241e-09,2.484427e-07,3.334874e-07,1.845025e-11,7.846659e-09,1.886838e-09,3.118001e-09,5.139502e-09,6.603657e-08,3.710550e-09,1.595296e-08,7.008447e-09,2.081294e-08,2.332616e-08,1.058754e-08,4.880559e-12,5.733447e-09,1.129097e-10,9.327056e-10,2.366339e-11,2.819810e-12,1.091047e-11,5.853342e-08,7.574733e-11
31.933594,1.277496e-09,2.691696e-09,2.987729e-07,2.643756e-07,1.863714e-11,9.740495e-09,1.762133e-09,5.950034e-09,5.242292e-09,6.014781e-08,3.114380e-09,2.279586e-08,1.650510e-08,1.622161e-08,2.263056e-08,2.638932e-08,3.491989e-12,8.357249e-09,7.990965e-11,9.661300e-10,8.095005e-12,4.921794e-12,2.445681e-12,5.000006e-08,5.714044e-11
31.982422,1.303870e-09,3.459903e-09,3.284301e-07,1.319365e-07,1.869688e-11,1.217087e-08,1.493556e-09,1.121309e-08,6.156888e-09,3.939989e-08,3.770223e-09,2.815412e-08,1.859682e-08,1.576405e-08,4.438926e-09,3.138825e-08,3.417868e-12,1.118999e-08,4.094356e-11,1.126033e-09,9.308278e-12,4.973018e-12,1.229428e-11,3.427051e-08,1.687490e-11
32.031250,1.272870e-09,4.526511e-09,3.324480e-07,3.031666e-08,1.800057e-11,1.441929e-08,1.014173e-09,1.330126e-08,6.201315e-09,9.511627e-09,5.758024e-09,2.513130e-08,1.284281e-08,1.457917e-08,1.448228e-08,3.517388e-08,4.100312e-12,9.023521e-09,8.665121e-11,1.154274e-09,1.485970e-11,2.745846e-12,5.357758e-12,2.972631e-08,4.654258e-11
32.080078,1.163095e-09,5.691675e-09,3.183541e-07,1.468592e-07,1.805455e-11,1.551465e-08,5.358844e-10,1.164109e-08,4.215095e-09,1.559366e-08,8.701027e-09,1.289769e-08,8.368181e-09,1.283965e-08,2.975141e-08,3.723651e-08,4.676989e-12,7.867989e-09,1.147355e-10,1.173165e-09,1.360580e-11,1.835980e-12,6.483558e-12,5.169222e-08,1.593983e-11
32.128906,9.527465e-10,6.664810e-09,2.961295e-07,2.009377e-07,1.541417e-11,1.487430e-08,4.549104e-10,7.202405e-09,2.707330e-09,2.930476e-08,1.013787e-08,8.429026e-09,7.848708e-09,1.005464e-08,4.827325e-08,2.225365e-08,5.008783e-12,5.615738e-09,1.182656e-10,8.786278e-10,1.499764e-11,2.672631e-12,1.551439e-11,2.638852e-08,7.177610e-11
32.177734,6.523310e-10,7.025813e-09,2.682551e-07,1.787672e-07,1.406878e-11,1.297513e-08,7.872546e-10,5.726311e-09,6.117180e-09,4.960427e-08,9.783579e-09,1.569240e-08,1.256903e-08,8.530610e-09,4.658654e-08,2.049439e-08,1.906352e-12,7.037964e-09,8.557867e-11,9.252098e-10,4.583940e-11,1.829976e-12,3.958009e-12,2.313287e-08,8.419466e-11
32.226562,3.285982e-10,6.443018e-09,2.322483e-07,1.044203e-07,1.508918e-11,1.101863e-08,9.818934e-10,9.071438e-09,6.665170e-09,7.539958e-08,8.744888e-09,1.722013e-08,1.009468e-08,1.223364e-08,3.966022e-08,1.888436e-08,2.704244e-12,3.716919e-09,1.045965e-10,3.771890e-10,4.564586e-11,3.287985e-12,2.087198e-11,1.177921e-08,5.625132e-11
32.275391,2.092408e-10,4.945590e-09,1.923993e-07,2.081539e-08,1.610453e-11,9.263057e-09,9.949280e-10,1.066559e-08,4.302418e-09,8.497904e-08,7.230035e-09,1.467845e-08,4.567189e-09,1.230976e-08,3.490148e-08,1.691345e-08,2.111295e-12,2.521230e-09,1.093981e-10,1.198751e-09,2.744080e-11,3.157926e-12,1.881626e-11,2.702971e-08,3.463545e-11
32.324219,3.844988e-10,3.201893e-09,1.642600e-07,4.270358e-08,1.786742e-11,7.041786e-09,1.046303e-09,9.305387e-09,3.868827e-09,7.633558e-08,7.484480e-09,1.259126e-08,6.020677e-09,1.452489e-08,1.920660e-08,1.505742e-08,1.093896e-12,2.910305e-09,7.213803e-11,8.389561e-10,2.278500e-11,4.343504e-12,1.647181e-11,7.459116e-08,3.040566e-11
32.373047,5.302402e-10,2.906683e-09,1.597087e-07,7.756256e-08,1.827006e-11,6.020910e-09,1.088899e-09,5.900925e-09,6.311437e-09,6.882210e-08,8.152387e-09,1.159723e-08,7.264643e-09,2.149702e-08,5.076465e-09,1.888625e-08,1.955883e-12,4.925971e-09,6.210852e-11,5.152437e-10,1.908536e-11,6.705856e-12,2.148105e-11,6.201780e-08,1.588746e-11
32.421875,6.088616e-10,4.223309e-09,1.700338e-07,1.005759e-07,2.047120e-11,8.446048e-09,9.206743e-10,5.861538e-09,8.835635e-09,6.617646e-08,5.928016e-09,1.128077e-08,9.838546e-09,2.421893e-08,9.967688e-09,2.877938e-08,2.879957e-12,1.177154e-08,8.551691e-11,3.443078e-10,2.399910e-11,5.479930e-12,1.966096e-11,3.741472e-08,5.430457e-11
32.470703,6.395913e-10,5.499912e-09,1.836573e-07,1.091503e-07,2.924118e-11,1.079475e-08,8.701297e-10,1.114786e-08,9.837752e-09,5.867450e-08,1.929625e-09,1.138230e-08,1.067670e-08,1.907767e-08,1.827860e-08,3.235460e-08,2.379736e-12,1.459570e-08,3.910174e-11,6.868225e-10,4.772673e-11,2.906003e-12,1.463878e-11,1.701680e-08,5.234312e-11
32.519531,6.110097e-10,6.303940e-09,2.009048e-07,9.798836e-08,3.872961e-11,1.098092e-08,1.147270e-09,1.494855e-08,9.171145e-09,5.880557e-08,2.976934e-09,1.023154e-08,6.420395e-09,1.168739e-08,2.320127e-08,2.663491e-08,3.179300e-12,8.486709e-09,6.402094e-11,6.256056e-10,4.799453e-11,2.206720e-12,1.959498e-11,1.292484e-08,2.124685e-11
32.568359,4.854460e-10,6.700992e-09,2.233838e-07,9.948420e-08,4.204321e-11,1.027165e-08,1.054919e-09,1.507130e-08,8.061002e-09,7.038265e-08,5.628223e-09,6.044966e-09,5.511491e-09,6.812870e-09,1.436982e-08,1.244665e-08,3.469341e-12,6.383956e-09,5.465335e-11,2.240760e-10,4.853543e-11,2.229899e-12,1.524501e-11,2.494633e-08,6.649347e-11
32.617188,2.593582e-10,6.716884e-09,2.436529e-07,1.302451e-07,3.782686e-11,1.045882e-08,4.885886e-10,1.222686e-08,5.615948e-09,7.466897e-08,6.671822e-09,2.167469e-09,8.810506e-09,2.856230e-09,1.062414e-08,1.538548e-08,6.609213e-12,8.656843e-09,1.322835e-10,5.111651e-10,3.859448e-11,3.721411e-12,4.740965e-12,3.671324e-08,8.125982e-11
32.666016,1.154026e-10,6.302302e-09,2.495343e-07,1.417377e-07,3.145245e-11,1.003958e-08,1.471582e-09,8.591438e-09,1.162872e-09,6.207034e-08,5.928856e-09,1.035849e-08,1.015535e-08,4.245794e-09,1.594548e-08,2.710502e-08,4.070896e-12,8.484639e-09,1.180807e-10,1.425251e-09,4.890599e-11,2.567615e-12,1.106277e-11,4.379610e-08,4.405909e-11
32.714844,4.050133e-10,5.555809e-09,2.327827e-07,1.097966e-07,2.484652e-11,7.325514e-09,2.799113e-09,7.896958e-09,4.143378e-09,3.508096e-08,4.174491e-09,1.344646e-08,9.318822e-09,3.889145e-09,2.115791e-08,2.057775e-08,3.707881e-12,4.383719e-09,1.079352e-10,1.282078e-09,2.315593e-11,1.687474e-12,1.334465e-11,2.538695e-08,4.976133e-11
32.763672,6.538110e-10,4.849559e-09,1.934479e-07,7.147216e-08,2.419069e-11,5.145787e-09,3.453633e-09,9.720272e-09,8.156351e-09,2.252568e-08,2.942431e-09,1.151526e-08,9.966373e-09,1.440323e-08,2.664243e-08,1.028124e-08,2.342581e-12,2.054842e-09,1.550726e-10,3.494288e-10,1.335127e-11,1.142830e-12,9.397102e-12,4.070070e-08,2.643263e-11
32.812500,7.752609e-10,4.506572e-09,1.410157e-07,9.518772e-08,2.653651e-11,8.156570e-09,3.103589e-09,8.651509e-09,1.086129e-08,3.897373e-08,3.675396e-09,1.116601e-08,1.220380e-08,2.163452e-08,2.538900e-08,3.059615e-09,3.510201e-12,1.486744e-09,1.462415e-10,7.395016e-10,1.358004e-11,4.712415e-12,6.827340e-12,3.071474e-08,1.444496e-11
32.861328,7.461278e-10,4.334603e-09,9.754529e-08,1.145222e-07,2.488338e-11,1.138300e-08,1.877595e-09,5.359155e-09,1.107170e-08,3.699662e-08,5.755426e-09,1.016564e-08,1.160422e-08,2.473394e-08,2.915952e-08,1.500068e-08,3.907373e-12,4.276035e-09,1.370343e-10,3.920590e-10,2.978195e-11,1.831427e-12,8.085645e-12,2.446528e-08,5.322738e-11
32.910156,5.899293e-10,3.876933e-09,9.800114e-08,9.043520e-08,1.943658e-11,1.271313e-08,8.119058e-10,6.675469e-09,9.258232e-09,1.667792e-08,7.356439e-09,5.709130e-09,1.052433e-08,2.562491e-08,2.443458e-08,1.476395e-08,4.723768e-12,5.404502e-09,1.341844e-10,6.284685e-10,3.049921e-11,9.983306e-13,7.050049e-12,2.574595e-08,7.485322e-11
32.958984,3.714066e-10,2.938683e-09,1.358378e-07,8.083124e-08,1.527664e-11,1.261092e-08,2.299298e-09,7.632653e-09,9.490475e-09,1.000178e-08,8.171301e-09,5.786187e-09,1.072957e-08,2.183126e-08,1.524355e-08,5.598240e-09,3.965672e-12,3.010589e-09,3.219104e-11,5.078283e-10,8.607594e-12,1.581245e-12,1.504269e-11,4.627695e-08,3.432791e-11
33.007812,1.899526e-10,1.707922e-09,1.772992e-07,1.517101e-07,1.089345e-11,1.126405e-08,3.880791e-09,5.115162e-09,9.760256e-09,3.540080e-08,8.780058e-09,1.027548e-08,9.757441e-09,1.244323e-08,8.635954e-09,1.541361e-08,4.143131e-12,2.879368e-09,4.484206e-11,1.384679e-09,2.984151e-11,2.624819e-12,1.015338e-11,1.790935e-08,1.789108e-11
33.056641,1.786921e-10,9.755217e-10,2.064361e-07,2.318891e-07,5.801832e-12,8.512521e-09,4.824885e-09,1.775409e-09,7.238291e-09,7.358647e-08,8.045263e-09,6.754380e-09,7.060754e-09,3.561550e-09,7.881403e-10,1.120546e-08,3.914149e-12,3.795422e-09,3.941970e-11,1.533836e-09,1.850675e-11,2.601472e-12,2.479322e-12,4.030735e-08,3.329547e-11
33.105469,2.399111e-10,1.573241e-09,2.160856e-07,2.881817e-07,1.179639e-12,5.258061e-09,5.038132e-09,3.015936e-09,7.476680e-09,1.017232e-07,5.783531e-09,7.237907e-09,3.861126e-09,1.729252e-09,6.650079e-09,9.782794e-09,3.890941e-12,4.902879e-09,4.800754e-11,1.915005e-09,7.474848e-12,2.750513e-13,6.547637e-12,9.138981e-08,2.749225e-11
33.154297,2.779059e-10,2.099647e-09,2.062725e-07,3.115584e-07,5.251079e-12,3.867471e-09,4.767244e-09,5.792453e-09,9.536011e-09,1.001694e-07,4.210507e-09,1.414011e-08,1.814050e-09,3.421792e-09,1.527237e-08,1.072590e-08,2.395285e-12,5.773704e-09,5.073771e-11,1.222851e-09,1.244427e-11,2.279498e-12,6.885947e-12,6.426643e-08,1.240928e-11
33.203125,3.047764e-10,2.010552e-09,1.872889e-07,2.996755e-07,7.385487e-12,4.494421e-09,4.421172e-09,6.772205e-09,8.046738e-09,8.099316e-08,4.518617e-09,1.604899e-08,5.532558e-09,8.090377e-09,1.540587e-08,2.360982e-08,1.779170e-12,2.704813e-09,1.486146e-11,6.763463e-10,7.350860e-12,6.586957e-13,4.436474e-12,5.680283e-08,1.702656e-11
33.251953,3.309129e-10,1.332965e-09,1.765315e-07,2.596898e-07,1.095089e-11,4.722373e-09,4.305116e-09,9.306762e-09,4.028154e-09,6.820814e-08,5.543801e-09,1.214899e-08,8.971178e-09,8.880932e-09,9.781576e-09,3.450854e-08,1.241229e-12,6.241298e-09,1.642381e-11,6.828033e-10,1.166925e-11,2.784239e-12,2.823120e-12,2.459200e-08,4.524289e-11
33.300781,3.452843e-10,6.153829e-10,1.800229e-07,2.112303e-07,1.499241e-11,4.237623e-09,4.421741e-09,1.262224e-08,5.938969e-10,5.673321e-08,6.422720e-09,1.237253e-08,1.252087e-08,2.874411e-09,6.781752e-09,1.895289e-08,4.671207e-13,7.413763e-09,5.285703e-11,1.088949e-09,2.545681e-11,2.168442e-12,1.064255e-11,2.814683e-08,3.669003e-11
33.349609,3.549871e-10,1.265905e-09,1.813440e-07,1.706496e-07,1.703322e-11,3.708747e-09,4.446786e-09,1.092251e-08,3.297006e-09,4.540643e-08,8.657118e-09,1.802319e-08,1.442702e-08,5.738092e-09,8.104745e-09,5.479467e-09,4.027215e-12,1.097414e-08,6.925713e-11,8.863265e-10,2.207670e-11,2.504307e-12,1.222730e-11,1.075005e-08,3.448036e-11
33.398438,3.863699e-10,2.021595e-09,1.604916e-07,1.344383e-07,1.702407e-11,3.970062e-09,3.981949e-09,4.390180e-09,4.820662e-09,5.212624e-08,1.074228e-08,2.079912e-08,1.291006e-08,2.915687e-09,1.483378e-08,1.240043e-08,5.692110e-12,7.769398e-09,3.257420e-11,4.500687e-10,1.241495e-11,2.094185e-12,4.077345e-12,2.710986e-08,4.304566e-11
33.447266,4.396073e-10,2.274533e-09,1.103982e-07,1.077426e-07,1.504612e-11,5.305803e-09,2.923658e-09,2.566796e-09,5.721999e-09,7.365767e-08,9.900087e-09,2.414166e-08,1.180976e-08,7.639331e-09,1.991608e-08,1.107278e-09,4.874470e-12,5.386903e-09,6.595448e-11,4.065586e-10,2.274331e-11,7.675799e-13,4.728555e-12,2.167783e-08,2.263443e-11
33.496094,4.701772e-10,2.031735e-09,4.389243e-08,1.237847e-07,1.209474e-11,7.247459e-09,1.628168e-09,6.005548e-09,7.933815e-09,8.851791e-08,7.870851e-09,1.760501e-08,1.076870e-08,1.219863e-08,2.204914e-08,7.510741e-09,2.241555e-12,4.330814e-09,9.349556e-11,3.154293e-10,1.446202e-11,1.817130e-12,8.696012e-12,1.168503e-08,2.126023e-11
33.544922,4.429696e-10,1.589459e-09,5.801786e-08,1.607614e-07,1.715933e-11,8.856530e-09,8.629983e-10,1.024428e-08,9.474614e-09,8.532659e-08,8.773650e-09,1.422984e-08,5.601253e-09,1.220596e-08,2.008569e-08,1.394957e-08,7.228562e-13,3.612648e-09,4.656927e-11,9.419698e-10,7.397691e-12,3.675229e-12,1.607267e-11,2.104586e-08,3.833690e-11
33.593750,3.731325e-10,1.442118e-09,1.176886e-07,1.734133e-07,2.216231e-11,9.177239e-09,1.044156e-09,1.347831e-08,9.365482e-09,8.154460e-08,1.116489e-08,2.304729e-08,1.778922e-09,1.240771e-08,1.971460e-08,1.696314e-08,1.596871e-12,5.839710e-09,5.686682e-11,9.294504e-10,1.923637e-11,2.888944e-12,2.057473e-11,3.333080e-09,1.339052e-11
33.642578,3.390723e-10,1.801146e-09,1.490302e-07,1.529341e-07,2.303924e-11,8.039370e-09,1.519933e-09,1.225177e-08,9.399095e-09,8.739009e-08,1.272016e-08,2.829471e-08,2.305201e-09,9.975054e-09,1.416207e-08,1.414171e-08,8.331350e-13,6.601232e-09,1.442993e-10,3.724988e-10,1.657920e-11,8.065390e-13,1.862526e-11,3.278923e-08,1.273687e-11
33.691406,3.968027e-10,2.421511e-09,1.447509e-07,1.248356e-07,1.821400e-11,6.154755e-09,2.076296e-09,8.449320e-09,9.486724e-09,8.396030e-08,1.283876e-08,3.141575e-08,2.039689e-09,1.060763e-08,8.546817e-09,1.672373e-09,9.204485e-13,6.886867e-10,1.269344e-10,2.232502e-10,1.351071e-11,3.983477e-13,1.485207e-11,5.223457e-08,2.031070e-11
33.740234,4.800015e-10,3.166990e-09,1.156018e-07,1.242199e-07,1.217511e-11,3.949954e-09,2.313232e-09,5.647657e-09,8.554620e-09,7.168902e-08,1.190654e-08,2.606167e-08,2.673437e-09,7.714719e-09,1.054849e-08,7.448160e-09,2.284602e-12,6.602005e-09,5.318632e-11,6.171274e-10,1.098541e-11,1.580110e-12,9.121313e-12,3.601990e-08,1.361653e-11
33.789062,5.094007e-10,3.974317e-09,8.962054e-08,1.415769e-07,4.405633e-12,1.645998e-09,2.067208e-09,3.515505e-09,7.362069e-09,6.400203e-08,1.188563e-08,1.205773e-08,5.513702e-09,4.450856e-09,4.584749e-09,1.776178e-08,1.496803e-12,7.860556e-09,8.933806e-11,5.963894e-10,1.694648e-11,9.909074e-14,8.370361e-12,2.681734e-08,6.684752e-12
33.837891,4.634358e-10,4.758418e-09,9.734398e-08,1.481027e-07,1.151832e-12,3.942007e-09,1.854796e-09,2.698641e-09,6.818768e-09,5.790322e-08,1.293644e-08,9.949580e-09,4.164263e-09,4.699618e-09,2.121395e-09,1.728106e-08,1.400876e-12,6.017581e-09,4.704899e-11,5.804892e-10,1.110567e-11,1.620152e-12,5.272899e-12,1.831799e-08,2.483253e-11
33.886719,3.727097e-10,5.419943e-09,1.255229e-07,1.355814e-07,2.522701e-12,6.996144e-09,2.167131e-09,3.539499e-09,7.316475e-09,4.448007e-08,1.217888e-08,1.830000e-08,4.211569e-09,5.408874e-09,3.755121e-09,1.191606e-08,3.740989e-12,8.159361e-09,4.471356e-11,4.428972e-10,1.425243e-11,3.882685e-12,1.188606e-11,4.017132e-08,1.338971e-11
33.935547,3.208120e-10,5.865642e-09,1.502856e-07,1.078535e-07,3.320863e-12,7.757750e-09,2.472671e-09,3.879696e-09,8.986695e-09,4.642344e-08,1.000715e-08,2.245797e-08,4.744462e-09,7.712969e-09,6.052444e-09,5.848958e-09,8.258528e-13,8.533697e-09,6.757976e-12,4.888773e-10,1.345688e-11,4.400139e-12,1.055409e-11,5.745284e-08,1.404047e-11
33.984375,3.820723e-10,6.017602e-09,1.654416e-07,7.104437e-08,6.323785e-12,5.990041e-09,2.334621e-09,2.561747e-09,1.077200e-08,7.698369e-08,8.136685e-09,2.424721e-08,4.207223e-09,8.091862e-09,9.590953e-09,1.032278e-09,2.014629e-12,5.029626e-09,4.030439e-11,9.777154e-10,6.087668e-12,1.214164e-12,1.784274e-11,5.960525e-08,1.080162e-11
34.033203,4.959676e-10,5.850783e-09,1.740733e-07,3.094213e-08,8.035486e-12,4.352842e-09,1.781170e-09,5.976620e-10,1.065419e-08,9.048120e-08,4.549142e-09,2.169600e-08,4.426385e-09,6.993810e-09,1.269473e-08,9.507964e-09,1.222050e-12,2.595104e-09,5.077400e-11,8.724293e-10,1.724482e-11,1.431980e-12,8.883182e-12,1.936147e-08,9.220783e-12
34.082031,5.838384e-10,5.427489e-09,1.808620e-07,1.755987e-08,8.667771e-12,5.578127e-09,1.070131e-09,3.403526e-09,8.303557e-09,7.059678e-08,4.608750e-09,1.815174e-08,3.605140e-09,6.107240e-09,9.957744e-09,1.001000e-08,5.020308e-13,3.971049e-09,4.763697e-11,6.687577e-11,2.191328e-11,1.156252e-12,7.229953e-12,1.853787e-08,5.988976e-12
34.130859,6.051412e-10,4.889665e-09,1.840338e-07,5.904358e-08,8.003288e-12,6.335208e-09,6.847077e-10,3.350963e-09,6.800260e-09,4.069094e-08,7.923858e-09,1.521717e-08,5.136249e-09,5.483201e-09,1.417463e-08,8.715548e-09,1.078071e-12,5.489993e-09,4.780418e-11,9.835627e-10,1.196658e-11,2.936810e-12,1.580891e-11,1.948485e-08,2.154639e-11
34.179688,5.619518e-10,4.378469e-09,1.747153e-07,1.013125e-07,5.024337e-12,5.302109e-09,7.888127e-10,7.235059e-10,7.052285e-09,3.398537e-08,7.532440e-09,9.966585e-09,6.820552e-09,4.121999e-09,1.153267e-08,1.262707e-08,2.305344e-12,6.524354e-09,7.275929e-11,9.454858e-10,1.446371e-11,2.189632e-12,8.379667e-12,3.699609e-08,1.317525e-11
34.228516,4.751295e-10,3.976970e-09,1.486642e-07,1.329093e-07,4.733840e-12,4.376473e-09,7.893526e-10,2.526232e-09,6.136270e-09,2.711081e-08,6.579250e-09,5.398093e-09,5.589927e-09,4.401204e-09,3.843908e-09,1.115995e-08,1.743371e-12,5.314653e-09,6.230863e-11,1.141937e-09,1.637569e-11,1.940870e-12,1.102881e-11,6.136405e-08,2.559796e-11
34.277344,3.771018e-10,3.678336e-09,1.213701e-07,1.446812e-07,3.056415e-12,4.904332e-09,7.415639e-10,3.317066e-09,4.258094e-09,2.796790e-08,5.738604e-09,3.031406e-09,2.215164e-09,3.476802e-09,1.435670e-08,6.898058e-09,1.969169e-12,3.981726e-09,4.988532e-11,6.744759e-10,1.402821e-11,1.405689e-12,9.536798e-12,1.986459e-08,3.600591e-11
34.326172,2.989259e-10,3.443029e-09,1.247279e-07,1.407559e-07,2.287936e-12,4.849130e-09,7.698275e-10,3.232865e-09,2.307928e-09,5.548179e-08,4.943104e-09,3.562610e-09,5.016208e-09,1.437764e-09,1.912038e-08,1.360335e-08,1.539413e-12,3.507187e-09,5.979530e-11,3.639217e-10,1.237896e-11,2.637912e-12,6.047483e-12,3.133332e-08,3.401548e-11
34.375000,2.540818e-10,3.202780e-09,1.521801e-07,1.399280e-07,3.979465e-12,3.504479e-09,5.365854e-10,3.907652e-09,5.043543e-10,7.779928e-08,7.531195e-09,6.801642e-09,1.085995e-08,3.560904e-09,2.393855e-08,9.485763e-09,1.519848e-12,2.716823e-09,2.467131e-11,6.754927e-10,1.515680e-11,2.675247e-12,8.142139e-12,5.026775e-08,1.914848e-11
34.423828,2.297871e-10,2.901125e-09,1.693681e-07,1.470918e-07,2.956300e-12,2.840812e-09,3.683367e-10,3.807006e-09,2.714876e-09,8.237570e-08,7.983293e-09,8.130630e-09,1.151681e-08,8.160768e-09,3.356226e-08,5.934446e-09,5.624301e-13,3.939703e-09,8.026356e-12,6.402103e-10,2.251691e-11,4.525599e-12,7.683982e-12,2.576926e-08,2.924798e-11
34.472656,2.043106e-10,2.562552e-09,1.653689e-07,1.403730e-07,4.445350e-12,3.999923e-09,1.053053e-09,5.590929e-09,4.310774e-09,6.953283e-08,5.577363e-09,6.331201e-09,8.992893e-09,8.964511e-09,2.991142e-08,9.563747e-09,6.341067e-13,2.475973e-09,8.151877e-12,6.661608e-10,1.250316e-11,2.745384e-12,5.806352e-12,1.682945e-08,1.125400e-11
34.521484,1.502788e-10,2.385224e-09,1.537546e-07,1.092236e-07,5.539143e-12,4.877055e-09,1.504162e-09,9.224449e-09,4.294190e-09,4.954792e-08,3.630809e-09,4.102725e-09,7.616891e-09,4.844049e-09,1.815047e-08,5.488728e-09,9.298042e-13,4.097630e-09,5.339526e-11,1.184688e-10,7.443802e-12,1.240118e-12,6.142529e-12,3.396476e-08,5.855278e-12
34.570312,6.020942e-11,2.564860e-09,1.526279e-07,9.324644e-08,7.606748e-12,5.270204e-09,1.461696e-09,1.066071e-08,2.653885e-09,4.043201e-08,2.338508e-09,5.282717e-09,7.591986e-09,3.272651e-09,1.411933e-08,5.736696e-09,2.376165e-12,1.224931e-09,4.802254e-11,5.505070e-10,9.931105e-12,1.690423e-12,4.609222e-12,9.914878e-09,1.641518e-11
34.619141,7.694853e-11,2.956358e-09,1.580004e-07,1.370500e-07,1.025687e-11,5.683335e-09,1.235227e-09,9.371900e-09,1.467743e-09,4.678922e-08,3.521929e-09,7.234269e-09,6.653333e-09,6.704095e-09,1.182197e-08,1.085998e-08,2.725168e-12,1.723226e-09,4.111267e-11,6.686943e-10,1.272094e-11,1.004253e-12,4.504550e-12,4.559797e-08,1.951628e-11
34.667969,1.996837e-10,3.234609e-09,1.525340e-07,1.856908e-07,1.044305e-11,5.661221e-09,1.405328e-09,9.215361e-09,1.670765e-09,5.086698e-08,5.406897e-09,7.435155e-09,4.652222e-09,9.207398e-09,1.804946e-09,6.315326e-09,1.456810e-12,1.966717e-09,4.745279e-11,1.732992e-10,9.221929e-12,1.365456e-12,7.252283e-12,3.632766e-08,2.795832e-12
34.716797,2.900757e-10,3.195737e-09,1.292214e-07,2.015290e-07,1.213349e-11,4.602491e-09,1.826637e-09,1.110855e-08,6.087315e-10,4.690373e-08,5.088541e-09,5.910310e-09,2.407119e-09,9.941594e-09,1.130458e-08,5.978703e-09,1.778007e-12,4.294528e-09,3.005434e-11,7.773434e-10,3.330238e-12,1.665419e-12,8.086366e-12,4.231067e-08,4.826414e-12
34.765625,3.303584e-10,2.817075e-09,9.419432e-08,1.819950e-07,1.182287e-11,3.062939e-09,2.143746e-09,1.169303e-08,2.622016e-09,3.261502e-08,2.986901e-09,5.436165e-09,2.150056e-09,1.137672e-08,1.682640e-08,8.635117e-09,2.309383e-12,2.739430e-09,3.215297e-11,1.028265e-09,5.145946e-12,1.645163e-12,3.050726e-12,3.381248e-08,2.212171e-11
34.814453,3.339231e-10,2.215116e-09,6.073289e-08,1.412644e-07,1.130388e-11,2.885320e-09,2.275903e-09,1.133133e-08,4.195726e-09,7.004237e-09,2.317339e-09,6.859850e-09,2.190913e-09,7.471937e-09,1.865720e-08,2.226094e-09,2.819395e-12,2.193175e-09,4.443758e-11,7.206243e-10,1.440115e-11,1.080750e-12,1.838810e-12,3.610782e-08,7.088749e-12
34.863281,3.353687e-10,1.575674e-09,4.787431e-08,9.376682e-08,1.013195e-11,3.728341e-09,2.151197e-09,1.163822e-08,4.425806e-09,1.747541e-08,3.452053e-09,7.225342e-09,1.337106e-09,2.711312e-09,2.106605e-08,7.382647e-09,2.549044e-12,2.681276e-09,7.496669e-11,3.066495e-10,1.713920e-11,5.886353e-13,5.067565e-12,2.285878e-08,3.467044e-11
34.912109,3.512137e-10,1.057861e-09,6.228582e-08,4.545252e-08,7.692214e-12,4.005667e-09,1.649187e-09,1.173543e-08,5.160268e-09,2.735062e-08,3.396707e-09,3.315071e-09,4.368392e-09,2.830365e-09,2.205878e-08,1.428062e-08,2.042440e-12,2.793385e-09,7.004801e-11,3.328488e-10,1.365732e-11,8.592726e-13,3.294888e-12,3.282210e-08,3.601645e-11
34.960938,3.597040e-10,7.328342e-10,8.310953e-08,2.098294e-09,7.400350e-12,3.865084e-09,7.995249e-10,1.079514e-08,7.229142e-09,3.557611e-08,4.361195e-09,1.523923e-09,2.771223e-09,3.582398e-09,1.617708e-08,1.009438e-08,4.210545e-13,1.548696e-09,3.708239e-11,9.983783e-11,1.008348e-11,2.066576e-12,1.830299e-12,3.375336e-08,2.206274e-11
35.009766,3.406643e-10,5.772161e-10,9.712852e-08,3.647692e-08,4.664653e-12,4.311442e-09,5.074087e-10,9.420566e-09,9.779902e-09,5.274282e-08,5.598765e-09,2.429835e-09,4.831797e-09,4.097307e-09,1.345564e-08,4.907365e-09,8.397623e-13,2.258393e-09,2.421856e-11,3.312580e-10,1.269586e-11,2.152354e-12,8.007338e-12,2.893053e-08,2.344848e-11
35.058594,3.077434e-10,5.485752e-10,9.944294e-08,5.406493e-08,3.130860e-12,5.518439e-09,1.183595e-09,8.312234e-09,1.197705e-08,6.248917e-08,4.268420e-09,6.044254e-09,6.377647e-09,2.698016e-09,1.222827e-08,1.335184e-08,1.344365e-12,2.800472e-09,2.936029e-11,2.962050e-10,1.662418e-11,1.898973e-12,9.227571e-12,2.999454e-08,3.237536e-12
35.107422,2.907694e-10,6.055286e-10,8.996858e-08,5.681213e-08,6.132751e-12,6.563602e-09,1.396432e-09,7.074453e-09,1.256320e-08,6.110980e-08,1.313646e-09,8.791717e-09,5.110427e-09,6.628018e-09,4.938314e-09,1.080770e-08,2.089730e-12,3.487480e-09,2.062050e-11,3.586118e-10,2.489142e-11,7.169043e-13,5.120623e-12,3.641622e-08,2.429952e-11
35.156250,2.853700e-10,6.959657e-10,7.325193e-08,6.607369e-08,8.344555e-12,6.700047e-09,1.199539e-09,5.776348e-09,1.108580e-08,5.234725e-08,2.506323e-09,7.382126e-09,5.532181e-09,9.815378e-09,5.169840e-09,3.838586e-09,9.361973e-13,4.535058e-09,5.103302e-11,5.442894e-10,1.996899e-11,7.336068e-13,3.065618e-12,2.853369e-08,1.750872e-11
35.205078,2.769693e-10,8.149845e-10,6.150984e-08,8.959237e-08,8.724905e-12,5.854664e-09,1.152934e-09,7.573282e-09,9.327513e-09,4.330483e-08,2.955348e-09,5.428490e-09,3.100306e-09,9.769278e-09,7.933230e-09,3.322390e-09,1.574249e-13,3.097033e-09,6.692011e-11,3.748082e-10,1.200261e-11,8.149264e-13,8.693390e-12,3.858133e-08,2.028355e-11
35.253906,2.715225e-10,1.006306e-09,7.147905e-08,1.059609e-07,5.922848e-12,4.649729e-09,1.282950e-09,1.113090e-08,9.412272e-09,4.086348e-08,2.569931e-09,6.998639e-09,1.516196e-09,7.828690e-09,6.444034e-09,1.258494e-08,9.051509e-13,3.046796e-09,7.651908e-11,5.937953e-10,5.659808e-12,4.657999e-13,9.259790e-12,3.492719e-08,2.300002e-11
35.302734,3.028869e-10,1.272519e-09,9.684140e-08,9.809252e-08,7.293952e-12,3.871728e-09,1.164152e-09,1.263734e-08,1.003771e-08,3.629282e-08,2.422544e-09,8.179253e-09,1.868544e-09,3.092888e-09,4.299942e-09,1.972157e-08,1.590208e-12,4.705739e-09,2.219411e-11,9.990923e-10,8.251018e-12,1.828732e-12,6.503878e-12,3.291625e-08,3.131277e-11
35.351562,3.679909e-10,1.536708e-09,1.194286e-07,6.819843e-08,7.034680e-12,3.329551e-09,1.006781e-09,1.161225e-08,9.029587e-09,3.034443e-08,1.697972e-09,8.649877e-09,7.255608e-09,4.219435e-09,4.480545e-09,2.662836e-08,1.377443e-12,4.115022e-09,4.534665e-11,9.602803e-10,1.001472e-11,1.712402e-12,2.074573e-12,3.916785e-08,2.242005e-11
35.400391,4.371767e-10,1.700053e-09,1.294308e-07,6.300501e-08,9.674899e-12,2.297938e-09,1.184964e-09,9.968199e-09,6.054753e-09,3.007287e-08,3.133381e-09,8.031583e-09,1.119577e-08,8.196260e-09,5.115908e-09,2.356554e-08,5.874845e-13,1.550967e-09,4.594579e-11,5.146530e-10,1.050487e-11,1.638550e-12,9.030548e-12,2.663185e-08,2.277348e-11
35.449219,5.070733e-10,1.737579e-09,1.254483e-07,1.161417e-07,9.636648e-12,1.006588e-09,1.342618e-09,8.520600e-09,4.850507e-09,2.608170e-08,4.263555e-09,4.875456e-09,1.001310e-08,8.257423e-09,1.222027e-09,1.446364e-08,7.374884e-13,2.995691e-09,3.483964e-11,7.295209e-11,7.871119e-12,4.486429e-13,4.473801e-12,1.805967e-08,6.043673e-12
35.498047,5.769323e-10,1.725526e-09,1.105135e-07,1.769654e-07,1.001055e-11,1.620608e-09,1.342555e-09,6.696006e-09,7.238834e-09,1.413875e-08,3.297748e-09,4.870634e-09,6.701880e-09,4.041720e-09,4.808034e-09,1.286761e-08,2.232532e-12,3.412948e-09,6.077175e-11,5.124040e-10,3.130584e-12,2.361198e-12,5.875249e-12,2.387036e-08,1.030766e-11
35.546875,6.366877e-10,1.790719e-09,8.618017e-08,2.240172e-07,9.451752e-12,2.765667e-09,1.417166e-09,5.487521e-09,7.846102e-09,8.841381e-09,1.329674e-09,1.057852e-08,5.454816e-09,2.154718e-09,5.742416e-09,9.415442e-09,8.187883e-13,1.665655e-09,9.530146e-11,9.527331e-10,5.410660e-12,8.580186e-13,3.815754e-12,3.725655e-08,7.534171e-12
35.595703,6.570693e-10,1.933820e-09,5.156892e-08,2.499909e-07,1.179301e-11,3.487266e-09,1.551148e-09,5.143690e-09,6.568136e-09,2.640286e-08,2.082027e-09,1.355922e-08,3.496769e-09,3.382673e-09,6.888918e-09,1.019723e-08,8.376507e-13,2.978862e-09,7.247487e-11,9.443900e-10,8.878111e-12,1.279602e-12,1.292820e-12,4.194870e-08,1.341558e-11
35.644531,6.220107e-10,2.027782e-09,2.098015e-08,2.500306e-07,8.737322e-12,3.877632e-09,1.560971e-09,4.348855e-09,6.009194e-09,4.485291e-08,3.454965e-09,1.181637e-08,5.827028e-09,4.344583e-09,9.216320e-09,1.298328e-08,6.135838e-13,6.198749e-09,4.864781e-11,7.423132e-10,6.368521e-12,1.501886e-12,2.890857e-12,3.574305e-08,1.561060e-12
35.693359,5.368445e-10,1.979404e-09,5.321430e-08,2.211105e-07,7.661707e-12,3.878309e-09,1.428228e-09,3.380068e-09,6.164263e-09,5.632281e-08,3.874824e-09,6.644280e-09,8.306738e-09,2.095081e-09,1.164440e-08,1.086384e-08,1.415888e-12,4.990819e-09,3.870918e-11,2.588426e-10,1.466768e-11,1.716099e-12,3.983391e-12,6.945882e-09,1.402415e-11
35.742188,4.294820e-10,1.805832e-09,8.712759e-08,1.667638e-07,5.492357e-12,3.452975e-09,1.175134e-09,3.465308e-09,5.884804e-09,5.584206e-08,3.631217e-09,1.020334e-08,6.805988e-09,3.602510e-09,1.499152e-08,8.164319e-09,4.604064e-13,1.391486e-09,2.860794e-11,4.246527e-10,5.037000e-13,1.613653e-12,9.577445e-12,1.528190e-08,7.494965e-12
35.791016,3.292357e-10,1.567395e-09,9.623391e-08,9.939323e-08,3.652848e-12,3.006209e-09,7.858156e-10,4.331614e-09,4.872194e-09,4.812320e-08,3.921588e-09,1.581935e-08,3.446842e-09,7.971961e-09,1.297803e-08,1.246424e-08,1.873135e-12,4.989822e-09,2.133715e-11,2.936620e-10,1.329230e-11,2.414033e-12,9.604752e-12,3.168756e-08,1.550211e-11
35.839844,2.445576e-10,1.294639e-09,7.654991e-08,3.651140e-08,1.287640e-12,3.127934e-09,3.154831e-10,4.208289e-09,3.046525e-09,3.934049e-08,5.294216e-09,1.753195e-08,3.209028e-09,1.240478e-08,1.262679e-08,1.775072e-08,9.609094e-13,5.256344e-09,3.755384e-11,3.167575e-10,1.633932e-11,9.075020e-13,5.508298e-12,7.391641e-09,2.304469e-11
35.888672,1.978540e-10,1.019535e-09,3.891715e-08,2.434417e-08,1.824282e-12,3.652203e-09,1.033549e-10,2.680473e-09,1.381928e-09,3.741608e-08,6.453076e-09,1.731619e-08,6.245120e-09,1.458538e-08,1.220160e-08,1.693597e-08,6.880505e-13,6.419670e-09,1.289634e-11,2.199020e-10,1.256031e-11,5.265980e-13,4.778844e-12,1.947238e-08,1.955175e-11
35.937500,2.172521e-10,8.678316e-10,2.064535e-08,6.204466e-08,6.428375e-13,3.881580e-09,3.539976e-10,7.528242e-10,1.508068e-09,4.829266e-08,6.932776e-09,1.236187e-08,9.130435e-09,1.413733e-08,6.310224e-09,1.656068e-08,2.091099e-12,2.439159e-09,5.245709e-12,6.426394e-11,6.347580e-12,7.516811e-13,8.325587e-12,9.927270e-09,1.732646e-11
35.986328,2.721291e-10,9.705691e-10,3.939261e-08,1.039693e-07,2.322543e-13,3.401220e-09,4.944165e-10,1.038587e-09,3.191957e-09,4.698795e-08,7.268748e-09,9.156640e-09,1.056628e-08,1.195117e-08,1.265877e-08,2.156970e-08,6.166966e-13,2.640883e-09,8.143456e-12,1.315951e-10,1.290959e-12,1.510950e-12,7.917719e-12,3.032841e-08,1.598402e-11
36.035156,2.976362e-10,1.252854e-09,4.475545e-08,1.535805e-07,7.090607e-13,2.355419e-09,6.197512e-10,2.567053e-09,5.036863e-09,2.191320e-08,7.220735e-09,1.073876e-08,9.382899e-09,6.919664e-09,8.806243e-09,1.720288e-08,1.024334e-12,5.746034e-09,1.536802e-11,2.449430e-10,1.995635e-12,1.210608e-12,9.997835e-12,2.093945e-08,7.978454e-12
36.083984,2.699149e-10,1.684912e-09,4.752674e-08,2.038977e-07,1.130589e-12,1.372661e-09,7.356801e-10,3.207665e-09,6.172807e-09,1.116032e-08,6.499962e-09,8.038489e-09,6.680810e-09,3.605052e-09,9.610288e-09,1.204500e-08,2.543959e-13,3.245499e-09,1.951733e-11,4.494347e-10,4.897347e-12,4.589991e-13,8.498445e-12,2.502092e-08,1.135528e-11
36.132812,2.186483e-10,2.289847e-09,6.432743e-08,2.429698e-07,2.844111e-12,9.559167e-10,7.869995e-10,3.054030e-09,6.686265e-09,2.870345e-08,5.256366e-09,4.442927e-09,5.932898e-09,1.690960e-09,1.383251e-08,1.409789e-08,5.131149e-13,2.022059e-09,1.513740e-11,4.956013e-10,1.332235e-12,3.289314e-13,4.260074e-12,2.365526e-08,1.490712e-11
36.181641,2.212093e-10,2.926794e-09,7.916560e-08,2.626967e-07,4.417484e-12,7.018428e-10,7.657233e-10,2.157440e-09,6.573258e-09,2.531527e-08,2.879606e-09,4.218503e-09,2.999635e-09,5.150393e-09,1.282314e-08,1.080695e-08,2.929268e-13,2.686802e-09,2.576421e-11,3.623424e-10,6.871074e-12,1.168932e-12,4.244325e-12,3.902343e-08,1.049720e-11
36.230469,2.878534e-10,3.338840e-09,7.630878e-08,2.640151e-07,5.168143e-12,6.264374e-10,7.326913e-10,1.157050e-09,5.747072e-09,1.815500e-08,3.608642e-10,5.035204e-09,4.861591e-09,9.241449e-09,9.428564e-09,1.013720e-08,8.784368e-13,3.399902e-09,1.941870e-11,7.538489e-11,8.027583e-12,5.795777e-13,8.817495e-12,2.163987e-08,1.004371e-11
36.279297,3.421389e-10,3.330463e-09,5.616023e-08,2.548278e-07,7.533963e-12,1.313741e-09,7.705327e-10,5.519473e-09,4.978011e-09,1.871711e-08,2.519380e-09,5.640386e-09,7.991584e-09,9.052058e-09,5.557534e-09,1.259600e-08,3.267504e-13,3.459764e-09,1.596198e-11,3.067434e-10,8.410361e-12,6.211920e-13,6.802431e-12,2.496774e-08,1.197576e-11
36.328125,3.442708e-10,2.914819e-09,3.093457e-08,2.406411e-07,7.348559e-12,2.262805e-09,8.816185e-10,8.725460e-09,4.469051e-09,1.695223e-08,2.351504e-09,5.578339e-09,1.014447e-08,1.007401e-08,1.068525e-09,1.846086e-08,1.295324e-12,4.550682e-09,2.035201e-11,5.907386e-10,2.877072e-12,6.615706e-13,7.346072e-12,1.818825e-08,9.046690e-12
36.376953,3.046388e-10,2.391791e-09,1.365269e-08,2.191912e-07,5.466689e-12,3.079142e-09,9.826571e-10,8.405113e-09,3.485974e-09,1.700179e-08,1.227353e-09,6.817849e-09,9.288818e-09,8.756939e-09,2.612892e-09,1.504086e-08,1.477148e-12,4.519865e-09,2.155822e-11,4.949501e-10,6.682976e-12,5.306768e-13,7.045348e-12,2.722698e-08,5.043224e-12
36.425781,2.427637e-10,2.204239e-09,4.050265e-10,1.881481e-07,4.933283e-12,3.534341e-09,9.995572e-10,5.943305e-09,2.853822e-09,2.313240e-08,2.015433e-09,9.052789e-09,3.507730e-09,6.333219e-09,4.077593e-09,1.596485e-08,1.066487e-12,2.814470e-09,3.289927e-11,2.332125e-10,6.595276e-12,9.940824e-13,9.892162e-12,2.150478e-08,8.339908e-12
36.474609,1.870345e-10,2.351626e-09,2.110759e-08,1.548420e-07,4.210602e-12,3.659260e-09,9.285558e-10,6.090472e-09,3.336213e-09,3.323327e-08,4.190289e-09,9.987058e-09,6.701897e-09,7.278335e-09,3.968575e-09,1.261691e-08,3.120310e-13,1.393673e-09,2.853024e-11,6.045416e-10,8.636029e-12,8.128099e-13,3.951058e-12,3.814819e-09,1.095432e-12
36.523438,1.545671e-10,2.383923e-09,4.905543e-08,1.336928e-07,2.903612e-12,3.585767e-09,8.152764e-10,7.717176e-09,3.175308e-09,4.151292e-08,6.348617e-09,8.811535e-09,8.587886e-09,5.463863e-09,2.847262e-09,1.560382e-08,1.798427e-12,4.228044e-10,7.020213e-11,4.740529e-10,1.000938e-11,8.882311e-13,1.205856e-12,9.194363e-09,1.129777e-11
36.572266,1.518063e-10,2.087679e-09,7.912343e-08,1.293971e-07,8.253546e-13,3.345134e-09,7.110718e-10,7.529990e-09,1.842978e-09,4.098317e-08,7.252803e-09,6.287099e-09,7.668153e-09,4.954515e-09,1.061952e-09,2.020753e-08,1.262339e-12,3.206866e-09,6.097880e-11,1.429731e-10,1.030572e-11,4.986992e-13,1.972953e-12,1.089438e-08,1.233022e-11
36.621094,1.758910e-10,1.618798e-09,1.124845e-07,1.309457e-07,1.564949e-12,2.944335e-09,6.577020e-10,5.353255e-09,6.249332e-10,3.160385e-08,7.074648e-09,4.738779e-09,5.587076e-09,5.098581e-09,3.629370e-09,1.181140e-08,1.306792e-13,4.993987e-09,3.251876e-11,1.073689e-10,4.298503e-12,8.721997e-13,2.513846e-12,2.084135e-08,1.314329e-11
36.669922,1.995255e-10,1.343253e-09,1.488755e-07,1.290366e-07,3.123285e-12,2.415906e-09,6.536348e-10,2.280590e-09,1.862339e-09,2.063688e-08,5.820135e-09,3.901925e-09,3.987382e-09,2.486343e-09,6.388627e-09,8.813523e-09,1.158465e-12,5.045627e-09,1.420124e-11,5.572257e-10,4.490992e-12,5.579041e-13,5.687635e-12,2.416955e-08,1.416652e-11
36.718750,2.014875e-10,1.353437e-09,1.779244e-07,1.235972e-07,4.295865e-12,1.746090e-09,6.026816e-10,2.031696e-09,2.922725e-09,1.555501e-08,3.515303e-09,2.721306e-09,3.210144e-09,1.037234e-09,9.016576e-09,1.662112e-08,6.002203e-13,4.131133e-09,1.375922e-11,9.325795e-10,3.045233e-12,1.248366e-12,5.274537e-12,2.703408e-08,8.514691e-12
36.767578,1.780547e-10,1.317250e-09,1.844847e-07,1.193217e-07,4.778630e-12,1.090357e-09,4.253404e-10,3.878991e-09,3.017295e-09,2.001143e-08,1.672752e-09,4.319600e-09,3.577375e-09,2.721176e-09,9.103365e-09,1.551778e-08,1.092696e-12,2.691008e-09,1.078546e-11,6.250902e-10,8.410740e-12,8.577423e-13,3.091522e-12,2.840924e-08,2.487254e-12
36.816406,1.420866e-10,1.111245e-09,1.603040e-07,1.194735e-07,5.519134e-12,1.353526e-09,1.898385e-10,4.628320e-09,2.001499e-09,3.239001e-08,7.075095e-10,5.424606e-09,5.137212e-09,5.385066e-09,7.188692e-09,1.159225e-08,1.021779e-12,2.409469e-09,1.659199e-11,2.683212e-10,9.856922e-12,1.261252e-12,7.621907e-13,1.256241e-08,1.169745e-11
36.865234,1.139630e-10,9.810492e-10,1.117624e-07,1.217807e-07,6.379391e-12,2.526061e-09,2.044862e-10,4.569668e-09,2.167313e-09,4.497700e-08,5.086179e-10,3.947934e-09,4.060446e-09,4.835962e-09,4.985264e-09,1.683906e-08,8.426295e-13,1.846899e-09,3.566581e-11,2.495054e-10,9.160841e-12,1.697602e-12,3.377806e-12,1.057151e-08,1.476077e-11
36.914062,1.109741e-10,1.143921e-09,6.578642e-08,1.199449e-07,4.914046e-12,3.628450e-09,3.144325e-10,4.299343e-09,3.664668e-09,4.887141e-08,1.218641e-09,2.824092e-09,3.140566e-09,2.599170e-09,2.811491e-09,3.251656e-08,1.336688e-12,1.057029e-09,2.904940e-11,1.458221e-10,8.885792e-12,4.922609e-13,1.826732e-12,1.320640e-08,2.358572e-12
36.962891,1.317943e-10,1.334861e-09,7.039809e-08,1.073064e-07,5.256078e-12,4.154747e-09,4.391740e-10,3.961908e-09,4.143542e-09,4.449153e-08,1.049120e-09,5.109502e-09,3.483678e-09,1.486284e-09,7.194367e-09,2.947490e-08,7.603015e-13,1.687640e-09,3.226528e-11,2.534510e-10,2.296611e-12,7.995428e-13,2.496108e-12,1.487034e-08,2.803745e-12
37.011719,1.692148e-10,1.310858e-09,1.019914e-07,7.849509e-08,3.660546e-12,4.500630e-09,6.763361e-10,3.798686e-09,3.581966e-09,4.202410e-08,8.160436e-10,8.260209e-09,4.339873e-09,1.650387e-09,6.018460e-09,2.108303e-08,9.517908e-13,2.733725e-09,2.397021e-11,6.649008e-11,3.487095e-12,1.174490e-12,3.173966e-12,3.536657e-08,7.881598e-12
37.060547,2.094739e-10,1.070343e-09,1.273955e-07,3.136574e-08,4.770262e-12,5.632632e-09,9.205623e-10,4.095879e-09,2.475672e-09,3.727919e-08,7.336501e-10,8.405982e-09,1.780022e-09,9.039596e-10,5.923649e-09,1.722649e-08,1.497212e-12,2.277857e-09,2.413133e-11,1.642615e-10,3.309813e-12,8.226567e-13,2.345230e-12,4.421643e-08,2.617758e-12
37.109375,2.344657e-10,7.943167e-10,1.481027e-07,3.242296e-08,4.223178e-12,7.018684e-09,1.066715e-09,4.199864e-09,1.338991e-09,2.044937e-08,8.729559e-10,6.224199e-09,3.283694e-09,3.663356e-09,9.863594e-09,1.306764e-08,7.679705e-13,1.351433e-09,6.759106e-12,3.357608e-10,5.914527e-12,5.935093e-13,3.329511e-12,3.420922e-08,1.059546e-11
37.158203,2.461225e-10,7.296548e-10,1.668119e-07,9.891007e-08,3.884052e-12,7.342406e-09,1.089499e-09,3.383241e-09,2.025138e-09,7.673724e-09,1.253072e-09,4.841039e-09,6.884032e-09,8.238963e-09,1.004976e-08,6.063365e-09,6.177554e-13,1.109240e-09,1.126557e-11,3.531442e-10,1.461487e-12,1.135107e-12,3.387349e-12,2.603210e-08,1.772176e-11
37.207031,2.557403e-10,8.390757e-10,1.776307e-07,1.550784e-07,4.088883e-12,6.221708e-09,9.895801e-10,1.452374e-09,2.927624e-09,2.282515e-08,1.188849e-09,3.762840e-09,8.231636e-09,1.023448e-08,8.333102e-09,3.128078e-09,1.691396e-12,9.118740e-10,2.804880e-11,2.333467e-10,1.352174e-12,5.794539e-13,4.979793e-12,1.079872e-08,1.514043e-11
37.255859,2.742711e-10,9.220522e-10,1.731391e-07,1.883933e-07,4.141729e-12,4.426389e-09,8.378381e-10,1.522732e-09,2.906827e-09,3.422936e-08,8.060363e-10,3.104918e-09,7.126085e-09,8.103521e-09,5.851085e-09,3.187205e-09,7.535706e-13,7.767854e-10,2.949739e-11,1.560676e-10,2.274983e-12,3.164967e-13,3.835673e-12,8.334814e-09,1.159165e-11
37.304688,2.919926e-10,9.368694e-10,1.519092e-07,1.963902e-07,3.754582e-12,3.092456e-09,8.321450e-10,3.546083e-09,2.471593e-09,4.073829e-08,2.646895e-09,4.173925e-09,7.086115e-09,4.197175e-09,3.208403e-09,8.192717e-09,7.806896e-13,3.712748e-10,1.981285e-11,1.514427e-10,2.931537e-12,4.576609e-13,1.272866e-12,1.517851e-08,6.797117e-12
37.353516,2.933062e-10,9.465160e-10,1.208892e-07,1.893647e-07,3.074742e-12,2.365613e-09,9.523911e-10,3.893735e-09,2.500914e-09,3.754486e-08,3.904596e-09,5.494170e-09,7.218503e-09,1.008906e-09,3.503727e-09,1.268040e-08,4.286534e-13,1.503524e-09,2.167651e-11,1.930861e-10,3.324300e-12,8.488923e-13,4.251656e-12,2.141499e-09,5.553750e-12
37.402344,2.708318e-10,1.023795e-09,9.726458e-08,1.843547e-07,3.407897e-12,1.534663e-09,9.295770e-10,2.760182e-09,3.172903e-09,3.647121e-08,3.745150e-09,7.139895e-09,4.423965e-09,2.295748e-09,6.323610e-09,3.940848e-09,3.897595e-13,1.499344e-09,2.005190e-11,1.443268e-10,5.184165e-12,4.627035e-13,3.409345e-12,1.046678e-08,5.761384e-12
37.451172,2.324661e-10,1.199503e-09,1.020913e-07,1.904049e-07,2.595846e-12,7.648821e-10,6.842840e-10,1.620279e-09,4.009501e-09,4.668412e-08,3.071983e-09,8.599639e-09,5.412373e-09,3.841703e-09,8.315865e-09,9.589073e-09,9.582283e-13,1.878989e-09,2.595328e-11,6.423321e-11,7.133237e-12,4.653952e-13,5.431859e-12,1.202012e-08,1.356928e-11
37.500000,1.948976e-10,1.466297e-09,1.284482e-07,2.028246e-07,1.991527e-12,1.638621e-09,3.716210e-10,1.854371e-09,4.690108e-09,4.542364e-08,2.306092e-09,7.648747e-09,5.573819e-09,4.456940e-09,8.151692e-09,1.648662e-08,1.016693e-12,2.666143e-09,1.644246e-11,1.020259e-10,3.844953e-12,3.908590e-13,5.040589e-12,2.708125e-08,1.141792e-11
37.548828,1.683330e-10,1.794179e-09,1.529556e-07,2.141385e-07,7.419036e-13,2.850512e-09,2.275538e-10,3.288690e-09,4.793805e-09,2.535467e-08,1.512797e-09,4.119129e-09,3.755912e-09,3.886807e-09,1.134097e-08,1.001388e-08,1.318527e-12,3.168133e-09,2.189215e-11,2.565696e-10,3.654709e-12,4.901451e-13,3.790931e-12,3.748437e-08,1.067629e-11
37.597656,1.574294e-10,2.146571e-09,1.623673e-07,2.199709e-07,1.083171e-12,3.485876e-09,2.787433e-10,4.575441e-09,3.751171e-09,9.546042e-09,2.249361e-09,1.296258e-09,1.162131e-10,2.345438e-09,1.348411e-08,2.480410e-09,7.133385e-13,2.838502e-09,3.730794e-11,2.262136e-10,2.207361e-12,7.582986e-13,3.549253e-12,1.336096e-08,9.822069e-12
37.646484,1.580848e-10,2.473299e-09,1.532369e-07,2.168413e-07,2.070061e-12,3.319368e-09,4.332134e-10,4.865114e-09,1.776570e-09,2.152035e-08,3.918033e-09,2.734665e-09,3.457542e-09,1.820117e-09,1.335086e-08,2.182957e-09,4.410053e-13,1.588731e-09,2.219615e-11,3.296062e-10,6.353778e-12,6.245718e-13,3.545066e-12,8.713320e-09,7.136690e-12
37.695312,1.630953e-10,2.719582e-09,1.287640e-07,2.021679e-07,1.137374e-12,2.744483e-09,5.864168e-10,4.533289e-09,2.742663e-09,2.279155e-08,4.961348e-09,2.691866e-09,3.997336e-09,6.272973e-10,7.974281e-09,9.957744e-10,1.368224e-12,1.051064e-09,1.028804e-11,8.007725e-11,7.391705e-12,5.230238e-13,2.588089e-12,2.094890e-08,9.095183e-12
37.744141,1.732433e-10,2.825429e-09,9.617659e-08,1.768232e-07,1.376490e-12,2.426730e-09,6.650674e-10,4.468527e-09,5.316903e-09,1.866824e-08,5.002979e-09,2.114307e-09,4.263246e-09,5.711851e-10,6.056042e-09,3.994983e-09,1.010895e-12,1.736289e-09,2.354082e-11,2.720054e-10,9.270815e-12,2.621432e-13,1.301125e-12,2.443680e-08,1.309983e-12
37.792969,1.923603e-10,2.749782e-09,6.496979e-08,1.454314e-07,8.573688e-13,2.384598e-09,6.873752e-10,4.547103e-09,6.635292e-09,1.223828e-08,5.652581e-09,9.685958e-10,4.448317e-09,9.999002e-10,8.090084e-09,6.384244e-09,8.861850e-13,9.372168e-10,2.096575e-11,1.190781e-10,5.772285e-12,5.585872e-13,1.186270e-12,6.925707e-09,9.179970e-12
37.841797,2.265393e-10,2.482121e-09,4.731824e-08,1.135915e-07,9.187081e-13,2.270736e-09,6.163824e-10,3.910165e-09,6.407101e-09,5.168519e-09,7.472214e-09,4.141822e-09,4.517356e-09,2.643624e-09,6.725238e-09,1.218295e-08,1.077994e-12,3.013356e-09,5.882513e-12,1.051395e-10,4.086922e-12,8.251596e-13,2.400623e-12,7.588535e-09,1.178199e-11
37.890625,2.642685e-10,2.053806e-09,4.929686e-08,8.532276e-08,1.200484e-12,2.114441e-09,4.092256e-10,2.276589e-09,5.625990e-09,1.665903e-08,8.408762e-09,5.329679e-09,4.475926e-09,3.272193e-09,8.141254e-09,1.527437e-08,4.970434e-13,2.331772e-09,7.069697e-12,3.961132e-10,3.376126e-12,9.653829e-13,1.582188e-12,1.255304e-08,6.334687e-12
37.939453,2.914282e-10,1.531801e-09,5.658915e-08,6.499504e-08,2.959116e-12,2.250375e-09,3.314563e-10,1.314251e-09,5.175826e-09,2.290363e-08,7.141217e-09,4.537083e-09,3.052016e-09,3.579189e-09,5.878187e-09,1.532046e-08,6.511613e-13,6.927210e-10,2.612837e-12,4.195952e-10,1.715096e-12,1.026909e-12,3.725217e-12,1.838342e-08,2.734836e-12
37.988281,3.009946e-10,1.033208e-09,5.690132e-08,6.262130e-08,1.487391e-12,2.841041e-09,5.760645e-10,2.930961e-09,4.416704e-09,1.933745e-08,4.151047e-09,5.312295e-09,3.682773e-09,4.812105e-09,2.808365e-09,1.388834e-08,5.711255e-13,2.371205e-09,1.029107e-12,2.183051e-10,2.291703e-12,2.765518e-13,3.757318e-13,8.914861e-09,4.161819e-12
38.037109,2.972517e-10,7.708353e-10,4.832104e-08,8.160682e-08,2.971119e-12,3.440141e-09,7.182229e-10,4.119964e-09,3.088464e-09,1.136762e-08,2.054763e-09,7.486646e-09,3.238912e-09,6.010369e-09,1.405288e-09,1.256020e-08,6.716915e-13,2.879104e-09,2.108394e-11,6.070631e-11,3.687034e-12,6.890136e-13,2.752677e-12,1.787847e-08,9.121480e-12
38.085938,2.971735e-10,8.860267e-10,3.936324e-08,1.088372e-07,1.785091e-12,3.714180e-09,6.755830e-10,4.504737e-09,2.186031e-09,7.416325e-09,3.115065e-09,8.014520e-09,2.301389e-09,4.653828e-09,3.300433e-09,1.038730e-08,7.267468e-13,1.281681e-09,2.997756e-11,1.327199e-10,6.712053e-12,6.630879e-13,3.976234e-12,2.502861e-08,1.889222e-12
38.134766,3.011795e-10,1.134371e-09,4.986218e-08,1.331256e-07,8.973126e-13,3.847365e-09,5.602237e-10,4.379457e-09,1.692909e-09,9.916894e-09,3.509698e-09,5.786116e-09,7.637549e-10,1.326803e-09,6.548629e-09,4.016929e-09,1.169546e-12,1.987823e-09,2.062863e-11,2.832127e-10,4.158294e-12,3.380749e-13,1.398868e-12,2.901078e-08,8.998227e-12
38.183594,3.038346e-10,1.312747e-09,7.988835e-08,1.497388e-07,7.807032e-13,3.902896e-09,4.658718e-10,3.868663e-09,9.925773e-10,1.134509e-08,2.920237e-09,4.357669e-09,2.771386e-09,2.536201e-09,8.620985e-09,1.559157e-09,8.822555e-13,1.168761e-09,1.601433e-11,5.109178e-10,5.342941e-12,4.218211e-13,1.526171e-12,2.489736e-08,9.272824e-12
38.232422,2.921198e-10,1.362767e-09,1.162407e-07,1.586617e-07,1.572186e-12,3.465621e-09,3.770531e-10,2.873426e-09,8.155294e-10,1.132923e-08,2.189832e-09,6.059349e-09,3.035965e-09,2.643874e-09,6.719215e-09,2.541120e-09,1.423324e-12,1.791183e-09,1.841490e-11,3.122402e-10,2.870418e-12,3.876394e-13,2.272351e-12,1.387163e-08,6.321967e-12
38.281250,2.622671e-10,1.294863e-09,1.510561e-07,1.624803e-07,8.307894e-13,2.400222e-09,2.975316e-10,1.440620e-09,9.612299e-10,1.206813e-08,1.351527e-09,7.521558e-09,1.533954e-10,1.514010e-09,1.843283e-09,1.041044e-08,1.200825e-12,1.926462e-09,1.227437e-11,2.101295e-10,2.531246e-12,8.271631e-13,1.776453e-12,3.157090e-09,7.199370e-12
38.330078,2.196489e-10,1.151939e-09,1.784144e-07,1.627404e-07,2.106435e-12,1.247578e-09,2.421871e-10,2.487370e-10,1.200706e-09,7.400677e-09,4.324693e-10,7.513640e-09,1.701444e-09,2.036361e-09,3.374667e-09,1.265789e-08,1.326649e-12,1.372980e-09,1.281303e-11,2.750201e-10,3.646378e-12,2.168527e-13,1.270455e-12,1.038455e-08,5.644070e-12
38.378906,1.714560e-10,9.743658e-10,1.935844e-07,1.563251e-07,2.102372e-12,9.432565e-10,1.805570e-10,9.783650e-10,1.452987e-09,4.355869e-09,1.977264e-10,6.694784e-09,1.996010e-09,1.175069e-09,6.418242e-09,8.250169e-09,2.791679e-13,3.333294e-09,1.553802e-11,3.411243e-10,1.252748e-12,4.276253e-13,3.537530e-13,1.598719e-08,4.912448e-12
38.427734,1.257884e-10,7.727765e-10,1.943221e-07,1.373682e-07,2.367889e-12,1.250090e-09,1.738022e-10,1.159029e-09,2.113566e-09,1.576698e-08,5.574809e-10,7.370743e-09,1.859890e-09,3.034087e-09,7.324774e-09,5.051017e-09,2.894564e-13,3.757386e-09,7.671617e-12,1.894312e-10,1.297557e-12,7.615499e-13,1.972064e-12,2.479853e-08,6.484464e-12
38.476562,9.114871e-11,5.279389e-10,1.818824e-07,1.060572e-07,1.824808e-12,1.695663e-09,2.860612e-10,1.482000e-09,2.960223e-09,2.160629e-08,9.346713e-10,8.360338e-09,2.761482e-09,3.404537e-09,5.581017e-09,6.146689e-09,1.415016e-12,4.235186e-09,4.511137e-12,1.048739e-10,3.531646e-12,3.005582e-13,8.279626e-13,2.009784e-08,3.584313e-12
38.525391,7.516817e-11,2.395708e-10,1.605963e-07,7.916108e-08,3.094357e-12,2.164702e-09,3.958326e-10,2.133078e-09,3.181815e-09,2.689787e-08,1.056246e-09,7.589631e-09,3.740183e-09,3.165012e-09,2.339809e-09,7.330441e-09,6.079842e-13,3.082755e-09,1.374452e-11,9.201052e-11,1.386027e-12,5.695762e-13,1.446770e-12,2.112300e-08,4.325568e-12
38.574219,7.476133e-11,1.709551e-10,1.360797e-07,8.087161e-08,2.677971e-12,2.383110e-09,4.175098e-10,2.527670e-09,2.928881e-09,3.153191e-08,1.116008e-09,4.889813e-09,5.223837e-09,1.789534e-09,7.347236e-10,6.528556e-09,1.129034e-12,1.150639e-09,2.135118e-11,6.214241e-11,3.397738e-12,4.292757e-13,3.876616e-12,1.663452e-08,2.438494e-12
38.623047,7.619093e-11,4.633551e-10,1.129894e-07,9.332058e-08,1.801103e-12,2.241922e-09,3.383835e-10,2.804587e-09,2.632261e-09,2.826696e-08,1.016674e-09,1.863709e-09,8.912705e-09,1.607806e-09,7.520511e-10,1.177376e-08,6.588477e-13,1.705090e-09,2.541754e-11,1.084552e-10,4.778003e-12,2.125767e-13,3.181110e-12,2.696085e-08,5.367212e-12
38.671875,7.239934e-11,7.071101e-10,9.345619e-08,8.869084e-08,1.426680e-12,1.813905e-09,2.476763e-10,3.365338e-09,2.115703e-09,1.925883e-08,7.519830e-10,3.638341e-09,7.599074e-09,3.406527e-09,7.397808e-10,1.006284e-08,1.269021e-12,1.307239e-09,2.058356e-11,3.618277e-11,3.058240e-12,7.740537e-13,1.550946e-12,3.950519e-08,5.166543e-12
38.720703,6.551252e-11,8.649476e-10,7.693326e-08,6.370039e-08,5.094410e-13,1.496176e-09,2.668867e-10,4.132763e-09,1.426374e-09,1.431366e-08,1.008362e-09,4.891913e-09,2.532169e-09,4.837646e-09,1.949900e-09,5.439016e-09,8.803361e-13,2.138434e-09,1.325554e-11,2.257392e-10,1.248254e-12,3.631670e-13,1.142794e-12,1.434965e-08,4.374496e-12
38.769531,5.698592e-11,9.534198e-10,6.150125e-08,3.314669e-08,1.689947e-12,1.766792e-09,2.992895e-10,4.577216e-09,1.190564e-09,1.476250e-08,1.780111e-09,4.177178e-09,3.722480e-09,3.650876e-09,4.273259e-09,2.699728e-09,8.295412e-13,1.963218e-09,5.812524e-13,4.793546e-10,2.892179e-12,1.119939e-13,1.462689e-12,4.011100e-09,5.762452e-12
38.818359,5.652216e-11,9.929331e-10,4.644155e-08,2.744228e-08,2.202058e-12,2.159509e-09,2.452934e-10,4.394544e-09,1.502379e-09,1.534767e-08,2.190700e-09,3.018849e-09,6.932872e-09,1.966906e-09,4.383898e-09,6.643474e-09,5.102039e-13,3.510865e-09,1.205273e-11,4.212370e-10,2.847208e-12,6.507475e-13,2.380776e-12,1.276253e-08,3.627124e-12
38.867188,6.207401e-11,9.717190e-10,3.636281e-08,3.803187e-08,1.630426e-12,2.218299e-09,1.792095e-10,3.991929e-09,1.386969e-09,1.552107e-08,1.676652e-09,2.981542e-09,8.308731e-09,2.603062e-09,2.074382e-09,9.889383e-09,1.304565e-12,3.422325e-09,1.250779e-11,3.721069e-10,1.427165e-12,3.625210e-13,1.849744e-12,2.118864e-09,7.240458e-12
38.916016,7.220977e-11,8.669464e-10,4.094532e-08,3.831321e-08,2.418578e-12,2.054794e-09,3.746261e-10,3.811319e-09,5.999158e-10,1.367216e-08,1.293817e-09,5.654439e-09,7.135873e-09,3.541752e-09,8.750145e-10,1.173449e-08,1.121110e-12,1.721721e-09,9.883585e-12,1.448025e-10,7.090647e-13,2.013231e-13,2.325887e-12,2.964437e-08,4.414015e-12
38.964844,8.305310e-11,6.832138e-10,5.626879e-08,2.827655e-08,1.083414e-12,2.001106e-09,6.569862e-10,3.591883e-09,6.305006e-10,7.845778e-09,1.792214e-09,7.916243e-09,7.267331e-09,3.135528e-09,1.939584e-09,1.216002e-08,6.978547e-13,7.769789e-10,2.308293e-12,5.322795e-11,1.700215e-12,8.107122e-13,2.093522e-12,6.145756e-09,1.593708e-12
39.013672,9.185284e-11,4.858528e-10,7.063056e-08,2.288190e-08,1.453113e-12,2.098698e-09,8.187546e-10,3.143261e-09,1.169652e-09,9.719547e-09,1.424951e-09,8.476063e-09,7.121568e-09,1.452499e-09,2.640478e-09,1.071796e-08,2.994736e-13,1.676105e-09,8.310780e-12,8.660676e-11,2.252742e-12,6.991736e-13,2.735411e-12,1.109412e-08,3.145595e-12
39.062500,9.487275e-11,4.015210e-10,7.737237e-08,4.085926e-08,1.731516e-12,2.130876e-09,7.755934e-10,2.621678e-09,1.620637e-09,1.875451e-08,4.743363e-10,7.660423e-09,4.376925e-09,2.740250e-09,2.263255e-09,9.290805e-09,1.101856e-12,2.119392e-09,8.629726e-12,9.093544e-11,5.296853e-13,4.977481e-13,1.633616e-12,5.323260e-09,8.125932e-12
39.111328,9.409971e-11,4.799274e-10,7.418382e-08,6.202124e-08,2.350183e-12,1.941482e-09,6.169293e-10,2.121697e-09,2.086316e-09,2.309893e-08,1.014677e-09,5.539219e-09,2.728256e-09,4.691674e-09,2.860492e-09,8.939039e-09,4.090637e-13,3.034034e-09,1.399290e-11,2.808456e-10,3.951006e-12,6.619281e-13,1.019104e-12,8.054294e-09,8.227004e-12
39.160156,8.915591e-11,6.325257e-10,6.254206e-08,7.149443e-08,1.885695e-12,1.530589e-09,5.735623e-10,1.607169e-09,1.953508e-09,2.375486e-08,1.493197e-09,5.633953e-09,2.547222e-09,4.646173e-09,4.084605e-09,1.025681e-08,3.916907e-13,3.004944e-09,1.817643e-11,1.739828e-10,3.682154e-12,3.072436e-13,5.983271e-13,1.319714e-08,7.551384e-12
39.208984,8.027601e-11,7.829444e-10,4.754784e-08,6.828819e-08,1.701024e-12,1.196276e-09,6.366393e-10,1.024403e-09,1.114730e-09,2.495128e-08,1.703336e-09,4.016192e-09,2.106850e-09,3.009114e-09,5.774964e-09,1.190290e-08,9.027640e-13,2.160835e-09,2.399024e-11,3.568795e-10,3.887773e-12,5.422323e-13,1.844272e-12,1.759229e-08,2.323353e-12
39.257812,7.341814e-11,8.655888e-10,3.782296e-08,7.003957e-08,1.293202e-12,1.513332e-09,6.035570e-10,4.697235e-10,1.305598e-10,2.585298e-08,1.705775e-09,2.961395e-09,1.979254e-09,2.439933e-09,6.615418e-09,4.055085e-09,5.629235e-13,1.156353e-09,2.171410e-11,2.463984e-10,1.737852e-12,8.570701e-13,1.835398e-12,2.484759e-08,4.921547e-12
39.306641,6.514456e-11,8.092664e-10,4.074609e-08,9.199170e-08,1.305585e-12,2.167281e-09,4.355010e-10,2.271242e-10,7.222220e-10,2.394608e-08,1.889983e-09,4.025399e-09,2.955605e-09,3.891328e-09,5.656599e-09,7.275111e-09,5.297689e-13,1.074753e-09,1.475648e-11,1.954101e-10,1.722745e-12,6.434606e-13,1.602709e-12,1.973012e-08,3.895460e-12
39.355469,5.549381e-11,5.855432e-10,5.175354e-08,1.167259e-07,1.228558e-12,2.588840e-09,2.053924e-10,5.358687e-10,1.075023e-09,1.932145e-08,2.215303e-09,1.645629e-09,3.836892e-09,4.543826e-09,5.171601e-09,1.313440e-08,8.484954e-13,7.579958e-10,1.164919e-11,2.339675e-10,2.374351e-12,4.364520e-13,4.003054e-13,3.419079e-08,1.509061e-12
39.404297,5.145153e-11,2.588365e-10,6.221722e-08,1.252574e-07,1.751276e-12,2.634218e-09,7.242443e-11,1.346562e-09,1.233988e-09,1.229356e-08,2.248146e-09,3.478634e-09,3.192527e-09,4.430638e-09,3.969707e-09,1.360289e-08,8.067988e-13,1.719578e-09,5.825060e-12,1.952632e-10,3.068043e-13,7.174708e-13,2.805988e-12,2.957610e-08,1.554919e-12
39.453125,5.489141e-11,2.864900e-10,6.596501e-08,1.151102e-07,6.351121e-13,2.451361e-09,2.006989e-10,1.928566e-09,1.403395e-09,7.815112e-09,2.430857e-09,4.593758e-09,3.019924e-09,2.070396e-09,1.873939e-09,8.229722e-09,5.202646e-13,2.752716e-09,4.856864e-12,1.690643e-10,5.782519e-13,5.742569e-13,2.085878e-12,1.085885e-08,2.943526e-12
39.501953,6.779816e-11,5.894768e-10,5.906650e-08,1.014778e-07,1.203305e-12,2.264902e-09,2.611263e-10,1.673855e-09,1.506099e-09,1.157659e-08,2.922069e-09,5.172080e-09,4.149759e-09,6.467344e-10,1.907312e-09,2.062054e-09,6.972550e-13,2.452885e-09,7.401008e-12,1.430900e-10,1.818289e-12,5.132090e-13,1.745113e-12,8.880896e-09,3.300277e-12
39.550781,8.026844e-11,7.556551e-10,4.197467e-08,1.036526e-07,5.281166e-13,2.169718e-09,2.373949e-10,1.277748e-09,1.699246e-09,1.385546e-08,3.076983e-09,5.530570e-09,4.562572e-09,1.046091e-09,7.315882e-10,1.708247e-09,8.449682e-13,5.981222e-10,2.048270e-12,1.642791e-10,1.051244e-13,5.361629e-13,7.050127e-13,2.268895e-08,2.575885e-12
39.599609,8.980048e-11,7.355722e-10,2.565928e-08,1.154888e-07,1.496543e-12,2.084911e-09,2.540582e-10,2.003297e-09,2.249679e-09,1.484085e-08,2.656126e-09,5.543351e-09,4.534661e-09,2.586363e-09,6.286270e-10,4.958442e-09,7.200541e-13,1.202420e-09,1.388670e-11,7.540819e-11,5.779017e-13,7.147606e-13,5.045431e-13,1.222184e-08,3.293253e-12
39.648438,9.641399e-11,5.690852e-10,3.491310e-08,1.184711e-07,2.881857e-13,1.818462e-09,4.098620e-10,2.220579e-09,2.786857e-09,1.728248e-08,2.088415e-09,5.667426e-09,4.667308e-09,3.532591e-09,1.200309e-09,6.585994e-09,6.957438e-13,5.518909e-10,1.090738e-11,7.893007e-11,3.015489e-12,3.030779e-13,6.544876e-13,1.496217e-08,2.004469e-12
39.697266,1.058240e-10,3.598804e-10,5.375110e-08,1.072305e-07,1.023223e-12,1.272168e-09,5.652023e-10,1.523943e-09,2.897691e-09,2.065599e-08,1.902437e-09,5.562744e-09,4.227924e-09,3.004765e-09,2.158249e-09,2.261948e-09,1.085848e-12,1.078010e-09,1.260331e-11,2.588572e-10,1.627471e-12,5.213889e-13,1.410387e-13,1.385765e-08,2.308778e-12
39.746094,1.133337e-10,3.072523e-10,6.468907e-08,8.838274e-08,1.076225e-12,5.897029e-10,6.123344e-10,1.305701e-09,2.503324e-09,2.305488e-08,1.953578e-09,5.114654e-09,3.295925e-09,2.819148e-09,2.367488e-09,9.025643e-09,1.246923e-12,6.228977e-10,2.427944e-12,1.884775e-10,2.642443e-12,8.707871e-13,6.788297e-13,1.375018e-08,4.453700e-12
39.794922,1.179636e-10,4.496942e-10,6.491010e-08,7.051176e-08,1.671542e-12,1.819457e-11,5.438799e-10,1.694227e-09,1.692020e-09,2.553399e-08,2.086835e-09,3.805371e-09,3.160308e-09,4.446092e-09,2.622520e-09,1.079141e-08,6.200525e-13,1.367412e-09,3.054629e-12,1.245751e-10,1.453702e-12,4.974596e-13,1.331446e-12,1.400612e-08,5.014942e-12
39.843750,1.129886e-10,5.925865e-10,5.650763e-08,5.577998e-08,1.889675e-12,3.463685e-10,4.375707e-10,1.544535e-09,7.691700e-10,2.642647e-08,2.203564e-09,1.459973e-09,3.112946e-09,5.785932e-09,4.118419e-09,1.061342e-08,1.560529e-12,2.131078e-09,5.053350e-12,4.534487e-11,1.639012e-12,5.651760e-13,1.089455e-12,1.388050e-08,4.039713e-12
39.892578,1.006054e-10,6.625654e-10,4.387909e-08,4.174784e-08,1.660998e-12,5.199317e-10,3.597432e-10,1.194123e-09,9.369143e-10,1.735680e-08,2.158414e-09,2.339022e-09,2.800422e-09,5.712538e-09,5.052282e-09,6.700640e-09,5.170295e-13,2.364480e-09,1.177851e-11,2.435385e-10,1.690898e-12,4.007879e-13,3.962055e-13,2.134992e-08,4.818640e-12
39.941406,8.574897e-11,6.436111e-10,3.651707e-08,2.844908e-08,2.198008e-12,4.826412e-10,2.876791e-10,1.174385e-09,1.312669e-09,3.887656e-09,2.271046e-09,4.070784e-09,2.893643e-09,3.380287e-09,5.534833e-09,2.781590e-09,5.488688e-13,1.743782e-09,1.927750e-11,2.128365e-10,3.030477e-12,3.889151e-13,4.935720e-13,2.838762e-08,3.792684e-12
39.990234,7.717819e-11,5.423101e-10,4.600163e-08,1.892447e-08,1.555898e-12,3.365419e-10,1.888452e-10,1.070684e-09,1.018563e-09,2.337832e-08,2.677964e-09,6.182931e-09,3.168440e-09,2.227081e-09,6.624964e-09,2.733579e-09,1.418994e-12,1.465182e-09,1.466467e-11,6.987292e-11,3.461257e-12,2.279315e-13,3.452018e-13,1.448969e-08,5.036657e-12
40.039062,7.826600e-11,3.827380e-10,6.381632e-08,1.573328e-08,1.039309e-12,5.730774e-10,1.187868e-10,7.694142e-10,5.597634e-10,3.325838e-08,2.740124e-09,8.515456e-09,2.842064e-09,4.179157e-10,5.306390e-09,2.036107e-09,2.032920e-13,8.271849e-10,6.947154e-12,1.639560e-10,2.271400e-12,2.006889e-13,7.114982e-13,2.920693e-08,2.579277e-12
40.087891,8.389718e-11,2.098023e-10,7.695554e-08,1.864091e-08,1.034092e-12,9.812341e-10,2.197602e-10,1.250739e-09,5.337741e-10,3.202290e-08,2.095314e-09,8.839645e-09,3.272782e-09,3.866263e-09,5.811027e-09,2.179934e-09,2.759755e-13,1.784802e-09,4.364693e-12,2.153499e-10,5.419807e-13,4.115871e-13,1.091730e-12,1.881019e-08,7.819900e-13
40.136719,8.593646e-11,7.574570e-11,8.060994e-08,2.515867e-08,7.752218e-13,1.406749e-09,3.459751e-10,1.898787e-09,7.770769e-10,2.510913e-08,1.401646e-09,6.708818e-09,4.757390e-09,4.595854e-09,6.393790e-09,4.506138e-09,7.546952e-13,1.479656e-09,7.195169e-12,2.025446e-10,2.080762e-12,1.819145e-13,1.402340e-12,2.670850e-08,3.363952e-12
40.185547,7.928437e-11,7.772861e-11,7.765435e-08,3.329314e-08,4.589686e-13,1.790439e-09,3.803621e-10,2.145153e-09,1.711916e-09,1.462783e-08,1.450355e-09,6.222717e-09,5.206606e-09,2.516929e-09,4.224088e-09,5.080496e-09,1.589825e-12,1.200607e-09,1.022413e-11,3.114272e-11,7.173972e-13,4.555146e-13,7.763306e-13,1.829026e-08,1.856417e-12
40.234375,6.504081e-11,1.564978e-10,7.524190e-08,4.144346e-08,1.891025e-12,1.876543e-09,2.932984e-10,2.260505e-09,2.358352e-09,2.434281e-09,1.295054e-09,8.981639e-09,3.801311e-09,2.549950e-09,1.599252e-09,7.494886e-09,1.581113e-13,6.979473e-10,9.731069e-12,1.308968e-10,1.487498e-12,3.047739e-13,5.026089e-13,1.097190e-08,2.706885e-12
40.283203,4.955883e-11,2.860019e-10,7.705805e-08,4.618701e-08,8.110101e-13,1.515036e-09,1.127328e-10,2.294472e-09,2.121118e-09,1.065662e-08,6.970066e-10,8.656911e-09,1.408468e-09,3.399431e-09,3.061715e-09,8.179654e-09,9.952626e-13,1.219355e-09,6.048792e-12,1.437603e-10,8.083278e-13,3.706308e-13,1.733798e-12,1.600055e-08,3.710402e-12
40.332031,4.415432e-11,4.545328e-10,8.136466e-08,4.279952e-08,9.322605e-13,1.051054e-09,1.163134e-10,1.939274e-09,1.241522e-09,1.786560e-08,4.665144e-10,5.722227e-09,1.410027e-09,2.991143e-09,5.017416e-09,4.484160e-09,6.433853e-13,1.851667e-09,6.129150e-12,6.082893e-11,2.839423e-12,8.227129e-13,6.989798e-13,1.334553e-08,2.389120e-12
40.380859,4.977476e-11,5.971636e-10,8.886307e-08,3.064991e-08,9.596429e-13,1.121978e-09,3.372446e-10,1.429142e-09,3.814778e-10,1.986366e-08,5.574651e-10,3.877332e-09,2.274963e-09,2.682742e-09,6.560551e-09,1.455987e-09,1.599259e-13,1.955194e-09,5.688648e-12,9.813880e-11,5.588986e-14,5.764773e-13,1.967430e-12,1.922223e-08,3.460587e-12
40.429688,6.051929e-11,6.456521e-10,1.033432e-07,2.729416e-08,6.107081e-13,1.311630e-09,4.793133e-10,1.513286e-09,2.169253e-10,1.745445e-08,6.150099e-10,2.397389e-09,2.702563e-10,2.146801e-09,6.603936e-09,1.727848e-09,9.534589e-13,9.791429e-10,6.357445e-12,1.118257e-11,8.530866e-13,2.345442e-13,7.750892e-13,9.791692e-09,2.432115e-12
40.478516,7.189467e-11,5.821161e-10,1.233351e-07,4.816381e-08,4.692001e-13,1.160143e-09,4.993987e-10,1.940498e-09,6.483912e-10,1.208056e-08,7.803386e-10,2.746783e-09,2.498198e-09,8.588400e-10,4.631198e-09,3.646654e-10,1.037955e-12,2.324334e-10,1.593803e-11,1.029109e-10,8.773988e-13,2.422528e-13,9.947594e-13,3.488397e-09,1.062508e-12
40.527344,7.910430e-11,5.028339e-10,1.418065e-07,6.840153e-08,1.644199e-12,7.400283e-10,4.532441e-10,2.118936e-09,1.048157e-09,5.791715e-09,1.065173e-09,4.272583e-09,2.959423e-09,8.073964e-10,2.051807e-09,1.113445e-09,7.046728e-13,5.458256e-10,1.213877e-11,6.997710e-11,2.009886e-12,3.245782e-13,6.028908e-13,3.601927e-09,1.750323e-12
40.576172,8.699731e-11,5.970608e-10,1.531631e-07,7.506593e-08,1.678790e-12,2.132401e-10,4.330730e-10,1.948558e-09,1.309570e-09,6.440588e-09,1.521967e-09,4.663754e-09,2.775080e-09,1.611574e-09,1.242693e-09,3.534240e-09,3.707458e-13,1.571721e-09,1.213384e-11,2.071761e-11,2.842496e-12,1.459336e-13,1.088562e-12,2.263144e-09,2.513603e-12
40.625000,9.215730e-11,8.200910e-10,1.565672e-07,6.749320e-08,7.001851e-13,4.271059e-10,4.155522e-10,1.587876e-09,1.356571e-09,1.724856e-08,1.947456e-09,4.381935e-09,2.568614e-09,1.404459e-09,1.669015e-09,4.086460e-09,7.196610e-13,1.420845e-09,1.606210e-11,8.066290e-11,3.975330e-12,5.664192e-13,6.876960e-13,3.842255e-09,1.577296e-12
40.673828,9.440322e-11,9.928879e-10,1.540910e-07,5.358971e-08,1.211276e-12,1.055983e-09,4.075165e-10,1.350803e-09,1.360268e-09,2.959118e-08,2.017637e-09,4.476724e-09,1.867007e-09,1.413867e-09,2.224381e-09,2.625054e-09,3.458621e-13,1.185181e-09,1.629651e-11,5.451257e-11,1.417076e-12,5.174180e-13,1.489789e-12,4.913796e-09,7.765691e-13
40.722656,8.806373e-11,1.034756e-09,1.466794e-07,4.405401e-08,1.078857e-12,1.551652e-09,4.855465e-10,1.364335e-09,1.624633e-09,3.806048e-08,1.451020e-09,3.329048e-09,8.635027e-10,1.829337e-09,1.761701e-09,1.808766e-09,2.856255e-13,1.254381e-09,4.546409e-12,8.082775e-11,1.498538e-12,2.505560e-13,5.756557e-13,1.059100e-08,3.471381e-12
40.771484,7.428343e-11,9.604798e-10,1.325097e-07,4.300546e-08,8.441537e-13,1.785630e-09,5.498166e-10,1.401856e-09,1.950428e-09,4.170125e-08,7.848545e-10,2.206084e-09,6.734250e-10,2.120971e-09,1.660836e-09,2.702082e-09,8.708496e-13,2.780331e-09,8.549970e-12,4.563676e-11,1.298648e-12,5.091060e-13,1.808980e-12,2.079083e-08,3.351557e-12
40.820312,6.048919e-11,8.460788e-10,1.095894e-07,4.500313e-08,8.206744e-13,1.752776e-09,4.924511e-10,1.414895e-09,2.151281e-09,4.104131e-08,6.131255e-10,2.753182e-09,1.015261e-09,1.993689e-09,3.346203e-09,1.282454e-09,1.185311e-12,2.298311e-09,3.928948e-12,3.863932e-11,2.235752e-12,3.948857e-13,1.370934e-12,2.224722e-08,2.586383e-12
40.869141,5.569338e-11,7.601584e-10,7.940862e-08,4.198885e-08,5.620562e-13,1.528675e-09,3.498461e-10,1.636937e-09,2.087091e-09,3.267746e-08,2.206658e-10,4.211443e-09,5.917977e-10,2.303444e-09,5.627567e-09,3.658430e-09,1.163634e-12,1.100383e-09,3.763633e-12,4.980635e-11,1.355323e-12,7.637737e-13,8.333677e-13,8.017663e-09,1.536968e-12
40.917969,5.794588e-11,7.012630e-10,4.892936e-08,2.810411e-08,3.704377e-13,1.230496e-09,2.507509e-10,2.113443e-09,1.549941e-09,1.776176e-08,1.404161e-09,5.132980e-09,3.755575e-10,3.424245e-09,6.426806e-09,4.977053e-09,8.340745e-14,4.420383e-10,5.311523e-12,8.970546e-11,1.116229e-12,6.856190e-13,8.647090e-13,7.923458e-09,5.410178e-13
40.966797,5.643530e-11,6.312914e-10,3.229927e-08,3.881760e-09,6.844429e-13,9.891834e-10,2.270090e-10,2.312595e-09,9.689075e-10,1.005138e-08,1.966798e-09,5.773916e-09,1.127556e-09,3.899138e-09,5.772124e-09,5.355645e-09,4.200504e-14,7.558476e-10,5.890360e-12,1.244973e-10,1.435795e-12,1.945436e-13,4.758208e-13,4.687986e-09,1.271123e-12
41.015625,4.291689e-11,5.308244e-10,3.638116e-08,2.253791e-08,8.744153e-13,8.023511e-10,1.983760e-10,1.945066e-09,1.200142e-09,1.032611e-08,1.760775e-09,6.847503e-09,1.238617e-09,3.110252e-09,3.869546e-09,6.994223e-09,8.239781e-13,9.512485e-10,6.466251e-12,1.627411e-10,7.939619e-13,3.416619e-13,3.266370e-13,6.871931e-09,1.032466e-12
41.064453,2.789993e-11,4.118930e-10,4.210776e-08,4.010330e-08,1.238716e-12,5.366541e-10,1.696913e-10,1.832743e-09,1.506687e-09,4.681329e-09,1.348458e-09,7.294101e-09,1.450123e-09,2.163986e-09,2.227234e-09,8.708529e-09,4.624260e-13,1.587236e-10,4.897069e-12,1.638291e-10,9.101819e-13,2.084363e-13,4.823801e-13,4.676591e-09,2.766970e-12
41.113281,3.107959e-11,2.985535e-10,4.189193e-08,4.247566e-08,8.673255e-13,3.437591e-10,1.820272e-10,2.278481e-09,1.749905e-09,4.327301e-09,1.154041e-09,7.186743e-09,1.279428e-09,2.976562e-09,2.024551e-09,6.158854e-09,5.774270e-14,1.408543e-09,4.946900e-12,7.523716e-11,7.507172e-13,1.826015e-13,1.028760e-12,1.359853e-08,3.773323e-12
41.162109,4.759867e-11,2.398816e-10,4.030123e-08,3.314099e-08,1.341983e-12,5.356340e-10,2.050193e-10,2.254124e-09,1.914410e-09,7.794470e-09,1.281013e-09,6.419563e-09,1.157103e-09,2.912561e-09,1.949204e-09,1.257157e-08,9.669494e-13,1.768826e-09,1.199787e-12,1.714873e-11,3.165752e-13,5.512028e-13,1.193738e-12,1.166430e-08,4.909167e-12
41.210938,5.904414e-11,2.781372e-10,4.423173e-08,2.578910e-08,1.332447e-12,6.202399e-10,1.977095e-10,1.836127e-09,1.691060e-09,1.170786e-08,9.051410e-10,4.667875e-09,1.823352e-09,1.473991e-09,2.451233e-09,1.594846e-08,3.645141e-13,6.937285e-10,2.535543e-12,1.252769e-10,9.428445e-13,1.956625e-13,2.938333e-13,1.041776e-08,3.625935e-12
41.259766,6.492524e-11,3.424453e-10,5.384397e-08,3.416201e-08,1.528964e-12,4.250542e-10,1.544748e-10,1.577062e-09,1.298755e-09,1.598568e-08,3.879159e-10,2.694007e-09,1.711480e-09,3.443342e-10,2.437884e-09,1.554226e-08,7.728013e-13,9.130744e-10,3.616698e-12,1.520766e-10,1.138092e-12,3.511748e-13,3.642295e-13,1.930457e-08,1.620207e-12
41.308594,6.624155e-11,3.720694e-10,6.401726e-08,5.374055e-08,9.127717e-13,2.682342e-10,9.099501e-11,1.218162e-09,1.147239e-09,1.939012e-08,7.248646e-10,2.465970e-09,3.174773e-09,1.108658e-09,1.400155e-09,8.313909e-09,5.975169e-13,1.502069e-09,9.201300e-12,4.728018e-11,1.579133e-12,5.299990e-13,1.548782e-12,2.649163e-08,4.136310e-13
41.357422,6.462845e-11,3.655502e-10,7.056544e-08,7.523814e-08,9.529732e-13,7.331282e-10,7.649168e-11,7.826561e-10,9.754404e-10,2.388432e-08,6.757274e-10,3.308897e-09,4.259479e-09,2.004834e-09,2.084728e-09,2.807337e-09,9.597509e-13,9.056861e-10,8.341389e-12,8.841573e-11,1.317819e-12,2.387565e-13,1.508065e-12,2.894368e-08,1.183544e-12
41.406250,6.355436e-11,3.501712e-10,7.142998e-08,8.764243e-08,5.609311e-13,1.311043e-09,1.458321e-10,7.409590e-10,6.471754e-10,2.743375e-08,6.375086e-10,3.495227e-09,3.308970e-09,1.683931e-09,3.761180e-09,2.098066e-09,1.360334e-12,7.346653e-10,2.155470e-12,1.366011e-10,1.055215e-12,1.134102e-13,9.309669e-13,2.334866e-08,1.167318e-12
41.455078,6.432742e-11,3.347411e-10,6.661315e-08,8.432290e-08,8.162977e-13,1.787793e-09,1.913413e-10,8.337387e-10,4.958539e-10,2.714303e-08,2.082115e-10,4.577424e-09,1.910439e-09,6.065417e-10,5.405175e-09,2.579096e-09,5.191180e-13,1.681459e-09,6.726171e-12,1.118638e-10,1.467815e-12,4.191914e-13,1.503761e-12,2.160455e-08,3.020514e-13
41.503906,6.552248e-11,2.824356e-10,5.840813e-08,7.305801e-08,1.222056e-12,1.990773e-09,1.740645e-10,9.620744e-10,9.448318e-10,2.148573e-08,8.146518e-10,5.199487e-09,1.549582e-09,1.040503e-09,5.978303e-09,4.987076e-09,2.730653e-13,2.315695e-09,8.720145e-12,4.715070e-11,1.316769e-12,6.770735e-13,1.147146e-12,5.841203e-09,2.585202e-12
41.552734,6.741079e-11,1.708172e-10,5.129966e-08,7.343094e-08,7.628017e-13,1.871595e-09,1.164969e-10,9.041354e-10,1.666011e-09,1.060860e-08,1.504354e-09,3.821082e-09,1.285787e-09,1.623085e-09,5.807894e-09,5.036598e-09,1.878017e-13,1.246895e-09,6.710538e-12,5.311054e-11,9.937765e-13,4.381521e-13,2.075205e-13,1.948744e-08,2.096713e-12
41.601562,6.639306e-11,5.725908e-11,4.931771e-08,8.450153e-08,5.872753e-13,1.615584e-09,9.820428e-11,6.295301e-10,2.240205e-09,1.059325e-09,1.976068e-09,1.753376e-09,8.972398e-10,2.476021e-09,4.911136e-09,3.856837e-09,6.084421e-13,7.810459e-11,7.549515e-13,7.799390e-11,2.494920e-12,2.404634e-13,5.557985e-13,1.030158e-08,9.684728e-13
41.650391,5.957788e-11,1.900259e-10,5.105812e-08,8.720107e-08,6.890429e-13,1.579957e-09,1.342014e-10,5.303173e-10,2.462892e-09,7.945787e-09,2.500655e-09,2.252454e-09,5.168116e-10,2.752014e-09,2.661898e-09,2.838547e-09,1.720653e-12,8.295942e-10,2.881769e-12,5.700818e-11,1.949565e-13,4.826084e-13,3.138190e-13,1.060603e-08,1.177049e-12
41.699219,5.093056e-11,3.266827e-10,5.112885e-08,7.553149e-08,1.230515e-12,1.821306e-09,1.647139e-10,5.636278e-10,2.289514e-09,1.254219e-08,2.671939e-09,3.272000e-09,7.897806e-10,2.075039e-09,1.418539e-09,2.182413e-09,1.572638e-12,1.172517e-09,4.370858e-12,5.277016e-11,8.582184e-13,8.023914e-14,4.069714e-13,1.257898e-08,2.385066e-12
41.748047,4.515887e-11,4.018655e-10,4.602486e-08,5.730725e-08,2.925452e-13,2.015691e-09,1.656359e-10,6.218634e-10,1.692224e-09,2.085994e-08,2.392456e-09,3.319653e-09,9.706611e-10,8.027347e-10,2.090236e-09,3.986302e-09,4.004494e-13,1.586332e-09,4.553765e-12,7.504547e-11,7.936267e-13,1.405334e-13,5.620357e-13,2.535294e-08,1.495322e-12
41.796875,4.053263e-11,4.118998e-10,3.611207e-08,4.292750e-08,5.888509e-13,2.010548e-09,1.248513e-10,6.657603e-10,7.994574e-10,2.830091e-08,2.080022e-09,3.008405e-09,1.615048e-09,1.130190e-09,4.084311e-09,4.217705e-09,5.568109e-13,1.971543e-09,7.241022e-13,3.578916e-11,1.098142e-12,2.287206e-13,7.967981e-13,2.019184e-08,2.456074e-12
41.845703,4.009719e-11,3.706534e-10,2.484115e-08,3.394142e-08,8.393753e-13,1.903123e-09,5.316686e-11,6.309273e-10,4.398786e-10,3.100422e-08,1.954307e-09,2.637708e-09,1.962444e-09,5.940690e-10,5.687238e-09,1.946894e-09,5.649167e-13,1.972220e-09,6.260001e-12,3.634993e-11,1.041843e-12,5.095653e-13,3.626584e-13,1.491740e-08,2.867122e-12
41.894531,4.428642e-11,2.937205e-10,1.706521e-08,2.667427e-08,1.426336e-12,1.799831e-09,5.015594e-11,8.177696e-10,8.707726e-10,2.937339e-08,1.811262e-09,2.189485e-09,2.607231e-09,2.423114e-09,4.552166e-09,4.878102e-09,1.058124e-12,1.916471e-09,8.378958e-12,4.384679e-11,5.334717e-13,8.541939e-13,9.980328e-13,5.990049e-09,1.994481e-12
41.943359,5.601387e-11,1.952524e-10,1.463467e-08,2.299147e-08,1.162283e-12,1.623459e-09,1.059007e-10,1.079339e-09,9.663680e-10,2.583366e-08,1.641108e-09,2.260254e-09,3.709047e-09,3.020499e-09,1.942879e-09,3.942416e-09,2.566737e-13,2.139097e-09,1.073586e-11,2.482449e-11,1.617148e-12,7.525081e-13,3.575707e-13,8.941762e-09,2.668495e-12
41.992188,6.556952e-11,9.393647e-11,1.241221e-08,2.513038e-08,1.684441e-12,1.360448e-09,1.511104e-10,1.162358e-09,8.500884e-10,2.573834e-08,1.426145e-09,2.406241e-09,4.154128e-09,2.344919e-09,3.093408e-09,9.281651e-10,5.528208e-13,9.156114e-10,9.611081e-12,1.001865e-10,1.393041e-12,3.939154e-13,1.144833e-12,7.471975e-09,6.713277e-13
42.041016,6.799011e-11,1.509260e-11,5.949469e-09,2.877683e-08,1.642722e-12,1.227121e-09,1.806139e-10,1.139281e-09,8.284512e-10,2.867759e-08,1.143360e-09,1.831072e-09,3.542491e-09,1.743129e-09,4.957322e-09,3.545943e-09,6.072400e-13,5.555724e-10,7.809323e-12,1.321759e-10,9.845044e-13,4.554980e-13,7.092181e-13,1.185190e-08,2.001154e-12
42.089844,6.440779e-11,3.171109e-11,9.085071e-09,2.911023e-08,1.121600e-12,1.273868e-09,1.761777e-10,9.459459e-10,9.614768e-10,2.733548e-08,1.458887e-09,9.142815e-10,3.261247e-09,1.943666e-09,4.296350e-09,3.540744e-09,3.308142e-13,9.537722e-10,2.763610e-12,1.043596e-10,1.705385e-12,3.907202e-13,5.908722e-13,1.612724e-08,1.976624e-12
42.138672,5.129067e-11,8.701845e-11,2.539506e-08,2.392059e-08,1.079916e-12,1.216648e-09,1.305617e-10,4.261411e-10,9.586085e-10,2.066173e-08,2.038711e-09,2.068029e-09,3.165301e-09,2.554625e-09,5.427438e-09,6.309602e-10,9.849548e-13,1.016755e-09,5.920275e-12,1.164708e-10,6.740194e-13,3.341975e-13,6.766476e-13,6.771405e-09,1.339930e-12
42.187500,3.556925e-11,1.855176e-10,4.035102e-08,1.621059e-08,1.040644e-12,9.076387e-10,6.656206e-11,6.663439e-10,7.203570e-10,1.380898e-08,2.288123e-09,4.043958e-09,1.334348e-09,2.438697e-09,3.805759e-09,2.422585e-09,7.388812e-13,1.259425e-09,4.960925e-12,1.606103e-10,1.518879e-12,5.928275e-13,1.729470e-13,1.251380e-08,1.418480e-12
42.236328,2.039084e-11,2.991144e-10,4.702143e-08,1.704596e-08,8.392328e-13,4.467050e-10,2.936281e-11,1.460759e-09,5.031308e-10,1.026812e-08,2.226515e-09,5.457862e-09,1.050137e-09,2.123946e-09,1.095550e-09,3.172559e-09,5.435818e-13,5.374421e-10,2.658169e-12,1.901570e-10,7.352154e-13,2.615529e-13,4.415704e-13,1.482243e-08,3.531310e-12
42.285156,7.600995e-12,3.943467e-10,4.091661e-08,2.565914e-08,6.366857e-13,7.080617e-11,2.634696e-11,1.984808e-09,4.180685e-10,1.041684e-08,1.907322e-09,4.807523e-09,9.545520e-10,2.086495e-09,3.148812e-09,3.922078e-09,4.045406e-13,8.906186e-10,2.596592e-12,1.244636e-10,4.803741e-13,7.590429e-13,1.497273e-12,9.168604e-09,1.780985e-12
42.333984,3.620381e-12,4.507632e-10,2.352786e-08,3.363373e-08,8.320409e-13,2.242663e-10,3.911993e-11,2.202616e-09,1.600657e-10,1.368610e-08,1.537998e-09,2.657248e-09,2.240832e-09,1.851438e-09,4.486986e-09,5.041756e-09,4.981106e-13,2.935078e-10,4.059706e-12,6.829682e-11,6.351840e-13,3.110559e-13,3.802456e-13,7.106774e-09,2.770443e-12
42.382812,1.095808e-11,4.719696e-10,1.556946e-08,3.865484e-08,9.067725e-13,4.152764e-10,9.276855e-11,2.187433e-09,2.752669e-10,1.832063e-08,1.645246e-09,1.356239e-09,2.101315e-09,1.201085e-09,3.501901e-09,5.937004e-09,1.897558e-13,7.618964e-10,4.538125e-12,8.481883e-11,1.189653e-12,7.734621e-13,1.440141e-12,7.172210e-09,1.316575e-12
42.431641,1.747384e-11,4.779348e-10,3.468820e-08,3.702965e-08,1.025986e-12,6.732581e-10,1.438644e-10,2.064569e-09,6.629966e-10,2.207959e-08,1.922149e-09,1.558465e-09,1.154286e-09,9.691926e-10,2.490080e-09,6.852914e-09,1.355423e-13,7.602128e-10,3.396418e-12,7.833425e-11,2.456626e-13,7.984290e-13,9.618239e-14,1.248393e-08,1.100294e-12
42.480469,2.193681e-11,4.697740e-10,4.891658e-08,2.458015e-08,1.447376e-12,8.552876e-10,1.692547e-10,1.920708e-09,9.324387e-10,2.047605e-08,1.897682e-09,2.133986e-09,2.816557e-09,1.394177e-09,5.549912e-09,8.079108e-09,7.173972e-13,6.794943e-10,5.481054e-12,1.379890e-10,3.395745e-13,7.679123e-13,3.160000e-13,7.352952e-09,1.556759e-12
42.529297,2.239159e-11,4.344105e-10,5.350771e-08,1.345657e-08,2.369180e-13,8.325909e-10,1.684154e-10,1.631169e-09,1.176015e-09,1.514944e-08,1.816658e-09,2.241475e-09,3.139108e-09,2.057756e-09,8.602312e-09,7.955747e-09,8.300910e-13,5.223374e-10,1.811316e-12,1.251289e-10,1.235420e-12,8.902690e-13,1.442123e-12,9.600860e-09,3.596395e-13
42.578125,1.937981e-11,3.619427e-10,5.451688e-08,3.991651e-08,5.688158e-13,6.672690e-10,1.550651e-10,1.118420e-09,1.343941e-09,2.046757e-08,1.927851e-09,2.959228e-09,2.205762e-09,2.975689e-09,8.060219e-09,4.908049e-09,4.516072e-13,5.631702e-10,2.735600e-12,1.006504e-10,9.314230e-13,1.385117e-13,1.655088e-13,1.403254e-08,1.331234e-12
42.626953,1.381620e-11,2.649072e-10,5.738066e-08,6.814026e-08,1.177980e-12,5.578285e-10,1.420911e-10,5.445770e-10,1.353944e-09,2.910298e-08,1.901985e-09,2.819446e-09,1.125622e-09,3.962090e-09,4.386720e-09,1.410609e-09,5.221493e-13,7.310118e-10,2.074121e-12,8.452467e-11,8.305880e-13,1.863638e-13,5.163142e-13,3.260920e-09,1.062499e-12
42.675781,6.411169e-12,1.598066e-10,5.764251e-08,8.398547e-08,1.011255e-12,5.475488e-10,1.534261e-10,1.773731e-10,1.212658e-09,2.942932e-08,1.574029e-09,1.864687e-09,6.095465e-10,4.229732e-09,2.021222e-09,2.550988e-09,5.646439e-13,6.596292e-10,1.301675e-12,1.249771e-10,5.734227e-13,2.075085e-13,1.002270e-12,1.676039e-08,2.437376e-12
42.724609,9.901964e-13,7.426067e-11,4.958772e-08,8.372372e-08,9.150948e-13,5.191302e-10,2.055573e-10,1.962629e-10,9.104869e-10,2.322988e-08,1.213448e-09,2.683751e-09,8.396147e-10,3.769424e-09,2.203819e-09,1.195277e-09,7.512894e-13,7.803135e-10,1.280227e-12,9.759277e-11,1.804744e-13,3.362428e-13,8.902782e-13,9.511159e-09,9.943047e-13
42.773438,5.389421e-12,3.597003e-11,3.980990e-08,7.188675e-08,5.491886e-13,5.304820e-10,2.738482e-10,1.550327e-10,6.069407e-10,1.758529e-08,7.756320e-10,2.698978e-09,3.601231e-10,2.854412e-09,2.557726e-09,2.334910e-09,1.506331e-12,6.177676e-10,2.813792e-12,1.393295e-10,7.621815e-13,8.498673e-14,2.125944e-13,5.615627e-09,1.974321e-12
42.822266,7.031957e-12,6.543703e-11,4.793095e-08,5.916573e-08,1.418842e-12,6.622299e-10,3.162560e-10,2.049830e-10,6.425382e-10,1.330297e-08,6.421379e-11,1.787396e-09,3.383938e-10,2.267039e-09,1.595571e-09,5.189386e-09,1.591548e-13,6.615908e-10,5.540134e-12,1.668547e-10,8.832304e-13,2.943943e-13,3.851831e-13,1.071512e-08,1.585082e-12
42.871094,8.010159e-12,1.123104e-10,6.855837e-08,5.444129e-08,1.578474e-12,8.085409e-10,3.057472e-10,3.651362e-10,9.316645e-10,9.924331e-09,7.829189e-10,1.827690e-09,8.153482e-10,1.560555e-09,1.599389e-09,4.225736e-09,5.137629e-13,4.568615e-10,5.331918e-12,6.943273e-11,9.779031e-13,4.580384e-13,4.643941e-13,5.082098e-09,1.252508e-12
42.919922,6.523188e-12,1.677894e-10,8.434265e-08,5.492295e-08,6.386044e-13,8.646470e-10,2.576908e-10,4.724292e-10,1.230725e-09,1.260246e-08,1.134446e-09,2.660482e-09,1.116623e-09,8.628968e-10,1.384378e-09,2.299822e-09,8.479660e-13,6.535143e-10,2.663181e-12,3.019981e-11,3.176970e-13,6.341873e-13,1.562959e-12,5.962678e-09,1.669309e-12
42.968750,6.815389e-12,2.277229e-10,8.953129e-08,5.345714e-08,7.544894e-13,8.005548e-10,2.026526e-10,6.397531e-10,1.309646e-09,1.528394e-08,9.606551e-10,3.287898e-09,1.027960e-09,1.023109e-09,1.597376e-09,1.224673e-09,9.361656e-13,9.404057e-10,1.315596e-12,1.918204e-11,3.646962e-13,7.195180e-13,8.817238e-13,3.636010e-09,2.237457e-12
43.017578,9.980250e-12,2.731275e-10,8.583551e-08,4.818785e-08,6.883840e-13,6.174752e-10,1.363072e-10,1.000108e-09,1.205802e-09,1.404117e-08,6.148783e-10,3.173495e-09,1.237611e-09,1.006828e-09,2.048641e-09,1.152043e-09,2.841325e-13,7.073882e-10,5.097605e-13,2.002041e-11,2.369022e-12,8.099203e-13,8.825326e-13,9.118079e-09,1.925860e-12
43.066406,9.609321e-12,2.911076e-10,7.778797e-08,4.094561e-08,6.230480e-13,3.014743e-10,4.644827e-11,1.454842e-09,1.174679e-09,1.119234e-08,4.553522e-10,2.407335e-09,1.453996e-09,7.869962e-10,1.875918e-09,3.608062e-09,1.205011e-13,5.619720e-10,2.279493e-12,1.593266e-11,1.154971e-12,6.531748e-13,7.695449e-13,4.908717e-09,5.345470e-13
43.115234,9.485573e-12,2.795862e-10,7.015003e-08,3.356656e-08,8.025307e-13,1.676866e-10,7.209901e-11,1.759651e-09,1.186818e-09,9.284136e-09,5.354956e-10,1.793964e-09,1.410286e-09,3.435129e-10,7.949570e-10,5.367821e-09,1.131701e-12,8.420906e-10,5.794010e-12,5.864074e-11,6.883354e-13,5.886917e-13,4.818709e-13,1.327563e-08,1.498155e-12
43.164062,7.473554e-12,2.585801e-10,6.744503e-08,2.609216e-08,1.324860e-12,7.385442e-10,1.309738e-10,1.781131e-09,1.112930e-09,8.235580e-09,6.572531e-10,1.193458e-09,6.295237e-10,7.643593e-10,1.745739e-09,5.119855e-09,7.476622e-13,1.314553e-09,7.499865e-12,8.883934e-11,4.742261e-13,6.225095e-13,5.367735e-13,4.500403e-09,1.082495e-12
43.212891,3.143969e-12,2.497631e-10,7.113058e-08,1.719858e-08,1.516806e-12,1.286026e-09,1.346439e-10,1.588657e-09,8.955917e-10,6.831334e-09,6.421897e-10,1.610245e-09,1.110077e-09,1.012320e-09,2.658412e-09,5.419673e-09,6.193674e-13,1.562747e-09,6.148632e-12,5.100078e-11,5.197547e-13,4.313442e-13,1.200950e-12,1.054049e-08,1.955368e-12
43.261719,2.424249e-12,2.480710e-10,7.669125e-08,7.736211e-09,1.564548e-12,1.637600e-09,1.155699e-10,1.298352e-09,5.311739e-10,6.620780e-09,5.837056e-10,2.932913e-09,1.082382e-09,6.787765e-10,1.013096e-09,5.446036e-09,5.478572e-13,1.300553e-09,2.741219e-12,5.060317e-11,6.024057e-13,6.014789e-13,1.470780e-12,1.413238e-08,1.926261e-12
43.310547,5.766010e-12,2.179958e-10,7.834778e-08,1.434678e-08,7.433035e-13,1.705989e-09,1.114191e-10,1.036575e-09,3.004341e-10,9.411364e-09,6.428763e-10,3.679120e-09,4.933454e-10,1.004605e-09,1.690153e-09,3.883910e-09,6.993504e-13,6.054763e-10,1.859112e-12,6.731748e-11,4.353482e-13,2.217933e-13,6.150606e-13,8.579594e-09,5.886079e-13
43.359375,9.100063e-12,1.424261e-10,7.413924e-08,2.911566e-08,1.108993e-12,1.583146e-09,1.042183e-10,1.061525e-09,3.778971e-10,1.043037e-08,7.564435e-10,3.514015e-09,9.667007e-10,1.148480e-09,2.994718e-09,4.561785e-09,2.729672e-13,4.670793e-10,4.285207e-12,5.548114e-11,8.807108e-13,2.653379e-13,8.432561e-13,4.150283e-09,1.735417e-12
43.408203,1.128289e-11,4.455075e-11,6.606056e-08,4.126577e-08,7.521737e-13,1.455391e-09,8.850745e-11,1.202587e-09,3.925129e-10,8.745996e-09,8.276221e-10,3.123864e-09,1.767325e-09,1.314721e-09,3.583752e-09,6.520301e-09,1.240425e-12,4.235083e-10,3.506153e-12,8.243167e-11,5.962484e-13,5.990709e-13,1.239444e-12,1.409656e-08,2.353571e-12
43.457031,1.227040e-11,1.071761e-10,5.735530e-08,4.692937e-08,3.204425e-13,1.334085e-09,8.545664e-11,1.046471e-09,3.288150e-10,9.076435e-09,8.062657e-10,2.764988e-09,1.813622e-09,1.075668e-09,4.087722e-09,5.809962e-09,5.878519e-13,1.083630e-09,3.040380e-12,1.128571e-10,3.960802e-13,7.924345e-13,6.360737e-13,1.036204e-08,1.386143e-12
43.505859,1.159289e-11,2.193448e-10,5.025414e-08,4.413230e-08,7.852955e-13,1.093468e-09,8.636289e-11,6.814861e-10,1.888473e-10,9.958928e-09,6.114830e-10,1.383763e-09,1.227247e-09,7.023796e-10,3.674377e-09,2.860681e-09,8.320795e-13,1.737288e-09,1.791240e-12,1.340429e-10,1.451681e-12,5.774388e-13,4.634893e-13,1.127842e-08,1.308341e-12
43.554688,1.048609e-11,3.110188e-10,4.564427e-08,3.390937e-08,2.815250e-13,7.655742e-10,8.023387e-11,6.103499e-10,1.596929e-10,7.699829e-09,1.947643e-10,3.304616e-10,6.505808e-10,3.318251e-10,4.089591e-09,2.654769e-09,9.344432e-13,1.636622e-09,1.078202e-12,8.614343e-11,1.183341e-12,2.240273e-13,5.575319e-13,5.791641e-09,6.681069e-13
43.603516,8.719179e-12,3.809050e-10,4.251595e-08,2.736081e-08,3.789703e-13,6.385805e-10,6.656166e-11,7.226784e-10,3.874958e-10,5.176173e-09,3.241834e-10,3.651904e-10,1.675115e-10,1.904213e-09,4.378189e-09,3.381759e-09,6.519652e-13,8.663835e-10,1.308962e-12,6.588405e-11,5.216102e-13,3.301896e-13,1.355893e-12,1.550274e-08,1.462937e-12
43.652344,9.515296e-12,4.356602e-10,3.750327e-08,4.366474e-08,6.900269e-13,7.343259e-10,3.993609e-11,9.440932e-10,5.627383e-10,4.181793e-09,5.337760e-10,1.840460e-09,2.792037e-10,2.534772e-09,2.332869e-09,1.605991e-09,6.423444e-13,1.119514e-09,1.863473e-12,3.372397e-11,8.628910e-13,6.540431e-13,2.578991e-13,4.502041e-09,2.203620e-12
43.701172,9.110397e-12,4.656385e-10,2.757721e-08,6.990194e-08,5.054878e-13,7.180436e-10,4.122334e-12,1.243706e-09,5.660456e-10,6.658801e-10,3.944145e-10,3.304246e-09,7.397540e-10,2.128329e-09,1.509709e-09,1.880616e-09,6.014601e-13,1.758985e-09,3.398524e-12,5.302315e-11,2.754445e-13,5.041701e-13,6.305121e-13,6.002977e-09,1.443929e-12
43.750000,8.277665e-12,4.660988e-10,1.323758e-08,9.142292e-08,1.174582e-12,5.306709e-10,5.268580e-11,1.283853e-09,4.558924e-10,9.001365e-09,1.901615e-10,2.868345e-09,1.437900e-09,1.233001e-09,2.656990e-09,3.623022e-09,5.445160e-13,1.495038e-09,1.981842e-12,4.461718e-11,1.320372e-12,6.023172e-13,7.133722e-14,2.192147e-09,1.131039e-12
43.798828,8.238439e-12,4.332829e-10,7.251563e-09,1.015157e-07,1.256387e-12,3.640647e-10,8.623158e-11,1.061775e-09,4.388496e-10,1.855233e-08,2.602796e-10,1.503475e-09,1.353927e-09,6.838963e-10,1.917966e-09,5.428669e-09,6.969040e-13,1.038879e-09,1.485412e-12,1.203858e-10,3.494682e-13,1.528701e-13,9.009785e-13,5.548395e-09,2.151349e-12
43.847656,8.886899e-12,3.778406e-10,1.942243e-08,9.905233e-08,1.304339e-12,4.401824e-10,9.731243e-11,9.009119e-10,4.256676e-10,2.434165e-08,4.701697e-10,1.031165e-09,4.060321e-10,9.578449e-10,3.752847e-10,3.846823e-09,7.397540e-13,8.893462e-10,3.088954e-12,6.244896e-11,1.044540e-13,7.670223e-14,6.417557e-13,1.636654e-08,1.017858e-12
43.896484,1.017906e-11,3.150227e-10,2.786407e-08,8.750501e-08,9.850581e-13,6.224505e-10,8.728048e-11,9.864419e-10,4.321463e-10,2.429761e-08,6.245861e-10,2.306486e-09,9.700796e-10,1.171924e-09,1.923724e-09,1.389048e-09,1.606211e-13,1.075748e-09,1.699417e-12,7.444435e-11,9.371141e-13,4.138004e-13,2.736105e-13,6.262236e-09,1.320115e-12
43.945312,9.401070e-12,2.645966e-10,3.120045e-08,7.210803e-08,2.634461e-13,8.084030e-10,7.327803e-11,1.110339e-09,5.364628e-10,2.132546e-08,8.104706e-10,2.968717e-09,1.404000e-09,9.351330e-10,1.751611e-09,3.641277e-09,2.040137e-13,1.035119e-09,2.646938e-12,9.113912e-11,1.398072e-12,3.465966e-13,1.016031e-12,1.045430e-09,1.119237e-12
43.994141,8.689029e-12,2.493328e-10,3.071802e-08,5.663253e-08,1.701483e-12,8.797907e-10,7.628363e-11,1.064718e-09,4.183385e-10,1.957565e-08,1.269260e-09,2.267342e-09,1.712524e-09,5.678933e-10,1.224777e-09,4.838599e-09,2.615437e-13,9.002624e-10,1.322968e-12,2.494110e-11,6.755092e-13,4.912815e-13,5.195434e-13,2.715523e-09,1.734435e-12
44.042969,8.125308e-12,2.756859e-10,2.765852e-08,4.271585e-08,1.834116e-12,7.136785e-10,9.220952e-11,9.046065e-10,2.356018e-10,1.780873e-08,1.600862e-09,9.821695e-10,1.578183e-09,6.482151e-10,1.376756e-09,5.719622e-09,1.913586e-13,5.945824e-10,4.410926e-12,2.595274e-11,8.648591e-13,3.680663e-13,1.033696e-12,2.167529e-09,4.695803e-13
44.091797,9.759523e-12,3.245100e-10,2.417985e-08,3.186741e-08,3.801542e-13,3.896689e-10,9.933474e-11,8.430908e-10,6.036730e-10,1.365720e-08,1.519546e-09,4.962982e-10,1.323731e-09,9.037781e-10,2.056208e-09,6.272768e-09,7.898280e-13,5.157892e-10,5.072694e-12,6.461939e-11,4.589335e-13,4.071605e-13,2.713128e-13,5.477365e-09,9.821501e-13
44.140625,1.059766e-11,3.634837e-10,2.459267e-08,2.613859e-08,4.090321e-13,3.979147e-10,9.078030e-11,8.586111e-10,7.349574e-10,8.364478e-09,1.177851e-09,1.105184e-09,1.335752e-09,1.410859e-09,2.317522e-09,6.066764e-09,5.222511e-13,8.423721e-10,1.229784e-12,6.733154e-11,5.211066e-13,1.917890e-13,1.103893e-12,3.103416e-09,9.112587e-13
44.189453,1.398637e-11,3.674202e-10,2.940616e-08,2.617460e-08,1.208357e-12,5.498650e-10,8.536918e-11,8.180507e-10,4.783332e-10,5.004499e-09,8.315394e-10,1.233568e-09,1.138743e-09,1.802637e-09,2.288473e-09,4.908869e-09,3.119020e-13,4.194250e-10,1.402649e-12,5.893263e-11,1.071103e-12,3.839322e-13,3.642908e-13,1.629024e-08,9.892143e-13
44.238281,1.564322e-11,3.264345e-10,3.382387e-08,3.032635e-08,5.296267e-13,4.311470e-10,9.241753e-11,7.545892e-10,1.221158e-10,4.947551e-09,5.954519e-10,8.480247e-10,6.209734e-10,1.914864e-09,1.196938e-09,3.648863e-09,7.146042e-13,1.650910e-10,9.308889e-13,3.717707e-11,1.788823e-13,3.746951e-13,3.909015e-13,1.478578e-08,6.895160e-13
44.287109,1.738352e-11,2.526142e-10,3.540185e-08,3.486016e-08,8.584183e-13,1.264050e-10,1.032546e-10,7.232702e-10,3.690350e-10,5.390068e-09,5.917040e-10,9.696692e-10,5.536172e-10,1.550558e-09,2.061510e-09,3.874192e-09,1.422764e-12,1.987673e-10,1.818148e-12,1.120133e-11,1.487090e-12,2.348755e-13,7.201623e-13,6.028097e-09,8.399475e-13
44.335938,2.020282e-11,1.768834e-10,3.529276e-08,3.554012e-08,8.542532e-13,3.444155e-10,1.116397e-10,6.844214e-10,7.156717e-10,5.263841e-09,7.093520e-10,1.154335e-09,8.446536e-10,8.181089e-10,3.101784e-09,5.234807e-09,7.138282e-13,2.949710e-10,3.328940e-12,1.046760e-11,8.477256e-13,1.142846e-13,2.127159e-13,2.944820e-09,1.226062e-12
44.384766,2.305457e-11,1.526624e-10,3.448696e-08,3.211069e-08,5.401913e-13,6.986869e-10,1.154834e-10,6.314743e-10,1.074793e-09,5.511623e-09,7.051197e-10,9.113672e-10,7.259802e-10,1.032320e-09,3.837936e-09,4.148638e-09,5.821283e-13,2.377410e-10,2.643307e-12,2.371712e-11,5.897458e-13,6.223956e-13,5.972236e-13,5.383647e-09,1.910227e-12
44.433594,2.389911e-11,1.896019e-10,3.128900e-08,3.214323e-08,3.887920e-13,1.038370e-09,1.086774e-10,4.998504e-10,1.230986e-09,6.878816e-09,6.667692e-10,4.872903e-10,2.344029e-10,8.860492e-10,3.085353e-09,1.721483e-09,5.596774e-13,3.398056e-10,1.722583e-12,2.737449e-11,6.970651e-13,4.274924e-13,8.664004e-13,6.858460e-09,4.452243e-13
44.482422,2.279671e-11,2.277721e-10,2.403707e-08,4.086196e-08,8.688386e-13,1.325430e-09,9.567469e-11,3.141871e-10,1.089287e-09,8.571311e-09,8.716332e-10,1.720470e-10,9.234739e-10,2.682083e-10,1.580337e-09,9.673864e-10,2.439213e-13,7.062650e-11,1.435873e-12,2.541842e-11,9.683719e-13,2.980608e-13,1.204988e-12,6.511266e-09,1.233145e-12
44.531250,1.945235e-11,2.486054e-10,1.415511e-08,4.988464e-08,1.348121e-12,1.463676e-09,8.219559e-11,5.286163e-10,8.370007e-10,9.407925e-09,1.029902e-09,5.108370e-10,1.439783e-09,3.616762e-10,9.725643e-10,1.056110e-09,9.166289e-13,4.759927e-10,1.600115e-12,1.109696e-11,1.058954e-12,1.397150e-13,1.191163e-12,1.457587e-08,3.641533e-13
44.580078,1.256363e-11,2.623114e-10,6.927586e-09,5.163350e-08,1.067696e-12,1.422048e-09,7.066632e-11,8.438174e-10,6.134035e-10,1.080304e-08,9.411369e-10,2.483621e-10,1.444131e-09,8.044180e-10,1.376469e-09,2.608636e-09,5.152400e-13,4.975097e-10,2.873719e-12,4.514121e-11,2.982311e-13,4.184377e-13,6.003048e-13,1.856313e-08,4.560773e-13
44.628906,5.419149e-12,2.821572e-10,1.127107e-08,4.561887e-08,1.114568e-12,1.256746e-09,6.284286e-11,1.129294e-09,3.511783e-10,1.339409e-08,6.596196e-10,7.353653e-10,1.286846e-09,1.215039e-09,1.043051e-09,3.903067e-09,7.749439e-14,3.566730e-10,3.950305e-12,7.500909e-11,9.372202e-13,3.614397e-13,5.681313e-13,1.346033e-08,2.085233e-12
44.677734,5.180649e-12,3.033949e-10,2.247060e-08,3.691027e-08,1.639644e-12,1.048896e-09,6.518498e-11,1.371664e-09,3.053258e-10,1.424589e-08,3.811446e-10,1.516722e-09,1.100145e-09,1.188591e-09,8.301357e-10,3.988270e-09,6.951202e-13,4.120520e-10,2.369627e-12,3.311555e-11,4.940661e-13,7.132135e-13,8.080252e-13,1.265692e-08,1.017855e-12
44.726562,1.019631e-11,3.025317e-10,3.696926e-08,3.194136e-08,3.942135e-13,8.618616e-10,7.997600e-11,1.444244e-09,5.084684e-10,1.423745e-08,6.655326e-10,1.360759e-09,7.329512e-10,1.032475e-09,4.279002e-10,3.762143e-09,1.176258e-12,1.705096e-10,1.288039e-12,3.724092e-11,7.389094e-13,4.509883e-13,1.723359e-13,6.115537e-09,1.097565e-12
44.775391,1.391220e-11,2.666519e-10,5.036906e-08,3.215829e-08,7.814845e-13,7.554939e-10,8.936903e-11,1.413675e-09,6.649097e-10,1.560225e-08,9.292711e-10,1.018456e-09,6.097975e-10,1.193393e-09,5.767585e-10,4.490536e-09,1.796216e-13,2.350524e-10,2.141119e-12,5.706453e-11,1.307453e-12,6.010429e-13,1.267283e-12,8.493064e-09,1.384925e-12
44.824219,1.715594e-11,1.901008e-10,5.784269e-08,3.417016e-08,8.586655e-13,7.614330e-10,7.404633e-11,1.306633e-09,7.114858e-10,1.613009e-08,9.061818e-10,1.355002e-09,6.068817e-10,1.908657e-09,4.264587e-10,4.718493e-09,6.413631e-13,2.765110e-10,1.542935e-12,1.690401e-11,1.770221e-13,5.577485e-13,8.226358e-13,1.191330e-08,1.288551e-12
44.873047,1.893393e-11,9.028454e-11,5.793631e-08,3.484624e-08,3.356392e-13,8.270842e-10,2.953574e-11,9.474679e-10,5.933036e-10,1.581772e-08,7.452460e-10,1.420332e-09,4.009270e-10,2.339153e-09,1.050474e-09,4.513392e-09,3.496158e-13,6.421624e-10,3.418759e-12,1.708889e-11,5.911465e-13,4.338176e-13,5.096001e-13,1.190736e-08,1.329703e-12
44.921875,1.684774e-11,2.297204e-11,5.388013e-08,3.165936e-08,6.202578e-13,8.633215e-10,2.570606e-11,4.218861e-10,4.458785e-10,1.459895e-08,5.911746e-10,1.573620e-09,4.474142e-10,2.054390e-09,1.500305e-09,4.492609e-09,3.431065e-13,7.916395e-10,4.946098e-12,3.970239e-11,5.027026e-13,4.319997e-13,7.710313e-13,3.307001e-09,1.206936e-12
44.970703,1.260717e-11,9.776335e-11,5.006288e-08,2.309475e-08,1.152135e-12,8.598031e-10,6.426177e-11,1.977406e-10,4.167504e-10,1.107705e-08,4.635642e-10,1.429120e-09,1.049137e-09,1.347107e-09,6.755012e-10,3.211510e-09,1.540837e-12,4.418476e-10,4.570247e-12,4.950485e-11,4.326140e-13,1.533950e-13,1.917030e-13,1.649646e-08,6.361489e-13
45.019531,9.094116e-12,1.406222e-10,4.611822e-08,1.003242e-08,1.119547e-12,8.488165e-10,6.854898e-11,2.747542e-10,3.960486e-10,1.024327e-08,2.338314e-10,1.364845e-09,1.506488e-09,5.874566e-10,1.191096e-09,2.815130e-09,3.459523e-13,2.665161e-10,1.378600e-12,4.761054e-11,1.090262e-12,2.324859e-13,2.240622e-13,1.025752e-08,3.073882e-13
45.068359,5.185531e-12,1.401723e-10,3.875826e-08,6.144757e-09,4.749721e-13,7.949076e-10,4.589422e-11,4.191553e-10,3.676064e-10,1.282085e-08,4.148164e-10,1.720497e-09,1.217252e-09,1.687668e-10,1.770686e-09,2.655459e-09,3.826736e-13,6.029694e-10,2.290344e-12,4.030305e-11,5.723528e-13,2.407729e-13,3.609167e-13,6.963829e-09,9.021284e-13
45.117188,5.321173e-12,1.049339e-10,2.995130e-08,1.952305e-08,4.034282e-13,6.458314e-10,2.107933e-11,6.180907e-10,3.796573e-10,1.232422e-08,6.765534e-10,1.645936e-09,8.333765e-10,3.017005e-10,1.405878e-09,3.689073e-09,4.451186e-13,7.789651e-10,1.984340e-12,1.304361e-11,3.869473e-13,1.304356e-13,5.796719e-13,9.859025e-10,5.437941e-13
45.166016,5.492815e-12,5.444846e-11,2.922518e-08,2.978690e-08,1.030337e-12,4.323234e-10,2.344858e-11,7.913715e-10,4.652392e-10,8.008987e-09,6.757120e-10,1.640461e-09,5.862598e-10,8.322841e-10,1.523272e-09,4.884147e-09,5.554685e-13,7.331683e-10,2.330109e-12,4.365051e-11,1.340468e-13,6.026431e-13,1.083680e-12,5.157688e-09,1.457314e-12
45.214844,6.947337e-12,4.089668e-11,3.603448e-08,3.551200e-08,4.413025e-13,2.412121e-10,4.873961e-11,8.853391e-10,5.160272e-10,1.881867e-09,5.374078e-10,1.502896e-09,3.610664e-10,1.371858e-09,8.178830e-10,4.742490e-09,4.276499e-13,4.170779e-10,2.246430e-12,2.897911e-11,6.390635e-14,3.027858e-13,1.009078e-12,8.695325e-09,5.404655e-13
45.263672,8.425252e-12,7.803165e-11,3.898187e-08,3.566223e-08,9.264801e-13,1.367641e-10,7.967329e-11,7.832311e-10,5.669905e-10,4.174855e-09,1.705122e-10,1.517106e-09,5.386903e-10,1.381607e-09,6.622290e-10,4.126199e-09,9.668520e-13,2.428563e-10,1.550598e-12,3.608762e-11,6.028850e-13,2.107904e-13,4.708898e-13,9.291443e-09,1.607216e-12
45.312500,9.220264e-12,1.092393e-10,3.380884e-08,2.936400e-08,7.121981e-13,2.113007e-10,9.307993e-11,6.209682e-10,7.403993e-10,6.946030e-09,4.334140e-10,1.836059e-09,6.159672e-10,9.650599e-10,1.682036e-09,3.282011e-09,3.912778e-13,1.969473e-10,1.929302e-12,6.429397e-11,1.228288e-13,2.356611e-13,9.690049e-13,7.447936e-09,1.117410e-12
45.361328,1.078487e-11,1.284106e-10,2.589430e-08,1.968266e-08,1.513879e-12,3.546298e-10,7.883713e-11,6.029681e-10,8.342469e-10,6.605358e-09,9.155948e-10,1.714319e-09,3.948338e-10,1.085583e-09,1.894484e-09,3.059402e-09,4.046339e-13,1.377518e-10,1.457823e-12,9.596607e-11,4.055403e-13,4.381887e-13,4.318903e-13,5.041108e-09,1.256393e-12
45.410156,1.072412e-11,1.407483e-10,3.032249e-08,2.439897e-08,1.509341e-12,4.470666e-10,6.160990e-11,4.835158e-10,7.506833e-10,5.212299e-09,1.033394e-09,1.542643e-09,5.498845e-10,1.419180e-09,8.145450e-10,1.427220e-09,5.310271e-13,2.693916e-10,7.915514e-13,9.123781e-11,6.896784e-13,3.837441e-13,1.610713e-13,6.174372e-09,5.352103e-13
45.458984,1.116785e-11,1.486076e-10,4.694634e-08,4.477954e-08,7.423739e-13,4.433478e-10,8.669341e-11,1.712213e-10,6.339061e-10,4.319864e-09,9.115568e-10,1.704980e-09,9.580005e-10,1.409640e-09,1.214594e-09,7.357017e-10,5.399366e-13,4.544880e-10,4.307431e-13,5.343968e-11,2.838529e-13,1.497704e-14,7.679643e-13,1.007151e-08,2.237080e-13
45.507812,1.311666e-11,1.530321e-10,6.401197e-08,6.492419e-08,6.435360e-13,3.574292e-10,1.191660e-10,1.591153e-10,5.494618e-10,3.548527e-09,8.485758e-10,1.784786e-09,1.219608e-09,1.249205e-09,2.602008e-09,1.184286e-09,4.314401e-13,6.883078e-10,2.097663e-12,6.837024e-12,4.831546e-13,5.500853e-13,6.082330e-13,5.500770e-09,2.541123e-13
45.556641,1.181258e-11,1.562493e-10,7.565510e-08,7.773714e-08,1.625154e-13,2.947708e-10,1.300830e-10,3.091310e-10,4.821913e-10,3.561462e-09,9.129485e-10,1.365930e-09,1.104378e-09,1.149235e-09,2.714650e-09,1.166876e-09,6.295238e-13,7.497657e-10,2.036284e-12,3.112415e-11,4.908801e-13,2.347559e-13,1.084446e-12,4.914852e-09,4.895900e-13
45.605469,1.153634e-11,1.614542e-10,7.909852e-08,8.048315e-08,6.956132e-13,3.751860e-10,1.221529e-10,4.087958e-10,5.107979e-10,4.674106e-09,8.170427e-10,5.836111e-10,5.632146e-10,1.063475e-09,2.088236e-09,1.596214e-09,8.724280e-13,4.034231e-10,1.641098e-12,2.987529e-11,4.435017e-13,3.923996e-13,2.282816e-13,5.849572e-09,7.655536e-13
45.654297,9.827362e-12,1.622231e-10,7.380572e-08,7.385065e-08,5.700201e-13,4.565604e-10,1.057628e-10,6.098526e-10,5.608655e-10,4.126029e-09,5.061629e-10,2.130670e-10,4.014893e-11,9.095714e-10,1.421363e-09,4.213888e-09,5.481087e-13,2.488375e-10,3.545989e-13,2.803114e-11,7.879648e-13,2.727238e-13,2.380355e-13,2.183019e-09,6.231629e-13
45.703125,5.789238e-12,1.536489e-10,6.171589e-08,6.123646e-08,2.011612e-12,4.267539e-10,9.201134e-11,7.973849e-10,5.880458e-10,2.906724e-09,3.169983e-10,5.435783e-10,2.771667e-10,7.362436e-10,8.034872e-10,1.924203e-09,8.959966e-13,4.485363e-10,6.806775e-13,4.711101e-11,8.192545e-13,4.324566e-13,4.910248e-13,6.785822e-09,1.644892e-12
45.751953,2.726157e-12,1.276203e-10,4.669893e-08,4.765710e-08,8.119170e-13,2.917815e-10,8.456340e-11,7.922450e-10,6.242764e-10,5.131204e-09,3.919667e-10,3.333529e-10,1.394218e-10,1.048018e-09,1.846169e-09,2.171100e-09,5.974046e-14,5.909137e-10,2.660073e-12,4.988809e-11,4.003432e-13,8.819788e-14,4.843078e-13,6.301914e-09,5.520738e-13
45.800781,1.593714e-12,8.451466e-11,3.289540e-08,3.753399e-08,1.105342e-12,1.121047e-10,8.239452e-11,5.534275e-10,5.830565e-10,5.659361e-09,4.142616e-10,5.874401e-11,4.283832e-10,1.398605e-09,2.366604e-09,2.858907e-09,7.392812e-13,2.353555e-10,1.678247e-12,3.578344e-11,9.147116e-13,5.014181e-13,3.980124e-13,5.477116e-09,1.315148e-12
45.849609,4.278625e-12,3.801274e-11,2.272755e-08,3.095127e-08,1.573469e-12,3.898212e-11,8.618438e-11,3.516030e-10,4.064659e-10,2.720866e-09,2.560708e-10,1.413216e-10,1.053160e-09,1.131888e-09,1.452902e-09,1.150214e-09,8.646038e-13,5.488743e-10,1.248699e-12,6.743520e-11,4.543403e-13,4.685041e-13,3.741767e-13,2.916799e-09,7.507294e-13
45.898438,4.353134e-12,1.893599e-11,1.611542e-08,2.405968e-08,9.564507e-13,1.025964e-10,8.850818e-11,5.541607e-10,1.574871e-10,1.496366e-09,1.156569e-10,2.090702e-10,1.297284e-09,1.129181e-09,2.738518e-10,1.479849e-09,8.831307e-13,3.362682e-10,2.718565e-12,5.281215e-11,1.011626e-12,6.398549e-13,6.050666e-13,4.935922e-09,1.582246e-12
45.947266,3.554053e-12,4.034233e-11,1.157202e-08,1.549374e-08,1.569322e-12,6.162257e-11,8.530467e-11,7.262568e-10,1.339273e-10,3.593113e-09,2.991001e-10,8.122335e-10,1.068064e-09,1.734593e-09,1.042182e-09,2.346955e-09,8.318986e-13,4.931236e-10,2.422482e-12,1.555247e-11,1.320029e-13,5.735051e-13,3.958145e-13,4.486243e-09,1.074001e-12
45.996094,3.018635e-12,4.665952e-11,9.545648e-09,1.053267e-08,1.394149e-12,1.451767e-10,7.310600e-11,6.982006e-10,3.106760e-10,2.112385e-09,4.698567e-10,1.075588e-09,6.616007e-10,1.718367e-09,7.134755e-10,2.184158e-09,7.355582e-13,6.460697e-10,3.437333e-13,1.201520e-11,3.120177e-13,4.432531e-13,2.650106e-13,7.009627e-09,1.393495e-12
46.044922,1.982378e-12,3.749625e-11,1.626593e-08,1.280818e-08,1.017245e-12,2.964714e-10,5.755716e-11,5.171236e-10,3.869981e-10,3.322100e-09,5.250911e-10,7.465533e-10,4.708501e-10,1.196318e-09,4.192109e-10,1.343702e-09,8.903888e-13,4.417131e-10,1.268406e-12,2.025505e-11,6.000987e-13,4.697014e-13,1.144364e-12,8.478678e-09,2.807956e-13
46.093750,3.494655e-12,3.776478e-11,3.026149e-08,1.295823e-08,6.840422e-13,3.761489e-10,4.720635e-11,2.927385e-10,3.756536e-10,8.218181e-09,3.047986e-10,2.977366e-10,3.354828e-10,6.287706e-10,4.871683e-10,2.720265e-09,6.158937e-13,4.010554e-10,1.669865e-12,1.150293e-11,6.503864e-13,6.301295e-13,5.055357e-13,1.378041e-08,8.607290e-13
46.142578,4.086799e-12,6.296626e-11,4.594023e-08,7.329422e-09,7.748282e-13,3.920510e-10,4.130092e-11,1.050168e-10,3.408236e-10,1.170699e-08,2.191338e-10,4.844648e-10,1.798294e-10,3.021212e-10,3.442787e-10,2.879223e-09,6.716425e-13,2.568905e-10,1.706860e-12,1.942641e-11,6.510593e-13,8.192031e-13,1.277706e-12,4.847971e-09,6.362792e-13
46.191406,4.663741e-12,9.302775e-11,5.850831e-08,2.667904e-09,9.593216e-13,4.119741e-10,3.306579e-11,1.819460e-10,2.980883e-10,1.195580e-08,4.644562e-10,2.099798e-11,2.971219e-10,6.796915e-10,6.049731e-10,8.667103e-10,8.421281e-13,4.632586e-10,3.128003e-13,3.981081e-11,3.754560e-13,8.680966e-13,1.437441e-12,7.698090e-10,2.128152e-13
46.240234,4.848726e-12,1.161803e-10,6.445178e-08,1.189316e-08,1.200538e-12,4.165005e-10,2.582049e-11,4.614003e-10,3.210291e-10,8.256517e-09,4.321031e-10,1.058587e-09,4.057593e-10,8.234733e-10,1.225514e-09,1.829349e-09,1.066291e-13,7.846289e-10,1.806023e-13,4.262693e-11,5.248253e-13,3.427194e-13,3.285041e-13,2.226681e-09,8.078899e-13
46.289062,4.634909e-12,1.250526e-10,6.267117e-08,1.791521e-08,1.048562e-12,3.534359e-10,3.251593e-11,6.706732e-10,4.404867e-10,2.570055e-09,2.415309e-10,1.712931e-09,6.907394e-10,4.439044e-10,1.650387e-09,1.456686e-09,2.248251e-13,3.743713e-10,1.450679e-12,4.896320e-11,9.402116e-13,5.412960e-13,8.904371e-14,1.863999e-09,3.539633e-13
46.337891,4.127710e-12,1.199466e-10,5.460600e-08,2.015109e-08,1.445353e-12,2.714371e-10,4.291777e-11,6.896432e-10,5.315134e-10,1.726268e-09,1.124738e-10,1.650948e-09,5.459484e-10,8.096560e-10,1.658547e-09,1.941443e-09,3.948648e-13,2.515424e-10,7.369622e-13,4.670218e-11,4.109880e-13,5.373351e-13,5.296908e-13,3.053570e-09,1.238614e-12
46.386719,4.822316e-12,1.116486e-10,4.309325e-08,2.164967e-08,2.300636e-12,2.390265e-10,5.974014e-11,5.631331e-10,5.965140e-10,2.939778e-09,5.220124e-11,1.316943e-09,4.073372e-10,1.562097e-09,1.140582e-09,3.964079e-09,5.369577e-13,3.763526e-10,1.258090e-12,2.536966e-11,4.297786e-13,7.263421e-13,1.096340e-12,8.501821e-09,7.003650e-13
46.435547,5.081925e-12,1.170525e-10,3.063818e-08,2.486163e-08,8.541869e-13,2.196588e-10,8.723581e-11,4.426447e-10,6.002364e-10,2.150794e-09,2.133521e-10,9.308342e-10,4.606381e-10,1.990677e-09,2.221682e-10,2.850452e-09,6.723425e-13,7.740717e-10,1.350155e-13,1.394682e-11,6.068807e-13,4.120022e-13,2.224494e-13,5.978783e-09,9.852784e-14
46.484375,3.128583e-12,1.337271e-10,1.856086e-08,2.808548e-08,1.284895e-12,1.895164e-10,1.063824e-10,2.730094e-10,4.091636e-10,1.561350e-09,2.814335e-10,5.532400e-10,4.482894e-10,2.059615e-09,9.727924e-10,1.196229e-09,6.934932e-14,6.143721e-10,1.767317e-12,2.666526e-11,6.655304e-13,2.225685e-13,6.841971e-13,9.121626e-10,5.123719e-13
46.533203,2.727721e-12,1.436463e-10,8.885511e-09,2.999002e-08,7.185099e-13,1.831550e-10,1.067581e-10,1.045741e-10,6.049900e-11,5.198691e-09,1.931571e-10,8.995882e-10,6.140457e-10,1.686936e-09,1.861479e-09,9.355501e-10,7.187267e-13,3.879825e-10,1.928144e-12,3.789742e-12,8.183109e-13,4.529756e-13,3.249468e-13,4.642276e-09,9.459971e-13
46.582031,1.574991e-12,1.356820e-10,1.020218e-08,3.213739e-08,6.229837e-14,2.347549e-10,9.860016e-11,4.785964e-10,2.610631e-10,8.224480e-09,4.858267e-11,1.754980e-09,7.710743e-10,1.412609e-09,1.712296e-09,1.376196e-09,1.053559e-12,2.958587e-10,1.625996e-12,9.297752e-12,2.708044e-13,5.339087e-14,3.752366e-13,6.609400e-09,2.408446e-13
46.630859,1.738189e-12,1.131383e-10,1.663583e-08,3.432952e-08,8.135911e-13,3.137716e-10,9.228683e-11,6.856381e-10,4.274356e-10,9.041172e-09,7.388652e-11,2.189968e-09,1.106097e-09,1.487418e-09,8.748199e-10,2.076127e-09,8.519938e-13,4.865994e-10,2.111175e-12,3.375639e-11,5.232722e-13,2.076994e-13,4.512067e-13,3.047706e-09,9.286664e-13
46.679688,2.661749e-12,9.274229e-11,1.953850e-08,3.200192e-08,4.991430e-13,3.332475e-10,8.318009e-11,6.573773e-10,5.619455e-10,8.203925e-09,2.090961e-10,2.205429e-09,1.701452e-09,1.245269e-09,3.830001e-10,2.036520e-09,3.018049e-13,5.084300e-10,1.857231e-12,3.708679e-11,1.051355e-12,4.180414e-13,4.177913e-13,4.629830e-09,1.454616e-12
46.728516,3.486625e-12,8.549596e-11,1.785631e-08,2.118994e-08,1.657210e-12,2.581206e-10,6.523090e-11,6.185730e-10,6.187471e-10,5.747693e-09,2.937096e-10,1.858348e-09,1.670178e-09,6.408500e-10,1.587571e-09,2.372991e-09,8.370936e-13,3.531849e-10,2.789123e-13,1.342019e-11,2.245542e-13,4.860540e-13,6.572752e-13,3.932482e-09,6.700084e-13
46.777344,4.951993e-12,8.210252e-11,1.448760e-08,3.306966e-09,1.350366e-12,1.648563e-10,5.610587e-11,6.856162e-10,4.881980e-10,2.174146e-09,2.607638e-10,1.419938e-09,1.127657e-09,3.781189e-11,2.450390e-09,2.196937e-09,9.839259e-13,1.668306e-10,1.060911e-12,1.010776e-11,3.274097e-13,2.451994e-13,2.562577e-13,2.915541e-09,1.419830e-12
46.826172,7.466898e-12,6.585676e-11,1.597437e-08,1.854890e-08,8.291174e-13,2.062741e-10,6.679785e-11,7.069172e-10,3.987849e-10,1.451460e-09,2.676381e-10,9.118561e-10,8.326828e-10,5.769997e-10,3.276865e-09,1.276310e-09,4.421765e-13,5.989056e-10,2.737276e-14,1.920625e-11,4.712517e-13,4.578004e-13,4.590367e-13,6.710428e-09,5.059884e-13
46.875000,7.801616e-12,3.946923e-11,2.230915e-08,3.445038e-08,9.883752e-13,2.811500e-10,6.852376e-11,6.393300e-10,4.479425e-10,1.784044e-09,3.988132e-10,7.573053e-10,6.758757e-10,7.085202e-10,3.265645e-09,2.835965e-09,7.715106e-13,8.565080e-10,8.637763e-13,8.180932e-12,5.415668e-13,4.010570e-13,2.439650e-13,7.724012e-09,9.109318e-13
46.923828,8.625954e-12,2.768472e-11,2.772717e-08,4.064558e-08,8.834590e-13,3.035550e-10,5.143433e-11,4.970470e-10,3.824763e-10,2.147514e-09,5.281315e-10,1.219251e-09,3.201691e-10,4.201451e-10,2.477661e-09,2.074196e-09,1.017376e-12,6.124353e-10,3.914542e-13,1.459104e-11,2.567188e-13,4.998105e-13,1.840835e-13,4.327667e-09,7.253322e-13
46.972656,7.527858e-12,4.430238e-11,2.935201e-08,3.769941e-08,8.307547e-13,2.696060e-10,2.931593e-11,3.233153e-10,4.590841e-10,4.173064e-09,6.310859e-10,1.391024e-09,3.663383e-10,1.398234e-10,1.585859e-09,4.067248e-10,5.598009e-13,6.158554e-10,7.949628e-13,3.461887e-11,5.869981e-13,4.375797e-13,7.829816e-14,4.765353e-09,5.553510e-13
47.021484,6.109004e-12,5.986773e-11,2.685285e-08,3.262036e-08,6.258545e-13,1.876167e-10,2.408340e-11,2.306932e-10,7.057284e-10,7.600841e-09,6.637366e-10,1.190752e-09,7.194550e-10,1.724608e-10,1.733505e-09,1.160491e-09,7.880809e-13,5.116685e-10,1.103613e-12,6.014496e-11,4.936549e-13,4.802945e-13,9.334402e-13,3.174084e-09,1.279955e-12
47.070312,5.917895e-12,7.479207e-11,2.152864e-08,3.405805e-08,1.008748e-12,1.164723e-10,1.827459e-11,1.480750e-10,8.381621e-10,1.055401e-08,5.664781e-10,1.659088e-09,5.258414e-10,6.778309e-10,1.026724e-09,1.606445e-09,1.803929e-12,4.513943e-10,1.240819e-12,2.950651e-11,1.937194e-13,8.230236e-13,7.689970e-14,2.083486e-09,1.034088e-12
47.119141,4.264511e-12,9.458147e-11,1.549489e-08,4.009188e-08,7.289635e-13,1.281715e-10,1.606589e-11,1.062165e-10,8.466063e-10,1.028054e-08,3.809675e-10,1.861609e-09,3.243519e-10,1.180233e-09,1.134235e-09,1.396820e-09,5.659441e-13,2.895264e-10,1.677972e-12,9.157977e-12,9.597446e-13,6.119473e-13,4.667598e-13,3.726430e-09,6.244002e-13
47.167969,5.526349e-12,1.173669e-10,1.052584e-08,4.308470e-08,4.551170e-13,1.388048e-10,3.060514e-11,2.635870e-10,7.727657e-10,7.902474e-09,2.020353e-10,1.370450e-09,7.366309e-10,1.161547e-09,1.677758e-09,2.898271e-09,1.565316e-12,3.469205e-10,8.868207e-13,1.979855e-11,4.484786e-13,8.068452e-13,8.922852e-13,6.749606e-09,5.919289e-13
47.216797,5.092076e-12,1.340997e-10,6.594862e-09,3.924648e-08,8.679954e-13,1.319747e-10,3.276240e-11,2.525971e-10,6.038013e-10,8.509102e-09,2.149312e-10,8.134698e-10,9.257181e-10,6.577473e-10,1.684783e-09,3.343098e-09,4.554304e-13,4.305696e-10,8.603259e-13,3.143197e-11,5.146375e-13,2.230002e-13,3.240966e-13,5.350183e-09,6.924504e-13
47.265625,4.533302e-12,1.398790e-10,2.514747e-09,2.990779e-08,3.053265e-13,1.582537e-10,1.628640e-11,3.376472e-11,4.029660e-10,9.620059e-09,3.639910e-10,6.360163e-10,1.030423e-09,3.066678e-10,8.119625e-10,1.175108e-09,3.760238e-13,5.118929e-10,9.882207e-13,2.971363e-11,1.065833e-12,1.225253e-13,1.203743e-12,4.795040e-09,1.090720e-12
47.314453,2.885915e-12,1.414692e-10,4.255920e-09,2.445926e-08,7.450331e-13,2.345083e-10,9.759074e-12,2.599673e-10,2.867547e-10,9.387073e-09,4.151313e-10,1.183300e-09,1.133987e-09,2.440951e-10,4.459324e-10,1.153676e-09,3.780369e-13,5.389612e-10,1.908332e-12,2.899795e-11,6.407400e-13,4.732010e-13,7.478255e-13,3.447013e-09,2.170941e-13
47.363281,1.263990e-12,1.473852e-10,9.669734e-09,3.165704e-08,1.002697e-12,3.172629e-10,3.102918e-11,4.443403e-10,2.430377e-10,1.232476e-08,4.892826e-10,1.616127e-09,1.057580e-09,6.351444e-10,1.336487e-09,2.102282e-09,2.903529e-13,4.393885e-10,2.170631e-12,3.079235e-11,3.351692e-13,3.686428e-13,5.204351e-13,5.645867e-09,4.606282e-13
47.412109,2.493598e-12,1.586520e-10,1.331714e-08,3.984120e-08,3.387195e-13,3.326847e-10,4.623773e-11,5.740396e-10,2.475944e-10,1.685124e-08,5.716969e-10,1.860941e-09,9.387958e-10,5.495426e-10,1.978561e-09,2.348365e-09,4.013878e-13,1.623979e-10,3.547230e-12,3.054548e-11,1.230935e-13,5.174658e-13,6.744118e-13,4.522590e-09,3.080953e-13
47.460938,5.123117e-12,1.685845e-10,1.358554e-08,3.966897e-08,2.519224e-13,2.300833e-10,5.827728e-11,7.381134e-10,2.590750e-10,1.929227e-08,4.334968e-10,1.571229e-09,9.185477e-10,5.346299e-10,2.195392e-09,3.282311e-09,3.740432e-13,1.085956e-10,2.165459e-12,1.046328e-11,7.058718e-13,2.574882e-13,3.130981e-13,4.000350e-09,8.530716e-13
47.509766,6.517398e-12,1.710213e-10,1.024095e-08,3.089014e-08,9.996940e-13,1.082931e-10,6.571094e-11,7.811687e-10,3.082459e-10,1.847857e-08,1.769208e-10,7.927145e-10,8.439665e-10,5.843945e-10,2.023485e-09,4.077825e-09,5.399124e-13,2.800825e-10,1.056737e-12,2.053381e-11,6.090516e-13,4.442807e-13,3.699189e-13,4.041735e-09,7.022837e-13
47.558594,7.025376e-12,1.633306e-10,5.206486e-09,2.052864e-08,7.032635e-13,2.795730e-10,6.124653e-11,5.971578e-10,4.131995e-10,1.504555e-08,2.962891e-10,4.775257e-10,6.832671e-10,3.427960e-10,1.405866e-09,3.682418e-09,4.280724e-13,2.562129e-10,4.013429e-13,1.154994e-11,5.969985e-13,3.218926e-13,3.069204e-13,8.056381e-09,8.126711e-13
47.607422,7.866194e-12,1.484052e-10,6.590114e-09,1.917423e-08,2.747651e-13,4.491109e-10,4.525763e-11,3.358783e-10,4.322428e-10,1.276742e-08,4.030269e-10,9.031016e-10,6.009307e-10,5.409419e-10,1.251728e-09,2.498258e-09,6.290945e-13,1.820539e-10,1.599960e-12,1.714379e-11,1.620794e-13,1.162436e-13,4.891955e-13,1.136958e-08,9.107462e-13
47.656250,7.153078e-12,1.307660e-10,1.225245e-08,2.286803e-08,8.019093e-13,5.304698e-10,2.480738e-11,2.042120e-10,3.562621e-10,1.274275e-08,5.034199e-10,9.644802e-10,5.216360e-10,4.333544e-10,1.701068e-09,1.257710e-09,6.154578e-13,2.962427e-10,9.208925e-13,1.323708e-11,5.931835e-14,2.065143e-13,2.608388e-13,7.666282e-09,1.127595e-12
47.705078,7.624432e-12,1.124842e-10,1.611946e-08,2.343371e-08,2.684009e-13,5.443401e-10,6.934792e-12,1.280993e-10,2.898291e-10,1.061592e-08,5.103056e-10,6.768585e-10,4.324902e-10,2.779292e-10,1.402034e-09,6.272667e-10,8.271030e-13,2.585865e-10,5.061249e-13,5.738839e-12,5.295393e-13,4.190193e-13,2.337267e-13,4.357969e-09,2.980066e-13
47.753906,7.124222e-12,9.551871e-11,1.746812e-08,2.113396e-08,5.352436e-13,5.175057e-10,1.758348e-11,2.910599e-10,2.084915e-10,6.185809e-09,2.796083e-10,5.694515e-10,5.285242e-10,6.491057e-10,3.420774e-10,6.085443e-10,1.183098e-12,3.964810e-11,8.767428e-13,1.352249e-11,5.644421e-13,7.702244e-13,3.630769e-13,3.557672e-09,8.454796e-13
47.802734,7.012886e-12,8.038434e-11,1.777259e-08,1.861256e-08,1.026689e-12,4.835402e-10,3.131891e-11,4.327397e-10,1.628087e-10,2.346259e-09,1.930756e-10,6.096976e-10,7.288651e-10,6.073501e-10,9.570732e-10,8.597568e-10,6.295904e-13,2.416514e-10,1.246997e-12,3.244071e-11,7.363360e-13,2.401065e-13,8.460891e-13,5.609289e-09,1.000306e-13
47.851562,5.458958e-12,6.602890e-11,1.940962e-08,1.845274e-08,8.554007e-13,4.600784e-10,3.819582e-11,4.036122e-10,2.650509e-10,1.385193e-09,3.821153e-10,4.704412e-10,8.847674e-10,3.753774e-10,1.897926e-09,1.150746e-09,1.154285e-12,1.974927e-10,1.232600e-12,2.749050e-11,2.597901e-13,1.571125e-13,5.021755e-13,6.661552e-09,2.403092e-13
47.900391,4.243982e-12,5.833464e-11,2.253949e-08,2.323495e-08,3.922226e-13,4.100496e-10,4.043591e-11,3.356438e-10,2.618341e-10,4.738483e-09,3.578341e-10,3.547449e-10,1.023876e-09,2.350238e-10,1.997208e-09,4.244361e-10,7.023347e-13,2.999646e-10,3.994889e-13,1.740427e-11,2.245377e-13,5.205871e-13,6.549206e-13,1.701492e-09,5.105968e-13
47.949219,2.737804e-12,5.373933e-11,2.494190e-08,3.075033e-08,9.247556e-13,2.797994e-10,3.705575e-11,2.840557e-10,1.402450e-10,7.178893e-09,3.154175e-10,4.742149e-10,1.029108e-09,4.306262e-10,1.504349e-09,1.074218e-09,1.871207e-13,3.824059e-10,4.315923e-13,2.414465e-11,1.586797e-13,4.479242e-13,5.651574e-13,3.583577e-09,5.607909e-13
47.998047,3.842686e-12,4.938533e-11,2.501236e-08,3.557325e-08,8.186937e-13,1.083005e-10,3.252473e-11,1.205590e-10,2.739388e-10,7.733484e-09,4.402070e-10,2.999733e-10,7.420512e-10,2.709957e-10,1.432978e-09,1.382640e-09,5.526273e-13,1.827542e-10,6.730556e-13,1.625169e-11,3.932557e-13,2.145104e-13,7.862003e-13,8.611409e-09,4.625543e-13
48.046875,5.836651e-12,4.256313e-11,2.305723e-08,3.420596e-08,3.287114e-13,8.595422e-11,2.733884e-11,1.189181e-10,4.227127e-10,6.800194e-09,5.355736e-10,8.123320e-10,2.850327e-10,2.967402e-10,1.354540e-09,1.284154e-09,7.397101e-13,3.932503e-10,4.556240e-13,2.563368e-11,2.872147e-13,5.451542e-13,4.449261e-13,9.146642e-09,1.873025e-12
48.095703,8.424012e-12,3.484783e-11,2.060156e-08,2.704203e-08,3.132311e-13,1.252866e-10,1.892263e-11,2.766229e-10,3.854632e-10,5.302482e-09,4.862149e-10,1.334007e-09,5.598020e-10,6.289850e-10,7.578927e-10,4.084909e-10,3.845140e-13,3.390058e-10,9.412942e-13,2.489384e-11,2.094720e-13,7.740753e-13,1.036688e-12,1.173758e-08,3.857725e-13
48.144531,8.511050e-12,2.689632e-11,1.894238e-08,1.891048e-08,3.257953e-13,1.578839e-10,1.102905e-11,2.891659e-10,2.039405e-10,4.241388e-09,3.039527e-10,1.501844e-09,8.256967e-10,6.347058e-10,7.065448e-11,1.774230e-09,4.122882e-13,5.842779e-10,4.668957e-13,3.738513e-11,3.281340e-13,2.656055e-13,1.073914e-12,5.781023e-09,5.749023e-13
48.193359,1.037325e-11,1.805275e-11,1.922010e-08,1.719065e-08,7.389414e-13,2.724262e-10,1.055799e-11,1.897384e-10,3.248015e-11,2.703173e-09,2.989082e-10,1.623719e-09,5.382911e-10,4.309141e-10,5.213152e-10,9.614659e-10,1.016046e-12,5.696249e-10,1.249695e-12,2.120290e-11,3.317938e-13,3.573397e-13,4.354896e-13,4.762916e-09,6.307839e-13
48.242188,1.074469e-11,1.506528e-11,2.308708e-08,1.996468e-08,1.145857e-12,3.616647e-10,1.457941e-11,5.190721e-11,1.065799e-10,9.185983e-10,4.764683e-10,1.324773e-09,4.473374e-10,3.914036e-10,8.692189e-10,1.840216e-09,5.629278e-13,3.829022e-10,9.373141e-13,1.875822e-11,8.998558e-13,1.943027e-13,5.462091e-13,9.420991e-09,3.138935e-13
48.291016,1.091559e-11,2.367502e-11,2.989586e-08,2.014952e-08,1.086941e-12,3.571137e-10,1.307692e-11,1.000647e-10,1.420387e-10,2.588769e-09,4.882895e-10,7.479142e-10,3.482256e-10,1.691273e-10,1.074216e-09,2.756241e-09,2.831063e-13,1.568403e-10,1.248985e-12,2.784348e-11,3.074609e-13,6.974305e-13,4.027772e-13,7.803743e-09,1.018864e-12
48.339844,1.197110e-11,3.655907e-11,3.628671e-08,1.755882e-08,5.595264e-13,3.143375e-10,7.813929e-12,1.688418e-10,1.416418e-10,2.288801e-09,3.711772e-10,1.650711e-10,7.460707e-11,4.185641e-10,8.036758e-10,2.824688e-09,7.526107e-13,9.719827e-11,5.110655e-13,2.141528e-11,4.540959e-13,4.361832e-13,6.028586e-13,4.843210e-09,6.835878e-13
48.388672,9.878131e-12,4.863356e-11,3.927320e-08,1.989450e-08,1.120910e-12,3.423193e-10,8.924069e-12,1.943274e-10,1.320919e-10,8.068634e-10,2.707304e-10,3.762422e-10,5.035716e-10,4.496650e-10,4.407761e-10,1.840905e-09,1.133629e-12,2.979515e-10,6.422025e-13,1.852115e-11,6.584412e-13,6.073745e-13,5.270199e-13,3.941199e-09,4.086450e-13
48.437500,7.651606e-12,5.695774e-11,3.798011e-08,3.095166e-08,7.632107e-13,4.080902e-10,1.816048e-11,2.162909e-10,1.327249e-10,3.370777e-09,1.702938e-10,3.773129e-10,9.591920e-10,3.936292e-10,4.242904e-10,2.970136e-10,4.624133e-14,3.062081e-10,7.674721e-13,2.054101e-11,6.678662e-13,1.250218e-13,1.899660e-13,4.294386e-09,3.367096e-13
48.486328,4.998894e-12,6.076489e-11,3.374476e-08,4.333587e-08,2.935320e-13,4.314604e-10,2.445004e-11,2.231738e-10,1.209962e-10,5.003388e-09,2.518663e-11,2.382000e-10,1.075577e-09,2.836350e-10,9.271678e-10,5.893539e-10,3.716699e-13,3.523608e-10,5.885311e-13,1.342890e-11,3.456502e-13,1.186680e-13,3.752609e-13,4.060763e-09,6.506322e-13
48.535156,1.738945e-12,6.206380e-11,2.875047e-08,5.062155e-08,1.638173e-12,3.997659e-10,2.617436e-11,1.984316e-10,9.065257e-11,5.141380e-09,1.144544e-10,6.161618e-10,7.304051e-10,1.219409e-10,1.029542e-09,4.980304e-10,4.865335e-13,2.772655e-10,4.557467e-13,5.671124e-12,3.701304e-13,2.664688e-13,5.311558e-13,3.216125e-09,4.352494e-13
48.583984,5.431996e-13,6.258971e-11,2.391992e-08,4.972243e-08,6.599723e-13,3.375828e-10,2.895764e-11,1.290974e-10,6.826077e-11,4.338084e-09,1.853117e-10,6.189295e-10,3.859042e-10,3.901451e-10,9.877345e-10,2.529414e-09,3.626605e-13,1.734228e-10,4.247581e-13,1.499932e-11,1.226379e-12,4.473706e-13,5.547522e-13,2.677656e-09,1.798747e-12
48.632812,4.517986e-12,6.472263e-11,1.854431e-08,4.178558e-08,5.343857e-13,2.681855e-10,3.425306e-11,4.091562e-11,2.535353e-10,3.497205e-09,2.159906e-10,7.068940e-10,2.752137e-10,4.225254e-10,7.201198e-10,2.349207e-09,1.217231e-12,1.648104e-10,1.257780e-12,1.699481e-11,3.785948e-13,8.077251e-14,5.416900e-13,4.673560e-09,1.034751e-12
48.681641,5.236341e-12,7.051347e-11,1.278283e-08,3.214460e-08,1.935092e-12,2.118272e-10,4.079788e-11,1.451286e-10,4.607846e-10,2.354348e-09,2.714968e-10,8.623608e-10,4.600922e-10,4.886463e-10,1.159375e-09,2.752939e-09,3.283562e-13,1.930433e-10,8.794309e-13,2.153690e-11,3.999655e-13,6.198158e-13,2.688437e-13,4.530666e-09,1.835184e-13
48.730469,7.809244e-12,7.593651e-11,1.117945e-08,2.593413e-08,1.404411e-12,1.911889e-10,4.394908e-11,2.815395e-10,5.601561e-10,7.393077e-10,3.754394e-10,9.583392e-10,4.346128e-10,6.758177e-10,1.358708e-09,2.577868e-09,1.420030e-12,1.195140e-10,6.341988e-13,9.232652e-12,3.139021e-13,5.076814e-13,3.957773e-13,4.348099e-09,1.023366e-12
48.779297,7.966602e-12,7.867360e-11,1.642183e-08,2.150850e-08,5.198280e-13,1.963789e-10,4.316806e-11,3.853622e-10,5.382680e-10,3.599590e-09,4.723560e-10,7.192249e-10,8.718652e-11,8.623000e-10,8.591142e-10,2.027422e-09,1.135869e-13,1.670289e-10,2.256253e-13,9.003518e-12,3.754178e-13,7.766182e-13,8.221292e-13,5.668519e-09,6.673597e-13
48.828125,8.234143e-12,7.345244e-11,2.231004e-08,1.894993e-08,1.291168e-12,2.125239e-10,3.824755e-11,4.632064e-10,5.012747e-10,5.327782e-09,4.958379e-10,2.446494e-10,2.226857e-10,9.165398e-10,5.677709e-10,7.983415e-10,3.173703e-13,2.395631e-10,5.678524e-13,1.791379e-11,1.042338e-12,2.932223e-13,1.646518e-13,1.114732e-08,8.085693e-13
48.876953,6.604611e-12,5.681091e-11,2.517205e-08,2.705993e-08,1.181819e-12,2.451678e-10,3.212631e-11,5.407158e-10,5.450136e-10,5.567974e-09,4.009920e-10,4.803287e-10,1.623303e-10,7.295634e-10,1.186654e-10,1.184702e-09,6.440397e-13,3.651171e-10,3.885256e-13,2.244993e-11,2.277366e-13,9.982694e-14,8.589870e-13,7.812052e-09,2.632078e-13
48.925781,5.905289e-12,3.452994e-11,2.422143e-08,3.892548e-08,1.222270e-12,2.945939e-10,2.571269e-11,5.486955e-10,5.897509e-10,7.376607e-09,2.023492e-10,4.895831e-10,2.088013e-10,4.265721e-10,3.952796e-10,6.215529e-10,1.080576e-12,4.040961e-10,5.480386e-13,4.363826e-12,1.355893e-13,2.868156e-13,3.413890e-13,1.914802e-09,2.565438e-13
48.974609,3.685195e-12,1.852280e-11,2.129511e-08,4.273918e-08,8.099126e-13,3.328650e-10,2.241236e-11,4.381481e-10,5.506429e-10,9.383175e-09,1.320353e-10,3.246282e-10,2.869452e-10,2.392395e-10,5.528668e-10,3.706629e-10,8.249785e-13,2.956290e-10,6.334329e-13,1.443619e-11,3.768367e-13,3.000816e-14,7.344070e-13,4.271643e-09,4.703583e-13
49.023438,3.169825e-12,2.485412e-11,2.086042e-08,3.411207e-08,1.346830e-12,3.407876e-10,2.425808e-11,3.323276e-10,4.976578e-10,8.565418e-09,3.129827e-10,2.584713e-10,4.042591e-10,5.516194e-11,5.384747e-10,9.754809e-10,2.523798e-13,6.580807e-11,4.813626e-13,1.100550e-11,3.416996e-13,1.490949e-13,6.670853e-13,5.062738e-09,4.169727e-13
49.072266,3.871240e-12,3.640332e-11,2.500185e-08,1.887508e-08,1.084307e-12,3.168963e-10,3.478311e-11,3.329428e-10,4.751387e-10,5.943245e-09,4.843227e-10,4.638115e-10,3.505944e-10,2.217167e-10,1.093707e-09,1.541754e-09,7.274243e-13,2.182318e-10,5.746535e-13,1.454518e-11,4.341094e-13,3.413168e-13,1.765222e-13,5.273281e-09,2.326362e-13
49.121094,5.274896e-12,4.006610e-11,2.986175e-08,2.140870e-08,8.139880e-13,2.740051e-10,4.890691e-11,3.312334e-10,3.708000e-10,5.117630e-09,6.126827e-10,8.634810e-10,2.801928e-10,3.536529e-10,1.310509e-09,1.776524e-09,6.697049e-13,2.861346e-10,2.353652e-13,1.315204e-11,7.937669e-13,3.931824e-13,4.117325e-13,8.436869e-10,5.190700e-13
49.169922,4.949047e-12,3.441619e-11,3.158963e-08,3.481081e-08,9.306506e-13,2.237696e-10,5.921444e-11,2.899427e-10,1.515519e-10,4.937544e-09,5.480483e-10,1.085125e-09,4.999649e-10,3.602200e-10,6.961451e-10,2.948282e-09,9.080365e-13,4.485434e-10,2.941194e-13,9.119064e-12,1.218364e-12,2.023541e-13,3.996128e-13,5.179069e-09,8.641129e-13
49.218750,6.889713e-12,2.518614e-11,2.877727e-08,3.993110e-08,1.161520e-13,1.741958e-10,6.156061e-11,2.393777e-10,9.610282e-11,2.658834e-09,3.116447e-10,8.084355e-10,6.173389e-10,2.314947e-10,5.982610e-10,3.666218e-09,3.542780e-13,4.396297e-10,1.163828e-12,8.053578e-12,9.216953e-13,4.885423e-13,3.963546e-13,3.453813e-09,5.812948e-13
49.267578,6.975061e-12,1.648597e-11,2.196784e-08,3.820612e-08,6.717608e-13,1.301458e-10,5.853812e-11,3.064952e-10,2.718904e-10,2.572942e-09,3.352873e-10,4.410410e-10,4.297624e-10,4.338339e-10,1.075326e-09,2.757618e-09,8.957205e-13,2.572826e-10,5.643726e-13,1.619316e-11,2.819739e-13,6.975027e-13,6.802276e-13,3.463462e-09,8.395683e-13
49.316406,4.938954e-12,8.534890e-12,1.325113e-08,3.916173e-08,1.014001e-12,1.003489e-10,5.015901e-11,4.118138e-10,3.111458e-10,6.907724e-09,4.495318e-10,5.859059e-10,1.046014e-10,8.713845e-10,7.517503e-10,1.885716e-09,5.669781e-13,3.396201e-10,4.717104e-13,1.026837e-11,5.457936e-13,5.932794e-13,4.271625e-13,7.906911e-09,2.068115e-13
49.365234,4.160570e-12,4.055397e-12,7.985741e-09,4.484550e-08,1.431265e-12,7.411031e-11,3.902632e-11,3.981533e-10,2.107061e-10,8.996653e-09,4.768309e-10,7.795363e-10,4.098563e-10,1.125024e-09,6.549537e-10,7.012005e-10,8.565195e-13,3.068224e-10,1.463865e-13,3.273947e-12,7.042427e-13,3.160235e-13,4.795196e-13,2.875508e-09,5.923737e-13
49.414062,2.608249e-12,1.668119e-13,1.178484e-08,4.742375e-08,3.458078e-13,3.801894e-11,2.763159e-11,2.657418e-10,1.066303e-10,7.413109e-09,4.937023e-10,8.091665e-10,5.449203e-10,1.050684e-09,9.374001e-10,2.738698e-10,5.390680e-13,3.381724e-10,5.182508e-13,1.066299e-11,5.553137e-13,2.159902e-13,8.271327e-13,6.524045e-09,6.601064e-13
49.462891,7.124093e-13,6.348383e-12,1.592450e-08,4.366434e-08,4.278401e-13,6.565203e-11,2.383306e-11,7.154801e-11,2.035107e-10,3.424549e-09,4.465267e-10,6.452704e-10,5.389780e-10,1.012270e-09,7.304773e-10,6.051883e-10,6.012174e-13,2.199572e-10,2.198793e-13,1.667792e-11,3.420123e-14,8.114659e-14,3.953933e-13,4.983718e-09,3.928024e-13
49.511719,6.055560e-13,1.743359e-11,1.623051e-08,3.869027e-08,3.686274e-13,1.504685e-10,2.458399e-11,1.715277e-10,2.573843e-10,2.151619e-09,4.219714e-10,5.307299e-10,4.301974e-10,9.006284e-10,5.364106e-10,1.593767e-10,2.910807e-13,4.744894e-11,6.341917e-13,9.977737e-12,5.975316e-13,3.592690e-13,7.926968e-13,3.231559e-09,7.083759e-13
